[Format]      =  4.0
[Frequency]   =  20000
[Precision]   =  1e-008
[MinAngle]    =  30
[DoSmartMesh] =  1
[Depth]       =  25
[LengthUnits] =  millimeters
[ProblemType] =  planar
[Coordinates] =  cartesian
[ACSolver]    =  0
[PrevType]    =  0
[PrevSoln]    =  ""
[Comment]     =  "Add comments here."
[PointProps]   = 0
[BdryProps]   = 0
[BlockProps]  = 4
  <BeginBlock>
    <BlockName> = "30 AWG"
    <Mu_x> = 1
    <Mu_y> = 1
    <H_c> = 0
    <H_cAngle> = 0
    <J_re> = 0
    <J_im> = 0
    <Sigma> = 58
    <d_lam> = 0
    <Phi_h> = 0
    <Phi_hx> = 0
    <Phi_hy> = 0
    <LamType> = 3
    <LamFill> = 1
    <NStrands> = 1
    <WireD> = 0.25472427515370799
    <BHPoints> = 0
  <EndBlock>
  <BeginBlock>
    <BlockName> = "Air"
    <Mu_x> = 1
    <Mu_y> = 1
    <H_c> = 0
    <H_cAngle> = 0
    <J_re> = 0
    <J_im> = 0
    <Sigma> = 0
    <d_lam> = 0
    <Phi_h> = 0
    <Phi_hx> = 0
    <Phi_hy> = 0
    <LamType> = 0
    <LamFill> = 1
    <NStrands> = 0
    <WireD> = 0
    <BHPoints> = 0
  <EndBlock>
  <BeginBlock>
    <BlockName> = "1018 Steel"
    <Mu_x> = 529
    <Mu_y> = 529
    <H_c> = 0
    <H_cAngle> = 0
    <J_re> = 0
    <J_im> = 0
    <Sigma> = 5.7999999999999998
    <d_lam> = 0
    <Phi_h> = 20
    <Phi_hx> = 0
    <Phi_hy> = 0
    <LamType> = 0
    <LamFill> = 1
    <NStrands> = 0
    <WireD> = 0
    <BHPoints> = 13
      0	0
      0.25030000000000002	238.73249999999999
      0.92500000000000004	795.77499999999998
      1.25	1591.55
      1.3899999999999999	2387.3249999999998
      1.5249999999999999	3978.875
      1.71	7957.75
      1.8700000000000001	15915.5
      1.9550000000000001	23873.25
      2.02	39788.75
      2.1099999999999999	79577.5
      2.2250000000000001	159155
      2.4300000000000002	318310
  <EndBlock>
  <BeginBlock>
    <BlockName> = "18 AWG"
    <Mu_x> = 1
    <Mu_y> = 1
    <H_c> = 0
    <H_cAngle> = 0
    <J_re> = 0
    <J_im> = 0
    <Sigma> = 58
    <d_lam> = 0
    <Phi_h> = 0
    <Phi_hx> = 0
    <Phi_hy> = 0
    <LamType> = 3
    <LamFill> = 0.69837000000000005
    <NStrands> = 1
    <WireD> = 1.0239652968433499
    <BHPoints> = 0
  <EndBlock>
[CircuitProps]  = 2
  <BeginCircuit>
    <CircuitName> = "New Circuit"
    <TotalAmps_re> = 5
    <TotalAmps_im> = 0
    <CircuitType> = 1
  <EndCircuit>
  <BeginCircuit>
    <CircuitName> = "Receiver"
    <TotalAmps_re> = 0
    <TotalAmps_im> = 0
    <CircuitType> = 1
  <EndCircuit>
[NumPoints] = 33
0	0	0	0
-68.25	0	0	0
68.25	0	0	0
-9.5	20.600000000000001	0	0
9.5	20.600000000000001	0	0
-9.5	99.200000000000003	0	0
9.5	99.200000000000003	0	0
-34.350000000000001	113.5	0	0
34.350000000000001	113.5	0	0
-34.350000000000001	142.90000000000001	0	0
34.350000000000001	142.90000000000001	0	0
-43.996733585128702	133.9083123748733	0	1
-53.922195101541924	132.68961894082182	0	1
-40.95000000000001	109.09465858384026	0	1
-50.875461516413232	107.87596514978877	0	1
-113.47496420002123	125.37745833651299	0	1
-123.40042571643447	124.1587649024615	0	1
-110.42823061489254	100.56380454547993	0	1
-120.35369213130578	99.345111111428437	0	1
40.95000000000001	106.26723279179056	0	2
50.91194698091747	105.39567536431396	0	2
43.128893568691488	131.17210024408419	0	2
53.090840549608949	130.30054281660759	0	2
110.6836288664222	100.16633079945443	0	2
120.64557584733964	99.294773371977826	0	2
112.86252243511368	125.07119825174807	0	2
122.82446941603112	124.19964082427147	0	2
-200	0	0	0
200	0	0	0
-200	400	0	0
200	400	0	0
75.202530917935306	115.87616826717915	0	0
-75.531424192258072	115.66611479938746	0	0
[NumSegments] = 32
1	3	-1	0	0	0
4	2	-1	0	0	0
0	2	-1	0	0	0
0	1	-1	0	0	0
3	5	-1	0	0	0
6	4	-1	0	0	0
6	8	-1	0	0	0
5	7	-1	0	0	0
9	7	-1	0	0	0
10	8	-1	0	0	0
9	10	-1	0	0	0
17	15	-1	0	0	1
15	16	-1	0	0	1
17	18	-1	0	0	1
18	16	-1	0	0	1
13	11	-1	0	0	1
11	12	-1	0	0	1
13	14	-1	0	0	1
14	12	-1	0	0	1
19	21	-1	0	0	2
21	22	-1	0	0	2
20	22	-1	0	0	2
19	20	-1	0	0	2
23	24	-1	0	0	2
25	26	-1	0	0	2
24	26	-1	0	0	2
23	25	-1	0	0	2
28	2	-1	0	0	0
1	27	-1	0	0	0
29	30	-1	0	0	0
30	28	-1	0	0	0
29	27	-1	0	0	0
[NumArcSegments] = 0
[NumHoles] = 0
[NumBlockLabels] = 6
0	120	3	-1	0	0	0	1	0
-168	198	2	-1	0	0	0	1	0
47.020420274804479	118.28388780419908	4	-1	1	0	2	400	0
116.75404914122666	112.18298581186295	4	-1	1	0	2	-400	0
-47.436097550770967	120.89213876233104	4	-1	2	0	1	400	0
-116.91432816566351	112.36128472397071	4	-1	2	0	1	-400	0
[Solution]
6989
-200	0	-4.5130249427677978e-005	2.8982003044507099e-006	-1	
-199.85334029154828	0	-4.5130206269917118e-005	2.8981996307714871e-006	-1	
-200	0.14665970845174076	-4.513029258721983e-005	2.8982009796856189e-006	-1	
-199.33983763302052	0	-4.5129399956568598e-005	2.8981870354975909e-006	-1	
-199.69149057867341	0.30850942132661752	-4.5130224615230986e-005	2.8981999169077891e-006	-1	
-200	0.53699826370867099	-4.5130788475384521e-005	2.8982087232684426e-006	-1	
-198.8263349744928	0	-4.5127572984265995e-005	2.8981585007973039e-006	-1	
-199.25620305563882	0.45000011187513744	-4.5129555463336501e-005	2.8981894643653528e-006	-1	
-199.61658671921455	0.73216754133713602	-4.5130966897826104e-005	2.8982115090636653e-006	-1	
-200	0.92733681896560116	-4.5131861172024139e-005	2.8982254767334104e-006	-1	
-197.7993296574374	0	-4.5120489869970944e-005	2.8980478834342456e-006	-1	
-198.65953629545416	0.58965488014713707	-4.5127380543153023e-005	2.8981554936283653e-006	-1	
-199.13133639245922	0.98070391220882625	-4.5130672726990755e-005	2.8982069117585936e-006	-1	
-199.5599252876147	1.3176753742225311	-4.5133203069810468e-005	2.89824643427155e-006	-1	
-200	1.7080139294794616	-4.5135860041307317e-005	2.8982879366800765e-006	-1	
-196.77232434038194	0	-4.5109154106491502e-005	2.897870877164844e-006	-1	
-197.90053204817113	0.77463820952080265	-4.5122650775345653e-005	2.8980816220397939e-006	-1	
-198.56880232234053	1.179262875354951	-4.512909160593541e-005	2.8981822102072771e-006	-1	
-198.98927578143989	1.6024322410739071	-4.5133509461044433e-005	2.8982512143809498e-006	-1	
-199.15402622666073	2.218536633945833	-4.5138789809858296e-005	2.8983336956202761e-006	-1	
-200	3.2693681505071823	-4.5151568307121071e-005	2.8985333436971854e-006	-1	
-195.74531902332652	0	-4.5094671154346365e-005	2.8976447746360658e-006	-1	
-196.25882168185422	1.6468781264128098	-4.5107851268256969e-005	2.8978504566202874e-006	-1	
-198.10045602939073	2.0651074973092416	-4.5131625371662392e-005	2.8982217452224478e-006	-1	
-198.40177126646068	3.6900829223004319	-4.5152383147056133e-005	2.8985460121166224e-006	-1	
-200	4.830722371534903	-4.5176025712972796e-005	2.8989155450428212e-006	-1	
-193.69130838921564	0	-4.5053547593802629e-005	2.8970031827778764e-006	-1	
-194.71831370627103	1.223719108350658	-4.5078543832468124e-005	2.8973929931683214e-006	-1	
-196.89033369537449	3.1299213236014132	-4.5130393002736436e-005	2.8982022834281336e-006	-1	
-194.19640947330478	3.4010754184644032	-4.5086171666211507e-005	2.897511228121943e-006	-1	
-198.23669305328039	5.611399482048764	-4.5185342127231658e-005	2.8990609877259364e-006	-1	
-200	6.3920765925626233	-4.5208970292942677e-005	2.8994306026398343e-006	-1	
-191.6372977551047	0	-4.4998049660663391e-005	2.8961382352360948e-006	-1	
-192.68480632923277	1.8875223408451163	-4.5034402083130228e-005	2.8967042061280616e-006	-1	
-195.75345961901135	5.3527294182168337	-4.5151813638529586e-005	2.8985359750582594e-006	-1	
-191.41042669830236	4.6718645691692107	-4.5029876559862298e-005	2.896629755183771e-006	-1	
-198.25426447896541	7.9534308135903453	-4.5246457324542446e-005	2.9000166911794218e-006	-1	
-200	9.5147850346180647	-4.5304876735454369e-005	2.9009323216511433e-006	-1	
-187.52927648688294	0	-4.4836808461468319e-005	2.8936329002894354e-006	-1	
-189.80305291781704	2.2523678274642531	-4.4942930856822542e-005	2.8952793298676679e-006	-1	
-195.07350263614953	8.5092917554533294	-4.5220673636122575e-005	2.8996091732017098e-006	-1	
-188.6969365321327	4.7308791020629082	-4.4930831280792918e-005	2.895085402927218e-006	-1	
-190.11515225208962	7.5277937436060824	-4.5052496457821401e-005	2.8969730120584807e-006	-1	
-197.03246184913945	11.076139255645787	-4.53491016651404e-005	2.9016232790488418e-006	-1	
-200	12.637493476673507	-4.543687366539499e-005	2.9030037962293212e-006	-1	
-183.42125521866117	0	-4.4607901453688634e-005	2.8900926745594847e-006	-1	
-186.24199319197254	3.5733970099357015	-4.4797555318345817e-005	2.8930180888470275e-006	-1	
-191.93685457348644	12.934049853903087	-4.5316825943713357e-005	2.9010915994784018e-006	-1	
-186.98767543909614	7.2976717659516366	-4.4912343436773161e-005	2.8947822877157196e-006	-1	
-188.27586277887846	11.157614407234366	-4.5105826025251715e-005	2.897780455574273e-006	-1	
-196.4624856316793	15.760201918728951	-4.5586356401198789e-005	2.9053510516843626e-006	-1	
-200	18.88291036078439	-4.5811830222488941e-005	2.908914958395777e-006	-1	
-175.20521268221765	0	-4.397133834290752e-005	2.8803349034024532e-006	-1	
-180.6426874039494	6.6312903997656525	-4.4495862810080523e-005	2.8883258418843269e-006	-1	
-194.09642935695609	22.00561880283983	-4.5977407448655243e-005	2.9114981997800741e-006	-1	
-187.25771453430883	17.916500185923255	-4.5431871925413868e-005	2.9028062919126653e-006	-1	
-183.43022844664205	10.629832702295468	-4.4824675203511744e-005	2.8933681494727855e-006	-1	
-200	25.128327244895274	-4.6328580470040667e-005	2.9171251891768547e-006	-1	
-166.98917014577412	0	-4.3072374541976396e-005	2.866822278404769e-006	-1	
-173.92080734799885	6.5981114922317667	-4.3927608733322058e-005	2.87958964645716e-006	-1	
-175.62450294686096	13.100587453964227	-4.4328851960226813e-005	2.8855336010227966e-006	-1	
-193.81402361890423	29.681304780285895	-4.6716233188435614e-005	2.923263775800555e-006	-1	
-187.19678326739248	25.781556281270628	-4.6074201391515199e-005	2.9128598466360056e-006	-1	
-183.95747759768108	21.823697033715643	-4.5548989348287314e-005	2.9045086337019444e-006	-1	
-181.44255755133906	16.352074183609378	-4.4988868860198602e-005	2.8957908911312774e-006	-1	
-200	31.373744129006155	-4.6990110402618582e-005	2.9277347554737137e-006	-1	
-163.67134253275472	4.5643042925190809	-4.2683971598787208e-005	2.8610039327023467e-006	-1	
-158.77312760933057	0	-4.1916380599744324e-005	2.8499899616094713e-006	-1	
-167.43214978659569	8.7711062303192548	-4.3261797598347765e-005	2.8694440622037482e-006	-1	
-170.42760719393777	13.018655319177578	-4.3802863133717235e-005	2.8773825162030197e-006	-1	
-172.95707024148192	17.43527893962926	-4.4329265733115967e-005	2.8852362792559462e-006	-1	
-185.67406651186053	32.050324291128376	-4.6686531197261545e-005	2.9224908542677438e-006	-1	
-191.42981668785174	36.658130148292393	-4.7527375379864488e-005	2.9362845361874124e-006	-1	
-181.35808623184141	27.255698872862641	-4.5887428473121868e-005	2.909596689656973e-006	-1	
-178.8431661854994	21.784076022756377	-4.5174848751776914e-005	2.8984230816060405e-006	-1	
-200	37.619161013117036	-4.7796961736956953e-005	2.9407975177608237e-006	-1	
-161.89915563093354	9.9215617372790064	-4.2571672040162807e-005	2.8589944934439311e-006	-1	
-155.97863995005414	7.9595453318582088	-4.1584876464954643e-005	2.844850076915681e-006	-1	
-154.65357323506888	3.0359113750338529	-4.1262307947836921e-005	2.8406593723672851e-006	-1	
-150.55708507288705	0	-4.0512002961089261e-005	2.8303876044980464e-006	-1	
-161.87653864297025	15.572850145415766	-4.2848553287344136e-005	2.8624582805854869e-006	-1	
-167.86852999141553	17.542543272364821	-4.3758192335558074e-005	2.876223563116828e-006	-1	
-172.8559656575913	22.693239041330663	-4.4714980494791748e-005	2.890792215317286e-006	-1	
-178.88413153031445	33.822551608636196	-4.6450275500000909e-005	2.9181306336749062e-006	-1	
-184.25187155301828	38.342659324964174	-4.7431469389125591e-005	2.9343350089398686e-006	-1	
-188.79412952443198	41.562437960627001	-4.8144008448422414e-005	2.9462095734651856e-006	-1	
-194.6376410501195	41.542481494400555	-4.8316460457510807e-005	2.9492176456881393e-006	-1	
-171.32647885210525	28.552745647485324	-4.5132068909097762e-005	2.8967047786861762e-006	-1	
-200	43.864577897227917	-4.8742007392581151e-005	2.9562458901645539e-006	-1	
-157.2192873932126	13.089590379456357	-4.1994457648085929e-005	2.8500331135069932e-006	-1	
-151.40677150225352	6.9673553397550796	-4.0752091737009033e-005	2.8332580843722841e-006	-1	
-152.45848706067429	11.525898579497381	-4.1113169377628301e-005	2.8375007148516516e-006	-1	
-142.34104253644352	0	-3.8818614529018432e-005	2.8082829753337077e-006	-1	
-146.73201815841924	7.1492983493345141	-3.9847809719243736e-005	2.8209383028323113e-006	-1	
-162.15524346605909	21.87411787149917	-4.3338669506555539e-005	2.8687939875546358e-006	-1	
-156.89479814879601	21.951826471066504	-4.2541719968458005e-005	2.8561461126912137e-006	-1	
-154.2114401817247	17.42657359604209	-4.1754225045131273e-005	2.845414744089135e-006	-1	
-167.13337425207092	24.67442433331879	-4.4242412303984303e-005	2.8827589554857438e-006	-1	
-178.29618646576253	39.967967018334591	-4.7259087153501141e-005	2.9309396034720612e-006	-1	
-171.59232583332391	36.225761615207979	-4.6089181583527313e-005	2.9112360338092065e-006	-1	
-182.26949596190138	45.953121122072552	-4.8515612712124309e-005	2.9518827440913798e-006	-1	
-190.06619976551073	46.982854848957984	-4.9094130590134018e-005	2.9618823247584983e-006	-1	
-195.49864973821562	46.906804416562458	-4.9222935782115531e-005	2.9641289146800863e-006	-1	
-165.90539989490566	32.581683151973522	-4.4958587871698084e-005	2.8926472705584469e-006	-1	
-200	50.109994781338806	-4.9850031056989126e-005	2.9745112452265895e-006	-1	
-148.82957963892517	14.98152916969798	-4.0604775048055635e-005	2.8293435329986837e-006	-1	
-134.125	0	-3.6877329033937696e-005	2.7850858629351731e-006	-1	
-138.0764920331923	7.3994422455215769	-3.7950181983242902e-005	2.7965504383673904e-006	-1	
-142.87376046468455	14.280739392818704	-3.9330944576592166e-005	2.811920683677719e-006	-1	
-162.36099255718557	27.812556797232748	-4.3933599146348055e-005	2.8767928272889192e-006	-1	
-157.42699661857094	26.934929038190393	-4.3096015383815331e-005	2.8632392757274834e-006	-1	
-150.32599734893901	20.700217759409416	-4.1290949673051731e-005	2.8372143881350414e-006	-1	
-152.73539694152208	25.173271047539924	-4.2122850707327337e-005	2.8481572298797084e-006	-1	
-174.3196782823542	44.690169113117904	-4.7658434440983889e-005	2.9367467117342314e-006	-1	
-166.11114898603213	38.520122077707086	-4.5787200502012116e-005	2.9049771976399337e-006	-1	
-168.65616601733416	43.679543030270217	-4.6894402789043108e-005	2.9231017612510334e-006	-1	
-185.27031257349969	53.263741711278499	-5.0056054927323354e-005	2.9777191193421521e-006	-1	
-177.18410381001195	52.31172851340672	-4.9306739506449029e-005	2.9645815097579616e-006	-1	
-192.88265997684462	54.104852634108553	-5.0533105778098078e-005	2.9857912513224349e-006	-1	
-159.15516014357092	32.815558705985609	-4.4042065723330427e-005	2.876635305244722e-006	-1	
-160.4009384916759	38.38974373252897	-4.4987379520164117e-005	2.8904984494486876e-006	-1	
-200	56.355411665449694	-5.1089567333680995e-005	2.9950200487470534e-006	-1	
-145.33509656437954	19.749259572169695	-4.023374769620985e-005	2.8218556276073757e-006	-1	
-125.90895746355649	0	-3.4653804886579744e-005	2.7623275920944632e-006	-1	
-130.38502105107452	4.937089894459735	-3.595435767939345e-005	2.7743361895602485e-006	-1	
-132.61857929913435	10.714071521304854	-3.6720350648199191e-005	2.7804479229487528e-006	-1	
-137.05343195235034	15.72526850506959	-3.8086857312063043e-005	2.7943969351655487e-006	-1	
-153.07028791103554	31.409497884271932	-4.2864749018006616e-005	2.8569696555158385e-006	-1	
-146.97795111080362	24.699405725909653	-4.0993602352173212e-005	2.8304709011376124e-006	-1	
-148.61746907529775	29.331600912994055	-4.1796580433617983e-005	2.8402861915429669e-006	-1	
-170.55127854950351	49.433773162310452	-4.8128387039652136e-005	2.9437204563833675e-006	-1	
-162.90531657241749	43.523123986459943	-4.6140928860765927e-005	2.9089815188772192e-006	-1	
-165.52991191986914	52.82324112835758	-4.817557028024612e-005	2.9429710785769192e-006	-1	
-187.59415455650489	59.816012004496422	-5.1555273694949452e-005	3.0028992939381724e-006	-1	
-180.53939975831506	58.629841707632195	-5.0876865647442967e-005	2.9915466554103485e-006	-1	
-175.28887951708114	60.304137359191259	-5.0831226344225801e-005	2.990745719627014e-006	-1	
-171.52009621494801	56.283254228086967	-4.9582555595613096e-005	2.968576064490016e-006	-1	
-195.1130028864892	59.478120107505141	-5.1719532602965661e-005	3.0054713050725241e-006	-1	
-150.83943601120723	37.600347898895791	-4.3294326830507905e-005	2.8600364137330113e-006	-1	
-155.11224355993187	44.147478675606493	-4.5051196267609288e-005	2.8876202920217942e-006	-1	
-200	62.600828549560575	-5.2471550386071164e-005	3.0178305436792955e-006	-1	
-141.58042844387265	23.743047226135847	-3.9755286875804987e-005	2.8122043751613668e-006	-1	
-136.66635705645936	21.230723900938095	-3.8399478023519459e-005	2.7943928815992544e-006	-1	
-117.69291492711294	0	-3.216170152721971e-005	2.7421336220378969e-006	-1	
-121.80093619533473	4.3316905186737138	-3.3478447150509789e-005	2.7511895550162566e-006	-1	
-126.32793548365713	9.6170851789697256	-3.496055637202847e-005	2.7618484433158853e-006	-1	
-129.91244320927419	16.497877025609778	-3.6325697059644328e-005	2.771203338817731e-006	-1	
-145.6345319536253	33.882933900305794	-4.176838262681324e-005	2.8359863048400114e-006	-1	
-143.73432437854737	28.783742101122325	-4.0754869087319197e-005	2.8235076246134055e-006	-1	
-159.46379922821939	49.514761441666053	-4.6705051065759302e-005	2.9159990707396257e-006	-1	
-166.38766739432151	58.253534412230188	-4.9426072058253608e-005	2.9649163458847412e-006	-1	
-159.96400454334179	55.812995275728156	-4.8026486651889519e-005	2.9379414420467029e-006	-1	
-185.78218732556357	66.527886728547699	-5.30462010290767e-005	3.0282246907086363e-006	-1	
-192.97530772468116	64.869252474339575	-5.292347085309359e-005	3.0254642291039113e-006	-1	
-178.55048130402511	66.983161219301849	-5.2694822983735665e-005	3.0232733590215235e-006	-1	
-171.73679960822042	64.517681835461161	-5.1473554844052173e-005	3.0022767962122581e-006	-1	
-149.30262595071127	43.27113679430127	-4.3881517434501464e-005	2.8655322595214345e-006	-1	
-142.6278247689344	38.418598982603172	-4.1775380690121278e-005	2.8310810643095814e-006	-1	
-150.96100052435412	51.187344317817903	-4.5621231319522811e-005	2.8918619906422282e-006	-1	
-200	68.846245433671456	-5.3992090084786365e-005	3.042698953491468e-006	-1	
-134.57425357467253	29.717324300094383	-3.8759778277464142e-005	2.7902596521618383e-006	-1	
-131.56857837374622	23.345556895054223	-3.7316780011498276e-005	2.776748228005679e-006	-1	
-109.4768723906694	0	-2.9351424541904982e-005	2.7289396083678193e-006	-1	
-115.93778739335036	5.4554643462384611	-3.1643062432008959e-005	2.737096215658776e-006	-1	
-119.4102139478867	10.374876723588248	-3.293328408962224e-005	2.741901818397992e-006	-1	
-122.78524915969396	15.606951027347433	-3.425400166804545e-005	2.7480905082252882e-006	-1	
-124.76697402357885	21.509342980179479	-3.528468210542324e-005	2.751622085687136e-006	-1	
-139.67822919976598	33.198891910585132	-4.0389171739685626e-005	2.8128040133084683e-006	-1	
-163.63791636619231	63.014069979383045	-5.0163188742900419e-005	2.9776506439235256e-006	-1	
-154.27658106357339	58.564570996579839	-4.7724690567472325e-005	2.9289448072203243e-006	-1	
-156.84997092661075	65.222838515071359	-4.9700852669261209e-005	2.966594722436074e-006	-1	
-190.08566564011667	68.764313059092856	-5.3792541756378686e-005	3.0400926335489597e-006	-1	
-183.78088703208468	72.313458246368654	-5.44293105044948e-005	3.0521079050715812e-006	-1	
-194.82480350257518	69.794895737191567	-5.4182634850924222e-005	3.0460046236180572e-006	-1	
-177.66261927428661	72.52521352112781	-5.4065148981513193e-005	3.0478398174020994e-006	-1	
-172.34604620577463	70.726132225799873	-5.3108404615547244e-005	3.0322513273868373e-006	-1	
-166.98842715718607	67.530517136943075	-5.168219442344916e-005	3.0064131693422085e-006	-1	
-144.38238914457759	46.482196063430891	-4.3466212395892873e-005	2.8531001634383668e-006	-1	
-138.05789502660093	41.115827831651245	-4.1176681772460271e-005	2.8158547267510975e-006	-1	
-135.88864578530172	36.547572177964476	-3.9973189167017911e-005	2.8007174665780553e-006	-1	
-146.26786116313843	52.707856043842071	-4.5027640274908173e-005	2.8769813775241671e-006	-1	
-149.81565093157698	56.135785554746825	-4.6423631921796458e-005	2.9030397566561932e-006	-1	
-200	75.091662317782337	-5.5667218201776513e-005	3.0694199672182282e-006	-1	
-128.75175107452861	35.608309316982719	-3.8029288697143548e-005	2.7679419631141564e-006	-1	
-126.18254295008188	29.781043650342937	-3.655789961231749e-005	2.7549959043380058e-006	-1	
-110.32725512313353	6.6235788687516433	-2.9741750099513524e-005	2.7266592414545148e-006	-1	
-106.21036970670887	3.7633945126915274	-2.8169855841234769e-005	2.7259921526528389e-006	-1	
-101.26082985422588	0	-2.6211792677728574e-005	2.7306187959728485e-006	-1	
-113.3925694324255	10.590094753992863	-3.0980800751966164e-005	2.7265196524158231e-006	-1	
-116.55947198035003	15.678803056937594	-3.2327499829638532e-005	2.7283372264624986e-006	-1	
-119.74607077819762	20.493432644775751	-3.3707994345564811e-005	2.7333732308746153e-006	-1	
-118.35985962160997	25.424959978007511	-3.377687577477997e-005	2.7228951374478791e-006	-1	
-162.42233771779715	70.813053461052647	-5.1963422936810577e-005	3.0126554180947616e-006	-1	
-150.14521215650811	60.841552637757687	-4.7529131708850117e-005	2.9215505821075268e-006	-1	
-155.57767162611759	74.743997481412336	-5.2015284101110085e-005	3.0140853401167582e-006	-1	
-149.91907801983362	66.930932555154925	-4.895943393209546e-005	2.9472591478905779e-006	-1	
-191.20340933763239	73.611713847534986	-5.5119291232472673e-005	3.0616139549328599e-006	-1	
-186.63433351549054	77.866973527883914	-5.6126786150688741e-005	3.0792904078819484e-006	-1	
-180.40655481700668	77.421483574691379	-5.5628477901102281e-005	3.0742029864639921e-006	-1	
-196.00917262959194	78.214370759837777	-5.6514135316484419e-005	3.0829382561556889e-006	-1	
-175.17182630703891	77.138091580409437	-5.5135150620981575e-005	3.0684854131692557e-006	-1	
-169.96916947106902	76.493843613685328	-5.4438918141529496e-005	3.05890321035644e-006	-1	
-137.13223635080274	46.341003171285401	-4.1848653473923949e-005	2.8199449653645556e-006	-1	
-140.6510536840772	51.867925606655042	-4.3684383519738012e-005	2.8484683219579554e-006	-1	
-132.78284499947483	40.538637633087404	-3.9808253224986236e-005	2.7907058441726988e-006	-1	
-144.90947907798741	57.450461981879684	-4.575462392241148e-005	2.8853903286094004e-006	-1	
-200	81.337079201893204	-5.7457855988240883e-005	3.0970912698206809e-006	-1	
-125.09127081560133	40.819714099795661	-3.7816741793616372e-005	2.7520768651651372e-006	-1	
-119.20188591291513	35.864468104471278	-3.5350315819021073e-005	2.7201236121400202e-006	-1	
-120.58697660557181	30.407020569887699	-3.501877198720527e-005	2.7291556685111299e-006	-1	
-105.77736506118164	8.7278365779622931	-2.8167849224497998e-005	2.7172276943312012e-006	-1	
-101.85902783067637	6.192180612858432	-2.654447430586797e-005	2.7233981481942218e-006	-1	
-93.044787317782337	0	-2.2669995357790523e-005	2.762657313766591e-006	-1	
-97.152808586004113	4.5938438578812759	-2.4544043650420031e-005	2.7369881538620753e-006	-1	
-110.68512548931355	14.488728587100978	-3.0262497321886891e-005	2.7132059681951566e-006	-1	
-114.70016130173543	21.376801630199893	-3.2181907928704017e-005	2.713021630295612e-006	-1	
-114.9981161527547	29.723757327386274	-3.3200940505981947e-005	2.7019721402275887e-006	-1	
-162.10728464309966	78.189005433724176	-5.3982696485248767e-005	3.0553058245971876e-006	-1	
-145.93625574764999	62.97170295847657	-4.7233773975256911e-005	2.9106660244839039e-006	-1	
-149.2616169058382	76.555453843332089	-5.1446454162442864e-005	2.9994351518118613e-006	-1	
-157.71785573643263	84.125068086387913	-5.5151518484585087e-005	3.0874422677726461e-006	-1	
-152.03433624614004	81.585006993348586	-5.3444858942154631e-005	3.0495093460198989e-006	-1	
-143.64306831711221	68.098072400824577	-4.8044718399708011e-005	2.9204156422074526e-006	-1	
-143.90801842874552	74.476184554616523	-4.9820433037591998e-005	2.9562512060742028e-006	-1	
-191.00683562071444	80.763423994702578	-5.7145983539050472e-005	3.0939034327635692e-006	-1	
-186.42872239487096	83.322540885014263	-5.7744002152450359e-005	3.1055398358167476e-006	-1	
-177.47858770799766	83.017146599856034	-5.7087567210850477e-005	3.1020452111452296e-006	-1	
-195.36371014848697	83.240441720336449	-5.7998581132535325e-005	3.1056413740375349e-006	-1	
-171.53739916330844	85.158808281608543	-5.7210535279034784e-005	3.1115722653889191e-006	-1	
-164.62751024440686	84.64350504383593	-5.6267324054691909e-005	3.1023317668901365e-006	-1	
-134.10287790452566	52.092293589307644	-4.2219103154958761e-005	2.8151849183365112e-006	-1	
-129.92211116775991	47.114789841321304	-4.0199860173179123e-005	2.7840049249242116e-006	-1	
-137.52754724209538	56.374826605447304	-4.3924286239714916e-005	2.8438622844209466e-006	-1	
-136.81522107766182	61.811833184575178	-4.4991112273701278e-005	2.8553592109995347e-006	-1	
-200	87.582496086004099	-5.9408373562811629e-005	3.125309365945644e-006	-1	
-122.79901254954034	46.283500483217622	-3.8113570616270088e-005	2.7431769742479532e-006	-1	
-117.76069971190852	43.165357870676168	-3.6074218796450745e-005	2.7112749657186532e-006	-1	
-111.82419865308952	34.889922189465608	-3.287054887959196e-005	2.6780044058165163e-006	-1	
-106.06846926708982	13.385966692786594	-2.8531226699364815e-005	2.7060137384353246e-006	-1	
-101.79518391711527	11.161999917011817	-2.6757648448473453e-005	2.7066833825897386e-006	-1	
-96.665061276067377	11.165810499041275	-2.4671590240928793e-005	2.7069034662463006e-006	-1	
-88.936766049560561	0	-2.0728370381537105e-005	2.7987592803554547e-006	-1	
-90.990776683671456	4.5010916859898238	-2.1792280904694136e-005	2.7673554338103907e-006	-1	
-107.48180051034781	17.991342974795266	-2.9413276415256824e-005	2.6948350657640665e-006	-1	
-109.20346406206055	23.708572072396041	-3.0565498423291812e-005	2.6852527223563622e-006	-1	
-106.66810365115724	29.114382051166412	-3.0330027125062473e-005	2.6588402247173705e-006	-1	
-145.82383305436898	81.156108103271876	-5.2176737030875821e-005	3.0161754513045151e-006	-1	
-156.09540295265006	88.946434031354372	-5.6473539222838323e-005	3.1256887613675812e-006	-1	
-160.66224000493401	91.187398544409547	-5.7887142710190192e-005	3.1499266552091387e-006	-1	
-148.4372831728823	86.665903896561119	-5.4425777418004675e-005	3.0812236745980374e-006	-1	
-137.92641994129707	70.938925187452782	-4.7553912837203487e-005	2.8970846435342047e-006	-1	
-137.30557369363964	76.644005537886571	-4.9023225698235052e-005	2.9206888327237909e-006	-1	
-191.18355627859162	86.005271929925527	-5.877173620012841e-005	3.1183870714292262e-006	-1	
-183.45372250548598	87.900189493117338	-5.9027602467699382e-005	3.1281832898989347e-006	-1	
-188.35800757360352	90.704083987273975	-6.0188611748209957e-005	3.1410190106485649e-006	-1	
-175.74616808842961	88.274286611123074	-5.8611302202092172e-005	3.1310170412541099e-006	-1	
-194.00724071697002	90.705204528059539	-6.0362633558601736e-005	3.1397644323185608e-006	-1	
-167.73624012785098	89.543674091200714	-5.8229744490226996e-005	3.1386474821572017e-006	-1	
-172.40058348222911	92.302562263247026	-5.9644487759274695e-005	3.1561694303251177e-006	-1	
-129.77743082481868	56.944598364269666	-4.2145706263744594e-005	2.7995861084747733e-006	-1	
-124.6047575765247	51.926788044516762	-3.9714117926993657e-005	2.760041703595244e-006	-1	
-131.08818837389543	68.713634834274117	-4.5317763690513334e-005	2.8371503224678935e-006	-1	
-128.14772278452477	63.964500118712984	-4.3364434075247169e-005	2.8039825804714574e-006	-1	
-200	93.82791297011498	-6.1485129486693949e-005	3.1530345720090821e-006	-1	
-115.55146196661812	50.907356152981471	-3.6839875855886696e-005	2.7016001246230081e-006	-1	
-111.3388808421894	45.991889060467315	-3.4557224418753994e-005	2.6703140742055695e-006	-1	
-108.17287485573225	39.730464122319447	-3.2428721196392531e-005	2.6503007707834567e-006	-1	
-105.76542253076025	34.657019685493168	-3.0788408214631583e-005	2.640307702210675e-006	-1	
-99.222362120179966	15.600328525164011	-2.6072407913191689e-005	2.682509577892154e-006	-1	
-91.519166994624982	13.472011617914941	-2.262323312919157e-005	2.6951475893922e-006	-1	
-94.658546411797076	17.919018653495954	-2.4410188989528527e-005	2.6587996016924626e-006	-1	
-88.208437577493271	8.9071608774181108	-2.0720484442652671e-005	2.7538717864488711e-006	-1	
-84.828744781338798	0	-1.8662726982592488e-005	2.8548549666903343e-006	-1	
-86.195431901380189	3.2831202291488535	-1.9414298504583415e-005	2.8245467900807327e-006	-1	
-99.327114293288147	20.718312963742893	-2.6603586538431813e-005	2.6555214312808433e-006	-1	
-103.60870152357067	24.382047006898006	-2.8628393240872188e-005	2.6574486000719371e-006	-1	
-100.90110549862135	31.850939686380553	-2.8622583566483092e-005	2.6138888290757672e-006	-1	
-141.34256870981102	84.309730103268819	-5.2241363152078365e-005	3.0129852594594952e-006	-1	
-156.40401280576322	94.024099101979644	-5.8267517249789729e-005	3.1747791176248927e-006	-1	
-151.8284324768976	91.734244611586249	-5.6719038468774949e-005	3.1452239225125017e-006	-1	
-158.71764821029123	98.58770076601553	-6.0253693674088582e-005	3.217450507832629e-006	-1	
-167.91536076050826	95.343999425173536	-6.0243347627127814e-005	3.1798991186681288e-006	-1	
-145.83484501536307	92.180909503266591	-5.5787023483118214e-005	3.1327755236187929e-006	-1	
-140.36026975359113	89.700662360799086	-5.3814258533246301e-005	3.0663350676150446e-006	-1	
-128.64568882307253	73.73706139122217	-4.6074677919407174e-005	2.8315124674850665e-006	-1	
-131.8806892760546	78.515908559941664	-4.828297006715249e-005	2.8796810098643342e-006	-1	
-136.25066925024089	82.284977837360628	-5.0483461707994636e-005	2.9493869499100336e-006	-1	
-184.81073530395912	95.100752704465947	-6.1530512024175841e-005	3.1636662938321475e-006	-1	
-177.75955689596131	93.10814703488856	-6.0386784175098277e-005	3.1576180851980849e-006	-1	
-192.50166261734478	97.292898086836772	-6.2600419210325311e-005	3.1694609395224679e-006	-1	
-174.04935933889504	99.561929199518673	-6.2379078618456329e-005	3.1990303766781099e-006	-1	
-122.57336418404209	57.135367266045634	-4.0233086957088583e-005	2.7542044974958141e-006	-1	
-117.01523167226615	56.532856184401872	-3.8464026331632129e-005	2.7172139399658487e-006	-1	
-125.50967451432932	68.997890964286455	-4.3922348276981464e-005	2.7946735840985874e-006	-1	
-119.48437372541638	61.795195006261316	-4.0420888823113216e-005	2.7402227620944262e-006	-1	
-119.9974650551263	67.615910878302174	-4.200883514080194e-005	2.7506726582217887e-006	-1	
-200	100.07332985422586	-6.3694682864150469e-005	3.1793260127136563e-006	-1	
-109.07808670496503	50.851955888537503	-3.4750729749198777e-005	2.6568292682877252e-006	-1	
-111.25536920314653	55.750004543596852	-3.6480154503667418e-005	2.6776407876175864e-006	-1	
-104.32368532679735	45.865129275180863	-3.2177315849667093e-005	2.6178153986737634e-006	-1	
-100.3246909471728	38.469316817946705	-2.946016498103025e-005	2.5902902834200475e-006	-1	
-89.263021259457702	18.64004779988602	-2.2182496727269884e-005	2.6343074198654045e-006	-1	
-84.299089406473982	16.459579986746199	-1.9646153186585491e-005	2.6512188773536289e-006	-1	
-94.938185661513501	22.745332371439126	-2.5088913740894466e-005	2.6213828647397102e-006	-1	
-82.863625041482479	11.231339232721501	-1.8300724940335234e-005	2.7557151928014933e-006	-1	
-83.355733598385868	5.4238737579570238	-1.8047206786808297e-005	2.8477052447207867e-006	-1	
-80.720723513117036	0	-1.642024353440898e-005	2.9467743533778321e-006	-1	
-82.774734147227917	2.3107319333168492	-1.7591932170498704e-005	2.8895061004394637e-006	-1	
-98.606317591370072	25.894349735499731	-2.6939883354378398e-005	2.6230953769828903e-006	-1	
-94.926047860167841	29.604675766143345	-2.6020860101534436e-005	2.575397087510088e-006	-1	
-93.709183114071564	39.077778567718951	-2.7095073420008148e-005	2.5256104614989593e-006	-1	
-134.98268926363079	87.834227901234783	-5.1982426136109057e-005	2.9873974617816149e-006	-1	
-153.86856746027024	98.177787784648942	-5.9359530600287474e-005	3.2203989784653976e-006	-1	
-149.09542156954399	97.2297945998844	-5.8199928534583792e-005	3.2099469933065947e-006	-1	
-162.19117416119434	103.24040381712528	-6.2467182042663438e-005	3.251802142252115e-006	-1	
-156.61020646532853	104.84222396655079	-6.2318538959107617e-005	3.2877384739311056e-006	-1	
-167.69351265644823	105.09439931254867	-6.3828777622316961e-005	3.249026175283141e-006	-1	
-137.27187446253083	97.596421208082731	-5.5951406012491795e-005	3.1773051258410079e-006	-1	
-143.6141689482568	99.991368063551491	-5.8182400131476217e-005	3.2511051582409241e-006	-1	
-132.79654061588994	93.530961928690758	-5.3430624753877607e-005	3.0367669886558034e-006	-1	
-120.63687714774619	78.855902924777837	-4.5357651865483758e-005	2.7540081593113954e-006	-1	
-119.14685049696236	73.396953245305866	-4.3323334679374253e-005	2.7457103629295779e-006	-1	
-124.9654516533803	82.500591357583531	-4.7695807607825833e-005	2.8058379316026537e-006	-1	
-130.64167499622445	84.152170779458217	-4.9714815066974605e-005	2.8926480654874622e-006	-1	
-180.42003599170963	99.719419588620752	-6.291873601645088e-005	3.1905445334826117e-006	-1	
-187.09624303258499	101.66977794311092	-6.3998622521951746e-005	3.1921600249621968e-006	-1	
-193.04646936547314	103.868079449627	-6.501905555372931e-005	3.1962041178747407e-006	-1	
-173.30803264798513	105.12739035576118	-6.4404463687116673e-005	3.2330771012661033e-006	-1	
-114.59028627498711	65.400868301902278	-3.9791355194081733e-005	2.7119738402041049e-006	-1	
-112.61278921039562	71.149126929250215	-4.0669014163157368e-005	2.7023499697274076e-006	-1	
-200	106.31874673833676	-6.6032091624895802e-005	3.2029418492678377e-006	-1	
-104.29004821181192	53.261546536822038	-3.3623556066274603e-005	2.6233840362482173e-006	-1	
-105.96176122178001	59.574709997614143	-3.5583592228830695e-005	2.6473910530075516e-006	-1	
-108.51421052415355	65.586004353174332	-3.7864570297462787e-005	2.6743752604458805e-006	-1	
-97.4573633325938	43.56208805989381	-2.9306965153758591e-005	2.558401627082609e-006	-1	
-97.992649940592145	49.38199826705582	-3.0607661047740981e-005	2.5647671546616006e-006	-1	
-90.385128890947485	25.005238046940779	-2.3525827831607246e-005	2.5727385653012693e-006	-1	
-84.034827837881963	23.801722798477449	-2.0630988814573649e-005	2.5300898276032257e-006	-1	
-79.191244413415262	18.277540066640739	-1.7490228541715761e-005	2.585091232967152e-006	-1	
-77.508150259278509	8.9318358233880097	-1.5143145926826186e-005	2.8664094529407027e-006	-1	
-78.719091636541506	5.1547647475571994	-1.5458147750526102e-005	2.9467165086667194e-006	-1	
-79.693718196061596	2.5672128514169956	-1.587628132007267e-005	2.9626748390088396e-006	-1	
-78.666712879006155	0	-1.5214013364743555e-005	3.0154505124980954e-006	-1	
-89.326351416002908	30.591835909067758	-2.395689278084403e-005	2.5151706967755409e-006	-1	
-84.427943634610131	41.546682640777547	-2.3955606187797841e-005	2.4011313538170301e-006	-1	
-85.280053655571663	34.586652531705226	-2.3016717802717165e-005	2.4403459106724493e-006	-1	
-88.392355034221353	47.330414382624561	-2.6604287089241436e-005	2.4546410222510073e-006	-1	
-127.08789497203442	88.87635045049916	-5.0369240695635066e-005	2.8604434091565745e-006	-1	
-150.20090341062371	103.26703968292027	-6.0679269501393254e-005	3.2928212829550948e-006	-1	
-160.65248071450242	108.40272849498582	-6.4311745993413826e-005	3.3013465654406586e-006	-1	
-152.22482002492004	109.77464294132641	-6.3632983606542112e-005	3.369325170051955e-006	-1	
-164.40899455775929	112.19290772121171	-6.6311851780575702e-005	3.3107067565591327e-006	-1	
-170.70614994955741	110.79749914248389	-6.6411691772759679e-005	3.2732235522340629e-006	-1	
-137.8823721586356	103.61172375694377	-5.8386092615706262e-005	3.3283623685148178e-006	-1	
-132.77118651821002	101.63379414343673	-5.6418938848442478e-005	3.2449897409742064e-006	-1	
-142.13195837666382	106.60676839955897	-6.0485582302866422e-005	3.3878070205573261e-006	-1	
-127.93035664098181	99.060364846038254	-5.4226675747942858e-005	3.0716738154525999e-006	-1	
-125.54644258703	94.831008724750291	-5.2055441658617287e-005	2.8823303803013642e-006	-1	
-112.82323386568814	78.055818835714661	-4.2695979214574704e-005	2.6936703585546397e-006	-1	
-118.76024863828729	84.194308722442457	-4.6475500631599467e-005	2.7090035216631643e-006	-1	
-123.0880968122429	88.952769939446696	-4.9313735520263673e-005	2.7657153161406279e-006	-1	
-182.26524258384444	105.80488476079125	-6.5324718827335939e-005	3.2167039221218339e-006	-1	
-188.90623551767811	108.67392865780228	-6.6747614694907012e-005	3.217801789639711e-006	-1	
-194.67017324620019	110.00007004272632	-6.7417992791972352e-005	3.2170488171386015e-006	-1	
-176.99436681951804	109.36234767787057	-6.6354464492325728e-005	3.2447882980744016e-006	-1	
-107.5386245245011	77.236798877199774	-4.0675295268317865e-005	2.6775962889222512e-006	-1	
-104.46304557788245	72.862018457050311	-3.8364313991533092e-005	2.6679026366991119e-006	-1	
-200	112.56416362244764	-6.8505285879974514e-005	3.2221568487379012e-006	-1	
-97.902417729656648	56.579302207996399	-3.2058464000011052e-005	2.5780074440084771e-006	-1	
-101.83722984698977	64.873566447045377	-3.5376117879034795e-005	2.6344017931203377e-006	-1	
-92.219604369708932	52.90883949506086	-2.9170581885000989e-005	2.5107965855966987e-006	-1	
-84.023594054075843	29.267371476731249	-2.1549677370659736e-005	2.4648315213780935e-006	-1	
-76.917804101932148	25.156393876537315	-1.7733545532621312e-005	2.4048882180599338e-006	-1	
-73.311296400396174	12.933240577136033	-1.3481140766429802e-005	2.7244019527985149e-006	-1	
-71.515040498657598	20.329665581414751	-1.4223697832957983e-005	2.4075141854451526e-006	-1	
-73.547447848038018	8.7185722760127398	-1.2799356315394623e-005	2.9396096673314552e-006	-1	
-74.470590613586367	6.3811738838303675	-1.3005025890054735e-005	3.0413615586853046e-006	-1	
-75.309569155295989	3.8788326708695942	-1.3271061417489318e-005	3.1070737055441222e-006	-1	
-76.638962170792666	2.1671389978752922	-1.4012323037481083e-005	3.0841928510033729e-006	-1	
-76.612702244895274	0	-1.3950417431259626e-005	3.1033504939678335e-006	-1	
-79.129119143687873	39.100446242561929	-2.1378714458918166e-005	2.3146522292041174e-006	-1	
-81.197617978730989	47.770275394483818	-2.3889083521741485e-005	2.3480843131571367e-006	-1	
-76.649207619319796	33.817298285816939	-1.93378119110284e-005	2.2928764355888932e-006	-1	
-86.279904274278152	52.881839246916229	-2.6896156724680134e-005	2.4388816183730681e-006	-1	
-122.43527143764574	92.899673065651456	-5.0521253264835325e-005	2.7474106585817537e-006	-1	
-145.46002815827345	110.60091749097381	-6.2788707277631247e-005	3.4388933484554227e-006	-1	
-159.2634850862564	113.60732883960921	-6.6276063213460007e-005	3.3539404341768005e-006	-1	
-146.42912721119609	115.94169873247701	-6.5274708071183093e-005	3.5114150668859933e-006	-1	
-151.81973480068331	116.57766025657321	-6.6464762421244146e-005	3.4487720774128199e-006	-1	
-168.73851321481547	116.82451618963928	-6.8741265058974076e-005	3.3113969458381404e-006	-1	
-164.10436751593622	121.15131898710604	-7.01398030776689e-005	3.3611631910859443e-006	-1	
-176.33389219672864	118.73595358371058	-7.0205536055985634e-005	3.2826046291610988e-006	-1	
-133.96164912213288	107.44113037911356	-5.902843561500066e-005	3.4610474606604691e-006	-1	
-137.56047236506703	109.08281183243493	-6.0542202748558147e-005	3.4902751513776412e-006	-1	
-130.31632641939345	105.90546468601659	-5.7500422808039422e-005	3.4039140053290461e-006	-1	
-127.32560763700722	102.26770493966288	-5.528208773335879e-005	3.19796908515106e-006	-1	
-124.42145039803215	98.315809425444883	-5.3023363078405357e-005	2.9159774258063909e-006	-1	
-124.62010878295722	100.4420467611655	-5.3859321461834671e-005	3.0211775401393198e-006	-1	
-122.49112383033322	96.849540528771385	-5.1971178802626169e-005	2.7645551844406793e-006	-1	
-110.373365560926	85.51847929818679	-4.4232713784331364e-005	2.6312213628374052e-006	-1	
-114.57280021453649	89.189593211466374	-4.6858237142899513e-005	2.5940344017921442e-006	-1	
-119.43823673854469	90.590679185951714	-4.88405851798147e-005	2.6611187920123063e-006	-1	
-182.20482316020693	111.39886396810553	-6.7525807990659353e-005	3.2391394033493015e-006	-1	
-185.3344566312937	116.0358509440707	-6.9595320802607271e-005	3.2468315713672399e-006	-1	
-190.69485470675659	114.08913175099852	-6.8992096571345992e-005	3.2323600568046768e-006	-1	
-103.9174914935962	81.171933583140145	-4.0563043496927845e-005	2.671489350084325e-006	-1	
-98.720706707665471	74.246426858843222	-3.6644147139016842e-005	2.6598520304310343e-006	-1	
-99.278000700687713	79.353552585502996	-3.8289662719041827e-005	2.6803012314500514e-006	-1	
-96.912107630073294	69.437863751312904	-3.4704842982621795e-005	2.6279000288000823e-006	-1	
-200	118.80958050655852	-7.1100775081556967e-005	3.2365181488127603e-006	-1	
-93.335756316466956	62.143017639922583	-3.1601621775420069e-005	2.5622396449748092e-006	-1	
-89.226949289676043	57.912147065016434	-2.9094590690946229e-005	2.4996732893530933e-006	-1	
-70.597825100972855	27.064488339725134	-1.5393389861922933e-005	2.2242549376207188e-006	-1	
-71.110186007925677	9.3312537039124237	-1.141399259826203e-005	2.9290443884115016e-006	-1	
-68.789206367779315	13.223086488814069	-1.1057362844289404e-005	2.6291547949604137e-006	-1	
-64.726172250311578	16.360505105041547	-9.9047613967168005e-006	2.3014298610302369e-006	-1	
-64.49572450856563	24.545098053731778	-1.2177809039504944e-005	2.0554268268075578e-006	-1	
-72.538653180399564	6.4168431155976373	-1.1754318878622868e-005	3.1129808601895724e-006	-1	
-72.605113879286165	5.1270047265135119	-1.1609798360622146e-005	3.1907988502224917e-006	-1	
-73.738681325982483	3.8454480835415494	-1.2230484521098673e-005	3.1926461437398167e-006	-1	
-74.492484733324304	2.4668315574414832	-1.2632722844371816e-005	3.1951336257721688e-006	-1	
-74.558691610784393	0	-1.2605568554241824e-005	3.2232783642949881e-006	-1	
-74.367614088957481	42.475306701207479	-2.0146670337828811e-005	2.2097436810148605e-006	-1	
-75.69758080221736	51.014442204214717	-2.2355645822188003e-005	2.2580715358344513e-006	-1	
-80.716436838305043	54.962367142890443	-2.5138823361507011e-005	2.3699147240799629e-006	-1	
-70.289842148680407	33.428292337202969	-1.6657803106965367e-005	2.1415192272303893e-006	-1	
-118.5904746780532	94.277814823936552	-4.9938859174923578e-005	2.5618072845234688e-006	-1	
-120.23631343340355	96.181312314801417	-5.1115921907662624e-005	2.6149933994045165e-006	-1	
-138.09756719063532	113.84156480601348	-6.2700582607275784e-005	3.6113658471561359e-006	-1	
-158.19815808305867	119.61609699904805	-6.8743327484643003e-005	3.4031198286008314e-006	-1	
-142.17553049877398	119.31364360925656	-6.5995884574374477e-005	3.6328918715827263e-006	-1	
-147.25648808924333	124.01702193041253	-6.9114729922733424e-005	3.575779699357372e-006	-1	
-154.11020011714095	124.99912635801667	-7.0633327718339471e-005	3.4775739709668328e-006	-1	
-170.99858472245955	123.89018719214285	-7.2037576698333078e-005	3.323501993619032e-006	-1	
-165.56898569053334	127.51103323524518	-7.3195151899912333e-005	3.3669331703781059e-006	-1	
-160.01807512123378	125.44088183557105	-7.1617630996697088e-005	3.4118061252877648e-006	-1	
-177.39705645844003	125.17495610490623	-7.3106747540397897e-005	3.2924521934012585e-006	-1	
-184.23979178563778	123.10153059769935	-7.2575029564992397e-005	3.2652005966408216e-006	-1	
-133.97971501010639	111.39667336987402	-6.0700561753805031e-005	3.6154894294754883e-006	-1	
-129.79424124728732	110.58575547618936	-5.931454109752152e-005	3.6469873248607622e-006	-1	
-125.60995237461267	105.73891692072689	-5.6174701442527815e-005	3.3833653376562481e-006	-1	
-124.17987399627738	103.13782659527249	-5.4752009203683483e-005	3.1790552760088682e-006	-1	
-121.99958156551627	98.419039718501907	-5.2410914954485583e-005	2.7666300795885226e-006	-1	
-122.56228844159574	99.871322831062486	-5.3084270290316335e-005	2.8782499149113696e-006	-1	
-122.74900888044608	101.47128702297813	-5.3716671512829953e-005	3.0037494273200078e-006	-1	
-121.19466275095755	97.861533697883814	-5.1997917096682149e-005	2.6816725071112302e-006	-1	
-111.74211879754665	90.925774680488345	-4.655218729638299e-005	2.5325435055109083e-006	-1	
-106.75892879675403	88.417415187452917	-4.3933094627349333e-005	2.6147091485606874e-006	-1	
-116.47352800523751	92.941034871961563	-4.8808000375023422e-005	2.5273170244130411e-006	-1	
-114.00455534907829	93.356507950133647	-4.8189520132323851e-005	2.4623175196206755e-006	-1	
-189.94114599143651	120.36718811808153	-7.1605560462448251e-005	3.247818411219429e-006	-1	
-100.1508967386299	85.755753744081929	-4.0589286738169077e-005	2.6940275108850741e-006	-1	
-94.68370329284356	77.423833539028337	-3.5943621408615711e-005	2.6758892125987095e-006	-1	
-95.638330898110056	82.757107785327861	-3.7857289360120507e-005	2.718737320342564e-006	-1	
-89.917902647363775	73.890121156307529	-3.3101420539641576e-005	2.6355405189876013e-006	-1	
-88.005059080698913	68.273982938126068	-3.0953112070813167e-005	2.5683684230641282e-006	-1	
-200	125.05499739066941	-7.3798547025851998e-005	3.2455162454884712e-006	-1	
-194.1780229107564	124.41170494560158	-7.3458513859558217e-005	3.248268185120158e-006	-1	
-85.211407073879428	62.138787785585997	-2.843653569645152e-005	2.481780214275443e-006	-1	
-64.792443950519143	30.207815995406463	-1.3726713731368851e-005	1.9919903331149569e-006	-1	
-70.629099492866288	6.1214463412900333	-1.0399096864379344e-005	3.2097772992160981e-006	-1	
-67.648910814752796	8.8375380661698522	-9.0515361823249937e-006	2.9627236082980071e-006	-1	
-63.817709655902924	11.308145505040974	-7.5878510636450442e-006	2.5262188354719976e-006	-1	
-59.808170310585538	17.831864590010671	-8.2081221374366645e-006	1.9450923946466876e-006	-1	
-60.021847948427855	27.14255406548461	-1.1111499598243041e-005	1.8195154849495072e-006	-1	
-56.475444593556055	23.638655158119029	-8.7927000536903232e-006	1.6591118083650525e-006	-1	
-71.332379174984766	4.9073539424984025	-1.0687270914083814e-005	3.2775278784208742e-006	-1	
-72.283741704095576	3.8760770629514276	-1.1226330336098974e-005	3.2849550430759039e-006	-1	
-72.862798909446326	2.5409814893509899	-1.1515722805922683e-005	3.3061922635368675e-006	-1	
-73.531686293728953	1.1484080839618251	-1.1918549082475597e-005	3.2895166097276064e-006	-1	
-72.504680976673512	0	-1.116419423781973e-005	3.3902238703493763e-006	-1	
-68.228983489261566	42.484320827242058	-1.7724866250992888e-005	2.0597420089834729e-006	-1	
-69.471441202785797	49.596622426957552	-1.961256599184211e-005	2.1167576491968435e-006	-1	
-72.318368544439579	56.488603548771898	-2.2082063886075673e-005	2.230596052111378e-006	-1	
-79.071308519204052	59.355929392884129	-2.5381366435417264e-005	2.3771843596431e-006	-1	
-64.419071923642377	37.671064054935783	-1.5247268286965618e-005	1.9510201267270825e-006	-1	
-116.35967757728865	95.442131018774703	-4.9730805696124773e-005	2.4146673633457189e-006	-1	
-117.82684995746597	96.67551480359414	-5.0643985681449652e-005	2.4293224501337873e-006	-1	
-118.89828916660552	97.766425188162884	-5.1370098760735976e-005	2.4604571798418938e-006	-1	
-120.06987367175256	98.108454010776356	-5.1803136350589468e-005	2.56823881560602e-006	-1	
-134.94620274709149	117.44754634495159	-6.3624032715952844e-005	3.7857338581997348e-006	-1	
-135.16674224459817	121.88704329628929	-6.575700766339226e-005	3.8671048575182884e-006	-1	
-141.0591697127015	127.10427679644562	-6.9507312887836216e-005	3.7228550645062458e-006	-1	
-147.49773474637351	132.2651362845946	-7.3185661307866593e-005	3.5884756800608215e-006	-1	
-156.59940576523465	131.43515669382083	-7.4061123782197296e-005	3.4566816002298344e-006	-1	
-172.98939605904246	133.97010153608269	-7.6882365433932233e-005	3.3190482568522994e-006	-1	
-163.15950067068221	133.57613452495642	-7.5834489628122937e-005	3.3908693656903138e-006	-1	
-178.4727571180544	134.12647655649627	-7.7313869241972302e-005	3.2913123895827151e-006	-1	
-181.93142895781477	129.8686260711755	-7.5513640398341649e-005	3.2780875052650844e-006	-1	
-190.59787966735757	129.04763168729028	-7.5467662996040949e-005	3.2554680282757627e-006	-1	
-131.38884568658028	114.78240439846388	-6.1569006716119054e-005	3.8090893292362432e-006	-1	
-124.49899557282113	109.77375596172689	-5.7532356746226693e-005	3.6698769648579437e-006	-1	
-124.97588645456598	112.9272137943961	-5.9038345216613223e-005	3.8950563854955861e-006	-1	
-127.18212632389839	116.35024932009291	-6.1185065460331672e-005	4.045058133253213e-006	-1	
-123.02952643125597	106.9431408947314	-5.5921338268134839e-005	3.4602270259044309e-006	-1	
-122.85626336088711	104.63076897706519	-5.4944491965996174e-005	3.2681893328665843e-006	-1	
-122.05539823561956	102.57985538803749	-5.3922965334201243e-005	3.0685956918959248e-006	-1	
-121.62058813031121	99.32185267649902	-5.2632099268480168e-005	2.7718587478727587e-006	-1	
-121.02291560503072	98.488544126166971	-5.2182245283806473e-005	2.6743895372811084e-006	-1	
-121.70975215836474	100.69151994214836	-5.3136543500940617e-005	2.8811540484869455e-006	-1	
-121.47517854043971	99.954443164542994	-5.281239203512563e-005	2.8014250099339571e-006	-1	
-121.45074136220504	101.42036859981623	-5.3319696080913499e-005	2.9320161966708788e-006	-1	
-110.96129584384563	94.153374236325547	-4.7480190295963082e-005	2.4223920343107738e-006	-1	
-107.20148226405072	93.029587001344609	-4.572819486504632e-005	2.5287485354982566e-006	-1	
-102.91550608556641	91.005094509818861	-4.3391205644850173e-005	2.647993379964971e-006	-1	
-114.71219755200445	96.42174314614978	-4.961123215231393e-005	2.3000201732592613e-006	-1	
-111.98403110621445	96.314082792114988	-4.8671749483918438e-005	2.2874491946071111e-006	-1	
-98.188349509704452	91.354597525634816	-4.1631686988405069e-005	2.7515711947981896e-006	-1	
-88.299823636343476	79.598168047350498	-3.3926171800970436e-005	2.7091328619694535e-006	-1	
-91.108435237356431	85.729509735546586	-3.6874653889035454e-005	2.7887927683586548e-006	-1	
-83.954867664513955	72.787292815414503	-3.0347958775666085e-005	2.5912066882158833e-006	-1	
-78.742540945291154	64.035859767710349	-2.6225494659999048e-005	2.4210680116686297e-006	-1	
-200	131.30041427478028	-7.6622832006253402e-005	3.2470265915377838e-006	-1	
-59.445022020507636	32.09447855575732	-1.2125319106448624e-005	1.780009580062577e-006	-1	
-67.495275145739441	5.3446056054668993	-7.8936400224980213e-006	3.421804605212034e-006	-1	
-69.376591408464009	3.9064313083974089	-9.0426441772887858e-006	3.5160198704813097e-006	-1	
-64.772163584221119	6.8504531496517096	-6.366059154492884e-006	3.1311083177794973e-006	-1	
-62.125141550786545	8.5813447193329839	-5.4372282204734911e-006	2.6466145757092862e-006	-1	
-59.399398308831067	10.185413000428239	-4.8426605141090122e-006	2.1343161619001818e-006	-1	
-52.833525189949782	18.0206216530162	-5.7237423721803646e-006	1.3903384717601097e-006	-1	
-55.318073691235	28.794459645671772	-9.8390575425700285e-006	1.6031038153934535e-006	-1	
-49.780492001518418	23.697707653327775	-6.6224842245270435e-006	1.2834642855398891e-006	-1	
-70.857460254584396	3.5870984054412673	-1.0142375827607439e-005	3.4188892865407707e-006	-1	
-71.255465757153672	2.1254084033392751	-1.0301886177646877e-005	3.472195751264375e-006	-1	
-71.991178318145785	1.1280064729061734	-1.0803991028254084e-005	3.4296224704298037e-006	-1	
-71.477675659618072	0	-1.039171967501156e-005	3.5037812719628924e-006	-1	
-62.592982562573823	44.917088890244763	-1.6037042549935786e-005	1.9099105803821406e-006	-1	
-67.018548054190333	56.638476889645254	-1.9979367893830074e-005	2.1146209558431569e-006	-1	
-62.958776900526168	53.228371696686168	-1.7743400781860782e-005	1.9776578232773945e-006	-1	
-74.674062758701936	60.991186605870475	-2.3926939898643728e-005	2.3196718525062423e-006	-1	
-69.600099369711316	61.269475923601341	-2.1895034758244165e-005	2.2273822567103138e-006	-1	
-55.711563810606037	40.241909391402743	-1.2565803393840795e-005	1.6639884245000737e-006	-1	
-116.46609634997994	97.355898350147456	-5.0527484970632412e-005	2.3019272028634456e-006	-1	
-118.08839468109085	98.182054482323338	-5.1326160718803401e-005	2.360028137535663e-006	-1	
-118.62532655458168	98.917160563825234	-5.1771072638164238e-005	2.3644709959292433e-006	-1	
-119.32772138642058	98.868372764478735	-5.1922397152944146e-005	2.4522897018777726e-006	-1	
-120.0108827443155	98.791487168361414	-5.2050700963721825e-005	2.546715914798238e-006	-1	
-120.40953959346737	98.703971672568258	-5.2109338026309423e-005	2.6037462574438437e-006	-1	
-130.87992232106143	119.24285532888221	-6.3492651830718966e-005	3.9946767257203721e-006	-1	
-133.21007290136751	126.52816386626732	-6.760780884502334e-005	3.9788850548756749e-006	-1	
-130.56154107897262	123.92681712883373	-6.5686727512671899e-005	4.1058738256546381e-006	-1	
-141.58971978944959	133.03910491416363	-7.2600710666328468e-005	3.7024358380446375e-006	-1	
-135.64030682162254	133.36797192230662	-7.1664305763498231e-005	3.8451602210992558e-006	-1	
-152.41302072293234	135.84676073291357	-7.5701785943760552e-005	3.507096783311178e-006	-1	
-147.63715335543441	137.63719945053927	-7.5964736298369571e-005	3.5683572423518081e-006	-1	
-158.32973715261301	137.25407612432323	-7.714449136857371e-005	3.4319709107904745e-006	-1	
-171.4708788163756	139.70802071891538	-7.9571234534405447e-005	3.3195896741918453e-006	-1	
-179.68910412456	139.47551400357614	-7.995127871077044e-005	3.2793038822400953e-006	-1	
-166.64246721839976	143.15998430585083	-8.0929489115940089e-005	3.3426238147995904e-006	-1	
-186.84357764636752	135.56926756093381	-7.8379858134578048e-005	3.2610869142543684e-006	-1	
-194.2808399201852	134.42312271683573	-7.8017323826012075e-005	3.2491478603048873e-006	-1	
-121.87705892387012	111.75193800694497	-5.7609963393458809e-005	3.8735257479234385e-006	-1	
-121.50068555632231	108.686622915372	-5.6177684645190009e-005	3.6128448957875978e-006	-1	
-124.15864653389953	116.13908616945032	-6.0254938888926596e-005	4.1685233756810829e-006	-1	
-122.25343229141795	114.81725309851794	-5.9094750301305115e-005	4.1323572086343525e-006	-1	
-124.54994351485229	118.42468688914359	-6.1433025790910118e-005	4.3243112889349267e-006	-1	
-126.19541270864926	119.55307210782387	-6.2425635597612559e-005	4.2867143608596584e-006	-1	
-121.12431218877447	105.62130782379903	-5.480594757205652e-005	3.3356428521103149e-006	-1	
-120.93612550500055	104.08865027801252	-5.4149782885363707e-005	3.1841560228451109e-006	-1	
-120.74793882122663	102.55599273222603	-5.3514937856862324e-005	3.0191984008267177e-006	-1	
-120.97320468077179	99.54293749192064	-5.2535409177153407e-005	2.7173607527880883e-006	-1	
-120.96227626486822	99.135816889176894	-5.2395223684879703e-005	2.6901569336910036e-006	-1	
-120.94330242653032	100.58730014133062	-5.2876367690190862e-005	2.8148013349138309e-006	-1	
-120.82920015417218	100.01789865181956	-5.265216603189215e-005	2.7449165109032718e-006	-1	
-120.5597521374527	101.02333518643954	-5.2909236188048833e-005	2.8372022321882541e-006	-1	
-108.89233193604156	95.685774264123367	-4.7336463498959755e-005	2.4022894219455055e-006	-1	
-110.57474639218938	96.512447868363893	-4.8260962736800818e-005	2.3030979666888843e-006	-1	
-107.08304196376223	96.176057290968728	-4.6861690408641645e-005	2.4589228499907233e-006	-1	
-104.07532609435999	95.601068747995271	-4.5506024495269759e-005	2.5934004232316707e-006	-1	
-115.11861946792177	98.062211455664894	-5.0414307610691783e-005	2.1780210083307415e-006	-1	
-114.11423339079373	98.002487878916199	-5.007066676444086e-005	2.1533030357810066e-006	-1	
-113.19617266996765	97.457806587777895	-4.9542171983310664e-005	2.1931902678638859e-006	-1	
-111.38938214949931	97.679410032091596	-4.9017730383624114e-005	2.1903987440668901e-006	-1	
-112.33132717644956	97.944044979082179	-4.9452529584485301e-005	2.1482490833540423e-006	-1	
-92.200258758897959	91.623352405943621	-3.9199564237421619e-005	2.8718224778280957e-006	-1	
-100.61858342995949	98.194405581674118	-4.510117815144546e-005	2.7363153364375938e-006	-1	
-91.51321299687649	97.577966427563538	-4.0946987049751013e-005	3.0134665725954048e-006	-1	
-84.144802407329109	84.91017789383946	-3.3551982580354149e-005	2.8155851224987824e-006	-1	
-80.40392170178481	77.703063286657553	-3.0013132736424417e-005	2.6533877713430916e-006	-1	
-83.969236836405116	91.919647459261355	-3.5522335732398137e-005	2.9880056181607544e-006	-1	
-77.049709120598294	71.539708817887572	-2.7130003019742184e-005	2.5051268994644288e-006	-1	
-71.640551873399843	66.3765574337083	-2.3741364266544037e-005	2.3397733809044715e-006	-1	
-200	137.54583115889116	-7.954249246850893e-005	3.2419046924985673e-006	-1	
-51.457544190739632	36.158901927611197	-1.025783877157452e-005	1.480332928775288e-006	-1	
-68.067476952889123	3.4723142448656588	-7.8914380007426761e-006	3.6966104125201502e-006	-1	
-65.353358920394754	4.5147708415310799	-5.8370583694308175e-006	3.6179376558840453e-006	-1	
-66.901955402582274	3.4788988950037214	-6.8670066276303942e-006	3.8113523604131941e-006	-1	
-68.61760575605291	2.7548328271207687	-8.2411994313540345e-006	3.741074997589667e-006	-1	
-69.731463087468512	2.5736506159783215	-9.1438202234587571e-006	3.6187815980741166e-006	-1	
-63.922874712374558	4.5983633922452078	-4.6220791995784005e-006	3.5377337726624193e-006	-1	
-61.635660062880127	5.4567456819397453	-3.359102300173602e-006	3.0172246175909041e-006	-1	
-58.677387971909582	5.3288915570023532	-1.5585501271004283e-006	2.3598643590966385e-006	-1	
-56.045127748940899	6.5998909368883982	-1.3932390312153809e-006	1.7157454317250703e-006	-1	
-52.483117055047522	9.9791185518421663	-2.1882030425280783e-006	1.1980761167450241e-006	-1	
-47.787523703711287	13.201993965746556	-2.4805297681974762e-006	8.8048306366664802e-007	-1	
-45.877790167224475	18.567480027072214	-3.9995088573389121e-006	9.5736249793870748e-007	-1	
-50.277979472732483	30.381682877616768	-8.5584632338367163e-006	1.3849737029545735e-006	-1	
-44.374371503490707	27.208288554745899	-6.0775319650393553e-006	1.0848500750092187e-006	-1	
-70.567216681768329	0.85320058541174804	-9.6959834569127061e-006	3.61003798668807e-006	-1	
-69.966123034433153	1.4698209834383598	-9.2420871541471099e-006	3.6692065493056221e-006	-1	
-70.450670342562631	0	-9.588995156622032e-006	3.6395704231752658e-006	-1	
-59.453314235816393	49.218962310125178	-1.5663393306189587e-005	1.8445593602960931e-006	-1	
-54.512195943908743	47.231757703625625	-1.3464738302312636e-005	1.6751403599345859e-006	-1	
-62.104295020279899	62.342407256061527	-1.8996818813738677e-005	2.0651401172505562e-006	-1	
-56.561546762136821	59.77598424002673	-1.6325028455335426e-005	1.8775032376139831e-006	-1	
-53.867051682920859	54.294352948297764	-1.44113289427526e-005	1.7270933256491207e-006	-1	
-66.31404725237492	65.679418038055246	-2.1343640242100732e-005	2.2210808367540971e-006	-1	
-47.037152959578286	45.022037198256456	-1.0466844536154681e-005	1.402617666336342e-006	-1	
-117.11239575154838	99.040367881096287	-5.1420784173334109e-005	2.2072748740509649e-006	-1	
-115.85414485364278	98.748768594225325	-5.0931829041537817e-005	2.1464076262684538e-006	-1	
-118.03542685847977	99.090829040505568	-5.169396992576186e-005	2.2864309516354712e-006	-1	
-119.00383454483567	99.510852782464625	-5.2117498073643509e-005	2.3638036563206404e-006	-1	
-118.40168901621291	99.584786956796236	-5.2002363392226725e-005	2.282640737936191e-006	-1	
-119.87980253236303	99.17801559346637	-5.2172308511552217e-005	2.5153564570254182e-006	-1	
-119.60598007345844	99.436918608133027	-5.2222559399989874e-005	2.4557547281887485e-006	-1	
-120.25224768726859	99.120621198344452	-5.2225510510584085e-005	2.5807081239008658e-006	-1	
-120.51692534964299	99.136182119521763	-5.228740227582176e-005	2.6267720731741045e-006	-1	
-127.34942370560341	123.15832426339293	-6.4491374237274758e-005	4.3227021160590701e-006	-1	
-129.55241914962414	125.89310899072316	-6.6433760684099524e-005	4.1635032990741851e-006	-1	
-129.753330236967	129.12150069994615	-6.8162823715895842e-005	4.1036911659605678e-006	-1	
-127.48188205441193	125.12012329113055	-6.551836334703164e-005	4.3117509087283748e-006	-1	
-142.72022109397039	138.9930597123948	-7.5933726547571597e-005	3.6404650710141261e-006	-1	
-130.91315024576062	133.71747493812254	-7.0871900366354016e-005	3.9763865362813463e-006	-1	
-133.6777595926971	138.96681570385968	-7.4341199599568548e-005	3.8161650953092806e-006	-1	
-138.19032543321691	141.96546166261382	-7.6815371783592209e-005	3.6901587866616285e-006	-1	
-151.28325045647833	141.20378827506948	-7.8331274625485038e-005	3.4997344299279458e-006	-1	
-146.4570472399252	143.78872298505979	-7.9081073729467665e-005	3.5458347880977798e-006	-1	
-156.44623870516389	143.02523750200814	-7.9892567122322465e-005	3.4320130636687604e-006	-1	
-161.84208349545744	146.74130243282644	-8.2362139372122901e-005	3.3657910859781627e-006	-1	
-173.7690866753866	145.18048376600635	-8.2461023415558848e-005	3.291473664755392e-006	-1	
-182.16286456032051	147.31603668355268	-8.395659570203255e-005	3.2486488127170398e-006	-1	
-185.58471898710394	141.76860898309721	-8.1325537786581555e-005	3.2540667414341169e-006	-1	
-167.40236922045233	148.96677902684212	-8.3982803846983304e-005	3.3136248506119009e-006	-1	
-191.13943516134833	138.74178103685691	-8.0014282046778683e-005	3.2476654575910615e-006	-1	
-118.85388727312495	110.46606141836061	-5.6338602852356842e-005	3.4316569897690956e-006	-1	
-119.18893111500681	113.63776256472858	-5.7835842929355667e-005	3.7208405873519599e-006	-1	
-119.59730086516032	107.3645652037842	-5.5185930571615541e-005	3.276107491563847e-006	-1	
-122.62980565896579	117.88256819009092	-6.062538306882406e-005	4.3998547416451452e-006	-1	
-120.67258385226496	116.56712084509483	-5.9539517082021224e-005	4.1168480778631434e-006	-1	
-124.26902840965043	120.60842638876298	-6.2399974102682709e-005	4.5133272293148252e-006	-1	
-122.8179923427397	119.41522573587741	-6.1408721963906958e-005	4.536720817047237e-006	-1	
-125.21022281430216	121.51626593366025	-6.3106822572447807e-005	4.4739819915397e-006	-1	
-119.38988914873353	105.0563862126296	-5.4192639761483074e-005	3.0553786643869929e-006	-1	
-119.07874392628986	103.25901358594876	-5.3421830414332522e-005	2.8442675833688806e-006	-1	
-119.79071090798956	101.62725181277466	-5.2976327876652853e-005	2.7748372923586095e-006	-1	
-120.58288515378048	99.659201339706129	-5.2468667003424728e-005	2.6774050680012868e-006	-1	
-120.5960553667628	99.389233196615862	-5.2388341791276224e-005	2.653383836351515e-006	-1	
-120.46565879556574	100.25700641354629	-5.2623704723138007e-005	2.7360767752729022e-006	-1	
-120.41861212462226	99.873842027099684	-5.2487993847269307e-005	2.6821446067491705e-006	-1	
-120.08023038942675	100.69327206243393	-5.2704635246976307e-005	2.7167186581694467e-006	-1	
-109.05973953476634	97.552826043290821	-4.8128911223736553e-005	2.3058978659081908e-006	-1	
-110.44348694359294	97.929558684713172	-4.8782547903215265e-005	2.2073926034694348e-006	-1	
-106.22323693891342	97.783600667453641	-4.7158675809620083e-005	2.4659121531277155e-006	-1	
-107.92695255769246	98.43230204587374	-4.8056835549110073e-005	2.3381523395928099e-006	-1	
-104.27623718170285	98.829460457218275	-4.6811294973204909e-005	2.5685578628411712e-006	-1	
-114.62578992055786	98.939410027707382	-5.0637456231231684e-005	2.0643659865485912e-006	-1	
-113.16247295574841	98.485877235772747	-4.9964665393637187e-005	2.0840029175540982e-006	-1	
-111.61572286438887	98.631282906874929	-4.9492718181613368e-005	2.0857494000102527e-006	-1	
-112.56274763926555	99.321577225467934	-5.0119843619914735e-005	1.9806560077023853e-006	-1	
-103.26711525235439	100.79575231910769	-4.7184769548376921e-005	2.6415524343939824e-006	-1	
-98.069042912535679	103.9268924840971	-4.626978944257426e-005	2.9639880014840708e-006	-1	
-86.921562519301673	100.87575838526703	-3.9950404311326743e-005	3.2124189146927782e-006	-1	
-91.603777474613196	104.04365185203073	-4.3431522993647587e-005	3.1898145287162148e-006	-1	
-78.808276551619144	89.458252063156479	-3.2308744118341092e-005	2.9483385016556903e-006	-1	
-75.960848360294605	84.499811678080277	-2.9632200368354545e-005	2.7960537309373502e-006	-1	
-72.808356879602826	77.129754570410483	-2.6456496180881462e-005	2.5704376453464018e-006	-1	
-81.268915615517301	100.95493467997724	-3.7121925313132532e-005	3.3304428125934103e-006	-1	
-78.33296410369698	95.156326863819814	-3.3717035567081326e-005	3.1546992255916556e-006	-1	
-71.220779368089424	71.862155835738974	-2.4652538431481797e-005	2.4289256869728067e-006	-1	
-65.783200456929876	71.025057054537484	-2.2077167167377599e-005	2.3088348688314311e-006	-1	
-200	143.79124804300204	-8.2562750074061564e-005	3.2293940606191023e-006	-1	
-192.87785872819924	143.79124804300204	-8.2501248353051125e-005	3.2343288429332761e-006	-1	
-43.91544253281031	40.465486777657965	-8.6655244459202453e-006	1.2451032400689814e-006	-1	
-45.636813733425434	35.217238601957717	-8.2071496613014618e-006	1.2483142939762354e-006	-1	
-67.232496024130228	2.3612107724248808	-6.9254027995873736e-006	4.0160919702853475e-006	-1	
-68.011963549944952	2.0835513637536325	-7.608744191946918e-006	3.9362712346758971e-006	-1	
-64.061612947477727	3.1721710889247436	-3.9972893383127329e-006	4.0145685825634711e-006	-1	
-65.855380749670601	2.7205702292314191	-5.6405010305927216e-006	4.1131652694675723e-006	-1	
-66.51540684010412	2.3793244088077241	-6.222060969935173e-006	4.1261089353758574e-006	-1	
-68.842078369708432	1.8790284365184553	-8.3279036510182935e-006	3.8176549311629031e-006	-1	
-62.727462371257658	3.8082607921763967	-3.1296018339228041e-006	3.6252717357943355e-006	-1	
-60.237458604984049	3.9260873244659122	-1.3202289265369867e-006	2.985117745480315e-006	-1	
-61.597061026816547	3.479868137231537	-1.9300392911779719e-006	3.4878923665950205e-006	-1	
-58.975163583219533	3.2521128542243005	3.0407474447486376e-008	2.6446589725539944e-006	-1	
-57.147875984745028	3.892829867476638	3.1213287946157773e-007	1.9381568692453868e-006	-1	
-53.493300787796024	5.1742638939813101	1.8369072922355386e-007	1.144122229567435e-006	-1	
-49.838725590847019	6.4556979204859832	2.0549236520267246e-007	4.9668478859771317e-007	-1	
-46.184150393898008	7.7371319469906563	8.0290784537862743e-008	3.7616730795297558e-007	-1	
-42.488715783517556	14.338601193690504	-1.8747689771694608e-006	6.2679355846045961e-007	-1	
-40.70034793120584	19.244282623013021	-3.0554810250995585e-006	7.2826402369447947e-007	-1	
-39.799499007314246	24.489338990964118	-4.2603850405373906e-006	8.2969370960763192e-007	-1	
-39.958838697797177	29.429523963394491	-5.4376312880604386e-006	9.4440713380374019e-007	-1	
-69.758903525763998	0.55627613380912022	-9.0298150096082138e-006	3.7470174209045494e-006	-1	
-69.276411270242903	0.83594260441382795	-8.6332487562540904e-006	3.824659927547412e-006	-1	
-69.423665025507177	0	-8.7451992502682708e-006	3.8155419268198135e-006	-1	
-48.39742755899691	50.824259659983326	-1.1873077235638574e-005	1.5097065315302725e-006	-1	
-55.208112551209091	65.732224764642211	-1.6658357186935206e-005	1.9319126259070686e-006	-1	
-60.196450862601374	71.577280476891318	-1.9691047306984469e-005	2.1864864386623995e-006	-1	
-47.819451206707789	60.670105081088032	-1.3013898081902928e-005	1.6141171031648748e-006	-1	
-43.249770307965164	47.821301567186879	-9.6447129988681877e-006	1.3026323613310518e-006	-1	
-39.93100641713221	44.290600705912674	-8.0566914440476297e-006	1.1492303205818657e-006	-1	
-116.59525243034466	99.806589479791015	-5.161361649507808e-005	2.0821459555884599e-006	-1	
-117.79954348759017	99.658721131127805	-5.1879508341000122e-005	2.2091863948450724e-006	-1	
-115.39096137309916	99.954457828454181	-5.1324470712847767e-005	1.9790490059920884e-006	-1	
-119.67623513161367	99.884780493822092	-5.2367183755188341e-005	2.538424258446999e-006	-1	
-119.11366873191771	100.10487045652683	-5.2321791445800406e-005	2.4732941329572832e-006	-1	
-118.34074195499582	100.41560364810785	-5.2247100374356528e-005	2.400544668146477e-006	-1	
-120.20812560208117	99.362984433801458	-5.2308094009291855e-005	2.5670969708366244e-006	-1	
-120.08508013303435	99.688918790922614	-5.2379816832128982e-005	2.5897859765586222e-006	-1	
-120.35369213130579	99.345111111428437	-5.2320420006474479e-005	2.6021934968068031e-006	-1	
-125.73346240872418	124.2205515141308	-6.459499826560787e-005	4.4863318740975714e-006	-1	
-125.41611514067692	123.11387611378443	-6.3950936134647173e-005	4.5151723237718487e-006	-1	
-127.60541939241359	126.9389687804878	-6.6492202631543651e-005	4.2677185311277387e-006	-1	
-126.74561436756478	128.54651215697271	-6.7125098294754963e-005	4.2691158632075408e-006	-1	
-126.62717406727631	131.69298244659683	-6.8798678330885725e-005	4.1638480432415481e-006	-1	
-125.90170377363457	126.29026740206768	-6.5709917279706121e-005	4.4147477442388267e-006	-1	
-127.06972753457288	136.30515426048876	-7.1472436544491619e-005	4.0072007065596238e-006	-1	
-129.91116483773095	143.55063586480188	-7.6231422866177508e-005	3.7993177627982481e-006	-1	
-134.55065563063954	145.36901686243922	-7.812644858098272e-005	3.7022993207559369e-006	-1	
-139.14495303848415	147.29873590891324	-7.9971331370424356e-005	3.6119971647616501e-006	-1	
-151.42087935307399	147.29908288432262	-8.1615545109529927e-005	3.4594489036378754e-006	-1	
-145.29892234212534	149.75705630274368	-8.2231655301050435e-005	3.5077785700545211e-006	-1	
-158.30542910990127	151.57468625487283	-8.4633142473004695e-005	3.3657239412853185e-006	-1	
-165.82147513771349	154.60566986490747	-8.6866465417223497e-005	3.2920565053282234e-006	-1	
-172.14168592856885	152.40701057786066	-8.6089642678971004e-005	3.2693272578488586e-006	-1	
-177.94596743917816	151.42384381289114	-8.5879317164791618e-005	3.2473710688225479e-006	-1	
-188.11815694528747	147.37087846373623	-8.4177763148909481e-005	3.23203293596833e-006	-1	
-186.64158511804206	156.13204314565749	-8.8625190974608604e-005	3.1982063761406447e-006	-1	
-114.6397252163202	111.08480688321286	-5.5550843110517174e-005	2.9921530031736691e-006	-1	
-115.97905092546875	107.04161562247876	-5.4158536860777512e-005	2.8155541194460385e-006	-1	
-114.97476905820207	114.25650802958081	-5.7069166531365187e-005	3.2929259845875458e-006	-1	
-117.84960540585826	117.68095382546267	-5.9367022036824455e-005	3.9381534339048139e-006	-1	
-121.39439354169011	118.81213970700546	-6.076914379029008e-005	4.380305106214018e-006	-1	
-123.96283767124218	121.87975120105132	-6.2933413315820902e-005	4.643650309039383e-006	-1	
-123.00617902651362	120.94788328166391	-6.2202565999524794e-005	4.6717514330004449e-006	-1	
-122.0779125860426	120.19891583190011	-6.1600202780704778e-005	4.5564183607688152e-006	-1	
-124.39047918868359	122.52428955590072	-6.3372420027342215e-005	4.6277991684316526e-006	-1	
-117.01651932276071	104.25040574311421	-5.3298842518612212e-005	2.6839238699238541e-006	-1	
-118.7371263250829	101.51177551345593	-5.2707368777978385e-005	2.6028080475308605e-006	-1	
-117.16108693973396	102.28862339337306	-5.260293989622954e-005	2.4880347357433452e-006	-1	
-119.54799405065394	101.04015010038644	-5.2720115498708291e-005	2.6682719818025212e-006	-1	
-120.37156545367878	99.490677640653047	-5.2362259591822652e-005	2.624029462310422e-006	-1	
-120.06895632297575	100.11124485681218	-5.2508519223795611e-005	2.6431356790784637e-006	-1	
-119.634570607938	100.41078185106585	-5.2525459981001919e-005	2.6037884713970299e-006	-1	
-109.50000722545894	98.917688210353717	-4.8839483202128007e-005	2.1919440158223833e-006	-1	
-110.40444402323868	99.295219546107035	-4.9329653396249325e-005	2.0790478667118309e-006	-1	
-106.34677427691508	99.602446156810871	-4.7921049864740135e-005	2.431376431708761e-006	-1	
-108.9453699522257	99.725718733164683	-4.8959117465903029e-005	2.1992872156719806e-006	-1	
-108.09519392260285	100.50201793381063	-4.8950378102398827e-005	2.2679154569912162e-006	-1	
-113.49642917527331	99.458779168881961	-5.0497957906016519e-005	1.9683126359767713e-006	-1	
-114.18667031585366	100.10232617711736	-5.1013255825165869e-005	1.8978000306559774e-006	-1	
-112.00259182749322	99.737490200242036	-5.0104068012193845e-005	1.9286241378882257e-006	-1	
-111.30839219933979	99.853022577450332	-4.9900456946173513e-005	1.939122579333731e-006	-1	
-112.38023372998541	100.32412870011214	-5.0500431815265668e-005	1.82878709600371e-006	-1	
-112.98237925860815	100.25019452578057	-5.067798883785386e-005	1.8438727993481919e-006	-1	
-104.12553160728582	104.30496585417472	-4.8948053207989819e-005	2.6751540223106719e-006	-1	
-106.4792326257236	101.5642451845485	-4.8757110983031705e-005	2.424034433790919e-006	-1	
-95.122541883649106	109.46874051181292	-4.7314280608112994e-005	3.2680378839548994e-006	-1	
-101.39307252627518	109.19598909492369	-4.9908230582596593e-005	3.0244172432621192e-006	-1	
-84.16968487979554	106.23026929358221	-4.0600154355751004e-005	3.472924040055364e-006	-1	
-89.288519327699973	109.39904689780548	-4.4525821347965137e-005	3.4470284549495217e-006	-1	
-72.73616833782954	89.648413254365622	-2.9279351755358438e-005	2.9526284738268911e-006	-1	
-68.49408155766389	83.407358914314443	-2.574323936970377e-005	2.6910249702849227e-006	-1	
-65.208217370686356	77.638839334570733	-2.3023368324815962e-005	2.456624207958811e-006	-1	
-78.641976226791954	105.83461639279001	-3.7442713731541064e-005	3.5971533602352671e-006	-1	
-75.641311969246289	101.07229446620482	-3.4095326544457982e-005	3.4295376010352072e-006	-1	
-70.796721128614351	98.206350345009966	-3.045831648119297e-005	3.3341868175611849e-006	-1	
-200	150.03666492711292	-8.567759196202203e-005	3.2092941655939177e-006	-1	
-192.53610326554923	151.36465679040694	-8.6291907783641204e-005	3.2091186368274175e-006	-1	
-37.844852041076997	37.458304024392163	-6.3929758412158354e-006	9.9334855116987004e-007	-1	
-66.859775010403723	1.8090462839692789	-6.4656198746019163e-006	4.2130363673521502e-006	-1	
-67.239649850891453	1.6950610901856538	-6.8323542456813202e-006	4.1569557756924464e-006	-1	
-67.784471106050063	1.4030001182503911	-7.3298566009677902e-006	4.0897804670434619e-006	-1	
-68.211578192711272	1.3943077172986564	-7.7270716259592453e-006	3.9952551663414897e-006	-1	
-64.816445231715804	2.3034339372935082	-4.3821872975986051e-006	4.3422680706456758e-006	-1	
-64.188930401063487	2.0283764036927892	-3.499344718657405e-006	4.5063397361005696e-006	-1	
-63.463660272985877	2.5266288168800233	-2.9852603752261832e-006	4.2348438519469977e-006	-1	
-66.20449341739544	2.0646712314858502	-5.8312426044045558e-006	4.2686938764650852e-006	-1	
-65.426845534898874	1.9922378908001166	-4.9589326534354307e-006	4.4125780871479374e-006	-1	
-66.474629782056923	1.7143854582853741	-6.0502439599793624e-006	4.3192282454496152e-006	-1	
-68.59880336353821	1.1218614006490317	-8.0599780379024109e-006	3.9406309283636333e-006	-1	
-62.617314244097351	2.8927290498219409	-2.4005182178388507e-006	3.9402901904509184e-006	-1	
-60.802451181694046	2.6113958409719631	-4.878402340758004e-007	3.5164482027477692e-006	-1	
-61.716094980931295	2.2910373343457962	-9.8599017049732214e-007	3.9527531980115259e-006	-1	
-59.452099340748724	1.6862884519501455	7.8060526274380972e-008	-9.8686575120635034e-007	-1	
-57.49065483031027	1.9443977672470338	-4.5363275697553654e-008	-4.8469200031270284e-007	-1	
-54.668643974159437	2.6742393947325418	-6.5917701912700602e-008	-4.0633014997656559e-007	-1	
-51.764360782846666	2.8351368544290705	-7.3400439832615004e-008	-2.9136377123821558e-007	-1	
-48.99052387755237	1.9791458515398923	-3.8876818575824181e-008	-7.7060896834325651e-008	-1	
-45.342861395058137	3.7642082959437322	-4.2706690810691098e-008	-1.2920568132506002e-007	-1	
-38.875	10.299999999999999	4.1388982484611096e-008	2.8431759424317353e-007	-1	
-39.893344008729933	4.8395453485543429	-1.610988533084414e-008	-9.7238361052327114e-008	-1	
-36.721657924878791	15.862863439484443	-1.4122241098251802e-006	4.5120608573132715e-007	-1	
-35.807014398749239	20.970502288723942	-2.604470672914362e-006	5.9119887213365977e-007	-1	
-31.934755060464557	26.389086085012526	-3.0730438421739586e-006	6.0552788794595846e-007	-1	
-35.021042451964867	29.650849365087176	-4.3346655043310184e-006	7.7477356030880068e-007	-1	
-69.166913696243313	0.28911320441183541	-8.5289171219606289e-006	3.8657897207446414e-006	-1	
-68.762093458976437	0.62032882834093339	-8.1851425325768924e-006	3.9430579460421917e-006	-1	
-68.910162366979449	0	-8.3079792612243358e-006	3.9256204661897952e-006	-1	
-42.677146514987328	52.495940627972118	-1.0088499773591759e-005	1.335548180900889e-006	-1	
-54.890025390111944	73.409920769704215	-1.7588956452420443e-005	2.0754393474748358e-006	-1	
-49.296692333610146	69.332751641560208	-1.46575049786257e-005	1.8073069307842301e-006	-1	
-59.389825197236448	77.133005161745714	-2.0202897941989469e-005	2.3041240669376684e-006	-1	
-43.514252020650275	67.690934996127595	-1.2105937012657388e-005	1.5709352417179315e-006	-1	
-41.519123471457782	62.020693383783367	-1.0782068764513316e-005	1.4137629631418242e-006	-1	
-38.760402234544813	49.244580407842292	-8.3726888163613904e-006	1.1641305761147668e-006	-1	
-34.832363832723161	46.662973051333275	-6.8359545316335957e-006	1.0019860976554506e-006	-1	
-33.086352426969583	42.245355053185015	-5.7932015143800095e-006	8.9568812844778681e-007	-1	
-117.30220788661062	100.58626366527655	-5.2050071761539126e-005	2.2849667078315926e-006	-1	
-116.1949986470598	100.87985897862865	-5.1858124371349134e-005	2.195064157961627e-006	-1	
-114.74020470154106	100.83251369986614	-5.1428638636462781e-005	2.045466357285694e-006	-1	
-119.13624795176368	100.6628709689155	-5.2506557964108925e-005	2.5545679501746121e-006	-1	
-124.88328637910131	124.99685071477676	-6.4759776870464302e-005	4.5666267031711629e-006	-1	
-124.63531621457243	123.8748425808663	-6.4115652517898552e-005	4.6321926627472238e-006	-1	
-124.34118842095462	123.2962204974546	-6.3742053395246707e-005	4.6695990226994038e-006	-1	
-124.93632439528547	129.03679518381807	-6.6927647640277078e-005	4.3418345309533502e-006	-1	
-124.76891679656067	127.1697434046506	-6.5875637802027869e-005	4.4567346710772114e-006	-1	
-122.86736048748139	130.56919521161586	-6.7243680471170276e-005	4.3300933578872863e-006	-1	
-122.08653753378044	133.79679476745321	-6.886807573847401e-005	4.1834665433007671e-006	-1	
-124.32864910586808	125.80488123758771	-6.5027718358120573e-005	4.5834844575087984e-006	-1	
-123.45529077040077	139.2040901497551	-7.2331664061328708e-005	3.9866165573069494e-006	-1	
-126.29003180682619	147.48577057074257	-7.7881628046789971e-005	3.7704851829480471e-006	-1	
-129.36561075344494	151.86055099089214	-8.1114929534487369e-005	3.6633032852426805e-006	-1	
-134.90209533890041	150.96624284934404	-8.1474100347133109e-005	3.6154196257539666e-006	-1	
-137.57490877269674	155.59028573259658	-8.4618845417660257e-005	3.5244763954808952e-006	-1	
-142.90463975679845	155.93622196248131	-8.549579520629596e-005	3.4667078674447999e-006	-1	
-150.52272476616002	153.83462488996938	-8.5131169849601921e-005	3.4160580239088783e-006	-1	
-161.69022585049476	159.11082274844011	-8.9036927012319994e-005	3.2868113785665753e-006	-1	
-155.62491104493373	159.86949229876498	-8.9003768837529193e-005	3.3215917626868972e-006	-1	
-168.88316837759754	158.2517715200527	-8.9027252516763196e-005	3.2511701180787606e-006	-1	
-176.81104151545841	157.20036905647927	-8.8853319920190272e-005	3.2222997315857661e-006	-1	
-182.10861397177817	160.18406822579928	-9.0625505311418313e-005	3.1879118224364281e-006	-1	
-193.50021950498771	158.58447421878225	-9.0027652882266354e-005	3.1745759048185967e-006	-1	
-186.20448864815944	164.67745729178694	-9.3127256218184166e-005	3.1506182141233438e-006	-1	
-113.15607247906205	108.1554486028466	-5.3868716172100471e-005	2.5901705615110264e-006	-1	
-111.57522403990906	109.9053163494235	-5.4192933675077688e-005	2.5411207582967798e-006	-1	
-111.95159740745689	112.97063144099646	-5.5682651667792916e-005	2.8183853269522496e-006	-1	
-112.4342627896369	105.91042974093597	-5.2711307888480055e-005	2.3372861303752118e-006	-1	
-115.04978187433188	104.21254293047508	-5.2763207817258583e-005	2.4599569919091015e-006	-1	
-114.2313554661667	117.35800424415723	-5.8318841052708414e-005	3.4833284073868493e-006	-1	
-112.32797077500472	116.03594653256943	-5.7208375675477812e-005	3.1166942688340951e-006	-1	
-116.81213700856631	120.47216370482722	-6.0408643187163674e-005	4.1312080387935124e-006	-1	
-114.43876718259348	119.66618323531183	-5.9454831661653251e-005	3.747712896035292e-006	-1	
-118.77887445699514	120.51002651746636	-6.0911925377974348e-005	4.3365584227586208e-006	-1	
-121.08324637329169	120.61427993493339	-6.1542826405536506e-005	4.5335888646948994e-006	-1	
-123.67200934125208	122.81083455523472	-6.3309299545226785e-005	4.7562435283232115e-006	-1	
-123.19436571028754	122.4805408274504	-6.3007828115387517e-005	4.8038174255341234e-006	-1	
-122.30206763698224	122.08061101791638	-6.25646816780031e-005	4.7446145436525713e-006	-1	
-121.9271911636357	121.26623549615471	-6.207250884731953e-005	4.6492250216221909e-006	-1	
-115.46248164107226	103.04439717451878	-5.2431375013121136e-005	2.3820903780281241e-006	-1	
-115.52220991129926	101.80693277569269	-5.1994931704939549e-005	2.245356188986317e-006	-1	
-109.57231093321934	99.89508680074448	-4.9264386530106331e-005	2.1143295045040237e-006	-1	
-110.62692334426035	99.943692502827872	-4.968310857737761e-005	1.9772455223462222e-006	-1	
-110.218936392641	99.95522041191748	-4.9532715547678848e-005	2.0253048186295007e-006	-1	
-109.1933401167546	100.84772686707512	-4.9508874617391038e-005	2.1284407959839026e-006	-1	
-108.41254119065009	101.608693334157	-4.9521297726524392e-005	2.2336457517218471e-006	-1	
-113.82680998380508	100.90520636887983	-5.1176519770903685e-005	1.9826325001798997e-006	-1	
-111.77808820136265	100.39806287444374	-5.0315980232231561e-005	1.8226058138583666e-006	-1	
-110.84761960302176	100.28702820844025	-4.9912921056413524e-005	1.8962599213732071e-006	-1	
-111.17594267273989	100.47199704877535	-5.012201479709485e-005	1.8315016965702732e-006	-1	
-111.81522244076682	101.00100697965928	-5.0548978743073307e-005	1.8902431728518708e-006	-1	
-112.64036315187178	101.11552215642998	-5.0871355385910012e-005	1.9353527042215699e-006	-1	
-107.63324362267775	105.16949734011756	-5.0688391490523715e-005	2.4537732742634331e-006	-1	
-106.87490538609917	108.03929143870668	-5.160945918495998e-005	2.6815467539722398e-006	-1	
-108.61843351702485	103.20630351428119	-5.0255565693924408e-005	2.2634113659526726e-006	-1	
-96.268183966259997	115.63975761550651	-5.0668345216542794e-005	3.486203364734481e-006	-1	
-104.03441508403969	114.13681397175206	-5.3222171663368097e-005	3.19626711135134e-006	-1	
-79.17550931612233	111.41123631462735	-3.9974583003535612e-005	3.8321988223114503e-006	-1	
-86.160844572139055	114.32432120555563	-4.5142092659006907e-005	3.728858787795921e-006	-1	
-91.012675139802397	117.87122147865375	-4.9293256986973521e-005	3.7160885591218135e-006	-1	
-66.774406558453279	90.816341302055974	-2.6374867684628634e-005	2.9604809487520482e-006	-1	
-60.976177170386094	82.753774069265845	-2.1853326634753942e-005	2.5217621802904406e-006	-1	
-74.108468930394778	109.02200023599272	-3.5914446291857713e-005	3.8729422907622887e-006	-1	
-67.960895684909033	106.12779858438547	-3.1015232075957749e-005	3.8481231269135012e-006	-1	
-65.485959055014163	96.307290637604623	-2.6888444131985855e-005	3.2257870848651178e-006	-1	
-63.318310001006139	102.06181596705062	-2.6870998447261845e-005	3.5971953340134745e-006	-1	
-200	156.2820818112238	-8.8871929683993875e-005	3.1824749615606551e-006	-1	
-29.464603545246348	36.549557377050121	-4.1417866193355222e-006	7.1241588252708082e-007	-1	
-66.700076158611452	1.446012131893061	-6.2529177398924152e-006	4.3414164030187965e-006	-1	
-66.91490480198469	1.169066351988671	-6.451101890362906e-006	4.3550589072404559e-006	-1	
-67.323090619099844	1.0825519477223235	-6.8605669925939697e-006	4.2625769254997618e-006	-1	
-67.776771681051059	0.99962865535944667	-7.2993059028631191e-006	4.1542690240824829e-006	-1	
-68.007392849274694	1.0667357659651895	-7.5195874370055286e-006	4.0854316093221475e-006	-1	
-68.229753326313329	1.008737098224435	-7.722321585061235e-006	4.0374117492107179e-006	-1	
-64.814617199744319	1.6182856556943936	-4.1232604643014181e-006	4.6496144111467944e-006	-1	
-64.457026378643036	1.3299618144672936	-3.5540071815470502e-006	4.8399348155369289e-006	-1	
-63.543382579405794	1.6503203210934609	-2.3457581432245179e-006	4.7634904169586119e-006	-1	
-62.629738780168545	1.9706788277196285	-1.7874703516115156e-006	4.3400169859506141e-006	-1	
-66.054008488394103	1.6487048090877947	-5.5766048964350658e-006	4.4333220905636096e-006	-1	
-65.260730649269377	1.5088113531905978	-4.6281168187745714e-006	4.6406750253444695e-006	-1	
-65.747618907096452	1.3531347753667617	-5.1638564834810694e-006	4.61323151640469e-006	-1	
-66.361728050954369	1.3545196782954341	-5.8751862146548677e-006	4.4538774542288797e-006	-1	
-68.359448528716115	0.81903422085496924	-7.8339150743101215e-006	4.0244123532985869e-006	-1	
-61.020456605917737	1.2177489505644639	1.2354781638876227e-007	-7.2474665922514345e-007	-1	
-62.407286014539416	0.9599075040988414	7.1280632693219115e-007	-1.7458028527090634e-006	-1	
-59.608755218661202	0	-1.0760625210217402e-008	3.6095239142883336e-007	-1	
-55.36146268221767	0	2.9081470168129398e-008	1.8930205830473914e-007	-1	
-51.114170145774139	0	3.589777467008107e-008	1.5948231629321407e-007	-1	
-46.866877609330601	0	1.9581770956624309e-008	3.8943846720106025e-008	-1	
-42.619585072887077	0	1.3242742553436422e-008	5.5501651284707984e-008	-1	
-33.594320219281641	6.4899979571273967	-1.0345507637148439e-008	-7.2742154525074222e-008	-1	
-31.565849606101988	12.862868053009349	2.8213599177773344e-008	1.7628408622883446e-007	-1	
-34.125000000000007	0	6.5509382158120905e-009	4.3979248637502559e-008	-1	
-29.006816019448785	17.268722934119758	-7.6731315514111242e-007	2.6261930959056517e-007	-1	
-30.734242010679267	22.062073492533465	-2.0232221352840634e-006	4.6168548760432787e-007	-1	
-27.547701791971253	25.430945605970248	-2.136236795967175e-006	4.6388535849142125e-007	-1	
-28.723452044543354	30.952788041639767	-3.199124865684239e-006	6.0540729342864605e-007	-1	
-68.781786702347517	0.25469099331451422	-8.1979390439204641e-006	3.9530416860722467e-006	-1	
-68.51306759760898	0.35028312737241363	-7.964494827388925e-006	4.0181651101189156e-006	-1	
-68.403717635229228	0.53967320736575308	-7.8682601171336836e-006	4.0360179273736299e-006	-1	
-68.653411037715586	0	-8.0868829039183666e-006	3.989187908904414e-006	-1	
-38.435074180498724	56.363232972443939	-9.0684098517243027e-006	1.2326805061052804e-006	-1	
-50.807717156717409	76.087415716434691	-1.6050689445328621e-005	2.0060212748497543e-006	-1	
-52.763930359646238	80.560384485260926	-1.7482727388406912e-005	2.1990110893140802e-006	-1	
-43.787289532609158	75.983429956823244	-1.290140414958938e-005	1.735216251089295e-006	-1	
-37.612425577726185	68.831383376268064	-9.8445601745352328e-006	1.3593070220551168e-006	-1	
-35.146458612465025	61.068138435291246	-8.3539722703642737e-006	1.1665231410059675e-006	-1	
-34.106533775823095	51.30703947612389	-7.1132179271582802e-006	1.0248581041669989e-006	-1	
-30.158615772618642	47.163234283127501	-5.5102738306092917e-006	8.4962822668119394e-007	-1	
-26.483736522590608	40.843699122163066	-3.9128695250982869e-006	6.7480551159564931e-007	-1	
-114.3091308146553	101.64106143411659	-5.1584799839178789e-005	2.1122292921298978e-006	-1	
-124.25634539810767	124.82748264719696	-6.449428225442408e-005	4.6607648789720433e-006	-1	
-123.95367756258737	123.81694116061063	-6.3892211050506462e-005	4.7509785365381471e-006	-1	
-124.04156515529465	124.21461236462309	-6.4118225627513253e-005	4.7272015063613802e-006	-1	
-123.69904708172452	123.39092622506352	-6.3605801141060499e-005	4.7889719524306147e-006	-1	
-123.25390993913764	128.21012157957753	-6.6033558202627888e-005	4.4745151122129583e-006	-1	
-123.38516938773407	126.79301076322825	-6.5294481786601799e-005	4.581527898445576e-006	-1	
-121.84462522511257	128.40848665582644	-6.5764079796059804e-005	4.5116085832908275e-006	-1	
-119.82410098224871	131.36606149780783	-6.6900471356929982e-005	4.318996304155842e-006	-1	
-119.2558561167904	135.53297623647506	-6.9158772158974677e-005	4.1299554138831811e-006	-1	
-123.42421230808833	125.4273499018344	-6.4567254350517164e-005	4.7164331841887515e-006	-1	
-121.00542246563904	146.66675061222756	-7.6300065362464489e-005	3.8369402349666972e-006	-1	
-115.06840769304003	140.52826072549917	-7.108896922360004e-005	3.99411273921428e-006	-1	
-121.21586712093136	153.57344251869219	-8.074165132121222e-005	3.7108355503678911e-006	-1	
-133.33269256043553	158.83517492122365	-8.6033221166532267e-005	3.5202010628114004e-006	-1	
-125.31444580717334	159.13656509476832	-8.5062320972252987e-005	3.5854866027538387e-006	-1	
-138.23722215136806	162.84812969204401	-8.9105882605857616e-005	3.4248957430122849e-006	-1	
-149.86765655069033	161.71008139090512	-8.9586577545453538e-005	3.3454399173927349e-006	-1	
-144.40591873243429	164.29912900001221	-9.0613589516759283e-005	3.3588923933899439e-006	-1	
-165.8739078561166	161.94126659237094	-9.086636193443798e-005	3.2413697746408785e-006	-1	
-161.45859483807152	165.21901153491618	-9.2444379793642239e-005	3.2381880883199825e-006	-1	
-157.38437755946288	167.58658373534396	-9.354953951778587e-005	3.2392595622409166e-006	-1	
-170.88566488569671	162.57126576242123	-9.1477506115520579e-005	3.2124121362470303e-006	-1	
-177.79481303023255	166.25622651307901	-9.3757141596302883e-005	3.1612125697637599e-006	-1	
-200	162.52749869533469	-9.213665012163807e-005	3.1494371346719827e-006	-1	
-193.45535181883054	165.86824183677771	-9.3875332135355831e-005	3.1325877335048098e-006	-1	
-187.32060369506746	169.91272573591354	-9.5972671783683432e-005	3.113326898521463e-006	-1	
-182.60089049663313	172.43820703747318	-9.7259030951248534e-005	3.104069606225446e-006	-1	
-111.19885067236122	106.8400012578505	-5.2741950710396979e-005	2.2763223263066031e-006	-1	
-109.6700097974275	108.5834832784911	-5.2915597002364154e-005	2.5428729278545444e-006	-1	
-108.85276987676103	111.79535565354534	-5.4021115085227233e-005	2.8500647432493112e-006	-1	
-109.32966075850588	114.94881348621455	-5.5625639471280023e-005	3.0999931073971501e-006	-1	
-111.75074374528442	104.52365361604132	-5.1929250475013964e-005	2.1659160163951213e-006	-1	
-111.01066398858731	105.30734371206401	-5.2030875077468659e-005	2.151176933794995e-006	-1	
-112.74540995803534	104.10828951300805	-5.2061145639492262e-005	2.2232805564883159e-006	-1	
-113.48675034337812	103.04057287744268	-5.1860439642936661e-005	2.1941419305455465e-006	-1	
-114.42983226694392	102.35991132752216	-5.1881508156607308e-005	2.207134593246188e-006	-1	
-112.70434414255256	119.10126162414241	-5.8761340001529388e-005	3.4498038846953142e-006	-1	
-110.79912990007104	117.77942855321002	-5.7473650199601452e-005	3.3261082332048222e-006	-1	
-118.36617469025477	121.67817227342266	-6.1345117168426982e-005	4.4523221555848802e-006	-1	
-116.66756939159306	122.43394605456837	-6.1272064303644107e-005	4.3846253927264715e-006	-1	
-114.74991240503715	121.46355586199266	-6.0374301762474595e-005	4.0029601334778695e-006	-1	
-112.89253082632648	120.63391916992892	-5.9544692042269184e-005	3.6366615114954707e-006	-1	
-120.34190598794889	121.68199657049875	-6.1851494638090782e-005	4.6063444572529266e-006	-1	
-119.39882406438309	122.36265812041928	-6.1920058383259602e-005	4.6325572566231074e-006	-1	
-121.40709245819639	121.63035698725182	-6.2107738636969426e-005	4.6614498176343935e-006	-1	
-123.2884590521745	123.24686960034364	-6.3415484509637247e-005	4.8614454007056717e-006	-1	
-122.8089373041485	122.91680647633805	-6.3110558544883532e-005	4.8362779572320228e-006	-1	
-122.20859326678502	122.70899182255668	-6.2838714076202272e-005	4.8079221123833535e-006	-1	
-121.77278281979856	122.14935379177926	-6.2452192353748236e-005	4.7340156721688044e-006	-1	
-109.78709117603238	100.50795708331833	-4.9595409787337373e-005	2.0455331796945085e-006	-1	
-110.47235270007997	100.32144131002292	-4.9780246758086459e-005	1.9355697781430321e-006	-1	
-110.21930162298588	100.40057132714271	-4.9715070194307765e-005	1.9730501083119161e-006	-1	
-109.48746791037239	101.42634895048683	-4.9857101726193686e-005	2.0849251820010594e-006	-1	
-109.87497876873964	100.9056282873308	-4.9791205761559163e-005	2.0158346225000258e-006	-1	
-109.43817714264343	102.1982798920407	-5.0154444025337529e-005	2.1153896160322708e-006	-1	
-113.58874436470438	101.75222515374169	-5.1406245809300834e-005	2.0680721056273864e-006	-1	
-111.21612208641533	100.92355175926572	-5.0305215549641457e-005	1.8741669548911193e-006	-1	
-110.57379714411717	100.54593122310692	-4.9913828743110068e-005	1.8681552877863355e-006	-1	
-110.77203829438673	100.83241654375136	-5.0103167959630482e-005	1.8734676663616849e-006	-1	
-111.38380024110748	101.42384906766779	-5.055781338651317e-005	1.9165570323343497e-006	-1	
-111.92830646195	101.54789489975599	-5.0793533769299227e-005	1.9471879114616627e-006	-1	
-112.88204736119489	101.808422254966	-5.1204942245737319e-005	2.0253328957300178e-006	-1	
-109.55962792167658	104.11414305917845	-5.0988669356041453e-005	2.208011381915128e-006	-1	
-109.27871281647472	106.29788255879784	-5.1792817922604552e-005	2.3904581978455719e-006	-1	
-109.86581866008483	102.8428182468901	-5.058163268032816e-005	2.0884102912113626e-006	-1	
-103.51232991193356	118.81710476192484	-5.5250454824972438e-005	3.489566529518936e-006	-1	
-95.506092159405071	121.39386359579407	-5.3217559855834661e-005	3.7339179003131761e-006	-1	
-108.21870395671434	118.98365252721455	-5.7111045305995605e-005	3.4536271391138685e-006	-1	
-81.063356164511433	116.71600549950877	-4.3467363418449586e-005	3.9867394811464561e-006	-1	
-75.531424192258072	115.66611479938746	-3.9575084315111275e-005	4.1645414543983608e-006	-1	
-85.983451137121008	120.57431413861923	-4.8144895216770659e-005	3.9531814104326354e-006	-1	
-91.541240258834591	124.96532869593207	-5.3340740444316396e-005	3.9252481839424945e-006	-1	
-61.164507763386652	92.682972728153032	-2.3632954457321074e-005	2.9496800402043987e-006	-1	
-52.300736083145317	86.270242032032371	-1.7891298664131199e-005	2.3798037923131513e-006	-1	
-55.487859315258348	91.030417201659134	-2.0178484929753253e-005	2.7033618238890444e-006	-1	
-68.154551437260366	112.29613011944672	-3.3217634042491257e-005	4.272719842247694e-006	-1	
-63.292955903307409	110.16464818180552	-2.8964299990230535e-005	4.2794271003690299e-006	-1	
-57.609664357140531	97.407204488857786	-2.2311611024334615e-005	3.1551347154364057e-006	-1	
-58.452126026089424	107.591218884402	-2.4712457788841367e-005	4.1248296760006509e-006	-1	
-56.068211972137377	103.36186276310973	-2.2234611101623255e-005	3.6319483282539344e-006	-1	
-24.198913386777008	36.142124410225691	-2.9183443589098123e-006	5.6334052174286028e-007	-1	
-66.526949024978435	1.0154736486235623	-6.0249672660016572e-006	4.5050350676372791e-006	-1	
-66.709874368485004	0.80566172243855205	-6.2153985397936492e-006	4.5051363376009168e-006	-1	
-67.059101879800181	0.70438171632849345	-6.5802888305990376e-006	4.4185430100357051e-006	-1	
-67.639986119327844	0.74746983789739052	-7.1610245337806193e-006	4.2301872166861517e-006	-1	
-67.400244469051728	0.58004398345935348	-6.925092076609799e-006	4.3313769301779689e-006	-1	
-67.909826426158077	0.84725847646370989	-7.4205728039736155e-006	4.1391265487275641e-006	-1	
-67.807541250638195	0.71441366152634	-7.3210550862510953e-006	4.1852567488609258e-006	-1	
-68.077166971246172	0.8369074399698968	-7.5762732038481799e-006	4.0956861849972071e-006	-1	
-64.913848278261668	1.1697825611542076	-4.1402541416849189e-006	4.8358578412086602e-006	-1	
-63.994537582143124	0.7381846836792153	1.153327111320502e-006	-1.8416673017794193e-006	-1	
-64.74367723402662	0.68446465587224892	1.132596004609857e-006	-1.1848755380865317e-006	-1	
-63.325136188049285	0.48168688495108497	3.8268201289787496e-007	-7.0319306598789372e-007	-1	
-65.370670177880285	1.0096033078411262	-4.61064882600395e-006	4.8825676476844226e-006	-1	
-66.151333114078639	1.0414954763065467	-5.5960841769581119e-006	4.6138458574684969e-006	-1	
-65.827492077498903	0.84942405452804459	-5.1764216639612363e-006	4.7987409649498512e-006	-1	
-68.224850667383294	0.57026576350191249	-7.7075140123846875e-006	4.0822613864045169e-006	-1	
-61.732401486882971	0	-2.0129311012136633e-007	5.6180549830462481e-007	-1	
-62.794224620993845	0	-2.8370467374258292e-007	6.3397934078700097e-007	-1	
-27.45739836311029	5.8893712588084055	-8.490611082115503e-009	-4.4912075966611586e-008	-1	
-24.256699212203976	15.425736106018691	1.8345387583609444e-008	7.8237225873566582e-008	-1	
-25.630414927112941	0	2.1400184044531878e-009	8.3721243321369035e-009	-1	
-26.04684963010623	21.043374447531804	-1.1809362848857835e-006	3.1419527468788917e-007	-1	
-23.808957231899715	28.174142098507968	-1.9506710588975128e-006	4.3991663023907911e-007	-1	
-21.513938440388717	22.6124860496415	-9.2407516954893526e-007	2.8208222237389618e-007	-1	
-68.43963170204205	0.14428995778997519	-7.90213130742928e-006	4.0449364043488289e-006	-1	
-68.30202325864478	0.2929568361658314	-7.7788223866220979e-006	4.0797871946141703e-006	-1	
-68.17982334406166	0.39447658058148194	-7.667511138182867e-006	4.108941065452219e-006	-1	
-68.396659708451736	0	-7.8664027228843991e-006	4.0591094268858151e-006	-1	
-32.696985080078207	56.522798771659282	-7.1499371841317239e-006	1.0279736184635504e-006	-1	
-47.540023420096865	79.7145905600091	-1.4888726158687519e-005	1.9723683572898227e-006	-1	
-46.727798602776559	84.943822044959248	-1.488727436080017e-005	2.0857511437840255e-006	-1	
-34.652961761125709	73.638376412024442	-8.9282982600632367e-006	1.3063445539977417e-006	-1	
-42.00177647805878	81.532062965870935	-1.2414709958069129e-005	1.7763395742366454e-006	-1	
-34.95001756244708	79.275518061697539	-9.2349145934289148e-006	1.4058086469981673e-006	-1	
-30.635582332219936	67.850539210214805	-7.1660519839375374e-006	1.0666854316022767e-006	-1	
-26.63341752838555	63.559222514541652	-5.5460666863279388e-006	8.6300229485090272e-007	-1	
-27.690895539634489	57.787354328647353	-5.5868658344042179e-006	8.5494583972315036e-007	-1	
-29.126650945171271	52.792819226304147	-5.6941474292075665e-006	8.6446713252825552e-007	-1	
-23.418830644584105	48.370115458518939	-3.7057795169127453e-006	6.3553295783059596e-007	-1	
-21.265563019914381	40.534043135872054	-2.6222371548249537e-006	5.231593823974653e-007	-1	
-123.60971993868603	124.76734903602394	-6.4273100363527371e-005	4.7642390863495889e-006	-1	
-123.54682542321967	123.79855768584335	-6.3765508859587534e-005	4.842276653091085e-006	-1	
-123.62491562951847	124.05732045842431	-6.391719601867478e-005	4.8252395957910887e-006	-1	
-123.60935470834114	124.32199812079872	-6.4044779228852151e-005	4.8112402506237804e-006	-1	
-123.335505723118	123.63003398679027	-6.3620592202274256e-005	4.8841980209928122e-006	-1	
-122.43927418182771	127.04315941584983	-6.5167205440727142e-005	4.6156968176871558e-006	-1	
-122.21293346693814	126.09128654106649	-6.4575972956512935e-005	4.7365549210669757e-006	-1	
-120.63248366135937	127.26476286016354	-6.4790223734379854e-005	4.6463079234208169e-006	-1	
-121.49732915487746	126.77852446885926	-6.4756601017281219e-005	4.6814536727183488e-006	-1	
-119.11645877932256	128.30082630179166	-6.4968222031072813e-005	4.5451415702943479e-006	-1	
-117.35512832608948	131.78153457597983	-6.6487132104674194e-005	4.2761955488141674e-006	-1	
-117.46897875403836	129.28043842916671	-6.5086685183874868e-005	4.4324774696554398e-006	-1	
-114.39041959278235	134.13189026198964	-6.7046959776233473e-005	4.1380907679680395e-006	-1	
-123.20173298706666	124.77887694511357	-6.4153402542521811e-005	4.8252258301239326e-006	-1	
-122.52026413198722	124.86954687049111	-6.3991135154273628e-005	4.8865287603778028e-006	-1	
-113.19177918358083	145.86666652316399	-7.3973691282708002e-005	3.8970920386097524e-006	-1	
-114.68180583436452	151.32561620263627	-7.7926055113601683e-005	3.7982419479922946e-006	-1	
-110.74055951908416	135.76979950849477	-6.6979205290096537e-005	4.0542886190266678e-006	-1	
-108.86320467794665	142.22197809035794	-7.0433280380905594e-005	3.9623724772427643e-006	-1	
-116.14609536690672	157.68980118116008	-8.2523809323170068e-005	3.6822320673305187e-006	-1	
-129.47302139189526	162.96192758213095	-8.8137534660377305e-005	3.4928716564639252e-006	-1	
-119.66700229110319	165.15126684151844	-8.8250321968964216e-005	3.5330040966742432e-006	-1	
-123.90927163807063	167.68046231250625	-9.0551711670696137e-005	3.4620426070985096e-006	-1	
-140.22327176410346	168.86592193145674	-9.3030645591096338e-005	3.3328436093486919e-006	-1	
-132.06725253020099	167.98160026614246	-9.1680171783766807e-005	3.4008284780235897e-006	-1	
-149.55068910386555	167.74607999554752	-9.3101692368210631e-005	3.285133550916538e-006	-1	
-145.14411372771238	170.44772245618779	-9.4395471778331333e-005	3.2822697262056854e-006	-1	
-168.17489436731179	166.43793964620835	-9.3480123422745107e-005	3.1955040860347588e-006	-1	
-165.2101358896175	170.11348734632679	-9.540433783909002e-005	3.1780797516430772e-006	-1	
-159.30464266288831	171.88974844171051	-9.6136673833880271e-005	3.1888226211716089e-006	-1	
-154.35997796133282	171.20012100903895	-9.5467088213936792e-005	3.2204122034562086e-006	-1	
-172.82640498493885	167.25212187458789	-9.4126279753461417e-005	3.1707404113622838e-006	-1	
-176.77275410254632	174.01964453385881	-9.7999173103150108e-005	3.105389644377579e-006	-1	
-200	168.77291557944559	-9.546269304317061e-005	3.1107336162315772e-006	-1	
-195.08464920723077	171.89562402150105	-9.7131697978583868e-005	3.0908722970426364e-006	-1	
-189.92246183407394	174.5907683505643	-9.8553372324657856e-005	3.0758609358813165e-006	-1	
-184.28274296966018	177.70355898716463	-0.00010019072472876314	3.0597214564715263e-006	-1	
-111.90146516769133	103.45633395178673	-5.153814766615584e-005	2.0998903517961168e-006	-1	
-110.82247730481339	103.77468616627752	-5.132608883981768e-005	2.0344661515730901e-006	-1	
-112.42156387313062	103.09221246068961	-5.1555048826242593e-005	2.1118519462524628e-006	-1	
-113.26702278584449	102.38394819008847	-5.1542575796159845e-005	2.1114812422191138e-006	-1	
-112.58098045048969	102.47766101569778	-5.1363962493345925e-005	2.070183867063121e-006	-1	
-110.97239297043991	120.09180047087625	-5.8625987051189849e-005	3.5567449519801398e-006	-1	
-118.30644642002775	122.91563667224875	-6.1890483114542111e-005	4.6301456523847841e-006	-1	
-116.52644844471639	124.13630578266489	-6.1995844938319566e-005	4.650655360106766e-006	-1	
-117.63365768426721	123.84271046931279	-6.2134261872129218e-005	4.7226558605746188e-006	-1	
-115.09153000624411	123.21079393448549	-6.1257987357062293e-005	4.2976630460202165e-006	-1	
-114.03794542333745	123.09531763516677	-6.0975905139676716e-005	4.1171975510329515e-006	-1	
-113.0807175101004	122.16657671571539	-6.0327671717663283e-005	3.8409898055511579e-006	-1	
-111.77325809570746	122.14271405990395	-5.9878395198625803e-005	3.7917361082711075e-006	-1	
-120.56163354548254	122.33862125785295	-6.2213228814407995e-005	4.7042154459033748e-006	-1	
-121.24767588083732	122.24490843224366	-6.2353896988953441e-005	4.7250917981890306e-006	-1	
-119.51952551667171	123.08150801382483	-6.2276133369086254e-005	4.7508787928467931e-006	-1	
-120.23991196662263	122.97034429419973	-6.2416437397085775e-005	4.7763767291920227e-006	-1	
-122.93880325052804	123.48427243005617	-6.342373735493131e-005	4.8870102067523219e-006	-1	
-122.44485609021953	123.29872038027364	-6.3185817406451444e-005	4.8760572017885223e-006	-1	
-121.63705456844873	122.66553770129704	-6.2657798330142993e-005	4.789619898997238e-006	-1	
-121.90034986937701	123.17467454818544	-6.2968818560579695e-005	4.8601766131835946e-006	-1	
-110.20374070180854	100.66524898951712	-4.9816944434413303e-005	1.9524755753932575e-006	-1	
-110.42823061489254	100.56380454547993	-4.9858608538988009e-005	1.8932014256084514e-006	-1	
-110.1296092496025	101.3316432228779	-5.0062574573049508e-005	1.9698212957724013e-006	-1	
-110.15664699007495	101.91173489270672	-5.0310649191473796e-005	1.9895596384409779e-006	-1	
-110.28183090810735	100.92401176209809	-4.9952794771344262e-005	1.9288145351306688e-006	-1	
-110.88985308079899	101.23829701788527	-5.0308363479744289e-005	1.8926565835019346e-006	-1	
-110.44610393726555	100.70937107470453	-4.9926035108583856e-005	1.8816590781787027e-006	-1	
-110.49315060820902	101.09253546115116	-5.0102539012898052e-005	1.8827125658542221e-006	-1	
-111.01971902717851	101.80576297160337	-5.0581904982965589e-005	1.9283174162969866e-006	-1	
-111.62006306454199	102.01357762538474	-5.0869133358238823e-005	1.9724898723558774e-006	-1	
-112.19160176287829	102.0570317466444	-5.1075432277245488e-005	2.0078969751595535e-006	-1	
-110.63429062103947	102.24202862049104	-5.0627722355191201e-005	1.9314665903845074e-006	-1	
-106.50304869431979	122.45486450827855	-5.8198866728303427e-005	3.6952010786730372e-006	-1	
-101.05746981311701	123.08877530450471	-5.6434299102773719e-005	3.7244076017418304e-006	-1	
-96.420596144130229	127.12572210908438	-5.6744222286732096e-005	3.8957974049271584e-006	-1	
-109.64878233504963	121.58474285266894	-5.88833515367126e-005	3.6802996062272596e-006	-1	
-80.02244914983639	122.46119924421559	-4.5814955285313058e-005	4.2285862272760698e-006	-1	
-67.971324770956699	117.60129311175875	-3.5252816891264648e-005	4.6259039681766488e-006	-1	
-72.465301372815674	119.42277938214791	-3.930002222702032e-005	4.4854923175967606e-006	-1	
-84.864445722059159	127.39854869636177	-5.1384375600140658e-005	4.1735981397414455e-006	-1	
-91.147678677342412	130.28703169746592	-5.631188536398045e-005	4.0459403948896051e-006	-1	
-49.687264565426808	93.657705616903982	-1.7095647717159122e-005	2.5705375674603317e-006	-1	
-53.609394933333427	97.483079001860233	-1.9824419104082295e-005	3.001120280289896e-006	-1	
-64.394083612319875	116.0427563516494	-3.1843492235719226e-005	4.726538967052383e-006	-1	
-60.83809580450481	114.43631872437344	-2.8395832113937178e-005	4.7876620277918881e-006	-1	
-57.847377022110145	110.79855897802172	-2.4925712599074603e-005	4.528239555479406e-006	-1	
-52.957040822752447	101.43052710401147	-1.9863347649166829e-005	3.2950180570640102e-006	-1	
-54.943219783141238	106.84666346380517	-2.193457143700964e-005	4.034476671814605e-006	-1	
-55.141878168064075	108.97290079952555	-2.2389895838540348e-005	4.3546700989204035e-006	-1	
-53.012893215440648	105.38039456713136	-2.0327006296477737e-005	3.7557254131580471e-006	-1	
-20.051038487799993	32.872777642155242	-1.8011214759184055e-006	4.3292557956747121e-007	-1	
-66.51272492692685	0.60915517455841572	-5.994139950278857e-006	4.6219098395725489e-006	-1	
-66.284313977117534	0.68924480121495857	-5.7421451465904808e-006	4.6683906500401983e-006	-1	
-66.741135876736166	0.52906554790187277	-6.2482746569149552e-006	4.5649093704751025e-006	-1	
-67.197957776354798	0.3688862945887868	-6.7238433740253304e-006	4.4448069564391303e-006	-1	
-67.72019388262936	0.45873812295725763	-7.2383084649891236e-006	4.2434296744257397e-006	-1	
-67.426368726164114	0.2887966679322439	-6.9611284645693807e-006	4.3594808763133387e-006	-1	
-67.97706154605271	0.69366993314217396	-7.4807303083178496e-006	4.1389770065339157e-006	-1	
-67.870081004915363	0.55549163045558936	-7.3796047144647462e-006	4.1860358638261413e-006	-1	
-63.856047755104733	0	-5.6855543149773525e-007	7.3969958528933964e-007	-1	
-64.917870889215621	0	-5.2216318787797382e-007	4.3072281730799228e-007	-1	
-65.442319219789866	0.48243785161620467	1.0822018643296453e-006	-9.5196501210304503e-007	-1	
-65.973988809583005	0.50152844439361044	1.5096577029421793e-006	-9.6916851913906123e-007	-1	
-68.047132880869981	0.53358218360364285	-7.5445710338620161e-006	4.1358978902682031e-006	-1	
-21.383122390669406	4.8283652691389118	-1.8916152008035686e-009	-6.0853912661890944e-009	-1	
-16.947548818305968	17.988604159028036	2.5841020257282704e-008	1.2263529845197351e-007	-1	
-17.54417608723184	11.76819096862277	-6.5241017836967453e-009	-2.9154879705509749e-008	-1	
-17.135829854225872	0	-2.4904762325890429e-010	-1.6908965049897699e-009	-1	
-18.178734533810839	26.052887368588344	-9.2887926918851627e-007	3.0716427425282096e-007	-1	
-15.128787613716982	21.403334760653461	-2.3796508770189779e-007	2.0120953436921911e-007	-1	
-68.322267554719218	0.0499933985985445	-7.8043291729323744e-006	4.0815197571959367e-006	-1	
-68.228176871468278	0.13800152176647412	-7.7193533048603061e-006	4.1091122017026857e-006	-1	
-68.19644873416199	0.29669207930548935	-7.6843120546953498e-006	4.1110762283715739e-006	-1	
-68.045807097011561	0.34134438786269017	-7.5453438912899314e-006	4.1541799354225726e-006	-1	
-68.099754412807798	0.27459184166795492	-7.5967072069868126e-006	4.1426292270182436e-006	-1	
-68.25	0	-7.7484422574701504e-006	4.1036189842474524e-006	-1	
-43.440647999771492	88.792761144414428	-1.337197970742627e-005	2.0394095873614752e-006	-1	
-29.485895445481205	75.911487455794571	-6.9723016327294827e-006	1.1063656835768606e-006	-1	
-38.786119550787923	86.804028835692606	-1.1010962595887962e-005	1.7359598274422982e-006	-1	
-26.878508131708312	81.774495542309865	-5.9348081952399709e-006	1.0466287262533326e-006	-1	
-30.633781410028227	86.539419108357308	-7.2904081636164271e-006	1.2861508787039998e-006	-1	
-23.630144072340581	68.600360347197054	-4.6855587480387784e-006	7.7989201808090085e-007	-1	
-18.735122078512219	60.593070939098844	-2.8599602252172294e-006	5.3016532492411371e-007	-1	
-24.02322665813162	53.773551105831032	-4.2121692335715598e-006	6.9171239991445567e-007	-1	
-18.727578067898548	55.005832463556473	-2.6816936398649955e-006	5.0890772204116375e-007	-1	
-15.04413768453243	50.80464756583833	-1.5013127013748963e-006	3.5857045687662788e-007	-1	
-15.082091903498924	45.217497390669408	-1.3581589695488091e-006	3.5149622012301443e-007	-1	
-13.97816474302318	37.876246086004109	-9.0790120775397776e-007	3.4986452847592558e-007	-1	
-123.35630363124704	124.4011281379185	-6.4005356932331383e-005	4.8586604656708101e-006	-1	
-123.38255239406146	124.0131983732369	-6.3824983886701269e-005	4.8994890524415201e-006	-1	
-123.40042571643447	124.1587649024615	-6.3901530721821766e-005	4.8943118452505087e-006	-1	
-123.05661803694029	123.89015290419007	-6.3655194269554382e-005	4.9180309045522084e-006	-1	
-121.82606450383379	124.98507924769939	-6.3843442577737403e-005	4.9193523980611475e-006	-1	
-121.26590869206147	125.40099222247349	-6.3912726334423061e-005	4.8777620324669469e-006	-1	
-119.71442294053328	126.72008156902523	-6.4226781587807378e-005	4.7153850733166719e-006	-1	
-120.6661833755786	126.23669221216869	-6.4215611787835989e-005	4.7743724482166596e-006	-1	
-118.71003686340524	126.66035799227654	-6.3917462118484028e-005	4.7107704028044491e-006	-1	
-117.3625599813471	127.36667109779397	-6.3962734987246651e-005	4.5885305914105466e-006	-1	
-115.23818165327381	130.44475462400484	-6.5152405324695508e-005	4.2834963036123375e-006	-1	
-116.00180637386104	128.04705464434727	-6.3993220197415459e-005	4.4571485557582572e-006	-1	
-111.39338489368129	131.82289638228997	-6.4856204800817043e-005	4.1063826441852778e-006	-1	
-122.98103672830526	124.43554123950119	-6.3899508502589773e-005	4.9140397787638407e-006	-1	
-122.05056812996436	124.32450657349769	-6.3536955920316315e-005	5.0277496441334588e-006	-1	
-122.65271365858712	124.25057239916609	-6.3688437201340117e-005	4.9943043953885693e-006	-1	
-105.18296750825394	150.9855080567196	-7.5335297575775107e-005	3.8707197276207601e-006	-1	
-109.74468204665953	156.39794136703827	-8.0300807013702338e-005	3.7533485947812138e-006	-1	
-106.74076135929259	135.84621899744226	-6.579488620328533e-005	4.0098264276432135e-006	-1	
-103.1869813351025	140.57039866848319	-6.7617405121577601e-005	3.9892241714031102e-006	-1	
-101.94796705527229	146.20666088799976	-7.1055361048293344e-005	3.9513201184886814e-006	-1	
-111.44332659683364	164.48687731342363	-8.6460689168190461e-005	3.6060358121363966e-006	-1	
-115.32753900322825	167.63657254256736	-8.9353566970932005e-005	3.5237581852849134e-006	-1	
-119.44908828214062	169.8018871577859	-9.1460753610430104e-005	3.4588944528078444e-006	-1	
-125.18784189892149	172.45109508298364	-9.3935029420943506e-005	3.3797494764834071e-006	-1	
-138.04419844565845	173.60110131830248	-9.583137638731892e-005	3.2849215766918959e-006	-1	
-128.67712146914593	175.84667266974822	-9.6551077285855996e-005	3.3074765712164753e-006	-1	
-133.53223789254739	176.21117724055793	-9.7173991502075022e-005	3.2749371599147532e-006	-1	
-149.67719495312613	172.93125887320593	-9.6212907703708861e-005	3.2272380070229001e-006	-1	
-145.77531364680891	176.34848084355326	-9.8068549157932599e-005	3.2077092912093405e-006	-1	
-171.0786331830362	172.00839981054665	-9.6706458192357406e-005	3.1391304048895764e-006	-1	
-166.58872589744465	175.87878011925133	-9.8743439464341301e-005	3.1208472590127519e-006	-1	
-161.32372350294722	178.60253872697578	-0.00010012608694295046	3.1144343489224514e-006	-1	
-153.74107863582392	176.1541354046162	-9.8368767659657769e-005	3.1713076608269031e-006	-1	
-179.30819948458222	180.11322203626821	-0.00010145213760976776	3.0486902336187937e-006	-1	
-172.87625750583496	178.63325837280016	-0.00010048610934552059	3.0768483290754836e-006	-1	
-200	175.01833246355648	-9.8841134796476645e-005	3.0668527576351407e-006	-1	
-194.71916278599465	178.1410409056119	-0.00010053226460250957	3.0448413180458522e-006	-1	
-189.05363190004843	180.49482710560918	-0.00010179125716008121	3.0303555207304251e-006	-1	
-180.8183412387541	185.71967764101831	-0.0001046150925163446	2.9969426199639135e-006	-1	
-112.05587351152845	102.57321565616216	-5.1232955424237332e-005	2.0430660260784617e-006	-1	
-111.52658869434477	102.64195843002504	-5.1088249737311034e-005	2.0133870159069678e-006	-1	
-119.08845162978595	123.89005574807528	-6.2523868493339987e-005	4.8565957513422959e-006	-1	
-117.23340390098237	124.91597996815042	-6.2501484165282333e-005	4.8847718018859947e-006	-1	
-116.02911284373684	125.06384831681362	-6.2277041347938176e-005	4.7678068714490795e-006	-1	
-115.4879143763312	124.30696579983358	-6.1831850978750707e-005	4.5417900033431006e-006	-1	
-118.43769495822785	124.76811161948724	-6.273946886127993e-005	4.9700226214873197e-006	-1	
-114.28066228067308	123.68241934755498	-6.1297445788603236e-005	4.2438386704708629e-006	-1	
-114.69240837956335	124.05969847902594	-6.1552059468279526e-005	4.3737966248498349e-006	-1	
-113.26890419387432	123.69923426150189	-6.1104520772749268e-005	4.0662659536930635e-006	-1	
-113.74842594190028	124.02929738550749	-6.1351560675877582e-005	4.2012482884803993e-006	-1	
-112.37791496912197	123.3022008481252	-6.063000363569663e-005	3.9535905978132383e-006	-1	
-111.07964745088093	123.25128242496329	-6.0181898612777741e-005	3.8755870034854102e-006	-1	
-120.94660897013213	122.91414719297542	-6.2581955027319789e-005	4.8003510249734247e-006	-1	
-120.00184634752195	123.81736307906159	-6.2733113213100865e-005	4.8998341981392105e-006	-1	
-121.18829317945523	123.60704729151145	-6.2964412697140217e-005	4.9102373624943664e-006	-1	
-122.61253424491169	123.7990176886757	-6.3470521746417487e-005	4.9322832328734387e-006	-1	
-122.01343389056021	123.72156246828214	-6.3253719558760353e-005	4.9348287257237681e-006	-1	
-110.54019727915251	101.47569984759778	-5.0278273884893865e-005	1.8936108082256419e-006	-1	
-109.20854754836981	124.28052268677592	-6.007405463599133e-005	3.8693893442699232e-006	-1	
-105.8982996903452	125.66220460190317	-5.9651652455283887e-005	3.8462379233153039e-006	-1	
-101.03211571543707	131.19160751925065	-6.1000568329424373e-005	3.9445169975109191e-006	-1	
-98.766337723095177	136.64913727046491	-6.3515027325167483e-005	4.0089636406879486e-006	-1	
-78.040877237898073	127.44021855348223	-4.7461718709493847e-005	4.4562111594305521e-006	-1	
-68.600974585650889	122.35204830344429	-3.8032484556487116e-005	4.8480802968920916e-006	-1	
-64.457467127091803	119.94425268891703	-3.3536442040586398e-005	5.019148153021726e-006	-1	
-72.697299883889201	127.84449764761931	-4.4174868569438724e-005	4.7601438198870749e-006	-1	
-85.586672403829283	134.1527702562135	-5.6077872021720538e-005	4.2469656975497952e-006	-1	
-78.967679865435187	132.71831455619218	-5.1467205349747664e-005	4.4872399277541936e-006	-1	
-91.096722174252605	138.09079982772491	-6.1354182639680488e-005	4.1261027161414014e-006	-1	
-49.962864996954188	99.12950902705397	-1.7657675997937657e-005	2.894915127793519e-006	-1	
-45.322696436021744	98.853319348703906	-1.4673627934393046e-005	2.5251099545575214e-006	-1	
-44.210257993929737	93.795499568022365	-1.3917265573601097e-005	2.2483064233919711e-006	-1	
-60.316010632394757	119.11660951454959	-2.961378779499587e-005	5.2847626733336872e-006	-1	
-56.131721759720094	114.26977095908718	-2.424644192947124e-005	5.0691370971270766e-006	-1	
-54.701643381384791	111.66868063363282	-2.2444894222788452e-005	4.7871465230871273e-006	-1	
-49.112244063160482	102.80866886229785	-1.7363812812823415e-005	3.1072121898886847e-006	-1	
-50.758082818510857	104.71216635316179	-1.8661144198291108e-005	3.4812267770215564e-006	-1	
-52.521350950623855	106.94989375686217	-2.0114755520910646e-005	3.9930167856854927e-006	-1	
-53.084057826702953	108.40217686942285	-2.067150494386419e-005	4.2819051135101898e-006	-1	
-53.270778265553567	110.00214106133841	-2.0977655373822268e-005	4.579234740163044e-006	-1	
-51.716432136064938	106.39238773624413	-1.9480972848780849e-005	3.8343589641107604e-006	-1	
-14.317298553967541	28.890008886506664	-6.1443264411130345e-007	2.9201178254315785e-007	-1	
-13.069785748264851	32.854590379343989	-5.7998843317595757e-007	3.151164980804499e-007	-1	
-66.335167115420148	0.46852281432501475	1.6663223992253047e-006	-3.0446074958424672e-007	-1	
-66.617115982087839	0.26834749099615696	1.5977117298032412e-006	-9.1247595610035559e-007	-1	
-66.905794837074268	0.27274728064991466	2.0762813653653808e-006	-6.3984231205115048e-007	-1	
-67.174245049201232	0.12871217744358032	1.0480030472876375e-006	-2.2261965943942367e-007	-1	
-67.358131545516741	0.14792868980026633	2.3338772433273214e-006	-8.0382861483258923e-008	-1	
-67.65477967597343	0.20870704127570092	-7.1834014105111636e-006	4.2918534010514507e-006	-1	
-67.846670612808936	0.2824520381584979	-7.3602199676860708e-006	4.2243253065332535e-006	-1	
-67.924449596733396	0.38557563102018522	-7.4317300501037089e-006	4.1880083263192106e-006	-1	
-67.513054422434521	0.17026704903300008	1.628094952892079e-006	1.3466274279383346e-006	-1	
-65.979694023326502	0	-4.7295627923434048e-007	3.7428687514644675e-007	-1	
-66.245149806854229	0.26067401993250933	-5.7362122012511683e-007	9.5005373480848798e-008	-1	
-15.012183586004106	3.9544408962291557	2.1353880171999153e-009	9.0973719579580389e-009	-1	
-13.517899216906459	16.547165641173002	-4.7624538141644735e-009	-2.9523250534444318e-008	-1	
-13.292973621356962	19.270038185532709	1.7033664791001656e-008	1.7488670162467187e-007	-1	
-10.952608706965664	12.983734728066931	2.4829443394157272e-009	1.2386367870229234e-008	-1	
-11.114010105137021	8.2846684841466711	6.7816333938844196e-010	2.9794715985069609e-009	-1	
-12.88853731778234	0	-6.0479951224790665e-010	-2.4437866927924114e-009	-1	
-13.447541679153247	25.29409852714398	-3.5325719270127499e-007	2.4297927302730875e-007	-1	
-12.405843625534951	20.691475695114427	-5.4304163356465574e-008	1.9308949574720994e-007	-1	
-11.929115098382162	23.056084491822688	-1.350262412429361e-007	2.1153997928551522e-007	-1	
-68.234393009440424	0.049932895927347877	-7.7312424044952592e-006	4.1094102896918967e-006	-1	
-68.153194423968742	0.20743247514162796	-7.648415794428507e-006	4.1299104468637966e-006	-1	
-68.185585750559582	0.068767006752015317	-7.6873793576785977e-006	4.1260803296414465e-006	-1	
-68.153783964269053	0.10524305708947627	-7.6550819919935258e-006	4.1356843352755386e-006	-1	
-68.016633286111315	0.25321209419970192	-7.5203002367082706e-006	4.1712517609963239e-006	-1	
-67.929705137911384	0.25651585792279408	-7.438882027210919e-006	4.1993853063217978e-006	-1	
-68.058054862652625	0.17012981314305942	-7.5620014852785315e-006	4.1640461851961334e-006	-1	
-68.1875	0	-6.2994121737350766e-006	5.0321951019815119e-006	-1	
-68.191020600567043	0.020680436226705571	-7.6994590814894392e-006	4.1250890402722141e-006	-1	
-39.323878552384073	91.986642414326411	-1.1195532010988957e-005	1.8826317469594219e-006	-1	
-23.159099034589715	76.981524652203248	-4.6154077513160709e-006	8.3112811966498917e-007	-1	
-33.510280918026481	93.024652774667487	-8.1868997922489197e-006	1.535742936597405e-006	-1	
-21.608143033766261	81.981133288913284	-3.9862609729877884e-006	7.9618248350988629e-007	-1	
-23.545780410650643	86.843962962308893	-4.4565702800199032e-006	9.1708632656917589e-007	-1	
-28.6147587031817	93.340599332068138	-5.844740391047393e-006	1.2129289232870796e-006	-1	
-18.022200094407765	69.669364802754473	-2.7959051906852359e-006	5.4671720269172927e-007	-1	
-14.113789033949274	57.452916231778239	-1.3712720549679373e-006	3.6343832659058858e-007	-1	
-15.05163486196647	64.794167536443538	-1.7505823527388702e-006	3.7828823280501183e-007	-1	
-9.5	55.005832463556473	-7.8479571595143412e-009	2.5055815799214825e-007	-1	
-9.5	50.11166492711294	4.3846517192430193e-008	1.1463960596191165e-007	-1	
-9.5	45.217497390669408	3.6459305155700263e-008	1.4120392677535887e-007	-1	
-9.5	40.323329854225868	5.3831744744919241e-009	2.5833309381754287e-007	-1	
-9.5	35.429162317782342	-3.7765451913236449e-009	3.08296248805359e-007	-1	
-123.25485918720986	124.17663822483451	-6.3854971041263446e-005	4.9282237044476892e-006	-1	
-121.44842260134162	124.39844074782928	-6.3393064285228312e-005	5.0432455219293134e-006	-1	
-120.3322271560537	125.26379027905946	-6.356265785302188e-005	4.9196431482671742e-006	-1	
-120.84627707271886	124.47237492216087	-6.3254408279864142e-005	5.0474539064584479e-006	-1	
-119.20286641076915	125.78315942023404	-6.3544896524067658e-005	4.8377884508866731e-006	-1	
-117.97451147768423	125.97380085371611	-6.332037587780876e-005	4.7738491100201649e-006	-1	
-115.74026165023618	126.54051496561809	-6.3064311770958135e-005	4.5676283183088559e-006	-1	
-116.71626057977863	125.68220156684515	-6.2817721345440416e-005	4.7394679875918864e-006	-1	
-113.59234289792347	128.54125713314002	-6.3628902996757509e-005	4.2690943623318667e-006	-1	
-114.93036716472149	126.95614425977855	-6.3096564410172062e-005	4.4566009387092991e-006	-1	
-111.33753250099379	127.87302891917005	-6.2622508420103569e-005	4.1284542926891707e-006	-1	
-108.28221374429702	129.89156072319113	-6.2795169378871942e-005	4.0110497738797346e-006	-1	
-102.75191810312936	157.49563271646784	-7.9480531205119447e-005	3.7975305737631088e-006	-1	
-99.457567111589213	151.37689299000806	-7.3991688114291286e-005	3.9230661656638084e-006	-1	
-106.92104116065481	161.21371707439181	-8.3192444247813895e-005	3.6987796128936661e-006	-1	
-97.577987081086022	142.43759161058074	-6.6930763630959787e-005	4.0242871157166556e-006	-1	
-110.40249192996005	169.74029542201143	-9.0200734523151473e-005	3.5227478319698791e-006	-1	
-104.53901326855033	169.03074521615261	-8.8740479971717679e-005	3.5804003355894071e-006	-1	
-115.74317681445018	172.62003833098845	-9.3026350816253272e-005	3.4364568076194163e-006	-1	
-120.05764965250937	174.44789501089025	-9.4803320651123621e-005	3.3794091657240758e-006	-1	
-123.8802244030186	176.68021787182349	-9.672333774081584e-005	3.3215332654541729e-006	-1	
-140.53869125723952	178.177976886388	-9.8896094377493799e-005	3.2119612226242456e-006	-1	
-127.79947799438847	181.22301159164937	-0.00010014152960634205	3.23123789257489e-006	-1	
-134.07215922532754	185.54001168288673	-0.00010335629344977479	3.1407385585701533e-006	-1	
-139.27853337995293	183.57994615194295	-0.00010229512566207156	3.1462177445710044e-006	-1	
-149.84276511524342	179.71759256764614	-0.00010033758451585164	3.1489031533182133e-006	-1	
-145.20580693313531	181.17585965419187	-0.00010102922477068852	3.1517931384845917e-006	-1	
-166.18717867625281	181.55307462490194	-0.00010198659985189417	3.0688635875327948e-006	-1	
-156.77632622129593	183.52152667322267	-0.00010288132493317818	3.0793614491911757e-006	-1	
-175.04031063826548	185.14763310993331	-0.00010422330184670243	3.0123634374782356e-006	-1	
-200	181.26374934766736	-0.00010226369627289177	3.0181729145834612e-006	-1	
-192.59836888287811	188.30193666038528	-0.00010614029780734051	2.9615483036719715e-006	-1	
-185.24730136303495	189.47429943066069	-0.0001067578712892619	2.9573306109815142e-006	-1	
-177.01201070174059	194.69914996606977	-0.00010966685415525983	2.9184719400354203e-006	-1	
-183.01433804606381	195.05731765246981	-0.00010988829211760154	2.9079117805597631e-006	-1	
-119.64198601547335	124.62024327082406	-6.2990022461061702e-005	5.0262939670116783e-006	-1	
-115.79322947284724	125.63174040743587	-6.2552128842492265e-005	4.6707661079099e-006	-1	
-115.4269673151141	125.1377824911452	-6.2171824305833103e-005	4.6957921422396422e-006	-1	
-114.7149875994093	124.6176989914146	-6.1800270520605928e-005	4.4766384391286413e-006	-1	
-114.19408572338902	124.31178759687559	-6.1564149846752826e-005	4.3285818593027938e-006	-1	
-113.36299753576128	124.46556303439515	-6.148526936527146e-005	4.1896822243825554e-006	-1	
-112.88535390479669	124.13526930661082	-6.1184384464354777e-005	4.0937309351370681e-006	-1	
-113.75970000835126	124.61132459112925	-6.1618536482482806e-005	4.2930302733525752e-006	-1	
-112.11890417296227	124.03104950579306	-6.0894606250224261e-005	4.0152857390244703e-006	-1	
-111.26636788973127	124.85124661687895	-6.1027683454119834e-005	4.019871230898626e-006	-1	
-109.40720593329488	126.40676002249656	-6.1243076682128674e-005	3.9819495092983426e-006	-1	
-65.467972132202718	125.97840038331178	-3.7547969599969878e-005	5.2549627350406632e-006	-1	
-61.910615071688099	123.31325843682414	-3.2999522352700089e-005	5.4680524250480301e-006	-1	
-65.688511629708643	130.4178973346522	-4.0546302108920469e-005	5.3401753552761672e-006	-1	
-71.580939097821286	135.63513083483133	-4.8810096876806045e-005	4.8969161218606575e-006	-1	
-83.020767642685456	141.63628915730163	-6.0176660588108616e-005	4.3398194294948405e-006	-1	
-77.149195797609579	138.92481028893479	-5.4888342234620777e-005	4.5826089917484782e-006	-1	
-91.194304010369748	144.95062761742079	-6.6342952202172291e-005	4.108847855875118e-006	-1	
-86.110818830786584	145.75147609165003	-6.4832261933541824e-005	4.2181796761315291e-006	-1	
-46.984111807997685	101.4504576489673	-1.5839472571090914e-005	2.7963721258810413e-006	-1	
-42.250937936225775	98.589258545357012	-1.2700733568764327e-005	2.2668608521972601e-006	-1	
-44.486827268655937	101.82093642709866	-1.4140575904708606e-005	2.5582420602739771e-006	-1	
-38.521718789023083	97.333921693070167	-1.047361830856582e-005	1.9584544586802718e-006	-1	
-55.49765583967347	121.4580678327564	-2.5925082453151549e-005	6.0049205321294235e-006	-1	
-55.02076495792857	118.30461000008721	-2.4335261354067918e-005	5.6657943079117808e-006	-1	
-57.703895709006012	124.88110335845313	-2.9730745216129431e-005	6.0931778577086599e-006	-1	
-53.551295816363428	115.47399493309172	-2.2114318551365426e-005	5.4237986089547964e-006	-1	
-53.378032745994531	113.1616230154255	-2.1497995453712469e-005	5.1006683613954543e-006	-1	
-52.577167620726989	111.11070942639773	-2.0488063129015596e-005	4.8163473069065694e-006	-1	
-48.348619342573365	105.20636884195478	-1.6990224537969776e-005	3.2188809116670627e-006	-1	
-46.881446962396296	103.97298505713529	-1.5871778595314721e-005	2.9181650847274427e-006	-1	
-49.42005855171292	106.29727922652329	-1.7837911419905339e-005	3.5107490957060426e-006	-1	
-50.591643056859972	106.6393080491367	-1.8695650490426897e-005	3.7549017489665394e-006	-1	
-52.142357515418659	107.85270671485937	-1.9891598742253504e-005	4.1653455368642419e-006	-1	
-51.544684990138173	107.0193981645273	-1.9399843511478099e-005	3.9472652924745521e-006	-1	
-52.231521543472184	109.22237398050861	-2.0034692708625454e-005	4.4668281550647048e-006	-1	
-51.996947925547111	108.48529720290323	-1.9806142117108344e-005	4.3094789065980996e-006	-1	
-51.972510747312462	109.95122263817649	-1.9856739090613111e-005	4.6314219093607894e-006	-1	
-11.842946453889269	28.883562809618937	-2.8351482623540609e-007	2.5788484368907239e-007	-1	
-11.557934249762072	26.425671861963295	-1.9194833694926267e-007	2.3192303991566137e-007	-1	
-9.5	30.534994781338813	1.905128133745557e-008	2.4832246202573617e-007	-1	
-66.510605590381942	0	-4.754841849394398e-007	1.5355129980487079e-007	-1	
-67.041517157437383	0	-8.4192400092012624e-007	-4.707315992406687e-008	-1	
-67.306972940965096	0	-5.1370628870803473e-007	-3.9531803750834232e-007	-1	
-67.572428724492823	0	-7.2755027155269297e-007	-8.5466759791037305e-007	-1	
-67.638792670374755	0.094414735296325589	1.5414337944681928e-006	1.0659212845908457e-006	-1	
-67.768985150878081	0.16866222794743163	-7.2879791902108024e-006	4.265565143425505e-006	-1	
-67.883190625782731	0.12861741461916237	-7.3974534781972383e-006	4.2283678885219506e-006	-1	
-10.764891049560573	2.5025516497048352	-6.23079593530149e-010	-2.6990324994531628e-009	-1	
-11.78528526620685	18.659670153405411	-1.1616243277618234e-009	-3.2066679347038959e-008	-1	
-9.1483770695120299	16.986671583837161	5.3351982633407243e-010	5.7857786332717456e-009	-1	
-11.465686022882458	19.910755198785047	1.6190786934329823e-009	1.9266769944112963e-007	-1	
-6.6297418999826734	13.752875704713576	-5.8858312329753296e-010	-3.2958333799444961e-009	-1	
-7.5404858486935762	3.7256462654343538	-1.0711655891192517e-010	-5.5770788042372502e-010	-1	
-4.7380081780074983	7.5031893577918503	-1.072291378887168e-011	3.0976540083583079e-010	-1	
-8.6412447813388074	0	3.908500162932634e-010	1.6583452914248596e-009	-1	
-10.926223283379329	24.315691837357324	-9.4752526569440387e-008	2.1324417862848318e-007	-1	
-11.188571595728117	20.583449695169815	-1.7531719504566605e-008	1.9530859616877e-007	-1	
-11.225945407626835	21.607652566074183	-5.0169885277144447e-008	2.0003372352161864e-007	-1	
-10.390407683192363	22.581972534618064	-3.4577131876991687e-008	2.028473116176334e-007	-1	
-68.151311088079552	0.034604112094660265	-7.6603038768926154e-006	4.140387357755096e-006	-1	
-68.111601575592047	0.048527787962619404	-7.620560101698252e-006	4.1543179431663562e-006	-1	
-68.054498838139722	0.068550194626754032	-7.563882597523695e-006	4.1729293628433711e-006	-1	
-67.964150884927662	0.17663527006380292	-7.4733138998674437e-006	4.1953639973942119e-006	-1	
-67.997396100687382	0.088572601290893102	-7.508170251247294e-006	4.1906612736968963e-006	-1	
-68.145420145774125	0	-4.0379901166536319e-006	5.6151106180244361e-006	-1	
-15.114815861247862	74.582502609330604	-1.840210571173033e-006	4.5770486246355729e-007	-1	
-16.373808439561365	81.923753913995895	-2.2022484408222007e-006	5.531199927947827e-007	-1	
-35.184442726911236	99.418516268959678	-8.2519140431596047e-006	1.7587806644643648e-006	-1	
-27.544505158743668	98.128137043020402	-4.5443167793319876e-006	1.1352106525770408e-006	-1	
-24.024092391072411	95.070264847142354	-3.7885054556139001e-006	9.3688490460455014e-007	-1	
-18.104339025728962	94.566724763732879	-1.9843229894675318e-006	6.6378741691893809e-007	-1	
-14.933079821286421	89.076499015071647	-1.5079304594372097e-006	5.3814166671950836e-007	-1	
-9.5	69.688335072887071	2.2731027379629935e-008	1.9831418732105786e-007	-1	
-9.5	59.900000000000006	1.708174894852455e-008	1.8896814020680585e-007	-1	
-9.5	64.794167536443538	5.0427986248795787e-008	5.2740275741378312e-008	-1	
-4.0092398659908142	55.005832463556473	-4.005757883400856e-009	1.7839440612281194e-008	-1	
-4.4645990711820245	47.664581158891174	-6.8877000942202324e-009	7.0109579225793088e-008	-1	
-4.6500706894182908	42.069129277097872	-4.1830990493789018e-009	-3.3519281033808292e-008	-1	
-7.6482969131017491	37.876246086004109	-6.5102612993459814e-010	-1.1390059195746417e-007	-1	
-6.6213892513982495	34.984450113765128	-4.2936792670677056e-010	-5.1984933698029284e-008	-1	
-7.1776551138521105	32.125300401589172	-1.6020456237873765e-009	-1.0721344312893941e-007	-1	
-115.20332977674535	125.80540888411619	-6.2508587945813744e-005	4.5885712462269732e-006	-1	
-112.63399358036946	126.86103575005761	-6.2450537220192079e-005	4.2254450002855102e-006	-1	
-113.75878265957446	126.61411543716508	-6.2612650439284671e-005	4.3528511551735319e-006	-1	
-114.50093494490645	125.85419668346269	-6.2370324382916701e-005	4.4972631649015606e-006	-1	
-111.82907476581074	126.30352972943953	-6.1934572301935639e-005	4.1376384538777544e-006	-1	
-101.84712042883334	163.5418003898782	-8.3910771914404441e-005	3.705470306345174e-006	-1	
-96.512619522716079	160.55551466191469	-8.0281413162799776e-005	3.8181782424041166e-006	-1	
-93.718998865892232	151.32970869587731	-7.2134826932653793e-005	4.0001069513124895e-006	-1	
-92.630384162400119	156.6952109353376	-7.6098810743021128e-005	3.9348161981626944e-006	-1	
-112.43041776787261	175.38861259795368	-9.4696662415526283e-005	3.4093529326270694e-006	-1	
-107.45835141915379	174.21397123503516	-9.3212558948981854e-005	3.462784623402687e-006	-1	
-101.51840340554736	174.53860148014945	-9.2707815926990311e-005	3.4979556860182478e-006	-1	
-94.391142436658882	170.60291981813288	-8.8270936119395603e-005	3.6393045780130751e-006	-1	
-116.47596560337689	176.89623280312151	-9.6218854042011678e-005	3.3594445935374389e-006	-1	
-120.19429392565239	179.13159699278759	-9.81563600263215e-005	3.3018199836502054e-006	-1	
-124.18997471842577	185.93213923189995	-0.0001032214283133462	3.1739118560665878e-006	-1	
-129.46219529111193	188.65391939648015	-0.0001052856452935116	3.1128484167607529e-006	-1	
-134.72352920027487	191.06485610416075	-0.00010702943456757612	3.0606670814394107e-006	-1	
-140.42274000685771	190.05825464664213	-0.00010649669723970657	3.0560637982082215e-006	-1	
-144.53986728911585	185.99088285962353	-0.00010401718663171416	3.0945735487194251e-006	-1	
-150.23907809569869	184.98428140210487	-0.0001035681152595317	3.0860753703975187e-006	-1	
-165.71310579318956	187.22177052512876	-0.00010526110329070804	3.0140193180014987e-006	-1	
-155.83050513340126	190.15332031613602	-0.00010682585762786634	3.0091985197685369e-006	-1	
-171.41956265282946	190.87432213255207	-0.00010744804406830405	2.9648097846063285e-006	-1	
-200	187.50916623177824	-0.00010571420555560953	2.96617452882114e-006	-1	
-200	193.75458311588915	-0.00010918311587717538	2.9111240486065522e-006	-1	
-194.5473372643103	195.37043549055539	-0.00011007926775833955	2.8974942133706556e-006	-1	
-188.89332442346594	194.75835003781089	-0.00010973037464490086	2.9058775536759359e-006	-1	
-180.36520167702477	200.4553074763048	-0.00011293380023050054	2.8582565000273452e-006	-1	
-172.31462429035426	199.78511066375697	-0.00011257571951564807	2.8735592974844702e-006	-1	
-185.85711553843004	199.80149370686533	-0.00011255598364456022	2.8602736106398145e-006	-1	
-114.82482178649136	125.2117166654768	-6.20728397914635e-005	4.6129808444375689e-006	-1	
-114.15242119971334	124.83778895411933	-6.1785270778192571e-005	4.4124744861562662e-006	-1	
-113.41004420670475	124.84872742084175	-6.1670673324319691e-005	4.2544937626441234e-006	-1	
-112.99945617715483	124.70467079612186	-6.1483304675893151e-005	4.17667311562853e-006	-1	
-112.3534777908873	124.76812628339843	-6.1320450736324298e-005	4.1076754598658266e-006	-1	
-113.74357619829266	125.03365065701881	-6.1800168066621151e-005	4.3594724128361077e-006	-1	
-112.20806820101581	125.4007167714424	-6.1585839716573159e-005	4.1386145962949425e-006	-1	
-61.401691706169863	127.7737093672427	-3.5032955357314471e-005	5.7611159980666882e-006	-1	
-61.083310464079048	132.45767116719489	-3.7950053182423926e-005	5.8503032922038336e-006	-1	
-63.731842286466915	135.0590179046288	-4.2333470796004994e-005	5.5036748013999434e-006	-1	
-71.929967565229916	141.40172814479595	-5.3755920697308882e-005	4.7983504614112068e-006	-1	
-66.162076206726155	141.89882596064268	-5.0149603969187553e-005	5.1220069127138124e-006	-1	
-77.696372212515016	148.66781455974902	-6.3365112349101512e-005	4.4242740620079488e-006	-1	
-85.563203243910465	150.86843778964302	-6.8776891232951066e-005	4.1645767851053174e-006	-1	
-42.253867733019028	102.51900846799892	-1.2581797896287411e-005	2.355674052547376e-006	-1	
-39.719981070353498	101.08186960702434	-1.0922106672112376e-005	2.1260558472235005e-006	-1	
-45.233966937112143	104.95259718451011	-1.472062727536806e-005	2.7259974609270792e-006	-1	
-42.5058004913218	104.84493683047535	-1.2715976968146821e-005	2.3886550768792471e-006	-1	
-54.680415919006947	124.66994020781065	-2.6418954047672078e-005	6.5008569001275943e-006	-1	
-52.398828308977578	120.28279204530529	-2.2158852458995449e-005	6.189420038236343e-006	-1	
-52.775201676525413	123.34810713687827	-2.366808461497868e-005	6.5804331725271198e-006	-1	
-52.02245494142975	117.21747695373232	-2.0941484997811885e-005	5.8037264816894262e-006	-1	
-56.717182093756868	128.08392614618418	-3.0523958783264702e-005	6.5014049135631351e-006	-1	
-55.071712899959827	126.95554092750388	-2.803865291976223e-005	6.7070450098807309e-006	-1	
-51.646081573881908	114.15216186215933	-1.9984108200205466e-005	5.3952121804335608e-006	-1	
-51.457894890107994	112.61950431637285	-1.9606838392649869e-005	5.1658242330285e-006	-1	
-51.269708206334073	111.08684677058636	-1.9291498767009324e-005	4.9094325799710196e-006	-1	
-48.610164066198358	106.71290852068378	-1.729273719098042e-005	3.4089230584801953e-006	-1	
-46.987865735087325	105.8867523885079	-1.6049168359094212e-005	3.0386119264605711e-006	-1	
-49.147095939689116	107.44801460218561	-1.7745138932778168e-005	3.6143133912824544e-006	-1	
-49.849490771527996	107.39922680283907	-1.8237823727056015e-005	3.766205163078073e-006	-1	
-50.532652129422964	107.32234120672175	-1.8705447815596431e-005	3.8901438396675709e-006	-1	
-50.931308978574819	107.23482571092859	-1.8975453133242402e-005	3.9325200710015184e-006	-1	
-51.494974065879227	108.07379153028097	-1.9401349238595741e-005	4.2084653405602586e-006	-1	
-51.484045649975677	107.66667092753723	-1.9386836152167738e-005	4.0984817105159665e-006	-1	
-51.465071811637721	109.11815417969095	-1.9382333291633701e-005	4.4786768438125866e-006	-1	
-51.350969539279703	108.54875269017991	-1.9284609838414902e-005	4.3401037032614678e-006	-1	
-51.081521522560152	109.55418922479987	-1.9053480412403596e-005	4.6084142236482134e-006	-1	
-9.5	28.087911013117044	4.2444881451050675e-008	2.0688949860416504e-007	-1	
-9.5	25.640827244895277	2.1499298777357329e-008	2.0369409626505135e-007	-1	
-7.1096848393408028	29.311452897227927	-6.7680389221626086e-009	-3.4469154987981472e-008	-1	
-67.705156616256687	0	2.3878628174083907e-006	-6.9281804877225454e-007	-1	
-67.837884508020551	0	3.7461501007269237e-006	5.8274000747624694e-007	-1	
-67.970612399784414	0	3.1279598591006852e-006	2.4744872801323076e-006	-1	
-7.5794216472279237	1.7117148025769984	1.1264317616936885e-010	5.1818651539814626e-010	-1	
-10.811267603570498	19.507400688409611	1.5323101137439151e-009	-4.8867515936029434e-008	-1	
-9.8863972905789215	18.873028819287121	-1.3662081079755333e-010	1.4108693569363145e-008	-1	
-8.6834960289149397	18.958194620611373	-3.0371423949924052e-011	-3.7674802600312995e-009	-1	
-6.1651503936503911	17.825358195439687	4.8265872905188436e-011	1.1650662300810866e-009	-1	
-10.552042223645207	20.231113705411214	3.4995060773411462e-009	1.9509259366230583e-007	-1	
-3.0599143501257742	11.738604082188566	-7.058440326758536e-011	-1.1382157912784892e-009	-1	
-4.3137555007178525	3.67403380668808	1.7165112418965532e-011	-7.0106618102005254e-011	-1	
-4.9149114552025335	1.8492636582112123	1.2685499259374871e-011	9.6017159752034708e-011	-1	
-2.033422635363562	7.3000174217373157	-1.6503510546118376e-010	-1.9078522501150791e-009	-1	
-2.2126332462442169	4.5937385465977769	7.7647664572685385e-011	7.9499194806370188e-010	-1	
-6.51759851311704	0	-1.0121695731115706e-010	-4.6452411122427841e-010	-1	
-9.5	23.193743476673511	1.1914676692969839e-008	2.0135374478911264e-007	-1	
-10.518273074861604	20.866310410235734	-1.0292071944957098e-008	1.964768809863541e-007	-1	
-10.205017824151234	21.51767928179904	-1.2839658344987334e-008	1.9823609090749134e-007	-1	
-9.5	21.970201592562624	9.91603868470661e-009	1.9813304162761143e-007	-1	
-68.103340291548264	0	-1.5768591089794596e-006	5.5242952048860275e-006	-1	
-68.036976345666346	0	1.1304350558522145e-006	4.2696721023382302e-006	-1	
-9.5	79.476670145774136	2.6366592286931934e-008	2.3881469885085217e-007	-1	
-9.5	84.370837682217655	4.587456644672503e-008	2.0643291229910108e-007	-1	
-35.192907039779108	104.24179338320293	-7.3391346057144797e-006	1.8813198231593901e-006	-1	
-37.932723181377895	103.38223022293917	-9.4393019477146129e-006	2.0407401094088424e-006	-1	
-31.734170973066149	104.68456360338629	-4.9075881993124386e-006	1.5849620310535091e-006	-1	
-27.403985839899605	102.78905355612576	-3.2311932580468655e-006	1.0923299846403684e-006	-1	
-23.878305148741319	101.00960644382366	-2.3851621615063202e-006	8.0323724899578475e-007	-1	
-20.186869015787636	99.605984116482489	-1.6680804909644822e-006	6.28732046093038e-007	-1	
-13.551528715628406	93.535512111702062	-9.1164884106369181e-007	5.2971142166378003e-007	-1	
-13.772259535737332	96.305853438058122	-7.621135753775394e-007	5.2837575982791726e-007	-1	
-14.734854407199711	99.687241063952115	-4.6966140286604311e-007	4.5913838952454956e-007	-1	
-11.262072793267484	91.9601058977278	-4.1452072165477685e-007	4.55063497700078e-007	-1	
-9.5	89.265005218661202	5.2729498110885025e-008	3.086544262364643e-007	-1	
-4.1599382519128056	74.582502609330604	-1.2439009738760785e-008	-4.6532717253176285e-008	-1	
-2.3138753008259467	69.460462800138714	-2.3969103585862972e-008	4.8794997913200233e-008	-1	
-4.2110489514780092	60.306545176709534	-6.9328558273442273e-009	-1.5744014760498059e-008	-1	
-0.68146366327320296	64.266382277861027	-1.9268647245211832e-008	1.5498808285226996e-007	-1	
2.1583993117201752	50.938521402171801	-1.2377742837956239e-009	-2.3823320073969936e-007	-1	
2.3250668660110971	57.901190609996235	-3.5382740656134564e-009	-3.0102866086812121e-007	-1	
2.6133640282946149	42.723246020656291	-7.1727357408378606e-009	-2.2908932746198621e-007	-1	
-2.3612641220693065	37.390476817110404	6.0391541936689935e-009	1.8411099949837073e-007	-1	
-4.4989666735445208	32.989583905874454	-7.6685171699830756e-010	-2.9199065430119826e-008	-1	
-112.80574072629629	126.23402532177445	-6.2169000810352457e-005	4.2423070733062504e-006	-1	
-113.81777358701152	125.93108227958002	-6.2257374118492544e-005	4.3932903979968008e-006	-1	
-113.41911673785965	126.01859777537317	-6.2212498787764841e-005	4.3266360886463275e-006	-1	
-113.94885379896398	125.54455385447505	-6.2075458647438894e-005	4.4402452773210527e-006	-1	
-114.22267625786859	125.2856508398084	-6.1982922697329665e-005	4.5151657309768801e-006	-1	
-91.163398385061939	162.3900162305022	-8.046957965756143e-005	3.8501108024645533e-006	-1	
-87.366250785821549	158.19940375805157	-7.5702990986021461e-005	3.9957142777465348e-006	-1	
-110.56958250653101	179.28433693400868	-9.7473904322472043e-005	3.3500240956086291e-006	-1	
-105.6092975070262	180.69524930696892	-9.813687106383598e-005	3.3506240578755251e-006	-1	
-100.45236576832801	180.7292499377306	-9.7685184891612787e-005	3.3791432762854703e-006	-1	
-95.68502348593708	176.86931881239025	-9.3875936396693385e-005	3.4924945251373684e-006	-1	
-90.368678931255644	173.80940029946336	-9.0399925317549077e-005	3.6051008287893742e-006	-1	
-86.322927477154323	170.63235373054258	-8.6726683073376815e-005	3.7234838366187964e-006	-1	
-86.284595715527132	165.24953494812161	-8.1756389602907412e-005	3.8543991109394199e-006	-1	
-114.38383260310889	183.35546491543838	-0.00010084111262466631	3.2583144118526378e-006	-1	
-118.39982339640592	187.22772585558405	-0.00010390484986027375	3.1752500863648788e-006	-1	
-122.73173293294634	193.00133688046537	-0.00010818061576349325	3.0662399818276283e-006	-1	
-129.48303298918421	195.5547604743964	-0.00010999564804468198	3.0098021544436792e-006	-1	
-137.68222166429902	196.03882727571732	-0.00011033424263520731	2.9832871653081792e-006	-1	
-148.21585822887317	190.16644022773229	-0.00010671396948597889	3.0306487120972961e-006	-1	
-145.04613262965862	194.73820447681919	-0.00010953069533963253	2.9825150252670017e-006	-1	
-160.23960366859995	195.19664407724841	-0.0001098854107746473	2.9424279530205817e-006	-1	
-166.73372795850563	196.84030284954554	-0.0001108772631984004	2.9122087463925947e-006	-1	
-153.96215371627869	197.53520913911728	-0.00011128088715245636	2.9284130476896477e-006	-1	
-200	200	-0.00011265914104170327	2.8536285475497714e-006	-1	
-191.38007652092861	200.09388435651417	-0.00011271334202316854	2.8544064378586476e-006	-1	
-184.68610510286757	205.52551778593715	-0.00011577130010498568	2.8051805954872979e-006	-1	
-177.6479872662153	206.5375755438148	-0.00011639192980173813	2.7995031053239424e-006	-1	
-170.73534589317384	205.8944622393075	-0.00011609530557688952	2.811790507144128e-006	-1	
-166.79759030022814	202.84789254976772	-0.00011437073660252888	2.8484262569329387e-006	-1	
-190.24460390675534	205.53518054991258	-0.00011575279058104313	2.8025493120038167e-006	-1	
-113.24577117754653	125.06336810823531	-6.1716794629291638e-005	4.2573111049918564e-006	-1	
-113.45709087764824	125.23189180728838	-6.1846614890167853e-005	4.3231534003209568e-006	-1	
-112.85545165055524	125.17963195602078	-6.1661937848758388e-005	4.2057940653522145e-006	-1	
-113.62053072924584	125.35958501413998	-6.1914031332595729e-005	4.3899856629943051e-006	-1	
-112.8663800664588	125.58675255876453	-6.1859802611814905e-005	4.2332074616240255e-006	-1	
-57.871193090711209	131.68917830175329	-3.4196601767213333e-005	6.3662087369646228e-006	-1	
-60.074188534729146	134.42396302908037	-3.8540899189087027e-005	5.9134695352347428e-006	-1	
-58.003651439519025	133.65097732949027	-3.5869741149784263e-005	6.2474515121195132e-006	-1	
-60.275099622081605	137.65235473830552	-4.1524166146681453e-005	5.7159842077279299e-006	-1	
-70.8739264357786	147.08153822430211	-5.8206748331707376e-005	4.7203041232031365e-006	-1	
-61.434919630874987	142.24832897647192	-4.6818722662463817e-005	5.3954858850654551e-006	-1	
-64.35895156234622	149.65391871471405	-5.6748170170776009e-005	4.909174902115067e-006	-1	
-80.832108863670214	152.6196842058151	-6.8333802685073043e-005	4.2519897944189748e-006	-1	
-73.136945972683122	152.81300581860748	-6.5040732479902782e-005	4.4679729564342035e-006	-1	
-40.379646540330526	103.9192612248095	-1.1171005105351201e-005	2.2086692765075312e-006	-1	
-45.640388853029265	106.59306549402524	-1.5088757785301916e-005	2.8240377562350539e-006	-1	
-44.636002775901233	106.53334191727645	-1.4326753445243028e-005	2.6504112453717142e-006	-1	
-43.717942055075071	105.98866062613817	-1.3618302622258215e-005	2.5180192903890958e-006	-1	
-42.85309656155701	106.47489901744251	-1.2958501689229043e-005	2.3842175098542563e-006	-1	
-41.602907150442746	105.88929661281362	-1.1999961970699809e-005	2.2755711415235296e-006	-1	
-53.151575044073248	126.41342222845125	-2.5500962290622156e-005	6.9893345943106325e-006	-1	
-49.375656658232359	118.99691545672091	-1.9359087225161303e-005	4.7341882434334049e-006	-1	
-49.710700500114037	122.16861660308894	-2.0602352482943129e-005	5.0607776538597698e-006	-1	
-51.194353237372816	125.09797488345512	-2.3107252831297078e-005	5.9836533419993702e-006	-1	
-50.119070250267818	115.89541924214448	-1.9235183568880563e-005	4.8853802907273922e-006	-1	
-55.731992199409554	130.04711997202051	-3.0723220562057662e-005	6.8176228192489138e-006	-1	
-54.790797794757893	129.13928042712314	-2.9026996342843017e-005	6.9975158877806341e-006	-1	
-53.339761727847161	127.94607977423773	-2.6563815589165685e-005	7.1933506137152871e-006	-1	
-49.911658533840537	113.58724025098998	-1.8685213604001879e-005	4.6381399376002008e-006	-1	
-49.600513311395638	111.78986762430895	-1.8244620943448224e-005	4.3500021367488296e-006	-1	
-50.312480293097025	110.15810585113503	-1.8602560547221601e-005	4.4140113933168002e-006	-1	
-48.557196243587235	107.6216830788659	-1.7335847774565866e-005	3.4930887443538479e-006	-1	
-47.634165136655831	107.57122191945659	-1.664984952165991e-005	3.2719729346486981e-006	-1	
-46.375914238750248	107.27962263258568	-1.5684780038362615e-005	2.9830536645666057e-006	-1	
-49.525603929943117	108.04170682082496	-1.8079182599030877e-005	3.7966910983654715e-006	-1	
-48.923458401320374	108.11564099515657	-1.7654904478468306e-005	3.6427423612557194e-006	-1	
-50.40157191747047	107.70886963182669	-1.8647380066103761e-005	3.959584475670678e-006	-1	
-50.127749458565866	107.96777264649336	-1.8490994208886016e-005	3.9499336234958613e-006	-1	
-50.774017072376054	107.65147523670478	-1.8889922481240434e-005	4.0267555792450856e-006	-1	
-51.038694734750443	107.66703615788209	-1.9068231390355181e-005	4.0669360662381189e-006	-1	
-51.104654538887928	108.19005537806643	-1.9098877775207011e-005	4.2431565529445944e-006	-1	
-51.117824751870238	107.92008723497619	-1.9121443072912309e-005	4.155884403011898e-006	-1	
-50.987428180673191	108.78786045190662	-1.897650987937267e-005	4.4240478755222166e-006	-1	
-50.940381509729718	108.40469606546002	-1.8954019960860884e-005	4.3169550718186629e-006	-1	
-50.601999774534157	109.22412610079428	-1.8749494056120538e-005	4.3681275754005538e-006	-1	
-7.4497497071881362	26.304285313840662	-8.0402458088635547e-009	-5.2275664673729738e-008	-1	
-8.0948277703023415	24.248178029452831	-3.6204233841832132e-009	-5.4668860615369859e-008	-1	
-4.5565581247125539	28.479464142194317	1.0142504580877459e-009	1.7496989640559618e-008	-1	
-10.128200667673854	19.860073184728424	6.1703019112316828e-011	-3.0767072332772745e-008	-1	
-9.5243616992232276	19.82258433799873	-1.0444380784236362e-009	4.857719436961326e-009	-1	
-8.8657180010163525	20.150259976165117	-1.5505918331605804e-010	1.1973152620092022e-009	-1	
-7.5933606777668814	20.188745275288362	5.1367046472279094e-011	9.4064393978894202e-011	-1	
-5.3743299359044148	21.035008537908919	-3.312810909783405e-011	-4.2924434736546064e-009	-1	
-0.62283113260095035	18.162044933354693	2.5886075297389075e-011	-7.127963566454845e-010	-1	
-10.095220324026581	20.3912929587243	5.7809765951705314e-009	1.9511462665353751e-007	-1	
1.703178030502378	14.533224207047416	1.966988689917203e-010	2.2917037258782228e-009	-1	
1.4550585245311725	10.230074755625292	8.6489891187215145e-010	9.620709057418157e-009	-1	
-3.1083467904094944	1.1954298197584343	-4.4551496682433641e-012	3.755705580541076e-011	-1	
-1.9132441841909209	2.3197689499717389	-3.1033068115101028e-011	-2.791919962746164e-010	-1	
-4.3939522448952735	0	1.7976937709193979e-011	5.6987381150508649e-011	-1	
0.25008731666410478	5.8365817066922903	-3.3928191541977885e-010	-3.3184229068773594e-009	-1	
-0.45623986370809455	3.1187287762436764	8.0968448277649016e-011	7.6163582781469429e-010	-1	
-8.6516944241709819	22.581972534618064	-1.3450206276887067e-009	-3.9339764572869986e-008	-1	
-9.8821966359327291	20.870997954268653	2.4011592633778946e-009	1.9579607821079985e-007	-1	
-9.5	21.358430650507181	8.0273088145379446e-009	1.9639388568463771e-007	-1	
-8.8972911501575069	21.565326930825524	-7.3159865616149335e-010	-3.2971408850621464e-008	-1	
-4.0176379521518131	81.824662920511912	-7.3066573543195904e-010	-8.0060887813166841e-008	-1	
-4.3046801035519922	87.781757052488217	-1.4389823514069997e-008	-6.9845862092861987e-008	-1	
-36.373501623630744	105.28253151087145	-8.0041966736023951e-006	1.9975862626507145e-006	-1	
-34.114304639252254	106.65533219408506	-5.9077162708425226e-006	1.9564361083511512e-006	-1	
-37.935723171652093	105.0917351359044	-9.2242577068013995e-006	2.068135566746506e-006	-1	
-39.640795046038313	105.21480402137495	-1.0519775575072386e-005	2.1521768578759804e-006	-1	
-32.572422499529679	107.65883653729449	-4.3046247097618291e-006	1.9162641365577586e-006	-1	
-29.88948561728915	106.8097192327717	-2.7882353961185345e-006	1.4110987232789089e-006	-1	
-24.840247784226765	104.83994882114739	-1.3770751383404936e-006	6.960092790891827e-007	-1	
-21.924999999999997	106.34999999999999	7.4023597619389106e-008	2.943147970719216e-007	-1	
-15.776057675283507	102.81157443688346	8.0348699371011648e-008	2.6375340195133766e-007	-1	
-11.062106702968714	94.770943697160163	-3.3073238164952255e-007	5.1273912633217141e-007	-1	
-11.786737780177742	96.59200436415486	-3.9251604665447952e-007	5.1761466199270139e-007	-1	
-12.3012343953291	97.669768402633764	-3.9585470834902148e-007	5.0932224212601885e-007	-1	
-12.701586512925271	101.04236165532521	6.5509168238033482e-009	4.4773166753206614e-007	-1	
-12.291725505520565	99.64660466609736	-1.8709670423696428e-007	4.8432279565723961e-007	-1	
-9.5	94.159172755104734	-2.3599603286063562e-008	5.1198689948079289e-007	-1	
-7.7363102150413177	91.954919968886742	-6.1729267192824626e-009	-1.082465541417651e-007	-1	
0.46142178346070573	78.879036399300787	-1.8105996120579404e-008	1.086804151544647e-007	-1	
3.4596828527284123	74.435037943162286	6.1459255492744959e-008	-3.1674756544790031e-007	-1	
3.5789330063194829	68.458912817923931	4.1507875268119366e-008	-3.8073623678835094e-007	-1	
4.7889008360792875	62.968412808901725	6.4562777652422699e-008	-4.8271719268490783e-007	-1	
5.5070311023844303	47.664581158891174	6.490171334950452e-008	-7.3869355403979311e-007	-1	
9.5	50.11166492711294	-2.1096639322818422e-007	1.922013467002056e-006	-1	
9.5	55.005832463556473	1.3539711675298352e-007	1.12066709577136e-006	-1	
9.5	59.900000000000006	-1.737552817183139e-007	1.5444807993385988e-006	-1	
4.8949425142679326	37.876246086004109	-1.6712183226038577e-008	-4.2916561194678853e-007	-1	
9.5	45.217497390669408	-6.3135209085781905e-008	1.7981893951174534e-006	-1	
9.5	40.323329854225868	1.0033369510044369e-007	1.450067722485707e-006	-1	
3.5527136788005009e-015	30.676707287279463	7.0973231270397209e-010	1.4961521137348346e-008	-1	
5.2817635714629034	32.675751601313067	-9.5938704660237828e-009	-3.4816200864737044e-007	-1	
-113.57640864405842	125.60194824959699	-6.2033548067961898e-005	4.3644399195753443e-006	-1	
-113.31173098168402	125.58638732841966	-6.1970068467924951e-005	4.3096774595080555e-006	-1	
-81.773017820323702	162.62547114140219	-7.7990385831484319e-005	3.9926541464411401e-006	-1	
-80.256269156327676	157.63152285808076	-7.2728188471442553e-005	4.1499336617803171e-006	-1	
-109.31101791680962	184.28584354863389	-0.00010124021330009257	3.2641521006237418e-006	-1	
-103.06025366224895	185.17473660957316	-0.00010158166953106368	3.2740751945968005e-006	-1	
-95.582823103756837	187.78029956886317	-0.00010342067384822194	3.2478481020052184e-006	-1	
-89.908487099816085	178.9328711159832	-9.5071075897472319e-005	3.4824320703036689e-006	-1	
-82.240728613131708	174.14117971695256	-8.9374040922826192e-005	3.6706844667439516e-006	-1	
-82.002324534954667	167.42165324868674	-8.2695521477344115e-005	3.8606374360614698e-006	-1	
-112.66631925624537	188.66326434116746	-0.0001047660415582342	3.1708891389320113e-006	-1	
-115.95079803913414	193.57712632473829	-0.00010852676394165703	3.0747268478805662e-006	-1	
-127.54256382797863	202.17719365463512	-0.00011455574941436999	2.9140361884627984e-006	-1	
-119.21362202187623	199.54927762689891	-0.00011287766816003215	2.9678985829883614e-006	-1	
-134.58523375214637	202.8452558724733	-0.00011483956520601284	2.8945146854204996e-006	-1	
-140.28418427902619	203.04943316410666	-0.00011484337651499175	2.8838736045776557e-006	-1	
-151.22251962138151	202.49032490569763	-0.00011432880372811676	2.874023726372848e-006	-1	
-145.85176659512601	204.28302654431562	-0.00011552718188401042	2.8595344370146272e-006	-1	
-162.29692700900677	200.71915209540256	-0.00011315829879453919	2.8776288079518103e-006	-1	
-156.8836520834158	202.38860725021033	-0.00011419309027083261	2.8670215730265973e-006	-1	
-200	212.49083376822176	-0.00011959016094533845	2.7333860524861962e-006	-1	
-195.75754927846134	206.24541688411088	-0.00011613232876535366	2.7942401148391423e-006	-1	
-181.86509586804542	212.05248266135445	-0.00011945230340615324	2.7411656134107993e-006	-1	
-188.17054164822929	210.90463505356519	-0.0001187545230088394	2.7504446334361923e-006	-1	
-175.66774206891057	213.19165958545946	-0.00012018287049138154	2.7320885603800591e-006	-1	
-169.82946111471486	210.82113355186684	-0.00011893307698594374	2.7603001889111109e-006	-1	
-165.87898836197471	207.74112016168553	-0.00011722642707183034	2.7965035238423378e-006	-1	
-160.85093877842533	206.43227664984559	-0.00011654285738679254	2.8160419020750534e-006	-1	
-194.04879035791765	211.96979626010773	-0.0001193130316332217	2.7387329856244664e-006	-1	
-113.23260096456423	125.33333625132556	-6.1833401772495443e-005	4.2828049533092504e-006	-1	
-113.47496420002123	125.377458336513	-6.1907413057741835e-005	4.3474108398327123e-006	-1	
-55.937884525784625	131.64473015214458	-3.2092144802108059e-005	6.787114448328751e-006	-1	
-56.255231793831783	132.75140555249104	-3.3299618191133362e-005	6.6433570474353634e-006	-1	
-58.12718877752372	135.46982281884857	-3.7528181411135961e-005	6.0859107440890973e-006	-1	
-56.423473158743334	134.8211214404285	-3.5206005747443464e-005	6.3771962835992943e-006	-1	
-57.267383752676508	137.07736619533577	-3.810490169011049e-005	6.0316662728654337e-006	-1	
-57.148943452392039	140.22383648496611	-4.1030770915002806e-005	5.7819371738772734e-006	-1	
-67.511786672327574	154.66832290992994	-6.4050393250594969e-005	4.5916347448083312e-006	-1	
-57.478959758197838	145.07425645014214	-4.654134131045274e-005	5.4477634917966662e-006	-1	
-58.724255790614812	150.66116851187053	-5.4117037612119721e-005	5.0906894838413005e-006	-1	
-59.256711140694932	156.3603649371581	-6.1483254577610234e-005	4.7785375945148087e-006	-1	
-71.741439222641333	158.81496709135592	-7.0533646355472017e-005	4.3187236287389198e-006	-1	
-45.147559305665339	107.47026406606771	-1.4756901686663426e-005	2.7286615436642938e-006	-1	
-43.684242340855896	107.01673127413305	-1.3608719950443765e-005	2.476325108200482e-006	-1	
-43.084517024373014	107.85243126382825	-1.3151196743797721e-005	2.3263617369499661e-006	-1	
-42.137492249496319	107.16213694523526	-1.2395046032015826e-005	2.248979784283789e-006	-1	
-40.314017550814441	106.54563238273994	-1.0959446729080804e-005	2.1519235220804331e-006	-1	
-51.916162926796403	127.34299374536592	-2.4905534205422454e-005	6.5276748821287976e-006	-1	
-45.161494601427812	119.61566092157314	-1.578321728038665e-005	2.8221487247229657e-006	-1	
-46.500820310577147	115.57246966083891	-1.6312531820256838e-005	3.3727245357122701e-006	-1	
-45.496538443309582	122.78736206794115	-1.6836000721199057e-005	3.0152786386936772e-006	-1	
-48.371374790961994	126.21180786382268	-2.0891730333465193e-005	4.7375326159434314e-006	-1	
-54.912248573791004	131.0551435942609	-3.0487260977952375e-005	7.0898426956667977e-006	-1	
-54.484607056349653	130.41060523941152	-2.9519334179820135e-005	7.1938908051916093e-006	-1	
-53.527948411621082	129.47873732002421	-2.772172346340073e-005	7.3771964397770839e-006	-1	
-52.599681971150829	128.72976987026075	-2.6353050997156164e-005	6.9532597625350296e-006	-1	
-47.538288707851848	112.78125978146693	-1.6818822765251309e-005	3.6708008970279019e-006	-1	
-49.258895710190174	110.04262955181531	-1.7889479061808944e-005	4.0257304421633964e-006	-1	
-47.682856324846171	110.81947743174467	-1.6794373768325764e-005	3.583586970380847e-006	-1	
-50.069763435761239	109.57100413874679	-1.8420640859407449e-005	4.2366281359946652e-006	-1	
-48.321312872697618	108.18957516948814	-1.7221396899518717e-005	3.4883019825716218e-006	-1	
-47.117021815452119	108.33744351815135	-1.6330603780035044e-005	3.1846612415325208e-006	-1	
-45.912730758206614	108.48531186681451	-1.5413248875755802e-005	2.8900447335610257e-006	-1	
-50.198004516721099	108.41563453218245	-1.8508583290249027e-005	4.0672831158119495e-006	-1	
-49.63543811702506	108.63572449488728	-1.8131882341543538e-005	3.9362678693673787e-006	-1	
-48.862511340102586	108.94645768646889	-1.759478334364232e-005	3.7523368186041335e-006	-1	
-50.729894987188615	107.89383847216179	-1.8878675697708141e-005	4.1009281564563602e-006	-1	
-50.606849518141814	108.21977282928296	-1.8772356721010402e-005	4.1518006092630196e-006	-1	
-50.875461516413232	107.87596514978877	-1.8961256275246277e-005	4.1311129383660185e-006	-1	
-50.893334838786238	108.02153167901338	-1.8951612328533238e-005	4.1918808232693438e-006	-1	
-50.590725708083255	108.6420988951725	-1.8743449043570848e-005	4.2468256373252787e-006	-1	
-50.156339993045584	108.94163588942611	-1.8468574384587483e-005	4.1584935169840446e-006	-1	
-5.7007696600461699	25.045408168475333	5.3286728158997206e-010	1.3171810462830422e-008	-1	
-7.2174602056228014	23.028792211281786	4.6843510547498231e-010	9.6393007967850081e-009	-1	
-8.8817841970012523e-016	25.05358911515269	9.1507849375252729e-010	-4.1451203639517274e-008	-1	
-9.7991454199654271	20.278408929444158	9.1149750106901757e-009	-4.1934419869118367e-008	-1	
-9.4913813555759567	20.353804111994602	2.7661909576251712e-009	-1.4166962148084409e-008	-1	
-8.6621115830567792	20.880226134544202	-8.6825773088905205e-010	6.7562856430527527e-009	-1	
-9.2648204328992705	20.673329854225869	2.7265839849590217e-009	-1.2504511139414598e-008	-1	
-7.6810921412736155	21.599904166208603	1.4910785063727328e-010	6.1731213906738594e-009	-1	
-2.509012282568222	22.80604273291339	-4.5033457243098314e-010	6.1063218408722541e-009	-1	
2.8061923148586647	18.699999696442532	-8.2496367984363739e-010	3.4864331516910977e-009	-1	
0.60630808433856442	21.524876707009277	9.6433615018961421e-010	-4.3209913030271139e-010	-1	
-9.6383984244079564	20.551472212037382	9.2473737164695399e-009	1.9466736265931813e-007	-1	
6.3478808647541189	12.750289819178652	-1.4447428339426469e-009	-2.5359160775548208e-008	-1	
6.1651503936503911	17.825358195439687	2.0915127156338771e-010	4.3326410492540506e-009	-1	
3.556284108257437	5.5495232625581945	6.2613164546831624e-010	4.5664407457127998e-009	-1	
8.4892820443233532	8.1454977025968311	-3.4613467191347535e-009	-2.8409466659966435e-008	-1	
-2.2703059766735074	0	-4.6477749645102712e-012	-5.0241746248819624e-011	-1	
-1.7393944096180658	0.68814859737736012	1.1239601675621479e-011	9.6277089465707566e-011	-1	
-0.50853882409068052	1.4717055263854535	-9.7115183321791858e-012	-8.8763646440345964e-011	-1	
1.2136266600777608	3.1989284749397462	-4.9455447690644874e-011	-1.2154884681031686e-010	-1	
0.43681720030382709	1.7338569961683339	-1.6637513676607959e-011	-2.909588053214321e-010	-1	
-9.5	20.746659708451737	9.4669568051132194e-009	1.9476405225863199e-007	-1	
-9.2756017420981625	21.052545179479456	6.2928934468027183e-009	-4.2282665050895289e-008	-1	
-0.15910395830672464	86.37230836758107	-2.2688585071419567e-008	4.0675737866023941e-008	-1	
-4.4223262843368891	91.182527423132328	2.1222115281224603e-009	2.9272177274426644e-008	-1	
-0.2919490000567353	90.748916571007044	1.1157991875840818e-008	-2.121350222687085e-010	-1	
-35.694379452448239	107.4208211375403	-7.0061879886473932e-006	2.0964332762463379e-006	-1	
-37.243323703574056	106.59415225294816	-8.4573970728843169e-006	2.0835286270947337e-006	-1	
-34.127121394717776	108.64236734257543	-5.3031293914280935e-006	2.2014778866136424e-006	-1	
-38.895291198329772	106.50653026226432	-9.8196427124422646e-006	2.1069225299029701e-006	-1	
-31.474509191339344	109.13498282656741	-2.605341635898357e-006	1.9922615041590195e-006	-1	
-24.99947116235824	108.11921278155826	1.3937039951831111e-007	4.8229883913531451e-007	-1	
-28.073942324716487	109.88842556311653	3.3841381997560816e-007	9.2279898327950446e-007	-1	
-15.283974766079371	108.6413534447251	-2.1897058208999301e-008	-7.5005234392229026e-008	-1	
-20.641907118109948	112.13566669198673	-1.5688989827704108e-008	-7.329663196072467e-008	-1	
-12.375490808660699	103.56501717343258	-7.0163699856236335e-009	-4.4177523853813807e-008	-1	
-10.610267168797144	96.38658043614663	-2.2116625114362107e-007	5.2163288958605129e-007	-1	
-9.5	95.382714639215607	-2.080364497793707e-008	5.248274128990008e-007	-1	
-10.967129660826686	97.460638130672379	-2.4585043174896328e-007	5.1785647652634228e-007	-1	
-11.08469228399399	98.255939200798196	-2.2000781055788342e-007	5.1314665957327356e-007	-1	
-11.210043063713597	101.3040747095085	6.7637844671033374e-009	-9.2534582043646834e-008	-1	
-11.164350931746144	100.15775526454607	-7.4931534782859087e-008	5.051194055517971e-007	-1	
-11.073624401390321	99.426427319387443	-1.3431493789379791e-007	5.0679994627005134e-007	-1	
-7.9346593136488881	94.770943697160163	6.6113938708759412e-009	-8.9142223663848738e-008	-1	
-5.4349170835586698	94.431179391416336	9.3715232108930671e-010	2.1505485636401415e-008	-1	
4.8737212943004211	81.92375391399591	6.8937560548998406e-008	-1.5595332738242642e-007	-1	
9.5	79.476670145774136	-2.299254133660662e-007	7.8251168267677207e-007	-1	
9.5	69.688335072887071	-1.5179607405840382e-007	1.3155890488662477e-006	-1	
9.5	64.794167536443538	-1.9035153407776346e-007	1.6433200761345668e-006	-1	
15.20591011235541	50.925370227282642	-1.5124210285585685e-005	1.2861906099488859e-006	-1	
14.406088753015208	45.217497390669408	-1.2553089051896267e-005	1.5976264200186736e-006	-1	
14.426791738216661	61.507330323033862	-1.2213038082252802e-005	7.586593248843731e-007	-1	
19.276457307039081	55.005832463556473	-2.6152178318527922e-005	7.1795506250754467e-007	-1	
9.5	35.429162317782342	1.253632268452316e-008	1.665945206242116e-006	-1	
15.235994782142104	38.337538182210473	-1.3061117143071973e-005	1.7788769542987463e-006	-1	
4.5565581247125593	28.479464142194313	-2.0674205516345391e-009	1.5488306035650942e-007	-1	
7.0700404264714383	28.810933718230544	7.821080153084739e-010	-5.935428375333673e-007	-1	
9.5	30.534994781338813	9.8171450993087517e-008	1.8704551041957755e-006	-1	
-76.682280744270216	163.77631517458704	-7.7517611249947003e-005	4.052368978063615e-006	-1	
-106.75673214621038	188.76632091658863	-0.00010464560469251737	3.1892193559071785e-006	-1	
-101.07162959767091	190.92513428659623	-0.00010628448213424864	3.1624531606681757e-006	-1	
-95.88439415862706	194.09900489735864	-0.00010894739838664039	3.1063978174417959e-006	-1	
-89.259178636551397	187.949127238025	-0.00010332130567090716	3.2654067756550748e-006	-1	
-84.302899306244825	183.06069111905944	-9.8417807980924899e-005	3.4096970823647247e-006	-1	
-78.953569518933762	178.80783354222092	-9.3609804425685722e-005	3.561389431625418e-006	-1	
-77.845603230857463	169.82531969303295	-8.4075687478456484e-005	3.8479949849929596e-006	-1	
-109.79958057891086	193.76413536129974	-0.0001086333558990414	3.0862422232007393e-006	-1	
-112.29460478438789	198.69222936650777	-0.00011239591566012373	2.9922666821617898e-006	-1	
-123.58535475877621	207.11004261037709	-0.00011812109051803259	2.8421215683560356e-006	-1	
-129.69816800325842	207.96014542687487	-0.00011840607600029364	2.8264616305353336e-006	-1	
-111.81827190779103	204.19535241626392	-0.00011657262651464798	2.895735510342493e-006	-1	
-117.52582728041661	208.91963625994251	-0.00011973870158078745	2.8148066650692963e-006	-1	
-136.10569518582577	209.75421410192973	-0.00011931287504508442	2.7971609320519649e-006	-1	
-141.83169909470428	208.53805078327994	-0.000118308490563767	2.8092970624596137e-006	-1	
-154.90716297487404	208.29576966865054	-0.00011778135948333292	2.8001652553426991e-006	-1	
-150.66497536385168	212.85701087109803	-0.00012066143335117062	2.7490350179699554e-006	-1	
-200	218.73625065233264	-0.00012302103829899989	2.6714742726471446e-006	-1	
-185.40794145459799	216.68773463663433	-0.00012198715162907668	2.6932425801262708e-006	-1	
-179.82514389994907	218.38174974527334	-0.00012301459399992876	2.6770457469419558e-006	-1	
-191.32107949747555	218.99258683381518	-0.00012319678628907235	2.6692640968033487e-006	-1	
-169.94506579865501	215.82906256602925	-0.00012179449931380351	2.7065051579841212e-006	-1	
-174.20388691363016	221.93456493121803	-0.00012512404669491245	2.6408832218830717e-006	-1	
-164.41203001904512	212.7253339585873	-0.00012015159243730713	2.7427525670238294e-006	-1	
-54.862957806062106	131.82707453581475	-3.101073060646136e-005	7.1047354058586105e-006	-1	
-55.157085599679952	132.40569661922657	-3.1804621736786033e-005	6.9659689066130591e-006	-1	
-55.405055764208917	133.5277047531371	-3.3007148213427829e-005	6.7348123355168017e-006	-1	
-54.850418490975613	134.33573527594879	-3.3086076014748757e-005	6.6883018880941207e-006	-1	
-55.290686181668697	135.70059744301349	-3.4784858257533359e-005	6.3889113408414053e-006	-1	
-55.458093780394336	137.56764922218451	-3.6702732656497322e-005	6.1240728656635458e-006	-1	
-53.389129872589933	139.100049249976	-3.604084986532729e-005	6.0463756534543992e-006	-1	
-52.899853996016617	143.4410770296758	-4.0323212171176475e-005	5.7363872666915474e-006	-1	
-64.671739171491964	161.79570645037705	-7.0893275259207612e-005	4.3721508574118716e-006	-1	
-51.013760418207376	150.53240242700377	-4.7846177064573157e-005	5.414542610426635e-006	-1	
-54.141210869923739	154.8523121402485	-5.6303000402145398e-005	5.0269990591206323e-006	-1	
-58.50804353662415	162.52130053801616	-6.9250939977778315e-005	4.4660264056699879e-006	-1	
-51.410242736717358	159.43318316156513	-6.1237563882344474e-005	4.8220691433107149e-006	-1	
-69.680403545967152	163.80092096083345	-7.518842363633902e-005	4.1837549934087647e-006	-1	
-44.018198560380782	107.98963320724229	-1.3897192023787144e-005	2.489590571227248e-006	-1	
-44.708439700961122	108.63318021547769	-1.4473665216551296e-005	2.6038701860414972e-006	-1	
-42.524361212600695	108.26834423860237	-1.2706887187564421e-005	2.1916117882418672e-006	-1	
-42.902003115092867	108.85498273847247	-1.3024041003644822e-005	2.1930613346100123e-006	-1	
-43.504148643715624	108.7810485641409	-1.3511904478983985e-005	2.3259585948343306e-006	-1	
-40.926213408346172	107.82607358446734	-1.1407449053995951e-005	2.0802741367315908e-006	-1	
-41.830161584447275	108.38387661581066	-1.2143117845635099e-005	2.0764468094694739e-006	-1	
-39.775099941674583	107.85859896632807	-1.0439508169754055e-005	2.0715822226081767e-006	-1	
-51.605015758399603	129.14513397329259	-2.5620568548315668e-005	6.5956952123728734e-006	-1	
-49.300643842100058	129.0408805558294	-2.3186595365525426e-005	5.5786083168350723e-006	-1	
-43.677841864169253	116.68630264120694	-1.4021168685580795e-005	2.2242302908550283e-006	-1	
-42.096993425016521	118.43617038778379	-1.2685934683669272e-005	1.4620971778686456e-006	-1	
-42.473366792564356	121.50148547935679	-1.3454885687627392e-005	1.4443963295484748e-006	-1	
-45.571551259440199	112.74339696883425	-1.5292884509813597e-005	2.9708077797095497e-006	-1	
-42.956032174745111	114.4412837792962	-1.3246917408994549e-005	2.0159999049195867e-006	-1	
-44.753124851274116	125.88885828251757	-1.7003439363454605e-005	2.74932151978982e-006	-1	
-42.849740160112191	124.56680057092976	-1.4513358847685933e-005	1.5485907759417158e-006	-1	
-47.333906393703721	129.00301774320323	-2.1039240368908144e-005	4.6035216869772653e-006	-1	
-44.960536567701887	128.19703727367204	-1.8074224934098898e-005	3.1261765903957844e-006	-1	
-54.193778726359589	131.34168859359499	-2.9840251628930239e-005	7.3586151566347585e-006	-1	
-53.716135095395003	131.0113948658107	-2.9004136069518953e-005	7.5190827282023991e-006	-1	
-52.823837022089727	130.61146505627673	-2.7811544734928808e-005	7.2019043319503517e-006	-1	
-52.448960548743464	129.79708953451501	-2.6880120387804167e-005	6.996108104015275e-006	-1	
-45.984251026180672	111.57525121287743	-1.554808067536952e-005	3.0744275108779998e-006	-1	
-49.658017336871509	109.19372500727565	-1.8142285819965782e-005	4.0374366023286658e-006	-1	
-47.823977271717943	109.11711770363584	-1.6850885288991511e-005	3.4626991572673275e-006	-1	
-46.716768032167323	109.41071301698909	-1.603228035311894e-005	3.1707160982497813e-006	-1	
-46.043979296403123	110.33778681405063	-1.5541390019415434e-005	3.0355334984610804e-006	-1	
-45.261974086649936	109.36336773822727	-1.4914739705378384e-005	2.7702921016388886e-006	-1	
5.7007696600461699	25.045408168475333	-6.5822308361761359e-009	4.9397657798308267e-008	-1	
-9.5	20.599999999999998	1.1070715343976477e-008	1.9432074726653185e-007	-1	
5.3743299359044148	21.035008537908919	3.0049554129764667e-009	-2.5776539279048151e-008	-1	
10.930576863812368	12.764696446075352	1.5348155461608421e-008	1.3844769543308747e-007	-1	
9.1483770695120299	16.986671583837161	-3.9853865106640519e-009	4.3723296803143428e-008	-1	
8.6834960289149397	18.958194620611373	5.5631545946625091e-009	-3.4317515266836108e-008	-1	
7.5933606777668814	20.188745275288362	1.0956753622892388e-009	-2.4733081168577931e-009	-1	
5.9059062548352346	3.2058902828871294	9.2027362487642623e-010	7.7462030308427383e-009	-1	
2.8398196119469379	1.4274499177397277	-3.945307351156642e-010	-3.2143803708032635e-009	-1	
10.204085323793036	4.1033227796406067	-7.4106349001224326e-010	-6.580643464850831e-009	-1	
13.795017813523428	8.0115175778307037	8.6680711005706518e-009	6.9739320527024836e-008	-1	
-1.2084828425626239	0	-2.246484295350064e-012	-2.8132869940307225e-011	-1	
-0.8844675558255235	0.53157382683600507	-5.0795369882168948e-013	2.9009861771173929e-012	-1	
0.14951827970594911	0.93427750966567213	1.5093737628808555e-012	1.4681042869246484e-010	-1	
-0.27254663017292169	0.65550964951370116	3.5845064791370699e-012	-5.1990839594890726e-012	-1	
1.4071541246259884	1.5519875242164793	1.0179953258270627e-010	9.2001440390575936e-010	-1	
0.65487377750238851	0.91268749225759205	-2.3162747280899217e-011	-2.7606498436153475e-010	-1	
3.2508131966448928	89.119090515436952	-3.9671339334384643e-008	3.2679925533095331e-009	-1	
6.7278512133530555	86.817921450439428	1.196385001729273e-007	-7.0287509377085614e-008	-1	
-1.1988923060509773	94.541666337799668	-4.7378159464950819e-009	-7.697684139976169e-009	-1	
2.2976509863283248	93.664644415698291	1.7371291475824997e-008	6.6393580268301043e-009	-1	
-37.24281535695421	108.24844181604303	-8.2068952481970189e-006	2.1504382178197426e-006	-1	
-35.204153904770365	110.31223976969272	-5.8837063864471269e-006	2.5128416673612231e-006	-1	
-38.85073537886138	108.11903390081095	-9.6255112283927692e-006	2.0895065823178305e-006	-1	
-32.639956936286424	111.39592529049153	-2.6187284694830056e-006	2.8080223254684804e-006	-1	
-31.148413487074738	111.65763834467479	-2.7523893054377239e-007	2.5820700245971382e-006	-1	
-24.958243835001738	111.74681240849895	-8.0278881637745657e-008	-1.7242044504120292e-007	-1	
-30.034149490211817	114.98259427599332	-4.6063325370093267e-008	-4.2978345884020117e-007	-1	
-14.733045058396064	115.34100356976737	5.7342724114014252e-009	2.0321711650011137e-008	-1	
-8.6228508558692631	108.95714673285163	3.2779122027520743e-009	1.2327975197570786e-008	-1	
-20.832007851101519	118.91053127653316	-4.2945244094440158e-010	2.1453880391441362e-009	-1	
-25.647158664986964	115.30863428822956	1.7424853515695789e-008	9.5797778358576149e-008	-1	
-8.6458460952298779	102.38776023030712	4.5823949674859511e-011	8.3631018013789262e-009	-1	
-10.16390583677687	97.426634439871705	-1.5822231871441966e-007	5.2407798199710564e-007	-1	
-9.5	96.606256523326493	-6.9637217388284439e-008	5.328178100692977e-007	-1	
-8.392788264498666	96.387938754135561	1.072211795571713e-008	-1.3952207481832832e-007	-1	
-10.303579608323894	97.914539100414473	-1.652936139988276e-007	5.2100676324541323e-007	-1	
-10.247968533199394	98.418986450056636	-1.4709285649516454e-007	5.1927681736255575e-007	-1	
-10.409518411102653	99.106997983940005	-1.2444762751681464e-007	5.1553217112827859e-007	-1	
-10.520935996882837	100.3868683579896	2.7019034427020744e-008	-1.2127980563666601e-007	-1	
-9.5950223359760578	100.87083990196047	-6.4185212613676088e-009	4.1257362444080719e-008	-1	
-10.395733141156583	99.715452069156498	-8.9376705878475587e-008	5.1641553894756885e-007	-1	
-6.9739978467504971	96.430024409102018	-2.6993003252391223e-009	2.4127879030792388e-008	-1	
-4.7470293970977746	96.858309699242753	1.2113051713070633e-009	-4.3870240047591126e-009	-1	
9.5	84.370837682217655	-4.3420948208071218e-007	5.4699181066914666e-007	-1	
15.049319263077745	74.582502609330604	-9.063681234913257e-006	-5.4872371848845584e-007	-1	
14.125279523622005	81.92375391399591	-4.3615064618953656e-006	-1.0778845547586336e-006	-1	
13.981215874770459	66.813010935484755	-9.9683054987796398e-006	5.0293550212884982e-007	-1	
19.205783014749088	47.454909757697926	-2.5635969406426329e-005	1.382437507840811e-006	-1	
21.192311748485103	42.546062367903211	-2.9575667057985516e-005	1.7467149825031804e-006	-1	
18.727094521827432	64.399420150195795	-2.2098826276151732e-005	-1.569864106530866e-007	-1	
25.40225274413843	53.831289429825603	-4.4121852956663999e-005	4.823594406174404e-007	-1	
24.866234089608596	60.045595913840451	-4.0844786621270573e-005	-3.9192696586690031e-007	-1	
12.23871554651201	32.982078549560576	-5.1417552848043904e-006	1.871837079887321e-006	-1	
15.928738019837297	32.307188979051944	-1.1931438055842127e-005	2.0225177755100327e-006	-1	
23.06870602555329	35.498471847584085	-3.0018607902122544e-005	2.2671702056658838e-006	-1	
7.4497497071881362	26.304285313840658	5.1239342184201412e-008	-5.2931146477076709e-007	-1	
9.5	28.087911013117044	-1.7805780432961951e-007	2.2145143024495815e-006	-1	
12.115066309399388	29.311452897227927	-4.0519237543128648e-006	2.0404722822376912e-006	-1	
-71.776430863687366	168.77226620457307	-8.1431799017606148e-005	3.9641457820086424e-006	-1	
-101.08274382165803	197.00631366464114	-0.00011131153671832085	3.0385780751283261e-006	-1	
-90.978964087711844	196.82363082643491	-0.00011145675662555866	3.0498140584269228e-006	-1	
-95.668504277008395	199.48850899148468	-0.00011358788949067474	2.9903910682537664e-006	-1	
-81.893394149942878	189.59183170788353	-0.00010475706921433851	3.2393345396118421e-006	-1	
-85.394300262415641	196.27740688658781	-0.00011115170940457447	3.0638229273401126e-006	-1	
-77.950530512752962	184.42717385826691	-9.9366316857309376e-005	3.3972078036442565e-006	-1	
-73.312351382345113	177.93620818067885	-9.1909945678285928e-005	3.6290421421872939e-006	-1	
-69.636662563496571	173.84158641077883	-8.667233328072287e-005	3.8040257618716203e-006	-1	
-106.7714653890467	198.77089021899593	-0.00011260245174885908	2.9972685634412509e-006	-1	
-123.13301016548202	213.41780662042538	-0.00012251491614971997	2.7457463793094508e-006	-1	
-130.98005153295239	213.99719231892678	-0.0001223680198468948	2.7391364237462583e-006	-1	
-110.83136236454352	211.53844820214857	-0.0001221789363688626	2.7670110614506725e-006	-1	
-103.15383702472946	206.7700523688292	-0.00011913348791386847	2.8465090187503192e-006	-1	
-115.65317428714974	215.85989614450773	-0.00012487426760061614	2.7012460975180457e-006	-1	
-140.94239286344006	214.3238358129156	-0.00012198994630157496	2.7346254971948372e-006	-1	
-146.19714977878408	216.19843898267709	-0.00012289369877238967	2.7095562463049744e-006	-1	
-154.36397226063656	217.2435632681136	-0.00012313763010987196	2.6956587329195958e-006	-1	
-160.10035298158388	217.37904831721806	-0.00012299809593315248	2.6924446304008788e-006	-1	
-200	224.98166753644355	-0.00012641869345359931	2.6092665033931477e-006	-1	
-193.05739864749526	225.09690833372409	-0.00012651013245744882	2.6081466056030833e-006	-1	
-186.42747140272968	223.03364424246624	-0.00012546424549678755	2.6289264060486508e-006	-1	
-180.84392324172731	226.21703865320043	-0.00012731351633836163	2.5965114729834321e-006	-1	
-168.99545271289091	221.80474361322629	-0.00012521104795860287	2.6425471937292671e-006	-1	
-164.81419843607924	219.05667479378459	-0.00012378943677566158	2.6729449361859125e-006	-1	
-168.7576866452161	227.00936729751874	-0.0001281399710106494	2.586661701025505e-006	-1	
-173.59185669441294	229.35346885507698	-0.00012924505247856734	2.5630394854696072e-006	-1	
-54.47544694769487	132.34779519897094	-3.0972168610448826e-005	7.2172934043110183e-006	-1	
-54.220816466831891	131.92178026342387	-3.0323501294039581e-005	7.3584299443022289e-006	-1	
-54.56333454040216	132.74546640298342	-3.1403149102460417e-005	7.116325125386255e-006	-1	
-54.778114783215152	133.35833668555739	-3.2161170661610114e-005	6.919138172718164e-006	-1	
-53.906938772841109	135.32386480158766	-3.2916841786802076e-005	6.5712188017717112e-006	-1	
-53.94598169319552	133.95820394019466	-3.1733326128693539e-005	6.9185565817807103e-006	-1	
-53.7756793242458	136.74097561793724	-3.4099077321631872e-005	6.3228844072640946e-006	-1	
-52.36639461022056	136.93934069418643	-3.2706555305759371e-005	6.3068549031801589e-006	-1	
-50.345870367356447	139.89691553616879	-3.3452031964972143e-005	5.9833586594493317e-006	-1	
-48.535247243656805	143.62579563939661	-3.5797246012009697e-005	5.8807661597442839e-006	-1	
-64.846510182357463	168.61713758275727	-7.9295300880861166e-005	4.0686247038694368e-006	-1	
-46.830613491976884	155.17796026983859	-5.1564855953560488e-005	5.2823083971524042e-006	-1	
-44.528910373266427	146.15358187224496	-3.4697705143937662e-005	6.0627600637275177e-006	-1	
-42.054919081081337	151.14402066056124	-4.0424811107196597e-005	5.9058728027624295e-006	-1	
-53.467023639789744	164.40676400438238	-6.9715961218551158e-005	4.4546593846495446e-006	-1	
-57.770758646086499	168.68360868103289	-7.7311356262393439e-005	4.1540444318501808e-006	-1	
-45.808711747860301	166.36167119969463	-6.9895249682891069e-005	4.4012778692340248e-006	-1	
-42.512832357711979	159.8992136983295	-5.7087331615354558e-005	4.9669973276255256e-006	-1	
-44.348579368912397	109.43606040724006	-1.4197337537850229e-005	2.5341819333535907e-006	-1	
-42.299857586470125	108.92891691280407	-1.2532528437309378e-005	2.0615959966295206e-006	-1	
-42.336991825874328	109.53186101801963	-1.2586261563564688e-005	2.0340480403261607e-006	-1	
-43.162132536979328	109.64637619479032	-1.325463773591513e-005	2.2317517728414878e-006	-1	
-41.148692729367816	108.4745465411882	-1.1583732741291648e-005	1.9946421462903075e-006	-1	
-40.74070577774846	108.48607445027781	-1.1241919065053774e-005	1.9833941013116866e-006	-1	
-41.369388988129231	108.81788224680058	-1.1767078433518684e-005	1.9364119125356838e-006	-1	
-41.697712057847376	109.00285108713568	-1.2037768048822904e-005	1.9379855923988769e-006	-1	
-39.672664996503897	108.61573089468749	-1.0313942146934029e-005	2.0202735990277183e-006	-1	
-51.928861843303558	130.16121102561183	-2.6584085189805932e-005	6.8450032002654418e-006	-1	
-50.863675373055564	130.2128506088597	-2.5493713180263151e-005	6.4519125357160887e-006	-1	
-48.887944075359933	130.20902631178683	-2.3356345638492323e-005	5.6257398806046215e-006	-1	
-49.92059344949066	130.89351215878159	-2.4873022791981936e-005	6.2116722305326402e-006	-1	
-41.720620057468686	115.37085529621082	-1.2200557872641154e-005	1.5165454881134646e-006	-1	
-41.212250761360586	120.10056709237429	-1.1548020275740126e-005	1.7637148849448239e-006	-1	
-40.285196302384314	116.57753589574578	-1.0413025810456342e-005	2.0048551131610385e-006	-1	
-40.063052714523074	118.60646876217993	-9.9797207265009873e-006	2.1037189819212576e-006	-1	
-40.711337527330222	124.17326764866478	-1.1048859222727928e-005	1.9729356969235726e-006	-1	
-40.500724053437999	122.00917986268881	-1.0544183468248428e-005	1.9624031460620543e-006	-1	
-43.267179343142459	112.63914355136876	-1.3427618590837208e-005	2.174797990078171e-006	-1	
-44.008519728485766	111.57142691580273	-1.3986748483997822e-005	2.4385541257807054e-006	-1	
-44.951601652051181	110.89076536588166	-1.4709322763771218e-005	2.728729484096129e-006	-1	
-42.272513130391424	113.05450765440142	-1.2629149734192277e-005	1.8235410890759215e-006	-1	
-41.532433373694765	113.83819775042434	-1.2024633976259472e-005	1.5301101621034242e-006	-1	
-43.226113527660019	127.63211566250273	-1.58673580019131e-005	1.9265623527069321e-006	-1	
-41.320899285178506	126.31028259157034	-1.2367279325898564e-005	2.0450105669639929e-006	-1	
-47.189338776691557	130.96480009290869	-2.1819150037394996e-005	5.0031078204978483e-006	-1	
-45.271681790146957	129.99440990035347	-1.9165179996637407e-005	3.6673123849297987e-006	-1	
-43.41430021143394	129.1647732082892	-1.6653767210550266e-005	2.2659756899412918e-006	-1	
-53.810228437281964	131.77772363870395	-2.9704476764875821e-005	7.5481492861639712e-006	-1	
-53.33070668925599	131.44766051469836	-2.8940722761967691e-005	7.4174172607501932e-006	-1	
-52.730362651892591	131.23984586091697	-2.8157386244211163e-005	7.2294415375307305e-006	-1	
-52.294552204906076	130.68020783013944	-2.7307971594229836e-005	7.0332774490831811e-006	-1	
-44.830900199761089	110.17191547247776	-1.4593553912068638e-005	2.6775777812004454e-006	-1	
7.2174602056228014	23.028792211281786	-1.590702999558246e-008	1.3450272718629924e-007	-1	
8.0948277703023415	24.248178029452831	6.3078395007293332e-008	-6.22916071832022e-007	-1	
7.6810921412736155	21.599904166208603	-8.1206175931917784e-009	5.9410939895270625e-008	-1	
13.517899216906461	16.547165641173002	-1.4270996643437252e-008	-2.5807414011894547e-007	-1	
17.54417608723184	11.768190968622775	-6.6765265519381225e-008	-5.3183130866539658e-007	-1	
11.78528526620685	18.659670153405411	4.4009755825426917e-008	-3.8230196248933459e-007	-1	
9.8863972905789215	18.873028819287121	-2.6766343247200077e-008	1.6986704274318881e-007	-1	
9.5243616992232276	19.82258433799873	-2.0295966998354064e-008	4.8638970117984933e-008	-1	
8.8657180010163525	20.150259976165117	-3.7490960498983819e-009	1.2011000368473541e-008	-1	
8.6621115830567792	20.880226134544202	-2.2887466998405446e-008	7.9012755067473499e-008	-1	
4.3939522448952735	0	-2.1880505447261475e-010	-2.0994131441368694e-009	-1	
8.6412447813388056	0	-3.7809175506569354e-010	-2.5178518445912514e-009	-1	
2.270305976673507	0	2.1195245905169631e-010	2.0163393171073072e-009	-1	
1.5599386819945495	0.57664802918886016	5.2447343889150556e-011	3.8465408074003785e-010	-1	
12.88853731778234	0	2.0954379865944245e-009	1.4746843163240629e-008	-1	
15.012183586004106	3.8167570844683807	-3.7409422654735615e-009	-2.4862853518537839e-008	-1	
18.098688501245192	6.9863163996305317	1.2508772994867783e-008	7.128339689581565e-008	-1	
-0.67757127550718232	0	3.2787959003779222e-013	5.6308022301920353e-012	-1	
-0.41211549197946162	0.21179213260225657	-7.3289572565021878e-013	-3.310261981850315e-014	-1	
0.1335664260924716	0.42871263116731129	3.3607104534377537e-012	3.1438103246075796e-011	-1	
-0.073329854225870378	0.2351795671007319	-4.2107990919394419e-013	-3.8619353317325685e-012	-1	
0.94302705903490325	0.30194053730796666	-1.344364821108897e-011	7.2380800804816812e-011	-1	
0.54484338374332197	0.24640116560258621	5.4444427517530002e-012	5.562525477038002e-011	-1	
5.7008719438471873	92.475918391067921	-3.6437294826724298e-008	-1.2994961602586289e-008	-1	
7.1745448269631549	90.488547102772088	1.6163874689250836e-007	1.7976210333833905e-008	-1	
9.5	89.265005218661202	-7.1304572044920384e-007	1.258760385945686e-007	-1	
3.4569092913271295	97.147128043095449	5.788451643064617e-009	7.4148710498240272e-009	-1	
1.165178393921992	99.461456637168141	-9.7698166007413888e-011	2.4917037946521247e-011	-1	
-2.7245903365963025	99.050452886797729	9.7702518164376372e-010	2.3027384714548881e-009	-1	
5.6656392086362359	94.949805021118607	-4.7615498717840656e-008	-3.9656023796597262e-008	-1	
-38.639338530172196	109.05583034211944	-9.3513114066185829e-006	2.0968391703282172e-006	-1	
-37.134381891522473	110.04745976465533	-7.8048544547919671e-006	2.3142907255392366e-006	-1	
-35.285328767628833	112.09980612096162	-5.6423487641204875e-006	2.8811080596748726e-006	-1	
-34.254977664024011	111.82916009803944	-4.5172340761695896e-006	2.9425902019331223e-006	-1	
-37.11190663502159	112.12204019321885	-7.4881528530045144e-006	2.5713878140618657e-006	-1	
-33.329064003117153	112.3131316420104	-3.2977249451228269e-006	3.2237687382445891e-006	-1	
-32.685649068253852	112.54224473545392	-2.2651969770813108e-006	3.4647704828007487e-006	-1	
-31.757129862649212	113.92629168131509	4.0218737106501605e-007	-1.1587689064702573e-006	-1	
-32.052144560862018	115.09274158717226	-2.2165944948339364e-009	2.5060209332555405e-007	-1	
-31.661330196613253	116.40682059645862	-3.7311429500400923e-009	8.7813916464929126e-008	-1	
-29.442018378932929	117.53372537437771	2.098005297793905e-008	-5.2132326946010457e-009	-1	
-15.487236931161306	121.04754266986224	-2.4036511443984212e-011	1.0205977648941557e-008	-1	
-8.5772125037111557	118.04184804871613	-1.2117389292219787e-009	-2.7584784875392136e-009	-1	
-3.0041001529075517	105.15113602192088	-6.8571536467607929e-010	-4.5735941541198068e-009	-1	
-3.4514606957300931	110.54114479764446	-6.0185956050956356e-010	-1.562688718199229e-009	-1	
-26.723661208156884	120.11376026351385	-3.9645237979084323e-009	-5.0604164810835954e-008	-1	
-22.361379962111194	124.72605878664591	1.5077779456869665e-009	-5.4696577090638684e-009	-1	
-8.564671232371305	100.60019387903837	1.661935233573127e-009	-9.1500626145822108e-009	-1	
-6.9646908411315778	100.15787032226208	-1.4491562997464456e-010	-1.1805414160208213e-009	-1	
-4.3401481114272782	101.55758762278001	8.4130700188560927e-011	-1.0214419507385562e-009	-1	
-9.5	97.82979840743738	-1.0395879419947441e-007	5.2910614347789344e-007	-1	
-9.8467922317705909	98.135683878465102	-1.270531369991614e-007	5.2387792811468694e-007	-1	
-8.8358518784514306	97.425857397174354	3.4883127824575278e-008	-1.738553802461677e-007	-1	
-7.9750600269598166	97.4363106324016	-5.8415007116168269e-009	4.1752604334779293e-008	-1	
-10.052860814940843	98.869692285579546	-1.1941766866288502e-007	5.1889149532523596e-007	-1	
-9.7892817954645341	98.594512085006684	-1.1563877221987521e-007	5.2161586481884016e-007	-1	
-10.011424245861798	99.494300471461727	-9.2487997383969739e-008	5.189147994824557e-007	-1	
-9.8618482260515883	99.199407667661177	-1.003581238739154e-007	5.1944091060262521e-007	-1	
-9.9640175906132491	99.991498307593076	1.6861232652524757e-008	-8.2537661267712514e-008	-1	
-9.3988514518848341	99.937611033051965	-6.4654235232725409e-009	1.1643988739722386e-008	-1	
-6.7923827359675464	97.837772043936937	8.7455106491848025e-010	-8.0697260681562736e-009	-1	
-5.7040537630377406	98.91425744383568	-5.3519145515580211e-010	1.1311074845325037e-009	-1	
12.273644093642943	86.817921450439428	-1.3802227738627243e-006	-8.7335279384638173e-007	-1	
18.654168603857176	70.128765337078391	-1.843501801904138e-005	-9.0536301893560924e-007	-1	
19.777250880809213	78.108940146516304	-1.3569565775082801e-005	-2.4729718053455166e-006	-1	
20.162231201791826	83.994591277705879	-6.4571610932525894e-006	-3.7910155625552806e-006	-1	
16.473945884156119	89.203209555829915	-9.4075137299411138e-007	-2.9941335644776656e-006	-1	
27.551307349433294	47.975823147902886	-5.0483839738724517e-005	1.2610720705161808e-006	-1	
27.231806103871595	40.380468166066805	-4.5308839058304438e-005	2.1378045534592651e-006	-1	
26.618681754671805	67.365004858214718	-4.0187652850274072e-005	-1.9642712471235351e-006	-1	
30.470450001930509	57.398720303998914	-6.0187259278874329e-005	-3.4561065973924863e-007	-1	
30.6685410122377	63.202736190962071	-5.704708062869173e-005	-1.5740323267787185e-006	-1	
14.49353320099557	27.674833885267553	-7.0248430410348789e-006	2.1013980874232851e-006	-1	
19.007810622286971	28.814718561191384	-1.5142623480882931e-005	2.2167822306969711e-006	-1	
27.096581013686194	28.475697105940245	-3.0642535059572165e-005	2.9130418030289885e-006	-1	
29.29640186714272	34.403863097523001	-4.4982456532262058e-005	2.8483050463136718e-006	-1	
9.5	25.640827244895277	-1.9892544853638896e-007	2.3311629597006489e-006	-1	
11.53134920319126	25.918370605490573	-2.4812179678287117e-006	2.1905949040419196e-006	-1	
-99.248596852017812	203.2964044501324	-0.00011659511880888924	2.9119256238661906e-006	-1	
-88.49138999996751	201.85342265035933	-0.00011613843782015148	2.9326980312092384e-006	-1	
-94.20876810815426	204.68105491221809	-0.00011816552583319299	2.87797022127428e-006	-1	
-77.536223455735424	191.44454605820656	-0.00010666609201174944	3.1902432361185737e-006	-1	
-78.142295563293033	196.14030622273731	-0.00011142549535809578	3.0596505116135312e-006	-1	
-79.325169655604199	203.29650476874369	-0.00011844644251554746	2.8733360941227748e-006	-1	
-73.42455583477637	189.08929972308391	-0.00010420037587066096	3.2616475088868369e-006	-1	
-68.596456800092767	183.56076210162732	-9.7854747867066915e-005	3.4515958387115708e-006	-1	
-64.366667107801305	175.42391495709865	-8.7639358233589622e-005	3.7817728575433073e-006	-1	
-120.01735125128826	220.64306893682775	-0.00012779187926465618	2.6324974664072735e-006	-1	
-126.6594756824869	219.08510600459638	-0.00012607439209615855	2.6641611215873591e-006	-1	
-132.55987008018442	219.71718843864926	-0.00012598094132545203	2.6604154228815764e-006	-1	
-104.64308300100613	212.93717321852614	-0.00012385542315674464	2.7336373784949368e-006	-1	
-106.49930860917075	220.62399449063997	-0.00012945687972738804	2.6036517253181552e-006	-1	
-112.4307920307304	221.47603673471926	-0.00012928501675886901	2.604461301084051e-006	-1	
-94.820223655808221	210.26760614025889	-0.00012283666274630798	2.7635655443012575e-006	-1	
-98.498444713381161	214.51662042146665	-0.00012586947575829634	2.689452907398234e-006	-1	
-143.79083532547159	221.23195247080992	-0.00012612554416870485	2.6460278842874039e-006	-1	
-136.79942123756274	223.86934308844147	-0.00012828569425734157	2.6078045457527879e-006	-1	
-150.22194894429691	221.21446528416561	-0.00012571043715786068	2.6484823421993363e-006	-1	
-156.52231925804122	222.80254782618556	-0.00012630857866323359	2.6308714391358975e-006	-1	
-164.28553419405776	224.03214298109637	-0.00012665085666346761	2.6181650530455093e-006	-1	
-200	231.22708442055441	-0.00012976851651277355	2.5470960315782493e-006	-1	
-194.95161783072507	229.94808668700671	-0.00012910513153091218	2.5597018369882191e-006	-1	
-185.93995166288599	228.66691262194763	-0.00012853051548139787	2.5720031413550342e-006	-1	
-180.06364470092865	234.36521931105659	-0.00013174591621281976	2.5130079933723595e-006	-1	
-164.09841578487809	229.68428920791226	-0.00012984635472408008	2.5562998991435845e-006	-1	
-165.96880906641792	235.02127330389129	-0.00013270205181909652	2.4998189489267861e-006	-1	
-173.06538488359357	236.24835429235037	-0.00013301903907272545	2.4908900210268868e-006	-1	
-54.068594808327134	132.32941172420362	-3.047451011168775e-005	7.414900537897592e-006	-1	
-54.146685014625938	132.58817449678463	-3.0787285811285658e-005	7.3338201593541571e-006	-1	
-53.857275108225444	132.16088802515057	-3.0074493243470631e-005	7.5388078702790665e-006	-1	
-54.131124093448605	132.85285215915906	-3.0993671949409891e-005	7.2565795653010385e-006	-1	
-54.131489323793396	133.29820307438433	-3.1371780401862973e-005	7.0955126140225932e-006	-1	
-52.961043566935125	135.57401345420982	-3.2074830469397425e-005	6.5528444166276569e-006	-1	
-52.734702852045707	134.62214057942668	-3.0933538265851694e-005	6.7893660023700821e-006	-1	
-53.723502372174075	133.30973098347383	-3.0907828638202414e-005	7.1739252232837812e-006	-1	
-53.042033517094758	133.40040090885142	-3.0189564799955386e-005	7.1892537274405599e-006	-1	
-51.154253046467133	135.79561689852389	-3.0171030070381846e-005	6.4354420174814786e-006	-1	
-52.019098539985059	135.30937850721941	-3.0731532630092234e-005	6.5880738052977128e-006	-1	
-49.638228164429428	136.83168034015182	-2.9368155550294708e-005	6.169467420381568e-006	-1	
-47.676674614204536	139.92876678871204	-3.0218949546371813e-005	5.9315892324645967e-006	-1	
-47.990748139145133	137.8112924675273	-2.8309706316790757e-005	5.9512316080863518e-006	-1	
-44.952146337676794	143.06714476058002	-3.0633654613386104e-005	6.0596748195117214e-006	-1	
-45.904632139611458	141.12968524896797	-2.9344153025707502e-005	5.9560678054007715e-006	-1	
-43.122962230998461	143.37355803294318	-2.8528118109760238e-005	6.2499830148106562e-006	-1	
-41.254161661965391	145.63186139494942	-2.9518300078907253e-005	6.5191452683559938e-006	-1	
-37.16004182285856	152.95581948602353	-3.9570563184376537e-005	5.947502070435011e-006	-1	
-37.330205933628058	147.73916514320771	-2.820358366159388e-005	6.9555634804947134e-006	-1	
-51.427740872536212	169.38754505542897	-7.6480970513143022e-005	4.1695986329750111e-006	-1	
-55.108783997600966	173.626879217788	-8.3553428835810129e-005	3.9169011690065637e-006	-1	
-41.183962100202919	171.95075597341631	-7.8525320072189575e-005	3.9675187967055028e-006	-1	
-37.641738165954983	167.53372787849912	-6.9699370652749173e-005	4.2576522109522573e-006	-1	
-46.608878147866143	173.5717968326955	-8.1999817768874439e-005	3.9130177041053323e-006	-1	
-37.160563515370619	158.4903968358017	-5.1229651604956976e-005	5.1860999974948206e-006	-1	
-34.952792833096289	163.14233380284159	-6.019004176745386e-005	4.6148846925701824e-006	-1	
-44.110513749811403	110.28307919210178	-1.4027197044000922e-005	2.4746658519065702e-006	-1	
-41.737891471522815	109.45440579762607	-1.2098762951044266e-005	1.9009131109575635e-006	-1	
-41.90556962621497	109.95470310602815	-1.225855890800019e-005	1.8940242947202482e-006	-1	
-42.450075847057533	110.07874893811639	-1.2696963179638716e-005	2.0299945444882702e-006	-1	
-43.403816746301956	110.33927629332634	-1.3466488749404029e-005	2.2790881239807622e-006	-1	
-40.994122085187442	108.85229534838325	-1.1457367433097149e-005	1.8995070203397388e-006	-1	
-40.741071008093336	108.93142536550305	-1.1244487829775517e-005	1.894216634351129e-006	-1	
-40.308860561139831	109.03881112167868	-1.0864519122612894e-005	1.9246109471934053e-006	-1	
-41.095566529224627	109.07678526146725	-1.1544845947838709e-005	1.8268423010781797e-006	-1	
-41.293807679494194	109.3632705821117	-1.1736276169014175e-005	1.8136945392422687e-006	-1	
-39.715109501862102	109.3785809054355	-1.0315997969865307e-005	1.9706077486839511e-006	-1	
-51.769445265944938	130.77576247060412	-2.6813527022681876e-005	6.8710516777629574e-006	-1	
-51.08340293059014	130.86947529621364	-2.6135464384744508e-005	6.6475101565480696e-006	-1	
-48.828215805141113	131.44649071061428	-2.3954669616917272e-005	5.9073153638644116e-006	-1	
-50.041294901782123	131.61236205218444	-2.5433858729385399e-005	6.4301658553717375e-006	-1	
-50.761681351730985	131.50119833256053	-2.6173860454408366e-005	6.6607860447433964e-006	-1	
-39.946521134825836	114.73313394475088	-1.0183254994007953e-005	2.0446008379456969e-006	-1	
-39.466367983616308	120.25442048205629	-9.0147997809638296e-006	2.2664896108414764e-006	-1	
-38.53567111465852	117.25257740814899	-8.1207585615879181e-006	2.6225860166441963e-006	-1	
-38.24970074380122	115.39406433587615	-8.1301567158494719e-006	2.6397151204136986e-006	-1	
-38.018624585553809	119.26658618800329	-7.0183975607319424e-006	2.7578007930470644e-006	-1	
-38.769879320795518	123.19430186117557	-7.832117706872668e-006	2.3250917496650776e-006	-1	
-38.897721808111768	125.35537446584721	-8.1022476965707244e-006	2.2582582171339049e-006	-1	
-37.718070210022439	121.37935413897853	-6.2319936295205927e-006	2.6822250195365193e-006	-1	
-42.943333258238113	111.62306649905003	-1.3136291293531021e-005	2.1022480361145495e-006	-1	
-42.423234552798576	111.98718799014699	-1.272866953837258e-005	1.9208721250610331e-006	-1	
-43.788792170951751	110.91480222844865	-1.3790247477359371e-005	2.3789447951395294e-006	-1	
-43.102749835596995	111.00851505405804	-1.3245927786571302e-005	2.1722820804363344e-006	-1	
-41.344246689920844	112.30554020463785	-1.1868602590201418e-005	1.5455668577894453e-006	-1	
-40.081397306784034	112.64499709753888	-1.0501660328610571e-005	1.9064066045968077e-006	-1	
-41.49416235554741	128.62265450923655	-1.3163212014354863e-005	2.3856796911860343e-006	-1	
-38.740473341821534	127.51450656557498	-8.0534755270931837e-006	2.3926172949733298e-006	-1	
-47.048217829824154	132.66715982102741	-2.2499499617330694e-005	5.4998809918511798e-006	-1	
-48.155427069374106	132.37356450767325	-2.3675025852068492e-005	5.9033738052303615e-006	-1	
-45.613299391351674	131.74164797284718	-2.0341279048364931e-005	4.3884512907153275e-006	-1	
-44.559714808444909	131.62617167352701	-1.9044444998348906e-005	3.6814837875433852e-006	-1	
-43.602486895207861	130.6974307540757	-1.7503248416761328e-005	2.7242164994048808e-006	-1	
-42.295027480814994	130.67356809826435	-1.5203180154238639e-005	2.8649453754847314e-006	-1	
-53.460572635635458	132.01512646841644	-2.9521954844295208e-005	7.4663680712342572e-006	-1	
-52.966625475326914	131.82957441863391	-2.8839912216773537e-005	7.3488488596857885e-006	-1	
-52.158823953556478	131.1963917396572	-2.7514797490062043e-005	7.0532504688969776e-006	-1	
-52.422119254484301	131.70552858654565	-2.8154242406757521e-005	7.2003899079923775e-006	-1	
8.6516944241709819	22.581972534618064	6.1381551237324681e-008	-4.5535793306803145e-007	-1	
9.5	23.193743476673511	-2.5718983529099009e-007	2.3144009336454685e-006	-1	
8.8972911501575069	21.565326930825524	5.1985722649322266e-008	-3.7217828438684536e-007	-1	
16.947548818305968	17.988604159028036	1.93030703639738e-007	1.3398410117944863e-006	-1	
13.292973621356962	19.270038185532709	-9.3951128297856707e-008	1.9875767298146606e-006	-1	
21.645485147177588	9.8206958422602106	-2.6841659165440368e-008	-1.3749220925684034e-007	-1	
24.256699212203976	15.425736106018691	1.7712939473353344e-007	1.6345738057221258e-006	-1	
10.811267603570498	19.507400688409611	1.0406050885490466e-007	-5.4892535634841019e-007	-1	
11.465686022882458	19.910755198785047	-3.2221497086576408e-007	2.1863560478967829e-006	-1	
10.128200667673854	19.860073184728424	5.6243100890086912e-008	-3.520128819032274e-007	-1	
9.7991454199654271	20.278408929444158	1.7878388659660777e-007	-4.5813649531209124e-007	-1	
9.4913813555759567	20.353804111994602	5.6685644899425357e-008	-1.5445729628267134e-007	-1	
9.2648204328992705	20.673329854225869	5.3671764946995451e-008	-1.3776866580024491e-007	-1	
9.2756017420981625	21.052545179479456	1.4856346748005426e-007	-4.7112715534834888e-007	-1	
1.2084828425626239	0	-4.9674666979172103e-011	-7.7871928778071114e-010	-1	
17.135829854225872	0	-3.5186927065014998e-009	-2.4294561786657656e-008	-1	
22.902184716677446	4.61179747382279	6.0932332607366905e-009	1.1960730111922214e-007	-1	
-0.14665970845174076	0	2.2438182737069963e-013	-4.8026230457732613e-013	-1	
0.073329854225870392	0.15188656103242637	1.667975367560684e-012	-4.7999410170449819e-012	-1	
0.27938760021560111	0.15772504337074769	1.9230073304676525e-012	-1.4610613788713683e-011	-1	
0	0	-3.3773066055063306e-014	1.6447150717743323e-012	-1	
0.67757127550718232	0	3.3362999091143374e-012	1.4599939608912326e-010	-1	
0.41211549197946151	0	1.0681739085662352e-011	-4.1695952237127367e-011	-1	
8.1319253862408996	92.935630870993862	1.725618205926727e-007	1.0405834313742041e-007	-1	
9.5	91.712088986882961	-7.9382868810161898e-007	-2.8103944849195508e-007	-1	
11.817762697518571	90.488547102772088	-7.3071477070604447e-007	-1.0832426005202502e-006	-1	
4.3525977431294116	100.13116197518031	-3.0348182106516664e-010	-5.8272473489487737e-010	-1	
6.4142991857050591	98.127210347372525	-7.2488038066932837e-009	-8.4128670550225452e-009	-1	
3.4450397693179271	102.90865892175401	4.249524279961701e-010	2.2724909455043813e-010	-1	
-0.45671700521592928	102.28592165938369	-2.0734663319759732e-011	4.9444733458674015e-010	-1	
8.1495242809548163	94.770943697160163	1.7520741786924439e-007	1.5725969671378972e-007	-1	
7.8110010331907809	96.214359910176128	1.5619712273045495e-007	1.5040717195179646e-007	-1	
-38.934310575757763	110.13954737251738	-9.5323699284848118e-006	2.0696271968049177e-006	-1	
-39.140202902132188	111.73715755264169	-9.5909857105681188e-006	2.101942718683273e-006	-1	
-35.873697306714952	113.20947095813712	-6.1009039386915101e-006	3.0379140558268389e-006	-1	
-34.997570655186962	113.12550975025574	-5.2937491879504714e-006	3.2101271072480936e-006	-1	
-34.451148548115214	112.76238896694804	-4.7335874367659393e-006	3.1992294402520409e-006	-1	
-33.885982409386749	112.70850169240691	-4.0587008175053167e-006	3.2842935619707454e-006	-1	
-36.711168153358813	113.72050091482289	-6.8289740663471784e-006	2.9239426335438257e-006	-1	
-38.353999461824536	113.85001269467755	-8.5198262137735895e-006	2.4667854032935087e-006	-1	
-33.454266858843411	112.98454793084349	-3.5118018770982007e-006	3.5030145532091967e-006	-1	
-32.864310548011403	113.57412430880363	9.5608905585536462e-007	-1.0491712777588015e-006	-1	
-32.86825738541328	114.265800969048	-1.7104030212862488e-007	3.1994516177007188e-007	-1	
-32.729745365837765	115.54773472407962	-2.963579645775029e-007	3.8288540452386797e-007	-1	
-33.193623559046536	114.87618530117616	-2.3148797305217723e-007	1.5966297726768736e-007	-1	
-31.908514838128148	117.8678728558434	-1.710109965420426e-007	3.7666178781578655e-007	-1	
-33.019802986243704	116.8876623664524	5.7146938369629407e-007	-9.7517675993801368e-007	-1	
-30.426653657629256	119.53592580952214	-1.8133939369582967e-008	1.7501963718668177e-007	-1	
-16.492410863902997	126.72859455517323	-3.7658063888344935e-009	-4.8956060229017722e-008	-1	
-10.623773658822479	124.12652283876042	-1.938120194237347e-009	-2.8973615853338441e-008	-1	
-2.6728617540947628	116.57495840774061	2.126351288097213e-011	-3.7123571425002733e-011	-1	
-4.2389482996928738	122.88752410356487	1.282174169673928e-010	-1.5404357445695942e-009	-1	
0.45621577624891341	106.8018412999335	-3.9707048478592782e-010	3.6184361669334179e-010	-1	
2.2021756280796065	112.93529722629809	2.2280050566247755e-009	1.7788828884237164e-009	-1	
-28.572009861327334	123.4104328553681	1.1850110930766848e-009	1.2618030245106939e-007	-1	
-26.15964131912337	128.5734369329972	4.304597966427493e-009	8.1434852358198236e-008	-1	
-21.119064310082642	130.85764113627499	-7.2459764247909983e-009	-5.6854576479687456e-008	-1	
-8.8524293448130393	99.574490249744301	-1.4920828059053623e-009	5.7609725773278693e-009	-1	
-8.0262802421904027	99.055006453476267	6.1621465732458849e-010	3.1597702005796219e-010	-1	
-7.2113375019424852	98.6470936365059	-5.5208664126162924e-010	2.7532315049877209e-009	-1	
-9.5	98.441569349492823	-1.0451245651252228e-007	5.2428151144107225e-007	-1	
-9.1527231986860098	98.135683878465102	4.0205888655680859e-008	-1.2209315423829163e-007	-1	
-8.6892485814762264	97.91694208197481	-1.4220928994647534e-008	3.6663299100927154e-008	-1	
-7.9936441397722424	98.179631487729125	3.5876484239333759e-009	-1.2278400242111344e-008	-1	
-9.6730513513124254	98.900397556034406	-1.0305365341658392e-007	5.2079383563947296e-007	-1	
-9.5	98.747454820520559	-1.0017622565332528e-007	5.2202413565835776e-007	-1	
-9.7204400512734814	99.555467274815896	5.1054095774995305e-008	-1.0347435675867331e-007	-1	
-9.6271153505670259	99.273148873766957	-9.2054196526987353e-008	5.2026924104404512e-007	-1	
-9.6268023981351636	99.126670145774156	-9.5224259883389646e-008	5.2036571559417028e-007	-1	
-9.4462581071333709	99.440413196920616	1.639484578324803e-008	-4.0126305938477605e-008	-1	
25.145661008862923	75.66573082625176	-2.5439561225529091e-005	-3.5303581911003405e-006	-1	
29.197361842894487	80.027365717412664	-2.3568531987118849e-005	-5.9097857376879711e-006	-1	
26.411910718630907	85.288677398602346	-7.5741483592401582e-006	-6.654669207425323e-006	-1	
24.582730339205305	91.837775622496068	6.4244308271372913e-006	-7.7861960342161017e-006	-1	
17.041684160790989	94.000063496315192	1.802408332683965e-006	-3.7312076736886909e-006	-1	
13.305931077953916	94.628786071787488	3.5799353367416654e-007	-2.0982777271449922e-006	-1	
33.43183564655839	42.031202543725342	-6.6509548146238031e-005	2.3471827476400871e-006	-1	
33.869102093356076	48.34462837915261	-7.2350362638879046e-005	1.2801782316486735e-006	-1	
34.165711921594294	71.349349700877951	-5.6837263541728796e-005	-4.1724535590017771e-006	-1	
31.033457992111693	75.317318660743069	-3.9248437271350735e-005	-4.8217769211542326e-006	-1	
35.866448415100223	54.349722499643192	-8.0656838839161349e-005	1.2354790870384105e-007	-1	
35.970629367739001	60.833411490769471	-7.8223447279605158e-005	-1.4298948870115665e-006	-1	
36.955435314463948	66.415303850216304	-7.5530312543712106e-005	-3.0363648337834784e-006	-1	
16.761238563148897	24.736612175393258	-7.8744380401008057e-006	2.09105802527739e-006	-1	
13.054578121433934	24.546079249784515	-3.6179580811206893e-006	2.1320986843980172e-006	-1	
21.513938440388717	22.6124860496415	-1.1172593634455451e-005	2.1730417259066927e-006	-1	
31.872718439486526	26.102568230065437	-3.7247901456193801e-005	3.6815546591967276e-006	-1	
30.402599482074283	20.975972905417834	-2.2063912805176469e-005	3.3575498445990776e-006	-1	
36.747054341684901	28.266841522462098	-5.5580526892435132e-005	4.4872516838002754e-006	-1	
36.428701341683237	35.471588963308946	-6.8782059753148616e-005	3.6271536281867933e-006	-1	
10.825731376980801	23.993399596449045	-1.3574858478550592e-006	2.2350528505445137e-006	-1	
-87.870495755200835	208.20152527847532	-0.00012194622457018415	2.7865559511485646e-006	-1	
-73.599944607683014	194.07574269713879	-0.00010958511526556057	3.108607695648232e-006	-1	
-73.202816665077719	201.45179537006788	-0.00011737030352443692	2.8965582692647495e-006	-1	
-73.644556102818257	207.8307471001969	-0.000123838522571419	2.7280024807964745e-006	-1	
-81.841027430735977	212.22805228623076	-0.00012653921617552944	2.6699346020534541e-006	-1	
-67.681796366732684	190.843527016975	-0.00010629598462690803	3.1974735001046885e-006	-1	
-61.791645049736864	182.04408488419622	-9.563642718018538e-005	3.5160743604603834e-006	-1	
-62.266418088977922	188.72167954033651	-0.00010395587418346935	3.2575174570645264e-006	-1	
-55.728063211517295	179.20706970592926	-9.1382951247437604e-005	3.641608591728754e-006	-1	
-125.73728878698823	225.69599192724098	-0.00013053619154056897	2.5687967594397089e-006	-1	
-115.49340404137052	226.78990696960796	-0.00013259002850499524	2.5298011744708217e-006	-1	
-131.33811479676311	225.20513074178859	-0.00012963116506291186	2.5839509147941071e-006	-1	
-105.88009540247216	226.58428362545408	-0.00013395008903313376	2.5022790164273233e-006	-1	
-101.61030874470495	224.08898394101152	-0.00013283980627314197	2.5275342545296466e-006	-1	
-109.94424996012583	229.40212789892428	-0.00013528378043433197	2.4719999020725061e-006	-1	
-92.148196669408847	215.21166361304722	-0.00012738290802277174	2.6542774857198858e-006	-1	
-95.475755493349396	220.66474416731668	-0.0001312613924040228	2.563529182386487e-006	-1	
-143.97309375798838	228.70205836579947	-0.00013063065940388459	2.5537846984770208e-006	-1	
-135.45487102250243	230.20425536052744	-0.00013234655905133304	2.5240743297617757e-006	-1	
-140.20633808212429	232.24506462441425	-0.00013310671458548355	2.5054100454245673e-006	-1	
-151.94228941643377	227.41123515562811	-0.00012926829671501964	2.5755818792145521e-006	-1	
-158.45595510714031	229.3042789862792	-0.00012995068392885034	2.5576076075606041e-006	-1	
-200	237.47250130466529	-0.00013306564090456914	2.4852318775503832e-006	-1	
-192.16827802518026	234.34979286260983	-0.00013147296605361483	2.5156609735928321e-006	-1	
-186.54683623852949	234.25628139376391	-0.0001315151293865945	2.5157652558681393e-006	-1	
-177.96832295483043	240.52373319850733	-0.00013508777727641577	2.4497624646336006e-006	-1	
-186.12297706639851	239.86250075780148	-0.00013447733819565253	2.4597113146729347e-006	-1	
-156.56174504659279	235.81760562645121	-0.00013374914372265662	2.4836257370130273e-006	-1	
-167.40671001619023	240.22277456526191	-0.00013544661016072531	2.4458481943224562e-006	-1	
-159.46270750787593	240.60755086864134	-0.00013619022708744429	2.4341493296061434e-006	-1	
-171.9857849001005	243.07851400031871	-0.00013670344487629602	2.420102310273385e-006	-1	
-53.904321779168924	132.54405241159719	-3.0462199899782346e-005	7.4997936169283975e-006	-1	
-53.922195101541924	132.68961894082182	-3.0617731874144989e-005	7.4524170901884063e-006	-1	
-53.57838742204774	132.42100694255038	-2.9983457110310271e-005	7.4847667893796338e-006	-1	
-53.878073016354477	132.93198217627881	-3.0765292689985957e-005	7.3180081155716735e-006	-1	
-52.347833888941224	133.51593328605966	-2.947496791934575e-005	7.132194348848923e-006	-1	
-51.787678077168955	133.93184626083382	-2.9186992520200661e-005	6.9448779947750993e-006	-1	
-53.50280611341271	132.96639527786147	-3.0350433084649705e-005	7.3655716061391565e-006	-1	
-53.174483043694565	132.78142643752642	-2.9797444111589687e-005	7.4872816481017767e-006	-1	
-52.572337515071808	132.855360611858	-2.9148291146766858e-005	7.4214245146731756e-006	-1	
-50.236192325640666	135.25093560738577	-2.8546528857309146e-005	6.4321194443180317e-006	-1	
-51.187952760686137	134.76754625052902	-2.9242638695887989e-005	6.6586960282722354e-006	-1	
-49.231806248512747	135.19121203063673	-2.7254235612287473e-005	6.2836649002862936e-006	-1	
-47.884329366455013	135.89752513615417	-2.6225003955476636e-005	5.971869086146404e-006	-1	
-45.759951038381544	138.97560866236063	-2.6563227347809174e-005	5.8183134957524052e-006	-1	
-46.523575758968754	136.57790868270627	-2.5090241925952255e-005	5.7141037356226325e-006	-1	
-43.809496566679414	141.65063197662619	-2.7063623465015395e-005	6.071540308054152e-006	-1	
-43.984448488630903	139.83912741100389	-2.4972891627798115e-005	5.8868103004625001e-006	-1	
-41.39340704208422	142.70389958410172	-2.4881112681712252e-005	6.4838401018459667e-006	-1	
-38.637201394987514	144.31130522320737	-2.3161453717062328e-005	7.1854933478324747e-006	-1	
-32.723253678774867	155.1825534104124	-4.131439042282843e-005	5.5710457050412681e-006	-1	
-32.71609508245804	150.21834332621927	-2.8665106243755199e-005	6.6479535817147906e-006	-1	
-35.368763412652456	146.14091680850564	-2.1784450827578279e-005	7.7385539619060585e-006	-1	
-36.624725203774595	145.30936032753331	-2.194884440192355e-005	7.6467566776923847e-006	-1	
-33.806648557740424	147.42204235251091	-2.2716760336911844e-005	7.4730100154677509e-006	-1	
-50.837277138218766	176.92538161902286	-8.7764322501432672e-005	3.7377643014123081e-006	-1	
-35.799096592354495	173.7002447713316	-8.1392584674511357e-005	3.7452303862755704e-006	-1	
-41.602513722710356	180.43797966266058	-9.308610598565837e-005	3.4485490859424145e-006	-1	
-31.552252994816083	168.86438104120063	-7.1534518821890746e-005	3.9801659979907056e-006	-1	
-47.099518348072692	180.99424514097961	-9.3811517511615145e-005	3.49567523921275e-006	-1	
-29.805681892192926	162.99394952855582	-5.8514896383784835e-005	4.4296573016752353e-006	-1	
-41.411622465906461	109.76915105624563	-1.1859824289020408e-005	1.7822310761122445e-006	-1	
-41.541488412285943	110.33661700996372	-1.1988455495545986e-005	1.754883612714392e-006	-1	
-42.141832449649371	110.54443166374509	-1.2467721670070782e-005	1.9153453888745653e-006	-1	
-42.713371147985541	110.5878857850048	-1.2923156838160936e-005	2.0770966115202388e-006	-1	
-40.95000000000001	109.09465858384026	-1.142910138808104e-005	1.8119672384626199e-006	-1	
-40.725510086916017	109.19610302787746	-1.1241705204263128e-005	1.8363121239528887e-006	-1	
-40.396748153847128	109.43648232569112	-1.0946047626059766e-005	1.8619675582535612e-006	-1	
-40.967873322373016	109.24022511306487	-1.146806032569386e-005	1.7655703627076113e-006	-1	
-41.014919993316497	109.62338949951149	-1.1544176045390229e-005	1.6955814373568177e-006	-1	
-40.009237295479942	109.95720298884713	-1.0572253984175056e-005	1.895025029546891e-006	-1	
-51.468378355240212	131.44500123133585	-2.6926370926505971e-005	6.8804912462761321e-006	-1	
-49.610221014893348	132.42090978643441	-2.5421424285005071e-005	6.4938719318060422e-006	-1	
-50.523615732630454	132.34821711742239	-2.643888597364726e-005	6.78454055432556e-006	-1	
-51.710062564562733	132.13790132987182	-2.7658015668442511e-005	7.0863826910087071e-006	-1	
-36.996094453717205	116.53671600608722	-6.3506738441410213e-006	3.2018304101186672e-006	-1	
-36.862068258467829	117.53859720051906	-5.8403358882115367e-006	3.2907665679652007e-006	-1	
-36.755339014902503	115.55500027969271	-6.3772496334953123e-006	3.2162625581635667e-006	-1	
-36.928692740819571	114.67715763980772	-6.8271309371327937e-006	3.0213685538765806e-006	-1	
-36.078181191530469	120.0137460860041	-3.871004020602512e-006	3.3646163970602499e-006	-1	
-35.909047314962542	123.65208115889118	-2.9463324249428357e-006	2.6705982875160939e-006	-1	
-36.390482148634348	126.26818464353197	-3.6603707487161256e-006	2.3266013587518704e-006	-1	
-35.939797102558373	121.84735801883139	-3.2413313180795572e-006	3.0355570044914609e-006	-1	
-42.577642896635822	111.10406969452254	-1.2830389302879564e-005	2.0117223153329152e-006	-1	
-42.048358079452179	111.17281246838533	-1.2411700267518468e-005	1.8460133017974822e-006	-1	
-41.156060006146923	110.77288265885137	-1.1702769927212211e-005	1.5928466272965931e-006	-1	
-40.387588045192267	111.37367228525051	-1.0895442231586828e-005	1.7928379507024982e-006	-1	
-40.170551720157306	130.11559689102938	-1.1159162581740804e-005	2.7657142674231042e-006	-1	
-37.274956664082275	131.02656747096941	-5.7012309597039326e-006	2.6332666700831175e-006	-1	
-34.350000000000001	128.19999999999999	1.0234852658458881e-007	2.0431969307373852e-006	-1	
-47.755173286089814	133.44683400651076	-2.3774914822186222e-005	6.1281953774645278e-006	-1	
-46.550882228844316	133.59470235517392	-2.2347134895476348e-005	5.6512989464669081e-006	-1	
-46.009683761440193	132.83781983819242	-2.1321534016984321e-005	5.035484216934317e-006	-1	
-48.959464343335313	133.29896565784756	-2.5165841453798844e-005	6.5444112754935059e-006	-1	
-44.802431665780688	132.21327338591527	-1.9589655894412111e-005	4.062002767842402e-006	-1	
-45.214177764670168	132.59055251738644	-2.0245636826641374e-005	4.4774507822362725e-006	-1	
-43.790673578981782	132.23008829986219	-1.8403064832185667e-005	3.3477087161729197e-006	-1	
-44.270195327007777	132.56015142386778	-1.9112301723067079e-005	3.8380045896087727e-006	-1	
-42.899684354229478	131.83305488648554	-1.6703896228871484e-005	3.2547424279665533e-006	-1	
-41.601416835988495	131.78213646332364	-1.4362869802026361e-005	3.2713016262613919e-006	-1	
-53.134303630019105	132.32987172703602	-2.9405601212532199e-005	7.4266505072437885e-006	-1	
-52.535203275667612	132.25241650664245	-2.8670093591875567e-005	7.3074288996919933e-006	-1	
9.5	21.970201592562624	-2.6122606926197797e-007	2.2711076733646967e-006	-1	
10.189423870395308	22.581972534618064	-6.6452071512336444e-007	2.2536254953123732e-006	-1	
9.5	21.358430650507181	-2.6695625644340605e-007	2.2469863171443438e-006	-1	
15.128787613716982	21.403334760653461	-2.9965530304668417e-006	1.90655087667345e-006	-1	
12.405843625534951	20.691475695114427	-9.5052593316619146e-007	2.0929826841299226e-006	-1	
27.015193354230558	10.006339154901713	-1.9276233159485251e-008	-7.5467017360946748e-007	-1	
31.565849606101988	12.862868053009349	-1.7060323517651952e-008	3.396945616826162e-006	-1	
10.552042223645207	20.231113705411214	-3.1020511395824216e-007	2.2208601719945304e-006	-1	
11.188571595728117	20.583449695169815	-5.4595219383112752e-007	2.1846946130083469e-006	-1	
10.095220324026581	20.3912929587243	-2.8573264549170905e-007	2.2262677823507203e-006	-1	
9.6383984244079564	20.551472212037382	-2.4570470401716952e-007	2.2281815361435709e-006	-1	
9.5	20.599999999999998	-2.2450590528031413e-007	2.2276171858909601e-006	-1	
9.5	20.746659708451737	-2.4366972534092051e-007	2.2298486631243489e-006	-1	
25.630414927112941	0	-6.8003563405069485e-009	-1.7589244194769787e-007	-1	
28.610136108765051	4.8756094525905054	3.8120758266965924e-009	2.8915962708932412e-007	-1	
0.14665970845174076	0	-8.3796468503678845e-012	1.1034755632249261e-011	-1	
9.5	94.159172755104734	-8.3374811014441021e-007	-6.796746935217845e-007	-1	
10.879221438176296	92.935630870993833	-5.4073712641939022e-007	-9.9234469464450857e-007	-1	
6.0574628317241253	101.59969119600089	1.6973059668892428e-009	2.8408161596251288e-009	-1	
7.1878853748447877	99.654109556306068	-3.8942589103067073e-010	-5.1601996096697049e-010	-1	
7.9656776610414592	97.793638402662879	-7.562075437731929e-008	-8.5537496143939809e-008	-1	
7.8803376736877144	98.734480112623515	2.1930766560707777e-008	2.9245823265810383e-008	-1	
5.1280736971255152	105.29728772546204	-2.7959521575967915e-009	-3.9962630077238223e-009	-1	
9.5	95.382714639215607	-8.8292633405678474e-007	-7.7266757504326045e-007	-1	
9.5	96.606256523326493	-8.6260759985716753e-007	-9.5933399921654106e-007	-1	
8.8358518784514306	97.425857397174354	2.302959210531781e-007	3.1010150767715325e-007	-1	
-39.95994652775078	110.72913393040105	-1.0492871867367094e-005	1.889467442264173e-006	-1	
-35.742829425900716	113.87807357905591	-5.8668358573769308e-006	3.2491900749254753e-006	-1	
-35.1051131374604	113.63833663491464	-5.3680219513418242e-006	3.3512507913117605e-006	-1	
-34.403741892866634	113.25958680307942	-4.7693426951565984e-006	3.3535174491979459e-006	-1	
-34.585179567100724	113.57332985422588	-4.9892267455233778e-006	3.4392067818866067e-006	-1	
-34.129559948726524	113.14453272518411	-4.4433847220003574e-006	3.3637769150029173e-006	-1	
-33.838575754138191	113.20569952853828	-4.1133133078773112e-006	3.438814453229018e-006	-1	
-35.834164558252311	114.52923782626408	-5.7788015921148216e-006	3.3858998061579242e-006	-1	
-33.574931554309856	113.5248060803476	1.0850200546046738e-006	-7.981427911182469e-007	-1	
-33.477029612523111	113.93742838287184	-2.388200689358183e-007	2.216794490149487e-007	-1	
-33.728779518385998	114.48695327898882	-1.4260649940438415e-007	1.029632733452656e-008	-1	
-33.542697356524634	115.62033407927551	1.0114265505734368e-006	-1.316927488452794e-006	-1	
-33.85516291665887	114.86008728134571	1.4133941056900256e-006	-1.2157567688254268e-006	-1	
-33.353865086803893	118.19457854956057	6.2197169221953596e-007	-1.3157398816105933e-006	-1	
-32.606103358340107	120.0137460860041	2.0042195655385472e-007	-9.2929367642693009e-007	-1	
-34.350000000000001	116.37541101311704	-3.0636317299880178e-006	4.7793676052265606e-006	-1	
-34.350000000000001	117.28499478133881	-2.5249459406582449e-006	4.7350969946061187e-006	-1	
-32.291997110842807	122.7424973906694	5.0660409692748854e-008	-6.8534834497705691e-007	-1	
-17.628603895898948	135.61431157931176	1.2084270386445032e-008	2.1807498603035909e-007	-1	
-11.553453686652899	130.47848119095889	1.405137101372474e-008	1.0337049957496558e-007	-1	
-2.3150929912464182	130.52554518730958	-2.1840047276131727e-010	6.8657381229595079e-008	-1	
4.0208342331390172	120.45593962051065	-6.4256619506871595e-010	3.429897864142592e-009	-1	
4.1959345228164944	128.0214190085523	2.3468019774399764e-009	-3.4192129334938517e-008	-1	
6.6398535540521326	108.69235200406571	1.9218430895344499e-009	2.147817170056839e-009	-1	
8.2747207570664809	112.02988837393011	-1.3368692722011265e-008	-1.593110942799476e-008	-1	
-30.90892429904952	126.38083246355646	-3.9914263813767287e-008	-5.1997582805960537e-007	-1	
-31.186873778945213	130.01916753644352	-2.9356071419916489e-008	-3.0766296192839712e-007	-1	
-25.810554276355493	133.79276077995277	3.3657153106450767e-008	1.2401656775031675e-007	-1	
-22.320430300962279	136.25965235269243	1.8498578503581297e-009	-9.7722085651892075e-009	-1	
-8.9312104973002544	98.919773865455809	-8.0733598949806774e-009	1.226235827416837e-008	-1	
-9.2648204328992758	99.126670145774156	1.8763313107174114e-008	-4.8250223327365502e-008	-1	
-8.6939845185409688	98.429420632969553	-5.4235170237533302e-009	1.6715328713994339e-008	-1	
-9.2130868880908423	98.594512085006684	2.4397267470741941e-008	-7.9019672937258225e-008	-1	
-9.5	99.053340291548267	-9.3077062457178231e-008	5.2069744192741985e-007	-1	
-9.3232898496935537	98.900397556034406	6.4703905328233944e-008	-9.8936560124766762e-008	-1	
-9.5	99.200000000000017	-8.8127669088572618e-008	5.2051383654618319e-007	-1	
34.268924865100658	79.201587763032862	-3.6801005536006633e-005	-6.8867721895161959e-006	-1	
33.16198950094806	84.468296487564444	-1.5119891747700253e-005	-8.8312349921362107e-006	-1	
30.211601929723368	90.927731850106611	1.0763687443105282e-005	-1.0729771164680716e-005	-1	
30.123873935827312	96.629019323063332	3.1010945386737823e-005	-1.3785633534906884e-005	-1	
20.734012634377081	99.076541493761852	7.2369915256790917e-006	-6.0187085819595682e-006	-1	
26.418795552592321	98.929260170092618	2.100040153065562e-005	-1.1274862041832393e-005	-1	
17.094373435163824	98.231911093566708	2.6887217606263406e-006	-3.7116417726841863e-006	-1	
14.325294334425491	96.6405879677135	8.5824741322599065e-007	-2.5321730624519124e-006	-1	
12.000182287450631	96.467663015249173	-9.5523648788884462e-008	-1.69372931776943e-006	-1	
11.055100225436524	94.770943697160163	-3.9997202094162638e-007	-1.2589142476045579e-006	-1	
41.679707806448121	41.664217799609276	-9.772973358934148e-005	3.2005560846869474e-006	-1	
40.027471186359534	49.631015878102147	-9.7405350708781589e-005	1.2884589521335987e-006	-1	
37.843286953564927	75.510165763491486	-5.9146945898775233e-005	-6.1407622618351126e-006	-1	
40.646730499250182	70.716664672552596	-8.3164431773377027e-005	-4.7324352511940788e-006	-1	
42.314064375528076	56.513698058517761	-0.00010808765971089972	-4.2789234435713162e-007	-1	
41.965316526266555	63.305819724846032	-0.00010169856082154842	-2.3841926955937873e-006	-1	
11.534830564331831	22.824574102492612	-1.5713100792625704e-006	2.1812338174050712e-006	-1	
36.613513900321649	21.968996800285179	-3.8434605891291008e-005	4.7563250027344864e-006	-1	
36.65731166320635	15.679351649520568	-1.7563950645096244e-005	4.3987584159209905e-006	-1	
42.443639008207768	26.74373107997237	-7.0549893804284741e-005	6.0564506224318574e-006	-1	
44.276962083278704	32.348181881370941	-9.2003713591879861e-005	5.5977966907403183e-006	-1	
41.411208521517878	36.569294504240816	-8.9177410477867615e-005	4.2291230574205146e-006	-1	
-86.529461556006751	215.32676459350895	-0.00012843696345116173	2.6271391060778419e-006	-1	
-69.2138737309417	196.45434670356039	-0.00011251189224573562	3.0223389846061692e-006	-1	
-68.286211202451611	208.10924422388666	-0.00012521660052969031	2.6809858093583571e-006	-1	
-64.49876113945767	204.3086333862033	-0.00012192916501656837	2.7554021288661179e-006	-1	
-75.610235172294551	214.8282344815546	-0.00013026712478762781	2.5701160153534405e-006	-1	
-69.005809722337517	213.42634857582169	-0.0001305315410283549	2.5489910956297517e-006	-1	
-80.247499891586429	219.73532073919705	-0.00013368276775342487	2.4951686030382456e-006	-1	
-62.808096540036544	194.0177369351369	-0.00011040204426997007	3.0682757487821769e-006	-1	
-56.274340814593145	185.83552706460313	-0.00010051496636453849	3.3416637550449762e-006	-1	
-54.389886390522513	193.03746980816135	-0.00011024021945035984	3.0360047105971732e-006	-1	
-49.623816477404716	185.90895877331624	-0.00010099826931876824	3.2821717791671885e-006	-1	
-129.00929342738584	230.83151785835062	-0.00013346857860109027	2.5042364576833905e-006	-1	
-123.3551738275327	230.82382343515249	-0.00013420866117485274	2.4911039987849404e-006	-1	
-117.93049242125818	232.41817574691146	-0.00013604249029184573	2.4536996113583101e-006	-1	
-112.8296990069105	233.84317512791441	-0.00013784632891689143	2.415628118001132e-006	-1	
-101.79601910904815	229.37317577961096	-0.00013675500290188282	2.4392947463162866e-006	-1	
-105.44762588463094	233.19717103105449	-0.0001387915308345955	2.3947976591645082e-006	-1	
-96.522377350306527	228.99124080215844	-0.00013757589821353111	2.4191212020782988e-006	-1	
-88.625881923710679	220.54101949254843	-0.00013248104591452714	2.5323505913908554e-006	-1	
-91.218799112584492	226.03264860829236	-0.00013642672181456039	2.4424186505252394e-006	-1	
-147.16022243885251	233.91555213932662	-0.00013343607193448876	2.4947364887489866e-006	-1	
-132.6800952155549	235.12154537211538	-0.00013568849207415038	2.455816116468448e-006	-1	
-136.84359447296379	238.31911074359917	-0.00013711471022675718	2.4244219367832789e-006	-1	
-141.95271723303577	237.11245628027058	-0.00013581765720879665	2.4488962174114836e-006	-1	
-152.30216404377921	232.68590068295924	-0.00013229737092123079	2.514755059129218e-006	-1	
-200	243.71791818877617	-0.00013629794999163393	2.424065718319797e-006	-1	
-192.25234154369383	240.51300628240332	-0.00013469979517435912	2.4547093117370753e-006	-1	
-182.46148640478103	245.32142247661113	-0.00013741424526143514	2.4042397781291144e-006	-1	
-178.24744336393317	250.36604153528006	-0.00014015791687556028	2.3521075935798231e-006	-1	
-188.65667512726958	245.51934719716996	-0.00013734217699162197	2.4048087951217272e-006	-1	
-153.13618616160764	239.75839072845437	-0.0001362340543558074	2.4357132957128463e-006	-1	
-163.75874866119531	244.19965179065622	-0.00013781127891413262	2.4008383545688863e-006	-1	
-155.40134095544224	244.46299641380557	-0.00013862433537332639	2.3873149420551861e-006	-1	
-170.11645986798356	249.54011838377909	-0.00014017455592850889	2.3531656883508646e-006	-1	
-53.776628572317307	132.70749226319481	-3.0454256399979834e-005	7.4904539620058083e-006	-1	
-51.970191986449059	132.92929478618959	-2.8499113188779953e-005	7.3205005550058827e-006	-1	
-50.853996541161145	133.79464431741985	-2.7942904158322134e-005	6.8593044781023911e-006	-1	
-51.36804645782631	133.0032289605212	-2.7845109600736485e-005	7.201053956023959e-006	-1	
-49.724635795876559	134.3140134585943	-2.704398612595578e-005	6.5293382619854094e-006	-1	
-48.496280862791714	134.5046548920765	-2.5684587858164853e-005	6.2093120491536263e-006	-1	
-46.262031035343298	135.07136900397794	-2.3295585469325025e-005	5.5702621526782919e-006	-1	
-47.238029964886081	134.2130556052054	-2.3796907096579234e-005	5.8725091217970034e-006	-1	
-44.11411228303065	137.07211117150032	-2.2109186550719494e-005	5.4312820393978105e-006	-1	
-45.452136549829206	135.48699829813859	-2.2562257137249568e-005	5.3803913247680095e-006	-1	
-42.23051652659575	140.74565739174417	-2.3374516981171207e-005	6.1270692365862179e-006	-1	
-42.42744585495192	138.62511887225872	-2.1047316230526333e-005	5.717683036417734e-006	-1	
-40.389367054115652	139.67531473961139	-1.867954799493699e-005	6.205323778015777e-006	-1	
-38.261047790587241	142.09665335951263	-1.8403973367499987e-005	7.292621800840785e-006	-1	
-36.66899778195512	143.22855458288609	-1.7657004599199887e-005	8.0532528354891723e-006	-1	
-27.766601320972537	154.90863661757479	-3.813807850168888e-005	5.2722456308788499e-006	-1	
-32.024105684777339	147.29776860683435	-1.9899083796457702e-005	7.55454203998262e-006	-1	
-29.173240663803501	148.23647764066794	-2.0023265551600953e-005	6.8019090219460888e-006	-1	
-34.048228475251349	145.41626952816239	-1.7720514695923295e-005	8.3734330755903523e-006	-1	
-35.076258495476537	144.66329470687285	-1.7828943071607395e-005	8.4211288112906722e-006	-1	
-35.717860825325594	143.89771344108928	-1.7338764653917671e-005	8.4065343847787461e-006	-1	
-32.7832376206159	145.68017107907721	-1.6169738678019211e-005	8.399822986966223e-006	-1	
-33.271002922229926	178.76642972519213	-9.1014869364747041e-005	3.3553953912861574e-006	-1	
-29.427614851552985	174.60880351185537	-8.3573122747511951e-005	3.4810550670317021e-006	-1	
-43.871374491302895	185.45592080110927	-0.00010090563029939027	3.2291775060908221e-006	-1	
-34.070296101405525	184.37166103222754	-0.00010103337563191248	3.0660150934885343e-006	-1	
-25.89725533536668	166.51204640667405	-6.6277485515598282e-005	3.907456549718218e-006	-1	
-24.693566232527047	161.3930683506911	-5.3827342349921501e-005	4.2485963761488473e-006	-1	
-41.061966664259963	110.00655388595811	-1.1604135361447192e-005	1.6492383250236361e-006	-1	
-40.803600293214814	109.45486580045842	-1.1328910886484969e-005	1.7743779167210417e-006	-1	
-40.651378634709992	109.8624972612382	-1.1194378515139654e-005	1.7661367247139322e-006	-1	
-40.678416375182358	110.44258893106705	-1.1219605313285885e-005	1.7279563282147065e-006	-1	
-50.163755400580818	133.15109730918437	-2.652346882303171e-005	6.9035027805648443e-006	-1	
-36.070388820515795	116.13076277056823	-5.3709079888942443e-006	3.6089100599466563e-006	-1	
-35.367841599136696	118.19457854956057	-3.4869408765449036e-006	3.9510218977556365e-006	-1	
-35.410540916081295	116.83020289722793	-4.2098806586237915e-006	4.0270372260760499e-006	-1	
-35.944059898779898	115.17752788277751	-5.6430473696738048e-006	3.500886776956432e-006	-1	
-34.350000000000001	119.10416231778235	-1.4860599207874945e-006	4.2843025438030493e-006	-1	
-34.350000000000001	120.92332985422587	-4.2197595214908659e-007	3.7304497215493874e-006	-1	
-34.350000000000001	122.7424973906694	-6.6412215174614424e-007	3.1641302849098875e-006	-1	
-34.350000000000001	124.56166492711293	1.7160042474199488e-007	2.4504407652746685e-006	-1	
-39.730316933477233	132.81137672513611	-1.1236163888642453e-005	3.5291343736229329e-006	-1	
-34.350000000000001	131.83833507288705	4.6530125774918574e-007	1.7148504591779937e-006	-1	
-37.035944194957111	134.13551626035283	-5.8895031108598669e-006	3.6005785640314796e-006	-1	
-46.314998857954727	134.1625944457962	-2.2542045510543771e-005	5.5520342830034393e-006	-1	
-45.948736700221566	133.66863652950553	-2.1622201806273167e-005	5.3876703333463051e-006	-1	
-45.236756984517051	133.1485530297746	-2.0511352735645188e-005	4.7446984390146287e-006	-1	
-44.715855108496271	132.84264163523594	-1.9756810006482581e-005	4.2741281134694969e-006	-1	
-43.884766920868742	132.99641707275543	-1.8857400287731905e-005	3.7534602814698309e-006	-1	
-43.407123289904192	132.66612334497111	-1.7917782011887861e-005	3.6004076748254005e-006	-1	
-44.281469393458686	133.14217862948956	-1.9370471887968394e-005	4.1234977719591997e-006	-1	
-42.6406735580698	132.56190354415338	-1.6553270034737212e-005	3.5746048754071527e-006	-1	
-41.788137274838689	133.38210065523933	-1.5427987999829376e-005	3.897153068875739e-006	-1	
10.275885805034719	21.664316121534902	-5.4989728835665744e-007	2.22946810045597e-006	-1	
11.182102345549243	21.503757121795115	-8.7591548882364967e-007	2.1828865463380157e-006	-1	
9.8821966359327291	20.870997954268653	-3.2519827770515559e-007	2.2287356439470558e-006	-1	
33.746772209349643	7.3786626731088418	-2.8019166892595833e-008	-9.7928720253080383e-007	-1	
38.875	10.299999999999999	3.2083658198664123e-007	3.5034244027653358e-006	-1	
10.518273074861604	20.866310410235734	-4.7239293935741543e-007	2.2124311632530641e-006	-1	
34.125	0	2.3178591244960761e-008	2.6816585469542505e-007	-1	
7.9942960607204894	102.78317682484108	-6.0300695229894088e-009	-9.9806471549601697e-009	-1	
8.2305975679908414	101.01605735467231	-4.5104617439152353e-011	-6.9806192095362265e-010	-1	
8.5439325520179139	100.09377652164446	4.8849412830050421e-010	-7.7483407694226346e-010	-1	
8.2802980501410275	99.291007577913177	-3.647662232744852e-009	-8.2246131780516177e-009	-1	
8.6704233783412707	98.422764392104398	-5.0689453591806323e-008	-9.8225328079791039e-008	-1	
8.5257225983948288	98.965065067282723	5.6382269125006588e-009	3.1753152103688892e-008	-1	
9.1220360368766009	105.92636033494972	1.8244867421147249e-008	2.6730668932251982e-008	-1	
10.614715815544368	96.382980287383873	-5.3023307703755198e-007	-1.2578944654299685e-006	-1	
9.5	97.82979840743738	-7.5363952383495329e-007	-1.2048738013056798e-006	-1	
10.16390583677687	97.426634439871705	-6.4384512118179314e-007	-1.2527422106096972e-006	-1	
9.1527231986860098	98.135683878465102	1.3912363841808684e-007	3.2046630265738755e-007	-1	
-35.214767855619229	114.30854639459731	-5.3222740474792007e-006	3.5550555057387325e-006	-1	
-34.71464602158035	113.98775362153491	-5.0596459268505665e-006	3.5892109611030739e-006	-1	
-34.350000000000001	113.50000000000001	-4.8158319170332479e-006	3.4353835651762444e-006	-1	
-34.222884649432977	113.42685112623307	-4.6477231472567482e-006	3.4092626103403542e-006	-1	
-34.350000000000001	113.64665970845174	-4.8899132231648214e-006	3.5127144300416688e-006	-1	
-34.350000000000001	113.8740556505072	-4.9106212188511984e-006	3.626327882269966e-006	-1	
-33.988151773948395	113.50059233233885	1.1382003679713136e-006	-5.1581043441662623e-007	-1	
-34.85012183403888	114.87703624973588	-4.7958545968486967e-006	3.914809112183493e-006	-1	
-33.879823514262192	113.80476705667675	-5.7513188164230247e-007	1.653903544944997e-007	-1	
-33.861641980936561	114.11607686679888	-2.0709090847249067e-007	2.9557241777608048e-008	-1	
-34.089617876478435	114.32884753461806	1.321038884265848e-006	-6.6878031379544293e-007	-1	
-34.350000000000001	115.46582724489528	-3.9895540992830051e-006	4.4523247056362436e-006	-1	
-34.350000000000001	114.5562434766735	-4.6928852120997209e-006	3.9959450144755389e-006	-1	
-35.214202416361239	115.69308641855771	-4.6439874097678967e-006	3.9920731071372433e-006	-1	
-13.633045725070572	138.15699021267534	-7.2942210580193785e-008	-7.9706431303575855e-007	-1	
-19.182677267018953	140.08807461351606	-2.1048120865509713e-008	-8.6404606123426508e-007	-1	
-6.7680598621286956	135.89538813239156	-2.1863741983412997e-008	-9.2525680878262107e-008	-1	
-2.7987730987026249	138.83220188033161	6.6868196926294131e-009	-7.8167758261826402e-007	-1	
3.345986157077526	134.60185602977899	-1.4255435264522273e-009	2.4405180607358737e-007	-1	
9.4185587354134945	123.92889412179247	-1.4940705774468634e-008	1.0808621758747702e-008	-1	
11.283482802201132	117.78732258060333	2.7467209696346171e-008	2.1798661164557756e-008	-1	
10.356065920257624	130.48664613419672	7.3736459229724279e-010	-1.0914838168723389e-007	-1	
12.080161251413587	111.34015257067074	5.3158028855080794e-008	7.5336013326982472e-008	-1	
12.440828365887402	107.48956403554371	-6.9607049094052012e-008	-9.6996452665561368e-008	-1	
-29.632743501393634	135.0348003806177	-2.671334541409219e-007	-6.892861214948941e-007	-1	
-28.249482977276465	136.98703998400515	5.2956986999168341e-008	-1.5395561095341843e-007	-1	
-25.332122559439838	139.04136752606496	-2.8134247019467118e-008	1.3788325368947731e-007	-1	
-22.475339707426986	139.11313476474461	-2.9431465271661866e-008	6.8376119763592436e-007	-1	
39.112756571980405	80.916217493783805	-4.3899440014301343e-005	-8.581340700194412e-006	-1	
36.106826647119412	90.930264160481642	1.3920498048539631e-005	-1.3245226428113702e-005	-1	
39.411819163296045	87.840049920858874	-7.6838503929843047e-006	-1.225915235222366e-005	-1	
34.178618895545377	95.023479821245289	3.6509540290721287e-005	-1.5510024793549733e-005	-1	
33.748299318081841	99.054355264479767	5.9799555011225998e-005	-1.9358923393511143e-005	-1	
30.275888516366198	104.40151988910173	4.6453726734886242e-005	-2.1131431634897937e-005	-1	
18.32712419928021	101.93438369975932	1.9217417467052047e-006	-3.4982816124259672e-006	-1	
22.052459407837198	102.57254951991628	7.3319329864092313e-006	-6.4096755481243822e-006	-1	
25.918005929630759	104.59385709918365	1.6462132127671332e-005	-1.1102744127094031e-005	-1	
15.798352462733575	100.99485323000545	4.2520669559057817e-007	-2.4241116545926795e-006	-1	
14.45770364648495	99.768625782686271	3.0873078835070418e-007	-2.2356564260268536e-006	-1	
12.313942669711354	97.819788354002469	-9.5408093706723709e-008	-1.7885340130581593e-006	-1	
11.016133524115569	97.446609663720807	-4.3422252676819089e-007	-1.4486603398198485e-006	-1	
46.226170791344828	48.555643435518164	-0.00012536313913799588	1.9086756951972554e-006	-1	
47.488845064262421	37.520159183660617	-0.00011720195471716285	5.045052564389473e-006	-1	
49.800514091725532	43.152363708214047	-0.00013761124153030942	3.7759624294748097e-006	-1	
47.127612147127195	53.939388777410485	-0.00013193827066657583	4.2285391622985014e-007	-1	
44.455437920523309	75.998486321200616	-8.5873402140820409e-005	-7.0650072524288085e-006	-1	
47.135440801208759	70.168457808089457	-0.00011695633193517693	-4.9163259944901304e-006	-1	
47.164576714625902	61.280989935551325	-0.0001298694352900709	-1.851776540944201e-006	-1	
50.119611885084872	66.013854746976236	-0.00014149405083873132	-3.4847005311132193e-006	-1	
42.947129587817201	20.868576654841981	-5.313563659354e-005	6.8489052298473438e-006	-1	
42.029391064930493	13.444104766082097	-2.044081839118704e-005	5.7639169228342607e-006	-1	
51.462728854323444	27.687537544552089	-0.00011121519130205398	8.9633296989516798e-006	-1	
51.313406659600922	21.01990254234228	-8.6478043118191995e-005	1.0921868487883334e-005	-1	
52.626995017536764	34.254434676510733	-0.00013515287515804603	7.0699954618202112e-006	-1	
-62.802676079604701	199.34142081868686	-0.00011665373311380071	2.891975307440017e-006	-1	
-62.252950543688129	213.25077640956582	-0.00013230436770357145	2.4823185624262013e-006	-1	
-56.796579548411913	209.26832135845206	-0.00012958115266846246	2.5256603367931556e-006	-1	
-58.334406670796355	202.0954131410177	-0.00012081562130977964	2.7601089065995163e-006	-1	
-72.157398577929627	219.67348491085284	-0.00013576523486642463	2.4303779354155376e-006	-1	
-64.478942185241294	219.62862039354414	-0.00013815296392039611	2.3502515056407676e-006	-1	
-86.242176772950955	226.31170445835809	-0.0001378504484034916	2.4053152113299726e-006	-1	
-81.362531574485544	227.32841720829725	-0.00013997396355806593	2.3501786121925186e-006	-1	
-75.968782713454033	224.24206053586695	-0.00013887183084147306	2.3655676724842465e-006	-1	
-58.238603742249111	196.74928870003717	-0.00011434658861097689	2.9371122644755398e-006	-1	
-49.151071038152061	194.62257689701232	-0.00011336628925167704	2.9068946337106602e-006	-1	
-53.085875045697115	198.17743845384356	-0.00011716484457357399	2.8303966074260429e-006	-1	
-46.416932029683707	189.88103340762726	-0.00010718207972712012	3.0635451097211363e-006	-1	
-127.24770181382652	236.66044880175022	-0.00013737145170876919	2.4225772412632767e-006	-1	
-121.87661592575915	235.81886638156271	-0.00013764013774597488	2.4184757218111803e-006	-1	
-112.66377386068116	239.13667921665942	-0.00014141765801290013	2.338643695404654e-006	-1	
-120.03457529479168	240.69159393594583	-0.00014105373236041817	2.3463293398679662e-006	-1	
-106.64919048540995	238.95722510729405	-0.00014253576163497718	2.3135720015596543e-006	-1	
-100.48691321602249	236.3615525299507	-0.00014212112485601712	2.3201864647001306e-006	-1	
-94.631400199124911	235.79883756022781	-0.00014313187346462114	2.2944338231626862e-006	-1	
-90.133386162061655	232.00785476541208	-0.0001414119568114921	2.3287024800564949e-006	-1	
-147.91931993249912	239.97872602353385	-0.00013684382247409606	2.4255865696599416e-006	-1	
-133.34718010814535	242.23500616621297	-0.00013989382641852854	2.3682151075404239e-006	-1	
-140.41260804367653	245.02468448055643	-0.00014056437924034866	2.3526672468446472e-006	-1	
-200	249.96333507288705	-0.00013945699355156086	2.3638988673150782e-006	-1	
-194.53982605878298	245.95034362697754	-0.00013746575011227356	2.4020147924339874e-006	-1	
-182.32939967477762	254.06279022434222	-0.00014183374063259264	2.3192985509933884e-006	-1	
-187.34285843485415	251.78385418865858	-0.00014053616285140551	2.3437889982238556e-006	-1	
-172.25086716792015	255.9190691409201	-0.00014327170455753709	2.2926076023656981e-006	-1	
-179.064720291985	258.49789864706361	-0.00014415609124823951	2.2747500035373812e-006	-1	
-193.82584506983241	251.94716935287548	-0.00014048447479367724	2.3443838999438959e-006	-1	
-146.92515575603929	246.52299738134246	-0.00014061843595628484	2.3498638866179269e-006	-1	
-158.6030000464649	250.7080564679091	-0.00014166905085544185	2.3262395917457994e-006	-1	
-164.90594381144314	253.7942022697159	-0.00014273419606424705	2.3041309463565106e-006	-1	
-149.7719024149805	252.43609619856514	-0.00014350270392294765	2.2914988112638381e-006	-1	
-45.725099161852789	134.33626292247638	-2.1911972583222648e-005	5.329025121493185e-006	-1	
-43.155762965476804	135.39188978841784	-1.9067709310575664e-005	4.8553120615066616e-006	-1	
-41.859301886101207	136.40388295752987	-1.7716467611720396e-005	5.0815666228328951e-006	-1	
-44.280552044681819	135.14496947552541	-2.0593239723979953e-005	5.0003818353735312e-006	-1	
-45.022704330014015	134.38505072182301	-2.1006118886968519e-005	5.0568440434152166e-006	-1	
-39.611207088283599	137.35971346750966	-1.427861606250125e-005	5.5070347658610274e-006	-1	
-37.262044747961355	140.45792498306662	-1.3404363353020944e-005	7.3765371811838871e-006	-1	
-36.30781380022642	142.12312198922837	-1.471958877559318e-005	8.323741903643383e-006	-1	
-35.60153179697263	142.76708794413133	-1.4752223210510549e-005	8.7881595359431494e-006	-1	
-22.367306181080313	156.56760865896374	-4.1040493228417053e-005	4.4668153728418919e-006	-1	
-24.933086333928795	147.64453673345216	-1.5964749880513646e-005	5.9774231690551861e-006	-1	
-21.57830690663916	150.97457223974516	-2.5000483157265696e-005	4.8307844775244251e-006	-1	
-30.985375795687904	145.84382800442714	-1.3895807847940873e-005	8.1154756654182841e-006	-1	
-29.410562068398864	144.74767919504788	-8.2161581426279828e-006	8.1247788849662848e-006	-1	
-26.721359602772079	145.47167982406887	-9.4553144444738381e-006	6.9314895274921671e-006	-1	
-33.206761148635039	144.459321492887	-1.3350868148429153e-005	9.2200412289074712e-006	-1	
-34.217403776945105	144.15325863300865	-1.4941922911733625e-005	9.0796202355312803e-006	-1	
-35.115169380465488	143.66516938046544	-1.5728590008630645e-005	8.8452484460525908e-006	-1	
-32.165565103527648	144.54512634316569	-1.1283827609877484e-005	9.200368429698115e-006	-1	
-24.68225122435058	182.8507704404158	-0.00010128270900787107	2.8211894773956631e-006	-1	
-21.921081670722	169.95339015331083	-7.4641972348660294e-005	3.4366752354372203e-006	-1	
-23.090561250517105	176.44727530776061	-8.8765478816075298e-005	3.1011428853966938e-006	-1	
-41.332829434639237	190.34297016156006	-0.00010904824638340289	2.949823971747426e-006	-1	
-31.941638348572337	190.79734128669693	-0.00011277096014394846	2.6948231691863257e-006	-1	
-25.674492639922697	188.23932736415287	-0.00011095811356787615	2.5992618465207585e-006	-1	
-19.336972433128484	161.33433223158656	-5.37649531834612e-005	3.8258552538283036e-006	-1	
-17.962809848188201	166.44322889228073	-6.6959609632200834e-005	3.4022141030133372e-006	-1	
-39.928975318403829	134.93761406085662	-1.2866745192553802e-005	4.3857277425912784e-006	-1	
-34.350000000000001	135.47667014577411	1.0548573827560591e-006	3.2853125145492653e-006	-1	
-36.740335888757372	138.10112768517547	-8.4158725841381424e-006	6.3263069499493778e-006	-1	
-45.346591171598817	133.74257070383712	-2.0890781257282596e-005	5.107944245678648e-006	-1	
-44.674190584820899	133.36864299247955	-1.9915886811927042e-005	4.5119023944345651e-006	-1	
-43.931813591812215	133.37958145920206	-1.9073982426093082e-005	3.9906455349559484e-006	-1	
-43.521225562262224	133.23552483448216	-1.8345686526422728e-005	3.9010564054896248e-006	-1	
-42.875247175994694	133.29898032175876	-1.729660614506192e-005	3.9151395890235386e-006	-1	
-44.265345583400176	133.5645046953791	-1.9508378461724894e-005	4.3493942439260279e-006	-1	
-42.729837586123239	133.93157080980274	-1.7386111696157178e-005	4.2001700152117093e-006	-1	
-42.350844150918334	134.83438376779972	-1.7324428883282843e-005	4.539950988744671e-006	-1	
38.883583542571152	4.4724449632369065	-1.320434354179435e-007	-7.1512852315912823e-007	-1	
42.529575196949004	9.0185659734953276	8.7896817083576404e-007	4.0439248971800304e-006	-1	
42.619585072887055	0	1.2489671041032199e-007	7.495834150899393e-007	-1	
9.8910587631780338	103.0229356833914	1.2102335474967223e-008	2.4450165625089742e-008	-1	
9.1930663864618403	101.46351803170184	6.0358370209255333e-009	1.1753196564466216e-008	-1	
9.012584762816104	100.43530200659953	4.9112371919318809e-009	1.5937706521213676e-008	-1	
8.7662421501676118	99.558189932818379	1.1425850167805558e-009	1.1647085603217818e-008	-1	
9.0475362240641566	99.806273664160599	-3.9177766513995059e-009	-7.760687330527262e-010	-1	
8.8319794860559941	99.234654473383472	-6.972098396411594e-009	-1.190112716338799e-008	-1	
8.9312104973002544	98.919773865455809	-6.7525552853916651e-009	-8.094269819626594e-008	-1	
9.2130868880908423	98.594512085006684	9.8435804105623671e-008	2.2335566221636802e-007	-1	
11.404942500679624	103.97453843263101	-3.5346134059692285e-008	-6.0904372755140831e-008	-1	
9.5	98.441569349492823	-7.4272055475313757e-007	-1.2581835562111026e-006	-1	
9.8467922317705909	98.135683878465102	-6.9694083141679669e-007	-1.272524525845111e-006	-1	
10.303579608323894	97.914539100414473	-6.1582508118491949e-007	-1.3225800629794563e-006	-1	
-34.620951624917062	114.32884753461806	-4.9193756276406691e-006	3.7738308650431384e-006	-1	
-34.350000000000001	114.10145159256263	-4.8821169830513722e-006	3.7439317656772911e-006	-1	
-34.22319760186484	113.57332985422588	1.7367830859637314e-006	5.8337611147826461e-007	-1	
-34.199643904465248	113.76035767947947	7.553992717254996e-007	-2.359407290507652e-007	-1	
-34.145855827814692	113.98775362153491	1.1434237365969832e-006	-3.5403669963408474e-007	-1	
-17.101670145774129	142.90000000000001	2.7298596585192862e-007	3.2315813554841131e-006	-1	
-8.5508350728870646	142.90000000000001	1.8234982877178879e-007	1.9317333556807528e-006	-1	
-22.445942066328545	141.15729699673815	1.24600342778238e-007	-1.7014466347371746e-006	-1	
-21.377087682217663	142.90000000000001	-1.6057286574634027e-007	5.3450592817094027e-006	-1	
2.1377087682217661	138.93831115384637	3.110727437095746e-008	-9.5737285624975776e-007	-1	
0	142.90000000000001	-2.6438501392123241e-007	3.5352526965477154e-006	-1	
11.452666482451832	135.20010754296933	2.4627222625703509e-009	2.7755269957051549e-007	-1	
7.1488036866367333	137.99800487931037	-3.4488556875744601e-008	-7.0602905573942169e-007	-1	
16.080810055193304	120.25091874963715	6.4401601713837736e-008	7.6979814695731097e-008	-1	
15.609372236891469	125.62319957251439	1.6834851597764847e-009	-1.2319256406727045e-008	-1	
18.548358746363537	112.49858935551055	-2.23497119183452e-007	-2.4532867739889821e-007	-1	
16.248463426458319	134.55235533969145	6.336766796266675e-009	2.3059867622088123e-007	-1	
15.459914409702117	109.46015751127476	6.5717338834381637e-009	-1.0207347058588418e-007	-1	
13.586285630054649	104.00870319792961	1.7015778207559932e-007	2.6094420512370849e-007	-1	
16.043692838375112	105.90244449126224	3.2077758565068088e-007	5.5145357046086974e-007	-1	
-31.883933686788001	138.15343957750386	2.0881915077473413e-008	-1.7192194950368987e-006	-1	
-29.712508316031609	138.88023992188167	-1.074899126542505e-008	1.0837837751950986e-006	-1	
-27.755968320476494	139.32821328603532	-3.1317236906667856e-008	5.7383638986534113e-007	-1	
-24.579773845465972	141.04645205860987	1.1668710159024027e-007	-1.5992277186164276e-006	-1	
-26.721359602772079	141.04818819586629	8.0841080240208699e-008	-1.8844629476300575e-006	-1	
45.67061333784109	83.157513670150422	-5.9830504619377921e-005	-1.043381168197863e-005	-1	
40.295881521336149	92.64029890853557	2.7835417543911617e-005	-1.5593995001832789e-005	-1	
47.837514090756009	90.667719485275242	-1.5865677001521224e-005	-1.473886829597176e-005	-1	
40.025301752235912	97.513772329530923	7.5236293238773049e-005	-1.9868061294156576e-005	-1	
37.573826273609583	100.39542770478633	9.3654183733794409e-005	-2.2806331823981535e-005	-1	
34.932188940784748	102.93140790003626	9.0251632424886901e-005	-2.5955836108281895e-005	-1	
34.052071571919583	107.49713039977419	9.3308856436727372e-005	-3.7649186619767543e-005	-1	
31.474509191339344	109.13498282656741	4.218527626776713e-005	-3.5535308291975835e-005	-1	
28.073942324716487	109.88842556311653	-6.4843387512376516e-006	-9.0075979775531876e-006	-1	
15.776057675283507	102.81157443688346	-1.0285631645335238e-006	-1.6505012315505308e-006	-1	
18.850528837641754	104.58078721844174	-1.1841174378225021e-006	-2.4422475154838737e-006	-1	
21.924999999999997	106.34999999999999	-8.3105994032143971e-007	-3.7387962247455715e-006	-1	
14.238822094104391	101.92696804610435	-9.5146815510189914e-007	-1.5326812275931989e-006	-1	
12.291725505520565	99.64660466609736	-4.4271383082088117e-007	-1.6463326899919568e-006	-1	
12.701586512925271	101.04236165532521	-8.3208384983644303e-007	-1.4966547668434257e-006	-1	
11.034026916438741	98.250353770399315	-4.8477296985164598e-007	-1.4719049423988384e-006	-1	
50.974666728046927	50.527906966335735	-0.00015135831479325479	1.6614491154079699e-006	-1	
55.866918896405281	40.878579508640499	-0.00016637312181061209	5.3264247720779948e-006	-1	
55.054084040671725	46.943321981790987	-0.00017072705540709633	3.137149481844055e-006	-1	
51.26643295832023	57.49852809992899	-0.00015460568073506498	-5.5689876736506526e-007	-1	
50.491584956765507	80.034976484043739	-0.0001044702061329141	-9.1408469756192586e-006	-1	
51.899811878856426	74.466412686708566	-0.00013463340955971996	-6.7421095010295748e-006	-1	
53.542233339791601	69.815389441153698	-0.00015672566549419485	-4.9065043571317805e-006	-1	
55.162542220726145	65.156616575216049	-0.00017451015412556318	-3.12577569666347e-006	-1	
46.411735962723462	14.238227532032914	-3.6574282993011151e-005	8.5913588221873403e-006	-1	
58.01767173598865	26.457749978085083	-0.00014187039047782962	1.163577911850113e-005	-1	
56.650595806016213	21.291470785384387	-0.00011464825721566105	1.3866709694736696e-005	-1	
52.56162380459422	15.571934986237032	-6.6563539747028748e-005	1.3256914762635006e-005	-1	
61.493624498504964	30.903230502374299	-0.00017570196325615079	1.0387109845642081e-005	-1	
61.826994676579496	36.5364719336863	-0.00019209480551369727	7.8916073102415971e-006	-1	
-58.766918657786462	219.56144846263194	-0.00014018771645025571	2.2783505029991998e-006	-1	
-54.804427082013788	214.98481219891332	-0.00013680350369842033	2.337502094696911e-006	-1	
-46.633692229962648	208.93200462120825	-0.00013295120298207995	2.3733884478834377e-006	-1	
-51.905516467154968	203.34720410540754	-0.00012410546961884482	2.6353697225465288e-006	-1	
-69.82037411309571	225.14494257045033	-0.0001416429016032243	2.2867445764749e-006	-1	
-63.156747538488126	226.25310029677655	-0.0001451310315042001	2.1847882150838151e-006	-1	
-85.110281994888027	231.16592491999654	-0.0001420894390468956	2.3079522988403106e-006	-1	
-81.730177531316684	234.97582192047091	-0.00014619347940898937	2.2114316735381706e-006	-1	
-74.200743245414301	233.58816860799431	-0.00014755458664776435	2.1658962088884682e-006	-1	
-69.912117820417691	230.45523253843271	-0.00014640168297212991	2.179884230209206e-006	-1	
-44.554717517891767	197.59432471540956	-0.00011875661460320496	2.7154588111097211e-006	-1	
-128.28540524381501	244.85816170620978	-0.00014222896486928486	2.3208011709989509e-006	-1	
-112.97787724889972	246.66315333319292	-0.00014621521918133882	2.2369092318971691e-006	-1	
-107.77535967500178	244.86816072797808	-0.00014622628896966661	2.2350793507057816e-006	-1	
-122.74762378339055	246.21296289485758	-0.0001439944318316591	2.2844836589012089e-006	-1	
-117.62236720789042	249.61559310062719	-0.00014706253479603891	2.2201530089545487e-006	-1	
-102.06804021631218	242.8585683589707	-0.00014626388625978398	2.2315298011169322e-006	-1	
-96.177692715783039	241.47445737493828	-0.00014682864820088492	2.2153615518216711e-006	-1	
-90.78549440880569	238.95583674073825	-0.00014652833612957596	2.2164878571886535e-006	-1	
-86.806474573838386	235.96835681165231	-0.00014539797379953411	2.236644282500188e-006	-1	
-135.37317368923658	247.44592126888267	-0.00014263415406983587	2.3115194777699517e-006	-1	
-138.07314633916147	251.83334705934107	-0.00014471701466907898	2.2687261295116043e-006	-1	
-143.21870034901247	252.08360953920646	-0.00014413941435540353	2.2797006314364357e-006	-1	
-200	256.20875195699796	-0.00014253331481768077	2.3050037217595753e-006	-1	
-186.68825121803758	260.96580699969547	-0.00014503525905755488	2.2572879631305248e-006	-1	
-193.71072180856962	258.43119080463566	-0.00014365441787079851	2.2835747601054073e-006	-1	
-168.68458051716985	260.44137181614673	-0.00014575587983456064	2.2446134670301064e-006	-1	
-173.92204897452265	263.65850788809661	-0.00014694474535113881	2.2210770795201716e-006	-1	
-179.17443548612837	263.74993497167947	-0.00014667717852905962	2.2259629188780122e-006	-1	
-158.34536627937382	257.72125979139417	-0.00014532395859693972	2.2541453250971447e-006	-1	
-163.18003305284415	262.13535504353348	-0.00014705174888402566	2.2197612644567706e-006	-1	
-149.51019005146767	258.99355079628964	-0.00014697037411090869	2.2224576219998587e-006	-1	
-43.327510111403704	134.76487936013473	-1.8872324944309766e-005	4.6509089087145946e-006	-1	
-44.339542972118942	134.46193631794037	-2.0135909682591898e-005	4.8099896813829155e-006	-1	
-43.940886122967044	134.54945181373347	-1.9641663632168113e-005	4.7059982337655477e-006	-1	
-44.470623184071471	134.07540789283541	-2.0015289976338057e-005	4.7341280048945181e-006	-1	
-44.744445642976068	133.8165048781687	-2.0158678159689042e-005	4.80826267229846e-006	-1	
-35.349839777339618	140.2938825456468	-8.4216767796014577e-006	8.6704090685144542e-006	-1	
-35.360695958823683	142.25155178986242	-1.3187869896033305e-005	9.0761683809541476e-006	-1	
-34.89109546835784	141.3889646392156	-1.0208369418679108e-005	9.5090728914935002e-006	-1	
-34.938324113401109	142.63284098652241	-1.3313101772513615e-005	9.3557776888382431e-006	-1	
-34.979554389161677	143.03356642609248	-1.4205229769155518e-005	9.1816129654974995e-006	-1	
-15.396231079145002	154.6988357528067	-3.5651388280150797e-005	3.7273355112405904e-006	-1	
-24.583650834550308	144.85220379046555	-6.8657240707581221e-006	6.3378806131905695e-006	-1	
-22.445942066328545	146.3279723313596	-1.1157042412058406e-005	5.4029692334861235e-006	-1	
-19.239378913995896	145.44716798863513	-7.9557821659575001e-006	4.3808349341211303e-006	-1	
-14.085954396587844	147.60155632567717	-1.440061315386853e-005	3.3873045563994139e-006	-1	
-31.218300116964855	144.10451231489284	-7.7315174399457299e-006	9.3357700643107724e-006	-1	
-27.790213986882961	142.90000000000001	-2.7906142087805407e-007	7.8840764285027573e-006	-1	
-29.927922755104728	142.90000000000001	-3.8095451475299392e-007	9.1968975873946638e-006	-1	
-25.652505218661194	142.90000000000001	-2.7823967252824358e-007	7.0329479429825274e-006	-1	
-32.600058715381934	143.59503846410584	-8.847730165373351e-006	1.0259771173382312e-005	-1	
-33.462016819174472	143.43466665392324	-1.1334166293984964e-005	1.0092701125246202e-005	-1	
-34.081915506913482	143.48880963701444	-1.3187390526954397e-005	9.6363559193063452e-006	-1	
-34.483566426092509	143.52955438916169	-1.4200009956455449e-005	9.3170635319143408e-006	-1	
-20.538749310117183	186.33007903104124	-0.00011014400234313747	2.4810032938515798e-006	-1	
-19.60824865458796	181.01504905978931	-9.989443637897415e-005	2.6929218992803815e-006	-1	
-15.92673283911572	172.72610838505915	-8.3054740317397996e-005	2.934217688204162e-006	-1	
-37.849897076196207	195.97208622651041	-0.0001187492302921323	2.633942504750466e-006	-1	
-25.834175362219582	193.71615036433568	-0.00012064164028998305	2.3728422432180902e-006	-1	
-31.425074997338779	197.56564411413103	-0.00012403157361558188	2.4008528342075544e-006	-1	
-17.279289458544422	190.64865725286859	-0.00012045057045590045	2.158973143978853e-006	-1	
-14.454213058857679	162.30602579343605	-5.6999881127684034e-005	3.359313299661444e-006	-1	
-12.698077233563897	166.96451422299012	-6.999647749132656e-005	3.0301075114637059e-006	-1	
-34.350000000000001	139.11500521866117	-2.252457200974e-006	8.6915783180947138e-006	-1	
-43.767540562653998	133.59422214659563	-1.8884913047001524e-005	4.127633810240812e-006	-1	
-43.978860262755695	133.76274584564868	-1.926207385569274e-005	4.2658395101955124e-006	-1	
-43.377221035662686	133.71048599438106	-1.8322226158859142e-005	4.1581727509404953e-006	-1	
-44.142300114353311	133.89043905250031	-1.9459176284426822e-005	4.476760127116406e-006	-1	
-43.388149451566264	134.11760659712482	-1.8553506931014601e-005	4.3723834722268727e-006	-1	
45.067301304280697	3.7398927776418902	-3.9054299659588727e-007	-2.3682638096936651e-006	-1	
46.184150393898008	7.7371319469906563	-4.5012899067378793e-007	6.6983691683763876e-006	-1	
46.866877609330601	0	2.2437229200968894e-007	8.3675124919853748e-007	-1	
10.744943412877429	102.31267412796217	-8.6291422833105843e-008	-1.5899611907991511e-007	-1	
10.203057592794593	101.34316382368162	-4.0096088523474162e-008	-8.0948692446460704e-008	-1	
9.6289566241892324	100.51493935209486	-2.6553095200786665e-008	-5.3252824906828018e-008	-1	
9.3988514518848341	99.937611033051965	-2.9040110264841447e-008	-1.035818165601348e-007	-1	
9.0949788564058149	99.434223814809073	-3.6265913053076602e-009	-6.40086867266076e-008	-1	
9.4462581071333709	99.440413196920616	4.3960990636448429e-008	1.5061128327690335e-007	-1	
9.2648204328992758	99.126670145774156	5.3511144962790463e-008	1.7544160594878054e-007	-1	
9.3232898496935537	98.900397556034406	4.5821893113538441e-008	3.2641738723394296e-007	-1	
9.5	98.747454820520559	-7.4777988067858438e-007	-1.2687840768125611e-006	-1	
12.163201053654461	102.35514480232592	2.576470018447492e-007	4.4276054000751829e-007	-1	
9.7892817954645341	98.594512085006684	-7.1501171335186433e-007	-1.2879378822223453e-006	-1	
10.247968533199394	98.418986450056636	-6.4516916942153638e-007	-1.3371581284045754e-006	-1	
-8.8470623892235203	148.16026567577842	-1.6435363833224908e-005	2.8793636770234833e-006	-1	
-4.2754175364435332	145.77924017490912	-9.3733204904259662e-006	2.8376394513334314e-006	-1	
-23.514796450439423	142.90000000000001	-5.9709343869418001e-007	6.2965472368533226e-006	-1	
4.2754175364435323	142.90000000000001	1.2659790096037058e-007	2.9661996185990058e-006	-1	
0.27708118036197921	147.92537003043333	-1.709635617805832e-005	3.0291253337798974e-006	-1	
14.515464120601235	138.94690909532565	1.6906217772120591e-008	-1.2546550786162615e-006	-1	
8.5508350728870646	142.90000000000001	4.6833313520487721e-008	3.093832881204445e-006	-1	
21.473297984601231	120.18215256921829	-8.0689564774424141e-008	-1.250164660337373e-007	-1	
20.439790661629253	130.93504831851001	-1.3171680544822234e-008	-1.7573502733312638e-007	-1	
22.602769155671549	127.24833919567875	3.3581277428504261e-008	1.5214447427217012e-007	-1	
22.662623520141	111.14087735954972	1.6651914655007066e-006	2.9705719350867814e-006	-1	
18.828427100944804	108.17515111615934	-5.1708771292667499e-008	3.268788243705948e-007	-1	
25.592471254708581	115.00255919315028	6.5757324316345067e-007	-1.6547595751910191e-008	-1	
19.239378913995896	138.94262773960142	-3.7128748229187091e-008	-1.2014407356773669e-006	-1	
21.535777983330011	135.06652649377946	-2.7341214754061087e-008	4.4509821298262906e-007	-1	
-33.36647126313899	140.34619443797519	6.4244243558573077e-007	-8.1195568005051426e-007	-1	
-31.020750058629879	140.75955639982669	3.3074804710807736e-007	-1.9156622678016389e-006	-1	
-28.859068370993842	141.00508512602389	5.7880461991228254e-008	-2.532972633234384e-006	-1	
53.248614151534603	85.073904529599119	-9.7201963310537858e-005	-1.1591400025813702e-005	-1	
44.493114660779582	95.131722310880576	4.5959810902589419e-005	-1.7768814893172106e-005	-1	
47.622911322041141	96.241432289672233	4.8302450131584166e-005	-1.8287173517524347e-005	-1	
51.975689401934396	92.75182301106004	-2.6402099273917035e-005	-1.5749667468579018e-005	-1	
43.413890911292768	99.19636949913712	0.00010435774599223434	-2.1426890281235853e-005	-1	
41.621136782464617	100.94407556398986	0.00012804287127296047	-2.3591427905381249e-005	-1	
38.340418012468419	104.27059345245387	0.00014492163789988274	-2.9541694034922412e-005	-1	
40.407022934516782	103.14816618611844	0.00015468179007827433	-2.6655584778431148e-005	-1	
36.757128157137736	106.10615831628802	0.00013592722418048086	-3.5297915471881879e-005	-1	
37.004880534111933	108.2272356655178	0.00015515513824370387	-4.4266513843252127e-005	-1	
35.204153904770365	110.31223976969272	0.00011909369005236753	-5.6148957040946213e-005	-1	
31.148413487074738	111.65763834467479	4.9156827881422084e-006	-5.0548845722342158e-005	-1	
32.639956936286424	111.39592529049153	5.2542169052637787e-005	-5.8522016842966088e-005	-1	
30.034149490214002	114.9825942759926	1.5570963228404702e-006	8.5123927925071221e-006	-1	
11.073624401390321	99.426427319387443	-6.4000505339977279e-007	-1.4375867100839508e-006	-1	
11.164350931746144	100.15775526454607	-7.7675641691117854e-007	-1.3946680213044869e-006	-1	
11.210043063713597	101.3040747095085	2.5763689335720727e-007	4.8317257875906957e-007	-1	
10.409518411102653	99.106997983940005	-6.8351143009586852e-007	-1.3564747920515694e-006	-1	
55.455928418016413	53.049083430187686	-0.00017862678628397923	1.1101401351355075e-006	-1	
62.755298640080078	43.510427909446399	-0.00021221882030551562	5.1100512256470891e-006	-1	
60.538890866329645	49.656013607012547	-0.00020714715585479497	2.6329137313467179e-006	-1	
58.242716090517668	60.864058758743852	-0.00019779312712595048	-1.4974129946423319e-006	-1	
55.729041643317565	78.397125911222133	-0.00015038019333642378	-8.3875517926830139e-006	-1	
56.852649483420521	73.471987647414977	-0.00017347999329289453	-6.2967709501496329e-006	-1	
61.279191243919854	71.037812317141189	-0.00021351528477942644	-5.1911408889930651e-006	-1	
60.657094621630726	65.563452334983594	-0.00021401841128698075	-3.1285462026622365e-006	-1	
52.477308106198102	9.9834389992621286	-3.1578735668600685e-005	1.4248586370239979e-005	-1	
64.420992661582005	26.078807185864601	-0.0001795677111068796	1.3653922286414377e-005	-1	
63.958657019055423	18.037937223600913	-0.00014666808476277931	1.9636416698800942e-005	-1	
58.120418893853184	16.153479214186209	-9.9567721132753166e-005	1.8183639639366408e-005	-1	
67.115058789790652	31.013862466151831	-0.00021146565970292137	1.1172148485175985e-005	-1	
69.11687467239868	38.223705867593402	-0.0002425748851141386	7.821112997600465e-006	-1	
-57.328944264935267	225.08991610674494	-0.00014638307501935006	2.1309201945920781e-006	-1	
-53.195006917097167	220.82062454264178	-0.0001438518432415885	2.1640243129824786e-006	-1	
-47.619111922041263	216.14305341390889	-0.00014117931130952095	2.1866919765613294e-006	-1	
-41.55460120769169	212.49894464282988	-0.00013980421399161405	2.1647547315499741e-006	-1	
-44.22734143089896	203.5138045308311	-0.00012694190348033104	2.4985204874904128e-006	-1	
-58.303832153408685	230.95215817442525	-0.00015165413329092637	2.021537816028171e-006	-1	
-65.964145681015452	234.00785304144046	-0.00015111594129626658	2.0639298713871511e-006	-1	
-77.327116902193538	237.74565963036133	-0.00014988311283558245	2.1223391492311185e-006	-1	
-81.187756726766636	241.10187687362952	-0.00015116789727145525	2.1026170713830763e-006	-1	
-71.026721573376847	239.22922700998805	-0.00015347445774897058	2.0298561295882994e-006	-1	
-38.374297559060984	202.57078076556456	-0.00012811663651331114	2.4045490758342015e-006	-1	
-127.20263121658537	250.45549233519171	-0.00014569870814607115	2.2493014922174305e-006	-1	
-108.99575915253908	250.46195880677672	-0.00014952490475283819	2.1662674062665312e-006	-1	
-113.17912947940528	254.37084158059329	-0.00015093368371855406	2.1387102162835377e-006	-1	
-103.04963616314234	248.82919866826603	-0.0001500035922519871	2.1529549365908228e-006	-1	
-118.84276668542776	255.20939117942581	-0.00015013096400119579	2.1570761387521336e-006	-1	
-95.962270345919833	248.26175764020579	-0.00015160469177097691	2.1136737468566731e-006	-1	
-89.110963335028416	247.42199198350571	-0.00015314345931855168	2.0734717684148177e-006	-1	
-86.303275050718796	241.11624059181469	-0.00014948228565223989	2.147160885693575e-006	-1	
-132.96365613547675	252.49096947043412	-0.00014588961839956619	2.2452125061282971e-006	-1	
-135.0125175945476	258.24724795620216	-0.00014871969030435129	2.1878540700493069e-006	-1	
-140.40636614707043	256.883924959757	-0.00014712201218378316	2.2200013801759294e-006	-1	
-144.34011675869795	260.60633508488866	-0.00014850580734532682	2.1921517298613144e-006	-1	
-200	262.45416884110881	-0.0001455206450611277	2.2476161880479863e-006	-1	
-187.92648283974847	268.50824569040668	-0.00014852158180786484	2.1899871278857142e-006	-1	
-182.51346963676897	267.80539720424503	-0.00014840951431115886	2.1923004802998787e-006	-1	
-194.16483828089653	265.88324761337702	-0.00014717036634855597	2.2159137585930861e-006	-1	
-168.32054685919124	266.18916282291974	-0.00014855821548904292	2.1899935600414764e-006	-1	
-173.0876791905431	269.27634059537047	-0.00014963837344670366	2.1687904566977959e-006	-1	
-178.41865143520678	272.50150023335442	-0.00015076704654536899	2.1467606531577127e-006	-1	
-151.79901571607712	263.78956743700024	-0.00014911450769744845	2.1798240778490314e-006	-1	
-157.86128344764523	267.70173301602682	-0.00015031306409713156	2.156024808395885e-006	-1	
-163.34175481096531	268.67997770480338	-0.00015019362856902719	2.1582415252185812e-006	-1	
-146.75258790921129	265.45511987719522	-0.00015063128478967925	2.1498431910906658e-006	-1	
-44.098178029165865	134.1328022879573	-1.9575535056114481e-005	4.5745997000833315e-006	-1	
-43.833500366791476	134.11724136677995	-1.9210237625979505e-005	4.4712569711080871e-006	-1	
-34.350000000000001	140.93417275510473	-7.8687910564981262e-006	1.0158384910975075e-005	-1	
-34.814608488586686	142.091652127119	-1.1875514317270475e-005	9.6148902386701822e-006	-1	
-34.350000000000001	141.84375652332648	-1.0539775835666214e-005	1.0230510762704999e-005	-1	
-34.54992493401258	142.52594434949282	-1.2504005536298092e-005	9.7685855732288497e-006	-1	
-34.585179567100745	142.82667014577413	-1.3167928065905446e-005	9.5958509176593987e-006	-1	
-34.537478541742608	143.0874785417426	-1.3530220900988896e-005	9.5122707324053507e-006	-1	
-11.428009594106605	158.3528473159198	-4.6747113603753823e-005	3.2659762591282384e-006	-1	
-10.517936502330977	153.03586046006708	-3.1202524428066312e-005	3.2277210616120669e-006	-1	
-32.065631523326488	142.90000000000001	-3.7567793605566741e-006	1.131367741744135e-005	-1	
-33.134485907437373	142.90000000000001	-8.9370358977544203e-006	1.1039036482342748e-005	-1	
-33.936126695520535	143.11234022500659	-1.2188334459668869e-005	1.0045933053681059e-005	-1	
-33.668913099492812	142.90000000000001	-1.1104719685916223e-005	1.0488156387966034e-005	-1	
-34.276670145774133	143.13517956710075	-1.3093413012565855e-005	9.7179080166699785e-006	-1	
-15.266964225600708	185.11250833300127	-0.00011084638604111067	2.2971698578272946e-006	-1	
-14.501705273067461	179.27189394394441	-9.8776932326168014e-005	2.525569713773268e-006	-1	
-10.544630641474992	171.9566793695717	-8.3813366663184304e-005	2.6605433769610529e-006	-1	
-10.011274492121643	176.9730642848304	-9.630085993462749e-005	2.3913133566212263e-006	-1	
-22.841502714745491	198.16824349122336	-0.00013004168157890804	2.0973930713948198e-006	-1	
-28.442485830070581	203.66326026464299	-0.00013507254859920886	2.0965545619118778e-006	-1	
-17.477881086016126	198.26197613893459	-0.00013408592667950029	1.8867169219496626e-006	-1	
-11.725624873610375	191.18568192187956	-0.00012585510565074295	1.8826790801807756e-006	-1	
-6.5979210192269937	160.75468549042321	-5.5325994843102039e-005	2.9022983377873581e-006	-1	
-5.005042507487385	168.42055667073157	-7.7840027811509457e-005	2.4970055404554904e-006	-1	
-43.754370349671682	133.86419028968587	-1.8971017664032558e-005	4.3005042715275004e-006	-1	
-43.996733585128695	133.9083123748733	-1.9314579597658301e-005	4.3921316175162671e-006	-1	
48.99052387755237	2.3857888279664348	-5.2070278525695283e-007	-8.0378493915545419e-007	-1	
49.838725590847019	6.4556979204859832	2.6830145727637149e-006	7.0955525628570016e-006	-1	
51.114170145774132	0	3.3229276841069054e-007	8.5385806707806767e-007	-1	
10.520935996882837	100.3868683579896	1.3163955257994659e-007	2.5858174013120206e-007	-1	
9.9640175906132491	99.991498307593076	1.4724669426919024e-007	2.90325347065412e-007	-1	
9.7204400512734814	99.555467274815896	7.9429370443573123e-008	3.0810985144511249e-007	-1	
9.5	99.200000000000017	-7.7045568285331575e-007	-1.2637337704943875e-006	-1	
9.6271153505670259	99.273148873766957	-7.6200003965107897e-007	-1.2740353693514525e-006	-1	
9.5	99.053340291548267	-7.6042644988885178e-007	-1.2695205773015436e-006	-1	
9.6730513513124254	98.900397556034406	-7.3966378330921976e-007	-1.2820425779445643e-006	-1	
10.052860814940843	98.869692285579546	-7.0161291519657489e-007	-1.3175222033739378e-006	-1	
-5.4362499445320633	152.17579852583134	-2.9662316406404175e-005	2.9593237973238025e-006	-1	
6.4131263046652984	146.94111757072284	-1.4730910628853097e-005	3.0430897086015963e-006	-1	
-0.40981615337846033	152.9671383075196	-3.3530771386555976e-005	2.8896383753734736e-006	-1	
4.2754175364435314	150.9822351414457	-2.8569560744117081e-005	2.9304858340450446e-006	-1	
17.101670145774129	142.90000000000001	-9.3271903505394141e-008	4.5460855016523833e-006	-1	
12.826252609330597	147.74418950420815	-1.9512957481638567e-005	3.5273437993657957e-006	-1	
25.985279559806671	123.60354659554905	8.6884621545245658e-008	6.7615186281798497e-007	-1	
27.130247014235746	120.43283662240536	-6.5115378207950247e-008	7.4332965999234363e-007	-1	
24.627829679997202	131.78981688524857	6.7625237091479027e-008	1.9368624199733434e-007	-1	
27.532643170639613	126.598545437179	-2.7585303232755041e-007	-1.726625180400074e-006	-1	
29.258368803244753	117.51056623247774	-7.9750601761463856e-007	8.8249651621282193e-008	-1	
21.377087682217663	142.90000000000001	2.5088186183502081e-007	5.8011895677133622e-006	-1	
23.509749488526356	140.3549057367708	1.2925796857229153e-007	-1.50860888496449e-006	-1	
25.987713033164933	135.7578179413994	1.1896663506893428e-008	-4.2348239610258773e-008	-1	
-33.841526612599374	141.3889646392156	2.4541864201764738e-006	-2.3234659871162996e-006	-1	
-33.109952799653342	141.9034567397556	9.1007373159463384e-007	-2.091486350351085e-006	-1	
57.885929574085701	88.774438138087618	-0.00011751325198736335	-1.3192979980467003e-005	-1	
60.895282049063795	80.247387274499175	-0.00019026490900942133	-8.972094373400704e-006	-1	
62.20595809268989	85.504502106737476	-0.00018255069346357743	-1.1244863354365205e-005	-1	
45.91529230136549	99.089435214196797	9.9840969037056726e-005	-2.0769474661232181e-005	-1	
49.057727101737392	99.236158830812258	8.5521025122825854e-005	-1.9835927616525072e-005	-1	
52.501731229872249	97.355219844648772	2.3435596892283747e-005	-1.8290950221872547e-005	-1	
56.273132888695194	94.483862817280482	-5.3927538916490929e-005	-1.6352677135908134e-005	-1	
44.045260563015638	101.61913985937285	0.00015044880006077947	-2.3779230397232275e-005	-1	
42.866584327611811	103.13061353956236	0.0001774293137403513	-2.5839546947000445e-005	-1	
39.818953517591027	104.99092272768874	0.00017788185740927494	-2.9566270872073125e-005	-1	
39.147536129732103	105.70359793585695	0.00017658326386476417	-3.2208441287879706e-005	-1	
42.04537165844615	104.4204496524242	0.00019894704998221278	-2.7275020309312096e-005	-1	
40.970500876497702	104.9985904400463	0.00019679023176871947	-2.8007331938149566e-005	-1	
38.899072386457888	107.24113851603498	0.00019006982434157686	-3.8039807031501711e-005	-1	
38.321045022702101	110.45829697256998	0.00020003038392207067	-5.5950087199587664e-005	-1	
39.049083497577172	108.84496101376882	0.00020951621246681728	-4.6035912049300655e-005	-1	
35.285328767628833	112.09980612096162	0.00012352852414378003	-6.9319899593959565e-005	-1	
34.254977664024011	111.82916009803944	9.5597490116720754e-005	-6.6883411782955393e-005	-1	
37.249653320569713	111.86720178037676	0.00017509196800037988	-6.5474574168918753e-005	-1	
31.757129862649929	113.92629168131545	-8.129039070832337e-006	2.3495677158375147e-005	-1	
32.685649068253852	112.54224473545392	4.6513975872175088e-005	-7.4460906205565125e-005	-1	
33.329064003117153	112.3131316420104	6.9297040278479185e-005	-7.1208008220464931e-005	-1	
32.052144560862381	115.09274158717157	-2.6297778063062687e-007	-4.6864482172909266e-006	-1	
31.661330196612614	116.40682059645764	1.0384026552293823e-007	-1.8341667440785564e-006	-1	
10.395733141156583	99.715452069156498	-7.6318442860549251e-007	-1.3308573659392747e-006	-1	
10.011424245861798	99.494300471461727	-7.5937726862374765e-007	-1.3008904642053602e-006	-1	
9.8618482260515883	99.199407667661177	-7.430743215411819e-007	-1.2951811147120242e-006	-1	
60.700209769855753	56.18706736555994	-0.00021375588014822455	2.8190410300929239e-007	-1	
69.775264355229893	43.977216468230729	-0.00025925441120330431	5.4175649163739318e-006	-1	
67.046962528486972	49.085320847381176	-0.00024994952665293683	3.250537421046836e-006	-1	
65.825795017952899	61.438389273146335	-0.00025365773508730251	-1.3894956928641932e-006	-1	
64.519848881109951	76.359305869371298	-0.00023429545970686324	-7.1466475016918486e-006	-1	
65.873320332012611	67.337321202759057	-0.00025496648194485932	-3.574300534924308e-006	-1	
68.440978389734042	72.679056519963254	-0.00027621999145202315	-5.4610173862824856e-006	-1	
56.046553853800454	6.6039581048737883	-2.1577292174697302e-005	2.3214291281554329e-005	-1	
53.493300787796024	5.1742638939813101	1.7010910676281698e-006	1.621060697034478e-005	-1	
59.438028820817394	10.161809123453779	-7.1175639803703488e-005	2.567195587097386e-005	-1	
70.798599953404164	26.766005663172624	-0.00022422208597173708	1.3836684365131552e-005	-1	
68.739350410837034	21.335611758163282	-0.00019294979824447379	1.7600912283476858e-005	-1	
63.845982828595787	13.950271546945787	-0.00012730560739671404	2.4269883950378105e-005	-1	
70.131400607299312	15.697182642473804	-0.00018403228102177978	2.2859103856272556e-005	-1	
75.462102639246709	29.433171258522961	-0.00026351045623582701	1.2284129295335585e-005	-1	
75.768578382807789	34.796761682156166	-0.00027922837395389602	9.596378023346803e-006	-1	
74.923270876069139	41.324974008065894	-0.00028906487746436122	6.6838491503789101e-006	-1	
-48.415854372911021	229.58434115914159	-0.00015531627748006411	1.8871311905595171e-006	-1	
-46.663844632937455	222.94393522861137	-0.00014929971850645787	2.0009698446658995e-006	-1	
-40.994712353970137	218.68010563424869	-0.00014758794318102292	1.9888114853284217e-006	-1	
-37.235153225724751	208.40914224225457	-0.00013674454737560855	2.1882623101163744e-006	-1	
-35.562958023693433	214.1177215533418	-0.00014514981191054239	1.9824094736731369e-006	-1	
-61.000412164633033	235.3217662254921	-0.00015444399635300177	1.9740152694387612e-006	-1	
-53.450549140057433	235.67402352988773	-0.00015851030258693351	1.8533216927326742e-006	-1	
-65.48045544681284	243.70965143727256	-0.00015955204538269874	1.8858497712889355e-006	-1	
-61.056159109603506	240.45615134495961	-0.00015890573008959244	1.882135868981531e-006	-1	
-76.384313722709621	242.86132830685128	-0.00015428076554198543	2.0264951926279571e-006	-1	
-80.461122677563651	246.55472518659693	-0.0001555093750027081	2.009954838149911e-006	-1	
-70.658087015748379	245.54044150346976	-0.00015868349862115479	1.9203993239741667e-006	-1	
-123.02613701229392	259.11827395324241	-0.00015148985618403864	2.1302307478366519e-006	-1	
-128.90101874592804	257.05469083848703	-0.00014916451523633526	2.1784425867677196e-006	-1	
-106.82064392037734	255.75807300097253	-0.00015337807300871579	2.0852689185861251e-006	-1	
-112.22594785940473	260.80871346634461	-0.00015497582986946775	2.0555747853347578e-006	-1	
-117.72539213223214	260.59823722170273	-0.00015350418009046267	2.08782377721543e-006	-1	
-99.642595223583285	253.96868855648552	-0.00015427563246773112	2.0615135921618399e-006	-1	
-91.927452468419915	253.72381736010496	-0.00015651884982883086	2.0072058394462205e-006	-1	
-83.115404178392865	251.37305907706661	-0.00015801432876898612	1.9631142600529052e-006	-1	
-135.05513513190633	263.39378246864442	-0.00015145662914750838	2.1328150925797918e-006	-1	
-139.72784487877217	265.55119234249651	-0.00015177094669802221	2.126899219070284e-006	-1	
-200	268.69958572521966	-0.00014841599339622657	2.1918763818148769e-006	-1	
-186.9402978593042	273.8768718754261	-0.00015096805194091795	2.1427480904871278e-006	-1	
-191.89257682254146	272.25855320443577	-0.00015011163911836858	2.1592343991879744e-006	-1	
-167.84370839341693	271.45739253015381	-0.00015106052187366536	2.1412417921988549e-006	-1	
-173.5872826373552	277.3848505032326	-0.00015326001693739889	2.0984543726209869e-006	-1	
-182.75322083067815	276.9772602715712	-0.00015251522125144684	2.1128819911831812e-006	-1	
-150.83942742545003	269.35994517690767	-0.00015197742450661557	2.1233067043724974e-006	-1	
-160.83833451312296	273.65244347619307	-0.00015276624327343699	2.1079843538820652e-006	-1	
-154.18956644166428	273.91258028471105	-0.00015368957462247833	2.0897453512686242e-006	-1	
-143.56062348907147	271.71352284463455	-0.00015420254809898808	2.0789818061077521e-006	-1	
-34.350000000000001	142.29854840743735	-1.1718224415391369e-005	1.0100275560845704e-005	-1	
-33.840743427904805	142.07115246538191	1.2588169835214424e-006	-9.0231490340819988e-007	-1	
-34.350000000000001	142.75334029154826	-1.2773497515446918e-005	9.8439850176475621e-006	-1	
-34.350000000000001	142.90000000000001	-1.2994964099839994e-005	9.7652983615189566e-006	-1	
-3.5878394723610674	156.79418734033914	-4.4552610280060695e-005	2.8532361279295999e-006	-1	
-33.615926968532953	142.45678027907061	2.724642395005725e-006	-2.7634914185133912e-006	-1	
-34.203340291548258	142.90000000000001	-1.2685497322906418e-005	9.9614614497432592e-006	-1	
-34.041490578673383	142.59149057867339	6.6324255072810511e-006	-4.214308054776876e-006	-1	
-9.7968792286915871	182.92697228143868	-0.0001101521174340604	2.1142947336698714e-006	-1	
-5.6806258723617136	174.38577440307006	-9.302347954962914e-005	2.2631304442437781e-006	-1	
-4.4668123347672504	180.26513594774929	-0.00010859027058586411	1.9298038482707191e-006	-1	
-22.023937397540518	203.47001769780024	-0.0001391458691725672	1.8909274562841582e-006	-1	
-30.88864147865419	209.6492845602387	-0.00014216935798748093	1.9823881135047112e-006	-1	
-26.385488459128947	212.09109106203101	-0.00014862954631484753	1.7830569637497935e-006	-1	
-21.761755313684283	209.88611988100146	-0.00014896912530288392	1.6951628405705938e-006	-1	
-11.87684443517789	201.66290140383077	-0.00014471288383779776	1.5461431593790101e-006	-1	
-10.74849863011779	196.67902426706024	-0.00013699092280692574	1.646467853833873e-006	-1	
-15.77842243924642	204.96288392626775	-0.00014656021947095048	1.6117941642771528e-006	-1	
-6.6902821347127972	188.78216172872362	-0.00012545761222365639	1.7159734069664428e-006	-1	
-6.500141435764581	193.87107032530977	-0.00013595228421762239	1.5292604255180829e-006	-1	
-1.8003887187592733	161.27681556395603	-5.9245456600182237e-005	2.6357408224980593e-006	-1	
-0.65969435001340848	166.07919452351345	-7.4196213352652811e-005	2.3628284274990616e-006	-1	
-0.29909874488809279	171.72505997770119	-9.0531809991822033e-005	2.0676122848372251e-006	-1	
52.17599327988502	2.6195547172320213	-8.0328445519030738e-007	-3.8272263825934632e-006	-1	
53.237816413995901	0	4.1045253604017479e-007	3.2054113604848459e-006	-1	
9.6268023981351636	99.126670145774156	-7.5540216192541008e-007	-1.27657067754556e-006	-1	
9.1639295519326609	150.98223514144567	-3.0554515208055301e-005	3.0346602944147024e-006	-1	
1.6884992660146114	157.94265950620786	-5.069750022213927e-005	2.656250858329692e-006	-1	
6.719673544188125	155.98153121348852	-4.7063406813973479e-005	2.6669526554759643e-006	-1	
19.239378913995896	146.95858269159814	-1.8897393874539394e-005	4.577186753763594e-006	-1	
14.855698552063826	153.72967078023493	-4.4792259962293073e-005	2.8855114114230986e-006	-1	
29.341989677381157	123.29234024589059	-1.5473657707176817e-007	-4.26035032430937e-006	-1	
30.7436818781641	120.54079524804374	3.7309679854875321e-007	-3.3722398940607278e-006	-1	
28.523527745394627	130.23487261001051	-9.3654153721524051e-008	-2.2290729117213469e-007	-1	
28.519740093926114	133.35421723227887	-9.8769907082878267e-008	6.2204119255977217e-007	-1	
31.205816026786017	125.754431275925	1.6332571735882793e-006	1.2356494328186689e-005	-1	
31.432831827357177	129.10958376822174	7.3036598755606675e-007	5.2138613809236406e-006	-1	
31.851245311043243	118.02967055952246	3.3569252971669555e-006	-8.1997108436679017e-006	-1	
23.514796450439423	145.29644637608629	-1.3414014268875319e-005	6.5647669906272882e-006	-1	
25.652505218661194	142.90000000000001	-1.8650615053513581e-006	1.02678241471934e-005	-1	
26.721359602772079	141.19829868367316	7.8600816721065927e-007	-3.1869318627844301e-006	-1	
26.619709882220555	139.19133470822831	-2.8421496678248966e-007	9.7924505544105105e-007	-1	
29.396130749777658	136.51356001009219	6.8518821356167645e-008	-9.257173421554113e-008	-1	
60.969655514632656	93.84289723720056	-0.0001221474511119322	-1.5424584459962825e-005	-1	
65.887185222845602	81.495944172915671	-0.00023794253198502509	-9.1436086171800134e-006	-1	
66.941991270326966	92.815968184082365	-0.00021372928472662513	-1.391734894454642e-005	-1	
67.555437344562677	86.36368764226394	-0.00024451387092475844	-1.1013502440020756e-005	-1	
45.860412010752412	102.23481475376961	0.00016448447127059848	-2.3634433923438865e-005	-1	
48.50657762786367	101.56228933819975	0.0001365930772700244	-2.1344567323736147e-005	-1	
51.400083064948333	100.30491045705612	8.1316441113484775e-005	-1.9825877567940568e-005	-1	
49.926308508039732	101.4633128938658	0.00012099870861714548	-2.0518069883921406e-005	-1	
53.27177128345437	100.40830708612805	5.7895762446686862e-005	-1.9805734854492738e-005	-1	
56.094214504627153	99.220544130460866	-9.6485267305896643e-007	-1.9112482410811143e-005	-1	
44.339061897532737	103.51321248988292	0.00019476452533282517	-2.6076346410603398e-005	-1	
42.923982195602001	104.65860991743469	0.00021516177836619483	-2.7655710125097355e-005	-1	
40.1173103746168	105.56852323424636	0.00019305760487759452	-2.9822070945679419e-005	-1	
39.705953017661621	106.50788509871109	0.00019928557971649792	-3.3336432539894222e-005	-1	
42.55162072012503	105.4892865810119	0.00023314984363762695	-2.8080594722822976e-005	-1	
41.854431346740604	105.5876010092453	0.00022517746241257906	-2.7476561298058291e-005	-1	
41.170213289313331	105.65443278089343	0.00021484562633054401	-2.7515387976236621e-005	-1	
40.762072554096221	105.65171512821955	0.00020685487993348347	-2.8276395754300423e-005	-1	
39.903507274608174	107.86616009224221	0.00022225720580638009	-3.9185704714211748e-005	-1	
39.979708017082636	107.09641961314685	0.00021416351293506114	-3.4910863598053356e-005	-1	
39.616781998816855	111.95632519711857	0.00024568478887602877	-6.3039131775672707e-005	-1	
39.958021408824322	109.78509473836581	0.00024347383441574274	-5.0590371773918591e-005	-1	
40.308394220201976	108.5252302854685	0.00024125576079243557	-4.2324964275204203e-005	-1	
34.997570655186962	113.12550975025574	0.00011852472490584652	-7.8877313625740338e-005	-1	
34.451148548115214	112.76238896694804	0.0001036657579989385	-7.575702978363621e-005	-1	
35.873697306714952	113.20947095813712	0.00013940776956354128	-7.7507978941456979e-005	-1	
33.885982409386749	112.70850169240691	8.7461141351320251e-005	-7.5424165601260083e-005	-1	
36.880416561006413	113.75362848529157	0.00016497982318546008	-7.8265678937451558e-005	-1	
38.718565588018578	113.74806158823543	0.00021932641094945447	-7.2841939144634621e-005	-1	
32.864310548011694	113.57412430880382	-2.0005704994056947e-005	2.3335507445039685e-005	-1	
32.868257385413742	114.26580096904797	3.43944197534452e-006	-6.544252521043857e-006	-1	
33.454266858843411	112.98454793084349	7.4958326982958569e-005	-7.9119264818234696e-005	-1	
32.729745365837765	115.54773472407946	6.5229373331050004e-006	-9.7851075271497296e-006	-1	
33.193623559046614	114.87618530117608	5.4558391658493725e-006	-4.7458827273059655e-006	-1	
33.019802986243434	116.88766236645229	-1.2097310071374556e-005	2.3581303663146705e-005	-1	
70.190842804192414	55.38459693294898	-0.00028129379670024137	1.0470796999386017e-006	-1	
72.604693280391444	48.771111598518289	-0.00028845031800763096	3.634139566643841e-006	-1	
73.086752498434308	60.377021109289402	-0.00031094196644286222	-6.5860855404196682e-007	-1	
71.608445118702832	65.956017381446614	-0.00030399284290982419	-2.7724363464402901e-006	-1	
69.597730985686923	77.930857670899684	-0.00028448121117330497	-7.396495965262315e-006	-1	
73.805458361267966	73.055681707958414	-0.00032980797003750854	-5.2415715650611219e-006	-1	
58.66968034411358	5.3069098515161848	-2.4906838227186855e-005	3.2993754693617232e-005	-1	
57.147875984745028	3.892829867476638	2.3673759960382035e-006	2.8767115516172092e-005	-1	
55.000878220486378	2.5217776387867845	-6.4516250393411462e-007	-7.0928684451551579e-006	-1	
64.788798360947069	9.9712258033965497	-0.00011414133821941941	3.1163760466647851e-005	-1	
61.820483578648336	5.2535400046824536	-5.2780656609276133e-005	4.1656154665142065e-005	-1	
75.206190183718974	24.470012463162288	-0.00024867827677882437	1.5162441323500024e-005	-1	
73.536695125577438	19.676150227479102	-0.00022298127534136771	1.8654016523946919e-005	-1	
67.707132672093707	12.60370998379461	-0.00015250788399262126	2.6853089107625916e-005	-1	
71.553840770504323	9.9892118507766501	-0.00017737614970478793	2.9188959808594429e-005	-1	
74.545897389640061	11.809190263948649	-0.00020892865168628246	2.5291543272142007e-005	-1	
76.903204605866463	16.1098062675051	-0.00023940122167779294	2.0515563426032449e-005	-1	
80.748203086118551	28.474436843023792	-0.00029801082383316388	1.2299249145769716e-005	-1	
81.062986424444233	36.516163337206841	-0.00032008346016036004	8.6444540729616757e-006	-1	
80.666383953492883	42.068622706060509	-0.00033097769441941421	6.3721120819645313e-006	-1	
77.938082126749961	47.176727085210949	-0.00032364628651389065	4.398828884244731e-006	-1	
-44.826772224355707	233.23083966346573	-0.00016100439445135059	1.7484080058300103e-006	-1	
-42.733287005497814	227.53230529079525	-0.00015645375279299594	1.8211168104227298e-006	-1	
-47.036848252146321	237.84538470740034	-0.00016412583251016502	1.703256667595849e-006	-1	
-38.609887355310136	223.74531409314162	-0.00015481231822082666	1.8168404013389085e-006	-1	
-35.813101617357617	219.33449700077162	-0.00015145552262427173	1.8549057335779636e-006	-1	
-27.322548910054572	217.12723282143034	-0.00015461293356854624	1.6829887149606043e-006	-1	
-55.622554870557977	241.72145344134984	-0.00016275461656773069	1.779951251713786e-006	-1	
-50.046937162999519	241.52772269814267	-0.00016570983990127681	1.6923394946280957e-006	-1	
-62.632154887389433	248.40505821979022	-0.00016465068818556096	1.77409009994196e-006	-1	
-56.587532053377991	247.21634774955447	-0.00016682465552248443	1.7062285357303816e-006	-1	
-77.819979538401014	251.14990554592433	-0.0001599148291959492	1.9137392264231944e-006	-1	
-72.537069089718756	251.57672729735907	-0.00016243647458832896	1.8499247073941393e-006	-1	
-66.348012468084633	253.3186007531861	-0.00016658349899436337	1.749557751960235e-006	-1	
-121.72301631891102	264.68367115716319	-0.00015484353636463179	2.0621297162661754e-006	-1	
-126.99803742629832	262.98354171811218	-0.00015278434171437318	2.104930347709114e-006	-1	
-101.64400716188879	262.18870560696081	-0.00015876125894165961	1.971721013815835e-006	-1	
-107.15012082380051	263.14845355638573	-0.00015771029100154809	1.9972322508072245e-006	-1	
-115.14629625787909	265.16169637167462	-0.00015668497183068795	2.0225577422200513e-006	-1	
-96.105664252771845	259.07587990630822	-0.00015859470761268041	1.96975863734537e-006	-1	
-85.161519990183592	257.43939905552133	-0.00016137878516579311	1.8984380426057728e-006	-1	
-90.292847952349092	261.26778566010512	-0.00016196265203547285	1.8947479255171724e-006	-1	
-80.280331432412993	255.70753795415607	-0.00016212512797451732	1.8744787977948806e-006	-1	
-131.1101949199072	266.69924468533998	-0.00015391592077567629	2.0830653069230666e-006	-1	
-136.30943587154175	272.00470531068049	-0.00015561429000530888	2.050138604985087e-006	-1	
-200	274.94500260933057	-0.00015121043852517392	2.1379995225958664e-006	-1	
-187.2083041769225	279.07996661455161	-0.00015323042597283212	2.099047117959678e-006	-1	
-195.02325561361931	276.38739429839183	-0.00015187947114496893	2.125105923655912e-006	-1	
-191.9153827190469	280.53342909602998	-0.00015371825977936984	2.0896221445268788e-006	-1	
-166.87911267478586	276.65846686823278	-0.00015350782647395331	2.0935953734496176e-006	-1	
-169.65025629144156	282.40513590592656	-0.00015575497011395897	2.0499941795218193e-006	-1	
-176.79411877573691	283.95362432884036	-0.00015585270975232305	2.0482593086957738e-006	-1	
-182.4863714942305	283.30566546744842	-0.00015523282337514161	2.0603233194428995e-006	-1	
-147.51805518692163	277.83709911379952	-0.00015646527041512728	2.0348424212367334e-006	-1	
-161.19661054025258	280.29664593514769	-0.00015571096952643213	2.0505450117286885e-006	-1	
-153.73898135076627	281.63966793387669	-0.00015725388825236337	2.0200054367687082e-006	-1	
-140.23430475907966	278.1633377876895	-0.00015784854256895698	2.0067254745956561e-006	-1	
1.1002472094228768	184.68445521858743	-0.00012466448979807926	1.4191790315871361e-006	-1	
3.8160877075270685	175.60720711286814	-0.00010506809393641437	1.6277234122216233e-006	-1	
-22.238799556260631	214.83615182354458	-0.00015554590183591073	1.5845470476252222e-006	-1	
-14.130238945687072	212.53401433881976	-0.00015959679640086189	1.3558359852725633e-006	-1	
-8.0302329727554262	205.02679436101312	-0.00015420203922195878	1.2862370891381501e-006	-1	
-3.5116431627218945	201.6491506909565	-0.00015350415688776932	1.1578051708884449e-006	-1	
1.357733921789114	190.93225579592485	-0.00013870501508205538	1.1906371378439906e-006	-1	
-1.9813556211136092	196.21920127376939	-0.0001453916602793896	1.2202626349831894e-006	-1	
3.2614509820630082	163.0810873541775	-6.8128861817532522e-005	2.3248319856813919e-006	-1	
3.7182342932379919	167.74173709623562	-8.2799739903159674e-005	2.0350643007068701e-006	-1	
55.36146268221767	0	2.6770768883055126e-007	3.2463274554674473e-006	-1	
8.3339737277184618	161.30707189634811	-6.6702237501832355e-005	2.2148381655097845e-006	-1	
24.920565481321713	148.99830716776378	-3.3194706369288929e-005	4.7184243232903534e-006	-1	
21.132859805537201	154.46579817276694	-5.3782974231359046e-005	2.7444251242725477e-006	-1	
13.788578783189411	163.54585210272	-8.005848875196926e-005	1.745283645112794e-006	-1	
19.417324078359808	161.79026686533933	-8.0871748026135938e-005	1.5400512932808288e-006	-1	
32.349542610307182	122.59207868293015	-8.6475430703079644e-007	1.9848251564471826e-005	-1	
32.617892133577598	120.00083555372768	-4.5925076975512024e-006	2.3627420946294466e-005	-1	
31.199202122171801	131.83833506614607	2.5237201093530491e-007	-2.9355085756843713e-006	-1	
31.213231147637032	133.65736820194064	5.3801876746172695e-007	-1.8965912160415513e-006	-1	
31.036438798636954	135.4555822646071	1.7006475185021486e-007	-1.3541250099669322e-006	-1	
34.350000000000001	124.56166492711293	-2.0393392615740729e-006	-5.5663224981089238e-005	-1	
34.350000000000001	128.19999999999999	-7.2755318679247115e-006	-3.5135007822437754e-005	-1	
32.774554699699969	130.9287513046653	-1.6281090293531985e-006	1.1132135077067825e-005	-1	
34.350000000000001	130.01916753644352	1.2383528901918242e-006	-3.4939400229205157e-005	-1	
33.353865086803701	118.19457854956057	-1.3074221022034303e-005	3.2552427993138891e-005	-1	
26.721359602772079	145.47167982406887	-1.7385095831740533e-005	7.9072134554445827e-006	-1	
27.790213986882961	142.90000000000001	-4.0955001324966688e-006	1.268309728728493e-005	-1	
29.633744200487754	141.06928610567411	1.3042278190264172e-006	-2.8783078052061931e-006	-1	
30.166951223730827	139.02345621662957	-1.1185189955249683e-007	3.6443202599461301e-007	-1	
31.456853945787191	138.14057048334809	5.2377131758049494e-008	-1.2007293453132288e-006	-1	
60.014604094116251	101.03851312013965	-4.7238283940606132e-005	-1.9844837070606798e-005	-1	
67.572398694629285	98.843070650298415	-0.00019642027923680994	-1.6598298459160285e-005	-1	
70.537113057840045	82.62208072272675	-0.00028984164867796095	-9.1403411493882888e-006	-1	
72.994175679366265	93.123281603679871	-0.00030602746444286254	-1.2848885728666212e-005	-1	
74.965102304288649	84.748108566294931	-0.00034520955446961759	-9.4064689853465577e-006	-1	
45.803943928776917	103.92393476252529	0.00020867776201831062	-2.5967313477007607e-005	-1	
46.773964530506511	103.6566926816916	0.00019920598709555998	-2.4596504015101779e-005	-1	
47.558717813713379	102.9330384268598	0.00017573865083587647	-2.2949022600149413e-005	-1	
49.372099573136303	102.77414643216564	0.00015708813347124333	-2.0979152111066754e-005	-1	
48.505759004280058	103.2288398538454	0.00017688402428469872	-2.1973920460200377e-005	-1	
51.624515616162313	102.1659686721997	0.00011389660790312393	-2.0224005667080352e-005	-1	
50.349333528661553	102.82216606495766	0.00014620119971139571	-2.0304912904848281e-005	-1	
54.447014567077531	101.80195826642122	6.1419429205154425e-005	-2.0642261473295276e-005	-1	
52.915401822659831	102.79070635828852	0.00010535656121543068	-2.063644178643024e-005	-1	
56.568914185470653	102.42015949893909	3.1547755941301385e-005	-2.1257902202327911e-005	-1	
44.057106596843241	105.29524552144449	0.00024338480712176962	-2.9139538152333297e-005	-1	
45.227234792976162	104.74841330695934	0.000232735091612106	-2.7966008068470259e-005	-1	
43.164737399169063	105.53651294157035	0.00024245084309975165	-2.8879906565945241e-005	-1	
40.311200174284515	106.18904390666162	0.00020771677769257732	-3.0248674833298094e-005	-1	
40.385155703371865	106.58954009287321	0.00021634194330930482	-3.1052612204725642e-005	-1	
42.304819590602172	106.14870143649004	0.0002487274949988039	-2.7789010932236874e-005	-1	
42.909178573911596	106.09582687675041	0.00025647118307305355	-2.9160130853731962e-005	-1	
41.378792862551016	106.00526152402546	0.00022741335069496202	-2.6648403670766769e-005	-1	
41.70046060729274	106.20157599622968	0.00023927004574105979	-2.6404877707648501e-005	-1	
41.002553562141934	106.02655703603467	0.00021993240037789728	-2.6968569363884734e-005	-1	
40.746895039155234	106.09680749405543	0.00021566783670247513	-2.8042099476121026e-005	-1	
40.631539725880437	107.60486388445091	0.00023875285401339443	-3.5590809843088047e-005	-1	
40.624763363387338	107.02418198725931	0.00022969354198874769	-3.1984017907661503e-005	-1	
41.501114510083511	112.56650046685562	0.00031199250832422769	-6.4846111478884618e-005	-1	
41.366531441517949	111.02820895408517	0.0002987766617015603	-5.7397149797447869e-005	-1	
41.231948372952395	109.48991744131473	0.00028061883458154716	-4.7848415042069242e-005	-1	
41.097365304386834	107.95162592854432	0.00025735212720241345	-3.6737355116077356e-005	-1	
34.403741892866634	113.25958680307942	0.00010572313653816531	-8.0756568206563937e-005	-1	
35.1051131374604	113.63833663491464	0.00012184281956235077	-8.4060910179897127e-005	-1	
34.585179567100724	113.57332985422588	0.00011203022326563124	-8.4682758774423786e-005	-1	
34.129559948726524	113.14453272518411	9.7426981532015169e-005	-7.9400184156766624e-005	-1	
35.742829425900716	113.87807357905591	0.00013540146235487265	-8.3774958975776001e-005	-1	
36.345499772230056	114.12552806763757	0.00014956818330826935	-8.2993179728739442e-005	-1	
33.838575754138191	113.20569952853828	8.9399587679939708e-005	-7.9898308117143412e-005	-1	
37.209326342338812	114.79735646344858	0.00017076840351570364	-8.2669985491177681e-005	-1	
38.383449652284312	115.9191620859129	0.00020285475345203699	-8.0976299897895734e-005	-1	
41.770280647214634	115.6430834923965	0.00032533641227395311	-7.3166152191730556e-005	-1	
33.574931554309856	113.5248060803476	-2.3484279389074116e-005	1.8522221522869025e-005	-1	
33.477029612523275	113.93742838287172	4.9552784130370316e-006	-4.9757934462524412e-006	-1	
33.728779518386062	114.48695327898882	3.4769459762687416e-006	-8.2252940311297312e-007	-1	
33.542697356524599	115.62033407927551	-2.2836949302204498e-005	3.3764295750519151e-005	-1	
33.855162916658877	114.86008728134568	-3.2238766248619173e-005	3.1099812774476846e-005	-1	
34.350000000000001	117.28499478133881	5.5003924220520192e-005	-0.00011959082940235226	-1	
34.350000000000001	116.37541101311704	6.7894662606106225e-005	-0.00012086010332624889	-1	
77.128077352541283	54.184747270961694	-0.0003326005565156194	1.7567777379716786e-006	-1	
78.330900602423696	62.787312124319975	-0.00035975251527598683	-1.2847081155610251e-006	-1	
79.823537902049893	70.763296710259183	-0.00038843891542628633	-4.0170670757135195e-006	-1	
73.978782534454396	79.493248722587751	-0.00033287638276558167	-7.6042951807100602e-006	-1	
78.271322043704401	77.701941090470797	-0.00038247245222544602	-6.5660053536403134e-006	-1	
60.248029097495625	3.956233753352103	-2.3518645835096154e-005	4.2367850395375262e-005	-1	
58.975163583219533	3.2521128542243005	-3.1100015739898537e-006	3.9058142519916819e-005	-1	
57.46012162620481	1.857318847771501	-3.9875147854723406e-008	-7.4965383492142682e-006	-1	
68.29095330790949	8.7170917137740762	-0.00014224591647771378	3.3163634299827317e-005	-1	
65.027813821848611	4.4025344354311926	-8.4473234812622094e-005	4.715197130568307e-005	-1	
61.591048947926659	3.3974220324924853	-3.1142038203396604e-005	4.9624148660333851e-005	-1	
62.686635172374899	3.5959527239801901	-4.7671093800709982e-005	5.0753215361551787e-005	-1	
78.498636742422661	20.747347816576397	-0.00026291466096819266	1.6907830172161628e-005	-1	
71.276589135368084	6.4981008861494436	-0.00016490090371789462	3.4251697541893137e-005	-1	
74.874521384605657	5.5811847155924736	-0.0001987941857775088	3.0617881047796794e-005	-1	
79.40037746048796	11.944658475558491	-0.00025023536700161157	2.2168025978745612e-005	-1	
79.290016576450299	6.8939550158396834	-0.00024106703827012378	2.5224213580481684e-005	-1	
82.326383003728097	15.820586745733802	-0.00028068214847366189	1.852219984187034e-005	-1	
86.097081308100485	26.677879823382273	-0.00033107620916426954	1.2338636538438483e-005	-1	
86.921870338758083	32.259800497605681	-0.00034994499615038536	9.946302315394431e-006	-1	
83.709175136932004	21.904376847837693	-0.00030342434025516557	1.5044978364952913e-005	-1	
85.814390474332114	39.416380245895674	-0.00036035450081488285	7.2376076141970714e-006	-1	
86.759218411511824	47.572558012305478	-0.00038900775323175103	4.27068484161355e-006	-1	
82.703785712743581	51.985849424047437	-0.00037064610109047033	2.6891280485896636e-006	-1	
-39.749162565285957	233.27091499997721	-0.00016425908053075715	1.6449785336202609e-006	-1	
-42.283981117688526	237.67073554050728	-0.00016690425150624601	1.6168594800610691e-006	-1	
-36.891473008782313	229.07361392891676	-0.00016182336996242884	1.6637682126196789e-006	-1	
-44.920623673395589	242.10470881594114	-0.00016930999975932326	1.592293777547381e-006	-1	
-32.302693772311102	224.65244989870016	-0.0001601178526841861	1.6460052276640772e-006	-1	
-27.256412229329445	222.58152567222979	-0.00016145264360714433	1.5567361544134507e-006	-1	
-21.775864850009771	219.78752323955862	-0.00016246453374158313	1.456956178408595e-006	-1	
-47.91617884872386	246.30454835637497	-0.00017108896092156962	1.5796773468672356e-006	-1	
-56.914174041079164	252.23567680732273	-0.0001706357716003023	1.6357937704379357e-006	-1	
-61.431778440917938	254.44737517392767	-0.00016990250045714154	1.6684762983866693e-006	-1	
-51.552440441023109	250.06430845448904	-0.00017200534541372592	1.5836304287011381e-006	-1	
-75.262525866384365	257.39999359390049	-0.00016538386514751232	1.7987640746955735e-006	-1	
-69.860583922269626	257.42266367661711	-0.00016785291847894735	1.7361816001305879e-006	-1	
-64.861831012373216	258.14578402907676	-0.00017080200889676116	1.6643257914323904e-006	-1	
-122.24100225915402	270.37607488007694	-0.00015775546031901062	2.0040568945944377e-006	-1	
-96.09820631308817	265.28822475790201	-0.00016238686809326468	1.8937339445084318e-006	-1	
-104.30359611465985	267.95841206603711	-0.00016127937512025757	1.923792160647054e-006	-1	
-113.43997867118752	270.11804333651816	-0.00015983731565098684	1.9586835375771957e-006	-1	
-83.397222724946801	263.59361109357593	-0.00016605482676476392	1.8028710446547619e-006	-1	
-89.441845768408371	267.64597379775483	-0.00016617897151327665	1.8105176260913712e-006	-1	
-77.981022601433068	262.26838407934179	-0.00016745601983494927	1.7647801606151901e-006	-1	
-130.93433747185406	272.07188557716347	-0.00015670126714991439	2.0275616751965767e-006	-1	
-134.17392898352387	278.98846934610305	-0.00015940266279931554	1.9750186316754153e-006	-1	
-200	281.19041949344148	-0.00015389527497942506	2.0862086121653446e-006	-1	
-187.80379673029083	283.97021509552638	-0.00015527218614009569	2.0596101245758122e-006	-1	
-194.921881784303	285.19785062586317	-0.00015560736317811122	2.0531729018396167e-006	-1	
-165.04733459714012	286.82289029577777	-0.00015808001484530926	2.0046982139767504e-006	-1	
-171.0325494590723	288.45216927134004	-0.00015815383570753748	2.003561262107907e-006	-1	
-179.69505872519784	288.30868103035539	-0.00015744440373613588	2.0175414358293996e-006	-1	
-184.92469885754957	288.48988685224128	-0.000157233495033009	2.0217138919584086e-006	-1	
-150.3326758194367	285.65707534624448	-0.00015950786770931426	1.9757379387685288e-006	-1	
-144.16736627573582	284.50137397543944	-0.0001600152652295896	1.9650092706351601e-006	-1	
-159.19388453698781	287.60479411186083	-0.00015908923716976203	1.9847364733211037e-006	-1	
-153.68128664485812	289.72269771306418	-0.00016073085877767635	1.9523515304988066e-006	-1	
-137.63124319060265	288.09564311213734	-0.00016283291759773777	1.9088493248515989e-006	-1	
7.4699033906034238	181.53009079453804	-0.00012489257513182621	1.1198631329897476e-006	-1	
7.1099325785920016	188.48000742475642	-0.00014094199695725973	9.0541712329078081e-007	-1	
8.2059259213898184	169.07999374655759	-9.1359877406801203e-005	1.6913016664334754e-006	-1	
11.716076929015479	176.0163869183605	-0.00011615700879010975	1.0467405116438924e-006	-1	
-15.661668429046204	220.46535160766999	-0.00016890663486963952	1.2424979785263836e-006	-1	
-8.0511592546915676	211.24168642833206	-0.00016390730818279303	1.1437794858933722e-006	-1	
-9.3417057839734916	219.0394995085764	-0.0001734947899972137	1.0445386969761783e-006	-1	
-0.47183095226843763	210.12023367902594	-0.00017113447060439639	8.3033183593004375e-007	-1	
1.0835772322841457	204.92177657158095	-0.00016476445481383359	8.5520163771778789e-007	-1	
3.5079140918499729	196.01946108619921	-0.00015186697015297967	9.2058350797676803e-007	-1	
8.3729328968894521	193.46925126134127	-0.00015349423834599445	6.8497435320306507e-007	-1	
59.608755218661202	0	-6.4942896642756012e-007	5.3379340279501076e-006	-1	
27.35678681182825	152.11997106990503	-5.1315949629117196e-005	2.7675654692284465e-006	-1	
29.235529868337306	148.02480513981277	-3.3948878514283456e-005	4.767241643003125e-006	-1	
26.322615648608643	158.80566424697528	-7.9569924047380886e-005	1.0959657008879148e-006	-1	
16.560953331676266	168.7495808126466	-0.00010128930171871185	1.0751810334716068e-006	-1	
24.351073153374134	163.72470317255414	-9.6133261316946485e-005	6.7458142174554338e-007	-1	
21.508576037651935	167.86894098974921	-0.00010622448311064747	6.3165730642200913e-007	-1	
34.350000000000001	120.92332985422587	9.2974961113635172e-006	-9.049451898751627e-005	-1	
34.350000000000001	119.10416231778235	3.0999091778386641e-005	-0.00010727185010349558	-1	
32.774554691915696	132.7479188411088	-2.3345119282772558e-006	9.1048509873108764e-006	-1	
32.774398080030252	134.56708637755236	-1.4651283330240749e-006	7.8722756223762663e-006	-1	
32.752182860587432	136.38625391399586	-5.4122522184935881e-007	5.8337541272637407e-006	-1	
36.352233099718134	122.63073744320431	7.9388136383829407e-005	-7.0084843412380641e-005	-1	
38.09897590186403	124.59874853150122	0.00012883890749573179	-5.635343156647309e-005	-1	
37.082876418010507	130.0994761704651	6.5389239693553912e-005	-3.4051617918960238e-005	-1	
39.437406371853974	127.24816335865727	0.00015216015666837153	-4.3096987768287501e-005	-1	
34.350000000000001	131.83833507288705	8.5444502978756928e-006	-3.5958112231442283e-005	-1	
35.971136040922666	131.9711794727877	3.5870716968718865e-005	-3.2498743677490038e-005	-1	
29.410562068398864	144.74767919504788	-1.7647416793801084e-005	9.1164937664238395e-006	-1	
29.927922755104728	142.90000000000001	-9.1870570143818092e-006	1.3881465844197371e-005	-1	
31.417090556428171	140.56161479505232	-9.5509979704537955e-007	1.4682202323252231e-006	-1	
31.362241250826781	141.74036906019143	4.5179857712105749e-006	-4.6712711259661087e-006	-1	
32.069762835411325	139.57851309118058	2.4769587639452497e-007	-1.2001432033689304e-006	-1	
33.018625568806286	138.20542145043942	-1.1583954398815628e-007	4.8447870646341704e-006	-1	
57.964799445157638	104.13367491941597	2.4774526133962624e-005	-2.2713297224402836e-005	-1	
62.893458742620702	105.17139963885649	-7.0193847803973723e-005	-2.1911409882898202e-005	-1	
73.1067692870581	101.00357189589297	-0.00028905727100886575	-1.5757712296809797e-005	-1	
70.284128037581524	106.23135535193913	-0.0002170865956579554	-1.8891116474367588e-005	-1	
77.977411394246602	94.906550317241098	-0.00038515741917786409	-1.2420476023535878e-005	-1	
80.291477039278789	90.146530812521917	-0.00042187296309454981	-1.0519458049615456e-005	-1	
82.530205476898118	84.216653437545872	-0.00044658028773383217	-8.3497565253324467e-006	-1	
46.46838380639786	104.67949941665836	0.00023130429009893581	-2.6642377175585899e-005	-1	
47.805429015026924	103.93163670001745	0.00020248867833532052	-2.3373863146743165e-005	-1	
49.348610444758435	103.75227748157215	0.00018311948664216998	-2.0693221594783274e-005	-1	
48.565800692317858	104.62438473529491	0.00021741442833934089	-2.2148517250810823e-005	-1	
51.477639631718056	103.59254212622815	0.00014722785047205475	-1.9849513915426629e-005	-1	
50.671460126307721	104.14986648036094	0.00017492182571306883	-1.8894834138212938e-005	-1	
54.704336057339248	103.60674247476399	8.6067746250844771e-005	-2.2057359970622096e-005	-1	
52.188155742038603	104.26759967016655	0.0001489840691727806	-2.032330779496501e-005	-1	
53.181155065002329	104.85017333491825	0.00014004880198147541	-2.2007009821261545e-005	-1	
44.722255523839877	105.93720319753153	0.00026978254899767603	-3.1176404954145243e-005	-1	
43.513537557221028	106.0429523170108	0.00026257637453171997	-3.026926984593956e-005	-1	
45.93097349045874	105.83145407805226	0.00027061914124908024	-3.0387263346130966e-005	-1	
40.722106480065392	106.36078085363195	0.00022040348757636409	-2.8293061055004421e-005	-1	
40.791118425392028	106.62211130382063	0.00022710178011685369	-2.8789450864470278e-005	-1	
41.724856512625195	106.6542578731061	0.00024793697662668364	-3.2020756368052644e-005	-1	
42.320888763019241	106.75257421071332	0.00025991273778907343	-3.6292256342538319e-005	-1	
43.141530298663454	106.89581662345874	0.00027381685086415617	-4.2207943704517428e-005	-1	
41.096101623983316	106.2544505559693	0.00022761978206882979	-2.5499093953008643e-005	-1	
41.28422381759728	106.5476798738671	0.00023721909062476528	-2.8693806117308991e-005	-1	
40.95000000000001	106.26723279179056	0.00022414712452211176	-2.5890414501429129e-005	-1	
41.030073770104053	107.18248017215907	0.00024348001427388421	-3.1074513525488999e-005	-1	
40.996428002962666	106.79790729396646	0.00023583707344657418	-2.84339676444883e-005	-1	
43.357200561973265	113.95417998435913	0.00035256844273801627	-9.4309102803426736e-005	-1	
43.080182437999518	111.65331692143937	0.0003357600813017294	-8.4002256342999859e-005	-1	
43.010833608970955	109.83053046973846	0.0003163767813269414	-7.2164808027902992e-005	-1	
41.975162464745907	108.38245286531105	0.00028046870674170837	-5.0007819340415173e-005	-1	
41.497784369529555	107.52907729829154	0.00025863116475423114	-3.8233298047462712e-005	-1	
34.350000000000001	113.50000000000001	0.00010738490914888637	-8.3553207584899592e-005	-1	
34.222884649432977	113.42685112623307	0.00010286106821636764	-8.1801327216165918e-005	-1	
34.71464602158035	113.98775362153491	0.00011484146196043505	-9.0038459696754032e-005	-1	
35.214767855619229	114.30854639459731	0.00012234697502260355	-9.095837802175804e-005	-1	
34.350000000000001	113.64665970845174	0.00010971501256819973	-8.6390146884331051e-005	-1	
34.350000000000001	113.8740556505072	0.00011083793211584322	-9.0126311268651693e-005	-1	
35.834164558252311	114.52923782626408	0.00013480263221693359	-8.8749766745145443e-005	-1	
36.432407457112198	114.76128578538685	0.00014885364547039377	-8.6722154011249176e-005	-1	
33.988151773948395	113.50059233233885	-2.4645802024258227e-005	1.3530572872200316e-005	-1	
36.779817727618031	115.66347076470497	0.00015267336306511582	-8.8979501866197949e-005	-1	
39.335955282987896	118.46235113290963	0.00022253619985249185	-7.8031239915601151e-005	-1	
36.989941888012574	117.09439694658521	0.00014798592411444458	-9.0522034383178337e-005	-1	
42.039446784345749	118.71966651793738	0.00032489375548644254	-7.2718249445818714e-005	-1	
44.827482774199758	116.92567896975042	0.00038045892130995278	-0.0001132568529951187	-1	
33.87982351426222	113.80476705667672	1.2818040072247653e-005	-4.5924842923675613e-006	-1	
33.86164198093649	114.11607686679889	4.9038526823980952e-006	-1.2320492372593765e-006	-1	
34.089617876478442	114.32884753461806	-3.0019237128641218e-005	1.8118050002723514e-005	-1	
34.350000000000001	115.46582724489528	9.0359449767407596e-005	-0.00011294316661547244	-1	
34.350000000000001	114.5562434766735	0.00010676950558089721	-0.00010091528640316062	-1	
35.368965867305633	118.19457854956057	8.0011755161556107e-005	-0.00010202585059729057	-1	
35.304832027031495	116.83020289722793	9.3901304672672475e-005	-0.00010613263463053055	-1	
35.214202416361239	115.69308641855771	0.0001073898602883291	-0.00010337506055153821	-1	
83.082851663413152	57.967486696921554	-0.00038901635706090336	6.0000657052373687e-007	-1	
83.567255787732464	64.718568734712065	-0.00041105658323872574	-1.7049243120519162e-006	-1	
84.1246341163464	73.895726471105704	-0.00044152626086006144	-4.7977819614253623e-006	-1	
86.778022947204434	69.28366916838813	-0.00045494462245132007	-3.0770802838716531e-006	-1	
85.963602521913003	78.888695533156906	-0.00047723511373063749	-6.3255123047339723e-006	-1	
60.802451181694046	2.6113958409719631	-1.1881863648362014e-005	5.127238335779512e-005	-1	
59.519338148867078	1.8780496158799183	2.2555472484794254e-006	-1.2754039354496341e-005	-1	
68.39921886484828	4.9987291498936628	-0.00012858665044286984	4.1449546244632808e-005	-1	
66.854812603858349	3.4860252522858879	-0.00010411415480503057	4.8462074279304012e-005	-1	
65.944899339657709	2.575824884002845	-8.7780614304647667e-005	5.4653862199151301e-005	-1	
64.202762650958306	2.5324531009253191	-6.0090659936600832e-005	5.8455994371342247e-005	-1	
61.716094980931295	2.2910373343457962	-1.8235608093484821e-005	5.7412671321094396e-005	-1	
62.629738780168545	1.9706788277196288	-3.0205415762544885e-005	6.1945462292390421e-005	-1	
69.761299269289495	3.6290815591121661	-0.00014125795380816371	4.1350748353851912e-005	-1	
72.568205166351149	2.6714154403149957	-0.00017122283358507646	3.6590605315718346e-005	-1	
75.585696927839834	1.937000159256423	-0.00020169241031448788	3.1763165398673484e-005	-1	
78.666712879006155	2.3298060095991211	-0.00023103353115911336	2.7687879489541745e-005	-1	
85.319798855804152	10.346641401957731	-0.00029451787321017235	1.9559231897714583e-005	-1	
82.774734147227917	3.8811976239596246	-0.00026771466759409281	2.3327555741966483e-005	-1	
88.545927940779379	15.666287865357583	-0.00032638803753166988	1.6119875865376997e-005	-1	
89.046503328110816	21.867575767889093	-0.00034100058314612058	1.364714872556517e-005	-1	
94.194336750816319	28.333319008373707	-0.00038940454275385769	1.0308209108457052e-005	-1	
91.548317911320979	36.639723771680451	-0.00039225784880389959	7.8644968636768869e-006	-1	
93.661520160625287	43.813488429396301	-0.00042687790868750045	5.3663789798744998e-006	-1	
91.803737993376373	50.230689196598185	-0.00043372227645693942	3.3388203084759157e-006	-1	
89.332833058148793	55.369508906005422	-0.00043195026887780138	1.6468207193148548e-006	-1	
-34.609540817768519	237.17201503318836	-0.00017174145623669517	1.4635740025693539e-006	-1	
-38.010437485083294	244.13563401467803	-0.00017576930068919467	1.4263275894535229e-006	-1	
-31.396887281313816	230.18455388366044	-0.00016692916516620378	1.513629833783178e-006	-1	
-43.698952662128633	249.39860680024714	-0.00017640389028487186	1.458634366381978e-006	-1	
-22.978657247781648	225.96597494510451	-0.00016893891533978497	1.3689419158057219e-006	-1	
-17.755257453029561	225.29731739171461	-0.00017284303113113405	1.2236159336896139e-006	-1	
-57.241212423730339	257.25498005324823	-0.00017423753554029301	1.5714062211968876e-006	-1	
-51.419900696839825	255.84751352934759	-0.00017659664749701694	1.5014055201004412e-006	-1	
-61.291851457159297	261.71869316221938	-0.0001751742263317037	1.5708040258076802e-006	-1	
-72.528901070408423	262.11963869221864	-0.00016980239124379418	1.7065721173013335e-006	-1	
-67.161617798311056	263.08918737914297	-0.00017304925864786383	1.6299692687605587e-006	-1	
-122.61584403704512	280.57084518354725	-0.00016278118755376616	1.9050487060208669e-006	-1	
-117.70006190723618	276.72301560075812	-0.00016214277039407679	1.9153356087465749e-006	-1	
-128.44818053415557	276.83793422102599	-0.00015959447876569207	1.9697099493119147e-006	-1	
-96.851980060292789	272.30947403233472	-0.00016616459555769412	1.8203919154404327e-006	-1	
-102.03580703673133	272.63094205632365	-0.000164595897718328	1.8563968696861512e-006	-1	
-111.12601813866914	275.37403713171119	-0.00016328081202046673	1.8892394276635339e-006	-1	
-105.4955924541094	276.50460810772734	-0.0001655784688837212	1.8401223730036881e-006	-1	
-83.864922681463312	270.85586749048463	-0.00017029763208357182	1.7220913121872585e-006	-1	
-76.420424376897358	267.62151247298061	-0.00017154405824878867	1.683377161472585e-006	-1	
-89.414051045739498	274.08062344553821	-0.00016991527783154713	1.7383972229711381e-006	-1	
-132.44750296613327	284.85604549269976	-0.00016247560019947872	1.9144880028253476e-006	-1	
-200	287.43583637755233	-0.00015647553945864103	2.0364353933686373e-006	-1	
-191.1866826638809	289.30201343551818	-0.0001573245603570939	2.020031878478419e-006	-1	
-164.68122074975952	293.79668578358564	-0.00016094060418992925	1.9493032151506207e-006	-1	
-170.06794756462853	294.57972099359733	-0.00016068292043075835	1.9546204237616075e-006	-1	
-176.49963469356501	292.45250012894701	-0.00015930953496447899	1.9814242882744364e-006	-1	
-181.41546234334194	297.11364874803439	-0.00016076641648292945	1.9534851033765767e-006	-1	
-188.08260628138507	294.80080426529634	-0.00015956546705113992	1.9767838589213969e-006	-1	
-148.26200813816376	290.50009248883708	-0.00016190001225274274	1.9289804367526695e-006	-1	
-142.83080612560931	289.81091408715645	-0.00016256044006931239	1.915255921211963e-006	-1	
-158.54611146320195	293.47460170914889	-0.00016156031188485116	1.9368205572595853e-006	-1	
-151.55474459908763	297.50991897632423	-0.00016417604421682495	1.8854798189633986e-006	-1	
-131.68601149709744	294.48699635389653	-0.00016683532159769137	1.8298835084051102e-006	-1	
-129.10705571906448	289.975378226582	-0.00016550395439071148	1.8547002546651695e-006	-1	
-137.85784064936595	294.26722540100059	-0.00016539671230486058	1.8593210182172868e-006	-1	
13.732318089828146	181.96098798443478	-0.00013524672950817097	6.3220978954341324e-007	-1	
12.324807417778825	190.17222053111377	-0.00015265266888928532	4.9161629269562898e-007	-1	
16.890737039667222	177.21310607156175	-0.00012756539758465522	5.4978192278102746e-007	-1	
-9.0206031432195104	226.76546544340474	-0.00018349282165936695	9.1160344732756405e-007	-1	
-3.7648387161149612	215.74199503533623	-0.00017531351119741452	8.7932827946599177e-007	-1	
-3.7183302377622174	222.25704974281939	-0.0001840038787452213	7.8374822117755856e-007	-1	
4.6854642939787556	208.43335589401761	-0.00017535431630061991	6.1026088457702657e-007	-1	
2.6428925733862165	214.5634023993484	-0.00018180972179054905	6.1897837534052443e-007	-1	
6.0289109763122921	203.58568317871445	-0.00016917043635371714	6.1874731521031744e-007	-1	
8.1661928358134102	198.93020279025478	-0.00016391634964177171	5.8120496574053227e-007	-1	
13.055059878520821	195.60593345408748	-0.00016519759692536112	3.3172913155564042e-007	-1	
61.732401486882971	0	-3.6996606972105804e-006	8.8051227976860664e-006	-1	
60.799136606617488	1.1389341658947159	2.9017957851917612e-006	-1.1852338671646123e-005	-1	
31.109263039902601	154.02486828770475	-6.6603392403809152e-005	7.4896035830431938e-007	-1	
31.230083358891115	149.81831224942786	-4.5801092604249793e-005	2.3397805529481837e-006	-1	
31.91483985177064	147.22485511186426	-3.3731388068882218e-005	3.5179377586970168e-006	-1	
30.985375795687904	145.84382800442714	-2.5737749533077055e-005	6.0973688382777769e-006	-1	
35.842154906814905	159.14841291068348	-0.0001014752180304311	-1.7471817962194366e-006	-1	
30.878959152877925	164.62701824774877	-0.00011340585114080912	-6.8661101996833936e-007	-1	
19.83247235491428	172.79095305211101	-0.00011945191748471973	4.851974633901612e-007	-1	
26.483978425308159	168.57595444030267	-0.00011847588129496649	-1.2640643033529923e-007	-1	
24.824159777399686	174.2464883397364	-0.00013372535995685055	-1.7254265947145371e-007	-1	
36.077398064019519	120.0137460860041	8.8204419658208233e-005	-8.7840641104525505e-005	-1	
34.350000000000001	133.65750260933058	7.4160030357447943e-006	-3.2897958419903018e-005	-1	
34.350000000000001	135.47667014577411	3.4379222050249266e-006	-2.7243025517620921e-005	-1	
34.350000000000001	137.29583768221764	1.233735236846708e-006	-2.0784543888539186e-005	-1	
39.806803860356766	121.03474937292663	0.00022093268016383646	-6.9967587794727594e-005	-1	
40.719856730066056	123.48531370490579	0.00023378418944727236	-5.8917234264965647e-005	-1	
40.812313637138438	125.802323782031	0.00021273490686219746	-4.8506323623953061e-005	-1	
37.578678627929911	132.21924504621825	6.3796421013827422e-005	-2.959042287209836e-005	-1	
39.058187355451878	131.01456448226745	0.00010375409782727224	-2.9868990750122059e-005	-1	
40.809238451009413	128.96362419246438	0.00017134023022191848	-3.3902636639346935e-005	-1	
41.541115044972834	127.87993779971248	0.00020894989056924749	-3.7500053133350296e-005	-1	
36.607640537783915	133.46804009530362	3.9959948757190502e-005	-2.8699970568723522e-005	-1	
31.218300116964855	144.10451231489284	-1.8285449343732265e-005	8.9371441198221581e-006	-1	
32.065631523326488	142.90000000000001	-1.6248799536949005e-005	1.088067519747693e-005	-1	
32.377832541481716	141.24677528870615	-1.0793867917149649e-006	1.0510471031890313e-006	-1	
32.600058715381934	142.29472428606269	3.8307795976716135e-006	-1.4932998359621298e-006	-1	
33.526776840772733	139.73567724351707	1.5185139900358519e-007	2.3762959151433778e-006	-1	
33.179249031893832	140.53592144836873	2.3415583379874545e-007	-7.1051375077521093e-007	-1	
34.350000000000001	139.11500521866117	-7.8753928497981634e-007	-1.4607407790286742e-005	-1	
54.982653194157095	105.55321112613086	0.00011110783432437767	-2.4482140501189497e-005	-1	
59.250073710781571	108.64908573360076	4.145116940795106e-005	-2.7386568058047204e-005	-1	
63.600761879806257	109.55973567009352	-5.8633074212776982e-005	-2.4437583609367369e-005	-1	
76.640469602863888	107.17282664640118	-0.00034672236163863597	-1.6162004572609292e-005	-1	
78.979331776603317	100.10355340000366	-0.00040020002555495396	-1.367860202699129e-005	-1	
67.405099840976334	112.48483650249966	-0.00013589336360718448	-2.2569873725726233e-005	-1	
75.202530917935306	115.87616826717915	-0.00030271846736923549	-1.8107149930877929e-005	-1	
82.979171922595441	94.395640531751468	-0.00047055255479549742	-1.1310868380299604e-005	-1	
86.21064467512285	89.377052453884545	-0.00051318265872461017	-9.5380578456999038e-006	-1	
91.587037684022661	86.784169760917507	-0.00058531913535713072	-8.3724565202634397e-006	-1	
47.681048226061073	104.95271179389803	0.00023535269426488059	-2.480149846135882e-005	-1	
47.139691457077596	105.725704958573	0.00026532478572258909	-2.7781996688369377e-005	-1	
49.200188925458356	104.91474607173731	0.00021966827508504777	-2.0258430976458749e-005	-1	
49.903239158056536	104.88342157085619	0.00020855376087368781	-1.8298083667394712e-005	-1	
48.952768407005877	105.56708127935411	0.00024517767402826909	-2.1088619311319545e-005	-1	
48.348409423696452	105.61995583909373	0.0002535280954969852	-2.3647067082935665e-005	-1	
51.610128526979125	104.56361499851205	0.0001677920653900377	-1.9149877542924065e-005	-1	
50.588667621118866	104.83042479892376	0.00019524234627363733	-1.7263154958792041e-005	-1	
50.990135866046451	104.75687553859852	0.00018525400109076454	-1.7705913243988388e-005	-1	
52.178882928783779	105.41664513053438	0.00017479736046861717	-2.0610543501124044e-005	-1	
53.100833349835192	105.99864542963424	0.00016412479864770467	-2.3676061494337452e-005	-1	
44.192852118658905	106.84682393566298	0.00028380650469083773	-4.5946053452749622e-005	-1	
45.336908077852044	106.90380174192197	0.00029102199416311081	-4.9192265391696344e-005	-1	
46.750067648254621	106.5550224020926	0.00028415411630620149	-4.3253180602005214e-005	-1	
40.962782235821273	106.41333441577387	0.00022759331113900939	-2.615257674785686e-005	-1	
41.387801810156269	106.95742477333259	0.00024680708801372043	-3.2704985365363588e-005	-1	
41.874972398051163	107.16010229711223	0.00025944581772231138	-3.820626298211107e-005	-1	
42.414817783308067	107.30307555688988	0.00027075690867817641	-4.3405097708925635e-005	-1	
42.981714824045483	108.05044744813831	0.00029125018816906947	-5.5856490102579243e-005	-1	
46.829238065842667	112.88601116348246	0.00037495835425598256	-0.00010755392848702935	-1	
45.234115676761228	110.3714977254832	0.00034310780806825889	-8.8723046844864519e-005	-1	
44.684829723706642	108.48264232462644	0.00031494909689888868	-6.9546993376984405e-005	-1	
42.090510066701881	107.75771706175313	0.00027289514545433358	-4.5650767092335485e-005	-1	
34.22319760186484	113.57332985422588	-4.0595010904559435e-005	-1.2479142601930292e-005	-1	
34.620951624917062	114.32884753461806	0.00011203522034441862	-9.5286673520704563e-005	-1	
34.350000000000001	114.10145159256263	0.000110654946289122	-9.3750049717057635e-005	-1	
34.85012183403888	114.87703624973588	0.00010992589231722157	-9.9981130485577696e-005	-1	
34.199643904465248	113.76035767947947	-1.7160311546627274e-005	6.8714917222298708e-006	-1	
34.145855827814671	113.98775362153491	-2.5816337137532069e-005	1.0539851287590723e-005	-1	
35.944059898779898	115.17752788277751	0.00013238126270153055	-9.2779523280062795e-005	-1	
36.003785830228317	116.03647533773733	0.00012579166010656852	-9.6734069780188408e-005	-1	
44.993685342889073	120.09824857532739	0.00037113382395549926	-0.0001078203983826061	-1	
42.308612921476872	121.79624954347827	0.0003117376464398819	-6.4728436978801188e-005	-1	
48.979923026163362	116.56238752173486	0.00038060941139233265	-0.00010413092261205513	-1	
49.311634444195889	119.73443891996311	0.00037846209608306987	-0.00010432830702581479	-1	
88.973287612637733	63.331489922962518	-0.00045500052181529882	-9.9073785954868984e-007	-1	
91.566959116712752	77.649426902234481	-0.00054032604925923844	-5.5198115445884961e-006	-1	
93.517163112838702	70.979462234511573	-0.00052952242409390804	-3.216628977218785e-006	-1	
67.988250413985384	2.8763322234875788	-0.0001174661884210691	4.7526461928529849e-005	-1	
66.777784978356038	2.2013176576557654	-9.9178346856557194e-005	5.3617866106364171e-005	-1	
65.095404839819594	1.687571298607069	-7.050274963498947e-005	6.2256177621630493e-005	-1	
65.750787336572529	1.3621709516638463	-8.0809851522268365e-005	6.1904977717290371e-005	-1	
64.457026378643036	1.3299618144672938	-5.7101216592265622e-005	6.6857859738240046e-005	-1	
63.543382579405794	1.6503203210934614	-3.9886469145198198e-005	6.6810377442483551e-005	-1	
62.364933621913785	0.95637249432758864	1.1912469613500643e-005	-2.4378626164066157e-005	-1	
70.857791773401047	2.0454029319893365	-0.0001514517480663802	4.0888542036866677e-005	-1	
69.212643597567961	1.7826496596189116	-0.00013137366739599752	4.599545599551533e-005	-1	
73.531686293728953	1.1703517045009393	-0.00018026876041342437	3.5515629580654599e-005	-1	
71.991178318145785	0.94386062155715156	-0.00016350835085427533	3.8825796795057758e-005	-1	
74.558691610784393	0	-0.00019074182592237359	3.3774063792785533e-005	-1	
76.612702244895274	0	-0.00021120114195995242	3.0547973471803991e-005	-1	
80.720723513117036	0	-0.00024885308130919391	2.5699086936153198e-005	-1	
91.46343985383669	10.258871428827266	-0.0003396207807616185	1.6569462712666814e-005	-1	
88.936766049560561	4.6581618516688206	-0.00031677859558921188	1.8952027134389005e-005	-1	
84.828744781338798	0	-0.00028347600127454753	2.2070231201825602e-005	-1	
94.876261012356494	22.508243157946726	-0.00038147376028770455	1.1991219438609008e-005	-1	
98.598173994589374	17.975705997107223	-0.00039788192104113978	1.2261145098915349e-005	-1	
97.49809650866446	32.392082538095394	-0.00042033846567186573	8.5901860779761349e-006	-1	
101.29213102065195	23.9822620039618	-0.00042514142961377021	1.0258591095530706e-005	-1	
102.36838605144004	30.476705369674988	-0.00044584421906898163	8.4838551670258429e-006	-1	
97.844229363052548	37.614015319632195	-0.00043643433477311269	7.0356001971469956e-006	-1	
100.62411775640174	44.000320352168714	-0.00047378932088364042	5.0334111869952414e-006	-1	
97.505740601993423	50.228353378007867	-0.00047464515562469932	3.3263286288951481e-006	-1	
93.703169845937182	59.103507096590882	-0.0004798373112067509	5.6423345817616863e-007	-1	
-27.507423567243507	234.22147497732539	-0.0001742695152570451	1.3440242690933873e-006	-1	
-28.678673203509646	241.42508020955972	-0.0001803818445792447	1.2617015926855406e-006	-1	
-31.818784590139224	248.03320728562534	-0.00018384021910822026	1.2402828631842502e-006	-1	
-37.602003863152909	250.28281088711674	-0.00018136952652101409	1.3304196554641214e-006	-1	
-42.657977339895282	254.90683154257027	-0.00018150027553162493	1.3655867967944058e-006	-1	
-21.223178007439962	232.29892360154764	-0.00017757929451957914	1.2084996529951525e-006	-1	
-14.670907352987852	229.56554803214331	-0.00018080485879538893	1.0561319027983728e-006	-1	
-53.666954345569508	261.39903423427739	-0.00017927938255754927	1.4660548165291189e-006	-1	
-46.386395301071012	259.09288803289877	-0.00018220110105331838	1.3772265235913083e-006	-1	
-62.087702911999635	267.69355983522286	-0.00017872248562572467	1.5105324741638069e-006	-1	
-54.20347389632753	266.84519367339203	-0.00018268471936567471	1.4100297897546636e-006	-1	
-70.61912451963272	266.88841979373444	-0.00017379855089216537	1.6265504598768388e-006	-1	
-117.78650550629123	284.52662523321021	-0.00016592090993073	1.8417461330596943e-006	-1	
-126.37479887076455	285.55491631104866	-0.00016418150179578727	1.8793078936424079e-006	-1	
-111.24950430142917	281.11552085012119	-0.00016615511733392185	1.8332914776903712e-006	-1	
-95.999439409455391	277.96551963056811	-0.00016955839870903149	1.7539991050031328e-006	-1	
-100.75135969298177	277.26004891721232	-0.00016751978870193138	1.7982759672714124e-006	-1	
-103.9098430895976	281.82078049041843	-0.0001688024334784766	1.7765858934612383e-006	-1	
-77.927428337753923	273.29267636507592	-0.00017429308623539866	1.6353269985173605e-006	-1	
-82.390583773278678	277.10232259371566	-0.00017449973630449716	1.6404445597180692e-006	-1	
-72.14732452933967	271.79281826840992	-0.00017611028880042457	1.5883286800800831e-006	-1	
-86.452416109509613	281.12962882033594	-0.0001749550788998313	1.6390930336664575e-006	-1	
-92.083359695236837	282.13469185566407	-0.00017322744110401638	1.6796181945309094e-006	-1	
-200	299.9266701457741	-0.00016125441011473243	1.944355662242505e-006	-1	
-195.01891427997833	295.0908379291526	-0.00015948767036362001	1.9783636623126539e-006	-1	
-160.41642122680517	299.32654544582141	-0.00016357848712361491	1.8980538978976409e-006	-1	
-168.34355361095518	299.74270805640134	-0.00016281519793490614	1.913392649029e-006	-1	
-175.28938315935594	300.46611301876817	-0.00016244237727810825	1.9209629750307422e-006	-1	
-180.77905588285455	303.22415534945952	-0.00016303065873586454	1.9098727667114012e-006	-1	
-190.37245273561527	301.47588187592874	-0.00016195205657483649	1.9308620861956942e-006	-1	
-144.94995467695819	294.85936123951473	-0.00016425496263258531	1.8828869838101602e-006	-1	
-155.46755760267237	300.94520892406325	-0.00016488068379736607	1.8724336057298992e-006	-1	
-146.60949399660296	302.41049612014541	-0.00016689044688182616	1.832492568254166e-006	-1	
-152.89239679989814	305.47067790151891	-0.00016693820855435192	1.8325843803661583e-006	-1	
-125.66823011986287	295.92274125431464	-0.00016888878380033536	1.7883747087508213e-006	-1	
-131.38957046223589	300.01970712228029	-0.00016914489115730442	1.7855642889462952e-006	-1	
-123.94772672025405	290.59749984957591	-0.00016705652433371019	1.8227709828975082e-006	-1	
-140.06516081864748	300.03502498375406	-0.00016724367353128388	1.8243720844626143e-006	-1	
16.283630835612545	186.62456471466649	-0.00015108412761932643	2.8311525031440305e-007	-1	
19.99425879536799	181.52325649866995	-0.00014518102983136218	9.2789717327101219e-008	-1	
17.565222889456781	191.78360207187609	-0.0001652067814052454	7.2885270833188995e-008	-1	
24.841238379763624	179.4991137210954	-0.00014940303202713566	-3.4425304816518113e-007	-1	
-6.0482936764765194	232.32709978958326	-0.00019306903344695934	7.4151705912997515e-007	-1	
-2.8171386510339702	227.89835046002196	-0.00019190478713623478	6.7916021588169977e-007	-1	
1.781662777098304	224.50903703655277	-0.00019375290437741066	5.4055833298470068e-007	-1	
8.1996264581263461	212.03272306437427	-0.00018598679337614526	3.8733618755507923e-007	-1	
10.35969207084111	206.32170337336888	-0.00018038362747309288	3.3856293135771252e-007	-1	
10.379950511771714	217.7703686307982	-0.00019726355742729837	2.3139837422807145e-007	-1	
7.586899826890714	223.23601200523223	-0.00020012700246007297	3.1410578965107677e-007	-1	
15.789296919109429	200.84766364425619	-0.00017992149829006878	7.9236070228234932e-008	-1	
21.860896116569755	195.85526390297034	-0.00018186626170078239	-2.9608216644320682e-007	-1	
62.794224620993845	0	-5.1189317501172357e-006	9.0206607877061638e-006	-1	
37.908038957093069	155.35368865957705	-8.7727635629325414e-005	-2.5982048055085835e-006	-1	
34.917899003632506	152.23489528555433	-6.4581322337625298e-005	-9.0163962233174281e-007	-1	
33.313039186973242	148.12828077126571	-3.9981752378268271e-005	1.314770128606847e-006	-1	
32.794043896798513	145.81129947085378	-2.7929267767640847e-005	3.4737160630240018e-006	-1	
32.165565103527648	144.54512634316569	-2.1725085539654135e-005	6.316377088862582e-006	-1	
38.25877070357847	165.05923348043402	-0.00013520600606874898	-2.4125885172186947e-006	-1	
42.790901319018765	158.54351769130824	-0.00011987440817750087	-4.1895579885782407e-006	-1	
32.293570304607179	169.65233487702321	-0.00013608315836293838	-1.1456090617417826e-006	-1	
33.580979233907982	174.71173308074421	-0.00015637625069084884	-1.4231425319396488e-006	-1	
29.835869023146888	181.12516101798812	-0.00016569303034236015	-9.5526240821655731e-007	-1	
36.855791979377621	135.03035405516238	3.5162222372385384e-005	-2.4760536236477843e-005	-1	
36.057120433646411	136.38625391399586	1.9509250967262071e-005	-2.2276301023573701e-005	-1	
35.39967668644401	138.20542145043942	7.2178462404237568e-006	-1.7444523129803467e-005	-1	
42.577779058607987	124.87283256901914	0.00028812630354580333	-5.2191983865823903e-005	-1	
42.712362127173549	126.41112408178958	0.00027073477760573139	-4.4023197981891632e-005	-1	
39.336504492269768	132.96103313363426	8.7269531167374944e-005	-2.5512976805386908e-005	-1	
38.073882034278995	134.0617908183267	5.7480291288812575e-005	-2.5275271134389745e-005	-1	
40.940007199773774	130.56913017876406	0.0001513046330181809	-2.755800738944506e-005	-1	
40.859685484606651	131.71760227348003	0.00013116719743386726	-2.4901220086047275e-005	-1	
41.820648607309366	129.77918579680255	0.00018580796523171033	-2.7597790607816682e-005	-1	
42.104938072415237	129.05982048047053	0.0002063971025656626	-3.0090021770099674e-005	-1	
42.846945195739096	127.94941559456001	0.0002496299362508876	-3.488172244462394e-005	-1	
32.600058715381934	143.59503846410584	-1.9069367383342406e-005	7.2776825069394151e-006	-1	
33.134485907437373	142.90000000000001	-1.8081409382764178e-005	7.2058704982520933e-006	-1	
33.444648102051985	141.34417207074779	-1.3911714036210315e-006	1.4478511039639126e-007	-1	
33.401699503465096	142.19806426137816	3.5793268033041133e-006	-1.8070450847886214e-006	-1	
33.982925149791534	140.47938087099385	6.4948548022350006e-007	2.916345240315666e-006	-1	
34.350000000000001	140.02458898688295	-2.115510665153218e-006	-1.1770746110918219e-005	-1	
33.856986004142577	141.0500987830151	5.4879012606503986e-007	5.7489698802945523e-007	-1	
35.139594282582337	139.56979710277204	1.3708052169413936e-006	-1.3436652929660095e-005	-1	
54.60343417775502	109.31961224974074	0.00017440654070021165	-3.2451051429166615e-005	-1	
53.23160209859946	107.60415141593373	0.00018879396750039827	-2.8066978895695147e-005	-1	
60.675255774472788	112.90625399195913	3.2391112453354349e-005	-2.9692709710042321e-005	-1	
56.234490034309033	112.24729637903611	0.00015699358687158827	-3.6487763953983446e-005	-1	
63.809708541804191	115.66325806176141	-3.973445304796966e-005	-2.6908028260939796e-005	-1	
82.503475450785444	104.54326228703103	-0.00046785864827353493	-1.3610701436038791e-005	-1	
82.30406556550102	110.2081399852235	-0.00046140652602514963	-1.4447609490749309e-005	-1	
84.849222617544982	99.062711089411437	-0.00050989942014967576	-1.2032226921817765e-005	-1	
67.659622940833884	117.27695713893834	-0.00013282094731086708	-2.2991013635583287e-005	-1	
68.747570375648309	122.2750266172102	-0.00015880098920348614	-2.1276448214354345e-005	-1	
76.373442906327398	123.51255274448934	-0.00032387413461116817	-1.6921411182594022e-005	-1	
81.730577499520749	118.78316351443667	-0.00043963751736251963	-1.5156972000457107e-005	-1	
89.10904931947006	94.892237774587841	-0.00057988204394837011	-1.0586846140899408e-005	-1	
93.981063229251191	91.948527533879016	-0.00065241109935204708	-9.6185324245424596e-006	-1	
97.461673197794823	87.444384578195951	-0.0006778981184129714	-8.3658523113066947e-006	-1	
95.077889544749766	82.18889376493523	-0.00060893404676136843	-6.7539662989517266e-006	-1	
47.658616155661626	106.43622112172871	0.00027709264506098818	-3.9503578710467904e-005	-1	
49.557127390315308	105.51420671961448	0.00023509112025086584	-1.8202088708687849e-005	-1	
50.444177612192441	105.21214312793099	0.00020955662608071072	-1.5735542447016048e-005	-1	
50.16148637362474	105.46133215987484	0.00022322950621753737	-1.5445757583060021e-005	-1	
49.646163751520902	106.11169569200953	0.0002475599202663603	-2.6451245789111216e-005	-1	
48.862863388711993	106.39526483782421	0.00026480325007164935	-3.4506564872345071e-005	-1	
51.527464644488425	105.20774791841015	0.0001853037738086697	-1.8338699954582901e-005	-1	
50.818398919076095	105.16778184437933	0.0002004547578754612	-1.5583410070414548e-005	-1	
51.082372278652585	105.19257040346922	0.00019517646561066713	-1.639890301366986e-005	-1	
51.524178098963326	105.61500191049753	0.00019551069016726075	-1.8378123565333952e-005	-1	
52.011484828854087	106.0437755400428	0.00019283520219831466	-2.1229807809486054e-005	-1	
52.220191942299543	106.78858981159566	0.00020278749282719445	-2.4095418737260146e-005	-1	
46.18774424620144	107.67073610860528	0.00030587292770994229	-6.0778066601382314e-005	-1	
47.339828062996233	107.25627612773789	0.00029509476895611279	-5.2864003415246575e-005	-1	
49.822106558352473	113.38857399891516	0.00035422715963981811	-8.3051652263718543e-005	-1	
50.061377306752718	111.04254151255809	0.00032939296616827578	-6.8487350911877284e-005	-1	
47.150003071805195	109.92555459785316	0.00033998588828293799	-8.4609851153223222e-005	-1	
46.503450625900804	108.86874073566027	0.00032539170102500109	-7.5199539481584604e-005	-1	
44.218733991256521	123.17920160948299	0.00033639038978747692	-8.6323210921242474e-005	-1	
47.211602483767976	123.68176444491418	0.00035907065140099496	-0.00010244120703408774	-1	
51.732227628132094	114.77152606491991	0.0003313008225449231	-5.5028940045187107e-005	-1	
52.001393765263209	117.8481090904608	0.00033627770240066693	-5.7412986098946976e-005	-1	
50.683639987635694	122.61359562403904	0.00034247162425924657	-7.9665361355002429e-005	-1	
52.270559902394332	120.92469211600168	0.00032440582084372664	-5.3651622663958614e-005	-1	
95.176798593013075	64.659675240355369	-0.00051534547797353885	-1.1117658928143682e-006	-1	
97.248619281183295	76.841881458594813	-0.00060023898986422987	-4.8574835015321034e-006	-1	
100.58534125116772	70.599289019248914	-0.00059405031770069729	-2.6039670047304221e-006	-1	
68.273692885805417	1.4656460083249363	-0.00011886268385772021	5.0022940418258989e-005	-1	
67.421343032771134	1.5534078025574019	-0.00010723448503365043	5.3379814558830439e-005	-1	
66.568477918266453	1.3124168171044872	-9.4094400433400181e-005	5.8397831013589177e-005	-1	
65.370670177880285	1.0096033078411262	-7.3164190102685634e-005	6.6170984427712007e-005	-1	
66.146194832997111	1.0268413979793809	-8.6855445174548613e-005	6.1912786674569453e-005	-1	
65.827492077498903	0.8494240545280447	-8.1158309593581346e-005	6.4733127006569885e-005	-1	
64.795158264035734	0.6613758113856979	2.3164777102417782e-005	-2.1154440037446793e-005	-1	
64.059197470209511	0.70896639326999911	1.6131338948059065e-005	-2.1971532136413767e-005	-1	
63.325136188049285	0.5357180734732141	6.3016612619675769e-006	-9.7226885081928901e-006	-1	
70.945957435942404	0.69471977655726025	-0.00015147817641900078	4.1600194907922743e-005	-1	
70.162670625594856	0.88397072979589564	-0.00014228509622856496	4.3836727982473577e-005	-1	
69.424254020688934	0.81448604592561402	-0.00013321924371810994	4.6377224102289955e-005	-1	
68.680230586730431	0.94679312890085998	-0.00012382846888861205	4.9182236721237689e-005	-1	
72.504680976673512	0	-0.00016899782158729857	3.7797939328073851e-005	-1	
71.477675659618072	0	-0.00015750026875749481	4.0271986085488337e-005	-1	
97.152808586004113	7.7633614245197036	-0.00037643251300589997	1.4722226410901142e-005	-1	
100.4635755617727	12.503239031476458	-0.00040255040189439878	1.2847873197460167e-005	-1	
93.044787317782337	0	-0.00034546064240475045	1.7060856676257133e-005	-1	
103.50048136863428	17.423078542783767	-0.0004273418310800749	1.1189103092702983e-005	-1	
105.94029481889706	21.710889758404587	-0.00044863137094780102	9.8757781397947693e-006	-1	
108.69086261102341	26.092548735792171	-0.00047290758709797262	8.5790221232961509e-006	-1	
107.64215155139632	31.331143166630586	-0.0004789208943101333	7.6557259173191384e-006	-1	
103.85680877023222	38.794985532847114	-0.00047726457958016509	6.2382694404598001e-006	-1	
106.10802201100779	50.640814597620015	-0.00053299924461904142	3.1842925120795284e-006	-1	
109.41011486311703	43.876448139483401	-0.00052688270803000811	4.7595532448371865e-006	-1	
103.59481359319699	55.779680074090315	-0.00053895870951228082	1.8165224299202257e-006	-1	
99.42124453793592	59.691901473446528	-0.00052683807085207872	5.731163480260834e-007	-1	
-21.815892360481516	238.8438938645904	-0.00018379334887677493	1.1271448804213789e-006	-1	
-24.527618025595164	247.42778751228883	-0.00018932671484074413	1.0845996053301215e-006	-1	
-32.456828080497438	253.52927962834033	-0.00018788737821906525	1.1862932833897532e-006	-1	
-27.489359357832583	255.96611470304106	-0.00019387632621136535	1.0537413053697881e-006	-1	
-37.169507779236753	256.42834167476769	-0.00018660513518334513	1.2444239077622785e-006	-1	
-41.050444857948683	260.2771209903492	-0.00018666114023309182	1.2720925253473677e-006	-1	
-15.80060788880791	236.08931640195158	-0.00018667946591294685	9.9897284642134855e-007	-1	
-9.2225530995655731	236.79680453793779	-0.0001942049587087337	7.9414360648400261e-007	-1	
-49.00674325173469	264.2679954444547	-0.00018416458396283364	1.3598336442351748e-006	-1	
-66.317066757596251	273.0840458475783	-0.00017983839021029212	1.5047822399319675e-006	-1	
-58.48355413450173	273.52064912383855	-0.00018441595806076907	1.3987969941269679e-006	-1	
-53.221406850908885	274.71388712493837	-0.00018827740707717729	1.3134202341891705e-006	-1	
-48.00820004075716	269.98208955984154	-0.00018861647467502483	1.282975461888659e-006	-1	
-118.85075483101853	289.60843125962469	-0.00016796907685305256	1.8028256631170184e-006	-1	
-108.01301450631378	285.97794331797434	-0.00016950729750815846	1.7664992917421106e-006	-1	
-112.57942693969731	291.43332475297632	-0.00017062406351176971	1.7484101140912609e-006	-1	
-98.512602179673181	283.10377714270362	-0.00017131624747857146	1.7233617980178627e-006	-1	
-102.21478112535341	286.68399438531009	-0.00017176443413576169	1.7186702665626208e-006	-1	
-75.944156282904686	278.81533811331809	-0.00017836829730769524	1.5566097334891843e-006	-1	
-78.694537114228368	284.89203580546433	-0.00018033682675186466	1.527170010466954e-006	-1	
-70.237092513574723	277.45057294602947	-0.00018037929811318785	1.5065860906820646e-006	-1	
-87.505509704404147	286.75178776962025	-0.00017740498589653432	1.5958746353362764e-006	-1	
-94.059192517730295	288.32907397778047	-0.00017554997836454389	1.6389942774436568e-006	-1	
-200	306.17208702988501	-0.0001634653983137227	1.9018288138155843e-006	-1	
-194.73378431297121	304.75152214015282	-0.00016301936391140498	1.9103797294417887e-006	-1	
-162.34331809669982	304.93980271859033	-0.00016538399497033134	1.8635134263882183e-006	-1	
-172.15430890679096	306.70623900194499	-0.00016493441694269377	1.8728749852812512e-006	-1	
-177.82923419599601	308.34009154922217	-0.00016502075167918836	1.8715030556563813e-006	-1	
-183.72834436087047	308.61349682894041	-0.00016473542390590468	1.8771959921140533e-006	-1	
-190.85331559886393	308.58466638829725	-0.00016442261248594199	1.8833672701071098e-006	-1	
-157.71778569158153	308.65814088593118	-0.00016732377424230407	1.825818502000884e-006	-1	
-143.62001064310536	308.69811483815607	-0.00016974031427778678	1.7774521808290734e-006	-1	
-147.28616525589362	312.77088965861384	-0.00017044188734235911	1.7648022757168558e-006	-1	
-152.42875355999797	314.66349894674289	-0.00017017876700704256	1.7706152298130397e-006	-1	
-121.25060226979772	300.25397898752635	-0.00017183527073657827	1.7304239467321368e-006	-1	
-120.0889585130317	294.65067587458879	-0.00016983007503786177	1.7679252338862404e-006	-1	
-126.24714307724845	302.08227986617828	-0.00017122808226813102	1.7441041309590669e-006	-1	
-135.42702820755025	303.81413734150169	-0.00016967108630150572	1.7767952906866686e-006	-1	
-132.49371039244886	309.02850316355648	-0.00017228548783816851	1.7262940714584166e-006	-1	
-138.06636236678193	309.18329738069934	-0.00017106512547022509	1.7509908000563526e-006	-1	
20.93059411691037	188.20888375347727	-0.00016366771481924247	-1.4345191014329857e-007	-1	
25.087905862998781	185.59716140983051	-0.00016604718568889295	-4.8508139414570266e-007	-1	
25.062654873027927	191.22584801922295	-0.00017887315587334908	-5.2374193401233198e-007	-1	
-0.63239228246681556	233.17692066064751	-0.00020038594416642113	5.5157502868513857e-007	-1	
-0.34062833029134998	239.62626288568529	-0.00020714721556655977	4.9220708047418999e-007	-1	
5.0270597174326621	229.4878690917962	-0.00020372149466046246	3.7567058566518681e-007	-1	
14.229982498597089	212.99002938287549	-0.00019693676428420934	7.0397331859935047e-008	-1	
17.999615811393728	207.83942015566871	-0.00019563992457729954	-1.0549411626291043e-007	-1	
17.220103108102077	222.8097485281672	-0.00021448345414289751	-1.0065598533568439e-007	-1	
14.75417065788845	228.40121095725181	-0.00021675195928475477	-2.6872420963450894e-009	-1	
23.622252498844791	201.50582690461394	-0.00019592894574290237	-4.4041904194422276e-007	-1	
27.771778110830731	196.15975132610339	-0.00019515495647634055	-7.4556778334355257e-007	-1	
63.856047755104733	0	-4.4557465089216296e-006	6.2944918016141123e-006	-1	
41.864492727866839	154.62946735102508	-9.4989405521814162e-005	-4.462245022961032e-006	-1	
39.534492141762087	151.35088225791219	-6.8369600247426113e-005	-3.9835664983361955e-006	-1	
36.216508493091069	148.02140846416972	-4.2645512730953956e-005	-1.9595964572727832e-006	-1	
34.202876639675324	145.92692942142381	-2.9520969147770989e-005	8.156534652447463e-007	-1	
33.206761148635046	144.459321492887	-2.2409247422130258e-005	3.9228134913229828e-006	-1	
44.550332974210448	163.96649567486799	-0.00015263155679865563	-4.0415910068906799e-006	-1	
42.915811680598281	169.42842116870187	-0.00016848965889121518	-3.1936063268303994e-006	-1	
37.424717411757946	170.61475957529169	-0.00015409690724088357	-2.1305336879289305e-006	-1	
46.140945722335132	154.58535743862419	-0.00011072594120490437	-6.0485352802417888e-006	-1	
48.999486950427219	160.40148251144504	-0.00015587537016117852	-5.5883831736423953e-006	-1	
36.870316833324104	178.74305010477249	-0.00017818018119289573	-1.839430877654453e-006	-1	
31.476868356480061	186.90983042053023	-0.00018454201314954736	-1.1227298693754528e-006	-1	
36.707178393372629	183.94349668565022	-0.00019149402294913042	-1.7202893136819208e-006	-1	
38.143494183710068	135.90424258269701	4.3199514371412858e-005	-2.149605086383356e-005	-1	
37.354186439440305	137.88339438283651	2.2038940614222407e-005	-1.771114069132803e-005	-1	
36.500488072926316	139.94491914117498	5.3318689819210574e-006	-1.2800838362840468e-005	-1	
43.979463242856141	125.52523409584008	0.00030806019546156835	-7.0271009748255417e-005	-1	
43.599207698479823	127.02381743537804	0.00027842994183256459	-5.2516649394072733e-005	-1	
39.593825982531236	134.76581734197725	7.0096027960368288e-005	-2.2074832863312224e-005	-1	
41.125438726949092	133.77706925010986	0.00010263390834393442	-2.1434734727711426e-005	-1	
42.029355720754843	130.52400006835546	0.00017720876050333361	-2.3868719136421713e-005	-1	
41.86195762082518	131.15113047786386	0.00016127374190500447	-2.2907360721641691e-005	-1	
41.852684807570427	132.30017593823166	0.00013868057328137175	-2.1603501900409925e-005	-1	
42.582994220081027	129.91009081962227	0.00020364356944406456	-2.3814658602310108e-005	-1	
42.981528264304657	129.48770710733044	0.00022370167259400155	-2.4530398935564468e-005	-1	
43.771177400938988	128.91099752253848	0.00024883939334534213	-3.8291475146905894e-005	-1	
43.968543732224447	128.03647685840969	0.00026768186201239574	-4.8124217707308204e-005	-1	
33.462016819174472	143.43466665392324	-1.9107868217770029e-005	4.4778266476429907e-006	-1	
33.668913099492812	142.90000000000001	-1.8087821113761255e-005	4.6077910338042393e-006	-1	
33.920146695975774	141.55260487359067	1.6525966768467281e-006	2.7547297622988513e-006	-1	
33.894621391434512	142.07115246538191	9.5724317197134745e-007	1.470301801618287e-006	-1	
34.041490578673383	142.59149057867339	6.9580787041497607e-006	7.8496757668975239e-007	-1	
34.350000000000001	140.93417275510473	-4.9739281910589334e-006	-8.8403064916530546e-006	-1	
35.193928043057262	140.47938087099382	-1.7134774632781475e-006	-1.0786569060185739e-005	-1	
52.499725504636118	108.68783780868569	0.000229608183391744	-3.1940675703560883e-005	-1	
53.228526912470606	110.76545182636717	0.00023665197956192961	-3.883930749308648e-005	-1	
51.935902477193729	107.50795512792763	0.00022550883448785379	-2.6478673440934318e-005	-1	
59.988029641257377	117.34273297156302	6.7452642860696443e-005	-3.2823060562378606e-005	-1	
53.320983819542903	113.08246190349237	0.00025856667489032419	-4.5076748019545156e-005	-1	
54.788150903355145	116.05423342730533	0.00022605030952020294	-4.4641027220010678e-005	-1	
64.48954927696208	119.4406687615937	-5.4188561875694358e-005	-2.580296956008992e-005	-1	
88.065813651448266	105.63459055078803	-0.00058513966384651913	-1.2244333565507015e-005	-1	
90.891053435283808	111.79725961134803	-0.00065000438220906695	-1.1748715848255015e-005	-1	
88.466140254317381	116.39607157755542	-0.00058940927095761848	-1.2733646345938041e-005	-1	
93.771576335899567	101.97334186012613	-0.00069971246566700985	-1.0900629661638101e-005	-1	
64.761138932332699	125.48013074629816	-7.3537385180343957e-005	-2.2498677816194906e-005	-1	
70.39717718827697	128.40843375173611	-0.00020623948791785454	-1.8160905229558754e-005	-1	
76.839985733743561	130.17751973247829	-0.00033378974743801895	-1.5415554258571226e-005	-1	
83.646557098368433	126.35225237919578	-0.00046732157581924643	-1.4051682641244691e-005	-1	
87.919524381333929	122.2760871666836	-0.00056351591997273319	-1.3051746415312783e-005	-1	
97.303856887672282	97.066248393075725	-0.00074897905470547082	-1.0604752572347414e-005	-1	
101.92000678512748	91.326457175235902	-0.00078446256928762874	-9.8422806414444468e-006	-1	
102.67047477170571	84.648742936595511	-0.00072517178121009069	-7.21310773418034e-006	-1	
48.067584577519185	107.21523388852351	0.00028934227482096042	-4.9628477248757359e-005	-1	
50.216068479893977	105.91137308637444	0.0002331049194757333	-2.0807544514792579e-005	-1	
50.765845356934172	105.40845760013522	0.00020916301319173848	-1.3414848755738137e-005	-1	
50.631499898840936	105.72989918191126	0.00022041795263490706	-1.6636460427957213e-005	-1	
50.156072154487944	106.43559994689672	0.00024635356502497846	-2.6930273843950193e-005	-1	
49.649255279674698	106.67014428897095	0.00025982179033002487	-3.3465041946844021e-005	-1	
48.77052259028288	107.12327237935942	0.00028062986251211085	-4.4798306738305736e-005	-1	
51.152622736673358	105.44822892645587	0.00020057154053736636	-1.6039706321806104e-005	-1	
50.911946980917477	105.39567536431396	0.00020510281552140651	-1.368812842467829e-005	-1	
51.130038794309392	105.71757297844309	0.00020842467928568455	-1.6058794911354457e-005	-1	
51.3636853905968	106.08464805138962	0.00021135940839796369	-1.8643312771071938e-005	-1	
51.457846329527939	106.65768478877588	0.00022207860188634877	-2.1423230633256164e-005	-1	
47.371221523814953	107.98451266928751	0.00030824869026342027	-6.2685546122529144e-005	-1	
51.463061491000971	111.69494303937903	0.00031114345712681307	-4.7002451666381035e-005	-1	
50.441632851129128	109.54395817302007	0.00030064486194397792	-5.0844591565626064e-005	-1	
51.32847842243541	110.15665152660858	0.00029365137894818812	-4.0203976814053229e-005	-1	
49.382343428629163	109.34447350629905	0.00031288624398896305	-6.254425925086561e-005	-1	
48.435212338364806	108.4542223739456	0.00030846440831554169	-6.2320025872667723e-005	-1	
48.806724872862546	126.19627788290659	0.00032065705693154278	-7.8332792881290065e-005	-1	
50.960658111609526	124.91445868695878	0.00031657341159747399	-6.7932860742232399e-005	-1	
46.890837477803835	126.64222101054456	0.00031782243885815923	-7.8873794452690837e-005	-1	
54.977321981477282	119.23793182990508	0.00022533215563823425	-4.4220144295349561e-005	-1	
52.539726039525448	124.00127514154254	0.00029617766186218833	-4.3767149450156734e-005	-1	
54.128482230936235	122.31221098011503	0.00024797327876729648	-4.3077980755952621e-005	-1	
101.70377467657708	64.964110427452852	-0.00057134167303977165	-8.2855167799571628e-007	-1	
106.14668620442117	80.183738446315729	-0.00072228968532872181	-5.2544469892032889e-006	-1	
106.46917273996054	74.534285954475848	-0.00067533008981070577	-3.2987482305408832e-006	-1	
106.5782755734282	68.004730774537862	-0.0006274213049752578	-1.3401073017855911e-006	-1	
68.176559543869331	0.87020997370200193	-0.00011713943783108637	5.1576430309946579e-005	-1	
67.855356052802094	1.0309354706151748	-0.00011282964424599351	5.2814461099788972e-005	-1	
67.059626050494487	1.0696093574891643	-0.00010137828042049699	5.6819971153133713e-005	-1	
67.39869488788645	0.94976289679653414	-0.00010632918806737655	5.5358405505540754e-005	-1	
66.477206310400547	0.87361032428128271	-9.2197208939265085e-005	6.0891362654582237e-005	-1	
66.742777191022071	0.89949865564499132	-9.6441402906252734e-005	5.9229995557909987e-005	-1	
65.447438076553169	0.49703653291930761	1.6954330569088918e-005	-1.2863632278875348e-005	-1	
66.284313977117534	0.68924480121495879	-8.9003669679248661e-005	6.2892567232483295e-005	-1	
65.965518200631948	0.51156216732631765	2.338589755214847e-005	-1.2569269804415156e-005	-1	
64.917870889215621	0	-1.129134039195882e-005	1.1172355082196869e-005	-1	
70.450670342562631	0	-0.00014553158871377834	4.3171517752517296e-005	-1	
70.193919013298768	0.4052506738298044	-0.00014250555771078461	4.3925280627726356e-005	-1	
69.594603530501288	0.40711962183315092	-0.00013518735167372995	4.598485665269351e-005	-1	
68.918607194245425	0.53525951268074334	-0.00012673054052594939	4.8590319121444833e-005	-1	
69.166913696243313	0.29735731207439492	-0.00012982513563695037	4.7684175866200617e-005	-1	
68.332363625160781	0.62133094975196257	-0.00011915145871909556	5.1192694216922203e-005	-1	
68.578987411303231	0.48129675680171013	-0.00012235959020496354	5.0156918843996243e-005	-1	
101.26082985422588	0	-0.00040062736830871228	1.3647874730791506e-005	-1	
103.25103247955889	7.0300113852407629	-0.00041511726346944901	1.2683464112897316e-005	-1	
105.72957124674092	12.649885273114814	-0.00043452521550707551	1.1409439762306748e-005	-1	
108.42757683263102	17.174593167862966	-0.00045573651972944653	1.015106343538491e-005	-1	
111.04568186057176	21.560162857936984	-0.00047685402383385955	9.0239829434260313e-006	-1	
114.42005056480291	30.812919420116035	-0.00051398829884378246	7.0599206457300071e-006	-1	
115.95221181749353	23.549450833902572	-0.00050594276870969865	8.0175748486996606e-006	-1	
109.47508068262233	36.349413515794573	-0.00050273531937876424	6.3999449244465958e-006	-1	
112.05081274563715	49.353689093784574	-0.00056284489147865582	3.5005521513111293e-006	-1	
112.63334341459627	55.090889888801904	-0.00059248637293327837	2.2481060657511793e-006	-1	
108.35296444553506	58.955235994399054	-0.0005860956412705317	1.1780906316547152e-006	-1	
116.63516956571294	40.175009899176963	-0.00055227788116846014	5.2353168828054383e-006	-1	
117.02132825540873	46.102064072760939	-0.00057568624257709443	4.1148979035503409e-006	-1	
-15.952716542175876	243.24655819094164	-0.00019344651148685025	9.1848939712128797e-007	-1	
-22.983601078292271	252.74621221817227	-0.00019514959075288569	9.8923266979814434e-007	-1	
-15.095902138800779	248.86108773165313	-0.00019926154733591677	8.3720260642726696e-007	-1	
-31.883800073881279	258.6426567194946	-0.00019228895675256507	1.1172128098684411e-006	-1	
-21.434751407212758	258.45151393119653	-0.00020096029929859708	8.9929137729474964e-007	-1	
-25.408150466917736	264.76063074929397	-0.00020199003394899965	9.2850084471629752e-007	-1	
-32.747177454687375	263.7150886678819	-0.0001952827220304347	1.0825479023576846e-006	-1	
-39.910650190838119	265.62274003268618	-0.00019124264282663377	1.194194677857396e-006	-1	
-10.148112580978271	246.07245878952844	-0.00020194538834895524	7.3099271463392455e-007	-1	
-3.76606151255341	245.09851551630294	-0.00020810313999125739	5.5733791119680253e-007	-1	
-63.896647267614611	279.19981853223521	-0.00018471912686291508	1.412791510577337e-006	-1	
-58.531172863959156	281.36617491205868	-0.00018896606948246548	1.3234898421354458e-006	-1	
-52.885284284800974	280.09914780405552	-0.00019163558774437767	1.258237210449601e-006	-1	
-48.297381523079913	276.9202383055964	-0.00019272672193267217	1.2200293118754927e-006	-1	
-40.309274883918555	270.66804187999935	-0.00019430273353499811	1.1513454178777121e-006	-1	
-43.097394474840648	274.89182709271449	-0.00019499645420933693	1.1577786177186973e-006	-1	
-104.41020342569412	291.34277162545163	-0.00017320219361441377	1.6935884479703659e-006	-1	
-116.1359272364799	298.78830390519914	-0.00017271266601368373	1.7111785617964408e-006	-1	
-106.74824922759427	296.87728789194267	-0.00017486139897261645	1.6645334920281036e-006	-1	
-98.682421873014079	293.23461579582477	-0.00017611555169860262	1.6338208722744834e-006	-1	
-70.980713000273923	283.27124210007048	-0.00018322086250028302	1.4588923130189923e-006	-1	
-78.144646476684315	290.44086717666528	-0.00018341001407908063	1.4717460452259283e-006	-1	
-83.285543138646517	289.76473559366178	-0.00018073013718914591	1.528749391532289e-006	-1	
-72.595380151858961	290.98635095776405	-0.00018638137078783626	1.4083722882349934e-006	-1	
-87.836944319070241	291.67773739193126	-0.00017966513576385417	1.5552613849486998e-006	-1	
-92.905437410406762	294.97041716665905	-0.00017911844719093486	1.5721228163484424e-006	-1	
-200	312.41750391399586	-0.00016553621264334353	1.8620668868302821e-006	-1	
-195.770129847048	309.6814233733927	-0.00016467478632124449	1.8785836783385616e-006	-1	
-163.07800700704948	310.82893007011808	-0.00016734230834436568	1.8260136516128294e-006	-1	
-168.77290324455069	311.3142147050221	-0.00016684046337985784	1.8360835489698999e-006	-1	
-172.70645692663069	315.46083981020996	-0.00016778021739432509	1.8183493356332327e-006	-1	
-180.44741230015222	315.62672671049199	-0.00016721306570601356	1.8295703939962773e-006	-1	
-186.37300814817814	314.1247829469873	-0.00016640373566637593	1.8452618181668857e-006	-1	
-193.43494348414288	315.25411267632285	-0.00016650675546025498	1.843417925636193e-006	-1	
-158.35119662490155	314.40645270963478	-0.00016915907185281761	1.7908190570421929e-006	-1	
-139.9341853825442	317.79529986077114	-0.00017357175145321475	1.7040532569388125e-006	-1	
-146.67967288440235	318.21702144056201	-0.00017233167896780962	1.7288565864126723e-006	-1	
-150.79775000829693	323.63418634128681	-0.00017323615525976889	1.7123947170197491e-006	-1	
-156.49533331851291	320.03647722228442	-0.00017120259540074687	1.7516956547989473e-006	-1	
-121.68838187558507	305.55647398140957	-0.00017378934818317452	1.6938480090592739e-006	-1	
-115.95990141330972	305.36453639408211	-0.00017539349744316089	1.6608522430481106e-006	-1	
-126.0887947640003	310.41160271046107	-0.00017438814390227124	1.684475300079819e-006	-1	
-135.41696785809461	314.08830706611656	-0.00017334214631919455	1.707270916557413e-006	-1	
-126.60961611989805	317.05316371846311	-0.00017652743662441544	1.644762668091339e-006	-1	
6.4741107485759271	236.08669790682677	-0.00021251158724043781	2.8510151632145443e-007	-1	
7.1303588879389679	241.13423790192485	-0.00021804927440309367	2.4290890912579615e-007	-1	
3.5649234149430975	244.76686663473461	-0.00021658985390913765	3.4111284768993265e-007	-1	
12.043551026630574	233.21713996824238	-0.00021761767979542571	9.2733809184852206e-008	-1	
20.080887593733241	213.87325960434242	-0.00020818696904811678	-2.3370109454070095e-007	-1	
24.143037053204665	209.57068737074556	-0.00020998055510536642	-4.6582677845622184e-007	-1	
22.271262524819775	219.3701172264453	-0.00021922447226400176	-3.3838799727289929e-007	-1	
20.27252500771753	228.10389581471199	-0.00022533798004952267	-2.2705766640513117e-007	-1	
18.28340356054284	232.6538743748153	-0.00022655416481802491	-1.4196525206514017e-007	-1	
29.921173806153345	206.56910462310492	-0.00021756197777807759	-8.323954073255095e-007	-1	
31.702265419049816	201.66886708233895	-0.00021389964156970576	-9.9789379851230242e-007	-1	
34.539277699962859	196.16576853231027	-0.00021162040205919449	-1.2937208393777556e-006	-1	
44.199517764352656	150.77473368624021	-7.6773877660633221e-005	-6.5845234723459061e-006	-1	
40.804330765750414	146.77992307953389	-3.8895627924735435e-005	-6.6402356236478681e-006	-1	
36.764633803186236	145.16814465827559	-2.5707380140542054e-005	-3.8619966755538235e-006	-1	
35.350640465356065	144.26821778233128	-2.1052256073320593e-005	-1.9444947932632827e-006	-1	
34.217403776945105	144.15325863300865	-2.1165790110822205e-005	1.0794297787800621e-006	-1	
48.965254317669078	168.26322728567669	-0.00018914257469270933	-4.3944168678643896e-006	-1	
47.03636958715979	174.53517831275656	-0.00020094026827186407	-3.4959843689525039e-006	-1	
42.072644933007879	178.82696157236376	-0.00019523865226768748	-2.540668742065479e-006	-1	
50.386587241602463	154.07103848297285	-0.00012755640875725384	-7.3662061671011627e-006	-1	
50.921240530848152	149.8497250101673	-0.00010003251781337958	-8.9206515297222589e-006	-1	
54.378195064978357	158.26285262150893	-0.00017478228175077346	-7.0527991138795075e-006	-1	
55.118290425089043	167.95731935012159	-0.00021850016900843761	-5.3524818414999837e-006	-1	
36.457234738611078	190.27898901110524	-0.00020507813322533276	-1.5561705124687576e-006	-1	
44.119399186726888	183.78180047664813	-0.00021451745095407522	-2.5567656223684422e-006	-1	
42.546431811095729	188.51189709247186	-0.00021971951741199736	-2.1923877356090163e-006	-1	
39.244317679501812	137.3833172888875	3.9773853447487418e-005	-1.7858965032170746e-005	-1	
40.769069266154375	136.15946852227071	6.5148384420677318e-005	-1.881939851149149e-005	-1	
38.761087713055218	139.27782566946462	1.9964823952544184e-005	-1.4561331729625294e-005	-1	
37.280241569387968	141.1115157009954	9.5139875786929525e-007	-1.0526274358513241e-005	-1	
35.880736766192051	141.21324747803951	-3.3946790483410202e-006	-9.2328178838093803e-006	-1	
44.658497120979774	127.2233021020989	0.00029066724048892401	-6.1809449829395999e-005	-1	
42.563200917891045	132.97523348217015	0.00013604992684593248	-1.975285632509189e-005	-1	
42.416324933446802	134.40180693619885	0.00010677948628287675	-1.9227717456023625e-005	-1	
42.677155159012095	130.48312755700852	0.00019390841727152887	-2.0588403015789323e-005	-1	
42.516662450645612	130.95277369790068	0.00017961039688381829	-2.0144681245050249e-005	-1	
42.513375905120533	131.36002768998804	0.00017041493655160951	-1.9743830363843891e-005	-1	
42.430712022629905	132.00416060988616	0.00015477661816611072	-2.0037522802015165e-005	-1	
43.048819798587438	130.25685286371566	0.0002086958570619795	-1.930533994521715e-005	-1	
43.449238863730152	129.83430423346292	0.00022507469126870652	-2.6538942402921656e-005	-1	
43.993256847447711	129.50621228458874	0.00024061912029922633	-3.4294763163625089e-005	-1	
44.303188501317379	128.86819360059545	0.0002574947526765554	-4.3240141374418438e-005	-1	
44.552982147971662	128.28450682006201	0.00027136491456484889	-5.0914483801457074e-005	-1	
33.936126695520535	143.11234022500659	-1.7953671635634145e-005	2.5952469728636842e-006	-1	
34.081915506913482	143.48880963701444	-1.8783600603057247e-005	1.7052410842777969e-006	-1	
34.203340291548258	142.90000000000001	-1.6915593681110538e-005	8.7060452676663478e-007	-1	
34.350000000000001	141.84375652332648	-8.9662134966534347e-006	-5.7227583531743182e-006	-1	
34.350000000000001	142.29854840743735	-1.1405781333253644e-005	-4.0456728824149764e-006	-1	
34.350000000000001	142.75334029154826	-1.4365586697993438e-005	-1.9072653073743081e-006	-1	
34.89109546835784	141.3889646392156	-6.2270819753497403e-006	-7.7851733351293571e-006	-1	
51.193895353869863	108.61836001383814	0.00027153722970592456	-3.209033271000214e-005	-1	
51.059312285304301	107.0800685010677	0.00024387529456404425	-2.2491937223868333e-005	-1	
61.471793171441753	121.81220056782827	2.1288163486779046e-005	-2.8219758010723277e-005	-1	
56.902891918859133	122.95361905012081	0.00015167896869016143	-3.4721137027322338e-005	-1	
94.425071202816156	107.98412522419058	-0.00073147890112783384	-1.0696153819079221e-005	-1	
95.877439885987641	113.26873016830596	-0.00076873426852951934	-1.0081700283726741e-005	-1	
96.341482247922357	118.03516126520657	-0.00076785089903400093	-1.0341809837797694e-005	-1	
99.01333048369554	104.98674286976026	-0.00083843715407817387	-1.0060557079688316e-005	-1	
59.302761549619952	125.99227193457634	6.0334892861696411e-005	-2.6084622376705389e-005	-1	
60.56113883880235	129.00378956394582	3.7182875804818723e-006	-2.1387335042786189e-005	-1	
66.470612528361585	133.40062522298678	-0.00014881394728876013	-1.6930260259216832e-005	-1	
75.923848399908394	136.7956871182694	-0.00032474942606348098	-1.377182620863182e-005	-1	
69.714229052518348	137.85491162904538	-0.00022452276359641212	-1.449108086571969e-005	-1	
83.751152484381635	134.50670933903473	-0.00045446707577809599	-1.2884758342156937e-005	-1	
89.552986718387075	129.87243607089366	-0.0005710265402883415	-1.2393756424430871e-005	-1	
93.490341378454332	124.23551826411523	-0.00067574422291581866	-1.1701542136637349e-005	-1	
103.21333057722975	101.46308405211447	-0.00092263201533618116	-1.1427903521524633e-005	-1	
104.66581780720703	96.830505907703085	-0.00090317129227116715	-1.2481327842851353e-005	-1	
105.84828826370635	90.569601916665732	-0.00083809436389850795	-9.874678876083186e-006	-1	
107.30745514002955	94.294525712451673	-0.00091696532775225714	-1.2370582163934262e-005	-1	
109.0922228540915	85.015314262610985	-0.00080570577215603983	-6.7842022224744325e-006	-1	
48.513618372600838	107.76626258342149	0.00029556329959784153	-5.4174702402944063e-005	-1	
50.600646943827932	106.15140526531634	0.00023154399066528067	-2.0414523193214638e-005	-1	
50.92472921673874	105.54177698829726	0.00020914031724241064	-1.3656604599633141e-005	-1	
50.958374983880127	105.92634986648986	0.00021876382340043892	-1.5426529012519006e-005	-1	
50.591601685878835	106.73347137493522	0.00024520509012728418	-2.558915852824273e-005	-1	
50.047583702161305	107.06156332380937	0.00026172284938112271	-3.4412322531273474e-005	-1	
49.497569115481234	107.22289744540032	0.00027332182876223238	-4.0943874561972318e-005	-1	
49.204153028953584	107.71529133703299	0.00028692517589087082	-4.8690939461057216e-005	-1	
50.992020751021521	106.31092274468247	0.00022767595454258667	-1.7625515619111282e-005	-1	
50.072296817384476	108.53129874998837	0.0002896900141935418	-4.7700284614949549e-005	-1	
49.487858401637318	108.28326878833603	0.00029362994447225356	-5.1858049905895697e-005	-1	
47.537389923707245	127.69903487273737	0.0003008251253799091	-6.7566150225252536e-005	-1	
49.35601082590172	128.08513328378464	0.00028667204848454642	-5.7495588678512252e-005	-1	
51.030006940638778	126.73724513865957	0.00028983200490596963	-5.6028345774442186e-005	-1	
52.674309108091009	125.53956665431298	0.00027548539491260789	-3.6426688941257077e-005	-1	
45.605628211244216	128.11355323445241	0.0002853820449288415	-5.9065202504010418e-005	-1	
46.66961902579424	128.58326293911045	0.00028356329136111728	-5.6822061255307527e-005	-1	
54.439774529560317	124.61007544130116	0.00022114536913857993	-3.5880462404263224e-005	-1	
110.00518755930234	63.978015858117928	-0.00062554380908483092	8.8155461214964921e-009	-1	
113.62323579801952	77.776590327981296	-0.00075953518136264711	-3.1930918709981232e-006	-1	
112.39309974043731	70.977072306544642	-0.00069052856415761357	-1.5061544167508141e-006	-1	
68.14628246628898	0.57815008449673577	-0.00011667193945813678	5.2193115979391638e-005	-1	
67.949310700718343	0.6842700812745337	-0.00011401130225221707	5.3042573663038044e-005	-1	
67.725874507735497	0.69591472869173954	-0.00011093138521434652	5.4214795816669175e-005	-1	
67.061067046520591	0.70998625733938203	-0.0001013134327363222	5.8030049196459798e-005	-1	
67.384762179211805	0.5358893947168305	-0.00010612555932323901	5.6547270362851538e-005	-1	
66.51272492692685	0.60915517455841584	-9.2661702984197315e-005	6.2021223749348701e-005	-1	
66.741135876736166	0.52906554790187288	-9.6469870912814292e-005	6.0693061558367111e-005	-1	
65.979694023326502	0	-9.7035517931709868e-006	4.6293967491180112e-006	-1	
66.29582684240917	0.35632664736410086	1.9701561722095467e-005	-9.6943338801070393e-006	-1	
69.937167684034904	0	-0.00013934449270462169	4.4843514313817599e-005	-1	
69.423665025507177	0	-0.00013302312979465749	4.6699880240975651e-005	-1	
68.781786702347517	0.2197698472642988	-0.00012494494652809046	4.9361399706216636e-005	-1	
68.910162366979449	0	-0.00012656824521059079	4.8820171010777977e-005	-1	
68.333305129496651	0.33961724701720497	-0.00011917223995156773	5.1499228404097552e-005	-1	
68.173025913917812	0.38900576705582679	-0.00011704571171563023	5.2299071417895742e-005	-1	
68.527867172316562	0.20233513174835177	-0.0001217029951026444	5.058535977115127e-005	-1	
109.4768723906694	0	-0.00044938993296602742	1.1251012669130464e-005	-1	
111.75749684166689	5.9233196460306834	-0.00046341762839851637	1.0549276177425652e-005	-1	
111.51655704824333	12.265946194353205	-0.0004667433660764203	1.0127648614260679e-005	-1	
116.40532927322276	15.386285921892572	-0.00049554667216120205	8.9400832290684303e-006	-1	
117.93869186760617	34.923490242092512	-0.00054243372824690781	6.0742472875152157e-006	-1	
122.00593018719921	31.354848826664067	-0.00055160193224738354	6.3194866784959306e-006	-1	
119.92947483329839	19.676060862364448	-0.00051845402905717963	7.9879968947858826e-006	-1	
125.36933486820691	26.530983555983596	-0.00055551551540249957	6.6433880038638648e-006	-1	
117.51508146205059	52.021126285743478	-0.00060332467199942033	3.0113340255568974e-006	-1	
113.18836438030439	60.147786736121915	-0.0006221909786434728	1.1583262043163024e-006	-1	
118.30742678445347	58.697676153619156	-0.00064086231390785855	1.7922039113784646e-006	-1	
121.69680356035506	42.821341524409661	-0.00058479494852174305	4.6228991803299763e-006	-1	
124.39386435919008	37.786555251506812	-0.00058000020332416241	5.2990329912595829e-006	-1	
124.91965637521602	49.836559400799288	-0.00062631476570027607	3.534277265122709e-006	-1	
-17.581952817457555	253.9676154079223	-0.00020109123018860226	8.5028256755012356e-007	-1	
-12.146642058997843	253.4553145630538	-0.0002059990419320927	7.224990568189334e-007	-1	
-17.126137322962435	262.49938344653913	-0.00020780898875374565	7.7155273054945312e-007	-1	
-14.446206306834144	258.14724768474014	-0.00020725626018796442	7.426683063022147e-007	-1	
-22.681753451877146	269.94933632107552	-0.00020776866752620669	8.3338881832620025e-007	-1	
-28.082096305831186	269.47629455257317	-0.00020290197654647198	9.4199304943267229e-007	-1	
-17.308643394741992	267.6072017160256	-0.00021104067346492758	7.4008586668989096e-007	-1	
-33.772955144976649	271.14392437063867	-0.00019945972064724606	1.0331835048443207e-006	-1	
-6.9782704436311711	251.69662469779811	-0.00021001472966346435	6.0211714000102454e-007	-1	
-2.5759067305275529	250.75087748031893	-0.00021415250027167034	4.8877486772271856e-007	-1	
1.8340341118272379	249.84111606722638	-0.00021860877699844211	3.6954138687582663e-007	-1	
-62.45641409229318	285.6175155053387	-0.00018901011088939197	1.3362971258766305e-006	-1	
-54.192412671541682	287.48715590666166	-0.00019482760072081896	1.2140311013056004e-006	-1	
-48.191144881708539	284.73929797183973	-0.00019718854125053037	1.1522870322890417e-006	-1	
-44.109030854251948	280.60968759042601	-0.00019762151970409013	1.125352727172782e-006	-1	
-37.649101011179773	274.97355547807712	-0.00019893269464217489	1.067991089033116e-006	-1	
-110.02201245173008	301.91512501000562	-0.0001759047391286121	1.6475249436621952e-006	-1	
-97.496555300905243	299.1490283916242	-0.00017916781970307111	1.5765562848821364e-006	-1	
-103.15844756040003	301.69503139549767	-0.00017815207429307047	1.6006356066872999e-006	-1	
-66.688885799318584	289.88261669039656	-0.00018888939016864698	1.350957253649365e-006	-1	
-81.730252420701277	294.71115280101321	-0.00018376034746352636	1.472531897498267e-006	-1	
-77.994428522613305	299.24288272538848	-0.00018756660277381734	1.3998746440885207e-006	-1	
-72.345030202710319	300.84826583483016	-0.00019106574185875273	1.3291349176637478e-006	-1	
-67.747227982088845	295.7974131107074	-0.00019115704298837882	1.3166047885222943e-006	-1	
-87.277425124045038	296.58301687996686	-0.00018217133714113864	1.5095685722560708e-006	-1	
-91.415320746257365	300.39712355835479	-0.00018209664622329601	1.5166561393671255e-006	-1	
-200	318.66292079810671	-0.00016747637953190553	1.8248790469562908e-006	-1	
-165.04570380384422	319.73410136780313	-0.00016993821820657939	1.7765960809780643e-006	-1	
-170.7711300256596	320.9947603191701	-0.00016967024949986618	1.7821165483254861e-006	-1	
-176.42705960694337	322.53755874562501	-0.00016959832873072772	1.7837895494906174e-006	-1	
-185.27813074064696	322.24523318462627	-0.00016891523283742209	1.7971556697534023e-006	-1	
-194.2110652450265	321.78562924016217	-0.00016845392131073036	1.8061412700944287e-006	-1	
-132.21318706646846	318.97531416474277	-0.00017572776032633949	1.6615687603072308e-006	-1	
-135.26213239720005	324.05454659313108	-0.00017655869225781739	1.6469077075582743e-006	-1	
-144.04081743904004	324.43923106954975	-0.00017474623038066033	1.6828328383404085e-006	-1	
-156.8388837777953	326.76610868052427	-0.0001731273302862226	1.7152263456268371e-006	-1	
-150.25877082504408	331.63836757048256	-0.00017556123777889452	1.6685135551492694e-006	-1	
-161.53885288251914	323.94632914378644	-0.00017163679545183328	1.743968806991118e-006	-1	
-119.55268055715682	310.87541262765876	-0.00017637633987649821	1.6445059807303338e-006	-1	
-107.955506941978	307.03288535970722	-0.00017861032290611428	1.5961694064924072e-006	-1	
-112.07745912006963	310.67532359353976	-0.00017861004061742893	1.5990157065970567e-006	-1	
-127.50075518802333	322.56525225367898	-0.00017805723547259909	1.6167138538884305e-006	-1	
-121.84789473888308	319.96919841448147	-0.00017881475684561264	1.6004657488531428e-006	-1	
12.220165737014952	241.181012485103	-0.00022509662647344532	7.3768250371485883e-008	-1	
9.6391207052411119	245.09039781374497	-0.00022474407925621322	1.5183180047182665e-007	-1	
7.1367790376969387	249.05062170674867	-0.00022455262252011766	2.1976843720239072e-007	-1	
16.733340475504175	237.37152352046095	-0.00022841072001321668	-8.0288554994432584e-008	-1	
28.172486608815905	218.69734621506939	-0.00022969806944939661	-6.3112419863283842e-007	-1	
29.850579735441748	211.78251346633238	-0.00022459674232355522	-7.7514846990043378e-007	-1	
25.590584363161639	227.69213276504195	-0.00023415707139484875	-4.5235646952871094e-007	-1	
23.246247212419892	232.48331084989249	-0.00023449908546895504	-3.3296679907028259e-007	-1	
22.627802555638134	237.74067007364764	-0.00023795906549188277	-2.8934958702163763e-007	-1	
35.076097690507048	205.78719987444188	-0.00022835389442898404	-1.1637231982078579e-006	-1	
35.926829187050856	211.04264135001978	-0.00023724217736462196	-1.1308209985589119e-006	-1	
40.410541171501123	201.86549712744443	-0.00023631479821888468	-1.6018843299675902e-006	-1	
40.629792152836089	195.05294957456314	-0.00022620584237822676	-1.8033982548690742e-006	-1	
47.16941271869603	147.84245580964816	-6.4991789896201455e-005	-8.8071614704253134e-006	-1	
43.676461659024675	145.55820046487469	-3.3630811443862605e-005	-8.8851067449147115e-006	-1	
40.921941276638108	144.09042681805883	-1.7684001988889395e-005	-8.8281657345855463e-006	-1	
36.112694616259958	143.62405242073766	-1.6823056827667593e-005	-4.3788615919693418e-006	-1	
38.396581317458399	143.15780714781198	-1.1394282648381486e-005	-7.8786629325207222e-006	-1	
35.115729960588091	143.66572996058804	-1.8147066420756022e-005	-1.9983973703193985e-006	-1	
34.483566426092509	143.52955438916169	-1.8299492248123585e-005	-6.8825373163673684e-008	-1	
55.378215223738934	176.53055396160818	-0.00024341564965523653	-4.3317327606752655e-006	-1	
47.661052956012909	180.27399076996093	-0.00021915851166594004	-3.1507498800036133e-006	-1	
54.898987239753595	152.49804435944509	-0.00014526355248132186	-8.7124162080091608e-006	-1	
50.932234149106449	145.59470201190413	-6.2540441742194874e-005	-1.0657946031555875e-005	-1	
54.556929544096867	147.73159276640345	-0.00010714156440061986	-1.0306736870712676e-005	-1	
60.029686929193048	155.86747951846652	-0.00020241983016663077	-8.4102562028054435e-006	-1	
59.608792924400547	162.73902167294105	-0.00022637864815415319	-6.8383231857054818e-006	-1	
60.754022893996407	168.26578183437638	-0.00025120755657425802	-5.9639842492350854e-006	-1	
59.896559140222671	173.58877469002621	-0.00025944355461756465	-5.1304176292811162e-006	-1	
47.406482902033567	187.5292157203051	-0.00023406566637048935	-2.6951532657854772e-006	-1	
46.216387501086146	192.34267936121626	-0.0002386401785518923	-2.3588372415408115e-006	-1	
41.566604723291704	138.71483331999946	3.8837068184507324e-005	-1.505647575984558e-005	-1	
42.640757484660732	136.26286515134274	7.731252159652775e-005	-1.7392705318411649e-005	-1	
40.648660367273486	141.41226701749869	6.7280396596330629e-006	-1.1654706315313932e-005	-1	
36.30781380022642	142.12312198922837	-7.5783317984066938e-006	-7.444894356718466e-006	-1	
35.360695958823683	142.25155178986242	-9.9686243127379781e-006	-5.8079859625665141e-006	-1	
43.691507020947519	133.74560954344028	0.00013178945160462411	-1.8333782008931737e-005	-1	
43.369380423301408	132.41790912803719	0.00015956646111197462	-1.8235191363441251e-005	-1	
44.11453204156912	135.10446271453227	0.00010652733887750466	-1.7445057058681822e-005	-1	
42.910801755299545	130.85020262995508	0.000191137628924618	-1.7546654423810038e-005	-1	
43.082465565728825	130.64142574190828	0.00020048065131158971	-1.6903661733835859e-005	-1	
42.888217812935601	131.1195466819423	0.00018399663989527752	-1.7321957068069093e-005	-1	
42.958468270956388	131.37520520492896	0.00017900682503510599	-1.7325893052490602e-005	-1	
43.050704683562579	131.81090006979966	0.00016977718004196004	-1.8027109232123304e-005	-1	
43.440193605781033	130.41637034308181	0.00021229946209093599	-2.1222109152660737e-005	-1	
43.884768395121071	130.13217566150144	0.00022601599727408112	-2.6878183622407626e-005	-1	
44.543271434127782	129.34487816299776	0.00025141090544240083	-3.9676336847188364e-005	-1	
44.391585269934431	129.89763131942718	0.00023845366229401091	-3.2384090552823012e-005	-1	
44.836687520655424	128.85248427136506	0.00026446658027790145	-4.6922797311405242e-005	-1	
34.276670145774133	143.13517956710075	-1.7148866480334358e-005	4.6272689528097886e-007	-1	
34.350000000000001	142.90000000000001	-1.5794150470983785e-005	-7.1350937180732715e-007	-1	
34.814608488586686	142.091652127119	-9.8743707081905637e-006	-5.4511273195119839e-006	-1	
34.54992493401258	142.52594434949282	-1.2657208438877003e-005	-3.3884728254323733e-006	-1	
34.585179567100745	142.82667014577413	-1.4517836610815577e-005	-2.1858967495832081e-006	-1	
50.269663148669977	107.65677808585963	0.0002702133663177558	-3.7753182670740367e-005	-1	
56.044861271765015	125.79519932489674	0.00015687210573053765	-2.9510802790016995e-005	-1	
99.056295439783881	110.91468596816924	-0.00085368463293307092	-8.7935303576675006e-006	-1	
99.861027966124681	114.78754696349911	-0.00087161475781943724	-8.2997556970947663e-006	-1	
100.17370753622839	120.90713794596823	-0.00084815442788432405	-9.8273625098003263e-006	-1	
102.30267624459181	108.65467304823426	-0.00094329769623087856	-7.6605113104966971e-006	-1	
104.47170786641041	104.47460168148581	-0.00098659620664359607	-9.6151619738294586e-006	-1	
57.035960015495952	128.34053994288081	9.9566524788952381e-005	-2.2663245054996301e-005	-1	
57.283712392468729	130.46161729210979	6.5972178008621513e-005	-1.9208282301323085e-005	-1	
59.108651608824097	133.63636770835947	-1.1808912507417954e-005	-1.7084817529311457e-005	-1	
61.854462630902738	139.14041644082715	-0.00011221463919092364	-1.4277027337697275e-005	-1	
73.538127674872598	141.8222173733684	-0.00029616425250632235	-1.2652846519136774e-005	-1	
79.818331247025213	141.72353636540788	-0.00038607244824195912	-1.1992644143443113e-005	-1	
68.130674654413625	143.13260724467389	-0.00022498375240775236	-1.260797615869344e-005	-1	
85.60948408939457	140.19942214189209	-0.00047181912521076982	-1.1610514391229075e-005	-1	
91.048184196735747	137.69324645922072	-0.0005634544875096608	-1.1361360689428552e-005	-1	
96.202070721398272	131.62380296575884	-0.00068421634553008184	-1.1486021617841978e-005	-1	
100.88101067340996	125.29547397720326	-0.00082921429481821508	-1.0999229311389765e-005	-1	
106.4907570235636	100.00525632395204	-0.00099258508773123703	-1.4461747991987607e-005	-1	
106.73850940053548	102.12633367318088	-0.0010305835740773814	-1.3242217172018444e-005	-1	
108.07404687889068	98.169691460118969	-0.0010021606849987773	-1.6345972034953403e-005	-1	
109.75893061865543	91.412870337187613	-0.00090553193572273823	-1.0315290224962366e-005	-1	
111.35476564888627	94.8431735716525	-0.00099507591965939312	-1.3610035950478934e-005	-1	
110.14065180093851	97.047264193782283	-0.0010237910815593448	-1.6855909439067992e-005	-1	
114.22674352720188	89.030820318546105	-0.00091146162741507749	-7.5106944414483265e-006	-1	
117.5711429571775	84.566817492944622	-0.00086520639550232553	-4.2741435585134961e-006	-1	
49.737652048291608	107.69958200780262	0.00027936580850401136	-4.3838324158134698e-005	-1	
47.853096303412244	128.89703949979028	0.00027869519922809087	-5.2082747868723757e-005	-1	
49.847988430950068	129.72095167273534	0.00025005363650549217	-3.252633312148704e-005	-1	
48.703932471757746	129.66397386647665	0.00026051747493530179	-3.8345592096466833e-005	-1	
51.059125725563568	128.51732816025941	0.00025798100753233842	-3.9880183544333213e-005	-1	
52.065678084863087	128.18532274308711	0.0002461126118294835	-3.1718004874769808e-005	-1	
52.808892176656563	127.07785816708341	0.00024971010381258228	-2.7280560722920748e-005	-1	
54.082819140784615	126.78268087003234	0.0002091468483605477	-2.7803345671816581e-005	-1	
45.527222177008241	128.8015130249766	0.00027229241150682822	-5.0873565521880537e-005	-1	
46.70101248661512	129.31149948066221	0.00026965325930286403	-4.6726142749535885e-005	-1	
45.97325597208981	129.35254171987421	0.00026516704015857483	-4.5149663289883885e-005	-1	
115.24547642778295	64.683374881541383	-0.00066154253183712218	3.1748130841234193e-007	-1	
118.62207992153991	75.876735857158721	-0.00076854173469991904	-1.6590368618914314e-006	-1	
120.72088209495315	70.958106066410636	-0.00073495314391355381	-2.9210381753037355e-007	-1	
67.992557921615841	0.46475013222028821	-0.00011460625902843442	5.3182691346208377e-005	-1	
67.786729889314827	0.37179078747707711	-0.00011180853462287978	5.4486770119211098e-005	-1	
67.591729176112622	0.39464286352759476	-0.00010911316488310852	5.5564385946279884e-005	-1	
67.197957776354798	0.36888629458878691	-0.0001034883440015422	5.8274442073138348e-005	-1	
67.426368726164114	0.2887966679322439	-0.000106887388688628	5.6724450056713821e-005	-1	
66.617115982087853	0.26834749099615052	2.9329343689610673e-005	-1.2701578040878817e-005	-1	
66.905794837074282	0.27274728064992521	3.1364985081988027e-005	-8.7309725186138215e-006	-1	
66.510605590381942	0	-1.4226526156524975e-005	3.5355185640555652e-006	-1	
68.653411037715586	0	-0.00012330964831838221	5.0005452353722385e-005	-1	
68.211499138583804	0.23912880846268333	-0.00011760560566352813	5.224833672731303e-005	-1	
68.290197612488825	0.18770816999148288	-0.0001186627338826705	5.1843324713373125e-005	-1	
68.041764194376967	0.30706888453938774	-0.00011530103228368118	5.313762963823647e-005	-1	
68.117645669017634	0.24451936559144033	-0.00011634970905673941	5.2779470300063674e-005	-1	
68.396659708451736	0	-0.00012007437022845349	5.1311314750602816e-005	-1	
117.69291492711294	0	-0.00049258278627119917	9.486758215978972e-006	-1	
117.83351798270945	7.7587843308297115	-0.00049566150589457688	9.2606743498935572e-006	-1	
124.59612825528467	13.87984927616402	-0.0005321874823100537	7.8788016031222419e-006	-1	
128.00458229008103	31.95287775196438	-0.00057836212426921299	5.8589624736953546e-006	-1	
125.39504657825654	20.650379326325904	-0.00054469642580335753	7.2537195810495238e-006	-1	
130.87834741075739	24.473570616410413	-0.00057320045001334587	6.4174120724580715e-006	-1	
126.13110897086031	57.638159330374322	-0.00066816844212577492	2.4294692666279901e-006	-1	
121.96605322549594	64.345236897440742	-0.0006918085369816187	1.0593909458200546e-006	-1	
126.92208325200257	42.38066584451802	-0.00060496989086165182	4.5965807820129233e-006	-1	
131.10383872594258	39.216702496600632	-0.00061030680902695569	4.8949449490594861e-006	-1	
132.70036520749903	45.672262363430093	-0.00063741651221437402	4.1561956367764784e-006	-1	
135.21046584053482	51.830390716474035	-0.00066967221777151941	3.5058312295966331e-006	-1	
132.29094546635724	57.267088259613047	-0.00068633119532470388	2.7902055066288888e-006	-1	
-8.1387126370128247	256.76001380392591	-0.0002126317131417031	5.9979050279894648e-007	-1	
-12.022567163741222	262.77630865348658	-0.00021292861808199314	6.5515895241905924e-007	-1	
-16.292000952218675	273.87923821783227	-0.00021582578147212307	6.8234065530153272e-007	-1	
-26.268715950988131	274.58502464366916	-0.00020755122918736014	8.6980731297818877e-007	-1	
-20.715010040240063	278.44092588175835	-0.00021450089287741535	7.4167209906321485e-007	-1	
-31.224685905685572	275.48979208617851	-0.00020410489022767891	9.5310711285521952e-007	-1	
-10.0405206442165	274.45491393638531	-0.000222082613930455	5.5156681279221079e-007	-1	
-6.742652995580281	269.11295946762118	-0.00022223546386206135	5.0487806551347346e-007	-1	
-3.5429953137669226	255.14860231641194	-0.00021641704622106286	4.9145489396298301e-007	-1	
1.3269508244105717	255.17842359278706	-0.00022197262793719703	3.6401471242626952e-007	-1	
7.6409736237682964	254.60530422928593	-0.00022918929773145993	1.9460796308824663e-007	-1	
-59.291072256875886	292.9912379169952	-0.00019455560502984476	1.2368689241343832e-006	-1	
-52.757691722371632	293.9297884519234	-0.00019892642457178462	1.1463935681612144e-006	-1	
-46.04231017056091	291.53675749295212	-0.00020207926210508059	1.0713294343242779e-006	-1	
-41.691637232150413	285.88922780821588	-0.00020218633531308741	1.0475983702708728e-006	-1	
-34.434205233738282	279.37299025260586	-0.00020388051199084003	9.7968314696686585e-007	-1	
-94.352933102484371	305.2193745026608	-0.00018291005709450753	1.5056945873643713e-006	-1	
-102.45596166421336	306.91953729586987	-0.00018049761930254756	1.5573254197005162e-006	-1	
-83.563298920614045	301.10852974325502	-0.00018578708268605378	1.4403083272797992e-006	-1	
-76.488715642688888	304.6871323172756	-0.00019061753692613319	1.3453837237169376e-006	-1	
-70.333966139373999	307.17480244060613	-0.00019473672172721883	1.2648457702757757e-006	-1	
-66.760125478160688	302.55585428804028	-0.00019472090787296759	1.2563071278405022e-006	-1	
-61.1944340910674	300.78664585162898	-0.00019704804708562011	1.2040246732154916e-006	-1	
-88.707461756501161	305.33038714608699	-0.00018529059402795791	1.4566550277247794e-006	-1	
-200	324.90833768221762	-0.00016929024062018786	1.790172029723704e-006	-1	
-169.44511930069712	325.94732711065734	-0.00017123282354904556	1.752259743517079e-006	-1	
-180.91330467831514	329.17983930502578	-0.00017109766484216596	1.7553687530723872e-006	-1	
-172.9161913387054	329.72063880912776	-0.00017190170331490888	1.7397269375045879e-006	-1	
-189.9074748248249	325.18113091962294	-0.0001695477161583336	1.7851655124046475e-006	-1	
-185.48982372432755	332.06495919964522	-0.00017157729848489339	1.7463520281291255e-006	-1	
-194.92433532735035	327.39052741148942	-0.00017002264257805899	1.776154986770234e-006	-1	
-136.85444662255699	329.18437866821324	-0.0001776611124101905	1.6267766395274113e-006	-1	
-127.48719797589034	328.14889488737225	-0.0001797184103796811	1.5860377895588045e-006	-1	
-142.22053136836536	329.42054854694254	-0.00017653671150660453	1.6489164857839722e-006	-1	
-160.24609440949897	330.7786979649444	-0.00017370667075210851	1.7046117041201093e-006	-1	
-157.03685386226471	334.95131490928827	-0.00017526466732462653	1.6748932016239131e-006	-1	
-147.89415964890952	338.80262913151296	-0.00017779256366418203	1.6263832584873428e-006	-1	
-153.18756559025505	338.5910786210319	-0.00017678616433650709	1.6458817076727924e-006	-1	
-145.0652230776879	333.89656175833761	-0.00017714923980508706	1.6379518004521965e-006	-1	
-164.88374402066754	328.28828371461054	-0.00017241323371805441	1.7295097103832841e-006	-1	
-115.7563836487287	317.18566041028686	-0.00017971997480396225	1.5808434398663357e-006	-1	
-104.88602277569458	311.59754449251164	-0.00018138763087212183	1.5432829808917889e-006	-1	
-109.06740994812587	317.52065595490416	-0.00018201539053862208	1.5350729680620137e-006	-1	
-122.73903380700837	325.48128694969739	-0.00018026271764274516	1.5742623656100747e-006	-1	
-117.62144792508323	323.61808813450853	-0.00018121652213598673	1.5545414231795216e-006	-1	
14.274906004449237	245.34430654351283	-0.00023133777208905756	5.659430931628602e-009	-1	
18.317438116301041	243.06112693865174	-0.00023543800231607434	-1.261632455148909e-007	-1	
12.510329717805925	250.5451661842082	-0.00023266858577241059	6.0326336394380401e-008	-1	
32.818450917119407	222.39762757859481	-0.00024280936823348122	-8.1338166528621593e-007	-1	
33.705290273819557	216.53745035466179	-0.00023865711792761537	-9.3077490506965911e-007	-1	
29.880603100558965	230.86183990449189	-0.00024481850391505308	-6.0394359914382791e-007	-1	
27.508050361117888	235.62326844878663	-0.0002444264193289546	-4.7708922908661817e-007	-1	
28.756474509743573	240.79450093524304	-0.0002502962409170218	-4.8544500874741737e-007	-1	
24.575544051676541	244.30518116868598	-0.00024591482983148024	-3.2582479437024082e-007	-1	
40.143701088234941	207.41901021445474	-0.00024307366468902827	-1.4464670925044709e-006	-1	
39.606847038958321	215.98992054876936	-0.0002512890042208701	-1.2361093732449157e-006	-1	
42.767759912413347	211.88564132207148	-0.00025477130487409444	-1.4912710361312244e-006	-1	
48.162793766667541	202.83536273224362	-0.00025961911014363162	-2.0755062012510926e-006	-1	
46.953596789858771	197.5962486261605	-0.00024909621135582697	-2.1929435370363742e-006	-1	
45.700162081606635	207.61510321986606	-0.00025810374299191087	-1.769860255598538e-006	-1	
46.993088935112979	143.67263093218287	-2.2502225981409542e-005	-1.0989539869607677e-005	-1	
43.829082298967748	142.44075777004716	-2.5897742260233621e-006	-1.1299415108554565e-005	-1	
35.60153179697263	142.76708794413133	-1.2516596195358898e-005	-4.9431467123338176e-006	-1	
34.979554389161677	143.03356642609248	-1.4966321804537628e-005	-2.813601179992179e-006	-1	
34.537478541742608	143.0874785417426	-1.6139334027034469e-005	-1.0680418994465975e-006	-1	
55.760120602154316	181.72904247393805	-0.00025595503453403089	-3.8792411419647961e-006	-1	
60.16026979659047	178.93461559216226	-0.00027121931210854746	-4.5114786508310251e-006	-1	
51.436695556651472	184.64076540148577	-0.00024360385517625268	-3.2490656668720396e-006	-1	
59.088530910279232	149.80188820828693	-0.00016119811833036253	-1.0088086969556691e-005	-1	
55.090589902337115	143.55787434931153	-7.3308578597079682e-005	-1.1974845110489855e-005	-1	
49.547725888828083	141.43605329751992	-5.8174830170740242e-006	-1.2490289385282209e-005	-1	
60.983811076599217	145.19434577768214	-0.00014851594467295639	-1.1811717813880988e-005	-1	
65.374859236593807	155.48837096979787	-0.00024581769599356569	-8.9084789269625652e-006	-1	
65.101120967443407	164.48296130906903	-0.00027048454110664499	-6.954434308489371e-006	-1	
65.032225853185551	171.94730448204191	-0.00028522997571389143	-5.7462795148624434e-006	-1	
67.444955866949698	176.45845630820972	-0.00030557602997189698	-5.2957417044775898e-006	-1	
51.504370570259539	191.91758805672401	-0.00025595886440819295	-2.7951448810546355e-006	-1	
44.983113447871482	137.33161677758591	6.7685865584420044e-005	-1.557980133078155e-005	-1	
46.417929227567804	140.32634331872555	2.2026493221879854e-005	-1.3112488277535387e-005	-1	
34.938324113401109	142.63284098652241	-1.2761744066111771e-005	-3.8545393389541067e-006	-1	
44.668740976472712	133.79362917623243	0.00013843217302087193	-1.7766933520176534e-005	-1	
44.69223010485053	132.81549812682599	0.00016342642712467438	-1.7840905244900906e-005	-1	
43.45217292849015	131.73735080947435	0.00017841361338543309	-1.7090021820103159e-005	-1	
44.137601391552352	131.68435403754194	0.00018958071852192692	-1.7014579218861507e-005	-1	
45.534262921745231	135.00548627019833	0.00011455116038492384	-1.6881340855824759e-005	-1	
43.116111332870219	131.02599862010089	0.00019165158441268482	-1.4892844799414254e-005	-1	
43.409340650768002	130.8378764264869	0.00020198221411001787	-1.7380334415313624e-005	-1	
43.128893568691481	131.17210024408419	0.00018798107239234121	-1.4778800375007608e-005	-1	
43.222441630532892	131.3999937640188	0.00018360622716091321	-1.6170945971269541e-005	-1	
43.824772069714939	130.65640252202374	0.00021356057476877889	-2.076289052144367e-005	-1	
44.39467679808795	130.45607991638872	0.00022664126876309522	-2.5240981736911152e-005	-1	
45.27031795932654	129.44450322903887	0.00025766393278194803	-4.189036496096578e-005	-1	
45.177977160896447	130.17251077057438	0.00024213395993478041	-3.1628456641584865e-005	-1	
54.991757052031872	127.7228145946292	0.00016679800032759541	-2.3785843254030923e-005	-1	
103.78643977477374	113.12414064449911	-0.00099250824553402846	-5.1128087475845299e-006	-1	
103.09921364155819	117.56061962410286	-0.00095051018075626673	-7.3376269137267784e-006	-1	
104.52439570525046	121.81778788246079	-0.00095529639953044455	-9.4810158900169222e-006	-1	
106.87157749717305	107.5132545659409	-0.0010882921785697519	-4.7330669333412593e-006	-1	
107.72960814426639	104.67167429116559	-0.0010947626703965124	-9.2859092534143057e-006	-1	
55.141768163150822	129.32663709236317	0.00013782812148330337	-1.8846353623497837e-005	-1	
54.89330441987655	130.86417767254096	0.00011753617740869886	-1.5927318085233532e-005	-1	
55.700422537140547	132.29718215594326	7.4091193758123511e-005	-1.6165763919449815e-005	-1	
56.467014276001137	136.17234790361044	7.1482801126068698e-007	-1.5096497271617015e-005	-1	
57.926181152321838	139.89727169940005	-6.5323479349221935e-005	-1.3683300683483826e-005	-1	
72.466517624450418	147.28200873230557	-0.0002942891063686373	-1.1163294876440107e-005	-1	
78.440848223940293	147.85160583059212	-0.00036758099794301864	-1.0704416173644252e-005	-1	
87.474575250750107	146.66337814302096	-0.00048198988899421727	-1.0225092905675159e-005	-1	
83.251152634896812	149.48843223059257	-0.00042519998655470134	-1.0016885032501043e-005	-1	
67.424702210821607	150.53733733342594	-0.00024771151932317898	-1.0295281659192623e-005	-1	
91.125938603865436	142.9211335359926	-0.00054105437857595434	-1.055371569423831e-005	-1	
96.956391372874165	137.4872776638864	-0.000654815074286971	-1.0889673949309793e-005	-1	
103.75986532191222	129.42836049592131	-0.00084566480672750304	-1.1888332818514598e-005	-1	
102.80481390139424	136.62397637886249	-0.00074804683393884077	-1.083803587524683e-005	-1	
105.80966997087252	126.33319869664497	-0.00092965287237261934	-1.2361132084024898e-005	-1	
108.88116499615478	99.602695943521013	-0.0010515222699744734	-1.9116987671636467e-005	-1	
108.63270125288037	101.14023652369862	-0.0010740520414798328	-1.7932619621894247e-005	-1	
108.78271236399914	102.744059021433	-0.001106384037076757	-1.4737195381435196e-005	-1	
109.55258238401304	98.890020735352778	-0.0010537853825175493	-1.9975001458515211e-005	-1	
113.14751977771543	93.095467506801668	-0.00097927330290313998	-1.100834030509987e-005	-1	
112.60021319403386	97.029711547225943	-0.0010688912580099849	-1.668475948866019e-005	-1	
113.77888942943794	95.518237867036873	-0.0010443149370907908	-1.3347054283521957e-005	-1	
111.77900052486827	98.319547660088034	-0.001090787479490224	-2.0384035238344977e-005	-1	
110.70412974291978	98.897688447710138	-0.0010829265650837822	-2.227316692224584e-005	-1	
117.35654018846112	90.140530297337989	-0.000951691820967298	-6.5261675303422869e-006	-1	
115.64892116778752	92.988533221861331	-0.00099911756201525974	-9.4394317292099744e-006	-1	
121.70931826835975	86.650921018721974	-0.00090807265045897932	-2.9555776741557489e-006	-1	
122.98224301794608	78.97300253725858	-0.00081806304870756321	-1.2056355346428303e-006	-1	
47.290772901347808	130.01275320630822	0.0002567638041346648	-3.5566036722681636e-005	-1	
49.318585025769082	130.63057241086665	0.0002355932427492743	-1.8664404149952931e-005	-1	
50.527302992387931	130.52482329138738	0.00022451509396745594	-1.5190917032141045e-005	-1	
50.899310250945398	129.67195898493941	0.00023711878484750841	-2.6555147157913431e-005	-1	
48.109867059150218	130.73632153034589	0.00024011127616807869	-2.0599601757382853e-005	-1	
51.950330482907177	128.810058546645	0.00023620045656346845	-2.7824664823514837e-005	-1	
51.626022766300757	129.26470005150816	0.00023321491068130368	-2.6318113724841855e-005	-1	
52.943475245222125	128.61614967985383	0.00021876542398990652	-1.6779068844667749e-005	-1	
52.543056180079425	129.03869831010658	0.00021922690763251392	-1.9328718952890696e-005	-1	
53.732446329406983	128.04254532292964	0.00020203443212619732	-2.152111185758156e-005	-1	
46.382224393945798	130.13155448667021	0.00025179795881462731	-3.388978010069771e-005	-1	
125.20256501978625	74.020086565475836	-0.00077675702593642281	-3.084823253525037e-008	-1	
126.91434933283855	68.700641430243806	-0.00073959669075151309	9.5858026431423864e-007	-1	
67.943425799130182	0.30704576421070567	-0.00011396292188838158	5.3704739368531216e-005	-1	
67.878859160408709	0.22946115739839504	-0.00011309853931358069	5.4209692704946188e-005	-1	
67.65477967597343	0.20870704127570097	-0.00011007557095397233	5.5480088288639783e-005	-1	
67.768985150878081	0.16866222794743166	-0.00011161613853764728	5.4990093835957573e-005	-1	
67.174245049201247	0.12871217744358027	1.4961884566511713e-005	-2.8196282540520534e-006	-1	
67.358131545516741	0.1479286898002663	3.5308490357698194e-005	-5.4094117103087524e-007	-1	
67.513054422434521	0.17026704903300013	2.0162172802775111e-005	2.95950690761595e-005	-1	
67.041517157437383	0	-1.0318450768408052e-005	-1.0261679455245426e-006	-1	
68.155848108226877	0.16336275619665491	-0.00011691876592897139	5.2636697373600668e-005	-1	
68.25	0	-0.0001183101727428497	5.2123087889166508e-005	-1	
68.193493476756544	0.091319381221496576	-0.00011749719637860633	5.2455724504635076e-005	-1	
68.035304080415131	0.20894290713349278	-0.00011524405454983931	5.3308321477603102e-005	-1	
68.096473853258587	0.15735529141257465	-0.00011611013832226068	5.3004982917283335e-005	-1	
125.90895746355649	0	-0.00053049461169155251	8.1747872068841292e-006	-1	
122.46222751603057	4.4945017112981311	-0.00051583168616695606	8.6348748475745332e-006	-1	
131.41201141952084	14.028457278664487	-0.00056020335464947917	7.1123146799430637e-006	-1	
127.20985273739359	7.5832794180150795	-0.00053823146014185085	7.8676428152821906e-006	-1	
134.0325592943731	31.882458417755757	-0.0006003359586475084	5.5549091176748556e-006	-1	
134.1092991719502	18.621705069669989	-0.00057601282226308042	6.5888483507200913e-006	-1	
137.56073260288869	24.644180710680359	-0.00059703988734201177	5.9593609914827373e-006	-1	
129.84803670975708	62.933963606551451	-0.00071056857646102363	1.9977040780868003e-006	-1	
138.65767573299905	34.030130379203491	-0.00062058207385564171	5.1858850903300952e-006	-1	
139.00059766655465	39.11801810126687	-0.00063535272677660108	4.7353233308299618e-006	-1	
139.92962307141704	46.316193446436088	-0.00066105428400457193	4.0960981509470708e-006	-1	
140.60102587438308	51.667264907756817	-0.00068219635967641922	3.6593923538695972e-006	-1	
140.18619507527188	58.004613635123057	-0.00070831546383386026	3.1294514425454652e-006	-1	
137.50443897195561	65.466992228367573	-0.00074132183052722108	2.3948254308423057e-006	-1	
-5.0935045309103675	260.9684865571657	-0.000218785485987438	5.0326652334433638e-007	-1	
-13.59268751612996	279.6312561863096	-0.00022151589842924971	6.0025128160121677e-007	-1	
-28.025505077392005	278.98784336159224	-0.00020866401294327718	8.7182863440165557e-007	-1	
-18.577991672278777	284.85534527839678	-0.00021973891478277877	6.6932354449345371e-007	-1	
-24.680911773654454	283.91662192353022	-0.000214074145185204	7.8276827141009941e-007	-1	
-7.4963783067365437	280.00775820903448	-0.00022747786067704698	4.8002426821981331e-007	-1	
-3.1289823624261159	275.03281744206726	-0.00022928517938324467	4.0576009279514754e-007	-1	
-1.8214784178585388	268.60694024643902	-0.00022709692808479926	3.9627466325297127e-007	-1	
-0.66491945944763742	263.59148063962925	-0.0002253094073669732	3.8596354285655908e-007	-1	
5.9421208329839423	260.7134339684838	-0.00023112864461043395	2.288802201942862e-007	-1	
11.21282924652213	258.88905930129999	-0.00023647534528626368	9.5042448106603499e-008	-1	
15.12657473504242	255.22482932300022	-0.00023928491260156036	-1.1877878768370701e-008	-1	
-54.386500098692444	300.5444397877929	-0.00020095458250218279	1.1224225069643175e-006	-1	
-47.915544470619324	298.41527040012033	-0.00020407633706110876	1.0517439567772178e-006	-1	
-41.483763484500976	296.47251900818634	-0.00020750451977296592	9.7456911757791877e-007	-1	
-38.728753132330084	291.12471884692422	-0.00020690327786419604	9.6745384557203102e-007	-1	
-35.288163896599166	285.72148326995705	-0.00020671719903033909	9.4831830799433209e-007	-1	
-30.265919038993683	283.1653624792271	-0.00020919395826447381	8.8287281762203486e-007	-1	
-97.916459173545178	309.59943756912315	-0.00018322098114902257	1.504082747645706e-006	-1	
-87.913104816500052	311.32086910971213	-0.00018795972335338012	1.4092621769621187e-006	-1	
-95.190184003525502	314.06924130373471	-0.00018595130617216521	1.4530012901423936e-006	-1	
-81.435545907933573	307.41401611061787	-0.00018937393742231716	1.3752551744445401e-006	-1	
-75.197589942549527	311.69305515512428	-0.0001940189198282203	1.2868066268678803e-006	-1	
-66.532746878161092	310.66718231210064	-0.00019812350163332432	1.2021847405150598e-006	-1	
-61.578742618849283	309.21672485413899	-0.00020031045135596271	1.1553777939348184e-006	-1	
-54.631582466114295	308.97061710497854	-0.00020428394302416652	1.0746660110481383e-006	-1	
-200	331.15375456632853	-0.0001709518057514399	1.7584439417260957e-006	-1	
-177.14613685266193	332.87191899236973	-0.00017233628519795622	1.731652796954385e-006	-1	
-183.06483091073943	336.90105816874097	-0.00017289819781741661	1.7211512366455357e-006	-1	
-164.73694797080245	333.57824295804761	-0.00017381019112938404	1.7030173315665161e-006	-1	
-168.33799699862732	337.98559294055264	-0.00017446145720645116	1.6909126521439589e-006	-1	
-174.88672740912855	337.63826715535646	-0.00017369465545541104	1.7057654306858968e-006	-1	
-190.84556067766792	331.3004168061392	-0.00017114905235116415	1.7546158389602757e-006	-1	
-187.62681768937645	340.33073423986087	-0.00017344597190975725	1.7108295760394861e-006	-1	
-139.40199905468404	333.91308021476704	-0.00017835475538886529	1.6144565805424052e-006	-1	
-133.03868291036039	334.29068084083281	-0.00017996514316295399	1.5831430928628369e-006	-1	
-127.43583474133256	333.77517400594854	-0.00018128385324068692	1.5572747709080882e-006	-1	
-122.99887203811981	330.92129422703198	-0.00018175450651689468	1.5471031119467884e-006	-1	
-162.21437590395789	338.2303229278092	-0.00017529506300372738	1.6747649008775913e-006	-1	
-157.31503910740796	341.91205173798994	-0.00017686079377596728	1.6448948701759499e-006	-1	
-149.30453537362854	344.20924940670926	-0.00017875040512345844	1.6086992776534941e-006	-1	
-143.38578036302764	342.86595498517789	-0.00017964924817498408	1.5911444962705516e-006	-1	
-138.21133978302083	339.80566417105086	-0.00018007907354880388	1.5822520984606595e-006	-1	
-110.84209619998745	325.9527681980656	-0.00018412452851563317	1.4982402828785573e-006	-1	
-99.594738632658704	316.89972187204717	-0.00018522592999359997	1.4701399846559695e-006	-1	
-105.73519435529096	325.46712481954376	-0.00018575027033824906	1.4658787122082124e-006	-1	
-102.00092229207316	321.65935917426486	-0.00018591153150969303	1.460130960823052e-006	-1	
-118.14757752417195	328.86202239882482	-0.00018261359681574906	1.5294216609593215e-006	-1	
21.322634273264296	248.68965755363655	-0.00024383657001665116	-2.0554811230304726e-007	-1	
37.573376595790492	228.7899729009134	-0.00025797884688868734	-9.3367336884717674e-007	-1	
39.822921143999174	222.15201555305717	-0.00025741069198470664	-1.1329916145378361e-006	-1	
34.556185398787868	236.16343573801944	-0.00025739557264550642	-7.2681691373970076e-007	-1	
29.613288913118556	246.40903047595444	-0.00025520663121149389	-4.711426412372107e-007	-1	
38.188190396537628	242.2278011546075	-0.00026750850918550074	-7.8087597126945874e-007	-1	
27.127238234461743	251.51555815222341	-0.00025427658941655604	-3.6522955604377982e-007	-1	
45.446506925716299	217.96892920658968	-0.00026697519472842221	-1.4709718896651063e-006	-1	
51.536069538329542	212.93809540044722	-0.00027880220125153066	-1.8998440634415755e-006	-1	
52.081597604872876	199.17179627084133	-0.00026767046008261498	-2.4703631687475268e-006	-1	
52.47108727842059	206.05236148292249	-0.00027580460349466981	-2.1950821172641415e-006	-1	
59.49669067838412	187.44151893389093	-0.0002807890159210751	-3.684373322998722e-006	-1	
65.096610008915505	181.00345670965177	-0.00029868519772202341	-4.6344610246210745e-006	-1	
54.015538797374013	139.05400327886042	-8.6904645780418689e-006	-1.3716791058043191e-005	-1	
50.626949638317278	137.3714061092621	4.9710772489102901e-005	-1.4329777937137927e-005	-1	
48.125548248243398	137.4783403942013	6.2028317225016556e-005	-1.4682206506211461e-005	-1	
68.508132729556834	159.83546051405307	-0.00028542181855572304	-8.0642497909489668e-006	-1	
74.754134730238988	154.90415537107845	-0.00033313981049838107	-9.2332990018485943e-006	-1	
68.925492092484561	168.25074939225823	-0.00030415596267882844	-6.5292990715874385e-006	-1	
70.457271134079264	180.89406351592038	-0.00032623658487870643	-4.9235016134655558e-006	-1	
72.535606855847888	175.95147561105748	-0.00033480699702991029	-5.588176767336368e-006	-1	
56.290541885820815	195.18681548389412	-0.00027751871093882358	-2.9426428499282027e-006	-1	
45.535081545328907	133.33893575455269	0.00015413057606915862	-1.7712176548199063e-005	-1	
44.840651624150617	131.65302953666082	0.00019854608296501064	-1.767906533844787e-005	-1	
45.475039857291101	131.94339087310323	0.00019441448008104286	-1.8248719535103922e-005	-1	
43.596662937416518	131.35563248046711	0.00019164767890964427	-1.5760065591309576e-005	-1	
44.48371315929365	131.05356888878367	0.00021454624460674477	-1.6710328250320677e-005	-1	
43.879354175984219	131.10644344852329	0.00020422946926198159	-1.5223297877230609e-005	-1	
46.482122735895558	133.63473718153833	0.0001488499466990575	-1.7384177884633962e-005	-1	
48.180428538856546	134.33296085462845	0.00012874382660624069	-1.6360090801963034e-005	-1	
43.274995192674787	131.15931800826291	0.00019167494871406076	-1.4322460806802505e-005	-1	
45.088072142603082	131.00069432904402	0.00022309041024526241	-1.8259677360441695e-005	-1	
45.692431125912506	130.9478197693044	0.00022982645801845959	-1.9452096318000328e-005	-1	
54.13733327500087	128.70161551615595	0.00017796345072168871	-1.9038233838935892e-005	-1	
108.79714743455384	111.22894178615695	-0.0011687807931865888	1.6848579654511819e-006	-1	
108.98631851267602	114.41264018875671	-0.0011672753028139301	1.6886065130335751e-006	-1	
107.53997938172184	118.2195772370259	-0.0010868329687191592	-4.4689658635442308e-006	-1	
109.17103523827599	121.14726136632143	-0.0011019851410668045	-9.1500188368516533e-006	-1	
108.79181622187392	124.91366248993063	-0.0010265056495785642	-1.411911736705569e-005	-1	
109.64598718509492	108.15466263594701	-0.001195734029554123	3.4157730236230985e-007	-1	
109.33469488647107	105.85679817476084	-0.0011666577472361156	-5.4083193361809468e-006	-1	
109.69165027524654	103.68419274602965	-0.0011539063950254578	-1.2549480182927061e-005	-1	
54.061132532526244	129.47135599525137	0.0001663081811211494	-1.5875067786494042e-005	-1	
54.334887531947274	130.05989050968702	0.00014715049105328441	-1.5347193525522468e-005	-1	
54.221887032018117	131.5768528807092	0.00011903864819525869	-1.4461502708654006e-005	-1	
53.923530174992187	130.99925237415172	0.00013840968779725541	-1.3486592521085245e-005	-1	
53.633817615092703	133.41960942227962	9.1692154445652802e-005	-1.4712530504641307e-005	-1	
52.419703767143844	135.62370004440615	6.5324558809196453e-005	-1.4621115740116118e-005	-1	
79.464558103621727	152.87663692416169	-0.00038107002569654706	-9.536886371651486e-006	-1	
87.863054421504543	151.81366053034412	-0.00047284487831187949	-9.275676724276451e-006	-1	
92.860874567369834	148.84688895465433	-0.00053790591055992887	-9.4275430612399926e-006	-1	
84.00930064817004	155.25239672112573	-0.0004265737357324664	-8.880953421906574e-006	-1	
96.219032071451522	144.10318597380513	-0.00060146623904804215	-9.9380968753883201e-006	-1	
101.56851132333573	144.96237150935568	-0.00065913661999115406	-9.4018613114861229e-006	-1	
107.20555523055923	128.0467141171228	-0.00093366558306319687	-1.3212227423224819e-005	-1	
107.68025491140223	131.24632948560136	-0.0008910997297235379	-1.251648300801061e-005	-1	
107.50133652733304	135.98301079878294	-0.00082145034570046895	-1.1036862903644788e-005	-1	
105.88853984194235	141.69243547798374	-0.00073596963472625663	-9.671522588761413e-006	-1	
109.07013335869131	126.86013114129788	-0.00099561275110429822	-1.4814249878365308e-005	-1	
109.43958188408395	100.40698310637488	-0.0010849152224717367	-2.1428937927153332e-005	-1	
109.85093924103901	99.467621241910251	-0.0010755870928265091	-2.2207749903419319e-005	-1	
109.63713614103015	101.76525809990602	-0.0011193071803927807	-1.9634768778132156e-005	-1	
109.71333688350491	100.99551762081053	-0.0011063984325019979	-2.2044412382199499e-005	-1	
110.04202308662416	102.42432829313238	-0.0011463046352950014	-1.8315451192179216e-005	-1	
112.65761106202426	98.557707925098441	-0.0011159845322033107	-2.0119993017300002e-005	-1	
114.07269076395481	97.412310497546784	-0.00110140221329848	-1.5630900164973534e-005	-1	
115.59404087717454	96.133912761433578	-0.0010782342173142904	-1.2303124029885365e-005	-1	
112.28524958654721	99.388384588675734	-0.0011358136200112243	-2.3737806611155581e-005	-1	
111.58806021316276	99.486699016909171	-0.001122650454718446	-2.55200706281612e-005	-1	
110.90384215573553	99.553530788557268	-0.0011069973972231697	-2.5942578190069719e-005	-1	
110.49570142051842	99.550813135883445	-0.0010955366751006863	-2.4843947918661489e-005	-1	
118.79135596815894	93.135256838474902	-0.0010163570051003497	-6.8831378919111564e-006	-1	
122.23536009629566	91.254317852311019	-0.00098199631383451649	-3.362150301850974e-006	-1	
118.24020649428564	95.461387345863429	-0.0010718708321778908	-8.9736330906468286e-006	-1	
126.00676175512035	88.38296082494314	-0.00093424789350151304	-9.388186936701972e-007	-1	
127.61955844051077	82.673536145742304	-0.00086496804884804044	-2.1700676249025377e-007	-1	
131.93958695911746	79.403600114370832	-0.00083392993977852927	9.4481388244868807e-007	-1	
46.901149092531362	130.84207064982513	0.00023833798592862035	-2.0785574261430138e-005	-1	
49.983733952765718	131.27253008695368	0.00020519155180891401	-1.637179855911917e-005	-1	
48.813605756632782	131.81936230143884	0.00019788612829480193	-1.7844313656918991e-005	-1	
50.876103150439896	131.03126266682781	0.00020145760374649886	-1.4274385630278013e-005	-1	
51.131661975697362	130.47194873164776	0.00021638608550027691	-1.2903232125323064e-005	-1	
51.719951786589654	129.8152013976848	0.00021998206365023414	-1.9069583745282045e-005	-1	
47.572456743211092	131.88827619173978	0.00020099357958886774	-1.8807078548795931e-005	-1	
52.165868151557731	129.40767331128589	0.00021961382605699905	-2.0149572821675929e-005	-1	
53.010766779504905	129.38529543623906	0.00020096501393909841	-1.1541741359920627e-005	-1	
53.409300823728522	128.96291172394723	0.00019642836779796907	-1.5827502876759436e-005	-1	
52.653038739452661	129.61035083506553	0.00020443927963230505	-1.3918194235240999e-005	-1	
130.62891091549059	74.146485282117396	-0.00078902647506472743	9.7474057104365212e-007	-1	
132.71352601111766	68.734831284023883	-0.00075328234430727375	1.6799153509717666e-006	-1	
67.963265065537612	0.17410896476449406	-0.00011426415114836519	5.3787923192168625e-005	-1	
67.883190625782731	0.12861741461916237	-0.00011317435106242705	5.4343003101039307e-005	-1	
67.638792670374755	0.094414735296325589	2.3170285890650583e-005	1.7295446713265502e-005	-1	
67.705156616256687	0	3.5169053099383792e-005	-1.0240897159258849e-005	-1	
67.837884508020551	0	5.7232707485652104e-005	1.4331447336915866e-005	-1	
67.306972940965096	0	-8.1215910546341086e-006	-5.7072180461954323e-006	-1	
67.572428724492823	0	-9.763761094907263e-006	-1.3390811348491237e-005	-1	
68.145876238072077	0.082690682619969744	-0.00011686667661131205	5.2769677429897492e-005	-1	
68.096774069803715	0.097678648945040275	-0.00011616255204240383	5.3071736051093902e-005	-1	
68.1875	0	-9.8065714768794124e-005	6.7655606945464863e-005	-1	
68.191020600567043	0.020680436226705571	-0.00011758985739639362	5.2489671003717086e-005	-1	
68.151311088079552	0.034604112094660265	-0.00011703008488928231	5.2765837561094421e-005	-1	
68.043763772032563	0.12937245518537671	-0.00011539059906049981	5.3362938642646392e-005	-1	
134.125	0	-0.00056328121634713867	7.1948991654096317e-006	-1	
131.98246390203974	4.9908145906976351	-0.00055615739222101526	7.3753485735625792e-006	-1	
134.59117952009063	9.7545624885109206	-0.00056836525770194977	6.9847723468745809e-006	-1	
138.64538593687669	13.706913679416202	-0.00058568630670011222	6.4888812667397023e-006	-1	
141.88012511571117	30.07791367200042	-0.00062120732474827366	5.3593348811041464e-006	-1	
143.31415392619968	19.233634910896704	-0.00060675713376425345	5.9229897977811169e-006	-1	
144.49712348731916	24.907024910070117	-0.0006185903877211574	5.5697449622895934e-006	-1	
142.82195527025448	36.304959601838711	-0.00063819770909170133	4.8842129805534842e-006	-1	
144.24017303294525	42.100817018451089	-0.00065770153950213135	4.4320106784803338e-006	-1	
148.89155294747073	49.777886510479455	-0.00069157705642025906	3.9210842863229258e-006	-1	
145.44152968810369	54.045135875103014	-0.00070083000202987035	3.5885761717518526e-006	-1	
143.82960173043864	65.476038213665092	-0.00074855262275644687	2.8505053549477098e-006	-1	
148.1447250619205	60.044197534720865	-0.00072862432944668573	3.3269839607614457e-006	-1	
139.0570244215898	72.889056438500035	-0.0007866261965935404	2.1819376021617262e-006	-1	
-12.717217721393459	286.79909526164346	-0.00022586580171090833	5.5548272704688511e-007	-1	
-22.530803363883702	289.59898470730144	-0.00021865257167434161	7.1656628101961233e-007	-1	
-13.640795007330013	292.49697806830909	-0.00022757152821862239	5.5242141050018201e-007	-1	
-28.464102956279532	290.90595407459	-0.00021448877905508399	8.0802434139650928e-007	-1	
-1.6607985079929222	281.81129588874796	-0.00023413052817512187	3.5936407080753686e-007	-1	
-6.2626720997864238	286.35859799730122	-0.00023168506161155175	4.3763041114362814e-007	-1	
1.427237931405605	272.33787267126854	-0.0002326569421752917	3.1461043499181621e-007	-1	
3.7628587604696904	277.08831960039231	-0.00023757956666604733	2.5661552342829828e-007	-1	
2.9401945654342585	267.26511869466691	-0.00023153794057322296	2.9053251646508431e-007	-1	
12.196278225611872	265.76054574941094	-0.00024157873678719175	7.1238121584390101e-008	-1	
16.586379926631103	260.38360377875949	-0.00024424278738883039	-4.3758563189290017e-008	-1	
22.429718252857278	255.94415243956439	-0.00024980671949210195	-2.1306485017022836e-007	-1	
-49.60985359157899	304.163763422724	-0.00020545984609385265	1.0394408209938589e-006	-1	
-42.933575363954567	303.29077294814255	-0.00020948722617151371	9.556486825552735e-007	-1	
-37.541442736697107	300.9122399953572	-0.00021221534775178134	8.9332386867598212e-007	-1	
-34.810746872145458	295.68961485346347	-0.00021191981810511726	8.8093319328888676e-007	-1	
-90.664217691824646	316.70122737397941	-0.00018875432292138374	1.3990966727843545e-006	-1	
-83.854820477131412	315.7982796700116	-0.00019141084625184135	1.344820836486984e-006	-1	
-95.078702016615154	319.08495825468407	-0.00018774419114883336	1.4215759321667545e-006	-1	
-79.987427658611765	319.99112502108204	-0.00019468059353678192	1.2845304779555735e-006	-1	
-72.250454151930654	316.26020839736009	-0.00019718584789559399	1.2298796438131523e-006	-1	
-66.832789259535204	315.82042979383635	-0.00019987117150102148	1.1758335579702855e-006	-1	
-58.665262558667706	315.31778553227991	-0.00020425603454489523	1.0880933335937121e-006	-1	
-51.909276506911127	315.05709428213254	-0.00020819892465299543	1.0100672529414738e-006	-1	
-47.736743474455373	309.85650563693139	-0.00020892609670931952	9.8428041872203011e-007	-1	
-200	337.39917145043938	-0.00017248145223121872	1.7292900952353005e-006	-1	
-178.39699399770404	344.56948570795038	-0.00017494622657661491	1.6821493046821394e-006	-1	
-184.35861374561401	345.0097559648849	-0.00017463048472617833	1.6882791654174925e-006	-1	
-172.8936226611188	343.88598983277637	-0.0001752923599372906	1.6754131275482274e-006	-1	
-165.4771014413293	343.13524243256307	-0.00017596103388982408	1.6624261773527608e-006	-1	
-194.5558492633532	340.52187989249478	-0.00017327175636065644	1.7142205505456083e-006	-1	
-190.46556000476414	345.28209197164506	-0.00017439536969208753	1.6928304869979818e-006	-1	
-132.25463841957614	340.61678934621636	-0.00018171808282707488	1.5507311168332532e-006	-1	
-123.70492443038628	337.98682013942954	-0.00018338899764674794	1.5176782603720463e-006	-1	
-118.7837981755285	334.09374125655182	-0.00018386099103966615	1.5071726923983969e-006	-1	
-161.50007030481922	347.48114126014298	-0.00017741521610706372	1.6348065089711725e-006	-1	
-153.58778173415288	347.79735518832928	-0.00017872810618393503	1.6095796042391017e-006	-1	
-145.69842766598563	348.47735082138047	-0.0001803387376778236	1.5787197948487114e-006	-1	
-137.41454625791752	346.89449538437134	-0.00018183840300287313	1.5496880574381618e-006	-1	
-105.36827606891954	330.58392723058068	-0.00018738151254743017	1.4368593797469021e-006	-1	
-112.62396162157434	332.89793172609598	-0.00018550967938412138	1.4745205572632572e-006	-1	
-101.05903747803332	327.57659224089508	-0.00018811150874669747	1.420759665215952e-006	-1	
-97.208865757613367	324.00031223275124	-0.00018850137781023927	1.4105307222399608e-006	-1	
42.85384154596796	229.18542681289887	-0.00026915233954567525	-1.1317951499609885e-006	-1	
40.761791739205989	236.56664377288482	-0.00026937133493103377	-9.4097195227421757e-007	-1	
46.775936858641906	225.62777839788396	-0.00027550051631671814	-1.3528245641405646e-006	-1	
33.509289302886501	250.54161487899805	-0.00026374766424587585	-5.5502318069312113e-007	-1	
42.975255333215756	246.03711658824395	-0.00027788524823781909	-8.7801685113883985e-007	-1	
39.347729866491726	250.61242657770848	-0.00027345098480800295	-7.2211467373902069e-007	-1	
34.585986162226177	255.56788547913698	-0.00026769678567226796	-5.447155751641839e-007	-1	
30.796999644611937	259.04153679181513	-0.00026342838485927272	-4.1965250975975104e-007	-1	
51.654969922260804	220.83606503172993	-0.0002841725274616422	-1.6627053107858234e-006	-1	
57.350872818540296	212.63191855943325	-0.00029486781745396035	-2.1683395328789622e-006	-1	
58.392746629363955	219.66651568925514	-0.00030089612552649397	-1.9578874577600821e-006	-1	
57.153923019223505	200.91829494830355	-0.00028619090833475655	-2.6834685962382511e-006	-1	
58.606762047198053	206.94610958525337	-0.00029514818601292264	-2.4595897571473157e-006	-1	
64.950102250290868	190.95081078161962	-0.00030729079996514425	-3.7331333713231777e-006	-1	
67.880411591411416	186.01921335685165	-0.00031687678894940858	-4.2977545270244128e-006	-1	
49.995579986593562	134.94863574902544	0.00010400037716782611	-1.5297401312974723e-005	-1	
74.711511226726401	161.27142089293395	-0.0003398817949316756	-7.9330713796296953e-006	-1	
79.461285605871836	158.41774102951882	-0.00038042067270753472	-8.4387431590481578e-006	-1	
74.257234225200435	167.62260341233502	-0.00034089941487762968	-6.8265985724742498e-006	-1	
74.941464128986524	181.307018550256	-0.00035048743808654335	-5.0346781067362599e-006	-1	
73.874854255881345	185.82276130263801	-0.00034554022240292586	-4.5514666206561024e-006	-1	
77.196312246153767	177.40904745692222	-0.00036306153637973628	-5.5287042404681943e-006	-1	
79.954635427035356	172.45559616333375	-0.00038103664144903133	-6.2009440055117092e-006	-1	
62.939023691473182	197.11606747338885	-0.00030396772819083357	-3.1911544736844547e-006	-1	
46.235411534582035	132.63613890838067	0.00017676974201704767	-1.8097325661905289e-005	-1	
46.359792323547886	131.6150638145001	0.00020950946736572026	-1.9170364285837133e-005	-1	
47.266876019102448	132.91108292670654	0.00016920320440256758	-1.7732445557959399e-005	-1	
48.236896620831992	132.64384084587283	0.00017481090682998257	-1.7515906918510506e-005	-1	
49.701778652075944	133.05456311851515	0.00015355999424009146	-1.6081971552427197e-005	-1	
111.77307565076795	112.61876452560125	-0.0012921850953687807	1.1040085801781523e-005	-1	
111.50390951363683	109.54218150006037	-0.0012805271021035104	7.9890292985518295e-006	-1	
110.45348559648824	117.38441171256967	-0.0012003782010770656	7.1338246224722958e-007	-1	
112.04224178789907	115.69534755114213	-0.0012839571113754736	8.5255172537786517e-006	-1	
110.54594250356044	119.70142178969489	-0.0011727892726256968	-5.0491717111283707e-006	-1	
110.54286731743171	122.86272220012837	-0.0011151351497147254	-1.415326624780826e-005	-1	
111.27474391139501	121.77903580737635	-0.0011617572720220139	-1.201061637970992e-005	-1	
110.67363606619604	124.46822818642765	-0.0010854855919290851	-1.7364397893821334e-005	-1	
110.59331435102865	125.61670028114366	-0.0010571901768844929	-1.7631638881533124e-005	-1	
111.2347433765057	106.46559847451948	-0.0012508735817003669	-1.8046904275008107e-007	-1	
111.10016030794014	104.92730696174904	-0.0012282607718836708	-6.5093498966403817e-006	-1	
110.96557723937458	103.3890154489786	-0.0011998299231079639	-1.4550848794218848e-005	-1	
53.416077186221642	129.54359362113883	0.00018450834686214459	-1.2806721470154627e-005	-1	
53.655684846237065	129.97823551552494	0.00016789831746333758	-1.2600295854754532e-005	-1	
53.729640375324429	130.37873170173648	0.00015697748222097912	-1.2558518768878055e-005	-1	
53.070339673111427	131.56918516835185	0.00014400195926977881	-1.2825743993150617e-005	-1	
53.278767995512801	130.91606048017857	0.00015580190721178387	-1.1573491140569894e-005	-1	
51.995468891162631	132.14732595597386	0.00014932591732376855	-1.3722349799212198e-005	-1	
51.174256221996792	133.43716206883508	0.00012804272504774862	-1.4871496733241491e-005	-1	
92.752468201991036	154.35731466909027	-0.0005151801373053038	-8.54104584657106e-006	-1	
91.450442476852743	159.71280460983797	-0.00048714339167610528	-7.774857807029934e-006	-1	
97.573722482170609	151.69588380074842	-0.00057421429921180038	-8.60298479352334e-006	-1	
86.083026994022703	160.22997362097584	-0.00043806954773614168	-7.9492811427723719e-006	-1	
102.87918736696255	150.21948634160935	-0.00063298139877832071	-8.3818710144966225e-006	-1	
110.52585526450724	145.39296908646722	-0.00074220167012708127	-8.366834877988326e-006	-1	
108.30553326266698	150.34588505824999	-0.00067916891289763581	-7.7897087795967456e-006	-1	
109.32745484895285	128.66491534964101	-0.00096510949781896771	-1.4337018751684525e-005	-1	
110.50269813257586	130.05856652993475	-0.00095844431503120373	-1.401573432828634e-005	-1	
111.2727381861577	133.11165377141486	-0.00091321297420193543	-1.2195901801642473e-005	-1	
111.79878001409371	137.71505060500388	-0.00084503669649459081	-1.0082147081249533e-005	-1	
110.85906759337092	127.67616725777368	-0.0010155652747481493	-1.6462327242085357e-005	-1	
110.1187845697941	100.48863810053699	-0.0011084423339617275	-2.5218948440907742e-005	-1	
110.04482904070677	100.08814191432549	-0.0010962991776197238	-2.4473859938136505e-005	-1	
110.36516859230261	101.50396189211477	-0.0011403024800846066	-2.3653803970130475e-005	-1	
110.35839222980951	100.92327999492319	-0.0011270420046588239	-2.6017921877126172e-005	-1	
110.83099417080902	101.85072393620817	-0.001165447031314546	-2.376825904556703e-005	-1	
112.89836626559122	99.435610949234245	-0.0011504315064370461	-2.2143493651738778e-005	-1	
113.79073546326542	99.194343529108295	-0.0011573262635889833	-1.9066730644548322e-005	-1	
115.5375727951991	97.823032770189201	-0.0011301951853515215	-1.4048540707646122e-005	-1	
114.96086365939836	98.647511314623245	-0.0011534881668803924	-1.5721903154235993e-005	-1	
116.50759339692864	97.555790689355476	-0.0011278789759613327	-1.2594467888379113e-005	-1	
117.29234668013542	96.832136434523619	-0.001108119641370639	-1.1125955235026068e-005	-1	
112.64280744033378	99.994924884414289	-0.0011657170530542324	-2.4996211027659715e-005	-1	
112.03844845702434	100.04779944415391	-0.0011534382244771108	-2.7760509092333446e-005	-1	
111.1124217289732	99.904359531689337	-0.0011236264279967632	-2.8863635082674497e-005	-1	
111.43408947371492	100.10067400389354	-0.001139412618979221	-3.023690427612899e-005	-1	
110.73618242856412	99.925655043698541	-0.0011131787468545643	-2.8460180284564921e-005	-1	
110.48052390557744	99.995905501719307	-0.0011072861830137618	-2.7228448809437559e-005	-1	
121.13371193137102	94.204008464718925	-0.0010396985067291336	-4.9107401898152051e-006	-1	
119.65993737446222	95.36241090152906	-0.0010692826569408229	-7.2155805157807828e-006	-1	
123.0054001498775	94.307405093791161	-0.0010355047279571074	-2.682824538563735e-006	-1	
125.82784337105112	93.119642138124618	-0.0010021717901154549	-2.3509850976435268e-007	-1	
119.10572843955843	96.673244439829347	-0.0011051306553083405	-8.9103131001219631e-006	-1	
118.23938787070216	97.127937861509182	-0.0011189129307056336	-1.0360076527166725e-005	-1	
130.70328438105898	87.74199524486346	-0.00091641911527785315	9.785869186935866e-007	-1	
137.28906621100154	80.262785649920716	-0.00083816907179618742	1.913797046500651e-006	-1	
136.79330581560879	86.465390195958321	-0.00088732974887084019	2.2604539962193093e-006	-1	
51.1168583540071	131.90916569096316	0.00017042240902330873	-1.4408626550973095e-005	-1	
51.489219829483943	131.07848902738618	0.00018951862890621217	-1.2747191796436431e-005	-1	
51.736020959006787	130.41907417190811	0.00020651846584710125	-1.0473534811133397e-005	-1	
52.315984036983721	129.91351773529203	0.00020545293295000708	-1.3848787943685071e-005	-1	
53.044412546646285	129.76986831443168	0.00019131522936567913	-9.1803485382706902e-006	-1	
52.756616732011658	130.02009573453105	0.00019257437046603851	-1.0001599920805709e-005	-1	
67.997396100687382	0.088572601290893102	-0.00011474176399395464	5.3702742729372229e-005	-1	
67.970612399784414	0	3.2499590237324004e-005	5.959745187970006e-005	-1	
68.111601575592047	0.048527787962619404	-0.00011643575018090719	5.3035011116800368e-005	-1	
68.054498838139722	0.068550194626754032	-0.00011557151704597005	5.3386981572961875e-005	-1	
68.145420145774125	0	-7.3965089612285827e-005	7.9087953255165162e-005	-1	
142.34104253644352	0	-0.00059102261917167765	6.4685553788658802e-006	-1	
139.58428600881871	7.0850012514569327	-0.00058395997607374038	6.6159126720107385e-006	-1	
145.17094280985847	12.24118347022544	-0.00060450772961802334	6.0817808102700955e-006	-1	
146.50778810507933	33.316530521153254	-0.00064056296765423431	4.9940015259325861e-006	-1	
149.2727030332037	28.391172739324659	-0.00063705410585712695	5.1960567355625827e-006	-1	
149.76930483089927	22.500601226330733	-0.00062852077933970251	5.4534074377144951e-006	-1	
151.23170777878147	16.134628931740163	-0.00062419751807880311	5.6292823302507545e-006	-1	
148.9915990440617	38.38945739409121	-0.00065822841652736139	4.6353346365765188e-006	-1	
149.84022874780274	44.37306534267767	-0.0006763031835318199	4.2636981981398112e-006	-1	
153.9642100772738	49.600892337796921	-0.00069861759263171585	3.9829348831897193e-006	-1	
152.01700598220799	54.28827684366631	-0.00071129530643146194	3.7166774767791225e-006	-1	
145.53489126384918	71.566994900294134	-0.00078046751473442747	2.7606498819651973e-006	-1	
150.03124215669609	66.719992302271166	-0.00075788381276015724	3.1235225561683015e-006	-1	
156.29361756218788	61.345850230915389	-0.00073951640696632637	3.5104398304936412e-006	-1	
144.54702854784992	78.104175698710634	-0.00081600496758354156	2.676724710559424e-006	-1	
-19.200377146853029	294.68036977370508	-0.00022373078944371803	6.3878649608533525e-007	-1	
-23.418953478877093	298.768089625556	-0.00022202194902437973	6.9022947395429914e-007	-1	
-13.579566040746354	298.26890274689288	-0.00023001630847138262	5.331132315741822e-007	-1	
-8.8648193924158409	295.73872457402769	-0.00023321118175383701	4.6039587703572885e-007	-1	
-28.967634935350937	296.83988477365023	-0.00021680486626978601	7.8623771100748977e-007	-1	
-0.67023595759971588	287.41594707398275	-0.00023758050165306575	3.3049338517902093e-007	-1	
7.821950786941696	283.02518199619942	-0.00024457274273076261	1.6914442873308053e-007	-1	
-2.7966473350830836	293.51785909108338	-0.0002379703981875241	3.5902829816338479e-007	-1	
8.6576253661841012	271.73234898139276	-0.00024045830992978131	1.5384125191318634e-007	-1	
12.076935256621368	277.66271605735426	-0.0002470847421011408	8.0158435917931628e-008	-1	
18.283351325566677	266.24978685228615	-0.00024945719452594003	-7.5573870843317626e-008	-1	
15.960144143608002	272.02519687578882	-0.00024922216754040013	-1.0924395246684743e-008	-1	
22.343961359229436	261.89659046210386	-0.00025274392504223621	-1.8848784712287445e-007	-1	
-41.287758773624198	311.53291541681222	-0.00021380122168749779	8.9265237428858431e-007	-1	
-36.893198758371327	306.76990958504769	-0.00021505394520304308	8.5507979171002837e-007	-1	
-32.774812179740636	303.77434461230399	-0.00021684985230738067	8.1038283118471394e-007	-1	
-85.363307395625029	321.069700221007	-0.00019255021739645291	1.3278326758136517e-006	-1	
-91.03241339104045	323.56035537326994	-0.00019089988819874376	1.362848541403202e-006	-1	
-74.422381789278489	321.24290128821099	-0.00019781225446705101	1.2241614930132284e-006	-1	
-79.188400555144412	325.63897727115506	-0.0001968718064306557	1.247574468750074e-006	-1	
-67.827842420835935	323.56247715816795	-0.00020196100168601882	1.1460570636034903e-006	-1	
-61.296370424668488	321.07084009356447	-0.00020473132969168732	1.0885015269801874e-006	-1	
-54.970855005242399	320.98017551254674	-0.0002083780876945274	1.0178039114083496e-006	-1	
-48.83365218850853	320.39964170515987	-0.0002119441546647849	9.4825940777126131e-007	-1	
-43.293961047956046	317.69518242786808	-0.00021462106575575519	8.9137801148037072e-007	-1	
-200	343.64458833455024	-0.00017387972069592711	1.7026826956810192e-006	-1	
-181.8367093724591	350.42960340281837	-0.00017585101485266381	1.6651014818336481e-006	-1	
-175.19409587349713	351.86079422183553	-0.0001766413429402495	1.6500041971157396e-006	-1	
-186.10861492064643	353.66872876354307	-0.00017618542284298302	1.6588379553989051e-006	-1	
-190.95447152453292	351.37552491527896	-0.0001755635143744028	1.6706744767126153e-006	-1	
-167.22694164037142	348.72924647181753	-0.00017689998013944766	1.644819978101192e-006	-1	
-195.22792713880014	349.11469145416066	-0.00017503680774937885	1.680690312581766e-006	-1	
-124.8102316832297	343.87486398402064	-0.00018446242690094836	1.4986164347975722e-006	-1	
-129.06614072724432	348.09126086383276	-0.00018419993872577267	1.5046293044366787e-006	-1	
-118.60905831573923	341.99118570087239	-0.00018588118700818858	1.4708153746476503e-006	-1	
-114.19885494736924	338.37764629741292	-0.00018640267049993919	1.459494427702196e-006	-1	
-159.28491668857544	353.29707836181473	-0.00017884018452656733	1.6079491609623221e-006	-1	
-167.07986949073324	354.58869966270311	-0.00017800616510029712	1.6240030958509995e-006	-1	
-148.62646681234295	353.96903696240844	-0.00018080306384786409	1.5704634802806217e-006	-1	
-154.15682361243762	356.82336412967686	-0.00018029318457025173	1.5804561930935967e-006	-1	
-141.97378093750615	353.9896699173791	-0.00018218798181560746	1.5440412142239572e-006	-1	
-135.05209950532483	353.42499159785388	-0.00018368807000672984	1.5153514530764167e-006	-1	
-104.62428526123227	338.163245624892	-0.0001896724651485382	1.3963125480821822e-006	-1	
-98.759864369810771	334.36922569428884	-0.0001909135719762839	1.3703679533865553e-006	-1	
-96.15280342803004	329.45873687400888	-0.00019056736699904367	1.3739752533081493e-006	-1	
46.096841304314879	233.37143283940185	-0.00027833921039538466	-1.1732161304799548e-006	-1	
48.553070905735083	243.52418041319396	-0.0002873108153469682	-1.0765188000009139e-006	-1	
50.922283778993183	229.8930052943733	-0.00028706153581884239	-1.4103461375890594e-006	-1	
54.45180441045698	225.62042912939938	-0.00029333920050450611	-1.6387351912070595e-006	-1	
46.327984434531338	251.15435044591601	-0.00028551145039459083	-9.0323335208659594e-007	-1	
39.651174775552406	256.4434062294128	-0.00027602641660999966	-6.6988372098343845e-007	-1	
36.358243011234933	260.40445951069933	-0.00027226771374991657	-5.5124575327156063e-007	-1	
33.195231888573865	264.09071015048221	-0.00026889641988926455	-4.4665061663390533e-007	-1	
28.649890525936357	265.80329738577092	-0.00026312405651484656	-3.2758279405471176e-007	-1	
63.019744847511788	211.30166619064462	-0.00031099696872060613	-2.4436430013873289e-006	-1	
63.966889347727935	220.81390761634751	-0.00031616775163786226	-2.1051424038980427e-006	-1	
60.920789042238333	225.62107395504881	-0.00030915592667155544	-1.8547564254314246e-006	-1	
67.797706967359787	202.04734726505345	-0.00032369860471916746	-3.1039423336417318e-006	-1	
68.937801408912193	196.06481923541324	-0.00032651181546529737	-3.5301718461612249e-006	-1	
73.276033078789411	191.79045344157151	-0.00034352033913426472	-4.0056181935267898e-006	-1	
83.795537481975117	165.11300592515704	-0.00041321567342905252	-7.2404136123938407e-006	-1	
79.422240130764038	181.7555328731635	-0.00037431323765177302	-5.0842902846900749e-006	-1	
80.863421928322026	189.53791113564719	-0.00037811113940349145	-4.3746236014291374e-006	-1	
82.076771481371338	177.24228992496867	-0.00039184997099628012	-5.6094844445011311e-006	-1	
86.892908313484057	169.68457311416097	-0.00043040332847849011	-6.5334804674371026e-006	-1	
86.900867013683794	175.20660800091707	-0.00042295692797859256	-5.8382324707283997e-006	-1	
114.46283497183529	110.73243469609892	-0.0013447661439898386	6.0987473041503623e-005	-1	
114.79454638986803	113.90448609432717	-0.0013495967661076675	6.3783259854238329e-005	-1	
113.09082942839545	107.853277992023	-0.001304978732388161	3.7507979305624466e-005	-1	
112.3114079250302	118.77193057668302	-0.001256663046100453	4.6599753539299509e-007	-1	
113.9523628576783	117.0782996171469	-0.0013103410582162237	3.8922872743701057e-005	-1	
112.44599099359576	120.31022208945346	-0.0012347109287985396	-6.1124504416220183e-006	-1	
111.55427747373164	123.67828380446639	-0.0011292164009165599	-1.8944442333705464e-005	-1	
111.83856693883743	122.95891848813442	-0.0011553287528923495	-1.7586943695066285e-005	-1	
112.58057406216132	121.8485136022239	-0.001207748462527118	-1.3825751020873831e-005	-1	
111.7629845871771	124.42309807601923	-0.0011171202750892171	-2.1390536191204067e-005	-1	
111.59558648724733	125.05022848552758	-0.0010963509701723221	-2.0967486139946167e-005	-1	
111.58631367399245	126.19927394589546	-0.0010662364037448222	-1.9486618623203915e-005	-1	
112.8138113044218	105.55241492910322	-0.0012768045897075008	2.7102965003729593e-005	-1	
112.74446247539316	103.72962847740223	-0.001247566041165802	1.636993432741899e-005	-1	
111.70879133116809	102.2815508729749	-0.0011970009076500195	-8.254818398255683e-006	-1	
53.249722124216923	129.94566430457752	0.00018074124011367861	-9.9274111249341165e-006	-1	
53.318734069543567	130.20699475476619	0.00017244077462036373	-9.9003733930993752e-006	-1	
53.293945510453732	130.4709681143427	0.00016656761702748036	-1.0219519903463937e-005	-1	
52.870627260295684	130.91334282750475	0.00016572638058898447	-1.0775413010994294e-005	-1	
52.186409202868312	130.98017459915289	0.00017889980669684292	-1.1234503754304902e-005	-1	
53.038286987467046	130.54121857236348	0.00017168323244513422	-9.1420866441165301e-006	-1	
96.991895761991884	158.22402261164615	-0.00053787800580719683	-7.6657725642482861e-006	-1	
89.220124979340156	164.67687951115155	-0.00045620305874094085	-7.1611653698942518e-006	-1	
96.608539921794588	167.85453917628408	-0.0005012325292084222	-6.417734082399394e-006	-1	
102.59396621293928	159.4653859799399	-0.00057620943009148527	-7.080198623020063e-006	-1	
107.56985988569406	156.23346599649383	-0.00063165048050945448	-7.0455469849524563e-006	-1	
114.88601836091533	148.48923576656179	-0.00074039639680496458	-7.0859360405267584e-006	-1	
115.9369553252759	139.79915413078129	-0.000848773185652882	-8.5453766117056889e-006	-1	
112.78721618750426	153.40786555730918	-0.00068570409563752295	-6.7722291600332766e-006	-1	
112.37438635108231	130.16196315900697	-0.00098455555301468615	-1.4359475909382125e-005	-1	
112.14995379986868	128.30090494386292	-0.001024216747249595	-1.6611418242968508e-005	-1	
114.71674231429439	131.230714785251	-0.00098780504840108828	-1.2927513598936318e-005	-1	
116.15155809399221	134.22544132638791	-0.00093870776534438053	-1.042369637310281e-005	-1	
112.29682978431303	126.87433148983406	-0.0010634788048614931	-1.9419320874018577e-005	-1	
110.52474729181419	100.52120931148451	-0.0011229508635010148	-2.8654969850131649e-005	-1	
110.4557353464876	100.2598788612958	-0.0011137110123974905	-2.8099941311837318e-005	-1	
110.76370263652623	101.08157817982296	-0.0011455927162988711	-2.8191430143873013e-005	-1	
110.73005686938484	100.69700530163033	-0.0011348230913859074	-3.0059203806052294e-005	-1	
111.23141323595173	101.42817530595541	-0.0011664315287332634	-2.0390810588989935e-005	-1	
113.24716642364322	99.942050324674653	-0.0011763274801864273	-2.2285167533891712e-005	-1	
114.45588439026207	99.836301205195383	-0.0011925629897965868	-1.7780032212725908e-005	-1	
116.20201267282006	98.578597424322226	-0.001162055152566882	-1.3597571819902335e-005	-1	
115.66460235688092	99.730552085716127	-0.0012024971605553779	-1.4600070305661757e-005	-1	
117.53905788144905	97.830734707681302	-0.0011412498545380104	-1.1708814217258532e-005	-1	
112.87515916508568	100.79491463112264	-0.0011894881094632445	-1.1413964524753903e-005	-1	
112.05451762944143	100.6516722183772	-0.0011685350055301849	-1.9443848438183276e-005	-1	
111.45848537904737	100.55335588076997	-0.0011513519518993028	-2.4909772952940038e-005	-1	
110.8297304904055	100.15354856363317	-0.0011231658778466031	-3.1664290403781657e-005	-1	
111.01785268401947	100.44677788153096	-0.001136473243313724	-2.8788196564340708e-005	-1	
110.6836288664222	100.16633079945443	-0.0011185783240858515	-3.1060613208671324e-005	-1	
121.35814448258465	96.06506667986298	-0.0010809166809392222	-5.0468548904626413e-006	-1	
120.08296239508375	96.72126407262158	-0.0011033434972161095	-7.5098913960899917e-006	-1	
124.18064343350046	95.70105627408492	-0.0010555730286620178	-8.9352862529762522e-007	-1	
122.64903068908239	96.689804365952227	-0.0010869989658756599	-2.8546652044256738e-006	-1	
126.30254305189411	96.31925750660308	-0.0010499456530244278	1.6771580052103101e-006	-1	
129.74823296054112	94.937611127804587	-0.001004663860984084	2.8123009605987911e-006	-1	
119.08223931118059	97.651375489235903	-0.0011345254911607696	-1.0021373647788077e-005	-1	
118.29942955874003	98.523482742958748	-0.00116542900435852	-1.174709180712393e-005	-1	
138.5264642966431	92.441529685945582	-0.00092725655125629918	3.5822008614938243e-006	-1	
144.55944929662928	85.676325983112847	-0.00086079285170270585	3.0424687891530994e-006	-1	
52.340379942316218	130.36619961216849	0.00019482503417284043	-8.21332224324164e-006	-1	
53.078058313787686	130.15444119262429	0.00018101421577259021	-7.2574328886053847e-006	-1	
52.944738925625643	130.31332505242887	0.00018082565167863517	-6.7825314000512034e-006	-1	
68.036976345666346	0	-6.0168680583453039e-006	7.8209572940807925e-005	-1	
68.103340291548264	0	-4.6801526621116501e-005	8.4778445846504457e-005	-1	
146.44906380466529	3.818232955510581	-0.00060351441042901151	6.1641552709046904e-006	-1	
150.55708507288705	0	-0.00061431267033985274	5.9216235989870869e-006	-1	
151.80160893818467	5.4930470455956133	-0.00061822847284030854	5.828798822577575e-006	-1	
154.46187431554381	10.457459761964603	-0.00062717565476311905	5.6155481417681139e-006	-1	
154.66298512910004	30.818167799441056	-0.00065312164647629057	4.9294493110567262e-006	-1	
155.36383404459212	21.193260976163536	-0.00063926391073135095	5.2964301241647659e-006	-1	
159.22390547903959	16.9379414613054	-0.00064243371869693506	5.2831948524934128e-006	-1	
154.35238900270198	39.60686280292191	-0.00067179780858115171	4.4970510807522653e-006	-1	
155.86130825189611	44.893005783349146	-0.00068770141407183312	4.2251137931196755e-006	-1	
157.88656456169886	53.978432378630252	-0.0007162809573619521	3.8210354882986269e-006	-1	
162.46219952228694	50.289084710270387	-0.00071018590487790839	4.0026093291885104e-006	-1	
153.34517670625175	74.303218140471955	-0.00078997295360973621	3.1405679590929479e-006	-1	
154.99095047152903	66.163658109335486	-0.00075674257751540597	3.3203166929386376e-006	-1	
160.82089184085405	58.46879677425941	-0.00073250409699941537	3.6884707014371281e-006	-1	
159.61215394204214	64.828150834383649	-0.00075245240890536218	3.477777352793395e-006	-1	
150.0342311932917	81.881260260230746	-0.00082809298528313644	3.0967851708170128e-006	-1	
-18.428170201383317	299.91973034938195	-0.00022655105903796928	6.0687310581491983e-007	-1	
-27.801233481114274	302.67979792734968	-0.00022014421407228358	7.4185565552769847e-007	-1	
-21.422543678584923	305.41524853061355	-0.00022619900274830506	6.3503894816496549e-007	-1	
-9.3194027230711427	301.50643978160332	-0.00023495845960762438	4.5494788376343194e-007	-1	
-14.754707612920468	303.48902533450854	-0.0002309771642221296	5.3723907265863374e-007	-1	
-3.5797435809015665	300.77877388854671	-0.00023987113792144616	3.6146676749353025e-007	-1	
3.3301961519655165	291.46438776283509	-0.00024320468588272774	2.5071968413703307e-007	-1	
10.328950912938973	289.67962464879969	-0.00024975821919836491	1.2118439521363165e-007	-1	
15.270146223839403	284.56579579479688	-0.00025336402685923658	2.1424613862475311e-008	-1	
1.7531501479904135	296.92595112281634	-0.00024356499968074537	2.7499526287882573e-007	-1	
16.92960106286127	279.60807492750575	-0.0002534775653992508	-1.9751564339194751e-008	-1	
23.013648718872375	270.1119238710649	-0.00025726610071354777	-1.7633145176406651e-007	-1	
20.87179162711417	276.17413839404412	-0.00025690776128329173	-1.1063236138470532e-007	-1	
-35.976026625681897	315.24558074910357	-0.00021876767779055163	8.065090459903881e-007	-1	
-31.780205120543396	308.76886904559785	-0.00021948499793505514	7.7491514856910914e-007	-1	
-85.608329638341772	326.54723356269432	-0.0001941796887941713	1.3010965514173729e-006	-1	
-91.902332299858088	333.04247268972267	-0.00019333856294036014	1.3226430431640176e-006	-1	
-70.850627636791728	329.89681376097383	-0.00020229519124670078	1.1473043059318513e-006	-1	
-80.611298057977166	331.96478011512966	-0.00019805695657768656	1.2307566889339802e-006	-1	
-61.960026539683462	327.36209799231983	-0.00020632315143115923	1.0671435509356721e-006	-1	
-57.094272808524742	330.20343687219486	-0.00020994682917001935	1.0022794940004513e-006	-1	
-51.475920153230078	329.77579281071655	-0.00021316469533384753	9.4119451859412839e-007	-1	
-47.246871361053294	325.68361170657954	-0.00021457953738720055	9.0796620438366722e-007	-1	
-37.993543258139447	321.37404727271218	-0.00021935404056063393	8.0983202262512257e-007	-1	
-41.803290592553267	326.58118665448029	-0.00021835758918705713	8.3889539621121047e-007	-1	
-200	349.89000521866114	-0.000175142020949251	1.6787052373978448e-006	-1	
-179.17940884737712	359.43703460775782	-0.00017758481281693875	1.632286587110892e-006	-1	
-172.14861098561389	356.23386190161671	-0.00017770543712292185	1.6298481781159721e-006	-1	
-185.4420546596142	360.5351934466596	-0.00017733452329996154	1.6371010703204099e-006	-1	
-190.18483352071578	357.15090510019979	-0.00017658808105571993	1.6512593763026116e-006	-1	
-195.37642247708126	353.94705526088433	-0.0001759114134401032	1.6641057247050417e-006	-1	
-122.37318520232904	349.34766663795801	-0.00018633615941101884	1.4641197897253238e-006	-1	
-123.04171454138637	356.12463333778538	-0.00018741282437357892	1.4450665906171665e-006	-1	
-128.67510570530658	358.12499774426419	-0.00018616151861860757	1.4690921210079159e-006	-1	
-112.38025179135413	343.78137124708121	-0.00018830007286396345	1.4249932800585146e-006	-1	
-116.50892280646109	348.12243564282926	-0.00018788577229345946	1.4342388267791195e-006	-1	
-160.76781520567309	359.34133529729894	-0.00017963064506803063	1.5932586362638643e-006	-1	
-171.01418682803308	361.44075934298894	-0.00017863565955742559	1.6123176307271386e-006	-1	
-147.91440897205433	360.15167422705883	-0.00018197094067151667	1.5487861267664214e-006	-1	
-155.3005396804123	363.80457478418822	-0.00018115692782288731	1.5644834531388774e-006	-1	
-138.32296543236944	359.55116263206793	-0.00018393863648848908	1.5113809929469904e-006	-1	
-105.63243318005516	344.93418974466931	-0.00019091668104506348	1.3753936209609486e-006	-1	
-98.609829725532663	343.18223064936183	-0.00019318221049123202	1.331516376500519e-006	-1	
-93.675274095172057	339.15806285633607	-0.00019419779177801981	1.3100084701862964e-006	-1	
52.999771077409484	237.27557217900505	-0.00029410034502527408	-1.3194680226329609e-006	-1	
55.031113896395588	242.97095645630273	-0.0002996328989392062	-1.2645935252626152e-006	-1	
53.955851594304853	248.92138221384636	-0.00029864145873405767	-1.131747821006331e-006	-1	
56.825126205593236	230.62839943983084	-0.00030059831292833847	-1.5859922638548535e-006	-1	
47.786500055520449	258.96736757861925	-0.00028981501980817313	-8.4077130172283339e-007	-1	
54.878782452102399	256.16913020125435	-0.00030125868251679091	-1.041349228540779e-006	-1	
42.579392959328963	261.37808628692	-0.00028209099083862228	-6.9256230682538618e-007	-1	
37.894051217698532	265.32123038746397	-0.00027611968255111309	-5.4800486918858836e-007	-1	
34.062184758251618	270.0980088071193	-0.00027201395043859522	-4.2745668310103507e-007	-1	
27.718787461016845	272.83639990030673	-0.00026437855473294053	-2.7162480689393121e-007	-1	
69.691625178341155	211.45900360283952	-0.00033172339165944546	-2.6655698715249661e-006	-1	
69.205337446426341	218.58989394815887	-0.00033032810014040027	-2.3441114489324462e-006	-1	
69.627770586434167	226.86622874857227	-0.00033109969087555919	-2.0553075029198688e-006	-1	
62.497438286597074	231.08932344088151	-0.00031374676468154974	-1.7402786712882774e-006	-1	
73.387064538241688	205.90180375512108	-0.00034386046514070409	-3.0576783004438576e-006	-1	
77.961175360398485	200.88430805750187	-0.00036135120982460625	-3.4745872536182565e-006	-1	
78.338041761798422	194.93633000161097	-0.00036465441280931224	-3.8937009565309001e-006	-1	
84.469648262874287	184.84545919916522	-0.00039872413854531897	-4.822302942652579e-006	-1	
83.951661220520847	194.27248518622284	-0.0003884628373243422	-4.0253324317458166e-006	-1	
89.999777283707161	186.95298062613895	-0.00042315130647169197	-4.6355899316371934e-006	-1	
89.140808496933232	180.89763124888367	-0.0004276689252231401	-5.2030657437304822e-006	-1	
92.123532337027612	170.74879119937074	-0.00046355778829246361	-6.2568021482954575e-006	-1	
94.70216504423189	175.4224023481394	-0.00046861910715760406	-5.6550365724296204e-006	-1	
118.7135518925853	110.46148552939876	-0.0013677297346712059	7.5699321355852608e-005	-1	
116.56286693225749	106.78510917115079	-0.0013396827827716717	6.7334018203489378e-005	-1	
119.04526331061804	113.63353692762698	-0.0013657304657918117	7.3315956204609848e-005	-1	
116.94523135019583	117.5808624525751	-0.0013409801682377153	6.5994576279261661e-005	-1	
113.71309210927957	119.42433210350384	-0.0012772748624959519	2.3473816921728073e-005	-1	
113.33283656490127	120.92291544304241	-0.0012422587762228254	5.3969711509624919e-006	-1	
112.31662308650323	123.80918882728616	-0.0011501664220696219	-2.2797460160718895e-005	-1	
112.71515713072685	123.38680511499433	-0.0011747555883867325	-2.2799163041247566e-005	-1	
113.50480626736116	122.8100955302024	-0.0012054647908224427	-7.3251641749587274e-006	-1	
113.70217259864629	121.93557486607357	-0.0012287848721938604	2.6035824447243163e-006	-1	
112.41078402543434	124.38222556467241	-0.0011374981344777447	-2.5176469059465129e-005	-1	
112.25029131706783	124.85187170556448	-0.001119420955470604	-2.4511204221660368e-005	-1	
112.16434088905197	125.90325861754999	-0.0010875022836528969	-2.1778583468195942e-005	-1	
112.24700477154269	125.25912569765185	-0.001107652370922356	-2.3866383750419447e-005	-1	
114.96774454317226	104.27059573314672	-0.0012897450798549865	4.1780195774133026e-005	-1	
112.71534369046762	101.94954545580214	-0.0012123162822935062	1.2609282352669303e-006	-1	
114.41845859012983	102.38174033227793	-0.0012495974624399785	2.0810496330246185e-005	-1	
111.82413893312405	101.65681506941696	-0.0011862131161248129	-1.1538157170545827e-005	-1	
53.090840549608949	130.30054281660759	0.0001767505243612511	-7.249907789679129e-006	-1	
52.662047687057949	130.56251408437274	0.00018074335945975493	-8.9160312922821614e-006	-1	
102.70302698089219	165.87299155692372	-0.00054833227678580251	-6.2960591282882349e-006	-1	
102.54973091490086	175.76444743653701	-0.00051111111223712483	-5.31248994186987e-006	-1	
107.63724950820206	161.78364545610413	-0.00059908583380369684	-6.3723632575707454e-006	-1	
112.52856154275813	159.15988861224287	-0.00064278975984122092	-6.1604626244974215e-006	-1	
119.88486248443482	146.58938129574111	-0.00078501167623386443	-6.326432585854924e-006	-1	
121.11499854201544	153.38889931717574	-0.00072673332289750737	-5.4896869206253874e-006	-1	
119.28135475525146	135.33515130517975	-0.00093368611736679194	-8.500466085805989e-006	-1	
124.41587542836179	139.35065736111335	-0.00088394802308483793	-5.6301205866807922e-006	-1	
118.26262185466963	159.68259674217646	-0.00066736167133718387	-5.4216757062557284e-006	-1	
113.8481609079911	129.00356072219682	-0.0010317158270622925	-1.5624938348142058e-005	-1	
113.42513588736958	127.64470755110432	-0.0010618018325593644	-1.8086845437743162e-005	-1	
117.85917711466581	131.37743840186457	-0.001006332727852487	-1.0932930979269698e-005	-1	
115.26789178816767	128.90458427786245	-0.0010505098331320666	-1.4959575268440568e-005	-1	
113.10300928972346	126.31700713570112	-0.0010952232730340986	-2.2011365308316925e-005	-1	
110.69641110224346	100.31243242343773	-0.0011233219084971228	-3.1386254374166032e-005	-1	
111.12143067657844	100.85652278099646	-0.0011498229599032589	-2.5296183935814818e-005	-1	
111.60860126447334	101.05920030477608	-0.0011673865466361633	-1.893123289760075e-005	-1	
113.92648098508108	100.74592194332681	-0.0012069675641192671	-4.4122408867830355e-006	-1	
115.07053694427228	100.80289974958471	-0.0012229150712353371	2.7028307878540482e-006	-1	
117.41467709248326	98.851809801561927	-0.0011774034459420611	-1.2471025039370577e-005	-1	
116.87332032349978	99.624802966236885	-0.0012063587377518503	-1.2948935816598557e-005	-1	
116.48369651469044	100.45412040975201	-0.001225195675914986	1.7189301081491514e-006	-1	
112.14844664973022	101.20217356455375	-0.0011834970039875067	-1.2446446851965626e-005	-1	
121.21126849814029	97.491640133891835	-0.0011172666193871596	-5.8306426963862788e-006	-1	
120.40508899272986	98.048964488024808	-0.0011392372109170293	-8.4633305201543265e-006	-1	
124.43796492376202	97.505840482428013	-0.0010879412533870872	7.6352425676922321e-007	-1	
121.92178460846088	98.166697677830442	-0.0011275950241935021	-3.9439884833346836e-006	-1	
122.91478393142467	98.749271342582233	-0.0011297647829593893	-6.4703342095619962e-007	-1	
127.6984283115808	98.032772927080956	-0.001063120099031656	4.3300926685900731e-006	-1	
133.43391094510503	100.01475015786201	-0.0010258719007750097	6.4690785650029152e-006	-1	
118.93381779188056	98.813844079401136	-0.0011740246096934234	-1.1860286869871236e-005	-1	
119.63686802447872	98.78251957852008	-0.0011685882278810321	-1.1387098365533463e-005	-1	
118.68639727342807	99.46617928701798	-0.0011999971110880372	-1.2692149416642517e-005	-1	
118.08203829011863	99.519053846757615	-0.0012037373755476874	-1.2504802299755065e-005	-1	
143.74576907286428	94.704216857748705	-0.0009157887542430485	4.1602105130559549e-006	-1	
139.78217045892151	98.784753784683531	-0.00096340466981932431	5.3623874214127961e-006	-1	
149.32614107300671	93.599525079670272	-0.00088516557748447217	3.8975400648768578e-006	-1	
153.37496944174325	87.963654355679736	-0.0008470520300260094	3.4411611454987827e-006	-1	
158.77312760933057	0	-0.00063315921946571242	5.5208163742184092e-006	-1	
157.43341269201429	5.5651024046780213	-0.00063127876773235413	5.5530189396610874e-006	-1	
160.33072970330389	10.50177688962482	-0.00063939062580974169	5.377195261737302e-006	-1	
157.99646561940071	35.490936355360162	-0.00066874985152445951	4.6485512364330663e-006	-1	
160.70996271319871	23.297258103365131	-0.00065254399535177355	5.0600574810756979e-006	-1	
160.88547261788472	30.531047574438574	-0.00066400458971532827	4.7998845754790056e-006	-1	
165.05105904323585	13.989457851642737	-0.00065024626153540666	5.1624019954900836e-006	-1	
164.93242727759159	19.600358182704788	-0.00065524021075782121	5.0473901065283906e-006	-1	
161.85699505708874	44.294022695513732	-0.00069408633382324325	4.2412577673560666e-006	-1	
162.96176474477826	38.370634733997434	-0.00068208428964758154	4.4731335257320634e-006	-1	
164.23015816361792	54.898361171468331	-0.00072390222017324726	3.8478353892369424e-006	-1	
170.73749070519321	49.75867197622739	-0.0007149858802694537	4.0421999023563085e-006	-1	
167.25152481099258	45.475562264444122	-0.00070243718040418018	4.1845186831710206e-006	-1	
157.85129285440715	76.833340943097156	-0.00079603525927029962	3.274433132779387e-006	-1	
156.69573562230215	81.870333261967701	-0.00081646026621176398	3.2876402062125769e-006	-1	
158.17506797532448	70.006783143012612	-0.00077083837875000958	3.3386315931817837e-006	-1	
166.0905208144525	59.471123800403909	-0.00073751277336419577	3.7190670576714688e-006	-1	
163.9009478900561	67.006532726708855	-0.0007593566845517344	3.4994725850406789e-006	-1	
-26.33544699156035	308.06662138111977	-0.00022331085783815004	6.991123241622889e-007	-1	
-16.694356639771613	309.27855433949372	-0.00023135736937592241	5.5219816047912776e-007	-1	
-21.730390123260001	313.91111665973767	-0.00022886177687667594	6.1375704650417719e-007	-1	
-6.4405990033125775	309.49415888980963	-0.00024010490141922357	3.944869219393844e-007	-1	
-1.061862348843563	306.43251252461022	-0.00024398390810668016	3.1325423950500718e-007	-1	
3.5596658448789946	302.31596498834944	-0.00024705242697928108	2.4064726000338103e-007	-1	
11.299689378520146	296.72407803284142	-0.00025303801764450258	1.068244101618063e-007	-1	
15.922522075093205	292.17483162828097	-0.00025654635171882384	1.9356963123861324e-008	-1	
20.21229857032122	287.8031141354042	-0.00025998974708049395	-6.8838575886882121e-008	-1	
22.554969603801762	282.37937075254035	-0.00026104180364199003	-1.2849992517774315e-007	-1	
8.4581788252852554	301.93547003419718	-0.00025170084658048176	1.5795371537742881e-007	-1	
26.204948970494275	278.05841036001993	-0.00026417536003937197	-2.1808785280567117e-007	-1	
-28.535748357124398	313.19741769901657	-0.0002234410987574629	7.1251216072116196e-007	-1	
-30.547044037132071	320.42914505413194	-0.00022429006760465742	7.1602348921721957e-007	-1	
-87.095368586648803	335.46863008939755	-0.00019607030824650795	1.2717490433668624e-006	-1	
-76.745344237935996	337.17004859866762	-0.00020133830295968253	1.1726942063821651e-006	-1	
-67.834479067792699	334.50061180058253	-0.00020515502535222932	1.0978930092197176e-006	-1	
-82.9820071583501	338.94330958947978	-0.0001988298360165765	1.2216205724385775e-006	-1	
-61.473922366631555	333.74849480553655	-0.00020841571141366337	1.0355267459803847e-006	-1	
-53.80759926210979	336.26293419420205	-0.00021349030737427275	9.4412624723360429e-007	-1	
-44.858077507058049	330.65672705748352	-0.00021752468324502956	8.615637065536743e-007	-1	
-47.946135552223957	334.70711594982799	-0.00021665555611889101	8.8384449795745403e-007	-1	
-33.264040123989005	328.83158715363282	-0.00022476135158165162	7.2588975602696361e-007	-1	
-39.885973037827654	331.76123138821316	-0.00022105314423549906	7.9878876023308321e-007	-1	
-200	356.13542210277205	-0.0001762479176119072	1.6577365901402015e-006	-1	
-183.56506291891003	366.61002574149023	-0.00017827417396877108	1.6193457171431831e-006	-1	
-175.76245739425624	363.15147419367639	-0.00017841139456152325	1.6166465773205412e-006	-1	
-191.36101524780705	362.85738873569306	-0.00017740288266806931	1.6358548243937857e-006	-1	
-195.34269753352334	359.06225625139245	-0.00017675582739907163	1.6481106951972705e-006	-1	
-117.43868544342783	354.0407382608031	-0.00018874583123071182	1.4194196429769164e-006	-1	
-118.69299991384844	360.22649082588504	-0.000189411296848717	1.408136518294499e-006	-1	
-123.44903442622959	364.37582514649182	-0.00018859422754918367	1.4241432144091776e-006	-1	
-131.59652582072795	364.32061461299742	-0.00018632935981336047	1.4667276713313516e-006	-1	
-109.82370504329647	350.34670179248735	-0.00019057178154063766	1.3838472706882405e-006	-1	
-112.28737254456179	354.96391019677151	-0.00019059625050415731	1.3846818305810233e-006	-1	
-161.97620253589022	365.42699729792309	-0.00018034596318147221	1.5799512586823521e-006	-1	
-168.00517532303596	366.89225122046554	-0.00017973686030316305	1.5915644548359222e-006	-1	
-143.92401082979868	365.60268744019601	-0.00018357917050724695	1.5187347606568883e-006	-1	
-150.63467097267588	369.09997633540314	-0.00018268244567028947	1.5358869299195367e-006	-1	
-158.10951768895637	370.27923700966062	-0.00018151277262758481	1.5580382079903265e-006	-1	
-137.52151656584354	367.75788803028843	-0.00018531399287917332	1.4861843168133161e-006	-1	
-102.85565189280558	351.38868631126894	-0.0001933039326245466	1.332608792442957e-006	-1	
-91.658221674693621	345.19753843196276	-0.00019646729544383875	1.270229283345136e-006	-1	
-96.291725441035751	350.03881233977427	-0.00019558432522763774	1.2891350823807666e-006	-1	
-88.295160197429496	340.71778620812825	-0.00019687403965214001	1.2599086570729759e-006	-1	
60.361901394237954	238.19460825520815	-0.00030982927952555566	-1.5052016469368676e-006	-1	
60.640539735432242	245.22885314806788	-0.00031095267676554245	-1.3610416854506828e-006	-1	
60.918697212589095	252.05803765263587	-0.00031171881296645229	-1.2405577286062541e-006	-1	
51.367851204964801	262.9824432790698	-0.00029618773957153927	-8.7354648760150388e-007	-1	
43.786729877787444	266.98770896291938	-0.0002851231383021045	-6.6486537477963025e-007	-1	
60.56049815402185	258.02417294575531	-0.00031107030948892363	-1.1337470580830163e-006	-1	
56.742210551938399	263.23378079233049	-0.00030476725497957484	-9.8219315925130425e-007	-1	
37.553253917924721	275.07377848775849	-0.0002780653702650051	-4.6851976160655955e-007	-1	
31.663924464457935	276.57765560405403	-0.00027066807264163382	-3.3780261823542554e-007	-1	
76.258622171257144	212.64782348205429	-0.00035193697341001087	-2.7814740948984155e-006	-1	
77.084119529502473	217.65257985762298	-0.0003529549365036273	-2.5737245215013702e-006	-1	
73.832462442680296	221.54561960273023	-0.00034281123397513516	-2.3442599956917201e-006	-1	
66.902570203099401	234.69243155433844	-0.00032401361394476862	-1.7551639301805364e-006	-1	
75.523670862864634	226.76925951715265	-0.00034593333573050561	-2.1903719735158046e-006	-1	
76.536917662562786	232.578250309395	-0.00034670855524730418	-2.0223456622018123e-006	-1	
72.267979485474967	236.13365644593861	-0.00033598234337358442	-1.8332663140932648e-006	-1	
80.136053897156003	206.64267859087991	-0.00036691444897925875	-3.1690250834662828e-006	-1	
83.217818818988647	201.31429677123833	-0.00038090245215796045	-3.5337976003823919e-006	-1	
89.765865521350364	192.91823436889393	-0.00041494513009124914	-4.1523694321404113e-006	-1	
87.687626323961922	198.51465186283224	-0.00040013699151978305	-3.7572922082342539e-006	-1	
94.800030764215705	188.41833693792611	-0.00044319116540123807	-4.4641768703809638e-006	-1	
96.613819041042959	182.92616142323737	-0.00046250204859127743	-4.8811007396137516e-006	-1	
101.17077271301798	180.66232861439235	-0.00049000541870044406	-4.9363343741121311e-006	-1	
119.55573542477502	107.287672006579	-0.0013367894772832246	5.6754465102299704e-005	-1	
121.46585649455426	108.67062407258376	-0.0013273969817652186	3.6995585704538879e-005	-1	
121.73502263168538	111.74720709812465	-0.0013376527583566071	3.9837934383968587e-005	-1	
119.79500617317375	104.94163952022205	-0.0013068645520493199	4.2964458838791937e-005	-1	
116.8836319382244	103.82465260551584	-0.0012963295062257915	4.5849055706840793e-005	-1	
120.41726885405788	116.5126936317029	-0.0013386984354217429	5.5941351785325064e-005	-1	
122.0041887688165	114.82379012366553	-0.0013285713701114764	3.6635991584672815e-005	-1	
118.54035373928107	120.09537589057918	-0.0013060459962081796	4.7779900955931792e-005	-1	
120.69428697803151	118.81355669462268	-0.0013135104847008577	4.5384411257513854e-005	-1	
116.62446634422892	120.54131901821006	-0.0012939420994859303	4.1886893156933136e-005	-1	
114.39212598740117	121.1224001097617	-0.0012570758294493279	1.7932223806382769e-005	-1	
112.78244866500964	124.15595087137956	-0.0011557132430134757	-2.7195553404220066e-005	-1	
113.18286773015234	123.73340224112681	-0.0011759987228158097	-1.9364642557769684e-005	-1	
113.72688571386983	123.40531029225262	-0.0011953101255927768	-1.0461440939879231e-005	-1	
114.0368173677395	122.76729160825916	-0.0012163222964942028	-9.8921183261485055e-007	-1	
114.28661101439404	122.18360482772546	-0.0012335519239558539	7.1387630563708327e-006	-1	
112.64443062172178	124.74930063761896	-0.0011337125178800032	-2.7779680108753606e-005	-1	
112.81609443215103	124.54052374957217	-0.001145331357609484	-2.9079533788446879e-005	-1	
112.62184667935779	125.01864468960615	-0.0011247404094550423	-2.7297319826304227e-005	-1	
112.78433354998469	125.70999807746354	-0.0011071819719138012	-2.4282657696427097e-005	-1	
112.69209713737854	125.27430321259283	-0.0011185378993736385	-2.6496583344157852e-005	-1	
116.23707949232245	102.7678387433221	-0.0012736471751953666	3.3572458317530808e-005	-1	
115.92137311261811	101.56983411626898	-0.0012471788805722757	1.7654973671474722e-005	-1	
108.53380126326728	167.88692871755026	-0.00057346590168100005	-5.6815294217515059e-006	-1	
107.5831583139648	173.37640920105079	-0.00054573539856694398	-5.2588063882256964e-006	-1	
106.83446706686283	178.89705947183452	-0.00052202240417177149	-4.8487405783431274e-006	-1	
114.67601109844779	167.31497595763815	-0.00060657432203009478	-5.2188925403668463e-006	-1	
127.36141207803094	144.18223317740802	-0.00082984742448592253	-4.5075769768237863e-006	-1	
127.0389255424909	149.83168566924675	-0.00077472854339068805	-4.5381977290001768e-006	-1	
124.2444127216874	158.60039994363447	-0.0006972666741577718	-4.6982510611513908e-006	-1	
129.07289842493293	155.3095456792592	-0.00073364171784985794	-4.0669605631186672e-006	-1	
120.36057850473789	131.2705041169242	-0.001014986173614346	-9.0690325860700871e-006	-1	
123.74916766379765	132.95310128653801	-0.00097954289876606604	-6.1970282103689343e-006	-1	
127.65981001874636	133.79636970705974	-0.00095681801273572156	-3.8439726987507937e-006	-1	
130.83762351074625	139.71722868712956	-0.00087535947735949203	-3.2743156282587686e-006	-1	
119.37203280234058	164.86283199051431	-0.00063990805624311304	-4.9342281127704371e-006	-1	
124.4244901624517	163.76715881210785	-0.00066444013078953792	-4.4350114714699793e-006	-1	
114.40236984289488	127.69272718389655	-0.001074615478982932	-1.7521914710221958e-005	-1	
114.42585897127273	126.71459613448999	-0.0011049245705819467	-1.9799846242295881e-005	-1	
119.72920885301538	128.84773375668902	-0.0010733862617001992	-1.0685940450525693e-005	-1	
117.9140574052788	128.23205886229232	-0.0010869725807161361	-1.2977043965288007e-005	-1	
116.21575160231789	127.53383518920228	-0.0010980233207761086	-1.5631815636694639e-005	-1	
115.26871041175116	127.23803376221674	-0.0010983739383263228	-1.7383538480621129e-005	-1	
113.18580179491228	125.63644881713827	-0.0011184615523865793	-2.5277905895438469e-005	-1	
113.8712302579746	125.58345204520585	-0.0011337563968270062	-2.4710107719053325e-005	-1	
117.39224502208781	100.3353191293904	-0.0012245566238452278	1.3906081757836581e-006	-1	
117.07345692941612	101.15537413539781	-0.0012430346319509096	1.4059897025459773e-005	-1	
121.34375739340136	98.462713006175903	-0.0011416952032044711	-5.9327234742092385e-006	-1	
120.32229648754104	98.729522806587624	-0.0011607992080504351	-1.0153264829533731e-005	-1	
120.72376473246862	98.655973546262359	-0.0011540381980597878	-8.5973446801332909e-006	-1	
124.7162820605794	99.452309133795268	-0.0011203835157125425	3.7310655551585767e-006	-1	
121.91251179520599	99.315743138198314	-0.0011560162075210868	-2.8547127144039091e-006	-1	
122.83446221625728	99.897743437298274	-0.001155686327793732	1.6567897465228095e-006	-1	
127.58837693309012	101.64377652264849	-0.0011128709499669848	9.075828541833641e-006	-1	
131.27802613909827	105.85980898309707	-0.0010976871219494891	1.1874409571929223e-005	-1	
137.46823885077146	104.82288349889124	-0.0010151456862794732	7.7359063103614418e-006	-1	
119.2907562567375	99.413304727278344	-0.0011944842046991305	-1.3112211208723668e-005	-1	
120.17780647861461	99.111241135594852	-0.0011749702672888859	-1.1953869600872636e-005	-1	
119.89511524004692	99.360430167538709	-0.0011871878134379198	-1.3334095819497627e-005	-1	
119.37979261794325	100.01079369967319	-0.0012089487436052618	-3.6794972039342449e-006	-1	
118.59649225513523	100.29436284548709	-0.0012211369750890985	1.2875651630216092e-006	-1	
147.56569184545251	99.353606300592219	-0.00091478712367444245	4.5308362296820215e-006	-1	
143.29610279315668	103.59379986979143	-0.00095803174825378275	5.7175733070884886e-006	-1	
155.38897593894285	93.682804635686267	-0.00086127412563023612	3.6468005039697174e-006	-1	
158.99418190764658	89.199033789099374	-0.00083679121377206128	3.4353969198428047e-006	-1	
166.98917014577412	0	-0.00064803351860005646	5.2284548692475798e-006	-1	
165.10319037549664	7.085778250483072	-0.0006462296954047904	5.2565442143233566e-006	-1	
165.34687882180114	26.183905610418549	-0.00066404412767058355	4.8612543184315947e-006	-1	
167.05767770660961	31.371090974749816	-0.00067435090996704897	4.6713175765817277e-006	-1	
171.09719141399589	10.511484201340707	-0.00065681547263440876	5.0563672189262838e-006	-1	
170.4230035492954	18.438528494008871	-0.0006619348604682008	4.9462795344073518e-006	-1	
170.75655090755026	25.429470223615223	-0.00067025893680547842	4.7812868394475558e-006	-1	
167.9066218190369	36.566038011144933	-0.00068453158320907201	4.4904243324856167e-006	-1	
170.60331750390895	41.086658897723197	-0.00069617087544697649	4.320289309171232e-006	-1	
169.82160851236551	55.288372282588284	-0.00072784558332272646	3.867784310001543e-006	-1	
174.70263256694176	45.40125541231582	-0.00070796730334796035	4.1718603941693591e-006	-1	
177.3873084832386	53.700777572445432	-0.00072674399165454642	3.9352132224538427e-006	-1	
162.57664407751002	74.741055122433252	-0.00078443593104183054	3.3578091099312058e-006	-1	
162.80162502853815	83.980160848695604	-0.00081312426186882028	3.3445463835363257e-006	-1	
173.12461941146546	61.990189506719524	-0.00074506781826055662	3.7034565212400834e-006	-1	
168.20673254934306	73.566779349034547	-0.00077714314732840902	3.4320452848114473e-006	-1	
172.17168901903742	69.400733263585266	-0.00076423512755631592	3.5287611053882586e-006	-1	
-14.999785894319325	315.14449965423944	-0.00023460991084254585	5.1304280049856617e-007	-1	
-19.257854581851014	319.39965939775493	-0.00023245508605549193	5.6429879777810841e-007	-1	
-24.762326778312904	321.45096545208509	-0.00022884589456703005	6.3514716947717153e-007	-1	
-7.1895402795931149	317.11031969218163	-0.00024163423611094873	3.9494992749371642e-007	-1	
0.060301595686609311	314.65948081817442	-0.00024727255022471652	2.8906438971723829e-007	-1	
2.8014743160957924	310.09556693597284	-0.00024855967678674273	2.4926367634109709e-007	-1	
6.7925148793297403	306.55778216650583	-0.00025134235415703551	1.8617487062533318e-007	-1	
17.677868789331331	298.58199978038152	-0.00026014838491856428	-2.0420916388888253e-009	-1	
12.378711493609229	304.89682604554542	-0.00025635254453276713	9.4514420872641357e-008	-1	
21.910662309486757	293.46179423448706	-0.00026342313324968802	-8.6843037878583741e-008	-1	
25.768024416631246	286.98498694836877	-0.00026616408055710845	-1.7640906848712699e-007	-1	
31.30893524994115	286.07189937818032	-0.00027256098055760195	-2.8551480469988737e-007	-1	
-26.562058733291583	327.9647186317581	-0.00022929835528806667	6.4229301571273931e-007	-1	
-70.606070285975107	339.25565025458826	-0.0002049458673219051	1.1064655252436657e-006	-1	
-75.910867104612521	344.79236980701199	-0.00020357386941725585	1.1365997705094809e-006	-1	
-64.902458060529383	339.15843977000623	-0.00020792716971530307	1.0507014431215198e-006	-1	
-83.030605564470378	347.63937822857264	-0.00020081090491119559	1.1900149074648769e-006	-1	
-59.331762953178298	340.38644559959391	-0.00021131554302814318	9.8917723790227104e-007	-1	
-53.683218508435452	342.19161066382622	-0.0002149858276674868	9.2391651256660493e-007	-1	
-42.239154122296199	336.75838145928685	-0.00022076356315838628	8.1198357825492765e-007	-1	
-47.928452204413702	343.62246357012231	-0.00021877245698077291	8.5708107939400118e-007	-1	
-43.285969721716086	341.6805577121458	-0.00022123148280528892	8.1038950353134836e-007	-1	
-35.044625315523099	334.42023915068188	-0.00022496726006351973	7.3257419617634705e-007	-1	
-29.258377818623558	333.45958589739303	-0.00022874809872437731	6.6343898857986653e-007	-1	
-200	362.38083898688291	-0.00017719578903819725	1.6397928207999396e-006	-1	
-182.30425486522762	371.49152133590133	-0.00017894028645914372	1.6067773947749892e-006	-1	
-177.86269164306066	367.74076986627938	-0.00017883734611002093	1.6086649902190131e-006	-1	
-187.61373438721984	370.6559170175928	-0.00017854736477368401	1.6142195284403744e-006	-1	
-173.06842080286907	370.51667657331092	-0.00017962010268945611	1.5938749883947335e-006	-1	
-192.46610704569264	368.18796733290736	-0.00017806721652143204	1.6233056172549122e-006	-1	
-113.81093364261898	359.63919129962591	-0.0001908936517648327	1.3801800648275993e-006	-1	
-115.92893439412317	365.90071159968221	-0.00019112532679067086	1.3770036123778661e-006	-1	
-125.33399059330927	369.43678129587693	-0.00018870970260983288	1.4226111781250498e-006	-1	
-120.58167288978656	372.00228579647626	-0.00019042803680779265	1.3908436988294147e-006	-1	
-130.47894194406331	371.07867425712163	-0.00018748127243468901	1.4457666046970793e-006	-1	
-108.93743014887723	358.98462617169173	-0.00019245781306053314	1.3507388799220311e-006	-1	
-168.17652378757566	373.11668321311345	-0.00018043182305939385	1.5785625823386698e-006	-1	
-143.80422818178948	372.35712853482028	-0.00018442063860947997	1.503293523474204e-006	-1	
-154.74543081261629	374.35440626886805	-0.00018251888626473765	1.5391893882015922e-006	-1	
-149.70465607173927	375.94017895575888	-0.00018359404784040552	1.5190081638745838e-006	-1	
-160.45704086899187	375.64326314767908	-0.00018172677814494171	1.5541576037743593e-006	-1	
-134.6168528390115	374.98204245151271	-0.00018682893282277976	1.458271746653335e-006	-1	
-103.54249081595552	361.0951059092892	-0.00019475835061036239	1.3083028119430903e-006	-1	
-97.352562614915655	356.65560270170022	-0.00019640061331384516	1.2763816128644839e-006	-1	
-87.965693350902612	348.61359128957918	-0.0001987957727934309	1.2282710620370912e-006	-1	
-89.558220468524567	353.3851780201822	-0.00019905478745552561	1.2257121269912851e-006	-1	
66.230367867796403	241.29579402949872	-0.00032226076310927303	-1.5748645524390298e-006	-1	
66.933538240773544	247.89593064812331	-0.00032315917028787207	-1.4449147974895384e-006	-1	
69.480789174223304	254.75253038803689	-0.00032697903751069575	-1.3609267763664609e-006	-1	
66.432047581233491	259.14130508886745	-0.0003210012886614647	-1.2284412383921215e-006	-1	
49.053917319428265	267.83966665352358	-0.00029319334635616626	-7.7004471025770249e-007	-1	
53.03415239760934	271.39309094206209	-0.00029942415586271901	-8.111328366134643e-007	-1	
46.000646267613277	272.2153530380931	-0.0002892840611441736	-6.6534592820663005e-007	-1	
60.785349941798742	268.01576872373215	-0.00031110267571088092	-9.9608347328098979e-007	-1	
43.253642079147241	277.18361796122156	-0.00028621150383751265	-5.6874038121344923e-007	-1	
38.007105592337211	282.60316325102087	-0.00028018604253277448	-4.3054407253627788e-007	-1	
82.063654499333325	218.0737314942136	-0.00036721378516912625	-2.6426226220177801e-006	-1	
84.696863675071839	213.82645629079462	-0.00037748201783417202	-2.8692018045910856e-006	-1	
79.28091371118937	222.22457368860879	-0.00035743170521471395	-2.4275633174910768e-006	-1	
81.736276563380031	228.678475610541	-0.0003607936939220859	-2.2347524953758992e-006	-1	
77.800564908017193	236.94565904395191	-0.00034814532567917472	-1.9161282171959208e-006	-1	
81.163749661235158	233.88623888134745	-0.00035699670340039392	-2.0576574162189799e-006	-1	
74.368881948464477	241.27670561900459	-0.00033939289971945702	-1.7408416547264672e-006	-1	
86.211900428328477	205.65626246217747	-0.00038834153427586319	-3.3059738089933444e-006	-1	
95.095734356410816	193.42855270006567	-0.00043620721126974571	-4.0898897808423626e-006	-1	
93.188761075313664	203.5340503181464	-0.00041484348414588595	-3.4579515573564062e-006	-1	
96.488023213805576	198.59860669742903	-0.00043337251333100358	-3.7406260823752739e-006	-1	
99.44854199257594	190.31070211342413	-0.0004595451204112366	-4.239163711170286e-006	-1	
105.08835495322768	183.90937575697026	-0.00049913873615264599	-4.5476087107958746e-006	-1	
121.19669035742314	105.59404104704288	-0.001298804515384597	2.7996782580747412e-005	-1	
123.0546126859651	106.98155991115622	-0.0012663891107434048	2.6733351783842998e-005	-1	
124.5217797697773	109.95333143496919	-0.001251027745888929	2.7048905176709533e-005	-1	
124.71095084789945	113.13702983756893	-0.0012539238597383991	2.7192167956041158e-005	-1	
120.17526171755205	103.44305618068348	-0.0012763079068709507	2.680678830124478e-005	-1	
121.06210728885758	104.05574953427244	-0.001276555195333394	2.0503188205283552e-005	-1	
119.11597229505215	103.2435715139642	-0.0012812431421600999	3.354373760473467e-005	-1	
118.16884120478602	102.35332038160935	-0.0012679741203458722	2.8741007418816648e-005	-1	
117.10485039023642	101.88361067694993	-0.0012590184617215024	2.4383383380167155e-005	-1	
122.27335490594763	117.90037314920642	-0.0013020506623295373	2.7666542253972914e-005	-1	
123.86211109735844	116.21130898777888	-0.0012687173815243622	2.6462035548739633e-005	-1	
117.27101879013087	121.59813288040382	-0.0012773242519947296	3.2596916069422675e-005	-1	
119.08963969232349	121.984231291448	-0.0012715435341781284	2.8281705319659407e-005	-1	
120.76363580706015	120.63634314632367	-0.0012856224987266599	3.3243623619944238e-005	-1	
122.40793797451319	119.43866466197686	-0.0012813496268715265	2.0488480252051015e-005	-1	
115.3392570776673	122.01265124211655	-0.0012523334435213535	1.8254838353375072e-005	-1	
116.4032478922169	122.48236094677597	-0.0012536634423022546	1.9146556257705411e-005	-1	
113.17382247220327	124.3154683507457	-0.0011599923716057888	-2.4264543627292759e-005	-1	
113.61839726154338	124.03127366916529	-0.0011771665141794316	-1.7842683824925795e-005	-1	
114.27690030054976	123.24397617066151	-0.0012091285159327916	-3.7611249890162382e-006	-1	
114.12521413635695	123.79672932709099	-0.001192998039339423	-1.12777124816328e-005	-1	
114.57031638707754	122.75158227902902	-0.001225526602635084	4.1067161031291019e-006	-1	
112.84974019929241	124.92509662776477	-0.0011342050406008177	-3.0442482482254325e-005	-1	
113.14296951719022	124.73697443415081	-0.0011470663620528339	-2.777415090489643e-005	-1	
112.86252243511368	125.07119825174807	-0.001129598681711079	-3.0150280386600732e-005	-1	
112.95607049695505	125.29909177168271	-0.0011243768670585598	-2.7656284316874308e-005	-1	
116.35268873391465	172.82793529744816	-0.00058735111961490192	-4.6956094027515685e-006	-1	
112.48978439923235	177.10367367540891	-0.0005532918898051223	-4.6684549438376089e-006	-1	
110.67649758045373	182.55916591324998	-0.00052618916629575466	-4.4081509923402638e-006	-1	
136.25947900126664	147.52409016512942	-0.0007999508338451995	-2.6450220199087889e-006	-1	
134.46892266157283	153.08088147697038	-0.00075648896028962596	-3.2135407015422472e-006	-1	
129.78121425055505	161.10974262996498	-0.00069526948164369627	-3.8897822431152063e-006	-1	
122.15333263356702	129.52279805207337	-0.0010516778944649778	-7.8754521699837896e-006	-1	
126.20064314242329	130.07144591127417	-0.0010205647175408536	-3.8007062526012715e-006	-1	
131.58809149732488	133.03951444848991	-0.0009497905396536983	-1.7272671708144356e-006	-1	
136.04642508465682	136.92158704552978	-0.00089095070331102612	-1.3872636309841221e-006	-1	
138.43020873770126	142.17707785879011	-0.00083990084266542114	-1.7357563811312586e-006	-1	
122.98889899107239	168.7337374209973	-0.0006318402756708073	-4.36520792565173e-006	-1	
129.87902622983162	168.0345625997326	-0.00065482026037608861	-3.731748773308522e-006	-1	
114.57428049057278	125.55212754432476	-0.0011468551816362178	-2.2940759291536157e-005	-1	
115.2086687237133	125.84248888076715	-0.0011450044935735091	-2.0295644236202659e-005	-1	
120.90788508841946	127.33626007649995	-0.0011114707523069596	-1.0045911368897494e-005	-1	
119.43540751849852	126.95366112617911	-0.0011274486530003275	-1.1831329608863927e-005	-1	
117.97052548725422	126.5429388535367	-0.0011399721737071422	-1.3806685183436403e-005	-1	
117.00050488552468	126.81018093437042	-0.0011268000604001515	-1.5146261324730503e-005	-1	
115.96904040100428	126.53523691604462	-0.0011288509224577027	-1.7353658964989537e-005	-1	
113.3302918038387	125.25473048813105	-0.0011346491752294626	-2.7953923502602012e-005	-1	
113.61298304240641	125.00554145618719	-0.0011500899148335776	-2.9132352491544506e-005	-1	
114.21734202571582	124.95266689644755	-0.0011638621663685011	-2.659033106154189e-005	-1	
117.80121344394189	101.11433189618774	-0.0012423342853229043	1.3785133798241105e-005	-1	
121.26109351091063	99.106845926074044	-0.0011598738869101667	-6.2879833856273574e-006	-1	
120.55202778549827	99.066879852043215	-0.0011687110810261929	-1.0738304830128319e-005	-1	
120.81600114507478	99.091668411133071	-0.0011656912065117699	-9.1382638490718799e-006	-1	
122.9652309650216	101.50324942359752	-0.0011853102612328693	7.2465284544781934e-006	-1	
124.33706304417734	103.2187102574045	-0.0011889386836026587	1.3245692629396574e-005	-1	
121.2578069653855	99.514099918161421	-0.0011707972641239795	-5.6910885839143553e-006	-1	
121.74511369527623	99.942873547706668	-0.0011737021815749588	-1.7616948946929186e-006	-1	
121.95382080872167	100.68768781925951	-0.0011872768053064393	2.0418394882803228e-006	-1	
125.67549351416791	105.86812508456092	-0.0011954513533338207	1.8479292496667654e-005	-1	
137.6306583964554	111.09724145542636	-0.0010295701359545493	8.6282996933567056e-006	-1	
129.72165850767954	111.24183097922683	-0.0011448879493257198	1.6318028759056455e-005	-1	
142.988100697466	112.13981302647042	-0.00097590877943863976	6.233893223507273e-006	-1	
119.9496973463162	99.810471094038249	-0.0011982266402573401	-7.0016653869084062e-006	-1	
120.49947422335634	99.307555607799088	-0.0011775347622176935	-1.2709559490732735e-005	-1	
120.36512876526311	99.628997189575088	-0.0011881625483026533	-9.4815929951227758e-006	-1	
119.88970102090995	100.33469795456061	-0.0012121059743569469	-4.5757236264241174e-007	-1	
119.38288414609639	100.56924229663494	-0.0012225705089767046	3.9780580042428738e-006	-1	
118.50415145670461	101.02237038702279	-0.0012383728356741514	1.1843388575663479e-005	-1	
152.57785295673173	103.49961689146501	-0.00089888033853444008	4.2224198130625925e-006	-1	
147.61084042392861	107.6996108586066	-0.00093508963506608713	5.0395037539775905e-006	-1	
157.67300646837253	99.299574760650799	-0.00086729150714349567	3.703609665267791e-006	-1	
161.06063593644251	94.649233088413879	-0.00084553245681332065	3.472523529434012e-006	-1	
164.66584190514624	90.165462241826987	-0.00082624909924406624	3.3571137451881093e-006	-1	
175.20521268221765	0	-0.00065915909135812515	5.0226188365623123e-006	-1	
171.55648097248104	4.6325048898189563	-0.00065518973067496262	5.0932434016939927e-006	-1	
173.20787118476284	31.077656861473372	-0.00068090418443099367	4.5992585367858819e-006	-1	
176.28436284007535	8.1567746992840533	-0.00066192889373937179	4.970010547937043e-006	-1	
176.90075187049149	13.819942435259543	-0.00066570520008553348	4.8980295109962429e-006	-1	
177.17686009025655	22.643047767237221	-0.00067378611253907214	4.7469267465882293e-006	-1	
178.49285837706248	28.413431884444602	-0.00068203921492043503	4.6053475464214574e-006	-1	
173.26305370927992	36.435397470595433	-0.00068978876043527529	4.4451030361180955e-006	-1	
177.91492874504857	40.462573163034911	-0.00070055913390996809	4.3021448979284832e-006	-1	
180.5618349644356	46.017028390323468	-0.00071221687967074521	4.1437609330619813e-006	-1	
185.10519676162554	53.259786035929132	-0.00072778521563888598	3.9501447278467863e-006	-1	
179.73404506444245	60.14826057511732	-0.00074139679625632472	3.7713810144706597e-006	-1	
167.31220004492587	79.248031974222016	-0.00079334141522827085	3.364973035935908e-006	-1	
168.21087507874526	85.723424923431935	-0.00080894278735750916	3.3171389842863314e-006	-1	
176.47848726945614	66.188008342599588	-0.00075515469510774227	3.6183264524019239e-006	-1	
175.44574182721684	76.486561445694207	-0.00077950249407905204	3.407940862476715e-006	-1	
176.82509729541644	71.549908572707949	-0.00076752857829795733	3.5038179170877927e-006	-1	
-10.305360427691991	324.100204040839	-0.00024083194530592796	4.3011978369847194e-007	-1	
-20.342907832506125	325.32082421844819	-0.0002332324055029413	5.6617552868503888e-007	-1	
-1.5252664521690735	321.91752285458051	-0.00024763300094348534	3.0779862545185007e-007	-1	
5.815083442753	318.26294722429083	-0.00025326788345272721	2.0160638014965477e-007	-1	
7.8500867479590148	311.78519716774071	-0.00025363932795757744	1.7053233309322873e-007	-1	
25.571825241974128	300.79811487794723	-0.00026902344319550218	-1.3144939047238018e-007	-1	
20.056084095136423	305.27810020323682	-0.00026414822944068869	-3.0558808221429547e-008	-1	
15.867969528023053	312.1235838374144	-0.00026137796057342882	4.5794783347239808e-008	-1	
29.725009570233453	293.72868954505202	-0.00027225165663020609	-2.2532836722719658e-007	-1	
38.381256158412583	291.5271434035364	-0.0002820276951319608	-3.8700927078163149e-007	-1	
-23.548993049809415	332.85219573500427	-0.00023271141980571298	5.9247555864659224e-007	-1	
-69.250793737187394	345.86381104773795	-0.00020717164782050007	1.070682306028545e-006	-1	
-76.8734659551791	352.7110728625006	-0.00020474223539558947	1.1201571363334778e-006	-1	
-70.544861960243864	352.08977498962116	-0.00020777720624754316	1.0640520964338098e-006	-1	
-63.437346996456903	344.6715234684911	-0.00021000017793599711	1.0175185420575645e-006	-1	
-84.660822366641185	352.36814694331832	-0.00020101890760489591	1.1887253335879468e-006	-1	
-55.719135634845358	347.95709014899558	-0.00021502778041440697	9.2899247727433983e-007	-1	
-37.201437101604363	339.66716932293951	-0.00022474930470298897	7.4483731001117795e-007	-1	
-43.821633609107259	346.26971068320597	-0.00022186216990213183	8.0487655496927789e-007	-1	
-46.139012373365176	350.26683670761548	-0.00022119241163169443	8.2110512905034895e-007	-1	
-39.411552231312172	344.89187069493801	-0.00022440031904450978	7.583107564183995e-007	-1	
-31.553648963081145	339.13368787482443	-0.00022844702929591807	6.7878865579251854e-007	-1	
-25.140264257725764	339.06540917911121	-0.00023293043486135743	6.004044346964795e-007	-1	
-200	368.62625587099376	-0.00017801160973424991	1.6243685913824635e-006	-1	
-185.33236055123913	375.52255248696309	-0.00017915381194753829	1.6027763613816519e-006	-1	
-177.70282225243429	373.55197131015632	-0.00017949833924849225	1.5962319672436082e-006	-1	
-190.59753576076781	375.02270598396268	-0.00017887365006958922	1.6080763490932367e-006	-1	
-171.83823070932451	378.81501328792922	-0.00018053332051632374	1.5767334989472277e-006	-1	
-195.26519548571471	372.85716426254822	-0.00017852686517481537	1.614631761243161e-006	-1	
-109.23105468467827	364.91630481476466	-0.00019325731336062161	1.3371178142667204e-006	-1	
-114.01713356195931	373.33187575923006	-0.00019266438625407931	1.3494688875755143e-006	-1	
-107.86024854248429	370.69487880955222	-0.00019448066192726866	1.3154528905372526e-006	-1	
-124.94013601285208	374.39153633552525	-0.000189373347917514	1.410709963782968e-006	-1	
-117.58419125252865	379.00083381938504	-0.00019202870541155243	1.3618276864156622e-006	-1	
-129.24994272231029	376.8674775829254	-0.00018840521048782611	1.4289576539318858e-006	-1	
-164.14564456268425	381.94695738776159	-0.0001817118213988044	1.554556270016322e-006	-1	
-143.08457993629833	377.94992249292369	-0.00018512475973230736	1.4903482676964756e-006	-1	
-156.03346015802109	379.47935167424833	-0.00018274920656741051	1.5349919939807004e-006	-1	
-146.79197570117998	382.19874050474471	-0.00018465831361288559	1.4992256442929358e-006	-1	
-137.73685821373894	379.73852816022526	-0.00018649165871118163	1.464840333968806e-006	-1	
-131.52881370425374	382.32892703152078	-0.0001882394671366524	1.432361925023727e-006	-1	
-103.62879243663495	366.88751880539587	-0.00019556080955442554	1.2947734963162879e-006	-1	
-98.629810131088604	364.16513255693428	-0.00019710121190789762	1.2656298677618964e-006	-1	
-92.314168668941221	361.37593496862655	-0.00019926104677556473	1.2249831950779883e-006	-1	
-86.210085487580059	357.20779445654131	-0.00020119736377943934	1.18767501096891e-006	-1	
71.958527218216844	246.05482118431971	-0.00033332584628886774	-1.5829708395290851e-006	-1	
73.464112988886157	251.19032600549278	-0.00033504788738725362	-1.5010304073006094e-006	-1	
74.473638612591671	256.65716241582106	-0.00033539271012255619	-1.4102168052470873e-006	-1	
72.197178173321561	261.72896388972038	-0.00033033247489000538	-1.285218260014617e-006	-1	
67.736448675088411	266.20496669993554	-0.00032223804278465248	-1.1432459805950697e-006	-1	
58.724411557832056	273.92905187942529	-0.00030782935314192518	-8.8812332390647616e-007	-1	
48.864833804927343	277.11699746715294	-0.00029386309486337985	-6.7627994868550566e-007	-1	
54.338534162184686	278.35332884370774	-0.00030154107719073206	-7.6470370563033032e-007	-1	
64.847593727669206	272.78153834951854	-0.00031690090281964576	-1.005878638610518e-006	-1	
44.553233886102653	283.69102071830127	-0.00028874650598514402	-5.4480194798010259e-007	-1	
43.686272114809526	289.35685788609533	-0.00028826237055057667	-4.9224015683232189e-007	-1	
85.096445874478206	223.1151278879837	-0.00037259449600275294	-2.4797847043050199e-006	-1	
90.191075460988259	220.17263736114629	-0.00038846511607710637	-2.6470260727265247e-006	-1	
90.24753263124741	214.57235966352869	-0.00039360498128556819	-2.8870640545437068e-006	-1	
92.454954435121593	209.42516754721049	-0.00040549991454099412	-3.1462346474788752e-006	-1	
85.500344293518992	231.80961772101418	-0.00036811219596163806	-2.1807721170082432e-006	-1	
80.435972384604824	240.65047899207008	-0.00035242161108915785	-1.8574934660377307e-006	-1	
85.071972413088758	236.68698938258649	-0.00036438327612707083	-2.0290535821155998e-006	-1	
78.874191416244074	246.54645951743257	-0.00034683539931685365	-1.6887910462329317e-006	-1	
99.125326128215391	203.50355827932199	-0.00043502536152211277	-3.4387638236876546e-006	-1	
102.28104257502163	198.91494515655543	-0.00045370661609690668	-3.6491864599943809e-006	-1	
105.25948738920509	189.74525843607043	-0.0004843028971141276	-4.1436278360854158e-006	-1	
106.87263151073432	195.36861545028344	-0.00047738910346668199	-3.7637753827392655e-006	-1	
122.96215577889288	104.66454983403104	-0.0012398282475162888	1.9738040519784566e-005	-1	
126.63652078528216	116.85271705778442	-0.0011984901566762637	1.8287050253533424e-005	-1	
119.80592568380703	102.43039675765233	-0.0012602023943233107	2.1550765729084776e-005	-1	
120.92752422029201	102.51745802150199	-0.0012495478608253868	1.1407804342674447e-005	-1	
122.23335437105833	102.58693581634958	-0.001221080475503429	1.1560153789662243e-005	-1	
119.22148726805929	102.18236679600047	-0.0012596088941564936	2.2875979647579739e-005	-1	
118.24724723902285	101.66536059108516	-0.0012534420410683575	2.0564862749086309e-005	-1	
118.93778189537579	101.61438934469687	-0.0012493753524708913	1.8089774011572089e-005	-1	
124.1734033959827	118.50917344896503	-0.0012436414382633522	1.9485056568513417e-005	-1	
117.5867251698352	122.79613750745692	-0.0012537775071013045	1.782883619073601e-005	-1	
119.58161729737223	123.62004968039912	-0.0012344502793715044	3.9679335125959395e-006	-1	
118.43756133818104	123.56307187414119	-0.0012382799553657517	6.322885516858869e-006	-1	
120.7927545919857	122.41642616792376	-0.0012517001404274846	1.6176518245294337e-005	-1	
121.79930695128523	122.08442075075099	-0.0012461228604113072	1.1922909912634919e-005	-1	
122.54252104307875	120.9769561747473	-0.0012551357252296854	1.1189531300388927e-005	-1	
123.81644800720683	120.68177887769619	-0.0012263844220566237	1.127043592837942e-005	-1	
115.26085104343046	122.70061103264074	-0.001236472077982451	9.9322039723562146e-006	-1	
116.43464135303719	123.21059748832809	-0.0012375772665631142	9.0302376864023255e-006	-1	
115.70688483851143	123.25163972753816	-0.0012294046989650826	5.444286903858529e-006	-1	
113.55840093613712	124.55550052968765	-0.0011616422116620287	-2.3825182963035625e-005	-1	
114.12830566451007	124.35517792405271	-0.001178505709533387	-1.8283180515800696e-005	-1	
115.00394682574871	123.34360123670311	-0.0012181929187196692	3.268118162708846e-007	-1	
114.9116060273181	124.07160877823881	-0.0011991497279946481	-1.0140835619228375e-005	-1	
113.00862405909697	125.05841601592681	-0.001134116014896902	-3.0689540782336538e-005	-1	
120.20042056578916	177.11733249584955	-0.00058244904465860393	-4.1796115775980465e-006	-1	
116.33363785788825	183.58247843918141	-0.00054402808767094158	-4.0704463921890516e-006	-1	
110.92624499014286	191.15048839841785	-0.00050166290026593097	-3.8785765340789454e-006	-1	
115.30586590542654	188.56394247824517	-0.00052429256153395929	-3.8582589253893081e-006	-1	
139.74999895642625	151.71571482258062	-0.00076816225389107957	-2.3991722005900205e-006	-1	
144.12573693737784	142.88017841686255	-0.00082367403120255111	-9.9312945349579684e-007	-1	
145.91916910688175	148.33150788053112	-0.00078581043754397291	-1.3660161356759646e-006	-1	
138.72809629184175	157.07380793211462	-0.00073356709479561587	-2.7468126087104503e-006	-1	
136.68318542259959	164.47535416051656	-0.00068718596125356805	-3.0857991052097548e-006	-1	
123.36744648151461	127.31870742994354	-0.0010946009253387289	-6.6202113493100447e-006	-1	
125.43405140356238	126.19628016360701	-0.0010973981471120843	-2.9755783829601428e-006	-1	
128.8422804752457	127.53546571602303	-0.0010394755481905205	-3.2494799624950853e-007	-1	
139.55519094003986	132.16691112933231	-0.00091604500494094998	6.3317984497777351e-007	-1	
136.20424139476953	127.29972323065586	-0.00097640127598066075	2.1344498799352523e-006	-1	
141.92106059842831	137.58180186280856	-0.00086577045252408881	-4.1805953011159777e-007	-1	
126.94005026686843	173.37146969153872	-0.00062055302468902299	-3.8334568968093893e-006	-1	
135.23331831559278	169.98701419609637	-0.00065591873233208507	-3.2186543064575895e-006	-1	
114.82170100902525	124.89979233670795	-0.0011758832944869142	-2.3778602202725015e-005	-1	
116.09342118997007	125.514161822164	-0.0011668057138555885	-1.8187462535629386e-005	-1	
115.42605999233469	124.84691777696831	-0.0011861802716536785	-2.1213941440026883e-005	-1	
120.85048722042907	125.80826369862748	-0.0011578608851979678	-1.0965627381218822e-005	-1	
121.72909775758507	126.04642396363786	-0.0011425781083814032	-9.8084838330498829e-006	-1	
119.7173628191879	125.1716280946176	-0.0011865932813058173	-1.2024475590105514e-005	-1	
118.54723462305496	125.71846030910265	-0.0011697984400150087	-1.3125136620470967e-005	-1	
117.30608560963327	125.78737419940367	-0.0011646786817948486	-1.5155462586743805e-005	-1	
120.88625160309554	99.347326934119749	-0.0011720879959790974	-8.8574250053897259e-006	-1	
120.64557584733964	99.294773371977826	-0.0011744577352288206	-1.1796146157328304e-005	-1	
121.66953134361589	101.40705313559148	-0.0012086489825354067	4.9612045934896842e-006	-1	
120.86366766073155	99.616670986106968	-0.0011800492467231762	-8.3120991208100868e-006	-1	
121.09731425701898	99.983746059053487	-0.0011858510633328307	-4.8610089927808104e-006	-1	
121.1914751959501	100.55678279643973	-0.0011985725276764125	-1.2146675124123158e-006	-1	
131.20542203785604	115.71129857548699	-0.0011149515299989762	1.2525993716737451e-005	-1	
139.45108391759581	116.02903433632898	-0.0010048215032353576	6.7012925314444194e-006	-1	
148.37944392623533	112.98984930746684	-0.00093239158265083543	4.7151749656926001e-006	-1	
145.06753068348866	117.1861101265862	-0.00095200728631167179	4.8449514592245412e-006	-1	
120.33427581025005	100.05050327298022	-0.0011997536745867285	-5.1751039295455231e-006	-1	
120.65835808316091	99.440874995961124	-0.001178595084161902	-1.1345942769245044e-005	-1	
120.69200385030229	99.825447874153724	-0.0011889078202214909	-8.6555259826003727e-006	-1	
120.32523055230098	100.63256938259912	-0.0012145620050794293	6.6367984468753224e-007	-1	
119.78121256858348	100.96066133147328	-0.0012282075176839342	7.1540325717208014e-006	-1	
119.23119798190356	101.12199545306439	-0.0012364448158799428	1.1284834336557175e-005	-1	
159.9879476614656	104.94286212886387	-0.00086716662446923083	3.5418040081469884e-006	-1	
155.65139157828719	109.23237566598675	-0.00088905141133953315	3.8152012740747003e-006	-1	
164.00773075624053	100.35516238730779	-0.00084751954906966671	3.354684252981545e-006	-1	
170.05329335231653	98.188559069258162	-0.00082848944971208763	3.155583396469802e-006	-1	
172.88980668789941	91.400579076667867	-0.00081249486578250719	3.1925020243073447e-006	-1	
183.42125521866117	0	-0.00066695175812495977	4.8849293241804871e-006	-1	
180.63726156517228	4.4820397521538089	-0.00066514579079659131	4.9157602863561534e-006	-1	
178.43493766688405	34.33169425969696	-0.0006905321908477895	4.4625274031964367e-006	-1	
182.50638594917163	10.186201052920282	-0.00066873260141699043	4.8516469944405421e-006	-1	
183.16044998776272	16.153049663488893	-0.00067292595629621019	4.7774608034257101e-006	-1	
181.98385611167461	21.071611423196121	-0.00067621985005486974	4.7162017374525016e-006	-1	
185.83858077450918	24.34540443849766	-0.00068221407192893427	4.6214943125973541e-006	-1	
184.96614170423265	31.436199076686641	-0.00069042323231877231	4.4855685108867133e-006	-1	
184.0652787754764	38.217954330152978	-0.00070005518425820721	4.3332889852277026e-006	-1	
188.67830462603666	48.704516988523281	-0.00071987112751332701	4.0626497463755461e-006	-1	
189.02921420013692	42.925724867692573	-0.00070975172685310104	4.2040047517269583e-006	-1	
189.25589723373596	59.578908463694766	-0.00074066403099059229	3.7946525188651037e-006	-1	
193.6505475909874	54.954247047480358	-0.00073203544160155797	3.9076376178663352e-006	-1	
184.66509012240283	64.008912418957735	-0.00074958171777506457	3.6842005152396011e-006	-1	
173.65231655541322	84.083403461398689	-0.00079783729267377608	3.2939633522037675e-006	-1	
181.47813929566405	69.399940377606541	-0.00076125248735980412	3.5553771675663404e-006	-1	
181.29403854855624	78.704569563925958	-0.00078021859382196095	3.3557827680745252e-006	-1	
185.37697176696491	74.131218301668014	-0.00076958657117110363	3.450157340909316e-006	-1	
-8.6054469166102798	329.8022435474623	-0.00024350519835301368	3.9966664703839504e-007	-1	
-17.954246203807994	330.78576806259821	-0.00023640939000270407	5.2353278348587839e-007	-1	
-2.6805014145101849	329.25636693375287	-0.00024823442059902524	3.1915261564535462e-007	-1	
3.1138024723170648	329.85605619076392	-0.00025320371154902697	2.3932345935337468e-007	-1	
6.3756126600303409	325.02965183169852	-0.00025513052609988025	1.9395471545411561e-007	-1	
11.689997194944183	315.95948411001842	-0.00025816119673884128	1.1320286325317969e-007	-1	
14.364129617741384	320.96134371447368	-0.00026157276504764802	7.7400181180370928e-008	-1	
27.135521622196546	305.89066302791815	-0.00027160048831369491	-1.4351130007508266e-007	-1	
30.950236006616858	302.17217580935875	-0.00027508393578513994	-2.1623751405722223e-007	-1	
21.975967389164314	311.1565988233333	-0.00026719350440027219	-5.0324345093788182e-008	-1	
20.724553432830792	318.04214138955552	-0.00026708453356890716	-1.952933165160073e-008	-1	
36.188477929561401	298.9941299898594	-0.00028044758343584816	-3.147135833046468e-007	-1	
42.972224066261568	295.18034533494546	-0.00028786383849331191	-4.4458606014494633e-007	-1	
-19.212805254445172	336.61563467446746	-0.0002367373836950354	5.302478708926348e-007	-1	
-64.379934016318714	350.5306396466296	-0.00021070798922451049	1.0095046983865042e-006	-1	
-73.196014731390093	357.62741469080373	-0.00020742583174991646	1.073802637253965e-006	-1	
-80.849943051417668	359.62627962233131	-0.00020406242017646017	1.1361182123434672e-006	-1	
-66.1746596426172	356.4020129444516	-0.00021083398449428517	1.0113433958627727e-006	-1	
-59.20305913559028	352.09252014713923	-0.00021385378400442371	9.5378512737811384e-007	-1	
-55.862120397946924	356.34430007793333	-0.00021651095927135926	9.0965864581592531e-007	-1	
-50.037631351739705	355.93698303382627	-0.00021984761819046877	8.5021151051245489e-007	-1	
-34.74635032161305	348.33748987171435	-0.00022814120563125536	6.9727545643046721e-007	-1	
-39.306716674868404	351.92070896824288	-0.00022580082065951269	7.4211332106323111e-007	-1	
-44.277445837572422	356.89136381013384	-0.00022350272701761301	7.8699880071810165e-007	-1	
-28.279923432720068	345.39594232908922	-0.00023197850731323448	6.2693023522735367e-007	-1	
-23.259436888063327	343.94204611085155	-0.00023524417700917808	5.6878225016567419e-007	-1	
-19.009764671822193	341.50853439931996	-0.00023787188332834847	5.2000574218761343e-007	-1	
-200	374.87167275510461	-0.0001786844403662464	1.611660356279197e-006	-1	
-183.18444391940548	380.281250095497	-0.00017968037681075796	1.5928525507942459e-006	-1	
-191.34578881090385	382.6711904689023	-0.00017944868168836845	1.5972390024797791e-006	-1	
-178.08968541134684	381.42238309884891	-0.00018014772950907391	1.5840353795606019e-006	-1	
-194.97258581086615	377.99438119716012	-0.00017900673037095791	1.6055757816158595e-006	-1	
-171.61237804685362	385.58465536097771	-0.00018101655620272075	1.567684800569388e-006	-1	
-108.23012971612856	378.33735149928702	-0.00019512731695845527	1.3046126201135808e-006	-1	
-102.51329499476337	374.78384833162926	-0.00019689817105457335	1.2716055907861651e-006	-1	
-124.94866514817976	380.93192025839619	-0.00018995187335484607	1.4004651659235809e-006	-1	
-113.09963029743608	384.2392295888958	-0.00019388563906152557	1.3280076982435427e-006	-1	
-119.67336741021289	386.32203000421873	-0.00019188010111740271	1.3650853873853732e-006	-1	
-167.04094407180614	389.56297131337777	-0.00018174457848078447	1.5540129187705157e-006	-1	
-158.14644389725601	387.69104537837256	-0.00018293474988512068	1.5316457811316751e-006	-1	
-143.78901663975989	386.90924471283211	-0.00018558020641291789	1.4821033642429969e-006	-1	
-151.61294936657873	386.71507541934574	-0.00018400802414455793	1.5115094448364573e-006	-1	
-136.14887679795558	387.21820100158766	-0.00018734806914147564	1.4491329748943334e-006	-1	
-126.61824376182419	389.26324433796594	-0.00018995841960414144	1.4007322644242662e-006	-1	
-98.916075241014738	370.07993287801935	-0.00019775800112381179	1.2549430270278663e-006	-1	
-89.288127847095495	367.58157975458874	-0.00020141820041818097	1.1872851851453775e-006	-1	
-86.309281373281976	362.28840115716343	-0.00020198313533237322	1.1752377716117995e-006	-1	
82.735347751108208	252.30489605074609	-0.00035178610664339381	-1.6161933238144839e-006	-1	
78.411346056926348	260.58143335512182	-0.00034097546770848965	-1.3967657174492345e-006	-1	
71.710971835333808	269.59791314760969	-0.00032775058714260951	-1.1565905328759001e-006	-1	
76.925801754799309	269.93624561598784	-0.00033570540769619749	-1.2274174284151611e-006	-1	
63.095939858823677	280.34517714724967	-0.00031359349969164757	-8.903143788296236e-007	-1	
58.145834815997581	281.86149292075112	-0.000306711124497877	-7.9520322237424728e-007	-1	
50.278040005830015	282.54772109365274	-0.00029616311338834413	-6.5578386087360992e-007	-1	
54.467078923287673	285.12987464584387	-0.00030174260294118095	-7.0486158683101959e-007	-1	
69.446598146869903	277.83126725309603	-0.00032283550567066847	-1.0156820346561819e-006	-1	
49.321011016145576	288.30659551953607	-0.00029519707118713092	-5.9420393582855084e-007	-1	
92.303103789531733	229.71107166239335	-0.0003858561871296796	-2.3182014806610296e-006	-1	
95.12317381947372	224.08360048773901	-0.00039778954182417982	-2.53030975271575e-006	-1	
97.446151589977276	216.08869814929349	-0.00041263668029693529	-2.8457778161380362e-006	-1	
101.33762323770864	208.61429777399366	-0.00043406601529534376	-3.1683972059592906e-006	-1	
89.728623028084201	234.27820349750152	-0.0003762704331884583	-2.1508619122245441e-006	-1	
88.297937396564024	245.15337888674503	-0.00036613779146297664	-1.8453125410256429e-006	-1	
92.594103387586287	238.66860970873412	-0.00037927611922999979	-2.0541173572344385e-006	-1	
107.62649572633998	201.17000035481718	-0.00046693067026370544	-3.449987945720608e-006	-1	
116.03608637713316	194.80150366136678	-0.00050846424301339763	-3.5372150401191074e-006	-1	
125.77849013818744	119.69429733256088	-0.0011932719443098598	1.2920598513990327e-005	-1	
129.03639041605055	119.89136994223531	-0.0011281140165449301	9.7994828112111437e-006	-1	
119.47128091471382	101.59868001546674	-0.0012454002678575135	1.5648037556903625e-005	-1	
120.00329201509217	101.55587609352352	-0.0012396961472416629	1.2030984909031537e-005	-1	
120.79294115172647	100.97916650873157	-0.0012170964037256141	2.5912651691548648e-007	-1	
117.02440176776288	123.91185121397392	-0.0012254848142633557	-6.7963562446562626e-007	-1	
119.05221389219125	124.52967041853051	-0.001214550633714596	-1.2131015180789883e-005	-1	
120.26093185881011	124.42392129905124	-0.001211526345152995	-1.193530994362063e-005	-1	
120.63293911736766	123.57105699260326	-0.0012280577447665931	1.3774863805443932e-006	-1	
117.84349592557241	124.63541953800977	-0.0012112714922195495	-1.3705666264484878e-005	-1	
121.68395934932927	122.70915655430893	-0.0012348331716127063	7.0325829878673851e-006	-1	
121.3596516327231	123.16379805917215	-0.0012293100698789713	3.9287761605321157e-006	-1	
122.6771041116443	122.51524768751773	-0.0012235352400733401	6.8493558162331266e-009	-1	
122.27668504650158	122.93779631777049	-0.0012212083611825067	5.0248243078797449e-007	-1	
123.46607519582918	121.94164333059352	-0.0012146436866181493	4.6450337015091758e-006	-1	
124.72538591845397	121.62191260229322	-0.0011912602343541895	6.7900235462996335e-006	-1	
116.11585326036551	124.03065249433553	-0.0012151701546813689	-4.8425864636701857e-006	-1	
127.55514056401975	179.4329728833053	-0.00059492630423947917	-3.5987411524979009e-006	-1	
122.89604388620234	184.0812842141363	-0.00056353860613773509	-3.7032004741452841e-006	-1	
120.16448187072346	190.06898402601522	-0.00053477971073315146	-3.5857340084999666e-006	-1	
145.82604959966989	155.58360854976144	-0.00074342914857611678	-1.9128867086945526e-006	-1	
150.19198718351902	143.90511877894912	-0.00080453593565794543	-5.2206332081535696e-007	-1	
148.08305134757555	138.12564783131771	-0.00084186118860474712	9.3636287148931607e-008	-1	
149.85430939189777	152.00868463525171	-0.00076125541045436761	-1.3111336610477342e-006	-1	
153.30146688087089	148.09351013385972	-0.00077783464923073355	-7.2389720346330721e-007	-1	
142.8401572693503	162.19315334127415	-0.00070642865670584134	-2.4615629607512206e-006	-1	
143.92618334288017	170.5908955182224	-0.00066547138878483261	-2.5239102041737682e-006	-1	
123.95551589844018	125.47595088837316	-0.001131109902290831	-5.4810407622214313e-006	-1	
122.80396853953349	125.46828317601573	-0.0011467763800701791	-8.5026068537459733e-006	-1	
124.62693328629847	124.76327568020503	-0.0011366120633776592	-2.9904401554223309e-006	-1	
127.01734125888864	124.36071529977465	-0.0011073314017989706	1.5148882626362682e-006	-1	
130.29476770522683	122.90288757161585	-0.0010794481551656798	5.0160500554091516e-006	-1	
147.35694548756055	131.98246716409886	-0.00087778970533486335	1.1844433153994221e-006	-1	
145.68460787960461	124.35982454351858	-0.0009246655884012538	3.0970493015483858e-006	-1	
140.38673904741736	121.20214554489387	-0.00097915321850136324	4.7377453119137708e-006	-1	
134.49476779877796	119.37922875397248	-0.0010528169807147423	7.5134429141517031e-006	-1	
136.96765903529263	175.41587901701234	-0.00063333514957249464	-3.0345695254641847e-006	-1	
116.63477795895355	124.74116865748904	-0.0012019336099195303	-1.6831789664626605e-005	-1	
120.6097320168621	124.93036067449168	-0.0011895238316835888	-1.1762359846583693e-005	-1	
121.22284869590611	124.97758703505016	-0.0011816826368659078	-1.1608408550079199e-005	-1	
121.92003806929056	124.87927260681673	-0.0011762287013289473	-1.1297467227406974e-005	-1	
120.72564961744369	100.21002075234634	-0.0011987446975000699	-5.7349683938619333e-006	-1	
152.24974435216564	116.67741609365535	-0.00090450930839433151	3.720228685530751e-006	-1	
150.5412939589732	121.86381024583568	-0.0009033963235962133	3.1582938613244784e-006	-1	
164.84936538241035	107.99236196572183	-0.00085120168440043183	3.1257443670460495e-006	-1	
159.74568549536536	114.77100773096502	-0.00086927545080752724	3.1197759154150438e-006	-1	
168.5987767604251	103.64785441814803	-0.00083752305974968411	3.0793843754992928e-006	-1	
173.36546543923072	104.0667500144415	-0.00082647393646462025	2.9005374305546283e-006	-1	
176.48275069788755	96.888614365571428	-0.00081427902069011249	3.0202517246044058e-006	-1	
179.15554259507917	91.21862884352926	-0.00080361170546731724	3.113593851025549e-006	-1	
187.52927648688294	0	-0.00066957875895514503	4.8398102939940548e-006	-1	
185.47526585277205	2.3765669986564699	-0.00066843024499055293	4.8594347037179729e-006	-1	
187.75210802415523	7.2684138742432145	-0.00067088798124448768	4.8167761633344758e-006	-1	
191.98799660949336	11.452571254658048	-0.00067477979881982487	4.7511979666948575e-006	-1	
190.67841836633352	17.213572040348346	-0.00067783962912926709	4.6988359921644581e-006	-1	
186.51429005902168	19.555348947999544	-0.00067777689248870246	4.6967012252066955e-006	-1	
190.88017479770153	26.344794765903259	-0.00068667580737215121	4.5548770081279391e-006	-1	
190.0773123775277	36.84969150745485	-0.00070033937937454265	4.3428986831077341e-006	-1	
192.91115984918747	31.373744129006155	-0.00069336074517505465	4.4517848964440966e-006	-1	
194.20720097180779	46.987286339283351	-0.00071765029971173299	4.100315651287741e-006	-1	
194.73822571736812	40.782099207009338	-0.0007073315644085421	4.2456020286538135e-006	-1	
200	62.600828549560575	-0.0007463630457945139	3.7222158716882797e-006	-1	
190.66582329362376	65.80084975904316	-0.0007525683479886171	3.6444547585948666e-006	-1	
200	56.355411665449694	-0.00073476546036408601	3.8734137130774308e-006	-1	
200	50.109994781338806	-0.00072346590683805621	4.0239075650667605e-006	-1	
180.05463794052724	84.835313457303712	-0.00079257275316828649	3.2378673716191017e-006	-1	
185.5186829051421	83.31700000933526	-0.0007858954338453893	3.2417413908043258e-006	-1	
189.15148682716952	78.962255612046576	-0.00077701583454367412	3.3338437642528941e-006	-1	
192.25042693756188	72.650994308219168	-0.00076520392959971914	3.4809976310631673e-006	-1	
-9.2349083037376296	335.71889283927999	-0.00024420413760121935	4.0189307007149252e-007	-1	
-13.98281741409502	338.84926859999013	-0.00024114293554855328	4.5988741332966513e-007	-1	
-4.2330119011175853	338.32908438433708	-0.00024865953399873209	3.3425175096049827e-007	-1	
1.3659841283766454	337.63387866935869	-0.00025307719318652205	2.6111158298276374e-007	-1	
6.3333275853691573	334.71076965134046	-0.00025675165735317905	1.9553466206891016e-007	-1	
11.84309763229178	333.01917236446036	-0.00026123255364255533	1.2048146066182179e-007	-1	
14.316512855885314	327.24384911667568	-0.00026254839552471794	8.308347329825274e-008	-1	
20.371791943080162	325.18763834920111	-0.00026776917289454748	-3.9698510716677089e-009	-1	
32.18646616910884	307.58392975626003	-0.00027712576615877783	-2.1764550787335569e-007	-1	
26.945716875389465	314.83685532707437	-0.00027271365135754939	-1.1810085621840868e-007	-1	
36.121611336786636	304.19015078218865	-0.00028095652976436585	-2.9139922549077975e-007	-1	
26.217194842441476	321.06285563818545	-0.0002727551576947621	-9.3539587703851821e-008	-1	
41.27106214766787	304.887473922391	-0.00028665430181766603	-3.6799597490389254e-007	-1	
48.18781407145844	297.86744257550833	-0.00029415475341005968	-5.120100408924421e-007	-1	
-61.015134343752791	356.95490359813465	-0.00021371314946930074	9.5994335012707192e-007	-1	
-68.82581241376343	361.93965264563417	-0.00021033277179552604	1.0235613473992474e-006	-1	
-75.314300298859749	364.14476578060248	-0.00020739323643155993	1.0775465088338847e-006	-1	
-82.538808154522002	365.74442840805318	-0.00020418210334894834	1.1363558447096871e-006	-1	
-60.985277810030802	362.28987817646902	-0.00021455893538485326	9.4825257134066203e-007	-1	
-54.120077757204754	363.02541306747696	-0.00021853221982791758	8.7854829383063766e-007	-1	
-48.24245223486902	361.49287286014203	-0.00022176175439292506	8.2094994631104317e-007	-1	
-33.512361543839894	354.00438250048018	-0.00022993675467127065	6.7303140055350684e-007	-1	
-27.560588835996196	352.42557015963985	-0.00023369834762373612	6.0701268201191015e-007	-1	
-37.512076373550251	358.68610526613151	-0.00022802543968467623	7.1045449275404228e-007	-1	
-38.881092785820329	365.55029603719368	-0.00022807748371026678	7.1522553271765165e-007	-1	
-23.157548154778866	349.32580913713196	-0.00023626223573072565	5.5953621891023811e-007	-1	
-18.642338173160304	346.39184177892798	-0.00023902060909221977	5.0883372350172508e-007	-1	
-14.666821486275396	343.63724213389389	-0.00024149004018864321	4.6289785776784278e-007	-1	
-200	381.11708963921558	-0.00017919331526311958	1.6020590181752815e-006	-1	
-185.69883831921621	384.85689973122913	-0.00017982983010303248	1.5900495205714409e-006	-1	
-192.49205976487673	388.61689797390716	-0.00017973730565329197	1.5918018558485576e-006	-1	
-196.68225561660387	385.532570706944	-0.00017949967519058192	1.5962817548450447e-006	-1	
-182.39837731958266	388.57292758953889	-0.00018021206321539349	1.5828512720148315e-006	-1	
-175.65097719859162	392.13978602098632	-0.00018090918172512376	1.5697326983966886e-006	-1	
-99.45758179752076	381.26852360469871	-0.00019862639124598231	1.2409057372170331e-006	-1	
-104.42743200681008	386.43466195342597	-0.00019708100589393006	1.2696317977034405e-006	-1	
-95.789925309915787	375.10924666418936	-0.00019957296258291503	1.2227396057485251e-006	-1	
-112.08470371392562	391.05993345492408	-0.00019456462957461026	1.3159364834473533e-006	-1	
-120.59904652156328	393.80611486873892	-0.00019188837456856229	1.3652125239912889e-006	-1	
-168.62625587099382	395.41205610543682	-0.00018174258345901443	1.55407406100879e-006	-1	
-162.18263010933364	393.18537270573961	-0.0001825244860169901	1.5393851273687659e-006	-1	
-153.01271366071666	393.17105931524952	-0.0001839986131013759	1.5117596510525518e-006	-1	
-147.639760258264	390.95626665538737	-0.00018496413538794559	1.4936862614752177e-006	-1	
-140.83728073184037	393.57332637664172	-0.00018648609879756459	1.4653193234548813e-006	-1	
-133.73436896666934	393.90643459197491	-0.00018820937293353515	1.4332765279992437e-006	-1	
-128.0310461242731	395.08431281188052	-0.00018974799797577519	1.4047656775736753e-006	-1	
-89.62857703001913	374.17141657796333	-0.00020204751900957437	1.1774917348605919e-006	-1	
-84.672255208161531	370.39297617284984	-0.00020380682460167316	1.1446381014501985e-006	-1	
84.955649599260852	257.50644396666132	-0.00035338676664326663	-1.5409362805104587e-006	-1	
90.011612423103315	252.18481590850672	-0.00036516190686788555	-1.7045541104187025e-006	-1	
83.981477226416573	263.07751470813093	-0.00034920900949895925	-1.4278818305477128e-006	-1	
73.743891548002196	274.41207531666419	-0.00032973952720268034	-1.1211135178494067e-006	-1	
79.147520581746605	274.88462688383146	-0.00033744533085684959	-1.1864276748568736e-006	-1	
85.971752385256892	268.8477476460867	-0.00034988811279652101	-1.3578640393338674e-006	-1	
67.519074020843362	282.24043672378588	-0.0003194428161214698	-9.3716845874936183e-007	-1	
63.866195686278267	285.37294443336026	-0.00031410895154413706	-8.5084927245256502e-007	-1	
59.034301774792844	286.9618242749977	-0.00030762955313031094	-7.6189824633375655e-007	-1	
54.674404610339025	291.22222523033247	-0.00030191402727735439	-6.5866222224604847e-007	-1	
72.077551904992191	281.60732741425716	-0.00032574503133506476	-1.0086173147335014e-006	-1	
76.100614702023222	279.37226281804726	-0.00033182652888166098	-1.0897277670121636e-006	-1	
94.776024213826204	234.11423079555234	-0.00038768807462623203	-2.198842494872891e-006	-1	
99.598847333607992	228.50961148978357	-0.00040408865011873222	-2.3951627954090083e-006	-1	
101.89151885403541	221.71526267674025	-0.00041748901734199161	-2.6285404874720035e-006	-1	
104.55649410820602	215.04039867790888	-0.00043365917562038556	-2.8719748955863343e-006	-1	
107.30406175971383	209.64490034218358	-0.00044994675810802146	-3.0644893629212646e-006	-1	
95.745328238224019	246.50539163695078	-0.00037962758946328157	-1.8820144387052718e-006	-1	
97.50976480507947	240.64613544293616	-0.00038777997112672107	-2.0386013008051365e-006	-1	
117.80142250675284	200.91901599928792	-0.00049773691188732968	-3.2293686275250721e-006	-1	
112.86714792245608	207.25479519045223	-0.00046975921829703245	-3.0843672924781937e-006	-1	
124.01670161392317	195.61175930044001	-0.00052867762753208464	-3.2319918307096696e-006	-1	
126.76958888191962	122.23963795054399	-0.0011421916835406766	5.57397964942494e-006	-1	
120.86529084211955	124.37104673931161	-0.0012075145253802547	-1.2337676524301768e-005	-1	
121.4535806530119	123.7142994053487	-0.0012159737026996727	-3.6034617269599096e-006	-1	
121.89949701798	123.30677131894981	-0.0012189202547836374	-5.2111983552382681e-007	-1	
122.74439564592709	123.28439344390297	-0.0012054803360494503	-5.93931101256178e-006	-1	
123.14292969015071	122.86200973161112	-0.0012050273887295169	-1.4894192223799001e-006	-1	
122.38666760587488	123.50944884272944	-0.0012066152575444596	-5.280227670654408e-006	-1	
123.87096214142296	122.60071352381981	-0.0011934399090609948	1.6646075619388182e-006	-1	
124.87539702957353	123.22573510002724	-0.0011615535519464044	1.0368542471593173e-006	-1	
131.95856551746797	183.36741975675542	-0.00058962961448494019	-3.2244814120414967e-006	-1	
126.3982959630421	189.29590915585004	-0.00055449927179077952	-3.3398629909414489e-006	-1	
151.5155460749599	157.9375861774169	-0.00073047659394378172	-1.5476124727212097e-006	-1	
149.16937368445423	163.94179923790682	-0.0007007456019004749	-1.9914619190075419e-006	-1	
153.34492351597362	139.48802549592224	-0.00081983262914545713	2.0796656790383655e-007	-1	
158.16224800779943	141.98704636977038	-0.00079778231768289673	1.3016945112586751e-007	-1	
154.6894943734201	134.23028360450354	-0.00083945872009378642	9.7167744449348909e-007	-1	
155.15361675252518	152.97008956857258	-0.00075219948537221556	-9.998381511876097e-007	-1	
159.9163520081872	148.37116057380987	-0.00076774785083943715	-3.8379193575247871e-007	-1	
142.84536131698115	175.89186392010751	-0.00064031916077274156	-2.6341994325821549e-006	-1	
148.76878577969075	172.82023710899034	-0.00065996365273434093	-2.2336193159695092e-006	-1	
123.65715904141426	124.89835038181569	-0.0011490377858125755	-6.2139775381549839e-006	-1	
122.60425612671779	124.8124408351686	-0.0011681908709496854	-1.0180631860124726e-005	-1	
123.0123968619349	124.81515848784245	-0.0011613695810470236	-8.7173826026860933e-006	-1	
124.06851639836952	123.95898851735106	-0.0011626424529260792	-3.1513317650182753e-006	-1	
152.96369472603104	126.75762895636507	-0.00087515734401498956	2.1613618661941308e-006	-1	
137.85671217113605	183.65358329824227	-0.00060046457092522191	-2.8868148415373433e-006	-1	
143.0754620194281	181.29699998834727	-0.0006183425540555043	-2.6164555263873838e-006	-1	
121.46964982542897	124.31817217957199	-0.0012018407959149	-1.2868247715435056e-005	-1	
122.39567655348011	124.46161209203656	-0.0011822442181047615	-1.1930890785784109e-005	-1	
122.07400880873841	124.26529761983235	-0.0011944079581503162	-1.3222391729828284e-005	-1	
157.72350762765024	121.35511621290485	-0.00086903772697489014	2.6620103424107861e-006	-1	
170.50481890922219	108.96636243727397	-0.00083453613153859488	2.8132493167307071e-006	-1	
166.16246137514048	117.27394103797992	-0.0008434679175747012	2.5501974096548284e-006	-1	
178.08041436327798	103.25063046138976	-0.0008169404382892925	2.8025059657105969e-006	-1	
176.4051394529458	107.76231172703577	-0.00082137744111265712	2.6752664238519414e-006	-1	
183.15652367598295	102.57911922061552	-0.00080934392539802678	2.7323833554927485e-006	-1	
185.47273908761824	98.012615167412505	-0.00080369913641178796	2.8495061271986545e-006	-1	
185.00468779455497	88.96473160068301	-0.00079463188652798597	3.1087980600945292e-006	-1	
189.58328712099382	0	-0.00067063049911213386	4.8218690636540166e-006	-1	
188.55628180393839	2.9884257182988185	-0.00067034216466650861	4.8266872565074755e-006	-1	
192.09722155443103	7.1057875202872651	-0.00067287821736859211	4.7835445513241887e-006	-1	
191.23477749129125	4.665055984005047	-0.00067187546584799749	4.8005955857241926e-006	-1	
196.404834393594	15.760201918728951	-0.00067840690932695195	4.6914444967440932e-006	-1	
194.54836583329171	7.9381768032890454	-0.00067389181494563629	4.7665836161744736e-006	-1	
197.26278586068247	11.076139255645787	-0.00067575106877013817	4.7355894218264751e-006	-1	
194.13390864323731	22.005618802839834	-0.00068307840744180582	4.6146591024739227e-006	-1	
200	25.128327244895274	-0.00068697076748414001	4.554320111302907e-006	-1	
200	31.373744129006155	-0.00069427917146578169	4.4409826663590851e-006	-1	
200	37.619161013117036	-0.0007030133366704303	4.3108758747707907e-006	-1	
200	43.864577897227917	-0.00071272327097784993	4.1714268065987172e-006	-1	
200	68.846245433671456	-0.00075783309578831182	3.5712612715613218e-006	-1	
192.36534455893323	86.787363614207479	-0.00078754303285286618	3.1275881791783228e-006	-1	
194.99939484468328	78.214370759837792	-0.00077434243503779671	3.3437811250594241e-006	-1	
200	75.091662317782337	-0.00076878751075543387	3.4190477412055373e-006	-1	
-8.4446660681450201	342.08328692306497	-0.00024596951083128652	3.8592886373988081e-007	-1	
-0.5444164006934189	345.14202866402712	-0.00025264247139755394	2.8387094516544909e-007	-1	
5.8454504440131947	342.77076966230459	-0.00025748553623519888	2.0272113597802627e-007	-1	
10.36456599449839	338.83001524242957	-0.00026072502965206505	1.4321995360096333e-007	-1	
18.696463460557023	331.74808869571035	-0.00026707697888780284	2.7301719902493086e-008	-1	
20.421943290350953	338.29552740335322	-0.0002693062864886983	1.1685240015259372e-008	-1	
25.322089766489569	330.35262808089499	-0.00027291467759988427	-6.3955638572217466e-008	-1	
32.873710634101762	313.60038018942242	-0.00027852926412015995	-2.0939806069435829e-007	-1	
37.922107840296881	310.25618126922575	-0.00028345935388308013	-2.9538771761991671e-007	-1	
35.267225593013428	318.94200840642719	-0.00028139353020735774	-2.2753316810201787e-007	-1	
31.892492056118627	323.7245892392196	-0.00027846992496976955	-1.6723261135063677e-007	-1	
43.4826467292012	309.99592009072592	-0.00028932056178413205	-3.7773679479332122e-007	-1	
48.28724970868528	304.88292695795195	-0.00029443185390468806	-4.7334982234239346e-007	-1	
54.991021142890361	296.33881864685748	-0.00030221937557575989	-6.2608833969448409e-007	-1	
56.430099133289893	301.25906546548964	-0.00030370859329498213	-6.1288238562040964e-007	-1	
-68.224570054440093	367.54116325627439	-0.00021142075115117352	1.006746508499764e-006	-1	
-63.206589433370141	366.84323020821682	-0.00021398986853988337	9.6082119262771344e-007	-1	
-73.41824778544742	369.72385084779961	-0.00020905936982977292	1.0498298734883708e-006	-1	
-79.310705661663832	369.71178860696153	-0.00020620661805203613	1.1010914297536324e-006	-1	
-58.541997302985827	366.30030989546572	-0.00021646979295074557	9.1674825481934214e-007	-1	
-48.88952984824315	367.53244667210765	-0.0002221770417636224	8.178868873731699e-007	-1	
-54.652745309821718	368.93221056656063	-0.00021898571567494988	8.7405888666411509e-007	-1	
-44.299838908651786	368.93457676059518	-0.00022511146638642103	7.6823001473168764e-007	-1	
-27.002997041314654	357.62583544281426	-0.00023484828391521343	5.9356549458930284e-007	-1	
-33.73729875018941	363.00757504278818	-0.00023107567918860159	6.624612439902331e-007	-1	
-22.742414076800834	354.59250387053612	-0.00023737738021149463	5.4780233372655677e-007	-1	
-36.973407346612497	370.38925964551765	-0.00022983283952654707	6.888957215423098e-007	-1	
-17.906347317839156	352.46580031328335	-0.00024052241365757828	4.9280330855584854e-007	-1	
-14.049863323302185	348.77374302743692	-0.000242784216303556	4.5006763334443859e-007	-1	
-7.4883403703052069	348.57770420577452	-0.00024770717937419833	3.6927516299880082e-007	-1	
-200	387.36250652332649	-0.00017957822678893895	1.5948014465126871e-006	-1	
-189.15120536377339	391.81151015772889	-0.00017998109543957281	1.5872084733951836e-006	-1	
-195.8866691049308	389.41940374709122	-0.0001796989472227903	1.5925258633151235e-006	-1	
-195.6399571373133	391.94162072964474	-0.00017979252741296428	1.5907626207112434e-006	-1	
-193.19249478490946	393.14154492727539	-0.0001798817999843434	1.589080343517309e-006	-1	
-198.37200257038069	388.92386074435422	-0.0001796521511922474	1.5934081129617744e-006	-1	
-180.49563245825902	393.16438355105504	-0.00018052374935983179	1.576988975863587e-006	-1	
-184.66312143313593	392.99704783586606	-0.00018024169201844608	1.5822995341136427e-006	-1	
-177.99438119716018	396.50200362022855	-0.00018078056271514655	1.5721580445799705e-006	-1	
-174.87167275510473	400	-0.00018108551126141931	1.5664235529832712e-006	-1	
-98.817795629004763	386.85758021621882	-0.00019924638552510444	1.2302463089160034e-006	-1	
-90.175227732840924	383.03710800441223	-0.00020255952334091021	1.1698268195744433e-006	-1	
-106.4894371955876	391.6720062325204	-0.00019655509131354706	1.2795523614873462e-006	-1	
-101.09635732368095	393.28331935899348	-0.00019861010683925738	1.2422007726945602e-006	-1	
-115.3805742654832	395.41347001156737	-0.00019357998656193578	1.3341271712371195e-006	-1	
-112.41750391399589	400	-0.00019461986451759959	1.3151185005334252e-006	-1	
-124.90833768221766	400	-0.00019068698200770822	1.3874476750882065e-006	-1	
-118.66292079810677	400	-0.00019256779499425496	1.3527733240578138e-006	-1	
-162.38083898688296	400	-0.00018257154088651334	1.538517811410075e-006	-1	
-156.13542210277208	400	-0.00018356008286090177	1.5199956812222498e-006	-1	
-149.8900052186612	400	-0.00018467939533156253	1.4990614789571282e-006	-1	
-143.64458833455032	400	-0.00018595502315174985	1.4752540716457394e-006	-1	
-137.39917145043944	400	-0.00018737786565112684	1.4487667637486226e-006	-1	
-131.15375456632856	400	-0.00018895113285675205	1.4195596652060467e-006	-1	
-83.583297942726091	375.68678407581774	-0.00020486430632338733	1.1269179678243513e-006	-1	
90.2787220528879	259.41713511698072	-0.00036139392334928478	-1.5638708294555669e-006	-1	
95.41994333602446	256.99394737103995	-0.00037148514943636547	-1.6576812478539596e-006	-1	
98.272845924227084	252.07816239237368	-0.00037988958517909003	-1.7780653747957355e-006	-1	
89.80675801017253	264.90039351830183	-0.00035766330624684807	-1.4627067029687812e-006	-1	
84.740602536228764	275.95377257132003	-0.00034508383020446782	-1.2398588719423101e-006	-1	
84.249647637509639	281.62691998153713	-0.00034221739073421101	-1.161134615151824e-006	-1	
92.910827972444295	269.44501918193981	-0.00035990549573668596	-1.4201806772327037e-006	-1	
90.434953872985574	275.95482338297921	-0.0003530664486123084	-1.3005869134393926e-006	-1	
68.201057302023386	288.03390529277766	-0.00031938170658120352	-8.8703418016426546e-007	-1	
63.565194448037921	290.72464572766779	-0.00031311614160676115	-7.9629772467117949e-007	-1	
59.261346453401281	293.50260709601685	-0.00030751684444448192	-7.1002598707712385e-007	-1	
73.308677721358777	290.70799702355623	-0.00032539472772788756	-9.2837629919923208e-007	-1	
77.673172824262352	286.9410705005987	-0.00033185825821895623	-1.0220020583252627e-006	-1	
99.863076740153687	235.89889854795192	-0.00039702080986645297	-2.1761877159516394e-006	-1	
106.15856602565744	226.02083952565337	-0.00042207834036483744	-2.4774902682386162e-006	-1	
107.53057311085996	231.92535306403215	-0.00041758362293657273	-2.3018849967260764e-006	-1	
109.12120652298421	220.73231942544163	-0.0004364864842403429	-2.6360196986580806e-006	-1	
114.47196100377592	215.77207873449615	-0.00045765127938896764	-2.7546202134456315e-006	-1	
101.42163927399966	244.21986925231155	-0.00039217288863245813	-1.9706660977932521e-006	-1	
124.13733868820381	201.54872624756536	-0.00051245720581096844	-3.030799344938618e-006	-1	
120.86231390373679	206.50214350195412	-0.00049222214536285647	-2.9543305620481834e-006	-1	
117.23776826308057	210.84111976726547	-0.00047380777587961617	-2.8801113511080712e-006	-1	
129.64726454025515	199.33448892066338	-0.00053123273249921989	-2.9237142468677707e-006	-1	
133.31569660823246	194.92718674267593	-0.00055228435631449668	-2.8978752267845075e-006	-1	
122.04961290340594	123.81261574295593	-0.0012052479731794539	-6.9905160583163463e-006	-1	
122.77804141306848	123.66896632209557	-0.0011957985431009534	-8.8170592123716667e-006	-1	
123.14970605264381	123.44269162880273	-0.0011925408405251321	-5.0952336736462518e-006	-1	
123.79476139894859	123.37045400291515	-0.001180157273133147	-2.0918477621775879e-006	-1	
122.49024559843386	123.91919374219493	-0.0011951812769523244	-9.5371527664990446e-006	-1	
132.67949935526187	189.22833077145066	-0.00056973742011485226	-3.0517808252311387e-006	-1	
155.29146242747044	162.87353699685121	-0.00070700305986545222	-1.5487033270027992e-006	-1	
153.41747432753255	170.21055186465605	-0.00067442639763796671	-1.9022265309491471e-006	-1	
159.85977909794104	133.96691871667693	-0.00082490384791712972	1.0644695252845438e-006	-1	
163.64174274157639	142.0198901731606	-0.0007871676133504444	2.9817807559613702e-007	-1	
164.32696038102299	136.58330870688036	-0.00080502206996115066	8.2687755206967255e-007	-1	
160.81780280518223	128.87934603679133	-0.00083823731550352026	1.6493205270868279e-006	-1	
161.46241450551906	154.73794377573401	-0.00073998647703149047	-7.7016301804963841e-007	-1	
166.43954180946878	146.73139329091521	-0.00076604192558224027	-1.5678580833491924e-008	-1	
166.6981401097018	152.44239207626995	-0.00074459345357139116	-4.1236686959752701e-007	-1	
147.80074362180241	178.0627228428653	-0.00063729477018817338	-2.3506487427243461e-006	-1	
156.0382361576284	176.33525717128353	-0.00065130098456329065	-1.9074072036380019e-006	-1	
123.46326924174659	124.27782970940045	-0.0011668783459450553	-6.513636393988872e-006	-1	
122.7719158538892	124.44031658002736	-0.0011759112077143734	-1.0806457459709923e-005	-1	
123.02757437687589	124.37006612200662	-0.0011728179447292788	-9.2705153261295379e-006	-1	
123.38931371265929	123.87733352318887	-0.0011776134006795092	-5.9220918975563204e-006	-1	
140.41703424837186	190.81780640976763	-0.00057915850626892335	-2.6782231420033571e-006	-1	
144.80327642325793	186.75625747095808	-0.00060025627457238747	-2.5150049722663494e-006	-1	
149.20926577191639	183.41189069010852	-0.00061812273762678596	-2.3147752806413432e-006	-1	
122.67836779204782	124.21242306009273	-0.0011846423104400234	-1.2750773728685192e-005	-1	
162.41892640832157	123.82252314879058	-0.00084596674290167179	2.1639852611871407e-006	-1	
173.22084848715608	115.7678002529516	-0.00082541210602676439	2.369547236866495e-006	-1	
167.59391574384327	122.65867612689516	-0.00083192138989544384	2.0812164057427477e-006	-1	
172.89449978333005	120.94163144843999	-0.00082091175234421255	2.0539266286803368e-006	-1	
181.17488845727402	107.12097850344644	-0.00081314684896085696	2.5917083001835073e-006	-1	
179.17920067540658	111.69504591612214	-0.00081566777640736403	2.4278862813160358e-006	-1	
187.91714380218517	102.12312819969505	-0.00080412545915994221	2.6864357439964817e-006	-1	
186.11683694340508	106.75696058425548	-0.0008069513925494788	2.5285347468487245e-006	-1	
189.37665288476629	93.274615820978156	-0.00079639645185647682	2.9587579200150376e-006	-1	
192.49549444399668	100.74105106806108	-0.000800260941986195	2.6977047653112544e-006	-1	
191.6372977551047	0	-0.00067152664591646428	4.8066402708057617e-006	-1	
191.83711254096886	1.7568095240595507	-0.00067167971171898052	4.8040255830943868e-006	-1	
193.6169874592305	5.0102465903942734	-0.00067277876293318762	4.7853774513253458e-006	-1	
193.38327615758831	2.6145295967631168	-0.00067229407176675967	4.7936195876727298e-006	-1	
200	18.88291036078439	-0.00068104976705250829	4.6486782896615636e-006	-1	
200	12.637493476673507	-0.00067671961433127617	4.7195484853361915e-006	-1	
197.6208550215398	7.9453318958671826	-0.00067444695010201896	4.7574065317621184e-006	-1	
196.31298432927787	5.4229506562250167	-0.00067349105288633932	4.7734353865583448e-006	-1	
200	9.5147850346180647	-0.00067518854626387806	4.7450319595148045e-006	-1	
200	87.582496086004113	-0.00078734324644051256	3.0955110342938322e-006	-1	
200	81.337079201893232	-0.00077864698721204781	3.2611306232007072e-006	-1	
195.4908202857402	93.82791297011498	-0.00079408139078090945	2.9120815657112518e-006	-1	
0.99929994399811495	352.31913787411162	-0.00025476075881239604	2.6313664597382173e-007	-1	
7.2668064244604507	351.00465775605255	-0.00025959812313427252	1.8583166969390271e-007	-1	
12.450651419248068	344.45142061449167	-0.00026313523685046958	1.1906803146163061e-007	-1	
24.162712326079848	342.92739100163732	-0.00027296509724566596	-3.0977124701937004e-008	-1	
18.674732137444728	346.5178463327959	-0.00026857595929014988	4.1646335460635157e-008	-1	
26.98368210553339	337.68433436688815	-0.00027504706206443578	-7.4195365092305889e-008	-1	
31.784669283117523	330.18835696839756	-0.00027887041282241212	-1.5084724328291891e-007	-1	
41.119725116262508	319.04278140680407	-0.0002872494397305553	-3.0859107241105446e-007	-1	
37.530755433340268	327.22619340752544	-0.00028410535749715578	-2.343008605572365e-007	-1	
48.205699815280312	312.94212072240902	-0.00029439224308231918	-4.3121052239645922e-007	-1	
54.988726877752171	308.98074777887956	-0.00030175179205625072	-5.4500520853945974e-007	-1	
61.844943492425429	301.17628671669695	-0.00030996628053334835	-6.8858767457337781e-007	-1	
62.965992189156189	306.47446013538303	-0.00031069746178339892	-6.6645972422791614e-007	-1	
-68.631478592177388	373.1601345978703	-0.00021185270736533078	1.0012832979330412e-006	-1	
-60.231805723910988	370.94419374559936	-0.00021608621373095231	9.2572826057478746e-007	-1	
-63.683174474300102	374.88928127685813	-0.00021462948070619206	9.5287486120488836e-007	-1	
-76.466217033818253	373.86943023324744	-0.00020801912583513589	1.0698028490532379e-006	-1	
-72.166120399126683	376.49360026944606	-0.00021039365345742577	1.0282419350437001e-006	-1	
-46.75746097260906	373.05663031395414	-0.00022404523284795123	7.8872639650137225e-007	-1	
-55.521986666312841	375.26300189663203	-0.00021914700151385503	8.7417775287045807e-007	-1	
-41.547373875081334	372.86588289787079	-0.00022721169780380316	7.3471229775798328e-007	-1	
-28.004734149574396	362.75907909481634	-0.0002348427837279311	5.9881650672956403e-007	-1	
-19.138809774085075	360.68431963054013	-0.00024071565135099147	4.9965612591184213e-007	-1	
-30.675129476971978	367.40225277278455	-0.00023360072999411622	6.2352443550749011e-007	-1	
-35.092328108947783	377.22010500063323	-0.00023163789209001214	6.6246541385564792e-007	-1	
-32.231756715144606	372.52738541982325	-0.00023308710808532369	6.3566717220969077e-007	-1	
-11.87019835739998	353.46558056092493	-0.00024507636216216896	4.1955180805780927e-007	-1	
-4.4120584144831803	355.743564275643	-0.00025096439062685227	3.2823403783652413e-007	-1	
-200	390.485214965382	-0.00017970971889499202	1.5923232531317983e-006	-1	
-189.02965580671071	394.57241272030359	-0.00018005740627764042	1.5857719527055315e-006	-1	
-191.72039445393671	395.20271644643714	-0.00017997265568677146	1.5873688419436811e-006	-1	
-197.78248344698099	391.10116867790754	-0.00017973899109044962	1.5917715755252842e-006	-1	
-197.65245336283081	393.39896562631338	-0.00017980824352415434	1.5904666640061868e-006	-1	
-195.84236921135292	393.78033720225574	-0.00017984133864236727	1.5898430053388607e-006	-1	
-194.209726817187	395.67040416396736	-0.00017991158759973104	1.5885194753550133e-006	-1	
-182.67844386024331	396.71843757155983	-0.0001804348171953194	1.578665372728179e-006	-1	
-186.31249977888041	396.70764148477093	-0.00018022253430390083	1.5826623982420054e-006	-1	
-181.11708963921561	400	-0.00018056091348811381	1.5762924719201767e-006	-1	
-93.681253261663244	395.45219295863893	-0.00020164405135336767	1.1874230415742044e-006	-1	
-91.545718895532715	389.85732279898997	-0.00020235034571079805	1.1743429873901731e-006	-1	
-86.338357103791196	386.18878773309746	-0.00020442652506868835	1.1366462398293971e-006	-1	
-82.678856149253264	382.97633829368766	-0.0002058722148346066	1.1102530145184157e-006	-1	
-106.17208702988501	400	-0.00019680727740423157	1.2751344713719469e-006	-1	
-99.926670145774139	400	-0.00019914464384410764	1.23262093274191e-006	-1	
-76.383286168056998	378.90631636637301	-0.00020852696279487605	1.0620479186493479e-006	-1	
95.866508268590678	262.66003728342713	-0.00036841598555271423	-1.5577438656273199e-006	-1	
104.23541390736055	258.82431246656597	-0.00038430342935498712	-1.6842584331446436e-006	-1	
105.68956352321678	251.53099045481287	-0.00039301641136759737	-1.8317160085204641e-006	-1	
91.481014227670386	284.28167457561779	-0.0003505700006817212	-1.2037734030082111e-006	-1	
85.460453340732769	289.08721630603304	-0.00034105404649855905	-1.0877957289143779e-006	-1	
97.649879190465299	274.54883117350204	-0.00036370546242399821	-1.3860565339454496e-006	-1	
100.59726460567532	267.06000475292899	-0.00037262069740056047	-1.5211193793602891e-006	-1	
98.38329078483298	281.86279513726117	-0.00036057682995616487	-1.2949155888673898e-006	-1	
68.15974177613603	293.3016453352252	-0.00031848372716331702	-8.3651190571752695e-007	-1	
63.686217669378777	296.08343867653332	-0.00031266932359665176	-7.526922182807343e-007	-1	
73.048662728946326	296.59949582732162	-0.0003238043202003921	-8.7009330831344413e-007	-1	
80.955009089046655	295.15541569260512	-0.00033359899277841747	-9.7638357032662267e-007	-1	
107.70851833294533	239.28755430976111	-0.00040917327664341264	-2.1095441918740196e-006	-1	
112.21590187460528	227.72498229978055	-0.00043302197882107748	-2.4053249400095816e-006	-1	
114.64659426664164	236.81838966904962	-0.00042517350899710287	-2.1659499830193145e-006	-1	
115.75455377890452	222.52177531929649	-0.00044871679926216301	-2.5331024570482435e-006	-1	
123.06482265288508	214.63970394014311	-0.00047928843768031356	-2.6664986325051704e-006	-1	
122.09985358764698	219.88726994810241	-0.00046683561559765816	-2.5391009562685794e-006	-1	
110.68643286601912	246.02296051268482	-0.00040703490577373376	-1.961005197003893e-006	-1	
127.43548584240234	205.29438465377299	-0.00051030391351281762	-2.8331295382854588e-006	-1	
125.12330083308478	209.71722672979485	-0.00049454584828758686	-2.7663367751407157e-006	-1	
133.02744076827295	204.19867610981044	-0.00052460763785923642	-2.7092811386642403e-006	-1	
138.80806099271348	196.5751065809998	-0.0005576275511134087	-2.6633837197431606e-006	-1	
138.64626370650413	202.45580360036357	-0.00053999645257686807	-2.5773301449644317e-006	-1	
122.98335099063912	123.84476231224141	-0.0011869590072759435	-8.4810597261302667e-006	-1	
122.81168718020986	124.05353920028817	-0.0011856364226237252	-1.1454632629701138e-005	-1	
158.17655900336368	167.22501954889424	-0.00068860276458128139	-1.5551443276125851e-006	-1	
161.30032547784441	161.28775024104783	-0.00071266446508298786	-1.1455456339799692e-006	-1	
160.83881897740363	171.71629492272629	-0.00067139038314258711	-1.5742618279137544e-006	-1	
170.14743803661938	137.94083438058348	-0.00078952877679596312	7.5339732841835879e-007	-1	
171.52317052259792	132.12463319586817	-0.00080260868586095083	1.2313935431248471e-006	-1	
166.66414718277784	128.44679928527279	-0.00082270854530159068	1.6003887453647372e-006	-1	
166.12235336693524	158.13017282398351	-0.00072361533996576023	-7.7653132246003631e-007	-1	
173.48767985425647	149.27360247902516	-0.00074979410214789032	-3.0348362589629353e-008	-1	
174.64961223429887	141.87164391397604	-0.00077163366902033433	4.9870107895505387e-007	-1	
175.88686922748781	154.34341288110366	-0.00073148807094698047	-2.8277510697395313e-007	-1	
171.88446361819709	158.27276861714589	-0.00072028400070785789	-6.0176814258075941e-007	-1	
154.71357755029089	182.86409223101083	-0.0006256840138446837	-2.0639626659760387e-006	-1	
160.10171037836295	180.55850981612838	-0.00063808304577124835	-1.8155170285276297e-006	-1	
163.93025502612383	176.42583560352449	-0.00065494440447394248	-1.5785209701562997e-006	-1	
123.05236293596575	124.10609276243009	-0.0011790938609081308	-9.0116899242086826e-006	-1	
122.82446941603112	124.19964082427147	-0.0011815489493476007	-1.1884508086700622e-005	-1	
144.50929839663968	195.17540601733785	-0.00057110509692919972	-2.4799458762109058e-006	-1	
152.79012245280299	189.09610453344797	-0.00060197771220186222	-2.1855396816684186e-006	-1	
150.04488587203542	193.22078561785239	-0.00058501178090859991	-2.2885611041015342e-006	-1	
179.73887834955585	118.86692519400478	-0.0008101166357413099	2.0385522498560705e-006	-1	
172.01433376125061	126.05048068182657	-0.00081470958064758356	1.7033750177954649e-006	-1	
177.1794045150472	123.85961434009745	-0.00080847707482585335	1.7770295418969389e-006	-1	
183.93619434274248	110.88054479332769	-0.00080886920021927447	2.3782738357464099e-006	-1	
182.9067496758264	115.43566993585884	-0.00080815633730499652	2.1723454109782258e-006	-1	
191.34449306204667	105.20247209997866	-0.00080243133213030496	2.538731509116225e-006	-1	
187.364495241252	114.04375547717611	-0.00080400413606460249	2.1867679737743382e-006	-1	
193.15006893950383	109.44145518039221	-0.00080118278888750946	2.3479802506993133e-006	-1	
200	100.07332985422588	-0.00079827286458473566	2.7019850611417637e-006	-1	
195.89950871375714	103.99843608672387	-0.0008002752480353642	2.5630480834090156e-006	-1	
193.69130838921564	0	-0.0006722243667333206	4.7948226288451133e-006	-1	
193.54746071200898	1.3084627985266586	-0.00067222034482291985	4.7948839355284464e-006	-1	
195.29895183589866	3.2883067767806842	-0.00067287455908658438	4.7838258701514112e-006	-1	
195.34240937717655	2.0801271073525802	-0.00067273335665470003	4.7862189939407535e-006	-1	
200	6.3920765925626242	-0.00067407261885393496	4.7637039705321777e-006	-1	
198.67335044341459	5.3061679652427802	-0.00067373346889257075	4.7693905070423991e-006	-1	
198.18719720513613	3.9834047258549377	-0.00067342121646915586	4.7746377350451072e-006	-1	
197.12404865210112	2.8146196175946505	-0.00067311137283204074	4.77985105660288e-006	-1	
3.2315588528717463	358.32134710298436	-0.00025712912353191249	2.3536654713195843e-007	-1	
13.418442632295816	350.54390006473267	-0.00026454831943846052	1.0966673407511531e-007	-1	
10.073653813790797	357.32375986645752	-0.00026242312858561998	1.5306360082174518e-007	-1	
30.99025106797308	342.91667403052901	-0.00027890914695152146	-1.1621891901168011e-007	-1	
24.805580738559946	348.84636334284761	-0.00027391520828394956	-3.1814075638862229e-008	-1	
18.256602505500602	354.37105759023024	-0.00026881590644574837	5.2825246634067851e-008	-1	
33.544066132645803	337.05876692583678	-0.00028089667430290192	-1.5938461363605874e-007	-1	
37.156326146926858	332.79888131619759	-0.00028400775379610959	-2.1492942773041477e-007	-1	
43.801335877393804	325.05109190252182	-0.00029008557234151537	-3.2376750903153642e-007	-1	
48.471521243341172	320.41641824250451	-0.00029468346637564861	-4.0225278816185788e-007	-1	
42.592896065558662	331.51874251988971	-0.00028903433861672296	-2.8742530955992685e-007	-1	
54.708989444157318	316.28970346021953	-0.00030113277475678262	-5.020021769522575e-007	-1	
62.99799260765603	312.65356428794075	-0.0003100885955953399	-6.2749376299066671e-007	-1	
70.378440116991044	301.85756364294082	-0.00031969148016738398	-7.9351193848315999e-007	-1	
72.553589684665951	307.29431710125249	-0.0003211658370014819	-7.7831250936420498e-007	-1	
69.173881622839843	312.07627666037132	-0.0003167418621346736	-7.056769208494075e-007	-1	
-67.555433015052728	378.0256733529996	-0.00021287317885917902	9.8480436600321305e-007	-1	
-63.019490522573136	380.08881832285329	-0.00021543383972032768	9.4047905465648746e-007	-1	
-71.054212168436237	380.8512134040144	-0.00021131015901766292	1.0131237891517122e-006	-1	
-44.150067628293215	377.57137195535353	-0.00022602715698473785	7.5710883448496817e-007	-1	
-49.526513815519209	377.474066051318	-0.00022281490908364411	8.1184630507855145e-007	-1	
-54.124697285343757	380.70827092084897	-0.00022038499292773771	8.5467344567130216e-007	-1	
-58.766264754033351	383.18666686026239	-0.00021796506587352449	8.972652205273604e-007	-1	
-39.575894652894789	380.39848773547851	-0.0002290460197983239	7.0730892198171166e-007	-1	
-25.254375436194522	367.43036280405505	-0.00023724167358158522	5.6323697411290339e-007	-1	
-13.747929518570139	363.53618289486326	-0.00024490831541399571	4.3467575636164255e-007	-1	
-18.323292489151793	367.56864711604698	-0.00024204488398839978	4.846810341129166e-007	-1	
-33.108329634174048	382.34535970798771	-0.00023325215212402554	6.378892695469567e-007	-1	
-28.906924678602003	377.77235304907737	-0.00023571084439872274	5.9535165333063371e-007	-1	
-23.234918117461262	372.46098470221813	-0.0002390887014477385	5.366741472289185e-007	-1	
-7.6915285871294774	362.81874177160557	-0.00024926673564257002	3.6418140725340641e-007	-1	
-2.6416026592931274	360.86183692224819	-0.00025285407916920776	3.0529236132786426e-007	-1	
-200	393.6079234074374	-0.00017980367136849685	1.5905528592788492e-006	-1	
-189.72591444875439	397.24684371740051	-0.00018007134614883276	1.5855099871103546e-006	-1	
-192.5623585911363	397.57999746286265	-0.00017997889699975184	1.5872515154437237e-006	-1	
-198.75193511913523	394.38860051795132	-0.00017982519389442107	1.5901473133198439e-006	-1	
-197.35322421331347	394.84765443598661	-0.00017984360406081502	1.5898004118402443e-006	-1	
-196.10362946662804	396.88272546739728	-0.00017989406818272053	1.5888496374392754e-006	-1	
-195.07897884488463	397.7442872611195	-0.00017992017209046847	1.5883578501871715e-006	-1	
-184.23979808127103	400	-0.00018035845515085874	1.5801036056963445e-006	-1	
-187.36250652332649	400	-0.00018019018386181501	1.5832720402188733e-006	-1	
-87.435836377552363	400	-0.00020429820225438888	1.1397297971136424e-006	-1	
-88.642841777268586	395.09529793910986	-0.00020374901455182814	1.1495166771866437e-006	-1	
-85.669534634070786	391.01211180898378	-0.00020493268672012226	1.1280402879568768e-006	-1	
-81.774695206418727	387.88724842545935	-0.00020657939449015181	1.0983441460839001e-006	-1	
-75.272482096395123	384.13603793847165	-0.00020944435758544461	1.046816174763173e-006	-1	
109.45418992684161	256.07321120435563	-0.00039482567440206849	-1.7590140040848104e-006	-1	
109.10467198969587	261.735683550776	-0.00038916822575561777	-1.6604565203914843e-006	-1	
115.55392252417244	249.338203814129	-0.00041138366312186046	-1.9001321791160386e-006	-1	
91.113092751705594	289.99489074365476	-0.00034763118466499726	-1.1350055443631191e-006	-1	
97.475217422744123	289.12005372283778	-0.00035565242975451879	-1.2017176420915496e-006	-1	
86.621857210464285	296.55536284661576	-0.00033983136294148288	-1.0234418442438917e-006	-1	
103.8587380553371	278.48355264090264	-0.00036953172254818072	-1.3798279182011612e-006	-1	
106.44326206770216	272.59118144665712	-0.00037690883342589418	-1.4771416039116957e-006	-1	
108.60072693369918	267.36612674962777	-0.00038381093123647118	-1.5667498738424185e-006	-1	
105.08116521992328	284.80063064331392	-0.00036702321755505271	-1.3097487549528254e-006	-1	
80.654873788378737	300.79352415385966	-0.00033167716861290738	-9.2193676344981501e-007	-1	
118.22892512467806	228.00947724477092	-0.00044475880391015119	-2.3652712841186855e-006	-1	
119.17622845158601	240.70033205958302	-0.00042794582919315847	-2.0704630171434903e-006	-1	
123.13638985220852	231.49576121594785	-0.0004484299040792878	-2.251058531965767e-006	-1	
123.63199585878924	225.60098553049798	-0.00045941106567152682	-2.3785622466292418e-006	-1	
128.3573906371314	213.96380569566603	-0.00049154558877719814	-2.5931949940942263e-006	-1	
130.615076172936	218.57000649740388	-0.00048598228239437203	-2.448663357366769e-006	-1	
128.61550631343184	223.56730222688489	-0.00047227061372643339	-2.3698822295781637e-006	-1	
130.44299308563953	209.27717660523342	-0.00050663235186355676	-2.6605408796868272e-006	-1	
137.140257444946	208.14269386970466	-0.00052184671919459696	-2.523617976686839e-006	-1	
142.41481506026153	206.49664995840556	-0.00053484789827057985	-2.4179641549514164e-006	-1	
148.15729005042601	199.77490887066318	-0.00056228461347984876	-2.3238643801118395e-006	-1	
163.39101869407827	166.96311730209561	-0.00069007211690494841	-1.3028040116718609e-006	-1	
168.0782921866161	162.37061032891143	-0.00070693559684456033	-9.2331891294595709e-007	-1	
166.15021647622748	171.5991984582059	-0.00067301552982972914	-1.3582611614347168e-006	-1	
177.61694676713867	132.07502299215869	-0.0007925732130723964	1.209738538081602e-006	-1	
179.42644748269495	146.41367126809209	-0.000753566234122188	2.4568264052452167e-007	-1	
181.65507711384654	139.28692415894054	-0.00077067774059040312	7.1907915469976241e-007	-1	
177.26125875199435	159.64475851732982	-0.00071344450270219198	-5.386131190393348e-007	-1	
181.27114557286376	155.91460841262554	-0.00072382359921481943	-2.7667147398243847e-007	-1	
172.55220302041104	163.70894091243176	-0.00070105680123558507	-8.4806284453148785e-007	-1	
157.32705692986664	187.10473729377088	-0.00061312690282901291	-2.006495931019433e-006	-1	
162.15272681715251	185.31112995070848	-0.00062288415310894033	-1.8179795034137456e-006	-1	
165.8453712980677	181.72386164464166	-0.00063714302054332069	-1.6377754950410419e-006	-1	
169.9970420938256	177.22797822588115	-0.00065399573011097536	-1.4046174532932934e-006	-1	
156.7649054301682	192.05421511543705	-0.00059624380574235315	-2.0615023699878688e-006	-1	
155.94447783380056	196.64341096741501	-0.00058097283696663686	-2.1012410731004472e-006	-1	
182.54796223874686	125.48947298008764	-0.00079791609013289905	1.6088953772423529e-006	-1	
186.74063715257105	120.51752058351201	-0.00079931099013014662	1.8556725495082728e-006	-1	
195.13807734507466	114.1548991413282	-0.00079869397751458409	2.1240362705820365e-006	-1	
193.01612711434785	118.80958050655853	-0.00079639208194004626	1.9038861897308872e-006	-1	
200	106.31874673833676	-0.0007998642742634563	2.4622353812007267e-006	-1	
200	112.56416362244764	-0.00079860865783718991	2.1894267126729432e-006	-1	
195.74531902332652	0	-0.00067271594722584241	4.7865204031800117e-006	-1	
194.71831370627103	0.70690622164167694	-0.00067249357713119421	4.7902736502371671e-006	-1	
196.53139511540766	1.8612673673447733	-0.00067292597440567637	4.7829764058687082e-006	-1	
195.92494036090955	1.0207667699298681	-0.00067277008760174286	4.7856062349301133e-006	-1	
200	4.830722371534903	-0.00067366346700024372	4.7705703956692577e-006	-1	
199.31225834796982	4.050045261021042	-0.00067349577466896014	4.773387913295011e-006	-1	
198.27733601525387	2.8334904485373169	-0.00067324420201949177	4.7776183666148093e-006	-1	
198.91491750229306	3.0885019270135152	-0.00067332116763763104	4.7763241985184073e-006	-1	
198.08368255699619	2.1746738239182113	-0.00067315116996041714	4.7791847781449811e-006	-1	
197.54858549133277	1.3864595464981768	-0.00067302852871303168	4.7812507671509888e-006	-1	
1.5606879641905951	364.2782651714366	-0.00025634729530920935	2.5501938668515819e-007	-1	
11.948477135281653	363.97916979086557	-0.00026439368750206247	1.325953752885236e-007	-1	
17.331392788452536	360.31075110234383	-0.00026845894895308886	6.7471390960017343e-008	-1	
37.235875714253439	344.26916055893855	-0.00028446039927987088	-1.9030341635981558e-007	-1	
33.3736238215198	348.84597258511417	-0.00028123674076898909	-1.3572208354481467e-007	-1	
27.633734650853476	354.86800124282877	-0.00027661984397991084	-5.9129910253605276e-008	-1	
22.778327933297337	357.76774705865466	-0.00027274741033487626	1.1727315623028692e-009	-1	
41.818359851352305	340.41364021284937	-0.00028845523863889306	-2.5424012481049867e-007	-1	
49.355798309679066	329.4356282446596	-0.00029544485690487091	-3.7879507424866802e-007	-1	
55.341301615390122	325.66071605700313	-0.00030133688592865848	-4.6673646868754427e-007	-1	
47.815540440002508	336.45468269313608	-0.00029389860845583634	-3.3720564004661572e-007	-1	
61.622491058671756	318.67771133492442	-0.00030808385826466996	-5.7656625425513553e-007	-1	
67.075877564598912	317.29610738767383	-0.00031381046009507535	-6.4920709588291747e-007	-1	
78.240214244725266	305.89722550756562	-0.00032771336629143402	-8.5338126697728117e-007	-1	
77.249787575731986	311.99922761647491	-0.00032525742176156764	-7.9737773453198412e-007	-1	
76.018343687537936	318.05719102623698	-0.00032277806314683766	-7.444430690376795e-007	-1	
-67.048878255828313	382.23190971456631	-0.00021345636550594926	9.7563543685414658e-007	-1	
-65.823483678261113	386.44419762597209	-0.00021435309756327368	9.6082225059774057e-007	-1	
-61.597580627464602	387.62178190090737	-0.00021666086460497169	9.208225057493954e-007	-1	
-70.03974221987832	385.23253544964319	-0.00021211131373756646	9.9990646313490206e-007	-1	
-46.63932153854379	386.46469192547391	-0.00022509667923178227	7.7585031924823195e-007	-1	
-53.4441663150048	387.56836443634853	-0.00022117956121172694	8.4285459098909491e-007	-1	
-41.39433752569559	389.5299771080829	-0.00022840259050083619	7.2085279925966466e-007	-1	
-35.37521001376939	388.70782472504891	-0.00023211800896019415	6.5867958636272481e-007	-1	
-9.8504493353579505	370.51563451215094	-0.00024835643812503655	3.8616625052775232e-007	-1	
-17.237856980169397	373.57002560465577	-0.00024332726360007151	4.6880125056719549e-007	-1	
-28.130761965839607	386.91083097127188	-0.00023673216350870877	5.8231487444651816e-007	-1	
-23.67726787488975	377.67284980713725	-0.00023919567219531115	5.3824662199313715e-007	-1	
-22.014815735300566	382.63223122656302	-0.00024061705045659457	5.175771416656399e-007	-1	
-3.1997036542225654	368.22989193015741	-0.0002530757723481594	3.1003803169047198e-007	-1	
-200	395.16927762846512	-0.0001798370035068008	1.5899248121938706e-006	-1	
-190.48521496538194	400	-0.00018005694447674901	1.5857814208434878e-006	-1	
-193.60792340743737	400	-0.00017996203590353078	1.5875692095229667e-006	-1	
-198.5571067473802	396.43497018169967	-0.00017986172563792241	1.589459012228237e-006	-1	
-197.44160877915442	396.837903817582	-0.00017987587621479302	1.5891923981011729e-006	-1	
-196.95212150471551	397.91822480701228	-0.00017989195578468407	1.5888894555011643e-006	-1	
-195.16927762846507	400	-0.00017992853304323603	1.5882003635125217e-006	-1	
-196.52131667182775	398.95200382013428	-0.00017990392824224249	1.5886639002872592e-006	-1	
-81.190419493441482	400	-0.00020712573045148321	1.0893001932685197e-006	-1	
-83.642782517464028	395.61210752745978	-0.00020597041794386759	1.1097992751897718e-006	-1	
-77.279729063142341	390.06206444151309	-0.00020877824595016484	1.0594690587238667e-006	-1	
-73.229059979840173	388.29292939090396	-0.00021067473524333333	1.025718409206882e-006	-1	
115.29191054617131	255.22162488042909	-0.00040455050845198982	-1.7914159059489716e-006	-1	
113.73863117979504	265.00862994307425	-0.00039278483322910293	-1.6259989434291692e-006	-1	
120.69684057127546	246.46876350619749	-0.00042299379511006029	-1.9538776139378557e-006	-1	
122.72094389699301	253.86062600718881	-0.00041680846572252322	-1.8226045952490495e-006	-1	
92.376786562734452	295.57873199741209	-0.00034680484543758516	-1.0886990153991448e-006	-1	
99.232343669871966	297.15877436983203	-0.00035379513561421171	-1.1325099739176789e-006	-1	
104.42667077799719	293.52298667014668	-0.00036129808385250325	-1.2085650030308163e-006	-1	
86.077250649742609	302.36711158165724	-0.00033725844043274925	-9.6495689420607231e-007	-1	
113.33731416738441	279.12806502968289	-0.00038070570790575789	-1.4291097986754492e-006	-1	
113.87248944963085	272.07785546402346	-0.00038687275049179102	-1.5240541366600526e-006	-1	
112.48008118829469	285.5291953749196	-0.00037510896058477787	-1.3479695939118263e-006	-1	
110.49131242034129	291.6736332552112	-0.00036897427718180544	-1.2687515015090445e-006	-1	
125.10945509247858	241.31991595272382	-0.00043674534139378189	-2.0381195801357174e-006	-1	
126.82675016205206	235.86480678433037	-0.00044770569545308288	-2.1359390178684618e-006	-1	
131.98077354410296	233.45294907336114	-0.00045988440473922995	-2.1431109714273603e-006	-1	
131.98765406568194	227.76252138301027	-0.00047004164985864642	-2.2473607630916874e-006	-1	
133.48625108365098	213.86883030601709	-0.00050148652341056889	-2.4971340252505662e-006	-1	
137.58671603794448	217.54726612970521	-0.00049999433587763226	-2.35412000936391e-006	-1	
137.6941577649406	224.59270554413465	-0.00048519880450827066	-2.2337373437768795e-006	-1	
142.72210389971048	212.01353242628159	-0.00052112121480575862	-2.3376639365432337e-006	-1	
148.58416429229439	208.9200180852028	-0.00053711862138707586	-2.2439972425260392e-006	-1	
154.28404428379767	201.15694975303293	-0.00056564701502300667	-2.146777886799973e-006	-1	
168.78600484728261	166.98646882863457	-0.00068983719377485391	-1.1029129612054319e-006	-1	
173.61599485295812	168.58693075024109	-0.00068408489135201732	-1.0235229134184468e-006	-1	
174.86495993199804	173.51951304035813	-0.00066732425534841609	-1.1658541730488126e-006	-1	
186.03584899433247	133.23992886195288	-0.00078029879044795309	1.1083021072497057e-006	-1	
185.93822787696368	147.43586673505303	-0.00074644240154554513	2.4654964668640896e-007	-1	
189.50303119432689	140.36207620396169	-0.00076245584898945176	6.7952426625925429e-007	-1	
177.34105881876863	165.12078299400537	-0.00069534532588389289	-7.9171860978030277e-007	-1	
183.46461808302359	162.292952957079	-0.00070322182206349439	-5.5342590456612804e-007	-1	
190.09502268364494	151.86961995355927	-0.00073239581721248686	3.2808384839745977e-008	-1	
186.53848584705125	157.66953623428716	-0.00071665505445118397	-2.9938852224261519e-007	-1	
161.10481396399013	190.35156602453404	-0.00060547930477926261	-1.9130478966091402e-006	-1	
167.49971270688704	188.2490717320548	-0.00061647123828288144	-1.7067975489368588e-006	-1	
172.01782421186749	183.25889331737102	-0.00063461123952538638	-1.5028379141068794e-006	-1	
160.43686892827489	194.92658418595448	-0.00059046194709497343	-1.9680928049059932e-006	-1	
159.80815747631954	199.50715878508979	-0.00057606781033099326	-2.0040555249558784e-006	-1	
186.8981292366278	128.19183922292717	-0.00078880088447001045	1.4144748218681857e-006	-1	
191.89866887691787	127.08669691273381	-0.00078692583712058981	1.4578369934169914e-006	-1	
200	118.80958050655852	-0.0007944471805561089	1.8855191295409818e-006	-1	
195.26113070571654	123.32665872298045	-0.00079053720093608148	1.655503507803991e-006	-1	
196.77232434038194	0	-0.00067288675612518127	4.7836405107655171e-006	-1	
196.94098357828159	0.81610899719585073	-0.00067292463260058171	4.7830016755907496e-006	-1	
200	3.2693681505071823	-0.00067336928528366328	4.7755153447870885e-006	-1	
198.6172068392446	2.2368089340175961	-0.00067319823985628844	4.7783930021966977e-006	-1	
199.15402622666073	2.2185366339458334	-0.00067322456592896877	4.777950344079888e-006	-1	
198.4368385018484	1.730868033792391	-0.00067313970891029896	4.7793785802471008e-006	-1	
198.07277242144824	1.3521824866162946	-0.00067308031657718173	4.7803788420095623e-006	-1	
197.76757587337403	0.71016084229571763	-0.00067302225233521588	4.7813571271043795e-006	-1	
3.5715413891276437	370.12917543432013	-0.00025830513612952526	2.3136578438784081e-007	-1	
17.419320035994005	367.53561399014944	-0.000268916445931438	7.0101990314652919e-008	-1	
10.985148813915186	371.44714204438731	-0.00026407624637267836	1.456534217079287e-007	-1	
22.479038693182751	363.41521783237641	-0.00027276705983780896	9.0782247539167035e-009	-1	
42.904373922420916	346.20108345332955	-0.00028947249845305534	-2.538856715058139e-007	-1	
37.742516332983428	351.34179197493359	-0.00028505211876994336	-1.8326579471795914e-007	-1	
34.271471616393583	355.31412401338997	-0.00028220759537777728	-1.3675573643032557e-007	-1	
31.859976382939095	360.00584693651098	-0.00028031595991558197	-1.028959310391172e-007	-1	
48.025724553355502	343.29493591072878	-0.00029400012049529288	-3.2029366592924017e-007	-1	
57.121579339246189	334.8827715218606	-0.00030254790012850127	-4.516984537669103e-007	-1	
60.926942230278911	324.49976185187438	-0.00030690974658999302	-5.3938618097858503e-007	-1	
60.245576267812332	330.1388776171429	-0.00030579291552534509	-5.0643925480062647e-007	-1	
55.146674952630462	341.8709966398568	-0.0003004116251321689	-4.0594557603036152e-007	-1	
66.313827631311455	322.62128868963759	-0.00031240967823483172	-6.1118766662342791e-007	-1	
71.406148016467526	320.88734835198693	-0.00031766538937672841	-6.7705125243847998e-007	-1	
86.592598480931187	307.92663958907741	-0.00033613157630040777	-9.2410096151923677e-007	-1	
83.381435754368141	312.78552612036157	-0.00033142517214845699	-8.5526992531315936e-007	-1	
76.0027470670355	323.46846593536566	-0.00032175451402693186	-7.1212505041129808e-007	-1	
80.614148450572714	320.91388806596723	-0.00032673757499176954	-7.7390623021221676e-007	-1	
-69.054631535648539	389.74616922453009	-0.00021283095127620725	9.8797077179174463e-007	-1	
-65.231065583722881	392.48960718019538	-0.0002149102238990429	9.5195778223976931e-007	-1	
-59.331460399053391	394.57684600638601	-0.0002181271231775669	8.9636339088769823e-007	-1	
-45.62515881492088	393.88956215306064	-0.00022596049423844746	7.6255411183153446e-007	-1	
-53.086043514942503	394.59129103195443	-0.00022161734459804166	8.3640081361503945e-007	-1	
-37.702152628118121	394.11649476717406	-0.00023080944491590694	6.8137647569596573e-007	-1	
-31.359140114472115	393.6405255111228	-0.00023483732786960357	6.1482555191180361e-007	-1	
-7.9620934176048506	375.63732524182672	-0.00025008498552656002	3.6296675437109684e-007	-1	
-12.933884228119572	377.89096677034041	-0.00024666872055524174	4.1841645320029222e-007	-1	
-18.499032551205577	378.69536386037521	-0.0002428146522818677	4.8031891685106884e-007	-1	
-25.562769207541784	394.20524821334351	-0.0002386471908204259	5.5276568412533764e-007	-1	
-21.039167873417384	390.53729805132934	-0.00024160888191968865	5.0437018492285673e-007	-1	
-14.431064571988639	386.09039564492724	-0.0002460119813266363	4.3275989442851154e-007	-1	
-2.925796686571843	377.74287012131668	-0.0002538941458094253	3.0520707365313931e-007	-1	
2.281837392084161	375.60775492257238	-0.00025765228592847928	2.4603554159279651e-007	-1	
-200	396.73063184949285	-0.00017986166918894134	1.5894600807131158e-006	-1	
-199.15402622666079	397.78146336605431	-0.00017987421984701582	1.5892236155846759e-006	-1	
-198.08919739312788	397.83154370159082	-0.00017988043732381872	1.5891064721255533e-006	-1	
-197.17745898753236	398.6631865086423	-0.00017989441933944102	1.5888430472483716e-006	-1	
-197.93695689804679	398.49316344555376	-0.00017988630417433975	1.5889959397585895e-006	-1	
-196.7306318494928	400	-0.00017990321321796615	1.5886773744579526e-006	-1	
-197.0969167052148	399.37934768570443	-0.00017989798719047229	1.5887758310700638e-006	-1	
-74.945002609330601	400	-0.0002101002271338411	1.0366346404856453e-006	-1	
-78.188367684152908	395.44292314487654	-0.00020849599255416077	1.0648752698559377e-006	-1	
-71.147743973010463	393.86468998307248	-0.00021189857087627154	1.0047350566354282e-006	-1	
120.40758401271356	261.05028667417366	-0.00040570440660027418	-1.7062451440499639e-006	-1	
118.12338198699358	268.46148323261411	-0.00039539155490774176	-1.5905990670916828e-006	-1	
130.73587954679599	245.1047734007004	-0.00043958745162479682	-1.9532899073589106e-006	-1	
129.73204646322594	251.05219312275943	-0.00043001190920267273	-1.8595950961269604e-006	-1	
128.19192620599648	257.36300305551072	-0.00041995310682573471	-1.767529090273388e-006	-1	
91.193773704497474	304.76386839684113	-0.00034200992573081416	-9.9313855947820227e-007	-1	
96.750628671170389	303.74180466089751	-0.00034829010897982995	-1.0512219307164659e-006	-1	
104.02294904303439	302.31098722514901	-0.00035641295189477992	-1.1211901447205597e-006	-1	
108.91551378252154	298.00073998895738	-0.00036364034553185539	-1.195814059414797e-006	-1	
119.28404819605859	276.03405931455757	-0.00039006690020333386	-1.4944249083986698e-006	-1	
120.28279725743462	285.61027653325107	-0.00038347063218764269	-1.3858523077329523e-006	-1	
116.55977357531437	290.53573391011963	-0.00037605282839057557	-1.3153407117854745e-006	-1	
117.12047764092321	296.68444488558322	-0.00037258735935976391	-1.2574546253047865e-006	-1	
131.5254295428129	239.12513352744745	-0.0004498246521624577	-2.0472267463300484e-006	-1	
137.72505713481945	236.7684499262183	-0.00046235383080259033	-2.0435925697190885e-006	-1	
140.20645454120353	230.61767706523071	-0.00047691034244196111	-2.1125255721786169e-006	-1	
143.43261867512192	221.48111699415566	-0.00049990601572042382	-2.199605387385742e-006	-1	
151.82827498813765	214.70009843221152	-0.00052662867559405923	-2.1295451206775335e-006	-1	
148.68762009880675	219.39950597580406	-0.00051159603977610354	-2.1405644955754801e-006	-1	
155.38433824129163	206.81618910199171	-0.00055095348271909741	-2.1021591403650377e-006	-1	
156.10169467582514	211.88369676559441	-0.00053838323861267869	-2.066676612689622e-006	-1	
159.21620137432541	204.14215715555258	-0.0005622122244762982	-2.0226805609888986e-006	-1	
178.40485065131568	169.99877283181476	-0.00067909933671310202	-9.6580376660282047e-007	-1	
178.37779612212503	183.17980785667879	-0.00063661186241703702	-1.3639999198140584e-006	-1	
181.81220393074108	177.71483751716957	-0.00065450490804633461	-1.1561294864354063e-006	-1	
193.34553889953986	134.20163968702605	-0.00077388073520599885	1.044630874396269e-006	-1	
193.34002779486823	146.73084067287382	-0.00074521542234975047	3.2662898974012764e-007	-1	
195.21152402336614	140.66853960094664	-0.00075958569328345073	6.7159798780567599e-007	-1	
181.78783299668495	166.70602141512654	-0.00068952613835325061	-7.7302946940664147e-007	-1	
186.86929336894187	166.11167900315087	-0.00069088304461186996	-6.7677531980597712e-007	-1	
195.40027470098821	152.85941565498868	-0.00072856453114331218	5.1971198474177352e-009	-1	
193.32797925924481	157.84248560234261	-0.00071474786145098276	-2.5115590800759149e-007	-1	
191.70355947980349	164.43705857246661	-0.0006954360530233262	-5.5972458082945482e-007	-1	
165.64110992958356	193.37252417866341	-0.00059917457710262942	-1.8192972123163835e-006	-1	
170.90438653350483	192.38300701864347	-0.00060532505223873415	-1.6872028958036915e-006	-1	
175.25777281987871	188.04148583994038	-0.00062062769998591256	-1.5248651953152412e-006	-1	
163.86158612892979	198.03274803282443	-0.00058378859935689356	-1.8999879261572246e-006	-1	
163.40221140879396	202.321471126555	-0.00057100124864299781	-1.9302809498565521e-006	-1	
200	125.05499739066941	-0.00078745292070414564	1.5559370253047393e-006	-1	
200	131.30041427478031	-0.00077779744025941637	1.2073759736790939e-006	-1	
197.7993296574374	0	-0.00067301431727971736	4.7814910030475333e-006	-1	
200	1.7080139294794616	-0.00067318995420576825	4.778533147625434e-006	-1	
198.98927578143989	1.6024322410739074	-0.00067316219642024827	4.7790003125150119e-006	-1	
199.5599252876147	1.3176753742225313	-0.00067315889526314181	4.7790560279421983e-006	-1	
198.56880232234053	1.1792628753549512	-0.00067311016595874142	4.779876380607066e-006	-1	
198.65953629545416	0.58965488014713718	-0.00067309153756542881	4.7801902651085999e-006	-1	
23.628861451005665	369.54061094828921	-0.00027393746446644293	-2.331808233028063e-010	-1	
18.884108328725031	373.61719185788991	-0.00027032653051842632	5.5831484762715298e-008	-1	
6.5631491919652563	379.26132015139854	-0.00026105124563137211	1.9731008153485217e-007	-1	
13.663995855868203	378.49204856267636	-0.00026644447958013538	1.1657122568391469e-007	-1	
28.696977365428815	365.91338965963718	-0.00027790445670322389	-6.0701296332874787e-008	-1	
42.718617478657208	352.0866097992004	-0.0002893213093584824	-2.3950871750666685e-007	-1	
52.371292251747477	348.58164403781365	-0.00029770952759716345	-3.5626095929404873e-007	-1	
39.493845198639725	356.05869598155067	-0.0002866052564518199	-1.9564107815174112e-007	-1	
40.384385049977496	361.09690634547616	-0.00028739826351503815	-1.9827130851665195e-007	-1	
35.267350164771536	367.23013758083925	-0.00028326364703117946	-1.3347503446063988e-007	-1	
62.623560539810157	335.10542179573923	-0.00030761313475648699	-5.1277197960299469e-007	-1	
59.694955207027768	339.38319038025372	-0.00030463043003430945	-4.6482509583514014e-007	-1	
65.481096146828989	327.93587562319698	-0.00031098402869738419	-5.7535779020882879e-007	-1	
58.386130345303258	346.5978709504567	-0.000303036496513665	-4.2754676551217145e-007	-1	
71.706399938161113	330.09049048575935	-0.00031661412039210124	-6.3260047333896534e-007	-1	
89.156496325490494	312.88651487935073	-0.00033724290570130873	-9.1029401945125257e-007	-1	
93.965532141141608	309.68734344703284	-0.00034315659691121241	-9.7806353406036133e-007	-1	
88.245883367566378	319.11331549009304	-0.00033456754533615305	-8.5877345620921978e-007	-1	
78.053070752232401	328.32511741522598	-0.00032282866829228771	-7.0654716113669779e-007	-1	
85.439452341752371	327.09465515444555	-0.0003299296062982801	-7.8452134227983045e-007	-1	
-68.69958572521972	400	-0.0002132177585135099	9.8186341528214395e-007	-1	
-62.454168841108832	400	-0.00021649171783674255	9.2486052631560796e-007	-1	
-56.208751956997943	400	-0.00021990956003241425	8.6589635456931663e-007	-1	
-49.96333507288707	400	-0.00022347612027903493	8.0499712108274449e-007	-1	
-43.717918188776181	400	-0.000227178258150248	7.4243828611165022e-007	-1	
-37.4725013046653	400	-0.00023101433601040858	6.7834577233180223e-007	-1	
-31.227084420554416	400	-0.00023498834615152768	6.127969934135797e-007	-1	
-7.462292587270773	381.51782526531724	-0.00025076826973245594	3.559448487729587e-007	-1	
-24.981667536443535	400	-0.00023908929963117464	5.4604465412739114e-007	-1	
-18.73625065233265	400	-0.00024331603386376489	4.7823247546351019e-007	-1	
-14.457613163344114	393.18422105643378	-0.00024619686958219478	4.3181729458729891e-007	-1	
-6.4409344727661644	386.97966738706396	-0.00025172063602577137	3.4360206754490139e-007	-1	
-8.4001051431836373	392.72960072125511	-0.00025046762732526762	3.6478695034874567e-007	-1	
-1.9706897548058189	383.6793940767912	-0.000254859153420234	2.9378207218456835e-007	-1	
-200	398.29198607052064	-0.00017987711911336514	1.5891689919622737e-006	-1	
-199.5599252876147	398.68232462577748	-0.00017987974449415708	1.5891195282573473e-006	-1	
-198.993786826985	398.39553522713402	-0.00017987944313816264	1.5891252057078991e-006	-1	
-197.78146336605411	399.15402622666068	-0.0001798907104059138	1.5889129263416838e-006	-1	
-198.39553522713396	398.99378682698489	-0.00017988575959534072	1.589006200951662e-006	-1	
-197.51130896000666	400	-0.00017989451113935024	1.5888413206712943e-006	-1	
129.31381513768224	264.23383965891907	-0.00041337713984247927	-1.6711454435603665e-006	-1	
123.70344214438671	268.35582283232912	-0.00040232921482124216	-1.6070925908439166e-006	-1	
135.52027643391489	248.77751469795146	-0.00044049673224200257	-1.8778476233668657e-006	-1	
140.29827747373335	244.79650048127723	-0.00045250306716727016	-1.9121970557783721e-006	-1	
138.29290015463383	255.318677973983	-0.00043471935318104877	-1.7809939405733573e-006	-1	
134.35093413406847	259.4281698177814	-0.00042489130509870367	-1.7338228191233563e-006	-1	
100.4731684270879	308.81736407437319	-0.00034995424110799048	-1.0388939920702721e-006	-1	
106.42072297444389	310.87775250870624	-0.00035476487149380044	-1.06686301316794e-006	-1	
111.21498855361925	304.10220184200995	-0.00036258609855714327	-1.1552512683881757e-006	-1	
125.42320039214903	278.72614536189292	-0.00039453073952157156	-1.4828188695052729e-006	-1	
125.95648012995406	287.30114501746687	-0.00038785544870390703	-1.3906082409404741e-006	-1	
122.82316590448482	292.32429696950919	-0.00038102986039221241	-1.3274132009590431e-006	-1	
119.27958205943537	303.74837185391397	-0.00037027005548273165	-1.2056277558187253e-006	-1	
125.05730125866673	299.14633350566191	-0.00037831912165814705	-1.2740464710596753e-006	-1	
142.2070091987907	239.75827652732482	-0.00046301202279954372	-1.9683205048873955e-006	-1	
146.55105157549414	236.57138882333757	-0.00047390438261269986	-1.9745841804106411e-006	-1	
145.97095254059741	230.83214507339508	-0.00048399403569822705	-2.0480904390608361e-006	-1	
148.77444806921	225.0511079874648	-0.00049926291933257555	-2.0819774932726956e-006	-1	
154.18869765039128	219.67675665039656	-0.00051734302102816377	-2.0550316980267669e-006	-1	
159.70275502307734	208.78940230378467	-0.00055003873981575237	-2.0083476018264429e-006	-1	
160.98892169389353	213.40331719474807	-0.00053933282069930919	-1.977682342033818e-006	-1	
164.03309079292833	206.84248526361898	-0.00055895963710948814	-1.9278095482168738e-006	-1	
184.08122302153518	171.67227099513519	-0.00067368355935726592	-9.2511503677512235e-007	-1	
185.43200381635339	183.05881605340264	-0.00063838019591039318	-1.2535033642995247e-006	-1	
183.34131078330645	189.79717548662813	-0.00061770989047237512	-1.4287705538108809e-006	-1	
188.78862814921484	176.88722740342598	-0.00065755784551466525	-1.043391216565473e-006	-1	
200	137.54583115889119	-0.00076578643650495985	8.5158097476433918e-007	-1	
200	150.03666492711295	-0.00073582839306468605	1.5911834150972675e-007	-1	
200	143.79124804300207	-0.00075167437238925856	4.989832422747832e-007	-1	
190.40211403030483	170.69867166650502	-0.0006765537068445371	-8.1641755045332521e-007	-1	
200	156.28208181122383	-0.00071874961049567731	-1.5860509929147031e-007	-1	
200	162.52749869533469	-0.00070070775785869047	-4.4686456815111271e-007	-1	
200	168.77291557944559	-0.00068215516206249964	-7.0286258787805436e-007	-1	
168.17161270872037	198.1996066247421	-0.00058633394220647601	-1.807570040394401e-006	-1	
176.07998257472028	193.75939011847933	-0.00060361488547261487	-1.6063948069669554e-006	-1	
172.86646127699223	197.29867773274424	-0.00059170308064414832	-1.7072172410263968e-006	-1	
167.29723745206223	204.08246919904386	-0.00056894455507055803	-1.8609147118909945e-006	-1	
198.8263349744928	0	-0.00067309397989944678	4.7801491762990584e-006	-1	
200	0.92733681896560116	-0.00067314334930789041	4.7793178043998859e-006	-1	
199.13133639245922	0.98070391220882636	-0.00067312936976710448	4.7795531539291483e-006	-1	
199.61658671921455	0.73216754133713613	-0.00067313296596855764	4.779492640626392e-006	-1	
199.25620305563882	0.45000011187513744	-0.00067311666526980926	4.7797671327110733e-006	-1	
28.829056950002503	372.97579652858792	-0.00027818467497985343	-5.6764742514954484e-008	-1	
24.753886584849546	376.26093072106062	-0.00027502692173289822	-9.2950086318231644e-009	-1	
20.72038792203897	379.59709748917635	-0.00027194772904026054	3.7365276415830549e-008	-1	
10.172483860641073	384.22969267103997	-0.0002639516503611547	1.5690514274859483e-007	-1	
2.1891903121143503	388.0210462685115	-0.00025806896350186051	2.4677575766665416e-007	-1	
16.280238834836652	384.86793355003675	-0.00026863883426666223	8.8474602589703321e-008	-1	
51.228340231553361	354.36626869142731	-0.0002965711380246641	-3.3013521193404743e-007	-1	
44.446653437162297	357.34178422887032	-0.00029078216344255919	-2.4924655847306387e-007	-1	
56.923967758969347	355.89206316402243	-0.00030132902004169408	-3.8771322374863367e-007	-1	
60.272056405156576	352.00903486278565	-0.00030435903884402026	-4.3267719904892021e-007	-1	
40.940749566440438	366.76230864446495	-0.00028787990054765424	-1.9673755443772605e-007	-1	
48.395032482402755	365.23351956860114	-0.00029399645443222978	-2.797391601590107e-007	-1	
37.223690786007282	374.9743807831511	-0.00028492433744258303	-1.4796740470218237e-007	-1	
67.769473027836824	337.0652572330626	-0.00031212860148520854	-5.6041347829243097e-007	-1	
63.372743048664368	343.77455627865618	-0.00030758850867587445	-4.8946812891735642e-007	-1	
75.603914151318307	335.40143724303221	-0.0003194254099295394	-6.4812873547721427e-007	-1	
93.850737942886482	316.25187057631376	-0.00034078924900903131	-9.2809749594948748e-007	-1	
100.65132072217224	315.10917361963635	-0.00034765107812504195	-9.9215711481244316e-007	-1	
93.108679330035514	323.10774626712174	-0.00033800295224941859	-8.764945171573079e-007	-1	
84.305054611602046	332.44644829048769	-0.00032774678602270869	-7.4557404198517774e-007	-1	
89.580689129068361	330.99861251966405	-0.00033273341572561966	-8.0026107843905078e-007	-1	
-12.490833768221767	400	-0.00024764103541541403	4.0973477697082106e-007	-1	
-2.5566283569991457	391.07012426381755	-0.00025465572580256535	2.9980600814917728e-007	-1	
-6.2454168841108837	400	-0.00025207886482548372	3.405976603706712e-007	-1	
-200	399.07266318103439	-0.00017988104562257975	1.5890950142821169e-006	-1	
-199.61658671921455	399.26783245866289	-0.00017988191150723455	1.5890787005710865e-006	-1	
-199.02918189891679	399.02918189891682	-0.00017988263114219864	1.58906514236616e-006	-1	
-198.29198607052052	400	-0.0001798883220935828	1.5889579232360654e-006	-1	
-198.68232462577745	399.5599252876147	-0.00017988556643101287	1.5890098404744654e-006	-1	
135.23256459169141	265.39495357044649	-0.00041862086795853553	-1.6587332839195132e-006	-1	
130.03953950733521	270.77357187791688	-0.00040712873799730919	-1.5888701944329599e-006	-1	
141.46881182372712	250.59209311896828	-0.00044500351319600302	-1.8320246685284263e-006	-1	
146.08111032306496	246.8926678609613	-0.00045569134022603331	-1.8566974914663984e-006	-1	
147.01950200735598	241.76405601738352	-0.00046519151885153145	-1.9113849234162575e-006	-1	
143.95133727451798	255.95829401650741	-0.00043987986686628839	-1.7601486988728437e-006	-1	
144.22211963432107	262.0296069888509	-0.00043197242069456315	-1.69102893157402e-006	-1	
107.73402704745256	316.12218797115196	-0.0003536970202103284	-1.036949103780109e-006	-1	
111.47687273542459	312.39825427409801	-0.00035869181050390901	-1.089445533986582e-006	-1	
116.42705488050697	310.56187937922164	-0.0003639437722757873	-1.1342185840310295e-006	-1	
130.5391925187833	280.84879305308539	-0.00039784587732763174	-1.4735421631765593e-006	-1	
133.65629035497025	276.27028786685406	-0.00040535414574275003	-1.5310256573583426e-006	-1	
131.78204935242772	286.24641433951996	-0.00039425103786967639	-1.4205670556416921e-006	-1	
129.80853402004391	291.96162366265844	-0.00038774403185221204	-1.3588749117087815e-006	-1	
126.09560526572385	308.66627645739959	-0.00037309910683243548	-1.1999858543965832e-006	-1	
135.10143010578517	301.62292799757586	-0.00038485644920810327	-1.2929499136708448e-006	-1	
131.97636074336211	306.90635138766191	-0.00037882442256371838	-1.2391239328992507e-006	-1	
134.72904524836872	295.47544631418373	-0.00038917259782611312	-1.3435513265309848e-006	-1	
153.42859149350053	238.36259152496362	-0.00047785160677996335	-1.9017179753195462e-006	-1	
151.73887222324211	230.75129801963416	-0.00049077910452986122	-1.9892921720221246e-006	-1	
156.24789655314081	224.78541812323115	-0.00050805680562237567	-1.9883243396820605e-006	-1	
160.77333116432754	219.9919646523775	-0.0005230682500428288	-1.9582643956927527e-006	-1	
168.77599701993793	216.9559730535602	-0.00053675029709858012	-1.860715185007557e-006	-1	
170.19865730220573	210.62365846141338	-0.00055355248854935669	-1.8352054435796727e-006	-1	
191.41568165980013	186.79674123665799	-0.00062790410767174477	-1.2877599261221393e-006	-1	
193.26239191624339	181.00419228748828	-0.0006453043303440482	-1.1296537239378848e-006	-1	
181.25304953004468	194.60495787491467	-0.00060295602581917273	-1.540763710721926e-006	-1	
187.40230732949573	194.41847970136649	-0.00060506109985256952	-1.4723216269442797e-006	-1	
194.23596406671473	175.00284915718774	-0.00066343362598938885	-9.4415367904177429e-007	-1	
200	175.01833246355648	-0.00066340470133292515	-9.2885735359645096e-007	-1	
170.7619188506826	201.5910170859762	-0.00057825324636392398	-1.783328822858511e-006	-1	
177.70780329669643	198.46589502798025	-0.00059060199542250783	-1.6423811896071265e-006	-1	
174.99996937153543	202.76446691109416	-0.00057731938766650498	-1.7245325923374376e-006	-1	
171.19544407440634	205.83641538366876	-0.0005668143845280071	-1.8027295009249218e-006	-1	
199.33983763302052	0	-0.00067311491870047696	4.7797965536151306e-006	-1	
200	0.53699826370867099	-0.00067313092655874778	4.7795269890662804e-006	-1	
199.69149057867341	0.30850942132661752	-0.00067312441196805352	4.7796366895268625e-006	-1	
31.577553197396764	381.15564888918971	-0.0002804999691945191	-8.2225490103969153e-008	-1	
26.010308313908766	381.34232074804362	-0.00027611834060280247	-2.0847158902070672e-008	-1	
23.030197175777474	386.04848687133313	-0.00027387353612044036	1.3672717955689826e-008	-1	
11.841137297657806	390.13965188845987	-0.00026534248346567305	1.3870205551797302e-007	-1	
2.8964654377708725	394.3398204212171	-0.00025870608970569268	2.3884278821649764e-007	-1	
8.5721994422789365	394.80249067524664	-0.00026294700776945698	1.7545479873159418e-007	-1	
20.936338855063283	393.45360336826616	-0.0002723422867619426	3.8100033306588701e-008	-1	
15.270642902229259	394.86526065786063	-0.00026801383738418001	1.0095677989387772e-007	-1	
49.326483009232135	359.94759118789392	-0.00029484295160391927	-2.9845458294192809e-007	-1	
61.876483478632501	357.21878635196424	-0.00030540571006468567	-4.3595439414679175e-007	-1	
57.882551633041857	360.92880053332226	-0.00030192794677219218	-3.8713976159932668e-007	-1	
68.765979396952261	349.7124793064886	-0.00031175233266196134	-5.2604049601561629e-007	-1	
67.327484500208413	357.26658463518606	-0.00030993413622616342	-4.9075196387515142e-007	-1	
45.510380542029523	370.15712784900336	-0.00029159133705191568	-2.4215200888171028e-007	-1	
53.74181195176174	364.76385134960253	-0.000298389711645616	-3.3698202307611642e-007	-1	
51.205976903157342	369.80596206614268	-0.00029620684887797017	-3.0271760450145684e-007	-1	
39.939460102417222	381.56241415322114	-0.00028711401790942111	-1.723175124109752e-007	-1	
46.779755001143236	375.72056417905105	-0.00029257533322487038	-2.4956746819025102e-007	-1	
73.178580618483409	339.65666125390624	-0.00031666721282103615	-6.0577381128426443e-007	-1	
71.382328642242456	344.21326667527666	-0.00031455269650298528	-5.7048771665466085e-007	-1	
84.44256230629783	337.9154189079859	-0.00032680353227790824	-7.2078938880674604e-007	-1	
79.985223301790185	341.05988275193272	-0.0003224040268238277	-6.6580867551779946e-007	-1	
98.867780883513362	320.98293415701352	-0.00034389889732233068	-9.3749055743871348e-007	-1	
105.00326469838278	320.78821496430595	-0.00034942678446728465	-9.8540884316010227e-007	-1	
95.206860087887364	331.85705621624862	-0.00033741977413217215	-8.432958610459228e-007	-1	
100.79005378307386	327.07120076866988	-0.00034359263126503952	-9.1474708188628404e-007	-1	
90.769221084812273	336.56441138669476	-0.00033249222409834317	-7.8260250223540687e-007	-1	
0	400	-0.00025661315462037189	2.7108903432057996e-007	-1	
-200	399.46300173629129	-0.00017988209649830376	1.5890752151491946e-006	-1	
-199.69149057867341	399.69149057867338	-0.00017988264992163135	1.5890647883768364e-006	-1	
-199.26783245866289	399.61658671921452	-0.00017988338667532591	1.5890509077254425e-006	-1	
-199.07266318103439	400	-0.00017988426215102799	1.5890344134592843e-006	-1	
136.60884866553764	271.14633257979426	-0.00041359663637200036	-1.5912390943638041e-006	-1	
140.99427653475732	267.17889754378422	-0.0004223732764277272	-1.6358751445348669e-006	-1	
149.64778436720238	251.90404588599961	-0.00045147596841215468	-1.7859507921933115e-006	-1	
152.03050355464384	245.33068398684352	-0.00046424888432148041	-1.8423262026359677e-006	-1	
151.42329570441987	258.66673742671702	-0.00044306426383221461	-1.7118432156997369e-006	-1	
147.8955545778997	266.87109849558954	-0.00042903340062427973	-1.6358943099534871e-006	-1	
112.34153037881492	318.95057690470122	-0.00035643972848048086	-1.0478762704739144e-006	-1	
119.79571902516771	315.1635227445293	-0.00036437513978840091	-1.1190614635355379e-006	-1	
136.10731842382549	281.28930557798861	-0.00040265322804084992	-1.4817259378373695e-006	-1	
143.77797222109109	277.03673090797184	-0.00041371129419589831	-1.5341911952802523e-006	-1	
137.55792557596078	286.79536815021078	-0.00039884861921496651	-1.4306795786095799e-006	-1	
125.45957083492235	314.49733774158926	-0.00036924606598510068	-1.1537081313179669e-006	-1	
130.9291656618847	316.61614587967239	-0.00037213681835125749	-1.1643380418672479e-006	-1	
134.59091000949616	312.46015669337993	-0.00037723420673611889	-1.2089132461366916e-006	-1	
139.59032527396261	305.8395642990356	-0.00038510871018618471	-1.2750201593740144e-006	-1	
141.24240342336626	301.15532962029909	-0.00038974249844111574	-1.3160153145808732e-006	-1	
139.45212910975943	292.16500306625454	-0.00039566709546104542	-1.3861650260574571e-006	-1	
143.31631429866331	296.44689849764296	-0.00039499374145896384	-1.3595879767003151e-006	-1	
158.37415774953368	243.46654458600077	-0.00047316832046029848	-1.8230300654526915e-006	-1	
158.8266420779234	237.0381934836951	-0.00048535386093965252	-1.871557693114879e-006	-1	
159.49741613259329	231.52067207899847	-0.00049678757202009714	-1.9069274938280149e-006	-1	
166.29725817560242	228.14474694632381	-0.00050938567725381564	-1.8606528108852593e-006	-1	
167.91228725550084	222.63358289771361	-0.00052274825496105917	-1.8632825053730051e-006	-1	
172.93826275369051	220.49366129871379	-0.00053089949658296413	-1.8150826239479003e-006	-1	
176.53007168395641	212.05031970334099	-0.00055352620094053617	-1.7609977779957311e-006	-1	
175.8297403339721	207.39672892050137	-0.0005652160848173618	-1.7463305788826414e-006	-1	
195.44441121820688	190.32713159504388	-0.00061790909614255294	-1.3448039840383887e-006	-1	
200	187.50916623177824	-0.00062625168548458465	-1.2739618545172732e-006	-1	
200	181.26374934766736	-0.00064469535280988084	-1.1177290184816114e-006	-1	
182.32210162542231	200.33919150733652	-0.00058705092326591314	-1.6060878296109617e-006	-1	
189.75159655271966	202.41239835971408	-0.00058327090744088273	-1.5677597534212876e-006	-1	
193.48884722757433	195.31412341536057	-0.00060344615533842452	-1.4467246173270135e-006	-1	
179.71982051663312	204.7483997592436	-0.0005740276157627063	-1.6802048288605039e-006	-1	
199.85334029154828	0	-0.00067312420326306837	4.7796402049046131e-006	-1	
200	0.14665970845174076	-0.00067312519907835179	4.7796234371349164e-006	-1	
32.670387609058579	388.79605261413457	-0.00028142405800180958	-9.0873368077702879e-008	-1	
28.938979155054376	385.57486427567352	-0.00027847353285631918	-5.1480950926601502e-008	-1	
37.343034110552132	387.22575390543886	-0.00028508325616281817	-1.4162506866320817e-007	-1	
28.104375978498972	390.6537396577578	-0.00027787225970846179	-4.0875551611843821e-008	-1	
6.2454168841108837	400	-0.00026122903520375964	2.0146258622672509e-007	-1	
12.490833768221767	400	-0.00026592443867690465	1.3194583307406627e-007	-1	
24.981667536443535	400	-0.00027548935096490445	-5.7921544536617452e-009	-1	
18.73625065233265	400	-0.00027067992572545751	6.276393837204729e-008	-1	
66.594052366447556	363.99175786980499	-0.00030888137732533694	-4.6820468176759016e-007	-1	
62.168333314354847	369.10828878463502	-0.00030506008081252178	-4.15083208090149e-007	-1	
56.694573526966558	369.57368907571907	-0.00030064194707965069	-3.5950078612908369e-007	-1	
74.642136654847747	348.11329238273817	-0.00031688952488454668	-5.8879888875636683e-007	-1	
73.808295483021354	353.12739825498238	-0.00031564131973521006	-5.6479927422175713e-007	-1	
73.143459170008072	362.29731157323994	-0.00031426204381951827	-5.3432636958704863e-007	-1	
54.045699023887124	374.38639179954339	-0.00029839991787156074	-3.261693666549886e-007	-1	
47.035398373524487	382.21452359016052	-0.00029273362485533375	-2.4658242735711342e-007	-1	
43.554887446934686	387.70295743387845	-0.00028996762151438393	-2.0711249590290957e-007	-1	
53.018472746288559	379.67687045843559	-0.00029749093703751906	-3.1010682479995553e-007	-1	
76.046772212167198	343.62688179061865	-0.00031864235324133847	-6.1823286738508952e-007	-1	
88.583799093613848	341.81937627320451	-0.00032955527733700849	-7.4009208443490239e-007	-1	
84.441795492408687	344.20543328829342	-0.00032567454953429911	-6.9393241856539788e-007	-1	
80.25289958509228	346.50817361002311	-0.00032181158124637544	-6.471204845696864e-007	-1	
106.25359925386913	328.24902727491082	-0.00034777175195908406	-9.4775764732716769e-007	-1	
111.4183470254451	326.11291284767333	-0.00035275125394811308	-9.9577262794998914e-007	-1	
96.742554028436771	339.04858653489771	-0.00033685751219884912	-8.19692288974244e-007	-1	
102.55487104473008	332.14549889895807	-0.00034349289508113327	-8.9932635429390307e-007	-1	
93.747396506720023	343.62653142330151	-0.00033340827253082196	-7.7546069438300539e-007	-1	
-200	399.85334029154825	-0.00017988260081951688	1.5890657133356783e-006	-1	
-199.85334029154828	400	-0.00017988269942157672	1.5890638555681829e-006	-1	
-199.46300173629132	400	-0.00017988320457563967	1.5890543384065101e-006	-1	
148.88737530218972	273.70766711834887	-0.00042168134696823483	-1.5680870827259456e-006	-1	
157.35453952645949	250.97907242582173	-0.00045968679325913763	-1.7639970030131796e-006	-1	
158.41517920206309	258.66833080783135	-0.00044871075335046817	-1.6931727980550565e-006	-1	
155.93888768973522	265.20701704662974	-0.00043771957346848628	-1.6408104251230047e-006	-1	
153.73839847869593	270.55668583463836	-0.00042915507311601028	-1.5952536231345124e-006	-1	
118.63475619491015	325.83948577734174	-0.00035850128906206308	-1.0418691853941779e-006	-1	
121.52568844416791	320.59769476888835	-0.00036308368408628848	-1.0915920810788624e-006	-1	
141.51217275063689	282.69842838489598	-0.00040598488955185852	-1.4765652810750883e-006	-1	
149.32159234126266	279.5777821714745	-0.00041541764863853704	-1.5141848644233619e-006	-1	
145.19753843204191	291.65822167460868	-0.00040047781667221558	-1.4029962340811416e-006	-1	
126.89540775103453	320.18453281890726	-0.00036730915518971607	-1.1219245541327975e-006	-1	
136.2688818388514	318.08857548182129	-0.00037499308560786775	-1.1773295596535769e-006	-1	
131.94332915452233	322.06151916293271	-0.0003698895238266725	-1.1338038673534461e-006	-1	
142.60441535083572	309.78756097402282	-0.00038438928482724773	-1.2561478251336187e-006	-1	
142.7032830678678	314.815669184667	-0.00038109525940754619	-1.2220902126272963e-006	-1	
144.5067242872864	305.13214824111515	-0.00038895760025813757	-1.2952244328064952e-006	-1	
146.58062823719632	300.42366659072701	-0.000393946644347106	-1.3357310286040358e-006	-1	
150.0388123397579	296.29172544102215	-0.00039964126396587808	-1.3748083384501494e-006	-1	
163.75012544498588	239.61739720150476	-0.00048439067038059464	-1.8184520703989017e-006	-1	
163.85866346807325	247.1593973143701	-0.00047096464335796422	-1.7656846844523139e-006	-1	
167.67792497290193	235.60989808385165	-0.0004949547677527826	-1.8152599845196307e-006	-1	
172.42793592797048	232.62241515733697	-0.00050401991090437545	-1.7950030161003458e-006	-1	
172.60369290106627	225.94597797806978	-0.00051834403130666213	-1.8117151775219636e-006	-1	
178.08483924680806	217.6973709119186	-0.00054033987788257602	-1.7626510634907778e-006	-1	
178.20555572435683	223.55330098824652	-0.00052666851208314585	-1.7689410957548374e-006	-1	
181.53654318052875	209.53510041212911	-0.00056204478110610757	-1.6990399516890371e-006	-1	
200	193.75458311588915	-0.00060821482938221388	-1.4040257569117105e-006	-1	
186.45500298864226	206.85184901785993	-0.00057064438028574683	-1.6365595931630032e-006	-1	
195.32693037945157	203.12270844205545	-0.00058207523588507182	-1.5528516011512958e-006	-1	
191.97264084873504	207.21506206511853	-0.00057088906931685303	-1.6071756327125939e-006	-1	
200	200	-0.00059079555547099816	-1.5037329983116803e-006	-1	
200	0	-0.000673124701160486	4.7796318222952126e-006	-1	
34.34979286260986	395.0834603533205	-0.00028275900578768575	-1.0753990845028608e-007	-1	
39.978624144244499	393.58682128048207	-0.0002871591662059966	-1.6757313366076648e-007	-1	
31.227084420554416	400	-0.0002803352942407458	-7.3583173567154849e-008	-1	
71.290373464619591	368.63939910978007	-0.00031232550424159294	-5.0361196856273442e-007	-1	
66.844061589289794	371.10544097370973	-0.00030868470417291598	-4.5729044020157023e-007	-1	
66.553517326551273	376.18152566555057	-0.00030822714006053668	-4.4694608100468376e-007	-1	
59.241064353684152	375.81905971484196	-0.00030249138373435918	-3.7653150544159348e-007	-1	
78.580443908968519	351.32674609643101	-0.00031977837943761891	-6.151607992607187e-007	-1	
78.733111387908153	356.2339633718243	-0.00031932168063948489	-6.0162817748519987e-007	-1	
81.188658731037236	360.48536031785233	-0.00032079575700565404	-6.1184312200333249e-007	-1	
77.894302355096855	368.84945663088649	-0.00031745777802001456	-5.6342615290044004e-007	-1	
52.77528118817736	387.42552521296318	-0.00029720379518424604	-3.018458117228925e-007	-1	
46.773776488646618	393.6881998122185	-0.00029247442991353785	-2.3817014977125934e-007	-1	
57.080515169140583	383.68250133612963	-0.00030061967424486259	-3.4729733227766397e-007	-1	
89.772331049357817	347.38517514023516	-0.00032947990399609687	-7.2764044496177223e-007	-1	
84.826205612082546	348.97006242092743	-0.00032521926923433016	-6.7935481402748569e-007	-1	
110.07950841785231	332.32333991131969	-0.00034943884146099386	-9.5122117886938768e-007	-1	
116.3617778619714	331.37730409723008	-0.00035456012654047815	-9.9647273211424514e-007	-1	
101.88758753217205	340.76264086572951	-0.00034052644120776483	-8.5120439530178096e-007	-1	
105.44822611258635	336.67226131081446	-0.00034447181684690322	-8.9710620907507383e-007	-1	
102.58604466169963	346.1405130882552	-0.00033974293691040476	-8.3317144492479553e-007	-1	
96.549076972630289	350.57082814277868	-0.00033417588083796331	-7.7013908044355562e-007	-1	
-200	400	-0.00017988265012401305	1.5890647842660942e-006	-1	
154.96835842938921	276.20896921651024	-0.00042324349518396589	-1.5449380043976045e-006	-1	
164.16890833033472	254.69579528225611	-0.0004588086395999327	-1.708147364245629e-006	-1	
161.28894636643028	262.60810865599598	-0.00044507412122288216	-1.6533021283915412e-006	-1	
164.46531573259696	259.28397098365343	-0.00045197960555968581	-1.6722395716396379e-006	-1	
162.58437496703175	267.3094118741077	-0.00043943810128902155	-1.6131488283554059e-006	-1	
158.67359016676613	271.09486169522143	-0.0004319471039631081	-1.5866800279321266e-006	-1	
124.56958570692359	325.05739824423881	-0.00036324723093944148	-1.079723779439919e-006	-1	
124.79549744793033	330.12806965564664	-0.00036116449558340176	-1.0514366097900652e-006	-1	
147.92907368882362	285.29684564170827	-0.00040845387926581183	-1.4619583677135588e-006	-1	
153.86939818497908	283.31466017079583	-0.00041462671852140223	-1.4843180268132739e-006	-1	
153.38517802025009	289.55822046863801	-0.00040798271440493434	-1.433168681532808e-006	-1	
129.26521029161793	327.72298924697679	-0.00036526278351854712	-1.0872454728536008e-006	-1	
137.98682013926424	323.70492443057475	-0.00037292317842001969	-1.1491545659802032e-006	-1	
134.56394808844087	327.7498335494235	-0.00036873027953576682	-1.1116796220803568e-006	-1	
147.60366913932859	309.2406527900846	-0.00038785811550144428	-1.2744042217806755e-006	-1	
143.87486398386093	324.81023168339948	-0.0003758149550429922	-1.1645232499077165e-006	-1	
148.25460763367931	316.63462807580214	-0.00038318246370450652	-1.2279521876561062e-006	-1	
151.38868631113345	302.8556518927964	-0.000394975564529118	-1.3286371928472145e-006	-1	
156.6556027016459	297.35256261501502	-0.00040261754478243344	-1.3777883915126899e-006	-1	
169.26356295877653	243.30983356819104	-0.00048133999000179404	-1.7641753740829408e-006	-1	
167.58491351336778	250.78058654650656	-0.00046731919003937568	-1.7245589534869695e-006	-1	
172.51193763263728	238.45945592937898	-0.00049238998408034573	-1.7718079992012199e-006	-1	
177.17685755692006	236.95072686204315	-0.00049771765616157327	-1.7531434124918364e-006	-1	
179.64634283665154	229.47190747674023	-0.00051422990842920442	-1.7571698331472487e-006	-1	
183.5249392924691	220.51443580739223	-0.00053574043405954215	-1.7302653076873321e-006	-1	
186.36291502308316	212.38066182708286	-0.00055646203882577894	-1.6778129785192258e-006	-1	
185.54752575755288	229.36004043275631	-0.00051659444600848188	-1.7271645363913568e-006	-1	
200	206.24541688411088	-0.00057404381025965873	-1.5802946393555324e-006	-1	
193.18201796505193	212.36637485144797	-0.00055786546411866554	-1.645188456275374e-006	-1	
37.4725013046653	400	-0.00028520222379248929	-1.4039736596956196e-007	-1	
43.717918188776181	400	-0.00029008147843869847	-2.0584949445301813e-007	-1	
74.440290788972106	373.52458698601322	-0.00031447579637711414	-5.2405071969987267e-007	-1	
71.93402386467217	379.11895769669133	-0.00031226276199607897	-4.9337544386965135e-007	-1	
62.589886250296765	382.20192791224764	-0.00030494668384651853	-4.023369696223446e-007	-1	
83.019163249357646	353.83941786421548	-0.00032305570449889394	-6.4709703340457052e-007	-1	
88.052276468211517	359.84500928397267	-0.00032619892179223882	-6.7240716604587717e-007	-1	
85.083976502067074	365.13331595995726	-0.00032330775656010867	-6.3395665268054637e-007	-1	
85.647317308587745	371.17149774953464	-0.00032313767624709059	-6.2564346010185358e-007	-1	
80.46701836250125	374.36367949866911	-0.00031900784740627189	-5.7603393803699104e-007	-1	
53.550348447538489	394.20049413806169	-0.00029775896743348398	-3.0673813922222114e-007	-1	
59.613008221414901	391.07878152175545	-0.00030247880529414578	-3.6735374775637782e-007	-1	
49.96333507288707	400	-0.00029495376616630768	-2.6985005760599415e-007	-1	
90.854814821081689	353.88325188526539	-0.00032922620483271411	-7.1356452171908934e-007	-1	
118.4088147437286	336.87092101881052	-0.00035405132444605523	-9.8002026528165081e-007	-1	
114.65479341505088	341.37397673023384	-0.00034989806128597008	-9.3563028480603501e-007	-1	
124.01092797151978	335.14276759409501	-0.0003585637053082821	-1.0202621250623026e-006	-1	
108.19505673001939	342.65829432886886	-0.00034480460514018881	-8.8743510246644255e-007	-1	
102.7743807639624	352.72544300534111	-0.00033840401085023417	-8.0931022211780634e-007	-1	
110.77065305666687	349.20158272154288	-0.00034494428035059839	-8.7755021522027505e-007	-1	
97.52912388819307	360.66034640414415	-0.00033314947217472031	-7.4517783256042773e-007	-1	
159.99671339290953	275.87974363559897	-0.00042691815415999747	-1.546490981391539e-006	-1	
159.62627962235223	280.84994305178412	-0.0004209253085253897	-1.5067433100743116e-006	-1	
169.34561981394202	255.76462663047005	-0.00046028779655744824	-1.6846927053565683e-006	-1	
166.06464068013841	263.59458269513715	-0.00044668159695059121	-1.6360799261345884e-006	-1	
168.78648778106245	260.1327248943868	-0.00045325176118972741	-1.6556284173683235e-006	-1	
167.46582714970197	268.752890260181	-0.00044029186282209805	-1.595806139234014e-006	-1	
163.48459955605136	272.3195816269286	-0.00043340666895899768	-1.5727138121890437e-006	-1	
129.15910176414491	336.81415718074948	-0.00036127161951736859	-1.0383929312056111e-006	-1	
162.28840115713447	286.30928137359007	-0.00041650103717979814	-1.4655812154248016e-006	-1	
161.37593496858986	292.31416866917294	-0.00040989547203720025	-1.4203145682515721e-006	-1	
134.29395779729452	333.04175646068558	-0.00036609523035349066	-1.081825251025919e-006	-1	
140.61678935095446	332.25463841492956	-0.0003701623665952812	-1.1120843945970721e-006	-1	
153.27277657162333	308.28691341830807	-0.00039176898791981162	-1.2948847996226259e-006	-1	
149.34766663779246	322.37318520248039	-0.00038023381470634249	-1.1964335477265045e-006	-1	
148.09126086368832	329.066140727402	-0.00037580453649907171	-1.1556090727537167e-006	-1	
154.04073826061671	317.4386854435561	-0.00038571074921517064	-1.2385162960625213e-006	-1	
161.09510590914937	303.54249081608873	-0.00039957696199018208	-1.3415361970103214e-006	-1	
164.16513255684669	298.62981013125045	-0.00040530008590157463	-1.3788023350253707e-006	-1	
173.92940968752123	247.30775204264646	-0.00047684057885913805	-1.7213545022337018e-006	-1	
175.89854315177939	243.21434860099458	-0.00048516943306897882	-1.7340805925272803e-006	-1	
172.70221430882381	251.68124376422227	-0.00046869676940629399	-1.7006098965317175e-006	-1	
181.07153302414028	241.00782726109713	-0.00049150976453868128	-1.7225451372920345e-006	-1	
183.41254120813724	234.86261392842394	-0.00050446263908583439	-1.7295558390525986e-006	-1	
189.28491745206813	217.96217476232229	-0.00054352874557442364	-1.6894733547716076e-006	-1	
188.41686758722892	224.2021967393182	-0.0005288055865240776	-1.7112996415798795e-006	-1	
191.34827169109479	229.20999437740892	-0.00051833382455506436	-1.7075714282398231e-006	-1	
191.89199708211896	234.98715024369679	-0.0005063186650459008	-1.7041934631442379e-006	-1	
200	212.49083376822176	-0.00055804444673890558	-1.6345157799748271e-006	-1	
200	218.73625065233264	-0.00054286650821132624	-1.6693435742846602e-006	-1	
194.39273886421773	221.85311235782538	-0.00053513731613826973	-1.6891604737428493e-006	-1	
81.312551957867086	380.41234074238747	-0.0003192701853328879	-5.7458559152218639e-007	-1	
76.108108372439716	383.60843161535354	-0.00031523126215975757	-5.2562892895640979e-007	-1	
68.015085845323171	386.94774964033752	-0.00030900901407685807	-4.4963733918804659e-007	-1	
92.320498333592241	365.71794003772141	-0.00032863475966085057	-6.9146678730148473e-007	-1	
91.112764582132058	371.04966914692147	-0.00032716666570891756	-6.7031398664625467e-007	-1	
87.3889764351823	379.79728344941594	-0.00032374758392864094	-6.2579107254017093e-007	-1	
56.208751956997943	400	-0.00029980163452587118	-3.3212798818548693e-007	-1	
62.454168841108832	400	-0.00030461313309680855	-3.9258116496590701e-007	-1	
65.576877283164279	394.09247931965683	-0.0003070290316205135	-4.2308891863537488e-007	-1	
124.43923106407652	344.04081746897373	-0.00035565698718006619	-9.8066782910378871e-007	-1	
118.11977423421604	347.98476216106093	-0.00035029210745688067	-9.2815943914564562e-007	-1	
106.67189497711956	358.03638976261396	-0.00034010737467563072	-8.1894034215397431e-007	-1	
111.83245206166066	355.97951404671574	-0.00034408617909239896	-8.6014399447266393e-007	-1	
117.38741361044372	355.91251162137962	-0.00034777194063438779	-8.9490455442620432e-007	-1	
103.13644108783934	362.95791171577224	-0.00033677029588413904	-7.7965811160342459e-007	-1	
98.585677651386533	366.95933204911518	-0.00033299398025665483	-7.3656313061297429e-007	-1	
164.71144773303914	277.49572120877843	-0.00042770258507557769	-1.5322867502061207e-006	-1	
165.71994045457893	282.51283378902434	-0.00042241002564612608	-1.4946046417251791e-006	-1	
173.04341665066823	258.45779228024145	-0.00045798067154082461	-1.6574271185851453e-006	-1	
175.86010531952684	254.91910660162566	-0.00046491407909875064	-1.6724078283391642e-006	-1	
173.03559612149306	264.47047497719092	-0.00044903739143297306	-1.6178864635563837e-006	-1	
172.3554996340298	270.35352900850154	-0.00044054995664910936	-1.578811887095334e-006	-1	
168.68369717158046	273.95752791018958	-0.00043411968537949731	-1.5564203994008592e-006	-1	
129.42054854136879	342.22053139385469	-0.00035939472523300128	-1.0143033011887187e-006	-1	
133.91308019854921	339.4019990605151	-0.00036317255375692127	-1.0485888978263008e-006	-1	
167.58157975448563	289.28812784738381	-0.00041594722177229368	-1.4464274811822123e-006	-1	
168.26777138094727	294.2481903328727	-0.00041125161089760167	-1.4124569317440392e-006	-1	
139.80566416804012	338.21133979012876	-0.00036700851605013475	-1.0794300045410586e-006	-1	
146.89449537257957	337.41454626334024	-0.00037106828281034291	-1.1097543336384477e-006	-1	
158.98462617147175	308.93743014898274	-0.0003942045414869159	-1.3022680782778497e-006	-1	
156.12463333762497	323.04171454150986	-0.00038313521843759174	-1.2113018507259044e-006	-1	
153.42499159109727	335.05209949956549	-0.00037527072573848659	-1.1419101540161279e-006	-1	
158.12499774412601	328.67510570542703	-0.00038070215725603948	-1.1862261614323522e-006	-1	
160.22649082570922	318.69299991395116	-0.0003877326974259641	-1.2452070274430803e-006	-1	
164.91630481456073	309.23105468477854	-0.0003966334921706621	-1.3107489984677819e-006	-1	
166.88751880525987	303.62879243674234	-0.00040206282821152108	-1.3489952739035807e-006	-1	
170.07993287785715	298.91607524119019	-0.00040750996550299745	-1.3827784750988162e-006	-1	
179.64929684978702	246.2090054419001	-0.00048134790140649445	-1.7068580217950624e-006	-1	
177.27505368508474	250.38022736032696	-0.00047305485757508168	-1.6938222717722478e-006	-1	
186.58187584467572	242.13240835783708	-0.00049109424456060806	-1.7022181933515498e-006	-1	
184.35804284026378	246.28360341822517	-0.00048285403745482994	-1.6929876115259393e-006	-1	
200	231.22708442055441	-0.0005147903344876986	-1.6972998747208871e-006	-1	
200	224.98166753644355	-0.0005284249412897652	-1.6902326871618595e-006	-1	
200	237.47250130466529	-0.00050195805931684597	-1.6933463521299357e-006	-1	
192.93106072097956	241.30513116358088	-0.00049396585354866086	-1.6915326054737985e-006	-1	
81.186498951615988	386.0425245846165	-0.00031891242011829012	-5.6743548301960069e-007	-1	
75.309740620416761	391.78883115262414	-0.00031440257225538189	-5.1255171827455139e-007	-1	
70.939466766419088	395.03691119770514	-0.00031108289856897516	-4.7218768620556787e-007	-1	
94.813459722981179	375.07344990421973	-0.00032943004241405786	-6.9171082267348517e-007	-1	
92.75176702545501	380.02954637235439	-0.00032757070983417761	-6.6810331320546802e-007	-1	
89.812248788104114	385.23801963864315	-0.00032518387394199998	-6.3906762151954567e-007	-1	
68.69958572521972	400	-0.00030937015172611263	-4.5107696878314782e-007	-1	
125.12160680616617	350.52731501067711	-0.00035404474435714594	-9.5792997393054696e-007	-1	
131.63836758459749	350.25877084556572	-0.00035800064474757675	-9.9206073289085617e-007	-1	
110.65401032578862	361.40845153103197	-0.00034218096194348042	-8.3557220031379113e-007	-1	
115.87202328037749	361.38885495289844	-0.00034558830288893477	-8.6852361955540601e-007	-1	
121.52145636839801	361.99766520339426	-0.00034897139737558085	-8.999146361889271e-007	-1	
126.76610869648272	356.83888379701392	-0.00035331673104403662	-9.4448192167320493e-007	-1	
107.05803448096761	367.29666290664858	-0.00033878309534740282	-7.959892052407059e-007	-1	
103.03503234256455	371.54155518228555	-0.00033548975316756441	-7.5866110606849202e-007	-1	
169.71178860686371	279.31070566208103	-0.00042803025532667542	-1.5174121423466155e-006	-1	
170.85639113303841	284.77119565951011	-0.00042224390526838677	-1.4789271748415262e-006	-1	
177.57192008776764	259.1054799233147	-0.00045899512232912916	-1.6440319552120499e-006	-1	
180.8987492382652	255.30196558229795	-0.00046627677099424686	-1.6587632053761736e-006	-1	
178.34065211316712	264.35579623398263	-0.00045139342227370897	-1.6108961414649012e-006	-1	
178.2547715679955	271.09808385645459	-0.00044190957405560675	-1.5681471654414261e-006	-1	
173.98306760791442	275.23430393642053	-0.0004348770886152426	-1.5439766470037412e-006	-1	
133.89656176363192	345.06522308874457	-0.00036103047148866157	-1.0235878188751893e-006	-1	
172.36068907074534	291.36355801787681	-0.00041574772110539458	-1.434253475224295e-006	-1	
175.10924666397347	295.78992531014484	-0.00041228122249272598	-1.4066132332551054e-006	-1	
142.86595498721451	343.38578038189667	-0.00036652430413426049	-1.068615356573583e-006	-1	
153.98966991569299	341.97378093990028	-0.00037230928084254131	-1.1126087607785922e-006	-1	
148.47735082199682	345.69842767602614	-0.00036829645509008953	-1.0792056261642311e-006	-1	
165.90071159949815	315.92893439419714	-0.00039199580878034913	-1.272152445778407e-006	-1	
164.37582514633806	323.44903442631988	-0.00038631739577243577	-1.2274775413724375e-006	-1	
159.55116263179627	338.32296543259378	-0.00037619230297461623	-1.143542741869882e-006	-1	
164.32061461287674	331.59652582082583	-0.00038146462931747777	-1.1859987652449823e-006	-1	
170.69487880935634	307.86024854254998	-0.00039991799790150482	-1.3269942059750027e-006	-1	
174.78384833139791	302.5132949949076	-0.00040588236200619947	-1.3639606266033122e-006	-1	
182.02936673840762	250.37690541948854	-0.0004748830809346044	-1.6810830012952473e-006	-1	
191.82297068970414	247.61137193223297	-0.00048215619226817715	-1.6740291561960135e-006	-1	
186.65033667299772	250.29672942068018	-0.00047635996396407787	-1.6719654791899866e-006	-1	
200	243.71791818877617	-0.00048988787647600348	-1.6806877182442116e-006	-1	
88.051258823462646	390.3158332968801	-0.00032372257689739447	-6.2074797599635015e-007	-1	
82.88387718562953	393.66286895336856	-0.00031993358576321441	-5.7674704342674102e-007	-1	
81.190419493441482	400	-0.00031864344414418065	-5.6113338637898022e-007	-1	
74.945002609330601	400	-0.00031404826940812671	-5.0720648516886196e-007	-1	
103.61422219001558	376.67613008253664	-0.00033531459132960347	-7.5323536162654381e-007	-1	
99.934543793956195	380.30370326405244	-0.00033250413680102392	-7.2135054617450018e-007	-1	
95.722394900483721	384.50043431644247	-0.00032935222034504444	-6.8537837736232105e-007	-1	
93.415295092630615	389.98058397712498	-0.00032749575157031593	-6.6299266553444244e-007	-1	
138.80262913903965	347.8941596664302	-0.00036271239237959714	-1.0334888752989742e-006	-1	
138.59107863166486	353.18756560534985	-0.00036087558805872788	-1.0130785420631192e-006	-1	
134.95131492321113	357.03685387696368	-0.00035783948019777509	-9.8393630058592994e-007	-1	
112.79618837425852	366.16650958330342	-0.00034273619944061773	-8.3649051885960998e-007	-1	
119.01907693256433	366.01376309951866	-0.0003466549888665744	-8.7464371801650554e-007	-1	
123.74143186046001	366.16855297274486	-0.00034942745034943735	-9.0082830962702568e-007	-1	
128.28828373491132	364.88374403688215	-0.00035229260431544077	-9.2835386355212552e-007	-1	
130.77869798171534	360.24609442548791	-0.00035474243316049344	-9.5413872322357061e-007	-1	
111.35930671658232	370.84266827681961	-0.00034108657795684915	-8.1636442244477873e-007	-1	
107.35594236934261	373.65410259551925	-0.00033811223090119102	-7.8417388109156284e-007	-1	
175.31611853911349	280.98616020623587	-0.00042834773738197388	-1.5044565210280055e-006	-1	
175.7664382741759	287.4204414062757	-0.00042118661981044964	-1.4615479069560154e-006	-1	
183.57771651150716	261.00188445824864	-0.00045810972475838802	-1.6233936072362671e-006	-1	
188.61354153666059	254.48070097776099	-0.00046974439616389332	-1.6500448303195587e-006	-1	
182.78799003372418	267.25026608342239	-0.00044869704776681477	-1.5880853972990466e-006	-1	
183.75297825827039	274.06967510100554	-0.00043960761998354124	-1.5458119146357513e-006	-1	
179.61206996548663	277.0162152114932	-0.0004346299932434164	-1.5292213963288851e-006	-1	
178.17646167430729	291.82022619548559	-0.00041721433971477726	-1.4333877190429057e-006	-1	
181.26852360417249	299.45758179771116	-0.00041045351943233316	-1.3867936683517585e-006	-1	
144.20924941297514	349.30453538674163	-0.00036495263511106138	-1.0498027688136799e-006	-1	
153.96903696481689	348.62646681712295	-0.0003695478916693265	-1.0858822835766275e-006	-1	
160.15167422795196	347.91440897148766	-0.00037219708400413617	-1.1060661324400051e-006	-1	
147.7973551965847	353.5877817425565	-0.00036516079957257629	-1.0477007392636242e-006	-1	
173.33187575905151	314.01713356201475	-0.00039596248212394306	-1.2939816646109096e-006	-1	
172.00228579631778	320.58167288984339	-0.00039083945157522408	-1.2559340627904207e-006	-1	
169.43678129573536	325.33399059338069	-0.00038688563310228393	-1.2268111200887754e-006	-1	
165.60268744065002	343.92401082951937	-0.00037573405820297431	-1.1346074892460049e-006	-1	
167.75788803019489	337.52151656593281	-0.00037947864959377633	-1.1659392464682665e-006	-1	
171.07867425700249	330.47894194413271	-0.00038428417259479781	-1.2040861706514406e-006	-1	
178.33735149899476	308.23012971621182	-0.00040194335598554886	-1.3324197809776669e-006	-1	
195.11861696300286	251.54390520420995	-0.00047565187276585043	-1.6562478582371843e-006	-1	
200	249.96333507288705	-0.00047854808822138953	-1.660939056344875e-006	-1	
90.558544819607803	395.0696521971833	-0.00032537850139465705	-6.3838700823307677e-007	-1	
87.435836377552363	400	-0.00032313027482836615	-6.1260728565186271e-007	-1	
107.25434412109841	380.34339508694092	-0.0003373447915673342	-7.7240558972813626e-007	-1	
104.41605270719238	386.0913737911834	-0.00033507838068041194	-7.4626359434320115e-007	-1	
99.335298158946017	389.22289976066406	-0.00033155664442148394	-7.0759115747213279e-007	-1	
97.057188637123943	394.73930608032919	-0.00032984885677258971	-6.8785598690680416e-007	-1	
141.91205175006058	357.31503911807567	-0.00036127381277734544	-1.0129405377951063e-006	-1	
138.23032294372385	362.21437591530054	-0.00035816490201330249	-9.8288908811475217e-007	-1	
116.10534359343333	369.74218142108271	-0.00034422535120931497	-8.4826313623647656e-007	-1	
120.94073987262094	370.3378996256879	-0.00034705330618383198	-8.7540632706536754e-007	-1	
127.06588343070931	369.2456570918248	-0.00035075862470845717	-9.1132873552544652e-007	-1	
133.57824297665763	364.73694798375976	-0.00035518159103971645	-9.5476822687013904e-007	-1	
131.56515374289935	368.78681702886018	-0.00035328929086986906	-9.3511524804963761e-007	-1	
111.69798261423239	375.72287192640874	-0.00034066072756978074	-8.0895321720966355e-007	-1	
181.8625949061439	283.76088719659219	-0.00042714075721488602	-1.4854435155553792e-006	-1	
190.5942128797885	261.98199665174678	-0.00045819349933428407	-1.6107475872108928e-006	-1	
195.57640738380144	256.65433867159203	-0.00046726320075133926	-1.6333491819752061e-006	-1	
187.78001885123624	270.96932606024211	-0.0004446530904957901	-1.5624574913688239e-006	-1	
184.72404404125265	279.05828726844038	-0.0004334922820015353	-1.5145097532443311e-006	-1	
189.77365722175571	276.86654276591315	-0.000437197071155722	-1.5265819686770922e-006	-1	
183.16741455782525	291.313562307837	-0.00041907059620008687	-1.4377643903811587e-006	-1	
186.85758021609422	298.81779562776029	-0.00041225377506640343	-1.3929067987760104e-006	-1	
186.43466195333735	304.42743200613216	-0.00040697447155202269	-1.3596358039163192e-006	-1	
156.82336413654954	354.15682361390799	-0.00036867719998665694	-1.0750535113087447e-006	-1	
163.80457479003093	355.30053968188656	-0.00037066765811182223	-1.0897314794445882e-006	-1	
169.09997633529395	350.63467097499102	-0.00037397187279775303	-1.1171261323386109e-006	-1	
153.29707837242259	359.28491669152976	-0.00036566505681597498	-1.0479617294952512e-006	-1	
147.48114127298069	361.50007031111744	-0.00036265240405474836	-1.021794182441849e-006	-1	
179.00083381921493	317.5841912525658	-0.0003947951777978605	-1.2803088094854286e-006	-1	
174.39153633538658	324.94013601290311	-0.00038859487052922149	-1.2364162499466621e-006	-1	
172.3571285347565	343.80422818186571	-0.00037773043068219163	-1.1483801904657616e-006	-1	
174.98204245141389	334.61685283906877	-0.00038300997735286879	-1.1911520248552288e-006	-1	
176.86747758280652	329.24994272235506	-0.00038654397518205223	-1.2185078675127814e-006	-1	
184.23922958869829	313.09963029725458	-0.00039930414986574867	-1.3091867696124767e-006	-1	
200	262.45416884110881	-0.00045821341147425057	-1.604999357009243e-006	-1	
93.681253261663244	400	-0.00032749581230224253	-6.615807976899787e-007	-1	
113.58184987123184	381.37190289765772	-0.00034123419590645717	-8.119564038845248e-007	-1	
112.72273590028111	387.26447703304569	-0.0003402548523082129	-7.9989384019914301e-007	-1	
108.99583068377957	393.5465736088442	-0.00033765281578921659	-7.7149067758581212e-007	-1	
103.04937858782957	394.78914822724391	-0.00033381851744874346	-7.3074033701935306e-007	-1	
99.926670145774139	400	-0.00033171366990860675	-7.0776765047997036e-007	-1	
143.1352424489132	365.4771014489458	-0.00035969597336911951	-9.9430124124076097e-007	-1	
137.98559296001366	368.33799700834049	-0.0003566463748770372	-9.6587325048368195e-007	-1	
117.86385169387844	377.23367052779543	-0.00034426063408138222	-8.4420962726527895e-007	-1	
124.70843575557257	373.74601583697091	-0.00034870551860155291	-8.8933819648572592e-007	-1	
129.7206388339911	372.91619135148477	-0.0003515684609127501	-9.169434040193877e-007	-1	
134.05878104523458	372.37731654544615	-0.00035391807173182523	-9.3908765658509134e-007	-1	
185.82008316959718	286.96623086829595	-0.0004243818413343887	-1.4652252048209284e-006	-1	
195.18527958613575	265.57687728316421	-0.00045336112280883791	-1.589431744461805e-006	-1	
194.00112285827831	271.19208997028795	-0.00044527021024139005	-1.5585859194631314e-006	-1	
190.67331384912529	285.42282768688517	-0.0004269532534570437	-1.4746066582805623e-006	-1	
195.67346103786912	278.06771105138603	-0.0004363492924253798	-1.5183645658558737e-006	-1	
195.37685828059529	283.39521273691355	-0.00042982388911935515	-1.4865920310303004e-006	-1	
189.46246616739336	291.70531798687182	-0.0004198487140143135	-1.4363564133168707e-006	-1	
193.28331935894292	301.0963573210006	-0.0004108833650433004	-1.3809927582761516e-006	-1	
195.45219296158166	293.68125326166319	-0.00041847270969261698	-1.4251342948605597e-006	-1	
191.67200623381547	306.48943719449403	-0.0004058610505080425	-1.3496709157620582e-006	-1	
191.05993345486141	312.08470371382549	-0.00040109426013403644	-1.3182168911334747e-006	-1	
159.34133530797263	360.76781520460872	-0.00036744974912791833	-1.0616881378761215e-006	-1	
170.27923700871094	358.10951769346997	-0.00037155945316906237	-1.0952408648129834e-006	-1	
165.42699730303647	361.97620254127719	-0.00036905536807548624	-1.0741448409529009e-006	-1	
174.35440626699719	354.74543081388407	-0.0003737431441402619	-1.113248322809114e-006	-1	
175.94017895562354	349.70465607213168	-0.00037605568226450171	-1.1326449220605765e-006	-1	
154.58869968044897	367.07986948190978	-0.00036409061566963573	-1.0314050661893923e-006	-1	
148.72924648933429	367.22694164626216	-0.00036173497040715307	-1.0112190252838063e-006	-1	
180.93192025826343	324.94866514820404	-0.00039014531271054924	-1.2441344912857501e-006	-1	
186.32203000407657	319.67336741014122	-0.00039470187600198684	-1.2753685693863615e-006	-1	
177.94992249286204	343.08457993635119	-0.0003793862159453064	-1.1599747040967564e-006	-1	
179.73852816014346	337.73685821377967	-0.000382404471405928	-1.1840352887438458e-006	-1	
182.32892703141607	331.52881370427832	-0.00038633346978977407	-1.2142114201673482e-006	-1	
200	268.69958572521966	-0.00044904302555630798	-1.5717389729546085e-006	-1	
120.05660633771194	383.19121037182782	-0.00034491721297532935	-8.4831648442929553e-007	-1	
116.20375803858715	392.36321266295238	-0.00034207193948962341	-8.1732512934874134e-007	-1	
121.02021015435946	388.50103592340133	-0.00034506769274046222	-8.4834910702482223e-007	-1	
106.17208702988501	400	-0.00033577223393259099	-7.5120481016928343e-007	-1	
112.41750391399589	400	-0.00033965560048811129	-7.91855790429357e-007	-1	
143.88598985284332	372.89362266567082	-0.00035850591817571299	-9.8063803874178011e-007	-1	
137.6382671788563	374.88672741669973	-0.00035526575781284032	-9.5046587862703228e-007	-1	
123.84848507176909	379.35136201937871	-0.00034748073458531098	-8.7498694504904052e-007	-1	
132.52304897519087	378.54789925262952	-0.00035222252918451095	-9.2082323543717069e-007	-1	
200	274.94500260933057	-0.00044053491415482239	-1.5363109245457527e-006	-1	
194.89101443417496	288.49408598117606	-0.0004239448983195335	-1.456058360208753e-006	-1	
200	281.19041949344148	-0.00043260177518004202	-1.4996616297124693e-006	-1	
200	287.43583637755233	-0.00042523278988612195	-1.4623615953295313e-006	-1	
200	299.9266701457741	-0.00041225337921286164	-1.3883848182482045e-006	-1	
200	306.17208702988501	-0.0004065562827896929	-1.3526330507844641e-006	-1	
200	312.41750391399586	-0.00040131867530575306	-1.3181152727637963e-006	-1	
195.41347001150163	315.38057426543941	-0.00039882898637845287	-1.301700047356087e-006	-1	
193.80611486864353	320.59904652154336	-0.00039485723947773238	-1.2741629453444514e-006	-1	
161.44075934554681	371.01418682466954	-0.00036551996545627913	-1.0422832207116609e-006	-1	
175.6432631482844	360.45704086952554	-0.00037209317570561064	-1.0985666993351747e-006	-1	
173.11668321353403	368.17652378767025	-0.0003693619034580483	-1.0748352786692881e-006	-1	
166.89225122315486	368.00517532469246	-0.00036784366104782631	-1.0624666984944276e-006	-1	
179.47935167407326	356.03346015810445	-0.00037430513924497798	-1.1168986229434593e-006	-1	
182.19874050470199	346.79197570121886	-0.0003784458700099922	-1.1510484738412867e-006	-1	
156.23386191737089	372.14861095858413	-0.00036355628054656462	-1.0252324624174504e-006	-1	
151.86079425899291	375.19409584582309	-0.00036136762015977691	-1.0053451077094652e-006	-1	
189.26324433780928	326.6182437618242	-0.00039035179754877566	-1.2424658351703445e-006	-1	
186.90924471278143	343.78901663977689	-0.0003805224154273498	-1.1669193697997258e-006	-1	
187.21820100150612	336.14887679796442	-0.00038443403246294868	-1.1979202836639667e-006	-1	
125.21245609405689	384.78494591877364	-0.00034767123665343071	-8.7504237573074747e-007	-1	
118.66292079810677	400	-0.00034335878615021273	-8.2983337948889369e-007	-1	
122.05538112354525	394.33123893885482	-0.0003453767777657923	-8.5050590768211223e-007	-1	
126.08708365325663	389.99439436603848	-0.00034777236845582243	-8.7488728673982306e-007	-1	
144.56948573106138	378.39699399987302	-0.00035790150892371923	-9.7353086671358548e-007	-1	
136.90105817436589	383.06483094740372	-0.00035381000498056509	-9.3445277498394969e-007	-1	
130.81113365322699	384.58730854920714	-0.00035065883549707588	-9.0406625853988604e-007	-1	
200	318.66292079810671	-0.00039647482635807036	-1.2850010303934365e-006	-1	
200	324.90833768221762	-0.00039211383831999521	-1.253856237539911e-006	-1	
195.08431281198088	328.03104612427308	-0.00038993997627899288	-1.2382706238032616e-006	-1	
163.15147419197518	375.76245739330903	-0.00036510458675492405	-1.0377903158539513e-006	-1	
181.94695738801374	364.14564456280874	-0.00037212434542904397	-1.0978321644301003e-006	-1	
170.51667657438963	373.06842080283661	-0.00036765828396008085	-1.0599076620572982e-006	-1	
178.81501328822574	371.83823070936126	-0.00036962167561590083	-1.0763708288856714e-006	-1	
186.71507541932672	351.61294936660357	-0.00037708811356917412	-1.1390018155609962e-006	-1	
187.69104537838098	358.14644389728289	-0.0003747762880950295	-1.1196948693150124e-006	-1	
159.43703460413303	379.17940884556447	-0.00036339622680976481	-1.0224125754891e-006	-1	
150.42960345522292	381.83670937314508	-0.00035981776535654649	-9.9012237852252819e-007	-1	
193.90643459194175	333.73436896655522	-0.00038644360920617546	-1.2121125396165268e-006	-1	
190.95626665535605	347.63976025826804	-0.00037920757166705999	-1.1557283485883365e-006	-1	
193.5733263765988	340.83728073181311	-0.0003825830263998982	-1.1823263696908279e-006	-1	
124.90833768221766	400	-0.00034685651794476226	-8.6497306729822453e-007	-1	
127.90022959149628	395.28023447284738	-0.00034852339503009799	-8.8164964113137177e-007	-1	
131.30041677710227	390.84556076095544	-0.00035043556286658327	-9.0072556327700041e-007	-1	
145.00975600371618	384.35861376824516	-0.00035734487065613448	-9.6711639055895998e-007	-1	
140.33073426584158	387.62681775400313	-0.00035498251020321545	-9.4461418275585632e-007	-1	
200	331.15375456632853	-0.00038814315640304918	-1.2245971294190399e-006	-1	
167.74076986572697	377.86269164159722	-0.00036602884362396904	-1.0454226421592108e-006	-1	
166.61002574059125	383.5650629183516	-0.00036487930836567173	-1.0348549533407986e-006	-1	
185.5846553611392	371.61237804691325	-0.00037067220246550265	-1.0849951703900862e-006	-1	
189.56297131342632	367.04094407180901	-0.00037223312466648728	-1.0981397705470094e-006	-1	
173.55197131059649	377.70282225231671	-0.00036743598547380564	-1.057439760184173e-006	-1	
181.42238309907626	378.08968541126546	-0.00036882804227194547	-1.069173463234985e-006	-1	
193.1710593152421	353.0127136607166	-0.00037710632302877516	-1.138530141960613e-006	-1	
193.18537270574802	362.18263010934567	-0.00037391510424271169	-1.1121473123896839e-006	-1	
160.5351934443855	385.44205465883141	-0.00036292454963792912	-1.0174687780891276e-006	-1	
153.66872879627587	386.10861492245789	-0.00036054722615209446	-9.9611668338337382e-007	-1	
200	337.39917145043938	-0.0003845955065183655	-1.1976130928637164e-006	-1	
200	349.89000521866114	-0.00037861129065632052	-1.1504673028911358e-006	-1	
200	343.64458833455024	-0.0003814238397069641	-1.1728908971853185e-006	-1	
131.15375456632856	400	-0.00035009858851360907	-8.9681356739647253e-007	-1	
137.39917145043944	400	-0.00035312357105842787	-9.2596131090315666e-007	-1	
140.52187989249489	394.55584918610043	-0.00035468224588088086	-9.4104642078830816e-007	-1	
145.28209209528652	390.46555996858018	-0.00035692304190967835	-9.6239314497650405e-007	-1	
151.37552498046009	390.95447152954284	-0.00035930417251731121	-9.8430590536515863e-007	-1	
171.49152133537817	382.30425486498962	-0.0003662753522308158	-1.0471111739094458e-006	-1	
170.65591701733248	387.6137343870563	-0.00036546795919341791	-1.0397753379659009e-006	-1	
162.85738873526938	391.36101524763842	-0.00036309306270132535	-1.0185671085152999e-006	-1	
192.13978602100869	375.65097719858318	-0.00037045909491707497	-1.0829339179982537e-006	-1	
195.41205610545364	368.62625587099376	-0.00037224158364358484	-1.0980102861761383e-006	-1	
180.28125009540582	383.18444391933684	-0.00036784816457681034	-1.0605783946786062e-006	-1	
175.52255248673887	385.33236055107551	-0.000366738371954059	-1.050934621067396e-006	-1	
188.57292758959042	382.39837731965918	-0.00036897920370555033	-1.0702424657499034e-006	-1	
184.85689973122214	385.69883831916485	-0.00036817066970944406	-1.0632633513597796e-006	-1	
200	356.13542210277205	-0.00037616633659460954	-1.130608284704663e-006	-1	
200	362.38083898688291	-0.00037402465164033429	-1.1129310193892916e-006	-1	
157.15090513286788	390.18483350813011	-0.00036140301445559226	-1.0034617243397668e-006	-1	
143.64458833455032	400	-0.00035591745270838735	-9.5247558148813781e-007	-1	
149.11469146104656	395.22792712600653	-0.0003582465574557685	-9.7433604124811174e-007	-1	
153.94705527854723	395.37642248876614	-0.00036003117039697428	-9.9072617975319005e-007	-1	
168.18796733265984	392.46610704578956	-0.0003644769309718495	-1.0308428683554671e-006	-1	
175.02270598377359	390.59753576074797	-0.00036615910303307682	-1.0457283067791727e-006	-1	
162.38083898688296	400	-0.00036267677204585372	-1.0146452818488719e-006	-1	
159.06225625085798	395.34269753321581	-0.00036176438926314135	-1.0064898900867929e-006	-1	
193.16438355102525	380.49563245824646	-0.00036964257514718438	-1.075904915060528e-006	-1	
196.50200362022966	377.99438119716012	-0.00037018876039472031	-1.0805730910553868e-006	-1	
200	374.87167275510461	-0.00037083835341220344	-1.0861087425322664e-006	-1	
182.67119046884767	391.34578881088271	-0.0003673708976828399	-1.056259557427062e-006	-1	
192.99704783590673	384.66312143314354	-0.00036904531063392426	-1.0707594658895765e-006	-1	
191.81151015774441	389.15120536376264	-0.0003684948378469501	-1.0659961472162174e-006	-1	
188.61689797389562	392.49205976487161	-0.00036798044240463795	-1.0615360873604962e-006	-1	
149.8900052186612	400	-0.00035846744120582503	-9.7627308719948999e-007	-1	
156.13542210277208	400	-0.00036072485182070798	-9.9699037122814351e-007	-1	
168.62625587099382	400	-0.0003643683057688645	-1.0297689010525857e-006	-1	
172.85716426260203	395.2651954857493	-0.0003654393966300823	-1.0393029788363249e-006	-1	
177.99438119716018	394.97258581088687	-0.00036644378428296202	-1.0481371865952467e-006	-1	
196.71843757154252	382.67844386024325	-0.00036945535012572223	-1.0742748888837429e-006	-1	
200	381.11708963921558	-0.00036972303715215735	-1.0765704365355767e-006	-1	
185.53257070694508	396.68225561660421	-0.00036748046964533304	-1.0571789397796726e-006	-1	
194.57241272031311	389.02965580671753	-0.00036865656895856204	-1.0673872544524719e-006	-1	
196.7076414847761	386.3124997788961	-0.00036900593561080725	-1.0704016448155114e-006	-1	
195.20271644644103	391.72039445393796	-0.000368477776464018	-1.0658365407238966e-006	-1	
193.14154492727445	393.19249478490195	-0.00036828587151004885	-1.0641757549398435e-006	-1	
189.41940374708921	395.88666910493049	-0.00036790021346599135	-1.0608294529892099e-006	-1	
191.94162072964323	395.63995713731231	-0.0003680976415421328	-1.0625416182168396e-006	-1	
174.87167275510473	400	-0.00036577053741998142	-1.0421951357383372e-006	-1	
181.11708963921561	400	-0.00036683681264996728	-1.0515553374451883e-006	-1	
200	384.23979808127103	-0.000369293923636829	-1.0728799515522582e-006	-1	
187.36250652332649	400	-0.00036764606135916201	-1.0586170344749315e-006	-1	
188.92386074435422	398.37200257038148	-0.00036780177344809649	-1.059971276225052e-006	-1	
197.24684371740324	389.72591444876065	-0.00036868635936943483	-1.0676396442163157e-006	-1	
200	387.36250652332649	-0.00036893773613928306	-1.0698093721735884e-006	-1	
195.67040416396983	394.20972681718729	-0.00036834893186039441	-1.0647192433367693e-006	-1	
197.57999746286538	392.56235859113821	-0.00036849109466085693	-1.0659496702359957e-006	-1	
193.7803372022548	395.84236921135169	-0.00036820066845324036	-1.0634343361445918e-006	-1	
191.10116867790666	397.78248344698056	-0.00036798481725011688	-1.0615612503741662e-006	-1	
193.39896562631276	397.65245336283016	-0.00036813089075720572	-1.0628285075694791e-006	-1	
190.48521496538194	400	-0.00036792313295326204	-1.0610251794894187e-006	-1	
200	390.485214965382	-0.00036865601816580878	-1.0673758386515309e-006	-1	
196.88272546739839	396.10362946662821	-0.00036831200435718278	-1.0643984454872219e-006	-1	
197.74428726112072	395.07897884488568	-0.00036836711158425549	-1.0648758096125549e-006	-1	
200	393.6079234074374	-0.0003684555205827766	-1.0656411714771076e-006	-1	
194.84765443598636	397.35322421331239	-0.00036820549869207849	-1.0634754168359765e-006	-1	
193.60792340743737	400	-0.00036812127057010219	-1.0627446703877683e-006	-1	
194.3886005179512	398.75193511913466	-0.00036816666740061092	-1.0631385124689981e-006	-1	
196.83790381758203	397.44160877915402	-0.00036827361713056639	-1.0640656351937671e-006	-1	
197.91822480701271	396.95212150471554	-0.00036830755685719963	-1.0643597147126466e-006	-1	
200	395.16927762846512	-0.00036838477901546902	-1.0650285864355036e-006	-1	
198.95200382013428	396.5213166718284	-0.00036833283223426292	-1.0645786506516642e-006	-1	
196.4349701816993	398.55710674737992	-0.00036824375690215725	-1.0638067724567025e-006	-1	
195.16927762846507	400	-0.00036819159138847175	-1.0633545149717791e-006	-1	
197.83154370159096	398.08919739312785	-0.00036828324806198302	-1.0641490149428087e-006	-1	
198.6631865086425	397.1774589875327	-0.00036831275997618006	-1.064404740197282e-006	-1	
198.49316344555382	397.9369568980469	-0.00036829563167949	-1.0642563069752041e-006	-1	
200	396.73063184949285	-0.00036833132469571802	-1.0645655561072813e-006	-1	
199.37934768570449	397.09691670521499	-0.00036832029239879848	-1.0644699796667132e-006	-1	
196.7306318494928	400	-0.00036824364056968614	-1.0638057146671188e-006	-1	
197.7814633660542	399.15402622666079	-0.00036827012735806455	-1.0640352770223789e-006	-1	
198.39553522713402	398.99378682698512	-0.00036828115137805102	-1.0641308063828579e-006	-1	
199.15402622666079	397.78146336605431	-0.00036830493260640065	-1.0643368889543593e-006	-1	
198.99378682698506	398.39553522713402	-0.00036829448299442052	-1.0642463331670414e-006	-1	
200	397.51130896000672	-0.00036831295547537702	-1.064406398052936e-006	-1	
198.29198607052052	400	-0.00036827624658634884	-1.0640882968121847e-006	-1	
198.68232462577745	399.5599252876147	-0.00036828178759697574	-1.0641363103368166e-006	-1	
199.02918189891673	399.02918189891676	-0.0003682878801341926	-1.0641891068396011e-006	-1	
200	398.29198607052064	-0.00036829989193258502	-1.0642931977781826e-006	-1	
199.5599252876147	398.68232462577748	-0.00036829407552133552	-1.0642427909707571e-006	-1	
199.07266318103439	400	-0.0003682845337749501	-1.0641601038133764e-006	-1	
199.26783245866284	399.61658671921452	-0.00036828636131597958	-1.064175937946868e-006	-1	
199.61658671921455	399.26783245866289	-0.00036828947484006782	-1.0642029181030203e-006	-1	
200	399.07266318103439	-0.00036829132266235346	-1.0642189288000889e-006	-1	
199.46300173629132	400	-0.00036828675176298206	-1.0641793171897338e-006	-1	
199.69149057867341	399.69149057867338	-0.00036828791982994194	-1.0641894369130786e-006	-1	
200	399.46300173629129	-0.0003682890904963295	-1.0641995803888496e-006	-1	
199.85334029154828	400	-0.00036828781618799368	-1.0641885350577345e-006	-1	
200	399.85334029154825	-0.00036828802429856352	-1.0641903356682947e-006	-1	
200	400	-0.00036828792024651264	-1.0641894313906757e-006	-1	
13609
0	1	2	1	-1	-1	-1
4	2	1	1	-1	-1	-1
1	3	4	1	-1	-1	-1
5	2	4	1	-1	-1	-1
7	4	3	1	-1	-1	-1
3	6	7	1	-1	-1	-1
5	4	8	1	-1	-1	-1
4	7	8	1	-1	-1	-1
5	8	9	1	-1	-1	-1
11	7	6	1	-1	-1	-1
6	10	11	1	-1	-1	-1
8	7	12	1	-1	-1	-1
12	7	11	1	-1	-1	-1
9	8	13	1	-1	-1	-1
12	13	8	1	-1	-1	-1
13	14	9	1	-1	-1	-1
11	10	16	1	-1	-1	-1
11	17	12	1	-1	-1	-1
16	10	15	1	-1	-1	-1
18	13	12	1	-1	-1	-1
16	17	11	1	-1	-1	-1
19	14	13	1	-1	-1	-1
18	12	17	1	-1	-1	-1
13	18	19	1	-1	-1	-1
20	14	19	1	-1	-1	-1
22	16	15	1	-1	-1	-1
16	23	17	1	-1	-1	-1
18	17	23	1	-1	-1	-1
22	15	21	1	-1	-1	-1
23	19	18	1	-1	-1	-1
16	22	23	1	-1	-1	-1
24	20	19	1	-1	-1	-1
19	23	24	1	-1	-1	-1
20	24	25	1	-1	-1	-1
21	27	22	1	-1	-1	-1
22	28	23	1	-1	-1	-1
26	27	21	1	-1	-1	-1
23	28	24	1	-1	-1	-1
29	22	27	1	-1	-1	-1
28	22	29	1	-1	-1	-1
30	25	24	1	-1	-1	-1
24	28	30	1	-1	-1	-1
33	27	26	1	-1	-1	-1
30	31	25	1	-1	-1	-1
29	27	33	1	-1	-1	-1
29	34	28	1	-1	-1	-1
32	33	26	1	-1	-1	-1
28	34	30	1	-1	-1	-1
33	35	29	1	-1	-1	-1
36	31	30	1	-1	-1	-1
35	34	29	1	-1	-1	-1
36	30	34	1	-1	-1	-1
32	39	33	1	-1	-1	-1
37	31	36	1	-1	-1	-1
33	39	35	1	-1	-1	-1
32	38	39	1	-1	-1	-1
34	35	40	1	-1	-1	-1
41	35	39	1	-1	-1	-1
40	36	34	1	-1	-1	-1
37	36	43	1	-1	-1	-1
40	35	42	1	-1	-1	-1
42	35	41	1	-1	-1	-1
36	40	43	1	-1	-1	-1
39	38	46	1	-1	-1	-1
43	44	37	1	-1	-1	-1
39	46	41	1	-1	-1	-1
38	45	46	1	-1	-1	-1
47	40	42	1	-1	-1	-1
47	43	40	1	-1	-1	-1
42	41	48	1	-1	-1	-1
46	48	41	1	-1	-1	-1
44	43	50	1	-1	-1	-1
49	47	42	1	-1	-1	-1
42	48	49	1	-1	-1	-1
43	47	50	1	-1	-1	-1
53	46	45	1	-1	-1	-1
51	44	50	1	-1	-1	-1
46	53	48	1	-1	-1	-1
53	45	52	1	-1	-1	-1
54	50	47	1	-1	-1	-1
47	49	55	1	-1	-1	-1
48	56	49	1	-1	-1	-1
54	51	50	1	-1	-1	-1
54	47	55	1	-1	-1	-1
48	53	56	1	-1	-1	-1
55	49	56	1	-1	-1	-1
54	57	51	1	-1	-1	-1
52	59	53	1	-1	-1	-1
53	60	56	1	-1	-1	-1
58	59	52	1	-1	-1	-1
62	54	55	1	-1	-1	-1
59	60	53	1	-1	-1	-1
54	61	57	1	-1	-1	-1
55	56	64	1	-1	-1	-1
62	61	54	1	-1	-1	-1
60	64	56	1	-1	-1	-1
63	62	55	1	-1	-1	-1
64	63	55	1	-1	-1	-1
65	57	61	1	-1	-1	-1
68	59	58	1	-1	-1	-1
59	69	60	1	-1	-1	-1
58	67	66	1	-1	-1	-1
58	66	68	1	-1	-1	-1
70	64	60	1	-1	-1	-1
62	71	61	1	-1	-1	-1
69	59	68	1	-1	-1	-1
72	65	61	1	-1	-1	-1
62	63	73	1	-1	-1	-1
60	69	70	1	-1	-1	-1
63	64	74	1	-1	-1	-1
61	71	72	1	-1	-1	-1
62	73	71	1	-1	-1	-1
70	74	64	1	-1	-1	-1
77	66	67	1	-1	-1	-1
66	76	68	1	-1	-1	-1
73	63	74	1	-1	-1	-1
65	72	75	1	-1	-1	-1
69	68	80	1	-1	-1	-1
66	77	76	1	-1	-1	-1
70	69	81	1	-1	-1	-1
77	67	78	1	-1	-1	-1
67	79	78	1	-1	-1	-1
76	80	68	1	-1	-1	-1
74	70	82	1	-1	-1	-1
71	73	83	1	-1	-1	-1
71	84	72	1	-1	-1	-1
74	82	73	1	-1	-1	-1
81	69	80	1	-1	-1	-1
81	82	70	1	-1	-1	-1
86	75	72	1	-1	-1	-1
71	83	84	1	-1	-1	-1
72	84	85	1	-1	-1	-1
82	87	73	1	-1	-1	-1
77	89	76	1	-1	-1	-1
72	85	86	1	-1	-1	-1
73	87	83	1	-1	-1	-1
89	80	76	1	-1	-1	-1
78	90	77	1	-1	-1	-1
90	78	79	1	-1	-1	-1
75	86	88	1	-1	-1	-1
81	80	94	1	-1	-1	-1
91	89	77	1	-1	-1	-1
91	77	90	1	-1	-1	-1
81	97	82	1	-1	-1	-1
79	93	90	1	-1	-1	-1
93	79	92	1	-1	-1	-1
83	98	84	1	-1	-1	-1
80	89	96	1	-1	-1	-1
97	87	82	1	-1	-1	-1
80	95	94	1	-1	-1	-1
99	83	87	1	-1	-1	-1
100	85	84	1	-1	-1	-1
95	80	96	1	-1	-1	-1
101	86	85	1	-1	-1	-1
94	97	81	1	-1	-1	-1
93	91	90	1	-1	-1	-1
91	96	89	1	-1	-1	-1
102	88	86	1	-1	-1	-1
83	99	98	1	-1	-1	-1
84	98	100	1	-1	-1	-1
100	101	85	1	-1	-1	-1
97	103	87	1	-1	-1	-1
93	105	91	1	-1	-1	-1
102	86	101	1	-1	-1	-1
99	87	103	1	-1	-1	-1
92	107	93	1	-1	-1	-1
96	91	105	1	-1	-1	-1
104	88	102	1	-1	-1	-1
94	95	110	1	-1	-1	-1
94	109	97	1	-1	-1	-1
96	111	95	1	-1	-1	-1
107	92	106	1	-1	-1	-1
105	93	108	1	-1	-1	-1
93	107	108	1	-1	-1	-1
97	109	103	1	-1	-1	-1
113	98	99	1	-1	-1	-1
100	98	113	1	-1	-1	-1
105	111	96	1	-1	-1	-1
109	94	110	1	-1	-1	-1
103	114	99	1	-1	-1	-1
100	116	101	1	-1	-1	-1
95	112	110	1	-1	-1	-1
112	95	111	1	-1	-1	-1
101	118	102	1	-1	-1	-1
104	102	118	1	-1	-1	-1
99	115	113	1	-1	-1	-1
115	99	114	1	-1	-1	-1
113	117	100	1	-1	-1	-1
103	109	119	1	-1	-1	-1
116	100	117	1	-1	-1	-1
101	116	118	1	-1	-1	-1
105	108	122	1	-1	-1	-1
120	114	103	1	-1	-1	-1
124	107	106	1	-1	-1	-1
119	109	110	1	-1	-1	-1
105	122	111	1	-1	-1	-1
126	108	107	1	-1	-1	-1
120	103	119	1	-1	-1	-1
104	118	121	1	-1	-1	-1
127	110	112	1	-1	-1	-1
128	112	111	1	-1	-1	-1
123	124	106	1	-1	-1	-1
126	122	108	1	-1	-1	-1
119	110	127	1	-1	-1	-1
107	124	125	1	-1	-1	-1
125	126	107	1	-1	-1	-1
115	130	113	1	-1	-1	-1
117	113	130	1	-1	-1	-1
115	114	131	1	-1	-1	-1
128	111	122	1	-1	-1	-1
131	114	120	1	-1	-1	-1
134	116	117	1	-1	-1	-1
118	116	133	1	-1	-1	-1
112	129	127	1	-1	-1	-1
128	129	112	1	-1	-1	-1
121	118	137	1	-1	-1	-1
120	119	138	1	-1	-1	-1
115	132	130	1	-1	-1	-1
131	132	115	1	-1	-1	-1
136	117	130	1	-1	-1	-1
134	133	116	1	-1	-1	-1
138	119	127	1	-1	-1	-1
134	117	135	1	-1	-1	-1
136	135	117	1	-1	-1	-1
133	137	118	1	-1	-1	-1
126	142	122	1	-1	-1	-1
120	139	131	1	-1	-1	-1
141	128	122	1	-1	-1	-1
123	144	124	1	-1	-1	-1
145	125	124	1	-1	-1	-1
126	125	146	1	-1	-1	-1
120	138	139	1	-1	-1	-1
136	130	132	1	-1	-1	-1
137	140	121	1	-1	-1	-1
129	147	127	1	-1	-1	-1
128	148	129	1	-1	-1	-1
141	122	142	1	-1	-1	-1
143	144	123	1	-1	-1	-1
127	147	138	1	-1	-1	-1
131	149	132	1	-1	-1	-1
144	145	124	1	-1	-1	-1
146	142	126	1	-1	-1	-1
146	125	145	1	-1	-1	-1
128	141	148	1	-1	-1	-1
132	150	136	1	-1	-1	-1
152	133	134	1	-1	-1	-1
149	131	139	1	-1	-1	-1
154	134	135	1	-1	-1	-1
137	133	153	1	-1	-1	-1
148	147	129	1	-1	-1	-1
136	155	135	1	-1	-1	-1
140	137	153	1	-1	-1	-1
149	151	132	1	-1	-1	-1
139	138	156	1	-1	-1	-1
151	150	132	1	-1	-1	-1
153	133	152	1	-1	-1	-1
134	154	152	1	-1	-1	-1
136	150	155	1	-1	-1	-1
157	138	147	1	-1	-1	-1
160	141	142	1	-1	-1	-1
154	135	155	1	-1	-1	-1
158	149	139	1	-1	-1	-1
141	160	148	1	-1	-1	-1
161	142	146	1	-1	-1	-1
143	163	144	1	-1	-1	-1
157	156	138	1	-1	-1	-1
159	140	153	1	-1	-1	-1
164	145	144	1	-1	-1	-1
156	158	139	1	-1	-1	-1
146	145	165	1	-1	-1	-1
149	158	151	1	-1	-1	-1
167	147	148	1	-1	-1	-1
160	142	161	1	-1	-1	-1
163	143	162	1	-1	-1	-1
150	151	168	1	-1	-1	-1
163	164	144	1	-1	-1	-1
167	157	147	1	-1	-1	-1
155	150	168	1	-1	-1	-1
161	146	166	1	-1	-1	-1
164	165	145	1	-1	-1	-1
148	160	167	1	-1	-1	-1
171	153	152	1	-1	-1	-1
166	146	165	1	-1	-1	-1
169	151	158	1	-1	-1	-1
172	152	154	1	-1	-1	-1
155	175	154	1	-1	-1	-1
173	159	153	1	-1	-1	-1
168	151	170	1	-1	-1	-1
156	157	177	1	-1	-1	-1
170	151	169	1	-1	-1	-1
158	156	177	1	-1	-1	-1
172	171	152	1	-1	-1	-1
153	171	173	1	-1	-1	-1
176	155	168	1	-1	-1	-1
174	172	154	1	-1	-1	-1
179	157	167	1	-1	-1	-1
154	175	174	1	-1	-1	-1
160	161	184	1	-1	-1	-1
167	160	179	1	-1	-1	-1
176	175	155	1	-1	-1	-1
169	158	181	1	-1	-1	-1
185	163	162	1	-1	-1	-1
184	161	166	1	-1	-1	-1
177	157	178	1	-1	-1	-1
157	179	178	1	-1	-1	-1
182	159	173	1	-1	-1	-1
177	180	158	1	-1	-1	-1
188	164	163	1	-1	-1	-1
164	189	165	1	-1	-1	-1
158	180	181	1	-1	-1	-1
166	165	190	1	-1	-1	-1
183	179	160	1	-1	-1	-1
183	160	184	1	-1	-1	-1
168	170	192	1	-1	-1	-1
169	193	170	1	-1	-1	-1
162	186	185	1	-1	-1	-1
187	186	162	1	-1	-1	-1
168	192	176	1	-1	-1	-1
185	188	163	1	-1	-1	-1
171	172	196	1	-1	-1	-1
196	173	171	1	-1	-1	-1
191	184	166	1	-1	-1	-1
189	164	188	1	-1	-1	-1
181	193	169	1	-1	-1	-1
189	190	165	1	-1	-1	-1
174	198	172	1	-1	-1	-1
190	191	166	1	-1	-1	-1
174	175	200	1	-1	-1	-1
176	201	175	1	-1	-1	-1
199	182	173	1	-1	-1	-1
192	170	194	1	-1	-1	-1
202	177	178	1	-1	-1	-1
170	193	195	1	-1	-1	-1
195	194	170	1	-1	-1	-1
177	203	180	1	-1	-1	-1
178	179	204	1	-1	-1	-1
197	196	172	1	-1	-1	-1
183	204	179	1	-1	-1	-1
180	205	181	1	-1	-1	-1
197	172	198	1	-1	-1	-1
173	196	199	1	-1	-1	-1
176	192	201	1	-1	-1	-1
200	198	174	1	-1	-1	-1
208	183	184	1	-1	-1	-1
200	175	201	1	-1	-1	-1
193	181	205	1	-1	-1	-1
186	210	185	1	-1	-1	-1
202	203	177	1	-1	-1	-1
185	210	188	1	-1	-1	-1
184	191	209	1	-1	-1	-1
204	202	178	1	-1	-1	-1
186	187	211	1	-1	-1	-1
199	206	182	1	-1	-1	-1
203	205	180	1	-1	-1	-1
189	188	214	1	-1	-1	-1
215	190	189	1	-1	-1	-1
183	207	204	1	-1	-1	-1
190	215	191	1	-1	-1	-1
208	207	183	1	-1	-1	-1
208	184	209	1	-1	-1	-1
194	217	192	1	-1	-1	-1
218	195	193	1	-1	-1	-1
210	186	211	1	-1	-1	-1
195	219	194	1	-1	-1	-1
201	192	217	1	-1	-1	-1
187	213	211	1	-1	-1	-1
210	214	188	1	-1	-1	-1
187	212	213	1	-1	-1	-1
216	209	191	1	-1	-1	-1
193	205	218	1	-1	-1	-1
196	197	224	1	-1	-1	-1
214	215	189	1	-1	-1	-1
199	196	224	1	-1	-1	-1
198	225	197	1	-1	-1	-1
215	216	191	1	-1	-1	-1
200	226	198	1	-1	-1	-1
200	201	228	1	-1	-1	-1
220	217	194	1	-1	-1	-1
199	227	206	1	-1	-1	-1
208	209	216	1	-1	-1	-1
221	194	219	1	-1	-1	-1
202	230	203	1	-1	-1	-1
195	218	222	1	-1	-1	-1
220	194	221	1	-1	-1	-1
204	231	202	1	-1	-1	-1
219	195	223	1	-1	-1	-1
232	205	203	1	-1	-1	-1
223	195	222	1	-1	-1	-1
231	204	207	1	-1	-1	-1
225	224	197	1	-1	-1	-1
229	201	217	1	-1	-1	-1
226	225	198	1	-1	-1	-1
224	227	199	1	-1	-1	-1
236	207	208	1	-1	-1	-1
200	228	226	1	-1	-1	-1
218	205	233	1	-1	-1	-1
229	228	201	1	-1	-1	-1
210	211	239	1	-1	-1	-1
216	237	208	1	-1	-1	-1
210	238	214	1	-1	-1	-1
202	231	230	1	-1	-1	-1
240	211	213	1	-1	-1	-1
232	203	230	1	-1	-1	-1
217	220	229	1	-1	-1	-1
212	242	213	1	-1	-1	-1
234	206	227	1	-1	-1	-1
205	232	233	1	-1	-1	-1
215	214	243	1	-1	-1	-1
235	231	207	1	-1	-1	-1
222	218	233	1	-1	-1	-1
215	244	216	1	-1	-1	-1
207	236	235	1	-1	-1	-1
237	236	208	1	-1	-1	-1
219	246	221	1	-1	-1	-1
210	239	238	1	-1	-1	-1
246	219	223	1	-1	-1	-1
247	220	221	1	-1	-1	-1
240	239	211	1	-1	-1	-1
214	238	243	1	-1	-1	-1
242	240	213	1	-1	-1	-1
223	222	250	1	-1	-1	-1
212	241	242	1	-1	-1	-1
248	229	220	1	-1	-1	-1
216	245	237	1	-1	-1	-1
224	225	252	1	-1	-1	-1
215	243	244	1	-1	-1	-1
227	224	252	1	-1	-1	-1
253	225	226	1	-1	-1	-1
216	244	245	1	-1	-1	-1
233	250	222	1	-1	-1	-1
226	228	255	1	-1	-1	-1
228	229	257	1	-1	-1	-1
220	247	248	1	-1	-1	-1
246	249	221	1	-1	-1	-1
234	227	256	1	-1	-1	-1
247	221	249	1	-1	-1	-1
223	251	246	1	-1	-1	-1
259	232	230	1	-1	-1	-1
231	260	230	1	-1	-1	-1
250	251	223	1	-1	-1	-1
233	232	259	1	-1	-1	-1
235	260	231	1	-1	-1	-1
254	252	225	1	-1	-1	-1
254	225	253	1	-1	-1	-1
226	255	253	1	-1	-1	-1
248	257	229	1	-1	-1	-1
227	252	256	1	-1	-1	-1
264	235	236	1	-1	-1	-1
236	237	266	1	-1	-1	-1
255	228	258	1	-1	-1	-1
257	258	228	1	-1	-1	-1
233	261	250	1	-1	-1	-1
268	238	239	1	-1	-1	-1
267	237	245	1	-1	-1	-1
240	268	239	1	-1	-1	-1
238	268	243	1	-1	-1	-1
259	230	260	1	-1	-1	-1
240	242	271	1	-1	-1	-1
234	256	263	1	-1	-1	-1
262	233	259	1	-1	-1	-1
261	233	262	1	-1	-1	-1
242	241	273	1	-1	-1	-1
264	260	235	1	-1	-1	-1
244	243	275	1	-1	-1	-1
256	252	254	1	-1	-1	-1
245	244	275	1	-1	-1	-1
236	265	264	1	-1	-1	-1
266	265	236	1	-1	-1	-1
267	266	237	1	-1	-1	-1
249	246	277	1	-1	-1	-1
248	247	278	1	-1	-1	-1
251	277	246	1	-1	-1	-1
279	247	249	1	-1	-1	-1
240	270	268	1	-1	-1	-1
269	270	240	1	-1	-1	-1
271	269	240	1	-1	-1	-1
251	250	284	1	-1	-1	-1
243	268	274	1	-1	-1	-1
241	272	273	1	-1	-1	-1
242	273	271	1	-1	-1	-1
248	281	257	1	-1	-1	-1
245	276	267	1	-1	-1	-1
275	243	274	1	-1	-1	-1
254	253	287	1	-1	-1	-1
284	250	261	1	-1	-1	-1
258	257	281	1	-1	-1	-1
275	276	245	1	-1	-1	-1
253	255	288	1	-1	-1	-1
256	254	289	1	-1	-1	-1
258	288	255	1	-1	-1	-1
279	278	247	1	-1	-1	-1
280	248	278	1	-1	-1	-1
263	256	289	1	-1	-1	-1
249	277	283	1	-1	-1	-1
281	248	280	1	-1	-1	-1
291	259	260	1	-1	-1	-1
249	282	279	1	-1	-1	-1
270	274	268	1	-1	-1	-1
259	291	262	1	-1	-1	-1
283	282	249	1	-1	-1	-1
286	277	251	1	-1	-1	-1
292	260	264	1	-1	-1	-1
261	262	293	1	-1	-1	-1
251	284	285	1	-1	-1	-1
285	286	251	1	-1	-1	-1
265	297	264	1	-1	-1	-1
288	287	253	1	-1	-1	-1
290	258	281	1	-1	-1	-1
265	266	299	1	-1	-1	-1
289	254	287	1	-1	-1	-1
266	267	300	1	-1	-1	-1
288	258	290	1	-1	-1	-1
261	293	284	1	-1	-1	-1
270	269	301	1	-1	-1	-1
302	269	271	1	-1	-1	-1
291	260	292	1	-1	-1	-1
276	300	267	1	-1	-1	-1
294	262	291	1	-1	-1	-1
274	270	303	1	-1	-1	-1
289	296	263	1	-1	-1	-1
271	273	305	1	-1	-1	-1
293	262	295	1	-1	-1	-1
294	295	262	1	-1	-1	-1
307	273	272	1	-1	-1	-1
292	264	298	1	-1	-1	-1
308	275	274	1	-1	-1	-1
308	276	275	1	-1	-1	-1
264	297	298	1	-1	-1	-1
299	297	265	1	-1	-1	-1
299	266	300	1	-1	-1	-1
312	278	279	1	-1	-1	-1
278	312	280	1	-1	-1	-1
283	277	311	1	-1	-1	-1
302	301	269	1	-1	-1	-1
282	313	279	1	-1	-1	-1
277	286	311	1	-1	-1	-1
301	303	270	1	-1	-1	-1
280	314	281	1	-1	-1	-1
302	271	304	1	-1	-1	-1
292	294	291	1	-1	-1	-1
305	304	271	1	-1	-1	-1
282	283	317	1	-1	-1	-1
274	303	308	1	-1	-1	-1
305	273	307	1	-1	-1	-1
272	306	307	1	-1	-1	-1
300	276	310	1	-1	-1	-1
281	316	290	1	-1	-1	-1
322	285	284	1	-1	-1	-1
308	309	276	1	-1	-1	-1
285	323	286	1	-1	-1	-1
309	310	276	1	-1	-1	-1
284	293	321	1	-1	-1	-1
324	287	288	1	-1	-1	-1
325	289	287	1	-1	-1	-1
324	288	290	1	-1	-1	-1
312	279	313	1	-1	-1	-1
312	315	280	1	-1	-1	-1
321	293	295	1	-1	-1	-1
280	315	314	1	-1	-1	-1
281	314	316	1	-1	-1	-1
296	289	326	1	-1	-1	-1
319	283	311	1	-1	-1	-1
313	282	318	1	-1	-1	-1
328	294	292	1	-1	-1	-1
282	317	318	1	-1	-1	-1
328	295	294	1	-1	-1	-1
328	292	298	1	-1	-1	-1
319	317	283	1	-1	-1	-1
308	303	309	1	-1	-1	-1
286	323	311	1	-1	-1	-1
321	320	284	1	-1	-1	-1
284	320	322	1	-1	-1	-1
297	331	298	1	-1	-1	-1
297	299	331	1	-1	-1	-1
322	323	285	1	-1	-1	-1
290	316	327	1	-1	-1	-1
300	334	299	1	-1	-1	-1
325	287	324	1	-1	-1	-1
289	325	326	1	-1	-1	-1
302	337	301	1	-1	-1	-1
303	301	336	1	-1	-1	-1
327	324	290	1	-1	-1	-1
304	338	302	1	-1	-1	-1
334	300	310	1	-1	-1	-1
295	329	321	1	-1	-1	-1
309	303	336	1	-1	-1	-1
305	339	304	1	-1	-1	-1
330	296	326	1	-1	-1	-1
295	328	329	1	-1	-1	-1
341	305	307	1	-1	-1	-1
307	306	341	1	-1	-1	-1
298	333	328	1	-1	-1	-1
298	331	332	1	-1	-1	-1
343	310	309	1	-1	-1	-1
332	333	298	1	-1	-1	-1
331	299	335	1	-1	-1	-1
334	335	299	1	-1	-1	-1
313	348	312	1	-1	-1	-1
337	336	301	1	-1	-1	-1
315	312	348	1	-1	-1	-1
337	302	338	1	-1	-1	-1
311	347	319	1	-1	-1	-1
349	314	315	1	-1	-1	-1
348	313	318	1	-1	-1	-1
349	316	314	1	-1	-1	-1
338	304	339	1	-1	-1	-1
347	311	323	1	-1	-1	-1
340	339	305	1	-1	-1	-1
341	340	305	1	-1	-1	-1
353	318	317	1	-1	-1	-1
336	343	309	1	-1	-1	-1
306	342	341	1	-1	-1	-1
317	319	354	1	-1	-1	-1
329	328	333	1	-1	-1	-1
346	334	310	1	-1	-1	-1
323	322	347	1	-1	-1	-1
352	327	316	1	-1	-1	-1
310	343	345	1	-1	-1	-1
344	310	345	1	-1	-1	-1
320	321	358	1	-1	-1	-1
310	344	346	1	-1	-1	-1
320	359	322	1	-1	-1	-1
358	321	329	1	-1	-1	-1
324	361	325	1	-1	-1	-1
327	361	324	1	-1	-1	-1
326	325	362	1	-1	-1	-1
348	350	315	1	-1	-1	-1
350	349	315	1	-1	-1	-1
335	334	346	1	-1	-1	-1
316	349	351	1	-1	-1	-1
316	351	352	1	-1	-1	-1
330	326	363	1	-1	-1	-1
355	348	318	1	-1	-1	-1
357	319	347	1	-1	-1	-1
317	354	353	1	-1	-1	-1
353	355	318	1	-1	-1	-1
329	333	366	1	-1	-1	-1
322	360	347	1	-1	-1	-1
354	319	356	1	-1	-1	-1
331	368	332	1	-1	-1	-1
357	356	319	1	-1	-1	-1
335	368	331	1	-1	-1	-1
333	332	369	1	-1	-1	-1
320	358	359	1	-1	-1	-1
322	359	360	1	-1	-1	-1
327	352	364	1	-1	-1	-1
371	336	337	1	-1	-1	-1
337	338	372	1	-1	-1	-1
361	362	325	1	-1	-1	-1
371	343	336	1	-1	-1	-1
373	338	339	1	-1	-1	-1
362	363	326	1	-1	-1	-1
370	335	346	1	-1	-1	-1
329	365	358	1	-1	-1	-1
327	364	361	1	-1	-1	-1
339	340	376	1	-1	-1	-1
343	371	345	1	-1	-1	-1
341	378	340	1	-1	-1	-1
363	367	330	1	-1	-1	-1
329	366	365	1	-1	-1	-1
378	341	342	1	-1	-1	-1
333	369	366	1	-1	-1	-1
369	332	368	1	-1	-1	-1
345	380	344	1	-1	-1	-1
344	381	346	1	-1	-1	-1
368	335	370	1	-1	-1	-1
337	372	371	1	-1	-1	-1
348	385	350	1	-1	-1	-1
338	374	372	1	-1	-1	-1
374	338	373	1	-1	-1	-1
386	349	350	1	-1	-1	-1
386	351	349	1	-1	-1	-1
339	375	373	1	-1	-1	-1
348	355	385	1	-1	-1	-1
384	357	347	1	-1	-1	-1
339	376	375	1	-1	-1	-1
347	360	384	1	-1	-1	-1
352	351	389	1	-1	-1	-1
340	377	376	1	-1	-1	-1
378	377	340	1	-1	-1	-1
382	345	371	1	-1	-1	-1
342	379	378	1	-1	-1	-1
370	346	383	1	-1	-1	-1
354	392	353	1	-1	-1	-1
393	355	353	1	-1	-1	-1
381	344	380	1	-1	-1	-1
356	395	354	1	-1	-1	-1
345	382	380	1	-1	-1	-1
391	364	352	1	-1	-1	-1
357	396	356	1	-1	-1	-1
381	383	346	1	-1	-1	-1
359	358	399	1	-1	-1	-1
401	360	359	1	-1	-1	-1
387	350	385	1	-1	-1	-1
399	358	365	1	-1	-1	-1
386	350	388	1	-1	-1	-1
402	362	361	1	-1	-1	-1
350	387	388	1	-1	-1	-1
382	371	372	1	-1	-1	-1
351	386	390	1	-1	-1	-1
402	361	364	1	-1	-1	-1
363	362	404	1	-1	-1	-1
389	351	390	1	-1	-1	-1
391	352	389	1	-1	-1	-1
385	355	393	1	-1	-1	-1
367	363	404	1	-1	-1	-1
365	366	405	1	-1	-1	-1
353	392	393	1	-1	-1	-1
398	357	384	1	-1	-1	-1
354	394	392	1	-1	-1	-1
366	369	408	1	-1	-1	-1
354	395	394	1	-1	-1	-1
360	401	384	1	-1	-1	-1
368	410	369	1	-1	-1	-1
397	395	356	1	-1	-1	-1
396	397	356	1	-1	-1	-1
368	370	411	1	-1	-1	-1
357	398	396	1	-1	-1	-1
391	402	364	1	-1	-1	-1
374	412	372	1	-1	-1	-1
399	400	359	1	-1	-1	-1
359	400	401	1	-1	-1	-1
375	413	373	1	-1	-1	-1
414	374	373	1	-1	-1	-1
383	411	370	1	-1	-1	-1
412	382	372	1	-1	-1	-1
402	403	362	1	-1	-1	-1
375	376	417	1	-1	-1	-1
404	362	403	1	-1	-1	-1
399	365	405	1	-1	-1	-1
376	377	419	1	-1	-1	-1
420	377	378	1	-1	-1	-1
366	407	405	1	-1	-1	-1
421	378	379	1	-1	-1	-1
407	366	406	1	-1	-1	-1
366	408	406	1	-1	-1	-1
404	409	367	1	-1	-1	-1
381	380	422	1	-1	-1	-1
422	380	382	1	-1	-1	-1
408	369	410	1	-1	-1	-1
424	383	381	1	-1	-1	-1
368	411	410	1	-1	-1	-1
402	391	403	1	-1	-1	-1
414	373	413	1	-1	-1	-1
428	387	385	1	-1	-1	-1
412	374	416	1	-1	-1	-1
388	429	386	1	-1	-1	-1
415	416	374	1	-1	-1	-1
374	414	415	1	-1	-1	-1
417	413	375	1	-1	-1	-1
429	390	386	1	-1	-1	-1
393	428	385	1	-1	-1	-1
431	388	387	1	-1	-1	-1
384	427	398	1	-1	-1	-1
376	418	417	1	-1	-1	-1
384	401	426	1	-1	-1	-1
433	389	390	1	-1	-1	-1
419	418	376	1	-1	-1	-1
433	391	389	1	-1	-1	-1
377	420	419	1	-1	-1	-1
383	424	411	1	-1	-1	-1
425	382	412	1	-1	-1	-1
378	421	420	1	-1	-1	-1
438	393	392	1	-1	-1	-1
439	392	394	1	-1	-1	-1
423	381	422	1	-1	-1	-1
424	381	423	1	-1	-1	-1
425	422	382	1	-1	-1	-1
395	440	394	1	-1	-1	-1
403	391	437	1	-1	-1	-1
441	395	397	1	-1	-1	-1
396	443	397	1	-1	-1	-1
396	398	442	1	-1	-1	-1
384	426	427	1	-1	-1	-1
399	446	400	1	-1	-1	-1
428	430	387	1	-1	-1	-1
431	387	430	1	-1	-1	-1
429	388	432	1	-1	-1	-1
448	401	400	1	-1	-1	-1
447	399	405	1	-1	-1	-1
431	432	388	1	-1	-1	-1
429	435	390	1	-1	-1	-1
433	390	434	1	-1	-1	-1
403	450	404	1	-1	-1	-1
435	434	390	1	-1	-1	-1
438	428	393	1	-1	-1	-1
433	436	391	1	-1	-1	-1
404	450	409	1	-1	-1	-1
407	451	405	1	-1	-1	-1
391	436	437	1	-1	-1	-1
407	406	452	1	-1	-1	-1
408	452	406	1	-1	-1	-1
439	438	392	1	-1	-1	-1
398	427	445	1	-1	-1	-1
439	394	440	1	-1	-1	-1
408	410	455	1	-1	-1	-1
448	426	401	1	-1	-1	-1
440	395	441	1	-1	-1	-1
458	410	411	1	-1	-1	-1
396	442	443	1	-1	-1	-1
397	444	441	1	-1	-1	-1
397	443	444	1	-1	-1	-1
445	442	398	1	-1	-1	-1
416	459	412	1	-1	-1	-1
413	461	414	1	-1	-1	-1
403	437	450	1	-1	-1	-1
417	460	413	1	-1	-1	-1
415	414	462	1	-1	-1	-1
446	399	447	1	-1	-1	-1
411	424	458	1	-1	-1	-1
416	415	463	1	-1	-1	-1
400	446	449	1	-1	-1	-1
412	459	425	1	-1	-1	-1
432	435	429	1	-1	-1	-1
449	448	400	1	-1	-1	-1
417	418	466	1	-1	-1	-1
447	405	451	1	-1	-1	-1
419	467	418	1	-1	-1	-1
468	419	420	1	-1	-1	-1
421	469	420	1	-1	-1	-1
451	407	453	1	-1	-1	-1
452	453	407	1	-1	-1	-1
408	454	452	1	-1	-1	-1
457	409	450	1	-1	-1	-1
472	423	422	1	-1	-1	-1
454	408	455	1	-1	-1	-1
425	471	422	1	-1	-1	-1
423	473	424	1	-1	-1	-1
409	457	456	1	-1	-1	-1
455	410	458	1	-1	-1	-1
427	426	477	1	-1	-1	-1
461	413	460	1	-1	-1	-1
414	461	462	1	-1	-1	-1
480	430	428	1	-1	-1	-1
459	416	464	1	-1	-1	-1
463	415	462	1	-1	-1	-1
466	460	417	1	-1	-1	-1
482	431	430	1	-1	-1	-1
416	463	465	1	-1	-1	-1
416	465	464	1	-1	-1	-1
480	428	438	1	-1	-1	-1
432	431	483	1	-1	-1	-1
426	448	476	1	-1	-1	-1
445	427	479	1	-1	-1	-1
435	432	484	1	-1	-1	-1
466	418	467	1	-1	-1	-1
433	434	485	1	-1	-1	-1
485	436	433	1	-1	-1	-1
468	467	419	1	-1	-1	-1
434	435	486	1	-1	-1	-1
424	474	458	1	-1	-1	-1
469	468	420	1	-1	-1	-1
459	475	425	1	-1	-1	-1
421	470	469	1	-1	-1	-1
436	488	437	1	-1	-1	-1
472	422	471	1	-1	-1	-1
490	438	439	1	-1	-1	-1
473	423	472	1	-1	-1	-1
440	491	439	1	-1	-1	-1
473	474	424	1	-1	-1	-1
425	475	471	1	-1	-1	-1
448	449	476	1	-1	-1	-1
440	441	495	1	-1	-1	-1
437	489	450	1	-1	-1	-1
476	477	426	1	-1	-1	-1
496	441	444	1	-1	-1	-1
497	443	442	1	-1	-1	-1
478	427	477	1	-1	-1	-1
478	479	427	1	-1	-1	-1
445	498	442	1	-1	-1	-1
443	499	444	1	-1	-1	-1
430	480	481	1	-1	-1	-1
482	430	481	1	-1	-1	-1
450	489	457	1	-1	-1	-1
483	431	482	1	-1	-1	-1
446	447	503	1	-1	-1	-1
449	446	502	1	-1	-1	-1
432	483	484	1	-1	-1	-1
447	451	504	1	-1	-1	-1
434	486	485	1	-1	-1	-1
484	486	435	1	-1	-1	-1
436	485	487	1	-1	-1	-1
480	438	490	1	-1	-1	-1
451	453	507	1	-1	-1	-1
436	487	488	1	-1	-1	-1
508	453	452	1	-1	-1	-1
489	437	488	1	-1	-1	-1
454	508	452	1	-1	-1	-1
454	455	510	1	-1	-1	-1
439	493	490	1	-1	-1	-1
439	491	492	1	-1	-1	-1
479	498	445	1	-1	-1	-1
439	492	493	1	-1	-1	-1
458	511	455	1	-1	-1	-1
456	457	512	1	-1	-1	-1
440	494	491	1	-1	-1	-1
440	495	494	1	-1	-1	-1
505	476	449	1	-1	-1	-1
496	495	441	1	-1	-1	-1
460	514	461	1	-1	-1	-1
459	464	513	1	-1	-1	-1
498	497	442	1	-1	-1	-1
461	516	462	1	-1	-1	-1
443	497	500	1	-1	-1	-1
501	496	444	1	-1	-1	-1
515	460	466	1	-1	-1	-1
443	500	499	1	-1	-1	-1
518	463	462	1	-1	-1	-1
511	458	474	1	-1	-1	-1
444	499	501	1	-1	-1	-1
475	459	513	1	-1	-1	-1
519	465	463	1	-1	-1	-1
465	520	464	1	-1	-1	-1
503	502	446	1	-1	-1	-1
503	447	504	1	-1	-1	-1
522	466	467	1	-1	-1	-1
506	449	502	1	-1	-1	-1
457	489	512	1	-1	-1	-1
468	523	467	1	-1	-1	-1
505	449	506	1	-1	-1	-1
524	468	469	1	-1	-1	-1
451	507	504	1	-1	-1	-1
470	524	469	1	-1	-1	-1
509	507	453	1	-1	-1	-1
472	471	526	1	-1	-1	-1
508	509	453	1	-1	-1	-1
508	454	510	1	-1	-1	-1
526	471	475	1	-1	-1	-1
472	527	473	1	-1	-1	-1
455	511	510	1	-1	-1	-1
474	473	529	1	-1	-1	-1
477	476	532	1	-1	-1	-1
478	477	533	1	-1	-1	-1
514	460	515	1	-1	-1	-1
514	516	461	1	-1	-1	-1
535	479	478	1	-1	-1	-1
462	516	517	1	-1	-1	-1
513	464	520	1	-1	-1	-1
518	462	517	1	-1	-1	-1
481	480	538	1	-1	-1	-1
519	463	518	1	-1	-1	-1
481	539	482	1	-1	-1	-1
515	466	522	1	-1	-1	-1
465	519	521	1	-1	-1	-1
482	541	483	1	-1	-1	-1
521	520	465	1	-1	-1	-1
538	480	490	1	-1	-1	-1
543	484	483	1	-1	-1	-1
522	467	523	1	-1	-1	-1
476	505	532	1	-1	-1	-1
474	529	511	1	-1	-1	-1
479	537	498	1	-1	-1	-1
486	484	545	1	-1	-1	-1
468	524	523	1	-1	-1	-1
486	546	485	1	-1	-1	-1
485	547	487	1	-1	-1	-1
524	470	525	1	-1	-1	-1
531	475	513	1	-1	-1	-1
490	493	538	1	-1	-1	-1
487	549	488	1	-1	-1	-1
549	489	488	1	-1	-1	-1
528	472	526	1	-1	-1	-1
528	527	472	1	-1	-1	-1
530	473	527	1	-1	-1	-1
473	530	529	1	-1	-1	-1
531	526	475	1	-1	-1	-1
491	551	492	1	-1	-1	-1
494	552	491	1	-1	-1	-1
553	493	492	1	-1	-1	-1
532	533	477	1	-1	-1	-1
478	533	534	1	-1	-1	-1
557	494	495	1	-1	-1	-1
534	535	478	1	-1	-1	-1
558	495	496	1	-1	-1	-1
535	536	479	1	-1	-1	-1
550	512	489	1	-1	-1	-1
479	536	537	1	-1	-1	-1
496	501	559	1	-1	-1	-1
497	498	561	1	-1	-1	-1
500	497	560	1	-1	-1	-1
540	481	538	1	-1	-1	-1
539	481	540	1	-1	-1	-1
562	499	500	1	-1	-1	-1
562	501	499	1	-1	-1	-1
539	542	482	1	-1	-1	-1
542	541	482	1	-1	-1	-1
483	541	544	1	-1	-1	-1
503	565	502	1	-1	-1	-1
483	544	543	1	-1	-1	-1
543	545	484	1	-1	-1	-1
566	506	502	1	-1	-1	-1
504	568	503	1	-1	-1	-1
546	547	485	1	-1	-1	-1
545	548	486	1	-1	-1	-1
504	507	568	1	-1	-1	-1
548	546	486	1	-1	-1	-1
505	506	571	1	-1	-1	-1
549	487	547	1	-1	-1	-1
493	556	538	1	-1	-1	-1
549	550	489	1	-1	-1	-1
507	509	574	1	-1	-1	-1
577	509	508	1	-1	-1	-1
552	551	491	1	-1	-1	-1
578	508	510	1	-1	-1	-1
561	498	537	1	-1	-1	-1
492	551	554	1	-1	-1	-1
553	492	554	1	-1	-1	-1
510	511	580	1	-1	-1	-1
555	493	553	1	-1	-1	-1
552	494	557	1	-1	-1	-1
493	555	556	1	-1	-1	-1
569	532	505	1	-1	-1	-1
495	558	557	1	-1	-1	-1
496	559	558	1	-1	-1	-1
584	514	515	1	-1	-1	-1
514	585	516	1	-1	-1	-1
520	583	513	1	-1	-1	-1
561	560	497	1	-1	-1	-1
529	581	511	1	-1	-1	-1
500	560	563	1	-1	-1	-1
517	516	590	1	-1	-1	-1
559	501	564	1	-1	-1	-1
563	562	500	1	-1	-1	-1
515	522	588	1	-1	-1	-1
517	591	518	1	-1	-1	-1
564	501	562	1	-1	-1	-1
583	531	513	1	-1	-1	-1
518	593	519	1	-1	-1	-1
588	522	523	1	-1	-1	-1
566	502	565	1	-1	-1	-1
521	519	595	1	-1	-1	-1
567	565	503	1	-1	-1	-1
520	521	596	1	-1	-1	-1
503	568	567	1	-1	-1	-1
529	530	581	1	-1	-1	-1
566	572	506	1	-1	-1	-1
570	569	505	1	-1	-1	-1
512	550	582	1	-1	-1	-1
524	598	523	1	-1	-1	-1
505	571	570	1	-1	-1	-1
525	598	524	1	-1	-1	-1
506	573	571	1	-1	-1	-1
568	507	575	1	-1	-1	-1
573	506	572	1	-1	-1	-1
601	528	526	1	-1	-1	-1
507	574	576	1	-1	-1	-1
603	527	528	1	-1	-1	-1
575	507	576	1	-1	-1	-1
531	602	526	1	-1	-1	-1
603	530	527	1	-1	-1	-1
579	574	509	1	-1	-1	-1
577	508	578	1	-1	-1	-1
577	579	509	1	-1	-1	-1
578	510	580	1	-1	-1	-1
580	511	581	1	-1	-1	-1
532	608	533	1	-1	-1	-1
533	610	534	1	-1	-1	-1
535	534	611	1	-1	-1	-1
535	613	536	1	-1	-1	-1
586	514	584	1	-1	-1	-1
585	514	586	1	-1	-1	-1
584	515	587	1	-1	-1	-1
536	615	537	1	-1	-1	-1
588	587	515	1	-1	-1	-1
516	585	589	1	-1	-1	-1
538	617	540	1	-1	-1	-1
589	590	516	1	-1	-1	-1
618	539	540	1	-1	-1	-1
591	517	590	1	-1	-1	-1
583	520	596	1	-1	-1	-1
542	539	619	1	-1	-1	-1
592	518	591	1	-1	-1	-1
592	593	518	1	-1	-1	-1
542	621	541	1	-1	-1	-1
544	541	621	1	-1	-1	-1
594	519	593	1	-1	-1	-1
519	594	595	1	-1	-1	-1
569	609	532	1	-1	-1	-1
588	523	599	1	-1	-1	-1
556	617	538	1	-1	-1	-1
544	625	543	1	-1	-1	-1
521	595	597	1	-1	-1	-1
545	543	625	1	-1	-1	-1
561	537	616	1	-1	-1	-1
521	597	596	1	-1	-1	-1
530	606	581	1	-1	-1	-1
523	598	599	1	-1	-1	-1
545	628	548	1	-1	-1	-1
583	607	531	1	-1	-1	-1
547	546	629	1	-1	-1	-1
548	629	546	1	-1	-1	-1
525	600	598	1	-1	-1	-1
549	547	631	1	-1	-1	-1
526	602	601	1	-1	-1	-1
576	574	579	1	-1	-1	-1
549	633	550	1	-1	-1	-1
605	528	601	1	-1	-1	-1
528	604	603	1	-1	-1	-1
634	551	552	5	-1	-1	-1
604	528	605	1	-1	-1	-1
530	603	606	1	-1	-1	-1
607	602	531	1	-1	-1	-1
635	554	551	5	-1	-1	-1
554	637	553	1	-1	-1	-1
553	637	555	1	-1	-1	-1
557	636	552	5	-1	-1	-1
609	608	532	1	-1	-1	-1
639	556	555	1	-1	-1	-1
608	610	533	1	-1	-1	-1
612	534	610	1	-1	-1	-1
558	642	557	5	-1	-1	-1
611	534	612	1	-1	-1	-1
611	614	535	1	-1	-1	-1
559	643	558	5	-1	-1	-1
614	613	535	1	-1	-1	-1
615	536	613	1	-1	-1	-1
550	633	582	1	-1	-1	-1
646	560	561	1	-1	-1	-1
644	559	564	5	-1	-1	-1
537	615	616	1	-1	-1	-1
560	645	563	1	-1	-1	-1
563	647	562	1	-1	-1	-1
647	564	562	1	-1	-1	-1
618	619	539	1	-1	-1	-1
617	620	540	1	-1	-1	-1
540	620	618	1	-1	-1	-1
565	650	566	1	-1	-1	-1
650	565	567	1	-1	-1	-1
619	622	542	1	-1	-1	-1
542	622	623	1	-1	-1	-1
568	652	567	1	-1	-1	-1
624	621	542	1	-1	-1	-1
623	624	542	1	-1	-1	-1
651	572	566	1	-1	-1	-1
626	544	621	1	-1	-1	-1
570	655	569	1	-1	-1	-1
544	626	625	1	-1	-1	-1
545	625	627	1	-1	-1	-1
575	654	568	1	-1	-1	-1
571	656	570	1	-1	-1	-1
545	627	628	1	-1	-1	-1
656	571	573	1	-1	-1	-1
657	573	572	1	-1	-1	-1
547	629	630	1	-1	-1	-1
605	601	602	1	-1	-1	-1
547	630	631	1	-1	-1	-1
632	548	628	1	-1	-1	-1
629	548	632	1	-1	-1	-1
576	660	575	1	-1	-1	-1
549	631	633	1	-1	-1	-1
617	556	641	1	-1	-1	-1
579	661	576	1	-1	-1	-1
577	578	664	1	-1	-1	-1
663	579	577	1	-1	-1	-1
634	635	551	5	-1	-1	-1
634	552	636	5	-1	-1	-1
578	580	665	1	-1	-1	-1
561	616	646	1	-1	-1	-1
635	638	554	5	-1	-1	-1
581	668	580	1	-1	-1	-1
638	637	554	5	-1	-1	-1
555	637	640	1	-1	-1	-1
609	569	655	1	-1	-1	-1
640	639	555	1	-1	-1	-1
636	557	642	5	-1	-1	-1
556	639	641	1	-1	-1	-1
642	558	643	5	-1	-1	-1
586	584	674	1	-1	-1	-1
643	559	644	5	-1	-1	-1
584	587	675	1	-1	-1	-1
586	677	585	1	-1	-1	-1
585	676	589	1	-1	-1	-1
560	646	645	1	-1	-1	-1
583	596	673	1	-1	-1	-1
679	587	588	1	-1	-1	-1
648	563	645	1	-1	-1	-1
669	581	606	1	-1	-1	-1
649	644	564	5	-1	-1	-1
647	563	648	1	-1	-1	-1
680	590	589	1	-1	-1	-1
564	647	649	5	-1	-1	-1
583	672	607	1	-1	-1	-1
681	591	590	1	-1	-1	-1
679	588	599	1	-1	-1	-1
596	597	673	1	-1	-1	-1
566	650	651	1	-1	-1	-1
684	592	591	1	-1	-1	-1
653	650	567	1	-1	-1	-1
685	593	592	1	-1	-1	-1
626	621	624	1	-1	-1	-1
567	652	653	1	-1	-1	-1
652	568	654	1	-1	-1	-1
594	593	687	1	-1	-1	-1
595	594	688	1	-1	-1	-1
657	572	651	1	-1	-1	-1
655	570	656	1	-1	-1	-1
690	597	595	1	-1	-1	-1
582	633	671	1	-1	-1	-1
658	656	573	1	-1	-1	-1
575	659	654	1	-1	-1	-1
658	573	657	1	-1	-1	-1
692	599	598	1	-1	-1	-1
692	598	600	1	-1	-1	-1
660	659	575	1	-1	-1	-1
576	662	660	1	-1	-1	-1
661	662	576	1	-1	-1	-1
602	695	605	1	-1	-1	-1
603	604	696	1	-1	-1	-1
664	663	577	1	-1	-1	-1
607	695	602	1	-1	-1	-1
579	666	661	1	-1	-1	-1
697	606	603	1	-1	-1	-1
665	664	578	1	-1	-1	-1
604	605	698	1	-1	-1	-1
667	579	663	1	-1	-1	-1
667	666	579	1	-1	-1	-1
580	668	665	1	-1	-1	-1
581	669	668	1	-1	-1	-1
609	701	608	1	-1	-1	-1
610	608	702	1	-1	-1	-1
670	582	671	1	-1	-1	-1
612	610	702	1	-1	-1	-1
705	611	612	5	-1	-1	-1
583	673	672	1	-1	-1	-1
614	611	704	5	-1	-1	-1
584	675	674	1	-1	-1	-1
614	707	613	1	-1	-1	-1
615	613	707	1	-1	-1	-1
671	633	631	1	-1	-1	-1
674	678	586	1	-1	-1	-1
677	676	585	1	-1	-1	-1
616	615	709	1	-1	-1	-1
677	586	678	1	-1	-1	-1
587	679	675	1	-1	-1	-1
617	710	620	1	-1	-1	-1
680	589	676	1	-1	-1	-1
618	620	712	1	-1	-1	-1
712	619	618	1	-1	-1	-1
590	682	681	1	-1	-1	-1
590	680	682	1	-1	-1	-1
622	619	714	1	-1	-1	-1
681	683	591	1	-1	-1	-1
591	683	684	1	-1	-1	-1
716	623	622	1	-1	-1	-1
691	673	597	1	-1	-1	-1
685	592	684	1	-1	-1	-1
593	685	686	1	-1	-1	-1
718	624	623	1	-1	-1	-1
687	593	686	1	-1	-1	-1
655	703	609	1	-1	-1	-1
711	617	641	1	-1	-1	-1
594	687	688	1	-1	-1	-1
626	624	719	1	-1	-1	-1
599	693	679	1	-1	-1	-1
646	616	709	1	-1	-1	-1
720	625	626	1	-1	-1	-1
688	689	595	1	-1	-1	-1
697	669	606	1	-1	-1	-1
720	627	625	1	-1	-1	-1
690	595	689	1	-1	-1	-1
627	722	628	1	-1	-1	-1
597	690	691	1	-1	-1	-1
700	607	672	1	-1	-1	-1
632	628	723	1	-1	-1	-1
725	630	629	1	-1	-1	-1
599	692	693	1	-1	-1	-1
632	724	629	1	-1	-1	-1
694	692	600	1	-1	-1	-1
631	630	726	1	-1	-1	-1
697	603	696	1	-1	-1	-1
728	635	634	5	-1	-1	-1
604	698	696	1	-1	-1	-1
695	698	605	1	-1	-1	-1
729	634	636	5	-1	-1	-1
607	699	695	1	-1	-1	-1
638	635	731	5	-1	-1	-1
700	699	607	1	-1	-1	-1
642	729	636	5	-1	-1	-1
637	638	732	5	-1	-1	-1
732	640	637	5	-1	-1	-1
702	608	701	1	-1	-1	-1
733	641	639	1	-1	-1	-1
701	609	703	1	-1	-1	-1
640	734	639	1	-1	-1	-1
704	611	705	5	-1	-1	-1
706	612	702	5	-1	-1	-1
643	737	642	5	-1	-1	-1
706	705	612	5	-1	-1	-1
644	738	643	5	-1	-1	-1
708	614	704	5	-1	-1	-1
631	726	671	1	-1	-1	-1
707	614	708	5	-1	-1	-1
709	615	707	1	-1	-1	-1
645	646	741	1	-1	-1	-1
644	649	740	5	-1	-1	-1
741	648	645	1	-1	-1	-1
648	742	647	5	-1	-1	-1
711	710	617	1	-1	-1	-1
647	742	649	5	-1	-1	-1
619	712	713	1	-1	-1	-1
651	650	744	1	-1	-1	-1
620	710	715	1	-1	-1	-1
713	714	619	1	-1	-1	-1
712	620	715	1	-1	-1	-1
744	650	653	1	-1	-1	-1
652	746	653	1	-1	-1	-1
652	654	746	1	-1	-1	-1
714	716	622	1	-1	-1	-1
657	651	745	1	-1	-1	-1
716	717	623	1	-1	-1	-1
718	623	717	1	-1	-1	-1
746	654	659	1	-1	-1	-1
655	656	749	1	-1	-1	-1
719	624	718	1	-1	-1	-1
658	749	656	1	-1	-1	-1
751	658	657	1	-1	-1	-1
719	721	626	1	-1	-1	-1
721	720	626	1	-1	-1	-1
722	627	720	1	-1	-1	-1
723	628	722	1	-1	-1	-1
659	660	755	1	-1	-1	-1
629	724	725	1	-1	-1	-1
723	724	632	1	-1	-1	-1
660	662	757	1	-1	-1	-1
662	661	759	1	-1	-1	-1
630	725	727	1	-1	-1	-1
727	726	630	1	-1	-1	-1
661	666	759	1	-1	-1	-1
761	663	664	1	-1	-1	-1
641	736	711	1	-1	-1	-1
667	663	761	1	-1	-1	-1
762	664	665	1	-1	-1	-1
634	729	728	5	-1	-1	-1
635	728	730	5	-1	-1	-1
730	731	635	5	-1	-1	-1
763	665	668	1	-1	-1	-1
741	646	709	1	-1	-1	-1
708	648	741	5	-1	-1	-1
708	742	648	5	-1	-1	-1
765	666	667	1	-1	-1	-1
763	668	669	1	-1	-1	-1
731	732	638	5	-1	-1	-1
639	734	733	1	-1	-1	-1
640	732	735	5	-1	-1	-1
642	737	729	5	-1	-1	-1
750	703	655	1	-1	-1	-1
671	767	670	1	-1	-1	-1
640	735	734	5	-1	-1	-1
736	641	733	1	-1	-1	-1
769	672	673	1	-1	-1	-1
643	739	737	5	-1	-1	-1
643	738	739	5	-1	-1	-1
675	771	674	1	-1	-1	-1
674	770	678	1	-1	-1	-1
740	738	644	5	-1	-1	-1
679	773	675	1	-1	-1	-1
774	676	677	1	-1	-1	-1
697	763	669	1	-1	-1	-1
676	776	680	1	-1	-1	-1
740	649	743	5	-1	-1	-1
678	777	677	1	-1	-1	-1
769	673	691	1	-1	-1	-1
743	649	742	5	-1	-1	-1
744	745	651	1	-1	-1	-1
713	712	715	1	-1	-1	-1
672	769	700	1	-1	-1	-1
680	781	682	1	-1	-1	-1
747	744	653	1	-1	-1	-1
782	681	682	1	-1	-1	-1
782	683	681	1	-1	-1	-1
746	748	653	1	-1	-1	-1
653	748	747	1	-1	-1	-1
785	684	683	0	-1	-1	-1
780	679	693	1	-1	-1	-1
705	743	704	5	-1	-1	-1
655	749	750	1	-1	-1	-1
657	745	752	1	-1	-1	-1
704	742	708	5	-1	-1	-1
786	685	684	0	-1	-1	-1
708	741	707	5	-1	-1	-1
741	709	707	5	-1	-1	-1
686	685	787	0	-1	-1	-1
752	751	657	1	-1	-1	-1
754	749	658	1	-1	-1	-1
756	746	659	1	-1	-1	-1
789	687	686	0	-1	-1	-1
753	658	751	1	-1	-1	-1
726	768	671	1	-1	-1	-1
658	753	754	1	-1	-1	-1
688	687	790	1	-1	-1	-1
688	792	689	1	-1	-1	-1
756	659	755	1	-1	-1	-1
793	690	689	1	-1	-1	-1
755	660	758	1	-1	-1	-1
757	758	660	1	-1	-1	-1
691	690	795	1	-1	-1	-1
662	760	757	1	-1	-1	-1
692	796	693	1	-1	-1	-1
760	662	759	1	-1	-1	-1
694	796	692	1	-1	-1	-1
761	664	762	1	-1	-1	-1
764	759	666	1	-1	-1	-1
743	742	704	5	-1	-1	-1
665	763	762	1	-1	-1	-1
698	695	799	1	-1	-1	-1
695	699	799	1	-1	-1	-1
696	800	697	1	-1	-1	-1
761	766	667	1	-1	-1	-1
765	764	666	1	-1	-1	-1
801	696	698	1	-1	-1	-1
766	765	667	1	-1	-1	-1
700	805	699	1	-1	-1	-1
767	671	768	1	-1	-1	-1
701	808	702	5	-1	-1	-1
703	809	701	5	-1	-1	-1
771	770	674	1	-1	-1	-1
706	702	808	5	-1	-1	-1
772	771	675	1	-1	-1	-1
773	772	675	1	-1	-1	-1
726	727	768	1	-1	-1	-1
706	811	705	5	-1	-1	-1
676	774	775	1	-1	-1	-1
676	775	776	1	-1	-1	-1
779	678	770	1	-1	-1	-1
774	677	778	1	-1	-1	-1
677	777	778	1	-1	-1	-1
679	780	773	1	-1	-1	-1
711	813	710	1	-1	-1	-1
779	777	678	1	-1	-1	-1
812	715	710	1	-1	-1	-1
776	781	680	1	-1	-1	-1
714	713	815	1	-1	-1	-1
816	713	715	1	-1	-1	-1
781	783	682	1	-1	-1	-1
782	682	783	1	-1	-1	-1
818	716	714	1	-1	-1	-1
782	784	683	0	-1	-1	-1
748	746	756	1	-1	-1	-1
706	808	738	5	-1	-1	-1
784	785	683	0	-1	-1	-1
754	750	749	1	-1	-1	-1
716	820	717	1	-1	-1	-1
785	786	684	0	-1	-1	-1
691	795	769	1	-1	-1	-1
811	706	738	5	-1	-1	-1
822	718	717	1	-1	-1	-1
786	787	685	0	-1	-1	-1
705	811	743	5	-1	-1	-1
718	823	719	1	-1	-1	-1
686	787	788	0	-1	-1	-1
814	711	736	1	-1	-1	-1
697	802	763	1	-1	-1	-1
789	686	788	0	-1	-1	-1
703	750	810	5	-1	-1	-1
721	719	825	1	-1	-1	-1
687	789	791	0	-1	-1	-1
720	721	826	1	-1	-1	-1
722	720	826	1	-1	-1	-1
791	790	687	0	-1	-1	-1
797	780	693	1	-1	-1	-1
790	792	688	1	-1	-1	-1
689	792	793	1	-1	-1	-1
722	827	723	1	-1	-1	-1
723	829	724	1	-1	-1	-1
769	807	700	1	-1	-1	-1
794	690	793	1	-1	-1	-1
830	725	724	1	-1	-1	-1
794	795	690	1	-1	-1	-1
725	831	727	1	-1	-1	-1
739	738	808	5	-1	-1	-1
693	796	797	1	-1	-1	-1
798	796	694	1	-1	-1	-1
738	740	811	5	-1	-1	-1
729	834	728	5	-1	-1	-1
730	728	836	5	-1	-1	-1
740	743	811	5	-1	-1	-1
801	800	696	1	-1	-1	-1
697	800	802	1	-1	-1	-1
731	730	839	5	-1	-1	-1
804	698	799	1	-1	-1	-1
698	803	801	1	-1	-1	-1
805	799	699	1	-1	-1	-1
729	737	838	5	-1	-1	-1
698	804	803	1	-1	-1	-1
731	843	732	5	-1	-1	-1
732	844	735	5	-1	-1	-1
700	806	805	1	-1	-1	-1
733	734	846	1	-1	-1	-1
806	700	807	1	-1	-1	-1
736	733	845	1	-1	-1	-1
734	735	848	5	-1	-1	-1
701	809	808	5	-1	-1	-1
809	703	810	5	-1	-1	-1
737	739	849	5	-1	-1	-1
832	768	727	1	-1	-1	-1
710	813	812	1	-1	-1	-1
813	711	814	1	-1	-1	-1
745	744	851	1	-1	-1	-1
747	851	744	1	-1	-1	-1
816	815	713	1	-1	-1	-1
812	819	715	1	-1	-1	-1
714	815	817	1	-1	-1	-1
714	817	818	1	-1	-1	-1
748	854	747	1	-1	-1	-1
745	852	752	1	-1	-1	-1
819	816	715	1	-1	-1	-1
820	716	818	1	-1	-1	-1
809	739	808	5	-1	-1	-1
820	821	717	1	-1	-1	-1
756	855	748	1	-1	-1	-1
821	822	717	1	-1	-1	-1
752	857	751	1	-1	-1	-1
750	754	856	5	-1	-1	-1
857	753	751	1	-1	-1	-1
822	823	718	1	-1	-1	-1
824	719	823	1	-1	-1	-1
861	754	753	5	-1	-1	-1
719	824	825	1	-1	-1	-1
826	721	825	1	-1	-1	-1
755	862	756	1	-1	-1	-1
828	722	826	1	-1	-1	-1
755	758	863	1	-1	-1	-1
828	827	722	1	-1	-1	-1
723	827	829	1	-1	-1	-1
865	758	757	1	-1	-1	-1
865	757	760	1	-1	-1	-1
829	830	724	1	-1	-1	-1
725	830	831	1	-1	-1	-1
868	760	759	1	-1	-1	-1
867	759	764	1	-1	-1	-1
833	727	831	1	-1	-1	-1
727	833	832	1	-1	-1	-1
762	870	761	1	-1	-1	-1
736	845	814	1	-1	-1	-1
762	763	871	1	-1	-1	-1
761	870	766	1	-1	-1	-1
728	834	835	5	-1	-1	-1
739	809	850	5	-1	-1	-1
728	835	836	5	-1	-1	-1
729	837	834	5	-1	-1	-1
764	765	872	1	-1	-1	-1
765	766	873	1	-1	-1	-1
729	838	837	5	-1	-1	-1
836	840	730	5	-1	-1	-1
840	839	730	5	-1	-1	-1
768	876	767	1	-1	-1	-1
842	731	839	5	-1	-1	-1
842	841	731	5	-1	-1	-1
731	841	843	5	-1	-1	-1
810	750	856	5	-1	-1	-1
770	771	878	1	-1	-1	-1
843	844	732	5	-1	-1	-1
880	771	772	1	-1	-1	-1
737	849	838	5	-1	-1	-1
846	845	733	1	-1	-1	-1
770	878	779	1	-1	-1	-1
848	735	844	5	-1	-1	-1
882	772	773	1	-1	-1	-1
847	846	734	5	-1	-1	-1
734	848	847	5	-1	-1	-1
774	884	775	1	-1	-1	-1
774	778	884	1	-1	-1	-1
883	773	780	1	-1	-1	-1
871	763	802	1	-1	-1	-1
886	776	775	1	-1	-1	-1
739	850	849	5	-1	-1	-1
877	769	795	1	-1	-1	-1
888	778	777	1	-1	-1	-1
887	781	776	1	-1	-1	-1
777	779	888	1	-1	-1	-1
745	851	853	1	-1	-1	-1
853	852	745	1	-1	-1	-1
781	887	783	1	-1	-1	-1
854	851	747	1	-1	-1	-1
807	769	877	1	-1	-1	-1
855	854	748	1	-1	-1	-1
893	782	783	0	-1	-1	-1
784	782	893	0	-1	-1	-1
858	752	852	1	-1	-1	-1
895	785	784	0	-1	-1	-1
786	785	896	0	-1	-1	-1
857	752	859	1	-1	-1	-1
850	809	810	5	-1	-1	-1
797	892	780	1	-1	-1	-1
859	752	858	1	-1	-1	-1
786	897	787	0	-1	-1	-1
753	857	860	5	-1	-1	-1
861	856	754	5	-1	-1	-1
788	787	897	0	-1	-1	-1
861	753	860	5	-1	-1	-1
855	756	864	1	-1	-1	-1
788	898	789	0	-1	-1	-1
832	876	768	1	-1	-1	-1
789	899	791	0	-1	-1	-1
863	862	755	1	-1	-1	-1
790	791	900	0	-1	-1	-1
864	756	862	1	-1	-1	-1
790	901	792	1	-1	-1	-1
863	758	866	1	-1	-1	-1
793	792	903	1	-1	-1	-1
865	866	758	1	-1	-1	-1
904	794	793	1	-1	-1	-1
760	869	865	1	-1	-1	-1
759	867	868	1	-1	-1	-1
794	906	795	1	-1	-1	-1
760	868	869	1	-1	-1	-1
907	797	796	1	-1	-1	-1
907	796	798	1	-1	-1	-1
870	762	871	1	-1	-1	-1
872	867	764	1	-1	-1	-1
765	873	872	1	-1	-1	-1
870	874	766	1	-1	-1	-1
800	801	912	1	-1	-1	-1
799	911	804	1	-1	-1	-1
875	873	766	1	-1	-1	-1
875	766	874	1	-1	-1	-1
911	799	805	1	-1	-1	-1
913	802	800	1	-1	-1	-1
914	801	803	1	-1	-1	-1
803	804	915	1	-1	-1	-1
771	879	878	1	-1	-1	-1
806	917	805	1	-1	-1	-1
879	771	880	1	-1	-1	-1
807	918	806	1	-1	-1	-1
881	880	772	1	-1	-1	-1
772	882	881	1	-1	-1	-1
883	882	773	1	-1	-1	-1
775	884	885	1	-1	-1	-1
813	921	812	1	-1	-1	-1
885	886	775	1	-1	-1	-1
891	779	878	1	-1	-1	-1
922	813	814	1	-1	-1	-1
886	887	776	1	-1	-1	-1
889	884	778	1	-1	-1	-1
819	812	921	1	-1	-1	-1
883	780	892	1	-1	-1	-1
888	890	778	1	-1	-1	-1
815	816	925	1	-1	-1	-1
925	817	815	1	-1	-1	-1
778	890	889	1	-1	-1	-1
779	891	888	1	-1	-1	-1
926	816	819	1	-1	-1	-1
818	817	928	1	-1	-1	-1
894	783	887	0	-1	-1	-1
820	818	929	1	-1	-1	-1
894	893	783	0	-1	-1	-1
893	895	784	0	-1	-1	-1
820	931	821	1	-1	-1	-1
822	821	933	1	-1	-1	-1
895	896	785	0	-1	-1	-1
877	795	906	1	-1	-1	-1
934	823	822	1	-1	-1	-1
897	786	896	0	-1	-1	-1
850	810	920	5	-1	-1	-1
823	934	824	1	-1	-1	-1
897	898	788	0	-1	-1	-1
845	924	814	1	-1	-1	-1
825	824	936	1	-1	-1	-1
802	913	871	1	-1	-1	-1
810	856	920	5	-1	-1	-1
825	937	826	1	-1	-1	-1
898	899	789	0	-1	-1	-1
826	937	828	1	-1	-1	-1
901	790	900	0	-1	-1	-1
899	902	791	0	-1	-1	-1
902	900	791	0	-1	-1	-1
828	940	827	1	-1	-1	-1
827	939	829	1	-1	-1	-1
903	792	901	1	-1	-1	-1
909	892	797	1	-1	-1	-1
903	904	793	1	-1	-1	-1
829	942	830	1	-1	-1	-1
904	905	794	1	-1	-1	-1
807	877	919	1	-1	-1	-1
943	831	830	1	-1	-1	-1
794	905	906	1	-1	-1	-1
833	831	943	1	-1	-1	-1
945	832	833	1	-1	-1	-1
908	797	907	1	-1	-1	-1
909	797	908	1	-1	-1	-1
910	907	798	1	-1	-1	-1
834	948	835	5	-1	-1	-1
948	834	837	5	-1	-1	-1
835	950	836	1	-1	-1	-1
912	913	800	1	-1	-1	-1
912	801	914	1	-1	-1	-1
840	836	951	1	-1	-1	-1
838	954	837	5	-1	-1	-1
911	916	804	1	-1	-1	-1
914	803	915	1	-1	-1	-1
911	805	917	1	-1	-1	-1
916	915	804	1	-1	-1	-1
957	839	840	5	-1	-1	-1
839	957	842	5	-1	-1	-1
918	917	806	1	-1	-1	-1
849	956	838	5	-1	-1	-1
841	959	843	5	-1	-1	-1
961	841	842	5	-1	-1	-1
919	918	807	1	-1	-1	-1
963	844	843	5	-1	-1	-1
832	944	876	1	-1	-1	-1
849	850	956	5	-1	-1	-1
848	844	965	5	-1	-1	-1
966	845	846	1	-1	-1	-1
921	813	923	1	-1	-1	-1
922	923	813	1	-1	-1	-1
814	924	922	1	-1	-1	-1
967	846	847	5	-1	-1	-1
969	847	848	5	-1	-1	-1
887	886	894	0	-1	-1	-1
925	816	926	1	-1	-1	-1
817	925	927	1	-1	-1	-1
891	890	888	1	-1	-1	-1
819	921	930	1	-1	-1	-1
927	928	817	1	-1	-1	-1
970	853	851	1	-1	-1	-1
818	928	929	1	-1	-1	-1
854	970	851	1	-1	-1	-1
930	926	819	1	-1	-1	-1
971	852	853	1	-1	-1	-1
863	866	950	1	-1	-1	-1
820	929	932	1	-1	-1	-1
852	971	858	1	-1	-1	-1
855	973	854	1	-1	-1	-1
932	931	820	1	-1	-1	-1
933	821	931	1	-1	-1	-1
933	935	822	1	-1	-1	-1
822	935	934	1	-1	-1	-1
856	861	976	5	-1	-1	-1
857	859	977	5	-1	-1	-1
864	975	855	1	-1	-1	-1
936	824	934	1	-1	-1	-1
857	977	860	5	-1	-1	-1
825	936	938	1	-1	-1	-1
978	859	858	1	-1	-1	-1
825	938	937	1	-1	-1	-1
861	860	981	5	-1	-1	-1
828	937	941	1	-1	-1	-1
940	939	827	1	-1	-1	-1
941	940	828	1	-1	-1	-1
862	983	864	1	-1	-1	-1
862	863	984	1	-1	-1	-1
939	942	829	1	-1	-1	-1
830	942	943	1	-1	-1	-1
986	866	865	1	-1	-1	-1
945	944	832	1	-1	-1	-1
869	987	865	1	-1	-1	-1
833	943	947	1	-1	-1	-1
946	945	833	1	-1	-1	-1
989	868	867	1	-1	-1	-1
946	833	947	1	-1	-1	-1
850	920	956	5	-1	-1	-1
868	991	869	1	-1	-1	-1
867	872	990	1	-1	-1	-1
835	948	949	1	-1	-1	-1
871	993	870	1	-1	-1	-1
924	845	966	1	-1	-1	-1
949	950	835	1	-1	-1	-1
993	874	870	1	-1	-1	-1
951	836	950	1	-1	-1	-1
837	953	948	5	-1	-1	-1
872	873	996	1	-1	-1	-1
953	837	952	5	-1	-1	-1
837	954	952	5	-1	-1	-1
875	997	873	1	-1	-1	-1
874	998	875	1	-1	-1	-1
955	954	838	5	-1	-1	-1
958	840	951	1	-1	-1	-1
838	956	955	5	-1	-1	-1
920	856	976	5	-1	-1	-1
957	840	958	1	-1	-1	-1
1002	878	879	1	-1	-1	-1
841	960	959	5	-1	-1	-1
957	962	842	5	-1	-1	-1
961	960	841	5	-1	-1	-1
949	863	950	1	-1	-1	-1
879	880	1004	1	-1	-1	-1
842	962	961	5	-1	-1	-1
880	881	1005	1	-1	-1	-1
959	964	843	5	-1	-1	-1
951	950	866	1	-1	-1	-1
882	1007	881	1	-1	-1	-1
843	964	963	5	-1	-1	-1
878	1002	891	1	-1	-1	-1
844	963	965	5	-1	-1	-1
882	883	1009	1	-1	-1	-1
994	871	913	1	-1	-1	-1
885	884	1010	1	-1	-1	-1
846	967	966	5	-1	-1	-1
885	1011	886	0	-1	-1	-1
848	965	969	5	-1	-1	-1
968	967	847	5	-1	-1	-1
889	1010	884	1	-1	-1	-1
906	1001	877	1	-1	-1	-1
969	968	847	5	-1	-1	-1
892	1009	883	1	-1	-1	-1
1013	894	886	0	-1	-1	-1
889	890	1014	1	-1	-1	-1
970	972	853	1	-1	-1	-1
984	863	949	1	-1	-1	-1
890	891	1015	1	-1	-1	-1
853	972	971	1	-1	-1	-1
877	1001	919	1	-1	-1	-1
974	970	854	1	-1	-1	-1
854	973	974	1	-1	-1	-1
973	855	975	1	-1	-1	-1
894	1018	893	0	-1	-1	-1
866	988	951	1	-1	-1	-1
1018	895	893	0	-1	-1	-1
971	978	858	1	-1	-1	-1
979	977	859	5	-1	-1	-1
859	978	979	5	-1	-1	-1
980	860	977	5	-1	-1	-1
909	1017	892	1	-1	-1	-1
982	976	861	5	-1	-1	-1
860	980	981	5	-1	-1	-1
901	900	1020	0	-1	-1	-1
900	902	1020	0	-1	-1	-1
975	864	985	1	-1	-1	-1
981	982	861	5	-1	-1	-1
1021	903	901	1	-1	-1	-1
983	862	984	1	-1	-1	-1
904	903	1023	1	-1	-1	-1
904	1023	905	1	-1	-1	-1
983	985	864	1	-1	-1	-1
1024	906	905	1	-1	-1	-1
986	865	987	1	-1	-1	-1
986	988	866	1	-1	-1	-1
908	907	1026	1	-1	-1	-1
1026	907	910	1	-1	-1	-1
908	1027	909	1	-1	-1	-1
989	867	990	1	-1	-1	-1
869	992	987	1	-1	-1	-1
989	991	868	1	-1	-1	-1
920	976	956	5	-1	-1	-1
992	869	991	1	-1	-1	-1
1031	913	912	1	-1	-1	-1
911	1030	916	1	-1	-1	-1
914	1031	912	1	-1	-1	-1
1030	911	917	1	-1	-1	-1
996	990	872	1	-1	-1	-1
993	871	995	1	-1	-1	-1
871	994	995	1	-1	-1	-1
915	1033	914	1	-1	-1	-1
998	874	993	1	-1	-1	-1
996	873	997	1	-1	-1	-1
916	1036	915	1	-1	-1	-1
997	875	999	1	-1	-1	-1
998	1000	875	1	-1	-1	-1
1000	999	875	1	-1	-1	-1
918	1039	917	1	-1	-1	-1
1040	918	919	1	-1	-1	-1
949	948	984	1	-1	-1	-1
1003	1002	879	1	-1	-1	-1
948	953	984	1	-1	-1	-1
879	1004	1003	1	-1	-1	-1
923	1042	921	1	-1	-1	-1
923	922	1044	1	-1	-1	-1
922	924	1043	1	-1	-1	-1
1006	1004	880	1	-1	-1	-1
1005	1006	880	1	-1	-1	-1
930	921	1042	1	-1	-1	-1
1008	1005	881	1	-1	-1	-1
1008	881	1007	1	-1	-1	-1
988	958	951	1	-1	-1	-1
882	1009	1007	1	-1	-1	-1
1047	925	926	1	-1	-1	-1
925	1047	927	1	-1	-1	-1
1048	926	930	1	-1	-1	-1
928	927	1051	1	-1	-1	-1
1012	885	1010	0	-1	-1	-1
1002	1015	891	1	-1	-1	-1
1012	1011	885	0	-1	-1	-1
929	928	1052	1	-1	-1	-1
886	1011	1013	0	-1	-1	-1
889	1014	1010	1	-1	-1	-1
932	929	1054	1	-1	-1	-1
1017	1009	892	1	-1	-1	-1
984	953	983	1	-1	-1	-1
1016	1014	890	1	-1	-1	-1
1057	931	932	1	-1	-1	-1
1016	890	1015	1	-1	-1	-1
931	1058	933	1	-1	-1	-1
1013	1019	894	0	-1	-1	-1
1061	935	933	1	-1	-1	-1
935	1062	934	1	-1	-1	-1
906	1024	1001	1	-1	-1	-1
1019	1018	894	0	-1	-1	-1
1062	936	934	1	-1	-1	-1
1046	924	966	1	-1	-1	-1
1065	938	936	1	-1	-1	-1
913	1032	994	1	-1	-1	-1
938	1067	937	1	-1	-1	-1
1021	901	1020	0	-1	-1	-1
1020	902	1022	0	-1	-1	-1
1067	941	937	1	-1	-1	-1
1023	903	1021	1	-1	-1	-1
940	1069	939	1	-1	-1	-1
1069	942	939	1	-1	-1	-1
941	1071	940	1	-1	-1	-1
1025	905	1023	1	-1	-1	-1
1017	909	1028	1	-1	-1	-1
905	1025	1024	1	-1	-1	-1
943	942	1073	1	-1	-1	-1
1001	1041	919	1	-1	-1	-1
1026	1027	908	1	-1	-1	-1
1027	1028	909	1	-1	-1	-1
1075	944	945	1	-1	-1	-1
1074	947	943	1	-1	-1	-1
910	1029	1026	1	-1	-1	-1
945	946	1076	1	-1	-1	-1
947	1077	946	1	-1	-1	-1
1032	913	1031	1	-1	-1	-1
1034	1031	914	1	-1	-1	-1
1033	1035	914	1	-1	-1	-1
1035	1034	914	1	-1	-1	-1
1030	1038	916	1	-1	-1	-1
1033	915	1036	1	-1	-1	-1
1079	952	954	5	-1	-1	-1
953	952	1080	5	-1	-1	-1
993	995	998	1	-1	-1	-1
917	1039	1030	1	-1	-1	-1
1037	1036	916	1	-1	-1	-1
955	1081	954	5	-1	-1	-1
1037	916	1038	1	-1	-1	-1
956	1082	955	5	-1	-1	-1
1040	1039	918	1	-1	-1	-1
957	958	1084	1	-1	-1	-1
1041	1040	919	1	-1	-1	-1
1084	962	957	1	-1	-1	-1
960	1085	959	5	-1	-1	-1
959	1085	964	5	-1	-1	-1
961	1088	960	5	-1	-1	-1
922	1043	1044	1	-1	-1	-1
1045	1042	923	1	-1	-1	-1
1044	1045	923	1	-1	-1	-1
924	1046	1043	1	-1	-1	-1
1090	961	962	5	-1	-1	-1
1082	956	976	5	-1	-1	-1
983	953	1080	1	-1	-1	-1
964	1092	963	5	-1	-1	-1
1047	926	1048	1	-1	-1	-1
965	963	1093	5	-1	-1	-1
1050	927	1047	1	-1	-1	-1
927	1050	1049	1	-1	-1	-1
1093	969	965	5	-1	-1	-1
1049	1051	927	1	-1	-1	-1
1042	1055	930	1	-1	-1	-1
966	967	1096	5	-1	-1	-1
988	1084	958	1	-1	-1	-1
968	1097	967	5	-1	-1	-1
1051	1053	928	1	-1	-1	-1
928	1053	1052	1	-1	-1	-1
930	1056	1048	1	-1	-1	-1
1098	968	969	5	-1	-1	-1
929	1052	1054	1	-1	-1	-1
1014	1012	1010	0	-1	-1	-1
982	1082	976	5	-1	-1	-1
930	1055	1056	1	-1	-1	-1
972	970	1100	1	-1	-1	-1
972	1101	971	1	-1	-1	-1
1100	970	974	1	-1	-1	-1
1054	1059	932	1	-1	-1	-1
1057	1058	931	1	-1	-1	-1
983	1080	985	1	-1	-1	-1
973	1102	974	1	-1	-1	-1
932	1060	1057	1	-1	-1	-1
1101	978	971	1	-1	-1	-1
1059	1060	932	1	-1	-1	-1
975	1103	973	1	-1	-1	-1
1061	933	1058	1	-1	-1	-1
935	1061	1063	1	-1	-1	-1
977	979	1105	5	-1	-1	-1
1064	1062	935	1	-1	-1	-1
977	1105	980	5	-1	-1	-1
1063	1064	935	1	-1	-1	-1
979	978	1106	5	-1	-1	-1
975	985	1103	1	-1	-1	-1
936	1062	1066	1	-1	-1	-1
936	1066	1065	1	-1	-1	-1
1023	1021	1025	1	-1	-1	-1
980	1109	981	5	-1	-1	-1
938	1065	1068	1	-1	-1	-1
938	1068	1067	1	-1	-1	-1
982	981	1110	5	-1	-1	-1
940	1070	1069	1	-1	-1	-1
1067	1072	941	1	-1	-1	-1
1071	1070	940	1	-1	-1	-1
1071	941	1072	1	-1	-1	-1
1069	1073	942	1	-1	-1	-1
986	1112	988	1	-1	-1	-1
986	987	1113	1	-1	-1	-1
943	1073	1074	1	-1	-1	-1
987	992	1114	1	-1	-1	-1
990	1116	989	1	-1	-1	-1
945	1076	1075	1	-1	-1	-1
991	989	1116	1	-1	-1	-1
1034	1032	1031	1	-1	-1	-1
1076	946	1077	1	-1	-1	-1
1078	947	1074	1	-1	-1	-1
1078	1077	947	1	-1	-1	-1
1119	992	991	1	-1	-1	-1
1117	990	996	1	-1	-1	-1
1038	1030	1039	1	-1	-1	-1
1096	1046	966	5	-1	-1	-1
1121	995	994	1	-1	-1	-1
1080	952	1079	5	-1	-1	-1
1079	954	1081	5	-1	-1	-1
995	1122	998	1	-1	-1	-1
1123	996	997	1	-1	-1	-1
1081	955	1083	5	-1	-1	-1
1083	955	1082	5	-1	-1	-1
999	1125	997	1	-1	-1	-1
1126	1000	998	1	-1	-1	-1
999	1000	1127	1	-1	-1	-1
960	1087	1085	5	-1	-1	-1
1087	960	1086	5	-1	-1	-1
960	1088	1086	5	-1	-1	-1
1003	1131	1002	1	-1	-1	-1
962	1084	1091	1	-1	-1	-1
1089	1088	961	5	-1	-1	-1
1089	961	1090	5	-1	-1	-1
1004	1133	1003	1	-1	-1	-1
1091	1090	962	1	-1	-1	-1
1085	1094	964	5	-1	-1	-1
1134	1004	1006	1	-1	-1	-1
1048	1050	1047	1	-1	-1	-1
1135	1006	1005	1	-1	-1	-1
1121	994	1032	1	-1	-1	-1
1082	982	1083	5	-1	-1	-1
1008	1135	1005	1	-1	-1	-1
963	1092	1093	5	-1	-1	-1
1132	1015	1002	1	-1	-1	-1
1092	964	1095	5	-1	-1	-1
1007	1137	1008	1	-1	-1	-1
1094	1095	964	5	-1	-1	-1
1009	1137	1007	1	-1	-1	-1
1130	1001	1024	1	-1	-1	-1
967	1097	1096	5	-1	-1	-1
969	1093	1098	5	-1	-1	-1
1139	1011	1012	0	-1	-1	-1
1017	1137	1009	1	-1	-1	-1
1139	1013	1011	0	-1	-1	-1
1015	1132	1016	1	-1	-1	-1
1097	968	1099	5	-1	-1	-1
968	1098	1099	5	-1	-1	-1
1141	1012	1014	0	-1	-1	-1
1141	1014	1016	0	-1	-1	-1
1139	1019	1013	0	-1	-1	-1
1130	1041	1001	1	-1	-1	-1
1100	1101	972	1	-1	-1	-1
1083	982	1110	5	-1	-1	-1
985	1080	1111	1	-1	-1	-1
974	1104	1100	1	-1	-1	-1
1103	1102	973	1	-1	-1	-1
1102	1104	974	1	-1	-1	-1
978	1101	1106	5	-1	-1	-1
1021	1020	1144	0	-1	-1	-1
1144	1020	1022	0	-1	-1	-1
1084	988	1115	1	-1	-1	-1
1143	1017	1028	1	-1	-1	-1
1105	979	1107	5	-1	-1	-1
1021	1145	1025	1	-1	-1	-1
1064	1066	1062	1	-1	-1	-1
1106	1107	979	5	-1	-1	-1
1108	980	1105	5	-1	-1	-1
1148	1024	1025	1	-1	-1	-1
1109	980	1108	5	-1	-1	-1
1111	1103	985	1	-1	-1	-1
1109	1110	981	5	-1	-1	-1
1027	1026	1151	1	-1	-1	-1
1150	1026	1029	1	-1	-1	-1
1028	1027	1152	1	-1	-1	-1
1113	1112	986	1	-1	-1	-1
1114	1113	987	1	-1	-1	-1
1115	988	1112	1	-1	-1	-1
1034	1156	1032	1	-1	-1	-1
1116	990	1118	1	-1	-1	-1
1157	1035	1033	1	-1	-1	-1
1117	1118	990	1	-1	-1	-1
1036	1157	1033	1	-1	-1	-1
1119	991	1116	1	-1	-1	-1
1114	992	1120	1	-1	-1	-1
1158	1034	1035	1	-1	-1	-1
1119	1120	992	1	-1	-1	-1
1161	1036	1037	1	-1	-1	-1
1123	1117	996	1	-1	-1	-1
1162	1037	1038	1	-1	-1	-1
1122	995	1121	1	-1	-1	-1
1039	1163	1038	1	-1	-1	-1
1039	1040	1163	1	-1	-1	-1
1124	1123	997	1	-1	-1	-1
998	1122	1126	1	-1	-1	-1
997	1125	1124	1	-1	-1	-1
1040	1041	1166	1	-1	-1	-1
999	1128	1125	1	-1	-1	-1
999	1127	1128	1	-1	-1	-1
1042	1045	1168	1	-1	-1	-1
1000	1126	1129	1	-1	-1	-1
1044	1043	1169	1	-1	-1	-1
1127	1000	1129	1	-1	-1	-1
1046	1169	1043	1	-1	-1	-1
1044	1170	1045	1	-1	-1	-1
1131	1132	1002	1	-1	-1	-1
1168	1055	1042	1	-1	-1	-1
1133	1131	1003	1	-1	-1	-1
1173	1050	1048	1	-1	-1	-1
1133	1004	1134	1	-1	-1	-1
1174	1051	1049	1	-1	-1	-1
1175	1049	1050	1	-1	-1	-1
1056	1172	1048	1	-1	-1	-1
1136	1134	1006	1	-1	-1	-1
1006	1135	1136	1	-1	-1	-1
1135	1008	1138	1	-1	-1	-1
1053	1051	1177	1	-1	-1	-1
1008	1137	1138	1	-1	-1	-1
1178	1052	1053	1	-1	-1	-1
1054	1052	1178	1	-1	-1	-1
1091	1084	1115	1	-1	-1	-1
1142	1016	1132	0	-1	-1	-1
1139	1012	1140	0	-1	-1	-1
1181	1056	1055	1	-1	-1	-1
1012	1141	1140	0	-1	-1	-1
1054	1180	1059	1	-1	-1	-1
1137	1017	1143	1	-1	-1	-1
1016	1142	1141	0	-1	-1	-1
1184	1058	1057	1	-1	-1	-1
1184	1057	1060	1	-1	-1	-1
1148	1130	1024	1	-1	-1	-1
1061	1058	1185	1	-1	-1	-1
1060	1059	1186	1	-1	-1	-1
1106	1101	1100	1	-1	-1	-1
1156	1121	1032	1	-1	-1	-1
1100	1104	1106	1	-1	-1	-1
1021	1144	1146	0	-1	-1	-1
1146	1145	1021	0	-1	-1	-1
1022	1147	1144	0	-1	-1	-1
1096	1171	1046	5	-1	-1	-1
1061	1189	1063	1	-1	-1	-1
1102	1107	1104	1	-1	-1	-1
1107	1106	1104	1	-1	-1	-1
1063	1191	1064	1	-1	-1	-1
1145	1149	1025	1	-1	-1	-1
1192	1066	1064	1	-1	-1	-1
1149	1148	1025	1	-1	-1	-1
1193	1065	1066	1	-1	-1	-1
1028	1153	1143	1	-1	-1	-1
1068	1065	1193	1	-1	-1	-1
1150	1151	1026	1	-1	-1	-1
1151	1152	1027	1	-1	-1	-1
1068	1196	1067	1	-1	-1	-1
1154	1028	1152	1	-1	-1	-1
1155	1150	1029	1	-1	-1	-1
1067	1196	1072	1	-1	-1	-1
1028	1154	1153	1	-1	-1	-1
1167	1041	1130	1	-1	-1	-1
1198	1069	1070	1	-1	-1	-1
1073	1069	1198	1	-1	-1	-1
1199	1070	1071	1	-1	-1	-1
1072	1201	1071	1	-1	-1	-1
1074	1073	1198	1	-1	-1	-1
1159	1035	1157	1	-1	-1	-1
1156	1034	1158	1	-1	-1	-1
1035	1160	1158	1	-1	-1	-1
1035	1159	1160	1	-1	-1	-1
1161	1157	1036	1	-1	-1	-1
1078	1074	1202	1	-1	-1	-1
1204	1075	1076	1	-1	-1	-1
1077	1205	1076	1	-1	-1	-1
1161	1037	1162	1	-1	-1	-1
1077	1078	1206	1	-1	-1	-1
1163	1162	1038	1	-1	-1	-1
1164	1163	1040	1	-1	-1	-1
1080	1079	1209	5	-1	-1	-1
1079	1081	1208	5	-1	-1	-1
1040	1165	1164	1	-1	-1	-1
1165	1040	1166	1	-1	-1	-1
1208	1081	1083	5	-1	-1	-1
1166	1041	1167	1	-1	-1	-1
1085	1087	1210	5	-1	-1	-1
1168	1045	1170	1	-1	-1	-1
1044	1169	1170	1	-1	-1	-1
1211	1087	1086	5	-1	-1	-1
1169	1046	1171	5	-1	-1	-1
1213	1086	1088	5	-1	-1	-1
1085	1210	1094	5	-1	-1	-1
1089	1215	1088	5	-1	-1	-1
1172	1173	1048	1	-1	-1	-1
1089	1090	1217	5	-1	-1	-1
1175	1050	1173	1	-1	-1	-1
1049	1175	1174	1	-1	-1	-1
1090	1091	1219	1	-1	-1	-1
1209	1111	1080	5	-1	-1	-1
1174	1176	1051	1	-1	-1	-1
1083	1110	1208	5	-1	-1	-1
1176	1177	1051	1	-1	-1	-1
1181	1055	1168	1	-1	-1	-1
1092	1221	1093	5	-1	-1	-1
1221	1092	1095	5	-1	-1	-1
1179	1053	1177	1	-1	-1	-1
1178	1053	1179	1	-1	-1	-1
1056	1182	1172	1	-1	-1	-1
1094	1222	1095	5	-1	-1	-1
1093	1221	1098	5	-1	-1	-1
1180	1054	1178	1	-1	-1	-1
1224	1096	1097	5	-1	-1	-1
1137	1143	1138	1	-1	-1	-1
1221	1099	1098	5	-1	-1	-1
1181	1183	1056	1	-1	-1	-1
1225	1097	1099	5	-1	-1	-1
1182	1056	1183	1	-1	-1	-1
1059	1180	1186	1	-1	-1	-1
1220	1091	1115	1	-1	-1	-1
1109	1108	1209	5	-1	-1	-1
1058	1184	1185	1	-1	-1	-1
1110	1109	1208	5	-1	-1	-1
1108	1111	1209	5	-1	-1	-1
1102	1103	1226	1	-1	-1	-1
1060	1188	1184	1	-1	-1	-1
1060	1186	1187	1	-1	-1	-1
1226	1107	1102	1	-1	-1	-1
1189	1061	1185	1	-1	-1	-1
1188	1060	1187	1	-1	-1	-1
1105	1107	1226	5	-1	-1	-1
1226	1108	1105	5	-1	-1	-1
1111	1226	1103	1	-1	-1	-1
1190	1063	1189	1	-1	-1	-1
1191	1063	1190	1	-1	-1	-1
1111	1108	1226	5	-1	-1	-1
1064	1191	1192	1	-1	-1	-1
1192	1194	1066	1	-1	-1	-1
1228	1112	1113	1	-1	-1	-1
1066	1195	1193	1	-1	-1	-1
1112	1227	1115	1	-1	-1	-1
1195	1066	1194	1	-1	-1	-1
1113	1114	1229	1	-1	-1	-1
1197	1068	1193	1	-1	-1	-1
1197	1196	1068	1	-1	-1	-1
1230	1114	1120	1	-1	-1	-1
1231	1116	1118	1	-1	-1	-1
1119	1116	1231	1	-1	-1	-1
1199	1198	1070	1	-1	-1	-1
1118	1117	1232	1	-1	-1	-1
1196	1201	1072	1	-1	-1	-1
1199	1071	1200	1	-1	-1	-1
1201	1200	1071	1	-1	-1	-1
1123	1233	1117	1	-1	-1	-1
1119	1235	1120	1	-1	-1	-1
1074	1198	1203	1	-1	-1	-1
1203	1202	1074	1	-1	-1	-1
1238	1122	1121	1	-1	-1	-1
1204	1076	1205	1	-1	-1	-1
1126	1122	1238	1	-1	-1	-1
1207	1078	1202	1	-1	-1	-1
1241	1123	1124	1	-1	-1	-1
1206	1205	1077	1	-1	-1	-1
1162	1163	1164	1	-1	-1	-1
1224	1171	1096	5	-1	-1	-1
1242	1124	1125	1	-1	-1	-1
1206	1078	1207	1	-1	-1	-1
1125	1128	1243	1	-1	-1	-1
1208	1209	1079	5	-1	-1	-1
1126	1245	1129	1	-1	-1	-1
1129	1246	1127	1	-1	-1	-1
1127	1247	1128	1	-1	-1	-1
1211	1086	1212	5	-1	-1	-1
1213	1212	1086	5	-1	-1	-1
1087	1214	1210	5	-1	-1	-1
1214	1087	1211	5	-1	-1	-1
1132	1131	1252	0	-1	-1	-1
1131	1133	1253	0	-1	-1	-1
1121	1156	1240	1	-1	-1	-1
1216	1213	1088	5	-1	-1	-1
1088	1215	1216	5	-1	-1	-1
1134	1254	1133	0	-1	-1	-1
1089	1218	1215	5	-1	-1	-1
1218	1089	1217	5	-1	-1	-1
1142	1132	1252	0	-1	-1	-1
1134	1136	1256	0	-1	-1	-1
1090	1219	1217	1	-1	-1	-1
1094	1210	1222	5	-1	-1	-1
1208	1109	1209	5	-1	-1	-1
1130	1148	1250	1	-1	-1	-1
1135	1257	1136	1	-1	-1	-1
1219	1091	1220	1	-1	-1	-1
1135	1138	1259	1	-1	-1	-1
1095	1223	1221	5	-1	-1	-1
1138	1143	1259	1	-1	-1	-1
1222	1223	1095	5	-1	-1	-1
1261	1140	1141	0	-1	-1	-1
1099	1221	1223	5	-1	-1	-1
1261	1141	1142	0	-1	-1	-1
1097	1225	1224	5	-1	-1	-1
1223	1225	1099	5	-1	-1	-1
1251	1167	1130	1	-1	-1	-1
1263	1146	1144	0	-1	-1	-1
1144	1147	1263	0	-1	-1	-1
1259	1143	1153	1	-1	-1	-1
1146	1264	1145	0	-1	-1	-1
1265	1149	1145	1	-1	-1	-1
1115	1227	1220	1	-1	-1	-1
1149	1269	1148	1	-1	-1	-1
1228	1227	1112	1	-1	-1	-1
1228	1113	1229	1	-1	-1	-1
1272	1151	1150	1	-1	-1	-1
1229	1114	1230	1	-1	-1	-1
1152	1151	1273	1	-1	-1	-1
1150	1155	1272	1	-1	-1	-1
1171	1224	1183	5	-1	-1	-1
1152	1273	1154	1	-1	-1	-1
1117	1233	1232	1	-1	-1	-1
1118	1234	1231	1	-1	-1	-1
1276	1153	1154	1	-1	-1	-1
1232	1234	1118	1	-1	-1	-1
1119	1231	1236	1	-1	-1	-1
1120	1237	1230	1	-1	-1	-1
1182	1183	1224	5	-1	-1	-1
1235	1119	1236	1	-1	-1	-1
1120	1235	1237	1	-1	-1	-1
1158	1281	1156	1	-1	-1	-1
1233	1123	1241	1	-1	-1	-1
1157	1282	1159	1	-1	-1	-1
1238	1121	1239	1	-1	-1	-1
1199	1203	1198	1	-1	-1	-1
1239	1121	1240	1	-1	-1	-1
1161	1282	1157	1	-1	-1	-1
1283	1158	1160	1	-1	-1	-1
1230	1187	1186	1	-1	-1	-1
1160	1159	1285	1	-1	-1	-1
1242	1241	1124	1	-1	-1	-1
1126	1238	1244	1	-1	-1	-1
1243	1242	1125	1	-1	-1	-1
1162	1287	1161	1	-1	-1	-1
1164	1288	1162	1	-1	-1	-1
1244	1245	1126	1	-1	-1	-1
1165	1288	1164	1	-1	-1	-1
1243	1128	1248	1	-1	-1	-1
1247	1127	1246	1	-1	-1	-1
1291	1165	1166	1	-1	-1	-1
1128	1247	1248	1	-1	-1	-1
1246	1129	1249	1	-1	-1	-1
1249	1129	1245	1	-1	-1	-1
1166	1167	1293	1	-1	-1	-1
1182	1224	1225	5	-1	-1	-1
1251	1130	1250	1	-1	-1	-1
1168	1170	1295	1	-1	-1	-1
1170	1169	1295	5	-1	-1	-1
1171	1295	1169	5	-1	-1	-1
1253	1252	1131	0	-1	-1	-1
1253	1133	1254	0	-1	-1	-1
1296	1173	1172	1	-1	-1	-1
1254	1134	1255	0	-1	-1	-1
1295	1181	1168	1	-1	-1	-1
1230	1186	1229	1	-1	-1	-1
1173	1297	1175	1	-1	-1	-1
1134	1256	1255	0	-1	-1	-1
1299	1174	1175	1	-1	-1	-1
1183	1295	1171	5	-1	-1	-1
1174	1299	1176	1	-1	-1	-1
1182	1296	1172	1	-1	-1	-1
1135	1258	1257	1	-1	-1	-1
1256	1136	1260	0	-1	-1	-1
1259	1258	1135	1	-1	-1	-1
1176	1300	1177	1	-1	-1	-1
1257	1260	1136	0	-1	-1	-1
1262	1142	1252	0	-1	-1	-1
1177	1301	1179	1	-1	-1	-1
1295	1183	1181	1	-1	-1	-1
1303	1178	1179	1	-1	-1	-1
1180	1178	1303	1	-1	-1	-1
1262	1261	1142	0	-1	-1	-1
1269	1250	1148	1	-1	-1	-1
1306	1186	1180	1	-1	-1	-1
1145	1264	1265	0	-1	-1	-1
1185	1184	1307	1	-1	-1	-1
1263	1267	1146	0	-1	-1	-1
1146	1266	1264	0	-1	-1	-1
1156	1281	1240	1	-1	-1	-1
1268	1263	1147	0	-1	-1	-1
1267	1266	1146	0	-1	-1	-1
1188	1308	1184	1	-1	-1	-1
1185	1309	1189	1	-1	-1	-1
1265	1270	1149	1	-1	-1	-1
1188	1187	1310	1	-1	-1	-1
1153	1277	1259	1	-1	-1	-1
1271	1269	1149	1	-1	-1	-1
1311	1190	1189	1	-1	-1	-1
1270	1271	1149	1	-1	-1	-1
1191	1190	1313	1	-1	-1	-1
1192	1191	1314	1	-1	-1	-1
1274	1151	1272	1	-1	-1	-1
1275	1273	1151	1	-1	-1	-1
1274	1275	1151	1	-1	-1	-1
1192	1315	1194	1	-1	-1	-1
1234	1236	1231	1	-1	-1	-1
1296	1182	1225	5	-1	-1	-1
1195	1316	1193	1	-1	-1	-1
1278	1154	1273	1	-1	-1	-1
1277	1153	1276	1	-1	-1	-1
1197	1193	1316	1	-1	-1	-1
1194	1317	1195	1	-1	-1	-1
1280	1272	1155	1	-1	-1	-1
1276	1154	1278	1	-1	-1	-1
1251	1294	1167	1	-1	-1	-1
1320	1196	1197	1	-1	-1	-1
1280	1155	1279	0	-1	-1	-1
1320	1201	1196	1	-1	-1	-1
1186	1306	1229	1	-1	-1	-1
1322	1199	1200	1	-1	-1	-1
1283	1281	1158	1	-1	-1	-1
1322	1203	1199	1	-1	-1	-1
1323	1200	1201	1	-1	-1	-1
1302	1211	1212	1	-1	-1	-1
1214	1211	1300	1	-1	-1	-1
1284	1159	1282	1	-1	-1	-1
1187	1230	1310	1	-1	-1	-1
1159	1284	1285	1	-1	-1	-1
1160	1286	1283	1	-1	-1	-1
1202	1203	1324	1	-1	-1	-1
1161	1287	1282	1	-1	-1	-1
1160	1285	1286	1	-1	-1	-1
1207	1202	1324	1	-1	-1	-1
1325	1204	1205	1	-1	-1	-1
1326	1205	1206	1	-1	-1	-1
1287	1162	1289	1	-1	-1	-1
1288	1289	1162	1	-1	-1	-1
1206	1207	1327	1	-1	-1	-1
1223	1222	1298	5	-1	-1	-1
1290	1288	1165	1	-1	-1	-1
1223	1296	1225	5	-1	-1	-1
1165	1291	1290	1	-1	-1	-1
1291	1166	1292	1	-1	-1	-1
1166	1293	1292	1	-1	-1	-1
1294	1293	1167	1	-1	-1	-1
1214	1330	1210	5	-1	-1	-1
1213	1332	1212	5	-1	-1	-1
1213	1216	1333	5	-1	-1	-1
1210	1330	1222	5	-1	-1	-1
1306	1228	1229	1	-1	-1	-1
1215	1334	1216	5	-1	-1	-1
1173	1296	1298	1	-1	-1	-1
1252	1253	1262	0	-1	-1	-1
1215	1218	1334	5	-1	-1	-1
1298	1297	1173	1	-1	-1	-1
1217	1335	1218	5	-1	-1	-1
1299	1175	1297	1	-1	-1	-1
1217	1219	1336	1	-1	-1	-1
1300	1176	1299	1	-1	-1	-1
1237	1310	1230	1	-1	-1	-1
1220	1338	1219	1	-1	-1	-1
1300	1302	1177	1	-1	-1	-1
1177	1302	1301	1	-1	-1	-1
1301	1304	1179	1	-1	-1	-1
1179	1304	1303	1	-1	-1	-1
1227	1339	1220	1	-1	-1	-1
1303	1305	1180	1	-1	-1	-1
1306	1180	1305	1	-1	-1	-1
1277	1258	1259	1	-1	-1	-1
1340	1227	1228	1	-1	-1	-1
1184	1308	1307	1	-1	-1	-1
1307	1309	1185	1	-1	-1	-1
1308	1188	1310	1	-1	-1	-1
1341	1232	1233	1	-1	-1	-1
1341	1234	1232	1	-1	-1	-1
1309	1312	1189	1	-1	-1	-1
1312	1311	1189	1	-1	-1	-1
1299	1214	1300	1	-1	-1	-1
1211	1302	1300	1	-1	-1	-1
1311	1313	1190	1	-1	-1	-1
1236	1234	1344	1	-1	-1	-1
1241	1342	1233	1	-1	-1	-1
1235	1236	1346	1	-1	-1	-1
1235	1345	1237	1	-1	-1	-1
1223	1298	1296	5	-1	-1	-1
1314	1191	1313	1	-1	-1	-1
1314	1315	1192	1	-1	-1	-1
1280	1274	1272	1	-1	-1	-1
1317	1194	1315	1	-1	-1	-1
1238	1239	1349	1	-1	-1	-1
1273	1275	1278	1	-1	-1	-1
1239	1240	1350	1	-1	-1	-1
1195	1319	1316	1	-1	-1	-1
1318	1195	1317	1	-1	-1	-1
1244	1238	1349	1	-1	-1	-1
1195	1318	1319	1	-1	-1	-1
1321	1197	1316	1	-1	-1	-1
1354	1241	1242	1	-1	-1	-1
1321	1320	1197	1	-1	-1	-1
1242	1243	1357	1	-1	-1	-1
1330	1214	1299	1	-1	-1	-1
1323	1201	1320	1	-1	-1	-1
1322	1200	1323	1	-1	-1	-1
1331	1302	1212	1	-1	-1	-1
1244	1359	1245	1	-1	-1	-1
1243	1248	1358	1	-1	-1	-1
1322	1324	1203	1	-1	-1	-1
1330	1298	1222	5	-1	-1	-1
1245	1362	1249	1	-1	-1	-1
1325	1205	1326	1	-1	-1	-1
1363	1247	1246	1	-1	-1	-1
1246	1249	1364	1	-1	-1	-1
1206	1327	1326	1	-1	-1	-1
1328	1207	1324	1	-1	-1	-1
1365	1248	1247	1	-1	-1	-1
1327	1207	1329	1	-1	-1	-1
1207	1328	1329	1	-1	-1	-1
1368	1251	1250	1	-1	-1	-1
1352	1240	1281	1	-1	-1	-1
1340	1228	1306	1	-1	-1	-1
1332	1331	1212	1	-1	-1	-1
1371	1253	1254	0	-1	-1	-1
1213	1333	1332	5	-1	-1	-1
1372	1254	1255	0	-1	-1	-1
1333	1216	1334	5	-1	-1	-1
1255	1256	1373	0	-1	-1	-1
1371	1262	1253	0	-1	-1	-1
1335	1217	1336	1	-1	-1	-1
1369	1250	1269	1	-1	-1	-1
1334	1218	1337	5	-1	-1	-1
1335	1337	1218	5	-1	-1	-1
1256	1260	1374	0	-1	-1	-1
1257	1258	1376	1	-1	-1	-1
1257	1375	1260	0	-1	-1	-1
1219	1338	1336	1	-1	-1	-1
1310	1237	1347	1	-1	-1	-1
1262	1371	1261	0	-1	-1	-1
1339	1338	1220	1	-1	-1	-1
1340	1339	1227	1	-1	-1	-1
1378	1267	1263	0	-1	-1	-1
1379	1265	1264	0	-1	-1	-1
1378	1263	1268	0	-1	-1	-1
1266	1380	1264	0	-1	-1	-1
1277	1377	1258	1	-1	-1	-1
1267	1382	1266	0	-1	-1	-1
1370	1294	1251	1	-1	-1	-1
1265	1381	1270	1	-1	-1	-1
1283	1352	1281	1	-1	-1	-1
1341	1233	1342	1	-1	-1	-1
1341	1343	1234	1	-1	-1	-1
1234	1343	1344	1	-1	-1	-1
1297	1298	1330	1	-1	-1	-1
1345	1235	1346	1	-1	-1	-1
1299	1297	1330	1	-1	-1	-1
1271	1386	1269	1	-1	-1	-1
1346	1236	1344	1	-1	-1	-1
1348	1237	1345	1	-1	-1	-1
1271	1270	1388	1	-1	-1	-1
1237	1348	1347	1	-1	-1	-1
1302	1331	1301	1	-1	-1	-1
1355	1342	1241	1	-1	-1	-1
1274	1390	1275	1	-1	-1	-1
1351	1349	1239	1	-1	-1	-1
1239	1350	1351	1	-1	-1	-1
1350	1240	1352	1	-1	-1	-1
1280	1390	1274	1	-1	-1	-1
1392	1278	1275	1	-1	-1	-1
1277	1276	1393	1	-1	-1	-1
1393	1276	1278	1	-1	-1	-1
1354	1353	1241	1	-1	-1	-1
1353	1355	1241	1	-1	-1	-1
1279	1390	1280	0	-1	-1	-1
1340	1306	1305	1	-1	-1	-1
1242	1356	1354	1	-1	-1	-1
1244	1349	1360	1	-1	-1	-1
1242	1357	1356	1	-1	-1	-1
1316	1319	1321	1	-1	-1	-1
1357	1243	1358	1	-1	-1	-1
1397	1284	1282	1	-1	-1	-1
1360	1359	1244	1	-1	-1	-1
1282	1287	1396	1	-1	-1	-1
1361	1245	1359	1	-1	-1	-1
1397	1285	1284	1	-1	-1	-1
1286	1399	1283	1	-1	-1	-1
1361	1362	1245	1	-1	-1	-1
1400	1286	1285	1	-1	-1	-1
1367	1358	1248	1	-1	-1	-1
1364	1363	1246	1	-1	-1	-1
1362	1364	1249	1	-1	-1	-1
1366	1247	1363	1	-1	-1	-1
1247	1366	1365	1	-1	-1	-1
1403	1287	1289	1	-1	-1	-1
1248	1365	1367	1	-1	-1	-1
1289	1288	1404	1	-1	-1	-1
1290	1404	1288	1	-1	-1	-1
1369	1368	1250	1	-1	-1	-1
1291	1406	1290	0	-1	-1	-1
1251	1368	1370	1	-1	-1	-1
1292	1407	1291	0	-1	-1	-1
1292	1293	1408	0	-1	-1	-1
1294	1409	1293	0	-1	-1	-1
1371	1254	1372	0	-1	-1	-1
1255	1373	1372	0	-1	-1	-1
1374	1373	1256	0	-1	-1	-1
1376	1375	1257	0	-1	-1	-1
1375	1374	1260	0	-1	-1	-1
1376	1258	1377	1	-1	-1	-1
1301	1412	1304	1	-1	-1	-1
1413	1305	1303	1	-1	-1	-1
1414	1303	1304	1	-1	-1	-1
1264	1380	1379	0	-1	-1	-1
1269	1386	1369	1	-1	-1	-1
1381	1265	1379	0	-1	-1	-1
1267	1378	1383	0	-1	-1	-1
1382	1380	1266	0	-1	-1	-1
1385	1378	1268	0	-1	-1	-1
1267	1384	1382	0	-1	-1	-1
1418	1307	1308	1	-1	-1	-1
1398	1352	1283	1	-1	-1	-1
1307	1417	1309	1	-1	-1	-1
1384	1267	1383	0	-1	-1	-1
1308	1310	1419	1	-1	-1	-1
1312	1309	1417	1	-1	-1	-1
1381	1387	1270	1	-1	-1	-1
1301	1331	1412	1	-1	-1	-1
1311	1421	1313	1	-1	-1	-1
1387	1388	1270	1	-1	-1	-1
1312	1422	1311	1	-1	-1	-1
1389	1386	1271	1	-1	-1	-1
1377	1277	1393	1	-1	-1	-1
1271	1388	1389	1	-1	-1	-1
1313	1425	1314	1	-1	-1	-1
1315	1314	1426	1	-1	-1	-1
1275	1390	1391	1	-1	-1	-1
1426	1317	1315	1	-1	-1	-1
1275	1391	1392	1	-1	-1	-1
1351	1360	1349	1	-1	-1	-1
1305	1416	1340	1	-1	-1	-1
1317	1428	1318	1	-1	-1	-1
1278	1392	1394	1	-1	-1	-1
1390	1279	1395	0	-1	-1	-1
1393	1278	1394	1	-1	-1	-1
1318	1430	1319	1	-1	-1	-1
1321	1319	1431	1	-1	-1	-1
1432	1320	1321	1	-1	-1	-1
1323	1320	1432	1	-1	-1	-1
1412	1331	1332	1	-1	-1	-1
1396	1397	1282	1	-1	-1	-1
1294	1370	1411	0	-1	-1	-1
1419	1310	1347	1	-1	-1	-1
1323	1433	1322	1	-1	-1	-1
1322	1433	1324	1	-1	-1	-1
1399	1398	1283	1	-1	-1	-1
1402	1285	1397	1	-1	-1	-1
1400	1399	1286	1	-1	-1	-1
1403	1396	1287	1	-1	-1	-1
1400	1285	1401	1	-1	-1	-1
1328	1324	1435	1	-1	-1	-1
1325	1326	1436	1	-1	-1	-1
1401	1285	1402	1	-1	-1	-1
1326	1327	1439	1	-1	-1	-1
1327	1329	1439	1	-1	-1	-1
1340	1416	1339	1	-1	-1	-1
1329	1328	1440	1	-1	-1	-1
1403	1289	1405	1	-1	-1	-1
1405	1289	1404	1	-1	-1	-1
1290	1406	1404	0	-1	-1	-1
1406	1291	1407	0	-1	-1	-1
1407	1292	1408	0	-1	-1	-1
1333	1443	1332	5	-1	-1	-1
1409	1408	1293	0	-1	-1	-1
1333	1334	1444	5	-1	-1	-1
1294	1410	1409	0	-1	-1	-1
1334	1337	1444	5	-1	-1	-1
1410	1294	1411	0	-1	-1	-1
1446	1335	1336	1	-1	-1	-1
1445	1337	1335	5	-1	-1	-1
1338	1447	1336	1	-1	-1	-1
1339	1447	1338	1	-1	-1	-1
1414	1413	1303	1	-1	-1	-1
1412	1415	1304	1	-1	-1	-1
1341	1342	1450	1	-1	-1	-1
1414	1304	1415	1	-1	-1	-1
1343	1341	1450	1	-1	-1	-1
1305	1413	1416	1	-1	-1	-1
1343	1452	1344	1	-1	-1	-1
1417	1307	1418	1	-1	-1	-1
1344	1453	1346	1	-1	-1	-1
1455	1345	1346	1	-1	-1	-1
1308	1420	1418	1	-1	-1	-1
1450	1342	1355	1	-1	-1	-1
1308	1419	1420	1	-1	-1	-1
1455	1348	1345	1	-1	-1	-1
1347	1348	1456	1	-1	-1	-1
1424	1312	1417	1	-1	-1	-1
1311	1422	1421	1	-1	-1	-1
1423	1422	1312	1	-1	-1	-1
1457	1351	1350	1	-1	-1	-1
1421	1425	1313	1	-1	-1	-1
1424	1423	1312	1	-1	-1	-1
1352	1458	1350	1	-1	-1	-1
1394	1377	1393	1	-1	-1	-1
1314	1425	1426	1	-1	-1	-1
1461	1355	1353	1	-1	-1	-1
1354	1462	1353	1	-1	-1	-1
1426	1427	1317	1	-1	-1	-1
1459	1360	1351	1	-1	-1	-1
1428	1317	1427	1	-1	-1	-1
1356	1464	1354	1	-1	-1	-1
1428	1429	1318	1	-1	-1	-1
1395	1391	1390	0	-1	-1	-1
1318	1429	1430	1	-1	-1	-1
1431	1319	1430	1	-1	-1	-1
1467	1356	1357	1	-1	-1	-1
1468	1357	1358	1	-1	-1	-1
1432	1321	1431	1	-1	-1	-1
1412	1332	1443	1	-1	-1	-1
1432	1434	1323	1	-1	-1	-1
1433	1323	1434	1	-1	-1	-1
1359	1360	1471	1	-1	-1	-1
1470	1361	1359	1	-1	-1	-1
1433	1435	1324	1	-1	-1	-1
1469	1358	1367	1	-1	-1	-1
1473	1362	1361	1	-1	-1	-1
1436	1326	1437	1	-1	-1	-1
1326	1438	1437	1	-1	-1	-1
1362	1475	1364	1	-1	-1	-1
1438	1326	1439	1	-1	-1	-1
1435	1441	1328	1	-1	-1	-1
1449	1339	1416	1	-1	-1	-1
1363	1364	1477	1	-1	-1	-1
1366	1363	1476	1	-1	-1	-1
1458	1352	1398	1	-1	-1	-1
1441	1440	1328	1	-1	-1	-1
1366	1478	1365	1	-1	-1	-1
1367	1365	1478	1	-1	-1	-1
1329	1442	1439	1	-1	-1	-1
1440	1442	1329	1	-1	-1	-1
1481	1368	1369	1	-1	-1	-1
1481	1370	1368	1	-1	-1	-1
1444	1443	1333	5	-1	-1	-1
1419	1347	1456	1	-1	-1	-1
1335	1446	1445	1	-1	-1	-1
1444	1337	1448	5	-1	-1	-1
1446	1336	1447	1	-1	-1	-1
1448	1337	1445	5	-1	-1	-1
1375	1484	1374	0	-1	-1	-1
1447	1339	1449	1	-1	-1	-1
1375	1376	1484	0	-1	-1	-1
1369	1386	1482	1	-1	-1	-1
1485	1376	1377	0	-1	-1	-1
1450	1451	1343	1	-1	-1	-1
1343	1451	1452	1	-1	-1	-1
1378	1487	1383	0	-1	-1	-1
1488	1381	1379	0	-1	-1	-1
1489	1379	1380	0	-1	-1	-1
1344	1452	1454	1	-1	-1	-1
1378	1385	1487	0	-1	-1	-1
1454	1453	1344	1	-1	-1	-1
1382	1491	1380	0	-1	-1	-1
1346	1453	1455	1	-1	-1	-1
1486	1377	1394	0	-1	-1	-1
1424	1417	1418	1	-1	-1	-1
1384	1493	1382	0	-1	-1	-1
1456	1348	1455	1	-1	-1	-1
1387	1381	1492	1	-1	-1	-1
1494	1384	1383	0	-1	-1	-1
1370	1483	1411	0	-1	-1	-1
1458	1457	1350	1	-1	-1	-1
1460	1351	1457	1	-1	-1	-1
1460	1459	1351	1	-1	-1	-1
1415	1412	1443	1	-1	-1	-1
1355	1465	1450	1	-1	-1	-1
1499	1386	1389	1	-1	-1	-1
1387	1500	1388	1	-1	-1	-1
1461	1353	1463	1	-1	-1	-1
1388	1501	1389	1	-1	-1	-1
1353	1462	1463	1	-1	-1	-1
1464	1462	1354	1	-1	-1	-1
1466	1355	1461	1	-1	-1	-1
1355	1466	1465	1	-1	-1	-1
1503	1392	1391	0	-1	-1	-1
1467	1464	1356	1	-1	-1	-1
1391	1395	1503	0	-1	-1	-1
1504	1394	1392	0	-1	-1	-1
1471	1360	1459	1	-1	-1	-1
1357	1468	1467	1	-1	-1	-1
1358	1469	1468	1	-1	-1	-1
1456	1420	1419	1	-1	-1	-1
1397	1396	1505	1	-1	-1	-1
1471	1470	1359	1	-1	-1	-1
1361	1470	1472	1	-1	-1	-1
1505	1396	1403	1	-1	-1	-1
1397	1506	1402	1	-1	-1	-1
1398	1399	1509	1	-1	-1	-1
1472	1473	1361	1	-1	-1	-1
1474	1362	1473	1	-1	-1	-1
1511	1399	1400	1	-1	-1	-1
1362	1474	1475	1	-1	-1	-1
1512	1400	1401	1	-1	-1	-1
1469	1367	1480	1	-1	-1	-1
1477	1476	1363	1	-1	-1	-1
1402	1513	1401	1	-1	-1	-1
1475	1477	1364	1	-1	-1	-1
1366	1476	1479	1	-1	-1	-1
1479	1478	1366	1	-1	-1	-1
1480	1367	1478	1	-1	-1	-1
1403	1405	1519	0	-1	-1	-1
1404	1520	1405	0	-1	-1	-1
1404	1406	1520	0	-1	-1	-1
1482	1481	1369	1	-1	-1	-1
1370	1481	1483	0	-1	-1	-1
1407	1522	1406	0	-1	-1	-1
1407	1408	1524	0	-1	-1	-1
1525	1408	1409	0	-1	-1	-1
1410	1525	1409	0	-1	-1	-1
1376	1485	1484	0	-1	-1	-1
1410	1411	1526	0	-1	-1	-1
1377	1486	1485	0	-1	-1	-1
1414	1527	1413	1	-1	-1	-1
1416	1413	1527	1	-1	-1	-1
1488	1379	1489	0	-1	-1	-1
1414	1415	1528	1	-1	-1	-1
1490	1489	1380	0	-1	-1	-1
1488	1492	1381	0	-1	-1	-1
1490	1380	1491	0	-1	-1	-1
1508	1458	1398	1	-1	-1	-1
1487	1495	1383	0	-1	-1	-1
1382	1493	1491	0	-1	-1	-1
1482	1386	1499	1	-1	-1	-1
1385	1498	1487	0	-1	-1	-1
1420	1532	1418	1	-1	-1	-1
1383	1495	1494	0	-1	-1	-1
1493	1384	1496	0	-1	-1	-1
1532	1424	1418	1	-1	-1	-1
1494	1497	1384	0	-1	-1	-1
1496	1384	1497	0	-1	-1	-1
1422	1534	1421	1	-1	-1	-1
1492	1500	1387	1	-1	-1	-1
1535	1422	1423	1	-1	-1	-1
1425	1421	1534	1	-1	-1	-1
1537	1423	1424	1	-1	-1	-1
1394	1504	1486	0	-1	-1	-1
1443	1531	1415	1	-1	-1	-1
1388	1500	1501	1	-1	-1	-1
1499	1389	1502	1	-1	-1	-1
1541	1426	1425	1	-1	-1	-1
1501	1502	1389	1	-1	-1	-1
1527	1449	1416	1	-1	-1	-1
1427	1426	1542	1	-1	-1	-1
1427	1543	1428	1	-1	-1	-1
1392	1503	1504	0	-1	-1	-1
1544	1429	1428	1	-1	-1	-1
1429	1545	1430	1	-1	-1	-1
1546	1431	1430	1	-1	-1	-1
1506	1397	1505	1	-1	-1	-1
1456	1533	1420	1	-1	-1	-1
1431	1546	1432	1	-1	-1	-1
1546	1434	1432	1	-1	-1	-1
1398	1507	1508	1	-1	-1	-1
1507	1398	1509	1	-1	-1	-1
1433	1434	1548	1	-1	-1	-1
1549	1435	1433	1	-1	-1	-1
1531	1443	1444	5	-1	-1	-1
1399	1510	1509	1	-1	-1	-1
1526	1411	1483	0	-1	-1	-1
1399	1511	1510	1	-1	-1	-1
1512	1511	1400	1	-1	-1	-1
1448	1531	1444	5	-1	-1	-1
1517	1402	1506	1	-1	-1	-1
1435	1549	1441	1	-1	-1	-1
1551	1437	1438	1	-1	-1	-1
1518	1505	1403	0	-1	-1	-1
1401	1513	1514	1	-1	-1	-1
1512	1401	1515	1	-1	-1	-1
1438	1439	1552	1	-1	-1	-1
1401	1514	1515	1	-1	-1	-1
1516	1513	1402	1	-1	-1	-1
1439	1442	1552	1	-1	-1	-1
1553	1442	1440	1	-1	-1	-1
1516	1402	1517	1	-1	-1	-1
1441	1554	1440	1	-1	-1	-1
1519	1518	1403	0	-1	-1	-1
1521	1519	1405	0	-1	-1	-1
1405	1520	1521	0	-1	-1	-1
1523	1520	1406	0	-1	-1	-1
1446	1558	1445	1	-1	-1	-1
1523	1406	1522	0	-1	-1	-1
1448	1445	1559	5	-1	-1	-1
1447	1560	1446	1	-1	-1	-1
1524	1522	1407	0	-1	-1	-1
1447	1449	1560	1	-1	-1	-1
1524	1408	1525	0	-1	-1	-1
1410	1526	1525	0	-1	-1	-1
1450	1563	1451	1	-1	-1	-1
1564	1452	1451	1	-1	-1	-1
1529	1527	1414	1	-1	-1	-1
1414	1528	1529	1	-1	-1	-1
1566	1454	1452	1	-1	-1	-1
1415	1530	1528	1	-1	-1	-1
1567	1453	1454	1	-1	-1	-1
1455	1453	1567	1	-1	-1	-1
1531	1530	1415	1	-1	-1	-1
1450	1465	1563	1	-1	-1	-1
1487	1498	1495	0	-1	-1	-1
1455	1570	1456	1	-1	-1	-1
1533	1532	1420	1	-1	-1	-1
1572	1457	1458	1	-1	-1	-1
1460	1457	1572	1	-1	-1	-1
1422	1535	1534	1	-1	-1	-1
1575	1459	1460	1	-1	-1	-1
1535	1423	1536	1	-1	-1	-1
1424	1532	1540	1	-1	-1	-1
1423	1537	1536	1	-1	-1	-1
1424	1538	1537	1	-1	-1	-1
1541	1425	1534	1	-1	-1	-1
1538	1424	1539	1	-1	-1	-1
1578	1461	1463	1	-1	-1	-1
1424	1540	1539	1	-1	-1	-1
1573	1471	1459	1	-1	-1	-1
1461	1578	1466	1	-1	-1	-1
1463	1462	1580	4	-1	-1	-1
1462	1464	1579	4	-1	-1	-1
1426	1541	1542	1	-1	-1	-1
1427	1542	1543	1	-1	-1	-1
1467	1582	1464	4	-1	-1	-1
1543	1544	1428	1	-1	-1	-1
1584	1465	1466	1	-1	-1	-1
1544	1545	1429	1	-1	-1	-1
1468	1586	1467	4	-1	-1	-1
1430	1545	1547	1	-1	-1	-1
1546	1430	1547	1	-1	-1	-1
1469	1587	1468	4	-1	-1	-1
1548	1549	1433	1	-1	-1	-1
1546	1550	1434	1	-1	-1	-1
1471	1590	1470	1	-1	-1	-1
1470	1589	1472	1	-1	-1	-1
1550	1548	1434	1	-1	-1	-1
1473	1472	1592	1	-1	-1	-1
1588	1469	1480	4	-1	-1	-1
1508	1572	1458	1	-1	-1	-1
1449	1527	1562	1	-1	-1	-1
1561	1531	1448	5	-1	-1	-1
1551	1438	1552	1	-1	-1	-1
1473	1594	1474	1	-1	-1	-1
1474	1596	1475	1	-1	-1	-1
1556	1441	1549	1	-1	-1	-1
1554	1553	1440	1	-1	-1	-1
1475	1597	1477	1	-1	-1	-1
1555	1554	1441	1	-1	-1	-1
1442	1557	1552	1	-1	-1	-1
1477	1599	1476	1	-1	-1	-1
1553	1557	1442	1	-1	-1	-1
1441	1556	1555	1	-1	-1	-1
1476	1598	1479	1	-1	-1	-1
1478	1479	1600	1	-1	-1	-1
1600	1480	1478	1	-1	-1	-1
1456	1570	1533	1	-1	-1	-1
1559	1445	1558	1	-1	-1	-1
1560	1558	1446	1	-1	-1	-1
1521	1520	1523	0	-1	-1	-1
1481	1482	1603	0	-1	-1	-1
1483	1481	1603	0	-1	-1	-1
1448	1559	1561	5	-1	-1	-1
1562	1560	1449	1	-1	-1	-1
1563	1565	1451	1	-1	-1	-1
1565	1564	1451	1	-1	-1	-1
1564	1566	1452	1	-1	-1	-1
1606	1488	1489	0	-1	-1	-1
1604	1482	1499	0	-1	-1	-1
1489	1490	1607	0	-1	-1	-1
1606	1492	1488	0	-1	-1	-1
1566	1568	1454	1	-1	-1	-1
1454	1569	1567	1	-1	-1	-1
1490	1491	1609	0	-1	-1	-1
1568	1569	1454	1	-1	-1	-1
1455	1567	1571	1	-1	-1	-1
1493	1611	1491	0	-1	-1	-1
1571	1570	1455	1	-1	-1	-1
1614	1493	1496	0	-1	-1	-1
1615	1494	1495	0	-1	-1	-1
1612	1500	1492	1	-1	-1	-1
1540	1532	1533	1	-1	-1	-1
1574	1573	1459	1	-1	-1	-1
1497	1494	1616	0	-1	-1	-1
1574	1459	1575	1	-1	-1	-1
1577	1460	1572	1	-1	-1	-1
1498	1617	1495	0	-1	-1	-1
1460	1576	1575	1	-1	-1	-1
1497	1618	1496	0	-1	-1	-1
1563	1465	1583	1	-1	-1	-1
1576	1460	1577	1	-1	-1	-1
1483	1605	1526	0	-1	-1	-1
1529	1562	1527	1	-1	-1	-1
1579	1580	1462	4	-1	-1	-1
1502	1620	1499	0	-1	-1	-1
1621	1501	1500	1	-1	-1	-1
1581	1578	1463	4	-1	-1	-1
1531	1561	1530	1	-1	-1	-1
1580	1581	1463	4	-1	-1	-1
1464	1582	1579	4	-1	-1	-1
1622	1502	1501	1	-1	-1	-1
1466	1578	1585	1	-1	-1	-1
1465	1584	1583	1	-1	-1	-1
1573	1591	1471	1	-1	-1	-1
1505	1624	1506	0	-1	-1	-1
1585	1584	1466	1	-1	-1	-1
1582	1467	1586	4	-1	-1	-1
1508	1507	1626	1	-1	-1	-1
1586	1468	1587	4	-1	-1	-1
1550	1546	1547	1	-1	-1	-1
1627	1507	1509	1	-1	-1	-1
1588	1587	1469	4	-1	-1	-1
1505	1518	1624	0	-1	-1	-1
1625	1517	1506	0	-1	-1	-1
1590	1589	1470	1	-1	-1	-1
1510	1631	1509	1	-1	-1	-1
1591	1590	1471	1	-1	-1	-1
1632	1510	1511	1	-1	-1	-1
1472	1589	1593	1	-1	-1	-1
1512	1633	1511	1	-1	-1	-1
1593	1592	1472	1	-1	-1	-1
1473	1592	1595	1	-1	-1	-1
1512	1515	1634	1	-1	-1	-1
1635	1514	1513	1	-1	-1	-1
1595	1594	1473	1	-1	-1	-1
1635	1513	1516	1	-1	-1	-1
1596	1474	1594	1	-1	-1	-1
1637	1515	1514	1	-1	-1	-1
1597	1475	1596	1	-1	-1	-1
1602	1588	1480	4	-1	-1	-1
1476	1599	1598	1	-1	-1	-1
1599	1477	1597	1	-1	-1	-1
1516	1517	1640	1	-1	-1	-1
1601	1479	1598	1	-1	-1	-1
1643	1518	1519	0	-1	-1	-1
1600	1479	1601	1	-1	-1	-1
1480	1600	1602	4	-1	-1	-1
1644	1519	1521	0	-1	-1	-1
1603	1482	1604	0	-1	-1	-1
1523	1645	1521	0	-1	-1	-1
1483	1603	1605	0	-1	-1	-1
1522	1524	1646	0	-1	-1	-1
1522	1648	1523	0	-1	-1	-1
1525	1650	1524	0	-1	-1	-1
1607	1606	1489	0	-1	-1	-1
1653	1525	1526	0	-1	-1	-1
1607	1490	1608	0	-1	-1	-1
1608	1490	1609	0	-1	-1	-1
1629	1572	1508	1	-1	-1	-1
1609	1491	1610	0	-1	-1	-1
1492	1606	1612	0	-1	-1	-1
1491	1611	1610	0	-1	-1	-1
1529	1528	1655	1	-1	-1	-1
1655	1528	1530	1	-1	-1	-1
1493	1613	1611	0	-1	-1	-1
1493	1614	1613	0	-1	-1	-1
1620	1604	1499	0	-1	-1	-1
1494	1615	1616	0	-1	-1	-1
1495	1617	1615	0	-1	-1	-1
1496	1618	1614	0	-1	-1	-1
1535	1659	1534	1	-1	-1	-1
1533	1657	1540	1	-1	-1	-1
1535	1536	1660	1	-1	-1	-1
1616	1619	1497	0	-1	-1	-1
1612	1621	1500	1	-1	-1	-1
1659	1541	1534	1	-1	-1	-1
1661	1536	1537	1	-1	-1	-1
1619	1618	1497	0	-1	-1	-1
1662	1537	1538	1	-1	-1	-1
1663	1538	1539	1	-1	-1	-1
1540	1664	1539	1	-1	-1	-1
1621	1622	1501	1	-1	-1	-1
1502	1623	1620	0	-1	-1	-1
1655	1530	1561	1	-1	-1	-1
1622	1623	1502	0	-1	-1	-1
1529	1656	1562	1	-1	-1	-1
1541	1665	1542	1	-1	-1	-1
1666	1543	1542	1	-1	-1	-1
1544	1543	1667	1	-1	-1	-1
1624	1625	1506	0	-1	-1	-1
1545	1544	1669	1	-1	-1	-1
1627	1626	1507	1	-1	-1	-1
1533	1570	1658	1	-1	-1	-1
1508	1626	1628	1	-1	-1	-1
1670	1547	1545	1	-1	-1	-1
1629	1508	1628	1	-1	-1	-1
1630	1627	1509	1	-1	-1	-1
1547	1671	1550	1	-1	-1	-1
1630	1509	1631	1	-1	-1	-1
1673	1549	1548	1	-1	-1	-1
1674	1548	1550	1	-1	-1	-1
1632	1631	1510	1	-1	-1	-1
1511	1633	1632	1	-1	-1	-1
1549	1673	1556	1	-1	-1	-1
1572	1629	1577	1	-1	-1	-1
1552	1676	1551	1	-1	-1	-1
1633	1512	1634	1	-1	-1	-1
1625	1641	1517	0	-1	-1	-1
1653	1526	1605	0	-1	-1	-1
1554	1677	1553	1	-1	-1	-1
1518	1642	1624	0	-1	-1	-1
1635	1636	1514	1	-1	-1	-1
1676	1552	1557	1	-1	-1	-1
1515	1638	1634	1	-1	-1	-1
1637	1514	1636	1	-1	-1	-1
1678	1557	1553	1	-1	-1	-1
1680	1554	1555	1	-1	-1	-1
1637	1639	1515	1	-1	-1	-1
1640	1635	1516	1	-1	-1	-1
1638	1515	1639	1	-1	-1	-1
1681	1555	1556	1	-1	-1	-1
1517	1641	1640	0	-1	-1	-1
1658	1570	1571	1	-1	-1	-1
1558	1684	1559	1	-1	-1	-1
1560	1684	1558	1	-1	-1	-1
1643	1642	1518	0	-1	-1	-1
1685	1561	1559	5	-1	-1	-1
1684	1560	1562	1	-1	-1	-1
1643	1519	1644	0	-1	-1	-1
1645	1644	1521	0	-1	-1	-1
1522	1646	1647	0	-1	-1	-1
1563	1687	1565	1	-1	-1	-1
1688	1564	1565	1	-1	-1	-1
1648	1522	1647	0	-1	-1	-1
1645	1523	1649	0	-1	-1	-1
1688	1566	1564	1	-1	-1	-1
1523	1648	1649	0	-1	-1	-1
1524	1651	1646	0	-1	-1	-1
1691	1568	1566	1	-1	-1	-1
1652	1524	1650	0	-1	-1	-1
1524	1652	1651	0	-1	-1	-1
1692	1567	1569	1	-1	-1	-1
1650	1525	1654	0	-1	-1	-1
1569	1568	1693	1	-1	-1	-1
1692	1571	1567	1	-1	-1	-1
1654	1525	1653	0	-1	-1	-1
1563	1583	1686	1	-1	-1	-1
1529	1655	1656	1	-1	-1	-1
1574	1697	1573	1	-1	-1	-1
1575	1698	1574	1	-1	-1	-1
1533	1658	1657	1	-1	-1	-1
1698	1575	1576	1	-1	-1	-1
1577	1700	1576	1	-1	-1	-1
1659	1535	1660	1	-1	-1	-1
1661	1660	1536	1	-1	-1	-1
1662	1661	1537	1	-1	-1	-1
1578	1581	1702	4	-1	-1	-1
1591	1573	1697	1	-1	-1	-1
1540	1657	1664	1	-1	-1	-1
1703	1580	1579	4	-1	-1	-1
1704	1579	1582	4	-1	-1	-1
1538	1663	1662	1	-1	-1	-1
1702	1585	1578	4	-1	-1	-1
1541	1659	1665	1	-1	-1	-1
1663	1539	1664	1	-1	-1	-1
1580	1706	1581	4	-1	-1	-1
1586	1704	1582	4	-1	-1	-1
1542	1665	1666	1	-1	-1	-1
1584	1708	1583	1	-1	-1	-1
1543	1666	1668	1	-1	-1	-1
1584	1585	1709	1	-1	-1	-1
1667	1543	1668	1	-1	-1	-1
1544	1667	1669	1	-1	-1	-1
1670	1545	1669	1	-1	-1	-1
1587	1711	1586	4	-1	-1	-1
1588	1712	1587	4	-1	-1	-1
1547	1670	1672	1	-1	-1	-1
1671	1547	1672	1	-1	-1	-1
1589	1590	1715	1	-1	-1	-1
1550	1671	1674	1	-1	-1	-1
1674	1673	1548	1	-1	-1	-1
1593	1589	1715	1	-1	-1	-1
1590	1591	1716	1	-1	-1	-1
1655	1561	1685	1	-1	-1	-1
1562	1656	1684	1	-1	-1	-1
1675	1551	1676	1	-1	-1	-1
1719	1592	1593	4	-1	-1	-1
1588	1602	1714	4	-1	-1	-1
1595	1592	1718	4	-1	-1	-1
1577	1629	1701	1	-1	-1	-1
1553	1677	1678	1	-1	-1	-1
1679	1677	1554	1	-1	-1	-1
1595	1721	1594	1	-1	-1	-1
1596	1594	1721	1	-1	-1	-1
1682	1556	1673	1	-1	-1	-1
1680	1679	1554	1	-1	-1	-1
1723	1597	1596	1	-1	-1	-1
1555	1681	1680	1	-1	-1	-1
1676	1557	1683	1	-1	-1	-1
1683	1557	1678	1	-1	-1	-1
1597	1723	1599	1	-1	-1	-1
1682	1681	1556	1	-1	-1	-1
1598	1599	1724	1	-1	-1	-1
1724	1601	1598	1	-1	-1	-1
1571	1696	1658	1	-1	-1	-1
1601	1725	1600	4	-1	-1	-1
1600	1725	1602	4	-1	-1	-1
1684	1685	1559	1	-1	-1	-1
1603	1604	1727	0	-1	-1	-1
1605	1603	1727	0	-1	-1	-1
1563	1686	1687	1	-1	-1	-1
1689	1565	1687	1	-1	-1	-1
1688	1565	1689	1	-1	-1	-1
1730	1606	1607	0	-1	-1	-1
1651	1647	1646	0	-1	-1	-1
1566	1688	1690	1	-1	-1	-1
1731	1607	1608	0	-1	-1	-1
1690	1691	1566	1	-1	-1	-1
1730	1612	1606	0	-1	-1	-1
1609	1732	1608	0	-1	-1	-1
1568	1691	1693	1	-1	-1	-1
1604	1620	1728	0	-1	-1	-1
1734	1609	1610	0	-1	-1	-1
1694	1569	1693	1	-1	-1	-1
1611	1735	1610	0	-1	-1	-1
1695	1692	1569	1	-1	-1	-1
1695	1569	1694	1	-1	-1	-1
1696	1571	1692	1	-1	-1	-1
1613	1736	1611	0	-1	-1	-1
1739	1613	1614	0	-1	-1	-1
1697	1574	1698	1	-1	-1	-1
1738	1621	1612	1	-1	-1	-1
1614	1618	1741	0	-1	-1	-1
1699	1698	1576	1	-1	-1	-1
1743	1615	1617	0	-1	-1	-1
1699	1576	1700	1	-1	-1	-1
1615	1744	1616	0	-1	-1	-1
1583	1707	1686	1	-1	-1	-1
1623	1734	1620	0	-1	-1	-1
1701	1700	1577	1	-1	-1	-1
1616	1745	1619	0	-1	-1	-1
1618	1619	1746	0	-1	-1	-1
1579	1704	1703	4	-1	-1	-1
1729	1653	1605	0	-1	-1	-1
1703	1705	1580	4	-1	-1	-1
1706	1702	1581	4	-1	-1	-1
1622	1621	1748	1	-1	-1	-1
1706	1580	1705	4	-1	-1	-1
1622	1749	1623	0	-1	-1	-1
1656	1655	1685	1	-1	-1	-1
1585	1702	1710	4	-1	-1	-1
1707	1583	1708	1	-1	-1	-1
1625	1624	1750	0	-1	-1	-1
1584	1709	1708	1	-1	-1	-1
1586	1711	1704	4	-1	-1	-1
1585	1710	1709	4	-1	-1	-1
1697	1717	1591	1	-1	-1	-1
1753	1626	1627	1	-1	-1	-1
1628	1626	1754	1	-1	-1	-1
1587	1713	1711	4	-1	-1	-1
1630	1755	1627	1	-1	-1	-1
1587	1712	1713	4	-1	-1	-1
1629	1628	1756	1	-1	-1	-1
1714	1712	1588	4	-1	-1	-1
1750	1624	1642	0	-1	-1	-1
1751	1641	1625	0	-1	-1	-1
1631	1757	1630	1	-1	-1	-1
1715	1590	1716	1	-1	-1	-1
1758	1631	1632	1	-1	-1	-1
1633	1758	1632	1	-1	-1	-1
1716	1591	1717	1	-1	-1	-1
1656	1685	1684	1	-1	-1	-1
1633	1634	1760	0	-1	-1	-1
1720	1593	1715	4	-1	-1	-1
1718	1592	1719	4	-1	-1	-1
1674	1682	1673	1	-1	-1	-1
1720	1719	1593	4	-1	-1	-1
1683	1675	1676	1	-1	-1	-1
1638	1762	1634	0	-1	-1	-1
1636	1635	1763	1	-1	-1	-1
1722	1595	1718	4	-1	-1	-1
1721	1595	1722	4	-1	-1	-1
1765	1637	1636	1	-1	-1	-1
1764	1635	1640	1	-1	-1	-1
1721	1723	1596	1	-1	-1	-1
1766	1639	1637	1	-1	-1	-1
1714	1602	1726	4	-1	-1	-1
1639	1768	1638	1	-1	-1	-1
1599	1723	1724	1	-1	-1	-1
1722	1601	1724	4	-1	-1	-1
1722	1725	1601	4	-1	-1	-1
1641	1770	1640	0	-1	-1	-1
1642	1643	1772	0	-1	-1	-1
1726	1602	1725	4	-1	-1	-1
1729	1605	1727	0	-1	-1	-1
1728	1727	1604	0	-1	-1	-1
1774	1643	1644	0	-1	-1	-1
1644	1645	1775	0	-1	-1	-1
1610	1727	1728	0	-1	-1	-1
1688	1689	1690	1	-1	-1	-1
1730	1607	1731	0	-1	-1	-1
1775	1645	1649	0	-1	-1	-1
1647	1776	1648	1	-1	-1	-1
1734	1610	1728	0	-1	-1	-1
1731	1608	1733	0	-1	-1	-1
1727	1610	1735	0	-1	-1	-1
1608	1732	1733	0	-1	-1	-1
1777	1647	1651	1	-1	-1	-1
1732	1609	1734	0	-1	-1	-1
1648	1778	1649	1	-1	-1	-1
1738	1612	1730	0	-1	-1	-1
1652	1777	1651	1	-1	-1	-1
1728	1620	1734	0	-1	-1	-1
1650	1780	1652	0	-1	-1	-1
1737	1735	1611	0	-1	-1	-1
1780	1650	1654	0	-1	-1	-1
1737	1611	1736	0	-1	-1	-1
1629	1756	1701	1	-1	-1	-1
1732	1734	1623	0	-1	-1	-1
1613	1740	1736	0	-1	-1	-1
1654	1653	1782	0	-1	-1	-1
1613	1739	1740	0	-1	-1	-1
1614	1742	1739	0	-1	-1	-1
1614	1741	1742	0	-1	-1	-1
1658	1785	1657	1	-1	-1	-1
1743	1744	1615	0	-1	-1	-1
1732	1623	1749	0	-1	-1	-1
1659	1660	1786	1	-1	-1	-1
1744	1745	1616	0	-1	-1	-1
1618	1746	1741	0	-1	-1	-1
1664	1657	1785	1	-1	-1	-1
1748	1621	1738	1	-1	-1	-1
1660	1661	1787	1	-1	-1	-1
1665	1659	1786	1	-1	-1	-1
1745	1747	1619	0	-1	-1	-1
1746	1619	1747	0	-1	-1	-1
1789	1661	1662	1	-1	-1	-1
1662	1663	1790	1	-1	-1	-1
1663	1664	1792	1	-1	-1	-1
1622	1748	1749	0	-1	-1	-1
1666	1665	1793	1	-1	-1	-1
1750	1752	1625	0	-1	-1	-1
1625	1752	1751	0	-1	-1	-1
1794	1668	1666	1	-1	-1	-1
1795	1667	1668	1	-1	-1	-1
1667	1796	1669	1	-1	-1	-1
1626	1753	1754	1	-1	-1	-1
1753	1627	1755	1	-1	-1	-1
1756	1628	1754	1	-1	-1	-1
1670	1669	1799	1	-1	-1	-1
1658	1696	1785	1	-1	-1	-1
1800	1672	1670	1	-1	-1	-1
1755	1630	1757	1	-1	-1	-1
1672	1801	1671	1	-1	-1	-1
1671	1801	1674	1	-1	-1	-1
1631	1759	1757	1	-1	-1	-1
1758	1759	1631	1	-1	-1	-1
1761	1758	1633	0	-1	-1	-1
1633	1760	1761	0	-1	-1	-1
1760	1634	1762	0	-1	-1	-1
1682	1674	1801	1	-1	-1	-1
1677	1804	1678	1	-1	-1	-1
1683	1803	1675	1	-1	-1	-1
1677	1679	1805	1	-1	-1	-1
1635	1764	1763	1	-1	-1	-1
1771	1641	1751	0	-1	-1	-1
1719	1726	1718	4	-1	-1	-1
1750	1642	1772	0	-1	-1	-1
1782	1653	1729	0	-1	-1	-1
1765	1636	1763	1	-1	-1	-1
1718	1725	1722	4	-1	-1	-1
1679	1680	1807	1	-1	-1	-1
1722	1724	1721	4	-1	-1	-1
1678	1806	1683	1	-1	-1	-1
1638	1767	1762	0	-1	-1	-1
1766	1637	1765	1	-1	-1	-1
1724	1723	1721	4	-1	-1	-1
1726	1725	1718	4	-1	-1	-1
1809	1680	1681	1	-1	-1	-1
1682	1809	1681	1	-1	-1	-1
1768	1767	1638	0	-1	-1	-1
1770	1764	1640	0	-1	-1	-1
1769	1639	1766	1	-1	-1	-1
1768	1639	1769	1	-1	-1	-1
1641	1771	1770	0	-1	-1	-1
1687	1686	1811	1	-1	-1	-1
1687	1812	1689	1	-1	-1	-1
1773	1772	1643	0	-1	-1	-1
1773	1643	1774	0	-1	-1	-1
1727	1735	1729	0	-1	-1	-1
1689	1814	1690	1	-1	-1	-1
1644	1775	1774	0	-1	-1	-1
1690	1815	1691	1	-1	-1	-1
1738	1730	1731	0	-1	-1	-1
1647	1777	1776	1	-1	-1	-1
1735	1737	1729	0	-1	-1	-1
1817	1693	1691	1	-1	-1	-1
1778	1775	1649	1	-1	-1	-1
1779	1648	1776	1	-1	-1	-1
1810	1686	1707	1	-1	-1	-1
1692	1695	1818	1	-1	-1	-1
1779	1778	1648	1	-1	-1	-1
1692	1818	1696	1	-1	-1	-1
1819	1694	1693	1	-1	-1	-1
1694	1820	1695	1	-1	-1	-1
1777	1652	1781	1	-1	-1	-1
1781	1652	1780	1	-1	-1	-1
1733	1732	1749	0	-1	-1	-1
1654	1784	1780	0	-1	-1	-1
1697	1698	1824	1	-1	-1	-1
1654	1782	1783	0	-1	-1	-1
1654	1783	1784	0	-1	-1	-1
1699	1824	1698	1	-1	-1	-1
1826	1699	1700	1	-1	-1	-1
1701	1829	1700	1	-1	-1	-1
1749	1748	1733	0	-1	-1	-1
1787	1786	1660	1	-1	-1	-1
1788	1787	1661	1	-1	-1	-1
1661	1789	1788	1	-1	-1	-1
1825	1717	1697	1	-1	-1	-1
1789	1662	1790	1	-1	-1	-1
1706	1833	1702	4	-1	-1	-1
1664	1785	1792	1	-1	-1	-1
1703	1704	1834	4	-1	-1	-1
1665	1786	1793	1	-1	-1	-1
1702	1832	1710	4	-1	-1	-1
1705	1703	1836	4	-1	-1	-1
1791	1790	1663	1	-1	-1	-1
1663	1792	1791	1	-1	-1	-1
1839	1706	1705	4	-1	-1	-1
1704	1711	1837	4	-1	-1	-1
1666	1793	1794	1	-1	-1	-1
1707	1708	1843	1	-1	-1	-1
1796	1667	1795	1	-1	-1	-1
1668	1794	1797	1	-1	-1	-1
1708	1709	1844	1	-1	-1	-1
1798	1795	1668	1	-1	-1	-1
1668	1797	1798	1	-1	-1	-1
1799	1669	1796	1	-1	-1	-1
1709	1710	1846	4	-1	-1	-1
1670	1799	1800	1	-1	-1	-1
1711	1713	1847	4	-1	-1	-1
1802	1672	1800	1	-1	-1	-1
1712	1714	1848	4	-1	-1	-1
1713	1712	1849	4	-1	-1	-1
1801	1672	1802	1	-1	-1	-1
1716	1849	1715	4	-1	-1	-1
1848	1720	1712	4	-1	-1	-1
1720	1849	1712	4	-1	-1	-1
1717	1850	1716	4	-1	-1	-1
1720	1715	1849	4	-1	-1	-1
1804	1677	1805	1	-1	-1	-1
1720	1848	1719	4	-1	-1	-1
1831	1701	1756	1	-1	-1	-1
1806	1678	1804	1	-1	-1	-1
1714	1726	1848	4	-1	-1	-1
1805	1679	1808	1	-1	-1	-1
1801	1809	1682	1	-1	-1	-1
1803	1683	1806	1	-1	-1	-1
1719	1848	1726	4	-1	-1	-1
1808	1679	1807	1	-1	-1	-1
1807	1680	1809	1	-1	-1	-1
1785	1696	1823	1	-1	-1	-1
1686	1810	1811	1	-1	-1	-1
1687	1811	1812	1	-1	-1	-1
1812	1813	1689	1	-1	-1	-1
1813	1814	1689	1	-1	-1	-1
1733	1854	1731	0	-1	-1	-1
1814	1815	1690	1	-1	-1	-1
1737	1853	1729	0	-1	-1	-1
1691	1815	1816	1	-1	-1	-1
1854	1738	1731	0	-1	-1	-1
1691	1816	1817	1	-1	-1	-1
1855	1737	1736	0	-1	-1	-1
1817	1819	1693	1	-1	-1	-1
1740	1855	1736	0	-1	-1	-1
1694	1819	1820	1	-1	-1	-1
1821	1818	1695	1	-1	-1	-1
1748	1854	1733	0	-1	-1	-1
1857	1740	1739	0	-1	-1	-1
1696	1818	1823	1	-1	-1	-1
1822	1695	1820	1	-1	-1	-1
1739	1742	1856	0	-1	-1	-1
1695	1822	1821	1	-1	-1	-1
1738	1854	1748	1	-1	-1	-1
1742	1741	1860	0	-1	-1	-1
1697	1824	1825	1	-1	-1	-1
1746	1861	1741	0	-1	-1	-1
1743	1864	1744	0	-1	-1	-1
1828	1824	1699	1	-1	-1	-1
1827	1699	1826	1	-1	-1	-1
1744	1865	1745	0	-1	-1	-1
1699	1827	1828	1	-1	-1	-1
1830	1826	1700	1	-1	-1	-1
1866	1747	1745	0	-1	-1	-1
1700	1829	1830	1	-1	-1	-1
1810	1707	1843	1	-1	-1	-1
1701	1831	1829	1	-1	-1	-1
1746	1747	1868	0	-1	-1	-1
1782	1729	1853	0	-1	-1	-1
1786	1787	1793	1	-1	-1	-1
1833	1832	1702	4	-1	-1	-1
1750	1870	1752	0	-1	-1	-1
1835	1703	1834	4	-1	-1	-1
1703	1835	1836	4	-1	-1	-1
1872	1751	1752	0	-1	-1	-1
1704	1838	1834	4	-1	-1	-1
1704	1837	1838	4	-1	-1	-1
1706	1841	1833	4	-1	-1	-1
1840	1705	1836	4	-1	-1	-1
1754	1753	1874	1	-1	-1	-1
1753	1755	1875	1	-1	-1	-1
1705	1840	1839	4	-1	-1	-1
1756	1754	1876	1	-1	-1	-1
1842	1706	1839	4	-1	-1	-1
1846	1710	1832	4	-1	-1	-1
1877	1755	1757	1	-1	-1	-1
1842	1841	1706	4	-1	-1	-1
1750	1772	1871	0	-1	-1	-1
1759	1878	1757	1	-1	-1	-1
1717	1825	1852	4	-1	-1	-1
1751	1872	1771	0	-1	-1	-1
1711	1847	1837	4	-1	-1	-1
1844	1843	1708	1	-1	-1	-1
1758	1879	1759	0	-1	-1	-1
1758	1761	1879	0	-1	-1	-1
1845	1844	1709	4	-1	-1	-1
1709	1846	1845	4	-1	-1	-1
1760	1881	1761	0	-1	-1	-1
1882	1760	1762	0	-1	-1	-1
1713	1851	1847	4	-1	-1	-1
1850	1713	1849	4	-1	-1	-1
1887	1763	1764	1	-1	-1	-1
1762	1767	1885	0	-1	-1	-1
1765	1763	1886	1	-1	-1	-1
1713	1850	1851	4	-1	-1	-1
1716	1850	1849	4	-1	-1	-1
1850	1717	1852	4	-1	-1	-1
1766	1765	1889	1	-1	-1	-1
1764	1770	1888	0	-1	-1	-1
1766	1891	1769	1	-1	-1	-1
1768	1892	1767	0	-1	-1	-1
1894	1768	1769	1	-1	-1	-1
1895	1770	1771	0	-1	-1	-1
1772	1773	1897	0	-1	-1	-1
1774	1898	1773	1	-1	-1	-1
1853	1737	1855	0	-1	-1	-1
1900	1774	1775	1	-1	-1	-1
1739	1856	1857	0	-1	-1	-1
1775	1778	1900	1	-1	-1	-1
1776	1777	1901	1	-1	-1	-1
1740	1859	1855	0	-1	-1	-1
1740	1857	1858	0	-1	-1	-1
1779	1776	1901	1	-1	-1	-1
1858	1859	1740	0	-1	-1	-1
1903	1778	1779	1	-1	-1	-1
1902	1777	1781	1	-1	-1	-1
1856	1742	1863	0	-1	-1	-1
1860	1741	1861	0	-1	-1	-1
1831	1756	1876	1	-1	-1	-1
1862	1742	1860	0	-1	-1	-1
1906	1781	1780	1	-1	-1	-1
1742	1862	1863	0	-1	-1	-1
1784	1906	1780	1	-1	-1	-1
1864	1865	1744	0	-1	-1	-1
1782	1909	1783	0	-1	-1	-1
1746	1868	1861	0	-1	-1	-1
1910	1784	1783	0	-1	-1	-1
1867	1745	1865	0	-1	-1	-1
1825	1824	1828	1	-1	-1	-1
1745	1867	1866	0	-1	-1	-1
1747	1866	1869	0	-1	-1	-1
1747	1869	1868	0	-1	-1	-1
1913	1787	1788	1	-1	-1	-1
1792	1785	1912	1	-1	-1	-1
1914	1788	1789	1	-1	-1	-1
1750	1871	1870	0	-1	-1	-1
1787	1913	1793	1	-1	-1	-1
1752	1870	1873	0	-1	-1	-1
1790	1916	1789	1	-1	-1	-1
1872	1752	1873	0	-1	-1	-1
1790	1791	1918	1	-1	-1	-1
1919	1791	1792	1	-1	-1	-1
1753	1875	1874	1	-1	-1	-1
1754	1874	1876	1	-1	-1	-1
1755	1877	1875	1	-1	-1	-1
1921	1794	1793	1	-1	-1	-1
1794	1921	1797	1	-1	-1	-1
1878	1877	1757	1	-1	-1	-1
1922	1796	1795	1	-1	-1	-1
1795	1798	1922	1	-1	-1	-1
1878	1759	1880	0	-1	-1	-1
1796	1923	1799	1	-1	-1	-1
1879	1880	1759	0	-1	-1	-1
1924	1798	1797	1	-1	-1	-1
1785	1823	1912	1	-1	-1	-1
1760	1882	1881	0	-1	-1	-1
1761	1884	1879	0	-1	-1	-1
1883	1761	1881	0	-1	-1	-1
1800	1799	1927	1	-1	-1	-1
1761	1883	1884	0	-1	-1	-1
1882	1762	1885	0	-1	-1	-1
1802	1800	1928	1	-1	-1	-1
1801	1802	1929	1	-1	-1	-1
1887	1886	1763	1	-1	-1	-1
1896	1771	1872	0	-1	-1	-1
1764	1888	1887	0	-1	-1	-1
1889	1765	1886	1	-1	-1	-1
1930	1809	1801	1	-1	-1	-1
1871	1772	1897	0	-1	-1	-1
1932	1803	1806	1	-1	-1	-1
1804	1805	1933	1	-1	-1	-1
1806	1804	1933	1	-1	-1	-1
1853	1909	1782	0	-1	-1	-1
1767	1893	1885	0	-1	-1	-1
1766	1889	1890	1	-1	-1	-1
1805	1808	1934	1	-1	-1	-1
1890	1891	1766	1	-1	-1	-1
1808	1807	1935	1	-1	-1	-1
1892	1893	1767	0	-1	-1	-1
1809	1936	1807	1	-1	-1	-1
1888	1770	1895	0	-1	-1	-1
1851	1850	1852	4	-1	-1	-1
1892	1768	1894	0	-1	-1	-1
1894	1769	1891	1	-1	-1	-1
1811	1810	1939	1	-1	-1	-1
1896	1895	1771	0	-1	-1	-1
1811	1942	1812	1	-1	-1	-1
1813	1812	1942	1	-1	-1	-1
1773	1899	1897	1	-1	-1	-1
1943	1814	1813	1	-1	-1	-1
1899	1773	1898	1	-1	-1	-1
1774	1900	1898	1	-1	-1	-1
1815	1814	1945	1	-1	-1	-1
1945	1816	1815	1	-1	-1	-1
1817	1816	1947	1	-1	-1	-1
1901	1777	1902	1	-1	-1	-1
1900	1778	1903	1	-1	-1	-1
1948	1819	1817	1	-1	-1	-1
1901	1904	1779	1	-1	-1	-1
1779	1905	1903	1	-1	-1	-1
1779	1904	1905	1	-1	-1	-1
1949	1818	1821	1	-1	-1	-1
1950	1820	1819	1	-1	-1	-1
1949	1823	1818	1	-1	-1	-1
1781	1908	1902	1	-1	-1	-1
1820	1950	1822	1	-1	-1	-1
1843	1940	1810	1	-1	-1	-1
1781	1906	1907	1	-1	-1	-1
1953	1821	1822	1	-1	-1	-1
1907	1908	1781	1	-1	-1	-1
1906	1784	1911	1	-1	-1	-1
1910	1783	1909	0	-1	-1	-1
1911	1784	1910	1	-1	-1	-1
1825	1828	1957	4	-1	-1	-1
1958	1827	1826	1	-1	-1	-1
1830	1958	1826	1	-1	-1	-1
1960	1828	1827	4	-1	-1	-1
1913	1788	1915	1	-1	-1	-1
1915	1788	1914	1	-1	-1	-1
1829	1961	1830	1	-1	-1	-1
1917	1914	1789	1	-1	-1	-1
1831	1962	1829	1	-1	-1	-1
1916	1917	1789	1	-1	-1	-1
1918	1916	1790	1	-1	-1	-1
1792	1912	1920	1	-1	-1	-1
1913	1921	1793	1	-1	-1	-1
1919	1918	1791	1	-1	-1	-1
1792	1920	1919	1	-1	-1	-1
1967	1832	1833	4	-1	-1	-1
1852	1825	1957	4	-1	-1	-1
1834	1970	1835	4	-1	-1	-1
1796	1922	1923	1	-1	-1	-1
1841	1968	1833	4	-1	-1	-1
1971	1836	1835	1	-1	-1	-1
1970	1834	1838	4	-1	-1	-1
1879	1884	1880	0	-1	-1	-1
1925	1797	1921	1	-1	-1	-1
1846	1832	1966	4	-1	-1	-1
1926	1922	1798	1	-1	-1	-1
1924	1797	1925	1	-1	-1	-1
1926	1798	1924	1	-1	-1	-1
1927	1799	1923	1	-1	-1	-1
1840	1836	1974	1	-1	-1	-1
1837	1976	1838	4	-1	-1	-1
1800	1927	1928	1	-1	-1	-1
1928	1929	1802	1	-1	-1	-1
1929	1930	1801	1	-1	-1	-1
1981	1839	1840	4	-1	-1	-1
1839	1981	1842	4	-1	-1	-1
1847	1978	1837	4	-1	-1	-1
1803	1932	1931	1	-1	-1	-1
1984	1841	1842	4	-1	-1	-1
1932	1806	1933	1	-1	-1	-1
1965	1831	1876	1	-1	-1	-1
1933	1805	1934	1	-1	-1	-1
1986	1843	1844	1	-1	-1	-1
1930	1936	1809	1	-1	-1	-1
1847	1851	1978	4	-1	-1	-1
1987	1844	1845	4	-1	-1	-1
1935	1807	1936	1	-1	-1	-1
1934	1808	1938	1	-1	-1	-1
1989	1845	1846	4	-1	-1	-1
1935	1937	1808	1	-1	-1	-1
1937	1938	1808	1	-1	-1	-1
1912	1823	1949	1	-1	-1	-1
1810	1940	1939	1	-1	-1	-1
1811	1939	1941	1	-1	-1	-1
1851	1852	1990	4	-1	-1	-1
1811	1941	1942	1	-1	-1	-1
1944	1813	1942	1	-1	-1	-1
1855	1991	1853	0	-1	-1	-1
1944	1943	1813	1	-1	-1	-1
1814	1943	1945	1	-1	-1	-1
1993	1855	1859	0	-1	-1	-1
1856	1994	1857	0	-1	-1	-1
1946	1816	1945	1	-1	-1	-1
1946	1947	1816	1	-1	-1	-1
1947	1948	1817	1	-1	-1	-1
1997	1858	1857	0	-1	-1	-1
1863	1995	1856	0	-1	-1	-1
1999	1859	1858	0	-1	-1	-1
1951	1819	1948	1	-1	-1	-1
1819	1952	1950	1	-1	-1	-1
2001	1860	1861	0	-1	-1	-1
1951	1952	1819	1	-1	-1	-1
1821	1954	1949	1	-1	-1	-1
1911	1907	1906	1	-1	-1	-1
1860	2002	1862	0	-1	-1	-1
1950	1956	1822	1	-1	-1	-1
1954	1821	1953	1	-1	-1	-1
1955	1953	1822	1	-1	-1	-1
1862	2006	1863	0	-1	-1	-1
1956	1955	1822	1	-1	-1	-1
2004	1861	1868	0	-1	-1	-1
2008	1865	1864	0	-1	-1	-1
1867	1865	2009	0	-1	-1	-1
1868	1869	2004	0	-1	-1	-1
1866	1867	2010	0	-1	-1	-1
1827	1958	1959	4	-1	-1	-1
1866	2010	1869	0	-1	-1	-1
1960	1957	1828	4	-1	-1	-1
1960	1827	1959	4	-1	-1	-1
1961	1829	1962	1	-1	-1	-1
1958	1830	1964	1	-1	-1	-1
1963	1830	1961	1	-1	-1	-1
1992	1909	1853	0	-1	-1	-1
2015	1870	1871	0	-1	-1	-1
1830	1963	1964	1	-1	-1	-1
1873	1870	2014	0	-1	-1	-1
1872	1873	2017	0	-1	-1	-1
1831	1965	1962	1	-1	-1	-1
1832	1967	1966	4	-1	-1	-1
1940	1843	1986	1	-1	-1	-1
1833	1969	1967	4	-1	-1	-1
1968	1969	1833	4	-1	-1	-1
2021	1876	1874	1	-1	-1	-1
1874	1875	2022	1	-1	-1	-1
1877	2024	1875	1	-1	-1	-1
1835	1970	1972	1	-1	-1	-1
1971	1835	1973	1	-1	-1	-1
1835	1972	1973	1	-1	-1	-1
1949	1920	1912	1	-1	-1	-1
1878	2027	1877	1	-1	-1	-1
1836	1971	1975	1	-1	-1	-1
2016	1871	1897	0	-1	-1	-1
1975	1974	1836	1	-1	-1	-1
2028	1878	1880	0	-1	-1	-1
2019	1896	1872	0	-1	-1	-1
1838	1980	1970	4	-1	-1	-1
1977	1976	1837	4	-1	-1	-1
1841	1983	1968	4	-1	-1	-1
1837	1978	1977	4	-1	-1	-1
1838	1976	1979	4	-1	-1	-1
1880	1884	2031	0	-1	-1	-1
1882	2033	1881	0	-1	-1	-1
1883	1881	2032	0	-1	-1	-1
1982	1840	1974	1	-1	-1	-1
1980	1838	1979	4	-1	-1	-1
1852	1957	1990	4	-1	-1	-1
1885	2034	1882	0	-1	-1	-1
1846	1966	1989	4	-1	-1	-1
1883	2036	1884	0	-1	-1	-1
1982	1981	1840	1	-1	-1	-1
1984	1983	1841	4	-1	-1	-1
1981	1985	1842	4	-1	-1	-1
1842	1985	1984	4	-1	-1	-1
1886	1887	2041	1	-1	-1	-1
1893	2038	1885	0	-1	-1	-1
1844	1987	1986	4	-1	-1	-1
1889	1886	2042	1	-1	-1	-1
1888	2043	1887	0	-1	-1	-1
1851	1990	1978	4	-1	-1	-1
1988	1987	1845	4	-1	-1	-1
1889	2042	1890	1	-1	-1	-1
1989	1988	1845	4	-1	-1	-1
2045	1891	1890	1	-1	-1	-1
2044	1888	1895	0	-1	-1	-1
1891	2047	1894	1	-1	-1	-1
1893	1892	2049	0	-1	-1	-1
2049	1892	1894	0	-1	-1	-1
1992	1853	1991	0	-1	-1	-1
1993	1991	1855	0	-1	-1	-1
1896	2051	1895	0	-1	-1	-1
1995	1994	1856	0	-1	-1	-1
1857	1994	1996	0	-1	-1	-1
2053	1897	1899	1	-1	-1	-1
1996	1997	1857	0	-1	-1	-1
2000	1993	1859	0	-1	-1	-1
2055	1899	1898	1	-1	-1	-1
1898	1900	2054	1	-1	-1	-1
1997	1998	1858	0	-1	-1	-1
1999	1858	1998	0	-1	-1	-1
1900	1903	2054	1	-1	-1	-1
1859	1999	2000	0	-1	-1	-1
1956	1950	1952	1	-1	-1	-1
2058	1901	1902	1	-1	-1	-1
1965	1876	2021	1	-1	-1	-1
1860	2001	2002	0	-1	-1	-1
2058	1904	1901	1	-1	-1	-1
2001	1861	2003	0	-1	-1	-1
1995	1863	2007	0	-1	-1	-1
2004	2003	1861	0	-1	-1	-1
2060	1903	1905	1	-1	-1	-1
1902	1908	2059	1	-1	-1	-1
1862	2002	2005	0	-1	-1	-1
1905	1904	2061	1	-1	-1	-1
1862	2005	2006	0	-1	-1	-1
2006	2007	1863	0	-1	-1	-1
1907	2064	1908	1	-1	-1	-1
1907	1911	2063	1	-1	-1	-1
2008	2009	1865	0	-1	-1	-1
2012	2004	1869	0	-1	-1	-1
1909	2067	1910	0	-1	-1	-1
2011	1867	2009	0	-1	-1	-1
2011	2010	1867	0	-1	-1	-1
1911	1910	2068	1	-1	-1	-1
2013	1869	2010	0	-1	-1	-1
2012	1869	2013	0	-1	-1	-1
2069	1913	1915	1	-1	-1	-1
1915	1914	2070	1	-1	-1	-1
2014	1870	2015	0	-1	-1	-1
1914	1917	2070	1	-1	-1	-1
2015	1871	2016	0	-1	-1	-1
2069	1921	1913	1	-1	-1	-1
1917	1916	2073	1	-1	-1	-1
1918	2072	1916	1	-1	-1	-1
1872	2017	2018	0	-1	-1	-1
2020	1873	2014	0	-1	-1	-1
1872	2018	2019	0	-1	-1	-1
1873	2020	2017	0	-1	-1	-1
2076	1918	1919	1	-1	-1	-1
2069	1925	1921	1	-1	-1	-1
2076	1919	1920	1	-1	-1	-1
1874	2022	2021	1	-1	-1	-1
1875	2024	2023	1	-1	-1	-1
2025	2022	1875	1	-1	-1	-1
2025	1875	2023	1	-1	-1	-1
1923	1922	2079	1	-1	-1	-1
1922	1926	2078	1	-1	-1	-1
2026	2024	1877	1	-1	-1	-1
1923	2080	1927	1	-1	-1	-1
1924	1925	2081	1	-1	-1	-1
1877	2027	2026	1	-1	-1	-1
2083	1926	1924	1	-1	-1	-1
1878	2028	2027	0	-1	-1	-1
2028	1880	2029	0	-1	-1	-1
2029	1880	2030	0	-1	-1	-1
1880	2031	2030	0	-1	-1	-1
1927	2086	1928	1	-1	-1	-1
1928	2088	1929	1	-1	-1	-1
2033	2032	1881	0	-1	-1	-1
1949	2077	1920	1	-1	-1	-1
2089	1930	1929	1	-1	-1	-1
2033	1882	2035	0	-1	-1	-1
2036	2031	1884	0	-1	-1	-1
1882	2034	2035	0	-1	-1	-1
1883	2032	2037	0	-1	-1	-1
1932	2092	1931	1	-1	-1	-1
2090	1936	1930	1	-1	-1	-1
2036	1883	2037	0	-1	-1	-1
2093	1932	1933	1	-1	-1	-1
2034	1885	2040	0	-1	-1	-1
2093	1933	1934	1	-1	-1	-1
1935	1936	2090	1	-1	-1	-1
1885	2038	2039	0	-1	-1	-1
1935	2090	1937	1	-1	-1	-1
1885	2039	2040	0	-1	-1	-1
2053	2016	1897	1	-1	-1	-1
2094	1934	1938	1	-1	-1	-1
2052	1896	2019	0	-1	-1	-1
1909	1992	2067	0	-1	-1	-1
2041	2042	1886	1	-1	-1	-1
2096	1938	1937	1	-1	-1	-1
1887	2043	2041	0	-1	-1	-1
1888	2044	2043	0	-1	-1	-1
1940	2098	1939	1	-1	-1	-1
2046	1890	2042	1	-1	-1	-1
1941	1939	2099	1	-1	-1	-1
1949	1954	2077	1	-1	-1	-1
2038	1893	2050	0	-1	-1	-1
1890	2046	2045	1	-1	-1	-1
2048	1891	2045	1	-1	-1	-1
1941	2102	1942	1	-1	-1	-1
1891	2048	2047	1	-1	-1	-1
1944	1942	2102	1	-1	-1	-1
2049	1894	2047	0	-1	-1	-1
1895	2051	2044	0	-1	-1	-1
1943	1944	2104	1	-1	-1	-1
2103	1945	1943	1	-1	-1	-1
2049	2050	1893	0	-1	-1	-1
1945	2103	1946	1	-1	-1	-1
2052	2051	1896	0	-1	-1	-1
1947	1946	2109	1	-1	-1	-1
1947	2110	1948	1	-1	-1	-1
2054	2055	1898	1	-1	-1	-1
1899	2057	2053	1	-1	-1	-1
1899	2055	2056	1	-1	-1	-1
2112	1951	1948	1	-1	-1	-1
1899	2056	2057	1	-1	-1	-1
2060	2054	1903	1	-1	-1	-1
1951	2115	1952	1	-1	-1	-1
1902	2059	2058	1	-1	-1	-1
2061	1904	2058	1	-1	-1	-1
1952	2116	1956	1	-1	-1	-1
1954	1953	2118	1	-1	-1	-1
1953	1955	2118	1	-1	-1	-1
1986	2100	1940	1	-1	-1	-1
2060	1905	2062	1	-1	-1	-1
1905	2061	2062	1	-1	-1	-1
1956	2121	1955	1	-1	-1	-1
2066	2059	1908	1	-1	-1	-1
2063	2064	1907	1	-1	-1	-1
1908	2064	2065	1	-1	-1	-1
2066	1908	2065	1	-1	-1	-1
2068	2063	1911	1	-1	-1	-1
1957	1960	2125	4	-1	-1	-1
1958	2126	1959	4	-1	-1	-1
2067	2068	1910	1	-1	-1	-1
1960	1959	2128	4	-1	-1	-1
1958	1964	2126	4	-1	-1	-1
2130	1961	1962	1	-1	-1	-1
1963	1961	2130	1	-1	-1	-1
2071	2069	1915	1	-1	-1	-1
1915	2070	2071	1	-1	-1	-1
1965	2132	1962	1	-1	-1	-1
2133	1964	1963	1	-1	-1	-1
2072	2073	1916	1	-1	-1	-1
2070	1917	2074	1	-1	-1	-1
2073	2074	1917	1	-1	-1	-1
2075	2072	1918	1	-1	-1	-1
2075	1918	2076	1	-1	-1	-1
1966	1967	2136	4	-1	-1	-1
1990	1957	2125	4	-1	-1	-1
1969	2137	1967	4	-1	-1	-1
2076	1920	2077	1	-1	-1	-1
1968	2138	1969	4	-1	-1	-1
1925	2069	2084	1	-1	-1	-1
1922	2078	2079	1	-1	-1	-1
2080	1923	2079	1	-1	-1	-1
1970	2141	1972	1	-1	-1	-1
2142	1971	1973	1	-1	-1	-1
1924	2081	2082	1	-1	-1	-1
2083	2078	1926	1	-1	-1	-1
1971	2142	1975	1	-1	-1	-1
1973	1972	2143	1	-1	-1	-1
1924	2082	2083	1	-1	-1	-1
1983	2138	1968	4	-1	-1	-1
1925	2085	2081	1	-1	-1	-1
1970	1980	2141	1	-1	-1	-1
1989	1966	2136	4	-1	-1	-1
1990	2125	1978	4	-1	-1	-1
2085	1925	2084	1	-1	-1	-1
1927	2080	2087	1	-1	-1	-1
1974	1975	2146	1	-1	-1	-1
2087	2086	1927	1	-1	-1	-1
2086	2088	1928	1	-1	-1	-1
1977	2149	1976	4	-1	-1	-1
2147	1982	1974	1	-1	-1	-1
2150	1979	1976	4	-1	-1	-1
2089	1929	2088	1	-1	-1	-1
1978	2151	1977	4	-1	-1	-1
1930	2089	2090	1	-1	-1	-1
2019	2040	2052	0	-1	-1	-1
1980	1979	2153	4	-1	-1	-1
1931	2092	2091	1	-1	-1	-1
2093	2092	1932	1	-1	-1	-1
2155	1981	1982	1	-1	-1	-1
2021	2135	1965	1	-1	-1	-1
2093	1934	2094	1	-1	-1	-1
2155	1985	1981	1	-1	-1	-1
2095	1937	2090	1	-1	-1	-1
1984	2159	1983	4	-1	-1	-1
2096	1937	2095	1	-1	-1	-1
2094	1938	2097	1	-1	-1	-1
2161	1984	1985	4	-1	-1	-1
2039	2052	2040	0	-1	-1	-1
2097	1938	2096	1	-1	-1	-1
1986	1987	2163	4	-1	-1	-1
1939	2098	2099	1	-1	-1	-1
1940	2100	2098	1	-1	-1	-1
1988	2164	1987	4	-1	-1	-1
2101	1941	2099	1	-1	-1	-1
2165	1988	1989	4	-1	-1	-1
1941	2101	2102	1	-1	-1	-1
1954	2119	2077	1	-1	-1	-1
2104	2103	1943	1	-1	-1	-1
1991	2167	1992	0	-1	-1	-1
1993	2167	1991	0	-1	-1	-1
2105	1944	2102	1	-1	-1	-1
2104	1944	2106	1	-1	-1	-1
1944	2105	2106	1	-1	-1	-1
2108	1946	2103	1	-1	-1	-1
1995	2170	1994	0	-1	-1	-1
1946	2108	2107	1	-1	-1	-1
2171	1996	1994	0	-1	-1	-1
2109	1946	2107	1	-1	-1	-1
1993	2000	2169	0	-1	-1	-1
2111	1947	2109	1	-1	-1	-1
2174	1997	1996	0	-1	-1	-1
1947	2111	2110	1	-1	-1	-1
1997	2176	1998	0	-1	-1	-1
1948	2110	2113	1	-1	-1	-1
1948	2113	2112	1	-1	-1	-1
1995	2007	2172	0	-1	-1	-1
1998	2178	1999	0	-1	-1	-1
2114	1951	2112	1	-1	-1	-1
2000	1999	2179	0	-1	-1	-1
2114	2115	1951	1	-1	-1	-1
2115	2117	1952	1	-1	-1	-1
2116	1952	2117	1	-1	-1	-1
2181	2003	2004	0	-1	-1	-1
1954	2118	2119	1	-1	-1	-1
2182	2006	2005	0	-1	-1	-1
1956	2116	2123	1	-1	-1	-1
1955	2122	2118	1	-1	-1	-1
2006	2182	2007	0	-1	-1	-1
1955	2121	2120	1	-1	-1	-1
2120	2122	1955	1	-1	-1	-1
2181	2004	2012	0	-1	-1	-1
2184	2009	2008	0	-1	-1	-1
1956	2124	2121	1	-1	-1	-1
2123	2124	1956	1	-1	-1	-1
2184	2011	2009	0	-1	-1	-1
2011	2185	2010	0	-1	-1	-1
2186	2013	2010	0	-1	-1	-1
2127	1959	2126	4	-1	-1	-1
2013	2188	2012	0	-1	-1	-1
2129	2125	1960	4	-1	-1	-1
1959	2127	2128	4	-1	-1	-1
2128	2129	1960	4	-1	-1	-1
2190	2014	2015	0	-1	-1	-1
2016	2191	2015	0	-1	-1	-1
2130	1962	2131	1	-1	-1	-1
2084	2069	2071	1	-1	-1	-1
2134	2126	1964	4	-1	-1	-1
2020	2014	2190	0	-1	-1	-1
2131	1962	2132	1	-1	-1	-1
1963	2130	2133	1	-1	-1	-1
2168	2067	1992	0	-1	-1	-1
2017	2193	2018	0	-1	-1	-1
2017	2020	2194	0	-1	-1	-1
1964	2133	2134	4	-1	-1	-1
1965	2135	2132	1	-1	-1	-1
2196	2019	2018	0	-1	-1	-1
1967	2137	2136	4	-1	-1	-1
2022	2199	2021	1	-1	-1	-1
2137	1969	2140	4	-1	-1	-1
2138	2139	1969	4	-1	-1	-1
2022	2025	2200	1	-1	-1	-1
2139	2140	1969	4	-1	-1	-1
2082	2081	2085	1	-1	-1	-1
2163	2100	1986	4	-1	-1	-1
2023	2201	2025	1	-1	-1	-1
2024	2203	2023	1	-1	-1	-1
2151	1978	2125	4	-1	-1	-1
2026	2204	2024	1	-1	-1	-1
2040	2019	2196	0	-1	-1	-1
1972	2141	2144	1	-1	-1	-1
1972	2144	2143	1	-1	-1	-1
2142	1973	2145	1	-1	-1	-1
2027	2207	2026	1	-1	-1	-1
2053	2192	2016	1	-1	-1	-1
2143	2145	1973	1	-1	-1	-1
2028	2208	2027	0	-1	-1	-1
2148	1975	2142	1	-1	-1	-1
2209	2028	2029	0	-1	-1	-1
1974	2146	2147	1	-1	-1	-1
2210	2029	2030	0	-1	-1	-1
2148	2146	1975	1	-1	-1	-1
2034	2040	2196	0	-1	-1	-1
2030	2031	2212	0	-1	-1	-1
2150	1976	2149	4	-1	-1	-1
2141	1980	2154	1	-1	-1	-1
2149	1977	2152	4	-1	-1	-1
1983	2158	2138	4	-1	-1	-1
2151	2152	1977	4	-1	-1	-1
2033	2216	2032	0	-1	-1	-1
2214	2031	2036	0	-1	-1	-1
2153	1979	2150	4	-1	-1	-1
2032	2215	2037	0	-1	-1	-1
1982	2147	2156	1	-1	-1	-1
2035	2217	2033	0	-1	-1	-1
2154	1980	2153	1	-1	-1	-1
2034	2219	2035	0	-1	-1	-1
2165	1989	2136	4	-1	-1	-1
2156	2155	1982	1	-1	-1	-1
2037	2221	2036	0	-1	-1	-1
2158	1983	2157	4	-1	-1	-1
1983	2159	2157	4	-1	-1	-1
2038	2225	2039	0	-1	-1	-1
2162	1985	2155	1	-1	-1	-1
2053	2057	2192	1	-1	-1	-1
2160	2159	1984	4	-1	-1	-1
2160	1984	2161	4	-1	-1	-1
2162	2161	1985	1	-1	-1	-1
2042	2041	2227	1	-1	-1	-1
2041	2043	2228	0	-1	-1	-1
2038	2050	2224	0	-1	-1	-1
1987	2164	2163	4	-1	-1	-1
2227	2046	2042	1	-1	-1	-1
2104	2108	2103	1	-1	-1	-1
2044	2229	2043	0	-1	-1	-1
2226	2052	2039	0	-1	-1	-1
2164	1988	2166	4	-1	-1	-1
1988	2165	2166	4	-1	-1	-1
2231	2045	2046	1	-1	-1	-1
2048	2045	2231	1	-1	-1	-1
2230	2044	2051	0	-1	-1	-1
2168	1992	2167	0	-1	-1	-1
2226	2051	2052	0	-1	-1	-1
2234	2047	2048	1	-1	-1	-1
2049	2047	2233	0	-1	-1	-1
2169	2167	1993	0	-1	-1	-1
2050	2049	2233	0	-1	-1	-1
2170	2171	1994	0	-1	-1	-1
2170	1995	2173	0	-1	-1	-1
2173	1995	2172	0	-1	-1	-1
2171	2175	1996	0	-1	-1	-1
2175	2174	1996	0	-1	-1	-1
2055	2054	2237	1	-1	-1	-1
1997	2174	2176	0	-1	-1	-1
2169	2000	2180	0	-1	-1	-1
2055	2239	2056	1	-1	-1	-1
2176	2177	1998	0	-1	-1	-1
2237	2054	2060	1	-1	-1	-1
1998	2177	2178	0	-1	-1	-1
2056	2240	2057	1	-1	-1	-1
2021	2199	2135	1	-1	-1	-1
2178	2179	1999	0	-1	-1	-1
2179	2180	2000	0	-1	-1	-1
2058	2059	2243	1	-1	-1	-1
2007	2183	2172	0	-1	-1	-1
2244	2061	2058	1	-1	-1	-1
2062	2245	2060	1	-1	-1	-1
2243	2059	2066	1	-1	-1	-1
2061	2248	2062	1	-1	-1	-1
2182	2183	2007	0	-1	-1	-1
2064	2063	2250	1	-1	-1	-1
2010	2185	2186	0	-1	-1	-1
2181	2012	2188	0	-1	-1	-1
2064	2252	2065	1	-1	-1	-1
2063	2068	2251	1	-1	-1	-1
2011	2184	2187	0	-1	-1	-1
2185	2011	2187	0	-1	-1	-1
2253	2066	2065	1	-1	-1	-1
2189	2013	2186	0	-1	-1	-1
2013	2189	2188	0	-1	-1	-1
2257	2068	2067	1	-1	-1	-1
2015	2191	2190	0	-1	-1	-1
2192	2191	2016	1	-1	-1	-1
2071	2070	2258	1	-1	-1	-1
2070	2074	2258	1	-1	-1	-1
2017	2194	2193	0	-1	-1	-1
2072	2259	2073	1	-1	-1	-1
2129	2151	2125	4	-1	-1	-1
2075	2259	2072	1	-1	-1	-1
2018	2193	2195	0	-1	-1	-1
2074	2073	2260	1	-1	-1	-1
2197	2020	2190	0	-1	-1	-1
2018	2195	2196	0	-1	-1	-1
2198	2194	2020	0	-1	-1	-1
2084	2071	2258	1	-1	-1	-1
2075	2076	2263	1	-1	-1	-1
2198	2020	2197	0	-1	-1	-1
2077	2264	2076	1	-1	-1	-1
2022	2200	2199	1	-1	-1	-1
2078	2267	2079	1	-1	-1	-1
2202	2201	2023	1	-1	-1	-1
2269	2080	2079	1	-1	-1	-1
2203	2202	2023	1	-1	-1	-1
2268	2078	2083	1	-1	-1	-1
2024	2204	2203	1	-1	-1	-1
2205	2025	2201	1	-1	-1	-1
2200	2025	2206	1	-1	-1	-1
2151	2129	2152	4	-1	-1	-1
2145	2148	2142	1	-1	-1	-1
2270	2083	2082	1	-1	-1	-1
2269	2087	2080	1	-1	-1	-1
2025	2205	2206	1	-1	-1	-1
2204	2026	2207	1	-1	-1	-1
2271	2082	2085	1	-1	-1	-1
2027	2208	2207	0	-1	-1	-1
2273	2085	2084	1	-1	-1	-1
2028	2209	2208	0	-1	-1	-1
2275	2086	2087	1	-1	-1	-1
2211	2209	2029	0	-1	-1	-1
2086	2275	2088	1	-1	-1	-1
2034	2196	2219	0	-1	-1	-1
2029	2210	2211	0	-1	-1	-1
2030	2213	2210	0	-1	-1	-1
2088	2278	2089	1	-1	-1	-1
2213	2030	2212	0	-1	-1	-1
2031	2214	2212	0	-1	-1	-1
2089	2279	2090	1	-1	-1	-1
2077	2119	2266	1	-1	-1	-1
2215	2032	2216	0	-1	-1	-1
2090	2279	2095	1	-1	-1	-1
2092	2281	2091	1	-1	-1	-1
2092	2093	2281	1	-1	-1	-1
2216	2033	2218	0	-1	-1	-1
2218	2033	2217	0	-1	-1	-1
2094	2282	2093	1	-1	-1	-1
2036	2221	2214	0	-1	-1	-1
2217	2035	2220	0	-1	-1	-1
2220	2035	2219	0	-1	-1	-1
2094	2097	2283	1	-1	-1	-1
2037	2215	2223	0	-1	-1	-1
2095	2285	2096	1	-1	-1	-1
2097	2096	2286	1	-1	-1	-1
2221	2037	2222	0	-1	-1	-1
2222	2037	2223	0	-1	-1	-1
2099	2098	2289	1	-1	-1	-1
2100	2289	2098	1	-1	-1	-1
2225	2038	2224	0	-1	-1	-1
2101	2099	2290	1	-1	-1	-1
2225	2226	2039	0	-1	-1	-1
2057	2242	2192	1	-1	-1	-1
2144	2141	2206	1	-1	-1	-1
2067	2168	2257	1	-1	-1	-1
2292	2102	2101	1	-1	-1	-1
2228	2227	2041	0	-1	-1	-1
2105	2102	2292	1	-1	-1	-1
2228	2043	2229	0	-1	-1	-1
2154	2206	2141	1	-1	-1	-1
2229	2044	2230	0	-1	-1	-1
2104	2106	2293	1	-1	-1	-1
2232	2046	2227	1	-1	-1	-1
2294	2108	2104	1	-1	-1	-1
2295	2106	2105	1	-1	-1	-1
2226	2230	2051	0	-1	-1	-1
2232	2231	2046	1	-1	-1	-1
2224	2050	2236	0	-1	-1	-1
2298	2109	2107	1	-1	-1	-1
2233	2047	2234	0	-1	-1	-1
2231	2235	2048	1	-1	-1	-1
2299	2107	2108	1	-1	-1	-1
2235	2234	2048	1	-1	-1	-1
2050	2233	2236	0	-1	-1	-1
2301	2111	2109	1	-1	-1	-1
2302	2110	2111	1	-1	-1	-1
2110	2302	2113	1	-1	-1	-1
2304	2112	2113	1	-1	-1	-1
2114	2112	2304	1	-1	-1	-1
2055	2237	2238	1	-1	-1	-1
2055	2238	2239	1	-1	-1	-1
2240	2056	2239	1	-1	-1	-1
2306	2115	2114	1	-1	-1	-1
2057	2240	2241	1	-1	-1	-1
2307	2117	2115	1	-1	-1	-1
2057	2241	2242	1	-1	-1	-1
2117	2309	2116	1	-1	-1	-1
2060	2246	2237	1	-1	-1	-1
2243	2244	2058	1	-1	-1	-1
2123	2116	2308	1	-1	-1	-1
2313	2119	2118	1	-1	-1	-1
2060	2245	2246	1	-1	-1	-1
2061	2244	2247	1	-1	-1	-1
2313	2118	2122	1	-1	-1	-1
2163	2291	2100	4	-1	-1	-1
2308	2124	2123	1	-1	-1	-1
2121	2314	2120	1	-1	-1	-1
2247	2248	2061	1	-1	-1	-1
2245	2062	2249	1	-1	-1	-1
2122	2120	2315	1	-1	-1	-1
2249	2062	2248	1	-1	-1	-1
2200	2206	2154	1	-1	-1	-1
2124	2316	2121	1	-1	-1	-1
2251	2250	2063	1	-1	-1	-1
2066	2256	2243	1	-1	-1	-1
2250	2252	2064	1	-1	-1	-1
2254	2065	2252	1	-1	-1	-1
2065	2254	2253	1	-1	-1	-1
2126	2319	2127	4	-1	-1	-1
2066	2253	2255	1	-1	-1	-1
2127	2321	2128	4	-1	-1	-1
2257	2251	2068	1	-1	-1	-1
2129	2128	2322	4	-1	-1	-1
2066	2255	2256	1	-1	-1	-1
2126	2134	2319	4	-1	-1	-1
2130	2131	2323	1	-1	-1	-1
2132	2324	2131	1	-1	-1	-1
2323	2133	2130	1	-1	-1	-1
2073	2259	2260	1	-1	-1	-1
2135	2325	2132	1	-1	-1	-1
2134	2133	2326	4	-1	-1	-1
2074	2262	2258	1	-1	-1	-1
2173	2252	2170	1	-1	-1	-1
2261	2074	2260	1	-1	-1	-1
2075	2263	2259	1	-1	-1	-1
2261	2262	2074	1	-1	-1	-1
2137	2329	2136	4	-1	-1	-1
2152	2129	2322	4	-1	-1	-1
2265	2263	2076	1	-1	-1	-1
2265	2076	2264	1	-1	-1	-1
2329	2137	2140	4	-1	-1	-1
2138	2330	2139	4	-1	-1	-1
2266	2264	2077	1	-1	-1	-1
2139	2331	2140	4	-1	-1	-1
2195	2219	2196	0	-1	-1	-1
2267	2078	2268	1	-1	-1	-1
2269	2079	2267	1	-1	-1	-1
2084	2258	2273	1	-1	-1	-1
2143	2144	2333	1	-1	-1	-1
2143	2334	2145	1	-1	-1	-1
2270	2082	2271	1	-1	-1	-1
2272	2268	2083	1	-1	-1	-1
2083	2270	2272	1	-1	-1	-1
2138	2158	2330	4	-1	-1	-1
2271	2085	2274	1	-1	-1	-1
2136	2329	2165	4	-1	-1	-1
2337	2148	2145	1	-1	-1	-1
2147	2146	2338	1	-1	-1	-1
2276	2087	2269	1	-1	-1	-1
2273	2274	2085	1	-1	-1	-1
2148	2338	2146	1	-1	-1	-1
2087	2277	2275	1	-1	-1	-1
2150	2149	2341	4	-1	-1	-1
2277	2087	2276	1	-1	-1	-1
2278	2088	2275	1	-1	-1	-1
2341	2149	2152	4	-1	-1	-1
2147	2339	2156	1	-1	-1	-1
2153	2150	2342	4	-1	-1	-1
2089	2278	2279	1	-1	-1	-1
2154	2153	2344	1	-1	-1	-1
2091	2281	2280	1	-1	-1	-1
2281	2093	2282	1	-1	-1	-1
2156	2345	2155	1	-1	-1	-1
2285	2095	2279	1	-1	-1	-1
2329	2166	2165	4	-1	-1	-1
2284	2282	2094	1	-1	-1	-1
2284	2094	2283	1	-1	-1	-1
2328	2135	2199	1	-1	-1	-1
2345	2162	2155	1	-1	-1	-1
2348	2158	2157	4	-1	-1	-1
2350	2157	2159	4	-1	-1	-1
2283	2097	2288	1	-1	-1	-1
2285	2287	2096	1	-1	-1	-1
2287	2286	2096	1	-1	-1	-1
2352	2159	2160	4	-1	-1	-1
2286	2288	2097	1	-1	-1	-1
2160	2161	2354	4	-1	-1	-1
2099	2289	2290	1	-1	-1	-1
2252	2173	2254	1	-1	-1	-1
2356	2161	2162	1	-1	-1	-1
2289	2100	2291	4	-1	-1	-1
2230	2226	2225	0	-1	-1	-1
2290	2292	2101	1	-1	-1	-1
2358	2163	2164	4	-1	-1	-1
2336	2144	2206	1	-1	-1	-1
2359	2164	2166	4	-1	-1	-1
2293	2294	2104	1	-1	-1	-1
2105	2292	2295	1	-1	-1	-1
2167	2360	2168	0	-1	-1	-1
2106	2297	2293	1	-1	-1	-1
2167	2169	2360	0	-1	-1	-1
2106	2295	2296	1	-1	-1	-1
2200	2154	2344	1	-1	-1	-1
2313	2266	2119	1	-1	-1	-1
2297	2106	2296	1	-1	-1	-1
2108	2294	2299	1	-1	-1	-1
2236	2233	2234	0	-1	-1	-1
2107	2299	2298	1	-1	-1	-1
2170	2363	2171	1	-1	-1	-1
2298	2300	2109	1	-1	-1	-1
2171	2364	2175	1	-1	-1	-1
2300	2301	2109	1	-1	-1	-1
2172	2365	2173	0	-1	-1	-1
2362	2169	2180	0	-1	-1	-1
2303	2111	2301	1	-1	-1	-1
2302	2111	2303	1	-1	-1	-1
2174	2175	2367	0	-1	-1	-1
2367	2176	2174	0	-1	-1	-1
2113	2302	2305	1	-1	-1	-1
2183	2365	2172	0	-1	-1	-1
2238	2237	2246	1	-1	-1	-1
2305	2304	2113	1	-1	-1	-1
2369	2177	2176	0	-1	-1	-1
2306	2114	2304	1	-1	-1	-1
2370	2178	2177	0	-1	-1	-1
2115	2306	2307	1	-1	-1	-1
2179	2178	2371	0	-1	-1	-1
2372	2180	2179	0	-1	-1	-1
2116	2309	2308	1	-1	-1	-1
2307	2311	2117	1	-1	-1	-1
2309	2117	2312	1	-1	-1	-1
2373	2183	2182	0	-1	-1	-1
2310	2117	2311	1	-1	-1	-1
2117	2310	2312	1	-1	-1	-1
2375	2186	2185	0	-1	-1	-1
2185	2187	2375	0	-1	-1	-1
2205	2336	2206	1	-1	-1	-1
2314	2315	2120	1	-1	-1	-1
2318	2124	2308	1	-1	-1	-1
2375	2189	2186	0	-1	-1	-1
2121	2316	2314	1	-1	-1	-1
2122	2317	2313	1	-1	-1	-1
2315	2317	2122	1	-1	-1	-1
2191	2376	2190	0	-1	-1	-1
2316	2124	2318	1	-1	-1	-1
2377	2191	2192	1	-1	-1	-1
2190	2376	2197	0	-1	-1	-1
2193	2378	2195	0	-1	-1	-1
2193	2194	2379	0	-1	-1	-1
2320	2127	2319	4	-1	-1	-1
2321	2127	2320	4	-1	-1	-1
2321	2322	2128	4	-1	-1	-1
2380	2194	2198	0	-1	-1	-1
2383	2198	2197	0	-1	-1	-1
2319	2134	2327	4	-1	-1	-1
2323	2131	2324	1	-1	-1	-1
2324	2132	2325	1	-1	-1	-1
2323	2326	2133	4	-1	-1	-1
2252	2363	2170	1	-1	-1	-1
2200	2386	2199	1	-1	-1	-1
2257	2168	2361	1	-1	-1	-1
2326	2327	2134	4	-1	-1	-1
2135	2328	2325	1	-1	-1	-1
2202	2388	2201	1	-1	-1	-1
2254	2173	2366	1	-1	-1	-1
2387	2205	2201	1	-1	-1	-1
2389	2202	2203	1	-1	-1	-1
2219	2195	2382	0	-1	-1	-1
2391	2203	2204	1	-1	-1	-1
2139	2330	2331	4	-1	-1	-1
2140	2332	2329	4	-1	-1	-1
2204	2207	2392	1	-1	-1	-1
2331	2332	2140	4	-1	-1	-1
2208	2394	2207	0	-1	-1	-1
2143	2333	2334	1	-1	-1	-1
2192	2242	2377	1	-1	-1	-1
2358	2291	2163	4	-1	-1	-1
2208	2209	2395	0	-1	-1	-1
2144	2335	2333	1	-1	-1	-1
2144	2336	2335	1	-1	-1	-1
2152	2322	2341	4	-1	-1	-1
2396	2209	2211	0	-1	-1	-1
2337	2145	2334	1	-1	-1	-1
2397	2211	2210	0	-1	-1	-1
2397	2210	2213	0	-1	-1	-1
2399	2213	2212	0	-1	-1	-1
2147	2338	2339	1	-1	-1	-1
2340	2148	2337	1	-1	-1	-1
2338	2148	2340	1	-1	-1	-1
2212	2214	2400	0	-1	-1	-1
2166	2329	2332	4	-1	-1	-1
2341	2342	2150	4	-1	-1	-1
2405	2215	2216	0	-1	-1	-1
2403	2214	2221	0	-1	-1	-1
2342	2343	2153	4	-1	-1	-1
2158	2351	2330	4	-1	-1	-1
2344	2153	2343	1	-1	-1	-1
2216	2218	2406	0	-1	-1	-1
2218	2217	2407	0	-1	-1	-1
2347	2156	2339	1	-1	-1	-1
2215	2404	2223	0	-1	-1	-1
2217	2220	2407	0	-1	-1	-1
2156	2346	2345	1	-1	-1	-1
2281	2282	2284	1	-1	-1	-1
2219	2409	2220	0	-1	-1	-1
2347	2346	2156	1	-1	-1	-1
2221	2222	2411	0	-1	-1	-1
2348	2157	2349	4	-1	-1	-1
2350	2349	2157	4	-1	-1	-1
2332	2359	2166	4	-1	-1	-1
2351	2158	2348	4	-1	-1	-1
2223	2413	2222	0	-1	-1	-1
2353	2350	2159	4	-1	-1	-1
2159	2352	2353	4	-1	-1	-1
2250	2251	2363	1	-1	-1	-1
2357	2162	2345	1	-1	-1	-1
2415	2225	2224	0	-1	-1	-1
2363	2252	2250	1	-1	-1	-1
2160	2355	2352	4	-1	-1	-1
2355	2160	2354	4	-1	-1	-1
2161	2356	2354	1	-1	-1	-1
2225	2417	2230	0	-1	-1	-1
2418	2227	2228	0	-1	-1	-1
2229	2417	2228	0	-1	-1	-1
2356	2162	2357	1	-1	-1	-1
2229	2230	2417	0	-1	-1	-1
2236	2416	2224	0	-1	-1	-1
2164	2359	2358	4	-1	-1	-1
2232	2227	2418	0	-1	-1	-1
2419	2231	2232	1	-1	-1	-1
2419	2235	2231	1	-1	-1	-1
2361	2168	2360	1	-1	-1	-1
2421	2234	2235	1	-1	-1	-1
2360	2169	2362	0	-1	-1	-1
2236	2234	2421	0	-1	-1	-1
2266	2313	2317	1	-1	-1	-1
2364	2171	2363	1	-1	-1	-1
2239	2238	2423	1	-1	-1	-1
2424	2240	2239	1	-1	-1	-1
2173	2365	2366	0	-1	-1	-1
2422	2238	2246	1	-1	-1	-1
2240	2426	2241	1	-1	-1	-1
2364	2368	2175	1	-1	-1	-1
2175	2368	2367	1	-1	-1	-1
2369	2176	2367	0	-1	-1	-1
2429	2242	2241	1	-1	-1	-1
2328	2199	2386	1	-1	-1	-1
2372	2362	2180	0	-1	-1	-1
2369	2370	2177	0	-1	-1	-1
2370	2371	2178	0	-1	-1	-1
2432	2244	2243	1	-1	-1	-1
2371	2372	2179	0	-1	-1	-1
2365	2183	2374	0	-1	-1	-1
2247	2244	2433	1	-1	-1	-1
2246	2245	2434	1	-1	-1	-1
2249	2435	2245	1	-1	-1	-1
2200	2344	2386	1	-1	-1	-1
2374	2183	2373	0	-1	-1	-1
2432	2243	2256	1	-1	-1	-1
2247	2436	2248	1	-1	-1	-1
2393	2336	2205	1	-1	-1	-1
2437	2249	2248	1	-1	-1	-1
2377	2376	2191	1	-1	-1	-1
2291	2358	2296	4	-1	-1	-1
2439	2253	2254	1	-1	-1	-1
2251	2257	2438	1	-1	-1	-1
2255	2253	2439	1	-1	-1	-1
2193	2379	2378	0	-1	-1	-1
2297	2296	2358	4	-1	-1	-1
2442	2256	2255	1	-1	-1	-1
2194	2381	2379	0	-1	-1	-1
2195	2378	2382	0	-1	-1	-1
2380	2381	2194	0	-1	-1	-1
2383	2197	2376	0	-1	-1	-1
2385	2380	2198	0	-1	-1	-1
2258	2262	2444	1	-1	-1	-1
2260	2259	2445	1	-1	-1	-1
2384	2198	2383	0	-1	-1	-1
2198	2384	2385	0	-1	-1	-1
2260	2446	2261	1	-1	-1	-1
2259	2263	2445	1	-1	-1	-1
2261	2448	2262	1	-1	-1	-1
2323	2324	2326	1	-1	-1	-1
2258	2444	2273	1	-1	-1	-1
2387	2201	2388	1	-1	-1	-1
2451	2263	2265	1	-1	-1	-1
2202	2390	2388	1	-1	-1	-1
2264	2452	2265	1	-1	-1	-1
2389	2390	2202	1	-1	-1	-1
2452	2264	2266	1	-1	-1	-1
2321	2320	2342	4	-1	-1	-1
2203	2391	2389	1	-1	-1	-1
2322	2321	2341	4	-1	-1	-1
2205	2387	2393	1	-1	-1	-1
2204	2392	2391	1	-1	-1	-1
2267	2455	2269	1	-1	-1	-1
2268	2456	2267	1	-1	-1	-1
2394	2392	2207	0	-1	-1	-1
2394	2208	2395	0	-1	-1	-1
2458	2268	2272	1	-1	-1	-1
2276	2269	2455	1	-1	-1	-1
2271	2459	2270	1	-1	-1	-1
2395	2209	2396	0	-1	-1	-1
2270	2460	2272	1	-1	-1	-1
2341	2321	2342	4	-1	-1	-1
2396	2211	2398	0	-1	-1	-1
2320	2343	2342	4	-1	-1	-1
2398	2211	2397	0	-1	-1	-1
2274	2461	2271	1	-1	-1	-1
2274	2273	2462	1	-1	-1	-1
2219	2382	2409	0	-1	-1	-1
2212	2400	2399	0	-1	-1	-1
2213	2401	2397	0	-1	-1	-1
2213	2399	2402	0	-1	-1	-1
2297	2358	2359	4	-1	-1	-1
2464	2275	2277	1	-1	-1	-1
2401	2213	2402	0	-1	-1	-1
2464	2278	2275	1	-1	-1	-1
2403	2400	2214	0	-1	-1	-1
2277	2276	2465	1	-1	-1	-1
2404	2215	2405	0	-1	-1	-1
2279	2278	2468	1	-1	-1	-1
2405	2216	2406	0	-1	-1	-1
2281	2470	2280	1	-1	-1	-1
2218	2408	2406	0	-1	-1	-1
2279	2468	2285	1	-1	-1	-1
2408	2218	2407	0	-1	-1	-1
2411	2403	2221	0	-1	-1	-1
2281	2284	2470	1	-1	-1	-1
2220	2410	2407	0	-1	-1	-1
2266	2317	2454	1	-1	-1	-1
2283	2471	2284	1	-1	-1	-1
2409	2410	2220	0	-1	-1	-1
2414	2223	2404	0	-1	-1	-1
2288	2472	2283	1	-1	-1	-1
2412	2411	2222	0	-1	-1	-1
2474	2287	2285	1	-1	-1	-1
2222	2413	2412	0	-1	-1	-1
2287	2475	2286	1	-1	-1	-1
2288	2286	2475	1	-1	-1	-1
2413	2223	2414	0	-1	-1	-1
2242	2431	2377	1	-1	-1	-1
2251	2438	2363	1	-1	-1	-1
2415	2224	2416	0	-1	-1	-1
2438	2257	2361	1	-1	-1	-1
2417	2225	2415	0	-1	-1	-1
2290	2289	2478	4	-1	-1	-1
2291	2478	2289	4	-1	-1	-1
2478	2292	2290	1	-1	-1	-1
2440	2254	2366	1	-1	-1	-1
2417	2418	2228	0	-1	-1	-1
2296	2478	2291	4	-1	-1	-1
2478	2295	2292	1	-1	-1	-1
2479	2294	2293	1	-1	-1	-1
2479	2293	2297	1	-1	-1	-1
2478	2296	2295	1	-1	-1	-1
2418	2420	2232	0	-1	-1	-1
2419	2232	2420	0	-1	-1	-1
2416	2236	2421	0	-1	-1	-1
2294	2480	2299	1	-1	-1	-1
2421	2235	2419	1	-1	-1	-1
2482	2298	2299	1	-1	-1	-1
2298	2482	2300	1	-1	-1	-1
2423	2238	2422	1	-1	-1	-1
2300	2483	2301	1	-1	-1	-1
2423	2424	2239	1	-1	-1	-1
2301	2484	2303	1	-1	-1	-1
2425	2240	2424	1	-1	-1	-1
2486	2302	2303	1	-1	-1	-1
2427	2240	2425	1	-1	-1	-1
2486	2305	2302	1	-1	-1	-1
2427	2426	2240	1	-1	-1	-1
2241	2426	2428	1	-1	-1	-1
2304	2305	2488	1	-1	-1	-1
2306	2304	2488	1	-1	-1	-1
2241	2428	2429	1	-1	-1	-1
2429	2430	2242	1	-1	-1	-1
2422	2246	2434	1	-1	-1	-1
2242	2430	2431	1	-1	-1	-1
2491	2307	2306	1	-1	-1	-1
2432	2433	2244	1	-1	-1	-1
2308	2309	2493	1	-1	-1	-1
2311	2307	2492	1	-1	-1	-1
2370	2372	2371	1	-1	-1	-1
2245	2435	2434	1	-1	-1	-1
2309	2312	2494	1	-1	-1	-1
2433	2436	2247	1	-1	-1	-1
2310	2311	2497	1	-1	-1	-1
2312	2310	2496	1	-1	-1	-1
2493	2318	2308	1	-1	-1	-1
2248	2436	2437	1	-1	-1	-1
2249	2437	2435	1	-1	-1	-1
2314	2500	2315	1	-1	-1	-1
2432	2256	2443	1	-1	-1	-1
2314	2316	2501	1	-1	-1	-1
2439	2254	2440	1	-1	-1	-1
2502	2317	2315	1	-1	-1	-1
2479	2297	2359	4	-1	-1	-1
2439	2441	2255	1	-1	-1	-1
2255	2441	2442	1	-1	-1	-1
2318	2504	2316	1	-1	-1	-1
2256	2442	2443	1	-1	-1	-1
2332	2331	2481	4	-1	-1	-1
2506	2320	2319	4	-1	-1	-1
2319	2327	2506	4	-1	-1	-1
2447	2260	2445	1	-1	-1	-1
2446	2260	2447	1	-1	-1	-1
2325	2507	2324	1	-1	-1	-1
2446	2449	2261	1	-1	-1	-1
2444	2262	2450	1	-1	-1	-1
2324	2507	2326	1	-1	-1	-1
2449	2448	2261	1	-1	-1	-1
2263	2451	2445	1	-1	-1	-1
2448	2450	2262	1	-1	-1	-1
2327	2326	2507	1	-1	-1	-1
2508	2325	2328	1	-1	-1	-1
2364	2363	2438	1	-1	-1	-1
2343	2320	2506	4	-1	-1	-1
2451	2265	2453	1	-1	-1	-1
2332	2479	2359	4	-1	-1	-1
2452	2453	2265	1	-1	-1	-1
2412	2347	2411	0	-1	-1	-1
2330	2510	2331	4	-1	-1	-1
2454	2452	2266	1	-1	-1	-1
2456	2455	2267	1	-1	-1	-1
2511	2334	2333	1	-1	-1	-1
2333	2335	2511	1	-1	-1	-1
2273	2444	2462	1	-1	-1	-1
2456	2268	2457	1	-1	-1	-1
2485	2348	2349	1	-1	-1	-1
2351	2348	2483	1	-1	-1	-1
2457	2268	2458	1	-1	-1	-1
2512	2337	2334	1	-1	-1	-1
2377	2431	2376	1	-1	-1	-1
2336	2514	2335	1	-1	-1	-1
2459	2460	2270	1	-1	-1	-1
2460	2458	2272	1	-1	-1	-1
2431	2383	2376	1	-1	-1	-1
2271	2461	2459	1	-1	-1	-1
2351	2510	2330	4	-1	-1	-1
2516	2340	2337	1	-1	-1	-1
2338	2518	2339	1	-1	-1	-1
2340	2517	2338	1	-1	-1	-1
2343	2509	2344	1	-1	-1	-1
2455	2465	2276	1	-1	-1	-1
2461	2274	2463	1	-1	-1	-1
2274	2462	2463	1	-1	-1	-1
2518	2347	2339	1	-1	-1	-1
2464	2277	2467	1	-1	-1	-1
2277	2465	2466	1	-1	-1	-1
2278	2464	2468	1	-1	-1	-1
2345	2346	2519	1	-1	-1	-1
2466	2467	2277	1	-1	-1	-1
2346	2347	2520	1	-1	-1	-1
2280	2470	2469	1	-1	-1	-1
2357	2345	2519	1	-1	-1	-1
2350	2523	2349	4	-1	-1	-1
2509	2328	2386	1	-1	-1	-1
2471	2283	2472	1	-1	-1	-1
2468	2474	2285	1	-1	-1	-1
2350	2353	2524	4	-1	-1	-1
2284	2473	2470	1	-1	-1	-1
2284	2471	2473	1	-1	-1	-1
2352	2525	2353	4	-1	-1	-1
2352	2355	2525	4	-1	-1	-1
2354	2526	2355	4	-1	-1	-1
2354	2356	2527	1	-1	-1	-1
2288	2477	2472	1	-1	-1	-1
2287	2474	2476	1	-1	-1	-1
2476	2475	2287	1	-1	-1	-1
2344	2509	2386	1	-1	-1	-1
2477	2288	2475	1	-1	-1	-1
2357	2529	2356	1	-1	-1	-1
2514	2336	2393	1	-1	-1	-1
2418	2417	2415	0	-1	-1	-1
2416	2420	2415	0	-1	-1	-1
2360	2531	2361	1	-1	-1	-1
2531	2360	2362	1	-1	-1	-1
2418	2415	2420	0	-1	-1	-1
2294	2479	2481	1	-1	-1	-1
2416	2419	2420	0	-1	-1	-1
2481	2480	2294	1	-1	-1	-1
2421	2419	2416	0	-1	-1	-1
2482	2299	2480	1	-1	-1	-1
2368	2364	2532	1	-1	-1	-1
2483	2300	2482	1	-1	-1	-1
2365	2534	2366	0	-1	-1	-1
2372	2533	2362	1	-1	-1	-1
2483	2485	2301	1	-1	-1	-1
2301	2485	2484	1	-1	-1	-1
2536	2367	2368	1	-1	-1	-1
2369	2533	2370	1	-1	-1	-1
2536	2369	2367	1	-1	-1	-1
2317	2502	2454	1	-1	-1	-1
2374	2534	2365	0	-1	-1	-1
2484	2487	2303	1	-1	-1	-1
2370	2533	2372	1	-1	-1	-1
2303	2487	2486	1	-1	-1	-1
2411	2347	2518	0	-1	-1	-1
2347	2412	2520	0	-1	-1	-1
2486	2489	2305	1	-1	-1	-1
2489	2488	2305	1	-1	-1	-1
2537	2374	2373	0	-1	-1	-1
2488	2490	2306	1	-1	-1	-1
2306	2490	2491	1	-1	-1	-1
2491	2492	2307	1	-1	-1	-1
2332	2481	2479	4	-1	-1	-1
2378	2379	2539	0	-1	-1	-1
2493	2309	2495	1	-1	-1	-1
2538	2382	2378	0	-1	-1	-1
2309	2494	2495	1	-1	-1	-1
2492	2498	2311	1	-1	-1	-1
2379	2381	2541	0	-1	-1	-1
2381	2380	2542	0	-1	-1	-1
2496	2310	2497	1	-1	-1	-1
2499	2494	2312	1	-1	-1	-1
2311	2498	2497	1	-1	-1	-1
2496	2499	2312	1	-1	-1	-1
2385	2542	2380	0	-1	-1	-1
2545	2384	2383	1	-1	-1	-1
2515	2399	2400	0	-1	-1	-1
2501	2500	2314	1	-1	-1	-1
2385	2384	2546	0	-1	-1	-1
2493	2505	2318	1	-1	-1	-1
2483	2348	2485	1	-1	-1	-1
2513	2401	2402	1	-1	-1	-1
2515	2402	2399	0	-1	-1	-1
2482	2351	2483	1	-1	-1	-1
2315	2500	2503	1	-1	-1	-1
2400	2403	2516	0	-1	-1	-1
2503	2502	2315	1	-1	-1	-1
2504	2501	2316	1	-1	-1	-1
2510	2481	2331	4	-1	-1	-1
2387	2388	2549	1	-1	-1	-1
2504	2318	2505	1	-1	-1	-1
2388	2390	2550	1	-1	-1	-1
2549	2393	2387	1	-1	-1	-1
2390	2389	2551	1	-1	-1	-1
2361	2532	2438	1	-1	-1	-1
2389	2391	2552	1	-1	-1	-1
2518	2403	2411	0	-1	-1	-1
2364	2438	2532	1	-1	-1	-1
2409	2382	2544	0	-1	-1	-1
2391	2392	2552	1	-1	-1	-1
2325	2508	2507	1	-1	-1	-1
2440	2366	2535	1	-1	-1	-1
2394	2555	2392	0	-1	-1	-1
2327	2508	2506	1	-1	-1	-1
2508	2327	2507	1	-1	-1	-1
2510	2351	2482	1	-1	-1	-1
2509	2508	2328	1	-1	-1	-1
2394	2395	2557	0	-1	-1	-1
2395	2396	2558	0	-1	-1	-1
2396	2398	2559	0	-1	-1	-1
2397	2560	2398	0	-1	-1	-1
2522	2485	2349	1	-1	-1	-1
2444	2450	2462	1	-1	-1	-1
2511	2513	2334	1	-1	-1	-1
2401	2560	2397	0	-1	-1	-1
2506	2509	2343	1	-1	-1	-1
2383	2431	2545	1	-1	-1	-1
2334	2513	2512	1	-1	-1	-1
2453	2452	2454	1	-1	-1	-1
2511	2335	2514	1	-1	-1	-1
2512	2515	2337	1	-1	-1	-1
2337	2515	2516	1	-1	-1	-1
2404	2405	2563	0	-1	-1	-1
2340	2516	2517	1	-1	-1	-1
2518	2338	2517	1	-1	-1	-1
2405	2406	2565	0	-1	-1	-1
2408	2567	2406	0	-1	-1	-1
2404	2564	2414	0	-1	-1	-1
2407	2568	2408	0	-1	-1	-1
2346	2521	2519	1	-1	-1	-1
2569	2407	2410	0	-1	-1	-1
2521	2346	2520	1	-1	-1	-1
2409	2571	2410	0	-1	-1	-1
2523	2522	2349	1	-1	-1	-1
2350	2524	2523	4	-1	-1	-1
2412	2413	2573	0	-1	-1	-1
2524	2353	2525	4	-1	-1	-1
2413	2414	2575	0	-1	-1	-1
2431	2430	2545	1	-1	-1	-1
2474	2468	2464	1	-1	-1	-1
2530	2357	2519	1	-1	-1	-1
2526	2354	2527	1	-1	-1	-1
2525	2355	2528	4	-1	-1	-1
2526	2528	2355	4	-1	-1	-1
2529	2527	2356	1	-1	-1	-1
2530	2529	2357	1	-1	-1	-1
2423	2422	2577	1	-1	-1	-1
2423	2578	2424	1	-1	-1	-1
2361	2531	2532	1	-1	-1	-1
2533	2531	2362	1	-1	-1	-1
2402	2512	2513	1	-1	-1	-1
2512	2402	2515	1	-1	-1	-1
2424	2580	2425	1	-1	-1	-1
2400	2516	2515	0	-1	-1	-1
2422	2434	2577	1	-1	-1	-1
2425	2582	2427	1	-1	-1	-1
2534	2535	2366	0	-1	-1	-1
2532	2536	2368	1	-1	-1	-1
2516	2403	2517	0	-1	-1	-1
2426	2583	2428	1	-1	-1	-1
2427	2584	2426	1	-1	-1	-1
2517	2403	2518	0	-1	-1	-1
2369	2536	2533	1	-1	-1	-1
2428	2587	2429	1	-1	-1	-1
2534	2374	2537	0	-1	-1	-1
2429	2588	2430	1	-1	-1	-1
2539	2538	2378	0	-1	-1	-1
2433	2432	2590	1	-1	-1	-1
2379	2540	2539	0	-1	-1	-1
2541	2540	2379	0	-1	-1	-1
2436	2433	2593	1	-1	-1	-1
2435	2594	2434	1	-1	-1	-1
2393	2556	2514	1	-1	-1	-1
2544	2382	2538	0	-1	-1	-1
2543	2541	2381	0	-1	-1	-1
2443	2591	2432	1	-1	-1	-1
2542	2543	2381	0	-1	-1	-1
2490	2488	2489	1	-1	-1	-1
2437	2595	2435	1	-1	-1	-1
2437	2436	2596	1	-1	-1	-1
2481	2510	2480	1	-1	-1	-1
2482	2480	2510	1	-1	-1	-1
2542	2385	2548	0	-1	-1	-1
2591	2443	2442	1	-1	-1	-1
2401	2513	2562	1	-1	-1	-1
2545	2547	2384	1	-1	-1	-1
2384	2547	2546	1	-1	-1	-1
2598	2439	2440	1	-1	-1	-1
2598	2441	2439	1	-1	-1	-1
2546	2548	2385	0	-1	-1	-1
2441	2600	2442	1	-1	-1	-1
2388	2550	2549	1	-1	-1	-1
2485	2522	2484	1	-1	-1	-1
2552	2551	2389	1	-1	-1	-1
2554	2550	2390	1	-1	-1	-1
2390	2551	2553	1	-1	-1	-1
2447	2445	2603	1	-1	-1	-1
2604	2446	2447	1	-1	-1	-1
2554	2390	2553	1	-1	-1	-1
2556	2393	2549	1	-1	-1	-1
2604	2449	2446	1	-1	-1	-1
2603	2445	2451	1	-1	-1	-1
2552	2392	2555	0	-1	-1	-1
2448	2449	2607	1	-1	-1	-1
2607	2450	2448	1	-1	-1	-1
2573	2520	2412	0	-1	-1	-1
2555	2394	2557	0	-1	-1	-1
2395	2558	2557	0	-1	-1	-1
2559	2558	2396	0	-1	-1	-1
2451	2453	2612	1	-1	-1	-1
2559	2398	2561	0	-1	-1	-1
2560	2561	2398	0	-1	-1	-1
2450	2609	2462	1	-1	-1	-1
2454	2615	2453	1	-1	-1	-1
2560	2401	2562	1	-1	-1	-1
2508	2509	2506	1	-1	-1	-1
2572	2409	2544	0	-1	-1	-1
2456	2616	2455	1	-1	-1	-1
2456	2457	2617	1	-1	-1	-1
2404	2563	2564	0	-1	-1	-1
2405	2565	2563	0	-1	-1	-1
2618	2457	2458	1	-1	-1	-1
2463	2462	2609	1	-1	-1	-1
2465	2455	2616	1	-1	-1	-1
2406	2566	2565	0	-1	-1	-1
2458	2460	2620	1	-1	-1	-1
2566	2406	2567	0	-1	-1	-1
2621	2460	2459	1	-1	-1	-1
2621	2459	2461	1	-1	-1	-1
2568	2407	2569	0	-1	-1	-1
2408	2570	2567	0	-1	-1	-1
2568	2570	2408	0	-1	-1	-1
2623	2461	2463	1	-1	-1	-1
2571	2569	2410	0	-1	-1	-1
2571	2409	2572	0	-1	-1	-1
2576	2414	2564	0	-1	-1	-1
2467	2624	2464	1	-1	-1	-1
2466	2465	2625	1	-1	-1	-1
2467	2466	2626	1	-1	-1	-1
2413	2574	2573	0	-1	-1	-1
2574	2413	2575	0	-1	-1	-1
2474	2464	2624	1	-1	-1	-1
2589	2545	2430	1	-1	-1	-1
2576	2575	2414	0	-1	-1	-1
2469	2470	2628	1	-1	-1	-1
2628	2470	2473	1	-1	-1	-1
2502	2615	2454	1	-1	-1	-1
2629	2471	2472	1	-1	-1	-1
2440	2535	2599	1	-1	-1	-1
2471	2630	2473	1	-1	-1	-1
2579	2423	2577	1	-1	-1	-1
2472	2477	2631	1	-1	-1	-1
2423	2579	2578	1	-1	-1	-1
2580	2424	2578	1	-1	-1	-1
2474	2634	2476	1	-1	-1	-1
2476	2635	2475	1	-1	-1	-1
2511	2562	2513	1	-1	-1	-1
2425	2580	2581	1	-1	-1	-1
2511	2514	2562	1	-1	-1	-1
2477	2475	2636	1	-1	-1	-1
2582	2425	2581	1	-1	-1	-1
2426	2584	2583	1	-1	-1	-1
2427	2582	2585	1	-1	-1	-1
2584	2427	2585	1	-1	-1	-1
2583	2586	2428	1	-1	-1	-1
2532	2531	2536	1	-1	-1	-1
2533	2536	2531	1	-1	-1	-1
2428	2586	2587	1	-1	-1	-1
2588	2429	2587	1	-1	-1	-1
2434	2594	2577	1	-1	-1	-1
2484	2638	2487	1	-1	-1	-1
2588	2589	2430	1	-1	-1	-1
2641	2486	2487	1	-1	-1	-1
2592	2590	2432	1	-1	-1	-1
2432	2591	2592	1	-1	-1	-1
2486	2640	2489	1	-1	-1	-1
2590	2593	2433	1	-1	-1	-1
2490	2489	2643	1	-1	-1	-1
2594	2435	2595	1	-1	-1	-1
2436	2593	2596	1	-1	-1	-1
2644	2491	2490	1	-1	-1	-1
2491	2645	2492	1	-1	-1	-1
2595	2437	2597	1	-1	-1	-1
2597	2437	2596	1	-1	-1	-1
2556	2562	2514	1	-1	-1	-1
2591	2442	2602	1	-1	-1	-1
2498	2492	2646	1	-1	-1	-1
2493	2495	2648	1	-1	-1	-1
2599	2598	2440	1	-1	-1	-1
2650	2495	2494	1	-1	-1	-1
2441	2598	2601	1	-1	-1	-1
2601	2600	2441	1	-1	-1	-1
2499	2650	2494	1	-1	-1	-1
2600	2602	2442	1	-1	-1	-1
2484	2522	2638	1	-1	-1	-1
2647	2505	2493	1	-1	-1	-1
2497	2654	2496	1	-1	-1	-1
2653	2499	2496	1	-1	-1	-1
2655	2497	2498	1	-1	-1	-1
2605	2604	2447	1	-1	-1	-1
2603	2606	2447	1	-1	-1	-1
2657	2500	2501	1	-1	-1	-1
2606	2605	2447	1	-1	-1	-1
2500	2657	2503	1	-1	-1	-1
2604	2608	2449	1	-1	-1	-1
2501	2504	2658	1	-1	-1	-1
2608	2607	2449	1	-1	-1	-1
2502	2503	2660	1	-1	-1	-1
2612	2603	2451	1	-1	-1	-1
2450	2607	2611	1	-1	-1	-1
2609	2450	2610	1	-1	-1	-1
2450	2611	2610	1	-1	-1	-1
2504	2505	2663	1	-1	-1	-1
2560	2556	2561	1	-1	-1	-1
2562	2556	2560	1	-1	-1	-1
2614	2612	2453	1	-1	-1	-1
2453	2613	2614	1	-1	-1	-1
2589	2547	2545	1	-1	-1	-1
2453	2615	2613	1	-1	-1	-1
2523	2638	2522	1	-1	-1	-1
2616	2456	2617	1	-1	-1	-1
2457	2619	2617	1	-1	-1	-1
2457	2618	2619	1	-1	-1	-1
2609	2623	2463	1	-1	-1	-1
2458	2620	2618	1	-1	-1	-1
2620	2460	2621	1	-1	-1	-1
2621	2461	2622	1	-1	-1	-1
2521	2665	2519	1	-1	-1	-1
2616	2625	2465	1	-1	-1	-1
2461	2623	2622	1	-1	-1	-1
2520	2666	2521	1	-1	-1	-1
2530	2519	2665	1	-1	-1	-1
2524	2668	2523	4	-1	-1	-1
2625	2626	2466	1	-1	-1	-1
2626	2624	2467	1	-1	-1	-1
2524	2525	2669	4	-1	-1	-1
2525	2528	2669	4	-1	-1	-1
2671	2526	2527	1	-1	-1	-1
2670	2528	2526	4	-1	-1	-1
2628	2627	2469	1	-1	-1	-1
2527	2529	2672	1	-1	-1	-1
2471	2629	2630	1	-1	-1	-1
2530	2672	2529	1	-1	-1	-1
2634	2474	2624	1	-1	-1	-1
2629	2472	2632	1	-1	-1	-1
2473	2633	2628	1	-1	-1	-1
2472	2631	2632	1	-1	-1	-1
2633	2473	2630	1	-1	-1	-1
2636	2631	2477	1	-1	-1	-1
2535	2534	2676	0	-1	-1	-1
2636	2475	2635	1	-1	-1	-1
2534	2537	2676	0	-1	-1	-1
2476	2634	2637	1	-1	-1	-1
2637	2635	2476	1	-1	-1	-1
2539	2680	2538	0	-1	-1	-1
2666	2520	2573	0	-1	-1	-1
2540	2681	2539	0	-1	-1	-1
2679	2544	2538	0	-1	-1	-1
2540	2541	2682	0	-1	-1	-1
2640	2486	2639	1	-1	-1	-1
2641	2639	2486	1	-1	-1	-1
2638	2642	2487	1	-1	-1	-1
2684	2541	2543	0	-1	-1	-1
2642	2641	2487	1	-1	-1	-1
2542	2685	2543	0	-1	-1	-1
2643	2489	2640	1	-1	-1	-1
2542	2548	2686	0	-1	-1	-1
2502	2660	2615	1	-1	-1	-1
2643	2644	2490	1	-1	-1	-1
2645	2491	2644	1	-1	-1	-1
2546	2547	2689	1	-1	-1	-1
2546	2688	2548	0	-1	-1	-1
2645	2646	2492	1	-1	-1	-1
2649	2647	2493	1	-1	-1	-1
2549	2550	2691	1	-1	-1	-1
2648	2649	2493	1	-1	-1	-1
2648	2495	2652	1	-1	-1	-1
2552	2693	2551	0	-1	-1	-1
2495	2650	2651	1	-1	-1	-1
2550	2554	2692	1	-1	-1	-1
2549	2691	2556	1	-1	-1	-1
2553	2551	2693	0	-1	-1	-1
2652	2495	2651	1	-1	-1	-1
2646	2655	2498	1	-1	-1	-1
2693	2552	2555	0	-1	-1	-1
2554	2553	2694	0	-1	-1	-1
2572	2544	2687	0	-1	-1	-1
2654	2653	2496	1	-1	-1	-1
2650	2499	2656	1	-1	-1	-1
2555	2557	2694	0	-1	-1	-1
2655	2654	2497	1	-1	-1	-1
2499	2653	2656	1	-1	-1	-1
2691	2561	2556	1	-1	-1	-1
2695	2557	2558	0	-1	-1	-1
2677	2599	2535	1	-1	-1	-1
2558	2559	2695	0	-1	-1	-1
2692	2559	2561	0	-1	-1	-1
2505	2647	2663	1	-1	-1	-1
2659	2657	2501	1	-1	-1	-1
2659	2501	2658	1	-1	-1	-1
2603	2612	2606	1	-1	-1	-1
2503	2657	2662	1	-1	-1	-1
2564	2563	2696	0	-1	-1	-1
2503	2661	2660	1	-1	-1	-1
2565	2697	2563	0	-1	-1	-1
2664	2658	2504	1	-1	-1	-1
2503	2662	2661	1	-1	-1	-1
2589	2690	2547	1	-1	-1	-1
2697	2565	2566	0	-1	-1	-1
2521	2643	2665	1	-1	-1	-1
2638	2523	2668	1	-1	-1	-1
2521	2667	2643	1	-1	-1	-1
2663	2664	2504	1	-1	-1	-1
2606	2612	2614	1	-1	-1	-1
2566	2567	2700	0	-1	-1	-1
2698	2576	2564	0	-1	-1	-1
2567	2570	2702	0	-1	-1	-1
2569	2704	2568	0	-1	-1	-1
2705	2570	2568	0	-1	-1	-1
2571	2706	2569	0	-1	-1	-1
2572	2708	2571	0	-1	-1	-1
2619	2616	2617	1	-1	-1	-1
2521	2666	2667	1	-1	-1	-1
2573	2574	2712	0	-1	-1	-1
2669	2668	2524	4	-1	-1	-1
2713	2574	2575	0	-1	-1	-1
2714	2575	2576	0	-1	-1	-1
2526	2671	2670	1	-1	-1	-1
2675	2530	2665	1	-1	-1	-1
2671	2527	2672	1	-1	-1	-1
2669	2528	2673	4	-1	-1	-1
2673	2528	2670	4	-1	-1	-1
2579	2577	2716	1	-1	-1	-1
2579	2717	2578	1	-1	-1	-1
2717	2580	2578	1	-1	-1	-1
2674	2672	2530	1	-1	-1	-1
2530	2675	2674	1	-1	-1	-1
2580	2720	2581	1	-1	-1	-1
2634	2624	2626	1	-1	-1	-1
2721	2582	2581	1	-1	-1	-1
2594	2716	2577	1	-1	-1	-1
2677	2535	2676	0	-1	-1	-1
2627	2628	2633	1	-1	-1	-1
2537	2678	2676	0	-1	-1	-1
2724	2585	2582	1	-1	-1	-1
2726	2583	2584	1	-1	-1	-1
2586	2583	2725	1	-1	-1	-1
2727	2584	2585	1	-1	-1	-1
2538	2680	2679	0	-1	-1	-1
2681	2680	2539	0	-1	-1	-1
2728	2587	2586	1	-1	-1	-1
2683	2681	2540	0	-1	-1	-1
2588	2587	2729	1	-1	-1	-1
2682	2683	2540	0	-1	-1	-1
2684	2682	2541	0	-1	-1	-1
2731	2589	2588	1	-1	-1	-1
2687	2544	2679	0	-1	-1	-1
2684	2543	2685	0	-1	-1	-1
2685	2542	2686	0	-1	-1	-1
2592	2732	2590	1	-1	-1	-1
2593	2590	2732	1	-1	-1	-1
2733	2592	2591	1	-1	-1	-1
2688	2686	2548	0	-1	-1	-1
2688	2546	2689	1	-1	-1	-1
2596	2593	2735	1	-1	-1	-1
2547	2690	2689	1	-1	-1	-1
2733	2591	2602	1	-1	-1	-1
2595	2737	2594	1	-1	-1	-1
2735	2597	2596	1	-1	-1	-1
2738	2595	2597	1	-1	-1	-1
2550	2692	2691	1	-1	-1	-1
2599	2740	2598	1	-1	-1	-1
2601	2598	2740	1	-1	-1	-1
2693	2694	2553	0	-1	-1	-1
2695	2692	2554	0	-1	-1	-1
2694	2693	2555	0	-1	-1	-1
2554	2694	2695	0	-1	-1	-1
2742	2600	2601	1	-1	-1	-1
2600	2741	2602	1	-1	-1	-1
2691	2692	2561	1	-1	-1	-1
2694	2557	2695	0	-1	-1	-1
2559	2692	2695	0	-1	-1	-1
2642	2638	2668	1	-1	-1	-1
2640	2665	2643	1	-1	-1	-1
2711	2666	2573	0	-1	-1	-1
2639	2675	2640	1	-1	-1	-1
2644	2643	2667	1	-1	-1	-1
2747	2604	2605	1	-1	-1	-1
2697	2696	2563	0	-1	-1	-1
2608	2604	2746	1	-1	-1	-1
2564	2696	2699	0	-1	-1	-1
2605	2606	2749	1	-1	-1	-1
2564	2699	2698	0	-1	-1	-1
2697	2566	2701	0	-1	-1	-1
2607	2608	2750	1	-1	-1	-1
2566	2700	2701	0	-1	-1	-1
2572	2687	2709	0	-1	-1	-1
2611	2607	2750	1	-1	-1	-1
2606	2614	2749	1	-1	-1	-1
2700	2567	2703	0	-1	-1	-1
2752	2609	2610	1	-1	-1	-1
2567	2702	2703	0	-1	-1	-1
2754	2610	2611	1	-1	-1	-1
2704	2705	2568	0	-1	-1	-1
2707	2702	2570	0	-1	-1	-1
2706	2704	2569	0	-1	-1	-1
2640	2675	2665	1	-1	-1	-1
2570	2705	2707	0	-1	-1	-1
2614	2613	2756	1	-1	-1	-1
2613	2615	2756	1	-1	-1	-1
2623	2609	2752	1	-1	-1	-1
2706	2571	2708	0	-1	-1	-1
2698	2714	2576	0	-1	-1	-1
2710	2708	2572	0	-1	-1	-1
2572	2709	2710	0	-1	-1	-1
2757	2616	2619	1	-1	-1	-1
2619	2618	2758	1	-1	-1	-1
2711	2573	2712	0	-1	-1	-1
2618	2620	2759	1	-1	-1	-1
2757	2625	2616	1	-1	-1	-1
2712	2574	2713	0	-1	-1	-1
2713	2575	2715	0	-1	-1	-1
2762	2620	2621	1	-1	-1	-1
2575	2714	2715	0	-1	-1	-1
2763	2621	2622	1	-1	-1	-1
2764	2622	2623	1	-1	-1	-1
2690	2589	2731	1	-1	-1	-1
2718	2579	2716	1	-1	-1	-1
2718	2717	2579	1	-1	-1	-1
2599	2677	2740	1	-1	-1	-1
2580	2717	2719	1	-1	-1	-1
2625	2766	2626	1	-1	-1	-1
2580	2719	2720	1	-1	-1	-1
2721	2581	2720	1	-1	-1	-1
2721	2722	2582	1	-1	-1	-1
2582	2722	2723	1	-1	-1	-1
2634	2626	2768	1	-1	-1	-1
2627	2633	2769	1	-1	-1	-1
2724	2582	2723	1	-1	-1	-1
2629	2770	2630	1	-1	-1	-1
2660	2756	2615	1	-1	-1	-1
2770	2629	2632	1	-1	-1	-1
2725	2583	2726	1	-1	-1	-1
2771	2633	2630	1	-1	-1	-1
2585	2724	2727	1	-1	-1	-1
2632	2631	2773	1	-1	-1	-1
2584	2727	2726	1	-1	-1	-1
2725	2728	2586	1	-1	-1	-1
2772	2631	2636	1	-1	-1	-1
2768	2637	2634	1	-1	-1	-1
2587	2728	2730	1	-1	-1	-1
2736	2716	2594	1	-1	-1	-1
2775	2636	2635	1	-1	-1	-1
2587	2730	2729	1	-1	-1	-1
2775	2635	2637	1	-1	-1	-1
2731	2588	2729	1	-1	-1	-1
2641	2778	2639	1	-1	-1	-1
2734	2732	2592	1	-1	-1	-1
2592	2733	2734	1	-1	-1	-1
2593	2732	2735	1	-1	-1	-1
2642	2779	2641	1	-1	-1	-1
2594	2737	2736	1	-1	-1	-1
2595	2738	2737	1	-1	-1	-1
2735	2739	2597	1	-1	-1	-1
2644	2783	2645	1	-1	-1	-1
2597	2739	2738	1	-1	-1	-1
2646	2645	2784	1	-1	-1	-1
2745	2733	2602	1	-1	-1	-1
2600	2742	2741	1	-1	-1	-1
2649	2788	2647	1	-1	-1	-1
2740	2743	2601	1	-1	-1	-1
2742	2601	2743	1	-1	-1	-1
2790	2649	2648	1	-1	-1	-1
2741	2744	2602	1	-1	-1	-1
2655	2646	2787	1	-1	-1	-1
2789	2648	2652	1	-1	-1	-1
2602	2744	2745	1	-1	-1	-1
2668	2782	2642	1	-1	-1	-1
2778	2675	2639	1	-1	-1	-1
2650	2793	2651	1	-1	-1	-1
2667	2783	2644	1	-1	-1	-1
2651	2794	2652	1	-1	-1	-1
2747	2746	2604	1	-1	-1	-1
2647	2788	2663	1	-1	-1	-1
2793	2650	2656	1	-1	-1	-1
2747	2605	2748	1	-1	-1	-1
2749	2748	2605	1	-1	-1	-1
2654	2798	2653	1	-1	-1	-1
2746	2751	2608	1	-1	-1	-1
2797	2656	2653	1	-1	-1	-1
2751	2750	2608	1	-1	-1	-1
2654	2655	2800	1	-1	-1	-1
2610	2753	2752	1	-1	-1	-1
2611	2750	2755	1	-1	-1	-1
2610	2754	2753	1	-1	-1	-1
2657	2659	2802	1	-1	-1	-1
2782	2668	2669	4	-1	-1	-1
2614	2756	2749	1	-1	-1	-1
2801	2662	2657	1	-1	-1	-1
2803	2659	2658	1	-1	-1	-1
2611	2755	2754	1	-1	-1	-1
2673	2782	2669	4	-1	-1	-1
2661	2804	2660	1	-1	-1	-1
2803	2658	2664	1	-1	-1	-1
2674	2675	2778	1	-1	-1	-1
2661	2662	2805	1	-1	-1	-1
2808	2664	2663	1	-1	-1	-1
2759	2758	2618	1	-1	-1	-1
2619	2760	2757	1	-1	-1	-1
2758	2761	2619	1	-1	-1	-1
2752	2765	2623	1	-1	-1	-1
2760	2619	2761	1	-1	-1	-1
2762	2759	2620	1	-1	-1	-1
2666	2810	2667	1	-1	-1	-1
2709	2725	2710	0	-1	-1	-1
2763	2762	2621	1	-1	-1	-1
2757	2766	2625	1	-1	-1	-1
2763	2622	2764	1	-1	-1	-1
2671	2811	2670	1	-1	-1	-1
2623	2765	2764	1	-1	-1	-1
2673	2670	2812	4	-1	-1	-1
2672	2813	2671	1	-1	-1	-1
2813	2672	2674	1	-1	-1	-1
2767	2626	2766	1	-1	-1	-1
2626	2767	2768	1	-1	-1	-1
2726	2710	2725	0	-1	-1	-1
2709	2728	2725	0	-1	-1	-1
2677	2676	2816	0	-1	-1	-1
2678	2816	2676	0	-1	-1	-1
2771	2630	2770	1	-1	-1	-1
2769	2633	2771	1	-1	-1	-1
2774	2770	2632	1	-1	-1	-1
2631	2772	2773	1	-1	-1	-1
2774	2632	2773	1	-1	-1	-1
2820	2679	2680	0	-1	-1	-1
2681	2821	2680	0	-1	-1	-1
2637	2768	2777	1	-1	-1	-1
2636	2776	2772	1	-1	-1	-1
2696	2697	2792	1	-1	-1	-1
2687	2679	2819	0	-1	-1	-1
2683	2822	2681	0	-1	-1	-1
2699	2696	2791	1	-1	-1	-1
2636	2775	2776	1	-1	-1	-1
2711	2810	2666	0	-1	-1	-1
2682	2823	2683	0	-1	-1	-1
2777	2775	2637	1	-1	-1	-1
2823	2682	2684	0	-1	-1	-1
2684	2685	2825	0	-1	-1	-1
2686	2826	2685	0	-1	-1	-1
2641	2780	2778	1	-1	-1	-1
2641	2779	2780	1	-1	-1	-1
2827	2686	2688	0	-1	-1	-1
2642	2781	2779	1	-1	-1	-1
2782	2781	2642	1	-1	-1	-1
2829	2688	2689	1	-1	-1	-1
2830	2689	2690	1	-1	-1	-1
2783	2785	2645	1	-1	-1	-1
2785	2784	2645	1	-1	-1	-1
2786	2646	2784	1	-1	-1	-1
2646	2786	2787	1	-1	-1	-1
2660	2804	2756	1	-1	-1	-1
2828	2709	2687	0	-1	-1	-1
2714	2796	2715	0	-1	-1	-1
2648	2789	2790	1	-1	-1	-1
2788	2649	2792	1	-1	-1	-1
2832	2697	2701	1	-1	-1	-1
2649	2790	2791	1	-1	-1	-1
2699	2833	2698	0	-1	-1	-1
2792	2649	2791	1	-1	-1	-1
2677	2817	2740	1	-1	-1	-1
2701	2700	2834	0	-1	-1	-1
2652	2796	2789	1	-1	-1	-1
2834	2700	2703	0	-1	-1	-1
2795	2651	2793	1	-1	-1	-1
2651	2795	2794	1	-1	-1	-1
2836	2703	2702	0	-1	-1	-1
2796	2652	2794	1	-1	-1	-1
2800	2655	2787	1	-1	-1	-1
2714	2698	2833	0	-1	-1	-1
2836	2702	2707	0	-1	-1	-1
2797	2793	2656	1	-1	-1	-1
2838	2705	2704	0	-1	-1	-1
2653	2798	2797	1	-1	-1	-1
2838	2704	2706	0	-1	-1	-1
2839	2707	2705	0	-1	-1	-1
2690	2731	2830	1	-1	-1	-1
2706	2708	2842	0	-1	-1	-1
2654	2799	2798	1	-1	-1	-1
2751	2755	2750	1	-1	-1	-1
2654	2800	2799	1	-1	-1	-1
2663	2788	2808	1	-1	-1	-1
2810	2783	2667	1	-1	-1	-1
2708	2710	2842	0	-1	-1	-1
2801	2657	2802	1	-1	-1	-1
2803	2802	2659	1	-1	-1	-1
2709	2828	2728	0	-1	-1	-1
2674	2778	2815	1	-1	-1	-1
2814	2782	2673	4	-1	-1	-1
2753	2765	2752	1	-1	-1	-1
2807	2662	2801	1	-1	-1	-1
2712	2847	2711	0	-1	-1	-1
2804	2661	2806	1	-1	-1	-1
2805	2806	2661	1	-1	-1	-1
2712	2713	2848	0	-1	-1	-1
2805	2662	2807	1	-1	-1	-1
2803	2664	2809	1	-1	-1	-1
2848	2713	2715	0	-1	-1	-1
2710	2726	2842	0	-1	-1	-1
2791	2696	2792	1	-1	-1	-1
2699	2791	2790	1	-1	-1	-1
2664	2808	2809	1	-1	-1	-1
2716	2849	2718	1	-1	-1	-1
2717	2718	2850	1	-1	-1	-1
2828	2730	2728	0	-1	-1	-1
2717	2850	2719	1	-1	-1	-1
2724	2841	2727	0	-1	-1	-1
2812	2670	2811	1	-1	-1	-1
2720	2719	2854	1	-1	-1	-1
2727	2842	2726	0	-1	-1	-1
2811	2671	2813	1	-1	-1	-1
2720	2855	2721	1	-1	-1	-1
2673	2812	2814	4	-1	-1	-1
2722	2721	2857	1	-1	-1	-1
2849	2716	2736	1	-1	-1	-1
2815	2813	2674	1	-1	-1	-1
2723	2722	2859	1	-1	-1	-1
2794	2715	2796	0	-1	-1	-1
2723	2860	2724	1	-1	-1	-1
2816	2817	2677	0	-1	-1	-1
2678	2818	2816	0	-1	-1	-1
2679	2820	2819	0	-1	-1	-1
2831	2792	2697	1	-1	-1	-1
2680	2821	2820	0	-1	-1	-1
2790	2833	2699	1	-1	-1	-1
2731	2729	2863	1	-1	-1	-1
2864	2729	2730	1	-1	-1	-1
2822	2821	2681	0	-1	-1	-1
2683	2824	2822	0	-1	-1	-1
2683	2823	2824	0	-1	-1	-1
2825	2823	2684	0	-1	-1	-1
2734	2867	2732	1	-1	-1	-1
2828	2687	2819	0	-1	-1	-1
2732	2867	2735	1	-1	-1	-1
2733	2868	2734	1	-1	-1	-1
2825	2685	2826	0	-1	-1	-1
2826	2686	2827	0	-1	-1	-1
2833	2796	2714	0	-1	-1	-1
2871	2736	2737	1	-1	-1	-1
2735	2870	2739	1	-1	-1	-1
2688	2829	2827	1	-1	-1	-1
2733	2745	2868	1	-1	-1	-1
2738	2872	2737	1	-1	-1	-1
2689	2830	2829	1	-1	-1	-1
2738	2739	2874	1	-1	-1	-1
2794	2848	2715	0	-1	-1	-1
2740	2875	2743	1	-1	-1	-1
2876	2741	2742	1	-1	-1	-1
2697	2832	2831	1	-1	-1	-1
2741	2876	2744	1	-1	-1	-1
2742	2743	2878	1	-1	-1	-1
2810	2711	2846	0	-1	-1	-1
2835	2832	2701	1	-1	-1	-1
2744	2879	2745	1	-1	-1	-1
2835	2701	2834	1	-1	-1	-1
2780	2815	2778	1	-1	-1	-1
2837	2834	2703	0	-1	-1	-1
2747	2882	2746	1	-1	-1	-1
2837	2703	2836	0	-1	-1	-1
2782	2814	2781	1	-1	-1	-1
2747	2748	2883	1	-1	-1	-1
2746	2881	2751	1	-1	-1	-1
2748	2749	2885	1	-1	-1	-1
2840	2705	2838	0	-1	-1	-1
2840	2839	2705	0	-1	-1	-1
2706	2843	2838	0	-1	-1	-1
2844	2836	2707	0	-1	-1	-1
2841	2706	2842	0	-1	-1	-1
2843	2706	2841	0	-1	-1	-1
2756	2885	2749	1	-1	-1	-1
2839	2845	2707	0	-1	-1	-1
2887	2755	2751	1	-1	-1	-1
2888	2753	2754	1	-1	-1	-1
2887	2754	2755	1	-1	-1	-1
2844	2707	2845	0	-1	-1	-1
2846	2711	2847	0	-1	-1	-1
2847	2712	2848	0	-1	-1	-1
2753	2889	2765	1	-1	-1	-1
2843	2841	2724	0	-1	-1	-1
2757	2760	2892	1	-1	-1	-1
2759	2893	2758	1	-1	-1	-1
2727	2841	2842	0	-1	-1	-1
2833	2790	2789	1	-1	-1	-1
2761	2892	2760	1	-1	-1	-1
2758	2894	2761	1	-1	-1	-1
2766	2757	2892	1	-1	-1	-1
2895	2759	2762	1	-1	-1	-1
2789	2796	2833	1	-1	-1	-1
2852	2718	2849	1	-1	-1	-1
2718	2851	2850	1	-1	-1	-1
2851	2718	2852	1	-1	-1	-1
2719	2850	2853	1	-1	-1	-1
2730	2828	2865	0	-1	-1	-1
2897	2762	2763	1	-1	-1	-1
2764	2898	2763	1	-1	-1	-1
2853	2854	2719	1	-1	-1	-1
2731	2866	2830	1	-1	-1	-1
2765	2899	2764	1	-1	-1	-1
2862	2843	2724	0	-1	-1	-1
2720	2854	2856	1	-1	-1	-1
2856	2855	2720	1	-1	-1	-1
2875	2740	2817	1	-1	-1	-1
2767	2766	2900	1	-1	-1	-1
2855	2857	2721	1	-1	-1	-1
2858	2722	2857	1	-1	-1	-1
2848	2794	2795	0	-1	-1	-1
2902	2768	2767	1	-1	-1	-1
2722	2858	2859	1	-1	-1	-1
2859	2861	2723	1	-1	-1	-1
2771	2904	2769	1	-1	-1	-1
2860	2723	2861	1	-1	-1	-1
2862	2724	2860	0	-1	-1	-1
2771	2770	2907	1	-1	-1	-1
2768	2903	2777	1	-1	-1	-1
2770	2774	2906	1	-1	-1	-1
2756	2804	2891	1	-1	-1	-1
2772	2908	2773	1	-1	-1	-1
2909	2774	2773	1	-1	-1	-1
2863	2729	2864	1	-1	-1	-1
2908	2772	2776	1	-1	-1	-1
2871	2849	2736	1	-1	-1	-1
2730	2865	2864	0	-1	-1	-1
2866	2731	2863	1	-1	-1	-1
2911	2775	2777	1	-1	-1	-1
2912	2776	2775	1	-1	-1	-1
2869	2867	2734	1	-1	-1	-1
2868	2869	2734	1	-1	-1	-1
2824	2823	2825	0	-1	-1	-1
2870	2735	2867	1	-1	-1	-1
2915	2780	2779	1	-1	-1	-1
2915	2779	2781	1	-1	-1	-1
2872	2871	2737	1	-1	-1	-1
2738	2873	2872	1	-1	-1	-1
2870	2874	2739	1	-1	-1	-1
2873	2738	2874	1	-1	-1	-1
2917	2785	2783	1	-1	-1	-1
2785	2918	2784	1	-1	-1	-1
2918	2786	2784	1	-1	-1	-1
2847	2848	2795	0	-1	-1	-1
2868	2745	2880	1	-1	-1	-1
2786	2921	2787	1	-1	-1	-1
2877	2876	2742	1	-1	-1	-1
2878	2743	2875	1	-1	-1	-1
2877	2742	2878	1	-1	-1	-1
2876	2879	2744	1	-1	-1	-1
2804	2806	2891	1	-1	-1	-1
2745	2879	2880	1	-1	-1	-1
2865	2819	2820	0	-1	-1	-1
2792	2924	2788	1	-1	-1	-1
2800	2787	2922	1	-1	-1	-1
2882	2881	2746	1	-1	-1	-1
2781	2814	2915	1	-1	-1	-1
2783	2810	2917	1	-1	-1	-1
2815	2780	2916	1	-1	-1	-1
2819	2865	2828	0	-1	-1	-1
2882	2747	2883	1	-1	-1	-1
2795	2793	2925	1	-1	-1	-1
2748	2884	2883	1	-1	-1	-1
2925	2793	2797	1	-1	-1	-1
2885	2884	2748	1	-1	-1	-1
2751	2881	2886	1	-1	-1	-1
2788	2923	2808	1	-1	-1	-1
2798	2926	2797	1	-1	-1	-1
2751	2886	2887	1	-1	-1	-1
2927	2798	2799	1	-1	-1	-1
2929	2799	2800	1	-1	-1	-1
2753	2888	2889	1	-1	-1	-1
2890	2754	2887	1	-1	-1	-1
2890	2888	2754	1	-1	-1	-1
2891	2885	2756	1	-1	-1	-1
2930	2801	2802	1	-1	-1	-1
2803	2931	2802	1	-1	-1	-1
2801	2930	2807	1	-1	-1	-1
2932	2803	2809	1	-1	-1	-1
2758	2893	2894	1	-1	-1	-1
2805	2934	2806	1	-1	-1	-1
2807	2934	2805	1	-1	-1	-1
2893	2759	2895	1	-1	-1	-1
2924	2792	2831	1	-1	-1	-1
2896	2892	2761	1	-1	-1	-1
2761	2894	2896	1	-1	-1	-1
2889	2899	2765	1	-1	-1	-1
2762	2897	2895	1	-1	-1	-1
2808	2938	2809	1	-1	-1	-1
2898	2897	2763	1	-1	-1	-1
2766	2892	2900	1	-1	-1	-1
2898	2764	2899	1	-1	-1	-1
2811	2940	2812	1	-1	-1	-1
2940	2811	2813	1	-1	-1	-1
2795	2925	2847	0	-1	-1	-1
2814	2812	2941	4	-1	-1	-1
2813	2815	2940	1	-1	-1	-1
2901	2767	2900	1	-1	-1	-1
2901	2902	2767	1	-1	-1	-1
2846	2917	2810	0	-1	-1	-1
2768	2902	2903	1	-1	-1	-1
2816	2943	2817	0	-1	-1	-1
2818	2942	2816	0	-1	-1	-1
2770	2906	2905	1	-1	-1	-1
2905	2907	2770	1	-1	-1	-1
2907	2904	2771	1	-1	-1	-1
2820	2821	2945	0	-1	-1	-1
2821	2822	2946	0	-1	-1	-1
2909	2773	2908	1	-1	-1	-1
2774	2910	2906	1	-1	-1	-1
2910	2774	2909	1	-1	-1	-1
2822	2824	2947	0	-1	-1	-1
2914	2777	2903	1	-1	-1	-1
2948	2824	2825	0	-1	-1	-1
2776	2913	2908	1	-1	-1	-1
2911	2912	2775	1	-1	-1	-1
2913	2776	2912	1	-1	-1	-1
2825	2826	2950	0	-1	-1	-1
2777	2914	2911	1	-1	-1	-1
2827	2950	2826	0	-1	-1	-1
2951	2827	2829	1	-1	-1	-1
2916	2780	2915	1	-1	-1	-1
2952	2829	2830	1	-1	-1	-1
2953	2831	2832	1	-1	-1	-1
2832	2835	2953	1	-1	-1	-1
2917	2919	2785	1	-1	-1	-1
2785	2919	2918	1	-1	-1	-1
2834	2954	2835	1	-1	-1	-1
2786	2918	2920	1	-1	-1	-1
2954	2834	2837	1	-1	-1	-1
2786	2920	2921	1	-1	-1	-1
2820	2945	2865	0	-1	-1	-1
2957	2837	2836	0	-1	-1	-1
2787	2921	2922	1	-1	-1	-1
2935	2891	2806	1	-1	-1	-1
2875	2817	2943	1	-1	-1	-1
2923	2788	2924	1	-1	-1	-1
2840	2838	2959	0	-1	-1	-1
2836	2844	2957	0	-1	-1	-1
2961	2839	2840	0	-1	-1	-1
2960	2838	2843	0	-1	-1	-1
2961	2845	2839	0	-1	-1	-1
2926	2925	2797	1	-1	-1	-1
2952	2830	2866	1	-1	-1	-1
2929	2800	2922	1	-1	-1	-1
2926	2798	2928	1	-1	-1	-1
2798	2927	2928	1	-1	-1	-1
2845	2965	2844	0	-1	-1	-1
2927	2799	2929	1	-1	-1	-1
2847	2968	2846	0	-1	-1	-1
2802	2931	2930	1	-1	-1	-1
2931	2803	2933	1	-1	-1	-1
2933	2803	2932	1	-1	-1	-1
2963	2843	2862	0	-1	-1	-1
2938	2808	2923	1	-1	-1	-1
2941	2915	2814	1	-1	-1	-1
2852	2849	2969	1	-1	-1	-1
2916	2940	2815	1	-1	-1	-1
2851	2972	2850	1	-1	-1	-1
2930	2937	2807	1	-1	-1	-1
2865	2945	2864	0	-1	-1	-1
2934	2935	2806	1	-1	-1	-1
2853	2850	2972	1	-1	-1	-1
2851	2852	2974	1	-1	-1	-1
2934	2807	2936	1	-1	-1	-1
2939	2932	2809	1	-1	-1	-1
2937	2936	2807	1	-1	-1	-1
2853	2976	2854	1	-1	-1	-1
2939	2809	2938	1	-1	-1	-1
2856	2854	2977	1	-1	-1	-1
2978	2855	2856	1	-1	-1	-1
2849	2871	2970	1	-1	-1	-1
2857	2855	2979	1	-1	-1	-1
2812	2940	2941	1	-1	-1	-1
2982	2858	2857	1	-1	-1	-1
2983	2859	2858	1	-1	-1	-1
2943	2816	2942	0	-1	-1	-1
2942	2818	2944	0	-1	-1	-1
2986	2861	2859	1	-1	-1	-1
2924	2831	2953	1	-1	-1	-1
2862	2860	2988	0	-1	-1	-1
2860	2861	2989	1	-1	-1	-1
2945	2821	2946	0	-1	-1	-1
2871	2872	2970	1	-1	-1	-1
2947	2946	2822	0	-1	-1	-1
2947	2824	2949	0	-1	-1	-1
2993	2863	2864	1	-1	-1	-1
2824	2948	2949	0	-1	-1	-1
2866	2863	2993	1	-1	-1	-1
2950	2948	2825	0	-1	-1	-1
2950	2827	2951	1	-1	-1	-1
2967	2917	2846	0	-1	-1	-1
2951	2829	2952	1	-1	-1	-1
2869	2996	2867	1	-1	-1	-1
2996	2870	2867	1	-1	-1	-1
2869	2868	2998	1	-1	-1	-1
2847	2925	2968	0	-1	-1	-1
2870	2999	2874	1	-1	-1	-1
2955	2953	2835	1	-1	-1	-1
2835	2954	2956	1	-1	-1	-1
2872	2873	3000	1	-1	-1	-1
2997	2868	2880	1	-1	-1	-1
2835	2956	2955	1	-1	-1	-1
3001	2873	2874	1	-1	-1	-1
2958	2954	2837	1	-1	-1	-1
2958	2837	2957	1	-1	-1	-1
2838	2960	2959	0	-1	-1	-1
2875	3005	2878	1	-1	-1	-1
3007	2876	2877	1	-1	-1	-1
2840	2959	2962	0	-1	-1	-1
2879	2876	3006	1	-1	-1	-1
2878	3008	2877	1	-1	-1	-1
2961	2840	2962	0	-1	-1	-1
2844	2964	2957	0	-1	-1	-1
2963	2960	2843	0	-1	-1	-1
3011	2880	2879	1	-1	-1	-1
2941	2916	2915	1	-1	-1	-1
2845	2961	2966	0	-1	-1	-1
2965	2964	2844	0	-1	-1	-1
2966	2965	2845	0	-1	-1	-1
3013	2881	2882	1	-1	-1	-1
2882	2883	3014	1	-1	-1	-1
2881	3013	2886	1	-1	-1	-1
2968	2967	2846	0	-1	-1	-1
2883	2884	3015	1	-1	-1	-1
2884	2885	3016	1	-1	-1	-1
2849	2971	2969	1	-1	-1	-1
2970	2971	2849	1	-1	-1	-1
2887	2886	3018	1	-1	-1	-1
3016	2885	2891	1	-1	-1	-1
2969	2975	2852	1	-1	-1	-1
2973	2972	2851	1	-1	-1	-1
2916	2941	2940	1	-1	-1	-1
2890	2887	3020	1	-1	-1	-1
2974	2973	2851	1	-1	-1	-1
2889	2888	3022	1	-1	-1	-1
2890	3022	2888	1	-1	-1	-1
2974	2852	2975	1	-1	-1	-1
2853	2972	2976	1	-1	-1	-1
2864	2945	2993	0	-1	-1	-1
2917	2967	2919	0	-1	-1	-1
2976	2977	2854	1	-1	-1	-1
2899	2889	3023	1	-1	-1	-1
2978	2979	2855	1	-1	-1	-1
2892	2896	3025	1	-1	-1	-1
2866	2995	2952	1	-1	-1	-1
2977	2980	2856	1	-1	-1	-1
3027	2894	2893	1	-1	-1	-1
3027	2893	2895	1	-1	-1	-1
2856	2981	2978	1	-1	-1	-1
2856	2980	2981	1	-1	-1	-1
2963	2862	2992	0	-1	-1	-1
2979	2982	2857	1	-1	-1	-1
2892	3026	2900	1	-1	-1	-1
3029	2896	2894	1	-1	-1	-1
2925	2926	2968	0	-1	-1	-1
3023	2898	2899	1	-1	-1	-1
3004	2875	2943	1	-1	-1	-1
2897	3030	2895	1	-1	-1	-1
2982	2984	2858	1	-1	-1	-1
2983	2858	2984	1	-1	-1	-1
2898	3031	2897	1	-1	-1	-1
2900	3026	2901	1	-1	-1	-1
2859	2983	2987	1	-1	-1	-1
2859	2985	2986	1	-1	-1	-1
2859	2987	2985	1	-1	-1	-1
3033	2902	2901	1	-1	-1	-1
2990	2861	2986	1	-1	-1	-1
2989	2988	2860	0	-1	-1	-1
3034	2903	2902	1	-1	-1	-1
2990	2989	2861	1	-1	-1	-1
2988	2991	2862	0	-1	-1	-1
3016	2891	2935	1	-1	-1	-1
2872	3000	2970	1	-1	-1	-1
2991	2992	2862	0	-1	-1	-1
3035	2904	2907	1	-1	-1	-1
2906	3036	2905	1	-1	-1	-1
2907	2905	3037	1	-1	-1	-1
3034	2914	2903	1	-1	-1	-1
2910	3036	2906	1	-1	-1	-1
2866	2993	2994	1	-1	-1	-1
2994	2995	2866	1	-1	-1	-1
3038	2909	2908	1	-1	-1	-1
3039	2910	2909	1	-1	-1	-1
2908	2913	3038	1	-1	-1	-1
2997	2998	2868	1	-1	-1	-1
2869	2998	2996	1	-1	-1	-1
2911	3041	2912	1	-1	-1	-1
2999	2870	2996	1	-1	-1	-1
3041	2911	2914	1	-1	-1	-1
3042	2913	2912	1	-1	-1	-1
2999	3001	2874	1	-1	-1	-1
3000	2873	3002	1	-1	-1	-1
3001	3002	2873	1	-1	-1	-1
3003	2875	3004	1	-1	-1	-1
2919	3045	2918	1	-1	-1	-1
3045	2920	2918	1	-1	-1	-1
3003	3005	2875	1	-1	-1	-1
2993	2945	2946	0	-1	-1	-1
2946	2947	2994	0	-1	-1	-1
2921	2920	3047	1	-1	-1	-1
2876	3007	3006	1	-1	-1	-1
2997	2880	3012	1	-1	-1	-1
2994	2947	2949	0	-1	-1	-1
2921	3048	2922	1	-1	-1	-1
3005	3008	2878	1	-1	-1	-1
2877	3009	3007	1	-1	-1	-1
3009	2877	3008	1	-1	-1	-1
2879	3006	3010	1	-1	-1	-1
2951	2952	2995	1	-1	-1	-1
3049	2923	2924	1	-1	-1	-1
2879	3010	3011	1	-1	-1	-1
2929	2922	3048	1	-1	-1	-1
2926	2928	3050	0	-1	-1	-1
3011	3012	2880	1	-1	-1	-1
3051	2928	2927	1	-1	-1	-1
3051	2927	2929	1	-1	-1	-1
3013	2882	3014	1	-1	-1	-1
3049	2938	2923	1	-1	-1	-1
3015	3014	2883	1	-1	-1	-1
3053	2930	2931	1	-1	-1	-1
3017	3015	2884	1	-1	-1	-1
2933	3053	2931	1	-1	-1	-1
3017	2884	3016	1	-1	-1	-1
3013	3019	2886	1	-1	-1	-1
2932	3054	2933	1	-1	-1	-1
2930	3053	2937	1	-1	-1	-1
3019	3018	2886	1	-1	-1	-1
2935	2934	3056	1	-1	-1	-1
2939	3054	2932	1	-1	-1	-1
2953	3049	2924	1	-1	-1	-1
2934	2936	3056	1	-1	-1	-1
2887	3018	3021	1	-1	-1	-1
3021	3020	2887	1	-1	-1	-1
2919	2967	3046	0	-1	-1	-1
2994	2993	2946	0	-1	-1	-1
3023	2889	3022	1	-1	-1	-1
2890	3020	3024	1	-1	-1	-1
3061	2936	2937	1	-1	-1	-1
2890	3024	3022	1	-1	-1	-1
2949	2995	2994	1	-1	-1	-1
2939	2938	3065	1	-1	-1	-1
2892	3025	3026	1	-1	-1	-1
2926	3050	2968	0	-1	-1	-1
3027	3028	2894	1	-1	-1	-1
2896	3029	3025	1	-1	-1	-1
3029	2894	3028	1	-1	-1	-1
2895	3030	3027	1	-1	-1	-1
3068	2943	2942	0	-1	-1	-1
3023	3032	2898	1	-1	-1	-1
3068	2942	2944	0	-1	-1	-1
2953	2955	3049	1	-1	-1	-1
2897	3031	3030	1	-1	-1	-1
3033	2901	3026	1	-1	-1	-1
3032	3031	2898	1	-1	-1	-1
2949	2948	3070	1	-1	-1	-1
3070	2948	2950	1	-1	-1	-1
2902	3033	3034	1	-1	-1	-1
2905	3036	3037	1	-1	-1	-1
2951	3070	2950	1	-1	-1	-1
3037	3035	2907	1	-1	-1	-1
2968	3046	2967	0	-1	-1	-1
3071	2956	2954	1	-1	-1	-1
2955	2956	3072	1	-1	-1	-1
2958	3071	2954	1	-1	-1	-1
2910	3040	3036	1	-1	-1	-1
3038	3039	2909	1	-1	-1	-1
2910	3039	3040	1	-1	-1	-1
3074	2958	2957	1	-1	-1	-1
3034	3044	2914	1	-1	-1	-1
2913	3042	3038	1	-1	-1	-1
2957	2964	3074	1	-1	-1	-1
2959	2960	3076	0	-1	-1	-1
3041	3043	2912	1	-1	-1	-1
2962	2959	3076	0	-1	-1	-1
2912	3043	3042	1	-1	-1	-1
3044	3041	2914	1	-1	-1	-1
2960	2963	3077	0	-1	-1	-1
3078	2961	2962	0	-1	-1	-1
3079	2966	2961	0	-1	-1	-1
3057	3016	2935	1	-1	-1	-1
3046	3045	2919	0	-1	-1	-1
3045	3047	2920	1	-1	-1	-1
2964	2965	3084	0	-1	-1	-1
2995	2949	3070	1	-1	-1	-1
2943	3068	3004	0	-1	-1	-1
2921	3047	3048	1	-1	-1	-1
2995	3070	2951	1	-1	-1	-1
2966	3086	2965	0	-1	-1	-1
3051	2929	3048	1	-1	-1	-1
2971	3088	2969	1	-1	-1	-1
2970	3089	2971	1	-1	-1	-1
3050	2928	3052	0	-1	-1	-1
2928	3051	3052	0	-1	-1	-1
2975	2969	3088	1	-1	-1	-1
2963	2992	3082	0	-1	-1	-1
2973	3093	2972	1	-1	-1	-1
3092	2976	2972	1	-1	-1	-1
2974	3094	2973	1	-1	-1	-1
3054	3055	2933	1	-1	-1	-1
3053	2933	3055	1	-1	-1	-1
3097	2974	2975	1	-1	-1	-1
3059	2935	3056	1	-1	-1	-1
2935	3058	3057	1	-1	-1	-1
2977	2976	3098	1	-1	-1	-1
3058	2935	3059	1	-1	-1	-1
3065	2938	3049	1	-1	-1	-1
2937	3053	3063	1	-1	-1	-1
2936	3062	3056	1	-1	-1	-1
3099	2980	2977	1	-1	-1	-1
3061	3060	2936	1	-1	-1	-1
2978	3100	2979	1	-1	-1	-1
2936	3060	3062	1	-1	-1	-1
3000	3089	2970	1	-1	-1	-1
2981	3100	2978	1	-1	-1	-1
3067	3054	2939	1	-1	-1	-1
2937	3064	3061	1	-1	-1	-1
2979	3101	2982	1	-1	-1	-1
3103	2981	2980	1	-1	-1	-1
3050	3046	2968	0	-1	-1	-1
3064	2937	3063	1	-1	-1	-1
2939	3065	3066	1	-1	-1	-1
2984	2982	3106	1	-1	-1	-1
2939	3066	3067	1	-1	-1	-1
2984	3109	2983	1	-1	-1	-1
2955	3072	3049	1	-1	-1	-1
2987	2983	3108	1	-1	-1	-1
3068	2944	3069	0	-1	-1	-1
3112	2986	2985	1	-1	-1	-1
2985	2987	3113	1	-1	-1	-1
3114	2990	2986	1	-1	-1	-1
3017	3016	3057	1	-1	-1	-1
2989	3117	2988	0	-1	-1	-1
3118	2991	2988	0	-1	-1	-1
2989	2990	3119	1	-1	-1	-1
2956	3071	3073	1	-1	-1	-1
2956	3073	3072	1	-1	-1	-1
2992	2991	3120	0	-1	-1	-1
2958	3075	3071	1	-1	-1	-1
2958	3074	3075	1	-1	-1	-1
3077	3076	2960	0	-1	-1	-1
2998	3123	2996	1	-1	-1	-1
3076	3080	2962	0	-1	-1	-1
2961	3078	3079	0	-1	-1	-1
3123	2999	2996	1	-1	-1	-1
2997	3124	2998	1	-1	-1	-1
3083	3074	2964	1	-1	-1	-1
3078	2962	3081	0	-1	-1	-1
3077	2963	3082	0	-1	-1	-1
2962	3080	3081	0	-1	-1	-1
3126	3001	2999	1	-1	-1	-1
3127	3000	3002	1	-1	-1	-1
3002	3001	3126	1	-1	-1	-1
3083	2964	3084	1	-1	-1	-1
3087	2966	3079	0	-1	-1	-1
3124	2997	3012	1	-1	-1	-1
2965	3085	3084	0	-1	-1	-1
3085	2965	3086	0	-1	-1	-1
3003	3129	3005	1	-1	-1	-1
3130	3003	3004	1	-1	-1	-1
2966	3087	3086	0	-1	-1	-1
3052	3045	3046	0	-1	-1	-1
3052	3047	3045	0	-1	-1	-1
3005	3132	3008	1	-1	-1	-1
3047	3051	3048	0	-1	-1	-1
3007	3134	3006	1	-1	-1	-1
3050	3052	3046	0	-1	-1	-1
2971	3090	3088	1	-1	-1	-1
3047	3052	3051	0	-1	-1	-1
3134	3010	3006	1	-1	-1	-1
2971	3089	3091	1	-1	-1	-1
3007	3009	3135	1	-1	-1	-1
2971	3091	3090	1	-1	-1	-1
3008	3136	3009	1	-1	-1	-1
3093	3092	2972	1	-1	-1	-1
2975	3088	3097	1	-1	-1	-1
3140	3011	3010	1	-1	-1	-1
2973	3095	3093	1	-1	-1	-1
3095	2973	3094	1	-1	-1	-1
3141	3012	3011	1	-1	-1	-1
3096	3094	2974	1	-1	-1	-1
2976	3092	3098	1	-1	-1	-1
3096	2974	3097	1	-1	-1	-1
3055	3063	3053	1	-1	-1	-1
3014	3145	3013	1	-1	-1	-1
3098	3099	2977	1	-1	-1	-1
3147	3014	3015	1	-1	-1	-1
3055	3054	3067	1	-1	-1	-1
3062	3059	3056	1	-1	-1	-1
3013	3146	3019	1	-1	-1	-1
3101	2979	3100	1	-1	-1	-1
3017	3148	3015	1	-1	-1	-1
3099	3102	2980	1	-1	-1	-1
3102	3103	2980	1	-1	-1	-1
3100	2981	3105	1	-1	-1	-1
3049	3072	3065	1	-1	-1	-1
3019	3150	3018	1	-1	-1	-1
3103	3104	2981	1	-1	-1	-1
3150	3021	3018	1	-1	-1	-1
2981	3104	3105	1	-1	-1	-1
3101	3107	2982	1	-1	-1	-1
3020	3021	3152	1	-1	-1	-1
2982	3107	3106	1	-1	-1	-1
3152	3024	3020	1	-1	-1	-1
2992	3122	3082	0	-1	-1	-1
3154	3023	3022	1	-1	-1	-1
2984	3106	3110	1	-1	-1	-1
3108	2983	3109	1	-1	-1	-1
3022	3024	3154	1	-1	-1	-1
2984	3110	3109	1	-1	-1	-1
3131	3004	3068	0	-1	-1	-1
2985	3111	3112	1	-1	-1	-1
3025	3158	3026	1	-1	-1	-1
2985	3113	3111	1	-1	-1	-1
3032	3023	3154	1	-1	-1	-1
3029	3157	3025	1	-1	-1	-1
2987	3108	3116	1	-1	-1	-1
3114	2986	3112	1	-1	-1	-1
3160	3028	3027	1	-1	-1	-1
3113	2987	3115	1	-1	-1	-1
3000	3127	3089	1	-1	-1	-1
3030	3159	3027	1	-1	-1	-1
3026	3158	3033	1	-1	-1	-1
3028	3161	3029	1	-1	-1	-1
3116	3115	2987	1	-1	-1	-1
3073	3071	3075	1	-1	-1	-1
2988	3117	3118	0	-1	-1	-1
3119	2990	3114	1	-1	-1	-1
3031	3162	3030	1	-1	-1	-1
3149	3017	3057	1	-1	-1	-1
2989	3119	3117	0	-1	-1	-1
3032	3163	3031	1	-1	-1	-1
3118	3121	2991	0	-1	-1	-1
3120	2991	3121	0	-1	-1	-1
3120	3122	2992	0	-1	-1	-1
3033	3167	3034	1	-1	-1	-1
3035	3037	3168	1	-1	-1	-1
3169	3037	3036	1	-1	-1	-1
3123	2998	3124	1	-1	-1	-1
3169	3036	3040	1	-1	-1	-1
3034	3167	3044	1	-1	-1	-1
2999	3123	3125	1	-1	-1	-1
3172	3039	3038	1	-1	-1	-1
3126	2999	3125	1	-1	-1	-1
3038	3042	3172	1	-1	-1	-1
3040	3039	3174	1	-1	-1	-1
3126	3128	3002	1	-1	-1	-1
3127	3002	3128	1	-1	-1	-1
3041	3176	3043	1	-1	-1	-1
3041	3044	3176	1	-1	-1	-1
3129	3003	3130	1	-1	-1	-1
3043	3177	3042	1	-1	-1	-1
3057	3058	3149	1	-1	-1	-1
3130	3004	3131	0	-1	-1	-1
3005	3129	3133	1	-1	-1	-1
3068	3069	3131	0	-1	-1	-1
3133	3132	3005	1	-1	-1	-1
3132	3136	3008	1	-1	-1	-1
3134	3007	3135	1	-1	-1	-1
3124	3012	3143	1	-1	-1	-1
3136	3137	3009	1	-1	-1	-1
3135	3009	3139	1	-1	-1	-1
3137	3138	3009	1	-1	-1	-1
3010	3134	3140	1	-1	-1	-1
3139	3009	3138	1	-1	-1	-1
3140	3141	3011	1	-1	-1	-1
3141	3142	3012	1	-1	-1	-1
3012	3142	3143	1	-1	-1	-1
3180	3063	3055	1	-1	-1	-1
3182	3058	3059	1	-1	-1	-1
3013	3145	3144	1	-1	-1	-1
3144	3146	3013	1	-1	-1	-1
3062	3183	3059	1	-1	-1	-1
3067	3181	3055	1	-1	-1	-1
3147	3145	3014	1	-1	-1	-1
3185	3060	3061	1	-1	-1	-1
3184	3062	3060	1	-1	-1	-1
3061	3064	3185	1	-1	-1	-1
3147	3015	3148	1	-1	-1	-1
3186	3064	3063	1	-1	-1	-1
3149	3148	3017	1	-1	-1	-1
3019	3146	3151	1	-1	-1	-1
3066	3065	3188	1	-1	-1	-1
3019	3151	3150	1	-1	-1	-1
3189	3067	3066	1	-1	-1	-1
3153	3021	3150	1	-1	-1	-1
3188	3065	3072	1	-1	-1	-1
3153	3152	3021	1	-1	-1	-1
3156	3024	3152	1	-1	-1	-1
3155	3154	3024	1	-1	-1	-1
3024	3156	3155	1	-1	-1	-1
3073	3191	3072	1	-1	-1	-1
3073	3075	3191	1	-1	-1	-1
3157	3158	3025	1	-1	-1	-1
3075	3074	3193	1	-1	-1	-1
3159	3160	3027	1	-1	-1	-1
3161	3157	3029	1	-1	-1	-1
3196	3076	3077	0	-1	-1	-1
3160	3161	3028	1	-1	-1	-1
3083	3192	3074	1	-1	-1	-1
3030	3162	3159	1	-1	-1	-1
3032	3154	3165	1	-1	-1	-1
3196	3080	3076	0	-1	-1	-1
3078	3198	3079	0	-1	-1	-1
3197	3077	3082	0	-1	-1	-1
3081	3198	3078	0	-1	-1	-1
3166	3033	3158	1	-1	-1	-1
3164	3162	3031	1	-1	-1	-1
3163	3164	3031	1	-1	-1	-1
3163	3032	3165	1	-1	-1	-1
3081	3080	3202	0	-1	-1	-1
3167	3033	3166	1	-1	-1	-1
3079	3200	3087	0	-1	-1	-1
3206	3083	3084	1	-1	-1	-1
3168	3037	3170	1	-1	-1	-1
3085	3207	3084	0	-1	-1	-1
3171	3037	3169	1	-1	-1	-1
3171	3170	3037	1	-1	-1	-1
3208	3085	3086	0	-1	-1	-1
3087	3209	3086	0	-1	-1	-1
3175	3169	3040	1	-1	-1	-1
3172	3173	3039	1	-1	-1	-1
3173	3174	3039	1	-1	-1	-1
3149	3058	3182	1	-1	-1	-1
3040	3174	3175	1	-1	-1	-1
3090	3212	3088	1	-1	-1	-1
3044	3167	3179	1	-1	-1	-1
3131	3069	3190	0	-1	-1	-1
3177	3172	3042	1	-1	-1	-1
3091	3089	3213	1	-1	-1	-1
3091	3214	3090	1	-1	-1	-1
3097	3088	3211	1	-1	-1	-1
3178	3043	3176	1	-1	-1	-1
3177	3043	3178	1	-1	-1	-1
3176	3044	3179	1	-1	-1	-1
3093	3218	3092	1	-1	-1	-1
3216	3098	3092	1	-1	-1	-1
3095	3219	3093	1	-1	-1	-1
3082	3122	3205	0	-1	-1	-1
3095	3094	3221	1	-1	-1	-1
3096	3221	3094	1	-1	-1	-1
3097	3223	3096	1	-1	-1	-1
3055	3181	3180	1	-1	-1	-1
3098	3226	3099	1	-1	-1	-1
3183	3182	3059	1	-1	-1	-1
3099	3228	3102	1	-1	-1	-1
3089	3127	3213	1	-1	-1	-1
3186	3063	3180	1	-1	-1	-1
3062	3184	3183	1	-1	-1	-1
3185	3184	3060	1	-1	-1	-1
3101	3100	3229	1	-1	-1	-1
3100	3105	3229	1	-1	-1	-1
3103	3102	3231	1	-1	-1	-1
3185	3064	3187	1	-1	-1	-1
3189	3181	3067	1	-1	-1	-1
3186	3187	3064	1	-1	-1	-1
3101	3230	3107	1	-1	-1	-1
3103	3233	3104	1	-1	-1	-1
3189	3066	3188	1	-1	-1	-1
3235	3105	3104	1	-1	-1	-1
3107	3237	3106	1	-1	-1	-1
3191	3188	3072	1	-1	-1	-1
3110	3106	3237	1	-1	-1	-1
3151	3153	3150	1	-1	-1	-1
3240	3108	3109	1	-1	-1	-1
3074	3192	3193	1	-1	-1	-1
3110	3241	3109	1	-1	-1	-1
3075	3194	3191	1	-1	-1	-1
3239	3116	3108	1	-1	-1	-1
3195	3075	3193	1	-1	-1	-1
3195	3194	3075	1	-1	-1	-1
3111	3243	3112	1	-1	-1	-1
3244	3111	3113	1	-1	-1	-1
3197	3196	3077	0	-1	-1	-1
3246	3114	3112	1	-1	-1	-1
3248	3113	3115	1	-1	-1	-1
3199	3079	3198	0	-1	-1	-1
3196	3201	3080	0	-1	-1	-1
3200	3079	3199	0	-1	-1	-1
3083	3206	3192	1	-1	-1	-1
3250	3115	3116	1	-1	-1	-1
3203	3198	3081	0	-1	-1	-1
3249	3119	3114	1	-1	-1	-1
3080	3201	3202	0	-1	-1	-1
3205	3197	3082	0	-1	-1	-1
3081	3202	3204	0	-1	-1	-1
3081	3204	3203	0	-1	-1	-1
3253	3117	3119	0	-1	-1	-1
3118	3117	3254	0	-1	-1	-1
3121	3118	3255	0	-1	-1	-1
3207	3206	3084	1	-1	-1	-1
3120	3121	3256	0	-1	-1	-1
3200	3210	3087	0	-1	-1	-1
3256	3122	3120	0	-1	-1	-1
3208	3207	3085	0	-1	-1	-1
3209	3208	3086	0	-1	-1	-1
3087	3210	3209	0	-1	-1	-1
3124	3260	3123	1	-1	-1	-1
3260	3125	3123	1	-1	-1	-1
3212	3211	3088	1	-1	-1	-1
3261	3126	3125	1	-1	-1	-1
3212	3090	3214	1	-1	-1	-1
3262	3128	3126	1	-1	-1	-1
3263	3127	3128	1	-1	-1	-1
3215	3091	3213	1	-1	-1	-1
3215	3214	3091	1	-1	-1	-1
3173	3172	3177	1	-1	-1	-1
3266	3129	3130	1	-1	-1	-1
3217	3216	3092	1	-1	-1	-1
3092	3218	3217	1	-1	-1	-1
3265	3133	3129	1	-1	-1	-1
3143	3260	3124	1	-1	-1	-1
3131	3267	3130	0	-1	-1	-1
3093	3220	3218	1	-1	-1	-1
3220	3093	3219	1	-1	-1	-1
3225	3097	3211	1	-1	-1	-1
3133	3269	3132	1	-1	-1	-1
3268	3136	3132	1	-1	-1	-1
3219	3095	3222	1	-1	-1	-1
3222	3095	3221	1	-1	-1	-1
3134	3135	3272	1	-1	-1	-1
3137	3136	3268	1	-1	-1	-1
3221	3096	3224	1	-1	-1	-1
3216	3227	3098	1	-1	-1	-1
3224	3096	3223	1	-1	-1	-1
3223	3097	3225	1	-1	-1	-1
3140	3134	3272	1	-1	-1	-1
3139	3272	3135	1	-1	-1	-1
3137	3274	3138	1	-1	-1	-1
3227	3226	3098	1	-1	-1	-1
3275	3139	3138	1	-1	-1	-1
3226	3228	3099	1	-1	-1	-1
3141	3140	3279	1	-1	-1	-1
3101	3229	3230	1	-1	-1	-1
3102	3228	3232	1	-1	-1	-1
3141	3281	3142	1	-1	-1	-1
3232	3231	3102	1	-1	-1	-1
3142	3282	3143	1	-1	-1	-1
3231	3234	3103	1	-1	-1	-1
3189	3188	3191	1	-1	-1	-1
3234	3233	3103	1	-1	-1	-1
3105	3236	3229	1	-1	-1	-1
3235	3104	3233	1	-1	-1	-1
3145	3284	3144	1	-1	-1	-1
3146	3144	3285	1	-1	-1	-1
3107	3230	3238	1	-1	-1	-1
3105	3235	3236	1	-1	-1	-1
3286	3145	3147	1	-1	-1	-1
3237	3107	3238	1	-1	-1	-1
3148	3288	3147	1	-1	-1	-1
3151	3146	3287	1	-1	-1	-1
3205	3122	3258	0	-1	-1	-1
3149	3289	3148	1	-1	-1	-1
3239	3108	3240	1	-1	-1	-1
3190	3267	3131	0	-1	-1	-1
3237	3242	3110	1	-1	-1	-1
3109	3241	3240	1	-1	-1	-1
3241	3110	3242	1	-1	-1	-1
3153	3151	3291	1	-1	-1	-1
3153	3292	3152	1	-1	-1	-1
3245	3243	3111	1	-1	-1	-1
3244	3245	3111	1	-1	-1	-1
3152	3293	3156	1	-1	-1	-1
3112	3243	3246	1	-1	-1	-1
3263	3213	3127	1	-1	-1	-1
3244	3113	3247	1	-1	-1	-1
3295	3154	3155	1	-1	-1	-1
3116	3239	3252	1	-1	-1	-1
3156	3296	3155	1	-1	-1	-1
3113	3248	3247	1	-1	-1	-1
3246	3249	3114	1	-1	-1	-1
3248	3115	3250	1	-1	-1	-1
3298	3158	3157	1	-1	-1	-1
3154	3295	3165	1	-1	-1	-1
3161	3298	3157	1	-1	-1	-1
3251	3250	3116	1	-1	-1	-1
3116	3252	3251	1	-1	-1	-1
3160	3159	3300	1	-1	-1	-1
3159	3162	3299	1	-1	-1	-1
3249	3253	3119	0	-1	-1	-1
3149	3182	3290	1	-1	-1	-1
3158	3298	3166	1	-1	-1	-1
3160	3301	3161	1	-1	-1	-1
3253	3254	3117	0	-1	-1	-1
3299	3162	3164	1	-1	-1	-1
3255	3118	3254	0	-1	-1	-1
3163	3302	3164	1	-1	-1	-1
3165	3302	3163	1	-1	-1	-1
3121	3255	3257	0	-1	-1	-1
3256	3121	3257	0	-1	-1	-1
3122	3256	3259	0	-1	-1	-1
3305	3167	3166	1	-1	-1	-1
3258	3122	3259	0	-1	-1	-1
3307	3168	3170	1	-1	-1	-1
3261	3125	3260	1	-1	-1	-1
3307	3170	3171	1	-1	-1	-1
3169	3308	3171	1	-1	-1	-1
3261	3262	3126	1	-1	-1	-1
3179	3167	3306	1	-1	-1	-1
3175	3308	3169	1	-1	-1	-1
3262	3264	3128	1	-1	-1	-1
3263	3128	3264	1	-1	-1	-1
3311	3174	3173	1	-1	-1	-1
3266	3265	3129	1	-1	-1	-1
3173	3177	3310	1	-1	-1	-1
3312	3175	3174	1	-1	-1	-1
3266	3130	3267	0	-1	-1	-1
3270	3133	3265	1	-1	-1	-1
3176	3314	3178	1	-1	-1	-1
3268	3132	3269	1	-1	-1	-1
3179	3315	3176	1	-1	-1	-1
3178	3316	3177	1	-1	-1	-1
3133	3271	3269	1	-1	-1	-1
3133	3270	3271	1	-1	-1	-1
3268	3273	3137	1	-1	-1	-1
3319	3180	3181	1	-1	-1	-1
3274	3137	3273	1	-1	-1	-1
3143	3283	3260	1	-1	-1	-1
3180	3320	3186	1	-1	-1	-1
3323	3182	3183	1	-1	-1	-1
3277	3272	3139	1	-1	-1	-1
3138	3274	3276	1	-1	-1	-1
3138	3276	3275	1	-1	-1	-1
3181	3189	3321	1	-1	-1	-1
3324	3183	3184	1	-1	-1	-1
3215	3213	3263	1	-1	-1	-1
3139	3275	3277	1	-1	-1	-1
3280	3140	3272	1	-1	-1	-1
3326	3184	3185	1	-1	-1	-1
3278	3279	3140	1	-1	-1	-1
3280	3278	3140	1	-1	-1	-1
3187	3328	3185	1	-1	-1	-1
3321	3189	3191	1	-1	-1	-1
3186	3328	3187	1	-1	-1	-1
3141	3279	3281	1	-1	-1	-1
3282	3142	3281	1	-1	-1	-1
3321	3191	3194	1	-1	-1	-1
3282	3283	3143	1	-1	-1	-1
3285	3144	3284	1	-1	-1	-1
3284	3145	3286	1	-1	-1	-1
3193	3192	3331	1	-1	-1	-1
3287	3146	3285	1	-1	-1	-1
3286	3147	3288	1	-1	-1	-1
3195	3193	3333	1	-1	-1	-1
3195	3334	3194	1	-1	-1	-1
3148	3289	3288	1	-1	-1	-1
3290	3289	3149	1	-1	-1	-1
3151	3287	3291	1	-1	-1	-1
3197	3337	3196	0	-1	-1	-1
3192	3206	3332	1	-1	-1	-1
3337	3201	3196	0	-1	-1	-1
3198	3339	3199	0	-1	-1	-1
3293	3152	3292	1	-1	-1	-1
3153	3291	3294	1	-1	-1	-1
3199	3340	3200	0	-1	-1	-1
3294	3292	3153	1	-1	-1	-1
3198	3203	3339	0	-1	-1	-1
3205	3338	3197	0	-1	-1	-1
3155	3296	3295	1	-1	-1	-1
3215	3263	3264	1	-1	-1	-1
3297	3156	3293	1	-1	-1	-1
3202	3201	3343	1	-1	-1	-1
3296	3156	3297	1	-1	-1	-1
3204	3202	3344	1	-1	-1	-1
3200	3341	3210	0	-1	-1	-1
3346	3203	3204	0	-1	-1	-1
3159	3299	3300	1	-1	-1	-1
3161	3301	3298	1	-1	-1	-1
3301	3160	3300	1	-1	-1	-1
3207	3348	3206	1	-1	-1	-1
3304	3165	3295	1	-1	-1	-1
3208	3349	3207	0	-1	-1	-1
3303	3299	3164	1	-1	-1	-1
3350	3208	3209	0	-1	-1	-1
3298	3305	3166	1	-1	-1	-1
3302	3303	3164	1	-1	-1	-1
3304	3302	3165	1	-1	-1	-1
3209	3210	3352	0	-1	-1	-1
3355	3211	3212	1	-1	-1	-1
3306	3167	3305	1	-1	-1	-1
3356	3212	3214	1	-1	-1	-1
3330	3267	3190	0	-1	-1	-1
3171	3309	3307	1	-1	-1	-1
3308	3309	3171	1	-1	-1	-1
3215	3359	3214	1	-1	-1	-1
3225	3211	3354	1	-1	-1	-1
3217	3361	3216	1	-1	-1	-1
3173	3310	3311	1	-1	-1	-1
3182	3323	3290	1	-1	-1	-1
3313	3308	3175	1	-1	-1	-1
3218	3362	3217	1	-1	-1	-1
3312	3174	3311	1	-1	-1	-1
3362	3218	3220	1	-1	-1	-1
3175	3312	3313	1	-1	-1	-1
3338	3205	3258	0	-1	-1	-1
3363	3220	3219	1	-1	-1	-1
3177	3316	3310	1	-1	-1	-1
3306	3318	3179	1	-1	-1	-1
3227	3216	3361	1	-1	-1	-1
3363	3219	3222	1	-1	-1	-1
3315	3314	3176	1	-1	-1	-1
3221	3365	3222	1	-1	-1	-1
3317	3178	3314	1	-1	-1	-1
3365	3221	3224	1	-1	-1	-1
3178	3317	3316	1	-1	-1	-1
3315	3179	3318	1	-1	-1	-1
3223	3367	3224	1	-1	-1	-1
3223	3225	3367	1	-1	-1	-1
3319	3320	3180	1	-1	-1	-1
3319	3181	3322	1	-1	-1	-1
3370	3226	3227	1	-1	-1	-1
3181	3321	3322	1	-1	-1	-1
3228	3226	3371	1	-1	-1	-1
3277	3280	3272	1	-1	-1	-1
3232	3228	3371	1	-1	-1	-1
3323	3183	3325	1	-1	-1	-1
3230	3229	3373	1	-1	-1	-1
3325	3183	3324	1	-1	-1	-1
3326	3324	3184	1	-1	-1	-1
3186	3320	3329	1	-1	-1	-1
3326	3185	3327	1	-1	-1	-1
3236	3373	3229	1	-1	-1	-1
3264	3360	3215	1	-1	-1	-1
3376	3231	3232	2	-1	-1	-1
3328	3327	3185	1	-1	-1	-1
3234	3231	3375	2	-1	-1	-1
3374	3238	3230	1	-1	-1	-1
3186	3329	3328	1	-1	-1	-1
3234	3378	3233	1	-1	-1	-1
3235	3233	3378	1	-1	-1	-1
3321	3194	3334	1	-1	-1	-1
3235	3380	3236	1	-1	-1	-1
3192	3332	3331	1	-1	-1	-1
3381	3237	3238	1	-1	-1	-1
3193	3331	3333	1	-1	-1	-1
3381	3242	3237	1	-1	-1	-1
3335	3195	3333	1	-1	-1	-1
3239	3240	3384	2	-1	-1	-1
3195	3336	3334	1	-1	-1	-1
3241	3385	3240	2	-1	-1	-1
3195	3335	3336	1	-1	-1	-1
3386	3241	3242	2	-1	-1	-1
3338	3337	3197	0	-1	-1	-1
3239	3383	3252	2	-1	-1	-1
3243	3245	3388	1	-1	-1	-1
3199	3339	3340	0	-1	-1	-1
3389	3246	3243	1	-1	-1	-1
3244	3390	3245	1	-1	-1	-1
3342	3201	3337	1	-1	-1	-1
3200	3340	3341	0	-1	-1	-1
3244	3247	3391	1	-1	-1	-1
3249	3246	3389	1	-1	-1	-1
3206	3348	3332	1	-1	-1	-1
3201	3342	3343	1	-1	-1	-1
3346	3339	3203	0	-1	-1	-1
3248	3394	3247	1	-1	-1	-1
3202	3343	3345	1	-1	-1	-1
3345	3344	3202	1	-1	-1	-1
3248	3250	3395	1	-1	-1	-1
3204	3344	3347	1	-1	-1	-1
3347	3346	3204	1	-1	-1	-1
3250	3251	3397	1	-1	-1	-1
3249	3396	3253	0	-1	-1	-1
3251	3252	3398	1	-1	-1	-1
3353	3210	3341	0	-1	-1	-1
3207	3349	3348	1	-1	-1	-1
3351	3349	3208	0	-1	-1	-1
3254	3253	3402	0	-1	-1	-1
3350	3351	3208	0	-1	-1	-1
3350	3209	3352	0	-1	-1	-1
3254	3403	3255	0	-1	-1	-1
3353	3352	3210	0	-1	-1	-1
3404	3257	3255	0	-1	-1	-1
3256	3257	3405	0	-1	-1	-1
3355	3354	3211	1	-1	-1	-1
3256	3405	3259	0	-1	-1	-1
3357	3355	3212	1	-1	-1	-1
3259	3408	3258	1	-1	-1	-1
3357	3212	3356	1	-1	-1	-1
3356	3214	3358	1	-1	-1	-1
3410	3261	3260	1	-1	-1	-1
3214	3359	3358	1	-1	-1	-1
3360	3359	3215	1	-1	-1	-1
3261	3411	3262	1	-1	-1	-1
3412	3264	3262	1	-1	-1	-1
3361	3217	3362	1	-1	-1	-1
3220	3364	3362	1	-1	-1	-1
3367	3225	3354	1	-1	-1	-1
3265	3266	3415	1	-1	-1	-1
3220	3363	3364	1	-1	-1	-1
3270	3265	3415	1	-1	-1	-1
3266	3267	3416	0	-1	-1	-1
3363	3222	3366	1	-1	-1	-1
3410	3260	3283	1	-1	-1	-1
3365	3366	3222	1	-1	-1	-1
3417	3268	3269	1	-1	-1	-1
3368	3365	3224	1	-1	-1	-1
3268	3417	3273	1	-1	-1	-1
3420	3269	3271	1	-1	-1	-1
3361	3372	3227	1	-1	-1	-1
3224	3367	3369	1	-1	-1	-1
3224	3369	3368	1	-1	-1	-1
3271	3270	3421	1	-1	-1	-1
3226	3370	3371	1	-1	-1	-1
3372	3370	3227	1	-1	-1	-1
3273	3424	3274	1	-1	-1	-1
3276	3274	3426	1	-1	-1	-1
3373	3374	3230	1	-1	-1	-1
3322	3321	3334	1	-1	-1	-1
3427	3275	3276	1	-1	-1	-1
3275	3427	3277	1	-1	-1	-1
3377	3232	3371	2	-1	-1	-1
3375	3231	3376	2	-1	-1	-1
3377	3376	3232	2	-1	-1	-1
3277	3429	3280	1	-1	-1	-1
3430	3278	3280	1	-1	-1	-1
3279	3278	3431	1	-1	-1	-1
3379	3234	3375	2	-1	-1	-1
3380	3373	3236	1	-1	-1	-1
3281	3279	3432	1	-1	-1	-1
3378	3234	3379	2	-1	-1	-1
3378	3380	3235	1	-1	-1	-1
3374	3382	3238	1	-1	-1	-1
3281	3433	3282	1	-1	-1	-1
3283	3282	3435	1	-1	-1	-1
3381	3238	3382	1	-1	-1	-1
3338	3258	3407	1	-1	-1	-1
3284	3436	3285	1	-1	-1	-1
3436	3284	3286	1	-1	-1	-1
3383	3239	3384	2	-1	-1	-1
3384	3240	3385	2	-1	-1	-1
3285	3437	3287	1	-1	-1	-1
3242	3381	3387	2	-1	-1	-1
3386	3385	3241	2	-1	-1	-1
3286	3288	3438	1	-1	-1	-1
3330	3416	3267	0	-1	-1	-1
3387	3386	3242	2	-1	-1	-1
3438	3288	3289	1	-1	-1	-1
3291	3287	3439	1	-1	-1	-1
3440	3289	3290	1	-1	-1	-1
3388	3389	3243	1	-1	-1	-1
3439	3294	3291	1	-1	-1	-1
3244	3391	3390	1	-1	-1	-1
3388	3245	3392	1	-1	-1	-1
3293	3292	3442	1	-1	-1	-1
3390	3393	3245	1	-1	-1	-1
3294	3443	3292	1	-1	-1	-1
3392	3245	3393	1	-1	-1	-1
3391	3247	3394	1	-1	-1	-1
3444	3297	3293	1	-1	-1	-1
3396	3249	3389	0	-1	-1	-1
3383	3401	3252	2	-1	-1	-1
3296	3445	3295	1	-1	-1	-1
3248	3395	3394	1	-1	-1	-1
3414	3360	3264	1	-1	-1	-1
3297	3446	3296	1	-1	-1	-1
3397	3395	3250	1	-1	-1	-1
3445	3304	3295	1	-1	-1	-1
3301	3448	3298	1	-1	-1	-1
3399	3397	3251	1	-1	-1	-1
3398	3399	3251	1	-1	-1	-1
3300	3299	3450	1	-1	-1	-1
3400	3398	3252	1	-1	-1	-1
3396	3402	3253	0	-1	-1	-1
3298	3449	3305	1	-1	-1	-1
3299	3303	3450	1	-1	-1	-1
3252	3401	3400	2	-1	-1	-1
3301	3300	3452	1	-1	-1	-1
3290	3323	3441	1	-1	-1	-1
3402	3403	3254	0	-1	-1	-1
3454	3303	3302	1	-1	-1	-1
3306	3305	3449	1	-1	-1	-1
3302	3304	3455	1	-1	-1	-1
3403	3404	3255	0	-1	-1	-1
3257	3404	3406	0	-1	-1	-1
3405	3257	3406	0	-1	-1	-1
3259	3405	3409	1	-1	-1	-1
3408	3407	3258	1	-1	-1	-1
3309	3458	3307	1	-1	-1	-1
3308	3459	3309	1	-1	-1	-1
3408	3259	3409	1	-1	-1	-1
3308	3313	3459	1	-1	-1	-1
3318	3306	3457	1	-1	-1	-1
3311	3310	3460	1	-1	-1	-1
3411	3261	3410	1	-1	-1	-1
3312	3311	3462	1	-1	-1	-1
3316	3460	3310	1	-1	-1	-1
3411	3413	3262	1	-1	-1	-1
3413	3412	3262	1	-1	-1	-1
3312	3463	3313	1	-1	-1	-1
3264	3412	3414	1	-1	-1	-1
3315	3465	3314	1	-1	-1	-1
3465	3317	3314	1	-1	-1	-1
3266	3416	3415	0	-1	-1	-1
3466	3315	3318	1	-1	-1	-1
3317	3467	3316	1	-1	-1	-1
3269	3418	3417	1	-1	-1	-1
3419	3418	3269	1	-1	-1	-1
3415	3421	3270	1	-1	-1	-1
3420	3419	3269	1	-1	-1	-1
3320	3319	3472	1	-1	-1	-1
3420	3271	3422	1	-1	-1	-1
3423	3273	3417	1	-1	-1	-1
3472	3319	3322	1	-1	-1	-1
3422	3271	3421	1	-1	-1	-1
3423	3424	3273	1	-1	-1	-1
3473	3329	3320	1	-1	-1	-1
3425	3274	3424	1	-1	-1	-1
3325	3475	3323	1	-1	-1	-1
3325	3324	3476	1	-1	-1	-1
3425	3426	3274	1	-1	-1	-1
3324	3326	3476	1	-1	-1	-1
3435	3410	3283	1	-1	-1	-1
3428	3276	3426	1	-1	-1	-1
3334	3474	3322	1	-1	-1	-1
3478	3326	3327	1	-1	-1	-1
3427	3276	3428	1	-1	-1	-1
3277	3427	3429	1	-1	-1	-1
3328	3480	3327	1	-1	-1	-1
3329	3481	3328	1	-1	-1	-1
3430	3280	3429	1	-1	-1	-1
3431	3278	3430	1	-1	-1	-1
3431	3432	3279	1	-1	-1	-1
3432	3433	3281	1	-1	-1	-1
3433	3434	3282	1	-1	-1	-1
3332	3486	3331	1	-1	-1	-1
3485	3333	3331	1	-1	-1	-1
3435	3282	3434	1	-1	-1	-1
3490	3335	3333	1	-1	-1	-1
3437	3285	3436	1	-1	-1	-1
3438	3436	3286	1	-1	-1	-1
3334	3336	3491	1	-1	-1	-1
3439	3287	3437	1	-1	-1	-1
3336	3335	3492	1	-1	-1	-1
3438	3289	3440	1	-1	-1	-1
3488	3332	3348	1	-1	-1	-1
3337	3338	3494	1	-1	-1	-1
3290	3441	3440	1	-1	-1	-1
3337	3494	3342	1	-1	-1	-1
3495	3340	3339	0	-1	-1	-1
3439	3443	3294	1	-1	-1	-1
3443	3442	3292	1	-1	-1	-1
3341	3340	3496	0	-1	-1	-1
3444	3293	3442	1	-1	-1	-1
3346	3495	3339	0	-1	-1	-1
3343	3342	3498	1	-1	-1	-1
3446	3297	3444	1	-1	-1	-1
3445	3296	3446	1	-1	-1	-1
3346	3347	3495	1	-1	-1	-1
3500	3345	3343	1	-1	-1	-1
3341	3497	3353	0	-1	-1	-1
3345	3502	3344	1	-1	-1	-1
3501	3347	3344	1	-1	-1	-1
3448	3447	3298	1	-1	-1	-1
3298	3447	3449	1	-1	-1	-1
3448	3301	3452	1	-1	-1	-1
3300	3450	3451	1	-1	-1	-1
3348	3349	3506	1	-1	-1	-1
3453	3300	3451	1	-1	-1	-1
3445	3455	3304	1	-1	-1	-1
3453	3452	3300	1	-1	-1	-1
3351	3507	3349	0	-1	-1	-1
3450	3303	3456	1	-1	-1	-1
3351	3350	3508	0	-1	-1	-1
3350	3352	3508	0	-1	-1	-1
3302	3455	3454	1	-1	-1	-1
3306	3449	3457	1	-1	-1	-1
3456	3303	3454	1	-1	-1	-1
3408	3399	3407	1	-1	-1	-1
3352	3353	3510	0	-1	-1	-1
3355	3514	3354	1	-1	-1	-1
3309	3459	3458	1	-1	-1	-1
3515	3355	3357	1	-1	-1	-1
3516	3357	3356	1	-1	-1	-1
3330	3484	3416	0	-1	-1	-1
3356	3358	3517	1	-1	-1	-1
3460	3461	3311	1	-1	-1	-1
3311	3461	3462	1	-1	-1	-1
3513	3367	3354	1	-1	-1	-1
3313	3464	3459	1	-1	-1	-1
3358	3359	3520	1	-1	-1	-1
3463	3312	3462	1	-1	-1	-1
3475	3441	3323	1	-1	-1	-1
3338	3407	3494	1	-1	-1	-1
3521	3359	3360	1	-1	-1	-1
3464	3313	3463	1	-1	-1	-1
3316	3467	3460	1	-1	-1	-1
3470	3318	3457	1	-1	-1	-1
3315	3466	3465	1	-1	-1	-1
3361	3362	3523	1	-1	-1	-1
3364	3523	3362	1	-1	-1	-1
3369	3367	3513	1	-1	-1	-1
3317	3465	3468	1	-1	-1	-1
3525	3364	3363	1	-1	-1	-1
3467	3317	3468	1	-1	-1	-1
3366	3526	3363	1	-1	-1	-1
3471	3466	3318	1	-1	-1	-1
3524	3372	3361	1	-1	-1	-1
3318	3470	3469	1	-1	-1	-1
3318	3469	3471	1	-1	-1	-1
3366	3365	3529	1	-1	-1	-1
3368	3529	3365	1	-1	-1	-1
3472	3473	3320	1	-1	-1	-1
3322	3474	3472	1	-1	-1	-1
3369	3532	3368	1	-1	-1	-1
3370	3534	3371	2	-1	-1	-1
3475	3325	3477	1	-1	-1	-1
3372	3535	3370	2	-1	-1	-1
3477	3325	3476	1	-1	-1	-1
3326	3479	3476	1	-1	-1	-1
3377	3371	3534	2	-1	-1	-1
3479	3326	3478	1	-1	-1	-1
3473	3482	3329	1	-1	-1	-1
3327	3480	3478	1	-1	-1	-1
3374	3373	3537	1	-1	-1	-1
3328	3481	3480	1	-1	-1	-1
3376	3539	3375	2	-1	-1	-1
3380	3537	3373	1	-1	-1	-1
3494	3399	3398	1	-1	-1	-1
3375	3538	3379	2	-1	-1	-1
3482	3481	3329	1	-1	-1	-1
3537	3382	3374	1	-1	-1	-1
3377	3540	3376	2	-1	-1	-1
3379	3537	3378	2	-1	-1	-1
3380	3378	3537	2	-1	-1	-1
3398	3400	3498	1	-1	-1	-1
3522	3360	3414	1	-1	-1	-1
3330	3483	3484	0	-1	-1	-1
3379	3382	3537	2	-1	-1	-1
3379	3538	3382	2	-1	-1	-1
3491	3474	3334	1	-1	-1	-1
3399	3494	3407	1	-1	-1	-1
3382	3538	3381	2	-1	-1	-1
3331	3486	3485	1	-1	-1	-1
3332	3487	3486	1	-1	-1	-1
3381	3538	3387	2	-1	-1	-1
3487	3332	3488	1	-1	-1	-1
3489	3333	3485	1	-1	-1	-1
3384	3542	3383	2	-1	-1	-1
3385	3543	3384	2	-1	-1	-1
3490	3333	3489	1	-1	-1	-1
3386	3541	3385	2	-1	-1	-1
3415	3416	3484	0	-1	-1	-1
3490	3492	3335	1	-1	-1	-1
3386	3387	3545	2	-1	-1	-1
3491	3336	3493	1	-1	-1	-1
3421	3415	3484	0	-1	-1	-1
3493	3336	3492	1	-1	-1	-1
3388	3546	3389	0	-1	-1	-1
3383	3542	3401	2	-1	-1	-1
3388	3392	3546	0	-1	-1	-1
3390	3391	3547	1	-1	-1	-1
3340	3495	3496	0	-1	-1	-1
3393	3390	3548	1	-1	-1	-1
3389	3546	3396	0	-1	-1	-1
3391	3394	3549	1	-1	-1	-1
3342	3494	3498	1	-1	-1	-1
3497	3341	3496	0	-1	-1	-1
3392	3393	3550	0	-1	-1	-1
3343	3498	3499	1	-1	-1	-1
3552	3394	3395	1	-1	-1	-1
3500	3343	3499	1	-1	-1	-1
3488	3348	3506	1	-1	-1	-1
3397	3552	3395	1	-1	-1	-1
3495	3347	3505	1	-1	-1	-1
3501	3344	3502	1	-1	-1	-1
3550	3402	3396	0	-1	-1	-1
3504	3345	3500	1	-1	-1	-1
3397	3399	3553	1	-1	-1	-1
3503	3502	3345	1	-1	-1	-1
3503	3345	3504	1	-1	-1	-1
3501	3505	3347	1	-1	-1	-1
3400	3401	3554	2	-1	-1	-1
3403	3402	3551	0	-1	-1	-1
3403	3551	3404	0	-1	-1	-1
3548	3406	3404	0	-1	-1	-1
3406	3549	3405	1	-1	-1	-1
3553	3399	3408	1	-1	-1	-1
3349	3507	3506	1	-1	-1	-1
3353	3497	3512	0	-1	-1	-1
3549	3409	3405	1	-1	-1	-1
3351	3509	3507	0	-1	-1	-1
3509	3351	3508	0	-1	-1	-1
3409	3553	3408	1	-1	-1	-1
3508	3352	3511	0	-1	-1	-1
3352	3510	3511	0	-1	-1	-1
3353	3512	3510	0	-1	-1	-1
3558	3411	3410	1	-1	-1	-1
3514	3513	3354	1	-1	-1	-1
3558	3413	3411	1	-1	-1	-1
3355	3515	3514	1	-1	-1	-1
3559	3412	3413	1	-1	-1	-1
3414	3412	3559	1	-1	-1	-1
3516	3356	3517	1	-1	-1	-1
3494	3398	3498	1	-1	-1	-1
3515	3357	3518	1	-1	-1	-1
3357	3516	3519	1	-1	-1	-1
3519	3518	3357	1	-1	-1	-1
3517	3358	3520	1	-1	-1	-1
3418	3561	3417	1	-1	-1	-1
3562	3418	3419	1	-1	-1	-1
3521	3520	3359	1	-1	-1	-1
3561	3423	3417	1	-1	-1	-1
3563	3419	3420	1	-1	-1	-1
3521	3360	3522	1	-1	-1	-1
3558	3410	3435	1	-1	-1	-1
3361	3523	3524	1	-1	-1	-1
3566	3420	3422	1	-1	-1	-1
3567	3422	3421	0	-1	-1	-1
3363	3526	3525	1	-1	-1	-1
3528	3523	3364	1	-1	-1	-1
3513	3533	3369	1	-1	-1	-1
3423	3568	3424	1	-1	-1	-1
3527	3364	3525	1	-1	-1	-1
3424	3570	3425	1	-1	-1	-1
3364	3527	3528	1	-1	-1	-1
3366	3530	3526	1	-1	-1	-1
3426	3425	3573	1	-1	-1	-1
3366	3529	3531	1	-1	-1	-1
3531	3530	3366	1	-1	-1	-1
3426	3574	3428	1	-1	-1	-1
3532	3529	3368	1	-1	-1	-1
3427	3428	3576	1	-1	-1	-1
3429	3427	3575	1	-1	-1	-1
3476	3479	3477	1	-1	-1	-1
3372	3524	3536	2	-1	-1	-1
3532	3369	3533	1	-1	-1	-1
3429	3578	3430	1	-1	-1	-1
3370	3535	3534	2	-1	-1	-1
3431	3430	3578	1	-1	-1	-1
3432	3431	3580	1	-1	-1	-1
3535	3372	3536	2	-1	-1	-1
3583	3433	3432	1	-1	-1	-1
3377	3534	3541	2	-1	-1	-1
3434	3433	3585	1	-1	-1	-1
3539	3538	3375	2	-1	-1	-1
3400	3555	3498	1	-1	-1	-1
3586	3435	3434	1	-1	-1	-1
3376	3540	3539	2	-1	-1	-1
3540	3377	3541	2	-1	-1	-1
3438	3587	3436	1	-1	-1	-1
3436	3588	3437	1	-1	-1	-1
3539	3387	3538	2	-1	-1	-1
3587	3438	3440	1	-1	-1	-1
3590	3439	3437	1	-1	-1	-1
3384	3543	3542	2	-1	-1	-1
3385	3541	3544	2	-1	-1	-1
3545	3387	3539	2	-1	-1	-1
3421	3484	3567	0	-1	-1	-1
3541	3386	3545	2	-1	-1	-1
3385	3544	3543	2	-1	-1	-1
3441	3592	3440	1	-1	-1	-1
3591	3443	3439	1	-1	-1	-1
3594	3442	3443	1	-1	-1	-1
3444	3442	3594	1	-1	-1	-1
3548	3390	3547	1	-1	-1	-1
3596	3446	3444	1	-1	-1	-1
3547	3391	3549	1	-1	-1	-1
3546	3392	3550	0	-1	-1	-1
3445	3446	3598	1	-1	-1	-1
3548	3551	3393	0	-1	-1	-1
3396	3546	3550	0	-1	-1	-1
3550	3393	3551	0	-1	-1	-1
3447	3448	3599	1	-1	-1	-1
3549	3394	3552	1	-1	-1	-1
3559	3522	3414	1	-1	-1	-1
3600	3449	3447	1	-1	-1	-1
3455	3445	3598	1	-1	-1	-1
3542	3556	3401	2	-1	-1	-1
3547	3406	3548	1	-1	-1	-1
3448	3452	3601	1	-1	-1	-1
3553	3552	3397	1	-1	-1	-1
3549	3406	3547	1	-1	-1	-1
3550	3551	3402	0	-1	-1	-1
3551	3548	3404	0	-1	-1	-1
3450	3603	3451	1	-1	-1	-1
3453	3601	3452	1	-1	-1	-1
3457	3449	3600	1	-1	-1	-1
3451	3603	3453	1	-1	-1	-1
3456	3602	3450	1	-1	-1	-1
3555	3400	3554	2	-1	-1	-1
3475	3593	3441	1	-1	-1	-1
3549	3552	3409	1	-1	-1	-1
3401	3557	3554	2	-1	-1	-1
3454	3455	3605	1	-1	-1	-1
3552	3553	3409	1	-1	-1	-1
3556	3557	3401	2	-1	-1	-1
3454	3606	3456	1	-1	-1	-1
3470	3457	3600	1	-1	-1	-1
3458	3459	3611	1	-1	-1	-1
3413	3558	3560	1	-1	-1	-1
3559	3413	3560	1	-1	-1	-1
3567	3484	3483	0	-1	-1	-1
3611	3459	3464	1	-1	-1	-1
3460	3613	3461	1	-1	-1	-1
3462	3461	3614	1	-1	-1	-1
3467	3612	3460	1	-1	-1	-1
3463	3462	3614	1	-1	-1	-1
3418	3562	3561	1	-1	-1	-1
3464	3463	3616	1	-1	-1	-1
3564	3562	3419	1	-1	-1	-1
3564	3419	3563	1	-1	-1	-1
3563	3420	3565	1	-1	-1	-1
3465	3466	3617	1	-1	-1	-1
3468	3465	3617	1	-1	-1	-1
3565	3420	3566	1	-1	-1	-1
3499	3498	3555	1	-1	-1	-1
3423	3561	3569	1	-1	-1	-1
3468	3618	3467	1	-1	-1	-1
3466	3471	3617	1	-1	-1	-1
3567	3566	3422	0	-1	-1	-1
3568	3423	3569	1	-1	-1	-1
3470	3621	3469	1	-1	-1	-1
3622	3471	3469	1	-1	-1	-1
3424	3568	3571	1	-1	-1	-1
3424	3571	3570	1	-1	-1	-1
3572	3425	3570	1	-1	-1	-1
3625	3473	3472	1	-1	-1	-1
3425	3572	3573	1	-1	-1	-1
3472	3474	3626	1	-1	-1	-1
3573	3574	3426	1	-1	-1	-1
3528	3524	3523	1	-1	-1	-1
3575	3427	3576	1	-1	-1	-1
3577	3428	3574	1	-1	-1	-1
3435	3586	3558	1	-1	-1	-1
3577	3576	3428	1	-1	-1	-1
3477	3630	3475	1	-1	-1	-1
3627	3482	3473	1	-1	-1	-1
3429	3575	3579	1	-1	-1	-1
3578	3429	3579	1	-1	-1	-1
3479	3631	3477	1	-1	-1	-1
3479	3478	3632	1	-1	-1	-1
3581	3431	3578	1	-1	-1	-1
3633	3478	3480	1	-1	-1	-1
3431	3582	3580	1	-1	-1	-1
3628	3474	3491	1	-1	-1	-1
3481	3633	3480	1	-1	-1	-1
3581	3582	3431	1	-1	-1	-1
3432	3580	3583	1	-1	-1	-1
3481	3482	3636	1	-1	-1	-1
3584	3433	3583	1	-1	-1	-1
3584	3585	3433	1	-1	-1	-1
3434	3585	3586	1	-1	-1	-1
3640	3485	3486	1	-1	-1	-1
3587	3588	3436	1	-1	-1	-1
3628	3491	3493	1	-1	-1	-1
3535	3544	3534	2	-1	-1	-1
3639	3489	3485	1	-1	-1	-1
3487	3641	3486	1	-1	-1	-1
3588	3589	3437	1	-1	-1	-1
3589	3590	3437	1	-1	-1	-1
3642	3487	3488	1	-1	-1	-1
3544	3541	3534	2	-1	-1	-1
3587	3440	3592	1	-1	-1	-1
3591	3439	3590	1	-1	-1	-1
3489	3644	3490	1	-1	-1	-1
3545	3539	3540	2	-1	-1	-1
3541	3545	3540	2	-1	-1	-1
3592	3441	3593	1	-1	-1	-1
3646	3492	3490	1	-1	-1	-1
3443	3591	3595	1	-1	-1	-1
3646	3493	3492	1	-1	-1	-1
3594	3443	3595	1	-1	-1	-1
3444	3594	3597	1	-1	-1	-1
3597	3596	3444	1	-1	-1	-1
3488	3506	3643	1	-1	-1	-1
3649	3496	3495	1	-1	-1	-1
3598	3446	3596	1	-1	-1	-1
3650	3497	3496	1	-1	-1	-1
3599	3600	3447	1	-1	-1	-1
3601	3599	3448	1	-1	-1	-1
3649	3495	3505	1	-1	-1	-1
3499	3652	3500	1	-1	-1	-1
3603	3450	3602	1	-1	-1	-1
3502	3654	3501	1	-1	-1	-1
3500	3653	3504	1	-1	-1	-1
3453	3604	3601	1	-1	-1	-1
3455	3598	3607	1	-1	-1	-1
3512	3497	3651	1	-1	-1	-1
3453	3603	3604	1	-1	-1	-1
3502	3503	3656	1	-1	-1	-1
3505	3501	3655	1	-1	-1	-1
3454	3605	3606	1	-1	-1	-1
3503	3504	3659	1	-1	-1	-1
3607	3605	3455	1	-1	-1	-1
3609	3602	3456	1	-1	-1	-1
3608	3456	3606	1	-1	-1	-1
3608	3609	3456	1	-1	-1	-1
3507	3661	3506	1	-1	-1	-1
3507	3509	3662	0	-1	-1	-1
3458	3611	3610	1	-1	-1	-1
3663	3509	3508	0	-1	-1	-1
3511	3663	3508	0	-1	-1	-1
3612	3613	3460	1	-1	-1	-1
3510	3665	3511	0	-1	-1	-1
3666	3510	3512	0	-1	-1	-1
3483	3638	3567	0	-1	-1	-1
3614	3461	3613	1	-1	-1	-1
3616	3611	3464	1	-1	-1	-1
3614	3615	3463	1	-1	-1	-1
3600	3623	3470	1	-1	-1	-1
3463	3615	3616	1	-1	-1	-1
3514	3669	3513	1	-1	-1	-1
3593	3475	3629	1	-1	-1	-1
3467	3618	3612	1	-1	-1	-1
3671	3514	3515	1	-1	-1	-1
3617	3619	3468	1	-1	-1	-1
3555	3652	3499	1	-1	-1	-1
3468	3620	3618	1	-1	-1	-1
3515	3518	3673	1	-1	-1	-1
3619	3620	3468	1	-1	-1	-1
3516	3517	3674	1	-1	-1	-1
3519	3516	3675	1	-1	-1	-1
3624	3617	3471	1	-1	-1	-1
3621	3622	3469	1	-1	-1	-1
3517	3520	3676	1	-1	-1	-1
3518	3519	3677	1	-1	-1	-1
3621	3470	3623	1	-1	-1	-1
3513	3670	3533	1	-1	-1	-1
3624	3471	3622	1	-1	-1	-1
3521	3681	3520	1	-1	-1	-1
3472	3626	3625	1	-1	-1	-1
3473	3625	3627	1	-1	-1	-1
3521	3522	3682	1	-1	-1	-1
3474	3628	3626	1	-1	-1	-1
3475	3630	3629	1	-1	-1	-1
3524	3528	3685	2	-1	-1	-1
3526	3686	3525	1	-1	-1	-1
3631	3630	3477	1	-1	-1	-1
3525	3686	3527	1	-1	-1	-1
3578	3579	3581	1	-1	-1	-1
3478	3633	3632	1	-1	-1	-1
3687	3526	3530	1	-1	-1	-1
3632	3634	3479	1	-1	-1	-1
3479	3635	3631	1	-1	-1	-1
3690	3528	3527	2	-1	-1	-1
3536	3524	3685	2	-1	-1	-1
3582	3583	3580	1	-1	-1	-1
3637	3482	3627	1	-1	-1	-1
3479	3634	3635	1	-1	-1	-1
3633	3481	3636	1	-1	-1	-1
3531	3529	3691	1	-1	-1	-1
3529	3532	3691	1	-1	-1	-1
3692	3530	3531	1	-1	-1	-1
3637	3636	3482	1	-1	-1	-1
3533	3695	3532	1	-1	-1	-1
3640	3639	3485	1	-1	-1	-1
3522	3559	3684	1	-1	-1	-1
3640	3486	3641	1	-1	-1	-1
3697	3535	3536	2	-1	-1	-1
3493	3648	3628	1	-1	-1	-1
3642	3641	3487	1	-1	-1	-1
3645	3489	3639	1	-1	-1	-1
3642	3488	3643	1	-1	-1	-1
3544	3535	3697	2	-1	-1	-1
3645	3644	3489	1	-1	-1	-1
3644	3646	3490	1	-1	-1	-1
3542	3543	3701	2	-1	-1	-1
3647	3493	3646	1	-1	-1	-1
3647	3648	3493	1	-1	-1	-1
3543	3544	3702	2	-1	-1	-1
3650	3496	3649	1	-1	-1	-1
3699	3556	3542	2	-1	-1	-1
3651	3497	3650	1	-1	-1	-1
3500	3652	3653	1	-1	-1	-1
3505	3655	3649	1	-1	-1	-1
3655	3501	3654	1	-1	-1	-1
3506	3661	3643	1	-1	-1	-1
3703	3555	3554	2	-1	-1	-1
3657	3654	3502	1	-1	-1	-1
3502	3656	3657	1	-1	-1	-1
3557	3704	3554	2	-1	-1	-1
3503	3658	3656	1	-1	-1	-1
3504	3653	3660	1	-1	-1	-1
3557	3556	3706	2	-1	-1	-1
3658	3503	3659	1	-1	-1	-1
3504	3660	3659	1	-1	-1	-1
3709	3560	3558	1	-1	-1	-1
3559	3560	3710	1	-1	-1	-1
3661	3507	3662	1	-1	-1	-1
3512	3651	3668	1	-1	-1	-1
3509	3664	3662	0	-1	-1	-1
3713	3561	3562	1	-1	-1	-1
3509	3663	3664	0	-1	-1	-1
3564	3714	3562	1	-1	-1	-1
3666	3665	3510	0	-1	-1	-1
3511	3667	3663	0	-1	-1	-1
3564	3563	3715	1	-1	-1	-1
3712	3569	3561	1	-1	-1	-1
3667	3511	3665	0	-1	-1	-1
3565	3715	3563	1	-1	-1	-1
3512	3668	3666	1	-1	-1	-1
3719	3565	3566	0	-1	-1	-1
3513	3669	3670	1	-1	-1	-1
3709	3558	3586	1	-1	-1	-1
3566	3567	3720	0	-1	-1	-1
3514	3672	3669	1	-1	-1	-1
3514	3671	3672	1	-1	-1	-1
3722	3568	3569	1	-1	-1	-1
3515	3673	3671	1	-1	-1	-1
3721	3571	3568	1	-1	-1	-1
3624	3619	3617	1	-1	-1	-1
3516	3674	3675	1	-1	-1	-1
3725	3570	3571	1	-1	-1	-1
3676	3674	3517	1	-1	-1	-1
3725	3572	3570	1	-1	-1	-1
3677	3673	3518	1	-1	-1	-1
3677	3519	3678	1	-1	-1	-1
3675	3680	3519	1	-1	-1	-1
3679	3678	3519	1	-1	-1	-1
3681	3676	3520	1	-1	-1	-1
3519	3680	3679	1	-1	-1	-1
3576	3727	3575	1	-1	-1	-1
3728	3579	3575	1	-1	-1	-1
3729	3576	3577	1	-1	-1	-1
3681	3521	3682	1	-1	-1	-1
3683	3682	3522	1	-1	-1	-1
3684	3683	3522	1	-1	-1	-1
3730	3581	3579	1	-1	-1	-1
3582	3581	3732	1	-1	-1	-1
3583	3582	3734	1	-1	-1	-1
3670	3696	3533	1	-1	-1	-1
3686	3526	3688	1	-1	-1	-1
3687	3688	3526	1	-1	-1	-1
3583	3734	3584	1	-1	-1	-1
3527	3686	3689	2	-1	-1	-1
3690	3685	3528	2	-1	-1	-1
3585	3584	3735	1	-1	-1	-1
3690	3527	3689	2	-1	-1	-1
3586	3585	3738	1	-1	-1	-1
3530	3692	3687	1	-1	-1	-1
3703	3652	3555	2	-1	-1	-1
3739	3588	3587	1	-1	-1	-1
3531	3691	3693	1	-1	-1	-1
3692	3531	3693	1	-1	-1	-1
3589	3588	3740	1	-1	-1	-1
3532	3694	3691	1	-1	-1	-1
3592	3739	3587	1	-1	-1	-1
3698	3536	3685	2	-1	-1	-1
3741	3590	3589	1	-1	-1	-1
3694	3532	3695	1	-1	-1	-1
3591	3590	3743	1	-1	-1	-1
3695	3533	3696	1	-1	-1	-1
3720	3567	3638	0	-1	-1	-1
3593	3745	3592	1	-1	-1	-1
3591	3744	3595	1	-1	-1	-1
3697	3536	3698	2	-1	-1	-1
3747	3594	3595	1	-1	-1	-1
3594	3747	3597	1	-1	-1	-1
3542	3700	3699	2	-1	-1	-1
3597	3749	3596	1	-1	-1	-1
3596	3748	3598	1	-1	-1	-1
3544	3697	3702	2	-1	-1	-1
3542	3701	3700	2	-1	-1	-1
3543	3702	3701	2	-1	-1	-1
3600	3599	3752	1	-1	-1	-1
3559	3710	3684	1	-1	-1	-1
3601	3753	3599	1	-1	-1	-1
3598	3748	3607	1	-1	-1	-1
3753	3601	3604	1	-1	-1	-1
3602	3755	3603	1	-1	-1	-1
3556	3699	3705	2	-1	-1	-1
3704	3703	3554	2	-1	-1	-1
3604	3603	3755	1	-1	-1	-1
3755	3602	3609	1	-1	-1	-1
3705	3706	3556	2	-1	-1	-1
3606	3605	3757	1	-1	-1	-1
3704	3557	3707	2	-1	-1	-1
3746	3593	3629	1	-1	-1	-1
3607	3757	3605	1	-1	-1	-1
3706	3708	3557	2	-1	-1	-1
3758	3608	3606	1	-1	-1	-1
3557	3708	3707	2	-1	-1	-1
3600	3752	3623	1	-1	-1	-1
3608	3760	3609	1	-1	-1	-1
3709	3711	3560	1	-1	-1	-1
3711	3710	3560	1	-1	-1	-1
3763	3610	3611	1	-1	-1	-1
3561	3713	3712	1	-1	-1	-1
3714	3713	3562	1	-1	-1	-1
3764	3613	3612	1	-1	-1	-1
3611	3616	3763	1	-1	-1	-1
3613	3765	3614	1	-1	-1	-1
3716	3714	3564	1	-1	-1	-1
3618	3764	3612	1	-1	-1	-1
3766	3615	3614	1	-1	-1	-1
3715	3717	3564	1	-1	-1	-1
3717	3716	3564	1	-1	-1	-1
3615	3767	3616	1	-1	-1	-1
3715	3565	3718	0	-1	-1	-1
3565	3719	3718	0	-1	-1	-1
3719	3566	3720	0	-1	-1	-1
3569	3712	3724	1	-1	-1	-1
3618	3620	3769	1	-1	-1	-1
3620	3619	3770	1	-1	-1	-1
3722	3721	3568	1	-1	-1	-1
3770	3619	3624	1	-1	-1	-1
3723	3722	3569	1	-1	-1	-1
3569	3724	3723	1	-1	-1	-1
3621	3775	3622	1	-1	-1	-1
3721	3726	3571	1	-1	-1	-1
3774	3621	3623	1	-1	-1	-1
3726	3725	3571	1	-1	-1	-1
3624	3622	3776	1	-1	-1	-1
3626	3779	3625	1	-1	-1	-1
3575	3727	3728	1	-1	-1	-1
3627	3625	3779	1	-1	-1	-1
3729	3727	3576	1	-1	-1	-1
3738	3709	3586	1	-1	-1	-1
3780	3626	3628	1	-1	-1	-1
3728	3730	3579	1	-1	-1	-1
3630	3782	3629	1	-1	-1	-1
3730	3731	3581	1	-1	-1	-1
3732	3581	3731	1	-1	-1	-1
3630	3631	3784	1	-1	-1	-1
3781	3637	3627	1	-1	-1	-1
3582	3732	3733	1	-1	-1	-1
3733	3734	3582	1	-1	-1	-1
3632	3633	3785	1	-1	-1	-1
3631	3635	3784	1	-1	-1	-1
3634	3632	3785	1	-1	-1	-1
3736	3584	3734	1	-1	-1	-1
3584	3736	3735	1	-1	-1	-1
3636	3786	3633	1	-1	-1	-1
3634	3787	3635	1	-1	-1	-1
3780	3628	3648	1	-1	-1	-1
3737	3585	3735	1	-1	-1	-1
3585	3737	3738	1	-1	-1	-1
3637	3789	3636	1	-1	-1	-1
3588	3739	3740	1	-1	-1	-1
3589	3740	3742	1	-1	-1	-1
3640	3793	3639	1	-1	-1	-1
3742	3741	3589	1	-1	-1	-1
3590	3741	3743	1	-1	-1	-1
3641	3794	3640	1	-1	-1	-1
3639	3792	3645	1	-1	-1	-1
3739	3592	3745	1	-1	-1	-1
3641	3642	3795	1	-1	-1	-1
3743	3744	3591	1	-1	-1	-1
3643	3796	3642	1	-1	-1	-1
3745	3593	3746	1	-1	-1	-1
3747	3595	3744	1	-1	-1	-1
3645	3797	3644	1	-1	-1	-1
3646	3644	3799	1	-1	-1	-1
3646	3799	3647	1	-1	-1	-1
3749	3748	3596	1	-1	-1	-1
3751	3597	3747	1	-1	-1	-1
3749	3597	3750	1	-1	-1	-1
3648	3647	3802	1	-1	-1	-1
3597	3751	3750	1	-1	-1	-1
3643	3661	3796	1	-1	-1	-1
3805	3650	3649	1	-1	-1	-1
3599	3754	3752	1	-1	-1	-1
3599	3753	3754	1	-1	-1	-1
3651	3650	3806	1	-1	-1	-1
3649	3655	3805	1	-1	-1	-1
3753	3604	3756	1	-1	-1	-1
3808	3653	3652	2	-1	-1	-1
3748	3759	3607	1	-1	-1	-1
3755	3756	3604	1	-1	-1	-1
3655	3654	3810	1	-1	-1	-1
3606	3757	3758	1	-1	-1	-1
3653	3809	3660	2	-1	-1	-1
3654	3657	3811	1	-1	-1	-1
3607	3759	3757	1	-1	-1	-1
3609	3761	3755	1	-1	-1	-1
3608	3758	3760	1	-1	-1	-1
3656	3813	3657	1	-1	-1	-1
3812	3656	3658	1	-1	-1	-1
3651	3807	3668	1	-1	-1	-1
3609	3760	3761	1	-1	-1	-1
3659	3815	3658	1	-1	-1	-1
3659	3660	3816	1	-1	-1	-1
3610	3763	3762	1	-1	-1	-1
3819	3661	3662	1	-1	-1	-1
3764	3765	3613	1	-1	-1	-1
3766	3614	3765	1	-1	-1	-1
3820	3662	3664	0	-1	-1	-1
3763	3616	3768	1	-1	-1	-1
3766	3767	3615	1	-1	-1	-1
3664	3663	3821	0	-1	-1	-1
3720	3638	3791	0	-1	-1	-1
3623	3752	3774	1	-1	-1	-1
3618	3769	3764	1	-1	-1	-1
3667	3821	3663	0	-1	-1	-1
3665	3666	3824	0	-1	-1	-1
3616	3767	3768	1	-1	-1	-1
3667	3665	3824	0	-1	-1	-1
3629	3783	3746	1	-1	-1	-1
3825	3666	3668	1	-1	-1	-1
3620	3770	3771	1	-1	-1	-1
3772	3769	3620	1	-1	-1	-1
3620	3771	3772	1	-1	-1	-1
3652	3703	3808	2	-1	-1	-1
3669	3826	3670	1	-1	-1	-1
3672	3827	3669	1	-1	-1	-1
3773	3621	3774	1	-1	-1	-1
3773	3775	3621	1	-1	-1	-1
3624	3778	3770	1	-1	-1	-1
3672	3671	3829	1	-1	-1	-1
3671	3673	3829	1	-1	-1	-1
3622	3775	3777	1	-1	-1	-1
3776	3622	3777	1	-1	-1	-1
3624	3776	3778	1	-1	-1	-1
3832	3673	3677	1	-1	-1	-1
3833	3675	3674	1	-1	-1	-1
3674	3676	3833	1	-1	-1	-1
3779	3626	3780	1	-1	-1	-1
3832	3677	3678	1	-1	-1	-1
3627	3779	3781	1	-1	-1	-1
3680	3675	3835	1	-1	-1	-1
3676	3681	3836	1	-1	-1	-1
3629	3782	3783	1	-1	-1	-1
3696	3670	3828	1	-1	-1	-1
3678	3679	3838	1	-1	-1	-1
3630	3784	3782	1	-1	-1	-1
3840	3679	3680	1	-1	-1	-1
3633	3786	3785	1	-1	-1	-1
3842	3681	3682	1	-1	-1	-1
3787	3634	3785	1	-1	-1	-1
3788	3784	3635	1	-1	-1	-1
3843	3682	3683	1	-1	-1	-1
3790	3637	3781	1	-1	-1	-1
3788	3635	3787	1	-1	-1	-1
3789	3786	3636	1	-1	-1	-1
3684	3844	3683	1	-1	-1	-1
3704	3808	3703	2	-1	-1	-1
3637	3790	3789	1	-1	-1	-1
3686	3688	3846	2	-1	-1	-1
3685	3690	3845	2	-1	-1	-1
3686	3846	3689	2	-1	-1	-1
3847	3688	3687	1	-1	-1	-1
3792	3639	3793	1	-1	-1	-1
3847	3687	3692	1	-1	-1	-1
3640	3794	3793	1	-1	-1	-1
3698	3685	3845	2	-1	-1	-1
3690	3689	3850	2	-1	-1	-1
3720	3791	3719	0	-1	-1	-1
3641	3795	3794	1	-1	-1	-1
3648	3803	3780	1	-1	-1	-1
3795	3642	3796	1	-1	-1	-1
3852	3693	3691	1	-1	-1	-1
3645	3792	3800	1	-1	-1	-1
3694	3852	3691	1	-1	-1	-1
3844	3684	3710	1	-1	-1	-1
3693	3853	3692	1	-1	-1	-1
3797	3798	3644	1	-1	-1	-1
3799	3644	3798	1	-1	-1	-1
3831	3706	3705	1	-1	-1	-1
3645	3801	3797	1	-1	-1	-1
3695	3855	3694	1	-1	-1	-1
3801	3645	3800	1	-1	-1	-1
3696	3856	3695	1	-1	-1	-1
3802	3647	3799	1	-1	-1	-1
3697	3698	3857	2	-1	-1	-1
3648	3802	3804	1	-1	-1	-1
3804	3803	3648	1	-1	-1	-1
3702	3697	3857	2	-1	-1	-1
3858	3699	3700	2	-1	-1	-1
3702	3857	3701	2	-1	-1	-1
3806	3650	3805	1	-1	-1	-1
3701	3861	3700	2	-1	-1	-1
3699	3858	3705	2	-1	-1	-1
3807	3651	3806	1	-1	-1	-1
3653	3808	3809	2	-1	-1	-1
3810	3805	3655	1	-1	-1	-1
3756	3755	3761	1	-1	-1	-1
3811	3810	3654	1	-1	-1	-1
3864	3704	3707	2	-1	-1	-1
3819	3796	3661	1	-1	-1	-1
3754	3774	3752	1	-1	-1	-1
3708	3706	3866	1	-1	-1	-1
3812	3813	3656	1	-1	-1	-1
3657	3814	3811	1	-1	-1	-1
3867	3707	3708	2	-1	-1	-1
3657	3813	3814	1	-1	-1	-1
3658	3815	3812	1	-1	-1	-1
3660	3809	3818	2	-1	-1	-1
3709	3869	3711	1	-1	-1	-1
3816	3815	3659	1	-1	-1	-1
3871	3710	3711	1	-1	-1	-1
3817	3816	3660	2	-1	-1	-1
3660	3818	3817	2	-1	-1	-1
3807	3825	3668	1	-1	-1	-1
3874	3712	3713	1	-1	-1	-1
3875	3713	3714	1	-1	-1	-1
3662	3820	3819	1	-1	-1	-1
3664	3823	3820	0	-1	-1	-1
3822	3664	3821	0	-1	-1	-1
3877	3714	3716	1	-1	-1	-1
3873	3724	3712	1	-1	-1	-1
3823	3664	3822	0	-1	-1	-1
3879	3717	3715	0	-1	-1	-1
3821	3667	3824	0	-1	-1	-1
3718	3879	3715	0	-1	-1	-1
3717	3880	3716	1	-1	-1	-1
3666	3825	3824	1	-1	-1	-1
3869	3709	3738	1	-1	-1	-1
3882	3718	3719	0	-1	-1	-1
3826	3669	3827	1	-1	-1	-1
3826	3828	3670	1	-1	-1	-1
3722	3884	3721	1	-1	-1	-1
3827	3672	3830	1	-1	-1	-1
3722	3723	3885	1	-1	-1	-1
3726	3721	3883	1	-1	-1	-1
3777	3778	3776	1	-1	-1	-1
3831	3672	3829	1	-1	-1	-1
3724	3886	3723	1	-1	-1	-1
3830	3672	3831	1	-1	-1	-1
3829	3673	3832	1	-1	-1	-1
3781	3779	3780	1	-1	-1	-1
3675	3833	3834	1	-1	-1	-1
3675	3834	3835	1	-1	-1	-1
3833	3676	3836	1	-1	-1	-1
3891	3728	3727	1	-1	-1	-1
3727	3729	3890	1	-1	-1	-1
3837	3832	3678	1	-1	-1	-1
3730	3728	3892	1	-1	-1	-1
3838	3837	3678	1	-1	-1	-1
3893	3731	3730	1	-1	-1	-1
3841	3680	3835	1	-1	-1	-1
3839	3838	3679	1	-1	-1	-1
3731	3894	3732	1	-1	-1	-1
3840	3839	3679	1	-1	-1	-1
3681	3842	3836	1	-1	-1	-1
3895	3733	3732	1	-1	-1	-1
3680	3841	3840	1	-1	-1	-1
3733	3897	3734	1	-1	-1	-1
3803	3781	3780	1	-1	-1	-1
3830	3831	3705	1	-1	-1	-1
3682	3843	3842	1	-1	-1	-1
3734	3897	3736	1	-1	-1	-1
3736	3898	3735	1	-1	-1	-1
3844	3843	3683	1	-1	-1	-1
3735	3900	3737	1	-1	-1	-1
3781	3803	3790	1	-1	-1	-1
3900	3738	3737	1	-1	-1	-1
3704	3865	3808	2	-1	-1	-1
3696	3828	3856	1	-1	-1	-1
3848	3846	3688	2	-1	-1	-1
3740	3739	3903	1	-1	-1	-1
3688	3847	3848	2	-1	-1	-1
3849	3689	3846	2	-1	-1	-1
3904	3742	3740	1	-1	-1	-1
3845	3690	3851	2	-1	-1	-1
3903	3739	3745	1	-1	-1	-1
3689	3849	3850	2	-1	-1	-1
3906	3741	3742	1	-1	-1	-1
3743	3741	3906	1	-1	-1	-1
3850	3851	3690	2	-1	-1	-1
3853	3847	3692	1	-1	-1	-1
3719	3791	3882	0	-1	-1	-1
3858	3830	3705	1	-1	-1	-1
3746	3903	3745	1	-1	-1	-1
3909	3744	3743	1	-1	-1	-1
3852	3853	3693	1	-1	-1	-1
3854	3852	3694	1	-1	-1	-1
3698	3845	3857	2	-1	-1	-1
3744	3910	3747	1	-1	-1	-1
3855	3854	3694	1	-1	-1	-1
3866	3706	3831	1	-1	-1	-1
3856	3855	3695	1	-1	-1	-1
3910	3751	3747	1	-1	-1	-1
3749	3913	3748	1	-1	-1	-1
3749	3750	3914	1	-1	-1	-1
3751	3916	3750	1	-1	-1	-1
3700	3860	3858	2	-1	-1	-1
3860	3700	3859	2	-1	-1	-1
3700	3861	3859	2	-1	-1	-1
3759	3748	3913	1	-1	-1	-1
3701	3857	3862	2	-1	-1	-1
3710	3870	3844	1	-1	-1	-1
3862	3861	3701	2	-1	-1	-1
3919	3754	3753	1	-1	-1	-1
3753	3756	3919	1	-1	-1	-1
3864	3863	3704	2	-1	-1	-1
3704	3863	3865	2	-1	-1	-1
3707	3867	3864	2	-1	-1	-1
3923	3758	3757	1	-1	-1	-1
3757	3759	3923	1	-1	-1	-1
3756	3761	3922	1	-1	-1	-1
3746	3783	3912	1	-1	-1	-1
3868	3708	3866	1	-1	-1	-1
3758	3925	3760	1	-1	-1	-1
3867	3708	3868	1	-1	-1	-1
3920	3774	3754	1	-1	-1	-1
3927	3761	3760	1	-1	-1	-1
3871	3870	3710	1	-1	-1	-1
3869	3872	3711	1	-1	-1	-1
3872	3871	3711	1	-1	-1	-1
3762	3763	3930	1	-1	-1	-1
3874	3873	3712	1	-1	-1	-1
3764	3932	3765	1	-1	-1	-1
3930	3763	3768	1	-1	-1	-1
3876	3874	3713	1	-1	-1	-1
3766	3765	3933	1	-1	-1	-1
3769	3931	3764	1	-1	-1	-1
3876	3713	3875	1	-1	-1	-1
3767	3766	3934	1	-1	-1	-1
3920	3773	3774	1	-1	-1	-1
3714	3878	3875	1	-1	-1	-1
3714	3877	3878	1	-1	-1	-1
3935	3768	3767	1	-1	-1	-1
3877	3716	3880	1	-1	-1	-1
3717	3879	3881	0	-1	-1	-1
3881	3880	3717	0	-1	-1	-1
3937	3769	3772	1	-1	-1	-1
3938	3771	3770	1	-1	-1	-1
3882	3879	3718	0	-1	-1	-1
3771	3939	3772	1	-1	-1	-1
3888	3724	3873	1	-1	-1	-1
3778	3938	3770	1	-1	-1	-1
3721	3884	3883	1	-1	-1	-1
3942	3775	3773	1	-1	-1	-1
3885	3884	3722	1	-1	-1	-1
3723	3887	3885	1	-1	-1	-1
3723	3886	3887	1	-1	-1	-1
3775	3944	3777	1	-1	-1	-1
3724	3889	3886	1	-1	-1	-1
3777	3945	3778	1	-1	-1	-1
3889	3724	3888	1	-1	-1	-1
3869	3738	3900	1	-1	-1	-1
3727	3890	3891	1	-1	-1	-1
3728	3891	3892	1	-1	-1	-1
3783	3782	3947	1	-1	-1	-1
3860	3826	3827	1	-1	-1	-1
3782	3784	3947	1	-1	-1	-1
3830	3858	3827	1	-1	-1	-1
3730	3892	3893	1	-1	-1	-1
3894	3731	3893	1	-1	-1	-1
3896	3732	3894	1	-1	-1	-1
3786	3951	3785	1	-1	-1	-1
3784	3788	3950	1	-1	-1	-1
3787	3785	3951	1	-1	-1	-1
3732	3896	3895	1	-1	-1	-1
3897	3733	3895	1	-1	-1	-1
3866	3831	3829	1	-1	-1	-1
3786	3789	3952	1	-1	-1	-1
3787	3954	3788	1	-1	-1	-1
3735	3898	3899	1	-1	-1	-1
3897	3901	3736	1	-1	-1	-1
3735	3899	3900	1	-1	-1	-1
3790	3957	3789	1	-1	-1	-1
3898	3736	3902	1	-1	-1	-1
3902	3736	3901	1	-1	-1	-1
3793	3959	3792	1	-1	-1	-1
3827	3858	3860	1	-1	-1	-1
3960	3793	3794	1	-1	-1	-1
3740	3903	3905	1	-1	-1	-1
3905	3904	3740	1	-1	-1	-1
3961	3794	3795	1	-1	-1	-1
3800	3792	3959	1	-1	-1	-1
3803	3958	3790	1	-1	-1	-1
3742	3904	3907	1	-1	-1	-1
3795	3796	3963	1	-1	-1	-1
3908	3906	3742	1	-1	-1	-1
3908	3742	3907	1	-1	-1	-1
3743	3906	3909	1	-1	-1	-1
3798	3797	3964	1	-1	-1	-1
3911	3903	3746	1	-1	-1	-1
3801	3964	3797	1	-1	-1	-1
3744	3909	3910	1	-1	-1	-1
3966	3799	3798	1	-1	-1	-1
3802	3799	3966	1	-1	-1	-1
3801	3800	3967	1	-1	-1	-1
3911	3746	3912	1	-1	-1	-1
3966	3804	3802	1	-1	-1	-1
3749	3914	3913	1	-1	-1	-1
3796	3819	3963	1	-1	-1	-1
3971	3803	3804	1	-1	-1	-1
3910	3917	3751	1	-1	-1	-1
3750	3915	3914	1	-1	-1	-1
3916	3915	3750	1	-1	-1	-1
3918	3916	3751	1	-1	-1	-1
3806	3805	3974	1	-1	-1	-1
3751	3917	3918	1	-1	-1	-1
3806	3976	3807	1	-1	-1	-1
3975	3805	3810	1	-1	-1	-1
3919	3921	3754	1	-1	-1	-1
3920	3754	3921	1	-1	-1	-1
3759	3913	3923	1	-1	-1	-1
3808	3979	3809	2	-1	-1	-1
3810	3811	3975	1	-1	-1	-1
3919	3756	3922	1	-1	-1	-1
3814	3980	3811	1	-1	-1	-1
3818	3809	3979	2	-1	-1	-1
3923	3926	3758	1	-1	-1	-1
3758	3924	3925	1	-1	-1	-1
3983	3813	3812	1	-1	-1	-1
3758	3926	3924	1	-1	-1	-1
3815	3982	3812	1	-1	-1	-1
3807	3978	3825	1	-1	-1	-1
3922	3761	3928	1	-1	-1	-1
3813	3985	3814	1	-1	-1	-1
3925	3927	3760	1	-1	-1	-1
3761	3927	3928	1	-1	-1	-1
3816	3986	3815	1	-1	-1	-1
3987	3816	3817	2	-1	-1	-1
3762	3930	3929	1	-1	-1	-1
3989	3817	3818	2	-1	-1	-1
3932	3764	3931	1	-1	-1	-1
3933	3765	3932	1	-1	-1	-1
3820	3991	3819	1	-1	-1	-1
3933	3934	3766	1	-1	-1	-1
3936	3930	3768	1	-1	-1	-1
3993	3820	3823	0	-1	-1	-1
3934	3935	3767	1	-1	-1	-1
3943	3773	3920	1	-1	-1	-1
3769	3937	3931	1	-1	-1	-1
3822	3821	3994	0	-1	-1	-1
3824	3994	3821	0	-1	-1	-1
3936	3768	3935	1	-1	-1	-1
3823	3822	3995	0	-1	-1	-1
3949	3912	3783	1	-1	-1	-1
3825	3997	3824	1	-1	-1	-1
3939	3771	3938	1	-1	-1	-1
3941	3937	3772	1	-1	-1	-1
3940	3772	3939	1	-1	-1	-1
3865	3979	3808	2	-1	-1	-1
3826	3998	3828	1	-1	-1	-1
3772	3940	3941	1	-1	-1	-1
3943	3942	3773	1	-1	-1	-1
3829	3832	4000	1	-1	-1	-1
3942	3944	3775	1	-1	-1	-1
3938	3778	3945	1	-1	-1	-1
3946	3777	3944	1	-1	-1	-1
3946	3945	3777	1	-1	-1	-1
4002	3834	3833	1	-1	-1	-1
4000	3832	3837	1	-1	-1	-1
3833	3836	4002	1	-1	-1	-1
4003	3835	3834	1	-1	-1	-1
3948	3783	3947	1	-1	-1	-1
3835	4004	3841	1	-1	-1	-1
3783	3948	3949	1	-1	-1	-1
3947	3784	3950	1	-1	-1	-1
3836	3842	4005	1	-1	-1	-1
3838	4008	3837	1	-1	-1	-1
3999	3856	3828	1	-1	-1	-1
3826	3860	3998	1	-1	-1	-1
4009	3838	3839	1	-1	-1	-1
3951	3786	3952	1	-1	-1	-1
3839	3840	4011	1	-1	-1	-1
3787	3951	3953	1	-1	-1	-1
4012	3840	3841	1	-1	-1	-1
3788	3955	3950	1	-1	-1	-1
3954	3787	3953	1	-1	-1	-1
3866	3829	4001	1	-1	-1	-1
3789	3956	3952	1	-1	-1	-1
3788	3954	3955	1	-1	-1	-1
3843	4015	3842	1	-1	-1	-1
3957	3956	3789	1	-1	-1	-1
3844	4016	3843	1	-1	-1	-1
3958	3957	3790	1	-1	-1	-1
3959	3793	3960	1	-1	-1	-1
3846	3848	4020	2	-1	-1	-1
3794	3961	3960	1	-1	-1	-1
3851	4019	3845	2	-1	-1	-1
3846	4020	3849	2	-1	-1	-1
3848	3847	4021	2	-1	-1	-1
3860	3859	3998	2	-1	-1	-1
3962	3961	3795	1	-1	-1	-1
3911	3905	3903	1	-1	-1	-1
3795	3963	3962	1	-1	-1	-1
3847	3853	4021	2	-1	-1	-1
4019	3857	3845	2	-1	-1	-1
3849	4024	3850	2	-1	-1	-1
3906	3908	3909	1	-1	-1	-1
3852	4021	3853	1	-1	-1	-1
3851	3850	4025	2	-1	-1	-1
3959	3968	3800	1	-1	-1	-1
3852	3854	4021	1	-1	-1	-1
3965	3798	3964	1	-1	-1	-1
3965	3966	3798	1	-1	-1	-1
3855	4022	3854	1	-1	-1	-1
4018	3844	3870	1	-1	-1	-1
3958	3803	3971	1	-1	-1	-1
4001	3868	3866	1	-1	-1	-1
3800	3968	3967	1	-1	-1	-1
3964	3801	3970	1	-1	-1	-1
3969	3801	3967	1	-1	-1	-1
3855	3856	4027	1	-1	-1	-1
3857	4019	3862	2	-1	-1	-1
3969	3970	3801	1	-1	-1	-1
3804	3966	3972	1	-1	-1	-1
4028	3859	3861	2	-1	-1	-1
3971	3804	3973	1	-1	-1	-1
3804	3972	3973	1	-1	-1	-1
3861	3862	4029	2	-1	-1	-1
3975	3974	3805	1	-1	-1	-1
3976	3806	3974	1	-1	-1	-1
3863	4030	3865	2	-1	-1	-1
4032	3863	3864	2	-1	-1	-1
3977	3807	3976	1	-1	-1	-1
3807	3977	3978	1	-1	-1	-1
3921	3919	3922	1	-1	-1	-1
3867	4033	3864	2	-1	-1	-1
3811	3981	3975	1	-1	-1	-1
3867	3868	4036	1	-1	-1	-1
3980	3981	3811	1	-1	-1	-1
3992	3963	3819	1	-1	-1	-1
3812	3982	3983	1	-1	-1	-1
3869	4037	3872	1	-1	-1	-1
3870	3871	4038	1	-1	-1	-1
3985	3980	3814	1	-1	-1	-1
3813	3983	3984	1	-1	-1	-1
3872	4039	3871	1	-1	-1	-1
3813	3984	3985	1	-1	-1	-1
3986	3982	3815	1	-1	-1	-1
3818	3979	3990	2	-1	-1	-1
3873	3874	4041	1	-1	-1	-1
3816	3987	3986	2	-1	-1	-1
4042	3874	3876	1	-1	-1	-1
3988	3987	3817	2	-1	-1	-1
3989	3988	3817	2	-1	-1	-1
3876	3875	4043	1	-1	-1	-1
3929	3930	3936	1	-1	-1	-1
4043	3875	3878	1	-1	-1	-1
3818	3990	3989	2	-1	-1	-1
4045	3878	3877	1	-1	-1	-1
3825	3978	3997	1	-1	-1	-1
3873	4040	3888	1	-1	-1	-1
3880	4045	3877	1	-1	-1	-1
3819	3991	3992	1	-1	-1	-1
3820	3993	3991	1	-1	-1	-1
3900	4037	3869	1	-1	-1	-1
3879	4047	3881	0	-1	-1	-1
4047	3879	3882	0	-1	-1	-1
3881	4048	3880	0	-1	-1	-1
3994	3995	3822	0	-1	-1	-1
3993	3823	3996	0	-1	-1	-1
3823	3995	3996	0	-1	-1	-1
3994	3824	3997	1	-1	-1	-1
3883	3884	4049	1	-1	-1	-1
4049	3884	3885	1	-1	-1	-1
3887	4050	3885	1	-1	-1	-1
4051	3887	3886	1	-1	-1	-1
3828	3998	3999	1	-1	-1	-1
3886	3889	4051	1	-1	-1	-1
4053	3889	3888	1	-1	-1	-1
3829	4000	4001	1	-1	-1	-1
3891	3890	4056	1	-1	-1	-1
3834	4002	4003	1	-1	-1	-1
4057	3892	3891	1	-1	-1	-1
4003	4004	3835	1	-1	-1	-1
3836	4005	4002	1	-1	-1	-1
3837	4006	4000	1	-1	-1	-1
3893	3892	4058	1	-1	-1	-1
4059	3894	3893	1	-1	-1	-1
3894	4059	3896	1	-1	-1	-1
4006	3837	4007	1	-1	-1	-1
3897	3895	4060	1	-1	-1	-1
3896	4061	3895	1	-1	-1	-1
4007	3837	4008	1	-1	-1	-1
4010	4008	3838	1	-1	-1	-1
4010	3838	4009	1	-1	-1	-1
3897	4060	3901	1	-1	-1	-1
3841	4004	4013	1	-1	-1	-1
4011	4009	3839	1	-1	-1	-1
4014	4005	3842	1	-1	-1	-1
3899	3898	4064	1	-1	-1	-1
4011	3840	4012	1	-1	-1	-1
4064	3898	3902	1	-1	-1	-1
3900	3899	4065	1	-1	-1	-1
4012	3841	4013	1	-1	-1	-1
4067	3902	3901	1	-1	-1	-1
4015	4014	3842	1	-1	-1	-1
3843	4017	4015	1	-1	-1	-1
3843	4016	4017	1	-1	-1	-1
4034	3979	3865	2	-1	-1	-1
4018	4016	3844	1	-1	-1	-1
3905	4070	3904	1	-1	-1	-1
3907	3904	4070	1	-1	-1	-1
4027	3856	3999	1	-1	-1	-1
3998	3859	4028	2	-1	-1	-1
3908	3907	4072	1	-1	-1	-1
4071	3905	3911	1	-1	-1	-1
4020	3848	4022	2	-1	-1	-1
4021	4022	3848	2	-1	-1	-1
3908	4075	3909	1	-1	-1	-1
4023	3849	4020	2	-1	-1	-1
3909	4077	3910	1	-1	-1	-1
4019	3851	4026	2	-1	-1	-1
4024	3849	4023	2	-1	-1	-1
4022	4021	3854	1	-1	-1	-1
4024	4025	3850	2	-1	-1	-1
4078	3911	3912	1	-1	-1	-1
4026	3851	4025	2	-1	-1	-1
4077	3917	3910	1	-1	-1	-1
4022	3855	4027	1	-1	-1	-1
4001	4036	3868	1	-1	-1	-1
3862	4019	4026	2	-1	-1	-1
3913	3914	4081	1	-1	-1	-1
3914	3915	4082	1	-1	-1	-1
3916	4083	3915	1	-1	-1	-1
3913	4081	3923	1	-1	-1	-1
4029	3862	4026	2	-1	-1	-1
3918	4084	3916	1	-1	-1	-1
4028	3861	4029	2	-1	-1	-1
3917	4085	3918	1	-1	-1	-1
3863	4031	4030	2	-1	-1	-1
4032	4031	3863	2	-1	-1	-1
4038	4018	3870	1	-1	-1	-1
3921	4086	3920	1	-1	-1	-1
3864	4033	4032	2	-1	-1	-1
3921	3922	4087	1	-1	-1	-1
4030	4035	3865	2	-1	-1	-1
3865	4035	4034	2	-1	-1	-1
4036	4033	3867	1	-1	-1	-1
4087	3922	3928	1	-1	-1	-1
3926	3923	4089	1	-1	-1	-1
3925	3924	4090	1	-1	-1	-1
4091	3924	3926	1	-1	-1	-1
4080	3912	3949	1	-1	-1	-1
4090	3927	3925	1	-1	-1	-1
4039	3872	4037	1	-1	-1	-1
4038	3871	4039	1	-1	-1	-1
4094	3928	3927	1	-1	-1	-1
4086	3943	3920	1	-1	-1	-1
4041	4040	3873	1	-1	-1	-1
4041	3874	4042	1	-1	-1	-1
4097	3932	3931	1	-1	-1	-1
4096	3929	3936	1	-1	-1	-1
3876	4044	4042	1	-1	-1	-1
3932	4097	3933	1	-1	-1	-1
3876	4043	4044	1	-1	-1	-1
4097	3931	3937	1	-1	-1	-1
4099	3934	3933	1	-1	-1	-1
4043	3878	4046	1	-1	-1	-1
4046	3878	4045	1	-1	-1	-1
3935	3934	4100	1	-1	-1	-1
4100	3936	3935	1	-1	-1	-1
3880	4048	4045	0	-1	-1	-1
3937	3941	4097	1	-1	-1	-1
4047	4048	3881	0	-1	-1	-1
3939	3938	4104	1	-1	-1	-1
4040	4054	3888	1	-1	-1	-1
3940	3939	4104	1	-1	-1	-1
3885	4050	4049	1	-1	-1	-1
3938	3945	4102	1	-1	-1	-1
3940	4105	3941	1	-1	-1	-1
4050	3887	4052	1	-1	-1	-1
3887	4051	4052	1	-1	-1	-1
3942	3943	4108	1	-1	-1	-1
4102	3945	3946	1	-1	-1	-1
3942	4108	3944	1	-1	-1	-1
4055	4051	3889	1	-1	-1	-1
3888	4054	4053	1	-1	-1	-1
3889	4053	4055	1	-1	-1	-1
4108	3946	3944	1	-1	-1	-1
4065	4037	3900	1	-1	-1	-1
3979	4034	3990	2	-1	-1	-1
4056	4057	3891	1	-1	-1	-1
4001	4000	4006	1	-1	-1	-1
4057	4058	3892	1	-1	-1	-1
3947	4113	3948	1	-1	-1	-1
4059	3893	4058	1	-1	-1	-1
3947	3950	4113	1	-1	-1	-1
3949	3948	4114	1	-1	-1	-1
4060	3895	4061	1	-1	-1	-1
3896	4059	4062	1	-1	-1	-1
3951	3952	4117	1	-1	-1	-1
3896	4063	4061	1	-1	-1	-1
4062	4063	3896	1	-1	-1	-1
4117	3953	3951	1	-1	-1	-1
3955	4116	3950	1	-1	-1	-1
4118	3952	3956	1	-1	-1	-1
4119	3954	3953	1	-1	-1	-1
3954	4120	3955	1	-1	-1	-1
3899	4064	4066	1	-1	-1	-1
4068	3901	4060	1	-1	-1	-1
4066	4065	3899	1	-1	-1	-1
4122	3956	3957	1	-1	-1	-1
4064	3902	4069	1	-1	-1	-1
4067	3901	4068	1	-1	-1	-1
4069	3902	4067	1	-1	-1	-1
3957	3958	4124	1	-1	-1	-1
3905	4071	4070	1	-1	-1	-1
3960	4127	3959	1	-1	-1	-1
3999	4023	4027	2	-1	-1	-1
3960	3961	4128	1	-1	-1	-1
4070	4073	3907	1	-1	-1	-1
4073	4072	3907	1	-1	-1	-1
4129	3961	3962	1	-1	-1	-1
4126	3968	3959	1	-1	-1	-1
4125	3958	3971	1	-1	-1	-1
4076	3908	4072	1	-1	-1	-1
3963	4131	3962	1	-1	-1	-1
3908	4074	4075	1	-1	-1	-1
4076	4074	3908	1	-1	-1	-1
4071	3911	4078	1	-1	-1	-1
3909	4075	4077	1	-1	-1	-1
3965	3964	4133	1	-1	-1	-1
3966	3965	4134	1	-1	-1	-1
3970	4133	3964	1	-1	-1	-1
4078	3912	4079	1	-1	-1	-1
4020	4022	4027	2	-1	-1	-1
3967	3968	4135	1	-1	-1	-1
3971	3973	4125	1	-1	-1	-1
4027	4023	4020	2	-1	-1	-1
3969	3967	4135	1	-1	-1	-1
3912	4080	4079	1	-1	-1	-1
3966	4134	3972	1	-1	-1	-1
4082	4081	3914	1	-1	-1	-1
4139	3970	3969	1	-1	-1	-1
3917	4077	4085	1	-1	-1	-1
4083	4082	3915	1	-1	-1	-1
3916	4084	4083	1	-1	-1	-1
4084	3918	4085	1	-1	-1	-1
3963	3992	4132	1	-1	-1	-1
4142	3973	3972	1	-1	-1	-1
4144	3974	3975	1	-1	-1	-1
4089	3923	4081	1	-1	-1	-1
3974	4144	3976	1	-1	-1	-1
4088	4086	3921	1	-1	-1	-1
3921	4087	4088	1	-1	-1	-1
3977	3976	4146	1	-1	-1	-1
3975	3981	4145	1	-1	-1	-1
3977	4147	3978	1	-1	-1	-1
4091	4090	3924	1	-1	-1	-1
4089	4093	3926	1	-1	-1	-1
4091	3926	4092	1	-1	-1	-1
3981	3980	4149	1	-1	-1	-1
4087	3928	4095	1	-1	-1	-1
4093	4092	3926	1	-1	-1	-1
3927	4090	4094	1	-1	-1	-1
4150	3980	3985	1	-1	-1	-1
4095	3928	4094	1	-1	-1	-1
3983	3982	4152	1	-1	-1	-1
4154	3984	3983	1	-1	-1	-1
4153	3982	3986	1	-1	-1	-1
3978	4148	3997	1	-1	-1	-1
4156	3985	3984	1	-1	-1	-1
3933	4097	4098	1	-1	-1	-1
4098	4099	3933	1	-1	-1	-1
3986	3987	4157	2	-1	-1	-1
3934	4099	4100	1	-1	-1	-1
3988	4158	3987	2	-1	-1	-1
4101	4096	3936	1	-1	-1	-1
4159	3988	3989	2	-1	-1	-1
3936	4100	4101	1	-1	-1	-1
4109	3943	4086	1	-1	-1	-1
3990	4161	3989	2	-1	-1	-1
3938	4102	4103	1	-1	-1	-1
4080	3949	4115	1	-1	-1	-1
3941	4107	4097	1	-1	-1	-1
3991	4162	3992	1	-1	-1	-1
3938	4103	4104	1	-1	-1	-1
4162	3991	3993	1	-1	-1	-1
4106	3940	4104	1	-1	-1	-1
3940	4106	4105	1	-1	-1	-1
3993	3996	4163	0	-1	-1	-1
3994	4164	3995	1	-1	-1	-1
4105	4107	3941	1	-1	-1	-1
3997	4164	3994	1	-1	-1	-1
3996	3995	4165	1	-1	-1	-1
4111	4102	3946	1	-1	-1	-1
4110	4108	3943	1	-1	-1	-1
3943	4109	4110	1	-1	-1	-1
4167	3999	3998	2	-1	-1	-1
4108	4112	3946	1	-1	-1	-1
4111	3946	4112	1	-1	-1	-1
4002	4169	4003	1	-1	-1	-1
4114	3948	4113	1	-1	-1	-1
4168	4001	4006	1	-1	-1	-1
4002	4005	4169	1	-1	-1	-1
4003	4170	4004	1	-1	-1	-1
3949	4114	4115	1	-1	-1	-1
4116	4113	3950	1	-1	-1	-1
3990	4034	4161	2	-1	-1	-1
4117	3952	4118	1	-1	-1	-1
4007	4174	4006	1	-1	-1	-1
4171	4013	4004	1	-1	-1	-1
4068	4060	4061	1	-1	-1	-1
4119	3953	4117	1	-1	-1	-1
4023	3999	4167	2	-1	-1	-1
4176	4007	4008	1	-1	-1	-1
3955	4121	4116	1	-1	-1	-1
4014	4173	4005	1	-1	-1	-1
3998	4028	4167	2	-1	-1	-1
4120	3954	4119	1	-1	-1	-1
4008	4010	4177	1	-1	-1	-1
4120	4121	3955	1	-1	-1	-1
3956	4123	4118	1	-1	-1	-1
4009	4178	4010	1	-1	-1	-1
4009	4011	4179	1	-1	-1	-1
3956	4122	4123	1	-1	-1	-1
4124	4122	3957	1	-1	-1	-1
4001	4168	4036	1	-1	-1	-1
4011	4012	4182	1	-1	-1	-1
4124	3958	4125	1	-1	-1	-1
4012	4013	4183	1	-1	-1	-1
3959	4127	4126	1	-1	-1	-1
4024	4023	4167	2	-1	-1	-1
4070	4071	4073	1	-1	-1	-1
4014	4015	4185	1	-1	-1	-1
3960	4128	4127	1	-1	-1	-1
4130	4128	3961	1	-1	-1	-1
4015	4017	4187	1	-1	-1	-1
4130	3961	4129	1	-1	-1	-1
4017	4016	4188	1	-1	-1	-1
4188	4016	4018	1	-1	-1	-1
3962	4131	4129	1	-1	-1	-1
4131	3963	4132	1	-1	-1	-1
4136	3968	4126	1	-1	-1	-1
4133	4134	3965	1	-1	-1	-1
4135	3968	4137	1	-1	-1	-1
4125	3973	4143	1	-1	-1	-1
3968	4136	4137	1	-1	-1	-1
4135	4138	3969	1	-1	-1	-1
4025	4024	4193	2	-1	-1	-1
4025	4193	4026	2	-1	-1	-1
3970	4141	4133	1	-1	-1	-1
4139	3969	4138	1	-1	-1	-1
4018	4038	4192	1	-1	-1	-1
4142	3972	4134	1	-1	-1	-1
4193	4029	4026	2	-1	-1	-1
3970	4139	4140	1	-1	-1	-1
4028	4029	4193	2	-1	-1	-1
3970	4140	4141	1	-1	-1	-1
4147	3977	4130	1	-1	-1	-1
4130	3977	4146	1	-1	-1	-1
4031	4194	4030	2	-1	-1	-1
4142	4143	3973	1	-1	-1	-1
4030	4194	4035	2	-1	-1	-1
4032	4197	4031	2	-1	-1	-1
4199	4032	4033	2	-1	-1	-1
3975	4145	4144	1	-1	-1	-1
3976	4144	4146	1	-1	-1	-1
4033	4036	4200	1	-1	-1	-1
4035	4201	4034	2	-1	-1	-1
4147	4148	3978	1	-1	-1	-1
3981	4151	4145	1	-1	-1	-1
4149	3980	4150	1	-1	-1	-1
4039	4037	4204	1	-1	-1	-1
4149	4151	3981	1	-1	-1	-1
4039	4205	4038	1	-1	-1	-1
4088	4109	4086	1	-1	-1	-1
4162	4132	3992	1	-1	-1	-1
3982	4153	4152	1	-1	-1	-1
4207	4040	4041	1	-1	-1	-1
3983	4152	4154	1	-1	-1	-1
4150	3985	4156	1	-1	-1	-1
4041	4042	4208	1	-1	-1	-1
4154	4155	3984	1	-1	-1	-1
3984	4155	4156	1	-1	-1	-1
4044	4209	4042	1	-1	-1	-1
4157	4153	3986	2	-1	-1	-1
4044	4043	4210	1	-1	-1	-1
4046	4210	4043	1	-1	-1	-1
4207	4054	4040	1	-1	-1	-1
3987	4158	4157	2	-1	-1	-1
4212	4046	4045	0	-1	-1	-1
4212	4045	4048	0	-1	-1	-1
4158	3988	4160	2	-1	-1	-1
4065	4204	4037	1	-1	-1	-1
3988	4159	4160	2	-1	-1	-1
4164	3997	4148	1	-1	-1	-1
3989	4161	4159	2	-1	-1	-1
4214	4048	4047	0	-1	-1	-1
4102	4111	4103	1	-1	-1	-1
4162	3993	4163	1	-1	-1	-1
4052	4051	4215	1	-1	-1	-1
4215	4051	4055	1	-1	-1	-1
4054	4216	4053	1	-1	-1	-1
4165	3995	4164	1	-1	-1	-1
4163	3996	4166	1	-1	-1	-1
4055	4053	4217	1	-1	-1	-1
4166	3996	4165	1	-1	-1	-1
4221	4057	4056	1	-1	-1	-1
4066	4204	4065	1	-1	-1	-1
4058	4057	4222	1	-1	-1	-1
4058	4222	4059	1	-1	-1	-1
4170	4003	4169	1	-1	-1	-1
4223	4062	4059	1	-1	-1	-1
4171	4004	4170	1	-1	-1	-1
4005	4172	4169	1	-1	-1	-1
4063	4224	4061	1	-1	-1	-1
4006	4174	4168	1	-1	-1	-1
4005	4173	4172	1	-1	-1	-1
4063	4062	4225	1	-1	-1	-1
4224	4068	4061	1	-1	-1	-1
4175	4174	4007	1	-1	-1	-1
4064	4227	4066	1	-1	-1	-1
4175	4007	4176	1	-1	-1	-1
4227	4064	4069	1	-1	-1	-1
4177	4176	4008	1	-1	-1	-1
4067	4068	4229	1	-1	-1	-1
4067	4229	4069	1	-1	-1	-1
4178	4009	4179	1	-1	-1	-1
4177	4010	4180	1	-1	-1	-1
4013	4171	4184	1	-1	-1	-1
4010	4178	4180	1	-1	-1	-1
4181	4179	4011	1	-1	-1	-1
4014	4186	4173	1	-1	-1	-1
4182	4181	4011	1	-1	-1	-1
4182	4012	4183	1	-1	-1	-1
4234	4073	4071	1	-1	-1	-1
4235	4072	4073	1	-1	-1	-1
4013	4184	4183	1	-1	-1	-1
4072	4235	4076	1	-1	-1	-1
4078	4234	4071	1	-1	-1	-1
4193	4024	4167	2	-1	-1	-1
4185	4186	4014	1	-1	-1	-1
4236	4074	4076	1	-1	-1	-1
4075	4074	4237	1	-1	-1	-1
4187	4185	4015	1	-1	-1	-1
4193	4167	4028	2	-1	-1	-1
4077	4075	4239	1	-1	-1	-1
4187	4017	4190	1	-1	-1	-1
4017	4188	4189	1	-1	-1	-1
4034	4201	4161	2	-1	-1	-1
4190	4017	4189	1	-1	-1	-1
4018	4191	4188	1	-1	-1	-1
4242	4078	4079	1	-1	-1	-1
4192	4191	4018	1	-1	-1	-1
4077	4239	4085	1	-1	-1	-1
4080	4243	4079	1	-1	-1	-1
4036	4168	4200	1	-1	-1	-1
4130	4146	4128	1	-1	-1	-1
4130	4129	4147	1	-1	-1	-1
4081	4082	4245	1	-1	-1	-1
4247	4082	4083	1	-1	-1	-1
4089	4081	4245	1	-1	-1	-1
4248	4083	4084	1	-1	-1	-1
4084	4085	4249	1	-1	-1	-1
4031	4196	4194	2	-1	-1	-1
4196	4031	4195	2	-1	-1	-1
4031	4197	4195	2	-1	-1	-1
4250	4088	4087	1	-1	-1	-1
4245	4093	4089	1	-1	-1	-1
4198	4197	4032	2	-1	-1	-1
4198	4032	4199	2	-1	-1	-1
4194	4202	4035	2	-1	-1	-1
4200	4199	4033	1	-1	-1	-1
4250	4087	4095	1	-1	-1	-1
4091	4252	4090	1	-1	-1	-1
4192	4038	4205	1	-1	-1	-1
4090	4252	4094	1	-1	-1	-1
4091	4092	4253	1	-1	-1	-1
4201	4035	4203	2	-1	-1	-1
4080	4115	4244	1	-1	-1	-1
4202	4203	4035	2	-1	-1	-1
4093	4255	4092	1	-1	-1	-1
4095	4094	4252	1	-1	-1	-1
4251	4109	4088	1	-1	-1	-1
4039	4204	4206	1	-1	-1	-1
4206	4205	4039	1	-1	-1	-1
4097	4259	4098	1	-1	-1	-1
4258	4096	4101	1	-1	-1	-1
4041	4208	4207	1	-1	-1	-1
4098	4259	4099	1	-1	-1	-1
4209	4208	4042	1	-1	-1	-1
4260	4100	4099	1	-1	-1	-1
4107	4259	4097	1	-1	-1	-1
4100	4262	4101	1	-1	-1	-1
4044	4211	4209	1	-1	-1	-1
4044	4210	4211	1	-1	-1	-1
4213	4210	4046	0	-1	-1	-1
4213	4046	4212	0	-1	-1	-1
4104	4103	4265	1	-1	-1	-1
4214	4212	4048	0	-1	-1	-1
4267	4106	4104	1	-1	-1	-1
4207	4218	4054	1	-1	-1	-1
4105	4106	4269	1	-1	-1	-1
4107	4105	4268	1	-1	-1	-1
4266	4103	4111	1	-1	-1	-1
4216	4217	4053	1	-1	-1	-1
4216	4054	4219	1	-1	-1	-1
4055	4220	4215	1	-1	-1	-1
4219	4054	4218	1	-1	-1	-1
4110	4274	4108	1	-1	-1	-1
4055	4217	4220	1	-1	-1	-1
4112	4108	4274	1	-1	-1	-1
4275	4110	4109	1	-1	-1	-1
4228	4204	4066	1	-1	-1	-1
4277	4111	4112	1	-1	-1	-1
4057	4221	4222	1	-1	-1	-1
4222	4223	4059	1	-1	-1	-1
4114	4113	4279	1	-1	-1	-1
4113	4116	4280	1	-1	-1	-1
4281	4115	4114	1	-1	-1	-1
4062	4223	4225	1	-1	-1	-1
4063	4226	4224	1	-1	-1	-1
4063	4225	4226	1	-1	-1	-1
4116	4121	4280	1	-1	-1	-1
4119	4117	4282	1	-1	-1	-1
4117	4118	4283	1	-1	-1	-1
4227	4228	4066	1	-1	-1	-1
4068	4224	4230	1	-1	-1	-1
4284	4120	4119	1	-1	-1	-1
4118	4123	4283	1	-1	-1	-1
4120	4285	4121	1	-1	-1	-1
4230	4229	4068	1	-1	-1	-1
4069	4233	4227	1	-1	-1	-1
4231	4069	4229	1	-1	-1	-1
4231	4232	4069	1	-1	-1	-1
4122	4288	4123	1	-1	-1	-1
4232	4233	4069	1	-1	-1	-1
4122	4124	4288	1	-1	-1	-1
4292	4124	4125	1	-1	-1	-1
4073	4234	4235	1	-1	-1	-1
4294	4126	4127	1	-1	-1	-1
4074	4236	4238	1	-1	-1	-1
4074	4238	4237	1	-1	-1	-1
4128	4295	4127	1	-1	-1	-1
4239	4075	4237	1	-1	-1	-1
4236	4076	4240	1	-1	-1	-1
4076	4235	4241	1	-1	-1	-1
4242	4234	4078	1	-1	-1	-1
4129	4131	4296	1	-1	-1	-1
4294	4136	4126	1	-1	-1	-1
4076	4241	4240	1	-1	-1	-1
4297	4131	4132	1	-1	-1	-1
4125	4143	4292	1	-1	-1	-1
4242	4079	4243	1	-1	-1	-1
4299	4134	4133	1	-1	-1	-1
4080	4244	4243	1	-1	-1	-1
4295	4128	4146	1	-1	-1	-1
4147	4129	4296	1	-1	-1	-1
4245	4082	4246	1	-1	-1	-1
4085	4239	4249	1	-1	-1	-1
4133	4141	4300	1	-1	-1	-1
4302	4135	4137	1	-1	-1	-1
4247	4246	4082	1	-1	-1	-1
4135	4302	4138	1	-1	-1	-1
4303	4137	4136	1	-1	-1	-1
4134	4301	4142	1	-1	-1	-1
4247	4083	4248	1	-1	-1	-1
4084	4249	4248	1	-1	-1	-1
4138	4306	4139	1	-1	-1	-1
4295	4146	4144	1	-1	-1	-1
4307	4140	4139	1	-1	-1	-1
4088	4250	4251	1	-1	-1	-1
4141	4140	4308	1	-1	-1	-1
4147	4296	4148	1	-1	-1	-1
4132	4162	4298	1	-1	-1	-1
4245	4256	4093	1	-1	-1	-1
4310	4143	4142	1	-1	-1	-1
4253	4252	4091	1	-1	-1	-1
4254	4253	4092	1	-1	-1	-1
4145	4311	4144	1	-1	-1	-1
4257	4250	4095	1	-1	-1	-1
4255	4254	4092	1	-1	-1	-1
4095	4252	4257	1	-1	-1	-1
4256	4255	4093	1	-1	-1	-1
4151	4311	4145	1	-1	-1	-1
4151	4149	4314	1	-1	-1	-1
4315	4149	4150	1	-1	-1	-1
4099	4259	4261	1	-1	-1	-1
4260	4099	4261	1	-1	-1	-1
4156	4316	4150	1	-1	-1	-1
4298	4162	4163	1	-1	-1	-1
4263	4100	4260	1	-1	-1	-1
4258	4101	4264	1	-1	-1	-1
4153	4319	4152	1	-1	-1	-1
4164	4148	4313	1	-1	-1	-1
4263	4262	4100	1	-1	-1	-1
4154	4152	4319	1	-1	-1	-1
4101	4262	4264	1	-1	-1	-1
4163	4166	4298	1	-1	-1	-1
4157	4320	4153	2	-1	-1	-1
4321	4155	4154	1	-1	-1	-1
4155	4322	4156	1	-1	-1	-1
4103	4266	4265	1	-1	-1	-1
4109	4251	4275	1	-1	-1	-1
4265	4267	4104	1	-1	-1	-1
4323	4157	4158	2	-1	-1	-1
4206	4204	4228	1	-1	-1	-1
4259	4107	4273	1	-1	-1	-1
4214	4213	4212	0	-1	-1	-1
4244	4115	4281	1	-1	-1	-1
4268	4105	4269	1	-1	-1	-1
4313	4165	4164	1	-1	-1	-1
4324	4158	4160	2	-1	-1	-1
4325	4160	4159	2	-1	-1	-1
4166	4165	4313	1	-1	-1	-1
4106	4267	4272	1	-1	-1	-1
4161	4325	4159	2	-1	-1	-1
4106	4271	4269	1	-1	-1	-1
4106	4270	4271	1	-1	-1	-1
4270	4106	4272	1	-1	-1	-1
4107	4268	4273	1	-1	-1	-1
4111	4277	4266	1	-1	-1	-1
4276	4274	4110	1	-1	-1	-1
4276	4110	4275	1	-1	-1	-1
4305	4177	4180	1	-1	-1	-1
4278	4112	4274	1	-1	-1	-1
4112	4278	4277	1	-1	-1	-1
4328	4170	4169	1	-1	-1	-1
4172	4328	4169	1	-1	-1	-1
4168	4174	4327	1	-1	-1	-1
4171	4170	4329	1	-1	-1	-1
4113	4280	4279	1	-1	-1	-1
4281	4114	4279	1	-1	-1	-1
4331	4172	4173	1	-1	-1	-1
4282	4117	4283	1	-1	-1	-1
4175	4333	4174	1	-1	-1	-1
4184	4171	4330	1	-1	-1	-1
4119	4282	4284	1	-1	-1	-1
4176	4335	4175	1	-1	-1	-1
4201	4325	4161	2	-1	-1	-1
4287	4280	4121	1	-1	-1	-1
4176	4177	4336	1	-1	-1	-1
4285	4120	4284	1	-1	-1	-1
4230	4231	4229	1	-1	-1	-1
4173	4186	4332	1	-1	-1	-1
4285	4286	4121	1	-1	-1	-1
4121	4286	4287	1	-1	-1	-1
4283	4123	4289	1	-1	-1	-1
4168	4327	4200	1	-1	-1	-1
4339	4178	4179	1	-1	-1	-1
4178	4338	4180	1	-1	-1	-1
4340	4179	4181	1	-1	-1	-1
4123	4288	4290	1	-1	-1	-1
4290	4289	4123	1	-1	-1	-1
4288	4124	4293	1	-1	-1	-1
4343	4181	4182	1	-1	-1	-1
4292	4291	4124	1	-1	-1	-1
4124	4291	4293	1	-1	-1	-1
4344	4182	4183	1	-1	-1	-1
4183	4184	4345	1	-1	-1	-1
4295	4294	4127	1	-1	-1	-1
4187	4348	4185	1	-1	-1	-1
4185	4349	4186	1	-1	-1	-1
4296	4131	4297	1	-1	-1	-1
4132	4298	4297	1	-1	-1	-1
4351	4187	4190	1	-1	-1	-1
4325	4201	4203	2	-1	-1	-1
4188	4352	4189	1	-1	-1	-1
4352	4188	4191	1	-1	-1	-1
4133	4300	4299	1	-1	-1	-1
4190	4189	4353	1	-1	-1	-1
4304	4136	4294	1	-1	-1	-1
4134	4299	4301	1	-1	-1	-1
4192	4357	4191	1	-1	-1	-1
4304	4303	4136	1	-1	-1	-1
4305	4302	4137	1	-1	-1	-1
4143	4310	4292	1	-1	-1	-1
4303	4305	4137	1	-1	-1	-1
4306	4138	4302	1	-1	-1	-1
4300	4141	4309	1	-1	-1	-1
4194	4196	4361	2	-1	-1	-1
4312	4295	4144	1	-1	-1	-1
4139	4306	4307	1	-1	-1	-1
4362	4196	4195	2	-1	-1	-1
4310	4142	4301	1	-1	-1	-1
4308	4140	4307	1	-1	-1	-1
4364	4195	4197	2	-1	-1	-1
4194	4361	4202	2	-1	-1	-1
4192	4205	4360	1	-1	-1	-1
4313	4148	4296	1	-1	-1	-1
4141	4308	4309	1	-1	-1	-1
4198	4366	4197	2	-1	-1	-1
4297	4298	4166	1	-1	-1	-1
4198	4199	4368	2	-1	-1	-1
4144	4311	4312	1	-1	-1	-1
4199	4200	4370	1	-1	-1	-1
4166	4313	4297	1	-1	-1	-1
4202	4371	4203	2	-1	-1	-1
4314	4149	4315	1	-1	-1	-1
4151	4318	4311	1	-1	-1	-1
4317	4315	4150	1	-1	-1	-1
4151	4314	4318	1	-1	-1	-1
4150	4316	4317	1	-1	-1	-1
4206	4372	4205	1	-1	-1	-1
4208	4374	4207	1	-1	-1	-1
4319	4153	4320	2	-1	-1	-1
4208	4209	4376	1	-1	-1	-1
4261	4259	4273	1	-1	-1	-1
4154	4319	4321	1	-1	-1	-1
4322	4316	4156	1	-1	-1	-1
4376	4209	4211	1	-1	-1	-1
4321	4322	4155	1	-1	-1	-1
4207	4374	4218	1	-1	-1	-1
4211	4210	4379	0	-1	-1	-1
4323	4320	4157	2	-1	-1	-1
4213	4378	4210	0	-1	-1	-1
4158	4324	4323	2	-1	-1	-1
4206	4228	4373	1	-1	-1	-1
4213	4214	4381	0	-1	-1	-1
4326	4324	4160	2	-1	-1	-1
4160	4325	4326	2	-1	-1	-1
4216	4382	4217	1	-1	-1	-1
4219	4382	4216	1	-1	-1	-1
4305	4337	4177	1	-1	-1	-1
4217	4383	4220	1	-1	-1	-1
4385	4219	4218	1	-1	-1	-1
4342	4305	4180	1	-1	-1	-1
4328	4329	4170	1	-1	-1	-1
4329	4330	4171	1	-1	-1	-1
4328	4172	4331	1	-1	-1	-1
4221	4388	4222	1	-1	-1	-1
4223	4222	4388	1	-1	-1	-1
4174	4333	4327	1	-1	-1	-1
4332	4331	4173	1	-1	-1	-1
4389	4225	4223	1	-1	-1	-1
4224	4226	4391	1	-1	-1	-1
4334	4333	4175	1	-1	-1	-1
4392	4226	4225	1	-1	-1	-1
4335	4334	4175	1	-1	-1	-1
4224	4391	4230	1	-1	-1	-1
4176	4336	4335	1	-1	-1	-1
4227	4394	4228	1	-1	-1	-1
4337	4336	4177	1	-1	-1	-1
4203	4326	4325	2	-1	-1	-1
4233	4394	4227	1	-1	-1	-1
4339	4338	4178	1	-1	-1	-1
4396	4231	4230	1	-1	-1	-1
4179	4341	4339	1	-1	-1	-1
4342	4180	4338	1	-1	-1	-1
4231	4397	4232	1	-1	-1	-1
4179	4340	4341	1	-1	-1	-1
4184	4330	4347	1	-1	-1	-1
4233	4232	4399	1	-1	-1	-1
4181	4343	4340	1	-1	-1	-1
4332	4186	4350	1	-1	-1	-1
4182	4344	4343	1	-1	-1	-1
4235	4234	4401	1	-1	-1	-1
4288	4293	4290	1	-1	-1	-1
4344	4183	4346	1	-1	-1	-1
4183	4345	4346	1	-1	-1	-1
4236	4402	4238	1	-1	-1	-1
4347	4345	4184	1	-1	-1	-1
4241	4235	4401	1	-1	-1	-1
4242	4401	4234	1	-1	-1	-1
4240	4402	4236	1	-1	-1	-1
4238	4403	4237	1	-1	-1	-1
4239	4237	4403	1	-1	-1	-1
4349	4185	4348	1	-1	-1	-1
4186	4349	4350	1	-1	-1	-1
4351	4348	4187	1	-1	-1	-1
4401	4242	4243	1	-1	-1	-1
4407	4240	4241	1	-1	-1	-1
4249	4239	4403	1	-1	-1	-1
4189	4352	4354	1	-1	-1	-1
4354	4353	4189	1	-1	-1	-1
4243	4244	4410	1	-1	-1	-1
4190	4356	4351	1	-1	-1	-1
4370	4200	4327	1	-1	-1	-1
4353	4355	4190	1	-1	-1	-1
4371	4326	4203	2	-1	-1	-1
4190	4355	4356	1	-1	-1	-1
4358	4352	4191	1	-1	-1	-1
4295	4312	4294	1	-1	-1	-1
4245	4246	4413	1	-1	-1	-1
4357	4358	4191	1	-1	-1	-1
4296	4297	4313	1	-1	-1	-1
4247	4414	4246	1	-1	-1	-1
4359	4357	4192	1	-1	-1	-1
4294	4312	4304	1	-1	-1	-1
4359	4192	4360	1	-1	-1	-1
4416	4247	4248	1	-1	-1	-1
4413	4256	4245	1	-1	-1	-1
4417	4248	4249	1	-1	-1	-1
4362	4195	4363	2	-1	-1	-1
4419	4251	4250	1	-1	-1	-1
4364	4363	4195	2	-1	-1	-1
4196	4365	4361	2	-1	-1	-1
4365	4196	4362	2	-1	-1	-1
4420	4250	4257	1	-1	-1	-1
4252	4253	4422	1	-1	-1	-1
4367	4364	4197	2	-1	-1	-1
4197	4366	4367	2	-1	-1	-1
4254	4423	4253	1	-1	-1	-1
4422	4257	4252	1	-1	-1	-1
4198	4369	4366	2	-1	-1	-1
4255	4424	4254	1	-1	-1	-1
4202	4361	4371	2	-1	-1	-1
4369	4198	4368	2	-1	-1	-1
4255	4256	4425	1	-1	-1	-1
4205	4372	4360	1	-1	-1	-1
4199	4370	4368	1	-1	-1	-1
4412	4244	4281	1	-1	-1	-1
4419	4275	4251	1	-1	-1	-1
4303	4337	4305	1	-1	-1	-1
4342	4302	4305	1	-1	-1	-1
4427	4258	4264	1	-1	-1	-1
4428	4260	4261	1	-1	-1	-1
4342	4306	4302	1	-1	-1	-1
4373	4372	4206	1	-1	-1	-1
4429	4263	4260	1	-1	-1	-1
4208	4375	4374	1	-1	-1	-1
4262	4263	4433	1	-1	-1	-1
4433	4264	4262	1	-1	-1	-1
4208	4377	4375	1	-1	-1	-1
4208	4376	4377	1	-1	-1	-1
4273	4430	4261	1	-1	-1	-1
4435	4267	4265	1	-1	-1	-1
4379	4210	4378	0	-1	-1	-1
4265	4266	4436	1	-1	-1	-1
4376	4211	4380	0	-1	-1	-1
4380	4211	4379	0	-1	-1	-1
4268	4430	4273	1	-1	-1	-1
4381	4378	4213	0	-1	-1	-1
4435	4272	4267	1	-1	-1	-1
4439	4268	4269	1	-1	-1	-1
4218	4374	4385	1	-1	-1	-1
4440	4269	4271	1	-1	-1	-1
4277	4438	4266	1	-1	-1	-1
4441	4271	4270	1	-1	-1	-1
4382	4384	4217	1	-1	-1	-1
4384	4383	4217	1	-1	-1	-1
4270	4272	4442	1	-1	-1	-1
4219	4386	4382	1	-1	-1	-1
4219	4385	4386	1	-1	-1	-1
4274	4276	4444	1	-1	-1	-1
4373	4228	4394	1	-1	-1	-1
4221	4387	4388	1	-1	-1	-1
4275	4445	4276	1	-1	-1	-1
4278	4274	4444	1	-1	-1	-1
4388	4390	4223	1	-1	-1	-1
4389	4223	4390	1	-1	-1	-1
4278	4448	4277	1	-1	-1	-1
4225	4389	4392	1	-1	-1	-1
4449	4279	4280	1	-1	-1	-1
4279	4449	4281	1	-1	-1	-1
4393	4391	4226	1	-1	-1	-1
4230	4391	4395	1	-1	-1	-1
4392	4393	4226	1	-1	-1	-1
4450	4284	4282	1	-1	-1	-1
4283	4451	4282	1	-1	-1	-1
4449	4280	4287	1	-1	-1	-1
4230	4395	4396	1	-1	-1	-1
4285	4452	4286	1	-1	-1	-1
4285	4284	4452	1	-1	-1	-1
4283	4289	4451	1	-1	-1	-1
4397	4231	4396	1	-1	-1	-1
4287	4286	4453	1	-1	-1	-1
4232	4397	4398	1	-1	-1	-1
4233	4400	4394	1	-1	-1	-1
4398	4399	4232	1	-1	-1	-1
4400	4233	4399	1	-1	-1	-1
4456	4289	4290	1	-1	-1	-1
4457	4290	4293	1	-1	-1	-1
4291	4292	4458	1	-1	-1	-1
4291	4459	4293	1	-1	-1	-1
4404	4238	4402	1	-1	-1	-1
4238	4405	4403	1	-1	-1	-1
4402	4240	4406	1	-1	-1	-1
4404	4405	4238	1	-1	-1	-1
4409	4241	4401	1	-1	-1	-1
4243	4409	4401	1	-1	-1	-1
4406	4240	4407	1	-1	-1	-1
4408	4407	4241	1	-1	-1	-1
4408	4241	4409	1	-1	-1	-1
4460	4299	4300	1	-1	-1	-1
4301	4299	4460	1	-1	-1	-1
4310	4458	4292	1	-1	-1	-1
4409	4243	4410	1	-1	-1	-1
4352	4358	4354	1	-1	-1	-1
4410	4244	4411	1	-1	-1	-1
4412	4411	4244	1	-1	-1	-1
4304	4462	4303	1	-1	-1	-1
4300	4309	4461	1	-1	-1	-1
4249	4403	4418	1	-1	-1	-1
4460	4310	4301	1	-1	-1	-1
4246	4414	4413	1	-1	-1	-1
4414	4247	4415	1	-1	-1	-1
4247	4416	4415	1	-1	-1	-1
4306	4465	4307	1	-1	-1	-1
4464	4304	4312	1	-1	-1	-1
4417	4416	4248	1	-1	-1	-1
4467	4308	4307	1	-1	-1	-1
4418	4417	4249	1	-1	-1	-1
4467	4309	4308	1	-1	-1	-1
4464	4312	4311	1	-1	-1	-1
4421	4419	4250	1	-1	-1	-1
4250	4420	4421	1	-1	-1	-1
4464	4311	4318	1	-1	-1	-1
4256	4413	4426	1	-1	-1	-1
4420	4257	4422	1	-1	-1	-1
4423	4422	4253	1	-1	-1	-1
4315	4471	4314	1	-1	-1	-1
4424	4423	4254	1	-1	-1	-1
4462	4337	4303	1	-1	-1	-1
4471	4318	4314	1	-1	-1	-1
4315	4317	4472	1	-1	-1	-1
4424	4255	4425	1	-1	-1	-1
4426	4425	4256	1	-1	-1	-1
4474	4317	4316	1	-1	-1	-1
4474	4316	4322	1	-1	-1	-1
4466	4306	4342	1	-1	-1	-1
4428	4429	4260	1	-1	-1	-1
4320	4479	4319	2	-1	-1	-1
4319	4479	4321	2	-1	-1	-1
4320	4323	4476	2	-1	-1	-1
4261	4432	4428	1	-1	-1	-1
4261	4430	4431	1	-1	-1	-1
4475	4323	4324	2	-1	-1	-1
4322	4321	4479	1	-1	-1	-1
4433	4427	4264	1	-1	-1	-1
4261	4431	4432	1	-1	-1	-1
4434	4263	4429	1	-1	-1	-1
4263	4434	4433	1	-1	-1	-1
4326	4480	4324	2	-1	-1	-1
4337	4462	4336	1	-1	-1	-1
4265	4436	4435	1	-1	-1	-1
4268	4439	4430	1	-1	-1	-1
4275	4419	4445	1	-1	-1	-1
4437	4436	4266	1	-1	-1	-1
4437	4266	4438	1	-1	-1	-1
4485	4329	4328	1	-1	-1	-1
4483	4328	4331	1	-1	-1	-1
4412	4281	4449	1	-1	-1	-1
4482	4327	4333	1	-1	-1	-1
4338	4339	4466	1	-1	-1	-1
4330	4329	4485	1	-1	-1	-1
4338	4466	4342	1	-1	-1	-1
4269	4440	4439	1	-1	-1	-1
4272	4435	4443	1	-1	-1	-1
4489	4331	4332	1	-1	-1	-1
4271	4441	4440	1	-1	-1	-1
4442	4441	4270	1	-1	-1	-1
4272	4443	4442	1	-1	-1	-1
4333	4334	4492	1	-1	-1	-1
4334	4335	4493	1	-1	-1	-1
4438	4277	4448	1	-1	-1	-1
4330	4487	4347	1	-1	-1	-1
4387	4390	4388	1	-1	-1	-1
4336	4495	4335	1	-1	-1	-1
4444	4276	4446	1	-1	-1	-1
4447	4276	4445	1	-1	-1	-1
4276	4447	4446	1	-1	-1	-1
4444	4448	4278	1	-1	-1	-1
4350	4490	4332	1	-1	-1	-1
4341	4497	4339	1	-1	-1	-1
4326	4371	4481	2	-1	-1	-1
4341	4340	4498	1	-1	-1	-1
4327	4482	4370	1	-1	-1	-1
4340	4343	4499	1	-1	-1	-1
4451	4450	4282	1	-1	-1	-1
4284	4450	4452	1	-1	-1	-1
4343	4344	4501	1	-1	-1	-1
4287	4455	4449	1	-1	-1	-1
4502	4344	4346	1	-1	-1	-1
4454	4286	4452	1	-1	-1	-1
4454	4453	4286	1	-1	-1	-1
4287	4453	4455	1	-1	-1	-1
4345	4347	4503	1	-1	-1	-1
4504	4346	4345	1	-1	-1	-1
4451	4289	4456	1	-1	-1	-1
4456	4290	4457	1	-1	-1	-1
4349	4348	4508	1	-1	-1	-1
4291	4458	4459	1	-1	-1	-1
4348	4351	4509	1	-1	-1	-1
4459	4457	4293	1	-1	-1	-1
4349	4510	4350	1	-1	-1	-1
4356	4509	4351	1	-1	-1	-1
4460	4300	4461	1	-1	-1	-1
4355	4353	4513	1	-1	-1	-1
4353	4354	4514	1	-1	-1	-1
4405	4418	4403	1	-1	-1	-1
4515	4354	4358	1	-1	-1	-1
4517	4356	4355	1	-1	-1	-1
4462	4304	4463	1	-1	-1	-1
4464	4463	4304	1	-1	-1	-1
4357	4520	4358	1	-1	-1	-1
4357	4359	4521	1	-1	-1	-1
4466	4465	4306	1	-1	-1	-1
4468	4461	4309	1	-1	-1	-1
4458	4310	4470	1	-1	-1	-1
4465	4467	4307	1	-1	-1	-1
4310	4460	4470	1	-1	-1	-1
4359	4360	4524	1	-1	-1	-1
4467	4469	4309	1	-1	-1	-1
4468	4309	4469	1	-1	-1	-1
4365	4526	4361	2	-1	-1	-1
4527	4362	4363	1	-1	-1	-1
4365	4362	4528	1	-1	-1	-1
4360	4372	4525	1	-1	-1	-1
4364	4530	4363	2	-1	-1	-1
4361	4526	4371	2	-1	-1	-1
4315	4473	4471	1	-1	-1	-1
4472	4473	4315	1	-1	-1	-1
4464	4318	4478	1	-1	-1	-1
4364	4367	4531	2	-1	-1	-1
4317	4475	4472	1	-1	-1	-1
4318	4471	4477	1	-1	-1	-1
4366	4533	4367	2	-1	-1	-1
4476	4317	4474	1	-1	-1	-1
4475	4317	4476	1	-1	-1	-1
4366	4369	4533	2	-1	-1	-1
4368	4534	4369	2	-1	-1	-1
4368	4370	4535	1	-1	-1	-1
4477	4478	4318	1	-1	-1	-1
4475	4476	4323	2	-1	-1	-1
4322	4479	4474	1	-1	-1	-1
4476	4479	4320	2	-1	-1	-1
4480	4475	4324	2	-1	-1	-1
4373	4537	4372	1	-1	-1	-1
4421	4445	4419	1	-1	-1	-1
4326	4481	4480	2	-1	-1	-1
4539	4374	4375	1	-1	-1	-1
4429	4428	4432	1	-1	-1	-1
4377	4540	4375	1	-1	-1	-1
4462	4496	4336	1	-1	-1	-1
4541	4377	4376	0	-1	-1	-1
4483	4484	4328	1	-1	-1	-1
4376	4380	4541	0	-1	-1	-1
4484	4485	4328	1	-1	-1	-1
4385	4374	4539	1	-1	-1	-1
4439	4431	4430	1	-1	-1	-1
4378	4544	4379	0	-1	-1	-1
4485	4486	4330	1	-1	-1	-1
4466	4339	4497	1	-1	-1	-1
4331	4488	4483	1	-1	-1	-1
4544	4378	4381	0	-1	-1	-1
4330	4486	4487	1	-1	-1	-1
4380	4379	4545	0	-1	-1	-1
4373	4394	4538	1	-1	-1	-1
4333	4491	4482	1	-1	-1	-1
4331	4489	4488	1	-1	-1	-1
4490	4489	4332	1	-1	-1	-1
4384	4382	4546	1	-1	-1	-1
4443	4435	4436	1	-1	-1	-1
4382	4386	4547	1	-1	-1	-1
4384	4549	4383	1	-1	-1	-1
4491	4333	4492	1	-1	-1	-1
4334	4494	4492	1	-1	-1	-1
4334	4493	4494	1	-1	-1	-1
4386	4385	4551	1	-1	-1	-1
4495	4493	4335	1	-1	-1	-1
4336	4496	4495	1	-1	-1	-1
4387	4553	4390	1	-1	-1	-1
4400	4538	4394	1	-1	-1	-1
4390	4554	4389	1	-1	-1	-1
4389	4555	4392	1	-1	-1	-1
4498	4340	4499	1	-1	-1	-1
4341	4500	4497	1	-1	-1	-1
4498	4500	4341	1	-1	-1	-1
4391	4393	4556	1	-1	-1	-1
4487	4507	4347	1	-1	-1	-1
4557	4393	4392	1	-1	-1	-1
4395	4391	4556	1	-1	-1	-1
4499	4343	4501	1	-1	-1	-1
4502	4501	4344	1	-1	-1	-1
4559	4396	4395	1	-1	-1	-1
4503	4504	4345	1	-1	-1	-1
4512	4490	4350	1	-1	-1	-1
4396	4560	4397	1	-1	-1	-1
4506	4502	4346	1	-1	-1	-1
4505	4346	4504	1	-1	-1	-1
4561	4398	4397	1	-1	-1	-1
4506	4346	4505	1	-1	-1	-1
4507	4503	4347	1	-1	-1	-1
4399	4398	4562	1	-1	-1	-1
4400	4399	4563	1	-1	-1	-1
4509	4508	4348	1	-1	-1	-1
4511	4349	4508	1	-1	-1	-1
4349	4511	4510	1	-1	-1	-1
4566	4404	4402	1	-1	-1	-1
4350	4510	4512	1	-1	-1	-1
4566	4402	4406	1	-1	-1	-1
4567	4405	4404	1	-1	-1	-1
4526	4481	4371	2	-1	-1	-1
4514	4513	4353	1	-1	-1	-1
4570	4406	4407	1	-1	-1	-1
4354	4515	4514	1	-1	-1	-1
4355	4513	4516	1	-1	-1	-1
4356	4519	4509	1	-1	-1	-1
4370	4482	4535	1	-1	-1	-1
4407	4408	4572	1	-1	-1	-1
4516	4517	4355	1	-1	-1	-1
4356	4517	4518	1	-1	-1	-1
4574	4408	4409	1	-1	-1	-1
4418	4405	4569	1	-1	-1	-1
4409	4410	4574	1	-1	-1	-1
4356	4518	4519	1	-1	-1	-1
4522	4515	4358	1	-1	-1	-1
4410	4411	4575	1	-1	-1	-1
4521	4520	4357	1	-1	-1	-1
4576	4411	4412	1	-1	-1	-1
4522	4358	4520	1	-1	-1	-1
4416	4417	4569	1	-1	-1	-1
4521	4359	4523	1	-1	-1	-1
4418	4569	4417	1	-1	-1	-1
4413	4414	4578	1	-1	-1	-1
4524	4523	4359	1	-1	-1	-1
4579	4414	4415	1	-1	-1	-1
4360	4525	4524	1	-1	-1	-1
4581	4415	4416	1	-1	-1	-1
4413	4578	4426	1	-1	-1	-1
4362	4527	4528	1	-1	-1	-1
4529	4527	4363	1	-1	-1	-1
4496	4462	4463	1	-1	-1	-1
4530	4529	4363	1	-1	-1	-1
4420	4582	4421	1	-1	-1	-1
4526	4365	4532	1	-1	-1	-1
4583	4420	4422	1	-1	-1	-1
4532	4365	4528	1	-1	-1	-1
4364	4531	4530	2	-1	-1	-1
4480	4473	4472	1	-1	-1	-1
4472	4475	4480	1	-1	-1	-1
4423	4583	4422	1	-1	-1	-1
4479	4476	4474	1	-1	-1	-1
4531	4367	4533	2	-1	-1	-1
4424	4586	4423	1	-1	-1	-1
4525	4372	4537	1	-1	-1	-1
4473	4480	4481	1	-1	-1	-1
4424	4425	4587	1	-1	-1	-1
4534	4368	4535	1	-1	-1	-1
4577	4412	4449	1	-1	-1	-1
4533	4369	4536	2	-1	-1	-1
4534	4536	4369	2	-1	-1	-1
4588	4425	4426	1	-1	-1	-1
4373	4538	4537	1	-1	-1	-1
4445	4421	4584	1	-1	-1	-1
4427	4433	4591	1	-1	-1	-1
4592	4429	4432	1	-1	-1	-1
4375	4540	4539	1	-1	-1	-1
4593	4434	4429	1	-1	-1	-1
4432	4431	4594	1	-1	-1	-1
4377	4543	4540	0	-1	-1	-1
4377	4541	4542	0	-1	-1	-1
4377	4542	4543	0	-1	-1	-1
4596	4433	4434	1	-1	-1	-1
4439	4595	4431	1	-1	-1	-1
4545	4541	4380	0	-1	-1	-1
4545	4379	4544	0	-1	-1	-1
4598	4436	4437	1	-1	-1	-1
4438	4599	4437	1	-1	-1	-1
4595	4439	4440	1	-1	-1	-1
4546	4382	4547	1	-1	-1	-1
4385	4539	4551	1	-1	-1	-1
4584	4447	4445	1	-1	-1	-1
4436	4598	4443	1	-1	-1	-1
4548	4383	4549	0	-1	-1	-1
4384	4546	4550	1	-1	-1	-1
4449	4455	4577	1	-1	-1	-1
4440	4441	4602	1	-1	-1	-1
4549	4384	4550	1	-1	-1	-1
4551	4547	4386	1	-1	-1	-1
4442	4603	4441	1	-1	-1	-1
4438	4448	4600	1	-1	-1	-1
4443	4604	4442	1	-1	-1	-1
4552	4553	4387	1	-1	-1	-1
4446	4605	4444	1	-1	-1	-1
4554	4390	4553	1	-1	-1	-1
4554	4555	4389	1	-1	-1	-1
4448	4444	4606	1	-1	-1	-1
4607	4446	4447	1	-1	-1	-1
4538	4400	4565	1	-1	-1	-1
4392	4555	4557	1	-1	-1	-1
4558	4556	4393	1	-1	-1	-1
4558	4393	4557	1	-1	-1	-1
4491	4535	4482	1	-1	-1	-1
4559	4395	4556	1	-1	-1	-1
4451	4609	4450	1	-1	-1	-1
4450	4610	4452	1	-1	-1	-1
4560	4396	4559	1	-1	-1	-1
4454	4452	4610	1	-1	-1	-1
4451	4456	4611	1	-1	-1	-1
4397	4560	4561	1	-1	-1	-1
4612	4453	4454	1	-1	-1	-1
4455	4453	4612	1	-1	-1	-1
4561	4562	4398	1	-1	-1	-1
4399	4562	4564	1	-1	-1	-1
4399	4564	4563	1	-1	-1	-1
4563	4565	4400	1	-1	-1	-1
4457	4617	4456	1	-1	-1	-1
4618	4457	4459	1	-1	-1	-1
4459	4458	4620	1	-1	-1	-1
4566	4568	4404	1	-1	-1	-1
4567	4404	4568	1	-1	-1	-1
4567	4569	4405	1	-1	-1	-1
4571	4566	4406	1	-1	-1	-1
4623	4460	4461	1	-1	-1	-1
4406	4570	4571	1	-1	-1	-1
4470	4620	4458	1	-1	-1	-1
4407	4573	4570	1	-1	-1	-1
4463	4464	4624	1	-1	-1	-1
4468	4623	4461	1	-1	-1	-1
4460	4622	4470	1	-1	-1	-1
4572	4573	4407	1	-1	-1	-1
4574	4572	4408	1	-1	-1	-1
4466	4625	4465	1	-1	-1	-1
4465	4625	4467	1	-1	-1	-1
4575	4574	4410	1	-1	-1	-1
4575	4411	4576	1	-1	-1	-1
4469	4467	4627	1	-1	-1	-1
4469	4628	4468	1	-1	-1	-1
4412	4577	4576	1	-1	-1	-1
4416	4569	4581	1	-1	-1	-1
4478	4624	4464	1	-1	-1	-1
4579	4578	4414	1	-1	-1	-1
4580	4579	4415	1	-1	-1	-1
4580	4415	4581	1	-1	-1	-1
4633	4471	4473	1	-1	-1	-1
4633	4477	4471	1	-1	-1	-1
4624	4496	4463	1	-1	-1	-1
4583	4582	4420	1	-1	-1	-1
4584	4421	4582	1	-1	-1	-1
4481	4634	4473	1	-1	-1	-1
4626	4466	4497	1	-1	-1	-1
4635	4478	4477	1	-1	-1	-1
4423	4585	4583	1	-1	-1	-1
4585	4423	4586	1	-1	-1	-1
4426	4578	4590	1	-1	-1	-1
4586	4424	4587	1	-1	-1	-1
4587	4425	4588	1	-1	-1	-1
4589	4588	4426	1	-1	-1	-1
4589	4426	4590	1	-1	-1	-1
4483	4638	4484	1	-1	-1	-1
4640	4485	4484	1	-1	-1	-1
4488	4639	4483	1	-1	-1	-1
4485	4642	4486	1	-1	-1	-1
4593	4429	4592	1	-1	-1	-1
4643	4487	4486	1	-1	-1	-1
4592	4432	4594	1	-1	-1	-1
4595	4594	4431	1	-1	-1	-1
4591	4433	4596	1	-1	-1	-1
4497	4500	4626	1	-1	-1	-1
4647	4488	4489	1	-1	-1	-1
4434	4593	4597	1	-1	-1	-1
4648	4489	4490	1	-1	-1	-1
4525	4537	4565	1	-1	-1	-1
4434	4597	4596	1	-1	-1	-1
4545	4542	4541	0	-1	-1	-1
4491	4492	4651	1	-1	-1	-1
4598	4437	4599	1	-1	-1	-1
4595	4440	4601	1	-1	-1	-1
4438	4600	4599	1	-1	-1	-1
4492	4494	4652	1	-1	-1	-1
4447	4584	4608	1	-1	-1	-1
4537	4538	4565	1	-1	-1	-1
4646	4507	4487	1	-1	-1	-1
4653	4494	4493	1	-1	-1	-1
4634	4481	4526	1	-1	-1	-1
4495	4653	4493	1	-1	-1	-1
4601	4440	4602	1	-1	-1	-1
4604	4443	4598	1	-1	-1	-1
4602	4441	4603	1	-1	-1	-1
4496	4656	4495	1	-1	-1	-1
4548	4549	4550	0	-1	-1	-1
4577	4455	4616	1	-1	-1	-1
4604	4603	4442	1	-1	-1	-1
4649	4490	4512	1	-1	-1	-1
4657	4498	4499	1	-1	-1	-1
4606	4600	4448	1	-1	-1	-1
4444	4605	4606	1	-1	-1	-1
4500	4498	4658	1	-1	-1	-1
4446	4607	4605	1	-1	-1	-1
4501	4659	4499	1	-1	-1	-1
4607	4447	4608	1	-1	-1	-1
4659	4501	4502	1	-1	-1	-1
4450	4609	4610	1	-1	-1	-1
4662	4502	4506	1	-1	-1	-1
4664	4504	4503	1	-1	-1	-1
4611	4609	4451	1	-1	-1	-1
4664	4503	4507	1	-1	-1	-1
4504	4666	4505	1	-1	-1	-1
4650	4535	4491	1	-1	-1	-1
4613	4454	4610	1	-1	-1	-1
4506	4505	4667	1	-1	-1	-1
4454	4614	4612	1	-1	-1	-1
4614	4454	4613	1	-1	-1	-1
4455	4612	4615	1	-1	-1	-1
4611	4456	4617	1	-1	-1	-1
4455	4615	4616	1	-1	-1	-1
4508	4509	4670	1	-1	-1	-1
4511	4508	4669	1	-1	-1	-1
4510	4511	4671	1	-1	-1	-1
4532	4634	4526	1	-1	-1	-1
4528	4527	4637	1	-1	-1	-1
4512	4510	4671	1	-1	-1	-1
4617	4457	4619	1	-1	-1	-1
4619	4457	4618	1	-1	-1	-1
4528	4636	4532	1	-1	-1	-1
4618	4459	4621	1	-1	-1	-1
4519	4670	4509	1	-1	-1	-1
4621	4459	4620	1	-1	-1	-1
4514	4675	4513	1	-1	-1	-1
4513	4674	4516	1	-1	-1	-1
4568	4566	4571	1	-1	-1	-1
4623	4622	4460	1	-1	-1	-1
4676	4514	4515	1	-1	-1	-1
4517	4516	4681	1	-1	-1	-1
4517	4682	4518	1	-1	-1	-1
4515	4522	4679	1	-1	-1	-1
4466	4626	4625	1	-1	-1	-1
4467	4625	4627	1	-1	-1	-1
4535	4650	4534	1	-1	-1	-1
4629	4623	4468	1	-1	-1	-1
4518	4684	4519	1	-1	-1	-1
4632	4620	4470	1	-1	-1	-1
4632	4470	4622	1	-1	-1	-1
4628	4629	4468	1	-1	-1	-1
4521	4686	4520	1	-1	-1	-1
4469	4630	4628	1	-1	-1	-1
4469	4627	4631	1	-1	-1	-1
4687	4522	4520	1	-1	-1	-1
4631	4630	4469	1	-1	-1	-1
4689	4521	4523	1	-1	-1	-1
4637	4624	4478	1	-1	-1	-1
4524	4692	4523	1	-1	-1	-1
4473	4634	4633	1	-1	-1	-1
4524	4525	4692	1	-1	-1	-1
4477	4633	4635	1	-1	-1	-1
4578	4579	4590	1	-1	-1	-1
4635	4636	4478	1	-1	-1	-1
4636	4637	4478	1	-1	-1	-1
4527	4529	4695	1	-1	-1	-1
4530	4696	4529	1	-1	-1	-1
4531	4697	4530	2	-1	-1	-1
4639	4638	4483	1	-1	-1	-1
4531	4533	4698	2	-1	-1	-1
4484	4638	4641	1	-1	-1	-1
4640	4484	4641	1	-1	-1	-1
4642	4485	4640	1	-1	-1	-1
4533	4536	4698	2	-1	-1	-1
4699	4536	4534	2	-1	-1	-1
4644	4486	4642	1	-1	-1	-1
4486	4644	4643	1	-1	-1	-1
4647	4639	4488	1	-1	-1	-1
4645	4487	4643	1	-1	-1	-1
4656	4496	4624	1	-1	-1	-1
4487	4645	4646	1	-1	-1	-1
4539	4540	4701	1	-1	-1	-1
4525	4565	4693	1	-1	-1	-1
4489	4648	4647	1	-1	-1	-1
4540	4543	4702	0	-1	-1	-1
4660	4626	4500	1	-1	-1	-1
4490	4649	4648	1	-1	-1	-1
4701	4551	4539	1	-1	-1	-1
4491	4651	4650	1	-1	-1	-1
4652	4651	4492	1	-1	-1	-1
4546	4547	4703	1	-1	-1	-1
4550	4546	4703	1	-1	-1	-1
4532	4633	4634	1	-1	-1	-1
4532	4635	4633	1	-1	-1	-1
4654	4652	4494	1	-1	-1	-1
4654	4494	4653	1	-1	-1	-1
4636	4528	4637	1	-1	-1	-1
4551	4704	4547	1	-1	-1	-1
4635	4532	4636	1	-1	-1	-1
4705	4548	4550	0	-1	-1	-1
4655	4653	4495	1	-1	-1	-1
4656	4655	4495	1	-1	-1	-1
4552	4707	4553	1	-1	-1	-1
4498	4657	4658	1	-1	-1	-1
4553	4707	4554	1	-1	-1	-1
4499	4659	4657	1	-1	-1	-1
4555	4554	4707	1	-1	-1	-1
4500	4658	4660	1	-1	-1	-1
4557	4555	4708	1	-1	-1	-1
4507	4646	4668	1	-1	-1	-1
4659	4502	4661	1	-1	-1	-1
4556	4558	4710	1	-1	-1	-1
4559	4556	4709	1	-1	-1	-1
4711	4558	4557	1	-1	-1	-1
4502	4663	4661	1	-1	-1	-1
4502	4662	4663	1	-1	-1	-1
4713	4560	4559	1	-1	-1	-1
4504	4664	4665	1	-1	-1	-1
4649	4512	4673	1	-1	-1	-1
4560	4714	4561	1	-1	-1	-1
4667	4662	4506	1	-1	-1	-1
4666	4504	4665	1	-1	-1	-1
4666	4667	4505	1	-1	-1	-1
4664	4507	4668	1	-1	-1	-1
4716	4562	4561	1	-1	-1	-1
4614	4615	4612	1	-1	-1	-1
4564	4562	4716	1	-1	-1	-1
4718	4563	4564	1	-1	-1	-1
4563	4717	4565	1	-1	-1	-1
4670	4669	4508	1	-1	-1	-1
4511	4669	4672	1	-1	-1	-1
4672	4671	4511	1	-1	-1	-1
4568	4721	4567	1	-1	-1	-1
4673	4512	4671	1	-1	-1	-1
4722	4569	4567	1	-1	-1	-1
4637	4527	4695	1	-1	-1	-1
4675	4674	4513	1	-1	-1	-1
4724	4568	4571	1	-1	-1	-1
4677	4675	4514	1	-1	-1	-1
4726	4571	4570	1	-1	-1	-1
4676	4677	4514	1	-1	-1	-1
4678	4676	4515	1	-1	-1	-1
4516	4674	4680	1	-1	-1	-1
4727	4570	4573	1	-1	-1	-1
4515	4679	4678	1	-1	-1	-1
4685	4670	4519	1	-1	-1	-1
4573	4572	4729	1	-1	-1	-1
4729	4572	4574	1	-1	-1	-1
4581	4569	4725	1	-1	-1	-1
4516	4680	4681	1	-1	-1	-1
4575	4729	4574	1	-1	-1	-1
4681	4683	4517	1	-1	-1	-1
4575	4576	4731	1	-1	-1	-1
4683	4682	4517	1	-1	-1	-1
4534	4650	4699	1	-1	-1	-1
4684	4518	4682	1	-1	-1	-1
4733	4576	4577	1	-1	-1	-1
4684	4685	4519	1	-1	-1	-1
4522	4691	4679	1	-1	-1	-1
4687	4520	4686	1	-1	-1	-1
4735	4579	4580	1	-1	-1	-1
4688	4686	4521	1	-1	-1	-1
4736	4580	4581	1	-1	-1	-1
4688	4521	4689	1	-1	-1	-1
4687	4690	4522	1	-1	-1	-1
4583	4737	4582	1	-1	-1	-1
4691	4522	4690	1	-1	-1	-1
4579	4734	4590	1	-1	-1	-1
4738	4584	4582	1	-1	-1	-1
4523	4692	4689	1	-1	-1	-1
4583	4585	4737	1	-1	-1	-1
4585	4586	4739	1	-1	-1	-1
4525	4694	4692	1	-1	-1	-1
4525	4693	4694	1	-1	-1	-1
4741	4586	4587	1	-1	-1	-1
4656	4624	4637	1	-1	-1	-1
4587	4588	4742	1	-1	-1	-1
4589	4743	4588	1	-1	-1	-1
4695	4529	4696	1	-1	-1	-1
4530	4697	4696	1	-1	-1	-1
4589	4590	4745	1	-1	-1	-1
4698	4697	4531	2	-1	-1	-1
4577	4616	4733	1	-1	-1	-1
4608	4584	4738	1	-1	-1	-1
4747	4593	4592	1	-1	-1	-1
4591	4596	4746	1	-1	-1	-1
4594	4748	4592	1	-1	-1	-1
4698	4536	4700	2	-1	-1	-1
4700	4536	4699	2	-1	-1	-1
4593	4750	4597	1	-1	-1	-1
4594	4595	4751	1	-1	-1	-1
4701	4540	4702	0	-1	-1	-1
4596	4597	4752	1	-1	-1	-1
4595	4601	4751	1	-1	-1	-1
4598	4599	4753	1	-1	-1	-1
4547	4704	4703	1	-1	-1	-1
4600	4755	4599	1	-1	-1	-1
4598	4754	4604	1	-1	-1	-1
4704	4551	4701	1	-1	-1	-1
4703	4705	4550	0	-1	-1	-1
4757	4601	4602	1	-1	-1	-1
4600	4606	4756	1	-1	-1	-1
4759	4602	4603	1	-1	-1	-1
4552	4706	4707	1	-1	-1	-1
4604	4761	4603	1	-1	-1	-1
4555	4707	4708	1	-1	-1	-1
4606	4605	4763	1	-1	-1	-1
4556	4710	4709	1	-1	-1	-1
4607	4764	4605	1	-1	-1	-1
4708	4712	4557	1	-1	-1	-1
4693	4565	4720	1	-1	-1	-1
4710	4558	4711	1	-1	-1	-1
4557	4712	4711	1	-1	-1	-1
4608	4765	4607	1	-1	-1	-1
4713	4559	4709	1	-1	-1	-1
4610	4609	4766	1	-1	-1	-1
4609	4611	4766	1	-1	-1	-1
4560	4713	4714	1	-1	-1	-1
4637	4695	4656	1	-1	-1	-1
4561	4714	4715	1	-1	-1	-1
4613	4610	4767	1	-1	-1	-1
4561	4715	4716	1	-1	-1	-1
4770	4614	4613	1	-1	-1	-1
4769	4611	4617	1	-1	-1	-1
4665	4664	4668	1	-1	-1	-1
4718	4717	4563	1	-1	-1	-1
4719	4564	4716	1	-1	-1	-1
4771	4615	4614	1	-1	-1	-1
4564	4719	4718	1	-1	-1	-1
4720	4565	4717	1	-1	-1	-1
4616	4615	4772	1	-1	-1	-1
4617	4619	4769	1	-1	-1	-1
4695	4655	4656	1	-1	-1	-1
4722	4567	4721	1	-1	-1	-1
4723	4721	4568	1	-1	-1	-1
4775	4619	4618	1	-1	-1	-1
4621	4775	4618	1	-1	-1	-1
4724	4723	4568	1	-1	-1	-1
4725	4569	4722	1	-1	-1	-1
4778	4621	4620	1	-1	-1	-1
4571	4728	4724	1	-1	-1	-1
4727	4726	4570	1	-1	-1	-1
4780	4622	4623	1	-1	-1	-1
4728	4571	4726	1	-1	-1	-1
4620	4632	4778	1	-1	-1	-1
4730	4727	4573	1	-1	-1	-1
4730	4573	4729	1	-1	-1	-1
4781	4625	4626	1	-1	-1	-1
4629	4780	4623	1	-1	-1	-1
4625	4781	4627	1	-1	-1	-1
4622	4779	4632	1	-1	-1	-1
4575	4732	4729	1	-1	-1	-1
4575	4731	4732	1	-1	-1	-1
4629	4628	4782	1	-1	-1	-1
4631	4627	4781	1	-1	-1	-1
4628	4630	4782	1	-1	-1	-1
4576	4733	4731	1	-1	-1	-1
4581	4725	4736	1	-1	-1	-1
4631	4784	4630	1	-1	-1	-1
4695	4696	4655	1	-1	-1	-1
4734	4579	4735	1	-1	-1	-1
4735	4580	4736	1	-1	-1	-1
4737	4738	4582	1	-1	-1	-1
4737	4585	4740	1	-1	-1	-1
4740	4585	4739	1	-1	-1	-1
4787	4638	4639	3	-1	-1	-1
4741	4739	4586	1	-1	-1	-1
4626	4660	4781	1	-1	-1	-1
4788	4641	4638	3	-1	-1	-1
4745	4590	4734	1	-1	-1	-1
4742	4741	4587	1	-1	-1	-1
4640	4641	4790	1	-1	-1	-1
4640	4790	4642	1	-1	-1	-1
4742	4588	4743	1	-1	-1	-1
4647	4789	4639	3	-1	-1	-1
4744	4743	4589	1	-1	-1	-1
4745	4744	4589	1	-1	-1	-1
4642	4792	4644	1	-1	-1	-1
4643	4793	4645	1	-1	-1	-1
4644	4794	4643	1	-1	-1	-1
4747	4592	4748	1	-1	-1	-1
4797	4646	4645	1	-1	-1	-1
4747	4749	4593	1	-1	-1	-1
4593	4749	4750	1	-1	-1	-1
4751	4748	4594	1	-1	-1	-1
4596	4752	4746	1	-1	-1	-1
4648	4799	4647	3	-1	-1	-1
4649	4800	4648	3	-1	-1	-1
4750	4752	4597	1	-1	-1	-1
4651	4802	4650	1	-1	-1	-1
4598	4753	4754	1	-1	-1	-1
4652	4803	4651	1	-1	-1	-1
4755	4753	4599	1	-1	-1	-1
4758	4751	4601	1	-1	-1	-1
4804	4652	4654	1	-1	-1	-1
4600	4756	4755	1	-1	-1	-1
4738	4765	4608	1	-1	-1	-1
4653	4805	4654	1	-1	-1	-1
4798	4668	4646	1	-1	-1	-1
4653	4655	4806	1	-1	-1	-1
4757	4758	4601	1	-1	-1	-1
4760	4757	4602	1	-1	-1	-1
4754	4762	4604	1	-1	-1	-1
4602	4759	4760	1	-1	-1	-1
4733	4616	4774	1	-1	-1	-1
4658	4657	4808	1	-1	-1	-1
4759	4603	4761	1	-1	-1	-1
4801	4649	4673	3	-1	-1	-1
4659	4808	4657	1	-1	-1	-1
4763	4756	4606	1	-1	-1	-1
4809	4660	4658	1	-1	-1	-1
4761	4604	4762	1	-1	-1	-1
4659	4661	4811	1	-1	-1	-1
4764	4763	4605	1	-1	-1	-1
4765	4764	4607	1	-1	-1	-1
4663	4812	4661	1	-1	-1	-1
4813	4663	4662	1	-1	-1	-1
4767	4610	4766	1	-1	-1	-1
4667	4814	4662	1	-1	-1	-1
4611	4768	4766	1	-1	-1	-1
4665	4816	4666	1	-1	-1	-1
4768	4611	4769	1	-1	-1	-1
4668	4817	4665	1	-1	-1	-1
4767	4770	4613	1	-1	-1	-1
4802	4699	4650	1	-1	-1	-1
4819	4667	4666	1	-1	-1	-1
4770	4771	4614	1	-1	-1	-1
4696	4806	4655	1	-1	-1	-1
4772	4615	4771	1	-1	-1	-1
4822	4669	4670	1	-1	-1	-1
4773	4616	4772	1	-1	-1	-1
4669	4821	4672	1	-1	-1	-1
4616	4773	4774	1	-1	-1	-1
4777	4769	4619	1	-1	-1	-1
4672	4823	4671	1	-1	-1	-1
4823	4673	4671	1	-1	-1	-1
4775	4776	4619	1	-1	-1	-1
4619	4776	4777	1	-1	-1	-1
4775	4621	4778	1	-1	-1	-1
4674	4675	4826	1	-1	-1	-1
4822	4670	4685	1	-1	-1	-1
4677	4827	4675	1	-1	-1	-1
4680	4674	4826	1	-1	-1	-1
4677	4676	4828	1	-1	-1	-1
4780	4779	4622	1	-1	-1	-1
4678	4828	4676	1	-1	-1	-1
4679	4830	4678	1	-1	-1	-1
4632	4779	4778	1	-1	-1	-1
4729	4732	4730	1	-1	-1	-1
4783	4780	4629	1	-1	-1	-1
4832	4681	4680	3	-1	-1	-1
4783	4629	4782	1	-1	-1	-1
4630	4784	4782	1	-1	-1	-1
4683	4681	4833	3	-1	-1	-1
4785	4631	4781	1	-1	-1	-1
4683	4834	4682	1	-1	-1	-1
4806	4696	4697	1	-1	-1	-1
4830	4679	4691	1	-1	-1	-1
4684	4682	4834	1	-1	-1	-1
4784	4631	4786	1	-1	-1	-1
4631	4785	4786	1	-1	-1	-1
4836	4685	4684	1	-1	-1	-1
4686	4837	4687	1	-1	-1	-1
4837	4686	4688	1	-1	-1	-1
4787	4788	4638	3	-1	-1	-1
4690	4687	4838	1	-1	-1	-1
4787	4639	4789	3	-1	-1	-1
4689	4839	4688	1	-1	-1	-1
4788	4791	4641	3	-1	-1	-1
4791	4790	4641	3	-1	-1	-1
4842	4689	4692	1	-1	-1	-1
4642	4790	4792	1	-1	-1	-1
4843	4691	4690	1	-1	-1	-1
4793	4643	4794	1	-1	-1	-1
4694	4845	4692	1	-1	-1	-1
4792	4795	4644	1	-1	-1	-1
4846	4694	4693	1	-1	-1	-1
4644	4795	4794	1	-1	-1	-1
4796	4645	4793	1	-1	-1	-1
4789	4647	4799	3	-1	-1	-1
4645	4796	4797	1	-1	-1	-1
4646	4797	4798	1	-1	-1	-1
4847	4697	4698	2	-1	-1	-1
4700	4847	4698	2	-1	-1	-1
4799	4648	4800	3	-1	-1	-1
4700	4699	4848	2	-1	-1	-1
4801	4800	4649	3	-1	-1	-1
4781	4660	4809	1	-1	-1	-1
4701	4702	4850	0	-1	-1	-1
4704	4701	4850	0	-1	-1	-1
4802	4651	4803	1	-1	-1	-1
4751	4758	4748	1	-1	-1	-1
4704	4851	4703	0	-1	-1	-1
4846	4693	4720	1	-1	-1	-1
4851	4705	4703	0	-1	-1	-1
4804	4803	4652	1	-1	-1	-1
4805	4653	4806	1	-1	-1	-1
4706	4852	4707	1	-1	-1	-1
4804	4654	4807	1	-1	-1	-1
4807	4654	4805	1	-1	-1	-1
4707	4852	4708	1	-1	-1	-1
4708	4855	4712	1	-1	-1	-1
4856	4709	4710	1	-1	-1	-1
4808	4810	4658	1	-1	-1	-1
4658	4810	4809	1	-1	-1	-1
4711	4857	4710	1	-1	-1	-1
4659	4811	4808	1	-1	-1	-1
4709	4856	4713	1	-1	-1	-1
4857	4711	4712	1	-1	-1	-1
4661	4812	4811	1	-1	-1	-1
4820	4668	4798	1	-1	-1	-1
4713	4859	4714	1	-1	-1	-1
4860	4715	4714	1	-1	-1	-1
4814	4813	4662	1	-1	-1	-1
4812	4663	4815	1	-1	-1	-1
4663	4813	4815	1	-1	-1	-1
4715	4861	4716	1	-1	-1	-1
4719	4716	4861	1	-1	-1	-1
4817	4816	4665	1	-1	-1	-1
4863	4717	4718	1	-1	-1	-1
4825	4801	4673	3	-1	-1	-1
4717	4863	4720	1	-1	-1	-1
4666	4816	4818	1	-1	-1	-1
4667	4819	4814	1	-1	-1	-1
4718	4719	4864	1	-1	-1	-1
4666	4818	4819	1	-1	-1	-1
4668	4820	4817	1	-1	-1	-1
4721	4868	4722	1	-1	-1	-1
4721	4723	4868	1	-1	-1	-1
4669	4822	4821	1	-1	-1	-1
4869	4725	4722	1	-1	-1	-1
4672	4821	4824	1	-1	-1	-1
4723	4724	4871	1	-1	-1	-1
4823	4672	4824	1	-1	-1	-1
4673	4823	4825	3	-1	-1	-1
4728	4873	4724	1	-1	-1	-1
4874	4726	4727	1	-1	-1	-1
4826	4675	4827	1	-1	-1	-1
4728	4726	4874	1	-1	-1	-1
4725	4869	4736	1	-1	-1	-1
4727	4730	4876	1	-1	-1	-1
4827	4677	4829	1	-1	-1	-1
4828	4829	4677	1	-1	-1	-1
4828	4678	4830	1	-1	-1	-1
4831	4680	4826	3	-1	-1	-1
4732	4878	4730	1	-1	-1	-1
4732	4731	4879	1	-1	-1	-1
4831	4832	4680	3	-1	-1	-1
4879	4731	4733	1	-1	-1	-1
4822	4685	4836	1	-1	-1	-1
4833	4681	4832	3	-1	-1	-1
4848	4699	4802	1	-1	-1	-1
4735	4881	4734	1	-1	-1	-1
4847	4806	4697	1	-1	-1	-1
4835	4683	4833	3	-1	-1	-1
4834	4683	4835	3	-1	-1	-1
4882	4735	4736	1	-1	-1	-1
4684	4834	4836	1	-1	-1	-1
4883	4738	4737	1	-1	-1	-1
4737	4740	4883	1	-1	-1	-1
4881	4745	4734	1	-1	-1	-1
4837	4838	4687	1	-1	-1	-1
4740	4739	4885	1	-1	-1	-1
4739	4741	4885	1	-1	-1	-1
4688	4840	4837	1	-1	-1	-1
4844	4830	4691	1	-1	-1	-1
4839	4840	4688	1	-1	-1	-1
4839	4689	4841	1	-1	-1	-1
4741	4742	4887	1	-1	-1	-1
4843	4690	4838	1	-1	-1	-1
4742	4743	4887	1	-1	-1	-1
4842	4841	4689	1	-1	-1	-1
4781	4809	4785	1	-1	-1	-1
4744	4890	4743	1	-1	-1	-1
4844	4691	4843	1	-1	-1	-1
4745	4890	4744	1	-1	-1	-1
4842	4692	4845	1	-1	-1	-1
4845	4694	4846	1	-1	-1	-1
4733	4774	4879	1	-1	-1	-1
4765	4738	4884	1	-1	-1	-1
4748	4894	4747	1	-1	-1	-1
4749	4747	4894	1	-1	-1	-1
4752	4893	4746	1	-1	-1	-1
4749	4897	4750	1	-1	-1	-1
4849	4847	4700	2	-1	-1	-1
4700	4848	4849	2	-1	-1	-1
4898	4752	4750	1	-1	-1	-1
4748	4758	4895	1	-1	-1	-1
4851	4704	4850	0	-1	-1	-1
4899	4754	4753	1	-1	-1	-1
4755	4899	4753	1	-1	-1	-1
4852	4706	4853	1	-1	-1	-1
4902	4755	4756	1	-1	-1	-1
4765	4884	4764	1	-1	-1	-1
4854	4708	4852	1	-1	-1	-1
4754	4901	4762	1	-1	-1	-1
4708	4854	4855	1	-1	-1	-1
4757	4904	4758	1	-1	-1	-1
4756	4763	4902	1	-1	-1	-1
4760	4904	4757	1	-1	-1	-1
4710	4857	4856	1	-1	-1	-1
4858	4712	4855	1	-1	-1	-1
4906	4760	4759	1	-1	-1	-1
4761	4906	4759	1	-1	-1	-1
4712	4858	4857	1	-1	-1	-1
4713	4856	4859	1	-1	-1	-1
4761	4762	4908	1	-1	-1	-1
4846	4720	4867	1	-1	-1	-1
4714	4859	4860	1	-1	-1	-1
4860	4862	4715	1	-1	-1	-1
4764	4910	4763	1	-1	-1	-1
4715	4862	4861	1	-1	-1	-1
4861	4865	4719	1	-1	-1	-1
4766	4912	4767	1	-1	-1	-1
4864	4863	4718	1	-1	-1	-1
4768	4912	4766	1	-1	-1	-1
4866	4864	4719	1	-1	-1	-1
4865	4866	4719	1	-1	-1	-1
4863	4867	4720	1	-1	-1	-1
4914	4770	4767	1	-1	-1	-1
4769	4915	4768	1	-1	-1	-1
4802	4803	4848	1	-1	-1	-1
4771	4770	4916	1	-1	-1	-1
4868	4870	4722	1	-1	-1	-1
4722	4870	4869	1	-1	-1	-1
4915	4769	4777	1	-1	-1	-1
4918	4772	4771	1	-1	-1	-1
4868	4723	4872	1	-1	-1	-1
4772	4919	4773	1	-1	-1	-1
4872	4723	4871	1	-1	-1	-1
4773	4920	4774	1	-1	-1	-1
4724	4873	4871	1	-1	-1	-1
4923	4776	4775	1	-1	-1	-1
4778	4922	4775	1	-1	-1	-1
4727	4875	4874	1	-1	-1	-1
4777	4776	4924	1	-1	-1	-1
4873	4728	4877	1	-1	-1	-1
4727	4876	4875	1	-1	-1	-1
4728	4874	4877	1	-1	-1	-1
4730	4878	4876	1	-1	-1	-1
4779	4927	4778	1	-1	-1	-1
4869	4882	4736	1	-1	-1	-1
4779	4780	4928	1	-1	-1	-1
4878	4732	4880	1	-1	-1	-1
4880	4732	4879	1	-1	-1	-1
4780	4783	4928	1	-1	-1	-1
4929	4783	4782	1	-1	-1	-1
4782	4784	4929	1	-1	-1	-1
4882	4881	4735	1	-1	-1	-1
4932	4784	4786	1	-1	-1	-1
4933	4786	4785	1	-1	-1	-1
4884	4738	4883	1	-1	-1	-1
4886	4883	4740	1	-1	-1	-1
4935	4788	4787	3	-1	-1	-1
4740	4885	4886	1	-1	-1	-1
4936	4787	4789	3	-1	-1	-1
4885	4741	4887	1	-1	-1	-1
4791	4788	4938	3	-1	-1	-1
4881	4891	4745	1	-1	-1	-1
4743	4888	4887	1	-1	-1	-1
4743	4889	4888	1	-1	-1	-1
4790	4791	4939	3	-1	-1	-1
4939	4792	4790	3	-1	-1	-1
4743	4890	4889	1	-1	-1	-1
4799	4936	4789	3	-1	-1	-1
4892	4890	4745	1	-1	-1	-1
4809	4933	4785	1	-1	-1	-1
4792	4940	4795	3	-1	-1	-1
4793	4794	4941	1	-1	-1	-1
4891	4892	4745	1	-1	-1	-1
4793	4941	4796	1	-1	-1	-1
4794	4795	4942	1	-1	-1	-1
4748	4895	4894	1	-1	-1	-1
4946	4797	4796	1	-1	-1	-1
4749	4894	4896	1	-1	-1	-1
4897	4749	4896	1	-1	-1	-1
4797	4947	4798	1	-1	-1	-1
4898	4893	4752	1	-1	-1	-1
4897	4898	4750	1	-1	-1	-1
4800	4949	4799	3	-1	-1	-1
4801	4950	4800	3	-1	-1	-1
4809	4810	4933	1	-1	-1	-1
4754	4899	4900	1	-1	-1	-1
4754	4900	4901	1	-1	-1	-1
4755	4903	4899	1	-1	-1	-1
4895	4758	4905	1	-1	-1	-1
4911	4764	4884	1	-1	-1	-1
4852	4853	4854	1	-1	-1	-1
4755	4902	4903	1	-1	-1	-1
4953	4803	4804	1	-1	-1	-1
4804	4807	4953	1	-1	-1	-1
4798	4947	4820	1	-1	-1	-1
4806	4954	4805	1	-1	-1	-1
4807	4805	4954	1	-1	-1	-1
4758	4904	4905	1	-1	-1	-1
4901	4908	4762	1	-1	-1	-1
4760	4907	4904	1	-1	-1	-1
4760	4906	4907	1	-1	-1	-1
4955	4810	4808	1	-1	-1	-1
4879	4774	4921	1	-1	-1	-1
4763	4909	4902	1	-1	-1	-1
4808	4811	4955	1	-1	-1	-1
4906	4761	4908	1	-1	-1	-1
4801	4825	4952	3	-1	-1	-1
4909	4763	4910	1	-1	-1	-1
4957	4811	4812	1	-1	-1	-1
4958	4812	4815	1	-1	-1	-1
4764	4911	4910	1	-1	-1	-1
4960	4815	4813	1	-1	-1	-1
4814	4959	4813	1	-1	-1	-1
4767	4912	4913	1	-1	-1	-1
4814	4819	4961	1	-1	-1	-1
4768	4915	4912	1	-1	-1	-1
4767	4913	4914	1	-1	-1	-1
4816	4817	4964	1	-1	-1	-1
4964	4818	4816	1	-1	-1	-1
4914	4917	4770	1	-1	-1	-1
4965	4817	4820	1	-1	-1	-1
4819	4818	4966	1	-1	-1	-1
4770	4917	4916	1	-1	-1	-1
4848	4803	4953	1	-1	-1	-1
4918	4771	4916	1	-1	-1	-1
4847	4954	4806	1	-1	-1	-1
4918	4919	4772	1	-1	-1	-1
4849	4953	4807	1	-1	-1	-1
4870	4868	4872	1	-1	-1	-1
4954	4849	4807	1	-1	-1	-1
4821	4822	4969	1	-1	-1	-1
4920	4773	4919	1	-1	-1	-1
4969	4824	4821	1	-1	-1	-1
4921	4774	4920	1	-1	-1	-1
4824	4970	4823	3	-1	-1	-1
4915	4777	4925	1	-1	-1	-1
4823	4970	4825	3	-1	-1	-1
4922	4923	4775	1	-1	-1	-1
4923	4924	4776	1	-1	-1	-1
4827	4972	4826	3	-1	-1	-1
4925	4777	4924	1	-1	-1	-1
4926	4922	4778	1	-1	-1	-1
4969	4822	4836	1	-1	-1	-1
4835	4824	4969	3	-1	-1	-1
4831	4826	4972	3	-1	-1	-1
4829	4973	4827	3	-1	-1	-1
4835	4970	4824	3	-1	-1	-1
4927	4926	4778	1	-1	-1	-1
4975	4829	4828	1	-1	-1	-1
4828	4830	4974	1	-1	-1	-1
4928	4927	4779	1	-1	-1	-1
4832	4971	4833	3	-1	-1	-1
4833	4970	4835	3	-1	-1	-1
4835	4969	4834	3	-1	-1	-1
4836	4834	4969	3	-1	-1	-1
4831	4977	4832	3	-1	-1	-1
4930	4928	4783	1	-1	-1	-1
4931	4783	4929	1	-1	-1	-1
4930	4783	4931	1	-1	-1	-1
4929	4784	4932	1	-1	-1	-1
4844	4974	4830	1	-1	-1	-1
4847	4849	4954	1	-1	-1	-1
4849	4848	4953	2	-1	-1	-1
4934	4932	4786	1	-1	-1	-1
4786	4933	4934	1	-1	-1	-1
4838	4837	4978	1	-1	-1	-1
4978	4837	4840	1	-1	-1	-1
4787	4936	4935	3	-1	-1	-1
4839	4980	4840	1	-1	-1	-1
4843	4838	4979	1	-1	-1	-1
4841	4980	4839	1	-1	-1	-1
4788	4935	4937	3	-1	-1	-1
4937	4938	4788	3	-1	-1	-1
4841	4842	4983	1	-1	-1	-1
4938	4939	4791	3	-1	-1	-1
4842	4845	4984	1	-1	-1	-1
4792	4939	4940	3	-1	-1	-1
4985	4844	4843	1	-1	-1	-1
4810	4934	4933	1	-1	-1	-1
4942	4941	4794	1	-1	-1	-1
4795	4940	4944	3	-1	-1	-1
4921	4880	4879	1	-1	-1	-1
4989	4845	4846	1	-1	-1	-1
4943	4942	4795	3	-1	-1	-1
4795	4944	4943	3	-1	-1	-1
4941	4945	4796	1	-1	-1	-1
4799	4949	4936	3	-1	-1	-1
4796	4945	4946	1	-1	-1	-1
4946	4948	4797	1	-1	-1	-1
4947	4797	4948	1	-1	-1	-1
4810	4956	4934	1	-1	-1	-1
4800	4951	4949	3	-1	-1	-1
4800	4950	4951	3	-1	-1	-1
4853	4994	4854	1	-1	-1	-1
4952	4950	4801	3	-1	-1	-1
4994	4855	4854	1	-1	-1	-1
4867	4992	4846	1	-1	-1	-1
4855	4995	4858	1	-1	-1	-1
4856	4857	4997	1	-1	-1	-1
4996	4859	4856	1	-1	-1	-1
4857	4858	4997	1	-1	-1	-1
4859	5001	4860	1	-1	-1	-1
4955	4956	4810	1	-1	-1	-1
4955	4811	4957	1	-1	-1	-1
4860	5001	4862	1	-1	-1	-1
5003	4861	4862	1	-1	-1	-1
4812	4958	4957	1	-1	-1	-1
4861	5003	4865	1	-1	-1	-1
4960	4813	4959	1	-1	-1	-1
4820	4947	4968	1	-1	-1	-1
4814	4962	4959	1	-1	-1	-1
4863	4864	5008	1	-1	-1	-1
4958	4815	4963	1	-1	-1	-1
4863	5007	4867	1	-1	-1	-1
4814	4961	4962	1	-1	-1	-1
5008	4864	4866	1	-1	-1	-1
4960	4963	4815	1	-1	-1	-1
4866	4865	5009	1	-1	-1	-1
4819	4966	4961	1	-1	-1	-1
4965	4964	4817	1	-1	-1	-1
4952	4825	4971	3	-1	-1	-1
4964	4967	4818	1	-1	-1	-1
5011	4869	4870	1	-1	-1	-1
4967	4966	4818	1	-1	-1	-1
4831	4972	4950	3	-1	-1	-1
4820	4968	4965	1	-1	-1	-1
5012	4870	4872	1	-1	-1	-1
4871	5014	4872	1	-1	-1	-1
4977	4831	4950	3	-1	-1	-1
5014	4871	4873	1	-1	-1	-1
4869	5011	4882	1	-1	-1	-1
4971	4825	4970	3	-1	-1	-1
4874	4875	5017	1	-1	-1	-1
4873	4877	5016	1	-1	-1	-1
5017	4877	4874	1	-1	-1	-1
4876	5018	4875	1	-1	-1	-1
4827	4973	4972	3	-1	-1	-1
5020	4876	4878	1	-1	-1	-1
4971	4970	4833	3	-1	-1	-1
4828	4974	4975	1	-1	-1	-1
5020	4878	4880	1	-1	-1	-1
4973	4829	4976	3	-1	-1	-1
4829	4975	4976	3	-1	-1	-1
4832	4977	4971	3	-1	-1	-1
4881	4882	5023	1	-1	-1	-1
4932	4931	4929	1	-1	-1	-1
5025	4884	4883	1	-1	-1	-1
5025	4883	4886	1	-1	-1	-1
4838	4978	4979	1	-1	-1	-1
5024	4891	4881	1	-1	-1	-1
4885	5026	4886	1	-1	-1	-1
4981	4978	4840	1	-1	-1	-1
4885	4887	5027	1	-1	-1	-1
4980	4982	4840	1	-1	-1	-1
4981	4840	4982	1	-1	-1	-1
4888	5029	4887	1	-1	-1	-1
4983	4980	4841	1	-1	-1	-1
4988	4974	4844	1	-1	-1	-1
4888	4889	5030	1	-1	-1	-1
4979	4986	4843	1	-1	-1	-1
4842	4984	4983	1	-1	-1	-1
5031	4889	4890	1	-1	-1	-1
4892	5031	4890	1	-1	-1	-1
4986	4985	4843	1	-1	-1	-1
5033	4892	4891	1	-1	-1	-1
4987	4844	4985	1	-1	-1	-1
4844	4987	4988	1	-1	-1	-1
4845	4990	4984	1	-1	-1	-1
5025	4911	4884	1	-1	-1	-1
4921	5022	4880	1	-1	-1	-1
4989	4990	4845	1	-1	-1	-1
4893	4898	5035	1	-1	-1	-1
4895	5037	4894	1	-1	-1	-1
4991	4989	4846	1	-1	-1	-1
4894	5036	4896	1	-1	-1	-1
4846	4992	4991	1	-1	-1	-1
5038	4897	4896	1	-1	-1	-1
4897	5039	4898	1	-1	-1	-1
4895	4905	5037	1	-1	-1	-1
4899	5040	4900	1	-1	-1	-1
4994	4853	4993	1	-1	-1	-1
5040	4899	4903	1	-1	-1	-1
4900	5042	4901	1	-1	-1	-1
4994	4995	4855	1	-1	-1	-1
4903	4902	5044	1	-1	-1	-1
4856	4998	4996	1	-1	-1	-1
4997	4998	4856	1	-1	-1	-1
4999	4858	4995	1	-1	-1	-1
4901	5043	4908	1	-1	-1	-1
4904	5046	4905	1	-1	-1	-1
5044	4902	4909	1	-1	-1	-1
4858	5000	4997	1	-1	-1	-1
4907	5046	4904	1	-1	-1	-1
4999	5000	4858	1	-1	-1	-1
5002	4859	4996	1	-1	-1	-1
4906	5049	4907	1	-1	-1	-1
4908	5048	4906	1	-1	-1	-1
4859	5002	5001	1	-1	-1	-1
4867	5007	4992	1	-1	-1	-1
4862	5004	5003	1	-1	-1	-1
5005	4862	5001	1	-1	-1	-1
4910	5052	4909	1	-1	-1	-1
4862	5005	5004	1	-1	-1	-1
4951	4950	4972	3	-1	-1	-1
4911	5053	4910	1	-1	-1	-1
5006	5007	4863	1	-1	-1	-1
5008	5006	4863	1	-1	-1	-1
5009	4865	5003	1	-1	-1	-1
4950	4952	4977	3	-1	-1	-1
4913	4912	5056	1	-1	-1	-1
4915	5056	4912	1	-1	-1	-1
5008	4866	5010	1	-1	-1	-1
5057	4914	4913	1	-1	-1	-1
4866	5009	5010	1	-1	-1	-1
4917	4914	5058	1	-1	-1	-1
4917	5059	4916	1	-1	-1	-1
4916	5060	4918	1	-1	-1	-1
5013	5011	4870	1	-1	-1	-1
5012	5013	4870	1	-1	-1	-1
4915	4925	5056	1	-1	-1	-1
4973	4951	4972	3	-1	-1	-1
5060	4919	4918	1	-1	-1	-1
5014	5012	4872	1	-1	-1	-1
4952	4971	4977	3	-1	-1	-1
5063	4920	4919	1	-1	-1	-1
5014	4873	5015	1	-1	-1	-1
5015	4873	5016	1	-1	-1	-1
4921	4920	5064	1	-1	-1	-1
4923	4922	5065	1	-1	-1	-1
5017	4875	5018	1	-1	-1	-1
4922	4926	5065	1	-1	-1	-1
5019	5018	4876	1	-1	-1	-1
4877	5021	5016	1	-1	-1	-1
5067	4924	4923	1	-1	-1	-1
5021	4877	5017	1	-1	-1	-1
5019	4876	5020	1	-1	-1	-1
4882	5011	5023	1	-1	-1	-1
4925	4924	5068	1	-1	-1	-1
5022	5020	4880	1	-1	-1	-1
4927	5072	4926	1	-1	-1	-1
5073	4927	4928	1	-1	-1	-1
5024	4881	5023	1	-1	-1	-1
4930	5073	4928	1	-1	-1	-1
5074	4930	4931	1	-1	-1	-1
4974	4988	4975	1	-1	-1	-1
5027	5026	4885	1	-1	-1	-1
5028	5025	4886	1	-1	-1	-1
5026	5028	4886	1	-1	-1	-1
5077	4931	4932	1	-1	-1	-1
4934	5077	4932	1	-1	-1	-1
5027	4887	5029	1	-1	-1	-1
5029	4888	5030	1	-1	-1	-1
5024	5033	4891	1	-1	-1	-1
4936	5079	4935	3	-1	-1	-1
4889	5032	5030	1	-1	-1	-1
4889	5031	5032	1	-1	-1	-1
4937	4935	5081	3	-1	-1	-1
4892	5034	5031	1	-1	-1	-1
4938	4937	5084	3	-1	-1	-1
5033	5034	4892	1	-1	-1	-1
4938	5088	4939	3	-1	-1	-1
5037	5036	4894	1	-1	-1	-1
4936	4949	5083	3	-1	-1	-1
5078	4934	4956	1	-1	-1	-1
4939	5089	4940	3	-1	-1	-1
4896	5036	5038	1	-1	-1	-1
4898	5039	5035	1	-1	-1	-1
5090	4941	4942	1	-1	-1	-1
4944	4940	5089	3	-1	-1	-1
5038	5039	4897	1	-1	-1	-1
5091	4942	4943	3	-1	-1	-1
4945	4941	5090	1	-1	-1	-1
5093	4943	4944	3	-1	-1	-1
5040	5041	4900	1	-1	-1	-1
5041	5042	4900	1	-1	-1	-1
5095	4946	4945	1	-1	-1	-1
5043	4901	5042	1	-1	-1	-1
4903	5045	5040	1	-1	-1	-1
5037	4905	5047	1	-1	-1	-1
4948	4946	5097	1	-1	-1	-1
5025	5055	4911	1	-1	-1	-1
5044	5045	4903	1	-1	-1	-1
4948	5098	4947	1	-1	-1	-1
4996	4998	5002	1	-1	-1	-1
4905	5046	5047	1	-1	-1	-1
4949	4951	5100	3	-1	-1	-1
4908	5043	5051	1	-1	-1	-1
5046	4907	5050	1	-1	-1	-1
5049	4906	5048	1	-1	-1	-1
5052	5044	4909	1	-1	-1	-1
5049	5050	4907	1	-1	-1	-1
4908	5051	5048	1	-1	-1	-1
5022	4921	5064	1	-1	-1	-1
5002	5005	5001	1	-1	-1	-1
4968	4947	5098	1	-1	-1	-1
4955	4957	5102	1	-1	-1	-1
4955	5103	4956	1	-1	-1	-1
4910	5054	5052	1	-1	-1	-1
5054	4910	5053	1	-1	-1	-1
5055	5053	4911	1	-1	-1	-1
4958	5105	4957	1	-1	-1	-1
4951	4973	5101	3	-1	-1	-1
4963	5105	4958	1	-1	-1	-1
4959	5107	4960	1	-1	-1	-1
4913	5056	5057	1	-1	-1	-1
5106	4959	4962	1	-1	-1	-1
4914	5057	5058	1	-1	-1	-1
4960	5108	4963	1	-1	-1	-1
4962	4961	5111	1	-1	-1	-1
5060	4916	5059	1	-1	-1	-1
5058	5061	4917	1	-1	-1	-1
4966	5110	4961	1	-1	-1	-1
5059	4917	5062	1	-1	-1	-1
5062	4917	5061	1	-1	-1	-1
5060	5063	4919	1	-1	-1	-1
5116	4964	4965	1	-1	-1	-1
5013	5023	5011	1	-1	-1	-1
4964	5116	4967	1	-1	-1	-1
5064	4920	5063	1	-1	-1	-1
4925	5068	5056	1	-1	-1	-1
5101	4973	4976	3	-1	-1	-1
5117	4965	4968	1	-1	-1	-1
4966	4967	5119	1	-1	-1	-1
4923	5065	5066	1	-1	-1	-1
4923	5066	5067	1	-1	-1	-1
4924	5067	5069	1	-1	-1	-1
5072	5065	4926	1	-1	-1	-1
4924	5071	5068	1	-1	-1	-1
5069	5070	4924	1	-1	-1	-1
5070	5071	4924	1	-1	-1	-1
5073	5072	4927	1	-1	-1	-1
4976	4975	5124	3	-1	-1	-1
4930	5075	5073	1	-1	-1	-1
5075	4930	5074	1	-1	-1	-1
5076	5074	4931	1	-1	-1	-1
4978	5126	4979	1	-1	-1	-1
4931	5077	5076	1	-1	-1	-1
4981	5126	4978	1	-1	-1	-1
4975	4988	5124	3	-1	-1	-1
4934	5078	5077	1	-1	-1	-1
4980	5129	4982	1	-1	-1	-1
5129	4980	4983	1	-1	-1	-1
4979	5127	4986	1	-1	-1	-1
4982	5130	4981	1	-1	-1	-1
4935	5079	5080	3	-1	-1	-1
4935	5080	5081	3	-1	-1	-1
4936	5082	5079	3	-1	-1	-1
5132	4983	4984	1	-1	-1	-1
4936	5083	5082	3	-1	-1	-1
5081	5085	4937	3	-1	-1	-1
5085	5084	4937	3	-1	-1	-1
4986	5135	4985	1	-1	-1	-1
5135	4987	4985	1	-1	-1	-1
5028	5055	5025	1	-1	-1	-1
5134	4984	4990	1	-1	-1	-1
5087	4938	5084	3	-1	-1	-1
5087	5086	4938	3	-1	-1	-1
4938	5086	5088	3	-1	-1	-1
5139	4988	4987	3	-1	-1	-1
5088	5089	4939	3	-1	-1	-1
5140	4990	4989	1	-1	-1	-1
5140	4989	4991	1	-1	-1	-1
4942	5091	5090	3	-1	-1	-1
4991	4992	5142	1	-1	-1	-1
5092	5091	4943	3	-1	-1	-1
4944	5089	5094	3	-1	-1	-1
5093	5092	4943	3	-1	-1	-1
5096	4945	5090	1	-1	-1	-1
4944	5094	5093	3	-1	-1	-1
4949	5100	5083	3	-1	-1	-1
5145	4994	4993	1	-1	-1	-1
5145	4995	4994	1	-1	-1	-1
4945	5096	5095	1	-1	-1	-1
5104	5078	4956	1	-1	-1	-1
4946	5095	5097	1	-1	-1	-1
4995	5145	4999	1	-1	-1	-1
4997	5146	4998	1	-1	-1	-1
5007	5143	4992	1	-1	-1	-1
5000	5146	4997	1	-1	-1	-1
5097	5099	4948	1	-1	-1	-1
5098	4948	5099	1	-1	-1	-1
4998	5147	5002	1	-1	-1	-1
4999	5149	5000	1	-1	-1	-1
4951	5101	5100	3	-1	-1	-1
5005	5002	5152	1	-1	-1	-1
4955	5102	5103	1	-1	-1	-1
5003	5004	5153	1	-1	-1	-1
5154	5004	5005	1	-1	-1	-1
5103	5104	4956	1	-1	-1	-1
5105	5102	4957	1	-1	-1	-1
5009	5003	5153	1	-1	-1	-1
5156	5006	5008	1	-1	-1	-1
5007	5006	5157	1	-1	-1	-1
5106	5107	4959	1	-1	-1	-1
5156	5008	5010	1	-1	-1	-1
5109	4960	5107	1	-1	-1	-1
5109	5108	4960	1	-1	-1	-1
5009	5158	5010	1	-1	-1	-1
4962	5113	5106	1	-1	-1	-1
5105	4963	5114	1	-1	-1	-1
5111	4961	5110	1	-1	-1	-1
5111	5112	4962	1	-1	-1	-1
5013	5012	5161	1	-1	-1	-1
5115	4963	5108	1	-1	-1	-1
4962	5112	5113	1	-1	-1	-1
5012	5014	5161	1	-1	-1	-1
4968	5098	5122	1	-1	-1	-1
5115	5114	4963	1	-1	-1	-1
5014	5015	5165	1	-1	-1	-1
5110	4966	5118	1	-1	-1	-1
5016	5166	5015	1	-1	-1	-1
5117	5116	4965	1	-1	-1	-1
5163	5023	5013	1	-1	-1	-1
5101	4976	5125	3	-1	-1	-1
5119	5118	4966	1	-1	-1	-1
5017	5018	5168	1	-1	-1	-1
5021	5167	5016	1	-1	-1	-1
5121	4967	5116	1	-1	-1	-1
5119	4967	5120	1	-1	-1	-1
5019	5170	5018	1	-1	-1	-1
5017	5169	5021	1	-1	-1	-1
4967	5121	5120	1	-1	-1	-1
4968	5123	5117	1	-1	-1	-1
5171	5019	5020	1	-1	-1	-1
5163	5024	5023	1	-1	-1	-1
5020	5022	5171	1	-1	-1	-1
4968	5122	5123	1	-1	-1	-1
4976	5124	5125	3	-1	-1	-1
5027	5174	5026	1	-1	-1	-1
5175	5028	5026	1	-1	-1	-1
5173	5033	5024	1	-1	-1	-1
5029	5176	5027	1	-1	-1	-1
4979	5126	5128	1	-1	-1	-1
5127	4979	5128	1	-1	-1	-1
5030	5178	5029	1	-1	-1	-1
5130	5126	4981	1	-1	-1	-1
5032	5179	5030	1	-1	-1	-1
5131	4982	5129	1	-1	-1	-1
5031	5180	5032	1	-1	-1	-1
5131	5130	4982	1	-1	-1	-1
5129	4983	5132	1	-1	-1	-1
5180	5031	5034	1	-1	-1	-1
5136	4986	5127	1	-1	-1	-1
5132	4984	5133	1	-1	-1	-1
5033	5183	5034	1	-1	-1	-1
5139	5124	4988	3	-1	-1	-1
4984	5134	5133	1	-1	-1	-1
5172	5022	5064	1	-1	-1	-1
5135	4986	5137	1	-1	-1	-1
5137	4986	5136	1	-1	-1	-1
5039	5185	5035	1	-1	-1	-1
4987	5135	5138	3	-1	-1	-1
5055	5028	5177	1	-1	-1	-1
5036	5037	5187	1	-1	-1	-1
5185	5039	5038	1	-1	-1	-1
5036	5188	5038	1	-1	-1	-1
5139	4987	5138	3	-1	-1	-1
5134	4990	5141	1	-1	-1	-1
5140	5141	4990	1	-1	-1	-1
5191	5041	5040	1	-1	-1	-1
5189	5037	5047	1	-1	-1	-1
5140	4991	5142	1	-1	-1	-1
5192	5042	5041	1	-1	-1	-1
5040	5045	5191	1	-1	-1	-1
5143	5142	4992	1	-1	-1	-1
5043	5042	5193	1	-1	-1	-1
4993	5144	5145	1	-1	-1	-1
5045	5044	5196	1	-1	-1	-1
5195	5051	5043	1	-1	-1	-1
5197	5047	5046	1	-1	-1	-1
4998	5146	5147	1	-1	-1	-1
5148	4999	5145	1	-1	-1	-1
5052	5196	5044	1	-1	-1	-1
5050	5197	5046	1	-1	-1	-1
5049	5048	5198	1	-1	-1	-1
5146	5000	5150	1	-1	-1	-1
4999	5148	5149	1	-1	-1	-1
5051	5198	5048	1	-1	-1	-1
5049	5199	5050	1	-1	-1	-1
5150	5000	5149	1	-1	-1	-1
5002	5147	5151	1	-1	-1	-1
5152	5002	5151	1	-1	-1	-1
5007	5157	5143	1	-1	-1	-1
5052	5054	5204	1	-1	-1	-1
5152	5154	5005	1	-1	-1	-1
5054	5053	5205	1	-1	-1	-1
5004	5155	5153	1	-1	-1	-1
5055	5205	5053	1	-1	-1	-1
5155	5004	5154	1	-1	-1	-1
5157	5006	5156	1	-1	-1	-1
5207	5057	5056	1	-1	-1	-1
5158	5009	5153	1	-1	-1	-1
5057	5208	5058	1	-1	-1	-1
5159	5156	5010	1	-1	-1	-1
5160	5010	5158	1	-1	-1	-1
5210	5061	5058	1	-1	-1	-1
5010	5160	5159	1	-1	-1	-1
5060	5059	5211	1	-1	-1	-1
5068	5207	5056	1	-1	-1	-1
5059	5062	5212	1	-1	-1	-1
5063	5060	5213	1	-1	-1	-1
5013	5161	5162	1	-1	-1	-1
5214	5062	5061	1	-1	-1	-1
5162	5163	5013	1	-1	-1	-1
5164	5161	5014	1	-1	-1	-1
5063	5216	5064	1	-1	-1	-1
5165	5164	5014	1	-1	-1	-1
5015	5166	5165	1	-1	-1	-1
5207	5068	5071	1	-1	-1	-1
5217	5066	5065	1	-1	-1	-1
5016	5167	5166	1	-1	-1	-1
5219	5067	5066	1	-1	-1	-1
5117	5121	5116	1	-1	-1	-1
5017	5168	5169	1	-1	-1	-1
5072	5218	5065	1	-1	-1	-1
5219	5069	5067	1	-1	-1	-1
5168	5018	5170	1	-1	-1	-1
5169	5167	5021	1	-1	-1	-1
5069	5220	5070	1	-1	-1	-1
5024	5163	5173	1	-1	-1	-1
5170	5019	5171	1	-1	-1	-1
5071	5070	5221	1	-1	-1	-1
5171	5022	5172	1	-1	-1	-1
5073	5224	5072	1	-1	-1	-1
5075	5224	5073	1	-1	-1	-1
5074	5225	5075	1	-1	-1	-1
5026	5174	5175	1	-1	-1	-1
5074	5076	5225	1	-1	-1	-1
5027	5176	5174	1	-1	-1	-1
5028	5175	5177	1	-1	-1	-1
5077	5228	5076	1	-1	-1	-1
5178	5176	5029	1	-1	-1	-1
5078	5229	5077	1	-1	-1	-1
5179	5178	5030	1	-1	-1	-1
5079	5230	5080	3	-1	-1	-1
5033	5173	5184	1	-1	-1	-1
5230	5079	5082	3	-1	-1	-1
5179	5032	5181	1	-1	-1	-1
5232	5081	5080	1	-1	-1	-1
5180	5182	5032	1	-1	-1	-1
5032	5182	5181	1	-1	-1	-1
5034	5183	5180	1	-1	-1	-1
5085	5081	5233	1	-1	-1	-1
5033	5184	5183	1	-1	-1	-1
5083	5236	5082	3	-1	-1	-1
5239	5084	5085	3	-1	-1	-1
5187	5186	5036	1	-1	-1	-1
5084	5239	5087	3	-1	-1	-1
5186	5188	5036	1	-1	-1	-1
5229	5078	5104	1	-1	-1	-1
5190	5185	5038	1	-1	-1	-1
5037	5189	5187	1	-1	-1	-1
5086	5241	5088	3	-1	-1	-1
5038	5188	5190	1	-1	-1	-1
5243	5086	5087	3	-1	-1	-1
5100	5238	5083	3	-1	-1	-1
5245	5089	5088	3	-1	-1	-1
5192	5041	5191	1	-1	-1	-1
5192	5194	5042	1	-1	-1	-1
5090	5091	5247	3	-1	-1	-1
5089	5245	5094	3	-1	-1	-1
5193	5042	5194	1	-1	-1	-1
5092	5248	5091	3	-1	-1	-1
5043	5193	5195	1	-1	-1	-1
5045	5196	5191	1	-1	-1	-1
5197	5189	5047	1	-1	-1	-1
5247	5096	5090	3	-1	-1	-1
5249	5092	5093	3	-1	-1	-1
5055	5177	5205	1	-1	-1	-1
5093	5094	5251	3	-1	-1	-1
5100	5101	5238	3	-1	-1	-1
5150	5147	5146	1	-1	-1	-1
5096	5252	5095	1	-1	-1	-1
5097	5095	5252	1	-1	-1	-1
5198	5200	5049	1	-1	-1	-1
5195	5202	5051	1	-1	-1	-1
5200	5199	5049	1	-1	-1	-1
5197	5050	5201	1	-1	-1	-1
5050	5199	5201	1	-1	-1	-1
5254	5099	5097	1	-1	-1	-1
5052	5203	5196	1	-1	-1	-1
5202	5198	5051	1	-1	-1	-1
5172	5064	5216	1	-1	-1	-1
5255	5098	5099	1	-1	-1	-1
5203	5052	5204	1	-1	-1	-1
5103	5102	5256	1	-1	-1	-1
5102	5105	5256	1	-1	-1	-1
5104	5103	5257	1	-1	-1	-1
5101	5125	5238	3	-1	-1	-1
5054	5206	5204	1	-1	-1	-1
5205	5206	5054	1	-1	-1	-1
5153	5155	5158	1	-1	-1	-1
5259	5107	5106	1	-1	-1	-1
5208	5057	5207	1	-1	-1	-1
5209	5058	5208	1	-1	-1	-1
5256	5105	5114	1	-1	-1	-1
5255	5122	5098	1	-1	-1	-1
5107	5260	5109	1	-1	-1	-1
5210	5058	5209	1	-1	-1	-1
5259	5106	5113	1	-1	-1	-1
5109	5261	5108	1	-1	-1	-1
5212	5211	5059	1	-1	-1	-1
5111	5110	5262	1	-1	-1	-1
5108	5261	5115	1	-1	-1	-1
5060	5211	5213	1	-1	-1	-1
5214	5061	5210	1	-1	-1	-1
5111	5263	5112	1	-1	-1	-1
5214	5212	5062	1	-1	-1	-1
5113	5112	5264	1	-1	-1	-1
5262	5110	5118	1	-1	-1	-1
5063	5213	5215	1	-1	-1	-1
5063	5215	5216	1	-1	-1	-1
5114	5115	5267	1	-1	-1	-1
5217	5065	5218	1	-1	-1	-1
5207	5071	5223	1	-1	-1	-1
5217	5219	5066	1	-1	-1	-1
5219	5220	5069	1	-1	-1	-1
5270	5121	5117	1	-1	-1	-1
5118	5119	5272	1	-1	-1	-1
5117	5123	5269	1	-1	-1	-1
5220	5222	5070	1	-1	-1	-1
5221	5070	5222	1	-1	-1	-1
5119	5120	5274	1	-1	-1	-1
5218	5072	5224	1	-1	-1	-1
5071	5221	5223	1	-1	-1	-1
5275	5120	5121	1	-1	-1	-1
5276	5123	5122	1	-1	-1	-1
5075	5226	5224	1	-1	-1	-1
5075	5225	5227	1	-1	-1	-1
5075	5227	5226	1	-1	-1	-1
5125	5124	5279	3	-1	-1	-1
5225	5076	5228	1	-1	-1	-1
5228	5077	5229	1	-1	-1	-1
5280	5128	5126	1	-1	-1	-1
5130	5280	5126	1	-1	-1	-1
5281	5127	5128	1	-1	-1	-1
5080	5230	5231	1	-1	-1	-1
5124	5139	5279	3	-1	-1	-1
5131	5129	5283	1	-1	-1	-1
5231	5232	5080	1	-1	-1	-1
5136	5127	5281	1	-1	-1	-1
5132	5284	5129	1	-1	-1	-1
5233	5081	5232	1	-1	-1	-1
5082	5235	5230	3	-1	-1	-1
5130	5131	5286	1	-1	-1	-1
5235	5082	5234	3	-1	-1	-1
5082	5236	5234	3	-1	-1	-1
5132	5133	5288	1	-1	-1	-1
5237	5236	5083	3	-1	-1	-1
5289	5133	5134	1	-1	-1	-1
5240	5085	5233	1	-1	-1	-1
5083	5238	5237	3	-1	-1	-1
5239	5085	5240	1	-1	-1	-1
5135	5137	5292	3	-1	-1	-1
5135	5292	5138	3	-1	-1	-1
5293	5137	5136	1	-1	-1	-1
5141	5291	5134	1	-1	-1	-1
5086	5242	5241	3	-1	-1	-1
5239	5244	5087	3	-1	-1	-1
5243	5242	5086	3	-1	-1	-1
5139	5138	5296	3	-1	-1	-1
5087	5244	5243	3	-1	-1	-1
5241	5246	5088	3	-1	-1	-1
5088	5246	5245	3	-1	-1	-1
5299	5141	5140	1	-1	-1	-1
5140	5142	5300	1	-1	-1	-1
5142	5143	5301	1	-1	-1	-1
5091	5248	5247	3	-1	-1	-1
5094	5245	5251	3	-1	-1	-1
5248	5092	5250	3	-1	-1	-1
5092	5249	5250	3	-1	-1	-1
5258	5229	5104	1	-1	-1	-1
5249	5093	5251	3	-1	-1	-1
5144	5304	5145	1	-1	-1	-1
5247	5253	5096	3	-1	-1	-1
5145	5304	5148	1	-1	-1	-1
5252	5096	5253	3	-1	-1	-1
5150	5305	5147	1	-1	-1	-1
5143	5157	5302	1	-1	-1	-1
5305	5151	5147	1	-1	-1	-1
5097	5252	5254	1	-1	-1	-1
5148	5307	5149	1	-1	-1	-1
5149	5308	5150	1	-1	-1	-1
5254	5255	5099	1	-1	-1	-1
5151	5310	5152	1	-1	-1	-1
5256	5257	5103	1	-1	-1	-1
5154	5152	5311	1	-1	-1	-1
5257	5258	5104	1	-1	-1	-1
5155	5154	5312	1	-1	-1	-1
5259	5260	5107	1	-1	-1	-1
5314	5158	5155	1	-1	-1	-1
5315	5157	5156	1	-1	-1	-1
5109	5260	5261	1	-1	-1	-1
5159	5315	5156	1	-1	-1	-1
5317	5160	5158	1	-1	-1	-1
5211	5212	5213	1	-1	-1	-1
5263	5111	5262	1	-1	-1	-1
5256	5114	5267	1	-1	-1	-1
5159	5160	5318	1	-1	-1	-1
5113	5266	5259	1	-1	-1	-1
5264	5112	5263	1	-1	-1	-1
5125	5279	5238	3	-1	-1	-1
5264	5265	5113	1	-1	-1	-1
5320	5162	5161	1	-1	-1	-1
5265	5266	5113	1	-1	-1	-1
5268	5115	5261	1	-1	-1	-1
5161	5164	5320	1	-1	-1	-1
5163	5162	5321	1	-1	-1	-1
5268	5267	5115	1	-1	-1	-1
5322	5164	5165	1	-1	-1	-1
5118	5271	5262	1	-1	-1	-1
5122	5255	5276	1	-1	-1	-1
5324	5165	5166	1	-1	-1	-1
5269	5270	5117	1	-1	-1	-1
5163	5321	5173	1	-1	-1	-1
5167	5324	5166	1	-1	-1	-1
5169	5324	5167	1	-1	-1	-1
5271	5118	5272	1	-1	-1	-1
5168	5170	5325	1	-1	-1	-1
5169	5168	5326	1	-1	-1	-1
5273	5272	5119	1	-1	-1	-1
5274	5273	5119	1	-1	-1	-1
5275	5121	5270	1	-1	-1	-1
5328	5170	5171	1	-1	-1	-1
5120	5275	5274	1	-1	-1	-1
5123	5278	5269	1	-1	-1	-1
5328	5171	5172	1	-1	-1	-1
5123	5276	5277	1	-1	-1	-1
5278	5123	5277	1	-1	-1	-1
5228	5227	5225	1	-1	-1	-1
5331	5175	5174	1	-1	-1	-1
5177	5175	5332	1	-1	-1	-1
5176	5331	5174	1	-1	-1	-1
5330	5184	5173	1	-1	-1	-1
5334	5176	5178	1	-1	-1	-1
5280	5282	5128	1	-1	-1	-1
5282	5281	5128	1	-1	-1	-1
5336	5178	5179	1	-1	-1	-1
5285	5280	5130	1	-1	-1	-1
5181	5336	5179	1	-1	-1	-1
5283	5129	5284	1	-1	-1	-1
5337	5182	5180	1	-1	-1	-1
5180	5183	5337	1	-1	-1	-1
5285	5130	5286	1	-1	-1	-1
5338	5181	5182	1	-1	-1	-1
5283	5287	5131	1	-1	-1	-1
5286	5131	5287	1	-1	-1	-1
5288	5284	5132	1	-1	-1	-1
5183	5184	5341	1	-1	-1	-1
5293	5136	5281	1	-1	-1	-1
5290	5288	5133	1	-1	-1	-1
5289	5290	5133	1	-1	-1	-1
5289	5134	5291	1	-1	-1	-1
5297	5279	5139	3	-1	-1	-1
5335	5205	5177	1	-1	-1	-1
5329	5172	5216	1	-1	-1	-1
5185	5190	5343	1	-1	-1	-1
5188	5186	5344	1	-1	-1	-1
5186	5187	5345	1	-1	-1	-1
5345	5187	5189	1	-1	-1	-1
5294	5292	5137	3	-1	-1	-1
5137	5293	5294	3	-1	-1	-1
5190	5188	5346	1	-1	-1	-1
5295	5138	5292	3	-1	-1	-1
5138	5295	5296	3	-1	-1	-1
5141	5299	5291	1	-1	-1	-1
5296	5297	5139	3	-1	-1	-1
5191	5349	5192	1	-1	-1	-1
5189	5197	5347	1	-1	-1	-1
5349	5191	5196	1	-1	-1	-1
5350	5194	5192	1	-1	-1	-1
5299	5140	5298	1	-1	-1	-1
5140	5300	5298	1	-1	-1	-1
5352	5193	5194	1	-1	-1	-1
5195	5193	5352	1	-1	-1	-1
5300	5142	5301	1	-1	-1	-1
5206	5205	5335	1	-1	-1	-1
5301	5143	5302	1	-1	-1	-1
5196	5203	5349	1	-1	-1	-1
5202	5195	5354	1	-1	-1	-1
5231	5288	5232	1	-1	-1	-1
5144	5303	5304	1	-1	-1	-1
5197	5201	5355	1	-1	-1	-1
5356	5200	5198	1	-1	-1	-1
5233	5232	5290	1	-1	-1	-1
5199	5200	5357	1	-1	-1	-1
5202	5356	5198	1	-1	-1	-1
5201	5199	5357	1	-1	-1	-1
5306	5148	5304	1	-1	-1	-1
5307	5148	5306	1	-1	-1	-1
5309	5305	5150	1	-1	-1	-1
5307	5308	5149	1	-1	-1	-1
5151	5305	5310	1	-1	-1	-1
5309	5150	5308	1	-1	-1	-1
5203	5204	5362	1	-1	-1	-1
5152	5310	5311	1	-1	-1	-1
5363	5204	5206	1	-1	-1	-1
5302	5157	5316	1	-1	-1	-1
5311	5312	5154	1	-1	-1	-1
5207	5365	5208	1	-1	-1	-1
5312	5313	5155	1	-1	-1	-1
5155	5313	5314	1	-1	-1	-1
5208	5366	5209	1	-1	-1	-1
5209	5368	5210	1	-1	-1	-1
5316	5157	5315	1	-1	-1	-1
5158	5314	5317	1	-1	-1	-1
5159	5318	5315	1	-1	-1	-1
5210	5369	5214	1	-1	-1	-1
5365	5207	5223	1	-1	-1	-1
5212	5214	5370	1	-1	-1	-1
5371	5213	5212	1	-1	-1	-1
5317	5319	5160	1	-1	-1	-1
5319	5318	5160	1	-1	-1	-1
5215	5213	5371	1	-1	-1	-1
5321	5162	5320	1	-1	-1	-1
5215	5374	5216	1	-1	-1	-1
5322	5320	5164	1	-1	-1	-1
5288	5290	5232	1	-1	-1	-1
5322	5165	5323	1	-1	-1	-1
5376	5219	5217	1	-1	-1	-1
5324	5323	5165	1	-1	-1	-1
5377	5217	5218	1	-1	-1	-1
5220	5219	5376	1	-1	-1	-1
5325	5326	5168	1	-1	-1	-1
5327	5324	5169	1	-1	-1	-1
5379	5218	5224	1	-1	-1	-1
5326	5327	5169	1	-1	-1	-1
5220	5380	5222	1	-1	-1	-1
5325	5170	5328	1	-1	-1	-1
5221	5222	5381	1	-1	-1	-1
5321	5330	5173	1	-1	-1	-1
5381	5223	5221	1	-1	-1	-1
5224	5226	5379	1	-1	-1	-1
5329	5328	5172	1	-1	-1	-1
5384	5226	5227	1	-1	-1	-1
5333	5175	5331	1	-1	-1	-1
5175	5333	5332	1	-1	-1	-1
5228	5385	5227	1	-1	-1	-1
5176	5334	5331	1	-1	-1	-1
5386	5228	5229	1	-1	-1	-1
5332	5335	5177	1	-1	-1	-1
5334	5178	5336	1	-1	-1	-1
5231	5230	5388	1	-1	-1	-1
5235	5388	5230	1	-1	-1	-1
5339	5336	5181	1	-1	-1	-1
5342	5184	5330	1	-1	-1	-1
5181	5338	5339	1	-1	-1	-1
5337	5340	5182	1	-1	-1	-1
5338	5182	5340	1	-1	-1	-1
5235	5234	5391	3	-1	-1	-1
5390	5234	5236	3	-1	-1	-1
5337	5183	5341	1	-1	-1	-1
5389	5240	5233	1	-1	-1	-1
5237	5393	5236	3	-1	-1	-1
5184	5342	5341	1	-1	-1	-1
5238	5394	5237	3	-1	-1	-1
5258	5386	5229	1	-1	-1	-1
5186	5345	5344	1	-1	-1	-1
5239	5240	5396	1	-1	-1	-1
5346	5188	5344	1	-1	-1	-1
5396	5244	5239	1	-1	-1	-1
5242	5397	5241	3	-1	-1	-1
5343	5190	5348	1	-1	-1	-1
5189	5347	5345	1	-1	-1	-1
5241	5397	5246	3	-1	-1	-1
5348	5190	5346	1	-1	-1	-1
5243	5400	5242	3	-1	-1	-1
5402	5243	5244	3	-1	-1	-1
5351	5192	5349	1	-1	-1	-1
5350	5192	5351	1	-1	-1	-1
5246	5404	5245	3	-1	-1	-1
5350	5353	5194	1	-1	-1	-1
5352	5194	5353	1	-1	-1	-1
5347	5197	5355	1	-1	-1	-1
5245	5404	5251	3	-1	-1	-1
5195	5352	5354	1	-1	-1	-1
5407	5247	5248	3	-1	-1	-1
5206	5335	5364	1	-1	-1	-1
5408	5248	5250	3	-1	-1	-1
5407	5253	5247	3	-1	-1	-1
5388	5288	5231	1	-1	-1	-1
5409	5250	5249	3	-1	-1	-1
5251	5409	5249	3	-1	-1	-1
5394	5238	5279	3	-1	-1	-1
5233	5290	5389	1	-1	-1	-1
5357	5355	5201	1	-1	-1	-1
5304	5303	5306	1	-1	-1	-1
5361	5349	5203	1	-1	-1	-1
5200	5356	5358	1	-1	-1	-1
5358	5357	5200	1	-1	-1	-1
5253	5411	5252	3	-1	-1	-1
5202	5354	5360	1	-1	-1	-1
5356	5202	5359	1	-1	-1	-1
5254	5252	5411	3	-1	-1	-1
5216	5375	5329	1	-1	-1	-1
5254	5411	5255	1	-1	-1	-1
5202	5360	5359	1	-1	-1	-1
5412	5257	5256	1	-1	-1	-1
5361	5203	5362	1	-1	-1	-1
5257	5413	5258	1	-1	-1	-1
5204	5363	5362	1	-1	-1	-1
5364	5363	5206	1	-1	-1	-1
5412	5256	5267	1	-1	-1	-1
5416	5260	5259	1	-1	-1	-1
5253	5407	5277	3	-1	-1	-1
5208	5365	5366	1	-1	-1	-1
5261	5260	5419	1	-1	-1	-1
5277	5411	5253	3	-1	-1	-1
5259	5266	5417	1	-1	-1	-1
5411	5276	5255	1	-1	-1	-1
5209	5366	5367	1	-1	-1	-1
5209	5367	5368	1	-1	-1	-1
5421	5263	5262	1	-1	-1	-1
5369	5210	5368	1	-1	-1	-1
5420	5268	5261	1	-1	-1	-1
5264	5263	5423	1	-1	-1	-1
5265	5264	5424	1	-1	-1	-1
5372	5212	5370	1	-1	-1	-1
5421	5262	5271	1	-1	-1	-1
5371	5212	5372	1	-1	-1	-1
5369	5373	5214	1	-1	-1	-1
5373	5370	5214	1	-1	-1	-1
5266	5265	5426	1	-1	-1	-1
5284	5392	5283	1	-1	-1	-1
5284	5288	5388	1	-1	-1	-1
5371	5374	5215	1	-1	-1	-1
5278	5277	5407	3	-1	-1	-1
5427	5267	5268	1	-1	-1	-1
5411	5277	5276	1	-1	-1	-1
5216	5374	5375	1	-1	-1	-1
5429	5270	5269	1	-1	-1	-1
5376	5217	5377	1	-1	-1	-1
5297	5394	5279	3	-1	-1	-1
5365	5223	5383	1	-1	-1	-1
5378	5377	5218	1	-1	-1	-1
5270	5430	5275	1	-1	-1	-1
5218	5379	5378	1	-1	-1	-1
5272	5432	5271	1	-1	-1	-1
5429	5269	5278	1	-1	-1	-1
5380	5220	5376	1	-1	-1	-1
5273	5435	5272	1	-1	-1	-1
5274	5436	5273	1	-1	-1	-1
5222	5380	5382	1	-1	-1	-1
5436	5274	5275	1	-1	-1	-1
5381	5222	5382	1	-1	-1	-1
5381	5383	5223	1	-1	-1	-1
5226	5384	5379	1	-1	-1	-1
5227	5385	5384	1	-1	-1	-1
5437	5282	5280	1	-1	-1	-1
5228	5387	5385	1	-1	-1	-1
5387	5228	5386	1	-1	-1	-1
5282	5438	5281	1	-1	-1	-1
5280	5285	5437	1	-1	-1	-1
5438	5293	5281	1	-1	-1	-1
5439	5287	5283	1	-1	-1	-1
5391	5234	5390	3	-1	-1	-1
5286	5441	5285	1	-1	-1	-1
5287	5442	5286	1	-1	-1	-1
5392	5388	5235	1	-1	-1	-1
5235	5391	5392	1	-1	-1	-1
5390	5236	5393	3	-1	-1	-1
5289	5443	5290	1	-1	-1	-1
5289	5291	5444	1	-1	-1	-1
5389	5396	5240	1	-1	-1	-1
5393	5237	5395	3	-1	-1	-1
5394	5395	5237	3	-1	-1	-1
5292	5294	5447	3	-1	-1	-1
5292	5447	5295	3	-1	-1	-1
5294	5293	5448	3	-1	-1	-1
5291	5299	5445	1	-1	-1	-1
5242	5399	5397	3	-1	-1	-1
5399	5242	5398	3	-1	-1	-1
5242	5400	5398	3	-1	-1	-1
5295	5451	5296	3	-1	-1	-1
5244	5396	5403	1	-1	-1	-1
5401	5400	5243	3	-1	-1	-1
5297	5296	5452	3	-1	-1	-1
5401	5243	5402	3	-1	-1	-1
5397	5405	5246	3	-1	-1	-1
5403	5402	5244	1	-1	-1	-1
5299	5298	5454	1	-1	-1	-1
5453	5298	5300	1	-1	-1	-1
5301	5455	5300	1	-1	-1	-1
5404	5246	5406	3	-1	-1	-1
5405	5406	5246	3	-1	-1	-1
5386	5258	5414	1	-1	-1	-1
5302	5456	5301	1	-1	-1	-1
5349	5361	5351	1	-1	-1	-1
5248	5408	5407	3	-1	-1	-1
5404	5409	5251	3	-1	-1	-1
5392	5284	5388	1	-1	-1	-1
5410	5408	5250	3	-1	-1	-1
5459	5306	5303	1	-1	-1	-1
5250	5409	5410	3	-1	-1	-1
5460	5305	5309	1	-1	-1	-1
5307	5306	5461	1	-1	-1	-1
5305	5460	5310	1	-1	-1	-1
5302	5316	5457	1	-1	-1	-1
5307	5463	5308	1	-1	-1	-1
5463	5309	5308	1	-1	-1	-1
5311	5310	5460	1	-1	-1	-1
5412	5413	5257	1	-1	-1	-1
5258	5413	5415	1	-1	-1	-1
5394	5297	5395	3	-1	-1	-1
5258	5415	5414	1	-1	-1	-1
5312	5311	5466	1	-1	-1	-1
5467	5313	5312	1	-1	-1	-1
5278	5407	5408	3	-1	-1	-1
5259	5418	5416	1	-1	-1	-1
5418	5259	5417	1	-1	-1	-1
5260	5416	5419	1	-1	-1	-1
5469	5314	5313	1	-1	-1	-1
5419	5420	5261	1	-1	-1	-1
5471	5317	5314	1	-1	-1	-1
5472	5316	5315	1	-1	-1	-1
5315	5318	5472	1	-1	-1	-1
5263	5421	5422	1	-1	-1	-1
5427	5412	5267	1	-1	-1	-1
5263	5422	5423	1	-1	-1	-1
5473	5319	5317	1	-1	-1	-1
5266	5426	5417	1	-1	-1	-1
5474	5318	5319	1	-1	-1	-1
5425	5264	5423	1	-1	-1	-1
5424	5264	5425	1	-1	-1	-1
5439	5283	5392	1	-1	-1	-1
5383	5366	5365	1	-1	-1	-1
5429	5278	5408	3	-1	-1	-1
5265	5424	5426	1	-1	-1	-1
5268	5420	5428	1	-1	-1	-1
5321	5320	5477	1	-1	-1	-1
5320	5322	5478	1	-1	-1	-1
5290	5443	5389	1	-1	-1	-1
5427	5268	5428	1	-1	-1	-1
5322	5323	5480	1	-1	-1	-1
5271	5433	5421	1	-1	-1	-1
5321	5477	5330	1	-1	-1	-1
5324	5481	5323	1	-1	-1	-1
5270	5429	5431	1	-1	-1	-1
5431	5430	5270	1	-1	-1	-1
5481	5324	5327	1	-1	-1	-1
5326	5325	5483	1	-1	-1	-1
5432	5433	5271	1	-1	-1	-1
5328	5484	5325	1	-1	-1	-1
5272	5434	5432	1	-1	-1	-1
5326	5485	5327	1	-1	-1	-1
5435	5434	5272	1	-1	-1	-1
5436	5275	5430	1	-1	-1	-1
5395	5297	5452	3	-1	-1	-1
5328	5329	5487	1	-1	-1	-1
5435	5273	5436	1	-1	-1	-1
5331	5490	5333	1	-1	-1	-1
5490	5331	5334	1	-1	-1	-1
5332	5333	5491	1	-1	-1	-1
5282	5437	5438	1	-1	-1	-1
5332	5492	5335	1	-1	-1	-1
5330	5489	5342	1	-1	-1	-1
5285	5440	5437	1	-1	-1	-1
5494	5334	5336	1	-1	-1	-1
5440	5285	5441	1	-1	-1	-1
5287	5439	5442	1	-1	-1	-1
5442	5441	5286	1	-1	-1	-1
5336	5339	5496	1	-1	-1	-1
5340	5337	5497	1	-1	-1	-1
5338	5498	5339	1	-1	-1	-1
5497	5337	5341	1	-1	-1	-1
5289	5444	5443	1	-1	-1	-1
5498	5338	5340	1	-1	-1	-1
5293	5438	5448	3	-1	-1	-1
5444	5291	5446	1	-1	-1	-1
5445	5446	5291	1	-1	-1	-1
5341	5342	5500	1	-1	-1	-1
5387	5386	5414	1	-1	-1	-1
5447	5294	5449	3	-1	-1	-1
5448	5449	5294	3	-1	-1	-1
5492	5364	5335	1	-1	-1	-1
5450	5295	5447	3	-1	-1	-1
5329	5375	5488	1	-1	-1	-1
5345	5504	5344	1	-1	-1	-1
5348	5503	5343	1	-1	-1	-1
5505	5346	5344	1	-1	-1	-1
5451	5295	5450	3	-1	-1	-1
5454	5445	5299	1	-1	-1	-1
5506	5345	5347	1	-1	-1	-1
5451	5452	5296	3	-1	-1	-1
5346	5507	5348	1	-1	-1	-1
5454	5298	5453	1	-1	-1	-1
5300	5455	5453	1	-1	-1	-1
5355	5508	5347	1	-1	-1	-1
5350	5351	5509	1	-1	-1	-1
5301	5456	5455	1	-1	-1	-1
5509	5353	5350	1	-1	-1	-1
5302	5457	5456	1	-1	-1	-1
5511	5352	5353	1	-1	-1	-1
5352	5511	5354	1	-1	-1	-1
5409	5404	5406	3	-1	-1	-1
5458	5459	5303	1	-1	-1	-1
5392	5391	5439	1	-1	-1	-1
5361	5510	5351	1	-1	-1	-1
5406	5410	5409	3	-1	-1	-1
5511	5360	5354	1	-1	-1	-1
5461	5306	5459	1	-1	-1	-1
5515	5355	5357	1	-1	-1	-1
5461	5462	5307	1	-1	-1	-1
5516	5358	5356	1	-1	-1	-1
5359	5516	5356	1	-1	-1	-1
5517	5357	5358	1	-1	-1	-1
5462	5463	5307	1	-1	-1	-1
5465	5460	5309	1	-1	-1	-1
5309	5463	5464	1	-1	-1	-1
5360	5518	5359	1	-1	-1	-1
5466	5311	5460	1	-1	-1	-1
5465	5309	5464	1	-1	-1	-1
5520	5361	5362	1	-1	-1	-1
5316	5472	5457	1	-1	-1	-1
5363	5521	5362	1	-1	-1	-1
5468	5312	5466	1	-1	-1	-1
5410	5429	5408	3	-1	-1	-1
5467	5312	5468	1	-1	-1	-1
5364	5522	5363	1	-1	-1	-1
5467	5470	5313	1	-1	-1	-1
5470	5469	5313	1	-1	-1	-1
5469	5471	5314	1	-1	-1	-1
5523	5367	5366	1	-1	-1	-1
5367	5524	5368	1	-1	-1	-1
5471	5473	5317	1	-1	-1	-1
5369	5368	5525	1	-1	-1	-1
5318	5474	5472	1	-1	-1	-1
5319	5473	5475	1	-1	-1	-1
5373	5369	5525	1	-1	-1	-1
5474	5319	5475	1	-1	-1	-1
5370	5373	5527	1	-1	-1	-1
5410	5431	5429	3	-1	-1	-1
5370	5528	5372	1	-1	-1	-1
5366	5383	5523	1	-1	-1	-1
5529	5371	5372	1	-1	-1	-1
5477	5320	5476	1	-1	-1	-1
5371	5529	5374	1	-1	-1	-1
5320	5478	5476	1	-1	-1	-1
5322	5479	5478	1	-1	-1	-1
5480	5479	5322	1	-1	-1	-1
5375	5374	5532	1	-1	-1	-1
5482	5480	5323	1	-1	-1	-1
5323	5481	5482	1	-1	-1	-1
5533	5376	5377	1	-1	-1	-1
5380	5376	5533	1	-1	-1	-1
5377	5378	5535	1	-1	-1	-1
5327	5482	5481	1	-1	-1	-1
5535	5378	5379	1	-1	-1	-1
5484	5483	5325	1	-1	-1	-1
5483	5485	5326	1	-1	-1	-1
5327	5486	5482	1	-1	-1	-1
5489	5330	5477	1	-1	-1	-1
5486	5327	5485	1	-1	-1	-1
5380	5537	5382	1	-1	-1	-1
5484	5328	5487	1	-1	-1	-1
5384	5536	5379	1	-1	-1	-1
5381	5382	5538	1	-1	-1	-1
5381	5538	5383	1	-1	-1	-1
5487	5329	5488	1	-1	-1	-1
5540	5384	5385	1	-1	-1	-1
5387	5540	5385	1	-1	-1	-1
5492	5332	5491	1	-1	-1	-1
5493	5333	5490	1	-1	-1	-1
5333	5493	5491	1	-1	-1	-1
5334	5494	5490	1	-1	-1	-1
5448	5438	5437	1	-1	-1	-1
5437	5440	5448	1	-1	-1	-1
5495	5494	5336	1	-1	-1	-1
5391	5390	5545	3	-1	-1	-1
5495	5336	5496	1	-1	-1	-1
5542	5396	5389	1	-1	-1	-1
5390	5393	5544	3	-1	-1	-1
5441	5449	5440	1	-1	-1	-1
5544	5393	5395	3	-1	-1	-1
5502	5342	5489	1	-1	-1	-1
5499	5496	5339	1	-1	-1	-1
5497	5498	5340	1	-1	-1	-1
5499	5339	5498	1	-1	-1	-1
5449	5448	5440	1	-1	-1	-1
5500	5497	5341	1	-1	-1	-1
5403	5396	5542	1	-1	-1	-1
5541	5387	5414	1	-1	-1	-1
5397	5399	5547	3	-1	-1	-1
5500	5342	5501	1	-1	-1	-1
5501	5342	5502	1	-1	-1	-1
5548	5399	5398	3	-1	-1	-1
5550	5398	5400	3	-1	-1	-1
5397	5547	5405	3	-1	-1	-1
5344	5504	5505	1	-1	-1	-1
5552	5400	5401	3	-1	-1	-1
5506	5504	5345	1	-1	-1	-1
5401	5402	5554	3	-1	-1	-1
5348	5507	5503	1	-1	-1	-1
5507	5346	5505	1	-1	-1	-1
5506	5347	5508	1	-1	-1	-1
5403	5556	5402	1	-1	-1	-1
5405	5558	5406	3	-1	-1	-1
5414	5415	5541	1	-1	-1	-1
5510	5509	5351	1	-1	-1	-1
5353	5509	5512	1	-1	-1	-1
5558	5410	5406	3	-1	-1	-1
5443	5543	5389	1	-1	-1	-1
5439	5391	5546	1	-1	-1	-1
5355	5514	5508	1	-1	-1	-1
5364	5492	5522	1	-1	-1	-1
5353	5513	5511	1	-1	-1	-1
5515	5514	5355	1	-1	-1	-1
5353	5512	5513	1	-1	-1	-1
5560	5413	5412	1	-1	-1	-1
5517	5515	5357	1	-1	-1	-1
5413	5561	5415	1	-1	-1	-1
5360	5511	5519	1	-1	-1	-1
5395	5452	5544	3	-1	-1	-1
5516	5517	5358	1	-1	-1	-1
5466	5460	5465	1	-1	-1	-1
5361	5520	5510	1	-1	-1	-1
5516	5359	5518	1	-1	-1	-1
5532	5488	5375	1	-1	-1	-1
5562	5416	5418	1	-1	-1	-1
5518	5360	5519	1	-1	-1	-1
5419	5416	5562	1	-1	-1	-1
5417	5563	5418	1	-1	-1	-1
5412	5427	5559	1	-1	-1	-1
5410	5558	5431	3	-1	-1	-1
5521	5520	5362	1	-1	-1	-1
5522	5521	5363	1	-1	-1	-1
5567	5420	5419	1	-1	-1	-1
5417	5426	5564	1	-1	-1	-1
5569	5422	5421	1	-1	-1	-1
5523	5524	5367	1	-1	-1	-1
5568	5428	5420	1	-1	-1	-1
5548	5434	5435	1	-1	-1	-1
5572	5423	5422	1	-1	-1	-1
5526	5368	5524	1	-1	-1	-1
5368	5526	5525	1	-1	-1	-1
5423	5573	5425	1	-1	-1	-1
5436	5551	5435	1	-1	-1	-1
5424	5574	5426	1	-1	-1	-1
5575	5424	5425	1	-1	-1	-1
5570	5421	5433	1	-1	-1	-1
5370	5527	5528	1	-1	-1	-1
5546	5442	5439	1	-1	-1	-1
5525	5531	5373	1	-1	-1	-1
5372	5528	5530	1	-1	-1	-1
5531	5527	5373	1	-1	-1	-1
5530	5529	5372	1	-1	-1	-1
5427	5428	5578	1	-1	-1	-1
5529	5532	5374	1	-1	-1	-1
5431	5579	5430	1	-1	-1	-1
5534	5533	5377	1	-1	-1	-1
5538	5523	5383	1	-1	-1	-1
5436	5430	5579	1	-1	-1	-1
5535	5534	5377	1	-1	-1	-1
5432	5581	5433	1	-1	-1	-1
5434	5580	5432	1	-1	-1	-1
5451	5450	5545	3	-1	-1	-1
5452	5451	5544	3	-1	-1	-1
5537	5380	5533	1	-1	-1	-1
5379	5536	5535	1	-1	-1	-1
5537	5539	5382	1	-1	-1	-1
5382	5539	5538	1	-1	-1	-1
5540	5536	5384	1	-1	-1	-1
5577	5443	5444	1	-1	-1	-1
5441	5442	5583	1	-1	-1	-1
5444	5446	5576	1	-1	-1	-1
5387	5541	5540	1	-1	-1	-1
5449	5441	5583	1	-1	-1	-1
5389	5543	5542	1	-1	-1	-1
5584	5446	5445	1	-1	-1	-1
5544	5545	5390	3	-1	-1	-1
5447	5449	5583	3	-1	-1	-1
5583	5450	5447	3	-1	-1	-1
5545	5546	5391	3	-1	-1	-1
5584	5445	5454	1	-1	-1	-1
5454	5453	5586	1	-1	-1	-1
5453	5455	5586	1	-1	-1	-1
5548	5398	5549	3	-1	-1	-1
5399	5551	5547	3	-1	-1	-1
5550	5549	5398	3	-1	-1	-1
5551	5399	5548	3	-1	-1	-1
5455	5456	5588	1	-1	-1	-1
5557	5403	5542	1	-1	-1	-1
5553	5550	5400	3	-1	-1	-1
5590	5456	5457	1	-1	-1	-1
5400	5552	5553	3	-1	-1	-1
5401	5555	5552	3	-1	-1	-1
5555	5401	5554	3	-1	-1	-1
5405	5547	5558	3	-1	-1	-1
5593	5459	5458	1	-1	-1	-1
5402	5556	5554	1	-1	-1	-1
5461	5459	5594	1	-1	-1	-1
5556	5403	5557	1	-1	-1	-1
5541	5415	5561	1	-1	-1	-1
5595	5462	5461	1	-1	-1	-1
5472	5591	5457	1	-1	-1	-1
5462	5597	5463	1	-1	-1	-1
5464	5463	5597	1	-1	-1	-1
5598	5465	5464	1	-1	-1	-1
5466	5465	5599	1	-1	-1	-1
5434	5548	5549	1	-1	-1	-1
5560	5412	5559	1	-1	-1	-1
5468	5466	5599	1	-1	-1	-1
5551	5548	5435	1	-1	-1	-1
5561	5413	5560	1	-1	-1	-1
5468	5601	5467	1	-1	-1	-1
5601	5470	5467	1	-1	-1	-1
5544	5451	5545	3	-1	-1	-1
5450	5546	5545	3	-1	-1	-1
5603	5469	5470	1	-1	-1	-1
5513	5519	5511	1	-1	-1	-1
5604	5471	5469	1	-1	-1	-1
5417	5564	5563	1	-1	-1	-1
5418	5565	5562	1	-1	-1	-1
5566	5418	5563	1	-1	-1	-1
5562	5567	5419	1	-1	-1	-1
5604	5473	5471	1	-1	-1	-1
5565	5418	5566	1	-1	-1	-1
5475	5473	5604	1	-1	-1	-1
5607	5472	5474	1	-1	-1	-1
5568	5420	5567	1	-1	-1	-1
5609	5474	5475	1	-1	-1	-1
5421	5570	5569	1	-1	-1	-1
5569	5571	5422	1	-1	-1	-1
5580	5434	5549	1	-1	-1	-1
5577	5543	5443	1	-1	-1	-1
5574	5564	5426	1	-1	-1	-1
5427	5578	5559	1	-1	-1	-1
5477	5476	5611	1	-1	-1	-1
5478	5611	5476	1	-1	-1	-1
5572	5422	5571	1	-1	-1	-1
5579	5551	5436	1	-1	-1	-1
5579	5431	5558	3	-1	-1	-1
5572	5573	5423	1	-1	-1	-1
5583	5442	5546	1	-1	-1	-1
5478	5479	5614	1	-1	-1	-1
5575	5574	5424	1	-1	-1	-1
5568	5578	5428	1	-1	-1	-1
5616	5479	5480	1	-1	-1	-1
5577	5425	5573	1	-1	-1	-1
5425	5576	5575	1	-1	-1	-1
5577	5576	5425	1	-1	-1	-1
5489	5477	5612	1	-1	-1	-1
5617	5480	5482	1	-1	-1	-1
5546	5450	5583	3	-1	-1	-1
5582	5570	5433	1	-1	-1	-1
5482	5486	5618	1	-1	-1	-1
5619	5483	5484	1	-1	-1	-1
5485	5483	5620	1	-1	-1	-1
5532	5529	5530	1	-1	-1	-1
5485	5620	5486	1	-1	-1	-1
5487	5621	5484	1	-1	-1	-1
5432	5580	5581	1	-1	-1	-1
5581	5582	5433	1	-1	-1	-1
5577	5444	5576	1	-1	-1	-1
5576	5446	5575	1	-1	-1	-1
5488	5623	5487	1	-1	-1	-1
5612	5502	5489	1	-1	-1	-1
5446	5585	5575	1	-1	-1	-1
5625	5493	5490	1	-1	-1	-1
5494	5625	5490	1	-1	-1	-1
5491	5627	5492	1	-1	-1	-1
5626	5491	5493	1	-1	-1	-1
5494	5495	5625	1	-1	-1	-1
5585	5446	5584	1	-1	-1	-1
5496	5630	5495	1	-1	-1	-1
5584	5454	5587	1	-1	-1	-1
5631	5496	5499	1	-1	-1	-1
5497	5632	5498	1	-1	-1	-1
5586	5587	5454	1	-1	-1	-1
5586	5455	5588	1	-1	-1	-1
5497	5500	5633	1	-1	-1	-1
5499	5498	5634	1	-1	-1	-1
5456	5589	5588	1	-1	-1	-1
5456	5590	5589	1	-1	-1	-1
5636	5500	5501	1	-1	-1	-1
5457	5591	5590	1	-1	-1	-1
5637	5501	5502	1	-1	-1	-1
5522	5492	5628	1	-1	-1	-1
5592	5593	5458	1	-1	-1	-1
5532	5624	5488	1	-1	-1	-1
5459	5593	5594	1	-1	-1	-1
5505	5504	5640	1	-1	-1	-1
5503	5507	5639	1	-1	-1	-1
5506	5640	5504	1	-1	-1	-1
5595	5461	5594	1	-1	-1	-1
5462	5595	5596	1	-1	-1	-1
5507	5505	5642	1	-1	-1	-1
5462	5596	5597	1	-1	-1	-1
5508	5644	5506	1	-1	-1	-1
5597	5598	5464	1	-1	-1	-1
5465	5598	5600	1	-1	-1	-1
5599	5465	5600	1	-1	-1	-1
5645	5509	5510	1	-1	-1	-1
5508	5514	5644	1	-1	-1	-1
5512	5509	5646	1	-1	-1	-1
5599	5602	5468	1	-1	-1	-1
5472	5607	5591	1	-1	-1	-1
5628	5521	5522	1	-1	-1	-1
5602	5601	5468	1	-1	-1	-1
5648	5513	5512	1	-1	-1	-1
5603	5604	5469	1	-1	-1	-1
5510	5520	5647	1	-1	-1	-1
5470	5601	5606	1	-1	-1	-1
5551	5579	5547	3	-1	-1	-1
5605	5603	5470	1	-1	-1	-1
5515	5651	5514	1	-1	-1	-1
5470	5606	5605	1	-1	-1	-1
5519	5513	5649	1	-1	-1	-1
5547	5579	5558	3	-1	-1	-1
5652	5515	5517	1	-1	-1	-1
5516	5653	5517	1	-1	-1	-1
5518	5654	5516	1	-1	-1	-1
5647	5520	5521	1	-1	-1	-1
5475	5604	5610	1	-1	-1	-1
5474	5608	5607	1	-1	-1	-1
5609	5608	5474	1	-1	-1	-1
5655	5518	5519	1	-1	-1	-1
5543	5577	5573	1	-1	-1	-1
5610	5609	5475	1	-1	-1	-1
5612	5477	5611	1	-1	-1	-1
5611	5478	5613	1	-1	-1	-1
5614	5613	5478	1	-1	-1	-1
5524	5523	5659	1	-1	-1	-1
5614	5479	5615	1	-1	-1	-1
5479	5616	5615	1	-1	-1	-1
5524	5661	5526	1	-1	-1	-1
5480	5617	5616	1	-1	-1	-1
5526	5662	5525	1	-1	-1	-1
5618	5617	5482	1	-1	-1	-1
5525	5662	5531	1	-1	-1	-1
5528	5527	5666	1	-1	-1	-1
5538	5660	5523	1	-1	-1	-1
5483	5619	5620	1	-1	-1	-1
5665	5527	5531	1	-1	-1	-1
5621	5619	5484	1	-1	-1	-1
5528	5667	5530	1	-1	-1	-1
5486	5622	5618	1	-1	-1	-1
5486	5620	5622	1	-1	-1	-1
5668	5532	5530	1	-1	-1	-1
5487	5623	5621	1	-1	-1	-1
5623	5488	5624	1	-1	-1	-1
5533	5534	5672	1	-1	-1	-1
5671	5537	5533	1	-1	-1	-1
5535	5673	5534	1	-1	-1	-1
5627	5491	5626	1	-1	-1	-1
5674	5535	5536	1	-1	-1	-1
5537	5671	5539	1	-1	-1	-1
5629	5493	5625	1	-1	-1	-1
5627	5628	5492	1	-1	-1	-1
5629	5626	5493	1	-1	-1	-1
5495	5629	5625	1	-1	-1	-1
5540	5675	5536	1	-1	-1	-1
5502	5612	5638	1	-1	-1	-1
5539	5676	5538	1	-1	-1	-1
5630	5629	5495	1	-1	-1	-1
5496	5631	5630	1	-1	-1	-1
5540	5541	5678	1	-1	-1	-1
5633	5632	5497	1	-1	-1	-1
5632	5634	5498	1	-1	-1	-1
5635	5631	5499	1	-1	-1	-1
5542	5543	5681	1	-1	-1	-1
5635	5499	5634	1	-1	-1	-1
5500	5636	5633	1	-1	-1	-1
5636	5501	5637	1	-1	-1	-1
5638	5637	5502	1	-1	-1	-1
5542	5681	5557	1	-1	-1	-1
5550	5682	5549	3	-1	-1	-1
5541	5561	5680	1	-1	-1	-1
5505	5640	5641	1	-1	-1	-1
5550	5553	5683	3	-1	-1	-1
5507	5642	5639	1	-1	-1	-1
5505	5641	5642	1	-1	-1	-1
5506	5643	5640	1	-1	-1	-1
5552	5684	5553	3	-1	-1	-1
5552	5555	5684	3	-1	-1	-1
5643	5506	5644	1	-1	-1	-1
5554	5685	5555	3	-1	-1	-1
5554	5556	5686	1	-1	-1	-1
5681	5543	5573	1	-1	-1	-1
5646	5509	5645	1	-1	-1	-1
5557	5688	5556	1	-1	-1	-1
5602	5599	5600	1	-1	-1	-1
5510	5647	5645	1	-1	-1	-1
5646	5648	5512	1	-1	-1	-1
5658	5521	5628	1	-1	-1	-1
5644	5514	5650	1	-1	-1	-1
5690	5560	5559	1	-1	-1	-1
5648	5649	5513	1	-1	-1	-1
5682	5580	5549	1	-1	-1	-1
5561	5560	5691	1	-1	-1	-1
5514	5651	5650	1	-1	-1	-1
5652	5651	5515	1	-1	-1	-1
5562	5565	5692	1	-1	-1	-1
5564	5694	5563	1	-1	-1	-1
5567	5562	5693	1	-1	-1	-1
5652	5517	5653	1	-1	-1	-1
5654	5653	5516	1	-1	-1	-1
5649	5656	5519	1	-1	-1	-1
5563	5695	5566	1	-1	-1	-1
5521	5657	5647	1	-1	-1	-1
5624	5532	5668	1	-1	-1	-1
5572	5681	5573	1	-1	-1	-1
5518	5655	5654	1	-1	-1	-1
5578	5690	5559	1	-1	-1	-1
5567	5693	5568	1	-1	-1	-1
5565	5566	5697	1	-1	-1	-1
5655	5519	5656	1	-1	-1	-1
5571	5689	5572	1	-1	-1	-1
5696	5564	5574	1	-1	-1	-1
5657	5521	5658	1	-1	-1	-1
5570	5701	5569	1	-1	-1	-1
5571	5569	5701	1	-1	-1	-1
5523	5660	5659	1	-1	-1	-1
5581	5580	5682	1	-1	-1	-1
5524	5659	5661	1	-1	-1	-1
5578	5568	5699	1	-1	-1	-1
5663	5662	5526	1	-1	-1	-1
5526	5661	5664	1	-1	-1	-1
5664	5663	5526	1	-1	-1	-1
5575	5705	5574	1	-1	-1	-1
5570	5582	5702	1	-1	-1	-1
5666	5527	5665	1	-1	-1	-1
5667	5528	5666	1	-1	-1	-1
5662	5670	5531	1	-1	-1	-1
5668	5530	5667	1	-1	-1	-1
5585	5705	5575	1	-1	-1	-1
5531	5669	5665	1	-1	-1	-1
5669	5531	5670	1	-1	-1	-1
5582	5581	5708	1	-1	-1	-1
5660	5538	5676	1	-1	-1	-1
5672	5671	5533	1	-1	-1	-1
5711	5585	5584	1	-1	-1	-1
5673	5672	5534	1	-1	-1	-1
5584	5587	5711	1	-1	-1	-1
5535	5674	5673	1	-1	-1	-1
5675	5674	5536	1	-1	-1	-1
5588	5712	5586	1	-1	-1	-1
5586	5713	5587	1	-1	-1	-1
5539	5671	5677	1	-1	-1	-1
5589	5712	5588	1	-1	-1	-1
5677	5676	5539	1	-1	-1	-1
5714	5589	5590	1	-1	-1	-1
5679	5675	5540	1	-1	-1	-1
5540	5678	5679	1	-1	-1	-1
5590	5591	5717	1	-1	-1	-1
5678	5541	5680	1	-1	-1	-1
5592	5720	5593	1	-1	-1	-1
5720	5594	5593	1	-1	-1	-1
5721	5595	5594	1	-1	-1	-1
5595	5723	5596	1	-1	-1	-1
5550	5683	5682	3	-1	-1	-1
5718	5591	5607	1	-1	-1	-1
5726	5597	5596	1	-1	-1	-1
5683	5553	5684	3	-1	-1	-1
5726	5598	5597	1	-1	-1	-1
5685	5554	5686	1	-1	-1	-1
5598	5727	5600	1	-1	-1	-1
5684	5555	5687	3	-1	-1	-1
5557	5681	5689	1	-1	-1	-1
5685	5687	5555	3	-1	-1	-1
5686	5556	5688	1	-1	-1	-1
5729	5602	5600	1	-1	-1	-1
5691	5680	5561	1	-1	-1	-1
5601	5602	5730	1	-1	-1	-1
5608	5718	5607	1	-1	-1	-1
5689	5688	5557	1	-1	-1	-1
5606	5601	5730	1	-1	-1	-1
5731	5604	5603	1	-1	-1	-1
5691	5560	5690	1	-1	-1	-1
5572	5689	5681	1	-1	-1	-1
5604	5731	5610	1	-1	-1	-1
5693	5562	5692	1	-1	-1	-1
5609	5732	5608	1	-1	-1	-1
5694	5695	5563	1	-1	-1	-1
5610	5733	5609	1	-1	-1	-1
5692	5565	5697	1	-1	-1	-1
5694	5564	5696	1	-1	-1	-1
5735	5612	5611	1	-1	-1	-1
5698	5566	5695	1	-1	-1	-1
5613	5735	5611	1	-1	-1	-1
5693	5700	5568	1	-1	-1	-1
5698	5697	5566	1	-1	-1	-1
5613	5614	5736	1	-1	-1	-1
5704	5689	5571	1	-1	-1	-1
5615	5737	5614	1	-1	-1	-1
5700	5699	5568	1	-1	-1	-1
5616	5738	5615	1	-1	-1	-1
5581	5682	5708	1	-1	-1	-1
5617	5739	5616	1	-1	-1	-1
5703	5701	5570	1	-1	-1	-1
5739	5617	5618	1	-1	-1	-1
5706	5690	5578	1	-1	-1	-1
5570	5702	5703	1	-1	-1	-1
5696	5574	5705	1	-1	-1	-1
5571	5701	5704	1	-1	-1	-1
5619	5742	5620	1	-1	-1	-1
5741	5618	5622	1	-1	-1	-1
5619	5621	5743	1	-1	-1	-1
5707	5578	5699	1	-1	-1	-1
5735	5638	5612	1	-1	-1	-1
5620	5744	5622	1	-1	-1	-1
5743	5621	5623	1	-1	-1	-1
5578	5707	5706	1	-1	-1	-1
5582	5709	5702	1	-1	-1	-1
5747	5623	5624	1	-1	-1	-1
5663	5670	5662	1	-1	-1	-1
5710	5582	5708	1	-1	-1	-1
5585	5711	5705	1	-1	-1	-1
5710	5709	5582	1	-1	-1	-1
5750	5627	5626	1	-1	-1	-1
5629	5751	5626	1	-1	-1	-1
5627	5753	5628	1	-1	-1	-1
5586	5712	5713	1	-1	-1	-1
5711	5587	5713	1	-1	-1	-1
5630	5754	5629	1	-1	-1	-1
5631	5755	5630	1	-1	-1	-1
5712	5589	5715	1	-1	-1	-1
5714	5715	5589	1	-1	-1	-1
5590	5716	5714	1	-1	-1	-1
5590	5717	5716	1	-1	-1	-1
5632	5633	5758	1	-1	-1	-1
5757	5631	5635	1	-1	-1	-1
5632	5759	5634	1	-1	-1	-1
5717	5591	5718	1	-1	-1	-1
5634	5759	5635	1	-1	-1	-1
5636	5760	5633	1	-1	-1	-1
5720	5592	5719	1	-1	-1	-1
5637	5762	5636	1	-1	-1	-1
5594	5720	5722	1	-1	-1	-1
5721	5594	5722	1	-1	-1	-1
5637	5638	5763	1	-1	-1	-1
5658	5628	5753	1	-1	-1	-1
5624	5668	5748	1	-1	-1	-1
5595	5721	5724	1	-1	-1	-1
5723	5595	5725	1	-1	-1	-1
5595	5724	5725	1	-1	-1	-1
5596	5723	5726	1	-1	-1	-1
5642	5765	5639	1	-1	-1	-1
5640	5766	5641	1	-1	-1	-1
5640	5643	5766	1	-1	-1	-1
5641	5767	5642	1	-1	-1	-1
5727	5598	5726	1	-1	-1	-1
5600	5727	5728	1	-1	-1	-1
5728	5729	5600	1	-1	-1	-1
5608	5732	5718	1	-1	-1	-1
5771	5643	5644	1	-1	-1	-1
5602	5729	5730	1	-1	-1	-1
5646	5645	5775	1	-1	-1	-1
5774	5644	5650	1	-1	-1	-1
5645	5647	5776	1	-1	-1	-1
5777	5648	5646	1	-1	-1	-1
5683	5708	5682	3	-1	-1	-1
5733	5732	5609	1	-1	-1	-1
5731	5734	5610	1	-1	-1	-1
5649	5648	5779	1	-1	-1	-1
5733	5610	5734	1	-1	-1	-1
5657	5776	5647	1	-1	-1	-1
5735	5613	5736	1	-1	-1	-1
5783	5650	5651	1	-1	-1	-1
5696	5695	5694	1	-1	-1	-1
5781	5656	5649	1	-1	-1	-1
5784	5651	5652	1	-1	-1	-1
5736	5614	5737	1	-1	-1	-1
5653	5785	5652	1	-1	-1	-1
5615	5738	5737	1	-1	-1	-1
5654	5786	5653	1	-1	-1	-1
5740	5738	5616	1	-1	-1	-1
5740	5616	5739	1	-1	-1	-1
5655	5787	5654	1	-1	-1	-1
5741	5739	5618	1	-1	-1	-1
5656	5788	5655	1	-1	-1	-1
5658	5789	5657	1	-1	-1	-1
5619	5743	5742	1	-1	-1	-1
5620	5742	5744	1	-1	-1	-1
5745	5741	5622	1	-1	-1	-1
5660	5790	5659	1	-1	-1	-1
5790	5661	5659	1	-1	-1	-1
5622	5744	5745	1	-1	-1	-1
5743	5623	5746	1	-1	-1	-1
5746	5623	5747	1	-1	-1	-1
5661	5793	5664	1	-1	-1	-1
5747	5624	5749	1	-1	-1	-1
5749	5624	5748	1	-1	-1	-1
5664	5794	5663	1	-1	-1	-1
5626	5751	5750	1	-1	-1	-1
5660	5676	5792	1	-1	-1	-1
5663	5795	5670	1	-1	-1	-1
5750	5752	5627	1	-1	-1	-1
5798	5666	5665	1	-1	-1	-1
5667	5666	5799	1	-1	-1	-1
5798	5665	5669	1	-1	-1	-1
5752	5753	5627	1	-1	-1	-1
5754	5751	5629	1	-1	-1	-1
5667	5800	5668	1	-1	-1	-1
5764	5638	5735	1	-1	-1	-1
5756	5754	5630	1	-1	-1	-1
5802	5669	5670	1	-1	-1	-1
5756	5630	5755	1	-1	-1	-1
5631	5757	5755	1	-1	-1	-1
5671	5672	5803	1	-1	-1	-1
5759	5632	5758	1	-1	-1	-1
5673	5804	5672	1	-1	-1	-1
5633	5760	5758	1	-1	-1	-1
5677	5671	5803	1	-1	-1	-1
5761	5757	5635	1	-1	-1	-1
5806	5673	5674	1	-1	-1	-1
5761	5635	5759	1	-1	-1	-1
5675	5807	5674	1	-1	-1	-1
5762	5760	5636	1	-1	-1	-1
5807	5675	5679	1	-1	-1	-1
5808	5676	5677	1	-1	-1	-1
5763	5762	5637	1	-1	-1	-1
5679	5678	5810	1	-1	-1	-1
5764	5763	5638	1	-1	-1	-1
5678	5680	5809	1	-1	-1	-1
5766	5769	5641	1	-1	-1	-1
5641	5768	5767	1	-1	-1	-1
5770	5765	5642	1	-1	-1	-1
5768	5641	5769	1	-1	-1	-1
5642	5767	5770	1	-1	-1	-1
5643	5772	5766	1	-1	-1	-1
5683	5684	5814	3	-1	-1	-1
5680	5691	5813	1	-1	-1	-1
5684	5687	5814	3	-1	-1	-1
5772	5643	5771	1	-1	-1	-1
5816	5685	5686	1	-1	-1	-1
5815	5687	5685	3	-1	-1	-1
5773	5771	5644	1	-1	-1	-1
5686	5688	5817	1	-1	-1	-1
5773	5644	5774	1	-1	-1	-1
5689	5817	5688	1	-1	-1	-1
5776	5775	5645	1	-1	-1	-1
5646	5775	5778	1	-1	-1	-1
5753	5789	5658	1	-1	-1	-1
5691	5690	5819	1	-1	-1	-1
5646	5778	5777	1	-1	-1	-1
5814	5708	5683	3	-1	-1	-1
5820	5693	5692	1	-1	-1	-1
5780	5648	5777	1	-1	-1	-1
5774	5650	5783	1	-1	-1	-1
5780	5779	5648	1	-1	-1	-1
5697	5820	5692	1	-1	-1	-1
5779	5782	5649	1	-1	-1	-1
5689	5704	5817	1	-1	-1	-1
5782	5781	5649	1	-1	-1	-1
5696	5822	5695	1	-1	-1	-1
5693	5821	5700	1	-1	-1	-1
5690	5706	5819	1	-1	-1	-1
5748	5668	5800	1	-1	-1	-1
5823	5698	5695	1	-1	-1	-1
5783	5651	5784	1	-1	-1	-1
5741	5740	5739	1	-1	-1	-1
5784	5652	5785	1	-1	-1	-1
5698	5826	5697	1	-1	-1	-1
5776	5657	5789	1	-1	-1	-1
5653	5786	5785	1	-1	-1	-1
5788	5656	5781	1	-1	-1	-1
5705	5825	5696	1	-1	-1	-1
5654	5787	5786	1	-1	-1	-1
5699	5700	5829	1	-1	-1	-1
5743	5744	5742	1	-1	-1	-1
5788	5787	5655	1	-1	-1	-1
5710	5708	5814	3	-1	-1	-1
5829	5707	5699	1	-1	-1	-1
5736	5764	5735	1	-1	-1	-1
5703	5831	5701	1	-1	-1	-1
5704	5701	5831	1	-1	-1	-1
5703	5702	5832	1	-1	-1	-1
5705	5711	5825	1	-1	-1	-1
5660	5791	5790	1	-1	-1	-1
5832	5702	5709	1	-1	-1	-1
5660	5792	5791	1	-1	-1	-1
5790	5793	5661	1	-1	-1	-1
5836	5706	5707	1	-1	-1	-1
5795	5663	5794	1	-1	-1	-1
5664	5793	5796	1	-1	-1	-1
5794	5664	5797	1	-1	-1	-1
5710	5838	5709	1	-1	-1	-1
5796	5797	5664	1	-1	-1	-1
5666	5798	5799	1	-1	-1	-1
5713	5839	5711	1	-1	-1	-1
5712	5840	5713	1	-1	-1	-1
5799	5800	5667	1	-1	-1	-1
5670	5795	5802	1	-1	-1	-1
5712	5715	5840	1	-1	-1	-1
5798	5669	5801	1	-1	-1	-1
5802	5801	5669	1	-1	-1	-1
5714	5843	5715	1	-1	-1	-1
5714	5716	5843	1	-1	-1	-1
5808	5792	5676	1	-1	-1	-1
5845	5716	5717	1	-1	-1	-1
5805	5803	5672	1	-1	-1	-1
5672	5804	5805	1	-1	-1	-1
5718	5847	5717	1	-1	-1	-1
5673	5806	5804	1	-1	-1	-1
5806	5674	5807	1	-1	-1	-1
5803	5808	5677	1	-1	-1	-1
5850	5720	5719	1	-1	-1	-1
5720	5850	5722	1	-1	-1	-1
5721	5722	5851	1	-1	-1	-1
5724	5721	5851	1	-1	-1	-1
5809	5810	5678	1	-1	-1	-1
5800	5749	5748	1	-1	-1	-1
5732	5847	5718	1	-1	-1	-1
5807	5679	5811	1	-1	-1	-1
5679	5810	5811	1	-1	-1	-1
5809	5680	5812	1	-1	-1	-1
5723	5725	5854	1	-1	-1	-1
5723	5853	5726	1	-1	-1	-1
5855	5725	5724	1	-1	-1	-1
5813	5812	5680	1	-1	-1	-1
5727	5726	5853	1	-1	-1	-1
5685	5816	5815	1	-1	-1	-1
5816	5686	5817	1	-1	-1	-1
5814	5687	5818	3	-1	-1	-1
5818	5687	5815	3	-1	-1	-1
5691	5819	5813	1	-1	-1	-1
5859	5732	5733	1	-1	-1	-1
5734	5859	5733	1	-1	-1	-1
5693	5820	5821	1	-1	-1	-1
5862	5736	5737	1	-1	-1	-1
5737	5738	5863	1	-1	-1	-1
5863	5738	5740	1	-1	-1	-1
5822	5824	5695	1	-1	-1	-1
5782	5779	5780	1	-1	-1	-1
5695	5824	5823	1	-1	-1	-1
5818	5710	5814	3	-1	-1	-1
5822	5696	5825	1	-1	-1	-1
5697	5826	5820	1	-1	-1	-1
5741	5866	5740	1	-1	-1	-1
5698	5823	5827	1	-1	-1	-1
5830	5700	5821	1	-1	-1	-1
5826	5698	5828	1	-1	-1	-1
5867	5741	5745	1	-1	-1	-1
5827	5828	5698	1	-1	-1	-1
5704	5834	5817	1	-1	-1	-1
5743	5868	5744	1	-1	-1	-1
5868	5743	5746	1	-1	-1	-1
5869	5745	5744	1	-1	-1	-1
5829	5700	5830	1	-1	-1	-1
5706	5835	5819	1	-1	-1	-1
5861	5764	5736	1	-1	-1	-1
5747	5870	5746	1	-1	-1	-1
5838	5710	5818	3	-1	-1	-1
5833	5831	5703	1	-1	-1	-1
5747	5749	5871	1	-1	-1	-1
5833	5703	5832	1	-1	-1	-1
5831	5834	5704	1	-1	-1	-1
5837	5707	5829	1	-1	-1	-1
5711	5839	5825	1	-1	-1	-1
5874	5750	5751	1	-1	-1	-1
5750	5874	5752	1	-1	-1	-1
5836	5835	5706	1	-1	-1	-1
5832	5709	5838	1	-1	-1	-1
5707	5837	5836	1	-1	-1	-1
5875	5751	5754	1	-1	-1	-1
5752	5877	5753	1	-1	-1	-1
5875	5754	5756	1	-1	-1	-1
5795	5794	5797	1	-1	-1	-1
5756	5755	5879	1	-1	-1	-1
5757	5879	5755	1	-1	-1	-1
5713	5841	5839	1	-1	-1	-1
5842	5713	5840	1	-1	-1	-1
5713	5842	5841	1	-1	-1	-1
5840	5715	5844	1	-1	-1	-1
5758	5882	5759	1	-1	-1	-1
5761	5881	5757	1	-1	-1	-1
5883	5758	5760	1	-1	-1	-1
5715	5843	5844	1	-1	-1	-1
5761	5759	5884	1	-1	-1	-1
5716	5846	5843	1	-1	-1	-1
5762	5883	5760	1	-1	-1	-1
5846	5716	5845	1	-1	-1	-1
5845	5717	5848	1	-1	-1	-1
5762	5763	5887	1	-1	-1	-1
5717	5847	5848	1	-1	-1	-1
5887	5763	5764	1	-1	-1	-1
5719	5849	5850	1	-1	-1	-1
5877	5789	5753	1	-1	-1	-1
5800	5872	5749	1	-1	-1	-1
5765	5770	5889	1	-1	-1	-1
5850	5852	5722	1	-1	-1	-1
5851	5722	5852	1	-1	-1	-1
5766	5891	5769	1	-1	-1	-1
5892	5767	5768	1	-1	-1	-1
5890	5766	5772	1	-1	-1	-1
5767	5892	5770	1	-1	-1	-1
5854	5853	5723	1	-1	-1	-1
5724	5851	5856	1	-1	-1	-1
5769	5894	5768	1	-1	-1	-1
5724	5856	5855	1	-1	-1	-1
5725	5857	5854	1	-1	-1	-1
5855	5857	5725	1	-1	-1	-1
5732	5860	5847	1	-1	-1	-1
5896	5772	5771	1	-1	-1	-1
5896	5771	5773	1	-1	-1	-1
5898	5773	5774	1	-1	-1	-1
5859	5858	5732	1	-1	-1	-1
5732	5858	5860	1	-1	-1	-1
5900	5775	5776	1	-1	-1	-1
5778	5775	5899	1	-1	-1	-1
5903	5777	5778	1	-1	-1	-1
5736	5862	5861	1	-1	-1	-1
5780	5777	5903	1	-1	-1	-1
5862	5737	5863	1	-1	-1	-1
5817	5834	5816	1	-1	-1	-1
5776	5789	5902	1	-1	-1	-1
5835	5813	5819	1	-1	-1	-1
5740	5865	5863	1	-1	-1	-1
5740	5864	5865	1	-1	-1	-1
5740	5866	5864	1	-1	-1	-1
5825	5824	5822	1	-1	-1	-1
5741	5867	5866	1	-1	-1	-1
5869	5867	5745	1	-1	-1	-1
5869	5744	5868	1	-1	-1	-1
5868	5746	5870	1	-1	-1	-1
5790	5791	5906	1	-1	-1	-1
5871	5870	5747	1	-1	-1	-1
5793	5790	5906	1	-1	-1	-1
5791	5792	5907	1	-1	-1	-1
5871	5749	5873	1	-1	-1	-1
5872	5873	5749	1	-1	-1	-1
5793	5906	5796	1	-1	-1	-1
5751	5876	5874	1	-1	-1	-1
5795	5797	5909	1	-1	-1	-1
5751	5875	5876	1	-1	-1	-1
5911	5797	5796	1	-1	-1	-1
5752	5874	5878	1	-1	-1	-1
5802	5795	5910	1	-1	-1	-1
5878	5877	5752	1	-1	-1	-1
5808	5908	5792	1	-1	-1	-1
5798	5914	5799	1	-1	-1	-1
5875	5756	5880	1	-1	-1	-1
5764	5861	5888	1	-1	-1	-1
5801	5914	5798	1	-1	-1	-1
5800	5799	5915	1	-1	-1	-1
5879	5880	5756	1	-1	-1	-1
5757	5881	5879	1	-1	-1	-1
5917	5801	5802	1	-1	-1	-1
5758	5883	5882	1	-1	-1	-1
5884	5759	5882	1	-1	-1	-1
5805	5918	5803	1	-1	-1	-1
5885	5881	5761	1	-1	-1	-1
5919	5805	5804	1	-1	-1	-1
5803	5918	5808	1	-1	-1	-1
5919	5804	5806	1	-1	-1	-1
5884	5886	5761	1	-1	-1	-1
5887	5883	5762	1	-1	-1	-1
5885	5761	5886	1	-1	-1	-1
5806	5807	5921	1	-1	-1	-1
5888	5887	5764	1	-1	-1	-1
5811	5922	5807	1	-1	-1	-1
5925	5810	5809	1	-1	-1	-1
5809	5812	5925	1	-1	-1	-1
5766	5890	5891	1	-1	-1	-1
5811	5810	5926	1	-1	-1	-1
5892	5889	5770	1	-1	-1	-1
5813	5927	5812	1	-1	-1	-1
5892	5768	5893	1	-1	-1	-1
5893	5768	5894	1	-1	-1	-1
5891	5895	5769	1	-1	-1	-1
5848	5847	5860	1	-1	-1	-1
5894	5769	5895	1	-1	-1	-1
5890	5772	5897	1	-1	-1	-1
5815	5816	5930	1	-1	-1	-1
5818	5815	5931	3	-1	-1	-1
5897	5772	5896	1	-1	-1	-1
5898	5896	5773	1	-1	-1	-1
5789	5877	5905	1	-1	-1	-1
5932	5821	5820	1	-1	-1	-1
5775	5900	5899	1	-1	-1	-1
5813	5835	5928	1	-1	-1	-1
5901	5900	5776	1	-1	-1	-1
5826	5933	5820	1	-1	-1	-1
5776	5902	5901	1	-1	-1	-1
5834	5930	5816	1	-1	-1	-1
5899	5904	5778	1	-1	-1	-1
5935	5823	5824	1	-1	-1	-1
5778	5904	5903	1	-1	-1	-1
5935	5827	5823	1	-1	-1	-1
5830	5821	5934	1	-1	-1	-1
5824	5825	5937	1	-1	-1	-1
5800	5915	5872	1	-1	-1	-1
5818	5931	5838	3	-1	-1	-1
5826	5828	5938	1	-1	-1	-1
5828	5827	5939	1	-1	-1	-1
5905	5902	5789	1	-1	-1	-1
5839	5937	5825	1	-1	-1	-1
5830	5943	5829	1	-1	-1	-1
5791	5907	5906	1	-1	-1	-1
5792	5908	5907	1	-1	-1	-1
5837	5829	5943	1	-1	-1	-1
5946	5831	5833	1	-1	-1	-1
5946	5834	5831	1	-1	-1	-1
5833	5832	5947	1	-1	-1	-1
5912	5796	5906	1	-1	-1	-1
5910	5795	5909	1	-1	-1	-1
5937	5839	5841	1	-1	-1	-1
5947	5832	5838	1	-1	-1	-1
5911	5796	5912	1	-1	-1	-1
5835	5836	5948	1	-1	-1	-1
5909	5797	5913	1	-1	-1	-1
5911	5913	5797	1	-1	-1	-1
5837	5949	5836	1	-1	-1	-1
5915	5799	5914	1	-1	-1	-1
5917	5802	5910	1	-1	-1	-1
5801	5916	5914	1	-1	-1	-1
5880	5876	5875	1	-1	-1	-1
5951	5842	5840	1	-1	-1	-1
5801	5917	5916	1	-1	-1	-1
5844	5951	5840	1	-1	-1	-1
5842	5952	5841	1	-1	-1	-1
5808	5924	5908	1	-1	-1	-1
5844	5843	5954	1	-1	-1	-1
5920	5918	5805	1	-1	-1	-1
5843	5846	5954	1	-1	-1	-1
5920	5805	5919	1	-1	-1	-1
5806	5921	5919	1	-1	-1	-1
5846	5845	5956	1	-1	-1	-1
5956	5845	5848	1	-1	-1	-1
5924	5808	5918	1	-1	-1	-1
5921	5807	5923	1	-1	-1	-1
5922	5923	5807	1	-1	-1	-1
5926	5922	5811	1	-1	-1	-1
5878	5905	5877	1	-1	-1	-1
5849	5962	5850	1	-1	-1	-1
5810	5925	5926	1	-1	-1	-1
5925	5812	5927	1	-1	-1	-1
5962	5852	5850	1	-1	-1	-1
5963	5851	5852	1	-1	-1	-1
5848	5860	5959	1	-1	-1	-1
5927	5813	5929	1	-1	-1	-1
5963	5856	5851	1	-1	-1	-1
5929	5813	5928	1	-1	-1	-1
5931	5815	5930	1	-1	-1	-1
5857	5855	5965	1	-1	-1	-1
5858	5959	5860	1	-1	-1	-1
5855	5856	5966	1	-1	-1	-1
5933	5932	5820	1	-1	-1	-1
5821	5932	5934	1	-1	-1	-1
5862	5969	5861	1	-1	-1	-1
5936	5935	5824	1	-1	-1	-1
5862	5863	5970	1	-1	-1	-1
5824	5937	5936	1	-1	-1	-1
5933	5826	5938	1	-1	-1	-1
5865	5970	5863	1	-1	-1	-1
5865	5864	5973	1	-1	-1	-1
5935	5940	5827	1	-1	-1	-1
5866	5972	5864	1	-1	-1	-1
5939	5827	5940	1	-1	-1	-1
5866	5867	5975	1	-1	-1	-1
5941	5828	5939	1	-1	-1	-1
5942	5938	5828	1	-1	-1	-1
5945	5830	5934	1	-1	-1	-1
5834	5946	5930	1	-1	-1	-1
5948	5928	5835	1	-1	-1	-1
5942	5828	5941	1	-1	-1	-1
5976	5867	5869	1	-1	-1	-1
5869	5868	5977	1	-1	-1	-1
5870	5978	5868	1	-1	-1	-1
5838	5931	5947	3	-1	-1	-1
5943	5830	5944	1	-1	-1	-1
5969	5888	5861	1	-1	-1	-1
5945	5944	5830	1	-1	-1	-1
5871	5980	5870	1	-1	-1	-1
5907	5912	5906	1	-1	-1	-1
5871	5873	5981	1	-1	-1	-1
5833	5947	5946	1	-1	-1	-1
5872	5982	5873	1	-1	-1	-1
5949	5837	5943	1	-1	-1	-1
5937	5841	5952	1	-1	-1	-1
5836	5950	5948	1	-1	-1	-1
5949	5950	5836	1	-1	-1	-1
5985	5874	5876	1	-1	-1	-1
5874	5985	5878	1	-1	-1	-1
5986	5876	5880	1	-1	-1	-1
5953	5842	5951	1	-1	-1	-1
5842	5953	5952	1	-1	-1	-1
5988	5879	5881	1	-1	-1	-1
5879	5989	5880	1	-1	-1	-1
5844	5955	5951	1	-1	-1	-1
5844	5954	5955	1	-1	-1	-1
5954	5846	5957	1	-1	-1	-1
5885	5992	5881	1	-1	-1	-1
5993	5882	5883	1	-1	-1	-1
5884	5882	5993	1	-1	-1	-1
5846	5956	5958	1	-1	-1	-1
5957	5846	5958	1	-1	-1	-1
5918	5920	5924	1	-1	-1	-1
5886	5884	5993	1	-1	-1	-1
5960	5956	5848	1	-1	-1	-1
5887	5994	5883	1	-1	-1	-1
5959	5960	5848	1	-1	-1	-1
5997	5885	5886	1	-1	-1	-1
5982	5872	5915	1	-1	-1	-1
5987	5905	5878	1	-1	-1	-1
5962	5849	5961	1	-1	-1	-1
5887	5888	5999	1	-1	-1	-1
5962	5964	5852	1	-1	-1	-1
5964	5963	5852	1	-1	-1	-1
6001	5889	5892	1	-1	-1	-1
5890	6002	5891	1	-1	-1	-1
5893	6001	5892	1	-1	-1	-1
5855	5966	5965	1	-1	-1	-1
5968	5856	5963	1	-1	-1	-1
5967	5966	5856	1	-1	-1	-1
6002	5890	5897	1	-1	-1	-1
5891	6003	5895	1	-1	-1	-1
5856	5968	5967	1	-1	-1	-1
6005	5893	5894	1	-1	-1	-1
6006	5894	5895	1	-1	-1	-1
5896	6008	5897	1	-1	-1	-1
5862	5971	5969	1	-1	-1	-1
5898	6008	5896	1	-1	-1	-1
5970	5971	5862	1	-1	-1	-1
5928	5948	5929	1	-1	-1	-1
5930	5946	5931	1	-1	-1	-1
5970	5865	5974	1	-1	-1	-1
5972	5973	5864	1	-1	-1	-1
5900	6011	5899	1	-1	-1	-1
5982	5915	5914	1	-1	-1	-1
5916	5982	5914	1	-1	-1	-1
5974	5865	5973	1	-1	-1	-1
5900	5901	6012	1	-1	-1	-1
5899	6010	5904	1	-1	-1	-1
5975	5972	5866	1	-1	-1	-1
5901	5902	6013	1	-1	-1	-1
5867	5976	5975	1	-1	-1	-1
5977	5868	5978	1	-1	-1	-1
5905	6014	5902	1	-1	-1	-1
5946	5947	5931	1	-1	-1	-1
5869	5979	5976	1	-1	-1	-1
5952	5936	5937	1	-1	-1	-1
5869	5977	5979	1	-1	-1	-1
5870	5980	5978	1	-1	-1	-1
6015	5907	5908	1	-1	-1	-1
5871	5981	5980	1	-1	-1	-1
5907	6016	5912	1	-1	-1	-1
5910	5909	6018	1	-1	-1	-1
5983	5873	5982	1	-1	-1	-1
5984	5981	5873	1	-1	-1	-1
5873	5983	5984	1	-1	-1	-1
6019	5909	5913	1	-1	-1	-1
5911	5912	6022	1	-1	-1	-1
6021	5913	5911	1	-1	-1	-1
5985	5876	5986	1	-1	-1	-1
5917	5910	6020	1	-1	-1	-1
6017	5908	5924	1	-1	-1	-1
5985	5987	5878	1	-1	-1	-1
5879	5988	5989	1	-1	-1	-1
5969	6000	5888	1	-1	-1	-1
5880	5991	5986	1	-1	-1	-1
5916	5917	6025	1	-1	-1	-1
5880	5989	5990	1	-1	-1	-1
5880	5990	5991	1	-1	-1	-1
5988	5881	5992	1	-1	-1	-1
5920	5919	6026	1	-1	-1	-1
6026	5919	5921	1	-1	-1	-1
5955	5954	5957	1	-1	-1	-1
5995	5993	5883	1	-1	-1	-1
5924	5920	6027	1	-1	-1	-1
5995	5883	5994	1	-1	-1	-1
6029	5921	5923	1	-1	-1	-1
5992	5885	5996	1	-1	-1	-1
5960	5958	5956	1	-1	-1	-1
5922	6031	5923	1	-1	-1	-1
5993	5998	5886	1	-1	-1	-1
5885	5997	5996	1	-1	-1	-1
5922	5926	6030	1	-1	-1	-1
5887	5999	5994	1	-1	-1	-1
5886	5998	5997	1	-1	-1	-1
5926	5925	6033	1	-1	-1	-1
5927	6033	5925	1	-1	-1	-1
5999	5888	6000	1	-1	-1	-1
5927	5929	6034	1	-1	-1	-1
6002	6003	5891	1	-1	-1	-1
5893	6004	6001	1	-1	-1	-1
6005	6004	5893	1	-1	-1	-1
6037	5932	5933	1	-1	-1	-1
5932	6037	5934	1	-1	-1	-1
6005	5894	6006	1	-1	-1	-1
5895	6003	6007	1	-1	-1	-1
5987	6014	5905	1	-1	-1	-1
6007	6006	5895	1	-1	-1	-1
6009	6002	5897	1	-1	-1	-1
6038	5933	5938	1	-1	-1	-1
6040	5935	5936	1	-1	-1	-1
5929	5948	6036	1	-1	-1	-1
6009	5897	6008	1	-1	-1	-1
5935	6040	5940	1	-1	-1	-1
5971	5970	5974	1	-1	-1	-1
5942	6038	5938	1	-1	-1	-1
5934	6039	5945	1	-1	-1	-1
6011	6010	5899	1	-1	-1	-1
5940	6041	5939	1	-1	-1	-1
6041	5941	5939	1	-1	-1	-1
5916	6025	5982	1	-1	-1	-1
6011	5900	6012	1	-1	-1	-1
5901	6013	6012	1	-1	-1	-1
6043	5942	5941	1	-1	-1	-1
6040	5936	5952	1	-1	-1	-1
6014	6013	5902	1	-1	-1	-1
5944	6046	5943	1	-1	-1	-1
6036	5948	5950	1	-1	-1	-1
6048	5944	5945	1	-1	-1	-1
5943	6046	5949	1	-1	-1	-1
5907	6015	6016	1	-1	-1	-1
6017	6015	5908	1	-1	-1	-1
6040	5952	5953	1	-1	-1	-1
6019	6018	5909	1	-1	-1	-1
6020	5910	6018	1	-1	-1	-1
6050	5950	5949	1	-1	-1	-1
5912	6016	6023	1	-1	-1	-1
6022	6021	5911	1	-1	-1	-1
5953	5951	6052	1	-1	-1	-1
6019	5913	6024	1	-1	-1	-1
5912	6023	6022	1	-1	-1	-1
6024	5913	6021	1	-1	-1	-1
5955	6053	5951	1	-1	-1	-1
6020	6025	5917	1	-1	-1	-1
6053	5955	5957	1	-1	-1	-1
5924	6027	6017	1	-1	-1	-1
5957	5958	6054	1	-1	-1	-1
5920	6026	6028	1	-1	-1	-1
5958	5960	6056	1	-1	-1	-1
5959	6056	5960	1	-1	-1	-1
6028	6027	5920	1	-1	-1	-1
5921	6029	6026	1	-1	-1	-1
6059	5962	5961	1	-1	-1	-1
6030	6031	5922	1	-1	-1	-1
5923	6032	6029	1	-1	-1	-1
5964	5962	6059	1	-1	-1	-1
5993	5995	5998	1	-1	-1	-1
6032	5923	6031	1	-1	-1	-1
5964	6060	5963	1	-1	-1	-1
6033	6030	5926	1	-1	-1	-1
5963	6060	5968	1	-1	-1	-1
5966	6062	5965	1	-1	-1	-1
6033	5927	6034	1	-1	-1	-1
5966	5967	6063	1	-1	-1	-1
6034	5929	6035	1	-1	-1	-1
6064	5967	5968	1	-1	-1	-1
5929	6036	6035	1	-1	-1	-1
6037	5933	6038	1	-1	-1	-1
5969	5971	6069	1	-1	-1	-1
6037	6039	5934	1	-1	-1	-1
6070	5971	5974	1	-1	-1	-1
5973	5972	6072	1	-1	-1	-1
5975	6071	5972	1	-1	-1	-1
6074	5974	5973	1	-1	-1	-1
6040	6042	5940	1	-1	-1	-1
6042	6041	5940	1	-1	-1	-1
6045	6038	5942	1	-1	-1	-1
6075	5975	5976	1	-1	-1	-1
6044	5941	6041	1	-1	-1	-1
6043	5941	6044	1	-1	-1	-1
6075	5976	5979	1	-1	-1	-1
6043	6045	5942	1	-1	-1	-1
6076	5977	5978	1	-1	-1	-1
5977	6076	5979	1	-1	-1	-1
6039	6049	5945	1	-1	-1	-1
5980	6077	5978	1	-1	-1	-1
5944	6047	6046	1	-1	-1	-1
6000	5969	6068	1	-1	-1	-1
5950	6051	6036	1	-1	-1	-1
6047	5944	6048	1	-1	-1	-1
5981	6079	5980	1	-1	-1	-1
6048	5945	6049	1	-1	-1	-1
6046	6050	5949	1	-1	-1	-1
5981	5984	6080	1	-1	-1	-1
6040	5953	6052	1	-1	-1	-1
6081	5983	5982	1	-1	-1	-1
6082	5984	5983	1	-1	-1	-1
6051	5950	6050	1	-1	-1	-1
5985	5986	6084	1	-1	-1	-1
6053	6052	5951	1	-1	-1	-1
6084	5987	5985	1	-1	-1	-1
5986	5991	6086	1	-1	-1	-1
5988	6088	5989	1	-1	-1	-1
5957	6055	6053	1	-1	-1	-1
5957	6054	6055	1	-1	-1	-1
6088	5990	5989	1	-1	-1	-1
6088	5988	5992	1	-1	-1	-1
5958	6057	6054	1	-1	-1	-1
5990	6089	5991	1	-1	-1	-1
5958	6056	6057	1	-1	-1	-1
6058	6059	5961	1	-1	-1	-1
6091	5992	5996	1	-1	-1	-1
5995	5994	6092	1	-1	-1	-1
6026	6029	6028	1	-1	-1	-1
6061	5964	6059	1	-1	-1	-1
5994	5999	6092	1	-1	-1	-1
5964	6061	6060	1	-1	-1	-1
5998	5995	6093	1	-1	-1	-1
5997	6094	5996	1	-1	-1	-1
5987	6087	6014	1	-1	-1	-1
6025	6081	5982	1	-1	-1	-1
6095	5997	5998	1	-1	-1	-1
5966	6063	6062	1	-1	-1	-1
6060	6067	5968	1	-1	-1	-1
5967	6065	6063	1	-1	-1	-1
5967	6064	6065	1	-1	-1	-1
6000	6097	5999	1	-1	-1	-1
6066	6064	5968	1	-1	-1	-1
6066	5968	6067	1	-1	-1	-1
6001	6004	6098	1	-1	-1	-1
6099	6003	6002	1	-1	-1	-1
6069	6068	5969	1	-1	-1	-1
6100	6007	6003	1	-1	-1	-1
5971	6070	6069	1	-1	-1	-1
6002	6009	6099	1	-1	-1	-1
6101	6004	6005	1	-1	-1	-1
6005	6006	6102	1	-1	-1	-1
5972	6071	6072	1	-1	-1	-1
6103	6006	6007	1	-1	-1	-1
6074	6070	5974	1	-1	-1	-1
6073	5973	6072	1	-1	-1	-1
5973	6073	6074	1	-1	-1	-1
5975	6075	6071	1	-1	-1	-1
6011	6107	6010	1	-1	-1	-1
6107	6011	6012	1	-1	-1	-1
6076	5978	6077	1	-1	-1	-1
5979	6078	6075	1	-1	-1	-1
6013	6107	6012	1	-1	-1	-1
5979	6076	6078	1	-1	-1	-1
6014	6108	6013	1	-1	-1	-1
6077	5980	6079	1	-1	-1	-1
5981	6080	6079	1	-1	-1	-1
6110	6016	6015	1	-1	-1	-1
6015	6017	6110	1	-1	-1	-1
6082	5983	6081	1	-1	-1	-1
6080	5984	6083	1	-1	-1	-1
5984	6082	6083	1	-1	-1	-1
6016	6111	6023	1	-1	-1	-1
6114	6018	6019	1	-1	-1	-1
6114	6020	6018	1	-1	-1	-1
5986	6085	6084	1	-1	-1	-1
6027	6112	6017	1	-1	-1	-1
5986	6086	6085	1	-1	-1	-1
6087	5987	6084	1	-1	-1	-1
6019	6024	6116	1	-1	-1	-1
6118	6021	6022	1	-1	-1	-1
6025	6020	6117	1	-1	-1	-1
6118	6024	6021	1	-1	-1	-1
6023	6119	6022	1	-1	-1	-1
6097	6000	6068	1	-1	-1	-1
5991	6089	6086	1	-1	-1	-1
5990	6088	6089	1	-1	-1	-1
5992	6090	6088	1	-1	-1	-1
6091	6090	5992	1	-1	-1	-1
6058	6061	6059	1	-1	-1	-1
6028	6123	6027	1	-1	-1	-1
6092	6093	5995	1	-1	-1	-1
6091	5996	6094	1	-1	-1	-1
6125	6028	6029	1	-1	-1	-1
6093	6095	5998	1	-1	-1	-1
6125	6029	6032	1	-1	-1	-1
6094	5997	6096	1	-1	-1	-1
6030	6126	6031	1	-1	-1	-1
6096	5997	6095	1	-1	-1	-1
6097	6092	5999	1	-1	-1	-1
6030	6033	6126	1	-1	-1	-1
6031	6128	6032	1	-1	-1	-1
6126	6033	6034	1	-1	-1	-1
6129	6034	6035	1	-1	-1	-1
6036	6130	6035	1	-1	-1	-1
6099	6100	6003	1	-1	-1	-1
6101	6098	6004	1	-1	-1	-1
6037	6038	6132	1	-1	-1	-1
6132	6039	6037	1	-1	-1	-1
6101	6005	6102	1	-1	-1	-1
6109	6014	6087	1	-1	-1	-1
6102	6006	6103	1	-1	-1	-1
6100	6104	6007	1	-1	-1	-1
6007	6105	6103	1	-1	-1	-1
6038	6045	6132	1	-1	-1	-1
6007	6104	6105	1	-1	-1	-1
6135	6042	6040	1	-1	-1	-1
6051	6131	6036	1	-1	-1	-1
6041	6042	6136	1	-1	-1	-1
6041	6136	6044	1	-1	-1	-1
6039	6134	6049	1	-1	-1	-1
6010	6107	6106	1	-1	-1	-1
6081	6025	6117	1	-1	-1	-1
6139	6043	6044	1	-1	-1	-1
6043	6138	6045	1	-1	-1	-1
6040	6052	6135	1	-1	-1	-1
6108	6107	6013	1	-1	-1	-1
6014	6109	6108	1	-1	-1	-1
6142	6046	6047	1	-1	-1	-1
6110	6111	6016	1	-1	-1	-1
6048	6143	6047	1	-1	-1	-1
6142	6050	6046	1	-1	-1	-1
6113	6110	6017	1	-1	-1	-1
6144	6048	6049	1	-1	-1	-1
6113	6017	6112	1	-1	-1	-1
6145	6051	6050	1	-1	-1	-1
6114	6019	6115	1	-1	-1	-1
6116	6115	6019	1	-1	-1	-1
6114	6117	6020	1	-1	-1	-1
6053	6147	6052	1	-1	-1	-1
6023	6111	6119	1	-1	-1	-1
6055	6148	6053	1	-1	-1	-1
6085	6087	6084	1	-1	-1	-1
6149	6055	6054	1	-1	-1	-1
6119	6118	6022	1	-1	-1	-1
6054	6057	6149	1	-1	-1	-1
6024	6121	6116	1	-1	-1	-1
6122	6112	6027	1	-1	-1	-1
6120	6024	6118	1	-1	-1	-1
6024	6120	6121	1	-1	-1	-1
6151	6061	6058	1	-1	-1	-1
6027	6123	6122	1	-1	-1	-1
6152	6060	6061	1	-1	-1	-1
6028	6124	6123	1	-1	-1	-1
6028	6125	6124	1	-1	-1	-1
6063	6153	6062	1	-1	-1	-1
6067	6060	6152	1	-1	-1	-1
6153	6063	6065	1	-1	-1	-1
6065	6064	6154	1	-1	-1	-1
6154	6064	6066	1	-1	-1	-1
6126	6127	6031	1	-1	-1	-1
6128	6125	6032	1	-1	-1	-1
6127	6128	6031	1	-1	-1	-1
6034	6129	6126	1	-1	-1	-1
6066	6067	6157	1	-1	-1	-1
6130	6129	6035	1	-1	-1	-1
6069	6159	6068	1	-1	-1	-1
6036	6131	6130	1	-1	-1	-1
6160	6069	6070	1	-1	-1	-1
6132	6133	6039	1	-1	-1	-1
6039	6133	6134	1	-1	-1	-1
6070	6074	6162	1	-1	-1	-1
6071	6164	6072	1	-1	-1	-1
6071	6075	6163	1	-1	-1	-1
6072	6165	6073	1	-1	-1	-1
6045	6133	6132	1	-1	-1	-1
6166	6074	6073	1	-1	-1	-1
6042	6135	6137	1	-1	-1	-1
6136	6042	6137	1	-1	-1	-1
6133	6045	6138	1	-1	-1	-1
6139	6138	6043	1	-1	-1	-1
6075	6078	6167	1	-1	-1	-1
6136	6140	6044	1	-1	-1	-1
6077	6168	6076	1	-1	-1	-1
6076	6168	6078	1	-1	-1	-1
6139	6044	6141	1	-1	-1	-1
6068	6159	6097	1	-1	-1	-1
6079	6169	6077	1	-1	-1	-1
6140	6141	6044	1	-1	-1	-1
6049	6134	6144	1	-1	-1	-1
6131	6051	6146	1	-1	-1	-1
6079	6080	6172	1	-1	-1	-1
6047	6143	6142	1	-1	-1	-1
6135	6052	6147	1	-1	-1	-1
6143	6048	6144	1	-1	-1	-1
6173	6080	6083	1	-1	-1	-1
6145	6050	6142	1	-1	-1	-1
6082	6081	6175	1	-1	-1	-1
6175	6083	6082	1	-1	-1	-1
6145	6146	6051	1	-1	-1	-1
6147	6053	6148	1	-1	-1	-1
6087	6085	6178	1	-1	-1	-1
6179	6085	6086	1	-1	-1	-1
6148	6055	6150	1	-1	-1	-1
6149	6150	6055	1	-1	-1	-1
6089	6180	6086	1	-1	-1	-1
6089	6088	6181	1	-1	-1	-1
6090	6181	6088	1	-1	-1	-1
6183	6090	6091	1	-1	-1	-1
6151	6152	6061	1	-1	-1	-1
6094	6184	6091	1	-1	-1	-1
6186	6093	6092	1	-1	-1	-1
6174	6081	6117	1	-1	-1	-1
6153	6065	6155	1	-1	-1	-1
6087	6178	6109	1	-1	-1	-1
6097	6185	6092	1	-1	-1	-1
6154	6155	6065	1	-1	-1	-1
6187	6095	6093	1	-1	-1	-1
6066	6156	6154	1	-1	-1	-1
6152	6158	6067	1	-1	-1	-1
6187	6096	6095	1	-1	-1	-1
6096	6189	6094	1	-1	-1	-1
6066	6157	6156	1	-1	-1	-1
6157	6067	6158	1	-1	-1	-1
6126	6129	6127	1	-1	-1	-1
6069	6161	6159	1	-1	-1	-1
6069	6160	6161	1	-1	-1	-1
6160	6070	6162	1	-1	-1	-1
6101	6193	6098	1	-1	-1	-1
6195	6101	6102	1	-1	-1	-1
6071	6163	6164	1	-1	-1	-1
6195	6102	6103	1	-1	-1	-1
6072	6164	6165	1	-1	-1	-1
6074	6166	6162	1	-1	-1	-1
6165	6166	6073	1	-1	-1	-1
6103	6105	6196	1	-1	-1	-1
6163	6075	6167	1	-1	-1	-1
6104	6198	6105	1	-1	-1	-1
6107	6201	6106	1	-1	-1	-1
6077	6170	6168	1	-1	-1	-1
6077	6169	6170	1	-1	-1	-1
6107	6108	6201	1	-1	-1	-1
6171	6167	6078	1	-1	-1	-1
6168	6171	6078	1	-1	-1	-1
6109	6202	6108	1	-1	-1	-1
6169	6079	6172	1	-1	-1	-1
6203	6111	6110	1	-1	-1	-1
6172	6080	6173	1	-1	-1	-1
6110	6113	6203	1	-1	-1	-1
6081	6174	6175	1	-1	-1	-1
6206	6113	6112	1	-1	-1	-1
6083	6176	6173	1	-1	-1	-1
6204	6119	6111	1	-1	-1	-1
6175	6177	6083	1	-1	-1	-1
6177	6176	6083	1	-1	-1	-1
6209	6114	6115	1	-1	-1	-1
6114	6208	6117	1	-1	-1	-1
6122	6205	6112	1	-1	-1	-1
6116	6210	6115	1	-1	-1	-1
6179	6178	6085	1	-1	-1	-1
6179	6086	6180	1	-1	-1	-1
6097	6159	6192	1	-1	-1	-1
6121	6211	6116	1	-1	-1	-1
6118	6119	6212	1	-1	-1	-1
6180	6089	6182	1	-1	-1	-1
6213	6120	6118	1	-1	-1	-1
6089	6181	6182	1	-1	-1	-1
6090	6183	6181	1	-1	-1	-1
6120	6214	6121	1	-1	-1	-1
6184	6183	6091	1	-1	-1	-1
6122	6123	6216	1	-1	-1	-1
6123	6124	6216	1	-1	-1	-1
6092	6185	6186	1	-1	-1	-1
6093	6186	6187	1	-1	-1	-1
6094	6188	6184	1	-1	-1	-1
6218	6124	6125	1	-1	-1	-1
6218	6125	6128	1	-1	-1	-1
6189	6188	6094	1	-1	-1	-1
6096	6187	6190	1	-1	-1	-1
6191	6185	6097	1	-1	-1	-1
6127	6219	6128	1	-1	-1	-1
6129	6219	6127	1	-1	-1	-1
6096	6190	6189	1	-1	-1	-1
6129	6130	6220	1	-1	-1	-1
6097	6192	6191	1	-1	-1	-1
6130	6131	6222	1	-1	-1	-1
6101	6194	6193	1	-1	-1	-1
6202	6109	6178	1	-1	-1	-1
6101	6195	6194	1	-1	-1	-1
6225	6134	6133	1	-1	-1	-1
6195	6103	6197	1	-1	-1	-1
6138	6225	6133	1	-1	-1	-1
6196	6197	6103	1	-1	-1	-1
6208	6174	6117	1	-1	-1	-1
6135	6228	6137	1	-1	-1	-1
6105	6199	6196	1	-1	-1	-1
6224	6131	6146	1	-1	-1	-1
6136	6137	6229	1	-1	-1	-1
6105	6198	6199	1	-1	-1	-1
6134	6226	6144	1	-1	-1	-1
6229	6140	6136	1	-1	-1	-1
6200	6106	6201	1	-1	-1	-1
6231	6138	6139	1	-1	-1	-1
6135	6147	6228	1	-1	-1	-1
6202	6201	6108	1	-1	-1	-1
6141	6232	6139	1	-1	-1	-1
6161	6192	6159	1	-1	-1	-1
6234	6141	6140	1	-1	-1	-1
6111	6203	6204	1	-1	-1	-1
6142	6143	6236	1	-1	-1	-1
6236	6145	6142	1	-1	-1	-1
6203	6113	6207	1	-1	-1	-1
6205	6206	6112	1	-1	-1	-1
6228	6147	6148	1	-1	-1	-1
6144	6238	6143	1	-1	-1	-1
6113	6206	6207	1	-1	-1	-1
6239	6146	6145	1	-1	-1	-1
6209	6208	6114	1	-1	-1	-1
6209	6115	6210	1	-1	-1	-1
6212	6119	6204	1	-1	-1	-1
6116	6211	6210	1	-1	-1	-1
6241	6148	6150	1	-1	-1	-1
6149	6241	6150	1	-1	-1	-1
6205	6122	6216	1	-1	-1	-1
6118	6212	6213	1	-1	-1	-1
6243	6152	6151	1	-1	-1	-1
6215	6211	6121	1	-1	-1	-1
6214	6120	6213	1	-1	-1	-1
6215	6121	6214	1	-1	-1	-1
6155	6244	6153	1	-1	-1	-1
6243	6158	6152	1	-1	-1	-1
6154	6245	6155	1	-1	-1	-1
6245	6154	6156	1	-1	-1	-1
6216	6124	6217	1	-1	-1	-1
6179	6202	6178	1	-1	-1	-1
6124	6218	6217	1	-1	-1	-1
6156	6157	6247	1	-1	-1	-1
6158	6247	6157	1	-1	-1	-1
6190	6187	6186	1	-1	-1	-1
6218	6128	6219	1	-1	-1	-1
6129	6221	6219	1	-1	-1	-1
6129	6220	6221	1	-1	-1	-1
6162	6249	6160	1	-1	-1	-1
6160	6250	6161	1	-1	-1	-1
6130	6223	6220	1	-1	-1	-1
6223	6130	6222	1	-1	-1	-1
6131	6224	6222	1	-1	-1	-1
6166	6253	6162	1	-1	-1	-1
6164	6163	6254	1	-1	-1	-1
6255	6163	6167	1	-1	-1	-1
6256	6165	6164	1	-1	-1	-1
6225	6227	6134	1	-1	-1	-1
6134	6227	6226	1	-1	-1	-1
6166	6165	6257	1	-1	-1	-1
6167	6171	6255	1	-1	-1	-1
6138	6231	6225	1	-1	-1	-1
6230	6137	6228	1	-1	-1	-1
6230	6229	6137	1	-1	-1	-1
6168	6170	6259	1	-1	-1	-1
6260	6171	6168	1	-1	-1	-1
6170	6169	6261	1	-1	-1	-1
6232	6231	6139	1	-1	-1	-1
6140	6229	6233	1	-1	-1	-1
6172	6261	6169	1	-1	-1	-1
6201	6202	6200	1	-1	-1	-1
6251	6192	6161	1	-1	-1	-1
6234	6140	6233	1	-1	-1	-1
6226	6238	6144	1	-1	-1	-1
6141	6235	6232	1	-1	-1	-1
6263	6172	6173	1	-1	-1	-1
6224	6146	6240	1	-1	-1	-1
6235	6141	6234	1	-1	-1	-1
6263	6173	6176	1	-1	-1	-1
6264	6175	6174	1	-1	-1	-1
6143	6237	6236	1	-1	-1	-1
6238	6237	6143	1	-1	-1	-1
6175	6266	6177	1	-1	-1	-1
6148	6242	6228	1	-1	-1	-1
6177	6267	6176	1	-1	-1	-1
6239	6145	6236	1	-1	-1	-1
6239	6240	6146	1	-1	-1	-1
6180	6270	6179	1	-1	-1	-1
6148	6241	6242	1	-1	-1	-1
6271	6180	6182	1	-1	-1	-1
6272	6182	6181	1	-1	-1	-1
6183	6273	6181	1	-1	-1	-1
6275	6183	6184	1	-1	-1	-1
6246	6244	6155	1	-1	-1	-1
6155	6245	6246	1	-1	-1	-1
6275	6184	6188	1	-1	-1	-1
6174	6208	6265	1	-1	-1	-1
6276	6186	6185	1	-1	-1	-1
6245	6156	6247	1	-1	-1	-1
6248	6158	6243	1	-1	-1	-1
6179	6269	6202	1	-1	-1	-1
6276	6185	6191	1	-1	-1	-1
6190	6186	6276	1	-1	-1	-1
6247	6158	6248	1	-1	-1	-1
6278	6188	6189	1	-1	-1	-1
6279	6189	6190	1	-1	-1	-1
6160	6249	6250	1	-1	-1	-1
6161	6250	6252	1	-1	-1	-1
6249	6162	6253	1	-1	-1	-1
6161	6252	6251	1	-1	-1	-1
6282	6191	6192	1	-1	-1	-1
6193	6194	6283	1	-1	-1	-1
6269	6200	6202	1	-1	-1	-1
6254	6163	6255	1	-1	-1	-1
6195	6285	6194	1	-1	-1	-1
6254	6256	6164	1	-1	-1	-1
6195	6197	6285	1	-1	-1	-1
6166	6258	6253	1	-1	-1	-1
6257	6165	6256	1	-1	-1	-1
6286	6197	6196	1	-1	-1	-1
6257	6258	6166	1	-1	-1	-1
6286	6196	6199	1	-1	-1	-1
6208	6209	6265	1	-1	-1	-1
6198	6288	6199	1	-1	-1	-1
6260	6168	6259	1	-1	-1	-1
6255	6171	6262	1	-1	-1	-1
6170	6261	6259	1	-1	-1	-1
6171	6260	6262	1	-1	-1	-1
6290	6204	6203	1	-1	-1	-1
6261	6172	6263	1	-1	-1	-1
6289	6203	6207	1	-1	-1	-1
6205	6291	6206	1	-1	-1	-1
6174	6265	6264	1	-1	-1	-1
6264	6266	6175	1	-1	-1	-1
6263	6176	6267	1	-1	-1	-1
6212	6204	6290	1	-1	-1	-1
6207	6206	6294	1	-1	-1	-1
6268	6177	6266	1	-1	-1	-1
6268	6267	6177	1	-1	-1	-1
6292	6205	6216	1	-1	-1	-1
6295	6209	6210	1	-1	-1	-1
6269	6179	6270	1	-1	-1	-1
6211	6297	6210	1	-1	-1	-1
6180	6271	6270	1	-1	-1	-1
6297	6211	6215	1	-1	-1	-1
6213	6212	6298	1	-1	-1	-1
6182	6272	6271	1	-1	-1	-1
6282	6192	6251	1	-1	-1	-1
6292	6216	6217	1	-1	-1	-1
6273	6272	6181	1	-1	-1	-1
6300	6214	6213	1	-1	-1	-1
6300	6215	6214	1	-1	-1	-1
6183	6274	6273	1	-1	-1	-1
6183	6275	6274	1	-1	-1	-1
6304	6217	6218	1	-1	-1	-1
6188	6277	6275	1	-1	-1	-1
6218	6219	6305	1	-1	-1	-1
6278	6277	6188	1	-1	-1	-1
6306	6219	6221	1	-1	-1	-1
6189	6279	6278	1	-1	-1	-1
6280	6190	6276	1	-1	-1	-1
6221	6220	6307	1	-1	-1	-1
6191	6282	6276	1	-1	-1	-1
6307	6220	6223	1	-1	-1	-1
6190	6281	6279	1	-1	-1	-1
6281	6190	6280	1	-1	-1	-1
6222	6308	6223	1	-1	-1	-1
6224	6308	6222	1	-1	-1	-1
6194	6284	6283	1	-1	-1	-1
6227	6225	6311	1	-1	-1	-1
6284	6194	6285	1	-1	-1	-1
6226	6227	6312	1	-1	-1	-1
6311	6225	6231	1	-1	-1	-1
6265	6209	6295	1	-1	-1	-1
6285	6197	6287	1	-1	-1	-1
6286	6287	6197	1	-1	-1	-1
6230	6228	6315	1	-1	-1	-1
6199	6288	6286	1	-1	-1	-1
6232	6311	6231	1	-1	-1	-1
6310	6224	6240	1	-1	-1	-1
6229	6230	6317	1	-1	-1	-1
6313	6238	6226	1	-1	-1	-1
6233	6229	6316	1	-1	-1	-1
6203	6289	6290	1	-1	-1	-1
6242	6315	6228	1	-1	-1	-1
6235	6318	6232	1	-1	-1	-1
6233	6319	6234	1	-1	-1	-1
6291	6205	6292	1	-1	-1	-1
6320	6235	6234	1	-1	-1	-1
6207	6294	6289	1	-1	-1	-1
6293	6206	6291	1	-1	-1	-1
6293	6294	6206	1	-1	-1	-1
6322	6236	6237	1	-1	-1	-1
6236	6322	6239	1	-1	-1	-1
6238	6323	6237	1	-1	-1	-1
6290	6298	6212	1	-1	-1	-1
6322	6240	6239	1	-1	-1	-1
6210	6296	6295	1	-1	-1	-1
6296	6210	6297	1	-1	-1	-1
6299	6213	6298	1	-1	-1	-1
6213	6299	6300	1	-1	-1	-1
6292	6217	6303	1	-1	-1	-1
6297	6215	6301	1	-1	-1	-1
6244	6246	6327	1	-1	-1	-1
6243	6326	6248	1	-1	-1	-1
6300	6302	6215	1	-1	-1	-1
6215	6302	6301	1	-1	-1	-1
6245	6328	6246	1	-1	-1	-1
6328	6245	6247	1	-1	-1	-1
6328	6247	6248	1	-1	-1	-1
6304	6303	6217	1	-1	-1	-1
6304	6218	6305	1	-1	-1	-1
6305	6219	6306	1	-1	-1	-1
6249	6332	6250	1	-1	-1	-1
6249	6253	6331	1	-1	-1	-1
6307	6306	6221	1	-1	-1	-1
6333	6252	6250	1	-1	-1	-1
6252	6334	6251	1	-1	-1	-1
6276	6282	6280	1	-1	-1	-1
6307	6223	6309	1	-1	-1	-1
6308	6309	6223	1	-1	-1	-1
6258	6331	6253	1	-1	-1	-1
6310	6308	6224	1	-1	-1	-1
6255	6337	6254	1	-1	-1	-1
6254	6338	6256	1	-1	-1	-1
6312	6313	6226	1	-1	-1	-1
6256	6338	6257	1	-1	-1	-1
6314	6227	6311	1	-1	-1	-1
6312	6227	6314	1	-1	-1	-1
6341	6258	6257	1	-1	-1	-1
6255	6262	6340	1	-1	-1	-1
6311	6232	6318	1	-1	-1	-1
6315	6317	6230	1	-1	-1	-1
6316	6229	6317	1	-1	-1	-1
6344	6260	6259	1	-1	-1	-1
6259	6261	6344	1	-1	-1	-1
6262	6260	6345	1	-1	-1	-1
6319	6233	6316	1	-1	-1	-1
6251	6335	6282	1	-1	-1	-1
6261	6263	6344	1	-1	-1	-1
6320	6234	6319	1	-1	-1	-1
6323	6238	6313	1	-1	-1	-1
6321	6318	6235	1	-1	-1	-1
6310	6240	6325	1	-1	-1	-1
6267	6346	6263	1	-1	-1	-1
6235	6320	6321	1	-1	-1	-1
6265	6347	6264	1	-1	-1	-1
6264	6347	6266	1	-1	-1	-1
6237	6324	6322	1	-1	-1	-1
6349	6268	6266	1	-1	-1	-1
6237	6323	6324	1	-1	-1	-1
6268	6350	6267	1	-1	-1	-1
6322	6325	6240	1	-1	-1	-1
6329	6327	6246	1	-1	-1	-1
6246	6328	6329	1	-1	-1	-1
6330	6248	6326	1	-1	-1	-1
6330	6328	6248	1	-1	-1	-1
6348	6265	6295	1	-1	-1	-1
6279	6352	6278	1	-1	-1	-1
6279	6281	6352	1	-1	-1	-1
6249	6331	6332	1	-1	-1	-1
6280	6353	6281	1	-1	-1	-1
6333	6250	6332	1	-1	-1	-1
6282	6353	6280	1	-1	-1	-1
6335	6251	6334	1	-1	-1	-1
6336	6252	6333	1	-1	-1	-1
6283	6284	6355	1	-1	-1	-1
6334	6252	6336	1	-1	-1	-1
6284	6285	6357	1	-1	-1	-1
6309	6308	6310	1	-1	-1	-1
6357	6285	6287	1	-1	-1	-1
6337	6338	6254	1	-1	-1	-1
6255	6339	6337	1	-1	-1	-1
6358	6286	6288	1	-1	-1	-1
6359	6287	6286	1	-1	-1	-1
6331	6258	6343	1	-1	-1	-1
6255	6340	6339	1	-1	-1	-1
6342	6257	6338	1	-1	-1	-1
6295	6296	6348	1	-1	-1	-1
6290	6289	6361	1	-1	-1	-1
6342	6341	6257	1	-1	-1	-1
6258	6341	6343	1	-1	-1	-1
6318	6314	6311	1	-1	-1	-1
6360	6289	6294	1	-1	-1	-1
6291	6292	6362	1	-1	-1	-1
6293	6291	6362	1	-1	-1	-1
6345	6340	6262	1	-1	-1	-1
6260	6344	6345	1	-1	-1	-1
6290	6361	6298	1	-1	-1	-1
6294	6293	6366	1	-1	-1	-1
6263	6346	6344	1	-1	-1	-1
6292	6303	6364	1	-1	-1	-1
6265	6348	6347	1	-1	-1	-1
6297	6368	6296	1	-1	-1	-1
6266	6347	6349	1	-1	-1	-1
6350	6346	6267	1	-1	-1	-1
6297	6301	6369	1	-1	-1	-1
6298	6370	6299	1	-1	-1	-1
6351	6268	6349	1	-1	-1	-1
6351	6350	6268	1	-1	-1	-1
6353	6282	6335	1	-1	-1	-1
6303	6304	6364	1	-1	-1	-1
6300	6299	6373	1	-1	-1	-1
6373	6302	6300	1	-1	-1	-1
6374	6301	6302	1	-1	-1	-1
6330	6329	6328	1	-1	-1	-1
6352	6281	6354	1	-1	-1	-1
6353	6354	6281	1	-1	-1	-1
6305	6379	6304	1	-1	-1	-1
6306	6379	6305	1	-1	-1	-1
6307	6380	6306	1	-1	-1	-1
6355	6284	6356	1	-1	-1	-1
6356	6284	6357	1	-1	-1	-1
6307	6309	6381	1	-1	-1	-1
6309	6310	6383	1	-1	-1	-1
6358	6359	6286	1	-1	-1	-1
6359	6357	6287	1	-1	-1	-1
6384	6313	6312	1	-1	-1	-1
6289	6360	6361	1	-1	-1	-1
6348	6296	6367	1	-1	-1	-1
6385	6312	6314	1	-1	-1	-1
6363	6362	6292	1	-1	-1	-1
6383	6310	6325	1	-1	-1	-1
6292	6364	6363	1	-1	-1	-1
6365	6293	6362	1	-1	-1	-1
6314	6318	6388	1	-1	-1	-1
6366	6360	6294	1	-1	-1	-1
6386	6323	6313	1	-1	-1	-1
6366	6293	6365	1	-1	-1	-1
6388	6318	6321	1	-1	-1	-1
6298	6361	6371	1	-1	-1	-1
6368	6367	6296	1	-1	-1	-1
6297	6369	6368	1	-1	-1	-1
6324	6390	6322	1	-1	-1	-1
6322	6390	6325	1	-1	-1	-1
6324	6323	6391	1	-1	-1	-1
6371	6370	6298	1	-1	-1	-1
6299	6370	6372	1	-1	-1	-1
6299	6372	6373	1	-1	-1	-1
6369	6301	6374	1	-1	-1	-1
6378	6364	6304	1	-1	-1	-1
6394	6330	6326	1	-1	-1	-1
6327	6329	6395	1	-1	-1	-1
6302	6373	6377	1	-1	-1	-1
6302	6376	6374	1	-1	-1	-1
6302	6375	6376	1	-1	-1	-1
6375	6302	6377	1	-1	-1	-1
6330	6396	6329	1	-1	-1	-1
6397	6332	6331	1	-1	-1	-1
6304	6379	6378	1	-1	-1	-1
6398	6333	6332	1	-1	-1	-1
6379	6306	6380	1	-1	-1	-1
6381	6380	6307	1	-1	-1	-1
6399	6336	6333	1	-1	-1	-1
6335	6334	6400	1	-1	-1	-1
6334	6336	6400	1	-1	-1	-1
6343	6397	6331	1	-1	-1	-1
6381	6309	6382	1	-1	-1	-1
6382	6309	6383	1	-1	-1	-1
6337	6405	6338	1	-1	-1	-1
6405	6337	6339	1	-1	-1	-1
6385	6384	6312	1	-1	-1	-1
6387	6313	6384	1	-1	-1	-1
6342	6338	6405	1	-1	-1	-1
6406	6339	6340	1	-1	-1	-1
6387	6386	6313	1	-1	-1	-1
6388	6385	6314	1	-1	-1	-1
6335	6401	6353	1	-1	-1	-1
6342	6410	6341	1	-1	-1	-1
6340	6345	6408	1	-1	-1	-1
6343	6341	6410	1	-1	-1	-1
6388	6321	6389	1	-1	-1	-1
6391	6323	6386	1	-1	-1	-1
6325	6393	6383	1	-1	-1	-1
6344	6346	6415	1	-1	-1	-1
6345	6344	6416	1	-1	-1	-1
6392	6390	6324	1	-1	-1	-1
6392	6324	6391	1	-1	-1	-1
6325	6390	6393	1	-1	-1	-1
6417	6346	6350	1	-1	-1	-1
6419	6347	6348	1	-1	-1	-1
6347	6419	6349	1	-1	-1	-1
6395	6329	6396	1	-1	-1	-1
6396	6330	6394	1	-1	-1	-1
6421	6351	6349	1	-1	-1	-1
6350	6351	6423	1	-1	-1	-1
6332	6397	6398	1	-1	-1	-1
6398	6399	6333	1	-1	-1	-1
6353	6424	6354	1	-1	-1	-1
6348	6367	6420	1	-1	-1	-1
6356	6425	6355	1	-1	-1	-1
6402	6335	6400	1	-1	-1	-1
6336	6399	6403	1	-1	-1	-1
6335	6402	6401	1	-1	-1	-1
6336	6404	6400	1	-1	-1	-1
6427	6356	6357	1	-1	-1	-1
6427	6357	6359	1	-1	-1	-1
6403	6404	6336	1	-1	-1	-1
6359	6358	6428	1	-1	-1	-1
6429	6361	6360	1	-1	-1	-1
6339	6407	6405	1	-1	-1	-1
6339	6406	6407	1	-1	-1	-1
6343	6413	6397	1	-1	-1	-1
6340	6409	6406	1	-1	-1	-1
6362	6363	6431	1	-1	-1	-1
6366	6430	6360	1	-1	-1	-1
6340	6408	6409	1	-1	-1	-1
6405	6411	6342	1	-1	-1	-1
6362	6431	6365	1	-1	-1	-1
6432	6363	6364	1	-1	-1	-1
6429	6371	6361	1	-1	-1	-1
6366	6365	6433	1	-1	-1	-1
6412	6410	6342	1	-1	-1	-1
6342	6411	6412	1	-1	-1	-1
6343	6410	6414	1	-1	-1	-1
6416	6408	6345	1	-1	-1	-1
6414	6413	6343	1	-1	-1	-1
6435	6367	6368	1	-1	-1	-1
6368	6369	6436	1	-1	-1	-1
6432	6364	6378	1	-1	-1	-1
6392	6393	6390	1	-1	-1	-1
6416	6344	6415	1	-1	-1	-1
6353	6401	6424	1	-1	-1	-1
6437	6370	6371	1	-1	-1	-1
6437	6372	6370	1	-1	-1	-1
6418	6415	6346	1	-1	-1	-1
6374	6436	6369	1	-1	-1	-1
6346	6417	6418	1	-1	-1	-1
6372	6439	6373	1	-1	-1	-1
6420	6419	6348	1	-1	-1	-1
6439	6377	6373	1	-1	-1	-1
6350	6423	6417	1	-1	-1	-1
6422	6349	6419	1	-1	-1	-1
6442	6374	6376	1	-1	-1	-1
6421	6349	6422	1	-1	-1	-1
6443	6376	6375	1	-1	-1	-1
6421	6423	6351	1	-1	-1	-1
6444	6375	6377	1	-1	-1	-1
6379	6448	6378	1	-1	-1	-1
6402	6400	6404	1	-1	-1	-1
6356	6426	6425	1	-1	-1	-1
6380	6449	6379	1	-1	-1	-1
6427	6426	6356	1	-1	-1	-1
6450	6380	6381	1	-1	-1	-1
6428	6427	6359	1	-1	-1	-1
6451	6381	6382	1	-1	-1	-1
6383	6453	6382	1	-1	-1	-1
6429	6360	6430	1	-1	-1	-1
6420	6367	6435	1	-1	-1	-1
6405	6407	6411	1	-1	-1	-1
6456	6384	6385	1	-1	-1	-1
6387	6384	6455	1	-1	-1	-1
6363	6432	6431	1	-1	-1	-1
6433	6365	6431	1	-1	-1	-1
6383	6393	6454	1	-1	-1	-1
6388	6457	6385	1	-1	-1	-1
6366	6434	6430	1	-1	-1	-1
6387	6458	6386	1	-1	-1	-1
6366	6433	6434	1	-1	-1	-1
6388	6389	6457	1	-1	-1	-1
6458	6391	6386	1	-1	-1	-1
6412	6414	6410	1	-1	-1	-1
6371	6429	6438	1	-1	-1	-1
6435	6368	6436	1	-1	-1	-1
6454	6393	6392	1	-1	-1	-1
6391	6461	6392	1	-1	-1	-1
6438	6437	6371	1	-1	-1	-1
6372	6437	6439	1	-1	-1	-1
6440	6436	6374	1	-1	-1	-1
6394	6462	6396	1	-1	-1	-1
6395	6396	6463	1	-1	-1	-1
6441	6440	6374	1	-1	-1	-1
6447	6432	6378	1	-1	-1	-1
6442	6441	6374	1	-1	-1	-1
6465	6398	6397	1	-1	-1	-1
6377	6439	6445	1	-1	-1	-1
6422	6419	6420	1	-1	-1	-1
6442	6376	6443	1	-1	-1	-1
6444	6443	6375	1	-1	-1	-1
6465	6399	6398	1	-1	-1	-1
6446	6444	6377	1	-1	-1	-1
6377	6445	6446	1	-1	-1	-1
6399	6467	6403	1	-1	-1	-1
6402	6468	6401	1	-1	-1	-1
6447	6378	6448	1	-1	-1	-1
6402	6404	6469	1	-1	-1	-1
6448	6379	6449	1	-1	-1	-1
6413	6466	6397	1	-1	-1	-1
6471	6404	6403	1	-1	-1	-1
6380	6450	6449	1	-1	-1	-1
6381	6451	6450	1	-1	-1	-1
6407	6406	6472	1	-1	-1	-1
6451	6382	6452	1	-1	-1	-1
6472	6406	6409	1	-1	-1	-1
6453	6452	6382	1	-1	-1	-1
6383	6454	6453	1	-1	-1	-1
6411	6407	6474	1	-1	-1	-1
6468	6424	6401	1	-1	-1	-1
6409	6408	6476	1	-1	-1	-1
6456	6455	6384	1	-1	-1	-1
6474	6412	6411	1	-1	-1	-1
6438	6429	6430	1	-1	-1	-1
6456	6385	6457	1	-1	-1	-1
6408	6416	6475	1	-1	-1	-1
6387	6455	6460	1	-1	-1	-1
6414	6412	6478	1	-1	-1	-1
6387	6459	6458	1	-1	-1	-1
6387	6460	6459	1	-1	-1	-1
6413	6414	6479	1	-1	-1	-1
6392	6461	6454	1	-1	-1	-1
6391	6458	6461	1	-1	-1	-1
6482	6416	6415	1	-1	-1	-1
6415	6418	6482	1	-1	-1	-1
6418	6417	6484	1	-1	-1	-1
6463	6396	6462	1	-1	-1	-1
6483	6417	6423	1	-1	-1	-1
6397	6464	6465	1	-1	-1	-1
6464	6397	6466	1	-1	-1	-1
6486	6422	6420	1	-1	-1	-1
6399	6465	6467	1	-1	-1	-1
6421	6488	6423	1	-1	-1	-1
6489	6421	6422	1	-1	-1	-1
6469	6468	6402	1	-1	-1	-1
6467	6470	6403	1	-1	-1	-1
6426	6491	6425	1	-1	-1	-1
6487	6420	6435	1	-1	-1	-1
6404	6471	6469	1	-1	-1	-1
6403	6470	6471	1	-1	-1	-1
6493	6426	6427	1	-1	-1	-1
6493	6427	6428	1	-1	-1	-1
6472	6473	6407	1	-1	-1	-1
6474	6407	6473	1	-1	-1	-1
6495	6431	6432	1	-1	-1	-1
6472	6409	6477	1	-1	-1	-1
6434	6494	6430	1	-1	-1	-1
6408	6475	6476	1	-1	-1	-1
6495	6433	6431	1	-1	-1	-1
6413	6480	6466	1	-1	-1	-1
6409	6476	6477	1	-1	-1	-1
6430	6494	6438	1	-1	-1	-1
6433	6497	6434	1	-1	-1	-1
6474	6478	6412	1	-1	-1	-1
6435	6436	6500	1	-1	-1	-1
6479	6480	6413	1	-1	-1	-1
6414	6478	6481	1	-1	-1	-1
6475	6416	6482	1	-1	-1	-1
6447	6495	6432	1	-1	-1	-1
6481	6479	6414	1	-1	-1	-1
6437	6438	6501	1	-1	-1	-1
6436	6440	6500	1	-1	-1	-1
6439	6437	6501	1	-1	-1	-1
6484	6417	6483	1	-1	-1	-1
6440	6441	6504	1	-1	-1	-1
6485	6482	6418	1	-1	-1	-1
6445	6439	6503	1	-1	-1	-1
6484	6485	6418	1	-1	-1	-1
6505	6441	6442	1	-1	-1	-1
6507	6442	6443	1	-1	-1	-1
6420	6487	6486	1	-1	-1	-1
6446	6445	6503	1	-1	-1	-1
6509	6443	6444	1	-1	-1	-1
6490	6483	6423	1	-1	-1	-1
6467	6465	6464	1	-1	-1	-1
6489	6422	6486	1	-1	-1	-1
6489	6488	6421	1	-1	-1	-1
6446	6510	6444	1	-1	-1	-1
6490	6423	6488	1	-1	-1	-1
6447	6448	6512	1	-1	-1	-1
6491	6426	6492	1	-1	-1	-1
6493	6492	6426	1	-1	-1	-1
6449	6514	6448	1	-1	-1	-1
6449	6450	6514	1	-1	-1	-1
6451	6516	6450	1	-1	-1	-1
6516	6451	6452	1	-1	-1	-1
6487	6435	6499	1	-1	-1	-1
6452	6453	6517	1	-1	-1	-1
6496	6433	6495	1	-1	-1	-1
6454	6519	6453	1	-1	-1	-1
6433	6496	6497	1	-1	-1	-1
6494	6434	6498	1	-1	-1	-1
6497	6498	6434	1	-1	-1	-1
6520	6455	6456	1	-1	-1	-1
6438	6494	6502	1	-1	-1	-1
6519	6454	6461	1	-1	-1	-1
6499	6435	6500	1	-1	-1	-1
6455	6520	6460	1	-1	-1	-1
6459	6521	6458	1	-1	-1	-1
6461	6458	6521	1	-1	-1	-1
6501	6438	6502	1	-1	-1	-1
6460	6522	6459	1	-1	-1	-1
6485	6475	6482	1	-1	-1	-1
6503	6439	6501	1	-1	-1	-1
6504	6500	6440	1	-1	-1	-1
6462	6525	6463	1	-1	-1	-1
6506	6504	6441	1	-1	-1	-1
6505	6506	6441	1	-1	-1	-1
6495	6447	6513	1	-1	-1	-1
6508	6505	6442	1	-1	-1	-1
6526	6464	6466	1	-1	-1	-1
6508	6442	6507	1	-1	-1	-1
6526	6467	6464	1	-1	-1	-1
6509	6507	6443	1	-1	-1	-1
6511	6446	6503	1	-1	-1	-1
6444	6510	6509	1	-1	-1	-1
6470	6467	6528	1	-1	-1	-1
6511	6510	6446	1	-1	-1	-1
6512	6513	6447	1	-1	-1	-1
6480	6527	6466	1	-1	-1	-1
6512	6448	6514	1	-1	-1	-1
6472	6530	6473	1	-1	-1	-1
6477	6529	6472	1	-1	-1	-1
6532	6474	6473	1	-1	-1	-1
6514	6450	6515	1	-1	-1	-1
6515	6450	6516	1	-1	-1	-1
6475	6533	6476	1	-1	-1	-1
6478	6474	6532	1	-1	-1	-1
6518	6516	6452	1	-1	-1	-1
6452	6517	6518	1	-1	-1	-1
6477	6476	6534	1	-1	-1	-1
6517	6453	6519	1	-1	-1	-1
6478	6532	6481	1	-1	-1	-1
6485	6533	6475	1	-1	-1	-1
6480	6479	6537	1	-1	-1	-1
6537	6479	6481	1	-1	-1	-1
6461	6521	6519	1	-1	-1	-1
6523	6521	6459	1	-1	-1	-1
6520	6524	6460	1	-1	-1	-1
6459	6522	6523	1	-1	-1	-1
6460	6524	6522	1	-1	-1	-1
6540	6484	6483	1	-1	-1	-1
6484	6541	6485	1	-1	-1	-1
6490	6540	6483	1	-1	-1	-1
6542	6486	6487	1	-1	-1	-1
6489	6486	6542	1	-1	-1	-1
6466	6527	6526	1	-1	-1	-1
6528	6467	6526	1	-1	-1	-1
6488	6489	6544	1	-1	-1	-1
6544	6490	6488	1	-1	-1	-1
6499	6543	6487	1	-1	-1	-1
6472	6529	6530	1	-1	-1	-1
6491	6492	6548	1	-1	-1	-1
6473	6530	6531	1	-1	-1	-1
6473	6531	6532	1	-1	-1	-1
6549	6494	6498	1	-1	-1	-1
6496	6495	6550	1	-1	-1	-1
6529	6477	6536	1	-1	-1	-1
6476	6533	6534	1	-1	-1	-1
6551	6497	6496	1	-1	-1	-1
6527	6480	6538	1	-1	-1	-1
6502	6494	6549	1	-1	-1	-1
6534	6535	6477	1	-1	-1	-1
6535	6536	6477	1	-1	-1	-1
6497	6554	6498	1	-1	-1	-1
6500	6555	6499	1	-1	-1	-1
6532	6539	6481	1	-1	-1	-1
6481	6539	6537	1	-1	-1	-1
6537	6538	6480	1	-1	-1	-1
6513	6550	6495	1	-1	-1	-1
6485	6541	6533	1	-1	-1	-1
6555	6500	6504	1	-1	-1	-1
6501	6502	6557	1	-1	-1	-1
6557	6503	6501	1	-1	-1	-1
6540	6541	6484	1	-1	-1	-1
6560	6504	6506	1	-1	-1	-1
6561	6506	6505	1	-1	-1	-1
6542	6487	6543	1	-1	-1	-1
6559	6511	6503	1	-1	-1	-1
6508	6561	6505	1	-1	-1	-1
6489	6542	6545	1	-1	-1	-1
6490	6547	6540	1	-1	-1	-1
6545	6544	6489	1	-1	-1	-1
6507	6563	6508	1	-1	-1	-1
6507	6509	6563	1	-1	-1	-1
6490	6544	6546	1	-1	-1	-1
6490	6546	6547	1	-1	-1	-1
6510	6566	6509	1	-1	-1	-1
6510	6511	6566	1	-1	-1	-1
6513	6512	6568	1	-1	-1	-1
6514	6568	6512	1	-1	-1	-1
6556	6543	6499	1	-1	-1	-1
6552	6496	6550	1	-1	-1	-1
6570	6514	6515	1	-1	-1	-1
6552	6551	6496	1	-1	-1	-1
6554	6549	6498	1	-1	-1	-1
6497	6551	6553	1	-1	-1	-1
6572	6515	6516	1	-1	-1	-1
6497	6553	6554	1	-1	-1	-1
6516	6518	6572	1	-1	-1	-1
6518	6517	6573	1	-1	-1	-1
6549	6558	6502	1	-1	-1	-1
6556	6499	6555	1	-1	-1	-1
6517	6519	6574	1	-1	-1	-1
6574	6519	6521	1	-1	-1	-1
6502	6558	6557	1	-1	-1	-1
6574	6521	6523	1	-1	-1	-1
6555	6504	6560	1	-1	-1	-1
6503	6557	6559	1	-1	-1	-1
6576	6523	6522	1	-1	-1	-1
6524	6576	6522	1	-1	-1	-1
6506	6562	6560	1	-1	-1	-1
6561	6562	6506	1	-1	-1	-1
6527	6578	6526	1	-1	-1	-1
6513	6569	6550	1	-1	-1	-1
6578	6528	6526	1	-1	-1	-1
6508	6564	6561	1	-1	-1	-1
6563	6565	6508	1	-1	-1	-1
6564	6508	6565	1	-1	-1	-1
6511	6559	6567	1	-1	-1	-1
6509	6566	6563	1	-1	-1	-1
6580	6530	6529	1	-1	-1	-1
6531	6530	6580	1	-1	-1	-1
6579	6527	6538	1	-1	-1	-1
6567	6566	6511	1	-1	-1	-1
6531	6582	6532	1	-1	-1	-1
6529	6536	6580	1	-1	-1	-1
6533	6583	6534	1	-1	-1	-1
6568	6569	6513	1	-1	-1	-1
6534	6583	6535	1	-1	-1	-1
6514	6570	6568	1	-1	-1	-1
6532	6582	6539	1	-1	-1	-1
6515	6571	6570	1	-1	-1	-1
6585	6536	6535	1	-1	-1	-1
6541	6583	6533	1	-1	-1	-1
6572	6571	6515	1	-1	-1	-1
6538	6537	6588	1	-1	-1	-1
6517	6574	6573	1	-1	-1	-1
6575	6572	6518	1	-1	-1	-1
6537	6539	6589	1	-1	-1	-1
6573	6575	6518	1	-1	-1	-1
6560	6556	6555	1	-1	-1	-1
6591	6541	6540	1	-1	-1	-1
6574	6523	6577	1	-1	-1	-1
6559	6557	6558	1	-1	-1	-1
6523	6576	6577	1	-1	-1	-1
6592	6542	6543	1	-1	-1	-1
6540	6547	6591	1	-1	-1	-1
6545	6542	6593	1	-1	-1	-1
6545	6595	6544	1	-1	-1	-1
6578	6527	6579	1	-1	-1	-1
6546	6544	6595	1	-1	-1	-1
6547	6546	6596	1	-1	-1	-1
6531	6580	6581	1	-1	-1	-1
6556	6594	6543	1	-1	-1	-1
6531	6581	6582	1	-1	-1	-1
6549	6554	6599	1	-1	-1	-1
6584	6535	6583	1	-1	-1	-1
6601	6552	6550	1	-1	-1	-1
6587	6580	6536	1	-1	-1	-1
6585	6535	6584	1	-1	-1	-1
6602	6551	6552	1	-1	-1	-1
6602	6553	6551	1	-1	-1	-1
6585	6586	6536	1	-1	-1	-1
6538	6590	6579	1	-1	-1	-1
6600	6558	6549	1	-1	-1	-1
6587	6536	6586	1	-1	-1	-1
6589	6539	6582	1	-1	-1	-1
6553	6605	6554	1	-1	-1	-1
6588	6537	6589	1	-1	-1	-1
6541	6591	6583	1	-1	-1	-1
6590	6538	6588	1	-1	-1	-1
6601	6550	6569	1	-1	-1	-1
6606	6556	6560	1	-1	-1	-1
6559	6558	6607	1	-1	-1	-1
6542	6592	6593	1	-1	-1	-1
6543	6594	6592	1	-1	-1	-1
6562	6609	6560	1	-1	-1	-1
6610	6562	6561	1	-1	-1	-1
6595	6545	6593	1	-1	-1	-1
6567	6559	6608	1	-1	-1	-1
6610	6561	6564	1	-1	-1	-1
6598	6591	6547	1	-1	-1	-1
6546	6595	6597	1	-1	-1	-1
6565	6563	6611	1	-1	-1	-1
6596	6546	6597	1	-1	-1	-1
6611	6563	6566	1	-1	-1	-1
6547	6596	6598	1	-1	-1	-1
6564	6565	6612	1	-1	-1	-1
6600	6549	6599	1	-1	-1	-1
6567	6615	6566	1	-1	-1	-1
6569	6568	6617	1	-1	-1	-1
6601	6603	6552	1	-1	-1	-1
6594	6556	6606	1	-1	-1	-1
6618	6568	6570	1	-1	-1	-1
6552	6603	6602	1	-1	-1	-1
6554	6605	6599	1	-1	-1	-1
6591	6584	6583	1	-1	-1	-1
6604	6553	6602	1	-1	-1	-1
6618	6570	6571	1	-1	-1	-1
6605	6553	6604	1	-1	-1	-1
6621	6571	6572	1	-1	-1	-1
6607	6558	6600	1	-1	-1	-1
6572	6575	6621	1	-1	-1	-1
6574	6622	6573	1	-1	-1	-1
6623	6575	6573	1	-1	-1	-1
6584	6591	6598	1	-1	-1	-1
6577	6622	6574	1	-1	-1	-1
6559	6607	6608	1	-1	-1	-1
6606	6560	6609	1	-1	-1	-1
6576	6626	6577	1	-1	-1	-1
6610	6609	6562	1	-1	-1	-1
6597	6595	6593	1	-1	-1	-1
6564	6613	6610	1	-1	-1	-1
6564	6612	6613	1	-1	-1	-1
6601	6569	6619	1	-1	-1	-1
6614	6565	6611	1	-1	-1	-1
6629	6581	6580	1	-1	-1	-1
6614	6612	6565	1	-1	-1	-1
6616	6567	6608	1	-1	-1	-1
6615	6611	6566	1	-1	-1	-1
6631	6582	6581	1	-1	-1	-1
6587	6629	6580	1	-1	-1	-1
6567	6616	6615	1	-1	-1	-1
6584	6632	6585	1	-1	-1	-1
6589	6582	6631	1	-1	-1	-1
6568	6618	6617	1	-1	-1	-1
6633	6586	6585	1	-1	-1	-1
6569	6617	6619	1	-1	-1	-1
6586	6634	6587	1	-1	-1	-1
6618	6571	6620	1	-1	-1	-1
6620	6571	6621	1	-1	-1	-1
6589	6635	6588	1	-1	-1	-1
6590	6588	6635	1	-1	-1	-1
6632	6584	6598	1	-1	-1	-1
6622	6623	6573	1	-1	-1	-1
6625	6621	6575	1	-1	-1	-1
6575	6623	6624	1	-1	-1	-1
6592	6638	6593	1	-1	-1	-1
6575	6624	6625	1	-1	-1	-1
6638	6592	6594	1	-1	-1	-1
6577	6628	6622	1	-1	-1	-1
6593	6639	6597	1	-1	-1	-1
6627	6577	6626	1	-1	-1	-1
6577	6627	6628	1	-1	-1	-1
6596	6640	6598	1	-1	-1	-1
6596	6597	6641	1	-1	-1	-1
6638	6594	6606	1	-1	-1	-1
6629	6630	6581	1	-1	-1	-1
6630	6631	6581	1	-1	-1	-1
6599	6645	6600	1	-1	-1	-1
6599	6605	6645	1	-1	-1	-1
6632	6633	6585	1	-1	-1	-1
6634	6629	6587	1	-1	-1	-1
6647	6603	6601	1	-1	-1	-1
6634	6586	6633	1	-1	-1	-1
6600	6646	6607	1	-1	-1	-1
6649	6602	6603	1	-1	-1	-1
6649	6604	6602	1	-1	-1	-1
6589	6631	6637	1	-1	-1	-1
6604	6651	6605	1	-1	-1	-1
6635	6589	6636	1	-1	-1	-1
6637	6636	6589	1	-1	-1	-1
6648	6601	6619	1	-1	-1	-1
6653	6606	6609	1	-1	-1	-1
6654	6608	6607	1	-1	-1	-1
6593	6638	6639	1	-1	-1	-1
6623	6622	6628	1	-1	-1	-1
6598	6644	6632	1	-1	-1	-1
6628	6624	6623	1	-1	-1	-1
6609	6610	6656	1	-1	-1	-1
6596	6641	6640	1	-1	-1	-1
6642	6597	6639	1	-1	-1	-1
6608	6655	6616	1	-1	-1	-1
6610	6613	6657	1	-1	-1	-1
6597	6642	6641	1	-1	-1	-1
6643	6598	6640	1	-1	-1	-1
6614	6611	6658	1	-1	-1	-1
6659	6613	6612	1	-1	-1	-1
6658	6611	6615	1	-1	-1	-1
6659	6612	6614	1	-1	-1	-1
6598	6643	6644	1	-1	-1	-1
6600	6645	6646	1	-1	-1	-1
6664	6615	6616	1	-1	-1	-1
6647	6601	6648	1	-1	-1	-1
6606	6652	6638	1	-1	-1	-1
6647	6649	6603	1	-1	-1	-1
6666	6617	6618	1	-1	-1	-1
6645	6605	6651	1	-1	-1	-1
6617	6667	6619	1	-1	-1	-1
6604	6649	6650	1	-1	-1	-1
6618	6620	6666	1	-1	-1	-1
6651	6604	6650	1	-1	-1	-1
6646	6654	6607	1	-1	-1	-1
6644	6633	6632	1	-1	-1	-1
6620	6621	6668	1	-1	-1	-1
6606	6653	6652	1	-1	-1	-1
6668	6621	6625	1	-1	-1	-1
6655	6608	6654	1	-1	-1	-1
6653	6609	6656	1	-1	-1	-1
6624	6670	6625	1	-1	-1	-1
6657	6656	6610	1	-1	-1	-1
6624	6628	6671	1	-1	-1	-1
6671	6628	6627	1	-1	-1	-1
6613	6660	6657	1	-1	-1	-1
6613	6659	6661	1	-1	-1	-1
6674	6630	6629	1	-1	-1	-1
6660	6613	6661	1	-1	-1	-1
6667	6648	6619	1	-1	-1	-1
6658	6662	6614	1	-1	-1	-1
6614	6662	6659	1	-1	-1	-1
6631	6630	6675	1	-1	-1	-1
6615	6663	6658	1	-1	-1	-1
6665	6616	6655	1	-1	-1	-1
6634	6674	6629	1	-1	-1	-1
6664	6663	6615	1	-1	-1	-1
6634	6633	6677	1	-1	-1	-1
6637	6631	6676	1	-1	-1	-1
6665	6664	6616	1	-1	-1	-1
6667	6617	6666	1	-1	-1	-1
6636	6637	6680	1	-1	-1	-1
6633	6644	6677	1	-1	-1	-1
6669	6620	6668	1	-1	-1	-1
6666	6620	6669	1	-1	-1	-1
6638	6681	6639	1	-1	-1	-1
6639	6681	6642	1	-1	-1	-1
6683	6640	6641	1	-1	-1	-1
6624	6671	6670	1	-1	-1	-1
6683	6643	6640	1	-1	-1	-1
6668	6625	6673	1	-1	-1	-1
6625	6670	6672	1	-1	-1	-1
6642	6684	6641	1	-1	-1	-1
6625	6672	6673	1	-1	-1	-1
6652	6682	6638	1	-1	-1	-1
6644	6643	6687	1	-1	-1	-1
6674	6675	6630	1	-1	-1	-1
6646	6645	6689	1	-1	-1	-1
6676	6631	6675	1	-1	-1	-1
6645	6651	6689	1	-1	-1	-1
6647	6648	6691	1	-1	-1	-1
6674	6634	6679	1	-1	-1	-1
6649	6647	6691	1	-1	-1	-1
6677	6678	6634	1	-1	-1	-1
6690	6654	6646	1	-1	-1	-1
6634	6678	6679	1	-1	-1	-1
6680	6637	6676	1	-1	-1	-1
6649	6694	6650	1	-1	-1	-1
6651	6650	6695	1	-1	-1	-1
6652	6653	6696	1	-1	-1	-1
6681	6638	6682	1	-1	-1	-1
6656	6696	6653	1	-1	-1	-1
6697	6655	6654	1	-1	-1	-1
6648	6667	6692	1	-1	-1	-1
6683	6641	6684	1	-1	-1	-1
6642	6681	6686	1	-1	-1	-1
6677	6644	6688	1	-1	-1	-1
6642	6685	6684	1	-1	-1	-1
6656	6657	6699	1	-1	-1	-1
6685	6642	6686	1	-1	-1	-1
6683	6687	6643	1	-1	-1	-1
6700	6657	6660	1	-1	-1	-1
6655	6698	6665	1	-1	-1	-1
6644	6687	6688	1	-1	-1	-1
6702	6662	6658	1	-1	-1	-1
6659	6703	6661	1	-1	-1	-1
6702	6658	6663	1	-1	-1	-1
6662	6703	6659	1	-1	-1	-1
6690	6646	6689	1	-1	-1	-1
6661	6704	6660	1	-1	-1	-1
6682	6652	6696	1	-1	-1	-1
6648	6692	6691	1	-1	-1	-1
6691	6693	6649	1	-1	-1	-1
6663	6664	6706	1	-1	-1	-1
6651	6695	6689	1	-1	-1	-1
6664	6665	6707	1	-1	-1	-1
6649	6693	6694	1	-1	-1	-1
6695	6650	6694	1	-1	-1	-1
6690	6697	6654	1	-1	-1	-1
6708	6667	6666	1	-1	-1	-1
6669	6708	6666	1	-1	-1	-1
6709	6669	6668	1	-1	-1	-1
6686	6681	6682	1	-1	-1	-1
6697	6698	6655	1	-1	-1	-1
6673	6709	6668	1	-1	-1	-1
6696	6656	6699	1	-1	-1	-1
6673	6672	6711	1	-1	-1	-1
6657	6701	6699	1	-1	-1	-1
6657	6700	6701	1	-1	-1	-1
6674	6713	6675	1	-1	-1	-1
6700	6660	6704	1	-1	-1	-1
6679	6712	6674	1	-1	-1	-1
6715	6676	6675	1	-1	-1	-1
6667	6708	6692	1	-1	-1	-1
6705	6661	6703	1	-1	-1	-1
6702	6703	6662	1	-1	-1	-1
6707	6665	6698	1	-1	-1	-1
6661	6705	6704	1	-1	-1	-1
6715	6680	6676	1	-1	-1	-1
6706	6702	6663	1	-1	-1	-1
6717	6678	6677	1	-1	-1	-1
6679	6678	6718	1	-1	-1	-1
6664	6707	6706	1	-1	-1	-1
6716	6677	6688	1	-1	-1	-1
6708	6669	6710	1	-1	-1	-1
6669	6709	6710	1	-1	-1	-1
6682	6722	6686	1	-1	-1	-1
6683	6684	6723	1	-1	-1	-1
6687	6683	6723	1	-1	-1	-1
6709	6673	6711	1	-1	-1	-1
6684	6685	6724	1	-1	-1	-1
6685	6686	6726	1	-1	-1	-1
6720	6682	6696	1	-1	-1	-1
6674	6712	6713	1	-1	-1	-1
6713	6714	6675	1	-1	-1	-1
6675	6714	6715	1	-1	-1	-1
6687	6729	6688	1	-1	-1	-1
6730	6690	6689	1	-1	-1	-1
6692	6708	6710	1	-1	-1	-1
6717	6677	6716	1	-1	-1	-1
6679	6719	6712	1	-1	-1	-1
6718	6678	6717	1	-1	-1	-1
6689	6695	6730	1	-1	-1	-1
6691	6692	6732	1	-1	-1	-1
6720	6696	6699	1	-1	-1	-1
6732	6693	6691	1	-1	-1	-1
6679	6718	6719	1	-1	-1	-1
6690	6731	6697	1	-1	-1	-1
6694	6693	6734	1	-1	-1	-1
6682	6720	6721	1	-1	-1	-1
6682	6721	6722	1	-1	-1	-1
6694	6736	6695	1	-1	-1	-1
6724	6723	6684	1	-1	-1	-1
6737	6698	6697	1	-1	-1	-1
6729	6716	6688	1	-1	-1	-1
6724	6685	6725	1	-1	-1	-1
6727	6686	6722	1	-1	-1	-1
6692	6710	6733	1	-1	-1	-1
6725	6685	6726	1	-1	-1	-1
6728	6687	6723	1	-1	-1	-1
6726	6686	6727	1	-1	-1	-1
6699	6701	6739	1	-1	-1	-1
6740	6701	6700	1	-1	-1	-1
6707	6698	6738	1	-1	-1	-1
6687	6728	6729	1	-1	-1	-1
6741	6700	6704	1	-1	-1	-1
6702	6744	6703	1	-1	-1	-1
6731	6690	6730	1	-1	-1	-1
6702	6706	6743	1	-1	-1	-1
6709	6733	6710	1	-1	-1	-1
6703	6745	6705	1	-1	-1	-1
6704	6705	6747	1	-1	-1	-1
6733	6732	6692	1	-1	-1	-1
6699	6739	6720	1	-1	-1	-1
6732	6734	6693	1	-1	-1	-1
6736	6730	6695	1	-1	-1	-1
6707	6749	6706	1	-1	-1	-1
6735	6694	6734	1	-1	-1	-1
6697	6731	6737	1	-1	-1	-1
6694	6735	6736	1	-1	-1	-1
6709	6711	6751	1	-1	-1	-1
6737	6738	6698	1	-1	-1	-1
6752	6713	6712	1	-1	-1	-1
6713	6753	6714	1	-1	-1	-1
6739	6721	6720	1	-1	-1	-1
6741	6740	6700	1	-1	-1	-1
6742	6739	6701	1	-1	-1	-1
6740	6742	6701	1	-1	-1	-1
6719	6752	6712	1	-1	-1	-1
6754	6717	6716	1	-1	-1	-1
6743	6744	6702	1	-1	-1	-1
6755	6718	6717	1	-1	-1	-1
6704	6746	6741	1	-1	-1	-1
6744	6745	6703	1	-1	-1	-1
6750	6733	6709	1	-1	-1	-1
6756	6719	6718	1	-1	-1	-1
6738	6749	6707	1	-1	-1	-1
6704	6747	6746	1	-1	-1	-1
6705	6745	6748	1	-1	-1	-1
6743	6706	6749	1	-1	-1	-1
6754	6716	6729	1	-1	-1	-1
6748	6747	6705	1	-1	-1	-1
6758	6722	6721	1	-1	-1	-1
6724	6760	6723	1	-1	-1	-1
6759	6727	6722	1	-1	-1	-1
6761	6724	6725	1	-1	-1	-1
6750	6709	6751	1	-1	-1	-1
6760	6728	6723	1	-1	-1	-1
6762	6725	6726	1	-1	-1	-1
6727	6763	6726	1	-1	-1	-1
6752	6753	6713	1	-1	-1	-1
6721	6739	6758	1	-1	-1	-1
6765	6729	6728	1	-1	-1	-1
6717	6754	6755	1	-1	-1	-1
6731	6730	6766	1	-1	-1	-1
6757	6752	6719	1	-1	-1	-1
6718	6755	6756	1	-1	-1	-1
6733	6767	6732	1	-1	-1	-1
6756	6757	6719	1	-1	-1	-1
6766	6730	6736	1	-1	-1	-1
6767	6734	6732	1	-1	-1	-1
6766	6737	6731	1	-1	-1	-1
6734	6769	6735	1	-1	-1	-1
6722	6758	6759	1	-1	-1	-1
6758	6739	6742	1	-1	-1	-1
6735	6770	6736	1	-1	-1	-1
6761	6760	6724	1	-1	-1	-1
6738	6737	6772	1	-1	-1	-1
6754	6729	6765	1	-1	-1	-1
6762	6761	6725	1	-1	-1	-1
6759	6763	6727	1	-1	-1	-1
6733	6750	6768	1	-1	-1	-1
6764	6762	6726	1	-1	-1	-1
6760	6765	6728	1	-1	-1	-1
6764	6726	6763	1	-1	-1	-1
6741	6775	6740	1	-1	-1	-1
6742	6740	6775	1	-1	-1	-1
6774	6749	6738	1	-1	-1	-1
6777	6741	6746	1	-1	-1	-1
6743	6780	6744	1	-1	-1	-1
6767	6733	6768	1	-1	-1	-1
6751	6768	6750	1	-1	-1	-1
6769	6734	6767	1	-1	-1	-1
6781	6745	6744	1	-1	-1	-1
6749	6780	6743	1	-1	-1	-1
6770	6766	6736	1	-1	-1	-1
6748	6745	6781	1	-1	-1	-1
6737	6766	6772	1	-1	-1	-1
6771	6735	6769	1	-1	-1	-1
6747	6782	6746	1	-1	-1	-1
6771	6770	6735	1	-1	-1	-1
6747	6748	6783	1	-1	-1	-1
6779	6758	6742	1	-1	-1	-1
6772	6773	6738	1	-1	-1	-1
6774	6738	6773	1	-1	-1	-1
6775	6741	6776	1	-1	-1	-1
6752	6787	6753	1	-1	-1	-1
6741	6777	6776	1	-1	-1	-1
6775	6778	6742	1	-1	-1	-1
6752	6757	6787	1	-1	-1	-1
6754	6789	6755	1	-1	-1	-1
6778	6779	6742	1	-1	-1	-1
6791	6756	6755	1	-1	-1	-1
6791	6757	6756	1	-1	-1	-1
6781	6744	6780	1	-1	-1	-1
6777	6746	6782	1	-1	-1	-1
6751	6786	6768	1	-1	-1	-1
6754	6765	6788	1	-1	-1	-1
6774	6785	6749	1	-1	-1	-1
6793	6759	6758	1	-1	-1	-1
6783	6782	6747	1	-1	-1	-1
6748	6781	6784	1	-1	-1	-1
6780	6749	6785	1	-1	-1	-1
6783	6748	6784	1	-1	-1	-1
6759	6794	6763	1	-1	-1	-1
6795	6760	6761	1	-1	-1	-1
6796	6761	6762	1	-1	-1	-1
6760	6795	6765	1	-1	-1	-1
6794	6764	6763	1	-1	-1	-1
6797	6762	6764	1	-1	-1	-1
6793	6758	6779	1	-1	-1	-1
6754	6788	6789	1	-1	-1	-1
6755	6789	6790	1	-1	-1	-1
6799	6766	6770	1	-1	-1	-1
6768	6800	6767	1	-1	-1	-1
6755	6790	6791	1	-1	-1	-1
6757	6792	6787	1	-1	-1	-1
6767	6800	6769	1	-1	-1	-1
6772	6766	6799	1	-1	-1	-1
6757	6791	6792	1	-1	-1	-1
6769	6801	6771	1	-1	-1	-1
6802	6770	6771	1	-1	-1	-1
6759	6793	6794	1	-1	-1	-1
6765	6795	6788	1	-1	-1	-1
6805	6773	6772	1	-1	-1	-1
6796	6795	6761	1	-1	-1	-1
6774	6773	6806	1	-1	-1	-1
6768	6786	6800	1	-1	-1	-1
6762	6797	6796	1	-1	-1	-1
6794	6798	6764	1	-1	-1	-1
6797	6764	6798	1	-1	-1	-1
6775	6776	6810	1	-1	-1	-1
6775	6810	6778	1	-1	-1	-1
6777	6811	6776	1	-1	-1	-1
6774	6809	6785	1	-1	-1	-1
6769	6800	6801	1	-1	-1	-1
6799	6770	6802	1	-1	-1	-1
6778	6815	6779	1	-1	-1	-1
6782	6814	6777	1	-1	-1	-1
6803	6771	6801	1	-1	-1	-1
6805	6772	6799	1	-1	-1	-1
6804	6802	6771	1	-1	-1	-1
6804	6771	6803	1	-1	-1	-1
6817	6781	6780	1	-1	-1	-1
6781	6817	6784	1	-1	-1	-1
6780	6785	6818	1	-1	-1	-1
6783	6819	6782	1	-1	-1	-1
6773	6805	6807	1	-1	-1	-1
6806	6773	6807	1	-1	-1	-1
6774	6806	6808	1	-1	-1	-1
6793	6779	6816	1	-1	-1	-1
6783	6784	6821	1	-1	-1	-1
6809	6774	6808	1	-1	-1	-1
6776	6812	6810	1	-1	-1	-1
6812	6776	6811	1	-1	-1	-1
6789	6788	6823	1	-1	-1	-1
6777	6813	6811	1	-1	-1	-1
6778	6810	6815	1	-1	-1	-1
6789	6824	6790	1	-1	-1	-1
6814	6813	6777	1	-1	-1	-1
6805	6799	6802	1	-1	-1	-1
6823	6788	6795	1	-1	-1	-1
6826	6791	6790	1	-1	-1	-1
6822	6800	6786	1	-1	-1	-1
6791	6826	6792	1	-1	-1	-1
6815	6816	6779	1	-1	-1	-1
6809	6818	6785	1	-1	-1	-1
6793	6828	6794	1	-1	-1	-1
6780	6818	6817	1	-1	-1	-1
6819	6814	6782	1	-1	-1	-1
6795	6796	6830	1	-1	-1	-1
6829	6798	6794	1	-1	-1	-1
6819	6783	6820	1	-1	-1	-1
6784	6817	6821	1	-1	-1	-1
6800	6822	6801	1	-1	-1	-1
6797	6830	6796	1	-1	-1	-1
6783	6821	6820	1	-1	-1	-1
6831	6797	6798	1	-1	-1	-1
6803	6801	6832	1	-1	-1	-1
6828	6793	6816	1	-1	-1	-1
6789	6823	6825	1	-1	-1	-1
6825	6824	6789	1	-1	-1	-1
6804	6833	6802	1	-1	-1	-1
6805	6802	6833	1	-1	-1	-1
6834	6804	6803	1	-1	-1	-1
6790	6824	6827	1	-1	-1	-1
6790	6827	6826	1	-1	-1	-1
6805	6833	6807	1	-1	-1	-1
6795	6830	6823	1	-1	-1	-1
6807	6836	6806	1	-1	-1	-1
6837	6808	6806	1	-1	-1	-1
6829	6794	6828	1	-1	-1	-1
6838	6809	6808	1	-1	-1	-1
6822	6832	6801	1	-1	-1	-1
6831	6830	6797	1	-1	-1	-1
6829	6831	6798	1	-1	-1	-1
6815	6810	6841	1	-1	-1	-1
6810	6812	6841	1	-1	-1	-1
6811	6813	6842	1	-1	-1	-1
6811	6843	6812	1	-1	-1	-1
6809	6840	6818	1	-1	-1	-1
6803	6832	6834	1	-1	-1	-1
6813	6814	6845	1	-1	-1	-1
6833	6804	6835	1	-1	-1	-1
6835	6804	6834	1	-1	-1	-1
6833	6835	6807	1	-1	-1	-1
6807	6835	6836	1	-1	-1	-1
6814	6819	6846	1	-1	-1	-1
6806	6836	6837	1	-1	-1	-1
6816	6815	6848	1	-1	-1	-1
6838	6808	6837	1	-1	-1	-1
6818	6849	6817	1	-1	-1	-1
6838	6839	6809	1	-1	-1	-1
6821	6817	6849	1	-1	-1	-1
6840	6809	6839	1	-1	-1	-1
6820	6850	6819	1	-1	-1	-1
6821	6851	6820	1	-1	-1	-1
6816	6848	6828	1	-1	-1	-1
6843	6811	6842	1	-1	-1	-1
6841	6812	6844	1	-1	-1	-1
6843	6844	6812	1	-1	-1	-1
6823	6852	6825	1	-1	-1	-1
6842	6813	6845	1	-1	-1	-1
6847	6815	6841	1	-1	-1	-1
6824	6825	6854	1	-1	-1	-1
6827	6824	6853	1	-1	-1	-1
6823	6830	6852	1	-1	-1	-1
6846	6845	6814	1	-1	-1	-1
6849	6818	6840	1	-1	-1	-1
6848	6815	6847	1	-1	-1	-1
6856	6829	6828	1	-1	-1	-1
6850	6846	6819	1	-1	-1	-1
6831	6829	6857	1	-1	-1	-1
6831	6858	6830	1	-1	-1	-1
6851	6821	6849	1	-1	-1	-1
6850	6820	6851	1	-1	-1	-1
6853	6824	6854	1	-1	-1	-1
6825	6852	6855	1	-1	-1	-1
6828	6848	6856	1	-1	-1	-1
6825	6855	6854	1	-1	-1	-1
6859	6839	6838	1	-1	-1	-1
6839	6859	6840	1	-1	-1	-1
6830	6858	6852	1	-1	-1	-1
6856	6857	6829	1	-1	-1	-1
6858	6831	6857	1	-1	-1	-1
6862	6841	6844	1	-1	-1	-1
6843	6842	6863	1	-1	-1	-1
6847	6841	6862	1	-1	-1	-1
6845	6863	6842	1	-1	-1	-1
6840	6861	6849	1	-1	-1	-1
6843	6864	6844	1	-1	-1	-1
6866	6845	6846	1	-1	-1	-1
6859	6860	6840	1	-1	-1	-1
6860	6861	6840	1	-1	-1	-1
6850	6866	6846	1	-1	-1	-1
6848	6847	6868	1	-1	-1	-1
6858	6855	6852	1	-1	-1	-1
6864	6862	6844	1	-1	-1	-1
6849	6870	6851	1	-1	-1	-1
6865	6843	6863	1	-1	-1	-1
6865	6864	6843	1	-1	-1	-1
6851	6872	6850	1	-1	-1	-1
6869	6856	6848	1	-1	-1	-1
6867	6863	6845	1	-1	-1	-1
6847	6862	6868	1	-1	-1	-1
6866	6867	6845	1	-1	-1	-1
6854	6873	6853	1	-1	-1	-1
6870	6849	6861	1	-1	-1	-1
6854	6855	6874	1	-1	-1	-1
6848	6868	6869	1	-1	-1	-1
6850	6871	6866	1	-1	-1	-1
6855	6858	6875	1	-1	-1	-1
6876	6857	6856	1	-1	-1	-1
6875	6858	6857	1	-1	-1	-1
6872	6871	6850	1	-1	-1	-1
6851	6870	6872	1	-1	-1	-1
6878	6861	6860	1	-1	-1	-1
6873	6854	6874	1	-1	-1	-1
6869	6876	6856	1	-1	-1	-1
6874	6855	6875	1	-1	-1	-1
6862	6864	6879	1	-1	-1	-1
6863	6881	6865	1	-1	-1	-1
6861	6878	6870	1	-1	-1	-1
6875	6857	6877	1	-1	-1	-1
6862	6880	6868	1	-1	-1	-1
6876	6877	6857	1	-1	-1	-1
6867	6882	6863	1	-1	-1	-1
6864	6865	6883	1	-1	-1	-1
6885	6867	6866	1	-1	-1	-1
6880	6862	6879	1	-1	-1	-1
6885	6866	6871	1	-1	-1	-1
6888	6869	6868	1	-1	-1	-1
6883	6879	6864	1	-1	-1	-1
6863	6882	6881	1	-1	-1	-1
6884	6865	6881	1	-1	-1	-1
6870	6889	6872	1	-1	-1	-1
6884	6883	6865	1	-1	-1	-1
6869	6888	6876	1	-1	-1	-1
6872	6891	6871	1	-1	-1	-1
6868	6880	6887	1	-1	-1	-1
6867	6886	6882	1	-1	-1	-1
6878	6889	6870	1	-1	-1	-1
6885	6886	6867	1	-1	-1	-1
6874	6892	6873	1	-1	-1	-1
6892	6874	6875	1	-1	-1	-1
6888	6868	6887	1	-1	-1	-1
6894	6875	6877	1	-1	-1	-1
6871	6890	6885	1	-1	-1	-1
6877	6876	6895	1	-1	-1	-1
6872	6889	6891	1	-1	-1	-1
6871	6891	6890	1	-1	-1	-1
6879	6897	6880	1	-1	-1	-1
6897	6879	6883	1	-1	-1	-1
6875	6893	6892	1	-1	-1	-1
6876	6888	6896	1	-1	-1	-1
6893	6875	6894	1	-1	-1	-1
6881	6882	6900	1	-1	-1	-1
6881	6900	6884	1	-1	-1	-1
6887	6880	6899	1	-1	-1	-1
6877	6895	6894	1	-1	-1	-1
6876	6896	6895	1	-1	-1	-1
6882	6886	6901	1	-1	-1	-1
6884	6902	6883	1	-1	-1	-1
6897	6898	6880	1	-1	-1	-1
6880	6898	6899	1	-1	-1	-1
6906	6886	6885	1	-1	-1	-1
6906	6885	6890	1	-1	-1	-1
6908	6888	6887	1	-1	-1	-1
6897	6883	6903	1	-1	-1	-1
6900	6882	6901	1	-1	-1	-1
6883	6902	6903	1	-1	-1	-1
6904	6884	6900	1	-1	-1	-1
6884	6905	6902	1	-1	-1	-1
6888	6908	6896	1	-1	-1	-1
6884	6904	6905	1	-1	-1	-1
6907	6901	6886	1	-1	-1	-1
6899	6908	6887	1	-1	-1	-1
6893	6894	6909	1	-1	-1	-1
6898	6897	6903	1	-1	-1	-1
6894	6895	6910	1	-1	-1	-1
6907	6886	6906	1	-1	-1	-1
6896	6910	6895	1	-1	-1	-1
6899	6898	6912	1	-1	-1	-1
6894	6910	6909	1	-1	-1	-1
6913	6898	6903	1	-1	-1	-1
6908	6911	6896	1	-1	-1	-1
6911	6910	6896	1	-1	-1	-1
6918	6900	6901	1	-1	-1	-1
6916	6904	6900	1	-1	-1	-1
6899	6915	6908	1	-1	-1	-1
6912	6898	6913	1	-1	-1	-1
6903	6902	6919	1	-1	-1	-1
6912	6914	6899	1	-1	-1	-1
6919	6902	6905	1	-1	-1	-1
6918	6901	6907	1	-1	-1	-1
6914	6915	6899	1	-1	-1	-1
6905	6904	6921	1	-1	-1	-1
6917	6916	6900	1	-1	-1	-1
6908	6915	6911	1	-1	-1	-1
6919	6913	6903	1	-1	-1	-1
6917	6900	6918	1	-1	-1	-1
6920	6904	6916	1	-1	-1	-1
6910	6923	6909	1	-1	-1	-1
6911	6923	6910	1	-1	-1	-1
6904	6920	6921	1	-1	-1	-1
6919	6905	6922	1	-1	-1	-1
6905	6921	6922	1	-1	-1	-1
6911	6915	6924	1	-1	-1	-1
6926	6912	6913	1	-1	-1	-1
6914	6912	6925	1	-1	-1	-1
6915	6914	6924	1	-1	-1	-1
6923	6911	6924	1	-1	-1	-1
6927	6913	6919	1	-1	-1	-1
6928	6916	6917	1	-1	-1	-1
6925	6912	6926	1	-1	-1	-1
6929	6917	6918	1	-1	-1	-1
6928	6920	6916	1	-1	-1	-1
6913	6927	6926	1	-1	-1	-1
6919	6922	6930	1	-1	-1	-1
6931	6921	6920	1	-1	-1	-1
6929	6928	6917	1	-1	-1	-1
6930	6927	6919	1	-1	-1	-1
6921	6934	6922	1	-1	-1	-1
6932	6920	6928	1	-1	-1	-1
6931	6920	6932	1	-1	-1	-1
6921	6931	6933	1	-1	-1	-1
6922	6935	6930	1	-1	-1	-1
6921	6933	6934	1	-1	-1	-1
6926	6937	6925	1	-1	-1	-1
6926	6927	6937	1	-1	-1	-1
6936	6922	6934	1	-1	-1	-1
6922	6936	6935	1	-1	-1	-1
6927	6930	6938	1	-1	-1	-1
6929	6939	6928	1	-1	-1	-1
6928	6939	6932	1	-1	-1	-1
6937	6927	6938	1	-1	-1	-1
6942	6931	6932	1	-1	-1	-1
6931	6942	6933	1	-1	-1	-1
6930	6935	6941	1	-1	-1	-1
6930	6940	6938	1	-1	-1	-1
6941	6940	6930	1	-1	-1	-1
6933	6944	6934	1	-1	-1	-1
6943	6932	6939	1	-1	-1	-1
6934	6946	6936	1	-1	-1	-1
6943	6942	6932	1	-1	-1	-1
6947	6935	6936	1	-1	-1	-1
6942	6945	6933	1	-1	-1	-1
6945	6944	6933	1	-1	-1	-1
6935	6947	6941	1	-1	-1	-1
6946	6934	6944	1	-1	-1	-1
6948	6936	6946	1	-1	-1	-1
6940	6941	6949	1	-1	-1	-1
6947	6936	6948	1	-1	-1	-1
6942	6943	6950	1	-1	-1	-1
6947	6949	6941	1	-1	-1	-1
6950	6945	6942	1	-1	-1	-1
6951	6946	6944	1	-1	-1	-1
6944	6945	6952	1	-1	-1	-1
6952	6951	6944	1	-1	-1	-1
6946	6954	6948	1	-1	-1	-1
6950	6953	6945	1	-1	-1	-1
6948	6955	6947	1	-1	-1	-1
6953	6952	6945	1	-1	-1	-1
6954	6946	6951	1	-1	-1	-1
6955	6949	6947	1	-1	-1	-1
6954	6956	6948	1	-1	-1	-1
6948	6956	6955	1	-1	-1	-1
6958	6951	6952	1	-1	-1	-1
6954	6951	6957	1	-1	-1	-1
6953	6959	6952	1	-1	-1	-1
6957	6951	6958	1	-1	-1	-1
6952	6960	6958	1	-1	-1	-1
6952	6959	6960	1	-1	-1	-1
6961	6956	6954	1	-1	-1	-1
6961	6954	6957	1	-1	-1	-1
6956	6962	6955	1	-1	-1	-1
6963	6957	6958	1	-1	-1	-1
6961	6962	6956	1	-1	-1	-1
6963	6961	6957	1	-1	-1	-1
6958	6960	6964	1	-1	-1	-1
6959	6966	6960	1	-1	-1	-1
6963	6958	6965	1	-1	-1	-1
6964	6965	6958	1	-1	-1	-1
6961	6968	6962	1	-1	-1	-1
6960	6967	6964	1	-1	-1	-1
6961	6963	6969	1	-1	-1	-1
6960	6966	6967	1	-1	-1	-1
6963	6965	6970	1	-1	-1	-1
6961	6969	6968	1	-1	-1	-1
6964	6971	6965	1	-1	-1	-1
6963	6970	6969	1	-1	-1	-1
6971	6964	6967	1	-1	-1	-1
6966	6973	6967	1	-1	-1	-1
6970	6965	6972	1	-1	-1	-1
6972	6965	6971	1	-1	-1	-1
6969	6974	6968	1	-1	-1	-1
6967	6973	6971	1	-1	-1	-1
6975	6969	6970	1	-1	-1	-1
6976	6970	6972	1	-1	-1	-1
6975	6974	6969	1	-1	-1	-1
6978	6972	6971	1	-1	-1	-1
6977	6971	6973	1	-1	-1	-1
6975	6970	6976	1	-1	-1	-1
6976	6972	6978	1	-1	-1	-1
6977	6978	6971	1	-1	-1	-1
6974	6975	6979	1	-1	-1	-1
6976	6980	6975	1	-1	-1	-1
6980	6979	6975	1	-1	-1	-1
6978	6981	6976	1	-1	-1	-1
6981	6980	6976	1	-1	-1	-1
6982	6978	6977	1	-1	-1	-1
6982	6981	6978	1	-1	-1	-1
6979	6980	6983	1	-1	-1	-1
6981	6984	6980	1	-1	-1	-1
6983	6980	6984	1	-1	-1	-1
6981	6982	6985	1	-1	-1	-1
6981	6985	6984	1	-1	-1	-1
6984	6986	6983	1	-1	-1	-1
6984	6985	6987	1	-1	-1	-1
6984	6987	6986	1	-1	-1	-1
6988	6986	6987	1	-1	-1	-1
6
1	0	0
1	0	0
1	7.9999999999999885	0
1	-8.0000000000000107	0
1	0	0
1	-0	0
0
0
