[Format]      =  4.0
[Frequency]   =  20000
[Precision]   =  1e-008
[MinAngle]    =  30
[DoSmartMesh] =  1
[Depth]       =  25
[LengthUnits] =  millimeters
[ProblemType] =  planar
[Coordinates] =  cartesian
[ACSolver]    =  0
[PrevType]    =  0
[PrevSoln]    =  ""
[Comment]     =  "Add comments here."
[PointProps]   = 0
[BdryProps]   = 0
[BlockProps]  = 4
  <BeginBlock>
    <BlockName> = "30 AWG"
    <Mu_x> = 1
    <Mu_y> = 1
    <H_c> = 0
    <H_cAngle> = 0
    <J_re> = 0
    <J_im> = 0
    <Sigma> = 58
    <d_lam> = 0
    <Phi_h> = 0
    <Phi_hx> = 0
    <Phi_hy> = 0
    <LamType> = 3
    <LamFill> = 1
    <NStrands> = 1
    <WireD> = 0.25472427515370799
    <BHPoints> = 0
  <EndBlock>
  <BeginBlock>
    <BlockName> = "Air"
    <Mu_x> = 1
    <Mu_y> = 1
    <H_c> = 0
    <H_cAngle> = 0
    <J_re> = 0
    <J_im> = 0
    <Sigma> = 0
    <d_lam> = 0
    <Phi_h> = 0
    <Phi_hx> = 0
    <Phi_hy> = 0
    <LamType> = 0
    <LamFill> = 1
    <NStrands> = 0
    <WireD> = 0
    <BHPoints> = 0
  <EndBlock>
  <BeginBlock>
    <BlockName> = "1018 Steel"
    <Mu_x> = 529
    <Mu_y> = 529
    <H_c> = 0
    <H_cAngle> = 0
    <J_re> = 0
    <J_im> = 0
    <Sigma> = 5.7999999999999998
    <d_lam> = 0
    <Phi_h> = 20
    <Phi_hx> = 0
    <Phi_hy> = 0
    <LamType> = 0
    <LamFill> = 1
    <NStrands> = 0
    <WireD> = 0
    <BHPoints> = 13
      0	0
      0.25030000000000002	238.73249999999999
      0.92500000000000004	795.77499999999998
      1.25	1591.55
      1.3899999999999999	2387.3249999999998
      1.5249999999999999	3978.875
      1.71	7957.75
      1.8700000000000001	15915.5
      1.9550000000000001	23873.25
      2.02	39788.75
      2.1099999999999999	79577.5
      2.2250000000000001	159155
      2.4300000000000002	318310
  <EndBlock>
  <BeginBlock>
    <BlockName> = "18 AWG"
    <Mu_x> = 1
    <Mu_y> = 1
    <H_c> = 0
    <H_cAngle> = 0
    <J_re> = 0
    <J_im> = 0
    <Sigma> = 58
    <d_lam> = 0
    <Phi_h> = 0
    <Phi_hx> = 0
    <Phi_hy> = 0
    <LamType> = 3
    <LamFill> = 1
    <NStrands> = 1
    <WireD> = 1.0239652968433499
    <BHPoints> = 0
  <EndBlock>
[CircuitProps]  = 2
  <BeginCircuit>
    <CircuitName> = "New Circuit"
    <TotalAmps_re> = 2.5
    <TotalAmps_im> = 0
    <CircuitType> = 1
  <EndCircuit>
  <BeginCircuit>
    <CircuitName> = "Receiver"
    <TotalAmps_re> = 0
    <TotalAmps_im> = 0
    <CircuitType> = 1
  <EndCircuit>
[NumPoints] = 33
0	0	0	0
-68.25	0	0	0
68.25	0	0	0
-9.5	20.600000000000001	0	0
9.5	20.600000000000001	0	0
-9.5	99.200000000000003	0	0
9.5	99.200000000000003	0	0
-34.350000000000001	113.5	0	0
34.350000000000001	113.5	0	0
-34.350000000000001	142.90000000000001	0	0
34.350000000000001	142.90000000000001	0	0
-57.402229789049287	140.11072994957865	0	1
-44.14511222775247	107.29821255941863	0	1
-69.706923810359285	135.13931086409235	0	1
-56.44980624906249	102.32679347393233	0	1
-77.910053157899313	131.82503147376815	0	1
-64.652935596602504	99.01251408360811	0	1
-90.214747179209326	126.85361238828186	0	1
-76.957629617912502	94.041094998121821	0	1
59.180757296933834	137.45261773876101	0	2
47.076855955918695	104.19742211701534	0	2
71.651455655088469	132.91365473588036	0	2
59.547554314073295	99.658459114134672	0	2
79.965254560524883	129.88767940062658	0	2
67.861353219509709	96.632483778880854	0	2
92.43595291867949	125.34871639774582	0	2
80.332051577664359	92.09352077600019	0	2
-200	0	0	0
200	0	0	0
-200	400	0	0
200	400	0	0
75.202530917935306	115.87616826717915	0	0
-75.531424192258072	115.66611479938746	0	0
[NumSegments] = 32
1	3	-1	0	0	0
4	2	-1	0	0	0
0	2	-1	0	0	0
0	1	-1	0	0	0
3	5	-1	0	0	0
6	4	-1	0	0	0
6	8	-1	0	0	0
5	7	-1	0	0	0
9	7	-1	0	0	0
10	8	-1	0	0	0
9	10	-1	0	0	0
17	15	-1	0	0	1
15	16	-1	0	0	1
17	18	-1	0	0	1
18	16	-1	0	0	1
13	11	-1	0	0	1
11	12	-1	0	0	1
13	14	-1	0	0	1
14	12	-1	0	0	1
19	21	-1	0	0	2
21	22	-1	0	0	2
20	22	-1	0	0	2
19	20	-1	0	0	2
23	24	-1	0	0	2
25	26	-1	0	0	2
24	26	-1	0	0	2
23	25	-1	0	0	2
28	2	-1	0	0	0
1	27	-1	0	0	0
29	30	-1	0	0	0
30	28	-1	0	0	0
29	27	-1	0	0	0
[NumArcSegments] = 0
[NumHoles] = 0
[NumBlockLabels] = 6
0	120	3	-1	0	0	0	1	0
-168	198	2	-1	0	0	0	1	0
56.854958952924434	113.12253154120008	4	-1	1	0	2	100	0
77.526597493562761	104.46936592505358	4	-1	1	0	2	-100	0
-79.973979301686299	118.44171398877165	4	-1	2	0	1	100	0
-59.319103738226431	126.81560414669505	4	-1	2	0	1	-100	0
[Solution]
6998
-200	0	-1.5459171035704919e-006	6.6698415785865935e-008	-1	
-200	0.15348994845174077	-1.545918710342988e-006	6.6698405668771071e-008	-1	
-199.84651005154825	0	-1.5459154976906638e-006	6.6698425038739686e-008	-1	
-200	0.54381516339617098	-1.5459348320058683e-006	6.6698307230635221e-008	-1	
-199.67712266936709	0.32287733063290819	-1.5459164102773373e-006	6.6698420026053325e-008	-1	
-199.33306075427055	0	-1.5458883924855916e-006	6.6698592779803277e-008	-1	
-200	0.93414037834060115	-1.5459696120177968e-006	6.6698093860116906e-008	-1	
-199.62942442695442	0.73897777086838601	-1.5459413962133999e-006	6.6698266801856225e-008	-1	
-199.20642233353846	0.4797042991112262	-1.5458921163637868e-006	6.6698570149834817e-008	-1	
-198.81961145699282	0	-1.5458264189555561e-006	6.6698974320350751e-008	-1	
-200	1.7147908082294616	-1.5460962243946864e-006	6.6697317242045928e-008	-1	
-199.55775758582647	1.3244655932850313	-1.5460129130602112e-006	6.6697828071822469e-008	-1	
-199.18935901616535	0.98224152431233058	-1.5459384969345556e-006	6.6698285358977534e-008	-1	
-198.43603318355576	0.70510454711081227	-1.5457873529367333e-006	6.669921519714171e-008	-1	
-197.79271286243741	0	-1.5456054988980782e-006	6.670033344482528e-008	-1	
-200	3.2760916680071821	-1.5465904532925137e-006	6.6694283264111658e-008	-1	
-199.15296376793324	2.2287962511842552	-1.5461886137464482e-006	6.6696750154646655e-008	-1	
-198.95926613086175	1.5993322515229627	-1.546018262545049e-006	6.6697795952593095e-008	-1	
-198.0467233959256	2.2246725766790236	-1.5459893333210031e-006	6.6697975271872795e-008	-1	
-197.19034225495278	1.1956155793544778	-1.545499792431512e-006	6.6700983782933346e-008	-1	
-195.73891567332652	0	-1.5446753674610577e-006	6.6706053364856367e-008	-1	
-200	4.8373925277849033	-1.5474197551997793e-006	6.6689191649729963e-008	-1	
-198.59492466081369	3.5463121638312889	-1.5465669016839696e-006	6.6694427488931586e-008	-1	
-197.28132727684084	3.3166639540778062	-1.5461101781271595e-006	6.6697232957776721e-008	-1	
-195.9683646796843	3.0834138610634718	-1.5454429269893835e-006	6.6701331881418203e-008	-1	
-191.63132129510473	0	-1.5414142283346205e-006	6.6726109286976427e-008	-1	
-200	6.3986933875626235	-1.5485509001429784e-006	6.668224793211121e-008	-1	
-197.69977373582839	4.7948728206625448	-1.5470270460962041e-006	6.6691601059202251e-008	-1	
-196.25081239753058	5.3054704434606847	-1.546753030729732e-006	6.6693280355656598e-008	-1	
-192.54635831922192	4.6473677220243825	-1.543523221902362e-006	6.6713119339877507e-008	-1	
-183.4161325386612	0	-1.5278597489820711e-006	6.6809837376112862e-008	-1	
-187.52372691688296	3.2225254340783303	-1.5361208982562315e-006	6.6758728106174377e-008	-1	
-200	9.521295107118064	-1.551831018987e-006	6.6662127522784582e-008	-1	
-197.73259439118826	7.19922264926306	-1.5489263253488486e-006	6.6679939817225278e-008	-1	
-193.95493325034124	8.6284923295832368	-1.5482059634155306e-006	6.6684317810397967e-008	-1	
-188.82393330809685	8.2041598820841468	-1.541956519184813e-006	6.6722598006807517e-008	-1	
-175.20094378221765	0	-1.5057727844518646e-006	6.6947380393430538e-008	-1	
-180.7268781733886	7.6569968156355799	-1.5254139031711476e-006	6.6824409969066153e-008	-1	
-200	12.643896826673506	-1.5562139002128044e-006	6.6635270165386307e-008	-1	
-196.68094679864177	11.082595966895784	-1.5531380793441622e-006	6.6654094158851255e-008	-1	
-191.3826053839388	14.226906214672459	-1.5539028626477041e-006	6.6649165638773056e-008	-1	
-184.38938635390662	13.642989236834442	-1.5418563733747206e-006	6.6722466062162097e-008	-1	
-171.09334940399586	3.4015739516144641	-1.4922071220047356e-006	6.7032534419057963e-008	-1	
-166.98575502577413	0	-1.4753961462757235e-006	6.7139560276863383e-008	-1	
-173.83249354618366	7.977612226434676	-1.5054546680198711e-006	6.6948048675998427e-008	-1	
-178.22525758962661	13.301046990580495	-1.5266235111250424e-006	6.6815426721447253e-008	-1	
-200	18.889100265784389	-1.5687983426883282e-006	6.6558339040021849e-008	-1	
-196.50436214495389	15.766498546228949	-1.5612310155242028e-006	6.660453676150233e-008	-1	
-195.1303701482135	20.822551994788753	-1.5723221895968464e-006	6.65367226240089e-008	-1	
-190.39280234842522	23.060180611027253	-1.5735322092821987e-006	6.6528869919886662e-008	-1	
-185.47561146989503	20.704802804218389	-1.5597117561565083e-006	6.6612560399569576e-008	-1	
-181.16857432772679	17.752850616113488	-1.5432839805643241e-006	6.6712468687297925e-008	-1	
-165.47658811166224	6.3908527861416564	-1.4712348543993331e-006	6.716423268909112e-008	-1	
-158.77056626933057	0	-1.4358579454679947e-006	6.7396409911091949e-008	-1	
-160.11277744301631	5.3053900361698041	-1.444454410209641e-006	6.7338026545931414e-008	-1	
-168.42039087392072	12.260657672652272	-1.4909267241832985e-006	6.7035465835261502e-008	-1	
-172.95915568618463	16.523092717283063	-1.5160495714432556e-006	6.6877821466383737e-008	-1	
-176.6646819436736	19.802773319294069	-1.5358481175909018e-006	6.6755904071195887e-008	-1	
-200	25.134303704895274	-1.5865460311592735e-006	6.6450252055019307e-008	-1	
-194.75202284450549	26.155572475093685	-1.5881643239263785e-006	6.6440294418577384e-008	-1	
-185.40457263708663	26.156547867309794	-1.5762629062198906e-006	6.6511389703483799e-008	-1	
-187.60872538964253	31.598205379709853	-1.6005077402993261e-006	6.6364920305125832e-008	-1	
-180.49871715314495	22.931255972063848	-1.5551425647711834e-006	6.6638676743391632e-008	-1	
-161.45123118032248	12.082719816462596	-1.4591450843512709e-006	6.7233741614365059e-008	-1	
-150.55537751288705	0	-1.3869884338076877e-006	6.7729558834494858e-008	-1	
-154.66297189110881	5.8037009000438671	-1.4145828777763474e-006	6.7534535797221464e-008	-1	
-165.49855652826412	17.758986744950796	-1.4891093727144841e-006	6.7038615433126858e-008	-1	
-171.37929409053527	22.041262219171085	-1.5242953933742876e-006	6.6821960463613877e-008	-1	
-175.70406234083472	24.893632370139635	-1.5477241231855785e-006	6.6680806327457721e-008	-1	
-200	31.379507144006155	-1.6095703048327205e-006	6.6310447720456152e-008	-1	
-193.85754471591628	34.502108863561595	-1.6199163471538312e-006	6.6247691707800427e-008	-1	
-180.12164035770414	28.848502473796394	-1.5740246846091351e-006	6.6523010368861239e-008	-1	
-188.63118620693328	37.573275277525731	-1.6284764079744206e-006	6.6196204959788893e-008	-1	
-183.66869812034949	36.271419849632402	-1.6133579143924512e-006	6.6287314937370365e-008	-1	
-158.87722059770363	16.868506591024197	-1.4547272064586588e-006	6.7249338012771117e-008	-1	
-153.23567832929979	11.034589511316168	-1.4120325169347597e-006	6.7539474963061776e-008	-1	
-142.34018875644352	0	-1.3295815775322659e-006	6.8149580391966333e-008	-1	
-146.44778313466529	3.6789054048604255	-1.3602564231707029e-006	6.7917297317125592e-008	-1	
-148.25655583204588	8.8880337276339034	-1.3769280429584436e-006	6.7783736262023318e-008	-1	
-166.61251922724179	25.238763542962587	-1.5148730923719926e-006	6.6870533550989999e-008	-1	
-159.43217394798742	22.274180675725507	-1.4718292855126405e-006	6.7127663451100829e-008	-1	
-171.23061866682258	26.971479531873104	-1.5394736241838181e-006	6.6726174577483129e-008	-1	
-175.27293049899617	29.819851075736903	-1.5637613529988142e-006	6.6581908873812718e-008	-1	
-200	37.624710583117036	-1.6371795256374276e-006	6.6142837870657784e-008	-1	
-193.78293515899074	42.251571410643983	-1.6582842454655009e-006	6.6015142518047321e-008	-1	
-178.53849428578704	36.225331017338043	-1.6010205678703187e-006	6.6360418599366894e-008	-1	
-186.07651346635856	43.070595860795805	-1.6530134313022578e-006	6.6049405864030435e-008	-1	
-181.26014376345822	40.801318465994754	-1.6306290199366302e-006	6.6184887793131404e-008	-1	
-153.45911275464158	16.452101821656768	-1.4229433686802189e-006	6.7446201835153848e-008	-1	
-147.18688695555679	18.006012295196662	-1.3859951990533601e-006	6.766515802383762e-008	-1	
-134.125	0	-1.2629529744347171e-006	6.8689353313492436e-008	-1	
-140.18646442822671	7.7414249887535123	-1.3167756307779258e-006	6.8223457651673114e-008	-1	
-141.14302053270833	15.719719904174307	-1.3369960197498917e-006	6.8006571174377985e-008	-1	
-162.69873719470959	29.322277898465128	-1.5119281540029573e-006	6.6875444175972687e-008	-1	
-169.75409561139179	33.241585544194407	-1.5584716223902062e-006	6.660725638578519e-008	-1	
-157.14591278821302	30.398809551684121	-1.4874554617259388e-006	6.7003599202594118e-008	-1	
-152.51106236040332	25.801832061312719	-1.44324569893546e-006	6.7269915592049364e-008	-1	
-200	43.869914022227917	-1.6696383257464294e-006	6.5945301261215173e-008	-1	
-190.27744524620653	45.932883573628487	-1.6753247217849555e-006	6.5913088478686725e-008	-1	
-195.16205974913703	47.969748055342336	-1.6921992241574764e-006	6.580800048435078e-008	-1	
-174.70114842052723	40.140877899646469	-1.6085184687783807e-006	6.631531777286037e-008	-1	
-185.08431429790215	49.040792472086245	-1.6862090909756172e-006	6.5851952890448624e-008	-1	
-177.68084552221515	44.742848766500622	-1.6434696933501904e-006	6.6111822793372119e-008	-1	
-180.00304029745016	49.268161294369541	-1.6764343701000777e-006	6.5916883953950442e-008	-1	
-142.90935481343155	22.849376106388959	-1.3689698099186559e-006	6.771280268780665e-008	-1	
-147.08410836696663	26.361750024330281	-1.4101502865549387e-006	6.744351650154042e-008	-1	
-125.90981124355648	0	-1.1868669738482029e-006	6.9400075538774914e-008	-1	
-133.91252152194932	6.8343595757992581	-1.2642675008199702e-006	6.8648105012476932e-008	-1	
-127.6081264723621	7.4974812187477236	-1.2070489473326976e-006	6.9149097416802706e-008	-1	
-134.25671803974819	13.164182323060158	-1.2763270271217295e-006	6.8466911056640585e-008	-1	
-134.45383507761474	18.75397966569772	-1.2903404215956318e-006	6.8264358482514353e-008	-1	
-161.85877192245516	34.915777485590638	-1.5313407598695022e-006	6.6751461606317266e-008	-1	
-169.34311283482762	41.301991735391447	-1.5957381224940545e-006	6.6388763350478596e-008	-1	
-155.63711983367003	36.74999718514848	-1.5067553835800121e-006	6.6867814123130229e-008	-1	
-149.46668148745232	34.692726291071743	-1.4594954711103031e-006	6.7109744652806077e-008	-1	
-200	50.115117461338805	-1.7071555258757239e-006	6.5715063532854524e-008	-1	
-190.81466969660218	50.987773153022516	-1.7072719580626244e-006	6.5718796360639294e-008	-1	
-195.72064328985746	53.237719180894246	-1.7269067082809218e-006	6.5593514783769283e-008	-1	
-186.29200107764783	54.892611669358224	-1.7276366112168636e-006	6.5600877904545316e-008	-1	
-174.70066386249331	49.130630423940325	-1.6603561149551347e-006	6.6018417435933215e-008	-1	
-177.44937439000418	53.667005742876952	-1.6988907526296102e-006	6.5791883616580915e-008	-1	
-181.52578832089716	56.76822418079896	-1.7312124309297483e-006	6.5591646631398194e-008	-1	
-138.5938900132214	25.680862260943602	-1.345053770227054e-006	6.7798350336323215e-008	-1	
-144.95005644715184	31.382821640601357	-1.4144937390553036e-006	6.7356290511306586e-008	-1	
-121.80221686533471	0	-1.1452935802193592e-006	6.9847646930207921e-008	-1	
-123.85601405444561	3.8961025234195432	-1.1677608198630687e-006	6.9576477705442586e-008	-1	
-122.43850172634477	8.0660373630397082	-1.1564459244842371e-006	6.9636152956204004e-008	-1	
-125.56567297620144	12.280436353376114	-1.1945471930202184e-006	6.9159566886735955e-008	-1	
-129.5762230483318	16.016537364904934	-1.2398455658560659e-006	6.8685648492855402e-008	-1	
-133.62464778660038	24.285447634943814	-1.2991771791144925e-006	6.8071041375769773e-008	-1	
-128.37029086708876	24.244028265037805	-1.2519416271260312e-006	6.8333846543459971e-008	-1	
-160.32353807377041	41.234503924912062	-1.555220606042153e-006	6.6607994252418771e-008	-1	
-168.57589721772464	48.793030013500783	-1.6362816570335734e-006	6.6162553776233409e-008	-1	
-162.62199556551542	47.31729439835172	-1.600873240364579e-006	6.6360357080303929e-008	-1	
-151.53596253123627	41.775315622901935	-1.5086105744603445e-006	6.6828416523236479e-008	-1	
-143.03408976221391	40.073364829696246	-1.4421352630426357e-006	6.7117265055012725e-008	-1	
-141.11594210989338	35.463867805337053	-1.405032401478167e-006	6.7333475594098838e-008	-1	
-200	56.360320900449693	-1.7498335419848693e-006	6.5449404423427061e-008	-1	
-194.94727490996911	58.791192982273692	-1.7661795958189704e-006	6.5348876765667556e-008	-1	
-189.46275737794502	59.957056333846012	-1.7696743018553432e-006	6.5335221755419707e-008	-1	
-172.16038762515117	53.770797485879029	-1.6825529462387061e-006	6.5900862159707167e-008	-1	
-176.83553035075619	58.703618246475727	-1.7333547355272327e-006	6.5597021377097849e-008	-1	
-180.82259341420689	61.841706540962491	-1.7683316402448748e-006	6.5372448826230435e-008	-1	
-139.38283335060538	30.781658149399135	-1.3707890806077218e-006	6.7568065951096872e-008	-1	
-130.73212696275007	30.058656746388781	-1.2954814888467637e-006	6.7907032981492027e-008	-1	
-117.69462248711294	0	-1.1013558114258152e-006	7.0368225277887721e-008	-1	
-118.21818153285027	4.9468617764365499	-1.1089554750175485e-006	7.0223017457485329e-008	-1	
-117.51069860979494	9.8707853565835322	-1.1066536780222382e-006	7.0104281063940483e-008	-1	
-117.56862477877996	14.87586504589054	-1.1165909896819986e-006	6.9767372341369e-008	-1	
-125.59401433180606	19.782832147239148	-1.2119797615400641e-006	6.8753902940985508e-008	-1	
-123.96356155085792	27.105971474693579	-1.2199775162728714e-006	6.8358703388079757e-008	-1	
-156.2149743630697	46.274637952915725	-1.5617704377152268e-006	6.6562288979217306e-008	-1	
-167.2436757243708	55.722744669957223	-1.6777526772519995e-006	6.5947903796925438e-008	-1	
-158.66377306553784	51.433596488308382	-1.6080255705884513e-006	6.6331608230753873e-008	-1	
-150.3507721010597	49.058194128392486	-1.5445272287541322e-006	6.663655155938424e-008	-1	
-145.29167951679233	45.706463714369022	-1.4897851402596289e-006	6.6872462607830313e-008	-1	
-137.6925062333973	39.097989436928188	-1.3961871889665696e-006	6.7289166977803156e-008	-1	
-139.22416864330572	45.824049192217622	-1.4462674706293389e-006	6.7016005388314381e-008	-1	
-134.71152316584264	34.559530259729939	-1.3491680198821396e-006	6.7559466600697144e-008	-1	
-200	62.605524339560574	-1.7974756069428616e-006	6.5146002123895139e-008	-1	
-193.58227899014125	65.853119143919159	-1.8213654462891036e-006	6.499697075144878e-008	-1	
-187.88188917345002	65.448759740731717	-1.8113285978042658e-006	6.5078484218409422e-008	-1	
-172.59970835269348	61.963218888296552	-1.7453459614924133e-006	6.5553426146153988e-008	-1	
-179.32547365015466	70.420747570818591	-1.836983647124664e-006	6.4967798050967149e-008	-1	
-185.12524378311102	70.454641958793388	-1.8501443966070876e-006	6.4843707700617602e-008	-1	
-173.89422092844089	68.386054400449794	-1.8034494038094739e-006	6.5216269659587748e-008	-1	
-124.79260078063899	32.592162004503678	-1.2508318857909468e-006	6.7944368305359084e-008	-1	
-128.95102959647829	36.265452403790313	-1.3071411134722506e-006	6.7621156958837369e-008	-1	
-109.47943373066941	0	-1.0053769577474114e-006	7.1746175600156234e-008	-1	
-113.58702810889116	6.7628941201172017	-1.0578342356138048e-006	7.0845525738891015e-008	-1	
-113.01725125608628	12.07603115168561	-1.0592469175978591e-006	7.0546273191171934e-008	-1	
-118.57787729815539	22.440004893834054	-1.1484507395438854e-006	6.9032930769310055e-008	-1	
-112.94701070708678	17.289456988931128	-1.0704620722285968e-006	7.0030320630535305e-008	-1	
-116.85360692490023	27.580717954753087	-1.1484953834530807e-006	6.8624523748003173e-008	-1	
-119.24603518959887	32.446550472736014	-1.1946006714496034e-006	6.8100896558474937e-008	-1	
-153.57776913449325	53.4988023512986	-1.5935932366318335e-006	6.6409692843675777e-008	-1	
-164.41485934271785	62.762500233828824	-1.7194019361446955e-006	6.5758774359393473e-008	-1	
-157.74650910902136	57.070093191863343	-1.6429713406821398e-006	6.6171326788487018e-008	-1	
-147.95717579579542	54.190460397758514	-1.5635139287366678e-006	6.6551629167327326e-008	-1	
-142.44648099230329	55.494953830096108	-1.5343193700137506e-006	6.6661978008477944e-008	-1	
-138.2885298631997	51.508084879505347	-1.475545196846956e-006	6.68627396169527e-008	-1	
-133.29993001430773	42.290033595712877	-1.377078544983844e-006	6.7255551734186244e-008	-1	
-129.6829613228978	48.780492043898533	-1.3852387685065982e-006	6.7061851450181796e-008	-1	
-200	68.850727778671455	-1.8497155794300898e-006	6.4803812097535641e-008	-1	
-194.63255911743786	71.973329498226889	-1.8759570301517088e-006	6.4633218114997697e-008	-1	
-166.349462369798	69.387598906113283	-1.784099107595622e-006	6.541028332940199e-008	-1	
-175.46306907633701	74.747445310760824	-1.8664744258902773e-006	6.4827317143741955e-008	-1	
-182.1878072226402	76.863243249952049	-1.9042047137169253e-006	6.4514998021520895e-008	-1	
-189.01502204217044	76.115054777460514	-1.908736788820199e-006	6.4433674482230801e-008	-1	
-169.98088447553565	73.64099270944142	-1.8373540579241825e-006	6.5075992390831144e-008	-1	
-121.89738958481463	37.163795188534614	-1.2445023585105184e-006	6.7685456269501214e-008	-1	
-125.97530117512754	41.04170441215836	-1.304499488260948e-006	6.7408430048278193e-008	-1	
-107.98353479341586	5.5374340671119393	-9.8891932656568119e-007	7.191741501957446e-008	-1	
-101.26424497422587	0	-8.9805812105650392e-007	7.3811436260832472e-008	-1	
-107.67393691277502	12.020690327876551	-9.9462336786917389e-007	7.1371817947734812e-008	-1	
-111.72970773421234	25.807106898614524	-1.0842902817514761e-006	6.9081526360081353e-008	-1	
-107.80467214049857	18.150326759432097	-1.011619642502416e-006	7.0508931305615034e-008	-1	
-107.25825669212493	23.26485174615221	-1.022022428005068e-006	6.9715458236064595e-008	-1	
-112.74978166921308	31.148336309998125	-1.1187162262084198e-006	6.8338919604862665e-008	-1	
-117.15987592216408	38.708893810258289	-1.2039005501553104e-006	6.7581293795675611e-008	-1	
-112.49625269248345	36.953335828807312	-1.1442878406857379e-006	6.7708990531459869e-008	-1	
-151.5371805641868	60.099479758585623	-1.630183484365314e-006	6.6272487409405916e-008	-1	
-156.83462281044282	63.079319795933415	-1.6847950199879881e-006	6.6000062691458176e-008	-1	
-159.49968772244995	68.541898858554589	-1.7448004432501062e-006	6.5708105789219632e-008	-1	
-146.24858249234921	59.264609307561614	-1.5895283621546644e-006	6.646451921788007e-008	-1	
-135.17649393357073	56.355652722650724	-1.4845185703950445e-006	6.6801848793240065e-008	-1	
-139.52077431501678	62.248083662862626	-1.5651193696899743e-006	6.6607757875393822e-008	-1	
-129.52985154796104	54.67107250293882	-1.4241988845270896e-006	6.6905544050416318e-008	-1	
-124.43776617922602	46.535904297678996	-1.3222364385483897e-006	6.7148765046551563e-008	-1	
-120.45981015327501	52.248475352110916	-1.321327574799086e-006	6.6905038049523205e-008	-1	
-200	75.095931217782336	-1.9067469135518489e-006	6.4415800585306783e-008	-1	
-194.72812118610548	77.983416436841722	-1.9330243612055911e-006	6.4238666170610769e-008	-1	
-164.98402865805292	76.152967489473909	-1.8417384513642607e-006	6.5147242804652513e-008	-1	
-176.35494020907174	80.241648478577929	-1.9234077791753202e-006	6.4463418188167966e-008	-1	
-171.11982198489423	82.132478916650456	-1.9262919365028314e-006	6.4540996372840763e-008	-1	
-184.54472344080068	81.841078398135892	-1.9592134114062483e-006	6.4119231881672609e-008	-1	
-179.79025860461266	84.62117928540134	-1.9784208948809183e-006	6.4045265250428107e-008	-1	
-189.56041059356289	84.116332055981118	-1.9908803389270758e-006	6.3848845032261233e-008	-1	
-120.51305979642109	42.395019603021716	-1.2589749356262754e-006	6.7341497060898172e-008	-1	
-102.26369827872318	5.9668056116705541	-9.1463300348753328e-007	7.3263480415206663e-008	-1	
-93.049056217782336	0	-7.7701857857874329e-007	7.7208309321587396e-008	-1	
-97.156650596004113	4.637454892726006	-8.4114138109790172e-007	7.5095392167522753e-008	-1	
-101.59783275930363	11.201854081128374	-9.1400734112291126e-007	7.2720887708746977e-008	-1	
-103.10150090380832	16.105095232722	-9.4582034087145703e-007	7.1519747634898697e-008	-1	
-104.07758724785566	27.307162665452907	-9.9929208411647485e-007	6.9119864406590329e-008	-1	
-107.83760819874392	33.480681536142001	-1.0729036348876678e-006	6.8049612457019855e-008	-1	
-99.810493143809111	21.472610351428791	-9.2036509430668545e-007	7.0729798102851989e-008	-1	
-115.5800724620963	43.514224721345286	-1.2142825903935105e-006	6.7180791748193805e-008	-1	
-110.63339726285423	42.457158682398926	-1.1538404561617844e-006	6.7077525595431364e-008	-1	
-153.53585441565025	68.070112988959977	-1.7084185021504574e-006	6.596541299290165e-008	-1	
-147.55410570953913	68.162698273864322	-1.6721010665043138e-006	6.6208752822082117e-008	-1	
-156.14582872042854	73.007719794129244	-1.7682236134630071e-006	6.5680611089353091e-008	-1	
-159.63173862227779	77.202623726079551	-1.827074081793749e-006	6.5342709129270113e-008	-1	
-141.43045186433511	68.067138546180587	-1.6285788073508839e-006	6.6455795148486087e-008	-1	
-130.39629341427332	61.900307573323786	-1.4873444503303086e-006	6.6813112212049749e-008	-1	
-135.30989528699411	68.284060792630356	-1.5828228514350578e-006	6.6671842957164686e-008	-1	
-124.0653151474054	56.875890562237785	-1.389747309614587e-006	6.6863211482526525e-008	-1	
-119.0356085797211	47.313906980813222	-1.2739854456479635e-006	6.7055862077390612e-008	-1	
-116.02169111269515	56.08458499226137	-1.3030756971588762e-006	6.6688592648348596e-008	-1	
-114.86902170268523	50.472040075956819	-1.2510540783900494e-006	6.6779632285730598e-008	-1	
-200	81.341134656893217	-1.9685722055503613e-006	6.3975447026671899e-008	-1	
-195.24142802126684	84.463736376448651	-1.9997672589960649e-006	6.3753635614675652e-008	-1	
-163.24404391433549	81.289191640488255	-1.8862716181979328e-006	6.4957454657341331e-008	-1	
-172.26798034889163	87.678815749965906	-1.9903102062641661e-006	6.4110841282912568e-008	-1	
-165.62328632107005	86.162337545119897	-1.9483713758984308e-006	6.4552148273464073e-008	-1	
-184.15207517195302	90.038138767375884	-2.0478457821387177e-006	6.3480367415898793e-008	-1	
-176.09684350738164	91.852534333072171	-2.0495901028827419e-006	6.3614904107070814e-008	-1	
-191.98053989752142	91.164395337109113	-2.0717098476073856e-006	6.3217006957439349e-008	-1	
-96.15138489502489	10.151741700905367	-8.3542618580543049e-007	7.4428683284154288e-008	-1	
-88.94146183956056	0	-7.1072473843726878e-007	7.9703459965821397e-008	-1	
-90.995259028671455	3.9928050559389661	-7.4646937956626414e-007	7.8031833178582163e-008	-1	
-98.016512682368273	15.437497698802524	-8.7538122671850204e-007	7.2627342222506293e-008	-1	
-98.55737010159541	31.973777654500907	-9.5128813574667283e-007	6.8035649380477233e-008	-1	
-104.5923559738571	42.304621497697653	-1.0825896575661383e-006	6.6700137812970936e-008	-1	
-99.708566776155735	38.745681975803485	-1.0025871363500981e-006	6.6791784337826151e-008	-1	
-93.62006935644051	22.621350512954663	-8.4079480045193638e-007	7.0852486062981486e-008	-1	
-109.78648391356536	48.031367926546174	-1.1793450900091018e-006	6.6642267041686301e-008	-1	
-150.63469811681435	73.912908340214386	-1.7449178536243512e-006	6.5925831238509919e-008	-1	
-144.37324283130962	75.742974758282415	-1.7213277983141173e-006	6.6208649006033222e-008	-1	
-154.84179944484296	82.297814995520326	-1.8541345698280269e-006	6.5392114520192471e-008	-1	
-159.78857798402649	85.468677331611758	-1.9143682474271726e-006	6.4934337087871128e-008	-1	
-140.06891775242593	72.991155859281236	-1.6640078327349753e-006	6.6460858155174136e-008	-1	
-130.48213674754737	66.917120285367972	-1.5301394716510608e-006	6.6809531108160291e-008	-1	
-124.04340188829828	63.859311094424747	-1.4448795858820466e-006	6.6859196951176508e-008	-1	
-136.1710970327868	76.293687505633642	-1.6656439742713547e-006	6.6648341970331757e-008	-1	
-130.43314528315236	74.696010412569819	-1.6015428458342558e-006	6.6907945484274165e-008	-1	
-117.70292965150347	61.860477096583502	-1.3652192682032907e-006	6.6750278297293862e-008	-1	
-110.87662602567583	53.563154355372191	-1.2290101742743591e-006	6.6460992493366754e-008	-1	
-110.87972659002193	58.612332616902449	-1.266304586093631e-006	6.6401733454660325e-008	-1	
-200	87.586338096004084	-2.0353100417729198e-006	6.3473541656845469e-008	-1	
-168.96410357489921	92.27930682806641	-2.0314086074681023e-006	6.3936520314708637e-008	-1	
-161.04267041697719	91.209081327828898	-1.9856208166649279e-006	6.4512842906179722e-008	-1	
-186.76239211223185	96.484466347306324	-2.1278000823412931e-006	6.2821171697296516e-008	-1	
-181.2028083405888	96.994662189599083	-2.1235768714156661e-006	6.2947083255209701e-008	-1	
-173.43588971318098	96.976057318226012	-2.1030454213582059e-006	6.3296248743158252e-008	-1	
-200	93.83154153511498	-2.1064952545866927e-006	6.290931617197329e-008	-1	
-195.11865881319594	95.11869118905453	-2.1201752327630039e-006	6.2809244639312373e-008	-1	
-92.372821054630634	14.291835110055848	-7.9047261271113525e-007	7.4309437685990283e-008	-1	
-88.784528978936663	9.7876195362004452	-7.2152760719793665e-007	7.7532497491449904e-008	-1	
-84.833867461338784	0	-6.3994508499481369e-007	8.3038232486039549e-008	-1	
-86.525971612232738	3.5614756018156988	-6.7163442108137465e-007	8.1131598456286854e-008	-1	
-91.454041486505503	29.744287270552494	-8.4548202097643776e-007	6.8286165480280701e-008	-1	
-93.33198416960326	36.19163887080159	-9.0635502524537584e-007	6.6557462244625299e-008	-1	
-99.535177341557812	45.612550113780586	-1.0422637763270412e-006	6.5803041640370884e-008	-1	
-105.98910342270401	52.295742214177174	-1.1642256698451653e-006	6.6088401161842269e-008	-1	
-94.887910264262743	42.05958281035678	-9.6161413947566149e-007	6.5593711581288108e-008	-1	
-86.919017400494212	23.839927751911127	-7.5007862437848734e-007	7.0614282724242661e-008	-1	
-87.312235681375697	17.040339000583934	-7.2395636270282947e-007	7.4250773666081039e-008	-1	
-149.00879531461047	79.976603564235859	-1.7953398572832479e-006	6.5839204415196529e-008	-1	
-140.48120665662637	79.131659633036136	-1.7279784240960661e-006	6.6397622705350463e-008	-1	
-146.18523755538729	84.537884779574696	-1.8257588671834463e-006	6.5912847010883728e-008	-1	
-154.85209684797468	90.315380500180936	-1.9435655466839601e-006	6.5028268913766078e-008	-1	
-148.6827070890738	89.285559017912888	-1.895359441940127e-006	6.5567251276928731e-008	-1	
-126.62008114204264	70.12029142746843	-1.5240990020820569e-006	6.6936929578879819e-008	-1	
-119.92973430614707	69.081826250941774	-1.4496193364378378e-006	6.6986298880309309e-008	-1	
-135.61472675301627	81.830592582412322	-1.7183333577061975e-006	6.6734887116798308e-008	-1	
-130.21648079814162	83.181816593503413	-1.6874653595388772e-006	6.7146471655953193e-008	-1	
-124.80399722533147	76.642636857978786	-1.5692865014036921e-006	6.7208295540764204e-008	-1	
-111.77740107732947	66.550322903829297	-1.3408469330425573e-006	6.6673064532497742e-008	-1	
-104.60333734495634	58.259039706558156	-1.1915578552947523e-006	6.5845759161480285e-008	-1	
-105.3111315779059	64.340182027592661	-1.248284314925601e-006	6.6117371414553811e-008	-1	
-163.2138201619737	96.521046374284097	-2.0593044785323584e-006	6.3979511261371624e-008	-1	
-168.18802943808507	99.382533041631703	-2.1149714342211878e-006	6.3393267512774972e-008	-1	
-155.62827631061944	96.521784267608581	-2.0225997179496078e-006	6.4598588492569931e-008	-1	
-186.38987389290008	102.05496916910576	-2.1964384000110743e-006	6.2253435256443432e-008	-1	
-192.99627289543415	99.699054060019378	-2.174426913277455e-006	6.2367521737428686e-008	-1	
-180.53092596126598	104.20998822791321	-2.2134297651267417e-006	6.2220747523211848e-008	-1	
-174.48545787692129	102.65316657769368	-2.1777701547592321e-006	6.2684419714475526e-008	-1	
-200	100.07674497422586	-2.1821518567711565e-006	6.2272025779909161e-008	-1	
-84.40152491034236	10.236123396233898	-6.499448009236997e-007	7.9634424079922839e-008	-1	
-83.387582292869126	5.9484899293607523	-6.2079267662802798e-007	8.2780298248195688e-008	-1	
-80.726273083117036	0	-5.6325758519602953e-007	8.7758242319068234e-008	-1	
-82.780070272227917	2.330399620914831	-6.034352372385475e-007	8.493154137239135e-008	-1	
-87.375672450887066	35.653216241940413	-8.2345163097574459e-007	6.5620298253888634e-008	-1	
-84.415767147275403	30.456437546302396	-7.5126875816300786e-007	6.6871063718781274e-008	-1	
-89.076889360564806	41.386749990337833	-8.8183942152796742e-007	6.4569370938387535e-008	-1	
-96.812936436860468	50.841033322468085	-1.0433302747842165e-006	6.4933641452157105e-008	-1	
-92.861860904748156	46.466489420953557	-9.6383773880057285e-007	6.4566462435603533e-008	-1	
-98.498936235650064	57.792615327291813	-1.1140844404266629e-006	6.5021060782642869e-008	-1	
-81.10050515218181	20.299596832373599	-6.4222459955262478e-007	7.2682500446529779e-008	-1	
-77.676972549339752	28.303971273314819	-6.3991900947650424e-007	6.6214469913903678e-008	-1	
-80.378974436763187	13.321935962991285	-5.9323748158270118e-007	7.9087212004933213e-008	-1	
-140.82691966584954	84.280602561510037	-1.7854288920772772e-006	6.632644554575612e-008	-1	
-141.232796800572	90.206055843235305	-1.8559129875862487e-006	6.6228002556407972e-008	-1	
-150.20064287629026	94.780000440325281	-1.9704227016297464e-006	6.5202123905907984e-008	-1	
-143.63073066210535	95.639806485113425	-1.9385521052605818e-006	6.5844437251544765e-008	-1	
-116.60687670009644	73.589158850150611	-1.4570306016832997e-006	6.7227349333883572e-008	-1	
-133.43261251475775	89.089970467570538	-1.7817914788464542e-006	6.6996538942794766e-008	-1	
-127.02949132947356	88.74610474858045	-1.721208243981869e-006	6.7635377828724516e-008	-1	
-121.90254292557636	84.894792685152225	-1.6282217984936803e-006	6.7837627142123551e-008	-1	
-116.43462477753133	79.186279458566318	-1.5105811886495194e-006	6.7657593162087089e-008	-1	
-111.31112749749356	75.409178139364442	-1.4163352211028682e-006	6.732585253386771e-008	-1	
-104.57614093465261	71.134087582302541	-1.2983217406085347e-006	6.658122137342145e-008	-1	
-99.067726597961652	67.118177381871533	-1.1951502455279349e-006	6.5539438934587291e-008	-1	
-161.66798204085612	102.04746007335331	-2.1226272346750731e-006	6.3647674768823375e-008	-1	
-166.92826673025132	105.6088628102932	-2.191392750768796e-006	6.2875290456472757e-008	-1	
-155.01821180563221	104.3698316984905	-2.1210050839187051e-006	6.4083098569365797e-008	-1	
-149.09218148943597	100.37145185764857	-2.0347185744669989e-006	6.5014364288651913e-008	-1	
-191.88671083299596	107.02835557933736	-2.2681711826995751e-006	6.1539512659571067e-008	-1	
-182.67678755483473	109.17240102573581	-2.2840140291153126e-006	6.1542556664844738e-008	-1	
-200	106.32194841333674	-2.2624151800090554e-006	6.1553294978570139e-008	-1	
-176.93507392881139	109.31304869885757	-2.2729690120015407e-006	6.1802213333278247e-008	-1	
-171.35418093582564	109.02103540388968	-2.2529089211142323e-006	6.2182111126274321e-008	-1	
-80.709334952378981	7.832040682995129	-5.7609297090615722e-007	8.4130954497249427e-008	-1	
-79.699374488561588	2.7280914308132092	-5.448587107522273e-007	8.863754915884133e-008	-1	
-78.522658833291047	5.3949892250711011	-5.2701602865658946e-007	8.8580227260347189e-008	-1	
-78.672475894006155	0	-5.2192844094757837e-007	9.097390301400697e-008	-1	
-81.339580425456944	37.678357462990263	-7.5360315982926516e-007	6.3215991670252574e-008	-1	
-78.22407642218613	33.492906154568033	-6.8284204431370394e-007	6.3633294950161994e-008	-1	
-88.011982230790792	46.532661390886503	-9.0109725099778111e-007	6.3367493841592523e-008	-1	
-82.856131824043828	45.516965609371461	-8.2571174968979551e-007	6.1879640784901386e-008	-1	
-90.918633996788898	50.91053837049207	-9.6871513041162135e-007	6.3695286282202335e-008	-1	
-93.770439810161761	62.827616121338231	-1.0930450261482962e-006	6.4314435159997197e-008	-1	
-89.119621412102532	57.640812812151609	-9.9331234632145639e-007	6.3060183337313705e-008	-1	
-76.210194437960922	23.383137054971559	-5.8518084776336876e-007	6.9210262121883852e-008	-1	
-76.220280932506668	15.260572189935568	-5.3069369451461863e-007	7.8090107509478285e-008	-1	
-72.333290867107223	26.749985155902127	-5.5110391166819497e-007	6.4522850636892027e-008	-1	
-69.623700288139716	31.610841630692281	-5.4837351713622596e-007	5.9691571368684598e-008	-1	
-77.530600946610264	8.6171663919925123	-5.1872400354844488e-007	8.6234421148269685e-008	-1	
-74.994761159669594	10.838904702533151	-4.8098974210720376e-007	8.510823630336884e-008	-1	
-137.26042547846984	94.621483220255499	-1.8791931527953397e-006	6.6606641029831022e-008	-1	
-138.68949928875392	100.91239082164059	-1.9709827741528342e-006	6.6304923713406388e-008	-1	
-144.00597832800852	102.85611456196393	-2.034724899532583e-006	6.5506833023046703e-008	-1	
-130.8449315853309	95.299132474295703	-1.8349865589665204e-006	6.7424346079193524e-008	-1	
-121.05373044839882	91.362957206197322	-1.6942912039506045e-006	6.8443331345275877e-008	-1	
-125.33930274253078	94.848484772769197	-1.7793385540102535e-006	6.8143382650624694e-008	-1	
-114.53210581307141	91.201566349550276	-1.6229869827256785e-006	6.9174797795421563e-008	-1	
-112.25378737326203	85.894919464624891	-1.5364345782778627e-006	6.8609135404616326e-008	-1	
-108.80704962825322	81.261213065682952	-1.4467784043806239e-006	6.8046588393687548e-008	-1	
-105.11275779021521	76.857256771885844	-1.3582051921434979e-006	6.7319881452701353e-008	-1	
-98.12164348428486	75.376202965837379	-1.2562247309499554e-006	6.6525988426871855e-008	-1	
-92.741548951116741	69.657791451597134	-1.1351326310931855e-006	6.4793900931678312e-008	-1	
-159.73414543869112	108.82043062862957	-2.2051788111301072e-006	6.3176744975761052e-008	-1	
-166.59633442004966	111.95267912301955	-2.2772850945566651e-006	6.2201813446809377e-008	-1	
-148.73400934432951	105.96878769967645	-2.1075048412992862e-006	6.4686212724183711e-008	-1	
-152.33180277271589	110.27161679930849	-2.1886805071849768e-006	6.3861605266343346e-008	-1	
-186.91613057522446	112.5277301467342	-2.3367712364559291e-006	6.0966969125179981e-008	-1	
-193.4553694303404	113.44218271342537	-2.3565295156709821e-006	6.0686050891185242e-008	-1	
-182.23440503865137	114.56077373594454	-2.357919242286287e-006	6.0859800986013127e-008	-1	
-200	112.56715185244765	-2.3468499899726942e-006	6.0750701573168216e-008	-1	
-177.1333951568331	114.73830801720405	-2.3491995571867088e-006	6.1094270569689946e-008	-1	
-171.70759528104421	114.92124431398025	-2.3371474135516319e-006	6.1413806024894769e-008	-1	
-76.603142325020272	2.2125359399892854	-4.7989014176800644e-007	9.4250915837206635e-008	-1	
-75.134555941463319	3.8674711951805634	-4.5127292118768312e-007	9.5887227819177256e-008	-1	
-74.406591625884118	7.3494241825621174	-4.4903098993161123e-007	9.1897867843477051e-008	-1	
-76.618678704895274	0	-4.786322080611687e-007	9.4869812521747276e-008	-1	
-73.664797474892737	36.030098171412057	-6.3649950530757457e-007	6.0289281044070309e-008	-1	
-75.758274134041386	43.198146599537964	-7.1435671821275774e-007	5.9296265221315024e-008	-1	
-84.216239045155703	52.206671742979509	-8.8952154056022507e-007	6.1666022921046717e-008	-1	
-77.282356142092496	50.485821618070034	-7.842376193485561e-007	5.904002333608817e-008	-1	
-87.018249792360876	64.282896645984167	-1.0150532995175447e-006	6.2817053340711373e-008	-1	
-81.126508584798771	60.047631843471549	-9.033334267015379e-007	6.0588338744493013e-008	-1	
-72.101639305408924	20.303230862371116	-4.9732939181137199e-007	7.0731688644947768e-008	-1	
-71.871803647455124	13.796404377095463	-4.4128296190651169e-007	8.0496111653177877e-008	-1	
-66.783441596108418	26.3389135765722	-4.6627766202843294e-007	6.0632736031645779e-008	-1	
-63.645573421348672	31.960547235492562	-4.6932594493037595e-007	5.4539295144992937e-008	-1	
-68.536759174868678	41.297282457942558	-6.0397964926317804e-007	5.5483757643612414e-008	-1	
-63.108185828495245	38.376168503329644	-5.1108341811918988e-007	5.2078640186359355e-008	-1	
-72.527572508855286	8.3020961049003219	-4.1419352751166181e-007	9.2177126913693976e-008	-1	
-133.1918940585488	100.30728426523517	-1.9195800661211407e-006	6.7140046743902265e-008	-1	
-139.65500689649815	106.51421812459905	-2.0549114549603107e-006	6.5966505441956846e-008	-1	
-144.61713114081059	109.77795685729747	-2.1356259450086248e-006	6.4972254194694033e-008	-1	
-127.7398964414958	99.376940675247312	-1.8601281772049733e-006	6.7986696039171099e-008	-1	
-121.05552223314511	98.336214242348419	-1.7821607105033712e-006	6.9041861196241588e-008	-1	
-112.13446416105427	96.120735778038124	-1.6569440492384927e-006	7.0233542922879796e-008	-1	
-107.86793207018698	92.693839620396801	-1.5637376071346423e-006	7.0140585909628069e-008	-1	
-106.55512333955269	86.831116188274066	-1.479685385192052e-006	6.9067561974059556e-008	-1	
-102.30150757414059	81.871186911495869	-1.3734138848044903e-006	6.8066403715938996e-008	-1	
-95.826962827967336	82.751195911566143	-1.2975294456306328e-006	6.7948874352447565e-008	-1	
-91.793982830136187	77.451876765371338	-1.1908494952370305e-006	6.6045196423198336e-008	-1	
-86.522534574055967	70.545335526232847	-1.0581413513029037e-006	6.352734070703243e-008	-1	
-156.583301815206	116.72797912016506	-2.30456906938402e-006	6.2630877846287695e-008	-1	
-162.3342961711262	115.90137932319756	-2.3180406186594654e-006	6.2094834943021256e-008	-1	
-150.0444660403611	117.6559210454302	-2.2848699666074853e-006	6.3393582623742937e-008	-1	
-145.2838393853269	115.12714250996765	-2.21858287141281e-006	6.4408060377493887e-008	-1	
-187.17066932369025	119.52098437498066	-2.4374076460986604e-006	5.9952016029665805e-008	-1	
-200	118.81235529155852	-2.4356845656725459e-006	5.9850322622383438e-008	-1	
-193.73824122065005	121.93495701111395	-2.479212679616232e-006	5.9424122887916848e-008	-1	
-180.17872878432181	119.23260585758754	-2.4217102011194775e-006	6.0277946044029297e-008	-1	
-170.79734481816138	120.76151921991915	-2.4204380772819113e-006	6.0658871708156664e-008	-1	
-74.564881515784393	0	-4.3258594653810123e-007	9.9890339582495745e-008	-1	
-74.392648124564928	2.3088274484270062	-4.3078384524749103e-007	9.9323383311467271e-008	-1	
-73.687774624063067	3.6664898516545321	-4.1789767070930832e-007	9.9489300113366468e-008	-1	
-73.072472475755504	5.097906633137252	-4.0930870595078407e-007	9.835370464717827e-008	-1	
-72.029244054417134	6.2551556110733415	-3.9081879511236662e-007	9.7899044110475076e-008	-1	
-69.568157832246783	47.374990259601759	-6.5922347240431942e-007	5.52743739762266e-008	-1	
-70.332962272016758	53.157704471332003	-7.079422305711106e-007	5.5519790787826042e-008	-1	
-74.391727744051153	57.347111628515478	-7.9175639870123878e-007	5.765654404221571e-008	-1	
-81.141514684819469	67.303653978308915	-9.5695936507426932e-007	6.1357498800564976e-008	-1	
-74.589368031593409	66.449040252920611	-8.5750524226456958e-007	5.8715550290546234e-008	-1	
-65.892537388166545	18.343978780466209	-3.7920437339126219e-007	6.8178401509998672e-008	-1	
-67.652743726562576	12.960221782173008	-3.5549866050496e-007	8.0416756142431621e-008	-1	
-69.552510988570944	10.174174468519945	-3.6581265800066622e-007	8.9009040243452541e-008	-1	
-60.561827031043059	27.260003402890167	-3.8828352860144588e-007	5.3271183796418841e-008	-1	
-60.249085273181336	21.646911855905667	-3.29603381020894e-007	5.6162154262603844e-008	-1	
-58.293121651054548	35.538289781281961	-4.2896747311263082e-007	4.8121091900858619e-008	-1	
-55.944266730699823	30.466674729146302	-3.5941774675007446e-007	4.6414652053150395e-008	-1	
-63.528916868877566	44.892255441306418	-5.6230883729662763e-007	5.1453128863311629e-008	-1	
-57.495426516252763	42.395578098036744	-4.6801786354605579e-007	4.6794175351171186e-008	-1	
-70.636027146685478	7.3745440704433651	-3.6603648330552025e-007	9.6861584667735591e-008	-1	
-130.22040670725545	105.52979080145953	-1.9667533539007861e-006	6.7616674933378081e-008	-1	
-135.04856437768842	109.84488793616622	-2.0681005563788478e-006	6.6612433246907361e-008	-1	
-136.78228918641955	115.27133479981687	-2.1625955736474993e-006	6.5938101358454709e-008	-1	
-124.51647265238364	103.36182486979865	-1.8839732085075211e-006	6.8712229824040116e-008	-1	
-118.59118943551029	104.81989166628205	-1.8448812417509948e-006	7.008219046071376e-008	-1	
-112.45623075251882	101.58364522431988	-1.7325693642835608e-006	7.1021730124689138e-008	-1	
-108.07374373183947	99.100843907289345	-1.6466414568487212e-006	7.15121664698995e-008	-1	
-101.53660797316371	90.13406885552628	-1.4529603191170073e-006	7.0022963942537913e-008	-1	
-103.23287907718594	97.7092533563019	-1.5674800667545932e-006	7.2004067371102583e-008	-1	
-94.075440474718121	87.991235348398121	-1.3276235149307225e-006	6.9414118147109274e-008	-1	
-86.025106244461156	84.820530037379399	-1.1778395597202753e-006	6.7209678163184472e-008	-1	
-85.164079311599437	76.825705533976091	-1.0917392354232272e-006	6.4508060961850305e-008	-1	
-78.023071144280621	73.129141105534842	-9.5715628555960783e-007	6.1420165088517093e-008	-1	
-161.07180012102168	121.57264964206291	-2.3981800628074397e-006	6.1444296625957129e-008	-1	
-153.93677594998147	122.77887577700476	-2.3849070502790048e-006	6.2158392476882963e-008	-1	
-166.16065853595319	123.87788171312161	-2.4527497459974611e-006	6.0585688657210644e-008	-1	
-143.68008875451608	123.76192437751621	-2.3438638090237085e-006	6.3673648889917205e-008	-1	
-148.58806059198704	126.3546254373481	-2.414235640151044e-006	6.2452757563245042e-008	-1	
-141.29290209344916	118.75077419135278	-2.2486691253830489e-006	6.4727928242283477e-008	-1	
-183.46596040440147	124.43781089338438	-2.5056552604616091e-006	5.9307209705355728e-008	-1	
-189.72049886260112	127.77654357606924	-2.5651414661707115e-006	5.8522109166018694e-008	-1	
-200	125.0575587306694	-2.5283167004461488e-006	5.8857817452166954e-008	-1	
-176.35075261796334	125.29067075079989	-2.5041797173410783e-006	5.9555951432610512e-008	-1	
-168.91564184864961	128.73798889459621	-2.5382772082281841e-006	5.9525828304140889e-008	-1	
-72.511084326673512	0	-3.8321304160860325e-007	1.0660060570192437e-007	-1	
-73.42989964825685	1.1200426806015771	-4.0637961886820295e-007	1.0301723468119999e-007	-1	
-72.870024832410067	2.4561779253002545	-3.950646161047485e-007	1.0357770513763258e-007	-1	
-72.23199591844957	3.7859806090637016	-3.8351264784568986e-007	1.0335149915160309e-007	-1	
-70.70449579962083	5.5886560788477642	-3.5523960553263406e-007	1.0264821666737952e-007	-1	
-60.282348342150499	51.725426274746233	-5.6375053654381139e-007	4.9094242321927187e-008	-1	
-67.502853256251711	58.258213509116764	-7.0233150514238674e-007	5.4188137406648808e-008	-1	
-69.381249829013655	64.948379774683374	-7.7241584910897895e-007	5.6079656234042508e-008	-1	
-70.604311173661429	71.956083150652177	-8.3765234537491666e-007	5.8167501680755732e-008	-1	
-61.384033488346454	15.369601665063319	-2.7441669720771638e-007	6.5247456786829566e-008	-1	
-64.280944793567258	12.913883470120972	-2.9263531537594674e-007	7.6142208264529152e-008	-1	
-67.054785669722961	9.6415441169013718	-3.0652263364595632e-007	9.051243138715266e-008	-1	
-68.852839102288812	7.2548600143584663	-3.2322305424544396e-007	9.9418565364916467e-008	-1	
-54.473486681047127	20.763248227676307	-2.4721498028933223e-007	4.6132059257658073e-008	-1	
-57.615186900066256	15.836979838811024	-2.2603683887683188e-007	5.547775550273212e-008	-1	
-52.718442233958548	35.93997133491596	-3.6503250860871316e-007	4.2351205683766151e-008	-1	
-50.323298852773682	26.355484471631865	-2.5858397648554036e-007	3.9049974024741992e-008	-1	
-47.961153393795513	31.729137413972754	-2.7990986462998039e-007	3.663759810793511e-008	-1	
-58.157373347658066	47.279012983265382	-5.0827044811810606e-007	4.7329067554871039e-008	-1	
-50.704524077230957	41.153658353900369	-3.7772992770155772e-007	4.0503932604304898e-008	-1	
-52.010706646493411	46.588019932750143	-4.2732964314848935e-007	4.2145191246427265e-008	-1	
-128.60064076653549	110.44108494827825	-2.0237665863069356e-006	6.7931713700955201e-008	-1	
-131.0934761151272	114.97211395106601	-2.1135908923665967e-006	6.7194380027022417e-008	-1	
-133.69477349923019	119.74373692845401	-2.2098692036492533e-006	6.6233544012251415e-008	-1	
-122.42584317571904	111.12609576595008	-1.9766601266437786e-006	6.9435735999540917e-008	-1	
-113.2515647431859	109.24701457176421	-1.8516414766360157e-006	7.1951022339401411e-008	-1	
-104.24599975947146	103.30060156274101	-1.6555935355891837e-006	7.3413724032363371e-008	-1	
-105.55836256142173	108.82937106043047	-1.7522267293764721e-006	7.4393533457606252e-008	-1	
-94.53993040267386	93.496695634360961	-1.3960880924075487e-006	7.1487856396972385e-008	-1	
-97.164845979792815	104.78144075906198	-1.5783206081879748e-006	7.584361808732848e-008	-1	
-94.220699310040487	100.07937490919136	-1.4724664445369826e-006	7.4370276706283579e-008	-1	
-88.93824179347196	90.024713541762665	-1.2742560632139143e-006	6.9773966429458591e-008	-1	
-83.58538908957928	90.262741433345226	-1.1941049146748754e-006	6.9011100204704703e-008	-1	
-80.220736737057621	86.191361644736446	-1.1010425879315708e-006	6.6159224035395491e-008	-1	
-78.085155560386653	80.639814177400766	-1.0185096078952877e-006	6.3528516800741211e-008	-1	
-70.455397722283749	78.752113199320675	-8.836720782839347e-007	6.0069127510029101e-008	-1	
-161.72604176555126	126.89790278697839	-2.4844186895096972e-006	6.0543040529995689e-008	-1	
-154.06020770996273	129.21156621063506	-2.4889928903071456e-006	6.1131504904001679e-008	-1	
-164.51128186838042	130.98106531579347	-2.5600376881019683e-006	5.9550358787880318e-008	-1	
-143.96746538100129	129.15965688081582	-2.4353961556662775e-006	6.2811922659087045e-008	-1	
-138.19526782400646	124.61458239999963	-2.3226180186325895e-006	6.4659863342921769e-008	-1	
-149.96458098234757	133.83026152109701	-2.5473157307785883e-006	6.0921728970332966e-008	-1	
-183.21226301347636	130.5888830619233	-2.600697805840368e-006	5.825677351788865e-008	-1	
-187.99352925734155	132.7167964155108	-2.6408214433270214e-006	5.7685393457535209e-008	-1	
-195.04842107136287	132.51879374065356	-2.6431250815265203e-006	5.7566027752548526e-008	-1	
-200	137.54796560889116	-2.7245394268457497e-006	5.6581414066104961e-008	-1	
-175.82264676703142	133.95629503995872	-2.6403128079073082e-006	5.805050801692658e-008	-1	
-170.62917444732182	133.65018438174354	-2.6223960380731734e-006	5.8491764130957318e-008	-1	
-71.484185732118064	0	-3.5679806031109468e-007	1.1097572596602176e-007	-1	
-71.981334991252552	1.1394755399762972	-3.704108046437173e-007	1.0830446982391479e-007	-1	
-71.293155698696808	2.6484239667075284	-3.5600261487057974e-007	1.0888363549811939e-007	-1	
-70.792706454700564	4.1083188046520602	-3.4921390343073591e-007	1.0683430499184617e-007	-1	
-69.429366940042485	4.8315392077418648	-3.179174884260702e-007	1.0845820931559141e-007	-1	
-54.975477161431044	51.042209303675676	-4.9077691701866314e-007	4.5027425529111277e-008	-1	
-61.327035551005729	57.827466579547355	-6.1484378481646324e-007	5.0371431882104072e-008	-1	
-55.147963010867045	56.390098213334682	-5.2335331060624517e-007	4.586012375395485e-008	-1	
-64.004825653410961	64.262420470510875	-6.9077542650034736e-007	5.3103852739201275e-008	-1	
-66.026601196056433	69.205469112762174	-7.5092146343813363e-007	5.5307310519728868e-008	-1	
-64.195527014599222	74.222288181305771	-7.5446768286285278e-007	5.5811304876779759e-008	-1	
-60.539832096049281	11.666903868519489	-2.0873014301078596e-007	6.9819094983670699e-008	-1	
-64.703383561154268	8.644932365165392	-2.4272086501695777e-007	9.2009659260838286e-008	-1	
-66.509024613148469	7.1466549953157541	-2.6511493049552911e-007	1.0127464763221565e-007	-1	
-67.5660846427362	5.0519476698169781	-2.6968008798798967e-007	1.1201051451137763e-007	-1	
-52.556398218960091	15.243902946408696	-1.5718876363712458e-007	4.1266774306465721e-008	-1	
-46.853969064298667	20.317196962995077	-1.6487275022393038e-007	3.1686101368701629e-008	-1	
-56.686431886913589	10.828936583613118	-1.381794834225658e-007	5.6655004260598383e-008	-1	
-46.541188580020133	37.424712630027749	-3.0655577512041207e-007	3.5917905579250089e-008	-1	
-43.999165055823084	25.973244169606506	-1.9414402001589453e-007	3.008952923811485e-008	-1	
-42.129267062986408	32.396204830822079	-2.2750492207178827e-007	3.0106297908243588e-008	-1	
-47.514631324328853	47.322041030202499	-3.7801733871397108e-007	3.8265217985076565e-008	-1	
-44.434170831630098	43.965816450856771	-3.239299341674592e-007	3.4929667637910272e-008	-1	
-50.019743291803955	51.127023855984426	-4.2868191893136044e-007	4.1020135489146948e-008	-1	
-125.9472510494965	114.88000090927636	-2.0677969224569035e-006	6.8487194239764559e-008	-1	
-128.41134564614475	121.01673498034536	-2.1884714193457987e-006	6.7457359709143976e-008	-1	
-133.09440503780814	128.85259887134529	-2.3584522004560482e-006	6.5288904449975539e-008	-1	
-122.29375846250086	118.50548145057864	-2.091735492189299e-006	6.9447948251655617e-008	-1	
-116.32924958591481	115.28594264470955	-1.9789852914012464e-006	7.1411969845693283e-008	-1	
-109.5919061864285	116.02688810745884	-1.9147211375764902e-006	7.4040628973010022e-008	-1	
-101.62978953884456	113.86392155492885	-1.7777273535938598e-006	7.7259432244288957e-008	-1	
-96.351648304032864	110.26925748428813	-1.6469381734765667e-006	7.8384805333740395e-008	-1	
-88.433709143359181	95.976138486712841	-1.3331473879906004e-006	7.2788156233995379e-008	-1	
-92.004599322543925	106.8184182517911	-1.5288154339707587e-006	7.844617222057065e-008	-1	
-87.135358265451799	100.43115127264852	-1.3661670500589199e-006	7.5647334528122021e-008	-1	
-84.669273256755233	93.262860693957109	-1.242966730599696e-006	7.0907073615065485e-008	-1	
-80.511170801339503	89.411446900294919	-1.136394547337033e-006	6.767641494029585e-008	-1	
-81.706970173954417	92.840931271811726	-1.1903221614245195e-006	7.0008797487912081e-008	-1	
-78.629561951659554	89.005871158146164	-1.1017002090726693e-006	6.6773548191569883e-008	-1	
-76.687052167595738	86.421309930862762	-1.0460463736386285e-006	6.4978234777447751e-008	-1	
-73.246968428696718	84.856565282695058	-9.7603245804864834e-007	6.3123558579899681e-008	-1	
-66.771528464458868	81.507170644398883	-8.4308726133788036e-007	5.9479675763449079e-008	-1	
-69.282789206156565	85.361363649638236	-9.1339599866655479e-007	6.178174330649347e-008	-1	
-159.64434904289112	131.84289101702433	-2.5564741214108817e-006	5.993415809890632e-008	-1	
-156.26260956536802	135.44541340456337	-2.60339205202896e-006	5.9682138061774618e-008	-1	
-166.2740448272688	136.49600666417786	-2.6570323724793057e-006	5.8327206009143909e-008	-1	
-160.93440428753604	137.05434582094426	-2.6488520354706872e-006	5.8777673412366764e-008	-1	
-138.71246380907559	130.42577693108186	-2.4247159637606452e-006	6.3680630237312024e-008	-1	
-142.44080575076185	134.91319711766064	-2.5262500284463045e-006	6.207292046590906e-008	-1	
-152.80949659374758	138.97958095177796	-2.6501830712294643e-006	5.9440319724967136e-008	-1	
-146.98656075057099	139.81770600296363	-2.6383660647026161e-006	6.0191102217466139e-008	-1	
-183.70051792028468	135.92734496126448	-2.6872375364009364e-006	5.7228129607295021e-008	-1	
-190.06946165871517	137.52085998711638	-2.7202452052428018e-006	5.6703392566153971e-008	-1	
-195.0271377573458	140.31624504548847	-2.7692995519519359e-006	5.6042334287297952e-008	-1	
-200	143.79316904800203	-2.8284134351286724e-006	5.5275487972548563e-008	-1	
-180.75579384192693	140.40687266037295	-2.7565305660491549e-006	5.6467527427069444e-008	-1	
-172.96198640921753	138.28097669849512	-2.7054480008712111e-006	5.7386455767947788e-008	-1	
-70.457287137562616	0	-3.2927496445989452e-007	1.1619371534942723e-007	-1	
-70.919010392624259	0.5548998847330513	-3.4200680712824909e-007	1.1354968324108746e-007	-1	
-70.775024861593707	1.2622685391101891	-3.3895504572843053e-007	1.1359114427051295e-007	-1	
-69.738767618402846	2.9809522657584675	-3.1565698564580617e-007	1.1453050680925737e-007	-1	
-70.079021593195549	1.8023951210566358	-3.2106171190933005e-007	1.1621078364511263e-007	-1	
-68.529216087030647	3.1852921875679883	-2.8233817320471316e-007	1.1915659450347496e-007	-1	
-57.696436647480631	62.841947494605819	-5.9295103620118581e-007	4.8936433546469121e-008	-1	
-48.863804113390344	55.53540345126239	-4.3698177552380705e-007	4.0838853313766159e-008	-1	
-49.270442867397477	60.07463807441134	-4.6394723633317978e-007	4.2175851812377437e-008	-1	
-61.121327981905559	68.326802522115685	-6.7254248109301233e-007	5.2416419234655756e-008	-1	
-58.501027635498914	72.565645097348408	-6.5628226467232002e-007	5.2210853423536716e-008	-1	
-59.045991265778994	81.360982537585997	-7.1229593640104355e-007	5.6033035498833794e-008	-1	
-59.586348709427327	7.8404496647197952	-1.2537461005567247e-007	7.7300192599978311e-008	-1	
-62.557925222196808	5.7362942128136956	-1.4484586923970847e-007	1.0248684741738165e-007	-1	
-64.59125904403156	5.032371572849506	-1.8489641411381104e-007	1.1408334441526552e-007	-1	
-65.780187332062724	3.3895428303442565	-1.9834615066924204e-007	1.2819719947426984e-007	-1	
-67.297619472853114	2.9686926875935895	-2.433124167068688e-007	1.2623430551167115e-007	-1	
-49.121559178061538	10.268866580092881	-5.4369397364105271e-008	2.6230376813611133e-008	-1	
-52.851704326307654	9.2055339293636962	-6.7494063892629246e-008	3.9178416564908695e-008	-1	
-44.00724581476809	13.235376774424493	-5.9373011548101334e-008	1.9420711492401454e-008	-1	
-42.371747450316676	18.729931210524796	-1.114361451483283e-007	2.3195795863073424e-008	-1	
-40.107450792660273	22.911161150618788	-1.3504631413190688e-007	2.337856411996438e-008	-1	
-56.079391005716722	6.7092189949366219	-5.1142539750315005e-008	5.7352231342518055e-008	-1	
-39.889218279933246	38.811306843753599	-2.4688879526346338e-007	2.9527856029734825e-008	-1	
-37.80269927338324	27.294072598009439	-1.5335478042902728e-007	2.3433750103411096e-008	-1	
-35.278027806291981	33.820487792477941	-1.7607364942018389e-007	2.3661341340827422e-008	-1	
-45.312553483842869	52.679072762005042	-3.7896230584179447e-007	3.7301257704020245e-008	-1	
-42.831878064235802	48.528246450020077	-3.300731400963167e-007	3.4296071206922742e-008	-1	
-38.947912297382885	44.60165358937882	-2.6836144134061227e-007	2.9949742192994443e-008	-1	
-127.56277953198612	126.84120950380412	-2.2804883377263875e-006	6.7098900395944101e-008	-1	
-119.16842354072766	123.26257124111602	-2.1419641056625048e-006	7.0261638702600947e-008	-1	
-132.72162367019112	133.76545839077437	-2.4436694001301584e-006	6.4537142443746072e-008	-1	
-125.8693464413651	132.1621750505127	-2.3622157099346735e-006	6.6805130270579265e-008	-1	
-113.64562667845082	121.88549591038236	-2.0606014100827662e-006	7.2498412706866085e-008	-1	
-103.11069678819852	119.39117175277164	-1.8896879515809059e-006	7.7625710552342141e-008	-1	
-106.77868684183913	123.78314511302054	-2.0141528416071122e-006	7.5854041511486406e-008	-1	
-96.027810936954225	116.92957326693683	-1.7476594372284176e-006	8.1374797664184491e-008	-1	
-92.299799893877051	115.56521834385211	-1.6672635123235123e-006	8.3065123568937385e-008	-1	
-88.266629063602295	110.92118617104667	-1.5287847529660449e-006	8.2435712481393294e-008	-1	
-83.889007462373129	96.913443429543989	-1.2707570654804762e-006	7.3265487691131287e-008	-1	
-86.454560175889029	106.7716023719741	-1.4379933251325129e-006	8.0193151447985205e-008	-1	
-83.402128955589092	103.42715877031448	-1.3410501486571648e-006	7.84531247166017e-008	-1	
-82.350265545177635	100.30485929163683	-1.2842211462028663e-006	7.5982678606549556e-008	-1	
-81.992127727792166	94.599332095969231	-1.2136296333959008e-006	7.1310082597765591e-008	-1	
-79.663495161993026	91.83185311713838	-1.1463427137115403e-006	6.8669815593364138e-008	-1	
-78.43807401270783	90.92114552884334	-1.1169433007303506e-006	6.7613511161027646e-008	-1	
-79.538144254410838	93.353474770001512	-1.1595336123971596e-006	6.9615139018572554e-008	-1	
-80.213795469879315	94.495300036607205	-1.1826812308218896e-006	7.0743506369797349e-008	-1	
-76.816383027608438	89.651878693079212	-1.0776377056123849e-006	6.6260663691773484e-008	-1	
-75.188096248419328	88.099191491820292	-1.0361626152944832e-006	6.4973395413727604e-008	-1	
-71.470172489892732	88.705745904961205	-9.7776661019700397e-007	6.3638626188604325e-008	-1	
-65.31936854320098	85.872083678758244	-8.4800720088953043e-007	6.0568212941132423e-008	-1	
-67.694755220725	91.118141297625755	-9.2976235607760845e-007	6.3063778026622593e-008	-1	
-158.07687592938598	141.59945697358998	-2.7174373739617318e-006	5.8154206162343008e-008	-1	
-164.30493580512254	144.35265741867127	-2.7865543625743116e-006	5.6836919699060062e-008	-1	
-170.99408122025216	143.07822573285767	-2.7821547570115763e-006	5.6528336431152902e-008	-1	
-137.43049343317136	135.61565267314643	-2.5086947364806524e-006	6.301636350525238e-008	-1	
-139.96590872498791	141.76593696930865	-2.6374371999288837e-006	6.1088650900437779e-008	-1	
-153.29235721637914	144.61385811949509	-2.7533162328405641e-006	5.809522073256589e-008	-1	
-147.93925978610145	146.43665308478901	-2.7646180982358139e-006	5.8458061140773067e-008	-1	
-142.57384397049722	146.45493417851597	-2.7399669520668631e-006	5.9392400642715883e-008	-1	
-185.91719239458271	140.59218470650708	-2.7669109694296092e-006	5.6201149857485664e-008	-1	
-192.79888489465856	145.5533834915704	-2.856223696819129e-006	5.4955287752848257e-008	-1	
-200	150.03837248711292	-2.9352511735573577e-006	5.3875631267932572e-008	-1	
-176.04004878930661	142.34590210788701	-2.7804953401326508e-006	5.63328675560425e-008	-1	
-179.93959717217442	145.12576329104394	-2.8353366965877984e-006	5.5488860199220637e-008	-1	
-69.9438378402849	0	-3.1495578476541123e-007	1.1931844682819688e-007	-1	
-70.200562488923765	0.48465135442929336	-3.2230918428695029e-007	1.1754717710001943e-007	-1	
-69.860405501566049	0.94895251687828663	-3.132726092921867e-007	1.1908658119507248e-007	-1	
-68.97847877918511	2.0182837913339107	-2.9026191876098623e-007	1.2186801138421192e-007	-1	
-69.330488880765472	1.3377920081009025	-2.987122567402936e-007	1.2174490640586702e-007	-1	
-68.213539487976448	1.9752947296151668	-2.670075761031972e-007	1.269493693924883e-007	-1	
-54.321768154556892	68.357845235525886	-5.7254808619590884e-007	4.81947952642079e-008	-1	
-44.689527940980028	57.089459458063182	-3.9128989749791726e-007	3.7721984867506131e-008	-1	
-48.718830253150038	69.760872200966332	-4.976095573922392e-007	4.4679621809256061e-008	-1	
-43.311399359069156	67.730825669845871	-4.140066855261995e-007	3.9693585235376766e-008	-1	
-41.410887444063462	60.104453343265085	-3.6190542518242889e-007	3.5725572894577576e-008	-1	
-54.966092277252763	78.249086413466401	-6.2897166180261681e-007	5.2482696423123705e-008	-1	
-52.672136589793446	73.659180036658583	-5.7219281692001213e-007	4.9060973278355163e-008	-1	
-55.750399691939208	86.075462621546393	-6.7888509842214483e-007	5.6967028795693412e-008	-1	
-52.549672296744134	82.443731108591464	-6.0652600811781947e-007	5.3274538611992876e-008	-1	
-60.513046858017333	89.301053769703742	-7.8344501066754857e-007	6.0532015026822453e-008	-1	
-58.558231724886603	5.0026113348817596	-4.3260058736386466e-008	7.9026374646018651e-008	-1	
-60.35331778775295	4.9211844569849141	-7.5511917532442275e-008	9.4920197346759836e-008	-1	
-63.830848334852263	4.0014684972621826	-1.4380961624081244e-007	1.231387629771634e-007	-1	
-62.069541315728024	3.3151724221367389	-7.5366749037475046e-008	1.2275488979603954e-007	-1	
-64.635788578733894	3.0049461434387763	-1.5310274121897245e-007	1.3482563676269175e-007	-1	
-66.57522449519162	2.4809840664532348	-2.1604887878351062e-007	1.3383491058471478e-007	-1	
-65.756315857704962	2.1824830675689322	-1.8422308637323585e-007	1.4148644000025131e-007	-1	
-67.486626509055668	1.6307744100873891	-2.4241494388220794e-007	1.3420890813819262e-007	-1	
-46.182539020085279	7.7376969563615878	2.0713481147447133e-009	1.3624484682193287e-008	-1	
-49.836308530127923	6.4565454345423801	6.1977843141584612e-009	1.547375352728525e-008	-1	
-53.490078040170559	5.1753939127231749	5.3586108681597886e-009	3.8492431966341429e-008	-1	
-38.875	10.299999999999999	1.2034443117882852e-009	7.2667729988466764e-009	-1	
-37.625712667483342	18.438594625200341	-7.8175773011574647e-008	1.677881652938942e-008	-1	
-35.155506478200778	22.917472075281104	-1.0136500840142348e-007	1.8183286942061286e-008	-1	
-57.143847550213195	3.8942423909039694	8.3085805774447621e-009	6.6710425939665092e-008	-1	
-34.196531634295724	41.78603583020665	-2.0762695201459885e-007	2.4955117372350673e-008	-1	
-33.096585854832632	27.151692370005719	-1.1816623864649807e-007	1.8873288647719589e-008	-1	
-29.384397410020878	30.047798823124207	-1.1048101994608088e-007	1.7191250456246103e-008	-1	
-28.808281683279962	38.289972865435786	-1.4450307263438665e-007	1.9324455058543917e-008	-1	
-38.699362707975332	55.838574742398194	-3.1320122839771742e-007	3.2237164088006808e-008	-1	
-37.084467590754947	51.048773035424347	-2.7632352417632489e-007	2.9681763252464398e-008	-1	
-31.859306184349325	49.604926759567491	-2.1508732906916363e-007	2.4603487059193453e-008	-1	
-121.85544982191712	128.28029098345789	-2.2559826043648464e-006	6.8787812077515836e-008	-1	
-115.33422873893645	126.87651165917163	-2.1673346377913208e-006	7.1510107780008581e-008	-1	
-128.64792144624479	136.53675859037418	-2.465271227345414e-006	6.5129565267541244e-008	-1	
-133.38072836485892	138.64815596559447	-2.538629388236332e-006	6.3346038639567482e-008	-1	
-123.51124188032631	137.22376895568507	-2.4387659472069794e-006	6.6589144553729718e-008	-1	
-118.4406147915514	133.52424712764696	-2.3227039941564844e-006	6.924125454903049e-008	-1	
-110.464067878669	126.96824292039494	-2.115791641870734e-006	7.3808476003729143e-008	-1	
-99.106752506222364	123.47920443580792	-1.9074727990168374e-006	8.0877855645096952e-008	-1	
-105.51847200913217	128.9659726303272	-2.0956564936998416e-006	7.6413071455475427e-008	-1	
-100.29358193789321	127.89342135314072	-2.007133717919619e-006	8.0097376848904552e-008	-1	
-95.362329758322346	121.24092328864039	-1.812592781926826e-006	8.3272589533363159e-008	-1	
-93.029900696717604	120.0986643669592	-1.7561039011842336e-006	8.4771333519520196e-008	-1	
-88.330424281040607	115.62511774009245	-1.6030694926848194e-006	8.5558452204700854e-008	-1	
-89.742708533354872	118.60179774630376	-1.6766484045618954e-006	8.655644168490324e-008	-1	
-85.22895350704475	114.51334001646117	-1.5309242484280605e-006	8.6640162592218734e-008	-1	
-83.586188398560921	110.44735369320186	-1.4397772915187802e-006	8.4191951110864249e-008	-1	
-80.614911910380059	98.017582344135974	-1.2276843940025803e-006	7.3947035138116691e-008	-1	
-81.013053124302871	96.087519318636723	-1.2132062721153828e-006	7.2290521897098952e-008	-1	
-81.943423290077078	106.38136736994252	-1.3531786237990556e-006	8.1379345164141285e-008	-1	
-80.300658181593249	102.3153810466832	-1.2718761394762125e-006	7.8036472563070766e-008	-1	
-79.479275627351342	100.28238788505355	-1.2331847973111729e-006	7.6133013004239789e-008	-1	
-78.378626276317362	92.656569584244622	-1.1329288288388188e-006	6.8545211148255972e-008	-1	
-77.402830617689219	92.315240862203908	-1.1130040549994329e-006	6.7763060728178001e-008	-1	
-76.387779634668377	91.666132669886409	-1.0894224245075133e-006	6.6842776642200667e-008	-1	
-78.887788040178236	94.539727514599335	-1.1605691741644774e-006	7.0282304124241189e-008	-1	
-78.225026019950249	93.678865737583493	-1.1405164351715012e-006	6.9184361001457908e-008	-1	
-79.340620609148331	95.494217033664839	-1.1782394074881865e-006	7.1340152166950761e-008	-1	
-74.870708496721932	90.326616102285882	-1.0508820091293015e-006	6.5561751112016718e-008	-1	
-71.521274741022282	92.472475771867863	-1.0112191142428171e-006	6.4546330468996022e-008	-1	
-64.292199320693058	91.538520460067019	-8.6933070804214687e-007	6.2471955460755748e-008	-1	
-69.212151286784874	93.703478334317367	-9.7958462984919452e-007	6.3978128383347491e-008	-1	
-67.473867552734731	94.107734422569862	-9.5009406925276119e-007	6.3688696192820504e-008	-1	
-159.52552590853463	149.203026842432	-2.8592133641195272e-006	5.6183079067369549e-008	-1	
-167.20276423371533	151.98802039578516	-2.9307292036989999e-006	5.4747261386262212e-008	-1	
-174.55364147595051	149.85444070301955	-2.9086711334814201e-006	5.4706418454012573e-008	-1	
-134.41655752693478	144.97363472860891	-2.6669216145065313e-006	6.1520784364316384e-008	-1	
-148.8409181658977	151.65823741557125	-2.8672564420647826e-006	5.6940570913511701e-008	-1	
-153.53879352130312	154.1093387807542	-2.9309254153584492e-006	5.5630948687430606e-008	-1	
-140.55879520490015	151.42761952397964	-2.82690879297594e-006	5.8400478042896833e-008	-1	
-187.44438678981206	145.72721585787909	-2.8551146416105833e-006	5.5048268686328176e-008	-1	
-194.58158692705004	150.71463361157876	-2.945897295717822e-006	5.3754990118471101e-008	-1	
-200	156.28357592622382	-3.0449483515601382e-006	5.2380017693487598e-008	-1	
-183.03933170119993	148.7762086936649	-2.9029380930263904e-006	5.451333925672249e-008	-1	
-69.430388543007183	0	-3.0032314768049162e-007	1.2281755698162239e-007	-1	
-69.687113191646034	0.29187091015678557	-3.0772862444032542e-007	1.2095130806567268e-007	-1	
-69.344369794385585	0.50680592186269591	-2.9800545918106049e-007	1.2317757569794865e-007	-1	
-68.673596989074042	1.3154130544832903	-2.7924175662060306e-007	1.2640009801430239e-007	-1	
-68.912688875931025	0.83039578137537728	-2.8566717539378065e-007	1.25903973019493e-007	-1	
-68.0161657437082	1.1954611995816469	-2.5857714867223897e-007	1.3220063760037713e-007	-1	
-44.906223943905758	74.09970049020356	-4.560893418375701e-007	4.3638032070371398e-008	-1	
-37.901396129841586	67.137018388688915	-3.3884304196555986e-007	3.479489132117468e-008	-1	
-37.51697592287713	72.56591911829203	-3.4589295094804622e-007	3.6541519118087966e-008	-1	
-36.244911922747335	60.257370729388931	-2.9826110868934339e-007	3.1187068215716748e-008	-1	
-49.838181914426926	78.433500498371714	-5.4641007811743381e-007	4.9390604904120256e-008	-1	
-51.236558059517286	86.827311082935594	-5.9931005363727897e-007	5.5320933189393521e-008	-1	
-56.169466762579404	91.81232840993016	-7.1385782186551632e-007	6.0865188891884986e-008	-1	
-47.279519329366707	83.085316222813177	-5.1832413326226296e-007	5.0353321486711068e-008	-1	
-58.657647047941929	93.281724827629191	-7.710655667363476e-007	6.2456708190835121e-008	-1	
-61.53260414488642	93.57290974403449	-8.3010353199243494e-007	6.3016340383067635e-008	-1	
-58.97073230523452	3.2536666299943651	5.3365274923060101e-010	9.0551147685808212e-008	-1	
-60.797617060255838	2.6130908690847621	-2.0731648830615001e-008	1.1854154837649084e-007	-1	
-63.423006113505451	2.7871166864689298	-1.039580137489019e-007	1.3741296548773438e-007	-1	
-62.624501815277156	1.9725151081751595	-5.1716636241066194e-008	1.4737989700584356e-007	-1	
-64.391938679012554	2.1851577766191319	-1.2993085884996153e-007	1.4699326820917104e-007	-1	
-66.374805034790825	1.6327233501767862	-2.0355822401682432e-007	1.4322296931585399e-007	-1	
-65.09029467129595	1.6913818679228954	-1.5264092630700039e-007	1.5155989754318811e-007	-1	
-65.741694574984948	1.3551071994587587	-1.7702353270767354e-007	1.5198225781481488e-007	-1	
-66.948669982679846	1.2059071743456182	-2.2257845656431766e-007	1.4203123998300056e-007	-1	
-67.517732462130965	0.94598114788303744	-2.4187330064359664e-007	1.3816209690846199e-007	-1	
-39.510263043268708	4.7007908467165809	-4.1799265600237887e-010	-3.0147397812311935e-009	-1	
-45.062910329593628	3.7401606420986186	-1.2315426958360041e-009	-4.510280079654953e-009	-1	
-48.98753564755237	2.3869492387840943	-1.0985529964149982e-009	-1.8019592874037737e-009	-1	
-52.17236471488502	2.6368512364981047	-2.0485121273727513e-009	-8.7816774134497998e-009	-1	
-55.012294874996606	2.5152113535473628	-2.1672386135041644e-009	-1.6496439036079317e-008	-1	
-31.567460979914721	12.862303043638414	9.1425265371233731e-010	4.9124249298855651e-009	-1	
-29.878561243556472	5.8261037301938607	-2.849655288247577e-010	-1.4967934561615555e-009	-1	
-29.159739809259214	17.697111844049569	-3.1178648051933937e-008	9.580909608938053e-009	-1	
-30.041747181021066	23.025766493049975	-7.2891064060686292e-008	1.4039292708081015e-008	-1	
-57.486299374439554	1.9455227140679636	-9.874417679546798e-010	-1.745592210265314e-008	-1	
-28.738606133454507	45.172293796683952	-1.6878725448856565e-007	2.0807351439436413e-008	-1	
-22.797192162770994	27.527923072884654	-5.9581070775128689e-008	1.1685225535020302e-008	-1	
-22.811928474365548	32.605864274962265	-7.8629323188723377e-008	1.3285002355381268e-008	-1	
-20.876896628914974	40.604810525780202	-8.7533066691798564e-008	1.3185018220589852e-008	-1	
-32.198345207105639	57.042408112238135	-2.415762603913485e-007	2.6625395717114232e-008	-1	
-26.905445688265111	51.806351293053226	-1.701483027313021e-007	2.0534796281371315e-008	-1	
-112.56852528178794	131.36120780389041	-2.2227879533474643e-006	7.21797076978879e-008	-1	
-125.44502454735398	143.19521814547574	-2.5720628360598638e-006	6.44504631823524e-008	-1	
-118.9580666018102	141.54422213939833	-2.4871180049584199e-006	6.7149385702823227e-008	-1	
-113.61645028410587	137.51017376167999	-2.3564405259701373e-006	7.0388573833299931e-008	-1	
-94.753763918981051	123.76572593256437	-1.8493070347893705e-006	8.4539623329365066e-008	-1	
-95.907702806579138	126.60581142049381	-1.9204094087409265e-006	8.3832846302204366e-008	-1	
-103.66929657324903	134.7894714606968	-2.1904794836092503e-006	7.6513841498200386e-008	-1	
-96.972426490422876	131.03409032437685	-2.0248574508478066e-006	8.2337607884951181e-008	-1	
-93.345647918906664	122.87737528309353	-1.8110380255368091e-006	8.5650022382446364e-008	-1	
-91.710408930828265	122.56440404168451	-1.7792273774521605e-006	8.712824633371816e-008	-1	
-90.083275673322063	121.45260501715683	-1.7323999227529924e-006	8.8060405004295128e-008	-1	
-86.871718615528579	118.57932633972048	-1.6270008513824649e-006	8.8703957776006297e-008	-1	
-87.693101169770486	120.61231950135013	-1.6767847963081721e-006	8.9598816995369832e-008	-1	
-81.973611326338698	115.0424513837628	-1.4801005230416299e-006	8.5761066571221441e-008	-1	
-83.96850080194541	117.66878486079982	-1.5601857241513747e-006	8.777200780615691e-008	-1	
-79.334748296303403	108.58914389107449	-1.3352717111940251e-006	8.0891412085660606e-008	-1	
-78.530061449675898	113.05640070847973	-1.3841499030370273e-006	8.3168489093153647e-008	-1	
-78.65789307310942	98.249394723423876	-1.1957152262331056e-006	7.4015163423101759e-008	-1	
-79.299794979091857	96.549887837209425	-1.1886851191165058e-006	7.2357912030809689e-008	-1	
-78.798897720034233	105.21389181895992	-1.2809327971975958e-006	7.8487303776946749e-008	-1	
-78.083230152804333	102.02885349672243	-1.2285862070516165e-006	7.5939918761304872e-008	-1	
-77.24548852662555	99.955866746279369	-1.1895632671924354e-006	7.3727307677746766e-008	-1	
-77.401753767972764	92.994804068483006	-1.119660983074734e-006	6.8137068002858953e-008	-1	
-76.336160968798993	92.869879095342839	-1.1001577498854425e-006	6.7270277381800331e-008	-1	
-75.357617247909772	92.290980971775028	-1.0776055872159876e-006	6.6411088792970897e-008	-1	
-78.285362459945517	95.443840292334954	-1.1594228053367061e-006	7.0917330246854933e-008	-1	
-77.811312154041559	94.686479554277909	-1.1435120671346949e-006	6.9877317948909633e-008	-1	
-77.633713429990294	94.070068193875926	-1.13429061435463e-006	6.9135448251871997e-008	-1	
-77.516161876571672	93.6646683051911	-1.1282513276355576e-006	6.8682797481977641e-008	-1	
-73.779983408871502	92.921292168206406	-1.0557792580888449e-006	6.5642776786388322e-008	-1	
-73.124623093225793	94.125495755209201	-1.0555696884809466e-006	6.5406421991884848e-008	-1	
-70.836850981680001	94.441993213219746	-1.0165557594751724e-006	6.4495023616958457e-008	-1	
-63.573847162357303	94.890844350992737	-8.8017314695935921e-007	6.3697001256551147e-008	-1	
-69.502167798916503	95.464428006410103	-1.0008174192253036e-006	6.4147791837579407e-008	-1	
-67.468799437151191	96.410596840962228	-9.6980182487286985e-007	6.392199654764896e-008	-1	
-66.160862577096538	95.999616802050369	-9.4028160320498938e-007	6.3925306023758331e-008	-1	
-160.0835231722327	155.98959309940327	-2.986439980131064e-006	5.4368772434208189e-008	-1	
-171.82789656644889	154.04304799977797	-2.9780746431431921e-006	5.3875807909502269e-008	-1	
-168.03585810124687	157.29797667435136	-3.0300561213508372e-006	5.3309438633798324e-008	-1	
-176.86978583604522	154.81226218399891	-3.000745137533638e-006	5.3371417771315037e-008	-1	
-131.67372871545322	150.76686472104495	-2.7665474434690237e-006	6.051821110269447e-008	-1	
-146.31571742315941	156.31670196584975	-2.9479520482946134e-006	5.5996193381234626e-008	-1	
-152.99535629089345	159.84199700983498	-3.0398584180673713e-006	5.4057112643937861e-008	-1	
-141.17373365599434	156.53747147274794	-2.931493139044249e-006	5.6759855444825761e-008	-1	
-135.85685879825388	154.58539586883413	-2.866929192588746e-006	5.8394951419433704e-008	-1	
-190.40038875323012	154.22662893743328	-3.0052349167644033e-006	5.2995513126790364e-008	-1	
-194.31072693443588	159.40617764577925	-3.0994562371763841e-006	5.1644944803785105e-008	-1	
-200	162.52877936533469	-3.156840313531113e-006	5.0807709262962765e-008	-1	
-182.8159767466928	155.12512634474126	-3.0145038341495939e-006	5.3008148772514107e-008	-1	
-69.173663894368318	0	-2.928780088152629e-007	1.2475699628174417e-007	-1	
-69.302026218687757	0.23891624395708666	-2.9664944659808425e-007	1.2370436217111389e-007	-1	
-68.924258008458864	0.45616291749190468	-2.856863013946967e-007	1.2647843472306861e-007	-1	
-69.027490738886527	0.22636646181425191	-2.8862916635977084e-007	1.2586089701125735e-007	-1	
-68.594658205362123	0.78045945462630351	-2.7604743299543734e-007	1.2866583005297335e-007	-1	
-68.679399087038846	0.60855570710939144	-2.7848467829653604e-007	1.283042544121485e-007	-1	
-67.850091616694854	0.73260434066823232	-2.5267796017721901e-007	1.358429403916836e-007	-1	
-68.142587612870358	0.72024062079324402	-2.6201272260043495e-007	1.3295411252645315e-007	-1	
-42.598664505675842	80.246341961187653	-4.3520939586933365e-007	4.502667361297741e-008	-1	
-33.597321512901232	69.113252729535148	-2.8643740365343474e-007	3.1501313990211283e-008	-1	
-33.184456230774039	64.422019306554191	-2.7166857471834102e-007	2.9556417124357358e-008	-1	
-32.120595992186516	73.585099160993806	-2.7308137744448819e-007	3.1760302802558415e-008	-1	
-33.43930618123477	78.916201087716118	-2.954704453524104e-007	3.5671688322504569e-008	-1	
-49.894268700451946	91.202045551222611	-5.8798719484365641e-007	5.7960143337337125e-008	-1	
-44.33675183977067	87.504169384044559	-4.7578688131628302e-007	5.1502085790046421e-008	-1	
-54.253731616985569	95.154914484344602	-6.9024210195251429e-007	6.294630151986125e-008	-1	
-56.492990156370134	95.651371966156489	-7.3971897242628996e-007	6.3901685364079425e-008	-1	
-60.033328914137627	95.822918713942045	-8.1448980894518985e-007	6.4371009683619123e-008	-1	
-62.4630602923976	95.817431083240351	-8.6452229349546781e-007	6.4232101246815433e-008	-1	
-59.448377446016195	1.6905104166353091	2.4218783339148288e-009	-3.1151708012682465e-008	-1	
-61.013076180631408	1.2179428576885165	1.072040832319949e-008	-3.8822197673100901e-008	-1	
-63.537944192787819	1.6522272277203571	-7.7703944013166837e-008	1.5870287558144726e-007	-1	
-62.401160678459071	0.96087859890007621	2.0675411730006247e-008	-4.4922319568157232e-008	-1	
-64.451386570298482	1.3319393472655545	-1.2077589374812142e-007	1.606498174565763e-007	-1	
-66.145319779214987	1.0435366043351821	-1.9203286936331259e-007	1.5172712193296323e-007	-1	
-66.520852881907274	1.0175205134190448	-2.0658741372016833e-007	1.4794813207780519e-007	-1	
-65.364828947809144	1.0116514668107519	-1.5850803195306383e-007	1.6093719331316372e-007	-1	
-65.821550136564468	0.85150752658335294	-1.7790729801122642e-007	1.5806609721977664e-007	-1	
-66.703737897729724	0.80775484232871131	-2.1317086396070604e-007	1.4787262106579775e-007	-1	
-67.054514965593157	0.71113598217975116	-2.2574920241996951e-007	1.4469162899479939e-007	-1	
-67.379848774317992	0.54195442909910396	-2.3709819902993121e-007	1.4200476725706831e-007	-1	
-67.633912838172662	0.53518725664434252	-2.4562082649044089e-007	1.3906283890538738e-007	-1	
-42.617877512887077	0	3.6444185545237683e-010	1.8530023572298202e-009	-1	
-34.125000000000007	0	1.7742222935600683e-010	1.2291166056972974e-009	-1	
-46.864316269330608	0	5.9747729342479172e-010	1.533611521901828e-009	-1	
-51.110755025774139	0	7.3902700063680371e-010	2.0133297919138931e-009	-1	
-53.233974403995902	0	1.187563196161287e-009	7.4796120359800689e-009	-1	
-55.357193782217671	0	1.0975549800499285e-009	7.1532540036644832e-009	-1	
-24.259921959829445	15.424606087276826	6.184689692974296e-011	6.9656773019061979e-009	-1	
-22.066517375763887	9.9005185253343591	-2.7352736265654788e-010	-2.0578933508013015e-009	-1	
-25.632122487112941	0	4.4422553398417501e-011	1.2221497860063911e-010	-1	
-22.900165400353924	4.015656756991417	1.3667796379812042e-010	8.7333198718158875e-010	-1	
-21.522222232828547	22.612624944756579	-3.1685684099692537e-008	8.6761350656970858e-009	-1	
-59.603632538661202	0	-1.4284392154808018e-009	1.4032607484503347e-008	-1	
-22.144830348256271	47.145442797006417	-1.1318649138635352e-007	1.5254937981642076e-008	-1	
-18.030646187377901	25.776996610950658	-3.0667881790273725e-008	8.7724333348800226e-009	-1	
-17.192321686252342	30.532128423394152	-3.9357660109307264e-008	9.6393505652206671e-009	-1	
-17.009584342792959	34.093534740452547	-4.5549414222520273e-008	9.7710258332809752e-009	-1	
-15.073238665025537	45.125392855113269	-4.6906160164510085e-008	8.3001294026582141e-009	-1	
-13.810871979109427	37.880088096004108	-2.9594721680023079e-008	7.2530839576253992e-009	-1	
-26.525366093862448	57.483765097760582	-1.7892078271736556e-007	2.1399122201935167e-008	-1	
-28.498206645800064	62.510161333357139	-2.1133554495698369e-007	2.4521060428632345e-008	-1	
-19.093578171585545	55.023649623349939	-9.6247439013543732e-008	1.3780179413566557e-008	-1	
-107.74739065978335	139.62253459418127	-2.3398802662872467e-006	7.2741459587484132e-008	-1	
-125.17962561011092	149.76134411423709	-2.7054424499062224e-006	6.2546575829974184e-008	-1	
-118.62510230148634	149.28946380077949	-2.6481400231888656e-006	6.4804419219106804e-008	-1	
-112.60947945540697	143.66597906323784	-2.4758221500247894e-006	6.9070453843819739e-008	-1	
-92.365483767423214	124.22319688428274	-1.820606514814951e-006	8.7156991432115709e-008	-1	
-93.048724798425695	125.49950889227041	-1.8556396466121781e-006	8.6734939316254315e-008	-1	
-93.353283731989762	128.30068714644909	-1.9154103727686814e-006	8.6449614186092847e-008	-1	
-97.98715637990486	137.07341446494689	-2.1683552915419037e-006	7.9684965102557129e-008	-1	
-92.441113236180115	130.8420293159748	-1.9535833404680991e-006	8.6796137627503646e-008	-1	
-92.375399015102673	134.62162081496967	-2.0341498902090304e-006	8.5313093969061911e-008	-1	
-90.919504057765238	124.15295923457636	-1.7958672239341126e-006	8.8801891217105124e-008	-1	
-90.156805997060403	123.42193307517924	-1.7695959790867157e-006	8.9242888613801371e-008	-1	
-88.514483724012408	122.64531266297979	-1.7275526344908968e-006	9.0402573209346726e-008	-1	
-85.378192335688055	120.36517675324349	-1.6319326516032708e-006	8.9422072713594157e-008	-1	
-86.925004836799829	122.10507719133152	-1.6904522572831189e-006	9.037295293043497e-008	-1	
-79.289196476053974	116.95847029391547	-1.4597876195421607e-006	8.6015388285288556e-008	-1	
-81.930133813369366	119.92772697555732	-1.5608562809796829e-006	8.8700196184281298e-008	-1	
-75.953032068246614	109.08255826388803	-1.2763819214666607e-006	7.91567741992404e-008	-1	
-75.531424192258072	115.66611479938746	-1.3625979026082858e-006	8.3671709831219093e-008	-1	
-73.033833771591503	110.87950360224052	-1.2408132405978191e-006	7.8827814464463962e-008	-1	
-78.24720179598846	97.232898142609045	-1.1774459975076205e-006	7.2867509077526246e-008	-1	
-77.033993061063995	97.750826375727456	-1.16170645275178e-006	7.183546249439753e-008	-1	
-77.836510518867499	96.216401561794214	-1.1595240887398553e-006	7.1626634877434421e-008	-1	
-75.651532409062668	104.34743883108406	-1.2104729342343941e-006	7.5604947209344763e-008	-1	
-74.526305777626035	101.18154924085182	-1.1527976933360529e-006	7.2245489301537558e-008	-1	
-75.229823888010216	99.037156001620019	-1.1427855337642918e-006	7.104163087959381e-008	-1	
-76.840419211398512	93.377832561586686	-1.1138276896481452e-006	6.7896834266104647e-008	-1	
-75.833731736667161	93.323446876663581	-1.0958907369985684e-006	6.7018449777960626e-008	-1	
-76.462361521139755	93.574411933248626	-1.1092750762616126e-006	6.7625937807795174e-008	-1	
-75.032554280495759	93.476293012811468	-1.0833496142390836e-006	6.6462706364958171e-008	-1	
-77.425819241746552	95.199904980979397	-1.1419424049902998e-006	7.0271920258890654e-008	-1	
-77.322236061331779	94.354935331802309	-1.1317508585143961e-006	6.9184720387573832e-008	-1	
-77.220473603186079	94.691656690571989	-1.1333018828921979e-006	6.9528241227792451e-008	-1	
-77.214588738216122	94.020048895580118	-1.1266004180258521e-006	6.871354265031858e-008	-1	
-77.06605069046806	93.7856709578367	-1.1217409976750839e-006	6.8355931876833493e-008	-1	
-74.495145639179498	94.089839433101915	-1.0798592999573487e-006	6.6163863771267427e-008	-1	
-73.810299411563633	95.312698942849934	-1.0796817973833719e-006	6.5724245159273616e-008	-1	
-72.307791009410579	95.919751741857439	-1.0580244357391105e-006	6.4981164691739731e-008	-1	
-70.80528260725751	96.526804540864958	-1.0356469176915926e-006	6.4418273721584945e-008	-1	
-63.413063908939016	96.908258095836956	-8.9217634489725878e-007	6.4590343812772845e-008	-1	
-64.588156817720389	96.642125423665931	-9.1411780872599128e-007	6.4208991909490943e-008	-1	
-69.302774205104441	97.133857339872478	-1.0124293937036125e-006	6.4037501944801656e-008	-1	
-67.800265802951373	97.740910138879997	-9.8844706151104618e-007	6.3844093935230536e-008	-1	
-66.458159059973624	97.336992787786272	-9.5782829434060074e-007	6.3955037491517014e-008	-1	
-65.645374478708945	97.268959839363333	-9.4076924813605731e-007	6.4094195868633913e-008	-1	
-164.39978968566473	161.25634597869998	-3.0960497471583649e-006	5.2533987771120423e-008	-1	
-158.42939297131113	161.74723708675916	-3.0918437662067336e-006	5.2917039429079051e-008	-1	
-173.18064358325969	158.85388908077837	-3.0683540065896043e-006	5.2547529939658131e-008	-1	
-169.36944584145027	162.17216988734103	-3.1234190384569784e-006	5.189745194831261e-008	-1	
-178.70415150807966	159.96780494061733	-3.0968633159412759e-006	5.1960691784828219e-008	-1	
-123.95469526784829	155.18684291065705	-2.8143448741367702e-006	6.0968195330713783e-008	-1	
-128.26956612247056	158.69659803620087	-2.9153924080152441e-006	5.8592893434382381e-008	-1	
-142.60957083887786	161.13299772439083	-3.030662076227747e-006	5.5053655144832996e-008	-1	
-146.72626315675552	163.62966236050374	-3.0956321295072254e-006	5.3666829640310184e-008	-1	
-153.79603305184293	165.54441852348322	-3.1547107106447824e-006	5.2224501854020886e-008	-1	
-137.84216996843102	160.46040655157279	-2.9980464505218893e-006	5.6052955034207705e-008	-1	
-189.72013130241203	162.89187210089645	-3.1602827097515388e-006	5.0828356850692889e-008	-1	
-184.1712985774746	161.33171522357466	-3.1277141938817501e-006	5.1386652754620829e-008	-1	
-193.95010591100956	166.80734766611346	-3.2338040494768419e-006	4.9721056627834092e-008	-1	
-200	168.77398280444558	-3.2709653778695562e-006	4.9154521610526269e-008	-1	
-68.916939245729452	0	-2.8535973895813785e-007	1.2685094719404153e-007	-1	
-68.743075095683238	0.42778712200449354	-2.8029101895576494e-007	1.2806593030196779e-007	-1	
-68.855642567998032	0.30165547950409283	-2.8359425576465628e-007	1.2723337684506254e-007	-1	
-68.788576921410026	0.14646905577146199	-2.815859428202681e-007	1.2793442995521518e-007	-1	
-68.383998100473363	0.532898188217094	-2.6946330784600704e-007	1.3119488000031535e-007	-1	
-68.562031814115713	0.45704056369364821	-2.7486958996102232e-007	1.2966590126454181e-007	-1	
-67.972244503888788	0.46654900526217113	-2.5661907765593264e-007	1.3559598893007161e-007	-1	
-68.191796697221747	0.41865369039743083	-2.6355604906683468e-007	1.3340274348444794e-007	-1	
-38.277582343716915	86.331180120951217	-3.7115764432438257e-007	4.5331248740456374e-008	-1	
-29.162944682903905	67.527557014821099	-2.2758499836733114e-007	2.6575871878297212e-008	-1	
-26.847612160634366	72.050405110705086	-2.037753064614162e-007	2.5655353713160218e-008	-1	
-28.211938736253394	77.188725795679019	-2.2321512989759679e-007	2.9085345159340843e-008	-1	
-27.392840895618832	85.926653614426144	-2.0587315961883303e-007	3.240542151942476e-008	-1	
-24.933357431832384	81.373774313542611	-1.7870240497778751e-007	2.7127476962001181e-008	-1	
-32.257552122030077	87.690839976656932	-2.734578084047629e-007	3.9713390647405934e-008	-1	
-50.960970973407349	96.989293254919474	-6.2694144533372979e-007	6.3595494886911669e-008	-1	
-44.808612044813486	94.162820129611347	-4.9177226814227516e-007	5.8144847116430929e-008	-1	
-39.725304488790123	92.330641712119657	-3.9227636338429599e-007	5.2446531925555197e-008	-1	
-56.30855965875832	97.937577168889689	-7.4783936808761438e-007	6.5901147629719729e-008	-1	
-54.362885127871827	98.61231457809663	-7.0859740964413214e-007	6.6080234826131888e-008	-1	
-58.285602457398269	97.082207377954887	-7.8559137736936672e-007	6.5342324345470594e-008	-1	
-62.035596664509185	97.199344716462292	-8.6573231613280804e-007	6.5132499093544268e-008	-1	
-60.454044440807202	99.053064197852578	-8.4506894939511354e-007	6.6995199213852029e-008	-1	
-61.726851916882964	0	-8.5046598527835246e-009	2.1284930545206656e-008	-1	
-63.319266450549286	0.48090830654012512	1.3292997008226843e-008	-2.6298619867924016e-008	-1	
-63.98708059410712	0.73985009916339217	3.8588679693524765e-008	-6.083110978516477e-008	-1	
-62.788461605993845	0	-7.8515479012141254e-009	1.6151701621196181e-008	-1	
-64.737531353285036	0.68532143427525505	3.8571949646559932e-008	-3.9441862192522052e-008	-1	
-66.278271325319793	0.69136358635595396	-1.9708623085579207e-007	1.5361594875666998e-007	-1	
-66.506631919697455	0.61129161624225448	-2.0570425445197175e-007	1.5194745722458819e-007	-1	
-65.441786930627998	0.49978806810094434	3.6043603952344055e-008	-3.0036348969165374e-008	-1	
-65.959395917567193	0.50254609240941583	5.2177188061632193e-008	-3.2245136019001092e-008	-1	
-66.734992514075117	0.53121964612855499	-2.144010827707527e-007	1.499010228558155e-007	-1	
-67.191713702830455	0.37107570590115146	-2.3071528853082025e-007	1.4560957513201425e-007	-1	
-67.420074297208117	0.29100373578745203	-2.3886811107015317e-007	1.4254470335782721e-007	-1	
-67.648434891585794	0.21093176567374808	-2.4646234506725493e-007	1.4015169025726131e-007	-1	
-67.840283524184343	0.28466050474948978	-2.525061612912657e-007	1.3775263705166854e-007	-1	
-16.952382939744162	17.98690913091524	1.1221483799526469e-009	2.4475983961602843e-009	-1	
-15.200279504409361	12.145106764008737	-1.7329440117714792e-010	6.0580307067171953e-011	-1	
-18.720119689263615	4.9884731687448145	3.4910563097001965e-011	3.5879434336473013e-010	-1	
-14.259781728263899	7.5421502739485788	1.1204266806323233e-010	5.4824285005352742e-010	-1	
-21.385683730669406	0	-5.6877121342340833e-011	-3.1741466705358065e-010	-1	
-19.26246435244764	1.7383151041332512	-3.4566511892578286e-011	-2.620423268129295e-010	-1	
-15.13319075254187	21.4039253547237	-8.5477197182703582e-009	5.988172095892771e-009	-1	
-15.176958901038306	50.848857012791981	-5.3197412235405017e-008	9.2814308621508793e-009	-1	
-14.22448072639321	28.555027533489827	-2.0962790143285565e-008	8.3041171475313154e-009	-1	
-13.368495477547549	25.092378409465347	-1.2105805622129522e-008	7.4017555801301536e-009	-1	
-13.679454088686995	31.145943651173262	-2.1986498423957257e-008	8.3954698023266515e-009	-1	
-9.5	40.326744974225875	1.2391315109808732e-009	1.1158328705284801e-009	-1	
-9.5	50.11337248711294	1.0758237072378853e-010	3.9959145825172738e-009	-1	
-9.5	35.433431217782342	-2.5664881963249989e-010	6.5783969475436072e-009	-1	
-23.442832075983969	62.266596062428349	-1.5255171843246062e-007	1.9451670601071121e-008	-1	
-18.693397074756131	60.191246931270385	-9.7883164448177867e-008	1.4377085747757585e-008	-1	
-24.081909490077365	67.528534960959846	-1.6612634978677424e-007	2.1355344284713144e-008	-1	
-14.292477900645499	57.453343121778246	-4.899914817005434e-008	9.5933964390161516e-009	-1	
-104.49069609889335	145.04317027350362	-2.4258082288724087e-006	7.2501508420117779e-008	-1	
-113.45826352320238	151.53341591969931	-2.6578928955796515e-006	6.5797851849610171e-008	-1	
-119.64002422567096	158.69684367007952	-2.8660724944928765e-006	6.0768508402024741e-008	-1	
-107.93170790208012	150.44312832487594	-2.5846660112751515e-006	6.8544914644915376e-008	-1	
-91.25680770194991	125.15412546909765	-1.8203700167503889e-006	8.8870873561318535e-008	-1	
-91.934041395473869	127.28695605714893	-1.8728598599109453e-006	8.8332875938147776e-008	-1	
-91.378061441859273	126.23377079286925	-1.8431762165399451e-006	8.9062692855390386e-008	-1	
-91.609395623970443	128.27323176661918	-1.8873680111704898e-006	8.8648325978395782e-008	-1	
-94.781816293668086	141.70449195335908	-2.232473404065769e-006	7.9948751558260046e-008	-1	
-98.630403903457747	146.60591585360996	-2.397003861748343e-006	7.511772690132724e-008	-1	
-90.281331761548714	131.47447725362406	-1.9325944074114866e-006	8.8891650568604986e-008	-1	
-90.279525958091469	129.22400104822404	-1.8852941557136526e-006	9.0070538049618229e-008	-1	
-87.172927555086744	134.74798517426393	-1.9542610331397673e-006	8.9921694398628188e-008	-1	
-89.157809902247791	142.00720614426874	-2.1591793648589063e-006	8.4009760445886705e-008	-1	
-90.195409496453252	124.92224113596507	-1.7984454058666202e-006	9.0172115171756023e-008	-1	
-88.925175001133368	123.66180924379464	-1.7533604470455769e-006	9.0764439614216448e-008	-1	
-89.335866278254315	124.67830582460945	-1.7794252872991437e-006	9.1095315281523934e-008	-1	
-87.228058356443697	123.75627556280389	-1.7262259810947112e-006	9.1301668793065414e-008	-1	
-84.648245742640214	123.37635303679839	-1.6733637918526028e-006	9.1313063129294188e-008	-1	
-82.200638267671309	123.06200349924784	-1.6224275608282658e-006	9.0951376015429849e-008	-1	
-79.216150366752231	121.51868764076649	-1.5360899831056095e-006	8.9227075244310086e-008	-1	
-76.068785055774583	120.65223465293523	-1.4562929333822361e-006	8.7685737902449159e-008	-1	
-72.937548962467133	105.93839949633912	-1.1760190970837652e-006	7.491237188551495e-008	-1	
-72.924259485734737	119.48475910194745	-1.3677727272954147e-006	8.5689760875251252e-008	-1	
-71.281494377250908	115.41877277868814	-1.2670415378398441e-006	8.1614881682704094e-008	-1	
-70.89918197387577	108.19734161109797	-1.161380967022985e-006	7.542756166894717e-008	-1	
-69.638729268767079	111.35278645542883	-1.1733028404059822e-006	7.7349847063032607e-008	-1	
-77.005995087112552	96.431985520046695	-1.1473545066383299e-006	7.0723958272094377e-008	-1	
-75.98318174063796	96.953380040214725	-1.1346842770779395e-006	6.9953172915929224e-008	-1	
-76.901818514547131	95.580293341400278	-1.1368117783402769e-006	6.9842861713369385e-008	-1	
-72.667044508144301	102.80412297264583	-1.1347702930784016e-006	7.2151063644877429e-008	-1	
-73.569678428558689	99.137478740326472	-1.1130307510601377e-006	6.9593708188261047e-008	-1	
-72.429066713883856	100.34791358565504	-1.1038393652797132e-006	6.9785255190269644e-008	-1	
-74.416706383399656	97.706153745031202	-1.1141493078533527e-006	6.8985467257290644e-008	-1	
-76.794270113328068	93.84163422453129	-1.1176492274036996e-006	6.8075614741299157e-008	-1	
-75.51790117608715	94.131797130687474	-1.0983992203273489e-006	6.6883459423936167e-008	-1	
-76.098420171510611	93.946422717296983	-1.1066943941091397e-006	6.7361766519806494e-008	-1	
-76.55325905280732	93.990715554736013	-1.1150128830992502e-006	6.7835925886207631e-008	-1	
-76.810589555164	94.939240033305651	-1.1287916963219956e-006	6.9102419424804086e-008	-1	
-77.015127964625592	94.183408400164566	-1.124775258147207e-006	6.8689665759586659e-008	-1	
-76.779214946863661	94.461413623009875	-1.1235273263328966e-006	6.8554123189567591e-008	-1	
-76.957629617912502	94.041094998121821	-1.1224235161072592e-006	6.8410971151238861e-008	-1	
-74.561553612640154	95.009172543346182	-1.0902114944147854e-006	6.6186644749468888e-008	-1	
-75.312807813716688	94.705646143842415	-1.1005650873186565e-006	6.6718921805676532e-008	-1	
-73.419039545242029	96.507242587609952	-1.0839729750999656e-006	6.6735983110758029e-008	-1	
-74.627319332586339	96.160718767756677	-1.1025042217039653e-006	6.7607832257018587e-008	-1	
-72.144878537317069	97.572621151174076	-1.070644259894749e-006	6.6747618012438918e-008	-1	
-70.617899427816866	98.225960693042111	-1.0478096675960793e-006	6.6243693681507137e-008	-1	
-64.286387800092541	97.738303470865105	-9.1681659970662815e-007	6.4597915946440512e-008	-1	
-63.133805776606046	98.080301115094812	-8.9539284533657756e-007	6.5309474449483756e-008	-1	
-64.962879799483375	97.715556156456884	-9.3060652899684015e-007	6.4322466138949715e-008	-1	
-68.911514338782851	98.328400984632552	-1.01556465672989e-006	6.5175549779772356e-008	-1	
-67.049011601874838	98.044436538383763	-9.761181820564583e-007	6.3831301687171298e-008	-1	
-67.801634925776682	98.918474277381634	-9.9888492376077103e-007	6.5176830911605929e-008	-1	
-66.297757400798304	98.347962937887516	-9.6358031043493735e-007	6.3881834574994138e-008	-1	
-65.751596562092246	98.077640324236341	-9.499638287162827e-007	6.4051550170799567e-008	-1	
-167.67854598372872	167.14598998823826	-3.2149190606751242e-006	5.059493768426662e-008	-1	
-162.20177111703183	171.07575925381875	-3.281441301671741e-006	4.9804813465706362e-008	-1	
-156.23492797755694	170.99072366041506	-3.2684106758961445e-006	5.0293799707159378e-008	-1	
-175.23782224863669	164.41015902414998	-3.1745787349814429e-006	5.093043717060044e-008	-1	
-178.82700451116239	169.12416904018392	-3.2668051190402195e-006	4.9468971926608938e-008	-1	
-132.26092437615179	163.89284864142613	-3.0470847148583962e-006	5.5838181091030288e-008	-1	
-125.73747506741746	164.50650178279085	-3.0313609241027832e-006	5.6865940504868398e-008	-1	
-142.68868418332488	165.64484105023544	-3.124362577364384e-006	5.3513720900201995e-008	-1	
-150.28037403813232	170.59863249024289	-3.2476561840184426e-006	5.0955645135225924e-008	-1	
-144.14679268712405	171.13165869319806	-3.2429613808170575e-006	5.1430290386912717e-008	-1	
-139.14732127431969	168.44157805341618	-3.1712627074976805e-006	5.3025913969734441e-008	-1	
-186.83887679125039	168.89008279058814	-3.2689996489823761e-006	4.9281068679368703e-008	-1	
-192.20245747940112	174.02178122594992	-3.3672425168032335e-006	4.7753453152552533e-008	-1	
-200	175.01918624355648	-3.3869524833469981e-006	4.7430971225447431e-008	-1	
-68.660214597090601	0	-2.7779091404383907e-007	1.2914273343616465e-007	-1	
-68.636606586559367	0.27846568946267758	-2.7709083388482259e-007	1.292164554911705e-007	-1	
-68.596033434930888	0.11719318827403506	-2.7589131338910064e-007	1.2972574227710222e-007	-1	
-68.296364350425435	0.32719570756482919	-2.668350562200935e-007	1.3251425132093308e-007	-1	
-68.431287819088197	0.31436474179003349	-2.7093736494933535e-007	1.3115642150774308e-007	-1	
-68.090584932390698	0.27551845858104251	-2.6051358641918759e-007	1.348813716662255e-007	-1	
-68.189872183358261	0.24336018745526242	-2.6365182199580375e-007	1.3383731470425587e-007	-1	
-20.683596065410256	72.251688127899101	-1.2840538341048419e-007	1.873791034868103e-008	-1	
-19.704762694082724	78.340817335459747	-1.1674958159486215e-007	1.9427919062389523e-008	-1	
-25.428641140146397	90.71410472724753	-1.6765258713683104e-007	3.2140463830891001e-008	-1	
-20.032280359835916	89.340362147945285	-1.0609993635643556e-007	2.4209733737729434e-008	-1	
-34.863945870577183	94.689473170230485	-2.9893202180659217e-007	4.9824119904180862e-008	-1	
-29.418625885745708	94.598419348303082	-2.0744849434962816e-007	4.0990187895014374e-008	-1	
-47.186931851875244	99.403839773436431	-5.4861234070053903e-007	6.4942408724371126e-008	-1	
-51.013451372172128	100.75817424767834	-6.4082596318840545e-007	6.7110323294023417e-008	-1	
-43.786719500085511	99.826778784002457	-4.7050655875291367e-007	6.4740590541084652e-008	-1	
-39.38665326060493	97.723434013728834	-3.7702557280150621e-007	5.9299948179529492e-008	-1	
-55.879956265818336	99.951831145696985	-7.4939007630574636e-007	6.7833846386205633e-008	-1	
-57.930250643857697	99.206844004653988	-7.9089849793281067e-007	6.7391424896336896e-008	-1	
-54.849793879059817	100.57667944758568	-7.2919476182053044e-007	6.8115081037032983e-008	-1	
-53.27216004002144	101.20699064401684	-6.9556891713052668e-007	6.8126165540364748e-008	-1	
-62.195603187951285	98.598110366112053	-8.793829156873294e-007	6.6085673737539081e-008	-1	
-59.155671793142609	100.11755159294896	-8.2383166358541034e-007	6.8366037900153196e-008	-1	
-62.145548146308101	99.668551868765803	-8.8644345224088999e-007	6.7030296282393466e-008	-1	
-60.610245608018914	101.47509971166919	-8.6603399076838075e-007	6.967935201409544e-008	-1	
-63.850071295104733	0	-1.9540109550012831e-008	2.5798552998756514e-008	-1	
-64.911680984215621	0	-1.7538561234539057e-008	1.3763095100682576e-008	-1	
-66.328438578780847	0.46876612950265806	5.6323750524964546e-008	-9.4397583412393189e-009	-1	
-66.609346923241546	0.27004203505047436	5.46743635158836e-008	-2.9793591548416948e-008	-1	
-65.973290673326503	0	-1.5640848994380624e-008	1.1856841671874106e-008	-1	
-66.238693095604233	0.25897544961726215	-1.991096569090227e-008	3.1491812413599931e-009	-1	
-66.899153207178486	0.27363046298356369	7.0758344273261439e-008	-2.0369296801238442e-008	-1	
-67.167601573576235	0.12790333780824581	3.5892847579345426e-008	-7.3052537713691016e-009	-1	
-67.350646695095563	0.14942910720650932	7.9138167778914029e-008	-1.3115860623587724e-009	-1	
-67.506663909010811	0.17228072323372096	5.4149328463441765e-008	4.6849136215654795e-008	-1	
-67.632055812562257	0.095666200421648681	5.1870373886766466e-008	3.6930949005490906e-008	-1	
-67.762615188774618	0.17089578061690056	-2.5005813707851548e-007	1.392087596481109e-007	-1	
-67.957737896626085	0.17886706499800636	-2.5638230232431786e-007	1.367203603106856e-007	-1	
-67.876795485963456	0.13085979556004859	-2.5380548919057364e-007	1.3788579068736729e-007	-1	
-13.298613429701522	19.268060652734448	-2.6735815238335826e-010	5.8650981459966921e-009	-1	
-13.488158900250792	16.520079627140252	-1.6884350750491694e-010	-1.0236524321504675e-009	-1	
-11.596211687224294	9.131398137506773	8.3492216247300608e-012	-1.2437198214009653e-010	-1	
-10.854072332594917	13.174129164207262	5.8377396011741033e-011	1.4985291748681495e-010	-1	
-16.613572834939752	2.4546765057937368	2.2605094355343702e-012	-1.0947801435553568e-011	-1	
-15.440078519752772	4.673838293122734	-3.2624471771554631e-011	-2.0519874757915519e-010	-1	
-12.909678611190717	4.749743478974521	-1.3313497169499581e-011	-6.4382460407309291e-011	-1	
-10.585494454151437	5.7531642773725205	-3.0001865820466126e-011	-1.1070130298782403e-010	-1	
-17.139244974225875	0	1.3876335731470074e-011	9.9566141371594179e-011	-1	
-12.409804680255405	20.689250407660492	-2.539019989278514e-009	6.3815729602118086e-009	-1	
-11.841641577427001	22.92617905759321	-4.9163930481549649e-009	6.8629267066408928e-009	-1	
-9.5	55.006686243556473	1.05939577784917e-009	3.1865913733032332e-009	-1	
-11.76527183297334	29.316789022227926	-1.0568865419123751e-008	7.8405269349787271e-009	-1	
-11.552186727733279	26.19250885905041	-7.1228779617964511e-009	7.3771290402977201e-009	-1	
-10.881059175231204	24.177849510915177	-3.7132603754656677e-009	7.0657598964044607e-009	-1	
-9.5	30.540117461338809	-6.2634738767827098e-011	7.6108988446638077e-009	-1	
-3.7323386529465905	45.2200587306694	2.3933954805723934e-010	9.0316112426749356e-009	-1	
-4.590009372174606	37.705084487821175	-1.563319798664109e-010	1.8220754709026735e-010	-1	
-4.139065068474518	52.809896048790854	4.6969272962946833e-011	-4.5262779246156646e-009	-1	
-6.9146814973826931	32.647712523886796	1.4556540868351744e-010	-2.3869796865626555e-009	-1	
-19.407416435487168	65.029428001329833	-1.0973883142492026e-007	1.5887137375091169e-008	-1	
-14.086943794799822	62.967794132037724	-4.9611207746040014e-008	1.0451980563640661e-008	-1	
-9.5	59.900000000000006	-5.9351885277920475e-011	7.0446074349197217e-009	-1	
-101.6543525823099	151.70602949900007	-2.5554291403337284e-006	7.0833682116089315e-008	-1	
-110.48241440637464	156.31628808051016	-2.7463199826990725e-006	6.4770736174328235e-008	-1	
-119.46844485813899	165.43694624157078	-3.0212925451483292e-006	5.7855411238998247e-008	-1	
-113.6559324536514	162.91247566634007	-2.9276650078023479e-006	6.0552809918654012e-008	-1	
-105.73294564237189	158.4822461885133	-2.7615503647593764e-006	6.5457864256460281e-008	-1	
-90.380513220202204	125.79634387107816	-1.8182717473101652e-006	9.0445297137843315e-008	-1	
-91.257642948187453	127.29629537814468	-1.8620851345993931e-006	8.9352050534868273e-008	-1	
-90.680954700652066	126.36312353624128	-1.8342303198767091e-006	9.0227088843216885e-008	-1	
-90.87800961574446	126.73640198176787	-1.8448021481247706e-006	8.9975539948398776e-008	-1	
-90.581294975719288	128.12782300102486	-1.8677233990498769e-006	9.0185458359426206e-008	-1	
-92.571743628940055	146.88490338380902	-2.3306632764238495e-006	7.8668047266156226e-008	-1	
-95.729468466184869	151.93224404034422	-2.498578626435235e-006	7.377371204315847e-008	-1	
-88.706820198715278	129.86650966983962	-1.8725588111479894e-006	9.165799947379162e-008	-1	
-87.39381522307707	131.75839204932009	-1.8910933481908295e-006	9.1701708569328731e-008	-1	
-89.222308297102884	128.59716663252664	-1.8547236525576363e-006	9.1908601806176063e-008	-1	
-89.904802976328455	128.1505703154331	-1.8569814668377224e-006	9.1215610205775407e-008	-1	
-85.655531489027084	132.16264813757252	-1.8698666331668209e-006	9.3082519941034615e-008	-1	
-83.398888433555413	137.1625316927846	-1.946578580441925e-006	9.153679923158526e-008	-1	
-83.346408034789349	133.39365070002268	-1.856686898451342e-006	9.4089336640526332e-008	-1	
-81.014380845516214	143.24547009921179	-2.0606162456662183e-006	8.9643576425524778e-008	-1	
-85.25316563880618	149.40074926028501	-2.2965597099464916e-006	8.203801536880578e-008	-1	
-89.746557555375276	125.69480240542428	-1.8057205457712036e-006	9.1349149377709108e-008	-1	
-88.588686272260702	125.10015219958781	-1.7749001943080957e-006	9.1701737795544271e-008	-1	
-89.10538301830276	125.78517540946362	-1.7967457204249235e-006	9.184506709207504e-008	-1	
-87.490744856077754	125.43559822209836	-1.762606091866365e-006	9.2390805357378769e-008	-1	
-85.719520288721085	125.75377708290908	-1.7378343989695931e-006	9.3119156933051855e-008	-1	
-82.438616061928158	125.51821288623474	-1.6734854420568519e-006	9.3014699503042752e-008	-1	
-80.341376998179413	124.68457723102377	-1.6172516360664398e-006	9.1994146942091402e-008	-1	
-76.784452623016463	123.8372729751639	-1.5292302679986894e-006	9.0458161354032181e-008	-1	
-74.567024594218566	123.55074542520677	-1.4763736999590615e-006	8.9618330619522037e-008	-1	
-69.489490440123745	105.5009497186465	-1.099806148092868e-006	7.2271625403614988e-008	-1	
-69.680547064711348	118.43045073412129	-1.2751378416904803e-006	8.7252061989077622e-008	-1	
-70.426263121868175	121.75868509589152	-1.3477667558320227e-006	9.1119224556934118e-008	-1	
-66.601053712209506	114.94494030084336	-1.1481899025424554e-006	8.513848344796065e-008	-1	
-67.995964160283251	107.28680013216952	-1.0874262310926308e-006	7.2858977603161494e-008	-1	
-66.537258494771237	110.24100873179755	-1.0873342269708071e-006	7.8339636392963666e-008	-1	
-76.329427483027942	95.904265326627751	-1.130128119970044e-006	6.9378092494013958e-008	-1	
-75.671802093201023	95.893393949952255	-1.1184664769518665e-006	6.8532651921735377e-008	-1	
-76.34680437037855	95.246779673581372	-1.1238592303997721e-006	6.8734519653695601e-008	-1	
-70.219437033171616	102.48977343509158	-1.0822722917289936e-006	7.0154242691898358e-008	-1	
-69.148162487090744	100.11234938898092	-1.0370183711588435e-006	6.7192638640172687e-008	-1	
-76.815316215869757	94.098593344834896	-1.1206001691779974e-006	6.8189085408975796e-008	-1	
-76.064062014793222	94.402119744338677	-1.1107122729995735e-006	6.7353806617780482e-008	-1	
-76.43968911533149	94.250356544586793	-1.1156955198153606e-006	6.7730484964741722e-008	-1	
-76.399992629989612	94.692840744630772	-1.1193137310030285e-006	6.8207385302252686e-008	-1	
-75.334770650950702	95.34713445892325	-1.1071493298443706e-006	6.7513285432589499e-008	-1	
-75.859680377923311	94.977730339923284	-1.1127333608925293e-006	6.7772620162326432e-008	-1	
-64.685016353083526	98.332768251856351	-9.3004407520419359e-007	6.4517370914870691e-008	-1	
-64.276508903671782	98.45398182494894	-9.2247561271472619e-007	6.4818988620029284e-008	-1	
-63.230860531223122	98.874864320012009	-9.0370204561119201e-007	6.575015919981642e-008	-1	
-65.205234255900905	98.347555510101444	-9.4102494317470153e-007	6.4231555143172076e-008	-1	
-66.72757388546998	98.824667683100955	-9.7640497887635568e-007	6.4566571650188146e-008	-1	
-66.864597482979846	99.451735588777836	-9.8472111500111439e-007	6.5265453004983132e-008	-1	
-67.376937919734075	100.43052824979161	-1.0041167211080715e-006	6.6464726034931194e-008	-1	
-65.546503199721769	98.651489337391283	-9.5079274789641647e-007	6.4031551952687946e-008	-1	
-66.093375763928378	98.923573533472094	-9.6431408659761423e-007	6.4447576975918969e-008	-1	
-172.94437349447841	169.87314470571158	-3.2745135253547641e-006	4.950982662796957e-008	-1	
-168.52990866901601	173.83279273688311	-3.344996394041278e-006	4.8566081023039563e-008	-1	
-163.71149103495151	178.7754043954404	-3.4360184595865372e-006	4.7285627664349097e-008	-1	
-155.97592693345013	177.46207367965545	-3.3986170859974198e-006	4.8188534950599625e-008	-1	
-181.95909362711535	175.24874696443129	-3.3852103073410472e-006	4.7612133830633803e-008	-1	
-175.28780056682953	176.92633031086496	-3.4119917495317598e-006	4.7337843968605975e-008	-1	
-129.48802330646885	169.39612196785976	-3.1574615160261208e-006	5.4147941742334759e-008	-1	
-123.40805251683567	170.40058841572738	-3.1567777931751315e-006	5.4753808146461784e-008	-1	
-147.19069657901784	175.92393345085659	-3.3508897245780779e-006	4.9411117885840178e-008	-1	
-139.01612479817129	173.2729284875837	-3.2747678747738003e-006	5.1236035455260639e-008	-1	
-142.26040027333028	176.85536287977664	-3.3600168099428259e-006	4.9533345902258772e-008	-1	
-133.17013210363007	173.82433163389354	-3.269360565952915e-006	5.1779309938379441e-008	-1	
-195.22235000633643	181.27378250813965	-3.5044901558592921e-006	4.5649008205211688e-008	-1	
-187.51110137881631	179.77447664351752	-3.4739319934498061e-006	4.6178733795481275e-008	-1	
-200	187.50959312177821	-3.6229992182911619e-006	4.3814571100040161e-008	-1	
-68.531852272771175	0	-2.7400594235153376e-007	1.3038255790539647e-007	-1	
-68.511564120966867	0.16883274700806891	-2.7338319995887501e-007	1.3052178737654601e-007	-1	
-68.467671110611462	0.080090915441776045	-2.7211280650254029e-007	1.3101319444617746e-007	-1	
-68.327054433055963	0.1951839849534022	-2.6788501261435105e-007	1.3239956673948936e-007	-1	
-68.413262599166785	0.15706330183895573	-2.7047607293896309e-007	1.3152805158322333e-007	-1	
-68.117154619682196	0.16849852477326749	-2.6151261158940799e-007	1.3483562753601486e-007	-1	
-68.051621172299164	0.17236304226896415	-2.5941471915021408e-007	1.3561023165864803e-007	-1	
-68.231192402919447	0.14752307532268802	-2.650791241237146e-007	1.3352828209697187e-007	-1	
-15.717855860491445	68.239562340826794	-6.9260505269712818e-008	1.2281084711280245e-008	-1	
-14.972655111013427	74.579941269330604	-6.1583611020212333e-008	1.2225500054242677e-008	-1	
-14.833714241028702	81.919911903995882	-5.7704950763307721e-008	1.4373621421533593e-008	-1	
-21.522062170142927	94.6822931170027	-1.0141372677202203e-007	2.6855113706301028e-008	-1	
-14.708583220260163	87.786681007373303	-5.1344676538139636e-008	1.7558388702616691e-008	-1	
-16.622622546643566	93.7141373956498	-5.7452375724352713e-008	2.0985253977268492e-008	-1	
-34.388880217145093	100.11479465016345	-2.6266152660838727e-007	5.7868651830205928e-008	-1	
-25.166271926075165	100.16491040796456	-1.0678974120425832e-007	3.4567547980887228e-008	-1	
-29.083571577781441	101.59528118246357	-1.5247475783236375e-007	4.7845357176190801e-008	-1	
-48.704327917934904	101.98917681012797	-5.8945641278740775e-007	6.783227899790738e-008	-1	
-46.966044183884833	102.39343289838037	-5.474560111262412e-007	6.8206621033082471e-008	-1	
-52.616799724375731	102.41119423101971	-6.8563398469104207e-007	6.8882508229002965e-008	-1	
-50.329027612829975	102.72769168903025	-6.312090278670511e-007	6.8643879681027381e-008	-1	
-41.023464204614498	101.85279497741591	-4.0305035571802085e-007	6.7441063775798461e-008	-1	
-43.06602379350722	103.17654282680334	-4.5077586391746675e-007	6.9743667324817192e-008	-1	
-38.386470368661556	102.05129794614585	-3.4000363640682207e-007	6.6845762058822612e-008	-1	
-56.895007248839157	100.60093933801447	-7.7606634158739411e-007	6.883569364177281e-008	-1	
-55.828337599948981	101.1555775711534	-7.5489272918996255e-007	6.9127324579866201e-008	-1	
-57.87080290746723	100.94226806005516	-8.0030253086784048e-007	6.9419497304842616e-008	-1	
-54.524730911645776	101.76199148862192	-7.2784969692199569e-007	6.9091611439775231e-008	-1	
-55.32590836781722	101.60914535247412	-7.4578687631234854e-007	6.9353361510471868e-008	-1	
-53.987322270329486	102.37553790891241	-7.1836768497803756e-007	6.9351083142790545e-008	-1	
-59.030320885561061	101.63917324581188	-8.3134598570366302e-007	7.0320241038200429e-008	-1	
-63.489621333952542	99.632355679020748	-9.153054143646967e-007	6.6181054739353632e-008	-1	
-63.610875073861919	100.71200100279232	-9.2672913190113798e-007	6.7195973522903981e-008	-1	
-62.174083627886766	101.75347517907859	-9.0330051830831911e-007	6.9318622160822498e-008	-1	
-61.175326626666688	102.83242458253173	-8.8918541711177567e-007	7.1268911065048195e-008	-1	
-59.705972101029431	102.78099851241777	-8.5495144735436621e-007	7.1806893119975664e-008	-1	
-66.50409551788195	0	-1.6337098092108951e-008	4.9806673654929414e-009	-1	
-67.034900362437384	0	-2.8521655459596482e-008	-2.1258474955497895e-009	-1	
-67.3003027847151	0	-1.7400521563818622e-008	-1.3503529894158502e-008	-1	
-67.565705206992817	0	-2.4615098513026936e-008	-2.9379303304649338e-008	-1	
-67.698406418131682	0	8.1251044799232037e-008	-2.2855206456158144e-008	-1	
-67.831107629270548	0	1.2691673369874581e-007	2.0389015136768712e-008	-1	
-67.990975783152294	0.090823810503196614	-2.5758248075397976e-007	1.3654947766364949e-007	-1	
-67.963808840409399	0	1.0718060853954978e-007	8.2336940899826511e-008	-1	
-11.770384779812987	18.673351387412421	1.4338028980017139e-010	-1.0883347471976831e-009	-1	
-11.471728674680204	19.90863641364405	-6.4657148813130862e-010	6.5910962029352696e-009	-1	
-9.1925289610754319	16.933612985225267	9.3076268173207256e-012	2.7314563363650694e-010	-1	
-8.8445839159866306	6.9262772910356185	4.9237859496736729e-012	5.3161870835506684e-011	-1	
-6.8605734603945194	9.8413614838316334	-1.1369750812992138e-011	4.1592406298055109e-012	-1	
-6.7907691584919281	13.79381641698971	-9.2625914894675033e-012	-6.3368756027651112e-011	-1	
-14.104649048243102	2.3705969085948402	4.287257633494673e-012	2.6311603046393884e-011	-1	
-10.49595968703261	3.9864307975319226	8.0428506304659083e-012	3.4643490929805015e-011	-1	
-11.107244759573108	1.6401978218806479	1.5921231333772406e-012	8.7494592140300027e-012	-1	
-8.9406116838403431	4.829197818883924	2.7077701443235655e-012	6.0631933020595089e-012	-1	
-12.89280621778234	0	-4.9928914014009666e-012	-3.4023938413944056e-011	-1	
-11.194305890018938	20.580128957780495	-1.2745617478620602e-009	6.6288932720300631e-009	-1	
-11.167484309310009	21.499676532894252	-2.2016692197934432e-009	6.7004301155387841e-009	-1	
-10.30042174156193	22.588482607118067	-1.6800493221414255e-009	6.8886811239560925e-009	-1	
-2.4546819565918909	58.569558902738031	5.9627349672178643e-011	9.4352938384225303e-009	-1	
-9.5	28.093460583117043	5.6451414144519701e-010	7.1526895108187199e-009	-1	
-9.5	25.64680370489528	1.0362366534007489e-010	7.1141721339922365e-009	-1	
-9.5	23.20014682667351	-2.312585550341087e-010	6.9909848477746679e-009	-1	
-7.0901161967687205	29.316789022227926	-6.4027941695116075e-011	-1.2448882533403705e-009	-1	
4.6310237783143169	45.2200587306694	-4.401195993288833e-010	-3.6026935406437098e-008	-1	
1.8617396998092639	52.844606157936845	-1.4106027092193749e-009	-3.1522356087815976e-009	-1	
1.6843311523906106	38.97758714205429	-8.2950170341974415e-010	-1.8606174495152972e-008	-1	
-3.6058154887609128	32.22672030942266	-1.0112206978976084e-010	-7.8891818396429324e-010	-1	
0.3386176503251157	32.718540314174646	7.4989020169152991e-010	7.9502491891235478e-009	-1	
-9.5	69.686627512887071	1.0693036989426038e-009	4.6602305582505094e-009	-1	
-6.0143807313525652	64.793313756443538	3.5449917512637103e-010	-6.2213054159892388e-009	-1	
-100.59856238131127	157.54047307655753	-2.6937053013428156e-006	6.805743229082465e-008	-1	
-106.37458184665607	163.66270283317448	-2.8982120338700553e-006	6.2359387722898532e-008	-1	
-116.74251243879959	171.15774553736173	-3.1458122108957785e-006	5.5676709643492491e-008	-1	
-110.55829831395934	168.55809034928905	-3.0498119173780345e-006	5.8428399196829953e-008	-1	
-90.259011290641965	126.37457762746944	-1.8274340817300108e-006	9.0998256655130097e-008	-1	
-89.951903193935763	126.20305069583171	-1.8189659574741796e-006	9.142735007936e-008	-1	
-90.591173872140047	127.41214464694103	-1.8534539522453178e-006	9.0441885726708201e-008	-1	
-90.414207952799856	126.69025288369743	-1.8361850597837164e-006	9.0861253299264853e-008	-1	
-90.470171219494446	126.96203346083742	-1.842479770485816e-006	9.0769419695210744e-008	-1	
-90.182666422728303	127.53335822003365	-1.8490911063958074e-006	9.1123993195288532e-008	-1	
-90.096652359716785	152.29977153177722	-2.4418324463228676e-006	7.6797759653735208e-008	-1	
-93.214787974445244	156.74035809390961	-2.600566895445021e-006	7.1979783130104691e-008	-1	
-87.398883338660639	129.45552963092774	-1.8415911133989001e-006	9.3518112354899989e-008	-1	
-88.409523715838205	128.5291336841037	-1.8395460353717295e-006	9.3073933410153072e-008	-1	
-85.365514976895341	130.40169846547997	-1.8262420309074355e-006	9.4835634362343197e-008	-1	
-89.116086213719583	127.78848614765363	-1.8363114110144397e-006	9.2711920495340954e-008	-1	
-89.662448519910924	127.51857096178853	-1.8400509752922199e-006	9.2053629873592409e-008	-1	
-84.030831794131942	131.42413325867057	-1.8246067323033457e-006	9.5127248044160104e-008	-1	
-80.106127789972319	138.9969104633571	-1.93329193833764e-006	9.3078087697861147e-008	-1	
-79.996974279088633	135.5395103696051	-1.8449540720676334e-006	9.5069119662376546e-008	-1	
-81.0876993669401	132.94483430368348	-1.8043528515905219e-006	9.6006252222304386e-008	-1	
-81.743059682586178	131.74063071668078	-1.7893410728607653e-006	9.6586876606257364e-008	-1	
-77.852408316708207	140.26602177454126	-1.9231075088968313e-006	9.4346124100613541e-008	-1	
-76.580768125384978	142.62805332186514	-1.9627577584045526e-006	9.4041303568696335e-008	-1	
-78.267191732813274	146.74539115649662	-2.1110040049862842e-006	8.9463510691583405e-008	-1	
-85.670935142442673	155.80358671796625	-2.4871021592070235e-006	7.6830081385771213e-008	-1	
-79.534726954590127	153.92800469017166	-2.3466554587573325e-006	8.2476754352607109e-008	-1	
-89.485071443253375	126.30968352837863	-1.8132458406075885e-006	9.192356304448568e-008	-1	
-88.468589516641629	125.94974568751529	-1.7891886015465902e-006	9.2353514754090714e-008	-1	
-88.937817315664319	126.41063028565257	-1.806029978090305e-006	9.2432240737943349e-008	-1	
-88.003085292831969	126.41439088311213	-1.7902934366416424e-006	9.299240940108334e-008	-1	
-87.066047850035147	126.94765219450836	-1.7846215153486729e-006	9.3877701019882433e-008	-1	
-85.956168437028964	127.53772548725742	-1.7769591631144071e-006	9.4790834518046765e-008	-1	
-84.249783347994992	127.6401657788479	-1.7485749239209142e-006	9.5101199448365052e-008	-1	
-81.298004347249531	126.72864773156033	-1.6756564204171631e-006	9.4004051290438769e-008	-1	
-82.722804238494675	128.29350532071581	-1.7338244356685324e-006	9.5779520862258107e-008	-1	
-79.637858887797677	126.8289704702683	-1.645346938244817e-006	9.3743805707254422e-008	-1	
-77.622194249185668	125.91025972561994	-1.5864705962582852e-006	9.239542856603954e-008	-1	
-75.388407148460487	125.58373858683645	-1.5331010557957173e-006	9.1513490429342457e-008	-1	
-72.517417230634294	125.56126718025311	-1.4675271043671363e-006	9.407951533342783e-008	-1	
-67.942677939012	103.76104928055845	-1.048487477628678e-006	6.9773706798132007e-008	-1	
-67.174581606041329	105.25380697053984	-1.0474590960844972e-006	7.056750019088397e-008	-1	
-67.184678481111803	120.80849865279866	-1.2506031625318786e-006	9.2969206620177072e-008	-1	
-67.822600912190538	123.91081621590295	-1.3215083363619168e-006	9.6614831819140924e-008	-1	
-62.89430558673908	111.71285724612498	-1.01439981534321e-006	8.3622950165965291e-008	-1	
-63.078365029710888	118.73305216901237	-1.1099599252585585e-006	9.3966254048172409e-008	-1	
-61.435599921227059	114.66706584575303	-1.0101549264932447e-006	8.9495686674053092e-008	-1	
-65.124974242456915	107.26432872558625	-1.0212577069898321e-006	7.5072037921028635e-008	-1	
-67.639624419368118	102.10985090908608	-1.0255651576239373e-006	6.8135581032732315e-008	-1	
-64.908818936121094	98.695374747044269	-9.3783819259916272e-007	6.4360442658242767e-008	-1	
-64.631889494060815	98.75555496330449	-9.3251116383410925e-007	6.4578624439984116e-008	-1	
-64.397511556317383	98.904093011052552	-9.287818513512936e-007	6.4850903278367288e-008	-1	
-63.989673160067369	99.129724490122101	-9.2194346931316782e-007	6.5365612045599211e-008	-1	
-65.170876099183516	98.803252537143138	-9.4428872278081336e-007	6.4168641129913789e-008	-1	
-66.399093259170201	99.916380784374681	-9.7930121357536825e-007	6.5509659481206633e-008	-1	
-65.929865460147511	99.455496186237397	-9.655601026039451e-007	6.4914235838844892e-008	-1	
-66.278996503551127	100.76597427230216	-9.8446511252432454e-007	6.6192825128854308e-008	-1	
-65.506806714379891	99.093973537435247	-9.5369872234796632e-007	6.4476812768061229e-008	-1	
-170.27943865452849	178.93905180768422	-3.4463119243105697e-006	4.6926788140240161e-008	-1	
-159.2552060209569	181.58504218677103	-3.4867763014446086e-006	4.6613960987935518e-008	-1	
-163.73676676259768	185.0176407186716	-3.5604155821592043e-006	4.5271416067063704e-008	-1	
-169.32977121097986	184.25251288451639	-3.549934554790844e-006	4.5297390835127969e-008	-1	
-152.99985795863358	183.19474688186773	-3.5121763205009371e-006	4.6411896022066776e-008	-1	
-180.70691878838554	182.01280603821985	-3.5135093984753057e-006	4.5656001516187416e-008	-1	
-174.60016003631787	182.45288518166171	-3.5183514185312059e-006	4.5688193164572947e-008	-1	
-128.85526340132992	177.63863027484939	-3.3435705992293386e-006	5.0706257650793522e-008	-1	
-120.62333978991276	175.60392246579562	-3.2699603515667513e-006	5.2772780402921412e-008	-1	
-146.38944048901843	182.52019236050549	-3.4886625317466785e-006	4.7083084165118054e-008	-1	
-137.33331596071881	177.80363637373975	-3.3692576349241235e-006	4.9667327326264676e-008	-1	
-141.04775550221575	181.7241281341326	-3.4628843356646612e-006	4.778037230848723e-008	-1	
-133.01732160704438	181.6757712497124	-3.446207494448307e-006	4.8506660742900394e-008	-1	
-194.15002063199128	187.04349768926059	-3.6139315144748382e-006	4.3963618139977998e-008	-1	
-183.19150995296573	186.71998642646969	-3.6052675967078369e-006	4.4182878535306969e-008	-1	
-188.35917417830751	187.995128346711	-3.6311186522262346e-006	4.372957286940337e-008	-1	
-200	193.75479656088913	-3.742459213094968e-006	4.1938087611070406e-008	-1	
-68.403489948451735	0	-2.7025690456684787e-007	1.316954168441498e-007	-1	
-68.365117461338798	0.076025779117521119	-2.6912548312475085e-007	1.3208919459962053e-007	-1	
-68.275268644314949	0.1014859422140138	-2.6648808678405757e-007	1.3306438822170977e-007	-1	
-68.092975147301019	0.1074663993248869	-2.6087362875946055e-007	1.3526997837223047e-007	-1	
-68.150761910516863	0.11210599668547129	-2.6270207802604701e-007	1.3454148801877754e-007	-1	
-68.048065931746706	0.070805817974772853	-2.5947940987319818e-007	1.3592006474683031e-007	-1	
-68.185144668590567	0.072669620288910497	-2.6390599623615847e-007	1.3417101705579954e-007	-1	
-68.235114546806429	0.051990678463866756	-2.6545763534295522e-007	1.3356569658157814e-007	-1	
-9.5	79.473255025774137	1.3604618824050849e-009	4.8911654692891971e-009	-1	
-9.5	84.366568782217655	1.4872509508357058e-009	7.9353474014569623e-009	-1	
-17.522676567585133	97.673404771080072	-4.6834475627152588e-008	2.0392128058729909e-008	-1	
-20.36890097511176	99.541516654089506	-5.7342778590655802e-008	2.2863721316707299e-008	-1	
-11.260330213584902	91.959115921918979	-1.4477625619831598e-008	1.7179387866560808e-008	-1	
-9.5	89.259882538661202	4.7254635063750233e-011	1.4925896507684024e-008	-1	
-13.183547104326383	94.678254516418264	-2.6169690828725501e-008	1.8622467583888497e-008	-1	
-14.340956863498265	96.462002645414628	-2.9194698357146884e-008	1.859969221976228e-008	-1	
-33.326461442534317	103.86160613307912	-2.1091812710937495e-007	6.5706207071109623e-008	-1	
-36.577426946633935	103.98015818386838	-2.8634914847260669e-007	7.0853470741464336e-008	-1	
-21.910739299332587	102.77119213295393	-4.1400816674149905e-008	2.27538843721611e-008	-1	
-25.129821635706264	104.33502653226266	-5.6615497651446678e-008	3.3706349796479334e-008	-1	
-27.541007629770533	107.25344766266943	-4.5678316801023033e-008	4.9590372159872369e-008	-1	
-30.913758385325441	106.04373703092347	-1.3144759850297645e-007	6.6055899624967269e-008	-1	
-48.994344430066477	103.75012648222062	-6.0105857970774954e-007	6.9372404530593155e-008	-1	
-46.960976068301207	104.69629531677273	-5.5069468220524377e-007	7.0480589919376005e-008	-1	
-45.653039208246561	104.28531527786085	-5.1608135592006608e-007	7.0525200574982351e-008	-1	
-53.302476042713614	103.59839741866047	-7.0810767738173218e-007	6.9926698788378885e-008	-1	
-51.799967640560553	104.20545021766796	-6.7361304965261284e-007	6.9921523690618148e-008	-1	
-50.297459238407484	104.81250301667548	-6.3781800153551978e-007	7.0145421175529991e-008	-1	
-41.951699644322069	104.10284764600088	-4.2080913023430974e-007	7.1815684611099349e-008	-1	
-39.944901437520507	104.18775120401591	-3.6924688839517225e-007	7.2636353068675763e-008	-1	
-42.905240540089039	105.1939565716475	-4.4385260115632105e-007	7.3248049483639588e-008	-1	
-44.080333448870363	104.92782389947642	-4.7527775435678061e-007	7.1999266383570261e-008	-1	
-56.893930399122716	101.28050254429355	-7.8008861883811259e-007	6.9712273814763209e-008	-1	
-55.954538152289757	101.86011040905915	-7.6185460860691228e-007	7.0000162425828354e-008	-1	
-56.332595842548493	101.66353103739721	-7.6945121673069653e-007	6.9991923664311775e-008	-1	
-57.717202651100266	101.96456421339396	-8.0329004383920497e-007	7.0884348504199425e-008	-1	
-55.010077807237145	102.41749560649801	-7.4293428390959424e-007	6.9905886143034881e-008	-1	
-55.590596802660599	102.23212119310752	-7.5554278837912803e-007	7.0125079934737541e-008	-1	
-54.053730243790142	103.2948710191567	-7.2485616301517094e-007	7.0032310594953574e-008	-1	
-54.804984444866676	102.99134461965295	-7.4131991764221629e-007	7.0210367018404238e-008	-1	
-58.379964671328253	102.82542599040984	-8.2438101713801328e-007	7.2239832404047133e-008	-1	
-64.186728075159763	99.503002935648695	-9.2924645934059312e-007	6.5462826180847198e-008	-1	
-64.487169555609626	100.06978260081183	-9.4041974255451876e-007	6.5736197676225922e-008	-1	
-63.948178718046591	101.71316723731361	-9.4253871214083882e-007	6.8134242229596232e-008	-1	
-64.672273279358578	100.94388533592493	-9.5181946149900036e-007	6.6590482864806138e-008	-1	
-63.157273844983564	103.30172243020549	-9.3846291411760357e-007	7.0762811130955104e-008	-1	
-60.505229755452774	104.37321779444717	-8.8589037351253697e-007	7.3898549430406925e-008	-1	
-58.832797240298277	103.77991550947536	-8.417219538154935e-007	7.3707140624300635e-008	-1	
-68.030159445978825	0	4.1784802463886742e-008	1.4155759655809629e-007	-1	
-10.822578799562065	19.519984949802755	2.0933807575225243e-010	-1.6318982324147095e-009	-1	
-9.9123175535487	18.849430695407474	-7.3663406185194516e-011	4.463453917216167e-010	-1	
-10.558286297169545	20.228924294098849	-5.4973451912673529e-010	6.7030317140270177e-009	-1	
-8.6959032915097527	18.9190137157658	9.7631810452615247e-012	-1.1711955528662531e-010	-1	
-6.0364347959169562	17.674248391480223	-1.3364817638393142e-012	-2.8438670435621941e-011	-1	
-6.8361973110258711	6.3152561050418887	3.9752535386915061e-013	-1.6507359460843006e-011	-1	
-4.4067199083321373	7.1723258992636794	5.2188353392444635e-012	3.9637716783081131e-011	-1	
-3.1097065778234931	11.015484491692336	-5.701459037872756e-012	-6.386171261523814e-011	-1	
-2.7624503329800967	14.930453241091648	5.7392367938149345e-012	6.4284871659206064e-011	-1	
-9.0647892441939266	2.9466640800141795	-2.0027309295005964e-012	-9.533508573836128e-012	-1	
-8.6463674613388068	0	7.9121673842089453e-013	5.2629281851147405e-012	-1	
-7.3636239785970545	3.7935998650476987	-2.7551038373738113e-014	5.2191864549594838e-012	-1	
-10.518727565268696	20.847448177829683	-1.0012515505364298e-009	6.7096982044704049e-009	-1	
-10.251264067782518	21.582305880614221	-1.1578726878708237e-009	6.7780453569057661e-009	-1	
-9.5	21.976818387562627	-3.2051817184143832e-010	6.8552683747600704e-009	-1	
0.18244138093318882	64.207739625042066	-2.5615270837141259e-009	4.7946448978612414e-010	-1	
3.5256130890143855	59.208235671831495	2.1065741106051314e-009	-6.4423636927294664e-008	-1	
-7.4513083955074855	26.264402180029222	-1.1364063161090701e-010	-1.9709418185153105e-009	-1	
-8.1037583372510049	24.226541968845744	4.3359544637609493e-011	-1.7109082521376408e-009	-1	
-8.6692132834024758	22.58848260711807	9.1768973980448616e-011	-1.4939087471427698e-009	-1	
-4.8187857456689551	27.852162654542003	9.1796821552618354e-011	1.1026429209914006e-009	-1	
9.5	40.326744974225875	-1.5599601441759438e-009	1.0727168356851051e-007	-1	
9.5	50.11337248711294	6.0618399312166989e-009	1.0040864030716404e-007	-1	
9.5	35.433431217782342	1.0732491345170369e-008	6.9305066845665372e-008	-1	
4.2921659782655599	33.130723919420689	-3.6271999000100259e-009	-2.6091980115190902e-008	-1	
-1.8073296680974984	29.372595034832937	-2.8593942903985346e-010	-3.060270331526115e-009	-1	
3.442092295768957	28.407964697581427	6.3526701038501167e-010	6.3585691366492586e-009	-1	
-2.6328289925298378	69.759113696295202	-2.8599651536704912e-010	9.2378129468646915e-009	-1	
-3.0013647483342485	76.616771699529068	-1.239085429199443e-009	3.2425698677236233e-009	-1	
-97.999213478769533	164.4977493941837	-2.8589170729217488e-006	6.4658978427495672e-008	-1	
-102.86647465359484	170.89626236691254	-3.0675244616151382e-006	5.8979297624932472e-008	-1	
-111.21830127308257	174.96376740215894	-3.2174669966789192e-006	5.4700318512869022e-008	-1	
-115.65850837103355	179.13768615579409	-3.3403034096937276e-006	5.1704429708095535e-008	-1	
-106.13282563035813	174.79762336660133	-3.1902136310763214e-006	5.5786503328343334e-008	-1	
-90.157248832496222	126.71129898623911	-1.832274915256518e-006	9.1452321727892764e-008	-1	
-89.794428554321271	126.67519771723302	-1.8255105811767801e-006	9.1892136567370835e-008	-1	
-90.235793281751	127.11057150858548	-1.8414943211692697e-006	9.1239005031857696e-008	-1	
-90.214747179209326	126.85361238828186	-1.8360203964119752e-006	9.1413029890288629e-008	-1	
-89.958863839690736	127.1707517248457	-1.8380269194124241e-006	9.1775180546980847e-008	-1	
-89.653731437383414	160.83431157037683	-2.6807244008826846e-006	7.0698612315217976e-008	-1	
-87.067416972860457	128.12521633300997	-1.8079436788839879e-006	9.5147814649391917e-008	-1	
-85.564908570707388	128.73226913201751	-1.7940754946077454e-006	9.6212405552497504e-008	-1	
-87.818671173936991	127.82168993350621	-1.8147384921911296e-006	9.4509006658801432e-008	-1	
-88.569925375013526	127.51816353400245	-1.8214623409946909e-006	9.3781482645202889e-008	-1	
-84.062400168554319	129.33932193102501	-1.7797103468838206e-006	9.7060728591244089e-008	-1	
-89.32117957609006	127.21463713449872	-1.8281061124940826e-006	9.2912369801636197e-008	-1	
-89.696806676628313	127.06287393474683	-1.831412123503394e-006	9.2386499223630675e-008	-1	
-82.55989176640125	129.94637473003252	-1.7649316775153883e-006	9.7710144516623314e-008	-1	
-78.0512997482017	136.21424777881057	-1.8234656286241335e-006	9.6174509766743983e-008	-1	
-76.411508262246358	138.11806879149034	-1.8383673270329231e-006	9.6825517604472335e-008	-1	
-79.510065527902029	133.57514550011567	-1.7887798908381734e-006	9.6461684773716302e-008	-1	
-78.479903141143041	134.19999380200363	-1.783205845932138e-006	9.6664560619596029e-008	-1	
-79.835128495316127	132.38983345907835	-1.7675331148241646e-006	9.7095301016071699e-008	-1	
-80.372537136632374	131.77628703878807	-1.7639474179641519e-006	9.7363323371981497e-008	-1	
-81.057383364248182	130.55342752904005	-1.7497514641656012e-006	9.8164745836907668e-008	-1	
-75.26603388541858	140.2897343348572	-1.8719139024230913e-006	9.6902677349669081e-008	-1	
-74.520347488488227	144.34588003192403	-1.9710881752112768e-006	9.4870963874729589e-008	-1	
-72.766872969894735	151.2090462214893	-2.1513953916388773e-006	9.0415005284953647e-008	-1	
-81.118247108720325	159.72280328461332	-2.5523325912101669e-006	7.6049099869702404e-008	-1	
-72.540890484462039	157.43667662523399	-2.3573848160470282e-006	8.4083416829697941e-008	-1	
-89.360876061431938	126.77215293445472	-1.8201480638041489e-006	9.241663255455807e-008	-1	
-88.774307011883451	126.94255293841788	-1.8136263018456818e-006	9.3031529883165951e-008	-1	
-88.140108890341835	127.04145878878901	-1.8048463783838001e-006	9.3514626951167569e-008	-1	
-80.450976392411064	128.15997272685757	-1.6882583231958693e-006	9.5257189953134148e-008	-1	
-81.448643230569886	129.35888388428026	-1.7319416905833479e-006	9.6792742752568831e-008	-1	
-77.833689714747749	128.11530009616419	-1.635317914096105e-006	9.4352171784791757e-008	-1	
-78.884501035174992	128.91274643167415	-1.6730119755122902e-006	9.5480778296377697e-008	-1	
-76.209789702702395	127.61673174846609	-1.5913625715145541e-006	9.3387256817659886e-008	-1	
-74.252770865431685	127.848544127754	-1.553031782436318e-006	9.5215159899167379e-008	-1	
-71.728458084510123	128.33391527212504	-1.5046009421060345e-006	9.8175116396289368e-008	-1	
-69.234885164504618	126.88749622211435	-1.4139269282421953e-006	9.908471758692011e-008	-1	
-66.353199051799422	103.22081380891018	-1.0091665178197155e-006	6.8298649724838868e-008	-1	
-64.784407102489752	104.41352145473314	-9.8541203782388614e-007	7.1183882429362569e-008	-1	
-64.72113013819471	122.79903849227168	-1.2185325058107627e-006	9.8271354779955965e-008	-1	
-66.363895246678538	126.86502481553099	-1.339002165955232e-006	1.0224458675028666e-007	-1	
-59.79283481274323	110.60107952249371	-9.2225388652317938e-007	8.4565648158286501e-008	-1	
-61.842442176327602	108.59055776744734	-9.5535535246004395e-007	7.9655424854121737e-008	-1	
-58.826924927454641	116.87484236688593	-9.6462101241149351e-007	8.9276428020769502e-008	-1	
-61.32602563537084	123.27232134546101	-1.1310792718094651e-006	9.6562002200994587e-008	-1	
-58.291074351183902	113.49959029477198	-9.1201367897981529e-007	8.5937089501182462e-008	-1	
-62.631401322452319	105.81790967557514	-9.4844688045742586e-007	7.4769426937719613e-008	-1	
-65.942507774678461	102.20431722809536	-9.9070513088138063e-007	6.7200422789485981e-008	-1	
-64.795248998645249	98.955015736895021	-9.3770054962824351e-007	6.4374548198044516e-008	-1	
-64.652935596602504	99.01251408360811	-9.3516502917986008e-007	6.451662871344015e-008	-1	
-64.453474823011973	99.175873588192545	-9.3225077838450363e-007	6.4911900472668975e-008	-1	
-65.073254221490558	99.190928754656952	-9.4550011332028039e-007	6.4524391042989653e-008	-1	
-65.762299757509069	100.08095106242635	-9.6755698789395602e-007	6.5395204920685039e-008	-1	
-65.38261133255844	99.556442943511342	-9.5507258266806996e-007	6.4848589526925464e-008	-1	
-65.531816497557514	101.18782064728052	-9.7261884318299286e-007	6.6153663839068832e-008	-1	
-158.37342082602396	186.77878799441538	-3.5916178029318396e-006	4.4899810078216813e-008	-1	
-167.14322099296311	189.09376217617498	-3.6444899871465166e-006	4.3813164473948924e-008	-1	
-163.31308069519756	192.77462102423289	-3.7165490952548182e-006	4.2701669847305624e-008	-1	
-175.450238537122	189.93122426458433	-3.6646964190232486e-006	4.3343046495735748e-008	-1	
-149.27186943010577	189.89502045930644	-3.6489542288842809e-006	4.4183002659237491e-008	-1	
-121.28943929002617	181.46784791416508	-3.4140075347986371e-006	4.9818943029054172e-008	-1	
-126.06081664607163	186.47453157650611	-3.5447050170942244e-006	4.6956974727134461e-008	-1	
-141.57421574506773	187.09908453985722	-3.5809683811890091e-006	4.5642811223326897e-008	-1	
-137.13301417354245	184.82082563073752	-3.5246411731605676e-006	4.6845355236575334e-008	-1	
-132.90449059366622	187.47305552091154	-3.5787247146087336e-006	4.6009536762569168e-008	-1	
-192.33284862223158	194.08066871595096	-3.7484820630426736e-006	4.1857084175426905e-008	-1	
-180.88223993337147	191.51561072777156	-3.6973557757182129e-006	4.2750033602145779e-008	-1	
-185.23548343480883	195.64633073832474	-3.7780439552654436e-006	4.1426164638039567e-008	-1	
-200	200	-3.8622064283298627e-006	4.0039140495857154e-008	-1	
-68.326744974225875	0	-2.6806702706425693e-007	1.3252183062550931e-007	-1	
-68.288372487112937	0.039112694869127329	-2.6698400275953999e-007	1.32942162672991e-007	-1	
-68.105156080341118	0.050787825446349084	-2.6144677580573432e-007	1.3525242985544186e-007	-1	
-68.14808834045408	0.035734130836527225	-2.6291028388407749e-007	1.3471660882949959e-007	-1	
-68.096510051548265	0	-4.7912496041278495e-008	1.8459246493014401e-007	-1	
-68.191020600567043	0.02068043622670537	-2.6435970347558348e-007	1.3412824399187839e-007	-1	
-68.25	0	-2.6606613983061848e-007	1.3335570104091441e-007	-1	
-3.525025009994974	83.696145757852747	-2.3231846105547809e-010	-7.1562779307301022e-010	-1	
-6.0988988528937282	88.950475102697695	-3.9981683433680183e-010	-3.4013320023931544e-009	-1	
-14.732899570704127	99.624809314765201	-1.6104900976684418e-008	1.5577242871840103e-008	-1	
-15.77901768509542	102.81327778257001	3.5833108939560816e-009	8.1553956551081865e-009	-1	
-18.852008842547708	104.581638891285	2.7535684415487589e-009	1.0076756257603341e-008	-1	
-11.058963818269355	94.764860514660157	-1.093278675404046e-008	1.8087829754059648e-008	-1	
-9.5	94.153196295104735	-2.7648223747539771e-011	1.7945739500395381e-008	-1	
-7.7360837567027634	91.947615000169421	1.1383812021892527e-010	-5.0960691188646747e-009	-1	
-12.001776935408039	96.445957547523619	-1.4919380183437738e-008	1.8085743200050741e-008	-1	
-12.407193223464841	97.778277071828512	-1.3729757345184028e-008	1.7601009289969321e-008	-1	
-34.103865453805923	107.02047844782228	-1.983804539893721e-007	8.1054921710032659e-008	-1	
-39.230151878750263	106.06487153186472	-3.4217129258139381e-007	7.8422525124659345e-008	-1	
-37.229594255954794	108.18693734519998	-2.735727157929963e-007	8.8487872549171962e-008	-1	
-21.924999999999997	106.34999999999999	3.8272695987479753e-009	1.6079883363352433e-008	-1	
-24.997991157452287	108.11836110871499	9.5277864411521684e-009	2.5786404895985148e-008	-1	
-29.656369786126575	108.90881801249726	-5.399229736873879e-008	7.3841858836860619e-008	-1	
-28.070982314904576	109.88672221742999	6.0547959641173093e-009	6.1946709515624976e-008	-1	
-31.507569397982714	109.11572394522146	-9.968532357570233e-008	8.8447583444382027e-008	-1	
-48.794950836254415	105.419555815683	-6.0047344060318266e-007	7.0629651274312569e-008	-1	
-47.292442434101346	106.02660861469052	-5.6189262673692439e-007	7.1401179587187835e-008	-1	
-45.950335691123634	105.62269126359676	-5.2510739258315845e-007	7.1674078849542642e-008	-1	
-45.13755110985894	105.55465831517381	-5.0323812461477124e-007	7.2082612842410827e-008	-1	
-52.911216176392024	104.7929410634205	-7.0398146345009938e-007	7.1644633940351384e-008	-1	
-54.119495963736327	104.4464172435671	-7.3229535670747681e-007	7.2045369792203918e-008	-1	
-51.637055168467022	105.85831962698458	-6.7626804402165705e-007	7.2505247286113789e-008	-1	
-50.110076058966847	106.51165916885266	-6.3850903444556226e-007	7.2786199674212863e-008	-1	
-41.486601040600583	105.47523323917144	-4.0527264586853402e-007	7.5000499073322898e-008	-1	
-43.778564431242529	106.02400194667563	-4.6640716231674451e-007	7.3734066433808008e-008	-1	
-42.625982407756041	106.36599959090529	-4.3420150527913692e-007	7.5694588089736118e-008	-1	
-44.455056430633384	106.00125463226739	-4.8484276933916282e-007	7.3056069609242398e-008	-1	
-57.008338507721668	101.95036678100159	-7.8679388573875819e-007	7.0743432680406352e-008	-1	
-56.045435683957308	102.27641403054655	-7.664333868362992e-007	7.0544115336323358e-008	-1	
-56.286446744478056	102.1273327003418	-7.7113361097402263e-007	7.0593596454165256e-008	-1	
-56.558227321618041	102.07136943364721	-7.770924711466566e-007	7.0726713149841756e-008	-1	
-57.125890061140304	102.35576666968643	-7.9199127018636778e-007	7.1484295772735695e-008	-1	
-57.303488785191554	102.97217803008841	-8.0000016825647029e-007	7.2638036375209076e-008	-1	
-55.55623864594321	102.68781822014918	-7.5744218602017704e-007	7.0488709238268469e-008	-1	
-55.931865746481478	102.5360550203973	-7.6536194125256534e-007	7.0681560373862412e-008	-1	
-54.826947282100704	103.63283293473374	-7.4523674173589254e-007	7.1364795178081466e-008	-1	
-55.351857009073292	103.26342881573377	-7.5575617872590564e-007	7.1305082261428429e-008	-1	
-57.777539091095491	103.72953876814549	-8.1617039210027608e-007	7.3974052436454228e-008	-1	
-64.608671485169864	99.491548844420535	-9.3820879194948549e-007	6.4995348490313412e-008	-1	
-65.121125220436554	100.17132406646569	-9.5492665312891648e-007	6.5209060972850776e-008	-1	
-64.915779581876066	99.663075776058264	-9.4622751678524953e-007	6.4811511134909503e-008	-1	
-64.710876778751427	102.44419339671073	-9.6577501630859606e-007	6.8506149062083322e-008	-1	
-60.107088541530054	106.30328081994645	-8.9197830620837844e-007	7.7230718130894749e-008	-1	
-58.791971610241838	104.8355863130199	-8.4839560209259958e-007	7.5534743794937167e-008	-1	
-10.142675209340327	19.851913599839882	1.1281477357658413e-010	-1.046783374496435e-009	-1	
-9.5320900687554833	19.805183635799956	-4.4978246912614345e-011	1.6979354522127943e-010	-1	
-10.101565108414214	20.389068234326253	-4.5268847638445348e-010	6.7186039531382885e-009	-1	
-8.8361782022094797	20.129314671331038	-9.4773046908313822e-012	4.3683924799361554e-011	-1	
-7.5171440444679405	20.209936367720591	2.877794924991641e-012	-3.5508659803650126e-012	-1	
-3.8967990380286821	19.04878289110783	9.3777922533784373e-013	-7.6433905812780397e-012	-1	
-2.4355117591310935	17.235891659131507	-1.3435072258139375e-012	-2.5175867811663416e-012	-1	
-5.3116121049577263	21.162000876254528	-3.2297146496385224e-013	3.8607410749023199e-011	-1	
-4.1936992266033588	3.5997240408757025	-1.1678126790184987e-012	-6.4955132277873853e-012	-1	
-2.2009563370938321	4.3539098694342542	7.1311665230097724e-013	1.2845507223500402e-011	-1	
0.68772675373210324	5.9325248200920733	-9.3290784118105942e-012	-1.0203588405763349e-010	-1	
0.01092697947857646	13.404880526132041	-1.4648352483988783e-011	-1.7055628436459601e-010	-1	
3.3230738278123328	10.765379772205552	5.369906997583952e-011	5.1345039675333051e-010	-1	
-0.14564657629312516	16.566285047467886	1.6838251533629207e-012	-3.7140775483194145e-011	-1	
-7.5847577722279231	1.7547033730973094	2.0427379562542932e-013	-2.7402273341067138e-013	-1	
-6.5231480831170403	0	-2.3559160600123651e-013	-5.9395955187116107e-013	-1	
-4.8656440096195848	1.8324504971799722	1.8078914000679572e-013	-9.5359005890708685e-014	-1	
-9.8999963082365436	20.883618878493202	-5.7378692227532103e-010	6.7358554111050959e-009	-1	
-9.5	21.365154168007187	-3.6334544633188354e-010	6.7811499179725919e-009	-1	
-8.8943806288694418	21.581686027617213	8.0892013197531102e-011	-1.1063556437590265e-009	-1	
2.8699160007971356	69.060181202266961	-9.0332859500782157e-012	-3.4217569040917012e-008	-1	
9.5	64.793313756443538	1.0359223734873955e-008	7.2311229046135636e-008	-1	
9.5	59.900000000000006	-2.5383923253655619e-008	1.8318453044356365e-007	-1	
-5.7776181206244619	24.931238262662763	-2.1265723512132524e-011	1.3823705896663515e-010	-1	
-5.9276504782741677	23.364924828722827	-9.4855908454861435e-013	3.3467876787996269e-010	-1	
-7.2910185146836826	23.029359081119356	-3.4904372875104408e-011	5.8928176450176809e-010	-1	
-7.6673999680121714	21.632172662833668	-1.7388797226640697e-011	2.6486268336945074e-010	-1	
-2.3349581020368464	26.040600051961874	5.3028269151742192e-011	4.7290779067597205e-010	-1	
15.093894157312251	45.2200587306694	-9.6704068526334414e-007	1.2490032047046543e-007	-1	
14.438250144053409	37.816930858608202	-7.3108447325388635e-007	1.2147865806005474e-007	-1	
15.041144868952596	50.803802815987744	-1.0195978338388843e-006	1.2101919210423962e-007	-1	
13.3386552573144	56.002547115607619	-7.2594258137505898e-007	1.3117448711194538e-007	-1	
12.142135475805267	32.775766428592753	-3.1555576311343384e-007	1.0610943638412071e-007	-1	
9.5	30.540117461338809	7.7356082629212732e-009	9.8472478997008095e-008	-1	
6.2769239484380766	28.761763432877256	-4.4873208628590447e-010	-2.9060501496695466e-008	-1	
0.76591020297072898	25.946026421437764	-5.2539664464310992e-011	-4.0890929160681114e-010	-1	
3.7889934358736119	25.249394392650313	-1.2753247435804711e-010	-3.0508232542951806e-009	-1	
5.5226954285639733	26.006299155503989	-5.4338196727426848e-010	1.1056823117941656e-008	-1	
4.0141498466746164	74.697734393377885	3.6505951435622749e-009	-2.9355539429582547e-008	-1	
4.8745574363120321	81.91991190399591	1.7832565453689893e-009	-8.5728954885418328e-009	-1	
-96.019764784915225	171.05397484172477	-3.0313232819030423e-006	6.0620419832346555e-008	-1	
-87.992528336304687	166.3291991814483	-2.8295580680772845e-006	6.6979168295113102e-008	-1	
-96.469181164269528	176.79995361908632	-3.2003173840494689e-006	5.6339175856432126e-008	-1	
-102.8803287505648	178.71054176598429	-3.2835540194923912e-006	5.3851854971653151e-008	-1	
-107.69260349501667	179.40237204151913	-3.3202875923024544e-006	5.269480616359378e-008	-1	
-111.78934766800097	182.69467009910733	-3.4200308984198047e-006	5.0230252983403136e-008	-1	
-120.47954086056599	187.01658925371706	-3.5492330372472677e-006	4.7082965639553839e-008	-1	
-115.07579798540895	188.51459755091861	-3.577415433800612e-006	4.6702337921877442e-008	-1	
-90.07243377716658	126.91111073499495	-1.8347363343136492e-006	9.1747058619495274e-008	-1	
-82.525006389256717	164.58003099059604	-2.7230584298343208e-006	7.0820668258438827e-008	-1	
-76.429608763103431	134.94498094304498	-1.7591900805182694e-006	9.7805760863949689e-008	-1	
-73.902217336463053	138.24810576897875	-1.7887966802642766e-006	9.9469835088824852e-008	-1	
-74.605006069058945	136.37164375967771	-1.7558343460123166e-006	9.9264599447484869e-008	-1	
-79.033951039144924	132.54267959522653	-1.7553457107742351e-006	9.7261778392697315e-008	-1	
-78.531521807012709	132.99624737654722	-1.7559000703823647e-006	9.7141131608225198e-008	-1	
-77.464852158122326	133.55088560968593	-1.7472887962488303e-006	9.7352958371617234e-008	-1	
-79.349781599724665	131.73432934120254	-1.7430202807507822e-006	9.7815934615753611e-008	-1	
-80.306129163171647	130.85695392854382	-1.7419559654381933e-006	9.8284840021250321e-008	-1	
-79.554874962095113	131.16048032804756	-1.7340437003580853e-006	9.8313927157011099e-008	-1	
-80.240363443225931	129.70540770413419	-1.7161941580842276e-006	9.6847211838543366e-008	-1	
-72.828571833498401	140.58472844609497	-1.8286825535988013e-006	9.9452769311216905e-008	-1	
-69.684565562530892	143.1982481858544	-1.8347724566748117e-006	1.0113606106577821e-007	-1	
-66.796405215754632	155.0210322956666	-2.1731992380825876e-006	9.184504201176442e-008	-1	
-65.056164542729036	148.54771726214827	-1.9052664813005379e-006	1.011608552026888e-007	-1	
-75.894437517035612	162.6891208971596	-2.5857071065982325e-006	7.6094789165231177e-008	-1	
-66.97433574753434	162.63602127432813	-2.4696966939718356e-006	8.1380677789623263e-008	-1	
-76.620480979823355	128.63322832928094	-1.6210736690786829e-006	9.4318651697754366e-008	-1	
-77.861687688698808	129.43414095184426	-1.6634891903811568e-006	9.5503414391698923e-008	-1	
-78.538255292783845	129.96186114526157	-1.688297015589813e-006	9.6340314267533175e-008	-1	
-79.195880682611232	129.97273252193764	-1.7015147470820387e-006	9.6703737305521875e-008	-1	
-75.56788779671993	129.31623863468059	-1.6127891237346254e-006	9.5770444806311467e-008	-1	
-73.854629651508915	129.77860715325332	-1.5847594615025197e-006	9.7567533118482456e-008	-1	
-69.57545230447181	129.73830349296719	-1.4820979911546426e-006	1.0219081710700994e-007	-1	
-71.202585561978381	130.85010251749415	-1.5464150623335975e-006	1.0138460981778363e-007	-1	
-67.185277800920446	128.89801797716063	-1.4027503379217941e-006	1.0404740904446822e-007	-1	
-63.460677433086623	125.954483336603	-1.2422262232543319e-006	1.002327640999951e-007	-1	
-64.870368966838001	128.65087522905401	-1.3356296717516654e-006	1.0324353041507184e-007	-1	
-57.57540678395479	110.31455197253275	-8.6170779862565544e-007	8.236787201297571e-008	-1	
-58.971452258501316	108.56808636086406	-8.825231541612657e-007	8.186616064410999e-008	-1	
-55.445208699398641	117.36825673970237	-8.7005183954144849e-007	8.7138634926219231e-008	-1	
-56.161081497526574	121.51293744669459	-9.4694922138776356e-007	9.1272970356120666e-008	-1	
-58.406827338716575	125.06926668381411	-1.0740150853387878e-006	9.6339447159095823e-008	-1	
-61.42231044449565	128.21342545136125	-1.227553632596922e-006	1.0148189148190793e-007	-1	
-55.143709040212521	112.63313730688971	-8.1453315223590871e-007	8.2800881968517556e-008	-1	
-64.710433943315593	99.154827485650856	-9.375892127984435e-007	6.4522283997687876e-008	-1	
-157.27282253794493	192.7181975294865	-3.7130046604277722e-006	4.2880555131676492e-008	-1	
-165.85333690780192	197.41257684556388	-3.8106150336676714e-006	4.1099974614092821e-008	-1	
-171.13067717243459	197.07610164947951	-3.8045721234321636e-006	4.1130851964460071e-008	-1	
-161.43081374043109	200.3116844083082	-3.8693134367644807e-006	4.0172623281296321e-008	-1	
-177.47774620046846	196.03516181789232	-3.7848550503522333e-006	4.1380736325317377e-008	-1	
-144.29391143537461	191.6057291020231	-3.681875745390668e-006	4.3744787653275412e-008	-1	
-153.33359240796941	197.29753898870408	-3.8068949392740523e-006	4.1351200996749702e-008	-1	
-146.92847495439352	197.85807373546064	-3.8178627876784134e-006	4.1270707300857893e-008	-1	
-125.24925645596861	193.70481506226272	-3.7170557604451857e-006	4.3574981951621474e-008	-1	
-130.22359421070473	191.99759287581495	-3.6804178346015459e-006	4.4161640292832802e-008	-1	
-135.45453432284592	192.54156827533677	-3.6964059387566702e-006	4.3723817081392269e-008	-1	
-140.46030491421533	195.21267391702906	-3.7588093230011396e-006	4.245299604401051e-008	-1	
-191.53041472850853	201.51059690665934	-3.8912893495408726e-006	3.9587659933746493e-008	-1	
-182.93321256285742	201.18827314334439	-3.8853056897548187e-006	3.9719991202553716e-008	-1	
-200	206.24520343911087	-3.9819018438639473e-006	3.8127715451503508e-008	-1	
-68.142005025774125	0	-1.3529906589342814e-007	1.8862626177727232e-007	-1	
-68.1875	0	-2.1666701763386511e-007	1.664076438559864e-007	-1	
-2.6564669922795163	89.482198850688945	5.8997402601171843e-010	-5.9599543970217069e-010	-1	
3.2085741394185088	89.058207839376919	-1.6586718671824052e-009	4.5739431022738833e-009	-1	
-4.8987226866979512	92.147786339404661	-9.6404415402284383e-011	1.6095712332513702e-009	-1	
-12.258096944568685	99.641277638951379	-6.3587932916106146e-009	1.661752309295018e-008	-1	
-12.706026527643131	101.044916673855	1.2673561677989328e-010	1.5145588465832039e-008	-1	
-12.342430602017185	103.5842760547786	-5.4922687587058248e-010	-2.2511099970251765e-009	-1	
-15.297076252854929	108.7095956093323	-7.7347996275373051e-010	-1.960033621150855e-009	-1	
-18.546604430233796	109.59570668660821	-9.4536244649111627e-010	-4.2688683938103178e-009	-1	
-9.5	95.376524734215621	-2.6300489326093632e-010	1.8227661985987585e-008	-1	
-10.610777755255262	96.378437459549176	-7.4282690987975591e-009	1.8165393177689077e-008	-1	
-7.9338641223059803	94.764860514660157	4.9423098361326612e-012	-3.4805998456666077e-009	-1	
-6.0575903082574944	94.745422234277356	-1.5848383775433941e-011	1.2242366586523961e-009	-1	
-11.020651336830012	97.434304774605636	-8.5895022148109861e-009	1.7957377274846191e-008	-1	
-11.070868910673047	98.283304472759596	-7.3957020737850672e-009	1.774179669747311e-008	-1	
-35.172007293156597	110.2537537397484	-1.9590009356425983e-007	1.0395485673242031e-007	-1	
-41.400369582964686	106.91891558959215	-3.9863187536349539e-007	7.8576857539417898e-008	-1	
-40.145905683853655	108.20977971280486	-3.5805373682813681e-007	8.4182518733772749e-008	-1	
-37.825283377445132	111.43399956042653	-2.6846384449076642e-007	1.0336716041734459e-007	-1	
-21.895512356329075	109.95548706320834	-1.9042480566686169e-009	-5.073655388305154e-009	-1	
-26.218454296152657	112.26848627208089	-2.5078836962584877e-009	-1.1906711953557114e-008	-1	
-29.607477893630723	110.77090277178749	-7.7157704832017756e-009	9.09881926620787e-008	-1	
-28.032342626243082	111.73099108404304	8.6308726612243209e-011	-2.3690808346138709e-008	-1	
-32.651656150803596	111.41172341487206	-1.0237844669286285e-007	1.1691571434284559e-007	-1	
-31.143973472356866	111.655083326145	-4.0905230664469734e-008	1.1698922215702826e-007	-1	
-48.403690969932804	106.61409946044301	-5.929126409860756e-007	7.2450366371065859e-008	-1	
-46.541188233024812	106.33013501419427	-5.4200016181780386e-007	7.1921597748222922e-008	-1	
-47.293811556926663	107.20417275319204	-5.6381431638747888e-007	7.3217435760603561e-008	-1	
-45.789934031948277	106.63366141369804	-5.2174053210191096e-007	7.2538341362604353e-008	-1	
-45.243773193242205	106.36333880004685	-5.0648638819697434e-007	7.2723285947274939e-008	-1	
-53.908883014549787	105.99185222084161	-7.3541022579202696e-007	7.4193244042778836e-008	-1	
-55.163978724350983	104.17909242576275	-7.5639888469396716e-007	7.2618096201217203e-008	-1	
-55.475358371787884	105.23907851602523	-7.7024574480360978e-007	7.4527832043095121e-008	-1	
-53.061855059708414	107.42317721613666	-7.2119933982920694e-007	7.5577946115493094e-008	-1	
-51.921243345033886	108.63361206146551	-6.9687253321458685e-007	7.6472250252469054e-008	-1	
-48.640339118240533	108.39804786479102	-6.0434990709311609e-007	7.4974578788294851e-008	-1	
-44.177192984233486	106.61846672766686	-4.7700656888037232e-007	7.3987692909270554e-008	-1	
-43.768685534821742	106.73968030075945	-4.6551622604558437e-007	7.4693417259579847e-008	-1	
-42.723037162373053	107.16056279582254	-4.3545978852473096e-007	7.7075406923867065e-008	-1	
-44.697410887050872	106.63325398591201	-4.9147946034692765e-007	7.3410517064013512e-008	-1	
-56.70676536936611	102.30574737139065	-7.8192434481117263e-007	7.1243429689437735e-008	-1	
-56.307492847019745	102.38429182064543	-7.731735532583072e-007	7.09524010128612e-008	-1	
-56.449806249062497	102.32679347393233	-7.760897859544566e-007	7.1093515756222375e-008	-1	
-56.814412692481767	102.64063380761282	-7.8642405314835476e-007	7.1968667714296119e-008	-1	
-56.917995872896533	103.4856034567899	-7.9399226767787448e-007	7.3730895633196095e-008	-1	
-56.71265023433606	102.97735516638249	-7.8600999911292593e-007	7.2689158264481962e-008	-1	
-55.892169261139593	102.97853922044128	-7.6692124669793006e-007	7.1461747626049572e-008	-1	
-56.271391578013649	102.74711209882038	-7.7442096390296282e-007	7.1593681990609485e-008	-1	
-55.838981001528524	103.53247814939188	-7.6886658738424314e-007	7.2337922671250612e-008	-1	
-57.328687150017487	104.50210003760472	-8.1047078698106492e-007	7.5611245642419926e-008	-1	
-58.150069704259408	106.53509319923438	-8.4527535927772141e-007	7.8914666354823261e-008	-1	
-57.739378427138455	105.51859661841955	-8.2754891447295429e-007	7.7325484655545448e-008	-1	
-9.8035578254732219	20.270511905745998	4.3659118690057256e-010	-1.426202193765806e-009	-1	
-9.490979967829368	20.342338270286319	1.3092047122808628e-010	-4.945068185386171e-010	-1	
-9.644843919658884	20.549212174553652	-3.1603475124043483e-010	6.7193993998842075e-009	-1	
-9.2538676435929741	20.676744974225873	1.246813316764515e-010	-4.3028617999997489e-010	-1	
-8.6482482724624159	20.893276833835895	-4.8516452640361184e-011	2.091260410092459e-010	-1	
-6.3631643247277019	22.030119800557639	9.946997649107421e-012	-1.3922992110892433e-010	-1	
-2.8569352073606749	21.369573592737147	-9.2018049500227522e-013	1.8032535937929906e-011	-1	
-1.4688336712105972	19.354256265326324	-6.3370653230157027e-013	1.4863182683413943e-011	-1	
-4.5370231184140417	23.171192230339734	-8.389285387852065e-012	-1.5324890103258502e-010	-1	
-3.0885019786110335	1.1870577707781438	2.9678570546882766e-013	2.701688271266699e-012	-1	
-1.913116285050898	2.2427564898501817	-3.7343383432718311e-013	-6.7020164907679916e-012	-1	
-0.3941915910343019	3.2245642004357093	3.5378109219831467e-012	3.5716040445437848e-011	-1	
3.6111065067949744	3.6370567157480753	3.1189813787069422e-011	2.3285250262289501e-010	-1	
1.3366126546018609	3.0895430913424495	-8.3869815710927748e-012	-6.6826546954053704e-011	-1	
5.4562395108969852	7.1065705200832552	-3.0937774421355619e-011	-1.5818274467685403e-010	-1	
2.7657055635175132	14.963786802599666	9.4527072597373642e-012	2.8325618565247813e-010	-1	
8.4724069755303972	9.8388644312437012	-2.5914109794149801e-010	-1.886356865565201e-009	-1	
6.7252132934111213	13.514461039801295	-9.6744438296980687e-011	-1.7603530229756772e-009	-1	
0.97673557840859537	19.440979100505587	-7.4486843837834721e-012	-6.1062420001311954e-012	-1	
-4.3999287048952738	0	-8.5940505609041578e-014	-4.1531804191941707e-013	-1	
-9.5	20.753489948451744	-3.0650854521552304e-010	6.7246805787606635e-009	-1	
-9.2696095621891228	21.059322058229466	3.4650009436519828e-010	-1.4481968384809957e-009	-1	
9.5	69.686627512887071	-1.1957131042631082e-008	1.1240300141731706e-007	-1	
13.3644861716215	62.346656878221772	-7.0751386679227471e-007	1.0557529372682956e-007	-1	
15.03749920552079	69.0000518794741	-9.0743382988691887e-007	6.1873408446827123e-008	-1	
-2.208750768711897	23.658220760100985	1.7449174773427247e-012	4.0751691566270776e-011	-1	
20.575909330267486	41.976431506749989	-1.8466683604311614e-006	1.5271138280403573e-007	-1	
22.394171835316286	48.081145209045637	-2.3805988323461465e-006	1.4575173682299247e-007	-1	
15.582410358890195	32.396932815898047	-7.3024848121271201e-007	1.3029121185763387e-007	-1	
22.391562004317393	35.87094108488558	-1.8577722701843025e-006	1.7087949876509652e-007	-1	
18.717658352134446	55.006686243556473	-1.7568543485821855e-006	1.172156497049541e-007	-1	
17.01481463816458	59.386839333918871	-1.4126495530522222e-006	1.0437149205729826e-007	-1	
12.021796456572149	29.316789022227926	-2.4951149116719496e-007	1.213371377767129e-007	-1	
9.5	28.093460583117043	-5.5760977924032141e-009	1.2973764518359897e-007	-1	
7.5249793995753818	26.191977131458767	4.1447919789005465e-009	-4.2478734238747652e-008	-1	
2.8223880535241306	23.623263569406944	-2.2961574008242859e-011	8.6871426914728669e-010	-1	
-0.48163882577133821	22.02263729853718	1.1090212328290674e-011	-4.8185759635278437e-011	-1	
5.2247381632223142	24.017621484448672	5.9956377991355418e-010	-4.3389016291119492e-009	-1	
6.6484300223820902	24.340064167393056	-2.2512185895677309e-009	1.5835142926097522e-008	-1	
9.5	79.473255025774137	-9.0037700907109754e-009	7.8483783862832186e-008	-1	
6.7282913089935334	86.813225660439429	8.4650634233876604e-009	-2.0056256169482293e-008	-1	
9.5	84.366568782217655	-1.9177870713570174e-008	6.6893725086067943e-008	-1	
-90.845051911715984	175.54002610430888	-3.1345570718490123e-006	5.8379380395373332e-008	-1	
-83.263049518739251	169.58272276604706	-2.8929986196933755e-006	6.576797143180547e-008	-1	
-97.36303538625684	182.49374601271617	-3.3724349074726607e-006	5.1967896440138072e-008	-1	
-87.934206360974102	181.10251908983361	-3.2949429913819316e-006	5.4204900436821067e-008	-1	
-106.74522087974476	184.17092355393004	-3.4467892234618902e-006	4.9858579375327616e-008	-1	
-109.46739606908729	191.52799779399024	-3.6493377141568287e-006	4.5264427888445805e-008	-1	
-119.03615020181289	192.3052922509851	-3.678266614545835e-006	4.4490884347596779e-008	-1	
-115.92351595483623	196.81808119260822	-3.7910280268336143e-006	4.2190012256111793e-008	-1	
-78.35635365918381	167.44254161541426	-2.777196259217975e-006	6.9735407636153841e-008	-1	
-76.489056499494993	133.20955688764479	-1.7190887337081796e-006	9.7841684903558648e-008	-1	
-75.209709058909468	134.02508671792177	-1.711137526546746e-006	9.88404640581127e-008	-1	
-71.900336393790212	138.33467577751014	-1.7467226439863824e-006	1.0199605437617159e-007	-1	
-72.365434997511741	136.96229018433951	-1.7211414341972783e-006	1.0194533483950597e-007	-1	
-72.451666455147333	135.51860783391851	-1.6863670733740484e-006	1.0209835942447675e-007	-1	
-73.706130354258406	134.22774371070543	-1.6830362743952361e-006	1.0038206791926824e-007	-1	
-78.405321254672089	132.29171453864137	-1.7370658755163827e-006	9.7506821262115669e-008	-1	
-78.769262604301161	131.91970375459294	-1.7357701271316612e-006	9.7767736614505397e-008	-1	
-78.027263564413275	132.48829391030324	-1.7340110849088139e-006	9.7417873934070594e-008	-1	
-77.465929007839094	132.87132240340688	-1.731480798630661e-006	9.7433751089368839e-008	-1	
-78.803620761018578	131.46400672755132	-1.7260356075518491e-006	9.8199259499234924e-008	-1	
-79.532912124861014	130.51899201296683	-1.7197892074175527e-006	9.749883166623992e-008	-1	
-79.008002397888518	130.88839613196677	-1.7174987876131699e-006	9.7621991218367191e-008	-1	
-70.786012244605246	139.26098059670801	-1.7463462627601884e-006	1.0297520196720982e-007	-1	
-65.074223845438084	143.67644102992381	-1.7419734941058615e-006	1.061226047466512e-007	-1	
-66.885991854228124	140.04409052513085	-1.675105315926239e-006	1.0758776294254256e-007	-1	
-61.68544219268842	150.68394777953404	-1.9051636551148913e-006	1.0282327292827476e-007	-1	
-59.652794924086109	157.07148174849817	-2.1199857927338746e-006	9.6180722810945946e-008	-1	
-62.302426982311893	144.52943557498432	-1.6990345502246066e-006	1.0856880645801661e-007	-1	
-59.598304421122563	147.28260893916885	-1.7256620750096596e-006	1.0933146825964684e-007	-1	
-73.326059388363475	169.27343734282596	-2.7950871955608209e-006	6.9565718542296776e-008	-1	
-60.280566443959373	166.27101356177442	-2.5287771986020701e-006	7.9829253962433706e-008	-1	
-66.258588075934242	169.29870622692562	-2.7248993565168372e-006	7.2302164659440303e-008	-1	
-77.031172256944302	129.64972491009576	-1.6511174908101968e-006	9.5269512833930415e-008	-1	
-77.965864261264628	130.28583313048992	-1.6838295021247846e-006	9.6298620294778562e-008	-1	
-78.520878405433265	130.61934679830841	-1.7020995812394952e-006	9.6996468335972277e-008	-1	
-75.52706216666347	130.37190943822517	-1.6346244473152871e-006	9.6816277054987245e-008	-1	
-76.582320315866298	130.42228617955502	-1.6582532696129315e-006	9.6300160737924059e-008	-1	
-73.1823335786722	131.31411788184323	-1.6031853911758832e-006	9.9553425681896593e-008	-1	
-74.653887305932329	131.37082643528291	-1.6375557123649527e-006	9.8231562294429263e-008	-1	
-68.006660355162367	130.9310111387903	-1.4685607554718319e-006	1.056740192984404e-007	-1	
-69.648982628210319	131.7076315509895	-1.5278625338745793e-006	1.0431563622796458e-007	-1	
-70.411680688915538	132.43865771038662	-1.5635682389365145e-006	1.0392813226257817e-007	-1	
-72.18577577907584	132.39834976862301	-1.6048863074700095e-006	1.0146939082575857e-007	-1	
-66.417181467949817	130.39077566714201	-1.4152304413318561e-006	1.0516295599886917e-007	-1	
-64.140422373791125	131.66205151260888	-1.3818441563338239e-006	1.0617080464959724e-007	-1	
-61.692814898817957	131.34770197505409	-1.3042758297594815e-006	1.0517879112619085e-007	-1	
-56.737665157775545	108.24156522209037	-8.2289378343743713e-007	7.9462262189065269e-008	-1	
-54.018482408775149	109.46724771666069	-7.5931920738087872e-007	7.8734998390272259e-008	-1	
-52.526010402741896	119.16520207805256	-7.9504033185472484e-007	8.6297690762472758e-008	-1	
-52.429725593619416	114.22409797215006	-7.4685502902308273e-007	8.2469752867030227e-008	-1	
-55.025111110658585	125.562681056625	-9.7063098046107837e-007	9.4220115603357595e-008	-1	
-50.773671008400889	123.70447125449866	-7.8754106828393548e-007	8.7888916307859763e-008	-1	
-55.560961686927328	128.93793312874044	-1.0536335861075559e-006	9.8736652578354799e-008	-1	
-58.708326997899469	129.80438611661421	-1.176765737668265e-006	1.0189352543805251e-007	-1	
-52.159221139294765	111.08982144845635	-7.1754652946585809e-007	7.9397879452675734e-008	-1	
-168.7690959505243	201.590253837322	-3.8943353642233296e-006	3.9678466739786389e-008	-1	
-174.05587239297421	201.48122650950185	-3.8915888708741039e-006	3.9679202090607914e-008	-1	
-159.04311836475503	208.38712208058868	-4.0347530382267499e-006	3.7395828423162345e-008	-1	
-154.87656549239554	205.59899116213236	-3.9796503775121128e-006	3.8358944462566117e-008	-1	
-167.23816902332018	206.44935854768212	-3.9916694744085488e-006	3.8076234970571371e-008	-1	
-148.36562579547058	204.12499692442785	-3.951474783530821e-006	3.8899981523367042e-008	-1	
-142.02968946708842	202.0224019580906	-3.9090979328159935e-006	3.9701255283101729e-008	-1	
-129.13830663706588	196.93586919431257	-3.7953232044718962e-006	4.1977081516083637e-008	-1	
-122.65381558206529	199.15434801682142	-3.8485044338886417e-006	4.1002319347730078e-008	-1	
-134.07144877861026	198.04426024743785	-3.8212698033020858e-006	4.14134829724216e-008	-1	
-187.59631032674341	205.41759570203908	-3.9667463919680823e-006	3.8389449857668592e-008	-1	
-193.71684525537364	209.36780515866633	-4.0419444781018684e-006	3.7169545927525355e-008	-1	
-182.31338301501799	207.10059779654517	-4.0000912807169953e-006	3.7868161867732004e-008	-1	
-175.79556221556788	206.47475947042429	-3.9894742019795483e-006	3.8067533395371654e-008	-1	
-200	212.49040687822176	-4.1011502740104054e-006	3.6215808504983543e-008	-1	
-1.2829371898707178	92.683211681191906	1.3831564702383164e-010	-8.9701412631990621e-010	-1	
5.6623366799459749	92.485104493935253	-2.0228346108239536e-009	1.2200620240216795e-009	-1	
7.1751768850791864	90.483210977772089	8.2437688863390791e-009	-9.0871322563862402e-009	-1	
2.1944245948545089	93.809506524395374	7.3676797582499004e-010	-9.3302407473256859e-010	-1	
-4.187752823546294	94.901912019238509	2.634820990178172e-011	-2.6186499128387779e-010	-1	
-11.067205197240556	99.44999280932231	-4.520431053594301e-009	1.7446093732497992e-008	-1	
-11.169530948916982	100.1607361194975	-2.5973195506445372e-009	1.7345714779311499e-008	-1	
-11.198343849196343	101.2882765851279	3.3564511309298843e-010	-2.9922737230574052e-009	-1	
-9.5086373041214731	106.24031468577662	2.1965575747264146e-010	6.2660855325634302e-010	-1	
-8.6779927068433622	102.44624626025171	4.4175207010770863e-011	6.507915652974824e-010	-1	
-16.122705415873046	112.08322218481999	2.183607052114499e-010	8.3189515019420918e-010	-1	
-10.62582636275026	111.64063430273529	5.9109594429539565e-011	1.504348855050082e-010	-1	
-19.630474130573706	112.78472733400693	2.6431612261173899e-010	7.4912822405952494e-010	-1	
-9.5	96.599853173326494	-2.1528882502240537e-009	1.8460438717683233e-008	-1	
-8.3952773002708252	96.381651343458131	2.9925571285905314e-010	-4.7479221588774046e-009	-1	
-10.164051716617513	97.419248675034709	-5.298995492562548e-009	1.8159727054041868e-008	-1	
-6.9432829447874767	96.399607781797599	-3.8276514341591569e-011	1.015173401867464e-009	-1	
-5.6037468682084306	97.700304363377597	4.2103533531770039e-011	-2.8192901519337237e-010	-1	
-10.30729604708494	97.908766391678284	-5.5791333419963147e-009	1.8031503091102198e-008	-1	
-10.230328110418206	98.412971181267068	-4.9267382558554885e-009	1.7952867304769733e-008	-1	
-10.426148323536523	99.126461207941972	-4.2122167402734458e-009	1.7777435145054916e-008	-1	
-35.27966236625219	112.06043849060475	-1.8345290884591378e-007	1.1765661538857515e-007	-1	
-34.233752628907581	111.80145448238409	-1.5216048743357602e-007	1.1946408396356573e-007	-1	
-41.911725346596675	107.86065111552195	-4.1060602019414552e-007	8.0040786839803349e-008	-1	
-41.666260259036768	110.03917365488913	-3.9678493350248068e-007	8.636774547481988e-008	-1	
-40.220418460152395	112.04363630559453	-3.4233610457363097e-007	9.6944130537442543e-008	-1	
-36.086819589102085	113.39623189185157	-1.9590462085743986e-007	1.2295823485928248e-007	-1	
-37.635278242838595	114.39688219460841	-2.3767465302570385e-007	1.1685259635302639e-007	-1	
-23.216365650907704	113.31044653513835	7.3363306426021555e-010	3.071408712318101e-009	-1	
-27.62765328950632	113.53072640309126	-5.2748207378067225e-010	1.1133176855676716e-008	-1	
-26.234816201551858	115.69283657553294	3.6179598510234254e-010	1.7986086417212142e-010	-1	
-30.086882649994752	112.76571357966228	4.6114400887274783e-009	-2.2111313254749459e-008	-1	
-33.316202164345007	112.32307202036988	-1.1714996807424294e-007	1.2894518260981348e-007	-1	
-32.680469051083016	112.53926388050249	-9.0741060010504305e-008	1.3561124403800398e-007	-1	
-31.591903055431363	113.05872236104861	1.7631610192518244e-008	-3.4100415987523894e-008	-1	
-46.21975051661996	107.11036615891149	-5.3397448074569557e-007	7.3159889221826979e-008	-1	
-46.356774114129891	107.73743406458836	-5.3845314011809753e-007	7.4010777912276638e-008	-1	
-46.869114550884298	108.71622672560218	-5.5452054317580362e-007	7.5234244531441688e-008	-1	
-45.038679830871743	106.93718781320179	-5.0107556094486549e-007	7.3290810572544168e-008	-1	
-45.585552395078345	107.20927200928261	-5.1636512218126701e-007	7.3461429934046332e-008	-1	
-54.722000519159977	107.32285447743062	-7.6414504137111185e-007	7.6663026388226928e-008	-1	
-55.821604114177909	104.18996380243827	-7.7233537021064754e-007	7.335816163386926e-008	-1	
-56.498171718262533	104.71768399585721	-7.9196160921849646e-007	7.489585497925046e-008	-1	
-56.526169692213934	106.03652485153809	-8.0148250009843456e-007	7.664715087956821e-008	-1	
-49.711613664322002	110.77547191090194	-6.4376088287865243e-007	7.8043780259093565e-008	-1	
-47.131801050518	110.39554938489663	-5.6576930971823862e-007	7.7140151250933173e-008	-1	
-44.400995567271053	106.9810732228548	-4.8318238531078479e-007	7.3989665864098152e-008	-1	
-44.124066125210781	107.04125343911501	-4.7534731061895955e-007	7.4431064862560855e-008	-1	
-43.889688187467343	107.18979148686309	-4.6859735963115231e-007	7.5013018162436114e-008	-1	
-43.481849791217329	107.41542296593263	-4.5672337842983126e-007	7.6155147831812864e-008	-1	
-42.981797965102523	107.91805415483127	-4.4159341432384147e-007	7.8096334337215854e-008	-1	
-44.663052730333476	107.08895101295369	-4.9057259370389551e-007	7.3739950564950913e-008	-1	
-56.50730459577558	102.46910687597507	-7.7821603299117852e-007	7.150121464059124e-008	-1	
-56.302766186313974	103.22493850911616	-7.7797293391989141e-007	7.2455378829640797e-008	-1	
-56.393995145697112	103.86599181721081	-7.8404259096230275e-007	7.3565770230659815e-008	-1	
-9.5	20.599999999999998	-2.4579593469349785e-010	6.7141754168749918e-009	-1	
-2.2767093266735072	0	-1.0460826932746953e-013	-1.6038529030300479e-012	-1	
-1.7459044821180658	0.67174677408260142	1.7579970594194426e-013	3.2782686720286646e-012	-1	
-0.50972399416001335	1.5171385518523564	-8.6643289063531272e-013	-9.082236630212954e-012	-1	
0.48116767034746172	1.7540553615892851	1.4113290235355523e-012	1.3264971240454331e-011	-1	
5.909992903660215	3.2032194341758213	-1.2210219441534291e-010	-9.8649237579470023e-010	-1	
2.84697915137443	1.4259025290681733	1.739696996515633e-011	1.9423727150513498e-010	-1	
1.3917908134159065	1.5045292213093944	-2.0073172621475282e-012	-3.3832060280144096e-011	-1	
11.94242510893206	5.8825217234738441	3.932973823510044e-010	2.5569883457560996e-009	-1	
3.9163210858241571	19.05283995171575	-1.4228929684093148e-012	-5.3300755253773767e-011	-1	
6.0364347959169562	17.674248391480223	1.2053092642975364e-011	-8.5960380835540119e-011	-1	
10.98542008272775	13.040030049379054	9.3932086916671166e-010	7.8503328361019829e-009	-1	
9.1925289610754319	16.933612985225267	-1.6480681068013828e-010	4.2475177314234139e-009	-1	
3.1465862069411612	21.461761920129636	2.5142312275348496e-011	-2.35041236931911e-010	-1	
15.04835961557931	74.579941269330604	-7.8389860999377617e-007	3.1429886663080302e-008	-1	
17.609961766583837	64.048514752129833	-1.4646573293167889e-006	7.604076200698193e-008	-1	
20.415841317596247	74.57852853332929	-1.5521698374554849e-006	-2.7672731738402129e-008	-1	
23.786555192246304	70.401430283042231	-2.3616257663073375e-006	-1.2611728589968326e-008	-1	
22.37948626722158	65.590406395830058	-2.32705132478321e-006	4.2455827085908782e-008	-1	
26.318093114649077	40.361329043593287	-2.8211916673794116e-006	1.9130948542742624e-007	-1	
27.386317398773627	45.761456070390651	-3.3032399016327961e-006	1.79040240999549e-007	-1	
23.293345436970551	54.351094313871727	-2.6787088995778942e-006	1.2169037361446862e-007	-1	
27.712103926868743	52.994154195606967	-3.6209766248217855e-006	1.3912740345530126e-007	-1	
18.763545022936597	29.142585240681864	-9.6183837769270802e-007	1.4866916828236475e-007	-1	
14.403391188238219	27.838953993404438	-4.4714566869725432e-007	1.3259553213910483e-007	-1	
27.279929892436904	28.892754647036785	-2.0137728739187727e-006	2.0984391797559267e-007	-1	
32.382520838948231	32.282310976631464	-3.1964366386545436e-006	2.630217732653461e-007	-1	
21.790726264580016	58.722461228163887	-2.3651335516415591e-006	9.6401374005149018e-008	-1	
11.532512549886814	25.93075126146033	-1.6052275765168545e-007	1.3706935713534387e-007	-1	
9.5	25.64680370489528	-2.0832505392669125e-008	1.4810842844317734e-007	-1	
8.1037583372509996	24.226541968845744	7.7366282122342931e-009	-4.9936213767325158e-008	-1	
5.0231418380659143	22.582356755831427	-1.58005817350546e-010	8.2373185977105825e-010	-1	
6.3631643247277019	22.030119800557639	3.2499422356686175e-010	-1.7593884073140668e-009	-1	
7.2910185146836852	23.029359081119349	-1.6633716052668837e-009	1.0005242239850872e-008	-1	
14.124430492192733	81.91991190399591	-4.26735147604476e-007	-5.6151701758826681e-009	-1	
9.5	89.259882538661202	-3.8731591649362487e-008	5.8406689586942777e-008	-1	
12.273223389280592	86.813225660439429	-1.7308593975928381e-007	2.7253322236103821e-009	-1	
-84.44273412536711	175.88485949359017	-3.1080550194734748e-006	5.9485364267398352e-008	-1	
-78.071290409685375	176.60130075542685	-3.0954794797083254e-006	5.9961267063820047e-008	-1	
-103.67241733265161	188.89114843837598	-3.5703474017451394e-006	4.7104195334933545e-008	-1	
-92.948682173422242	186.66474327745419	-3.4847595175605445e-006	4.9222793852501961e-008	-1	
-98.121737154405579	189.84644638017116	-3.5888565345910534e-006	4.6696200032087343e-008	-1	
-87.915507129828626	190.06340204977329	-3.5827780547889617e-006	4.6557334187150717e-008	-1	
-82.049349828618645	183.28948356779821	-3.3466140586479182e-006	5.2682530191390216e-008	-1	
-111.37118140017873	200.01501611119951	-3.8751536835823127e-006	4.0398333537100825e-008	-1	
-103.84792181923132	194.52069928848491	-3.7277112382189269e-006	4.3514405174355467e-008	-1	
-119.55416712821112	204.33372077954749	-3.9778039041212943e-006	3.8414491966256597e-008	-1	
-75.329538521401162	132.51265170188859	-1.6782705195891711e-006	9.834920032009792e-008	-1	
-76.64265675586168	132.18726073430651	-1.6987537617766545e-006	9.7530569038185436e-008	-1	
-73.771509356415692	132.66376899793462	-1.6474500324769328e-006	9.9763504835738339e-008	-1	
-70.946795498023036	137.24356685186359	-1.6955765022665263e-006	1.0401806718075742e-007	-1	
-71.226053630355963	136.07152383260564	-1.6717975129639812e-006	1.0399197735487195e-007	-1	
-71.128998875738802	135.27696062768834	-1.6493865879953495e-006	1.0426189882035681e-007	-1	
-71.940310691515151	134.57687230798862	-1.6511321994506996e-006	1.0280714533786754e-007	-1	
-78.314423723004495	131.87541091715394	-1.7256921483070081e-006	9.7773792437278349e-008	-1	
-78.073412662483747	132.02449224735869	-1.7242972588526638e-006	9.758958872694729e-008	-1	
-78.427993660480325	131.61576992730318	-1.7220071554194854e-006	9.8047967295148318e-008	-1	
-77.801632085343783	132.08045551405326	-1.7201271450722857e-006	9.7457748634744306e-008	-1	
-77.351520899240214	132.20145816669887	-1.7137540096024888e-006	9.7396206021974497e-008	-1	
-78.467690145822203	131.17328572725916	-1.7130922415224112e-006	9.7551479935623357e-008	-1	
-68.198996829865578	138.15220814564964	-1.6537989961493803e-006	1.0764577188112917e-007	-1	
-69.771702589241627	137.50969952403494	-1.674637778269411e-006	1.0576982950062032e-007	-1	
-64.369821215636591	140.7626333235516	-1.6324009207099946e-006	1.0998654119406967e-007	-1	
-62.838584665939273	141.67934917583315	-1.6197828031177731e-006	1.1076708558659459e-007	-1	
-66.891059969810641	137.74122810673833	-1.6094631431616772e-006	1.1007044332293742e-007	-1	
-65.025516827435069	139.10277893547368	-1.5997333753818581e-006	1.1104634980212707e-007	-1	
-57.694864887430207	150.66065067173537	-1.8074587406246335e-006	1.0843582621648361e-007	-1	
-54.396431116592865	159.1715463906493	-2.1108536434119761e-006	9.8333928342462993e-008	-1	
-52.470666982673393	153.8488530424986	-1.8127235050358732e-006	1.1262720332360838e-007	-1	
-59.489150910238529	143.82520884541591	-1.5976369040277418e-006	1.1248630558716356e-007	-1	
-60.579875998090039	141.23053277949398	-1.541953321815821e-006	1.136078185434965e-007	-1	
-57.341073565136469	146.79942292584241	-1.6446569636183018e-006	1.1314045324785208e-007	-1	
-57.543476379351105	144.49994625462176	-1.5649833627520139e-006	1.1452082135772945e-007	-1	
-69.456427040134614	175.18746598310616	-2.9860249235589373e-006	6.3280086632512049e-008	-1	
-58.695142286595896	171.71135968812638	-2.7533774270848258e-006	7.0773855364544676e-008	-1	
-55.137954844765105	167.72354011464486	-2.5286432922273468e-006	7.9724598511699517e-008	-1	
-63.595013352631042	174.55779592832138	-2.919923310572866e-006	6.5006967228325772e-008	-1	
-77.441863534065263	130.66622149091057	-1.6814968616305305e-006	9.6255544332517896e-008	-1	
-78.057093220647801	130.92688643858438	-1.6995750976187122e-006	9.694123175656898e-008	-1	
-75.979894735633579	131.32639895729071	-1.665377852167374e-006	9.7317717871458827e-008	-1	
-77.056370621770284	131.17964691761205	-1.6847716512090565e-006	9.6830258979649769e-008	-1	
-68.417351632283328	131.94750771960514	-1.5023098559600048e-006	1.0638687348300486e-007	-1	
-66.720234987593813	132.04197403861434	-1.4608902342113593e-006	1.0671342970280861e-007	-1	
-68.828042909404274	132.96400430041996	-1.5365498662125706e-006	1.0702083250855925e-007	-1	
-69.687586127603339	133.20793961177549	-1.5638482087252594e-006	1.0584109054845705e-007	-1	
-70.748984333099528	133.43982394490843	-1.5953921659845209e-006	1.041967605492015e-007	-1	
-65.211696919870505	134.03947555871935	-1.468619968041716e-006	1.0912132913450296e-007	-1	
-61.930792693077805	133.80391136204548	-1.3702993223630168e-006	1.0848730456375731e-007	-1	
-59.833553629335164	132.9702757068477	-1.2861659563232676e-006	1.0662275659711949e-007	-1	
-50.391358605026717	116.4830400869093	-6.995485153884735e-007	8.296727742070086e-008	-1	
-49.130905899917053	119.63848493123933	-6.8013614039593261e-007	8.3717140495779038e-008	-1	
-48.981667071273741	113.78664819445699	-6.3597335059557113e-007	8.0488340056892677e-008	-1	
-52.416436116884711	127.77045757775797	-9.150382834332098e-007	9.4328191866225973e-008	-1	
-47.905299231072775	127.38022257572638	-7.1938301807212757e-007	9.8286134375475445e-008	-1	
-46.093230343359508	123.23063877665385	-5.8814042351832246e-007	9.2793409679865043e-008	-1	
-56.276629254158358	132.12297145097767	-1.1489832498381561e-006	1.0364069841352711e-007	-1	
-54.059201225368533	131.83644390101728	-1.0626781893488943e-006	1.0180958239972639e-007	-1	
-156.1811437546601	212.50330212861758	-4.1213318483942779e-006	3.5928185702956188e-008	-1	
-161.59672700709726	212.70139139976365	-4.1204872923048233e-006	3.5941838465104203e-008	-1	
-152.01459088230061	209.71517121016126	-4.0673284687089822e-006	3.6858888090271646e-008	-1	
-171.50284266135219	211.18629549952666	-4.0837376769314688e-006	3.6535269529883025e-008	-1	
-166.54091950828226	211.88587949892442	-4.100651102850999e-006	3.6264164053226874e-008	-1	
-146.4469481711389	210.55340452158805	-4.090509747142675e-006	3.6453960576037908e-008	-1	
-137.96388279723442	206.04477046469535	-4.0005352196411218e-006	3.8061889009122917e-008	-1	
-126.95709106277521	203.38702363513548	-3.9479143281819751e-006	3.905541723963849e-008	-1	
-132.33247554554498	207.04351199541031	-4.0282382903486849e-006	3.7544975986542548e-008	-1	
-186.87319295688135	210.91476936679533	-4.0726267933700372e-006	3.6684321779765739e-008	-1	
-191.2111323452755	214.19410273307534	-4.1344618289786136e-006	3.5682743792652708e-008	-1	
-181.68967486955557	213.01251454346442	-4.1146550177084079e-006	3.601097071376494e-008	-1	
-176.60783509725593	215.34581673489731	-4.1621754073927768e-006	3.5242006897965569e-008	-1	
-200	218.73561031733266	-4.2196649221229757e-006	3.4310689741035382e-008	-1	
-2.1568040164372992	97.687022139815696	-1.9142628062160842e-010	4.482302255822702e-010	-1	
8.1318404131065432	92.929867855993848	1.0365272554458501e-008	-7.2061345095833878e-009	-1	
5.7126370701558109	94.993835848040035	-2.8487230208384161e-009	1.4804142137018142e-009	-1	
9.5	91.706539416882976	-4.5138994832583422e-008	4.2633708484766276e-008	-1	
3.822967295285745	97.145417740402564	4.565218105177814e-010	-6.8069317796478153e-011	-1	
1.0207236916869618	99.48794713104293	-1.2572587375661195e-010	7.5778926511107168e-011	-1	
-10.401283159553909	99.71864584231875	-3.0450270852445939e-009	1.7790651110427611e-008	-1	
-10.53379783565501	100.37692797963007	8.9962376270012394e-010	-4.1022869969533149e-009	-1	
-9.6162473710924239	100.89854551761597	-2.5386359045191039e-010	1.2558019203860163e-009	-1	
-6.0891472114168561	104.39857280091667	-4.3633641103595173e-011	-1.3341240118831091e-010	-1	
-4.8455244666748714	110.80284615971064	-2.584295709051574e-011	-6.0985129647273767e-011	-1	
-7.1096054635656678	101.32085207346326	-8.3029246938012957e-012	-4.5732258914060676e-011	-1	
-8.5703376337477728	100.63956150939528	6.2482306951691496e-011	-4.3604787256831782e-010	-1	
-13.137586453396052	114.80145344600714	-3.42867467845525e-011	-1.4046332575509777e-010	-1	
-17.129147141025825	115.40739047772189	8.1039428713840675e-012	-1.7951792369501226e-010	-1	
-6.8684978065764817	117.2048141315607	8.4811525321681855e-012	-1.7203231665877563e-010	-1	
-23.329425979031193	117.14173341277515	-1.0344706278142936e-010	-1.9211528056030045e-010	-1	
-9.5	97.823181612437381	-3.4391215693243628e-009	1.8300486386124652e-008	-1	
-8.8355799056311994	97.418067233710531	1.1375139687666183e-009	-6.043639704437199e-009	-1	
-7.971530271873859	97.424945519507986	-2.1180829075318289e-010	1.5492263175338691e-009	-1	
-9.8472551287848198	98.129013722215106	-4.2553091190677746e-009	1.8115282627930228e-008	-1	
-7.1467034564188525	97.837394322797678	3.1048538406528434e-011	-4.065212993013583e-010	-1	
-6.7953546096032165	98.690041540977674	-3.1491957883916612e-011	1.1201592554150464e-010	-1	
-4.6124347993696473	100.10600310269115	5.1190253239691277e-011	-3.1649929706231924e-011	-1	
-10.061918419392601	98.859082068578076	-4.0422465819621909e-009	1.7916017080632e-008	-1	
-9.7866785222976969	98.58776188688168	-3.8752063267355895e-009	1.8021425941090026e-008	-1	
-10.017159264872372	99.49760070372939	-3.1089423744702112e-009	1.7898518253101474e-008	-1	
-9.8787002316473824	99.199380081543111	-3.3794786578822338e-009	1.7925607298320794e-008	-1	
-34.446704747895943	112.74394525809765	-1.5330655176843882e-007	1.2786656796472993e-007	-1	
-35.027729333658229	113.10806897998272	-1.6763552172997859e-007	1.2791596705855981e-007	-1	
-33.873300721235388	112.69795428134796	-1.3506244160023736e-007	1.307569633620626e-007	-1	
-43.103051705011893	108.99769947860285	-4.4330410431872851e-007	8.0196303053221184e-008	-1	
-43.440355349196572	109.99886571312413	-4.5212795476416676e-007	8.1599504815931516e-008	-1	
-42.649450476133566	111.58742090601599	-4.2415696591364717e-007	8.7456002231534755e-008	-1	
-41.920497898420791	114.40081862237209	-3.918911115482874e-007	9.536232081251339e-008	-1	
-35.792507246993033	114.45362977261129	-1.7241062842986429e-007	1.3235841202856919e-007	-1	
-35.063557478498197	113.7932768338359	-1.614935984174306e-007	1.3423728762068472e-007	-1	
-39.91276582159341	117.09046328515115	-3.0511078925043579e-007	1.0565962812143104e-007	-1	
-35.341865731197764	116.08772442957176	-1.2692880089880887e-007	1.4134549022249412e-007	-1	
-36.774058017906547	118.27945017633739	-1.5679734584678602e-007	1.219607754652672e-007	-1	
-28.609661262616346	114.70550355810931	-2.6258089887779556e-010	1.4492265366282233e-010	-1	
-26.543422739264983	117.60088394941415	-1.8370382296183887e-012	3.1148682647273909e-010	-1	
-28.104894141065238	116.46172204807868	-1.1195988733680347e-010	2.9737986890312113e-010	-1	
-30.08586874614058	114.29899096446552	-3.8362226839784341e-009	9.8721599772626996e-009	-1	
-33.448716840446089	112.98135415768124	-1.1919347764836723e-007	1.37639693337026e-007	-1	
-32.782794802759447	113.25000719067766	2.1521831988201021e-008	-2.5089954069905209e-008	-1	
-32.029920975816125	114.13447203644739	-3.5685331823542912e-009	5.4976258471302339e-009	-1	
-45.891269890320245	108.20207926018533	-5.2571428589584528e-007	7.4693948108612246e-008	-1	
-45.422042091297499	107.74119466204796	-5.1205862188943687e-007	7.4223716322868438e-008	-1	
-45.771173134700852	109.05167274811258	-5.2301374993943536e-007	7.5728678631901202e-008	-1	
-44.998983345529865	107.37967201324579	-4.9999849469290082e-007	7.3923692964977165e-008	-1	
-47.434854570161939	112.04674775636897	-5.796846281906061e-007	7.8741661577762158e-008	-1	
-45.434684405828435	110.49001570390587	-5.1448484188707852e-007	7.7341631870082954e-008	-1	
-45.845375682949388	111.50651228472069	-5.2845330969620236e-007	7.8282183639261537e-008	-1	
-44.287425629795209	107.24071421270554	-4.7994621249131297e-007	7.4247706896057861e-008	-1	
-44.14511222775247	107.29821255941864	-4.7587608804319174e-007	7.4495579372165924e-008	-1	
-43.945651454161933	107.46157206400306	-4.7002840843999653e-007	7.5207318938271732e-008	-1	
-43.67890470630973	107.78870141145923	-4.6204204446645573e-007	7.6344641148316112e-008	-1	
-43.979346186759585	108.35548107662234	-4.7027613785500275e-007	7.6712859450830187e-008	-1	
-44.565430852640525	107.47662723046747	-4.8775268365477309e-007	7.4279144391500288e-008	-1	
-1.215099637562624	0	-2.129397923401146e-014	-1.2908017959157302e-012	-1	
-0.9008266526172044	0.53448434812406986	1.5373011238911065e-013	1.3934159580088899e-012	-1	
0.14702019608382605	0.9609753517422277	7.6755981271083509e-014	-3.2613288776836792e-012	-1	
-0.2854602141443649	0.68627382546853155	-2.739240996684468e-014	3.1346021421508638e-012	-1	
0.6569839292284857	0.91160709630004111	-6.18806724466443e-014	1.1666696861746089e-011	-1	
4.3999287048952738	0	4.7327130198575314e-011	1.4468874760763509e-010	-1	
8.6463674613388068	0	1.1179979093975067e-011	8.8117996684270663e-010	-1	
2.2767093266735072	0	-2.0908234475482361e-011	-1.2678740871741148e-010	-1	
1.5673554998484731	0.57680359147443783	-4.357139930844089e-013	-2.6692582734210147e-011	-1	
17.139244974225871	0	-5.5932969892801299e-010	-6.3485824088336325e-009	-1	
19.966408791179077	5.7525086992625534	6.1501304604417309e-010	7.0501119942560086e-009	-1	
17.572439292280155	11.698357807785436	-2.9213770408783009e-009	-2.0961137463717473e-008	-1	
5.3116121049577263	21.162000876254528	-3.9093666013314339e-011	1.9672386552505206e-010	-1	
8.6959032915097527	18.9190137157658	3.3036492408082652e-010	-2.2835769521072128e-009	-1	
7.5171440444679405	20.209936367720591	8.641058635449804e-011	-2.3643283493072419e-010	-1	
13.488158900250792	16.520079627140252	-1.4796404226769404e-009	-2.0503763476378063e-008	-1	
11.770384779812987	18.673351387412421	3.128115927858039e-009	-2.3546653084170949e-008	-1	
9.9123175535487	18.849430695407474	-1.8478259757539722e-009	1.0057388870627715e-008	-1	
25.656124777737929	75.74011842424396	-2.2639556472539142e-006	-9.5676981557619234e-008	-1	
21.155723148377017	83.82933880766609	-9.1369997949851951e-007	-1.4732204884699868e-007	-1	
31.006520855130706	73.904323414167038	-3.5388607593179035e-006	-1.0130140831917443e-007	-1	
29.140119251669176	65.862092060141677	-3.7747461383407003e-006	1.9844669891847767e-008	-1	
25.566520993821591	61.721478449416239	-3.1152778168875453e-006	6.85865402681403e-008	-1	
31.863559401404302	42.55883541276971	-4.0826190268379594e-006	2.2687454770083201e-007	-1	
34.760574818560336	51.339730694392074	-5.25891749911548e-006	1.8466740119097847e-007	-1	
26.633995180622708	57.35650908740827	-3.4098291663411562e-006	1.0465543858254062e-007	-1	
32.365821350470235	56.978963573238531	-4.7878868805366667e-006	1.2125400901108413e-007	-1	
17.141530479158725	24.890589860758912	-5.3693907786979005e-007	1.3611841607398997e-007	-1	
21.522222232828547	22.612624944756579	-7.0321839652927788e-007	1.4135880084153015e-007	-1	
13.125802200805392	24.63724379391234	-2.3855724366191389e-007	1.3520079465777605e-007	-1	
27.142543453935328	20.637872811503531	-9.6160480016490787e-007	1.6997828127542007e-007	-1	
33.914816204593805	26.351240466905939	-2.6316949183184638e-006	2.8141669077638166e-007	-1	
36.824054490779382	39.881599806569618	-4.9147933599622253e-006	2.8607415793332291e-007	-1	
38.131230284006982	34.398407901445403	-4.5710832231222658e-006	3.3239151995178433e-007	-1	
10.826750116910144	24.003672418100379	-8.9959055199891682e-008	1.424821335335294e-007	-1	
9.5	23.20014682667351	-2.0697358706237839e-008	1.4935474830910259e-007	-1	
8.6692132834024758	22.588482607118067	4.2600347449973979e-009	-2.8186759727455002e-008	-1	
7.6673999680121714	21.632172662833668	-7.8930402184443293e-010	5.3909477187350254e-009	-1	
16.193020405565903	89.163808697342631	-2.7920568666362474e-007	-9.7712690624130308e-008	-1	
11.817037443458549	90.483210977772089	-1.1369767350607841e-007	-3.6311909358646489e-009	-1	
-73.045565979147526	180.27112808175227	-3.2030101143734155e-006	5.6450958143385638e-008	-1	
-93.067777450236335	192.26733385383477	-3.655878407231396e-006	4.4960292879450924e-008	-1	
-98.557989270921752	197.2253023319702	-3.8045152991369524e-006	4.1628361062300398e-008	-1	
-80.004673946607141	188.57868555273384	-3.5225687881377989e-006	4.7640133719976372e-008	-1	
-85.332720388213062	194.76610270235568	-3.7340080542420214e-006	4.2484017864267501e-008	-1	
-74.843912173175667	186.22860150789313	-3.4301824248284893e-006	4.9705691952872321e-008	-1	
-112.65074949402336	205.42859609716552	-4.0140929972148179e-006	3.7543328333520572e-008	-1	
-106.3484405534426	202.40587728612485	-3.9434062408379832e-006	3.8818364540718663e-008	-1	
-101.42376182279918	202.42968622148112	-3.9499680277619405e-006	3.8482793476874128e-008	-1	
-122.0653104040408	209.02351192581895	-4.0887520602366194e-006	3.6281084538239873e-008	-1	
-117.03304550087452	210.74870510101755	-4.1407667291239473e-006	3.5136988067672706e-008	-1	
-77.233969345821578	131.79605827801407	-1.7021895608016337e-006	9.723483853733702e-008	-1	
-70.073471606869333	136.41352147683548	-1.6530162204898248e-006	1.0600279279437873e-007	-1	
-70.083350503290035	135.69784312275155	-1.6348089100564449e-006	1.063490804107692e-007	-1	
-70.37018624689442	135.02210045757829	-1.6247191485788834e-006	1.0579322448140365e-007	-1	
-70.870238073009105	134.51946926867959	-1.6244020675990558e-006	1.0459900729893228e-007	-1	
-78.052366559942058	131.76753312705506	-1.7179884788118517e-006	9.7761909280197069e-008	-1	
-77.910053157899313	131.82503147376815	-1.7164946146786999e-006	9.756059893663509e-008	-1	
-78.088467828948126	131.40471284888011	-1.7106883204532316e-006	9.7422441766942563e-008	-1	
-77.653094037595721	131.84607757630985	-1.7118361003169165e-006	9.7352931480241211e-008	-1	
-68.714484928252716	136.88286510833689	-1.6320522638291048e-006	1.081043181995159e-007	-1	
-67.901700346988235	136.81483215991418	-1.6098634092872225e-006	1.095692938829193e-007	-1	
-69.396979607478357	136.43626879124383	-1.6370904913464457e-006	1.0728166212447301e-007	-1	
-63.355183205892267	139.29444974029801	-1.5601894154915846e-006	1.128671835562165e-007	-1	
-61.235236313736102	140.02632919249129	-1.5227013406349779e-006	1.1428877681699321e-007	-1	
-66.559593604010416	136.41091480882048	-1.564311339790712e-006	1.1221954546019505e-007	-1	
-65.057085201857348	137.01796760782798	-1.5409651541620503e-006	1.1357946961388613e-007	-1	
-63.554576799704279	137.62502040683552	-1.5168069732858961e-006	1.1473051113550808e-007	-1	
-54.139122669895876	147.96046330295343	-1.5975091287057263e-006	1.1798609094102026e-007	-1	
-51.357349992936676	163.94685977322163	-2.2923787615643918e-006	9.0028979289951761e-008	-1	
-46.53415565367164	155.00560644837697	-1.7165916568934087e-006	1.2188937242360887e-007	-1	
-48.421624689386995	149.25950291288504	-1.4727486049876146e-006	1.3155834205755609e-007	-1	
-59.002242159051924	141.86084397592631	-1.5165646307017579e-006	1.1447697399361226e-007	-1	
-57.972079772292844	142.48569227781431	-1.5066368019106632e-006	1.1500630866296178e-007	-1	
-59.327305126466058	140.67553193488885	-1.4871153689516085e-006	1.1521865100682993e-007	-1	
-59.86471376778232	140.06198551459858	-1.4835215191464191e-006	1.154751363096353e-007	-1	
-55.730297455300118	145.14595378955033	-1.5331781565944989e-006	1.1700773230788116e-007	-1	
-55.921785394253071	143.23067941885492	-1.4686437928739585e-006	1.1722858954625094e-007	-1	
-65.515998218452495	184.27183642378543	-3.3340155419000459e-006	5.1107168087074474e-008	-1	
-52.966569559523876	173.24088306010518	-2.7781387380242309e-006	6.8237164604759068e-008	-1	
-58.414450669138027	177.37105472842254	-3.0100843332033781e-006	6.0693244156306654e-008	-1	
-47.191469318868663	171.89767628333294	-2.6593309721568673e-006	7.1185434567935867e-008	-1	
-77.64720917262575	131.17446978131801	-1.6968216248641897e-006	9.6776703329030744e-008	-1	
-77.545446714480022	131.51119114008767	-1.702186106894337e-006	9.7086490848493924e-008	-1	
-68.080862903411116	133.38585067539853	-1.5278273918523681e-006	1.076820436382698e-007	-1	
-66.982921487227571	133.72129669790871	-1.5077613919280747e-006	1.0840571998582584e-007	-1	
-69.238734186525235	133.98050088123478	-1.571203065936831e-006	1.0750233191353137e-007	-1	
-68.597559649452847	134.07087388527421	-1.5574323454609132e-006	1.0801798269344746e-007	-1	
-69.872689851352163	134.08204234688873	-1.5894386781813299e-006	1.0631802717435755e-007	-1	
-65.44834506817898	135.82342396306802	-1.5199996695362327e-006	1.1159327540961968e-007	-1	
-63.741959979144887	135.92586425465828	-1.476217491368955e-006	1.1186432431319005e-007	-1	
-66.558224481184965	135.23335067031877	-1.5341480912111593e-006	1.1044792188934709e-007	-1	
-60.790180978402724	135.01434620737382	-1.367299808541398e-006	1.0994045098712069e-007	-1	
-62.214980869644741	136.5792037965264	-1.4505419491415478e-006	1.127683490586757e-007	-1	
-59.13003551895121	135.1146689460804	-1.3186405322104358e-006	1.0943817227199322e-007	-1	
-57.114370880336232	134.19595820142203	-1.2289537429426171e-006	1.0708960235581915e-007	-1	
-47.48814079143321	115.57249860798002	-5.9455061215168209e-007	8.1073524513780747e-008	-1	
-46.029435125921182	118.52670720760807	-5.5349698743174799e-007	8.8298148266622224e-008	-1	
-46.666758237191303	113.53950544635035	-5.5951485428027758e-007	7.9820538677780229e-008	-1	
-50.957730451372662	130.72466617738601	-9.1549832216189406e-007	1.0380933976490071e-007	-1	
-47.224501141513628	133.72067367505065	-8.1669652766257993e-007	1.1865921339221826e-007	-1	
-42.326161600335794	128.5728250251756	-4.6102574630197425e-007	1.0030024661455165e-007	-1	
-41.915010986505429	123.54154250197034	-3.9757761399353795e-007	9.5207222562368002e-008	-1	
-42.573751254616695	119.40388140183487	-4.1363435607124061e-007	9.644217838274696e-008	-1	
-54.880583779610447	133.86943706264694	-1.1431499818015789e-006	1.0544328514292155e-007	-1	
-52.009593861784055	133.8469656560637	-1.0319522296865791e-006	1.1015967469600854e-007	-1	
-158.72170880701589	217.29008711837525	-4.2161265385572601e-006	3.4324722963668877e-008	-1	
-151.2112087239345	214.66374817371738	-4.1715051008588042e-006	3.5057604316639049e-008	-1	
-164.79691376159087	216.58359629591124	-4.1954500928949942e-006	3.4686882208010699e-008	-1	
-169.77373537434858	217.32113053518219	-4.2054647483935284e-006	3.4528443541648971e-008	-1	
-142.32181036111504	216.65390419794662	-4.226990276777463e-006	3.4024687533282049e-008	-1	
-136.90471281654567	211.66512554525414	-4.1263368809196793e-006	3.577750851168273e-008	-1	
-127.06188455414605	210.8494988671444	-4.124031416431107e-006	3.5691960707099908e-008	-1	
-186.25830504622144	216.23695447882218	-4.1747469067624234e-006	3.503472086476572e-008	-1	
-194.97880181366884	221.85821203688809	-4.2790597938431692e-006	3.3355201502091509e-008	-1	
-189.13150016329843	220.97949926529452	-4.263937645884017e-006	3.3595749184703126e-008	-1	
-183.58737385667646	220.8812916855797	-4.2645666468918123e-006	3.3579697733081406e-008	-1	
-178.61785665926249	224.02425308853583	-4.3277723204385893e-006	3.2544953637676287e-008	-1	
-172.74270130845684	223.78580569441041	-4.3283775679302941e-006	3.2516936300775317e-008	-1	
-200	224.98081375644352	-4.3370450065263795e-006	3.2425241498684766e-008	-1	
8.166410165588438	94.764860514660157	1.0523819244193951e-008	-4.1615432161876387e-009	-1	
9.5	94.153196295104735	-5.1302621652964035e-008	2.4697106859189981e-008	-1	
7.8617055488200354	96.200043450891741	9.038725337876568e-009	-2.9640555956882318e-009	-1	
6.5065277623479689	98.144747374317475	-4.9428641230886942e-010	2.8693794672295304e-011	-1	
10.879452724845617	92.929867855993862	-6.9969344688911484e-008	4.5087076861817331e-009	-1	
4.6513018893740377	99.886588712420959	-4.2220271237765841e-013	-4.0444203714585115e-012	-1	
-0.45642819512684429	105.7554405350478	1.6317075210404588e-011	2.2222847322857211e-011	-1	
4.8419264881427635	103.41107469016004	2.3282507353958277e-011	-4.0001964292051322e-011	-1	
-9.9766992787646327	100.00204571865204	5.7986745370324697e-010	-2.8038442069675427e-009	-1	
-9.4032952521040531	99.956054741902349	-2.1247957119403896e-010	4.8327634057606568e-010	-1	
1.1131873595301922	111.55236488884607	-2.0382241482989864e-011	-3.9759978857353357e-011	-1	
-1.1051842836723118	118.91936607748218	-9.6398787444324812e-012	9.4967133154361507e-011	-1	
-7.9242629517417233	99.930086642971233	-3.4627747522491418e-012	5.071267196370936e-011	-1	
-8.8222706663417974	99.591931020017284	-4.3848737081399649e-011	1.9230725082902709e-010	-1	
-14.161702457268035	121.50518141027135	-1.5214565878376201e-011	3.3838849179930535e-010	-1	
-21.698402588344472	123.89058756529451	-7.0273378534388123e-011	8.4612794133096491e-011	-1	
-5.822912903313564	122.64743633030349	-1.2356244784903712e-011	6.0026372057511395e-010	-1	
-26.518950258854112	120.87549330220847	-3.0024361614642351e-011	-1.4000173872270084e-009	-1	
-9.5	98.434845831992817	-3.4887746341401989e-009	1.8114895043329977e-008	-1	
-9.1520081157126025	98.129013722215106	1.3683550058593486e-009	-4.2531603158454932e-009	-1	
-8.6863674564849429	97.910369952256289	-4.5202147027597727e-010	1.1964584449336386e-009	-1	
-7.9871958269862651	98.216901721733095	1.118179532377691e-010	-3.6903681147750728e-010	-1	
-8.0448944842560781	98.978133327844986	5.3766123952065178e-011	-1.2695443877073893e-010	-1	
-9.6769761266152408	98.893593996659419	-3.4521602847136323e-009	1.7984338218361404e-008	-1	
-9.5	98.740677941770542	-3.3452317292210507e-009	1.8029960148132295e-008	-1	
-9.7232871736685276	99.563999957861085	1.7081965122538299e-009	-3.6432435018664683e-009	-1	
-9.6330353701908376	99.276555565140001	-3.0603822755173229e-009	1.7960615118658378e-008	-1	
-9.6327078429296584	99.123255025774142	-3.1776743285095805e-009	1.7965588637099062e-008	-1	
-34.12671282633147	113.13600004213892	-1.4273303748524227e-007	1.3343111814635483e-007	-1	
-34.406244761788216	113.24839027302033	-1.5063881147091565e-007	1.3279373876560001e-007	-1	
-34.596132356407018	113.57674497422587	-1.534009833085403e-007	1.3539001656980674e-007	-1	
-33.832840735127625	113.20239929627061	-1.3334637056081496e-007	1.363818870110056e-007	-1	
-44.164449910508544	109.22958381173544	-4.7512282797321308e-007	7.8050111225017022e-008	-1	
-44.203053409901408	110.72989187252124	-4.7546797616514879e-007	8.1133922790486403e-008	-1	
-44.27658373363974	112.69921993054361	-4.773242308297992e-007	8.4826905532317917e-008	-1	
-44.617150873606839	115.55002720139676	-4.9142782989730595e-007	8.8312627060184234e-008	-1	
-34.875831925405727	115.0172252657844	-1.3324983803564241e-007	1.4677923837669819e-007	-1	
-34.817425122091215	114.32460024717261	-1.4652732321263048e-007	1.4233206001509012e-007	-1	
-34.55590047568753	113.88077916800718	-1.488735517631819e-007	1.3990064424387196e-007	-1	
-39.181605697776753	120.36621989663466	-2.5943266971163482e-007	1.0392778708923742e-007	-1	
-34.350000000000001	117.29011746133881	-5.3495002108964017e-008	1.518746589088239e-007	-1	
-34.350000000000001	115.47180370489528	-1.0478493717668381e-007	1.591003165043223e-007	-1	
-36.014690864064448	120.0175880960041	-1.0069996861526764e-007	1.1621468925349354e-007	-1	
-34.350000000000001	119.10843121778235	-1.030978999767258e-008	1.3394665930732156e-007	-1	
-29.768657803176897	115.70608740875485	1.9778626953256595e-010	-3.2646236534631862e-010	-1	
-28.338914291066768	118.31649058961723	-4.2091662146115927e-011	5.0095685223651225e-010	-1	
-29.798368292658974	117.14819020421788	4.4132398846274172e-010	-3.0457784635205667e-009	-1	
-31.148324227567137	115.28529798008793	2.6067200269066231e-009	-4.9146451364657079e-009	-1	
-33.42385167646345	113.57353879205803	3.683130746684738e-008	-3.4501284452829124e-008	-1	
-33.191253260722036	114.15458140575605	-9.7678033585360253e-009	9.5116188553274612e-009	-1	
-32.592934275366133	115.16399262621803	-5.2842006794347934e-009	8.1460646528931061e-009	-1	
-45.254476388658986	108.36664953823686	-5.0755529348392194e-007	7.5029767984890239e-008	-1	
-44.874787963708393	107.84214141932186	-4.9652599212877143e-007	7.4533227413241831e-008	-1	
-45.023993128707474	109.47351912309102	-5.0130534203967341e-007	7.6319985041979889e-008	-1	
-44.20261057446556	107.44052596146138	-4.7747662369456161e-007	7.4479893097504039e-008	-1	
-44.100848116319838	107.77724732023106	-4.7431973904398068e-007	7.5312413721569589e-008	-1	
-44.40795621302604	107.9487742518688	-4.8318456850076166e-007	7.4811206048694521e-008	-1	
-44.61330185158652	108.45702254227621	-4.8901217544633439e-007	7.5284143316822209e-008	-1	
-0.68429479300718243	0	-1.1133418277775231e-013	-1.9948325976446577e-014	-1	
-0.41889237072946162	0.2177843125112966	1.4564741180622307e-013	-1.164285927123417e-012	-1	
0.13978688538415085	0.44867864768825427	1.5688501377649524e-013	-2.3890588563029402e-012	-1	
-0.076744974225870385	0.24613235640702377	-1.4711328347104461e-014	-2.8849949929688759e-013	-1	
0.94969721528490314	0.30242279921203241	5.6256295908891863e-014	-2.5421699370473495e-012	-1	
0.55159358186832197	0.24401481778278522	4.6920349704537446e-014	-1.8426756750207513e-012	-1	
1.215099637562624	0	4.283158452511576e-012	4.971537252308732e-011	-1	
25.632122487112937	0	1.3540078997756882e-009	1.8061328912096116e-008	-1	
25.85728999808952	8.2787173583107538	-1.6166590772848695e-009	-3.1427150020211697e-008	-1	
16.952382939744162	17.98690913091524	1.3104649475685659e-008	8.2850525619449663e-008	-1	
24.259921959829445	15.424606087276826	8.5423674952878806e-009	8.9679402723378016e-008	-1	
9.5320900687554833	19.805183635799956	-1.2990615142991552e-009	3.3621447145603359e-009	-1	
8.8361782022094797	20.129314671331038	-2.4230100760001996e-010	9.0625186138672648e-010	-1	
8.6482482724624159	20.893276833835895	-1.4324669430928059e-009	4.6398298509592616e-009	-1	
13.298613429701522	19.268060652734448	-6.5187520342521941e-009	1.272616508985296e-007	-1	
10.822578799562065	19.519984949802755	6.986125495058356e-009	-3.4708196698996144e-008	-1	
11.471728674680204	19.90863641364405	-2.2137365202716649e-008	1.4043783555190508e-007	-1	
10.142675209340327	19.851913599839882	3.8723670129826793e-009	-2.2397208134111589e-008	-1	
29.643493009900357	79.752321819530039	-2.3452106256552752e-006	-2.0646234535769351e-007	-1	
20.33159925187298	91.068524350293217	-2.6837538613846613e-007	-2.1731746183914981e-007	-1	
24.977053368880345	87.930869723678484	-6.7379158074447861e-007	-2.904093071807537e-007	-1	
34.266031479006564	68.861256812500756	-4.8345899946342788e-006	-2.9863714657865142e-008	-1	
37.007030729935693	74.129737473997565	-5.0147642088873547e-006	-1.2532855261702873e-007	-1	
29.714315602288792	60.422828862543021	-4.1006706566101431e-006	8.0299869651514488e-008	-1	
33.765824499901676	62.943507379463327	-5.0664271265845974e-006	5.5522276910996622e-008	-1	
38.074913976841501	45.377912440413176	-5.7310434424837072e-006	2.5934534932666352e-007	-1	
39.70583136569784	53.167757798284278	-6.685163577996089e-006	1.9805915306570727e-007	-1	
37.270998360599627	57.452181301686295	-6.1260116995356878e-006	1.3604596841456155e-007	-1	
15.13319075254187	21.4039253547237	-1.9084542568454179e-007	1.2173339582816637e-007	-1	
11.594265597545974	22.809280773064284	-1.0400984107219999e-007	1.3916379515521959e-007	-1	
32.367756792972166	17.776963484425494	-1.0102496146988484e-006	2.0982138316431608e-007	-1	
36.875420411830945	19.892460904856854	-1.9685438725949659e-006	2.9965471310805489e-007	-1	
40.785919672324738	24.54321728154876	-3.5142570157008334e-006	3.9702526517871027e-007	-1	
44.288175171714755	42.563040103365907	-7.0707476826807848e-006	3.5167958782048288e-007	-1	
43.65486169478865	33.0223130248364	-5.5935645710120266e-006	4.2464326487057163e-007	-1	
10.191803624919812	22.588482607118067	-4.5440753989027208e-008	1.4486043183092727e-007	-1	
9.5	21.976818387562627	-1.9255334656535082e-008	1.4638110436767403e-007	-1	
8.8943806288694418	21.581686027617213	3.7921107155401403e-009	-2.448389483583121e-008	-1	
16.622622546643562	93.7141373956498	-1.1831077485363362e-007	-1.3523247017648224e-007	-1	
13.183547104326379	94.678254516418264	-7.766362744647424e-008	-5.3568633350982899e-008	-1	
-69.580738204937774	188.10669089315354	-3.4934605386820647e-006	4.6993929051169132e-008	-1	
-93.087512260090946	198.38396984442758	-3.842376640845819e-006	4.0448005304165956e-008	-1	
-96.513239916750862	202.80358737910723	-3.9690481687199296e-006	3.7766122061158864e-008	-1	
-79.992390197052401	194.24932980267789	-3.719843098805202e-006	4.2256294354469748e-008	-1	
-74.005907841766785	195.72263421700271	-3.7772825281072576e-006	3.9750223723498708e-008	-1	
-87.632521303809412	199.6134830803625	-3.8873693089531046e-006	3.8917119897441134e-008	-1	
-78.329983092095688	200.39356418802811	-3.9325590725791351e-006	3.6550601021443165e-008	-1	
-107.59298831829608	210.25301097178499	-4.1507171362888961e-006	3.4536892714291508e-008	-1	
-103.54939779985723	206.87206161742537	-4.0696101814721213e-006	3.6010129236351045e-008	-1	
-98.482214697777309	208.32295728133403	-4.1234607571038744e-006	3.4501553004360711e-008	-1	
-123.11987445035243	213.8870644076446	-4.2035476352585024e-006	3.4104010575480791e-008	-1	
-118.89625560144864	216.51903931072226	-4.277749677963928e-006	3.2552684485753582e-008	-1	
-112.83998563946727	216.21920115742654	-4.2894772436344039e-006	3.2040460255175818e-008	-1	
-69.674843053878234	135.81905669584421	-1.6278787722828452e-006	1.072106783192815e-007	-1	
-69.96234785064442	135.24773193664791	-1.6203976251210297e-006	1.0679652646519541e-007	-1	
-69.727969912900974	135.39626998439599	-1.6183473125562939e-006	1.0738929367852997e-007	-1	
-70.173131331801955	134.64882201205177	-1.6106513732053053e-006	1.0609194245676881e-007	-1	
-69.906384583949787	134.97595135950792	-1.612195012312403e-006	1.0692330473141232e-007	-1	
-77.852554811186224	131.68271807172542	-1.7121908889906293e-006	9.7367434337638265e-008	-1	
-68.608262844869543	136.07418462346408	-1.6079580261593177e-006	1.0917998683621215e-007	-1	
-67.310847805086951	136.10738840931671	-1.5757194096504957e-006	1.1142762391792837e-007	-1	
-68.062102006163485	135.80386200981295	-1.5869959332325442e-006	1.1053801755761188e-007	-1	
-69.154625151060898	135.80426943759906	-1.6145731061934609e-006	1.0838147139705221e-007	-1	
-62.052068397551224	138.23207320584302	-1.4916674080488412e-006	1.1566602962343354e-007	-1	
-60.549559995398162	138.83912600485053	-1.4659445638018202e-006	1.1641206889346771e-007	-1	
-53.848688605622833	144.74037804739689	-1.4565437870907622e-006	1.2081763742056575e-007	-1	
-50.774470317382999	143.88908351435438	-1.3145100072060751e-006	1.2882098901084305e-007	-1	
-45.583634921329782	165.98846322728073	-2.3143025687156378e-006	8.7546102434516091e-008	-1	
-37.616496526454661	157.73009157625472	-1.6617815500697929e-006	1.2443078402915688e-007	-1	
-40.884650160173862	152.84613130836829	-1.4236706440714075e-006	1.4551355106451903e-007	-1	
-40.246526606720984	162.98526406141443	-2.056597021627867e-006	9.9241036619908136e-008	-1	
-46.852583336910939	143.61013159392269	-1.1457843079964303e-006	1.4352883940190651e-007	-1	
-42.347729382954974	146.51508822755045	-1.0943425278954837e-006	1.6618813970349907e-007	-1	
-58.526127670294876	140.82837807103715	-1.4678038506446098e-006	1.1557141721888695e-007	-1	
-58.023698438162633	141.28194585235781	-1.4673835075451641e-006	1.1554151422231482e-007	-1	
-56.957028789272123	141.83658408549647	-1.4526357993280605e-006	1.1615924757931147e-007	-1	
-58.841958230874639	140.02002781701302	-1.451206483656461e-006	1.1620254386187592e-007	-1	
-59.798305794321628	139.14265240435429	-1.4526952694046909e-006	1.166637602860518e-007	-1	
-59.047051593245094	139.44617880385806	-1.4392325213375643e-006	1.1680366685146723e-007	-1	
-54.69636424497179	142.31997183055955	-1.3952876115165316e-006	1.1908050294533428e-007	-1	
-55.981233130645101	141.49525536345513	-1.4093866363712825e-006	1.1709067150496724e-007	-1	
-60.707726373892314	187.49793533115226	-3.4621125812989218e-006	4.5665508539875311e-008	-1	
-57.067244028257633	182.99526050584834	-3.2570896109586481e-006	5.1407241344088373e-008	-1	
-52.9056697046978	178.97929791768226	-3.0574117449950583e-006	5.6880129690090767e-008	-1	
-48.070832214664293	176.82601792366444	-2.9272295627658643e-006	5.9710191525703443e-008	-1	
-43.270293421777865	175.40592717856401	-2.8296218908750413e-006	6.0381541281339777e-008	-1	
-38.836592806676578	172.5729528377932	-2.6407297068312946e-006	6.4821554154810974e-008	-1	
-67.960766147791574	134.23544416332564	-1.5454076498594563e-006	1.0857459273013251e-007	-1	
-67.4952619239819	134.70008935892255	-1.5450242963379116e-006	1.0936763046054198e-007	-1	
-69.444079825085723	134.48874917164221	-1.5887023324922739e-006	1.0765229731412232e-007	-1	
-68.977248074403391	134.59538200418913	-1.5797600244150465e-006	1.0820828971297766e-007	-1	
-68.429993946814278	134.69632876146301	-1.5685846190551248e-006	1.0878028857796523e-007	-1	
-69.751187921791882	134.66027610327995	-1.6005464563430697e-006	1.0709345081087504e-007	-1	
-67.632285521491752	135.32715726459949	-1.5641405930283986e-006	1.1011197282410106e-007	-1	
-59.943153023562004	136.44567120266922	-1.3800159370452026e-006	1.1189514045884844e-007	-1	
-60.940819861719767	137.64458236009051	-1.4429966749841464e-006	1.142930630583177e-007	-1	
-57.325866345897794	136.40099857197322	-1.2957135256187597e-006	1.1048775861247735e-007	-1	
-58.3766776663239	137.19844490748571	-1.3522023647779767e-006	1.1231556791368047e-007	-1	
-55.701966333852369	135.9024302242766	-1.2268990604706772e-006	1.0889821453158279e-007	-1	
-47.080509786880427	138.42241617941119	-9.489605696061183e-007	1.3458356425145011e-007	-1	
-50.470851944587771	137.23838151815431	-1.0630529385631338e-006	1.2158909669700991e-007	-1	
-42.826250342635674	135.93905291286291	-6.4378266151424533e-007	1.3767923648268208e-007	-1	
-37.778441347808339	126.38168624355646	-1.9218858258542854e-007	8.1058117341379673e-008	-1	
-38.475130312904803	131.83662751288705	-2.7129918850729266e-007	1.0369343727284859e-007	-1	
-36.423666338905939	122.7450587306694	-1.15660957466586e-007	9.7469934761662281e-008	-1	
-53.744947496581759	136.13424260356459	-1.161993083503973e-006	1.1242802852920182e-007	-1	
-162.57300995595148	221.09657336017509	-4.2874132297804276e-006	3.3148095831084502e-008	-1	
-154.16697660066527	220.21861449185778	-4.281849103022062e-006	3.3186125350759944e-008	-1	
-147.79036867719171	219.94493714289135	-4.2872674772786036e-006	3.3029800490989372e-008	-1	
-167.25271304724879	223.97329033922347	-4.3382994128772665e-006	3.2327300330476421e-008	-1	
-142.38719369921665	223.34224903002024	-4.3700253677606448e-006	3.1519171815078839e-008	-1	
-135.24166012829005	218.67981903662269	-4.2855269902343424e-006	3.2875491886776642e-008	-1	
-128.34260944625856	216.58822426025625	-4.2541595793909081e-006	3.3296940886403301e-008	-1	
-191.96270661998142	226.95764197505596	-4.3752110467082573e-006	3.1807887672144979e-008	-1	
-183.69577421090875	226.5529652816123	-4.3717339051917552e-006	3.1848259440282778e-008	-1	
-176.31531412210541	229.43466946996597	-4.4324511528827017e-006	3.0837584172255513e-008	-1	
-165.89089758067465	229.29499873364364	-4.4433339187992297e-006	3.0590618410266148e-008	-1	
-170.23629083718257	232.21292434891342	-4.4927771752614929e-006	2.9817771349812139e-008	-1	
-200	231.22601719555439	-4.4529159694217284e-006	3.0568228003780129e-008	-1	
9.5	95.376524734215621	-5.0202318432086069e-008	2.0034572328185638e-008	-1	
11.058963818269355	94.764860514660157	-6.2975076108335558e-008	-8.4871637869408954e-009	-1	
7.9707302088885612	97.755719131058882	-4.7905060710008562e-009	1.0490828112790239e-009	-1	
8.8355799056311994	97.418067233710531	1.5640951111036512e-008	-1.4180559237909042e-009	-1	
9.5	96.599853173326494	-5.2249544260580642e-008	1.1025717312471162e-008	-1	
7.9227270940876888	98.682902771287814	1.5359624628387018e-009	-1.6290763795279229e-010	-1	
7.1677335815418104	99.507846286052271	9.2288718312001895e-012	1.6918107744124865e-011	-1	
6.462454866717402	101.05675490708447	1.1884287386836412e-012	8.9944292728263855e-012	-1	
5.1728275539924278	107.12660546874794	5.2243151471934672e-011	8.8898059579121434e-011	-1	
7.2785875077861757	102.55022854062285	6.0239529312872908e-011	3.1916632342078364e-011	-1	
7.3360400327508479	104.08766218961976	-1.189284048986728e-010	-2.5381153664399831e-011	-1	
-9.4437552382117822	99.451609726979697	5.3339368785574504e-010	-1.4424735453842819e-009	-1	
5.5048859535159549	115.20531530398124	7.9772541594650978e-011	5.4989350723586608e-011	-1	
-0.76944641298616556	124.9229276221605	9.1882176841409463e-011	-1.0714298046970539e-009	-1	
4.6418973008906343	120.85211208280128	-4.1231408108428057e-011	1.3026994192720912e-011	-1	
-8.9173002428141519	98.906723166164127	-2.9535434497329394e-010	4.967188578850367e-010	-1	
-9.2538676435929847	99.123255025774142	6.145920554494429e-010	-1.7071165334454263e-009	-1	
-16.60235433218719	126.89275214426023	1.9119004779151237e-010	8.2185466817549577e-011	-1	
-6.7426647527290333	128.11273053315074	1.8866521762049746e-012	-2.3043163607112013e-009	-1	
-27.378314441346909	124.14957521185833	4.4076410590124597e-010	1.0899038229669885e-009	-1	
-21.856316557670425	129.6091064881328	1.3673703561153136e-010	-5.690177182583451e-010	-1	
-29.470803787237678	119.80436086008632	-1.3060159956849811e-011	1.0936542326112697e-009	-1	
-30.026624329507996	122.04135940565722	3.4517991556793511e-011	1.0586158820525695e-008	-1	
-9.2166745855097645	98.58776188688168	8.6559748110427488e-010	-2.7846086847136125e-009	-1	
-8.722111624905466	98.423545045272007	-1.993977236578726e-010	6.0353671620417047e-010	-1	
-9.5	99.046510051548267	-3.0945983095488906e-009	1.7979839882514235e-008	-1	
-9.3172893506674832	98.893593996659419	2.1552613380465601e-009	-3.5005127359360167e-009	-1	
-9.5	99.200000000000017	-2.9113667785965613e-009	1.7972351542295583e-008	-1	
-34.216964629809162	113.42344443486	-1.4637700500997668e-007	1.3471997336279643e-007	-1	
-34.350000000000001	113.50000000000001	-1.4962011828377117e-007	1.3537605323304226e-007	-1	
-34.350000000000001	113.65348994845174	-1.4935572660335064e-007	1.3772761694657452e-007	-1	
-33.971299768352615	113.50061991845692	3.1061047483229439e-008	-1.9115950609207666e-008	-1	
-34.350000000000001	114.5626468266735	-1.2994187125365277e-007	1.5253202456152153e-007	-1	
-34.350000000000001	114.10806838756261	-1.4114986796032838e-007	1.4588330850879037e-007	-1	
-33.324616149925426	116.19522193888359	2.3689227641195283e-008	-4.4652058106380801e-008	-1	
-32.838209422910822	117.67833853922383	7.9483135320696452e-009	-4.2541305703625801e-008	-1	
-33.757131836840642	115.0172252657844	2.368483419043634e-008	-2.8143633778921932e-008	-1	
-34.350000000000001	120.92674497422587	-2.6345382653784603e-009	1.1412596489789376e-007	-1	
-32.212616980795445	119.85379381904896	6.2904377285909992e-010	-2.4536121978517585e-008	-1	
-31.249957481784296	117.80507268938916	-9.9225828639970908e-010	1.1611263828017369e-008	-1	
-31.967870413671228	116.38267794968439	-4.2673933884325954e-009	1.1105034086291918e-008	-1	
-33.739650986334603	113.85296496641395	-2.5701810853854785e-008	1.5317253444622793e-008	-1	
-33.806058246566771	114.271745271	3.9835747627809163e-008	-3.8283073396746698e-008	-1	
-0.15348994845174077	0	-1.6815227144479744e-013	4.8395984628086066e-013	-1	
0.076744974225870399	0.15896022615543798	-2.9181390748197493e-013	4.5829629717502671e-013	-1	
0.28619115959060115	0.16207339367748516	-1.4029474769639145e-013	6.4025299665260881e-013	-1	
0	0	1.0337598069356038e-013	2.5948308534636305e-014	-1	
0.68429479300718221	0	-3.1999526181285846e-014	-1.0517224957815143e-011	-1	
0.41889237072946156	0	-7.6252891180720833e-013	2.298138051624652e-012	-1	
34.125	0	2.173019332046143e-009	1.3596060366297392e-008	-1	
32.94785188124893	6.4513579088574975	-4.8359312311540611e-009	-4.7121539300833795e-008	-1	
31.567460979914721	12.862303043638414	7.2006359285562112e-009	1.485072330396941e-007	-1	
9.8035578254732219	20.270511905745998	1.162956981145592e-008	-2.9797804682544853e-008	-1	
9.490979967829368	20.342338270286319	3.5817319494547598e-009	-1.0326731272254245e-008	-1	
9.2538676435929741	20.676744974225873	3.3742050874318589e-009	-9.1238152943482225e-009	-1	
9.2696095621891228	21.059322058229466	9.71287658960849e-009	-3.0284217591470059e-008	-1	
12.409804680255405	20.689250407660492	-6.1713909381047731e-008	1.3411611982750105e-007	-1	
10.558286297169545	20.228924294098849	-2.1672801643328946e-008	1.4284201691774541e-007	-1	
11.194305890018938	20.580128957780495	-3.6518951242554831e-008	1.4029979921673674e-007	-1	
10.101565108414214	20.389068234326253	-2.0051118547783476e-008	1.4329112015872124e-007	-1	
31.050789192608335	84.97234767460057	-1.5883416720670573e-006	-3.3761627294558423e-007	-1	
36.211235356745533	83.360222412559509	-2.7367816460339672e-006	-3.4560663554104913e-007	-1	
25.422374435520947	93.518965075114735	9.3576936840740628e-008	-4.1892388942052546e-007	-1	
20.178450750073385	95.621800327223667	1.049842257560508e-008	-2.4970290413706445e-007	-1	
30.264657787462205	90.321286811224965	-3.3339358008317664e-007	-4.7475354040522413e-007	-1	
40.976330787723597	65.314043218766599	-7.1865610216324658e-006	4.188148753895724e-008	-1	
42.981522169575825	74.912512284174326	-6.8731121871560774e-006	-1.3427600089659293e-007	-1	
43.299576245188298	80.929664930631517	-5.4519703947559443e-006	-2.8683309759677499e-007	-1	
43.902381341291111	49.9761729706604	-7.7181168014359595e-006	2.6711283933158898e-007	-1	
42.185147473720662	57.82073932049876	-7.6416368713495166e-006	1.5755958335479189e-007	-1	
11.151875130683143	21.460228479942714	-5.6160062797094573e-008	1.40144051321925e-007	-1	
36.341662164302228	14.776557389186245	-8.0942699141644259e-007	2.2780086233978231e-007	-1	
42.524457164973484	18.720930211305866	-2.5666073091310392e-006	4.2632419288593816e-007	-1	
45.916682474235714	27.798491834054218	-5.1840514983244145e-006	5.0304514308182842e-007	-1	
49.561818611623352	23.720285411758397	-5.1337136436654309e-006	6.2660199892653081e-007	-1	
48.806608443156705	39.692535749847217	-7.9260964583864883e-006	4.3995573991256003e-007	-1	
51.150455446031685	48.373426091098949	-9.8291152265005673e-006	3.592649961655677e-007	-1	
49.189579007185991	34.3531193005402	-7.1848932655055144e-006	5.0560958602701116e-007	-1	
10.296330456866116	21.670986277784905	-3.7825514993871192e-008	1.4330867229320117e-007	-1	
9.5	21.365154168007187	-1.9020883496743002e-008	1.4476516807807951e-007	-1	
14.340956863498263	96.462002645414628	-6.0788788679818732e-008	-8.0399250895727175e-008	-1	
17.537445300496955	98.672731707657448	1.672348926253553e-008	-1.6036874358356623e-007	-1	
12.001776935408037	96.445957547523619	-6.1243796429596016e-008	-3.1888783254281033e-008	-1	
-68.242959674548771	193.53242296934334	-3.7039979833038396e-006	4.0517291852615584e-008	-1	
-62.780666960984455	192.87411555477149	-3.6862071093601942e-006	3.9461824535956242e-008	-1	
-92.870587175536315	206.63478005202649	-4.0910294089889307e-006	3.4707115729396258e-008	-1	
-69.917668827537767	200.33727381830971	-3.9570773614387149e-006	3.4096409343445031e-008	-1	
-87.625536003374279	205.97417843871503	-4.0876211944209526e-006	3.4193523385083881e-008	-1	
-81.283176004373644	206.45684175746425	-4.125334657896874e-006	3.2383493930387423e-008	-1	
-74.600008778335891	205.5513258327168	-4.1254463492222536e-006	3.1033661112629891e-008	-1	
-102.16573015919704	211.61356322381636	-4.2033955052523035e-006	3.3113627893773223e-008	-1	
-106.87604476470246	218.16581061290975	-4.3611513741569517e-006	3.0272694385068997e-008	-1	
-93.794810162416709	211.83985144064644	-4.2411766858550842e-006	3.1543632194398399e-008	-1	
-123.70885603064491	220.20783123755541	-4.3510339330196381e-006	3.1366214713487661e-008	-1	
-118.06199108633177	222.59125389833903	-4.4271783946346275e-006	2.9708899260271777e-008	-1	
-112.16081376954553	224.24772410788012	-4.4919139577049871e-006	2.8157867667079981e-008	-1	
-69.451040470840695	135.45645020065618	-1.612980427576744e-006	1.0806390981029045e-007	-1	
-69.706923810359285	135.13931086409235	-1.6112904027546725e-006	1.0764184017137054e-007	-1	
-69.56461040831654	135.19680921080544	-1.609165638772219e-006	1.0805965534935531e-007	-1	
-69.649425463646196	134.99699746204962	-1.6063210484768076e-006	1.0770283792727686e-007	-1	
-68.81335620724002	135.50033561030918	-1.5981136527089776e-006	1.09483132291124e-007	-1	
-68.266483643033396	135.22825141422834	-1.5776743639129965e-006	1.0956096785431062e-007	-1	
-69.188983307778273	135.34857241055732	-1.6036328984127065e-006	1.0884299909255917e-007	-1	
-59.732540074375464	137.99110617994387	-1.4169631993887275e-006	1.1442373157072505e-007	-1	
-52.652889233006988	141.31089367588973	-1.2865519540000869e-006	1.2264998229164246e-007	-1	
-49.690586150204474	140.88896425374554	-1.1555418508109902e-006	1.3005428902205983e-007	-1	
-35.292655055730521	150.78367583142784	-1.0928466982489728e-006	1.7605654537806364e-007	-1	
-32.36818390062178	155.08639895921155	-1.3465780950290369e-006	1.4109266827788752e-007	-1	
-31.719013169953431	162.90652102815059	-1.9367527207839741e-006	9.3759816447848244e-008	-1	
-37.455834525885187	147.97095385636334	-9.7003183228090163e-007	1.9251496591496891e-007	-1	
-35.283779491959748	167.73533631840402	-2.3080299666044646e-006	7.7880073250837207e-008	-1	
-44.264168787271402	140.65055024164951	-8.9323339750512672e-007	1.5436462663324388e-007	-1	
-40.564757070243196	142.68704050408036	-7.9367740600060786e-007	1.8607265368704543e-007	-1	
-38.705048656243001	144.37877908224809	-7.9034427026961615e-007	2.0471530017054237e-007	-1	
-58.261439235451185	140.20540223040354	-1.4392824866494216e-006	1.1622672450172887e-007	-1	
-57.897497885822077	140.57741301445191	-1.4401113033396708e-006	1.1596951959472657e-007	-1	
-57.519440195563227	140.77399238611375	-1.4347402120142833e-006	1.15945251238048e-007	-1	
-56.958105638989032	141.15702087921741	-1.4297108507392768e-006	1.161649597299767e-007	-1	
-58.295797392168559	139.74970520336183	-1.425607870235196e-006	1.1675805242271369e-007	-1	
-59.025088756011073	138.80469048877725	-1.4193038917834222e-006	1.1551668112109551e-007	-1	
-58.50017902903847	139.17409460777722	-1.4142813331645187e-006	1.1579295042440234e-007	-1	
-54.821715152551043	140.79835017769915	-1.3464956176134067e-006	1.1812206895847695e-007	-1	
-56.134833387011639	140.47295921011704	-1.3801052229442397e-006	1.1639759918963267e-007	-1	
-54.986809290264084	188.3914116954474	-3.5059778435587832e-006	4.194488392248804e-008	-1	
-55.179837941245516	193.7160332240154	-3.7445037749435403e-006	3.4595926949384137e-008	-1	
-47.925089149664771	181.83007521603548	-3.1877807302742688e-006	4.9191836741312213e-008	-1	
-41.734348703125924	180.43825453089917	-3.1122158654510106e-006	4.7114633172851447e-008	-1	
-33.667587558069322	174.84066326067492	-2.7673416712271063e-006	5.1988324895068423e-008	-1	
-35.393007151583284	180.21505188157812	-3.1015519007238003e-006	4.0510901848504802e-008	-1	
-69.286605185471245	134.96089619304351	-1.5964533029777878e-006	1.0821790835920897e-007	-1	
-68.853052692581912	135.05785141026519	-1.5880932163410149e-006	1.0883569106771377e-007	-1	
-56.112657610973322	136.91892680509142	-1.2699692230097029e-006	1.1055566295826198e-007	-1	
-57.353864319849194	137.71983942765391	-1.3345809625967212e-006	1.1246453411538161e-007	-1	
-58.03043192393384	138.2475596210727	-1.371829049787978e-006	1.1377507663131826e-007	-1	
-58.68805731376078	138.25843099774823	-1.3927121867650422e-006	1.1428197596045106e-007	-1	
-55.060064427869975	137.60193711049109	-1.2529006190308755e-006	1.1335185435976807e-007	-1	
-52.367731679168266	139.55249285173147	-1.2149840202101187e-006	1.2127638423385709e-007	-1	
-53.346806282659003	138.06430562906382	-1.2041248754241701e-006	1.1697259296565306e-007	-1	
-40.062902768965593	140.22358012034101	-6.325701813759105e-007	1.847100537288282e-007	-1	
-36.774058017906697	138.12054982366269	-2.8965734180553554e-007	1.9313306794264385e-007	-1	
-34.350000000000001	124.56337248711293	-2.7324214107812541e-009	8.2702675694102878e-008	-1	
-34.350000000000001	128.19999999999999	1.2906643060317183e-008	3.0884116191652061e-008	-1	
-34.350000000000001	135.47325502577411	2.5682932530856734e-008	1.1709252052918882e-007	-1	
-161.29606272850702	226.38393573477887	-4.3940197506077669e-006	3.1363065567478112e-008	-1	
-155.85886573994543	226.23003963466388	-4.4005011690370543e-006	3.1199973829463429e-008	-1	
-149.80389029751325	227.7587624672006	-4.4441444492407726e-006	3.038050964305241e-008	-1	
-136.11256371065201	225.6589816603063	-4.4357219225284362e-006	3.0238477375893891e-008	-1	
-140.35539018846151	229.71484709260898	-4.5094952706162654e-006	2.9073928911554596e-008	-1	
-130.46063950782522	224.07551276852155	-4.4182310720097557e-006	3.0380107848598147e-008	-1	
-191.68998735267681	233.43189695567546	-4.4951988812760906e-006	2.9884019785214935e-008	-1	
-185.37684743677781	231.9708638434162	-4.4717277835726785e-006	3.0243630123107435e-008	-1	
-175.86537472139861	236.10331092132029	-4.5576831849425685e-006	2.8813364425298358e-008	-1	
-161.15059367580176	231.6953301739712	-4.4982823782162103e-006	2.9637203168988447e-008	-1	
-165.38248552803879	234.17182875466668	-4.5379873389148286e-006	2.9035499338044108e-008	-1	
-169.13352169776931	237.32962569598357	-4.590821830576737e-006	2.8219654936456766e-008	-1	
-200	237.47122063466529	-4.5670858691442448e-006	2.8746040985838782e-008	-1	
-194.73756811314843	237.72984129180335	-4.5725427923374326e-006	2.8655284792795031e-008	-1	
10.610777755255262	96.378437459549176	-5.6749919698916987e-008	-6.6408444371189605e-009	-1	
8.6403153996597073	98.398859453258268	-4.4517485729667508e-009	-4.7543282727039577e-010	-1	
9.1520081157126025	98.129013722215106	1.288103604446392e-008	2.5506312773075302e-009	-1	
9.5	97.823181612437381	-5.5443795910814933e-008	-1.2759403273036516e-009	-1	
10.164051716617513	97.419248675034709	-5.5517683988424858e-008	-5.0818160514481911e-009	-1	
8.5253803233231977	98.965812786832856	1.1782444052824405e-009	5.4055906943500176e-010	-1	
8.2577894119192674	99.258195944177103	-3.6503973447603042e-010	-5.2630151696236991e-011	-1	
8.42738470015661	100.15001055043118	2.8803915139538304e-011	-2.2341723692298325e-011	-1	
8.1494182859643427	101.28190020242712	-1.4660473083873952e-010	-4.0637067402545902e-011	-1	
8.902732277315712	107.17635722193303	-1.6150372201093965e-010	-1.7037937442956699e-010	-1	
9.6778345652680855	111.30434578865191	-3.036382246920023e-010	-4.7332223459342057e-010	-1	
8.8138642008653463	102.64987036608112	-1.4333320681224787e-010	-7.618795202891356e-011	-1	
9.3691439465136241	103.74459065838994	1.1319834844777926e-009	4.0612504176045588e-010	-1	
11.658515533143605	118.07562718828679	-1.5761449242136756e-010	-1.9854895973625385e-011	-1	
5.0489431623999153	128.38710468089189	1.4766949420749993e-010	4.2739679436308248e-011	-1	
-0.94805771178106646	132.59899485349567	-5.5180171060444451e-010	6.7478869022334487e-009	-1	
11.824509197353189	123.1655264709831	5.5360447713765998e-011	6.9992740221414534e-010	-1	
-11.233886553912363	131.76586008280955	6.6633803975432162e-010	3.9824338266584767e-009	-1	
-14.999409741322985	136.16327567598333	-1.677414461324765e-009	-1.4610649636985748e-009	-1	
-6.0928633069166223	133.25881053955661	-5.3753406683152389e-010	9.3496090220703356e-009	-1	
-30.979879375780815	125.37392892029949	-2.4222381880329377e-009	-1.5826482880394899e-008	-1	
-27.681608941649483	129.16677008839724	-8.7194485567155445e-010	7.948837021143303e-010	-1	
-21.898728051425024	135.3296481371172	7.1781082356576961e-010	3.0073852435230906e-009	-1	
-25.744864416899013	133.80500818372298	1.1920129683192444e-009	1.8840298876507048e-009	-1	
-32.372872840970075	122.19992766650208	1.7375581518434696e-009	-3.4092078753379913e-008	-1	
-34.217292157070339	113.57674497422586	5.5278655061773267e-008	8.6131137039240859e-009	-1	
-34.160579900331655	113.82792419183453	3.3223539852734269e-008	-2.0388441223853624e-008	-1	
0.15348994845174077	0	5.3083529185554485e-013	-5.7298572530405251e-013	-1	
38.371438756443531	2.764841671422186	-5.8613461841046979e-009	-2.1750138973083789e-008	-1	
42.617877512887063	0	7.6507294686791253e-009	5.3301467072658984e-008	-1	
38.875	10.299999999999999	2.6632275863314183e-008	1.6918625176156574e-007	-1	
9.644843919658884	20.549212174553652	-1.7359881647936486e-008	1.4351450401003869e-007	-1	
9.5	20.599999999999998	-1.5879112326850359e-008	1.4351386990977961e-007	-1	
9.5	20.753489948451744	-1.7229669544427766e-008	1.4364353889915266e-007	-1	
10.518727565268696	20.847448177829683	-3.1782129121919161e-008	1.4224613956890567e-007	-1	
9.8999963082365436	20.883618878493202	-2.2928748556435847e-008	1.4345667034410801e-007	-1	
35.965030968820763	89.361871785923157	-6.2673806151654776e-007	-5.4510515267324691e-007	-1	
41.678630281586464	88.484652035410178	-1.7578938402239716e-006	-5.3881111323023817e-007	-1	
31.186029558507958	96.050503895553391	1.1495868257863703e-006	-7.1762249535725911e-007	-1	
25.844762981400699	99.152990246572514	7.1952386849325135e-007	-5.6302631838865992e-007	-1	
20.635531771077783	99.631060734461585	1.7008203376756417e-007	-2.7515550213231038e-007	-1	
46.550017594757946	69.158342912464221	-9.0364070164530013e-006	1.3276930987478863e-009	-1	
49.203869682392281	62.797151537666522	-1.030720517556547e-005	1.3273094843865353e-007	-1	
48.980485674200736	75.477951260509386	-9.524507427668364e-006	-1.10994897671824e-007	-1	
46.259771917036993	88.067069049403074	-3.391227084198067e-006	-5.0128688069160179e-007	-1	
51.903145973669439	82.78903672407418	-9.4462218182321129e-006	-2.6714801574108602e-007	-1	
48.360081773734329	56.549426126641933	-9.6841422850478567e-006	2.2093675663843055e-007	-1	
43.972534668279096	13.136382606646428	-1.34958103435602e-006	4.0633936215197416e-007	-1	
48.284851688572807	18.401625753500607	-3.5627499641873537e-006	6.0965362511858332e-007	-1	
52.912836486149168	28.043416717600564	-6.9469594546005627e-006	6.5977310593980844e-007	-1	
55.008762303820554	19.454189061415274	-5.4386641425469121e-006	8.8671618971248026e-007	-1	
54.159566024557755	39.735890147136459	-9.4838839753154511e-006	5.1335202896513938e-007	-1	
55.220701007217414	44.948483139187282	-1.0655062561250633e-005	4.5196025232036866e-007	-1	
56.883156343952848	50.23087860315762	-1.2037151372177044e-005	3.9408736654028466e-007	-1	
54.651034357360132	56.13715626728839	-1.2002805154853525e-005	2.8519294166546366e-007	-1	
55.359079370781927	33.695286004029313	-8.7501946551153814e-006	6.2167555122646215e-007	-1	
12.407193223464841	97.778277071828512	-5.6603150376540836e-008	-3.8461200869983332e-008	-1	
14.732899570704127	99.624809314765201	-3.6775903302013472e-008	-7.3592486406373775e-008	-1	
15.771019077638817	101.05005518578454	-2.9940903912628729e-008	-8.0640871882166096e-008	-1	
18.33833441344084	101.92003836713455	2.381016560452205e-008	-1.4396461758314467e-007	-1	
11.020651336830012	97.434304774605636	-5.6961249870388332e-008	-1.6823207654623925e-008	-1	
-64.824474891258618	197.98223257426963	-3.8865798512036971e-006	3.4451324942131552e-008	-1	
-59.280022518337638	197.11858240314058	-3.8743996713995978e-006	3.2714179095879648e-008	-1	
-68.1079165905049	207.10746160479962	-4.2175148476605095e-006	2.7094891154299814e-008	-1	
-61.881882439958993	204.69803879576673	-4.1665252664465403e-006	2.6177297753349881e-008	-1	
-85.282243439898281	211.88750865088375	-4.2805935763788962e-006	2.9569126783892377e-008	-1	
-78.285029302696401	213.89196933226998	-4.3850025597661718e-006	2.5976649895268832e-008	-1	
-72.891872651816001	212.74544909389618	-4.3825656539013201e-006	2.4757140679541615e-008	-1	
-100.86263984431774	216.37783958591857	-4.3384476506242994e-006	3.0242665166685156e-008	-1	
-103.07535613071171	223.15706747239119	-4.5088511875060016e-006	2.7115715134776185e-008	-1	
-93.459830405455705	220.3459581868284	-4.4857405908298417e-006	2.6493066933504346e-008	-1	
-88.052349081096708	217.39163426907928	-4.4325794173677299e-006	2.6786373995549768e-008	-1	
-123.27983559937448	227.0724438281357	-4.5113694986149127e-006	2.8435648311886598e-008	-1	
-116.68627018332516	229.02995746882362	-4.5859642914675528e-006	2.6740253740220416e-008	-1	
-105.58674088452868	228.90605223043002	-4.641991425327852e-006	2.4869975820680438e-008	-1	
-110.92051632358378	232.20888717871304	-4.6922022488156329e-006	2.4427001759829934e-008	-1	
-54.146063937082033	139.65652491109333	-1.2843099721719412e-006	1.1803967351490919e-007	-1	
-31.853701588094928	149.90940506298907	-9.0324654661281347e-007	1.8839006470060943e-007	-1	
-33.520571055055015	147.70951438094102	-7.7049285002848739e-007	2.1775693339074093e-007	-1	
-28.393879473243466	151.72918848473293	-9.8023864716060302e-007	1.5802950757654447e-007	-1	
-24.114151372360254	156.70927107985923	-1.3574714525185116e-006	1.0522480257225146e-007	-1	
-29.988033541167471	170.56024177922274	-2.4738674899388507e-006	5.9380422124036985e-008	-1	
-24.177264962083083	164.03652880141175	-1.9679704914620178e-006	7.0455123370209012e-008	-1	
-35.408402729400322	146.2923702741594	-7.4569018108756793e-007	2.2681341601533104e-007	-1	
-36.725261675680905	145.42617820529972	-7.5332809586250496e-007	2.2231830593182636e-007	-1	
-38.093697385285431	142.22405148116459	-6.1871188412704723e-007	2.1845470422323507e-007	-1	
-36.772234605438939	143.24704092508148	-6.044897066211223e-007	2.4033664582419683e-007	-1	
-57.806600354154448	140.16110939296445	-1.4236481941821459e-006	1.1627996886649938e-007	-1	
-57.920170291630292	139.90146840311371	-1.4187533599047955e-006	1.166078675377522e-007	-1	
-57.565589293633721	140.3101907231692	-1.4209613189556701e-006	1.1607994045044762e-007	-1	
-57.293808716493757	140.36615398986376	-1.4142195960098583e-006	1.1595172705402243e-007	-1	
-56.843697530390187	140.48715664250938	-1.4037990473728754e-006	1.159977678577114e-007	-1	
-57.95986677697217	139.45898420306972	-1.4062868327656673e-006	1.1578617180681839e-007	-1	
-58.013055036583239	138.90504527411912	-1.3910271329103144e-006	1.1486132600657956e-007	-1	
-55.472071366783489	139.61209743310118	-1.3296582051362695e-006	1.1611075761987158e-007	-1	
-56.72614597697153	140.08175675382458	-1.3868439973412688e-006	1.1568850097943718e-007	-1	
-56.548547252920258	139.46534539342255	-1.3613061367279757e-006	1.1497951268484151e-007	-1	
-48.736609741569623	191.28380409290031	-3.6586237197210548e-006	3.3412489129806352e-008	-1	
-51.516398359788376	197.58489157184911	-3.9368976710507238e-006	2.7122722879592657e-008	-1	
-42.827044397010901	190.56221218004157	-3.6501176044304676e-006	2.9138876381638153e-008	-1	
-38.879982836236351	186.10526675904205	-3.4316722389461426e-006	3.2636100017286395e-008	-1	
-27.53884876454903	176.80978691630588	-2.9077590184294153e-006	3.5249349963390957e-008	-1	
-33.468654031025935	186.78395557971987	-3.5031370454816428e-006	2.3658557914093917e-008	-1	
-29.278921556180926	183.29264640655256	-3.3218767192239257e-006	2.3076407043883134e-008	-1	
-56.523348888094283	137.93542338590626	-1.3136993988541643e-006	1.1219585844173543e-007	-1	
-57.458040892414651	138.57153160630023	-1.3633725175176865e-006	1.1380494697514821e-007	-1	
-55.019238797813514	138.65760791403565	-1.283665426181605e-006	1.1527788830998798e-007	-1	
-56.0744969470163	138.70798465536549	-1.3217689759747642e-006	1.1413202696514944e-007	-1	
-37.305697609726082	140.75033928585526	-4.7525074018009991e-007	2.2615229406881479e-007	-1	
-35.341865731197743	140.31227557042831	-2.9117638180818658e-007	2.7357886938342441e-007	-1	
-34.350000000000001	139.10988253866117	-8.6506084854586821e-008	2.8239881838693041e-007	-1	
-29.598903107617062	135.02596506963499	-8.6359536830731786e-009	-2.7348728577364525e-008	-1	
-31.886048771228428	138.14810663938667	4.4118660322762851e-009	-5.707664717535679e-008	-1	
-155.89470900974138	232.47491244098958	-4.5244296759211276e-006	2.9135312647673839e-008	-1	
-143.9676486522539	234.22626871280713	-4.5917384684769183e-006	2.7771327703565477e-008	-1	
-149.29973191966118	236.45566869348934	-4.6205896297998801e-006	2.7415717011093142e-008	-1	
-134.78358325919797	231.37609910578547	-4.5633594267110429e-006	2.7980408516527366e-008	-1	
-138.43591235329993	235.89995618759616	-4.6451446147901386e-006	2.6713389139071918e-008	-1	
-129.00900495176032	230.69857709172061	-4.5701749407602434e-006	2.7647842877143019e-008	-1	
-186.99300700934009	237.8960574598625	-4.5794380768644287e-006	2.8525148787070118e-008	-1	
-179.89962323464334	240.77684176222988	-4.6387539844532612e-006	2.7541111730866432e-008	-1	
-174.03145738886892	242.69561251300672	-4.6816624774603926e-006	2.6810542978939671e-008	-1	
-159.21816868452245	236.77424660719868	-4.6004023838239224e-006	2.7937190721381964e-008	-1	
-161.72950619034469	241.82966969071737	-4.6905459417183398e-006	2.6512263100752244e-008	-1	
-167.4792982342905	245.83452935925925	-4.7515465015189595e-006	2.5618644488135196e-008	-1	
-200	243.71642407377621	-4.6790806760419387e-006	2.6969493150040511e-008	-1	
-193.42818705089104	242.83332982827062	-4.6646814748042975e-006	2.7190235428813063e-008	-1	
9.2166745855097645	98.58776188688168	8.8897611354649838e-009	1.7430990114089109e-009	-1	
8.9173002428141519	98.906723166164127	-2.645739468824714e-009	-1.5513400262794608e-009	-1	
9.5	98.434845831992817	-5.594505174856079e-008	-4.0508148893840673e-009	-1	
9.8472551287848198	98.129013722215106	-5.5832317757505017e-008	-5.294721294367078e-009	-1	
10.30729604708494	97.908766391678284	-5.5985707086905288e-008	-8.7521257489510051e-009	-1	
8.8217137633246594	99.229022397032551	-5.5715727400712749e-010	-6.0124113636259144e-011	-1	
8.7383592722684256	99.554699534855146	3.768714249626057e-010	1.9409537824003048e-010	-1	
9.0215960388072514	99.836939831926088	-8.3878930535419472e-011	1.1519119155739164e-010	-1	
9.0214361769438476	100.50857988746957	3.4501604112402187e-010	1.0675337244878423e-010	-1	
9.2963517396971174	101.521174707725	1.206674995144612e-009	3.1550458991777584e-010	-1	
11.548402256296045	107.54375412283214	2.2288445738455542e-009	1.8796165903879151e-009	-1	
12.08972899358556	104.92812504286618	-1.7587782781840054e-009	-5.277703877692552e-010	-1	
15.068256533049961	115.48923400428673	2.1050119313115082e-009	2.7459572413939929e-009	-1	
13.877306088516125	111.37858923401662	-1.5867532983475538e-009	-8.272525020578383e-010	-1	
9.9656641047033592	102.22548245880918	-1.3525389764317335e-009	-2.5296917649855607e-010	-1	
10.723339573859519	102.83372281724205	-4.7485480652388944e-009	-1.6962125461497702e-009	-1	
16.057417440337169	120.33407518038523	-7.2232367585452418e-010	-3.3617399713797316e-009	-1	
9.5115217977645141	131.83421415326225	-7.2287718539596439e-010	6.8502314317547146e-009	-1	
13.591474829173855	127.94176568824544	1.946303158591791e-010	-1.4181193637576267e-009	-1	
5.5749746990913884	135.93876827061712	-1.6429486670890509e-010	-1.2027552715242022e-008	-1	
0.58111370834952769	137.65238689910231	1.2403333487914439e-009	-2.2768555149357201e-008	-1	
-4.2745637564435324	139.7706580535355	3.7570218956420557e-009	-2.5441886122182984e-008	-1	
-9.3979772713840646	137.25638518341162	-1.6305608448021859e-009	-2.8128971831550853e-008	-1	
-21.14986528369646	139.39861563322935	-1.5787210366541392e-009	-2.5453024826827391e-008	-1	
-17.098255025774129	142.90000000000001	1.3055674948993311e-008	5.1587097686525503e-008	-1	
-24.544128479003671	138.51070904616532	-1.6547691295191282e-009	1.2967665934197847e-008	-1	
-28.221980800526765	137.0000425135496	2.0986826034231178e-009	-5.7129719597714637e-009	-1	
43.152455073823951	4.4436729771823851	-6.8992718211668761e-009	-1.1104957896645121e-007	-1	
46.864316269330594	0	1.31740524833299e-008	4.0671818516137836e-008	-1	
45.91664687254557	2.9805195700352654	-3.1183033068819338e-008	-1.3940719941275291e-007	-1	
46.182539020085279	7.7376969563615878	1.5644800220572053e-008	3.7722398986690016e-007	-1	
37.271733724627175	94.992791737893228	1.9597805269680758e-006	-8.2205467661210132e-007	-1	
46.972499994043396	92.61165406043628	-1.3443459100345393e-007	-6.9091384758931202e-007	-1	
43.688764680184676	94.889069413018433	2.3779909073428769e-006	-8.4130600938745043e-007	-1	
29.289201715498965	101.92898961382888	1.7048320742548189e-006	-9.1522228633628107e-007	-1	
33.542328242474674	103.14605387897672	3.5661895754069742e-006	-1.2948348495070987e-006	-1	
21.918287057792856	102.60949542020103	2.1210620855220957e-007	-3.0698169045080348e-007	-1	
25.129821635706264	104.33502653226266	5.0460199113632384e-007	-5.5866009552750187e-007	-1	
53.474504835961731	68.313017238824045	-1.2388716248761619e-005	7.5733816888421177e-008	-1	
55.545635495962685	62.368373171230843	-1.3049741335147949e-005	1.9802863999350646e-007	-1	
56.787014015052044	74.452266540371554	-1.4425808949455316e-005	-3.9102826772371864e-009	-1	
50.25963395366422	90.33914693587819	-3.9081078684987331e-006	-5.3374236859044721e-007	-1	
57.506850715936118	84.08739701512755	-1.3769402728108898e-005	-2.1471285877090161e-007	-1	
56.125855879736761	89.671311372124521	-9.6085666618578537e-006	-3.9433661813368947e-007	-1	
49.63421739743908	11.730937958172042	-1.8355683923662922e-006	6.4981534874987074e-007	-1	
55.708169910071241	13.512577619674593	-3.8468349116113328e-006	1.055852653085803e-006	-1	
59.77920771919878	29.40690681545296	-9.1547060284701076e-006	7.8130202272010142e-007	-1	
58.541151976587074	23.88069838733972	-7.5432274050531787e-006	8.8994961636256709e-007	-1	
58.961148037245366	14.963023896502596	-5.2884372480128102e-006	1.1988476112357323e-006	-1	
62.867634836830781	20.226480595146565	-7.9830795712253035e-006	1.1143621722404696e-006	-1	
59.144758512791228	37.706052196687438	-1.0632738746235408e-005	6.132478137884581e-007	-1	
60.518815354242257	45.425051621203245	-1.2481164482661582e-005	5.0605123742768234e-007	-1	
62.41144274526431	52.62921946397244	-1.4489822907409884e-005	4.1653251396780666e-007	-1	
62.598305428936278	59.198273951729988	-1.5764087262104813e-005	3.2117015972645966e-007	-1	
62.743993207289023	33.703815838881219	-1.0936478394678938e-005	7.389721751524113e-007	-1	
12.258096944568685	99.641277638951379	-5.4608794364055029e-008	-2.7055386381775134e-008	-1	
11.070868910673047	98.283304472759596	-5.641682493889036e-008	-1.7784230682871625e-008	-1	
12.706026527643131	101.044916673855	-5.8026476708160254e-008	-1.7859700725913843e-008	-1	
14.242522106369275	101.9290972282125	-5.797724723662228e-008	-2.8525062252685366e-008	-1	
15.77901768509542	102.81327778257001	-5.6616443937920404e-008	-5.0474383782735959e-008	-1	
18.852008842547708	104.581638891285	-6.5757146154285104e-008	-7.8658411837103124e-008	-1	
-54.000963384268751	203.2458166718753	-4.1661682290225758e-006	2.2584416016294438e-008	-1	
-63.650746223615691	212.07761772276783	-4.4342737730490378e-006	2.0687516123584785e-008	-1	
-55.312492088384005	209.2872592816548	-4.4044982357203562e-006	1.7689543456821086e-008	-1	
-81.924055371062423	218.03420744610278	-4.4916729344597297e-006	2.4499269897952554e-008	-1	
-74.923538064616707	218.26244115739939	-4.5517388512701243e-006	2.1710741100218234e-008	-1	
-69.103662637206696	219.09545723633016	-4.6315897962823573e-006	1.8463234974629206e-008	-1	
-96.168023782563779	224.92986298598831	-4.595903048201357e-006	2.4691658622736635e-008	-1	
-99.32101462129836	229.21998458641283	-4.6891494577127561e-006	2.3356643097142828e-008	-1	
-90.854267884681207	225.26226760883733	-4.6414327358808024e-006	2.3108652170313623e-008	-1	
-85.590651640567373	223.45854966600385	-4.6284121296624186e-006	2.249144939811834e-008	-1	
-123.19661077974025	234.18975137878525	-4.6730252405992513e-006	2.558840105055745e-008	-1	
-116.10441588450456	234.79288047701289	-4.7232832159126127e-006	2.4279182728668219e-008	-1	
-104.43947454968101	234.05146032363916	-4.7777759273615872e-006	2.2337908765701405e-008	-1	
-110.42905414518061	239.68669627180682	-4.8718057600091473e-006	2.1296122325566983e-008	-1	
-31.974867496937364	147.15199837274912	-6.4843259163559591e-007	2.2927323374650418e-007	-1	
-29.327640963676551	147.93312865282127	-6.353490000138409e-007	2.0592929314000154e-007	-1	
-32.7062719220988	145.68058029625894	-5.3973628396102485e-007	2.588539695823574e-007	-1	
-34.003724625456528	145.5773278916005	-6.0748875494532559e-007	2.5267355713919751e-007	-1	
-24.805014791077944	150.17933976257518	-7.7408914465309664e-007	1.4936342452042524e-007	-1	
-19.501544091676113	152.91974741281516	-9.8568146657729556e-007	9.8645168492314337e-008	-1	
-15.731069420225312	162.21116232119272	-1.8053322736122396e-006	4.711418692855478e-008	-1	
-21.983368926606392	171.02791702041225	-2.5091184274577983e-006	3.8160757474814058e-008	-1	
-17.69140386047021	167.44626410108597	-2.2422715702400315e-006	3.5899030069321103e-008	-1	
-35.108163116989296	144.74502985922354	-6.0946634683500418e-007	2.5443213588013409e-007	-1	
-35.781867289704145	143.94665873925936	-5.9328439168343576e-007	2.5375122304842672e-007	-1	
-36.42839601468863	142.08425653857572	-5.0350932425365934e-007	2.5210706783261597e-007	-1	
-35.661281137224414	142.76116553215354	-5.0384402402008514e-007	2.6933719487115077e-007	-1	
-57.544543191092039	140.05323160286557	-1.4119042339596678e-006	1.1626542492534798e-007	-1	
-57.5806444600981	139.69041132469061	-1.4016542044506075e-006	1.1567927090028683e-007	-1	
-57.402229789049287	140.11072994957865	-1.4093516377325366e-006	1.1600258650680026e-007	-1	
-57.145270668745688	140.13177605212036	-1.4019273372573892e-006	1.1576456924885861e-007	-1	
-57.549269851797796	139.21258491439485	-1.3858357685082539e-006	1.1487372112030015e-007	-1	
-57.037623345630003	139.79688961589818	-1.3878187905188848e-006	1.1530219596336272e-007	-1	
-56.934040165215244	138.95191996672111	-1.358084277431904e-006	1.1385306534672647e-007	-1	
-57.139385803775724	139.46016825712852	-1.3805297847593631e-006	1.1471377151110182e-007	-1	
-43.824784751181184	196.43146866071888	-3.9399440145834473e-006	2.1670340853413372e-008	-1	
-45.851130214070061	202.91368516450595	-4.2269700658629839e-006	1.5904320491467486e-008	-1	
-35.766392768894463	191.81336665826581	-3.7714999277418167e-006	1.842591233166888e-008	-1	
-21.857368189236297	180.38415384805802	-3.1944797308941191e-006	1.2679631326668078e-008	-1	
-30.270888139472376	191.20180474602577	-3.7949502962001668e-006	1.0570010740868066e-008	-1	
-21.859937984501776	186.20768776207058	-3.5890902799492343e-006	1.2054882154060468e-009	-1	
-35.825732487864784	141.34925210408059	-4.0970354513272812e-007	2.6782219792037822e-007	-1	
-34.350000000000001	140.92819629510473	-2.7474206963421663e-007	3.2496008767318681e-007	-1	
-34.875831925405691	141.38277473421562	-3.5099745094403688e-007	3.0222017991033884e-007	-1	
-33.366726585323981	140.33983238615232	2.2430848854065182e-008	-2.5376567098416669e-008	-1	
-29.706261006268324	138.89472165925716	-1.905925820043754e-009	3.7552680647926202e-008	-1	
-30.990587234215607	140.8076813630598	1.2469392172899591e-008	-6.1673541378021265e-008	-1	
-154.93468612484941	240.1181119818221	-4.6757562539304528e-006	2.6631019829280101e-008	-1	
-144.8513614379076	239.60378646131298	-4.6972841459856917e-006	2.604070503541863e-008	-1	
-150.66994726814474	245.31216648855724	-4.7888710707633151e-006	2.4698780029626692e-008	-1	
-131.34015495225333	237.15518564568433	-4.7001351230146636e-006	2.5519711590273567e-008	-1	
-134.78085360853777	241.24603093912242	-4.7705943290002725e-006	2.4484084224603951e-008	-1	
-140.04529382101973	242.17290294075204	-4.7668218342725278e-006	2.4745119509198799e-008	-1	
-185.37760932828255	243.82145883769289	-4.6876529108917128e-006	2.6797177627550675e-008	-1	
-177.68072361127071	246.53822493373886	-4.7453575594395756e-006	2.5830887314446462e-008	-1	
-172.66813464692143	248.25774988337216	-4.7844531896563701e-006	2.5162889843249945e-008	-1	
-156.61946148726074	246.62408859667664	-4.7939070484290951e-006	2.4759117926041055e-008	-1	
-162.85057556603996	251.24559297907601	-4.8608659833431105e-006	2.381383285011673e-008	-1	
-168.11466685980884	256.0408016177222	-4.9322516064735424e-006	2.2778962416862943e-008	-1	
-200	249.96162751288708	-4.788709964163439e-006	2.5243039127476065e-008	-1	
-195.11943460178787	247.86764737390359	-4.7529617140526371e-006	2.5800532546582149e-008	-1	
-190.4363825819016	250.37238193223942	-4.7990943868460005e-006	2.5062320817633707e-008	-1	
9.3172893506674832	98.893593996659419	1.1358945139389183e-008	5.615079640579024e-009	-1	
9.5	98.740677941770542	-5.602719031778549e-008	-4.5931288446333596e-009	-1	
9.2538676435929847	99.123255025774142	6.873050192578232e-009	2.148000987724492e-009	-1	
9.7866785222976969	98.58776188688168	-5.6035991412596968e-008	-5.864618763738905e-009	-1	
10.230328110418206	98.412971181267068	-5.6111305058003923e-008	-8.9238329813969387e-009	-1	
9.0820740449822424	99.441686670042273	-2.148939595154221e-009	-1.2494724473364253e-009	-1	
9.4032952521040531	99.956054741902349	-3.6537490154820151e-009	-1.3416877337061287e-009	-1	
9.4437552382117822	99.451609726979697	5.7143137035687606e-009	1.8539051795726308e-009	-1	
9.645664725711864	100.53177727774373	-2.0892083491931088e-009	-3.2796345765764777e-010	-1	
10.235809942109301	101.29218203733721	-5.1566864392534519e-009	-1.4270899237164412e-009	-1	
14.140650503155259	106.89970509742847	-8.525414280258031e-009	-8.279290008316415e-009	-1	
14.04091629825769	104.05656246324057	1.2128760417073973e-008	7.9188616970842796e-009	-1	
12.15583933849843	102.42829101810891	1.3803773836264888e-008	5.3895060966415188e-009	-1	
17.879221209217793	112.26212369039582	-9.6112696145680956e-009	-1.2114830793980984e-008	-1	
20.839804746401384	116.16988638245725	-1.8122516804232014e-009	-1.2609671001436459e-009	-1	
18.630113754831598	108.23321339679886	2.067378307342351e-008	1.8514366733468752e-008	-1	
11.198343849196343	101.2882765851279	1.5774811375242226e-008	4.0950570434727778e-009	-1	
21.535138317936894	127.01654236264751	8.7105919490562823e-010	4.1439342107183411e-009	-1	
20.952645834622309	121.03240482311065	3.8618284904755397e-009	1.970053368360817e-008	-1	
14.990964844355751	133.16570793487782	-1.3251011353000828e-009	7.9187550545407188e-009	-1	
12.823691269330599	138.12061158174541	4.298861167288431e-009	-2.4814498135664016e-008	-1	
20.322752523748122	132.26006725523499	-3.1447562191851108e-010	-4.3418287737231099e-009	-1	
8.5491275128870647	142.90000000000001	-6.5147869674954737e-009	6.6248082679571534e-008	-1	
4.2745637564435324	142.90000000000001	3.4821791564218512e-009	5.7779097009442656e-008	-1	
0	142.90000000000001	-1.4488957218718466e-008	9.9421659450587563e-008	-1	
-8.5491275128870647	142.90000000000001	-8.0087402455994486e-009	9.839712925299897e-008	-1	
-24.320799376078476	140.90014076726416	8.5497042237609455e-009	-6.831832626030124e-008	-1	
-21.372818782217664	142.90000000000001	-1.3458386230048523e-008	1.5378427960623654e-007	-1	
-19.235536903995897	146.95603416308475	-4.0787624891180886e-007	1.0893938605805583e-007	-1	
-12.823691269330597	147.74355908840573	-4.72112943060716e-007	7.7495738515383692e-008	-1	
-27.773778639186606	139.36478597043987	-1.7767289548136318e-009	1.3834005724419616e-008	-1	
-26.71602347777208	141.04900762278564	5.8527783544182405e-009	-5.2599630931149972e-008	-1	
51.110755025774139	0	2.0292804878482879e-008	4.3963104479766788e-008	-1	
48.987535647552363	2.3878845014615231	-2.5311403176109717e-008	-3.7983563763140515e-008	-1	
49.836308530127923	6.4565454345423801	1.5252286823587508e-007	3.7942685301750396e-007	-1	
42.179302785635151	98.353766619631543	5.0730729568417342e-006	-1.0670410104634492e-006	-1	
39.399397946841432	100.54737823931241	5.4482321485173465e-006	-1.2339789809403558e-006	-1	
47.584785951793883	96.560659530880883	4.0627253788073169e-006	-8.7743534846684969e-007	-1	
52.004675351263522	95.827171437365891	1.3947275426699674e-006	-7.2081972608181833e-007	-1	
44.415966026871686	98.597678336319234	6.1055629858766879e-006	-1.0605045647221471e-006	-1	
27.541007629770533	107.25344766266943	6.3188681923689106e-007	-9.546133518548684e-007	-1	
30.913758385325441	106.04373703092347	2.2489991992943233e-006	-1.3896628137492327e-006	-1	
34.171247486954272	107.00745358982158	4.2960054039883767e-006	-1.8274535556340199e-006	-1	
37.332360630990934	104.11641548012724	5.9546014858066048e-006	-1.5337054204239817e-006	-1	
21.924999999999997	106.34999999999999	-1.2741863859819748e-007	-1.1381849986559811e-007	-1	
24.997991157452287	108.11836110871499	-1.9301923058310564e-007	-4.3652686185727903e-007	-1	
60.706805199539758	65.972634897582751	-1.6063067938107009e-005	1.961392491017775e-007	-1	
60.959089495617221	78.985027060367756	-1.7619509875384611e-005	-3.7602609422959464e-008	-1	
63.388353498855587	72.080686786980507	-1.8647080778116742e-005	1.2961860745222459e-007	-1	
54.814555725635223	93.862819744112414	-3.9626183375295081e-006	-5.558078214352764e-007	-1	
61.03413567445255	88.631129743326895	-1.6917264602018445e-005	-2.6109419483288145e-007	-1	
65.289157703872732	83.978674110471417	-2.284782655832571e-005	-5.8372728313524622e-008	-1	
60.168275486487808	91.388021670790593	-1.4154119771407841e-005	-3.4842459368092833e-007	-1	
58.226606736101132	93.528136020209487	-9.0461348258809584e-006	-4.4328041818910441e-007	-1	
53.756915463102715	8.4349679979622518	-1.4279011127887612e-006	9.6145346282154507e-007	-1	
58.467363597956684	11.260353987223622	-3.8882427160428851e-006	1.3532873500737508e-006	-1	
56.593560636513089	10.062687134547806	-2.8425923589853807e-006	1.2423186563722605e-006	-1	
64.619298414037573	29.23861361302512	-1.0585654829180109e-005	8.654397943119356e-007	-1	
67.538029952187927	23.608692848696723	-1.0277037717288262e-005	1.0733412758666912e-006	-1	
60.659286637698187	11.6358760453821	-4.7938389554589061e-006	1.4814707926804227e-006	-1	
63.981607147108313	13.76709353244703	-6.6870986424072846e-006	1.4707302725458558e-006	-1	
69.048185608184838	18.043499217179736	-9.5869880045886946e-006	1.3068522492746524e-006	-1	
64.445873164734834	38.639095441543454	-1.2465339141221491e-005	6.6352449701626347e-007	-1	
67.760404553337139	43.107246643086413	-1.4444945768428069e-005	6.1905762856476309e-007	-1	
67.656318932680364	48.669589644866527	-1.5583803966838649e-005	5.2881752656912119e-007	-1	
68.430534241111971	55.267008706935393	-1.738140078952276e-005	4.3969462090775618e-007	-1	
69.102257982910089	61.875649629172301	-1.9355752723530604e-005	3.5579390614799399e-007	-1	
67.924266333640318	34.350461400539416	-1.2672847085900581e-005	7.8643326889816015e-007	-1	
11.067205197240556	99.44999280932231	-5.6393861368166822e-008	-1.4183779498762173e-008	-1	
11.169530948916982	100.1607361194975	-5.734519682306098e-008	-1.0740605463464155e-008	-1	
10.426148323536523	99.126461207941972	-5.636998636919182e-008	-9.7846749667629038e-009	-1	
16.315674427825851	105.40008713754382	1.8119495347438364e-008	2.1186753585926065e-008	-1	
-49.588159222468882	207.57551594302328	-4.3943867318604381e-006	1.462238823530436e-008	-1	
-56.530136183280682	214.70135110831799	-4.6040327158884805e-006	1.4074989732871964e-008	-1	
-60.219839027865113	218.84636502482579	-4.7167463113370683e-006	1.3561353090001833e-008	-1	
-51.744094355253679	212.93377337575458	-4.5926231351326475e-006	1.1771431148664316e-008	-1	
-77.563538934258844	223.5155603438082	-4.695869477029782e-006	1.9557019515699424e-008	-1	
-68.612125780618939	224.37746403761864	-4.8125006531171927e-006	1.4897654973646594e-008	-1	
-63.580601069132165	226.05822678349924	-4.9274481705075274e-006	1.1086617352426473e-008	-1	
-90.105320486852008	230.77571772449843	-4.7996689874737339e-006	2.0098892031840728e-008	-1	
-99.231141358756219	234.86675773014085	-4.8356062129280347e-006	2.0746659956892169e-008	-1	
-81.747299104692573	228.75912114530053	-4.8159437416605791e-006	1.8258093671744174e-008	-1	
-118.9010395048205	239.86523026282848	-4.8222971160303658e-006	2.2784221739526359e-008	-1	
-125.15693905043111	240.13677841723592	-4.7936595961483781e-006	2.3643935889019737e-008	-1	
-102.95729124226497	239.11056865732351	-4.911641019602096e-006	1.9893029851047752e-008	-1	
-114.59067431580785	243.30516689646865	-4.9259655015540638e-006	2.0743585418085736e-008	-1	
-106.27615099136338	244.80696077077596	-5.0207084188788881e-006	1.8454047766956487e-008	-1	
-31.061785308310842	145.78587081436345	-4.641637034317872e-007	2.5359669643832703e-007	-1	
-29.431915487729228	144.76158641329036	-2.8238054036238845e-007	2.5830511193479545e-007	-1	
-26.71602347777208	145.5051919636673	-3.229020855377222e-007	2.1229830382263959e-007	-1	
-32.167339292099605	144.49584564375647	-3.7722220454025936e-007	2.9288525884308734e-007	-1	
-33.178394529396591	144.46767270695284	-4.503904303761528e-007	2.8920738414241347e-007	-1	
-34.210932298825362	144.21000591913943	-5.0894664274622566e-007	2.8089161753818479e-007	-1	
-23.510100660439431	145.29847823606897	-2.7025708840347547e-007	1.7233751613496182e-007	-1	
-14.175407689142171	155.73842432048951	-1.2304378083465733e-006	6.434747942044503e-008	-1	
-12.26664440910792	168.79577759057298	-2.3876450242868707e-006	1.1522889407526648e-008	-1	
-8.3056990609319286	157.10194517041012	-1.3695591731542064e-006	3.5204746956887669e-008	-1	
-6.4259765350531071	164.18643949401337	-2.0346439725410565e-006	5.8127950090489343e-010	-1	
-15.368018368871988	175.55897790293318	-2.9041137290779918e-006	4.6135931550180318e-009	-1	
-35.151279538644005	143.70127953864397	-5.3708211497191793e-007	2.7119109691521496e-007	-1	
-35.412502517862862	142.20521696152713	-4.4925154149508738e-007	2.8039773824135663e-007	-1	
-35.008874013593108	143.03978688538416	-4.8451161609570718e-007	2.844587280731299e-007	-1	
-34.966134893443666	142.61961478790096	-4.5407517689443976e-007	2.9122501346481755e-007	-1	
-57.344731442336197	139.96841654753592	-1.4030475079562087e-006	1.1568251464873203e-007	-1	
-39.506586542714807	200.49046987501853	-4.1865984526390387e-006	1.1426884794170137e-008	-1	
-34.569748441490297	197.2117572942048	-4.0766181344818423e-006	9.0021506683279858e-009	-1	
-43.905386884380853	209.42054997268428	-4.5467846453784724e-006	7.5091117079125736e-009	-1	
-16.684516200709169	183.53775083185161	-3.4819371246669839e-006	-8.278409090431189e-009	-1	
-20.512063289234728	191.87309045361519	-3.9761176283888456e-006	-1.0579257290972802e-008	-1	
-27.183597027355656	197.00081461216507	-4.173928296683953e-006	-3.0915371778397083e-009	-1	
-14.220717400534774	189.07248362609383	-3.9112179638679233e-006	-2.3691982657779998e-008	-1	
-33.84135270763776	141.38277473421562	8.6732932144620253e-008	-7.4736774923177666e-008	-1	
-34.350000000000001	141.83735317332651	-3.636220074337959e-007	3.2442087890971142e-007	-1	
-34.81742512209118	142.07539975282737	-4.0592029017362848e-007	3.0225191561049403e-007	-1	
-33.120828589859826	141.79857111572363	3.5248331861479063e-008	-7.6177791824754054e-008	-1	
-28.853305355993843	141.03513641972552	5.9597494410302193e-009	-8.4652351498981523e-008	-1	
-29.921946295104725	142.90000000000001	-2.6744858864759775e-008	3.045127514582419e-007	-1	
-32.059228173326488	142.90000000000001	-1.3365302724110468e-007	3.7025661969041655e-007	-1	
-144.59161173086196	244.89780413814222	-4.8025634625595256e-006	2.4312393271164313e-008	-1	
-156.54376175585227	253.23757066718798	-4.916098339475838e-006	2.281860700704125e-008	-1	
-150.37820067776033	254.95992510146655	-4.9698130343178812e-006	2.1820907387064412e-008	-1	
-146.5673248191944	249.81620335592467	-4.8893727745446505e-006	2.2977773849469308e-008	-1	
-130.14987055638497	243.91575347692958	-4.8478901286248896e-006	2.3004787214199791e-008	-1	
-136.13800772281115	248.95157660543632	-4.919370175963958e-006	2.2123962558101034e-008	-1	
-141.38087998920585	249.04356993686756	-4.8969779261620768e-006	2.2683647581505357e-008	-1	
-182.23672472522333	249.24482206437901	-4.7870746397860723e-006	2.5208271948980973e-008	-1	
-173.80281939485451	253.87099418131021	-4.8815704179374771e-006	2.3646965085738014e-008	-1	
-179.25256682247485	253.80539785201108	-4.870939677532207e-006	2.3868283451844346e-008	-1	
-162.48449472479956	258.3568986155226	-4.9881737563654719e-006	2.1814124301252792e-008	-1	
-167.42605207789958	262.08968194842731	-5.0375218201580669e-006	2.1141039963274567e-008	-1	
-176.59264962467768	259.23478771365325	-4.9680012590077496e-006	2.2335230655127159e-008	-1	
-200	256.20683095199792	-4.8955978657576349e-006	2.3574456949919068e-008	-1	
-195.77077653654487	253.08422923244251	-4.8430851270319452e-006	2.4389151575899652e-008	-1	
-184.68364082208936	254.260903191149	-4.8713717921487439e-006	2.3902909051446478e-008	-1	
-189.85718744428925	256.35443695093511	-4.9020399773958485e-006	2.3453024548459812e-008	-1	
9.5	99.046510051548267	-5.6076415608239697e-008	-4.5271817228977066e-009	-1	
9.6769761266152408	98.893593996659419	-5.6095011980933795e-008	-5.3689487208695495e-009	-1	
9.5	99.200000000000017	-5.6065767312088081e-008	-4.1347826325298475e-009	-1	
10.061918419392601	98.859082068578076	-5.6193868973521454e-008	-7.5744830878503404e-009	-1	
9.7232871736685276	99.563999957861085	1.1370758426511927e-008	4.3400088693272924e-009	-1	
9.9766992787646327	100.00204571865204	1.1616736032043449e-008	1.9753772034880455e-009	-1	
9.6330353701908376	99.276555565140001	-5.6140517225652688e-008	-4.7467781647885234e-009	-1	
10.53379783565501	100.37692797963007	1.202798789064233e-008	2.4178553617961191e-009	-1	
21.549256210356642	110.43817170108095	3.2526632301242575e-008	4.520816369095442e-008	-1	
24.642550606016293	113.13740511721143	-1.8936424984981307e-008	-5.2901074876002528e-008	-1	
25.443342048595795	117.73968350444146	4.0065945030232538e-009	7.6457431607375979e-009	-1	
25.682883966373016	130.44592111819705	3.4099158838375882e-009	3.7491428730680451e-008	-1	
26.789269892766356	125.85098069224334	-1.2763574089315825e-008	-7.3429422538177786e-008	-1	
26.518950258854112	120.87549330220847	-1.118313045969879e-008	-4.2511409205732488e-008	-1	
19.235536903995897	138.17242391300431	2.7904754801135568e-009	-1.3849316921665588e-008	-1	
17.098255025774129	142.90000000000001	-1.8562892446042277e-008	8.3794209808613934e-008	-1	
25.764065816996848	133.81385132435798	-4.0210162280912888e-009	2.6248980796696026e-009	-1	
12.823691269330597	147.74360867472376	-5.1704273755172677e-007	3.8904260903001002e-009	-1	
6.4118456346652986	146.75725382332092	-3.9950706216521869e-007	3.4505584332481056e-008	-1	
0.31309062493260392	147.95472601101352	-5.1302736779189996e-007	5.1612042584793379e-008	-1	
-4.2745637564435324	145.80956679480656	-2.9515514923836744e-007	7.908881518080423e-008	-1	
-25.647382538661194	142.90000000000001	-2.851029067277256e-008	2.2935545391711437e-007	-1	
-9.516365674497365	151.91664515444285	-8.7534624941312747e-007	5.8695157309102232e-008	-1	
-27.784664416882965	142.90000000000001	-2.1395920923118684e-008	2.6041814633085805e-007	-1	
53.233974403995902	0	2.5883923542109584e-008	1.8389149433318407e-007	-1	
52.172364714885013	2.6465671878741039	-5.7448046803368327e-008	-2.0709730509618926e-007	-1	
53.490078040170559	5.1753939127231749	1.5296906310150879e-007	8.8013635805576051e-007	-1	
42.465145712350647	101.57426267148641	8.0000596787426975e-006	-1.3094068608457328e-006	-1	
44.244863660987001	100.84108631540484	8.414020651816028e-006	-1.225083902242529e-006	-1	
41.33822097440526	103.13470625611937	8.3819381197703697e-006	-1.4586218558167963e-006	-1	
46.14226907243436	100.04060355098468	8.5095856563446394e-006	-1.1258052457072329e-006	-1	
50.067243818129263	99.394079420724779	8.2896332935760118e-006	-9.7540507108182877e-007	-1	
52.606958455575111	98.763787428067403	6.3156176826836502e-006	-8.4422462488805376e-007	-1	
54.169255139202548	97.901069399231147	3.3211529264050196e-006	-7.2457096691173922e-007	-1	
29.656369786126575	108.90881801249726	9.8358829586715865e-007	-1.5564864537545991e-006	-1	
28.070982314904576	109.88672221742999	-3.2225329661708622e-007	-1.1258413292130262e-006	-1	
31.507569397982714	109.11572394522146	2.156234036987294e-006	-2.0035276390301031e-006	-1	
37.662439343899031	108.22758540299915	7.3030313418828416e-006	-2.0912671957952469e-006	-1	
35.172007293156597	110.2537537397484	5.131496538885173e-006	-2.5321027371669616e-006	-1	
39.759248215238351	105.93807441781202	8.6070933850576916e-006	-1.7593026141725863e-006	-1	
24.528921202693816	110.60725020151561	1.0464589273561783e-007	3.283088336095462e-007	-1	
69.443154497689378	69.280975367983814	-2.1695631061107387e-005	2.5958509730228045e-007	-1	
66.98398808524999	77.699442083864639	-2.2844156259566762e-005	9.6399166229338957e-008	-1	
57.591537932820081	95.873410481693213	-4.8525803142348605e-006	-5.0834795971970069e-007	-1	
63.36253248105136	91.700574501578032	-2.0157207822174959e-005	-2.9518797957249693e-007	-1	
64.694430981665406	89.833278268647518	-2.2961903243888876e-005	-2.1393474055503872e-007	-1	
68.368867994522233	88.993200433934874	-2.9459538639756733e-005	-9.2280157620084303e-008	-1	
71.049682020590836	82.775989896082748	-2.9199917841235537e-005	1.0539123904367306e-007	-1	
60.846335232143545	94.197007599224207	-1.3332912005206813e-005	-3.9554948085224589e-007	-1	
59.037020989431426	95.81873712528818	-7.6507029323527226e-006	-4.5797869639977833e-007	-1	
56.354341405786613	6.4476572774880125	-1.18758967395365e-006	1.4043585338366399e-006	-1	
58.409364962478811	9.0372526430209099	-3.006006320812417e-006	1.5104157093151271e-006	-1	
69.458480494186304	29.04595502532154	-1.2045910446430314e-005	9.2633550907187846e-007	-1	
75.070325549616385	22.665143229511273	-1.2568923141192295e-005	1.1337320213833041e-006	-1	
60.325676207147318	8.2148096600938967	-3.3893503956805802e-006	1.7698326437884148e-006	-1	
63.589789347626613	9.8394504279341177	-5.3543067867007211e-006	1.7923228034385519e-006	-1	
67.309977032584527	11.645335900229448	-7.473859736589464e-006	1.6756930100152216e-006	-1	
71.542753028843464	10.522760644174447	-9.0189443153582942e-006	1.705282956525888e-006	-1	
75.706585769623345	14.082813414547257	-1.1303703047491565e-005	1.4375143430511178e-006	-1	
71.239777995591439	38.76622672430981	-1.4629874447192541e-005	7.252311685526649e-007	-1	
71.999105600666397	45.968708902270343	-1.6462393582520486e-005	6.0888588278790045e-007	-1	
75.132431631281619	50.01059222755736	-1.8490866482616002e-005	5.7456594883498656e-007	-1	
74.804210046505844	57.138266132330507	-2.0327084838810785e-005	4.7667440296984306e-007	-1	
76.065195493498379	64.419772455479119	-2.3271783135086569e-005	4.0481576661465707e-007	-1	
75.652864577977027	31.718794729337677	-1.4518304652288738e-005	8.9482637041477746e-007	-1	
10.401283159553909	99.71864584231875	-5.677553611568311e-008	-7.5704321859458835e-009	-1	
10.017159264872372	99.49760070372939	-5.644713536212822e-008	-6.0871134712355816e-009	-1	
9.8787002316473824	99.199380081543111	-5.6248689214003794e-008	-6.0604873132874373e-009	-1	
-46.763280851626035	213.54549174047142	-4.6837309860804547e-006	6.8973230684547726e-009	-1	
-54.831839850678222	219.98442190247235	-4.8265038960239702e-006	9.0212152267983549e-009	-1	
-49.705420039448143	217.61077395885835	-4.8062110693367846e-006	6.5539459059759378e-009	-1	
-58.620976204001977	223.98043920549364	-4.9199701491605656e-006	9.2158600897113419e-009	-1	
-75.076684724312514	228.05082542251142	-4.8603457692398791e-006	1.590273462836604e-008	-1	
-70.102464313463514	229.46864223011602	-4.958851884575517e-006	1.2796023482229755e-008	-1	
-58.921343250793477	232.50779949077889	-5.2061192332593096e-006	4.84633737566577e-009	-1	
-64.289900130313157	233.98303380739861	-5.1758721927645436e-006	7.3957639484185106e-009	-1	
-84.091667342017658	236.92056589524205	-5.0232870885090156e-006	1.5182505954323833e-008	-1	
-94.540817697765718	238.01238772987062	-4.9539830196435763e-006	1.810517283482132e-008	-1	
-89.091726961211819	239.61517612909719	-5.0457488257165062e-006	1.5723152467089093e-008	-1	
-76.55570333524841	233.00719275596626	-4.9924848314377828e-006	1.4030120527741955e-008	-1	
-121.7537951029004	246.34090054141146	-4.9458888676931397e-006	2.0937184983520554e-008	-1	
-126.71955779592665	247.78625932133778	-4.9464331528140611e-006	2.1227332380470774e-008	-1	
-98.544155648299153	245.49679241751917	-5.1029674172009814e-006	1.6238405421648842e-008	-1	
-115.11669795175017	248.79476717704847	-5.0430179555833828e-006	1.8900579465181538e-008	-1	
-105.76930993414592	251.38015065751338	-5.1739224180912842e-006	1.5998441701947589e-008	-1	
-111.12193913708356	252.54213179128374	-5.1543520640251322e-006	1.6821144077010232e-008	-1	
-31.238232028665703	144.09611310784254	-2.6570208998752264e-007	3.0051861356694927e-007	-1	
-32.593548642881935	143.57858232467109	-2.9989506553067082e-007	3.3029569656658366e-007	-1	
-33.445657722382791	143.43757717521132	-3.8343129300242026e-007	3.2129529005747517e-007	-1	
-34.070298227619666	143.51577634840552	-4.4777298293623738e-007	3.0264858694414748e-007	-1	
-34.489786885384184	143.55887401359311	-4.8349037507507733e-007	2.8990943014740097e-007	-1	
-7.3576496435034073	174.45083672234705	-2.9230115808741163e-006	-2.3644255076675151e-008	-1	
-4.2745637564435324	150.98039595861979	-7.9836804487501931e-007	4.8962047256690751e-008	-1	
-1.0133089754374791	156.36406751358231	-1.338393591793177e-006	6.6299649129539288e-009	-1	
-0.75729791049907291	166.53495254920125	-2.3155001783920036e-006	-3.542694359941767e-008	-1	
2.6863078340255084	161.45646749998227	-1.8664002799505915e-006	-3.640424745262784e-008	-1	
-10.935405020385009	178.09464338614194	-3.1612555832261943e-006	-1.708775710659134e-008	-1	
-34.546209797576061	143.09620979757605	-4.606218203518669e-007	2.9735186335130128e-007	-1	
-34.59613235640704	142.82325502577413	-4.4859002093212332e-007	3.0043749880309575e-007	-1	
-34.555900475687551	142.51922083199281	-4.2699777354079736e-007	3.0683905775060209e-007	-1	
-35.210692530058559	204.57306969098289	-4.4465022911212592e-006	1.5953666860462458e-009	-1	
-30.016616283106583	202.0383811059161	-4.4026183665222813e-006	-3.6959825771964291e-009	-1	
-36.893371340926059	211.04929659936207	-4.728364501326545e-006	-1.8714572255495375e-009	-1	
-41.403818754399374	214.20620970715916	-4.794176090530756e-006	9.7946853081151236e-010	-1	
-10.636015093090721	183.19248863794746	-3.5588751597067936e-006	-2.7108544556435546e-008	-1	
-20.687351538564915	197.97993482332501	-4.3485334858157514e-006	-1.7147299320280436e-008	-1	
-14.913801822629251	195.98233681475847	-4.354617184480052e-006	-2.8837206096959112e-008	-1	
-24.302409587668603	202.90493527284994	-4.5576976272367554e-006	-1.4400151742313668e-008	-1	
-7.4525576606883615	190.34387869826583	-4.1600961278244199e-006	-4.5951872999044986e-008	-1	
-33.861849570734968	142.06464239288195	3.6770953027517864e-008	-2.0782281537942595e-008	-1	
-34.350000000000001	142.29193161243739	-4.0170692681003919e-007	3.1875136189798693e-007	-1	
-33.579308270074492	142.43865111186167	8.9062841473419314e-008	-8.4942055069486131e-008	-1	
-33.127869112437374	142.90000000000001	-3.032995472047489e-007	3.5678453780071993e-007	-1	
-154.77676984801937	259.61107952369423	-5.0363980375803846e-006	2.0901653256175383e-008	-1	
-148.15120732937569	261.42717560535425	-5.0962789290130332e-006	1.9795109414914395e-008	-1	
-141.66760686840652	259.15578644257363	-5.0861670527401874e-006	1.9728713697384336e-008	-1	
-138.66849969437393	254.18065138568693	-5.0080571869123043e-006	2.082641852038585e-008	-1	
-128.87608732514289	252.48702963223144	-5.0292263730740882e-006	2.0029753647133233e-008	-1	
-133.33644494815559	255.85388894187696	-5.0689657575850392e-006	1.9641596934739111e-008	-1	
-184.9577590026299	259.83524866649742	-4.9653821557012439e-006	2.2445613349933309e-008	-1	
-163.49091230524863	267.88695892300098	-5.1469996486909337e-006	1.9399569250813457e-008	-1	
-157.89613817866882	266.77009717587947	-5.1481269675183672e-006	1.9266407282939927e-008	-1	
-169.09740010268914	268.05284019422459	-5.1323608810804944e-006	1.9718043730909666e-008	-1	
-173.22720723955302	264.25745944503751	-5.0596488628706222e-006	2.088251957763994e-008	-1	
-179.29558976614945	264.68473699660984	-5.0541931612672523e-006	2.1033543062752629e-008	-1	
-200	262.45203439110878	-4.9994701610404431e-006	2.1968882527792743e-008	-1	
-194.96241072328408	258.60438438317897	-4.9368156215733072e-006	2.2930206479862376e-008	-1	
-190.32730864261509	262.20466714469416	-4.9992555751204388e-006	2.195212579955381e-008	-1	
9.6327078429296584	99.123255025774142	-5.6123931489175134e-008	-4.9504488854925611e-009	-1	
26.403692009515503	112.31013891209192	3.7709776701501516e-008	1.2815065449978921e-007	-1	
26.875106472581507	115.15761153428141	-3.7833263535574884e-009	2.2517110493212946e-008	-1	
28.338914291066768	118.31649058961723	7.9448518582980369e-009	3.73878609237245e-008	-1	
28.104894141065238	116.46172204807868	-1.4340817856330376e-010	-2.5614719399217263e-008	-1	
29.071667784949657	133.1740751228339	-1.9775803294607036e-009	-1.2956829935122784e-008	-1	
30.021677745908246	130.7645879986998	-2.2706141339755362e-009	-1.5542490099593426e-007	-1	
31.369051472868364	127.0185285562486	3.4727155780167647e-008	3.7630237675517666e-007	-1	
30.778825439845427	123.31700873640891	8.3058934105043257e-008	4.1331043058051452e-007	-1	
29.470803787237678	119.80436086008632	-2.3217256207933798e-008	-2.0879182981881171e-007	-1	
21.372818782217664	142.90000000000001	-2.5474777069591684e-008	8.8218931075506785e-008	-1	
24.324906924819071	139.18052225962282	1.9743618926221934e-008	-2.5980567804713994e-008	-1	
19.235536903995897	146.95577883333456	-4.3693912049935316e-007	-2.7633816569239624e-008	-1	
28.340460176891611	135.98450479019363	-6.709621382788912e-009	3.1796760499540652e-008	-1	
16.688292634064865	152.71042642360871	-1.0495343411976075e-006	-9.4831568914472843e-008	-1	
10.294867474366272	153.69814707615865	-1.1345782420921735e-006	-4.4238372370853505e-008	-1	
4.5370718186571732	150.74869516991606	-8.0479807327909281e-007	1.3319525187736174e-008	-1	
55.357193782217671	0	4.8191722957136952e-009	9.222070046117933e-008	-1	
55.316723795724805	2.3755412910016185	-2.5832864777024864e-008	-3.642471156929465e-007	-1	
57.143847550213195	3.8942423909039694	-8.2311220481739602e-009	1.7446272473712542e-006	-1	
43.889017684332096	102.86945846873913	1.0318489629859984e-005	-1.3967008343105563e-006	-1	
45.911177039493708	102.05117708726165	1.1068430111499998e-005	-1.2772063142840894e-006	-1	
43.58773461898064	104.36621289717046	1.1404725050870726e-005	-1.5400868556012485e-006	-1	
42.744341815350907	106.48345578015231	1.2008147433112457e-005	-1.7666644667338723e-006	-1	
48.689012946781723	101.23898610375903	1.1457928769018664e-005	-1.1370051685879978e-006	-1	
47.094842009739871	101.82621668701921	1.1625561673002768e-005	-1.2241929618418744e-006	-1	
49.981810050527749	101.69536212287009	1.3019780571367752e-005	-1.1298105739572064e-006	-1	
51.893734193084171	100.399747230858	1.0222568236856979e-005	-9.7350358974442875e-007	-1	
53.569739507136383	100.26648698942589	9.2661309502250549e-006	-8.850072616394586e-007	-1	
55.713937209453348	99.609038457992298	5.5570304081490072e-006	-7.116721722557605e-007	-1	
56.410924396415645	98.428440184452938	1.7164582857384893e-006	-6.2122830945917886e-007	-1	
29.607477893630723	110.77090277178749	1.1169453742673096e-007	-1.9864598297444927e-006	-1	
28.032342626243082	111.73099108404304	4.9406319144506168e-008	5.0772391979452439e-007	-1	
32.651656150803596	111.41172341487206	2.6853833142003089e-006	-2.8477461459751656e-006	-1	
31.143973472356866	111.655083326145	1.0608481592697734e-006	-2.7800307213463175e-006	-1	
37.825283377445146	111.43399956042623	7.785873118783915e-006	-2.584917927956841e-006	-1	
40.82524749795536	108.77917810494981	1.0793828852896041e-005	-2.0623020133299199e-006	-1	
35.27966236625219	112.06043849060475	5.1807400724428067e-006	-2.9671395406764162e-006	-1	
34.233752628907581	111.80145448238409	4.1809849625822553e-006	-2.9815998741751915e-006	-1	
77.605743032710208	72.488814157326232	-2.7555621628316455e-005	3.4525095042452619e-007	-1	
73.458193029306258	77.078253539249417	-2.7726850807526721e-005	2.2986126031157883e-007	-1	
59.060936457985008	97.265056071169383	-5.3750427533674359e-006	-4.6359682697663166e-007	-1	
58.009594727067153	97.853571583535484	-2.116907071123696e-006	-5.1345693643320197e-007	-1	
62.987777692151248	93.963384189919282	-1.8385906514857524e-005	-3.6042465477183229e-007	-1	
65.029360924577446	93.276147977270909	-2.3690391786071083e-005	-3.1618953671484529e-007	-1	
66.926766336024698	92.475665212850274	-2.8234450148936617e-005	-2.5129331382753957e-007	-1	
72.789172614854635	88.262233099231622	-3.602055884645005e-005	7.3702706564364488e-008	-1	
70.851741081720064	91.829141082590354	-3.6805543658189191e-005	-8.12726090463608e-008	-1	
75.599024266204452	86.301351883723854	-3.7098228425164651e-005	1.9389264779933297e-007	-1	
77.461498362315453	81.79404311065565	-3.4046560545840314e-005	2.7887634210424714e-007	-1	
60.279369079909628	96.559670094548011	-9.316436306103729e-006	-4.3046236017558891e-007	-1	
62.695071871776804	96.878987136596109	-1.5251017651926531e-005	-4.1139503284764802e-007	-1	
58.451341571332414	6.9523307713628819	-2.1097020079040485e-006	1.6881634472037473e-006	-1	
58.455172810240278	4.7954602719291799	-1.0253878444088163e-006	1.9356015983949696e-006	-1	
82.335641920978631	20.464929404693219	-1.4563790199318627e-005	1.1507061226516015e-006	-1	
80.295576924227035	26.823931265372345	-1.4989256809563601e-005	1.0125718380381408e-006	-1	
62.43892424991391	7.4140812534227747	-3.9820200301555764e-006	2.0301122695459311e-006	-1	
60.363924765762462	5.9552698132952671	-2.3939357796794267e-006	2.0728985933426337e-006	-1	
64.021335594773419	7.1897949895088464	-4.6697211999353309e-006	2.1322007802057413e-006	-1	
66.543178738443615	8.1102368749784191	-6.2149991935234551e-006	2.0165571362164138e-006	-1	
68.68824452740084	8.3008952212876128	-7.3070431981425589e-006	1.950935316200306e-006	-1	
76.525833126310303	8.666143534483389	-1.088077392967429e-005	1.6313508198793819e-006	-1	
70.456903778987751	7.0722771782212934	-7.9476922511088447e-006	1.9834258314537032e-006	-1	
73.251037808888995	5.079082054207098	-9.034119106653082e-006	1.9480319320281626e-006	-1	
80.508631978298055	11.446180897342295	-1.2705909000417114e-005	1.4228600282184816e-006	-1	
83.726919528430656	15.48865437384913	-1.4318875560802045e-005	1.2517825545115413e-006	-1	
77.858655677313479	37.228773164622055	-1.6325594976071263e-005	7.9339148585571633e-007	-1	
76.541945838815536	43.015970407883557	-1.7220686729095899e-005	6.8844874384676798e-007	-1	
81.295410164561702	53.606306384692992	-2.1457775294908518e-005	5.7320383149714566e-007	-1	
83.092408497561976	46.997611444420926	-2.0149056034289645e-005	6.6641816509133961e-007	-1	
81.387418159835974	60.495614724324582	-2.3754142008652921e-005	4.9878251150924232e-007	-1	
82.231367713690958	69.847575036417794	-2.8177366760832291e-005	4.3011543921917503e-007	-1	
82.231187495637215	33.215502400151088	-1.6766564379764421e-005	8.7709668996511357e-007	-1	
-44.958393164731611	217.94901924222472	-4.8933605444867446e-006	2.0258763521313327e-009	-1	
-50.866472908410699	223.80562244723535	-5.0259523840211156e-006	3.6194390349131928e-009	-1	
-44.661701405414775	222.69882429306142	-5.0874088203350541e-006	-1.1480508354680648e-009	-1	
-55.342621500725336	228.24277078124368	-5.1158694638306381e-006	4.5913699209671417e-009	-1	
-71.455437434030941	236.48758685730093	-5.1559629155314917e-006	1.0036524750656148e-008	-1	
-53.665718622525027	234.34522405366806	-5.3512145180849956e-006	5.2526693212010233e-010	-1	
-60.394504526906537	237.65281912580082	-5.3482462789936995e-006	3.507182200619199e-009	-1	
-67.018193348729255	240.78138707286547	-5.3422705535434147e-006	5.9659233995005432e-009	-1	
-84.231497809247344	242.64740511945908	-5.1752156200067521e-006	1.2803981710740691e-008	-1	
-78.776414507459521	237.94345139232647	-5.1090180004475008e-006	1.2663390775696308e-008	-1	
-93.190029654220538	243.54778792590224	-5.105202519153043e-006	1.5458027217895815e-008	-1	
-86.498212856125647	247.49982865140299	-5.2739135395672187e-006	1.1771146362122867e-008	-1	
-120.21144266170784	252.3720013442059	-5.0822717950496801e-006	1.8668382399741792e-008	-1	
-91.631237615676753	249.02824876869491	-5.2555202765390232e-006	1.2922638769828842e-008	-1	
-98.182002162278522	253.31970447750285	-5.2884638920668768e-006	1.3377950751963241e-008	-1	
-103.30627403177634	257.55514954383739	-5.3313764253663424e-006	1.3392516073784047e-008	-1	
-112.58207780621777	257.82122589977223	-5.2533952881421832e-006	1.54625555720184e-008	-1	
-33.929349816770539	143.11833240491563	-4.1360759136715115e-007	3.1824476682683534e-007	-1	
-33.66218958199282	142.90000000000001	-3.7664014312734786e-007	3.3504496920336392e-007	-1	
-34.273255025774134	143.14613235640704	-4.4487367854000874e-007	3.0548807516399412e-007	-1	
-3.5539537754304771	178.02482216171634	-3.2948451613731125e-006	-4.7323660799286314e-008	-1	
1.4423375032558179	173.39431620114632	-2.9862266473180084e-006	-6.4189862557943828e-008	-1	
5.2810512290503713	156.39111884454795	-1.3811188111222332e-006	-2.7212075995202455e-008	-1	
5.3271232988343851	167.3282050098195	-2.4856025659379703e-006	-7.4529638402373436e-008	-1	
9.2697285628364838	162.2383060485565	-2.0253415047326319e-006	-8.7903116682473081e-008	-1	
-34.350000000000001	142.90000000000001	-4.4200234820444179e-007	3.0706593541858678e-007	-1	
-34.350000000000001	142.74651005154826	-4.3491778539797027e-007	3.098933739013243e-007	-1	
-28.184636247460286	209.23149700502483	-4.8063493083797856e-006	-1.2573646463690762e-008	-1	
-31.422702718801983	214.90217964667403	-5.0116651709570433e-006	-1.1599253551576521e-008	-1	
-37.309878552634117	217.72757816664807	-5.018939044508607e-006	-5.9138196527455494e-009	-1	
-41.068937360442824	220.09023712723013	-5.0481084365197374e-006	-3.2125024037307212e-009	-1	
-1.8719442204800565	182.9657044750966	-3.7396948836053153e-006	-6.0584694683538593e-008	-1	
-18.368523317098436	203.47127151796735	-4.7226798160973937e-006	-2.6357080446715295e-008	-1	
-12.489030711052269	202.48978809475364	-4.8175775521160437e-006	-3.8895548921734022e-008	-1	
-8.0772245691195614	197.2020288094206	-4.6138082669867026e-006	-4.8288092140879173e-008	-1	
-20.133831261998825	208.78171386411682	-4.9702453310616459e-006	-2.5940266328903484e-008	-1	
0.27515922611944177	189.09521031311161	-4.288373038308808e-006	-7.292938539603368e-008	-1	
-1.4419472343236179	195.35879079332929	-4.697309891967118e-006	-6.8035413832647882e-008	-1	
-34.027122669367095	142.5771226693671	2.2597795059423114e-007	-1.3551723317753441e-007	-1	
-152.19487558100732	266.98100588157115	-5.175089773278445e-006	1.871449871968173e-008	-1	
-142.47656081203081	267.2359551657903	-5.2270927944459351e-006	1.7622310804222185e-008	-1	
-147.37753669089057	268.70254380066348	-5.2269926995912578e-006	1.7794109799862991e-008	-1	
-132.38405184150497	261.36056480908746	-5.1793765851779769e-006	1.7904915379878531e-008	-1	
-136.37724026654504	266.06096669615653	-5.241515650702222e-006	1.7156956604394531e-008	-1	
-122.37020111836034	258.2109044836792	-5.1852050402635488e-006	1.7237672020110918e-008	-1	
-126.60117025743001	262.25276568371572	-5.2341710762914559e-006	1.6763019693502752e-008	-1	
-185.55564617250369	265.74923934469098	-5.0621901681712806e-006	2.0960784365072099e-008	-1	
-160.97419627532918	274.14652922149099	-5.2574384830510513e-006	1.7695350674382777e-008	-1	
-168.7903685482602	273.6533717443167	-5.2232395063337998e-006	1.8344937394246184e-008	-1	
-155.46741765882612	271.93247979693007	-5.2434055125482024e-006	1.7780167020209711e-008	-1	
-175.14958634112509	271.59874993272223	-5.1740797116961467e-006	1.9169021253689036e-008	-1	
-181.69965634453365	270.27296538151631	-5.1400948504602378e-006	1.974797592001473e-008	-1	
-200	268.69723783021971	-5.1000209742664862e-006	2.0431541995746452e-008	-1	
-195.10466984714003	264.63479441300609	-5.0360452396155965e-006	2.1402332389964094e-008	-1	
-190.71767877496265	267.71424370652096	-5.0881711015957902e-006	2.0592972898773269e-008	-1	
27.62765328950632	113.53072640309126	1.171082477424912e-008	-2.5638577843837583e-007	-1	
28.609661262616346	114.70550355810931	5.7415404533405078e-009	-1.4579643595530392e-008	-1	
29.798368292658974	117.14819020421788	-1.6486233766960614e-008	1.0422928622821833e-007	-1	
29.768657803176897	115.70608740875485	-1.2054607621582405e-009	6.482373260140219e-009	-1	
31.316707920555277	135.01607791077359	1.8763005157956142e-008	-1.7941788848786712e-007	-1	
31.905944455823089	132.54157592583809	6.9437190747002118e-009	3.989813203113814e-007	-1	
32.501843442516709	130.01831375644352	-1.6107964951634458e-008	6.2117982496377701e-007	-1	
34.350000000000001	124.56337248711293	-3.2029639330420391e-007	-1.5771783379254752e-006	-1	
34.350000000000001	128.19999999999999	3.2865267801840232e-008	-1.8468833990696554e-006	-1	
34.350000000000001	120.92674497422587	-3.1262402176913062e-007	-2.3232055440993576e-006	-1	
32.212616980795445	119.85379381904896	-6.2579869925901174e-009	6.6566487281517994e-007	-1	
31.249957481784296	117.80507268938916	4.9605612490326723e-008	-2.634203395876078e-007	-1	
23.510100660439427	145.29884779554234	-2.7837734586346527e-007	-4.2626064356447539e-008	-1	
25.647382538661194	142.90000000000001	-1.5368229589658305e-007	8.7173755975346734e-008	-1	
27.662043424198885	139.039934704643	-1.1253719850538688e-008	8.6739564383900751e-010	-1	
27.150559089183783	140.96151488232769	5.5434425622744445e-008	-6.9521577210781599e-009	-1	
25.452056959483969	149.20321159048271	-5.9878955747742526e-007	-2.3202561130038055e-007	-1	
22.522587656326166	155.06954148060817	-1.2929725858266742e-006	-2.2640022891378367e-007	-1	
29.639627270637064	138.83197140368978	4.283009256853417e-009	-1.1368296636083848e-009	-1	
32.089855728785892	137.26385506434463	1.8962164032865971e-008	-3.8494127572182367e-008	-1	
14.203022507786089	157.80938847636142	-1.600598020897302e-006	-1.1127779228887369e-007	-1	
19.289551433724615	159.2535369543391	-1.7965362325174863e-006	-1.888874503030446e-007	-1	
57.480413160439433	0	4.560186358662346e-009	1.752120510540565e-007	-1	
57.688142601673164	2.5211678402803126	4.9919490612645407e-008	-4.2312418678381706e-007	-1	
58.97073230523452	3.2536666299943651	-4.373855514639302e-007	2.292815664244427e-006	-1	
45.591185312183782	103.21276016131115	1.2273160455687832e-005	-1.3805686280560605e-006	-1	
45.094421312497282	104.11935157562277	1.2797326363794462e-005	-1.47791657562914e-006	-1	
46.755000759500355	102.91119538533398	1.3039763284229152e-005	-1.312910312138634e-006	-1	
44.699052116549183	105.41312202603237	1.3598007314579438e-005	-1.6166539233224573e-006	-1	
43.709028264461679	107.98100990064584	1.4099986064431825e-005	-1.8939147201814283e-006	-1	
44.960975644946579	106.71376247200293	1.5012814975997853e-005	-1.7429003688102109e-006	-1	
48.129539436670562	102.48956561640037	1.3543627712580632e-005	-1.236553373099241e-006	-1	
48.939454575869931	102.58592289380303	1.4386062526549392e-005	-1.2193906591675976e-006	-1	
47.431874528067461	102.91207115827719	1.3697578197226332e-005	-1.2871931507695613e-006	-1	
50.266647231419803	103.03643303921092	1.642472734893528e-005	-1.2175199306887819e-006	-1	
51.789426183207894	102.48218682739297	1.5594923147436051e-005	-1.1303706309101091e-006	-1	
53.312205134995992	101.92794061557501	1.3975950033668385e-005	-1.022022187583632e-006	-1	
54.83498408678409	101.37369440375707	1.1429374479466952e-005	-8.8075540732832852e-007	-1	
56.357763038572187	100.8194481919391	8.1165235225638433e-006	-7.191880014269672e-007	-1	
57.084869257798175	99.621234403826236	3.6003161979461018e-006	-6.0026351948011501e-007	-1	
57.64336298556222	99.026817030542986	1.1142037143610069e-006	-5.4238468612185524e-007	-1	
30.086882649994752	112.76571357966228	-1.136021021856469e-007	5.0685927656011752e-007	-1	
33.316202164345007	112.32307202036988	3.2397697953899262e-006	-3.2303678571354645e-006	-1	
32.680469051083016	112.53926388050249	2.5070334808673243e-006	-3.3922565310798914e-006	-1	
31.591903055431363	113.05872236104861	-4.7363505543564472e-007	8.311360407065547e-007	-1	
36.086819589102255	113.39623189185154	5.8362764743472898e-006	-3.1700662889188931e-006	-1	
40.98464167435138	113.12413806549505	1.1653059444301986e-005	-2.4701581490893287e-006	-1	
37.635278242838865	114.39688219460869	7.3434434348464642e-006	-3.0110690533159396e-006	-1	
43.847814624970177	110.96999005075898	1.5423552572016306e-005	-2.1526413699865062e-006	-1	
34.446704747895943	112.74394525809765	4.3820619971202237e-006	-3.2603820139129478e-006	-1	
35.027729333658229	113.10806897998272	4.8951720746435022e-006	-3.2937398487602494e-006	-1	
33.873300721235388	112.69795428134796	3.8187521675053411e-006	-3.3176327110877776e-006	-1	
81.971968222160186	75.167843797195687	-3.128755121948513e-005	3.9852948034258002e-007	-1	
58.967339092406313	98.466267741368114	-2.8727034553118843e-006	-4.50711329821467e-007	-1	
60.052715550155277	97.949193612749156	-6.5309827691976097e-006	-4.2444064063368118e-007	-1	
58.449386639298993	98.90202469412138	-7.7862592001356995e-007	-4.7701211311024086e-007	-1	
64.673514947923579	95.304520130605468	-2.2168637646791578e-005	-3.8752554144575977e-007	-1	
66.695674303084587	94.486238749127281	-2.816352626237285e-005	-3.4899381723125173e-007	-1	
67.879339273330672	94.261278348884517	-3.1505295130887872e-005	-3.1264052662738097e-007	-1	
69.473510210372709	93.674047765624692	-3.5414403655943147e-005	-2.1657979460131673e-007	-1	
73.391455719166231	91.198849089932963	-4.0945039529927957e-005	5.3896467926166175e-008	-1	
74.953752402793569	90.336131061096737	-4.2050836767962888e-005	1.3595252744179039e-007	-1	
70.766307314118748	94.13042378473564	-3.952214960360488e-005	-1.6467165548670153e-007	-1	
72.678231456675178	92.834808892723402	-4.2231971405519313e-005	-8.5516697028180885e-009	-1	
79.00819258449873	85.957996642809704	-3.9558652547394432e-005	3.0638178207564542e-007	-1	
78.376035196410641	88.308472143558816	-4.2469459167233264e-005	2.8314015262539857e-007	-1	
81.100685320333824	84.341019812445907	-3.8785759575181231e-005	3.6535183331578299e-007	-1	
82.775700131159866	80.227007486457225	-3.550005507189392e-005	3.9818562347079039e-007	-1	
61.096417967274675	97.706220811193276	-9.7195025683335369e-006	-4.1464925460022085e-007	-1	
64.372231882573317	96.801274559035804	-2.0395961315506904e-005	-4.2323826211543409e-007	-1	
61.849881284203207	98.468220514500189	-1.0702458720836624e-005	-4.0608500858621393e-007	-1	
64.199649874613257	98.783429277541074	-1.7992313043339897e-005	-4.4251912504072775e-007	-1	
59.689763537376628	3.8416156533093204	-1.0216845260545774e-006	2.332551925596107e-006	-1	
60.013095610415839	4.7123316445239984	-1.6179436993068254e-006	2.2263304480439721e-006	-1	
87.303316769801043	23.151024943841421	-1.6445777673409731e-005	1.0514467613351567e-006	-1	
85.889829212940512	28.618652909939239	-1.6936480717005917e-005	9.5713294615408121e-007	-1	
63.657561211097409	5.6335179607309689	-3.8892100871545478e-006	2.3874580447185561e-006	-1	
62.429616043821454	5.2564448058850104	-3.0554662565429869e-006	2.4002046053578401e-006	-1	
61.241499344143016	4.3135827829647111	-1.9653442287862913e-006	2.4829004290447735e-006	-1	
64.991376026757877	5.9196172252427655	-4.7568272005781223e-006	2.3437406869661297e-006	-1	
67.452400037879841	6.5372778473392179	-6.2887987117582079e-006	2.1914035546619904e-006	-1	
78.199264594317924	4.1064372329582213	-1.1192516910640145e-005	1.6868213017977316e-006	-1	
68.288907905155085	4.9244734382533615	-6.4205576917496376e-006	2.3364590444561748e-006	-1	
70.40997902123803	3.2297355339031086	-7.3808548547723745e-006	2.2972059246560263e-006	-1	
74.564881515784393	1.626046509596939	-9.4362801251113979e-006	1.9668806768806224e-006	-1	
71.964533167451179	1.9427460717893663	-8.1368095485571402e-006	2.1936294695509065e-006	-1	
82.780070272227917	4.0946108031429373	-1.3001456596031588e-005	1.4941275112719888e-006	-1	
85.420790488442876	10.837826801769554	-1.4370617395528471e-005	1.3125799380999253e-006	-1	
88.791154800928922	14.462746157494424	-1.5774652846738365e-005	1.1877950761173965e-006	-1	
84.754970242212735	40.35382184302572	-1.8978041556181707e-005	7.6445633481012629e-007	-1	
87.145940131406093	57.245308167705424	-2.4308591255563364e-005	5.7470053959368817e-007	-1	
87.950944475150294	51.824482063866114	-2.2787098063741932e-005	6.3317501442303687e-007	-1	
90.552482561868899	43.168229482190952	-2.1102705024684008e-005	7.3807332215067125e-007	-1	
87.619870740500929	62.705049683498594	-2.6485508174287611e-005	5.3332034435416601e-007	-1	
87.24575018292775	71.644382270187307	-3.0666954073833813e-005	4.7781300439828575e-007	-1	
88.409833166162286	32.871695524787761	-1.8381627171169991e-005	8.799718490729235e-007	-1	
-48.551865176144823	230.61689438289255	-5.3131993927554015e-006	-1.7227302838996372e-009	-1	
-37.632958530533237	224.08595350891753	-5.2766102117208203e-006	-8.820662566253046e-009	-1	
-41.512575509754654	229.13391247862364	-5.393221257064332e-006	-7.190383028184548e-009	-1	
-72.676641748246539	242.54023217870116	-5.3141399866973576e-006	8.0434036202172e-009	-1	
-49.489555830375537	239.15739805130804	-5.585610211906334e-006	-4.3026828774090394e-009	-1	
-55.754324143202538	240.31930692755216	-5.5078970367837817e-006	-4.0801077608300996e-010	-1	
-62.350322514032101	246.42693158852765	-5.5780952676760897e-006	1.3994514497343156e-009	-1	
-68.610583175345866	246.85053867337908	-5.4909489263827869e-006	4.5335055113457861e-009	-1	
-78.546367000832532	243.35134243968668	-5.2606287128437558e-006	1.0312976866900398e-008	-1	
-82.517747373955899	252.11589676021134	-5.4373661306756295e-006	8.6859207178498433e-009	-1	
-87.794215137553266	252.69640341980974	-5.3868856303021043e-006	1.0387484573202503e-008	-1	
-77.507701757637221	249.10401053551084	-5.4253147369301104e-006	7.7691838702573139e-009	-1	
-92.8505138723024	254.31255413898617	-5.3673213121413567e-006	1.1488516182284767e-008	-1	
-96.787358712681666	260.22455397736667	-5.456166120196379e-006	1.0825435247388015e-008	-1	
-99.819196201202303	264.38548389335512	-5.5115379104412188e-006	1.0477377100266332e-008	-1	
-104.9527889795807	263.99612350971563	-5.4503327071021067e-006	1.1895122399944262e-008	-1	
-112.21800566614152	265.40460843685821	-5.409877603662344e-006	1.3171208916786209e-008	-1	
-118.77284892157569	264.41026140425589	-5.3345431040386222e-006	1.4769652861732838e-008	-1	
-34.196510051548259	142.90000000000001	-4.305923913315345e-007	3.1477568044650131e-007	-1	
1.6059137091458942	178.81046948668489	-3.4791957001368125e-006	-7.2964644388469636e-008	-1	
7.8131927824233909	172.41742154059713	-3.0392811613137101e-006	-1.0140199197804057e-007	-1	
6.966232664670466	178.01771840177412	-3.5542630489915649e-006	-1.0144024699719818e-007	-1	
11.692996041547165	168.29094688965532	-2.707292351286407e-006	-1.2476037074275076e-007	-1	
15.822426639284206	163.24570265739189	-2.2255904220515361e-006	-1.5584597102798579e-007	-1	
-24.972998030513359	215.92346585973891	-5.2072464361024878e-006	-2.1158123505736919e-008	-1	
-31.571849800202749	222.13754938645963	-5.3290493293378084e-006	-1.4855439644090718e-008	-1	
5.2478848241584029	184.91754408000165	-4.1170519855763048e-006	-9.3688555725103441e-008	-1	
-14.620690582874083	207.82130254375147	-5.0656602876507306e-006	-3.6179019297186412e-008	-1	
-7.4163895599873637	207.23545976478681	-5.2601177679849515e-006	-5.1891796899510609e-008	-1	
-2.3280870465340695	203.68955898919381	-5.2211184561457861e-006	-6.4562361626769565e-008	-1	
-16.386102132638957	212.93762969881001	-5.2872544899946654e-006	-3.426034457151197e-008	-1	
3.9271532684828481	193.46352810904108	-4.7551528542710312e-006	-8.6613388721877835e-008	-1	
6.5057394391273116	198.15311355637436	-5.1990571035989817e-006	-9.3012673891237657e-008	-1	
4.2817953238046451	203.02090472683361	-5.4394424742645679e-006	-8.3286332169411879e-008	-1	
-141.43323031624135	273.00109842932113	-5.3320045026159805e-006	1.6037518497102884e-008	-1	
-147.23503345094389	273.8162645219885	-5.3134964373501276e-006	1.6511323514197123e-008	-1	
-130.25672555235946	266.82164490096739	-5.2942440588782601e-006	1.6082583163475174e-008	-1	
-133.65612692905361	271.59584464443714	-5.3566118832701312e-006	1.5347315290826155e-008	-1	
-124.91207228829539	268.10930256514291	-5.3563777095331746e-006	1.4871052110248799e-008	-1	
-189.63309957170978	273.13010104241266	-5.1745301017088302e-006	1.9278957904458806e-008	-1	
-155.34584234778188	277.86643674228435	-5.3395522778759889e-006	1.6360796705438252e-008	-1	
-162.46111300789431	280.72719472943243	-5.3545767144634494e-006	1.6293569599514172e-008	-1	
-175.10827937674398	278.28151997668323	-5.2777087863812375e-006	1.761939439818105e-008	-1	
-169.16598138497827	281.47607385383878	-5.3426562569156031e-006	1.6581925816973517e-008	-1	
-184.22967195384902	275.69085219147161	-5.2204276422391743e-006	1.8558704055692204e-008	-1	
-200	274.94244126933057	-5.197160232428484e-006	1.8962797081108401e-008	-1	
-195.02134971242117	271.39262408589661	-5.1435713937375532e-006	1.9765248362670112e-008	-1	
30.08586874614058	114.29899096446552	1.0283961954253536e-007	-2.3330785764545755e-007	-1	
31.148324227567137	115.28529798008793	-8.1742877722466664e-008	1.2334618487550999e-007	-1	
31.967870413671228	116.38267794968439	1.5607927868950574e-007	-3.1004999453235367e-007	-1	
32.887043245017786	134.88844723329933	-5.5009008364936187e-008	6.6682957867743159e-007	-1	
33.230370292694452	136.42609776557933	-1.6178558002214854e-007	5.2709477133462628e-007	-1	
34.350000000000001	133.65494126933058	1.8497453557142238e-009	-2.0609754816756588e-006	-1	
34.350000000000001	131.83662751288705	-1.0696639759573651e-008	-1.961125640070903e-006	-1	
36.423666338905939	122.7450587306694	2.9902411830933195e-006	-2.1715907546866445e-006	-1	
37.746062223948421	126.34475999857061	4.2984810464437763e-006	-1.9888174788514409e-006	-1	
36.645342966860241	130.01831375644352	2.5334254575557126e-006	-1.9266188862381399e-006	-1	
36.014690864064441	120.0175880960041	2.9691384574762482e-006	-2.7656560700192024e-006	-1	
34.350000000000001	119.10843121778235	6.7141485216365971e-007	-3.4863948268102716e-006	-1	
32.838209422910822	117.67833853922383	-3.678802365918677e-007	1.1180839067917132e-006	-1	
26.71602347777208	145.50980623329568	-2.8397065133213649e-007	-1.7720122523515058e-007	-1	
27.784664416882965	142.90000000000001	-2.3868055963535759e-007	-9.5928325692062802e-008	-1	
29.111621416697311	140.40111443116731	-2.3241714345181281e-008	-8.7359179584141233e-009	-1	
28.853305355993843	142.0842211078907	6.6709472659133548e-008	6.9951031862795048e-008	-1	
28.921362993748247	147.41358310041312	-2.9516956966321831e-007	-3.8808106341096557e-007	-1	
28.267050455930136	151.90777553071729	-7.7977694279136979e-007	-3.7833979741401614e-007	-1	
24.17815360343198	159.68992777588485	-1.8741065628206196e-006	-2.7267705366085387e-007	-1	
29.050578558727	159.09972172896968	-1.7873800042999106e-006	-3.7466861637607566e-007	-1	
31.580027385903144	139.68714572136633	-2.2364608563309487e-008	4.2461973013774511e-008	-1	
30.75012173730768	140.63842587597301	-1.2153814861571215e-009	-2.8187506304017378e-008	-1	
32.959097914247913	138.52862963764954	8.6242937173872223e-008	-1.4492690057198782e-007	-1	
33.523892345359386	137.81045883362532	-2.0848670532522907e-007	4.3799563097955158e-007	-1	
21.285972212596821	164.48904374630621	-2.4725944706000753e-006	-2.220730188436465e-007	-1	
59.603632538661202	0	1.6481481381704729e-008	-2.8269447202589416e-008	-1	
59.116570219172289	1.096787138551975	-7.0329242664934428e-008	2.7857977232284017e-007	-1	
59.147968536704383	2.2964478722659289	1.5096238570265154e-007	-6.0797169064548479e-007	-1	
59.884174682745183	2.9333787495395622	-5.9959650990551537e-007	2.5603716554318926e-006	-1	
46.046702107754939	103.71705348853872	1.3423933548986392e-005	-1.4065103025610639e-006	-1	
45.892618193170684	104.77628703940236	1.4514344503251927e-005	-1.5162946826448752e-006	-1	
46.720151066677914	103.62609299898843	1.4079476579022374e-005	-1.3676881605823975e-006	-1	
47.132639957083427	103.51920997031318	1.4403965146811939e-005	-1.3390231899901097e-006	-1	
45.976118990161211	105.85950636690967	1.5766385228575267e-005	-1.632632330339837e-006	-1	
45.432414108478945	108.43181975141	1.6888461893707789e-005	-1.904013470765054e-006	-1	
46.278276960378854	106.87183444542963	1.7147789963952742e-005	-1.7381238810339189e-006	-1	
48.207474270515526	103.30146057222061	1.5217277417904248e-005	-1.2841159180106083e-006	-1	
49.505257755525747	103.31355614511989	1.6516570696069916e-005	-1.2536583985545906e-006	-1	
48.743868279631698	103.59067925102887	1.6404250231774328e-005	-1.2863549630303033e-006	-1	
47.652024889339849	103.55214356354406	1.5079947414115602e-005	-1.3174765747052879e-006	-1	
51.356715689834047	103.66234801602552	1.8445918160268715e-005	-1.4426170057861342e-006	-1	
50.226919124443981	104.21332761915363	1.9086409379436874e-005	-1.5248071244077898e-006	-1	
53.016479253937959	103.60149845488118	1.8546792643352194e-005	-1.4866173545658169e-006	-1	
54.5884153615835	103.06527589726301	1.6349461064756712e-005	-1.3421900281477072e-006	-1	
55.925052545198355	101.9996093805717	1.2020597808707451e-005	-1.0256617527914823e-006	-1	
57.119152514466236	100.54232508603012	6.1284374851678811e-006	-6.2822258329873608e-007	-1	
57.144689788051124	101.69546501012071	9.3155263187952784e-006	-8.7875752285346111e-007	-1	
57.880541990360292	100.26520198012115	3.9325485068763263e-006	-5.3133420738166436e-007	-1	
58.105537457138162	99.698860195403867	1.9161984672003906e-006	-5.001964984150796e-007	-1	
33.448716840446089	112.98135415768124	3.3764166659510467e-006	-3.5015847508905611e-006	-1	
32.782794802759447	113.25000719067766	-6.0215400819367902e-007	6.3569891725437405e-007	-1	
32.029920975816125	114.13447203644739	9.2667273507717481e-008	-1.3353522257715657e-007	-1	
35.063557478498218	113.7932768338359	4.8365868137447443e-006	-3.5117558332788358e-006	-1	
35.792507246993033	114.45362977261136	5.279944919046669e-006	-3.4788535283072013e-006	-1	
40.022973356755912	116.96331466256758	9.8450679532350035e-006	-2.6533759553049238e-006	-1	
44.407690730999327	115.48893710444162	1.6637486364837554e-005	-2.3488783597266997e-006	-1	
35.341865731197764	116.08772442957178	4.0428105248854833e-006	-3.7763515901082931e-006	-1	
36.774058017906526	118.27945017633739	4.8790419764974015e-006	-3.0834998560472197e-006	-1	
47.019754933978085	109.59972762976642	2.0159274431187466e-005	-1.9908033985303124e-006	-1	
47.260622870696793	112.46068388763456	2.1420355710265745e-005	-2.17534270467687e-006	-1	
34.12671282633147	113.13600004213892	4.1136981696213483e-006	-3.4237560625251903e-006	-1	
34.406244761788216	113.24839027302033	4.3847354823351077e-006	-3.4253474929675352e-006	-1	
34.596132356407018	113.57674497422587	4.5427330339278759e-006	-3.5289438207728031e-006	-1	
33.832840735127625	113.20239929627061	3.8256479160535706e-006	-3.4942911406124749e-006	-1	
86.803680928572732	76.869511960786411	-3.3869529331187725e-005	4.6083096540976355e-007	-1	
59.068874925327108	99.174775732665097	-1.5502741984270126e-006	-4.1863941004466905e-007	-1	
59.453562834188787	98.991510134959526	-2.9255128451944378e-006	-4.0469130714692478e-007	-1	
60.512256370570135	98.604611453805049	-6.5304050375443632e-006	-3.9837738615186728e-007	-1	
58.692172289803572	99.533858527863913	2.1988048030545739e-007	-4.3940510958185232e-007	-1	
66.375682575774746	95.647821823176798	-2.7229915906533169e-005	-4.1143946680250009e-007	-1	
65.878918576088736	96.554413237488248	-2.543071342329061e-005	-4.4365279144802341e-007	-1	
67.539498023091312	95.346257047199515	-3.0942427997185866e-005	-3.9751660181708777e-007	-1	
68.914036700261647	94.924627278265945	-3.5010647209714721e-005	-3.2090582920434764e-007	-1	
68.216371791658517	95.347132820142591	-3.3120611789448726e-005	-3.8435266913864433e-007	-1	
69.723951839460952	95.020984555668548	-3.7621234222110685e-005	-2.8144980726126134e-007	-1	
74.354236770727425	92.701548651291375	-4.5448306672325869e-005	9.0551057748236159e-008	-1	
76.498434473044441	92.044100119857802	-4.746253517867636e-005	1.96867775525862e-007	-1	
77.195421660006673	90.863501846318414	-4.5776782216638626e-005	2.2806209550003147e-007	-1	
71.051144495010831	95.471494701076438	-4.2409050482175142e-005	-2.0206283423618003e-007	-1	
72.573923446798943	94.917248489258455	-4.5825080367289384e-005	-5.5587051124750536e-008	-1	
74.096702398587041	94.363002277440515	-4.8479571339212629e-005	6.8280771313530613e-008	-1	
79.823958327124956	88.251222383135683	-4.3284397912429685e-005	3.3738895747500555e-007	-1	
81.372111599543771	86.971507921981896	-4.2150066037518323e-005	3.8467015033662612e-007	-1	
78.794091990658188	90.288633245401158	-4.614763989421554e-005	2.9641279954915235e-007	-1	
79.845433721576001	89.700117733034773	-4.5701060999361447e-005	3.4200793527476309e-007	-1	
83.735725998927606	84.563955995269637	-3.9970415700680013e-005	4.3167685523845734e-007	-1	
90.210327141453774	80.856010059304651	-3.7331336595440687e-005	5.0992550940148819e-007	-1	
65.483549380140232	97.848183687897617	-2.3399951077110429e-005	-4.6651980392868634e-007	-1	
60.826820271350535	99.340682010428338	-6.0485808190502638e-006	-3.7656105942536005e-007	-1	
61.459134912114919	100.22414943464889	-6.3792506945984204e-006	-3.707558255715328e-007	-1	
63.223761287567051	100.03671444816783	-1.2879411655893718e-005	-4.1932969493563443e-007	-1	
64.687940453495671	100.17023123646342	-1.8212637480116103e-005	-4.5847116449111557e-007	-1	
65.745472908536968	99.148824133868914	-2.3397222360746379e-005	-4.8921204957264075e-007	-1	
60.614078497657005	3.5691798799393646	-1.2360167373354858e-006	2.5603914143901032e-006	-1	
91.512733912860284	26.915823738567834	-1.8162513200022582e-005	9.591827961126104e-007	-1	
94.056514540094057	19.835953987673484	-1.7852044970146304e-005	1.0378970104472719e-006	-1	
64.284598738657195	4.4220153025988163	-3.7947041506356231e-006	2.6507397719688933e-006	-1	
63.30444818028927	4.3158586955553861	-3.1340837077669389e-006	2.6592910527674494e-006	-1	
62.297921840662781	3.9786771686378239	-2.3421867791270992e-006	2.6833724798966807e-006	-1	
61.531719053433612	3.244020824965073	-1.45951499832682e-006	2.7945182891362252e-006	-1	
66.546141939047118	4.962609713324861	-5.387248814307213e-006	2.4573040912775251e-006	-1	
65.261013700640902	4.2857135626895673	-4.3897926965944897e-006	2.6532310160164e-006	-1	
76.618678704895274	0	-1.0378060425219502e-005	1.8269242582970718e-006	-1	
80.726273083117036	0	-1.2120065117677803e-005	1.6035224462095137e-006	-1	
68.49567330812576	3.1935963033200476	-6.2604445852575366e-006	2.5225509302080608e-006	-1	
67.312809256179136	3.4802023364279808	-5.5450702369267943e-006	2.6345524378513663e-006	-1	
69.971360152616498	1.6261362140225146	-7.0048355552892784e-006	2.455105548653019e-006	-1	
69.13768171329167	2.1596061721786537	-6.5396179365560457e-006	2.5426216995027912e-006	-1	
72.511084326673512	0	-8.3890286112957858e-006	2.1623343684471671e-006	-1	
70.457287137562616	0	-7.2449786516929151e-006	2.4249256353351068e-006	-1	
84.833867461338784	0	-1.3675814864567446e-005	1.4407534879244937e-006	-1	
88.94146183956056	4.6226923533435702	-1.5148757051777141e-005	1.3022291337288859e-006	-1	
90.422677387354227	9.5664928272054066	-1.5857021607725355e-005	1.2232886665884295e-006	-1	
94.991880111476604	13.652920489709741	-1.7466253456788193e-005	1.1017320285726895e-006	-1	
91.431892659822097	36.78397718959048	-1.9924170320091277e-005	8.2036215155043847e-007	-1	
92.331763488004597	55.473127658933805	-2.4905310787146079e-005	6.1839647193777907e-007	-1	
93.862527126881275	60.965026472976703	-2.715700045556296e-005	5.8572695642062482e-007	-1	
95.992224003144216	46.623841223696076	-2.314947079902207e-005	7.1046787521107474e-007	-1	
95.962805432608079	40.660789859101975	-2.1758462470246947e-005	7.7002167195389545e-007	-1	
93.280296764530746	67.419439485538533	-2.9724623488080912e-005	5.4759252881450281e-007	-1	
93.277704412605203	74.785977835320182	-3.3516011806022328e-005	5.2839093774538682e-007	-1	
93.249695774326725	31.864461022766253	-1.941160473802538e-005	8.8171751320657954e-007	-1	
-43.577081838264867	236.78252846694954	-5.624325481907961e-006	-8.0802383470285266e-009	-1	
-35.287809024079536	229.9031443484084	-5.5567005770708471e-006	-1.3517016880886323e-008	-1	
-35.677024365566737	236.18872307340723	-5.7793963391534083e-006	-1.4854687767059336e-008	-1	
-51.780908928084465	244.27301509025929	-5.7021356813663275e-006	-4.3137186224749913e-009	-1	
-45.350315770367281	244.0823912037705	-5.8264846397813522e-006	-8.7496867552408054e-009	-1	
-56.524893415771956	248.00333417502148	-5.7247215609454225e-006	-2.4455380835728391e-009	-1	
-61.025731057195429	253.08387387010399	-5.7844858323694983e-006	-1.2704538282081208e-009	-1	
-66.274468384469841	251.73927616028061	-5.6600846568130818e-006	1.7912541219548709e-009	-1	
-72.362920527890921	251.87948199207179	-5.5704175598155546e-006	4.5936925236238077e-009	-1	
-77.341505389445814	254.95201299295837	-5.5755777446152028e-006	5.7906398489172377e-009	-1	
-84.628765392361387	257.19823552375152	-5.5323660393902949e-006	7.8615175938865658e-009	-1	
-89.878692885605332	258.84894013000223	-5.5055162478372313e-006	9.1364662268162173e-009	-1	
-92.387892739290862	268.28422739011057	-5.6793517458068412e-006	7.3194760525743801e-009	-1	
-99.828509523715141	269.5338127080862	-5.6164504594724118e-006	9.1133226474335577e-009	-1	
-107.36343989429128	269.91990325462325	-5.5441538764642615e-006	1.0880115654698303e-008	-1	
-113.43772186724379	271.92127848476798	-5.5233296505184154e-006	1.1709532443826744e-008	-1	
-120.48589860196455	271.37003365979223	-5.4512546570911339e-006	1.3239691579587541e-008	-1	
12.104546337753019	175.93061717779997	-3.5124187666767583e-006	-1.3368682385823167e-007	-1	
12.242598312199302	183.63914785381075	-4.2656002386229314e-006	-1.2946428284837954e-007	-1	
16.560411069640587	172.62856805441888	-3.3111799245299718e-006	-1.6880756760933764e-007	-1	
-21.219678372867882	219.40485229409421	-5.4690504124285343e-006	-2.7981862238482263e-008	-1	
-24.442774023918375	223.38217732254742	-5.5588728759816479e-006	-2.4392116211594142e-008	-1	
-29.08829381274094	228.95159476217657	-5.6696460083909836e-006	-1.992289533701628e-008	-1	
9.4883267175728925	188.34411807319307	-4.5638347510560556e-006	-1.1216814010382997e-007	-1	
-11.012868041637699	212.28813997530796	-5.4198077284432213e-006	-4.4303451143241316e-008	-1	
-2.0398566797349686	210.32692041734748	-5.6311091339900292e-006	-6.3409333733048755e-008	-1	
2.6959010258119056	208.03664851222098	-5.6878470168735259e-006	-7.5735461290158641e-008	-1	
-16.210816643684023	218.34713582183036	-5.5628243125947819e-006	-3.55784821255187e-008	-1	
9.6113119268758105	193.79458882538813	-5.0132453107145315e-006	-1.0782617224077886e-007	-1	
9.4364053104581824	202.43396611196928	-5.6372712355385751e-006	-9.8464467116244645e-008	-1	
14.18147194685571	200.33662406350075	-5.7329229875868264e-006	-1.1565432722059399e-007	-1	
7.6614074314821305	209.77345379212611	-6.0180988702745263e-006	-8.6307628920169446e-008	-1	
-146.01642719878674	279.33539486860758	-5.4098500484006285e-006	1.5074682518980619e-008	-1	
-140.39303758895232	278.76680865986287	-5.4340817908000103e-006	1.4530618364289298e-008	-1	
-151.03529726743093	280.8502167752207	-5.4073542466770677e-006	1.5261673736242768e-008	-1	
-128.38108175748556	272.37420046261354	-5.4068646205079401e-006	1.435773049235834e-008	-1	
-131.49917455184246	276.69964109537597	-5.4588759914813606e-006	1.3787993705151195e-008	-1	
-193.74449847242639	276.65660123896362	-5.2249739051270707e-006	1.8537425725404147e-008	-1	
-191.16836572437415	281.42140392338831	-5.2977836615835983e-006	1.7444070456321652e-008	-1	
-155.87372878064758	283.2345768788594	-5.4202185056025224e-006	1.5202901103241572e-008	-1	
-159.04889192584906	287.59507359520563	-5.4709309310100052e-006	1.4546469207340767e-008	-1	
-166.09237112792152	287.48182109166925	-5.4414287419005367e-006	1.509812114799838e-008	-1	
-180.82803690778329	280.6085097112919	-5.3003383783123832e-006	1.73419660037683e-008	-1	
-176.12151440464993	284.6059030327396	-5.3693515099931893e-006	1.6279825805660309e-008	-1	
-171.74547508691009	288.27060566168899	-5.4340576613888396e-006	1.5285612090596302e-008	-1	
-200	281.18764470844144	-5.2904687253232095e-006	1.7569393477030562e-008	-1	
32.592934275366133	115.16399262621803	1.7680287494490699e-007	-2.239009709472859e-007	-1	
33.324616149925426	116.19522193888359	-8.0251699131774403e-007	1.2336859829656048e-006	-1	
34.350000000000001	135.47325502577411	4.4544891651157989e-007	-2.2234604287956655e-006	-1	
34.350000000000001	137.29156878221764	8.7703965689858315e-007	-2.3220554477262939e-006	-1	
36.536041944090236	132.94456007874928	2.1929716637770263e-006	-1.958977293889033e-006	-1	
36.628387157500356	135.39359382971722	2.2620928775284437e-006	-1.999043756584818e-006	-1	
39.181605697776739	120.36621989663463	7.7314887545988261e-006	-2.4795952227675611e-006	-1	
45.652825567036643	123.35901937244985	1.6253674513558223e-005	-2.19186134228643e-006	-1	
40.330968163432992	131.62114352985432	6.2029802453605683e-006	-1.8934555853572415e-006	-1	
44.683447895196075	128.74436432453675	1.2286820449955267e-005	-1.9626659178605624e-006	-1	
34.350000000000001	117.29011746133881	1.9873425746107151e-006	-4.1635343592716128e-006	-1	
29.434340655459572	144.75891759069825	-1.6829501824804529e-007	-3.7242399990927054e-007	-1	
29.921946295104725	142.90000000000001	-2.3385358610710131e-007	-3.4452979676381903e-007	-1	
30.141001819767748	141.69779326891035	2.4757393819229009e-008	2.2955838996642387e-008	-1	
31.068474784531297	145.77032231533823	-1.1537660076609105e-008	-5.6207230754213233e-007	-1	
31.359690028090085	148.58189655299432	-1.8653196608892499e-007	-5.5725593511991019e-007	-1	
32.493455088207341	152.73697015365394	-6.5580276212345992e-007	-5.4009769601470018e-007	-1	
27.560804636556497	167.20811446787866	-2.9858686318186119e-006	-2.9838217809505522e-007	-1	
34.57222700639231	161.32969792608012	-2.1878850662912486e-006	-4.5696159540596939e-007	-1	
36.529103707703086	155.7054620673033	-1.0042715296478671e-006	-6.013044372325823e-007	-1	
32.005198204378409	140.50255689524377	-4.2937408047077177e-009	-3.0318117595376165e-008	-1	
33.154773554240528	139.60083908532778	2.9636571374149406e-008	-3.6404113237428297e-008	-1	
31.362183415482264	141.74253539057256	4.7196230280240694e-008	1.8553586700070986e-007	-1	
33.871740774724124	138.65530409955028	-3.2874400014473159e-007	5.3918223525853107e-007	-1	
33.729488786491579	139.29961599274321	-3.8188987326268075e-007	5.7139689845264034e-007	-1	
34.350000000000001	138.20072566043939	1.1345035809342841e-006	-2.2553319138753614e-006	-1	
22.042458470761563	170.36975769148634	-3.2161159978403053e-006	-2.2349840879067628e-007	-1	
61.726851916882964	0	-1.8070595307214687e-007	5.3633107827287286e-007	-1	
60.79397943147864	1.140030398273064	1.1817308747906408e-007	-5.8319326713465729e-007	-1	
60.027153118398786	1.8784587537429167	2.00532621300987e-007	-7.9750425626300158e-007	-1	
60.797617060255838	2.6130908690847621	-6.3121020787137557e-007	2.846394852196966e-006	-1	
46.409906976743493	104.29141359689989	1.4621025045394841e-005	-1.4443204661225036e-006	-1	
46.593814621427128	104.67134176864258	1.537369590108972e-005	-1.4774592916861186e-006	-1	
46.874292755989352	105.24826142340376	1.6495602495536254e-005	-1.5382199785431239e-006	-1	
46.82537135392171	104.08015292119607	1.4884511763024992e-005	-1.3984873361606896e-006	-1	
47.064790418065748	103.93988503087876	1.4997775621493241e-005	-1.3697575107041622e-006	-1	
47.343651421451227	103.88940617293028	1.5290127097753862e-005	-1.3494259010383932e-006	-1	
47.028777974029346	106.12829170554473	1.7713665081976696e-005	-1.6453396721382083e-006	-1	
47.014997960993291	107.62903306189668	1.8999073460481681e-005	-1.81330416940941e-006	-1	
47.982478803737649	103.86780235693786	1.6093978276568894e-005	-1.321093454974405e-006	-1	
49.156786176030579	104.08209397958117	1.7844131696971956e-005	-1.4291321543637479e-006	-1	
48.519522626450232	104.15880638392913	1.7294742603523054e-005	-1.4122681779312889e-006	-1	
47.601784065790625	104.00636390989234	1.58519093051242e-005	-1.341247325073378e-006	-1	
51.417532891242686	105.22088205523137	2.1808111628230973e-005	-1.7959653742194328e-006	-1	
49.271841948160684	104.71356194702221	1.9160159745218196e-005	-1.5705200561345405e-006	-1	
49.749710909718523	105.70963877737616	2.1374596307456205e-005	-1.7831889595507552e-006	-1	
53.004740694915483	105.71779149003783	2.2996729725487113e-005	-1.9257682047417164e-006	-1	
54.662319390567916	105.85410167365843	2.2694932695829966e-005	-1.9299570111966257e-006	-1	
56.942883175838972	103.48368992515329	1.4355369493239657e-005	-1.2732502673808771e-006	-1	
57.88010382909043	100.90706600981844	5.7020661774941366e-006	-6.5076515038078999e-007	-1	
58.197865779586472	101.46475496203242	6.4775631159837192e-006	-7.1191504320741227e-007	-1	
58.472062761893504	102.53496233038757	8.5445711970193284e-006	-8.5509299060934434e-007	-1	
58.641931466254334	99.988078874212164	1.541142103845742e-006	-4.3361357320209255e-007	-1	
58.417585813072861	100.55620600711241	3.5797380440908648e-006	-5.3720785290318829e-007	-1	
33.42385167646345	113.57353879205803	-1.0479308756516388e-006	8.7455832115106204e-007	-1	
33.191253260722036	114.15458140575605	2.8766030613247825e-007	-2.4782032627538356e-007	-1	
34.55590047568753	113.88077916800718	4.4721619141978371e-006	-3.6834723570684165e-006	-1	
34.817425122091194	114.32460024717261	4.4788865550354696e-006	-3.7798317595522027e-006	-1	
34.875831925405734	115.0172252657844	4.172841360382871e-006	-3.9412122163105755e-006	-1	
43.346634126945332	119.59055575549058	1.4102692662247461e-005	-2.3724044984824352e-006	-1	
48.56816216354202	115.48483859041994	2.3818702801212376e-005	-2.2758849343512776e-006	-1	
48.537633272161976	120.01271970040229	2.2512841645099369e-005	-2.2763122603674418e-006	-1	
34.350000000000001	115.47180370489528	3.4082397336096798e-006	-4.3543014804615671e-006	-1	
48.629216114171975	108.46249659867723	2.2650958589463173e-005	-1.9104347759385887e-006	-1	
49.379147866214353	110.52291715354572	2.514631556910214e-005	-2.0871497276023369e-006	-1	
50.129079618256739	112.58333770841421	2.7134766115525282e-005	-2.2152239845821706e-006	-1	
34.216964629809162	113.42344443486	4.2648695234715798e-006	-3.4804918797671356e-006	-1	
34.350000000000001	113.50000000000001	4.3985924145629494e-006	-3.5157311491307174e-006	-1	
34.350000000000001	113.65348994845174	4.4365514837364878e-006	-3.6017107841459399e-006	-1	
33.971299768352615	113.50061991845692	-8.7619100994620141e-007	4.7511402544663027e-007	-1	
59.145188297808964	99.593998031341116	-7.1445774635081779e-007	-3.8559977329958061e-007	-1	
59.391255404295435	99.4534186821666	-1.6949000497837854e-006	-3.7270520241949632e-007	-1	
59.66482350989255	99.406974512137722	-2.5395792850487327e-006	-3.6480634878181865e-007	-1	
60.118883432100162	99.30175422489387	-4.0348882064137746e-006	-3.7022053440209582e-007	-1	
59.022626204201359	99.849517321257679	2.5909265121208012e-007	-3.8596471591980631e-007	-1	
66.831199371346003	96.152115150404228	-2.8745264734960679e-005	-4.5095985437680336e-007	-1	
66.677115456761712	97.211348701267767	-2.8055552070277986e-005	-4.9766359357610785e-007	-1	
67.917137220674448	95.954271632178674	-3.2442457571409723e-005	-4.5259898594558538e-007	-1	
67.504648330268935	96.061154660853958	-3.104278724741221e-005	-4.606172714799105e-007	-1	
68.991971534106554	95.736522234086124	-3.5995665013863743e-005	-3.8734094969446339e-007	-1	
68.436522152930877	95.987205225409582	-3.428269385162778e-005	-4.4371240941274433e-007	-1	
70.289755019116768	95.748617806985422	-4.0378332061547325e-005	-2.8560784133571079e-007	-1	
69.528365543222719	96.025740912894406	-3.8141781168235708e-005	-3.7520909392325361e-007	-1	
75.619481350375139	93.808756065622561	-5.0247416600279259e-005	1.6090696671529445e-007	-1	
77.142260302163237	93.254509853804606	-5.1241706738181628e-005	2.2915786944279491e-007	-1	
77.869366521389253	92.056296065691726	-4.9095660284302091e-005	2.5290135863397711e-007	-1	
78.427860249153312	91.461878692408447	-4.8242109600749913e-005	2.766647015957801e-007	-1	
72.141212953425068	96.097409677890951	-4.6583080523994784e-005	8.5246089168123453e-008	-1	
71.01141638803503	96.648389281019035	-4.3840691882470628e-005	-4.9814729738686061e-008	-1	
73.800976517529008	96.036560116746728	-5.104873458287435e-005	3.7109101188609243e-007	-1	
75.37291262517455	95.500337559128496	-5.3461573130343052e-005	5.0731531005102564e-007	-1	
81.08789915193374	88.959891924535412	-4.4950902493716852e-005	3.8983075137676249e-007	-1	
83.159312698838136	87.888219374767488	-4.3877609021012231e-005	4.4789220931961458e-007	-1	
79.751836355997341	90.901329403233603	-4.7908765461729073e-005	3.3827972057761445e-007	-1	
79.233883902890128	91.337086355986898	-4.8540522572892849e-005	3.1130759953307486e-007	-1	
80.837212813746333	90.384255274614588	-4.7285372976254271e-005	3.9198398487182787e-007	-1	
87.075318753635116	87.781393328068347	-4.3862411277702712e-005	5.3271075444584823e-007	-1	
95.422280170137597	81.745300990023964	-3.7860815905156622e-005	5.5848250732474766e-007	-1	
94.430641999155426	86.938753259037071	-4.1788510690302574e-005	5.9078196958153804e-007	-1	
66.760616253752048	98.294568028775274	-2.7968887388094728e-005	-5.2389690964668105e-007	-1	
60.22221512421028	99.711009644970972	-3.4373722225886101e-006	-3.4682283809650464e-007	-1	
60.378193213677669	100.33324361031151	-2.5482942876791044e-006	-3.2525767141997943e-007	-1	
61.878380423895635	101.19386113323642	-5.9459248972145019e-006	-3.7268256286078104e-007	-1	
60.82552323236321	101.10668710175787	-2.317700631473287e-006	-3.2940442678562204e-007	-1	
63.529088187211521	101.84516904753438	-1.1094598991370362e-005	-4.2224812891098954e-007	-1	
66.216911372069973	100.86688141327546	-2.3652025246471109e-005	-5.028161772538833e-007	-1	
67.06277422396991	99.306896107295131	-2.8622578532245606e-005	-5.398664893171807e-007	-1	
99.752136890887428	25.879299852213205	-1.998045365554957e-005	9.2047825088704361e-007	-1	
100.04931848132999	17.580274228466259	-1.9073180002681897e-005	1.001745438357385e-006	-1	
63.869756720823005	3.5276605393604346	-3.147953133158182e-006	2.8916962868784478e-006	-1	
62.446527405824298	2.9276286252967534	-1.8433591180428884e-006	3.001887149351837e-006	-1	
61.711059437766494	2.2928029886299619	-8.2099253643235937e-007	3.1245084280021493e-006	-1	
66.334416780616877	3.3071693297639237	-4.8467059784088027e-006	2.7818165805865807e-006	-1	
65.454281406170978	2.8461335607816851	-4.0887716987401062e-006	2.9838814329763718e-006	-1	
64.431036559794308	2.7365884681849693	-3.2512548365884043e-006	3.1022069819855846e-006	-1	
68.092771919699061	2.0451273856712948	-5.8582946048892065e-006	2.7318403240334061e-006	-1	
67.17121591092436	1.9645187463498028	-5.2098869371085407e-006	2.914361604803468e-006	-1	
66.334867401717489	2.3135939402877739	-4.6474358616082714e-006	2.9938641289209244e-006	-1	
69.042924679534636	1.2831821226728808	-6.4228678378885283e-006	2.6254298221240944e-006	-1	
69.450252639074861	0.78467504689675471	-6.6591503194304685e-006	2.5744292416671629e-006	-1	
68.561600151175043	1.4923520648193946	-6.125063125138528e-006	2.7013945038408565e-006	-1	
69.430388543007183	0	-6.6347648517423821e-006	2.5936668636557551e-006	-1	
93.049056217782336	0	-1.632713695852226e-005	1.2197556905903112e-006	-1	
97.156650596004113	7.7861853892992858	-1.7655135411935252e-005	1.1163517833204602e-006	-1	
102.25743003972774	9.7691370795128698	-1.9016959965154848e-005	1.033077479132192e-006	-1	
98.271705555676334	33.376236546703836	-2.0816026552049945e-005	8.4613515877704239e-007	-1	
98.00995254328663	55.985337532196844	-2.6126963082719582e-005	6.3491859837346198e-007	-1	
98.353327718408551	67.102109335446855	-3.0241970387599211e-005	5.7763778780695616e-007	-1	
101.53164303966517	63.135416354911953	-2.9019551067360582e-005	6.0598983204023381e-007	-1	
102.57097807990293	50.274074153575157	-2.5230665904654179e-005	6.8637053470651532e-007	-1	
105.53970363349188	43.59514071228984	-2.4133997582324578e-005	7.3806882743318321e-007	-1	
101.85652727468245	38.520665047782579	-2.2464794600251076e-005	7.8562304649035712e-007	-1	
96.765085167898278	71.571286889540531	-3.2109524469631333e-005	5.568726586984055e-007	-1	
99.560576041706597	75.752006710484821	-3.4238269878186842e-005	5.6763376018013081e-007	-1	
-39.19723559298194	242.20396895176037	-5.9026336686510301e-006	-1.3073803343027238e-008	-1	
-26.621967558566705	234.83596444500904	-5.9610272875566435e-006	-2.3639398555592328e-008	-1	
-27.937098508344267	241.07928105889334	-6.1491954782022463e-006	-2.2930052750412826e-008	-1	
-33.206921229832957	245.24832989869481	-6.1496020935870322e-006	-1.8564881580734513e-008	-1	
-50.758734138295836	249.78436659480963	-5.886517080490856e-006	-6.4356159319034336e-009	-1	
-44.682203354578526	250.13208195075001	-6.0252322278343533e-006	-1.0512038831856528e-008	-1	
-38.674842730917277	249.1539456251262	-6.1343065221698687e-006	-1.4673985671911107e-008	-1	
-52.537261423305047	254.71168094491918	-5.9889545143170382e-006	-6.4255099152022595e-009	-1	
-56.497829501461538	258.14030844095981	-6.0024253627032438e-006	-4.9048946386854748e-009	-1	
-62.421807848911939	258.8895476901946	-5.9113683914161939e-006	-2.0042686273533211e-009	-1	
-68.35090136037276	256.74383534452141	-5.755879830394067e-006	1.3890866084185922e-009	-1	
-72.352518288988378	260.95401962751612	-5.7962680083871515e-006	2.0405776384994284e-009	-1	
-78.157257254178788	260.74522478524574	-5.7033478449750971e-006	4.4485522807860058e-009	-1	
-85.277158807769922	264.30990391569964	-5.685464214586096e-006	6.0958642277955551e-009	-1	
-92.823178616407731	276.41861798371497	-5.8364451600662296e-006	5.5485375473388661e-009	-1	
-97.46896103258365	274.13934375224363	-5.7347958806754046e-006	7.3528919573834613e-009	-1	
-84.877932170432047	271.43990107069334	-5.8437183650885082e-006	4.2122144303924484e-009	-1	
-102.63888034744672	274.36366396645633	-5.6795898840682513e-006	8.6378982627853709e-009	-1	
-107.88276841064186	276.2942818275414	-5.6589466930405128e-006	9.4359128824106359e-009	-1	
-116.53262116693909	278.27755604837915	-5.6089695332526398e-006	1.0821406548886325e-008	-1	
-125.97526459551287	277.13276990362522	-5.5082489582304268e-006	1.2806307346271985e-008	-1	
20.654048071108122	176.13407764495554	-3.8505090322756164e-006	-1.9613937043291229e-007	-1	
19.627555937793858	181.42489755205619	-4.375295535018405e-006	-1.7616543948113853e-007	-1	
17.537830416236837	187.8775182554067	-4.9017807474448439e-006	-1.5021507157277693e-007	-1	
-17.214843369049206	225.29804073913093	-5.8516566130526934e-006	-3.451090368339658e-008	-1	
-21.991498760326657	230.44650770586784	-5.9220397905521468e-006	-2.8513691258790546e-008	-1	
-8.2565519244500472	217.6690701066959	-5.7927676002215805e-006	-4.9182060690867768e-008	-1	
-2.5153385206893888	215.77429933712352	-5.9098918503018053e-006	-6.0617644273977372e-008	-1	
2.0922187996632298	212.82973899364904	-5.9410832220781533e-006	-7.1404904298565699e-008	-1	
-10.358540176429143	223.77677305543133	-6.0097297552325511e-006	-4.4776656976566123e-008	-1	
19.485789402531601	194.37434228599798	-5.5676437570018051e-006	-1.4536157350195288e-007	-1	
15.172179973046358	208.99435642566417	-6.3615976864559456e-006	-1.0509281612003626e-007	-1	
21.928552083252992	201.88815733729743	-6.2953240653528875e-006	-1.3602180514596684e-007	-1	
20.328857886927391	207.13219638985265	-6.5455826456427694e-006	-1.2083705271978564e-007	-1	
6.1678595788157571	215.42344306941266	-6.267072822170332e-006	-7.8066508614532259e-008	-1	
11.980732145584799	214.8204699819857	-6.5249664430371116e-006	-9.0343899886979983e-008	-1	
-147.5577150325162	284.7732467233721	-5.4860895473421041e-006	1.4043498210773783e-008	-1	
-142.66373004924321	287.83619986500247	-5.5620107947390704e-006	1.2823508794131991e-008	-1	
-134.42525151803883	281.40487810939209	-5.5161715457365852e-006	1.3131486092008911e-008	-1	
-136.90384233901159	287.44064388938369	-5.5942961061956816e-006	1.2164580054769645e-008	-1	
-152.86337547924381	287.9756557744476	-5.5058813679598306e-006	1.3909324719657027e-008	-1	
-124.95253630980642	282.70238138090042	-5.6103534748632122e-006	1.1365570855930478e-008	-1	
-129.655232063368	285.85693329894104	-5.6235617897904766e-006	1.1441657848733204e-008	-1	
-192.30237972078953	287.42141180299586	-5.3830656303834055e-006	1.6190617983496767e-008	-1	
-182.1984788872044	286.62950599263075	-5.385371922374988e-006	1.6101206492209998e-008	-1	
-160.62175482003556	294.46162496512028	-5.5612127297813609e-006	1.3300519605882242e-008	-1	
-155.40870480816582	293.62603232063549	-5.5740464510092923e-006	1.3015441276018252e-008	-1	
-165.55820594096974	296.33393792624611	-5.566776994707364e-006	1.3305541329062355e-008	-1	
-172.74217835939405	293.89077897357652	-5.509155451416758e-006	1.4220418428516556e-008	-1	
-177.8618186477575	290.76997696180069	-5.4528024064227374e-006	1.5083003993731369e-008	-1	
-200	287.43284814755236	-5.3802476205699034e-006	1.624384347201924e-008	-1	
33.757131836840642	115.0172252657844	-7.4280393626387786e-007	7.5836690151001676e-007	-1	
35.399803936750622	136.38241190399589	1.3954432871614318e-006	-2.1318478469145895e-006	-1	
35.13735295257505	137.7461472213285	1.4243773403633365e-006	-2.1513961278998923e-006	-1	
38.010172592238199	134.90242442134576	3.3996025214959227e-006	-1.9111499685287389e-006	-1	
36.334241482445051	136.33592368284116	2.0685302121963017e-006	-2.0267417028926845e-006	-1	
37.252798896223524	136.15819647867093	2.7111292536834653e-006	-1.9424997935620919e-006	-1	
49.967617178459577	124.30897218216749	2.2322262622321995e-005	-2.1587689469199064e-006	-1	
43.704735261791122	133.86901650715066	8.5325834449946868e-006	-1.7646649206188275e-006	-1	
40.597379645945324	136.47277886817645	5.0999834731508802e-006	-1.7513699908457298e-006	-1	
49.632965049199932	130.39427897498922	1.6953857229821797e-005	-1.8663251022521774e-006	-1	
47.689814936463065	134.83979509818928	1.1425754558620083e-005	-1.6583794628097014e-006	-1	
31.238232028665699	144.09611310784254	-9.511117548602589e-010	-5.8198472224344558e-007	-1	
32.059228173326488	142.90000000000001	7.6816474500746347e-009	-7.108872567385477e-007	-1	
32.167339292099598	144.49584564375647	1.7365760781020966e-007	-7.1115965961573086e-007	-1	
32.718044275079393	146.1030601825135	2.3435585924901803e-007	-7.2269435811944091e-007	-1	
35.060434826062	146.98804798307722	5.7544299123505918e-007	-8.6290258992974211e-007	-1	
36.289039195425275	150.7013864232523	9.2504955101921439e-008	-7.5433976231873686e-007	-1	
35.722469570574219	167.10827564967281	-3.2846186507718333e-006	-3.9818260623332741e-007	-1	
26.023699322142779	175.67222611968947	-4.0524074300354386e-006	-2.3991404276124289e-007	-1	
34.052902951141014	172.75872392988313	-4.1113566362180474e-006	-3.2584021815256806e-007	-1	
40.199463160195357	163.27793012184523	-2.7511890927155779e-006	-4.9837201181901582e-007	-1	
41.483365522861888	154.96135596714086	-6.3648956300796794e-007	-7.0982522015925963e-007	-1	
32.391926436404667	141.33688709481765	-4.421289958326607e-009	-6.8008515333077162e-008	-1	
32.924758907483671	140.51114296953241	-3.4254471587084304e-008	6.5564081289506167e-008	-1	
33.755791748851749	139.9479531765131	-1.1397410852965892e-007	1.7137616127167405e-007	-1	
33.482893189981418	140.48055347304802	9.2312516724373635e-008	-1.0447132743756023e-007	-1	
32.593548642881927	142.29871467215909	-5.8645127688516347e-008	1.9988050044169306e-007	-1	
34.350000000000001	139.10988253866117	1.2840318833889495e-006	-2.1570093097530738e-006	-1	
34.350000000000001	140.01903941688295	1.3179850459366613e-006	-2.0397925765212718e-006	-1	
35.137356848812175	138.65530409955028	1.5308900713277515e-006	-2.0793968821313234e-006	-1	
62.788461605993845	0	-2.4433381220243026e-007	4.8362186450766033e-007	-1	
62.360374679291461	0.95748837701534817	5.6752174010895253e-007	-1.3433790050153009e-006	-1	
46.871815523950623	104.35372102679321	1.5346948526574859e-005	-1.4229605613588361e-006	-1	
47.015900736931421	104.67462026758358	1.6007366219396155e-005	-1.4569213402814895e-006	-1	
47.504318486108396	105.3718657663745	1.7705583783607739e-005	-1.5410910189920907e-006	-1	
47.316835548097806	104.85676062765737	1.673611717559941e-005	-1.470342103867437e-006	-1	
47.076855955918695	104.19742211701534	1.5421146497006946e-005	-1.3837123258607921e-006	-1	
47.221089327843607	104.14492546284684	1.5551335485208587e-005	-1.3672899700438687e-006	-1	
47.879284362129589	106.40207604380873	1.9508874325894159e-005	-1.6765154242561241e-006	-1	
48.254250238150789	107.432286321243	2.1163081769617448e-005	-1.8010843966089451e-006	-1	
47.927364024541724	104.30863162020341	1.6818314538751182e-005	-1.414570091765426e-006	-1	
48.337548095862353	104.68469857647885	1.7999915604863335e-005	-1.5068017529433695e-006	-1	
47.490691951833142	104.39039701113046	1.6335261269462498e-005	-1.4138651432386221e-006	-1	
51.70388317220106	106.75409130381605	2.449697233890419e-005	-2.0592696919660756e-006	-1	
48.790405413475085	105.16167823019647	1.9347126775232764e-005	-1.618693515655653e-006	-1	
48.640731432423671	106.00656285239918	2.0351840023111426e-005	-1.7254184061598291e-006	-1	
49.502401664410044	107.00538691121309	2.2799258943839467e-005	-1.924638685700305e-006	-1	
53.661578164005391	107.87694054356155	2.6609330552662742e-005	-2.2611737051432352e-006	-1	
57.7375782338001	105.96728288958111	1.8080037845627277e-005	-1.5801719070008563e-006	-1	
56.128992300646743	107.83865919566064	2.4665024371290283e-005	-2.1163392696893442e-006	-1	
59.40053483825357	103.95871385173159	9.3816006801355355e-006	-8.9179083568187759e-007	-1	
58.854711156219935	101.49857051128279	4.9355256414450292e-006	-6.1480452949484696e-007	-1	
58.895023376420724	100.84209182535433	3.1686571026188023e-006	-5.1593445447054316e-007	-1	
59.512449444450347	102.04958110068617	4.4290326141129504e-006	-5.5603087436917468e-007	-1	
58.967511425005434	100.29034658452322	1.5522643906797161e-006	-4.3693943384267078e-007	-1	
33.739650986334603	113.85296496641395	7.4132709611756059e-007	-3.8107889056654129e-007	-1	
33.806058246566771	114.271745271	-1.2094289905989844e-006	1.0137712342852701e-006	-1	
34.350000000000001	114.10806838756261	4.295346960652131e-006	-3.879028771974757e-006	-1	
34.350000000000001	114.5626468266735	4.0426350530623273e-006	-4.1068493477744301e-006	-1	
51.628943122341511	116.70417881815119	2.9596523075603244e-005	-2.3346358578183994e-006	-1	
53.128806626426268	120.82501992788818	3.1108656856457783e-005	-2.357404281248668e-006	-1	
50.820689903756744	108.78556934166814	2.6283774103305039e-005	-2.2141561483321848e-006	-1	
51.585225430480548	110.88665728084185	2.8804934667237423e-005	-2.4111987404541058e-006	-1	
53.184587404957981	113.73247710217143	3.1761633027187367e-005	-2.6281553969123549e-006	-1	
34.217292157070339	113.57674497422586	-1.5249328997694644e-006	-3.3221537730378583e-007	-1	
34.160579900331655	113.82792419183453	-9.804048036108246e-007	5.1390736055551224e-007	-1	
59.403320942148383	99.71095576830318	-1.0813208963384362e-006	-3.4032111363917994e-007	-1	
59.547554314073295	99.658459114134672	-1.6045110832716851e-006	-3.2911423618873681e-007	-1	
59.805091400209882	99.646393576281724	-2.3655009916338754e-006	-3.3938607518687773e-007	-1	
59.354579419958178	100.07229511004913	-3.0396506404969164e-008	-3.6224830931841103e-007	-1	
67.194404240334549	96.726475258765362	-3.0029326814364321e-005	-5.0332886099621704e-007	-1	
67.378311885018135	97.106403430508053	-3.0726865835308341e-005	-5.3694193710442304e-007	-1	
67.658790019580351	97.683323085269294	-3.1765745809637794e-005	-5.7208553336756765e-007	-1	
68.128148685042248	96.324467834795797	-3.3381104133120818e-005	-4.9990080408733304e-007	-1	
67.849287681656762	96.374946692744274	-3.2377365295736346e-005	-5.0755778212584811e-007	-1	
67.609868617512745	96.515214583061592	-3.1532522083335814e-005	-5.1297603442234692e-007	-1	
68.76697606732867	96.302864018803376	-3.5711354429972802e-005	-4.6533870797269625e-007	-1	
68.386281329381646	96.441425571757861	-3.4410687826488018e-005	-5.0869681608612365e-007	-1	
69.941283439621614	96.517155641446678	-4.0064385617851935e-005	-2.6432484917841927e-007	-1	
69.304019890041261	96.59386804579465	-3.7876203777757426e-005	-3.7085166411951001e-007	-1	
76.709549808789419	94.434671042437202	-5.3417692637136672e-005	4.5103591152954487e-007	-1	
77.903649778057286	92.977386747895608	-5.142161543280767e-005	2.552242771489782e-007	-1	
77.929187051642259	94.130526671986487	-5.4219723975052594e-005	5.1428091583657443e-007	-1	
78.665039253951335	92.700263641986652	-5.1402826302774996e-005	2.7782324374035481e-007	-1	
78.890034720729219	92.133921857269399	-5.0148867554612583e-005	2.8947360861890582e-007	-1	
72.202030154833864	97.655943717097173	-4.8665825784391872e-005	2.7553553553981086e-007	-1	
70.056339211751791	97.148623608887732	-4.0983808751660948e-005	-2.0914161803248951e-007	-1	
70.534208173309821	98.144700439241717	-4.332458674661893e-005	-7.7662692394822167e-008	-1	
73.789237958506476	98.152853151904296	-5.3698287393790454e-005	6.2175395522438736e-007	-1	
75.446816654159008	98.289163335523938	-5.7947812293694655e-005	9.1934781991080295e-007	-1	
77.727380439429965	95.918751587020068	-5.7787969224744842e-005	8.3100131378998884e-007	-1	
82.117993659995648	89.97505688534882	-4.6807279060682969e-005	4.437226468479133e-007	-1	
83.913998708860092	90.094955689441775	-4.7042313800664633e-005	5.0994463192505928e-007	-1	
79.853372188918158	91.609837394530601	-4.9435259417147211e-005	3.38521164783002e-007	-1	
80.238060097779851	91.42657179682503	-4.9158107182887104e-005	3.6360115761258896e-007	-1	
79.476669553394601	91.968920189729388	-5.0101454527068104e-005	3.1398253830928731e-007	-1	
81.296753634161306	91.03967311567051	-4.8578557944914867e-005	4.2477996416443006e-007	-1	
87.060911195630169	92.886389398883125	-4.9915476547489321e-005	6.504588368636938e-007	-1	
91.822993938133777	94.706343416571897	-4.9522462247125489e-005	7.0895078992026467e-007	-1	
99.59813385168907	84.988376499928023	-3.9292745469543716e-005	5.9114398398925013e-007	-1	
102.12620933975366	80.077594904792534	-3.6270911050201307e-005	5.8109914993617461e-007	-1	
98.070212961472521	94.506813555735818	-4.591435134446888e-005	6.7494059347169525e-007	-1	
101.01304462819456	90.327380999177194	-4.1959317413122102e-005	6.2355052332395488e-007	-1	
67.813275237620374	98.563353367410258	-3.2182564579120255e-005	-5.8212380786248131e-007	-1	
59.900985779408202	99.984832846133386	-1.841118131495e-006	-3.1611425911311075e-007	-1	
59.975016844263003	100.83290276349383	-1.5190117661161847e-008	-2.8484466550440053e-007	-1	
59.787533906252406	100.31779762477672	-6.7496263989776545e-007	-2.8772097661762866e-007	-1	
61.800737283982791	102.24746405670915	-3.4585625210372022e-006	-3.6677542403839529e-007	-1	
60.349982720284196	101.86311304092808	1.1890150002118077e-006	-3.0034428111266091e-007	-1	
63.063831281965044	103.76016140280477	-5.5889258894227221e-006	-4.113048347506983e-007	-1	
65.603545528397959	103.36318317899422	-1.7564427093044524e-005	-4.7586720381405568e-007	-1	
67.804252197569085	102.03478929163192	-2.9484927199068924e-005	-5.3951146297773686e-007	-1	
67.799495224584319	100.0640947237622	-3.1296035456524035e-005	-5.6346580636481173e-007	-1	
105.21899617144591	19.817968956422622	-2.0441986021696654e-005	9.3478642443386554e-007	-1	
104.81642469139985	30.773992206639793	-2.1701300912261316e-005	8.4612354211925334e-007	-1	
108.20073750175322	24.597306123263138	-2.1523574049205083e-005	8.7814257184608412e-007	-1	
105.48200409654039	14.190920711868159	-2.002125473000394e-005	9.6996933070462739e-007	-1	
63.387565474970259	2.686042049869811	-2.3853888918404787e-006	3.149065078459724e-006	-1	
62.624501815277156	1.9725151081751595	-1.447941221324379e-006	3.3468733987519174e-006	-1	
65.493710568235173	1.817797290815798	-3.8660088987484339e-006	3.2717412155641668e-006	-1	
64.451386570298482	1.3319393472655545	-2.7743576363480468e-006	3.6033819640486645e-006	-1	
63.537944192787819	1.6522272277203571	-1.9001504851202572e-006	3.6091964350756612e-006	-1	
68.095392553344738	1.2513627662531452	-5.8009798424747496e-006	2.8212045131763005e-006	-1	
67.643790934479654	1.3905395659922621	-5.4956025202086973e-006	2.9063630259904626e-006	-1	
67.074289329735649	1.2273725666600046	-5.068758692699712e-006	3.0678696667744543e-006	-1	
66.574886825995762	1.5204794746176586	-4.708755317128534e-006	3.1296312234697788e-006	-1	
66.081584322496781	1.5246151310244678	-4.309374856400761e-006	3.2392755437780514e-006	-1	
68.850037924476055	0.66899968158144285	-6.2799487834041544e-006	2.6967545130025405e-006	-1	
68.478152931601926	0.9742189469397573	-6.0467827645138526e-006	2.7598089368332518e-006	-1	
69.022148654923328	0.34836612822176444	-6.3841149334755051e-006	2.6704338786712928e-006	-1	
68.916939245729452	0	-6.3160966708573832e-006	2.6969801024355441e-006	-1	
101.26424497422587	0	-1.8537439371463717e-005	1.0727272973987206e-006	-1	
104.63868696995593	4.5919902819093315	-1.9392390667724936e-005	1.0198867987917007e-006	-1	
107.71678279027003	9.3876716362802775	-2.0199893351514625e-005	9.7163010483719877e-007	-1	
104.12429550360777	57.416110859366171	-2.7396936543775146e-005	6.4169234442280073e-007	-1	
101.48516936812912	71.105596485948894	-3.2095798291732533e-005	5.7967772329381097e-007	-1	
109.05322924384535	68.264314415762342	-3.1125923985406583e-005	6.0538848020531283e-007	-1	
109.34696575783555	60.913762853465592	-2.883994569786078e-005	6.3265952476681726e-007	-1	
107.61808148770287	50.065554632815811	-2.5852465242499733e-005	6.9056634113253576e-007	-1	
110.87076496051453	46.2007411282258	-2.5392495812250821e-005	7.1395712347959108e-007	-1	
109.35958166635334	36.948674678378836	-2.3460371210004405e-005	7.8042144760757319e-007	-1	
113.53014169793749	40.896301123055053	-2.4721101408348904e-005	7.4378721431727564e-007	-1	
105.16490847218381	75.351582977165592	-3.3837230399257224e-005	5.8540970043256974e-007	-1	
-22.85321408916656	238.8900100385859	-6.2193809029263039e-006	-2.7850626923466916e-008	-1	
-19.302946826872635	234.98661527949665	-6.1822662460797522e-006	-3.1711734093957971e-008	-1	
-27.953675183025876	248.29171978893896	-6.3877735240439205e-006	-2.3123805163434795e-008	-1	
-21.884500125649055	248.13702597765473	-6.5614426997319597e-006	-2.8314548740932145e-008	-1	
-31.816287399194643	252.97563299477858	-6.4234543089192157e-006	-2.0141960241923545e-008	-1	
-48.156871430236357	257.58461838192363	-6.158594557609986e-006	-9.5600182831856533e-009	-1	
-43.462148422244383	255.23720220373775	-6.1991434455817588e-006	-1.2139964471072005e-008	-1	
-37.17606461973827	254.52934219797655	-6.3295342048925272e-006	-1.6330017454958562e-008	-1	
-50.778620151249079	262.78139336489124	-6.2374267232109708e-006	-8.8141419501657721e-009	-1	
-55.965849594146157	263.3291831041081	-6.1445408793503556e-006	-6.1604527799592052e-009	-1	
-61.017307866518479	263.76100323245515	-6.0579527490421101e-006	-3.7156189438492141e-009	-1	
-66.870142869169243	262.87291240626161	-5.9318517113734922e-006	-8.1025722020805637e-010	-1	
-71.224388323380552	266.52205500427891	-5.9433296616144447e-006	2.7312214034532242e-010	-1	
-79.847146795882182	266.2627257509177	-5.8042481152226913e-006	3.6907656853196542e-009	-1	
-88.077797782893256	280.25326724086267	-5.9738610607054949e-006	3.3559917488587226e-009	-1	
-95.199694619488042	281.41130098276739	-5.8995555529951959e-006	5.1592040931257633e-009	-1	
-100.37871429664939	279.47417243114791	-5.8002537968291926e-006	6.9285050414405226e-009	-1	
-80.020553149803277	272.34410989461162	-5.9328941551686227e-006	2.3577705196923819e-009	-1	
-82.586900086442455	277.25927534676146	-5.9940285799173885e-006	2.2331044052400029e-009	-1	
-112.7850354492837	283.69165347039592	-5.7394389671242149e-006	8.8536903798631764e-009	-1	
-106.33855615463773	285.0332026905009	-5.8309446330972859e-006	7.1805794144927071e-009	-1	
-119.3469529072091	283.14567830462624	-5.6667406261105362e-006	1.0265498614254027e-008	-1	
24.66530927395273	184.1668512014042	-4.9380402082922528e-006	-1.9745920195241299e-007	-1	
23.214442709925265	189.71592812505014	-5.3922704913887642e-006	-1.7240873123730321e-007	-1	
-12.429638626710036	230.65360059374308	-6.2346773676822956e-006	-4.0620804247078433e-008	-1	
-4.1034215500034943	222.06261033179871	-6.1620529354784736e-006	-5.5232569397273289e-008	-1	
1.7278102613462138	219.22331491989598	-6.2645019699328659e-006	-6.67987368499078e-008	-1	
-5.2714340864299452	230.0702366062086	-6.4745395179303714e-006	-5.0314675307103743e-008	-1	
25.861783805858575	193.97506725431455	-5.9486197702449785e-006	-1.6926565604821851e-007	-1	
19.517598520001201	212.5544491823787	-6.8240241468567725e-006	-1.0889303466034113e-007	-1	
28.82022381324834	198.02430344442797	-6.4897156492854495e-006	-1.6590809151647894e-007	-1	
29.330282464033054	207.01206820387441	-7.1632508193726683e-006	-1.4059510748183116e-007	-1	
25.43826867165345	211.57910814499559	-7.1534500774302905e-006	-1.2233590234910334e-007	-1	
7.0674003788914117	220.96850836511743	-6.5950912948535582e-006	-7.495046030056405e-008	-1	
17.106182618919881	217.62810625954131	-6.9590726857959678e-006	-9.6423303009241358e-008	-1	
12.66613330145033	221.42797811002467	-6.8988187878122339e-006	-8.3992137002217528e-008	-1	
-147.09305286147557	291.53942418839455	-5.5894802262188831e-006	1.2589373653095874e-008	-1	
-141.65065061135792	294.89623553028753	-5.6720745391290687e-006	1.1295780953414462e-008	-1	
-132.51975249928026	292.70127496448396	-5.7057706275371781e-006	1.0495294903659451e-008	-1	
-122.495780369343	287.80442953856982	-5.7141562473404078e-006	9.8633444748676054e-009	-1	
-126.23546710839948	292.80552331293524	-5.7589803377672183e-006	9.5021863123504976e-009	-1	
-188.62606037007743	292.29693827005542	-5.4547018346494051e-006	1.5129653230057039e-008	-1	
-193.66931779610533	293.37267743289931	-5.464237948730251e-006	1.5010001257610695e-008	-1	
-183.46729601921874	291.66906699099781	-5.4536406706676332e-006	1.5115930686605925e-008	-1	
-161.19265018513511	299.71026135716346	-5.6292186925683971e-006	1.2366632445212767e-008	-1	
-151.20014243950865	302.23983167238066	-5.7130293263827683e-006	1.1017791440089157e-008	-1	
-147.05029417979188	298.32140325917572	-5.684575197244332e-006	1.1295330730439667e-008	-1	
-156.84162343674623	303.10528760187304	-5.6944692662316165e-006	1.1389907784500525e-008	-1	
-168.87774142265806	300.42106323528225	-5.6082363369845551e-006	1.2771368616404471e-008	-1	
-174.05799445672443	301.36387159809931	-5.6036038989718894e-006	1.2895864858397975e-008	-1	
-179.33083142087128	296.58307625145392	-5.5279249570611268e-006	1.4017234603328086e-008	-1	
-200	293.67805158666323	-5.466138425534128e-006	1.4990617797041124e-008	-1	
35.976943630064511	137.20060450614756	1.8582092516974669e-006	-2.0466162399957268e-006	-1	
35.929049757195763	138.2007222675916	1.8830053108194296e-006	-2.0048483137086291e-006	-1	
38.102598653085408	137.26118575459412	3.1973618822922383e-006	-1.8447900665965546e-006	-1	
36.795497131374134	137.74100924454029	2.3579385900399219e-006	-1.9357690537732958e-006	-1	
53.067752675796321	127.84736191963091	2.3817239536703622e-005	-2.0116321050917318e-006	-1	
54.628670130511033	124.94586103762516	2.9387314447636554e-005	-2.1950814232465755e-006	-1	
44.640309391839601	137.8136252841027	7.2557020946420154e-006	-1.5645749972192279e-006	-1	
38.992801019730322	138.53938116498634	3.5389670123363908e-006	-1.7185901289060031e-006	-1	
41.067767680710297	140.13312862826504	4.2241194228892502e-006	-1.528096043344884e-006	-1	
52.642363076853584	133.63069146736362	1.6752464147362798e-005	-1.6558778937399401e-006	-1	
54.010008639078258	131.00446888145098	2.1419332158052703e-005	-1.8207692723201839e-006	-1	
48.812737063133547	139.04176074213322	8.7618601255215419e-006	-1.4150631636585818e-006	-1	
52.451897678967562	136.65974911587824	1.3125625170951576e-005	-1.4727955925015651e-006	-1	
32.593548642881927	143.57858232467109	2.1518783406378848e-007	-8.0156856876368733e-007	-1	
33.127869112437374	142.90000000000001	2.9409014241165605e-007	-9.323368186538783e-007	-1	
33.178394529396584	144.46767270695278	4.032503685895277e-007	-8.528004460063475e-007	-1	
34.664861994137141	145.20075964496149	7.3365697392562071e-007	-9.6513539790703766e-007	-1	
35.750770825005503	145.29266788484432	1.0080886127362395e-006	-1.0386861313744617e-006	-1	
37.388641753424899	146.94782474370831	1.0741571266476015e-006	-9.8027503130289487e-007	-1	
40.271214492804411	148.35385595646437	1.26386371388907e-006	-9.6339070401854548e-007	-1	
41.184487874535826	168.96082697948069	-4.0221391645183157e-006	-4.1738584699747455e-007	-1	
31.462270278263905	180.89784109823415	-5.0256779905277625e-006	-2.5079097625278891e-007	-1	
39.587452746421974	179.13699868832632	-5.4985609016989306e-006	-3.0373143296640703e-007	-1	
42.522472232761288	174.38421266165719	-5.0953724460763699e-006	-3.6067742481785081e-007	-1	
46.391389463544662	159.97644129330877	-2.318047704099176e-006	-6.0477561586564615e-007	-1	
46.917213738917241	168.32723046257348	-4.5040827635202367e-006	-4.5074170195960792e-007	-1	
45.472288627717035	149.55609381121243	1.5107398494268292e-006	-9.3450640649136536e-007	-1	
51.219270303034079	154.88415826594758	-9.479049274609486e-007	-7.3359714433049359e-007	-1	
33.374350759714503	141.36150927279729	7.8246933592326402e-008	-1.1788686457318162e-007	-1	
34.041822069008546	140.47361785599384	-5.5892285024046423e-007	6.5986945531176443e-007	-1	
33.777983618257608	140.95528627551084	-9.0998110425501317e-008	1.5003723987692789e-007	-1	
33.3950293472151	142.23036929744856	-4.912238639837447e-008	1.8014112139100535e-007	-1	
35.139833834471126	139.56446097777206	1.5721354257979599e-006	-1.9777497728587138e-006	-1	
35.202386325723495	140.47361785599384	1.5687944032005406e-006	-1.8417260274255908e-006	-1	
34.350000000000001	140.92819629510473	1.3145392631506366e-006	-1.8708931917446224e-006	-1	
36.035285968105427	139.1074395171371	1.9354343934656482e-006	-1.9177470133125226e-006	-1	
63.850071295104733	0	-2.152190637046126e-007	3.4056683277063876e-007	-1	
63.319266450549293	0.5325542880709585	3.006992893678726e-007	-5.1987752159819751e-007	-1	
47.12935261008721	104.34165548894025	1.5717282578223132e-005	-1.3999848454956012e-006	-1	
47.787104349678827	104.76648494609444	1.7350881383535419e-005	-1.4870478212374619e-006	-1	
48.148256409333214	105.30392448376959	1.8673559203203947e-005	-1.5911793611612824e-006	-1	
54.943765436554848	110.98257858876704	2.9737590062090944e-005	-2.5146173022308299e-006	-1	
60.28018955080956	105.38857576268647	9.6084910450278445e-006	-8.6744415812881935e-007	-1	
60.294904479766494	107.71659335688983	1.4623021769827877e-005	-1.2515553333846651e-006	-1	
57.974075823644675	110.32960680391672	2.5126269583780893e-005	-2.1337180881536551e-006	-1	
60.724948596305389	102.89332331836232	2.2898612513625238e-006	-3.2897550527393477e-007	-1	
61.099914472326589	103.92353359579658	3.2032769444767213e-006	-3.5457139655923859e-007	-1	
59.438059961818382	101.19477203995231	2.5556010887873475e-006	-4.5880129095145027e-007	-1	
59.369259014464348	100.55092539944511	1.1392221132533779e-006	-3.9873173078237019e-007	-1	
55.767165170170919	116.9774503087383	3.2922399330189535e-005	-2.6895102620552676e-006	-1	
59.46430176549601	123.9671020831787	3.218457041443431e-005	-2.6119323472280086e-006	-1	
59.887446995710008	118.84923447590587	3.1241289854510254e-005	-2.5849913436851665e-006	-1	
58.773886681237975	114.12102163299723	2.8898254133374528e-005	-2.4179746908864448e-006	-1	
59.60005096824181	99.802692486059584	-1.3892684134278614e-006	-3.0930583987544577e-007	-1	
67.656312787541637	96.788782688658728	-3.1767571274818137e-005	-5.4462955992016685e-007	-1	
67.800398000522421	97.10968192944911	-3.2373928986553872e-005	-5.7552171112282149e-007	-1	
68.28881574969941	97.806927428240016	-3.4394811598918127e-005	-6.2363235315741058e-007	-1	
68.101332811688806	97.291822289522898	-3.3612337614581443e-005	-6.1172886116023776e-007	-1	
68.005586591434621	96.579987124712346	-3.3052051078017244e-005	-5.4916447012092607e-007	-1	
67.861353219509709	96.632483778880854	-3.2521878484239267e-005	-5.5759902293136536e-007	-1	
68.711861288132752	96.743693282068946	-3.5804674229640236e-005	-4.6484328795705934e-007	-1	
68.275189215424149	96.825458672995978	-3.4184864474475697e-005	-5.3408182093932101e-007	-1	
69.122045359453395	97.119760238344412	-3.7547578543054648e-005	-3.9430806233395116e-007	-1	
78.664601092681451	93.342127671683997	-5.2963098579743497e-005	4.1299190024678295e-007	-1	
78.982363043177642	93.899816623897962	-5.4439271176161209e-005	5.4160063861818584e-007	-1	
79.256560025484816	94.970023992252976	-5.6871598069840164e-005	7.3553915066506615e-007	-1	
79.426428729845384	92.423140536077682	-5.1193874887603183e-005	3.0294795803610573e-007	-1	
79.202083076663925	92.991267668977954	-5.2455306370484177e-005	3.9070070709502211e-007	-1	
72.488380435791825	99.189152965682254	-5.057049526676999e-005	4.018576030559612e-007	-1	
69.574902677066191	97.596739892062104	-3.9467861833546308e-005	-3.0450666933907846e-007	-1	
69.425228696014543	98.441624514264674	-3.9102450372570508e-005	-3.6869554039817402e-007	-1	
70.286898928000895	99.440448573078442	-4.2599994537794245e-005	-1.7825550734049916e-007	-1	
74.446075427597421	100.31200220543001	-5.7151783666243784e-005	8.699758557168784e-007	-1	
78.522075497392635	98.40234455144568	-6.2316265633135636e-005	1.1830040846108045e-006	-1	
76.913489564239185	100.27372085752575	-6.2604464121651809e-005	1.2515025560139491e-006	-1	
80.185032101844669	96.393775513597078	-5.9838461641246699e-005	9.3950006869079369e-007	-1	
82.368126333769254	91.01706656059585	-4.8572166621078556e-005	4.7697551783776552e-007	-1	
84.008258551157923	92.471776110032707	-5.0608912921570507e-005	5.8614865434162097e-007	-1	
79.929685561400035	92.029059693206619	-5.0420129125627537e-005	3.3318231030689273e-007	-1	
80.175752667886499	91.888480344032118	-5.0153650640339538e-005	3.5266979360475604e-007	-1	
80.449320773483606	91.842036174003226	-5.009161858082503e-005	3.7638732732214843e-007	-1	
80.903380695691254	91.736815886759416	-4.9910958232593501e-005	4.1211688097664288e-007	-1	
79.807123467792422	92.284578983123183	-5.1005223492774103e-005	3.1882881148619641e-007	-1	
81.611317534941577	91.77574367229397	-4.9975787811508e-005	4.6139249096585532e-007	-1	
84.313585450802805	94.280230709400044	-5.339971208984371e-005	6.7605049877080186e-007	-1	
86.870445797744097	95.915447047397208	-5.4074277008653826e-005	7.6395233972475169e-007	-1	
89.87984382539932	99.151859539771507	-5.5351639542651909e-005	8.4883013282299856e-007	-1	
95.940389283478567	99.153507629390845	-5.0036220497746553e-005	7.4521735552549981e-007	-1	
107.24495580152282	85.818849669977268	-3.7950738051202457e-005	5.9503783753800574e-007	-1	
107.66035554275912	80.295995683899477	-3.5587044617338615e-005	5.8789036456005639e-007	-1	
103.15950578435094	94.983272658369444	-4.3420642749498137e-005	6.4057435133868155e-007	-1	
106.07953927517357	90.769245243947665	-4.0375516925039034e-005	6.0999900330451085e-007	-1	
68.663781625720603	98.837137705674252	-3.5825985814326767e-005	-6.2505198167078904e-007	-1	
61.849846224368967	105.98395415066506	4.6696040044514066e-006	-3.9962731626785738e-007	-1	
64.718302971928935	106.1066079714447	-8.5594279900838493e-006	-4.5693002827003738e-007	-1	
68.045120134287771	104.89574554950012	-2.6945684895836199e-005	-5.1838079763886252e-007	-1	
69.413713377762988	100.89755826054275	-3.8246687942442324e-005	-6.0115193366065921e-007	-1	
70.163645129805374	102.95797881541127	-4.0095109563051578e-005	-5.7743054341319454e-007	-1	
69.038747501741796	99.867347983108502	-3.7116521499796792e-005	-6.1418294047625924e-007	-1	
110.6619329476392	13.791252910951171	-2.1017174648113211e-005	9.2506450264671614e-007	-1	
114.37388347615162	17.426197274681137	-2.1949085565955586e-005	8.7828935970402071e-007	-1	
111.6515765399617	30.503585049613157	-2.2848640194738891e-005	8.1800692930747167e-007	-1	
114.94778741333047	24.616476769542306	-2.2676782910554706e-005	8.3765916577612606e-007	-1	
65.810774354448583	1.2424522767228918	-4.0372969162167351e-006	3.3829778399544319e-006	-1	
65.364828947809144	1.0116514668107521	-3.5885892370644258e-006	3.5685279708043398e-006	-1	
64.787020223962912	0.66315393716390458	1.1364839381658887e-006	-1.1423022155445007e-006	-1	
64.049534077507744	0.71165494625724823	7.7927013193438265e-007	-1.1885690046810705e-006	-1	
67.598104931129413	0.83340377859368375	-5.4388195999646621e-006	2.9879330540948356e-006	-1	
68.036933320026705	0.78243129813966972	-5.7457232488517784e-006	2.8796795336746155e-006	-1	
67.289552246821998	0.95810176853587525	-5.2164685580431678e-006	3.0551477081114077e-006	-1	
67.058285614249371	0.88300536833012988	-5.0391292545218851e-006	3.1327304930565238e-006	-1	
66.819200479504545	0.99547913276695665	-4.8570296340486256e-006	3.1803145601923601e-006	-1	
66.449900058001433	1.1964261875910454	-4.5765158925827822e-006	3.2344724831669658e-006	-1	
66.142344536873168	1.0350513864914217	-4.3042994251084308e-006	3.3554085027776472e-006	-1	
68.659074857224397	0.32376132178838402	-6.1533726605642092e-006	2.7517621122105769e-006	-1	
68.496699501767964	0.49347652879264392	-6.0497124199580994e-006	2.7842034045336202e-006	-1	
68.660214597090601	0	-6.1535471189782126e-006	2.7557017482541625e-006	-1	
109.47943373066941	0	-2.0360601545979361e-005	9.694375559251143e-007	-1	
113.58702810889116	3.0461817214660813	-2.1177212828036218e-005	9.26726189205161e-007	-1	
112.85752338280375	8.1077405239309162	-2.1162672398030641e-005	9.2460546036224403e-007	-1	
109.75757599744945	54.641502233294617	-2.7199365673781326e-005	6.6392350138917503e-007	-1	
114.16410387786048	66.889008511927102	-3.0659101024039935e-005	6.1447637775607979e-007	-1	
113.89210442006261	74.73993802386201	-3.2984154150388358e-005	5.9503972440945299e-007	-1	
115.57170868690868	61.786934957450661	-2.9305191279944908e-005	6.3316959956824664e-007	-1	
114.93346094058772	56.368114533001958	-2.7977913560030904e-005	6.5649999526868485e-007	-1	
114.30785962493759	50.947819525166778	-2.6740726752954879e-005	6.8366271010530531e-007	-1	
116.7772618180159	45.632706558565857	-2.5914926560830319e-005	7.1002464276715605e-007	-1	
115.50952054663942	35.505625386464537	-2.4110345333560248e-005	7.7134528551793521e-007	-1	
120.32103635645792	40.04619463315219	-2.5323072934329547e-005	7.327001527564916e-007	-1	
-17.413355798498159	239.91310835515281	-6.4239682633398377e-006	-3.3379455828430496e-008	-1	
-14.001157427982813	235.77870620444082	-6.3838871313477087e-006	-3.7780430133010559e-008	-1	
-25.120689505716303	257.07612618932353	-6.7303639936845679e-006	-2.5006368062596804e-008	-1	
-15.770930446753098	246.13344025417499	-6.6897111590168018e-006	-3.4125031357011691e-008	-1	
-17.377448525462885	251.56045275631089	-6.8086731762941464e-006	-3.1716604134640392e-008	-1	
-32.478448480565461	260.71297288178857	-6.6218919767271318e-006	-1.9731626465266679e-008	-1	
-40.110009917676457	259.27625584061497	-6.3881642663106492e-006	-1.4708613296612889e-008	-1	
-45.611420312164562	265.46096094244825	-6.4183799714251891e-006	-1.1988562562559013e-008	-1	
-50.601501246363938	268.59935395888482	-6.3827330840051814e-006	-9.6091958171096418e-009	-1	
-58.258358750371087	268.0144605409601	-6.2112651804641669e-006	-5.7794214612624333e-009	-1	
-65.00117120153098	269.52538167099948	-6.1190181141851161e-006	-2.9568641458861431e-009	-1	
-75.589705569439573	270.15794561284292	-5.9545500535666563e-006	1.2063179537395276e-009	-1	
-70.151653742491575	272.24848536097045	-6.0886156623532651e-006	-1.3028551510286956e-009	-1	
-82.915339815645666	283.50475950086138	-6.1093197169746732e-006	1.1885776805095892e-009	-1	
-88.658110465056524	286.32668566637477	-6.0766937091704439e-006	2.4155781031667463e-009	-1	
-100.4329135244124	285.16325581926316	-5.901339273996814e-006	5.763560863004392e-009	-1	
-95.027482849946239	286.93805906941776	-6.0003177141844885e-006	4.0552059159633459e-009	-1	
-75.881561872763754	275.04234556924916	-6.0529102466803845e-006	3.5434480398656596e-010	-1	
-76.223013014334995	279.92352925293198	-6.1453571180181512e-006	-4.002609438426566e-010	-1	
-116.94797893395673	288.16064748364687	-5.7716629683185289e-006	8.7732944434611279e-009	-1	
-112.98081023910018	292.05507485328911	-5.8739518490947933e-006	7.2444169038939866e-009	-1	
-107.81281887662698	294.58583465345492	-5.9701215600720216e-006	5.7145991617322201e-009	-1	
-102.25191409458773	290.55397416461574	-5.970066581793373e-006	5.2011784336009081e-009	-1	
28.929942327442664	188.00223559025414	-5.6169164248185216e-006	-2.0342526959208522e-007	-1	
-6.7165937502794915	238.32723926586419	-6.7437981921757542e-006	-4.5533399497765284e-008	-1	
2.1739033402494199	226.89954544515928	-6.643348348102984e-006	-6.2621924345813912e-008	-1	
-0.83465793767709628	232.35485193147247	-6.748289324703643e-006	-5.5224564712445473e-008	-1	
30.78757946423951	193.0342069392178	-6.2335565639388344e-006	-1.8964529730445368e-007	-1	
22.919055185688926	217.02513317211435	-7.2815754844549781e-006	-1.0704763071043883e-007	-1	
35.488794238793353	202.15421522547061	-7.3410222066780405e-006	-1.6718292454071056e-007	-1	
35.993463686063677	194.32661587518186	-6.7925246719332838e-006	-1.9913980982170493e-007	-1	
35.804162975640097	208.8866551828923	-7.7891475761368012e-006	-1.4607603698808761e-007	-1	
28.835601468578833	216.45632025070475	-7.6554170008633428e-006	-1.1719388936423525e-007	-1	
34.707858081564538	215.53671689686871	-8.0498147962585266e-006	-1.2688180905081836e-007	-1	
9.1299735051512627	230.17622089033102	-7.1120241768526262e-006	-6.9940842024840366e-008	-1	
20.979530340841219	226.64798594719662	-7.6060933079656526e-006	-8.9283827611785059e-008	-1	
14.881225890593024	227.13018830458168	-7.2789551360644533e-006	-8.0709256535545912e-008	-1	
-136.30632545747216	298.40709201933561	-5.7592213181823148e-006	9.9538686962217405e-009	-1	
-138.91671138508482	304.12579304227592	-5.8170555095828603e-006	9.3064717791804866e-009	-1	
-129.69532670932713	298.93963227937013	-5.8189435195261153e-006	8.9188074753990433e-009	-1	
-120.00474827136344	292.38798454817766	-5.8087497645169278e-006	8.520567089824489e-009	-1	
-123.10339533349385	298.20796000790079	-5.8666958726610427e-006	7.9932822615609366e-009	-1	
-185.54541738344605	296.43230995837808	-5.5140754987139752e-006	1.4258354768346792e-008	-1	
-190.44355910657595	297.12273960812229	-5.5166336855843121e-006	1.4244056459449042e-008	-1	
-195.28275136695569	298.14777800164399	-5.5262748412927638e-006	1.4118460753429398e-008	-1	
-162.09723361817623	305.15446614575563	-5.6950235427062999e-006	1.147473834579667e-008	-1	
-152.38753515388865	307.82243145652455	-5.7768189675286038e-006	1.0197209060138352e-008	-1	
-145.19501332719753	304.44293781130204	-5.7781456943006897e-006	1.0004141795712449e-008	-1	
-156.89593784236271	312.48769176818195	-5.8086266035959756e-006	9.861417892030668e-009	-1	
-167.72372579239988	305.55839299217649	-5.6772798108216246e-006	1.1798370133499734e-008	-1	
-175.19689444148185	306.92540417705902	-5.6691514595064411e-006	1.1991528484771839e-008	-1	
-179.31793399735932	304.52510010116532	-5.6293324616938093e-006	1.2580951372740352e-008	-1	
-183.54576863059941	302.31832847912693	-5.5926943860292417e-006	1.312748607078728e-008	-1	
-200	299.9232550257741	-5.547518791342878e-006	1.3818881687808216e-008	-1	
37.436155276658333	138.48372335957015	2.6755510991851263e-006	-1.8299177163749566e-006	-1	
56.128533634595797	129.06670214736215	2.68544473720725e-005	-1.9751172653103573e-006	-1	
57.676773758090697	126.44740606291215	3.0802769155934914e-005	-2.4125553669348648e-006	-1	
44.978073416869314	142.37594721541066	4.9961879918295407e-006	-1.3049501949661823e-006	-1	
38.454705710897365	140.00112573889103	2.9806200657457292e-006	-1.6375837159711052e-006	-1	
40.486019776811609	142.75301519327195	3.1162464483444754e-006	-1.3479810112841839e-006	-1	
55.199223423795338	135.26590780536105	1.669908518538059e-005	-1.4991270284338115e-006	-1	
55.664480329042156	133.35091545009084	1.9973568595691425e-005	-1.6377864563746988e-006	-1	
56.878465386638169	131.12712270223062	2.4869001925475348e-005	-1.8208172365761701e-006	-1	
52.43749012096405	141.76474518669835	7.6687388770961038e-006	-1.2032010675096643e-006	-1	
55.598810165736801	139.4511828253215	1.098175573412997e-005	-1.227133281504388e-006	-1	
55.504550323440299	137.07436240472867	1.4209712304822321e-005	-1.3655501123351317e-006	-1	
33.445657722382791	143.43757717521132	4.6548488385235251e-007	-9.6553992323618433e-007	-1	
33.66218958199282	142.90000000000001	4.9849703838779437e-007	-1.0454033933012722e-006	-1	
34.210932298825313	144.21000591913941	7.0751012813355433e-007	-1.0141530074892958e-006	-1	
35.011350422738204	144.16751674885148	9.650727262533747e-007	-1.1085704083035964e-006	-1	
35.781867289704138	143.94665873925936	1.2417620634439243e-006	-1.1962361647661904e-006	-1	
37.02005071394089	144.64862791628835	1.4775706590891966e-006	-1.1619541601143636e-006	-1	
38.698593894387102	145.55867907073929	1.7245410683375806e-006	-1.1214617191204588e-006	-1	
41.876211415274391	145.61087180245335	2.5690362693086296e-006	-1.1404445403215446e-006	-1	
35.338520259094601	186.2830275751646	-5.9576934292252857e-006	-2.3776807205147256e-007	-1	
44.487826992878169	181.06599575886852	-6.2881024558305489e-006	-3.0318073814064153e-007	-1	
41.588522384846755	188.51081139171816	-6.811387787401029e-006	-2.4288584752815013e-007	-1	
50.026091572204926	172.3464286466174	-5.7529046531060047e-006	-3.9933572731813328e-007	-1	
47.563378847514329	176.79098953162912	-6.1108567658956374e-006	-3.475334275177891e-007	-1	
54.002242778010803	163.80772050196961	-4.5755122225259339e-006	-5.1986777012750341e-007	-1	
54.906801372433129	170.93301176866322	-6.3436760155907723e-006	-4.1288067810588372e-007	-1	
50.539344559360906	147.07686871109357	3.3056766354118185e-006	-1.0014068822870849e-006	-1	
57.619207566197453	160.03970886735848	-4.2313126994161431e-006	-5.6885632050300799e-007	-1	
56.784170904498943	154.88383263424677	-1.9711200464770855e-006	-6.8528041879077168e-007	-1	
56.737108743446427	149.31913102830086	1.2369260377780166e-006	-8.2949858933362132e-007	-1	
33.903873660098867	141.5139349176691	-5.7285488912905754e-007	6.9510158955666123e-007	-1	
33.885182592961058	142.06464239288195	-1.7047350770462271e-007	2.0811192464949734e-007	-1	
34.027122669367095	142.5771226693671	-4.5506592807709843e-007	5.2987100114652584e-007	-1	
36.629009617087107	139.91873192296313	2.146795805856816e-006	-1.7715199025595467e-006	-1	
34.875831925405691	141.38277473421562	1.4042605308297654e-006	-1.7130126972270393e-006	-1	
35.825732487864798	141.34925210408059	1.6938664819681145e-006	-1.6428259520505182e-006	-1	
34.350000000000001	141.83735317332651	1.2275172271434372e-006	-1.6702813379061076e-006	-1	
64.911680984215621	0	-5.5130643325962466e-007	6.0618377250657993e-007	-1	
62.599777976411353	108.04437470553356	5.7499287738154944e-006	-4.3292982299555069e-007	-1	
61.009906152809393	110.95641411596621	1.8033280536099835e-005	-1.4943805940565911e-006	-1	
60.703102945065467	126.76219346748749	2.9921616039900631e-005	-2.4289020169802376e-006	-1	
62.456933698561876	123.34154767120917	2.7241773740866285e-005	-2.2411950118398904e-006	-1	
63.919985932704506	118.06403856294503	1.7850147307225103e-005	-1.4172980733015434e-006	-1	
63.651630558360175	120.49508532175474	2.1878822447959823e-005	-1.779289736956724e-006	-1	
62.530847437026353	115.06958354113067	1.9269071405889791e-005	-1.5570598591086452e-006	-1	
67.913849873678217	96.77671715080578	-3.2772534934145107e-005	-5.8049155376521396e-007	-1	
68.571601613269848	97.201546607959983	-3.5465524227718913e-005	-5.0569522584520423e-007	-1	
68.932753672924207	97.738986145635138	-3.7031584926624889e-005	-4.5527092150629741e-007	-1	
79.639208419811055	93.933632173148212	-5.4762349831950221e-005	5.7642085336319126e-007	-1	
79.679520640011802	93.27715348721982	-5.3308667087629729e-005	4.7272202479057089e-007	-1	
80.296946708041418	94.484642762551559	-5.5998894630407992e-005	6.6201614775236081e-007	-1	
79.752008688596504	92.72540824638871	-5.2041999188843026e-005	3.869699650250203e-007	-1	
71.605187167346699	101.22063100353267	-4.7583977150054693e-005	1.178475029610432e-007	-1	
75.727748870555388	103.38452150016541	-6.107417858356824e-005	1.1074181118435325e-006	-1	
72.369722694072976	103.32171894270688	-4.9829602748419142e-005	2.1617723369571828e-007	-1	
81.064686814400631	97.823637424551976	-6.2068968156057198e-005	1.0633649288210681e-006	-1	
81.07940174335755	100.15165501875532	-6.5667729416785307e-005	1.3346322260129271e-006	-1	
78.813349854533371	102.77927276179514	-6.6848513441901077e-005	1.5111519499026594e-006	-1	
81.509445859896445	95.328384980227838	-5.723939511472576e-005	7.0295128006030447e-007	-1	
81.884411735917638	96.358595257662074	-5.8958371942062423e-005	7.9437075521316502e-007	-1	
82.243632175705713	92.65921109651444	-5.1513412778982659e-005	5.3270382752708956e-007	-1	
82.662877687486827	93.628922795101886	-5.3161674541088359e-005	6.0280954210278752e-007	-1	
80.187818205739447	92.146017430168683	-5.075947337669895e-005	3.4158832226862467e-007	-1	
80.332051577664359	92.09352077600019	-5.0650312324650752e-005	3.5753159446850177e-007	-1	
80.589588663800924	92.081455238147242	-5.0630343877275174e-005	3.9164448759816445e-007	-1	
81.006712387801315	92.146071306836504	-5.0762258186568424e-005	4.3330845161247608e-007	-1	
80.13907668354922	92.507356771914615	-5.1600067132844999e-005	3.8330379216125002e-007	-1	
81.162690477268683	92.768305272177003	-5.2029002401101825e-005	4.7689668621007485e-007	-1	
83.848328545556086	96.19522306467033	-5.6885631205091309e-005	7.8231619979828833e-007	-1	
82.58523454757389	94.682525718574709	-5.51874204094631e-005	6.7092663923541785e-007	-1	
85.502800235519928	98.541669633310249	-5.8870622421447537e-005	8.9893417499667515e-007	-1	
86.445056198801851	101.6987765951303	-6.1686773219622639e-005	1.0144827135903706e-006	-1	
89.545191696138602	105.2371663325937	-6.0786506449800632e-005	1.0050921104056484e-006	-1	
97.149538670400517	105.09220881110984	-5.2139204691826914e-005	7.8365958732514519e-007	-1	
103.22545132494326	102.60575195232735	-4.6317553159845048e-005	6.6867613893939342e-007	-1	
114.01536072679815	82.34743050064229	-3.5294468773948706e-005	5.850051094573455e-007	-1	
113.69232690684481	89.949060789770073	-3.7651832764071157e-005	5.8245305295060441e-007	-1	
108.27266060557029	95.357799574979666	-4.1190023984439994e-005	6.0820908060739067e-007	-1	
65.660558935210844	109.26371493326479	-7.2014091119478433e-006	-4.7283008201644733e-007	-1	
69.327326983046234	107.92912050789432	-2.8582973575717063e-005	-5.2126657758624673e-007	-1	
70.91357688184776	105.01839937027975	-4.1495754437348207e-005	-5.6049355112396219e-007	-1	
115.67620586709886	12.431670496123205	-2.1846012558934233e-005	8.8863357686079415e-007	-1	
121.41377322447276	19.029468357662058	-2.3144837572802616e-005	8.2689548586717021e-007	-1	
120.77152859558505	13.255701833067826	-2.269247356249088e-005	8.503275636324279e-007	-1	
117.27074943025166	29.783444357529117	-2.3590465907240545e-005	7.9780039392521574e-007	-1	
121.69141481895747	24.832206779206842	-2.3651635470260039e-005	8.0197022578663706e-007	-1	
65.821550136564468	0.85150752658335327	-4.0046018785580482e-006	3.4979217252137915e-006	-1	
65.441535482688039	0.49907095322362482	8.4017001998413645e-007	-6.9745916955067529e-007	-1	
67.79761871028208	0.63659240164704267	-5.577508729060602e-006	2.9548014131676905e-006	-1	
67.650404051134032	0.55807621329345292	-5.4735195440639509e-006	3.0031539460206243e-006	-1	
67.438367928694532	0.66043040525457375	-5.320521421665716e-006	3.0539782495052451e-006	-1	
67.92291635679004	0.52642231731732203	-5.6646378214200333e-006	2.929844393757152e-006	-1	
68.179201995038923	0.45258673701949609	-5.8392296534785514e-006	2.8658462656869964e-006	-1	
67.14788598661363	0.65696223541623633	-5.1035044814565711e-006	3.1425032168563882e-006	-1	
66.912781802675042	0.68819169970628535	-4.9211319806896319e-006	3.2116042770275049e-006	-1	
66.693485254468598	0.77851490098932574	-4.7467365603571602e-006	3.263592835784665e-006	-1	
66.461872215245151	0.84931108786567677	-4.561940965882542e-006	3.3147795510599666e-006	-1	
66.278271325319793	0.69136358635595396	-4.4038743643653542e-006	3.4050930137730177e-006	-1	
68.524040983670162	0.17242955889399747	-6.067013137692243e-006	2.7870808158749625e-006	-1	
68.461961268695873	0.27599435951117168	-6.0267190406471822e-006	2.8005070608027631e-006	-1	
68.34451108355546	0.33427877706755971	-5.9499109111967012e-006	2.8286383946406594e-006	-1	
68.531852272771175	0	-6.072268598047378e-006	2.7867592829163868e-006	-1	
117.69462248711294	0	-2.1882451369867235e-005	8.9206861934340906e-007	-1	
119.15552111274263	7.0828892335167852	-2.2208469182897542e-005	8.7525717806903244e-007	-1	
120.54912992670012	62.990397246730595	-2.9633585782441636e-005	6.2790195692265643e-007	-1	
117.84679660586997	70.690360919269722	-3.1567163956405362e-005	6.0410940171746928e-007	-1	
119.46030678303238	78.45446695419534	-3.3428279186817964e-005	5.8557718094454335e-007	-1	
122.43907490669554	58.231074642342882	-2.8647906884407416e-005	6.4509582044717458e-007	-1	
120.71351044382858	50.692686972441656	-2.7137251952121622e-005	6.7913926083660427e-007	-1	
124.91907466288602	42.753583551403658	-2.6118790084271973e-005	7.0910494180517443e-007	-1	
121.51245271864738	33.538662034385872	-2.4564620782963189e-005	7.6217111664734729e-007	-1	
127.24409640102132	37.950856728103261	-2.5667389417641098e-005	7.2435838353297147e-007	-1	
-11.772431668872789	241.09339089991892	-6.657493921002722e-006	-3.9182584648860425e-008	-1	
-17.670958260449666	262.25441579265498	-7.0997695115330847e-006	-2.9629630885312569e-008	-1	
-15.614819064930971	256.93878915527534	-7.023189727826736e-006	-3.2118332689915327e-008	-1	
-29.240442122203607	265.49742421481022	-6.834815117475525e-006	-2.1659686423655029e-008	-1	
-22.070044575071829	265.87817551646009	-7.0548045771856872e-006	-2.6179724540566635e-008	-1	
-10.838268406724971	250.54490848864631	-7.0024009697850247e-006	-3.7524614956539567e-008	-1	
-37.334176202626985	265.51861054218443	-6.6189584815294008e-006	-1.673377285558217e-008	-1	
-45.376174958861114	271.32816022621301	-6.5634272123604089e-006	-1.2526392502904139e-008	-1	
-38.59811003562649	272.23238118911684	-6.7477384420970819e-006	-1.6172058565427754e-008	-1	
-50.325498742000633	274.48783772578633	-6.5223417598262491e-006	-1.031526811708178e-008	-1	
-60.531697291189118	273.67028573112469	-6.293953694398469e-006	-5.5431567216114003e-009	-1	
-66.891635032972204	275.90960224834055	-6.2236641246102026e-006	-3.2191511563234061e-009	-1	
-71.573548038972575	277.36259552211965	-6.1719217265696343e-006	-1.6486047707900479e-009	-1	
-75.94222607282461	286.50278098742649	-6.2748608530150586e-006	-1.5085586903671342e-009	-1	
-84.26070899365773	290.97486190170446	-6.2215211108817954e-006	4.2055229886456368e-010	-1	
-92.923025780741327	294.73796350653146	-6.1594300305575947e-006	2.201253973233596e-009	-1	
-98.333534209589715	294.30944111023155	-6.0803665511138918e-006	3.6178201476151521e-009	-1	
-68.527209097709743	281.70951686781706	-6.3114392733696171e-006	-3.4258850553748564e-009	-1	
-117.08285667274552	296.70964706683782	-5.9026963512429217e-006	7.1970008201673128e-009	-1	
-110.71780062680297	299.55312374509003	-6.0120656201240664e-006	5.4891997159247384e-009	-1	
-102.79423269277316	297.40126936304495	-6.0725804801213015e-006	4.152557993840444e-009	-1	
1.8820392531851977	236.54102036474575	-7.0256200996224001e-006	-5.6259018182661861e-008	-1	
-2.8899482900941758	242.49499220244209	-7.0406671669551871e-006	-4.793258080140836e-008	-1	
4.1229864883511604	231.78370263081311	-6.9405694764977503e-006	-6.2049814011624617e-008	-1	
26.454537760671872	222.7446098861889	-7.7794910512303968e-006	-1.0219687265979585e-007	-1	
41.248856762883293	205.25800212888271	-8.0749402470468921e-006	-1.6426997117100203e-007	-1	
42.858490643999886	198.91600779019242	-7.8213117925663207e-006	-1.9147838877039517e-007	-1	
41.294130179605858	193.82684122653686	-7.2674062678303397e-006	-2.130728450407671e-007	-1	
42.778120894656041	213.45175369079413	-8.6354052758317653e-006	-1.3972716678158458e-007	-1	
33.246380999615106	225.41311146576584	-8.3626881921983971e-006	-1.0437794871967929e-007	-1	
39.761122292635747	221.27383991376138	-8.7019037364357422e-006	-1.1775455850919933e-007	-1	
8.0995312514482674	235.56822445843471	-7.2720487284895746e-006	-6.4175680020810735e-008	-1	
15.097034605220982	233.24371943479397	-7.538520015513862e-006	-7.4210343789719959e-008	-1	
21.80403430726161	233.06617932925599	-7.9051521834330608e-006	-8.1722925478868438e-008	-1	
27.51489734380689	230.02330955583903	-8.1437294847740546e-006	-9.1406786243750285e-008	-1	
-128.44116314680193	305.45238725211141	-5.9183703154572563e-006	7.6361778027712917e-009	-1	
-141.66702414585518	309.77853006064151	-5.8694891699745956e-006	8.7244621420103751e-009	-1	
-134.32077023302813	309.85737113151231	-5.9263484523836368e-006	7.7759214420915729e-009	-1	
-123.37785559094857	307.20230061144292	-5.9883094678294058e-006	6.5561019431565821e-009	-1	
-117.81253038156154	302.87076739625718	-5.98384623166833e-006	6.2989270845091593e-009	-1	
-191.88158445952484	301.86756522633436	-5.5754149922840976e-006	1.3409991933783442e-008	-1	
-162.2188147915312	310.79412829008174	-5.7628580998556321e-006	1.0558057249018406e-008	-1	
-151.59946132766615	314.26209668240307	-5.8583394868868399e-006	9.1118605951265804e-009	-1	
-147.3322390204066	310.47182814461939	-5.8398899339986904e-006	9.2548026818449199e-009	-1	
-156.30327727259797	318.04196307226772	-5.8742912360353228e-006	8.9907016606795412e-009	-1	
-162.30794076250129	317.44422505101988	-5.8379775825889725e-006	9.5560517112018333e-009	-1	
-167.38476525982841	313.14799607762006	-5.7687367123994664e-006	1.0544877480526296e-008	-1	
-172.97306071238157	312.14865042316177	-5.7374349399460588e-006	1.1029635510883354e-008	-1	
-179.29486998958978	310.85405969889086	-5.7047703909438797e-006	1.1529765297134062e-008	-1	
-183.10424116939222	307.42480778934197	-5.6559947605073636e-006	1.2233185409789205e-008	-1	
-188.07054712502685	308.69243652035192	-5.6630387704762837e-006	1.215793529850403e-008	-1	
-200	306.16845846488496	-5.6245647452166895e-006	1.2723832199545749e-008	-1	
58.433407131240656	129.39448349600588	2.863185685745589e-005	-2.2246887351769515e-006	-1	
36.951609526199249	141.04067219163048	2.1403200667859659e-006	-1.6137801641963945e-006	-1	
38.040788270576407	142.23969685415943	2.3236311747851511e-006	-1.4375647221432565e-006	-1	
38.182372462020638	143.72041474124109	2.0433702212729463e-006	-1.2788395463460244e-006	-1	
56.849931187111309	135.91721571965928	1.6757579230851152e-005	-1.397355273030133e-006	-1	
56.927574327024288	134.86361279618646	1.8646765593136028e-005	-1.4852862682088071e-006	-1	
57.628397138680555	133.18754325709912	2.228342245726715e-005	-1.6304659880543638e-006	-1	
58.448122060197569	131.72250109020922	2.5312643073384702e-005	-1.9209056777357746e-006	-1	
56.353496175761123	141.6579191399951	8.240936917411288e-006	-1.1003925309060831e-006	-1	
55.777082875674679	144.98218251949223	4.8055959830731173e-006	-9.8815782018034328e-007	-1	
57.14468254082805	138.52907195416557	1.2571339408763433e-005	-1.2101743154428481e-006	-1	
57.394815214602644	139.57108162941316	1.0987708610405225e-005	-1.1491141051984329e-006	-1	
57.269176698892551	136.88692741824673	1.529536703870069e-005	-1.3041203072807061e-006	-1	
34.070298227619666	143.51577634840552	7.0058026653260447e-007	-1.0742448208462496e-006	-1	
33.929349816770539	143.11833240491563	6.4773047305913864e-007	-1.0932093352105623e-006	-1	
34.196510051548259	142.90000000000001	7.9091435981610123e-007	-1.1891349580854848e-006	-1	
34.489786885384177	143.55887401359314	8.6786302569614081e-007	-1.1428365111530723e-006	-1	
35.008874013593108	143.03978688538416	1.1478637714764438e-006	-1.305115738094587e-006	-1	
35.661281137224407	142.76116553215354	1.4143831571807102e-006	-1.3872609363334155e-006	-1	
36.772234605438889	143.24704092508148	1.683716875117424e-006	-1.324563323363821e-006	-1	
47.397805107181888	185.45538350977012	-7.1942038002134683e-006	-2.724081622668997e-007	-1	
47.017049327617514	191.78175919922899	-7.7491957407563552e-006	-2.3130725343439546e-007	-1	
56.044236171553706	177.14848914824108	-7.5603231283952555e-006	-3.4130232872888201e-007	-1	
53.447526487537623	182.90895925017125	-7.807693069061287e-006	-2.9310331341794601e-007	-1	
59.189447524088251	165.16699548133994	-6.1735634210337812e-006	-4.7192071324377566e-007	-1	
61.454743475520587	173.88469876097423	-8.3366248248224336e-006	-3.540546880118757e-007	-1	
61.90706584188824	157.05732435741734	-4.7665955158537772e-006	-5.7172485889753181e-007	-1	
64.066121081662985	152.43706039577378	-3.75492463868877e-006	-6.1881730242456329e-007	-1	
58.412123554267019	145.205118702313	3.9927730284013819e-006	-9.1166694571457843e-007	-1	
62.051310512281219	147.75209540410432	1.2708296937321399e-007	-7.5224612248199562e-007	-1	
34.350000000000001	142.29193161243739	1.1471619359519677e-006	-1.5398299608127689e-006	-1	
34.350000000000001	142.74651005154826	1.0198858475602858e-006	-1.3582337404233017e-006	-1	
34.81742512209118	142.07539975282737	1.2921229867039911e-006	-1.561069982371815e-006	-1	
35.412502517862862	142.20521696152713	1.4369405072428711e-006	-1.5013835259282162e-006	-1	
36.428396014688623	142.08425653857574	1.7829881889062311e-006	-1.4936669345259455e-006	-1	
65.973290673326503	0	-5.0653419408022089e-007	2.5421871946495356e-007	-1	
64.099641480496118	112.16521581527054	6.9594843323061858e-006	-4.6296036673186777e-007	-1	
62.599319310358439	129.27241765723164	2.6112420799171729e-005	-2.1338129302335324e-006	-1	
63.784546174470599	126.12849826414853	2.4533241729891485e-005	-2.0318824456443186e-006	-1	
65.543724206043294	123.37859975072065	1.7584997898536085e-005	-1.4313571611131046e-006	-1	
65.599504984580889	116.28605692500751	7.2305223394611284e-006	-4.5941708644659758e-007	-1	
66.349436736623275	118.346477479876	7.0825950331901943e-006	-4.4967493644349871e-007	-1	
67.099368488665661	120.4068980347445	6.6652871572484249e-006	-4.2992863037832234e-007	-1	
80.222557225409446	93.629833701817773	-5.4158062534511368e-005	5.4159059847321192e-007	-1	
80.153756278055411	92.985987061310595	-5.2706228888112639e-005	4.4861474837983081e-007	-1	
81.134479983875252	94.298174702793574	-5.5310096740093066e-005	5.9769708676248109e-007	-1	
73.99814339128983	106.22908236557146	-5.4256426314619183e-005	4.9299389146833442e-007	-1	
78.621434129588152	107.24148902934104	-6.7406332683860479e-005	1.5256777499408212e-006	-1	
82.63434348796001	98.41901581253056	-6.1901503933593641e-005	9.4576073867134296e-007	-1	
81.836495005984943	103.09549862822752	-6.8387312822617874e-005	1.498352116911132e-006	-1	
83.384275240002395	100.47943636739905	-6.4236807169246494e-005	1.0617247907281308e-006	-1	
82.021810327112348	106.55877882719483	-7.0886472555194803e-005	1.6955420544391224e-006	-1	
81.610020495954288	93.541748763623332	-5.3482719158177881e-005	5.5579819501475516e-007	-1	
80.384548231832866	92.237754147925102	-5.0984627168626594e-005	3.7065385761090792e-007	-1	
80.685483042999238	92.41989450799889	-5.1373911559613163e-005	4.1681345554992425e-007	-1	
80.572031169843441	92.75285928664222	-5.2138155963120722e-005	4.2843593594886866e-007	-1	
80.759514107854045	93.267964425359338	-5.3240655319418507e-005	4.8617499642714234e-007	-1	
84.884138744087153	104.60027747713603	-6.7159350248080632e-005	1.1931547451396678e-006	-1	
86.384002248171925	108.721118586873	-6.8336983372443185e-005	1.2359992099504801e-006	-1	
90.975175602436209	109.5334188143589	-6.1153754432575835e-005	1.0006687097393724e-006	-1	
100.70999712935375	110.14154058871168	-4.9757951516640204e-005	6.938400722913549e-007	-1	
95.72369706856432	113.78974940154063	-5.5394323685834617e-005	7.966856848181526e-007	-1	
109.62130083119358	104.08639079742663	-4.274644554749276e-005	5.9653694486696596e-007	-1	
106.10965797090284	108.5032543321168	-4.5292698230387299e-005	6.1427415372074535e-007	-1	
111.67549687320414	99.300516657792627	-4.0726068189417101e-005	5.8611726272519788e-007	-1	
117.67177913788902	86.310490082805742	-3.5670008729659745e-005	5.7487311653522772e-007	-1	
113.02282318392966	94.697881778588496	-3.9153170652020309e-005	5.8335462284451062e-007	-1	
119.24420948412084	92.025654510981425	-3.6581753215769203e-005	5.6162200979271225e-007	-1	
68.403166077056284	112.57036052188575	-1.5229456530684236e-005	-4.9398423340382861e-007	-1	
72.413440385932532	109.13924048001675	-4.3178389877897381e-005	-5.4624570442478717e-007	-1	
70.840912952952024	110.8782803533602	-3.1469046750710338e-005	-5.2414173781242284e-007	-1	
127.04665295396059	17.608368784449489	-2.3778522869975021e-005	8.0137279158100695e-007	-1	
128.39682844892423	12.834160080220345	-2.3698958184642466e-005	8.0611999974613292e-007	-1	
127.02554570915711	6.4418402484401893	-2.3325042563590925e-005	8.2401636235780887e-007	-1	
126.86047179539997	26.666029169284421	-2.4425117352003068e-005	7.7201314150448774e-007	-1	
65.959611317304848	0.51390688893615388	1.1816318515335658e-006	-6.7210850904161181e-007	-1	
67.735752350492831	0.48164240575133693	-5.5344812419835553e-006	2.985544749325065e-006	-1	
67.518449465740275	0.43901982453273319	-5.3803711797781996e-006	3.0534018847892999e-006	-1	
67.68560104891489	0.37863121175348635	-5.5004907312497761e-006	3.0085512580475735e-006	-1	
67.346430815461844	0.44664835711858847	-5.2533304155514905e-006	3.1090568058374792e-006	-1	
67.794371165383268	0.38320311644231592	-5.5764442186921731e-006	2.9770032673579135e-006	-1	
67.944366178252622	0.30305027126181439	-5.6813117160001049e-006	2.9400327856724057e-006	-1	
68.237893855100765	0.25796111255899939	-5.8810013946955825e-006	2.8598615554193087e-006	-1	
68.107494971397941	0.26237114645261178	-5.7936881416837294e-006	2.8960182870892005e-006	-1	
66.963353108452793	0.45114767601485112	-4.9664623242233676e-006	3.2300808934630465e-006	-1	
67.191713702830455	0.37107570590115158	-5.1354720888553201e-006	3.1770829206731277e-006	-1	
66.734992514075117	0.53121964612855499	-4.7740432399277029e-006	3.305062764982714e-006	-1	
66.506631919697455	0.61129161624225459	-4.5851249908417786e-006	3.3663775431877559e-006	-1	
66.29033765827154	0.36010452368122403	9.6695285261626547e-007	-5.3133030209231147e-007	-1	
68.454722192620068	0.073563669197310583	-6.0234779961880043e-006	2.8058054944193615e-006	-1	
68.405670172187214	0.14859869808215809	-5.9918072541479023e-006	2.8176554523903457e-006	-1	
68.343240246998505	0.20316812039218235	-5.9510280813663316e-006	2.8329722433844344e-006	-1	
68.403489948451735	0	-5.9916499569365117e-006	2.8193353010307908e-006	-1	
125.90981124355648	0	-2.3106371556222467e-005	8.3449930012649983e-007	-1	
122.63272436897978	67.668182821139396	-3.0646190108719719e-005	6.1152269516472413e-007	-1	
127.14576929379177	62.855034205201576	-2.9544135272968554e-005	6.2383760826596783e-007	-1	
122.72811711322004	73.55591062483191	-3.1905460090736269e-005	5.941645806670734e-007	-1	
122.95243956145734	87.401298195949849	-3.4848450499533086e-005	5.6155262473823489e-007	-1	
126.15290306339482	78.346033761194192	-3.2536466769721461e-005	5.7734500485671872e-007	-1	
130.03035581537642	55.211400268527875	-2.8267605550506954e-005	6.4861672458485308e-007	-1	
126.46479821967652	47.860701105174449	-2.6987908467759496e-005	6.834437240492089e-007	-1	
131.65205449173038	43.048909312299152	-2.6601331467212464e-005	6.9299751997483759e-007	-1	
129.90807173065247	31.226093776141184	-2.5167938507616699e-005	7.4315756610852192e-007	-1	
133.85457850447315	36.679519808275593	-2.6020667549602304e-005	7.1136875079626318e-007	-1	
-4.8087862875095793	247.81772089719871	-7.1404567669702057e-006	-4.3916565843449832e-008	-1	
-11.526568910613234	263.36456260265686	-7.3336370663895699e-006	-3.3531750767812211e-008	-1	
-15.033069822659467	267.30665683294006	-7.3113450429404551e-006	-3.0325037877649188e-008	-1	
-9.6191331697923843	258.44548296706932	-7.2725574686475439e-006	-3.6247198052849632e-008	-1	
-27.200120937385385	270.90230619295062	-7.0231464909923495e-006	-2.2491505121646992e-008	-1	
-33.10647662501966	269.79037622454439	-6.8343581184286944e-006	-1.9210960030937223e-008	-1	
-19.898330041628945	273.22687921066989	-7.2939884371574154e-006	-2.6378091182833596e-008	-1	
-5.8494917629023311	253.54566876047718	-7.2727296830765566e-006	-4.0743563145967997e-008	-1	
-43.766546384917447	276.97514735791469	-6.7269256353385005e-006	-1.3595697678321207e-008	-1	
-37.820455359889372	278.26737011517082	-6.9003905061367409e-006	-1.6509829883189279e-008	-1	
-49.567239857233361	280.91957640009525	-6.6755649361850478e-006	-1.1084872981716197e-008	-1	
-55.850995675773071	279.35221182096956	-6.5093646942036783e-006	-8.251648975065996e-009	-1	
-63.209716576195341	279.14610890321529	-6.3584337114549134e-006	-5.1479171433529446e-009	-1	
-69.439457356207953	287.54171972987638	-6.4063289847177639e-006	-3.8634889103413482e-009	-1	
-75.041771434397575	293.02616784829155	-6.4049216963005876e-006	-2.6549481874922955e-009	-1	
-80.696790381430503	296.69940522063257	-6.3732575373312518e-006	-1.4032678902690731e-009	-1	
-86.955146193021406	296.62399566226037	-6.2752678128312125e-006	3.5590649138152857e-010	-1	
-95.780415106537873	300.7140526143595	-6.2126424162546665e-006	2.0442376713325343e-009	-1	
-64.554344925812828	286.07565215901036	-6.4687205795715031e-006	-5.4435571023370699e-009	-1	
-108.09062371015737	303.67515558114644	-6.1013529396308085e-006	4.3192314496191245e-009	-1	
-112.92898035923422	307.06662052622141	-6.0935743287231642e-006	4.754447737757882e-009	-1	
-103.64880386888231	305.71560688085276	-6.1839124054826142e-006	3.0978403518179327e-009	-1	
4.7745772535497775	240.83117299065657	-7.3082565412355012e-006	-5.6764902573276426e-008	-1	
2.0598341941084435	245.23598351534179	-7.3374655092651897e-006	-5.1407781243534942e-008	-1	
45.585702553957582	208.68816763925241	-8.6814176541828146e-006	-1.5604787567026002e-007	-1	
46.941953682789922	203.32767794896947	-8.5488534803495318e-006	-1.7596030508399096e-007	-1	
50.848540744879998	196.83029144605996	-8.6098262891262732e-006	-2.058675667548073e-007	-1	
46.507917667975626	218.25533013578459	-9.1702622364195014e-006	-1.2812431188647806e-007	-1	
52.161595153389598	212.56806637306306	-9.5210064717140634e-006	-1.4463468100937706e-007	-1	
33.124425107065747	231.129336006122	-8.5544561277226807e-006	-9.4258085612842485e-008	-1	
38.570558757815178	232.68302251868377	-8.9868893831123416e-006	-9.4874867428097123e-008	-1	
42.351787106898712	228.4667889277606	-9.14939210124211e-006	-1.040282794044029e-007	-1	
46.768386929238552	224.33133922046096	-9.3889871405375709e-006	-1.1375357194001974e-007	-1	
9.9479095927214694	240.73726800866442	-7.5448706235607352e-006	-6.1995323867664301e-008	-1	
18.834635612860225	238.81558664426169	-7.9366504283345915e-006	-7.2305617311886239e-008	-1	
24.480960901583597	238.09023960045565	-8.2329305920263118e-006	-7.7825062750346569e-008	-1	
29.154547733619602	235.24396477130821	-8.4255694462857184e-006	-8.5241182359805395e-008	-1	
-127.50776234650306	310.61450669559935	-5.9932199583338557e-006	6.697488248390795e-009	-1	
-143.62753338205758	317.25144097319946	-5.9437889768471689e-006	7.8454781526831633e-009	-1	
-135.73297938570227	317.63400290511612	-6.0074135538786423e-006	6.8391201036533924e-009	-1	
-131.07152200933319	314.46396526381636	-6.0093326627160769e-006	6.6527684188550683e-009	-1	
-118.72833392053849	309.86335837231843	-6.0686453312900317e-006	5.3924234368221167e-009	-1	
-125.52500813048306	315.47119280051589	-6.0713966706888606e-006	5.7046671841631336e-009	-1	
-194.06316010991389	307.56225182916501	-5.6433220891587643e-006	1.2452989637748059e-008	-1	
-148.66192695178466	318.55270144367449	-5.9247374535044433e-006	8.2008348426798217e-009	-1	
-153.53410902595752	323.00774975096817	-5.9429696933269714e-006	8.0613001936692624e-009	-1	
-159.21069933848949	323.32970089668663	-5.9153355713890426e-006	8.501335485397902e-009	-1	
-166.00319744790107	321.88232851352569	-5.8689606367085574e-006	9.1896991657610621e-009	-1	
-170.29741276726699	318.02080043440708	-5.8116988811105245e-006	9.9968141606779501e-009	-1	
-176.94136399294862	317.23724617780812	-5.7819143602096407e-006	1.0454341180657726e-008	-1	
-184.23861994755484	312.51536660720836	-5.7129146314335557e-006	1.1446456191674654e-008	-1	
-187.60881085294196	316.49562006041316	-5.7515736343405572e-006	1.0926020188184267e-008	-1	
-193.79724645516012	314.43290921421175	-5.7219709707585722e-006	1.1353166761171847e-008	-1	
-200	312.41366190399583	-5.6970934198522964e-006	1.1705501271999459e-008	-1	
60.990733377204691	131.14379396331609	2.5808170410967439e-005	-2.0422402112409457e-006	-1	
57.902788378643862	136.00438975113786	1.7216373749803712e-005	-1.3419002748926113e-006	-1	
58.003363014701748	134.21775353453336	2.074533523064809e-005	-1.5194216011640065e-006	-1	
58.378328890722941	135.24796381196762	1.899725596946013e-005	-1.394594048315665e-006	-1	
59.327776772753509	133.15236300116413	2.3365302055236432e-005	-1.7717562405847909e-006	-1	
58.424909722665035	140.58624659022598	9.4078949357952582e-006	-1.0644954937605089e-006	-1	
58.140697275055601	142.57463059277885	6.8855521222894832e-006	-1.0055026598058305e-006	-1	
57.901491339656545	137.7703948424672	1.3956216200345712e-005	-1.2101302888660667e-006	-1	
58.216055240436766	138.5064653990909	1.2701184350461565e-005	-1.154764739423712e-006	-1	
58.675596060852087	139.16188324014681	1.1557222697830718e-005	-1.1039716175450511e-006	-1	
58.350118397329503	136.77783324258422	1.5921780272592793e-005	-1.2460808540076096e-006	-1	
34.273255025774134	143.14613235640704	8.2445716078489041e-007	-1.1753338997697997e-006	-1	
34.350000000000001	142.90000000000001	9.2643829485603885e-007	-1.263336675204799e-006	-1	
34.546209797576061	143.09620979757605	9.6519209168375813e-007	-1.244082001485509e-006	-1	
34.59613235640704	142.82325502577413	1.0577610041737943e-006	-1.3349958365947741e-006	-1	
34.966134893443666	142.61961478790096	1.2235986464994201e-006	-1.4092390953073125e-006	-1	
53.343608283755344	188.23582050334792	-8.3093200817863978e-006	-2.5424688178968289e-007	-1	
58.915514910556723	181.90831522338007	-8.6721790360401938e-006	-2.9261498362972569e-007	-1	
63.324799044155199	178.89011622161439	-9.3093703656281691e-006	-3.0243553162811611e-007	-1	
58.397168228599767	186.54828333707974	-8.9792871370174777e-006	-2.6022989679437692e-007	-1	
64.545608354780413	165.42441091022826	-7.9353727233924343e-006	-4.2496706596412892e-007	-1	
65.771144102162467	170.66689488854948	-9.1128465057563638e-006	-3.5974564763452716e-007	-1	
67.037520746234463	156.58183332526528	-7.003424898523297e-006	-5.0527123572867958e-007	-1	
67.516958769074535	161.48935265313975	-8.3351977346877364e-006	-4.3980826948413834e-007	-1	
71.066594300005747	153.37025652476868	-8.7759116776257549e-006	-4.681029550135468e-007	-1	
68.463126854003619	146.77014861867616	-4.4431632383415143e-006	-5.9493211414655664e-007	-1	
60.504616290101971	143.58814187195176	4.7367857193653275e-006	-8.9371681046849933e-007	-1	
63.913784608394131	143.24478663103466	2.5803955480506219e-006	-7.8309448006675112e-007	-1	
34.555900475687551	142.51922083199281	1.133444181047211e-006	-1.443381461624582e-006	-1	
66.50409551788195	0	-4.6865357819016897e-007	1.6946682046437112e-007	-1	
64.065992220439256	131.25697517923734	2.1778291841213651e-005	-1.7720373666412594e-006	-1	
65.066733447003983	129.23413630934482	2.0893481980199727e-005	-1.7490121736322916e-006	-1	
67.143086180530858	126.2244195720523	1.3503010055762874e-005	-1.130834670116149e-006	-1	
68.599231992750418	124.52773914448147	5.1490498993403912e-006	-3.7408751525986931e-007	-1	
68.223464163768199	115.53236193140893	-8.485049394743054e-006	-4.8025966672571209e-007	-1	
68.838974394619413	118.60704657045213	-5.9882675332113345e-006	-4.6257052325777535e-007	-1	
70.099584561165713	122.38020855010916	-6.0670376094968645e-006	-4.2879905150655808e-007	-1	
74.743760948952897	109.45775985395038	-5.3727362597717858e-005	3.758093459641805e-007	-1	
80.776727744151884	111.20893721167633	-6.9227375421265235e-005	1.6208465372908249e-006	-1	
77.305970735423628	112.18449610219032	-6.0118249580074262e-005	8.9606129074689159e-007	-1	
84.242448408640939	111.45729240815614	-7.1114884933382063e-005	1.6497404829309393e-006	-1	
87.883865752256696	112.84195969660999	-6.7563930080134305e-005	1.1819015723658615e-006	-1	
90.944646711056166	114.06129992434124	-6.2278841425106554e-005	9.9103838465139483e-007	-1	
105.73065797658192	114.13323462218985	-4.5372261508382249e-005	5.709496534424426e-007	-1	
99.669545211931549	116.23170279063733	-5.0285916543739969e-005	6.4070534573422179e-007	-1	
92.252186003901386	117.08545462712664	-5.9805659316473231e-005	8.6403970881391158e-007	-1	
95.664994249626076	118.57614846399674	-5.4132097993932213e-005	6.8143345591320927e-007	-1	
114.82091336604303	111.82476475826789	-4.0159802911851778e-005	5.0737635834135576e-007	-1	
115.4112395920165	104.12066958413395	-3.9806406830413689e-005	5.4877976577636003e-007	-1	
111.08847847646388	116.17920830783356	-4.1720765125243179e-005	4.97465785940474e-007	-1	
116.82252286782185	98.505258165125554	-3.8535384216539907e-005	5.5813999486418984e-007	-1	
122.64543817122782	96.989171802837646	-3.644405026093025e-005	5.373933681261949e-007	-1	
128.03801550341697	89.978474519773471	-3.4203759115706985e-005	5.4238030655579032e-007	-1	
70.719134270295783	114.42563313138542	-2.4110563623074374e-005	-5.0771254084675172e-007	-1	
73.163372137974918	111.19966103488522	-4.3569382675718502e-005	-5.4512246725094405e-007	-1	
72.371056561744211	112.65472701595019	-3.6455147956027552e-005	-5.3193176903754684e-007	-1	
132.10051961954892	25.046167019380754	-2.4833579776531635e-005	7.5641734830953772e-007	-1	
132.67803547471266	15.341610781844903	-2.4290011364170241e-005	7.8008713836306075e-007	-1	
135.80718965020827	19.637015538024215	-2.4830582843223193e-005	7.5674869245439381e-007	-1	
132.49024866055333	10.030599203448801	-2.4063306713106552e-005	7.9045927294642057e-007	-1	
134.125	0	-2.409574157691976e-005	7.8934498404274756e-007	-1	
67.420074297208117	0.29100373578745203	-5.3153368006946012e-006	3.0936091030843319e-006	-1	
67.648434891585794	0.21093176567374811	-5.4797003201045481e-006	3.0303500090995645e-006	-1	
67.737858661170463	0.28312737669764176	-5.538680308894018e-006	3.0013471378023822e-006	-1	
67.872229975963648	0.23200461085705423	-5.6323058722132536e-006	2.9665617946574735e-006	-1	
68.026610375592142	0.20605454434276727	-5.7399148373260774e-006	2.9222226627111917e-006	-1	
67.956907894656055	0.1764999477291109	-5.6923220082356512e-006	2.9446537708979309e-006	-1	
68.279074718537643	0.14658665066105123	-5.9113017289486489e-006	2.8516623677286052e-006	-1	
68.15299357642651	0.17494257873975683	-5.8273749796615212e-006	2.8867556390435266e-006	-1	
68.090416565330401	0.16530310043303473	-5.7851847263329898e-006	2.9055117869722237e-006	-1	
66.952586288756777	0.21819301497143237	2.0127697395199529e-006	-6.4829884719718551e-007	-1	
67.167601573576235	0.12790333780827953	7.1891855171359695e-007	-2.0143874186791482e-007	-1	
67.350646695095591	0.14942910720650154	1.756064175044455e-006	-2.0966881963915077e-009	-1	
66.609346923241517	0.27004203505048735	1.2789155714248325e-006	-5.9058978618229252e-007	-1	
68.365117461338798	0.076274462495721021	-5.9673041505927973e-006	2.829189595544015e-006	-1	
68.328236562492648	0.11894480289135406	-5.9433591244988737e-006	2.8386788767688951e-006	-1	
68.326744974225875	0	-5.9445791562395265e-006	2.8397620869380519e-006	-1	
132.12182281871949	70.459077481932241	-3.0674805677954377e-005	5.9373592561331306e-007	-1	
133.26220406495088	64.282641100716219	-2.9646480185361905e-005	6.125204240852178e-007	-1	
127.85177056385173	84.039688994192758	-3.3361959195326893e-005	5.6003075895460382e-007	-1	
132.61127262781625	79.519272377844089	-3.2033520074917251e-005	5.652628639444127e-007	-1	
136.86485199961913	57.527136795187026	-2.863616641534108e-005	6.311056869891987e-007	-1	
134.85121148011515	52.226763333709059	-2.7928908608489955e-005	6.5256877431115493e-007	-1	
138.29620913055044	47.723353718603668	-2.7452818300185673e-005	6.6268166592789379e-007	-1	
140.56091045060705	39.921664843551078	-2.6720373994977174e-005	6.8408783999015269e-007	-1	
138.33803339904259	27.068973069173083	-2.5512663387357124e-005	7.2873004002952093e-007	-1	
139.20683100967236	32.596853482899142	-2.601042698090858e-005	7.0977702615508152e-007	-1	
3.85604423393479	252.3505421609787	-7.6291332694691299e-006	-4.9064076335327585e-008	-1	
-7.0244190990505206	266.11525390501322	-7.5597248490303056e-006	-3.5625881877982435e-008	-1	
-8.8245760795641885	271.32347421171488	-7.6141683237797763e-006	-3.2999736775606986e-008	-1	
-14.049659237143629	273.07408265280372	-7.4767047511136412e-006	-2.9632617609776122e-008	-1	
-3.4502826166453224	258.85003018137093	-7.5114385314345354e-006	-4.0491740729022285e-008	-1	
-25.31727691420728	277.61827576433285	-7.2256935597120703e-006	-2.2892706480063272e-008	-1	
-31.936359796233468	279.81761446044516	-7.0871120476444409e-006	-1.9349811934618709e-008	-1	
-17.164016485207473	282.14016542078099	-7.5628108765393219e-006	-2.6250724421447251e-008	-1	
-40.731802877769965	282.8413143123355	-6.9210024501791454e-006	-1.5094439434887789e-008	-1	
-45.287867636349759	285.78056316268362	-6.8697544899941815e-006	-1.3116891419816775e-008	-1	
-36.886248152796995	286.66343659529343	-7.0918860664255518e-006	-1.6732092015324772e-008	-1	
-52.720793068834418	288.00997576746897	-6.7448867332887862e-006	-1.0146401473200396e-008	-1	
-59.679540764009595	284.57566483772672	-6.534850782968319e-006	-7.1480674026421171e-009	-1	
-65.31773895604654	291.11855877469833	-6.546051368761096e-006	-5.6721228176733645e-009	-1	
-67.782605278953994	295.98751904697292	-6.5835235926557837e-006	-5.2922574459525611e-009	-1	
-71.018995035153836	299.7553850565526	-6.5863068639283735e-006	-4.6130329101477304e-009	-1	
-75.803438224201642	301.33912684484756	-6.5276249138671348e-006	-3.3301674473032062e-009	-1	
-83.88600608051479	301.64432970827909	-6.4001596181305472e-006	-1.1068932798957068e-009	-1	
-90.460829859456211	304.66124498146155	-6.3461181256314568e-006	2.157206269521213e-010	-1	
-96.890439904604264	307.24445533789464	-6.2924786220238584e-006	1.4177695876609859e-009	-1	
-59.860857226029658	291.04940743776342	-6.6512188553330011e-006	-7.6065474352543115e-009	-1	
-107.97288158753808	308.56180492414001	-6.16995093189718e-006	3.5950098045070279e-009	-1	
-114.24278060285305	313.36964941943387	-6.1609750457365197e-006	4.1221012603125778e-009	-1	
-100.71246159911652	313.02416218555817	-6.3194161545338137e-006	1.5392051320138104e-009	-1	
8.9924821582767738	247.64050164467514	-7.7196362018800775e-006	-5.6078227005236845e-008	-1	
52.914541477549406	204.01009938246796	-9.2656880472949034e-006	-1.7388862021554471e-007	-1	
55.985131417280527	196.05029029052432	-9.251333372197142e-006	-2.0766670712427175e-007	-1	
51.883438187495017	221.09953648859351	-9.760928443201233e-006	-1.2112617164852223e-007	-1	
56.059647267237231	216.96542657661416	-1.0061126799135089e-005	-1.3063066632683852e-007	-1	
62.352014930280518	211.75655994518729	-1.0634676054119287e-005	-1.4115688120268505e-007	-1	
60.084908615696961	206.10863128245705	-1.0220686518457361e-005	-1.6180421388491913e-007	-1	
35.641208032437625	237.53000280014476	-8.9154735044716449e-006	-8.5852845941212808e-008	-1	
41.483121887089396	237.75196735635748	-9.3232441624213064e-006	-8.7672828603424397e-008	-1	
47.222211810564936	236.63838188606414	-9.7163125378479339e-006	-9.0472154538136066e-008	-1	
50.024830272098612	229.43073869756014	-9.7893187415166796e-006	-1.0333758887289049e-007	-1	
15.637955445571588	245.54165410288212	-7.9782574520015091e-006	-6.3129335458301e-008	-1	
22.820945283497576	247.50720861448983	-8.4092573391050563e-006	-6.652530234395396e-008	-1	
29.538930019284368	240.70253093268116	-8.6095852680510287e-006	-7.8237633510569803e-008	-1	
-140.30960826618167	324.07797718528542	-6.0421186757179877e-006	6.5568197529349841e-009	-1	
-147.89007713849185	323.6949427150123	-5.9847685954523448e-006	7.4307465985219804e-009	-1	
-129.52894462985631	321.74457927387618	-6.1060775915626548e-006	5.4699317317765346e-009	-1	
-134.61779310263901	324.30417848144259	-6.0895977627435825e-006	5.8322482341713434e-009	-1	
-119.10976209912235	316.32375784463653	-6.1449932117670515e-006	4.570066627432226e-009	-1	
-122.98607564756821	321.50607798830583	-6.165334934058762e-006	4.5413105030808206e-009	-1	
-151.28300815781159	328.04036818205765	-6.0067555375844322e-006	7.2199058008123865e-009	-1	
-156.27180181538853	330.38699155056577	-5.9998997720592131e-006	7.3798920639483695e-009	-1	
-167.65536341153444	327.41604624607322	-5.9174429368674288e-006	8.5674667160387556e-009	-1	
-163.83637035539013	331.49142481167144	-5.9722158137099092e-006	7.8199299187558744e-009	-1	
-173.46337246130608	327.25268907517159	-5.8949106679690658e-006	8.9109219787212199e-009	-1	
-178.14927645200336	323.8172912121168	-5.8467747106594037e-006	9.5854580671041536e-009	-1	
-182.9290752091496	320.22109596518879	-5.7989975395768171e-006	1.0257495142898741e-008	-1	
-192.43626718076587	320.66423487337858	-5.7893268681920031e-006	1.0421201001715864e-008	-1	
-200	318.65886534310675	-5.7649634006480802e-006	1.0764078454914458e-008	-1	
61.785428435168264	133.62738692774039	2.1646696644942324e-005	-1.6525479307221514e-006	-1	
58.753294766744133	136.27817408940186	1.7110923259930907e-005	-1.2634709757854946e-006	-1	
59.215862166556853	135.06149575220937	1.9756869011666658e-005	-1.4620868833769963e-006	-1	
59.29025164918874	135.91630481294331	1.8039094956881613e-005	-1.3264095064376497e-006	-1	
60.25624884911322	134.57611452250831	2.0682789279142948e-005	-1.5434788042130253e-006	-1	
59.688850547474104	141.29491613162583	7.9984365854030839e-006	-9.8930039151422781e-007	-1	
59.667375153022604	139.84602078172645	1.0188921583190881e-005	-1.0332991599740311e-006	-1	
58.506096486796849	137.40006720792471	1.4760097731582055e-005	-1.1891101706027652e-006	-1	
58.609428178906889	137.80932262800181	1.3978488927075301e-005	-1.1585971752173072e-006	-1	
59.27474877681842	138.11956671793621	1.3345458789567935e-005	-1.1018928394355189e-006	-1	
59.760972518601037	138.64480911152756	1.2227141588744676e-005	-1.0618689436232081e-006	-1	
58.827325831598962	137.12624400676231	1.5369891267552272e-005	-1.1782259636079789e-006	-1	
58.94077770475473	136.79327922811899	1.6100735850948746e-005	-1.1960479906371078e-006	-1	
57.786126568832593	191.17695652373644	-9.2073476471326272e-006	-2.3257201179070355e-007	-1	
63.983216376576884	184.19273806381938	-9.8615021291062196e-006	-2.6158822467480666e-007	-1	
70.410537034548668	180.70248064673075	-1.1110594047976905e-005	-2.562067947678755e-007	-1	
70.416324182784365	173.3886366378085	-1.0746040436363164e-005	-3.0484431643091923e-007	-1	
62.36919123568525	189.00206014233916	-9.8465454981050373e-006	-2.3651822368851294e-007	-1	
69.227179095969376	167.09448864523199	-9.843536933509148e-006	-3.6487888767871888e-007	-1	
71.67173032644159	158.83389034361622	-1.0012730995660502e-005	-4.0919484605284996e-007	-1	
73.204231686620389	164.11299289026138	-1.1155377104700132e-005	-3.4851774025164963e-007	-1	
72.675678200475474	146.46009617093412	-8.9572055473815963e-006	-4.8391590898124186e-007	-1	
77.513897044977028	150.18673602090294	-1.38020694011279e-005	-3.5959349855774297e-007	-1	
76.344023095274693	155.93783019243583	-1.2603415429166039e-005	-3.5717980851738251e-007	-1	
66.723636259743444	141.28390541552929	1.5195366519857512e-006	-7.06931222056421e-007	-1	
73.045048522719313	142.25233109526056	-8.5510317900120239e-006	-4.8727694281305769e-007	-1	
61.136773678188682	141.23766637120175	7.336188946672493e-006	-9.3295442886137668e-007	-1	
64.559056471804752	139.21000745366405	6.9453000986883824e-006	-8.3016501715807006e-007	-1	
66.769497940159667	0	-9.6508164966093992e-007	1.5827657439402263e-007	-1	
65.723570916091418	131.39328536286038	1.7685009341715201e-005	-1.4705002096124399e-006	-1	
64.139896249423657	134.04580095563273	1.7597124367147407e-005	-1.3210191205295729e-006	-1	
65.711832357069184	133.50957839801455	1.5256915486809668e-005	-1.1908661669669576e-006	-1	
67.02442843880425	130.35698554908026	1.4556991930119754e-005	-1.2630036982011207e-006	-1	
67.907621707247699	128.32550751122434	1.1450317885916875e-005	-1.0047191435237948e-006	-1	
69.349163744792804	126.58815969934999	3.878115182537857e-006	-3.2982310141889749e-007	-1	
70.696985349901709	124.93090605881792	-5.0844888233691251e-006	-3.9350594279558229e-007	-1	
70.617110390670476	116.84525021982243	-1.8874170464953397e-005	-4.9289272011932908e-007	-1	
72.314483164653012	120.10254480841223	-2.1670123273882673e-005	-4.8513568937544555e-007	-1	
72.58405159170853	123.21109305319084	-1.7295033318055837e-005	-4.5549776881202102e-007	-1	
74.694060094871574	111.80922287579662	-5.0115344162907114e-005	3.2408983363624045e-008	-1	
78.475497858654649	113.98422285041543	-6.1589957637432754e-005	1.0201380770962042e-006	-1	
82.086108835644438	114.18182900615116	-6.914673373273301e-005	1.6134688854278435e-006	-1	
76.343216603177666	114.22955264434893	-5.3526991766556936e-005	3.2615582458531586e-007	-1	
75.351519479679283	113.31995727224491	-5.0677484287680172e-005	7.4260668068256316e-008	-1	
86.301384820466723	115.79062933556013	-6.9203146323363631e-005	1.5012483659937036e-006	-1	
89.383729256341454	116.96280080634696	-6.5072075550445338e-005	1.0375255860947661e-006	-1	
104.0267666222645	120.31687520460385	-4.4948666940270044e-005	4.9212070436340821e-007	-1	
98.687561376650194	120.76696040981197	-4.9382544575852982e-005	5.4389884343088379e-007	-1	
92.493053940620143	119.94641088499475	-5.8108121545311752e-005	7.4046372667075561e-007	-1	
90.133661008383825	119.02322136121545	-6.2972165870698828e-005	9.1699335599009036e-007	-1	
95.803780610139313	121.56512861411339	-5.2119158668636044e-005	5.6175475301653678e-007	-1	
94.080394766119213	121.11431876335132	-5.4803905121496264e-005	6.2312214901254265e-007	-1	
118.94805662325035	108.2663426165534	-3.8471881673158755e-005	5.0621037726512615e-007	-1	
117.878350614466	116.76981452206938	-3.8286110230515226e-005	4.5013005030755967e-007	-1	
121.03903239757821	102.75959867232757	-3.7514059437498834e-005	5.2321882070812357e-007	-1	
114.0130172754489	121.11269811166746	-3.9004092608298601e-005	4.2113065501114071e-007	-1	
128.51381803337745	95.659894449509252	-3.4794704833597682e-005	5.2326844742313682e-007	-1	
127.02877013932931	102.72208133248895	-3.5682369078823515e-005	5.0020243095589174e-007	-1	
133.02276657197703	92.745635022889445	-3.3589446956857816e-005	5.2237854239482615e-007	-1	
133.49382220268924	86.023742573804356	-3.2786565342008431e-005	5.4372879968599869e-007	-1	
73.122924142289165	114.13109963927937	-3.7691025300382363e-005	-5.3372752548486577e-007	-1	
73.174228779795556	115.91453524068623	-3.4435064332515794e-005	-5.2571871288503287e-007	-1	
73.913303890017303	113.26008158975372	-4.3730636688770041e-005	-5.4580540014114198e-007	-1	
137.05541837987872	12.328202947682822	-2.4610193813298425e-005	7.6613687871379044e-007	-1	
141.05608552909035	22.177709042867097	-2.5412413257984602e-005	7.3191202047403608e-007	-1	
141.02790906191092	15.54364620063112	-2.5095794422384832e-005	7.4485496643857266e-007	-1	
137.52891466508066	5.7032704685736544	-2.4503217383780531e-005	7.7086830762500848e-007	-1	
142.34018875644352	0	-2.4907567444915773e-005	7.5257844079912904e-007	-1	
67.506663909010825	0.17228072323373569	1.1860762560830889e-006	1.0423807820365255e-006	-1	
67.632055812562243	0.095666200421648681	1.1346272892210827e-006	8.2714621904326733e-007	-1	
67.762615188774618	0.17089578061690056	-5.5559718502876151e-006	3.0066957876098951e-006	-1	
67.876795485963456	0.13085979556004859	-5.6370591651592674e-006	2.972359455068606e-006	-1	
68.037146412169108	0.13108186956794629	-5.7495956470226716e-006	2.9229209571562375e-006	-1	
67.990975783152294	0.090823810503196614	-5.7184838034704389e-006	2.9386149202694137e-006	-1	
68.278542242660222	0.092272097262341674	-5.9132257379855788e-006	2.8526206599807452e-006	-1	
68.193694170629826	0.097052302075649438	-5.8585153354011939e-006	2.8771846245361162e-006	-1	
68.142212408477604	0.087723314898725979	-5.824821528614219e-006	2.8931190722089766e-006	-1	
68.09105534078958	0.10199122298763248	-5.7885963121474084e-006	2.9081218680446495e-006	-1	
67.034900362437384	0	-6.290084930689357e-007	-6.3587294249445174e-008	-1	
67.3003027847151	0	-3.7462353706509821e-007	-2.8140311832194971e-007	-1	
67.565705206992817	0	-5.3863733919971178e-007	-6.6048110301005897e-007	-1	
68.288372487112937	0.038851871359963749	-5.9213181196999158e-006	2.8501070758496744e-006	-1	
68.25	0	-5.9015384109306024e-006	2.8601194432327916e-006	-1	
138.26580496963189	68.079062276592339	-3.0000018852931183e-005	5.9389381445538032e-007	-1	
138.31706155251055	74.667716297793547	-3.0847727460770162e-005	5.7260829231509333e-007	-1	
141.96830228663788	62.628878548868784	-2.9204864408248068e-005	6.070290377531772e-007	-1	
137.74224310180691	82.135192939857447	-3.1788710208853093e-005	5.4929190836569531e-007	-1	
144.00275995235785	56.467304821919129	-2.8500660581969989e-005	6.2423392272078397e-007	-1	
142.60038394811849	51.148431111336322	-2.791832605127448e-005	6.4376107839745098e-007	-1	
145.81660170054752	44.651071673393922	-2.735423261418563e-005	6.5845466318289919e-007	-1	
147.71299224480157	37.839810235119174	-2.6858409973991227e-005	6.7412198883016488e-007	-1	
143.93079670359259	27.25137311295374	-2.5909971425326764e-005	7.1128965043986793e-007	-1	
149.18542262147079	32.076196293752126	-2.6509401025416762e-005	6.8587856169008951e-007	-1	
2.6590137996759444	259.52810179285035	-7.7718019724761433e-006	-4.4499279487422588e-008	-1	
11.890281947367543	253.12976394540678	-8.0082242969912165e-006	-5.4466940550797429e-008	-1	
8.7301484071265492	260.48966738654934	-8.050165183319982e-006	-4.7848699337870412e-008	-1	
-0.36509565031299296	264.87955447854773	-7.7786647550718122e-006	-4.0178756669108429e-008	-1	
-4.2970269711545201	274.68557088444317	-7.8469701162610225e-006	-3.4406791708923975e-008	-1	
0.42726452740507437	271.60604741441256	-7.9572239446118156e-006	-3.7970302951557983e-008	-1	
-9.5295273496492712	276.78874342964343	-7.7048466700269835e-006	-3.1150972472963077e-008	-1	
-27.034858615640406	283.50907322728784	-7.2951211349778602e-006	-2.1395013888951792e-008	-1	
-31.007699100288999	288.06211331059581	-7.2726168631245421e-006	-1.922364717876237e-008	-1	
-19.566158080806556	287.46400070715492	-7.5877522337669471e-006	-2.4274608200388823e-008	-1	
-10.749389203274912	283.16995366353262	-7.7878636266870898e-006	-2.9007794260545863e-008	-1	
-41.203971125930551	291.18409375528717	-7.0677281895536535e-006	-1.4814342371927412e-008	-1	
-47.291331594135841	292.60645635359305	-6.9493681905755351e-006	-1.242143391507471e-008	-1	
-35.421097886457588	293.55842522479929	-7.2536789544454726e-006	-1.7052194102885041e-008	-1	
-54.09077616958875	294.69792453389016	-6.8347121000153442e-006	-9.9348605200668254e-009	-1	
-59.18415522703949	296.36612387433371	-6.7565310157339481e-006	-8.2030328017297782e-009	-1	
-66.175531727199512	300.85624658493907	-6.6930753551859373e-006	-6.1939434505978474e-009	-1	
-71.984438434132173	304.62764859248233	-6.6438890577201521e-006	-4.7338367157973924e-009	-1	
-76.664578427882006	306.30476600117203	-6.587371654115463e-006	-3.5625007562583227e-009	-1	
-81.578853690275793	307.05731620484698	-6.5167443973611747e-006	-2.3049115374607432e-009	-1	
-90.248629271484702	310.13394574850327	-6.4259586578008843e-006	-4.6056962225934516e-010	-1	
-95.171057022208998	312.53502629984132	-6.3876396556391126e-006	4.0461465336244824e-010	-1	
-108.55932503453541	313.70520608505103	-6.2299200816893888e-006	3.0327968563989827e-009	-1	
-111.80150774832377	320.32009080999234	-6.2717056284684695e-006	2.8332789453519952e-009	-1	
-105.39232705226425	319.35945585732941	-6.3374122742557412e-006	1.7612086769166163e-009	-1	
-95.57616153997715	318.19030366441086	-6.4531582753854159e-006	-1.035970104475987e-010	-1	
-99.572965016706164	322.21172551606185	-6.4458132837120779e-006	3.2245034472965188e-010	-1	
59.267142737441795	200.07786614117722	-9.9007283056549509e-006	-1.8612732325255652e-007	-1	
60.684418735928361	195.01750876283981	-9.8841523942410241e-006	-2.0732680239391483e-007	-1	
56.032442760599572	228.55936991047514	-1.0290174681128684e-005	-1.0391889386754389e-007	-1	
59.379970301681304	221.81383270533189	-1.0494473184751447e-005	-1.168374187227543e-007	-1	
63.839877231418214	217.66401486863347	-1.0897854810483059e-005	-1.234736884574827e-007	-1	
69.914770017108808	212.99288605483417	-1.155823549364638e-005	-1.2758944062779575e-007	-1	
69.755367796742632	205.24553913165505	-1.1488865560667019e-005	-1.5004204016575696e-007	-1	
64.742842101260493	202.19167776409864	-1.0740818342880524e-005	-1.6950670334885967e-007	-1	
33.065947304975651	245.34035404883633	-8.9441414588310747e-006	-7.4399472458938725e-008	-1	
38.36193025627076	242.9109881295274	-9.2232262120205201e-006	-7.9564021705227979e-008	-1	
45.965297686902517	245.50619666664591	-9.77812082029981e-006	-7.7584102853917738e-008	-1	
49.976047628892545	241.55169167667844	-9.9985903249961916e-006	-8.3184964021673524e-008	-1	
53.801263843117724	236.1793192933149	-1.0217309965933482e-005	-9.0777614594081669e-008	-1	
17.873812611529786	251.47852047004699	-8.2549719666838291e-006	-5.9803297140079359e-008	-1	
23.619848190346783	253.56943674260449	-8.5994513513893538e-006	-6.1413979588350197e-008	-1	
28.456462629589687	248.84934946902371	-8.7554127235630861e-006	-6.8423688363671013e-008	-1	
-138.19533259582573	328.73691330962782	-6.1055081882837229e-006	5.7483382733717077e-009	-1	
-142.61833514933141	331.30846844857462	-6.0967385006180197e-006	5.9559781003550393e-009	-1	
-147.80358597804849	331.93573930401334	-6.0661652129752484e-006	6.4278885262366641e-009	-1	
-129.02341764783245	327.08442931333832	-6.1671397947574075e-006	4.7644782065417495e-009	-1	
-133.32152478045495	330.29314105638991	-6.1609709610101584e-006	4.9733890870286624e-009	-1	
-117.46714242416574	325.02849100472378	-6.2608572415776636e-006	3.265191304946875e-009	-1	
-124.58545326619759	330.09674206616427	-6.2395252978195229e-006	3.8076106994443473e-009	-1	
-155.70007837412066	335.75496406865574	-6.0518190642914851e-006	6.7223216416986525e-009	-1	
-161.06647650787599	336.3412811486487	-6.0284902977541895e-006	7.0737890650655959e-009	-1	
-150.3526457042837	336.49453184095552	-6.0904964616740241e-006	6.1728229461122527e-009	-1	
-171.560389548345	332.74252611469223	-5.9519168729319844e-006	8.1473393193197072e-009	-1	
-166.87448555764766	336.17792397774696	-6.0003439060612174e-006	7.4845246270205077e-009	-1	
-178.62666917683092	329.38195783304718	-5.8992461658322275e-006	8.8844289484042881e-009	-1	
-183.85431180626938	326.13066732461874	-5.856469042114905e-006	9.4815606543429562e-009	-1	
-189.99575405081936	326.55707626938448	-5.8506044606588367e-006	9.5802224570027003e-009	-1	
-200	324.90406878221762	-5.8280457782466558e-006	9.8995775723636264e-009	-1	
-194.44483600672814	330.05799181602953	-5.8794202228996183e-006	9.1977150480296872e-009	-1	
62.803259065808788	135.11146747232397	1.755844292593328e-005	-1.2504863114987537e-006	-1	
61.583621822955905	135.41561184277455	1.8279401413991391e-005	-1.3092386938036187e-006	-1	
59.359052596542767	136.56015145345054	1.6682781522851104e-005	-1.2220098197222809e-006	-1	
59.873600454787152	135.61250634161303	1.8666805521016602e-005	-1.3672064660472229e-006	-1	
59.833288234586384	136.26898502754136	1.7297252352604949e-005	-1.2524143155835439e-006	-1	
60.530445831420508	135.64632189086319	1.8419161311042561e-005	-1.33247350162523e-006	-1	
60.718716883940168	139.25750526935954	1.0661987576362747e-005	-1.0011619613322866e-006	-1	
58.923220210797247	137.46468327661395	1.4684558885442597e-005	-1.146181757692381e-006	-1	
59.063488101114572	137.704102340758	1.4195519027754176e-005	-1.125470383670415e-006	-1	
59.659436685680092	137.93630112023055	1.3638741698018028e-005	-1.0816853903461619e-006	-1	
59.337056206711715	137.65765817072906	1.4281360936445404e-005	-1.1034689031462109e-006	-1	
60.278924971707973	138.2090521587742	1.285130805581742e-005	-1.0460433766696469e-006	-1	
59.128260642765319	137.30838436683609	1.5039874450746923e-005	-1.1290006566620513e-006	-1	
59.373732191048937	137.03878174284654	1.5644482250844836e-005	-1.1481640722744329e-006	-1	
69.723249427780232	187.09993313739582	-1.1178787863860149e-005	-2.2350538341432874e-007	-1	
78.808505549935347	177.05220132470524	-1.3276779021078437e-005	-2.2353697526652727e-007	-1	
77.122685848616825	184.65922093421199	-1.2752184570336995e-005	-2.0098772522369347e-007	-1	
74.088274032246133	169.43549418757692	-1.1767522682976681e-005	-3.0180538583212031e-007	-1	
65.155894350415451	193.24103900059279	-1.0533827404513811e-005	-2.0701630911385834e-007	-1	
80.800921664042463	159.75617333779968	-1.4911291135206842e-005	-2.7460263127509703e-007	-1	
79.244881600078429	165.84433772815609	-1.3789044379066702e-005	-2.6917903588717842e-007	-1	
76.251422037035113	144.21159058225564	-1.3092981480005399e-005	-4.022705284886842e-007	-1	
80.457763611647238	144.83604860746652	-1.7822297454941646e-005	-3.06792365795951e-007	-1	
83.535206751233275	150.01438980138684	-1.8531172335581758e-005	-2.4822102014654441e-007	-1	
86.041138120116287	155.97236056297203	-1.8413355188978254e-005	-2.0631528836462144e-007	-1	
66.121353155432132	138.34728942482798	5.8143005343495976e-006	-7.6473683133489972e-007	-1	
68.661067792877375	137.71699743217076	1.6255222848904079e-006	-6.3480087418698574e-007	-1	
74.770257922515668	139.45966935877203	-1.1262423361070608e-005	-4.3151687404928808e-007	-1	
76.051739695977432	140.9350933656747	-1.3268438962581666e-005	-4.0548037023816197e-007	-1	
72.586042538574404	137.07047330191085	-6.4393437769651499e-006	-4.7100315039504887e-007	-1	
62.317387214591683	138.68263666844277	1.0369807763642334e-005	-9.439975412904736e-007	-1	
63.014374401553688	137.50203839490334	1.1949327218568107e-005	-9.4295183997829744e-007	-1	
65.158572103870725	136.84458986346974	1.002314713487913e-005	-8.4521097071126601e-007	-1	
67.310778719764912	131.89019479766444	1.2823936719989704e-005	-1.1157099760473919e-006	-1	
63.893327524223054	135.73738244913864	1.4567208177212869e-005	-9.5151573931815186e-007	-1	
65.416106476011151	135.1831362373207	1.2856684175779252e-005	-8.6556208006791987e-007	-1	
67.371595921173096	133.44872883687023	1.0910835840408949e-005	-9.043136790897437e-007	-1	
66.938885427799249	134.62889002550276	1.0251320594647562e-005	-7.4791008811551945e-007	-1	
69.225909946596232	130.10568994168199	6.7027725969116892e-006	-6.8391464201031336e-007	-1	
68.9786007012883	131.40143807551968	7.544068937822196e-006	-7.6717996487248861e-007	-1	
70.09909549683519	128.64858025421847	2.2562568112037157e-006	-2.8032260022170454e-007	-1	
71.553212605177549	127.81221327981045	-5.4787157092772625e-006	-3.4477463940663238e-007	-1	
72.319722931335519	126.3200912336803	-1.0970542417101089e-005	-3.9883104850761141e-007	-1	
73.250044611588933	117.53281273822104	-3.1611210415946175e-005	-5.1703841120847957e-007	-1	
74.544760713988055	118.51993298408701	-3.6453429273081042e-005	-5.2772274568513665e-007	-1	
74.392848171774844	120.66865440910881	-3.1248576016199544e-005	-5.1224897695498427e-007	-1	
75.565209293077857	123.15901744975977	-3.1946608139050127e-005	-5.1810916297784136e-007	-1	
75.215071204140344	125.26627064454452	-2.6071876471425834e-005	-4.9007125764162926e-007	-1	
77.310135973312811	115.78664947484221	-5.4917956103354159e-005	4.5900440373563081e-007	-1	
80.205158394168691	116.83033611415112	-6.2729101189337212e-005	1.1381913915717061e-006	-1	
83.314828892797479	117.18895578857388	-6.768751850655554e-005	1.5141649493262056e-006	-1	
75.096769030025911	114.73669697596678	-4.6993197982043414e-005	-2.517142820637893e-007	-1	
75.799035824282242	115.4602817801009	-4.9010385530759125e-005	-6.6885048497668473e-008	-1	
74.288269766038496	114.29029186718797	-4.3739739766797877e-005	-5.4563537738511234e-007	-1	
87.927583444127265	118.65948123391583	-6.6504150463177872e-005	1.2985264611080601e-006	-1	
99.889550086396213	123.72174358415695	-4.6335717830435978e-005	4.4238726768415118e-007	-1	
105.34416347698365	126.133605403031	-4.1368210562153855e-005	3.7371915020635785e-007	-1	
111.43640850577782	126.65811485966979	-3.821768723562033e-005	3.5545732879681372e-007	-1	
96.768467059249446	123.06268273460998	-4.9765469438268486e-005	4.8402507793268551e-007	-1	
90.883592760426211	121.08364191608395	-6.0231921968551783e-005	7.5800742392106354e-007	-1	
92.497810913604894	121.91710545286452	-5.6574233556802083e-005	6.2359619899902986e-007	-1	
88.692118970834898	120.76056917308591	-6.3788074633930309e-005	1.1123452650765418e-006	-1	
94.551833229652502	122.83237604275755	-5.2598233559860607e-005	5.1647771965118899e-007	-1	
93.234531914219261	122.67430406933158	-5.4636968408301537e-005	5.4874253641561944e-007	-1	
124.27938089688823	109.3944654349891	-3.6524829898854178e-005	4.7568440990364052e-007	-1	
119.96615496788085	122.19591004982959	-3.6529559844456284e-005	3.9393138908952566e-007	-1	
124.94277734133465	116.7964716431525	-3.5785027652344468e-005	4.245898727681398e-007	-1	
132.88315667075969	100.265918488479	-3.4125697196245482e-005	4.9387171812432469e-007	-1	
134.8145130405523	106.50726521011158	-3.3773828952256755e-005	4.6034925750883564e-007	-1	
132.05335960504587	112.42846255797653	-3.4249252717933809e-005	4.3542756178986571e-007	-1	
138.08458371743069	90.956352452870576	-3.2594892801850285e-005	5.1869329793705502e-007	-1	
136.93524866356248	96.42204751503516	-3.3120572258930477e-005	5.0010214104724847e-007	-1	
141.22927787513041	86.41708722357852	-3.17843750533659e-005	5.2934717449253894e-007	-1	
73.898159328102921	115.01562380225884	-4.0147243430307792e-005	-5.3837574098666113e-007	-1	
74.223513974421564	115.77221941679727	-4.0378575289672506e-005	-5.3883963438196868e-007	-1	
74.118451291702939	116.39380245362474	-3.8547991311305255e-005	-5.3432312606143725e-007	-1	
141.9468345704079	10.847052994844715	-2.5013615975951404e-005	7.4809336993666276e-007	-1	
146.81880995199521	21.284938826880818	-2.5771888452732849e-005	7.1550613556937448e-007	-1	
147.37439236637982	14.933440629287787	-2.5552029618449893e-005	7.2419123158694962e-007	-1	
143.40612726136479	5.469313600245516	-2.5030952790486607e-005	7.4705912044986667e-007	-1	
150.55537751288705	0	-2.5531004326367908e-005	7.2407069467497385e-007	-1	
67.698406418131682	0	1.7977905842041941e-006	-4.8275210875254396e-007	-1	
67.831107629270548	0	2.794084577780094e-006	4.7970371512842551e-007	-1	
67.963808840409399	0	2.3443418422979617e-006	1.8318142759042633e-006	-1	
68.048065931746706	0.070805817974772853	-5.7594529491360216e-006	2.9228277036259294e-006	-1	
68.030159445978825	0	8.9198689755750354e-007	3.1190292871113219e-006	-1	
68.236977717731733	0.0573043334086051	-5.8892125689361316e-006	2.8647650494645881e-006	-1	
68.191020600567043	0.02068043622670537	-5.8645162314824975e-006	2.8788131465136449e-006	-1	
68.14808834045408	0.035734130836527225	-5.8337376911639663e-006	2.8928021132921298e-006	-1	
68.105156080341118	0.050787825446349084	-5.8018091499149058e-006	2.9061993801327306e-006	-1	
68.1875	0	-4.8202380969254192e-006	3.6043570302781266e-006	-1	
143.06053588192484	71.336287945559874	-3.0144824398642083e-005	5.7720704431388351e-007	-1	
145.92165955897408	66.555188330524743	-2.9508904466228089e-005	5.8909539507168209e-007	-1	
143.44928075412867	81.360841839445158	-3.1132237583002757e-005	5.4363344212517447e-007	-1	
145.9970201014946	76.242227801982906	-3.0437947500368871e-005	5.5728264232193475e-007	-1	
150.24110577196362	58.252535961365837	-2.8617184097354214e-005	6.0976428393013948e-007	-1	
148.09378086850501	51.430683270731315	-2.8009387207780768e-005	6.3388011945978141e-007	-1	
152.755679312301	46.007088404458244	-2.7615951548237485e-005	6.4218130411354891e-007	-1	
153.24851093150409	36.421148567843268	-2.6943811739309514e-005	6.6671031275692456e-007	-1	
151.01543397910831	26.415952897026447	-2.6267768743814639e-005	6.9412110473594993e-007	-1	
156.99675965377102	32.107774068329569	-2.682333242990162e-005	6.6902963077293237e-007	-1	
8.4691849624263433	268.49507310616337	-8.2147471789312697e-006	-4.3540664483109607e-008	-1	
16.199415749403833	257.59749380519423	-8.3205509027975658e-006	-5.4130576581905706e-008	-1	
13.469028040840245	265.03737785911954	-8.3591107386137227e-006	-4.7874353903851897e-008	-1	
-0.63967481863158371	277.69490512674969	-8.0383724295753181e-006	-3.5219583832687329e-008	-1	
-4.3315806404947423	282.16018129189212	-7.9874372846428219e-006	-3.2161254023897844e-008	-1	
3.6205322899733683	275.6253755325485	-8.1599502573093729e-006	-3.7963849201388591e-008	-1	
-25.10001792775477	289.33212853899124	-7.4589925884771937e-006	-2.1633285805066856e-008	-1	
-27.416252587561804	293.85237376279866	-7.4716723773713147e-006	-2.0208630735616824e-008	-1	
-15.383104403481619	291.54022056559796	-7.7857831113111231e-006	-2.5328323926633743e-008	-1	
-21.267368308044936	294.95033391496401	-7.6650560099237738e-006	-2.2485321191142082e-008	-1	
-6.8095756878348705	287.31050606629253	-7.9907424287291511e-006	-2.9716570378148306e-008	-1	
-40.529064223612771	297.76979400468326	-7.1961259460637929e-006	-1.4943989885138492e-008	-1	
-45.380128762055037	301.3856762885826	-7.1391903638492302e-006	-1.3152809031257197e-008	-1	
-51.416874203452657	300.97930660108852	-6.9961135074514421e-006	-1.105393114027584e-008	-1	
-30.090420803545722	298.1705196884555	-7.4699451994997312e-006	-1.8797294733684081e-008	-1	
-35.417248205363897	300.77061019311708	-7.3714322801326526e-006	-1.6685551943487306e-008	-1	
-56.240581476864449	301.31313670634364	-6.8979728881335811e-006	-9.4383311419014505e-009	-1	
-61.075350521806158	301.38097976651909	-6.8003065459914642e-006	-7.8650664678134322e-009	-1	
-63.96297920612875	305.48137410547321	-6.8058742744380685e-006	-7.1827660954527537e-009	-1	
-68.253118541586204	307.6797974092633	-6.7568605326517809e-006	-6.0416123404570631e-009	-1	
-72.862629350116734	309.50814177895813	-6.6989305805570994e-006	-4.8639701321509894e-009	-1	
-78.497683629053952	312.07974399208126	-6.6375822180863477e-006	-3.5675384803720548e-009	-1	
-84.285565485370199	313.1837428333298	-6.5579068135227349e-006	-2.2151201967409437e-009	-1	
-90.530904929494341	315.60347984456757	-6.4934864560278138e-006	-9.55699440641793e-010	-1	
-111.47783436098844	329.96469477377616	-6.3800177140902882e-006	1.7614382591117587e-009	-1	
-105.67030045920075	327.28922370921714	-6.4224811878794501e-006	1.0014070788272413e-009	-1	
-91.036492360035439	320.83086233595395	-6.549814209602723e-006	-1.3226346927337172e-009	-1	
-100.32491782700976	327.50849454589729	-6.4939324553436509e-006	-1.9406919137917784e-011	-1	
-91.45518495241042	326.06592134940018	-6.6034729679096535e-006	-1.6776295655545844e-009	-1	
64.333984650219406	197.68795978681325	-1.0549849863350604e-005	-1.8858607471144248e-007	-1	
59.093552449735895	233.80153538346192	-1.0620383608443579e-005	-9.3200102490897693e-008	-1	
62.096556441944102	228.83724872368111	-1.0839592875119306e-005	-1.0045343114710646e-007	-1	
65.184941888921998	223.60561052694194	-1.109259937039889e-005	-1.0864798365950103e-007	-1	
70.001948471845211	219.39208512076706	-1.1581760965623112e-005	-1.1230431924042454e-007	-1	
75.33630881128569	216.11921996064103	-1.2193820733012182e-005	-1.1129403064693403e-007	-1	
77.005852441721643	210.08766372253521	-1.2460694424809781e-005	-1.214664000716447e-007	-1	
75.446476538966067	201.50954942307592	-1.2316121518006016e-005	-1.477346274877066e-007	-1	
69.327154725734147	198.52622269532293	-1.1352115388310347e-005	-1.7394417733491502e-007	-1	
37.677449879821467	248.90171589404369	-9.297235671602387e-006	-7.1983951385429318e-008	-1	
52.531360111248659	251.84006761321734	-1.028974939476724e-005	-6.9741717333327154e-008	-1	
41.430646375094135	253.04784123616318	-9.5985372449252849e-006	-6.812727511997019e-008	-1	
53.361797935517622	246.05290481027239	-1.0293070887374e-005	-7.6600341955410631e-008	-1	
46.985991484640657	253.69203064816099	-9.9521366166057546e-006	-6.7927471894114305e-008	-1	
59.444182052255229	239.59284213578761	-1.06919175260604e-005	-8.3975553727330281e-008	-1	
21.705382149506327	258.89157205632807	-8.6163404586954327e-006	-5.6136771544452071e-008	-1	
29.660794446420837	254.51591656970137	-8.9421293132044029e-006	-6.3301604622190658e-008	-1	
-137.51093780175214	335.00355071833371	-6.1698716211021533e-006	4.9852423280242711e-009	-1	
-143.65643716148378	338.12064959879268	-6.1501698435437485e-006	5.3455224637038453e-009	-1	
-130.1042329470655	334.53621944794446	-6.2295554449480621e-006	4.1105922561258352e-009	-1	
-116.87705604771075	333.39018752888938	-6.3518251682446948e-006	2.3171845063185893e-009	-1	
-125.07537270012634	335.13769282520326	-6.2826628281107837e-006	3.3686471323153242e-009	-1	
-155.11600328984753	343.54072811826813	-6.1183368177318614e-006	5.8940881796096915e-009	-1	
-164.10378458826537	340.99908386333254	-6.0515602118304501e-006	6.8104942954057519e-009	-1	
-148.10848295906814	341.85352390506955	-6.1494684297505253e-006	5.4290868618249875e-009	-1	
-177.80070230999294	334.90565199100888	-5.9509403722978028e-006	8.1956140713521534e-009	-1	
-171.74607809081829	339.34450586967262	-6.0072841315575207e-006	7.4283697423607612e-009	-1	
-183.01452696071152	332.8616824166549	-5.9204590073916854e-006	8.6203172643369109e-009	-1	
-190.13255835705309	333.72609778331656	-5.9162093593366693e-006	8.6967551843949364e-009	-1	
-200	331.14927222132849	-5.8872804425521227e-006	9.0952112422453605e-009	-1	
-195.1705034949116	335.27993737016061	-5.9248123923313996e-006	8.5887058165647919e-009	-1	
62.370548572434963	136.29162866095658	1.549546122094984e-005	-1.0119485204230259e-006	-1	
61.609159096540907	136.56875176686555	1.5637298731483652e-005	-1.0333984589956983e-006	-1	
60.84820778191677	136.20401084307713	1.7051230524551779e-005	-1.1955425352721001e-006	-1	
59.760800186001681	136.82073026837244	1.6098308034870483e-005	-1.157237406426971e-006	-1	
60.310725797934275	136.5548708457832	1.6534096175368204e-005	-1.1667923791122083e-006	-1	
61.084948625444895	138.08425982235281	1.2620334802763952e-005	-1.0130544402200606e-006	-1	
59.180757296933834	137.45261773876101	1.4731524183452063e-005	-1.1134284341280521e-006	-1	
59.583123313198151	137.51707882155455	1.4554776753496791e-005	-1.0883239744817931e-006	-1	
60.036139321203613	137.57721832503182	1.4294253709903171e-005	-1.0671696002486562e-006	-1	
59.324990668858746	137.40012108459248	1.4848972059794998e-005	-1.0998542677210468e-006	-1	
60.622774153868981	137.41221665749177	1.4381012153256483e-005	-1.0463614921971741e-006	-1	
59.705685406805777	137.261559531638	1.5116690106135588e-005	-1.0817461360878636e-006	-1	
72.793759701488796	192.75428803285331	-1.1876530758491886e-005	-1.8625160769708559e-007	-1	
82.028992208493207	181.75621543221425	-1.3972755878476157e-005	-1.8448214969738804e-007	-1	
79.934437908345785	171.48361238042867	-1.3767999534898811e-005	-2.3906310563859202e-007	-1	
84.687148061744693	176.71305268435279	-1.4942763738055856e-005	-1.8157391178137146e-007	-1	
82.493414656963154	188.1386491963402	-1.3816908273652947e-005	-1.6203744036021804e-007	-1	
78.273289767667748	191.7697735890103	-1.2904263219945693e-005	-1.6921820890428813e-007	-1	
87.718106388203807	163.81530425270716	-1.737622830115519e-005	-1.8196957773483407e-007	-1	
85.584982817727109	170.89348634888972	-1.5705497720797299e-005	-1.8960188396603346e-007	-1	
77.949327880635309	141.40224496559307	-1.6057138753576668e-005	-3.6152893690810835e-007	-1	
81.99078192478332	140.86954988451825	-2.1883360124162225e-005	-2.6716938605730456e-007	-1	
86.99450019388	145.08294349470373	-2.3612955664846083e-005	-1.7104798970762315e-007	-1	
89.408068913857349	150.45503470241113	-2.2166668896267064e-005	-1.4766150002172404e-007	-1	
92.006245441407543	155.82655618182199	-2.1126959366062263e-005	-1.2731606647939468e-007	-1	
92.108656859051166	161.9445364186459	-1.9431723746489694e-005	-1.3317352143378758e-007	-1	
66.834577417922858	136.71132962203743	6.8929754775208124e-006	-7.4172808924641106e-007	-1	
68.746501560479302	135.41571473002557	4.1670481250761043e-006	-6.1000829629285583e-007	-1	
70.039298664225171	135.87209074913685	2.2500141408000267e-007	-5.412435786551928e-007	-1	
75.266323300465203	137.75805403946595	-1.2560752581544057e-005	-4.1194669361382016e-007	-1	
76.404249147610955	139.01290486753814	-1.4442386537785275e-005	-3.9298909576333537e-007	-1	
74.331019028636746	136.25247060664103	-1.0754224803407395e-005	-4.1799574761442313e-007	-1	
71.633469601267848	135.28486016587689	-3.5999230049444714e-006	-4.5291818517612053e-007	-1	
72.817134571513876	135.05989976563376	-6.8978244404272807e-006	-4.1645554166790759e-007	-1	
61.643442353208947	137.48984244906941	1.344535835756954e-005	-1.0044780989754032e-006	-1	
68.501392486563304	132.89774923374242	8.189236453452747e-006	-7.7553333133267147e-007	-1	
68.461664379587347	134.07464381368479	6.8842007980415722e-006	-6.077122129046969e-007	-1	
70.474061372856383	129.67879053165271	1.2410088455277185e-006	-2.5287341994328562e-007	-1	
70.087580178583153	131.10451400049627	3.3563349732369046e-006	-4.787732280169368e-007	-1	
69.937906197531916	131.94939862269922	3.8060243373475653e-006	-5.3158126697519182e-007	-1	
69.456469662846359	132.39751490587361	5.3419109361368538e-006	-6.217016016314511e-007	-1	
71.713313650013902	129.48204379099914	-4.5503612948237379e-006	-3.0523533270250314e-007	-1	
73.295897502528177	128.67925710148617	-1.2214180970729898e-005	-3.7794736840727832e-007	-1	
74.463740800052193	127.70636961982322	-1.8522492727073806e-005	-4.3203374330389939e-007	-1	
74.611915480809984	117.08921119849211	-3.9770139204884741e-005	-5.3657561153869635e-007	-1	
75.413167394102061	117.38092269949071	-4.3449068262405301e-005	-5.448991196162558e-007	-1	
76.163099146144447	119.4413432543592	-4.2963410224833312e-005	-5.4633641034619106e-007	-1	
76.913030898186832	121.5017638092277	-4.2165721576271587e-005	-5.5339737282424031e-007	-1	
77.662962650229218	123.5621843640962	-4.0956863761034939e-005	-5.7102281259123225e-007	-1	
76.761369743480429	125.91659910608634	-3.1584520986931962e-005	-5.3071045635541818e-007	-1	
75.983720687386295	127.70096946722653	-2.4818324745674405e-005	-4.7979203814452359e-007	-1	
75.881332471741985	116.37695455399187	-4.7708497665714104e-005	-1.7441091505294866e-007	-1	
77.229993885044053	117.61699535548456	-5.1471025618773022e-005	1.8061225683422023e-007	-1	
78.327928691676988	119.82009643269684	-5.1781477102355254e-005	2.5634615357059041e-007	-1	
81.39674351081328	119.66273976223526	-6.1249301450948739e-005	1.0582629642674051e-006	-1	
85.159970720704877	120.58808899820588	-6.4969546867294187e-005	1.317895362048402e-006	-1	
75.0718703132993	115.46344296139473	-4.5488941946290555e-005	-3.8234105929533471e-007	-1	
74.663235642059689	115.32050214462224	-4.3679715340129396e-005	-5.4641403503135743e-007	-1	
75.202530917935306	115.87616826717915	-4.5348761050056396e-005	-3.915466615215897e-007	-1	
98.1745879001856	126.41143225863527	-4.5373308061822878e-005	3.591955617708313e-007	-1	
100.11341092775484	128.99876027543397	-4.1862741978418092e-005	2.9636522825596531e-007	-1	
108.94568193932696	132.24263281846862	-3.6411726023247219e-005	2.7295827871910692e-007	-1	
102.24107514998198	134.55334677684542	-3.6686842171469417e-005	1.9895728558680248e-007	-1	
115.01931559409226	131.60380970822138	-3.5132902879963632e-005	2.9480261534963088e-007	-1	
121.61719415868762	128.01718706423557	-3.4531167277374249e-005	3.3460324413582619e-007	-1	
95.925074255612984	125.17992561759102	-4.8547620499340902e-005	3.9577456948409347e-007	-1	
94.813756758049095	124.13301648872917	-5.0903066677788904e-005	4.4269533865753351e-007	-1	
91.258558636447404	122.11385219351818	-5.8585321912660776e-005	6.6181693368689234e-007	-1	
90.010407210186401	122.54075160354675	-6.0047845464465822e-005	8.1960554828503343e-007	-1	
91.633524512468597	123.14406247095242	-5.6757127999856495e-005	5.5328871285305809e-007	-1	
92.484030900568797	123.41784680921644	-5.4976965567824823e-005	5.0430127041054558e-007	-1	
87.808925702393765	122.79204721094757	-6.1564000794311389e-005	9.9888949970772271e-007	-1	
93.536689884437237	123.68663214785138	-5.3062194094150082e-005	4.7164962529508434e-007	-1	
125.79806649205648	123.80898303708676	-3.4460606946891101e-005	3.6866726265550403e-007	-1	
130.84079237866095	120.68494874876507	-3.3734969082581718e-005	3.8521929915704854e-007	-1	
139.0960271807885	101.57237078431788	-3.2920610116443e-005	4.7465175156781704e-007	-1	
141.02497485807885	106.83112501526153	-3.2579553146535148e-005	4.472662993884333e-007	-1	
138.47930013873025	111.8206014834354	-3.2881029587732979e-005	4.2634988036998869e-007	-1	
135.74530362937665	117.18795360127112	-3.3038705863094087e-005	4.0027445466251458e-007	-1	
143.31143622384997	91.218473610442857	-3.1866763659905754e-005	5.089380799008392e-007	-1	
146.27455790562345	95.532242788796339	-3.1668983557206006e-005	4.8788309209255221e-007	-1	
150.26580680471366	87.369197888790211	-3.0888958842177213e-005	5.13443964015053e-007	-1	
74.850718580070279	115.83560728333936	-4.3633416818875321e-005	-5.4647751763843377e-007	-1	
75.038201518080868	116.35071242205647	-4.3582501119297565e-005	-5.4612086089039544e-007	-1	
146.65612475294552	9.995584964052961	-2.5359470185352471e-005	7.3236762080952615e-007	-1	
154.98705765766994	23.050868151561872	-2.6304386532267512e-005	6.907938347677389e-007	-1	
152.76017703980835	18.345701554929796	-2.6001436770417143e-005	7.0393294308319241e-007	-1	
151.26427919960551	11.909544088728278	-2.5719279344900705e-005	7.1601957339694829e-007	-1	
150.53220988347385	7.167710850913342	-2.5580290947817554e-005	7.2201444273194331e-007	-1	
158.77056626933057	0	-2.6018505989587514e-005	7.012779551794427e-007	-1	
154.33656623695376	3.5961145065572491	-2.5781038036057566e-005	7.1250437645156507e-007	-1	
68.096510051548265	0	-1.0933423197844415e-006	4.046847331501899e-006	-1	
68.142005025774125	0	-3.0258858347881898e-006	4.115966311440172e-006	-1	
148.85682178420791	71.291195608371908	-2.9833649457406776e-005	5.7005207054220754e-007	-1	
153.42379735025671	65.183247799154842	-2.9143637136139876e-005	5.8396865376427057e-007	-1	
149.56470902308212	81.211372570829667	-3.0570081800351818e-005	5.3605566254089918e-007	-1	
154.7797337492716	78.013823340527239	-2.9998182615987676e-005	5.4075934660085986e-007	-1	
156.78479769158764	59.44369686376529	-2.8633208539536383e-005	5.9751302022574561e-007	-1	
155.30152316340724	52.910776013450871	-2.815651820126627e-005	6.1869432280384215e-007	-1	
157.36264733248626	43.496417741259535	-2.7514257092073722e-005	6.414562390796826e-007	-1	
161.52073983865296	46.696087759904707	-2.7766685408787555e-005	6.2704307371002554e-007	-1	
158.60935624689969	38.400013283136282	-2.7218098440134254e-005	6.5205817839772314e-007	-1	
159.26264367256982	26.020203804104789	-2.661044508480019e-005	6.764336290849157e-007	-1	
163.28014311570749	30.461009246387949	-2.6934152868972502e-005	6.6101566862832892e-007	-1	
9.7348711035938891	273.50805292979561	-8.3633448580862008e-006	-4.1711964504691881e-008	-1	
17.489137742479596	269.59729071102561	-8.6244448876262816e-006	-4.7088102223542329e-008	-1	
19.490390319531222	264.20234280659167	-8.6173185244701417e-006	-5.1314095501837216e-008	-1	
3.0033598547237483	280.72155603463671	-8.2274175773321766e-006	-3.5784416680359301e-008	-1	
0.56062435737422955	287.68527211042738	-8.2526171704703809e-006	-3.2495371842990691e-008	-1	
7.9618766116023476	278.36484391268283	-8.3783302534572668e-006	-3.8765897568863074e-008	-1	
-25.030701564165469	298.3364239629434	-7.6103659898789451e-006	-2.0658960580155739e-008	-1	
-10.959189022136741	294.29947791088318	-7.9682379055090498e-006	-2.6515462420975608e-008	-1	
-15.989167229404902	299.23915987640316	-7.8866458666326542e-006	-2.3790926104041111e-008	-1	
-22.172762484966999	303.78953174419598	-7.771880488963885e-006	-2.1020543861007211e-008	-1	
-5.9212410836166116	292.95649281507195	-8.1109010845955961e-006	-2.8668484595887676e-008	-1	
-40.121138180473913	304.37740654212985	-7.3090727479755265e-006	-1.4882900735352639e-008	-1	
-48.713311726433375	305.85909346984602	-7.1299095952289415e-006	-1.2006341648487127e-008	-1	
-53.856179536100832	305.51958672787288	-7.0125940774055475e-006	-1.0346868339697138e-008	-1	
-27.422084493551282	302.79843815999504	-7.6117240864624934e-006	-1.9344949495135484e-008	-1	
-34.539164612158089	306.78652762020573	-7.4827909909295453e-006	-1.6637836792761581e-008	-1	
-58.986512714539664	306.10299650817473	-6.9141421492459419e-006	-8.7383188539120069e-009	-1	
-64.331310067939455	310.48297040362513	-6.8703662676876908e-006	-7.327691078544511e-009	-1	
-68.718122645063062	312.47537632304341	-6.814918986804748e-006	-6.1999983868553965e-009	-1	
-73.108036489626144	314.46093981280046	-6.7615280072071453e-006	-5.1371849951178876e-009	-1	
-74.632939902591076	321.00993791367881	-6.816799628574819e-006	-5.1662896337434825e-009	-1	
-81.238480027839984	322.26753331678213	-6.7201459560394291e-006	-3.6559243897880282e-009	-1	
-85.737718609160154	318.70521344893012	-6.6046853066148861e-006	-2.3325165234023758e-009	-1	
-107.53802089819604	335.00091015003892	-6.4762370405434873e-006	6.4405077595705149e-010	-1	
-103.32215238882249	331.9399480507671	-6.4998404036471621e-006	1.6078757681910639e-010	-1	
-86.767000191329487	323.80660298850717	-6.6490356799255636e-006	-2.5112745012723737e-009	-1	
-98.258645169986607	333.16629665793533	-6.5800517466265384e-006	-8.7735340581146971e-010	-1	
-86.951606940242542	329.41728963511719	-6.7073768324157087e-006	-2.8667841655559367e-009	-1	
-90.762725462329897	333.53909262759447	-6.6913666317810268e-006	-2.366062290584301e-009	-1	
65.85846949263194	234.50334525398219	-1.1197895338988631e-005	-8.8167161526416114e-008	-1	
68.07883559338363	228.94729023635568	-1.1390016824664325e-005	-9.567918909737499e-008	-1	
73.063513091075549	225.63779431941251	-1.1881329000425328e-005	-9.6250688825487962e-008	-1	
76.584855285741028	223.19837318493342	-1.2261207900597809e-005	-9.5793261485383624e-008	-1	
79.681435495342427	220.23833647421853	-1.2630382410491332e-005	-9.6033646924507052e-008	-1	
81.990570307559565	214.71428513738832	-1.2997425446129502e-005	-1.0132311022610023e-007	-1	
79.811564276109493	205.14683325381162	-1.2913219772292761e-005	-1.2627034772766252e-007	-1	
85.171575219244005	207.03206727317621	-1.3606902165709562e-005	-1.0777217286941875e-007	-1	
80.450479023735724	196.89367497170267	-1.3182027301007997e-005	-1.4566674658721645e-007	-1	
36.744758399314762	256.10059297240684	-9.3702209498426777e-006	-6.4091833765379929e-008	-1	
54.357989620417285	257.39383254558533	-1.0442897287468399e-005	-6.3675956411029057e-008	-1	
58.380869076175038	251.51331052844853	-1.0678602328601572e-005	-6.8958379096260913e-008	-1	
43.598563508260376	258.62833003612695	-9.8005658181571281e-006	-6.2792429700197673e-008	-1	
60.770948513780979	245.718848781004	-1.0823316237916082e-005	-7.5087180291680818e-008	-1	
48.700230613374949	261.76117422174951	-1.0128124697092611e-005	-6.0007650869749621e-008	-1	
68.097921102499299	240.92529948760045	-1.1379526062940131e-005	-7.7451641343393158e-008	-1	
25.181567004713461	263.35323580111475	-8.8759232987195592e-006	-5.4194088157855499e-008	-1	
31.29857731924508	260.89984877203693	-9.1468711158732986e-006	-5.8330769765699636e-008	-1	
-138.75659541756073	340.16429358920004	-6.2045401183269519e-006	4.616775131314461e-009	-1	
-133.38550163093279	338.73001925269705	-6.2375472766671265e-006	4.1168507026994577e-009	-1	
-141.5668174939986	344.56609308005983	-6.2177176882251545e-006	4.5218364729176368e-009	-1	
-127.86274494602758	339.36637602090087	-6.2932709791125768e-006	3.3508022509289697e-009	-1	
-116.13750423727697	338.98348358778281	-6.4109617570900805e-006	1.7083926122823375e-009	-1	
-110.48210485614391	339.91943878587125	-6.4845254855816901e-006	7.4011001697508687e-010	-1	
-121.57858862003619	340.47562916460936	-6.3652786083739517e-006	2.3884112796298515e-009	-1	
-160.8977908626099	346.82417666079101	-6.1114134436891242e-006	6.0351221071863135e-009	-1	
-155.63021998873936	349.36751631575055	-6.1575201122436762e-006	5.4243199530515641e-009	-1	
-146.02943067648508	347.27870629615427	-6.2046578051581294e-006	4.7474514990552773e-009	-1	
-167.40783693988311	345.47162280244584	-6.071274538535454e-006	6.5838637761543525e-009	-1	
-179.12050141997292	340.75155197906741	-5.9953776647675869e-006	7.6178309236322124e-009	-1	
-185.02728322508023	338.76095137724406	-5.9662925232796929e-006	8.0190190007647797e-009	-1	
-172.09658826696383	346.44749365273685	-6.0602157172760457e-006	6.7498290971859483e-009	-1	
-176.88388834462094	346.31158599984917	-6.043428260588577e-006	6.9858389482258494e-009	-1	
-190.85785453263091	339.56730615661979	-5.9639912224097527e-006	8.0612243818551371e-009	-1	
-200	337.39447566043941	-5.9411067195204264e-006	8.3729049832583122e-009	-1	
-195.85737667770138	340.28358414722652	-5.9652313371924151e-006	8.0505177475660324e-009	-1	
60.847769620646858	136.84587487277452	1.5578215665306996e-005	-1.0507644631475753e-006	-1	
60.086380144752809	137.12299797868349	1.5327057571207195e-005	-1.0696417627482369e-006	-1	
88.470184903342869	185.85186840533984	-1.5176544178042907e-005	-1.3652166902893549e-007	-1	
90.551613728954351	176.18248504490973	-1.6502050564543531e-005	-1.408102852754678e-007	-1	
87.137053224723658	191.32145813601966	-1.4568207927757172e-005	-1.3252959419482117e-007	-1	
91.362981391396019	166.28202124153796	-1.8209648744463641e-005	-1.4253424745084135e-007	-1	
94.655645786643362	170.19935453619439	-1.8472776057797244e-005	-1.1228521396784661e-007	-1	
78.036043511284902	138.55818188703481	-1.7703380277018245e-005	-3.5758460477241578e-007	-1	
80.98690645603952	136.91868303234315	-2.4071248959227712e-005	-2.9137291321566997e-007	-1	
86.533336119830651	140.55276953542585	-2.6710014545190841e-005	-1.5965413063484588e-007	-1	
83.557389517793155	137.10619294026151	-2.7581440446414823e-005	-2.2031474657612532e-007	-1	
93.749861750840267	146.47590001372515	-2.6280631242118769e-005	-6.1297572409390009e-008	-1	
91.195516568391241	140.06882905126187	-3.0268691509114986e-005	-4.9696489170401679e-008	-1	
97.959798782788994	155.42784966894462	-2.335405382008176e-005	-5.3323540651960003e-008	-1	
96.569362187503117	160.2478296971596	-2.1324507434091664e-005	-8.346884951193766e-008	-1	
95.622377161202266	165.17416106622764	-1.9742599027367194e-005	-1.0132928025336949e-007	-1	
69.788857035137099	134.52515395909273	2.2504182824621299e-006	-5.1047270290371321e-007	-1	
70.598772174336517	134.62151123649548	-2.8174987476030107e-007	-4.6467847899271662e-007	-1	
76.257867315313362	136.2888991733214	-1.5418025999735724e-005	-3.8884634464140619e-007	-1	
74.839293926674117	134.24161838415469	-1.2960670357794522e-005	-3.899644819842394e-007	-1	
71.29643708293969	134.19900569461871	-2.1741059150458885e-006	-4.0751766136715519e-007	-1	
71.973310851507023	134.19988146756162	-4.3055442965183548e-006	-3.9074913504477899e-007	-1	
73.137126298823532	133.89831669158417	-8.00161189457043e-006	-3.7806790531198756e-007	-1	
69.571525434976635	133.02898287331456	4.5015756428282472e-006	-5.5808702120012226e-007	-1	
69.223053855481396	133.79752070777582	4.8786075498084891e-006	-5.2725929819947866e-007	-1	
70.849027248877576	130.70900080908694	7.6851911808090793e-008	-2.2702098621776209e-007	-1	
70.580055201673829	131.80715236912596	1.3913777652472767e-006	-3.8159480651859574e-007	-1	
70.390763515144755	132.42637827641684	1.9680589316682273e-006	-4.3457032689915181e-007	-1	
70.208788984556932	132.95227046896662	2.3466712955242546e-006	-4.5155336340373117e-007	-1	
72.450034650628126	130.23924240746621	-7.1090283360691301e-006	-3.1693547888402853e-007	-1	
71.699533636977748	130.982785147351	-3.4957426026826175e-006	-2.6440358981293141e-007	-1	
73.767335966061822	130.39731438089169	-1.2271838484236873e-005	-3.6458286603310831e-007	-1	
74.875940352206669	129.16940056575427	-1.8045366070298634e-005	-4.1883826526630204e-007	-1	
79.21790439483172	121.82954515787141	-5.1051495384207535e-005	2.5406144895643302e-007	-1	
79.232619323788583	124.1575627520748	-4.5968316837442747e-005	-9.5574231704421633e-008	-1	
78.412894402271604	125.62260491896468	-3.9373076199760678e-005	-5.9199761049529152e-007	-1	
77.712071590615324	127.29867445805198	-3.2501262903073266e-005	-5.5014023230074696e-007	-1	
77.634428450702302	128.35227738152483	-2.9900938666955478e-005	-5.2621517818243379e-007	-1	
76.606854272864041	129.37202340736397	-2.4212364510194551e-005	-4.6595045006295324e-007	-1	
81.775230640795812	123.57885562518179	-5.4935902060506304e-005	6.2549578298543795e-007	-1	
86.0868710092344	123.90701203944226	-5.9624634875056793e-005	9.0000749847579911e-007	-1	
97.047663162245883	127.97187584326984	-4.4515659013949392e-005	3.0033278115589527e-007	-1	
95.623791190264924	126.67668004601957	-4.7068979993804589e-005	3.3091669174230951e-007	-1	
97.333506088967781	131.19237189512077	-4.0771958765656866e-005	2.1436867328464924e-007	-1	
106.72283941839424	138.97688276365938	-3.3090204842418035e-005	1.7114320395378743e-007	-1	
113.86848040479926	137.60153420219146	-3.2847567099575679e-005	2.2433610309960695e-007	-1	
95.824044194429248	134.65706910173881	-3.7214213779209619e-005	1.1734835695919804e-007	-1	
99.155178245203714	142.19130070633324	-3.0790106462902216e-005	5.6279310475088475e-008	-1	
121.67783244868576	135.99070942334856	-3.223840762496295e-005	2.6197946583661819e-007	-1	
127.41903298857494	131.96005608815244	-3.2321253160084799e-005	3.0259782432372166e-007	-1	
94.418387562099724	125.42678693913835	-4.9765615873956382e-005	3.6867800268652158e-007	-1	
93.620190681427502	124.76985147535896	-5.1573319155656997e-005	3.9438489814170453e-007	-1	
90.872077442173662	123.53957566236149	-5.7462638578333834e-005	6.2380789439904792e-007	-1	
89.76309796487979	123.83649973738528	-5.8349282912243647e-005	7.0520932643741437e-007	-1	
92.00849038848979	124.17427274838667	-5.47691542003721e-005	4.362982510514731e-007	-1	
91.364552465264708	124.24221403099132	-5.5675199090787284e-005	4.9679752517512657e-007	-1	
92.638516118608834	124.29787709135738	-5.3582019853332577e-005	4.2117108576920975e-007	-1	
88.095275983356245	124.32525645953058	-5.8582784620808655e-005	7.520932820620989e-007	-1	
130.88772265786665	126.85596100154123	-3.2735697062406166e-005	3.4170607398207801e-007	-1	
135.62283712867045	122.77503173785485	-3.2461016953494455e-005	3.6654592140762728e-007	-1	
145.69867184927494	102.13362757152007	-3.1877651033722991e-005	4.6148321037140015e-007	-1	
147.9046332922554	106.76755760627596	-3.15210301856447e-005	4.3817721168326714e-007	-1	
144.8687341901921	110.90553900993409	-3.1839851514268362e-005	4.2241417091414477e-007	-1	
142.51034074362579	117.20270907954881	-3.1832359247866023e-005	3.9268580903148792e-007	-1	
140.75992692537139	123.69519874063587	-3.147381796201833e-005	3.5760293086190067e-007	-1	
150.7649324772571	99.249782034129765	-3.1207651611302962e-005	4.6714371501865756e-007	-1	
154.22257481246058	93.153743303565648	-3.0726273747766158e-005	4.8719265250206723e-007	-1	
154.70587770693197	83.744850317952327	-3.0327160767764914e-005	5.2114541574488921e-007	-1	
157.99209555087853	88.630511481002571	-3.0271160628511345e-005	5.0007263030058543e-007	-1	
157.841200573489	18.820490730233807	-2.6277152829329127e-005	6.9073848879984482e-007	-1	
155.72973703399117	13.991575835036176	-2.6032164099618535e-005	7.0161816865432695e-007	-1	
155.05676809366628	8.7643576313404292	-2.5885219249555425e-005	7.0793902321098503e-007	-1	
166.98575502577413	0	-2.6380454687567516e-005	6.838003669425146e-007	-1	
159.55820852734198	5.5027735288004358	-2.6079166794991351e-005	6.9849484769926467e-007	-1	
155.44581943381812	71.456495832204212	-2.9532578584175929e-005	5.6166755366943215e-007	-1	
160.69178859818942	70.717195346283987	-2.9279166965989407e-005	5.5835378133314099e-007	-1	
162.47471119663501	65.728413461898896	-2.8927666691208139e-005	5.7206095411599896e-007	-1	
159.61632712142759	79.290656408362253	-2.9794199051917313e-005	5.3135462655060302e-007	-1	
162.82916894430471	56.668026783643114	-2.8382794232246919e-005	5.9833830544956188e-007	-1	
165.56477617213054	51.237275021278954	-2.8051307192938225e-005	6.0994516113596933e-007	-1	
162.76463639548476	41.600670256725046	-2.7483021639927268e-005	6.3799168392175256e-007	-1	
166.7487142563246	45.272805034586966	-2.7730535177881975e-005	6.2371510428409009e-007	-1	
167.00241783962809	34.481801482861478	-2.7209855724183136e-005	6.4717155207191083e-007	-1	
165.21154564778834	25.333457824091372	-2.6783705554409911e-005	6.6663337451039563e-007	-1	
162.47212908318753	20.964488409538426	-2.6542239625018912e-005	6.7799439870566189e-007	-1	
168.61424691820352	29.208237937081442	-2.7023558034602633e-005	6.5476140812909835e-007	-1	
13.331723124355692	277.22215896770416	-8.576896417478987e-006	-4.1419158737048987e-008	-1	
20.202721099817985	276.02269316879676	-8.8494738052540365e-006	-4.4486562788925864e-008	-1	
24.529120852022821	270.40985999724415	-8.9616796750911341e-006	-4.9173901939220551e-008	-1	
6.8225780104032445	285.97155309227344	-8.4556532407938342e-006	-3.5382736122476863e-008	-1	
4.9320520915529693	291.36103785109452	-8.4630384856047517e-006	-3.2907336467081495e-008	-1	
0.020946710156300341	295.66580249863961	-8.350050211516883e-006	-3.0033480588350656e-008	-1	
11.44119720550545	282.61164372652524	-8.5829210661920973e-006	-3.8343067519778432e-008	-1	
-10.904496900614042	299.51306949161273	-8.0456530637181615e-006	-2.5498861659181472e-008	-1	
-10.412160996719468	304.5812549842251	-8.1295494256027443e-006	-2.4733605698490094e-008	-1	
-14.619120360130307	306.83941975593478	-8.0314062813839356e-006	-2.3054791611986112e-008	-1	
-28.584399246711563	308.01252220774853	-7.6538803026122511e-006	-1.848027515226736e-008	-1	
-21.449866979156486	311.43283970001517	-7.8931989751755428e-006	-2.035915400297378e-008	-1	
-6.4309448032081624	301.94539974500879	-8.2204585505575926e-006	-2.6491625134541217e-008	-1	
-47.548091705288748	311.31471738045133	-7.2330073560964889e-006	-1.234626028384062e-008	-1	
-40.054102468609024	311.8934069773598	-7.415610844688408e-006	-1.465570739681891e-008	-1	
-52.072631348466707	313.48351615128098	-7.1624464629345192e-006	-1.0986606723356195e-008	-1	
-55.907439875638161	310.24787237438369	-7.0367075963035469e-006	-9.8014448415462074e-009	-1	
-33.527753902309925	316.94842662404	-7.6410317812799683e-006	-1.6339387362925668e-008	-1	
-60.036944660495983	313.31900736538302	-6.9938471281929843e-006	-8.6784928781279466e-009	-1	
-64.735005361589486	315.41969904907791	-6.9287984117680064e-006	-7.4383926571831045e-009	-1	
-69.13008994384613	318.8392183058873	-6.8896974418814994e-006	-6.428501356296277e-009	-1	
-77.862157242385379	326.9079767331977	-6.8280857175692812e-006	-4.7209187078721334e-009	-1	
-68.333505632068778	328.46061910144113	-7.0147732998207503e-006	-7.0235085166397491e-009	-1	
-81.650947547587407	330.90084451077962	-6.8072912166638489e-006	-4.1003960411016476e-009	-1	
-101.8634008239252	336.9834723922591	-6.5671559899233022e-006	-4.9951515621322785e-010	-1	
-96.101403610661251	338.81415705631565	-6.6630305273278152e-006	-1.6817233937812116e-009	-1	
-84.212294676252256	335.77295144233659	-6.8140361846220833e-006	-3.8265690081469863e-009	-1	
-88.347232686457531	341.32277633499348	-6.7994545733913548e-006	-3.2993044177591162e-009	-1	
70.548665059113006	233.84011966555548	-1.1605163714058359e-005	-8.5501866795066269e-008	-1	
72.023397485637261	238.34156020199936	-1.1709709779899679e-005	-7.7942524442696045e-008	-1	
73.743434677043822	230.33295071605471	-1.1914787593488076e-005	-8.7720124686511132e-008	-1	
77.33224366932582	227.41643398669495	-1.2283995090363105e-005	-8.7916870063972505e-008	-1	
80.621068484458107	224.32104329885888	-1.2655903528451396e-005	-8.7968822821766842e-008	-1	
85.661021496298389	219.93535460991026	-1.3283091650438625e-005	-8.5575377334026584e-008	-1	
88.782747672475963	214.36879336918159	-1.3807718471621442e-005	-8.6776879167079202e-008	-1	
84.933602246765545	200.44458973250102	-1.3794490246769914e-005	-1.2155563504312333e-007	-1	
90.267630796003331	202.50748306644761	-1.4494959359287429e-005	-1.0008620223018798e-007	-1	
93.904454244878025	207.32068003258519	-1.4731648452129356e-005	-8.2574431770120024e-008	-1	
89.1488200010387	196.57944694660222	-1.462966779158699e-005	-1.1394671995221086e-007	-1	
39.917142541332097	263.30384519115046	-9.6454326138351462e-006	-5.8217234684399723e-008	-1	
55.182491526739703	264.4934175267374	-1.0520479894031417e-005	-5.708239070381884e-008	-1	
61.485432547219226	257.92624932153291	-1.0893676054932463e-005	-6.1483411013883456e-008	-1	
65.344317566701037	250.00517146676364	-1.1156541671598712e-005	-6.8081496787319267e-008	-1	
68.69741106394585	246.06457475268985	-1.1412077689983287e-005	-7.0683638815848526e-008	-1	
43.727611064460191	267.87480044523511	-9.8988377922480746e-006	-5.4804276144405427e-008	-1	
51.127965801390673	269.40370799988159	-1.03113915527146e-005	-5.3561877536732476e-008	-1	
72.476716792149531	243.01912101260092	-1.1714931172025233e-005	-7.1753723817889928e-008	-1	
29.963180041760573	267.35381167972554	-9.1775487707377059e-006	-5.2876450319418111e-008	-1	
36.171156847663255	267.92779301562064	-9.5014467742674446e-006	-5.3885733529002312e-008	-1	
-136.35506636960389	344.89901513400486	-6.2619343163475348e-006	3.9194004857440654e-009	-1	
-131.14925956971805	343.60570382295737	-6.2971323453033718e-006	3.4075756115598745e-009	-1	
-139.48971749177326	353.01030737264102	-6.2936118598164145e-006	3.629895589577963e-009	-1	
-127.92018071098074	347.83777023786041	-6.3595853231675476e-006	2.6574683988968254e-009	-1	
-122.70793012333132	346.75620644980063	-6.403241468454822e-006	2.0467680800912472e-009	-1	
-117.59715367317597	344.43337544056573	-6.4401976650810002e-006	1.4926177712418266e-009	-1	
-112.07189442307555	345.42689949166157	-6.5110355947986447e-006	5.8582318715877418e-010	-1	
-106.52607223965813	344.04457698299342	-6.567889591406477e-006	-2.0824879260780875e-010	-1	
-164.59992133623589	348.95480764088234	-6.108540356665166e-006	6.0977494009932154e-009	-1	
-161.09837865369053	351.40114311652508	-6.1417141368922633e-006	5.6631220074207324e-009	-1	
-157.27546780098186	353.90057001458246	-6.1781627422599317e-006	5.1893756646260579e-009	-1	
-152.74164723371902	354.45397155989588	-6.2085858340314489e-006	4.7845260203741068e-009	-1	
-145.89633177963955	355.74563993392945	-6.26226241581002e-006	4.0797815584033566e-009	-1	
-168.88262441661726	349.99814842225675	-6.0970088902106894e-006	6.2671440393036121e-009	-1	
-183.52893883267404	344.81136674570183	-6.0154452341164175e-006	7.3695386049316898e-009	-1	
-174.72720469637204	351.54845948311254	-6.0857775688650699e-006	6.4346053016989439e-009	-1	
-180.10484141078877	350.70058661294473	-6.0645416527177774e-006	6.7231559370900773e-009	-1	
-193.4157238503922	344.86853944293256	-6.0012454565253721e-006	7.5726023607976443e-009	-1	
-200	343.63967909955028	-5.9896153637467419e-006	7.7288490987273073e-009	-1	
93.418605706031926	181.85834853709517	-1.6557766640308955e-005	-1.1443652241365457e-007	-1	
96.574506164924827	190.72443740357394	-1.6267655403978649e-005	-8.9775327388665214e-008	-1	
97.736665523752222	177.19043371469959	-1.8045447041156935e-005	-9.0111752812013952e-008	-1	
99.524774057233103	168.62495660501659	-1.9958236645403056e-005	-7.2528910079545544e-008	-1	
78.689655147356518	135.7502740452654	-2.1159835566243341e-005	-3.4903132091596742e-007	-1	
80.979513982912465	134.34138047197681	-2.7511290702786111e-005	-3.0607497381774993e-007	-1	
87.508133523334635	133.71896707739415	-3.6382736174609037e-005	-6.8458522320786681e-008	-1	
83.007734681950197	133.36620499649038	-3.2473385369593582e-005	-2.3871461867326072e-007	-1	
100.11172309558347	148.94993655402317	-2.6858029286725615e-005	6.5265436660185871e-009	-1	
91.928022922806647	132.98547898388557	-3.9121239309196862e-005	6.9254079153685818e-008	-1	
103.25629861070726	153.59093069168711	-2.5349686153828655e-005	9.8456139659697552e-009	-1	
102.06392957826786	158.70721977100976	-2.3240889376394323e-005	-2.5249980413867526e-008	-1	
100.3979336314469	163.48936669317243	-2.1403831804914144e-005	-5.5236265148405275e-008	-1	
70.520837340491624	133.80961628067519	5.9279924850928013e-007	-4.1811234497109374e-007	-1	
69.984443331375445	133.52039760186685	2.6645136695174016e-006	-4.4043574781413453e-007	-1	
76.783462064575829	133.85426177769259	-1.8602246859714212e-005	-3.852765409126958e-007	-1	
73.633890298508987	132.99172527727291	-9.9102633463471281e-006	-3.6279511391905515e-007	-1	
75.140576992023085	132.74486395572546	-1.4928053151188107e-005	-3.8546415869468376e-007	-1	
71.595671653923802	133.59186688258251	-2.9158346137129842e-006	-3.5118451726123563e-007	-1	
71.076286721667302	133.55893328935161	-1.1137312722610187e-006	-3.6429327563443769e-007	-1	
72.008160544329286	133.48498385390718	-4.305606914795066e-006	-3.4283600274674527e-007	-1	
72.681609503252176	133.39402336435691	-6.5804958401301196e-006	-3.5085559554746007e-007	-1	
71.223993124898769	131.73921108652121	-1.2184178846931956e-006	-2.1285437288713917e-007	-1	
70.941207261328273	132.34459190680121	-9.1094286674267806e-008	-3.2293631511800109e-007	-1	
70.800947586465398	132.80244523269229	2.9503902820728727e-007	-3.5819577873634612e-007	-1	
70.745832807269494	133.24327449595788	2.5224019793561503e-007	-3.5247263507649148e-007	-1	
72.752192620846301	131.25157048598584	-7.6318677965684118e-006	-3.1628111805188961e-007	-1	
71.854018855017827	131.86281542949189	-3.8004359219096696e-006	-2.6051674464284369e-007	-1	
74.02925949445779	131.69795482686382	-1.2096971941915711e-005	-3.6388177336205214e-007	-1	
75.339956317181361	130.75731278204128	-1.7688013788013636e-005	-4.0629625378954645e-007	-1	
80.112274036344402	125.58742466302975	-4.5643491358318403e-005	-5.6515084176464227e-008	-1	
78.787860278292797	126.65281519639893	-3.8350555394784102e-005	-6.050483683436934e-007	-1	
78.687285642234897	128.43945141300341	-3.3511916952658231e-005	-5.7450587850001679e-007	-1	
79.16282615431399	127.68302547383317	-3.7123211011180111e-005	-6.2035109500004666e-007	-1	
78.053673962483714	129.32198908011225	-2.932584928994405e-005	-5.1243314550591893e-007	-1	
76.95312666392708	130.7776855571575	-2.3045225624698029e-005	-4.3744413288780063e-007	-1	
82.569925698759448	126.06244858960615	-5.0617959446102312e-005	3.1216753624010782e-007	-1	
84.898322328531421	126.52626714835523	-5.2268809064324829e-005	3.4272169562578465e-007	-1	
86.44717246480279	125.92661640568032	-5.4819244279184491e-005	4.7920333181677483e-007	-1	
95.267945213612904	128.70505219935436	-4.4648287358836613e-005	2.5344021708236751e-007	-1	
93.921623562414609	126.33337835344955	-4.8993812114595973e-005	3.1572328826077898e-007	-1	
93.601631835105053	127.49496142749913	-4.7497386268960844e-005	2.6236930230868554e-007	-1	
95.096842847730386	130.9484601784402	-4.1781859064581649e-005	1.8633042617934656e-007	-1	
104.52559219594555	144.8782373732127	-2.9667616436644858e-005	8.6569763225826978e-008	-1	
110.47141748235025	144.03672901455303	-3.0261030786989498e-005	1.4187008407419207e-007	-1	
119.38904114030798	144.63000465112069	-2.9648105753717437e-005	1.8240487891248856e-007	-1	
127.44903255644803	138.10695249643402	-3.0818831303372963e-005	2.5594983304093137e-007	-1	
125.15304695237305	143.51105021390421	-2.9551175314581627e-005	2.1015998265314079e-007	-1	
134.43363947617428	131.90671031156077	-3.1202310045557862e-005	3.0685221420155769e-007	-1	
133.32922022866276	137.69679610147108	-3.0191651352078732e-005	2.6742058345508888e-007	-1	
93.466106766843183	125.82908502622239	-5.0229891709906757e-005	3.2720149927938768e-007	-1	
92.918994253171064	124.87479674611862	-5.2354937872553423e-005	3.7304042061285348e-007	-1	
93.102901897854622	125.25472491786132	-5.153130458037012e-005	3.4921962793265355e-007	-1	
90.722403461123051	124.3844602845649	-5.6273912653592932e-005	5.3622596760459583e-007	-1	
90.240966926437494	124.83257656773908	-5.5961175782732474e-005	5.0320261428219269e-007	-1	
89.28588975015434	125.33281089560769	-5.5719989985264074e-005	4.7893707527026408e-007	-1	
91.725704524919266	124.77965356866665	-5.4265358267215716e-005	3.9934621638723956e-007	-1	
92.195973326500393	124.68937788710379	-5.3703574788542823e-005	3.7545029451849629e-007	-1	
91.175260778735804	124.86143993828237	-5.4858556978370491e-005	4.2761247328906394e-007	-1	
92.496908137666779	124.87151824717758	-5.2957761095842723e-005	3.6052955579827735e-007	-1	
88.156093184764089	125.88379049873561	-5.4880293937942775e-005	4.1807285804433903e-007	-1	
137.42872193301693	127.67147728190069	-3.1453003914825378e-005	3.3473864517720215e-007	-1	
152.95559310290844	107.67716106168771	-3.0873805218548232e-005	4.2892890852489025e-007	-1	
149.71344967353488	111.20193816713831	-3.1146655505967265e-005	4.158834870469164e-007	-1	
148.2476536142014	115.76121328191053	-3.1096750759535894e-005	3.9524067529336488e-007	-1	
147.88971979164185	122.13522747514112	-3.0648730654461401e-005	3.6319531543134795e-007	-1	
144.62955404611952	129.6357239107582	-3.0217832090193235e-005	3.2353287191854701e-007	-1	
156.5724181076335	99.756410583601792	-3.0585766016658449e-005	4.5892876344976063e-007	-1	
159.07361933092926	95.146770419265394	-3.0331728317041494e-005	4.7470952936832357e-007	-1	
161.52013238029059	83.916503754203404	-2.9878233010345049e-005	5.1357031037573357e-007	-1	
164.01453859403591	93.388331668685439	-2.994112563744042e-005	4.7717049536298779e-007	-1	
166.25643212561133	89.161166560128848	-2.9732815246504913e-005	4.9086521984656292e-007	-1	
162.4668675753791	11.987930542304319	-2.6306238733892354e-005	6.8805001594626124e-007	-1	
175.20094378221765	0	-2.6648139712050956e-005	6.7049468668069439e-007	-1	
167.63770981280624	5.7779879341298468	-2.6428270311041324e-005	6.8156657751693675e-007	-1	
173.4518074944618	5.6976277483929172	-2.6617145046101163e-005	6.7213981619346339e-007	-1	
162.91188785457558	75.527384217192321	-2.9443496260691374e-005	5.405539750650539e-007	-1	
166.92752849136434	70.438990625159335	-2.9058819293581967e-005	5.5325338215018407e-007	-1	
169.4865564060492	63.56012161000632	-2.8670222320857743e-005	5.7172870715568955e-007	-1	
164.30010652235916	80.067695714195352	-2.9577335699745364e-005	5.2427606449818507e-007	-1	
171.04683583239523	56.388441827173743	-2.8298822623384835e-005	5.9055825436741831e-007	-1	
172.33752070656479	48.267952347647686	-2.7908571193493394e-005	6.1022382535856474e-007	-1	
167.74197045851332	39.946371673994662	-2.7476636548943278e-005	6.3473310114982832e-007	-1	
174.48946534579173	42.569662309614515	-2.766651338273225e-005	6.2129562580350593e-007	-1	
172.23399634673137	32.738513849125674	-2.7232788544711481e-005	6.4365514356430499e-007	-1	
170.28455396015184	24.407777791683273	-2.689910488766865e-005	6.5984262278173956e-007	-1	
170.85708075607224	19.357376194791044	-2.676979058980494e-005	6.6558239429477997e-007	-1	
167.01189076973125	15.274268599663445	-2.6553345821060029e-005	6.7617418848127909e-007	-1	
173.91146476148029	27.968657073706993	-2.7093777008482464e-005	6.4972166926497598e-007	-1	
21.028893085711967	282.94849790408057	-8.9798263514410843e-006	-4.1186982487067686e-008	-1	
29.174808777561061	278.46460119867265	-9.2839726660198952e-006	-4.5559907492052284e-008	-1	
32.560433577481028	273.1214654037388	-9.3806554145350462e-006	-4.9563301016277093e-008	-1	
12.948820060406746	288.12051906935051	-8.72015928281386e-006	-3.6582809741824063e-008	-1	
10.208462678284306	292.87776847129038	-8.6771846756486901e-006	-3.4056062064100486e-008	-1	
6.4396749464542875	296.86991319391979	-8.5895534884112164e-006	-3.1690835563115563e-008	-1	
2.3587325887771491	300.91396212733207	-8.497097800027598e-006	-2.9387387678076511e-008	-1	
-6.2516539792148951	306.92390232833731	-8.287210373474487e-006	-2.5534322824633213e-008	-1	
-7.7825023438711147	311.66459177779575	-8.2948803357704056e-006	-2.4252486653033074e-008	-1	
-13.678260943657019	312.91684173966269	-8.1327873201385289e-006	-2.2421969949125346e-008	-1	
-26.779249764340424	313.39832747999532	-7.7716793953358176e-006	-1.8579245727430998e-008	-1	
-16.978545947599574	317.96027492814625	-8.0937736858049655e-006	-2.0853964352471183e-008	-1	
-25.341144289675839	318.89353591353142	-7.8744687814221662e-006	-1.8491795828406473e-008	-1	
1.2994312769489209	306.56075794737689	-8.5270822017465911e-006	-2.7724989923459372e-008	-1	
-43.993543603771208	314.09623092257669	-7.3519919540701253e-006	-1.3386878907422186e-008	-1	
-48.008098779177466	316.15899036920342	-7.2865515034403798e-006	-1.217463002799203e-008	-1	
-39.893458515336896	316.80467658501084	-7.4825284721531621e-006	-1.4502756226892106e-008	-1	
-53.047402731008923	318.40540276545829	-7.2043213554420769e-006	-1.0744779637256482e-008	-1	
-58.366880519232929	318.36965166533486	-7.092739818331799e-006	-9.2742376794967988e-009	-1	
-32.226443224847017	323.90508453648306	-7.7522404597913638e-006	-1.6258004643620033e-008	-1	
-38.227790900554901	321.42765474154874	-7.5770294675981204e-006	-1.4780188896100417e-008	-1	
-63.368690841077765	320.18073299560547	-7.0149277386952141e-006	-7.9764405655045547e-009	-1	
-64.000937545137745	325.05305821009046	-7.0591760022603772e-006	-7.9698931145606918e-009	-1	
-74.161698519280492	334.21330871330827	-6.968149824587395e-006	-5.9059097437698546e-009	-1	
-65.782614145224045	333.51019196700861	-7.1139868840218537e-006	-7.766496027005322e-009	-1	
-61.831447909006236	329.46130089955506	-7.1496289270411901e-006	-8.6093220506258436e-009	-1	
-79.134216066968392	335.33325656328469	-6.8933823337489229e-006	-4.8703340291049145e-009	-1	
-101.12284253861166	342.18122838281556	-6.6227787446680679e-006	-9.9807714709888988e-010	-1	
-94.397671783559034	346.78286096248655	-6.7533494768973184e-006	-2.4564581536900381e-009	-1	
-81.324571332522893	339.58008963454364	-6.8954795789096911e-006	-4.6047134799100355e-009	-1	
-84.046624998590929	343.63205355217207	-6.8860833983221361e-006	-4.2434151642932528e-009	-1	
-86.518193014826437	349.89396139739324	-6.895545395555263e-006	-4.0412028986557543e-009	-1	
75.175341718468161	234.85582913324828	-1.2003582227468317e-005	-7.9639000028712871e-008	-1	
77.545688618210818	240.16712184073535	-1.2142246856087109e-005	-7.0736254170259737e-008	-1	
78.800981616048318	231.87463739911053	-1.2361605641887252e-005	-7.9651719199925071e-008	-1	
81.867411390219942	228.32079760774539	-1.2705214775521227e-005	-8.0392325162508681e-008	-1	
85.40535892099453	225.0242955296693	-1.3124077851190152e-005	-7.9178462178735285e-008	-1	
90.950427210461797	219.18786343905225	-1.387188293133574e-005	-7.5909470264998022e-008	-1	
90.203012854710281	224.41889036486154	-1.3614444691702258e-005	-7.1543307544598546e-008	-1	
96.102569555356695	218.0141087050186	-1.4467979072492331e-005	-6.583884070130973e-008	-1	
96.69893377668771	212.31888755225418	-1.4809941059509119e-005	-6.9635798492931364e-008	-1	
94.89720214796715	198.63961298975204	-1.5391910997679097e-005	-8.8659129485987236e-008	-1	
100.46819849286791	208.00798999342285	-1.5496006705675639e-005	-6.2508428723957085e-008	-1	
100.33919115058262	201.40961969152835	-1.5944904425408252e-005	-6.7037200318920138e-008	-1	
56.497734206526737	270.72400883747463	-1.060895787099452e-005	-5.2018777057038804e-008	-1	
61.399299978510129	265.87233886683032	-1.0887029252627562e-005	-5.4630306269463215e-008	-1	
68.908101193479212	260.76380954981107	-1.135534195001691e-005	-5.6231478521654746e-008	-1	
68.803500847254128	254.82889008545757	-1.1377203282752007e-005	-6.1549227670345428e-008	-1	
66.632376701821514	265.49151480659151	-1.1195872944857449e-005	-5.334094138722931e-008	-1	
73.591751403226965	247.74295823316157	-1.1758664385566721e-005	-6.5753312411280196e-008	-1	
45.213622980257448	274.1663782862916	-1.0023793324535125e-005	-5.0245024750543188e-008	-1	
38.8220132685273	273.62266255280196	-9.6952820091979791e-006	-5.0196047694632946e-008	-1	
55.455507358362084	276.15460458964685	-1.0560614247592496e-005	-4.8395476892589381e-008	-1	
50.745779065374464	277.4134616784807	-1.0320707375957524e-005	-4.8013940605620666e-008	-1	
-132.01696335197454	351.23684487789785	-6.3450922802335104e-006	2.9166115903839766e-009	-1	
-136.20915240818294	356.8316585088096	-6.3443344120268682e-006	3.0144771950970342e-009	-1	
-138.47504992048175	361.3294957932527	-6.3508515930315076e-006	2.9831684998416566e-009	-1	
-123.894825488252	354.1365128477064	-6.4424040105641039e-006	1.7010031708361848e-009	-1	
-116.42771251623032	353.79029471227039	-6.5204899558316463e-006	6.9432064814906534e-010	-1	
-107.7595887647786	350.91172718555259	-6.6036658958697178e-006	-4.3396853753109145e-010	-1	
-100.8364416500215	351.77737662365331	-6.7001712152879024e-006	-1.6080512392446153e-009	-1	
-165.32702543708646	353.16392608107873	-6.1327812529980514e-006	5.8002817641993852e-009	-1	
-161.34422437584323	355.97590182926001	-6.1689063077778113e-006	5.3312541477394062e-009	-1	
-155.9451458298453	359.41350350729277	-6.2179098119719613e-006	4.7020494825208818e-009	-1	
-150.30002962871637	361.14325015590498	-6.2624820793555858e-006	4.1281469699565639e-009	-1	
-144.30221378894464	364.98175895702394	-6.3241905516863691e-006	3.3599168975108476e-009	-1	
-169.97633148713612	354.63153132594965	-6.1224703258188353e-006	5.9516826803296888e-009	-1	
-187.32166246750853	350.47021832787448	-6.0478002605992602e-006	6.954773318902119e-009	-1	
-175.92909988326278	357.08303952120571	-6.115489887136227e-006	6.060137851755845e-009	-1	
-182.22027213363091	355.71684197856013	-6.0906064631493116e-006	6.3925207751986379e-009	-1	
-200	349.88488253866115	-6.0331349573017211e-006	7.1564122183127394e-009	-1	
-194.92369194094283	353.00748425821655	-6.0551752739561906e-006	6.8665469219539863e-009	-1	
100.69875227639695	184.26168581084056	-1.7654072326851469e-005	-7.2398776493802679e-008	-1	
100.12268823134417	195.48010723332328	-1.6398908328564902e-005	-7.1187521559359129e-008	-1	
103.31459917623181	190.47833794376638	-1.7346268263479308e-005	-5.9290545034912788e-008	-1	
104.07609672400251	171.15915339446047	-2.0357213608437296e-005	-4.3155411057426631e-008	-1	
104.8818650790041	178.35339340122511	-1.92095308196768e-005	-4.6570707957924975e-008	-1	
105.40888954706213	162.75807161474341	-2.2626568343736894e-005	-1.29147447052927e-008	-1	
78.601149372131118	133.06315638588029	-2.4349780984046927e-005	-3.8582993226168371e-007	-1	
79.878739560866293	131.87586415528708	-2.9390537204970566e-005	-3.9333944748886904e-007	-1	
81.503214147531224	131.69256693122452	-3.3219670175268973e-005	-3.32195133306531e-007	-1	
86.905850419022855	130.78235108669347	-4.1800643368483773e-005	-3.5819400756886771e-008	-1	
85.343553735395929	131.64506911552968	-3.8599720294358468e-005	-1.2594072371692337e-007	-1	
89.445565056469476	130.1520590940365	-4.3951552027874265e-005	7.0762762894099094e-008	-1	
83.10188447818274	131.11769833030846	-3.7237955883474848e-005	-2.4281657866870448e-007	-1	
106.3366564264111	149.82490990585686	-2.7432363284537727e-005	6.1728429574996514e-008	-1	
93.370539802166306	129.50553496377631	-4.4454189367377117e-005	1.9207450596701353e-007	-1	
108.84792502817241	153.99204883345226	-2.6033915695680736e-005	5.445373374953472e-008	-1	
110.29990102566653	159.61928234915874	-2.4305327360162651e-005	3.5621844587701498e-008	-1	
72.835693417836453	132.33478981349353	-7.4056842676412572e-006	-3.2365321884088073e-007	-1	
71.384660189555944	133.22167067996546	-2.0398936554112414e-006	-3.1367447894276235e-007	-1	
71.663521192941445	133.17119182201694	-3.0333921031921163e-006	-3.0483196905530522e-007	-1	
71.126527545216533	133.10471294300336	-1.0415959165458864e-006	-3.0971501715587055e-007	-1	
71.902940257085419	133.03092393169959	-3.8830629867209253e-006	-3.002720029417499e-007	-1	
72.318404634263572	132.81966325599586	-5.3922338313280815e-006	-3.1127538223810853e-007	-1	
71.411476062909358	132.25431622523831	-1.9289708553674534e-006	-2.1668658946147163e-007	-1	
71.237619659174001	132.72067984176525	-1.3086712711696331e-006	-2.8853796321624575e-007	-1	
71.712410874075758	132.4364565853121	-3.1285208876995377e-006	-2.4880998643335594e-007	-1	
72.134496989580029	132.43973508425316	-4.7534582936369913e-006	-2.8522766517027794e-007	-1	
80.000359430147626	127.49655741407562	-4.0404178520844152e-005	-3.7033351193162622e-007	-1	
81.040746112704369	127.0111761843736	-4.4613588691358466e-005	-8.2985429787804082e-008	-1	
79.537792030335183	128.7132357512674	-3.578072425527509e-005	-6.2081716172633133e-007	-1	
79.134615660920559	129.21289490444977	-3.3172515376719634e-005	-5.6695484498073194e-007	-1	
80.074748912779768	128.35136647480914	-3.840872588560293e-005	-4.5513926638842233e-007	-1	
78.685988603247537	130.20545650433269	-2.951229931695182e-005	-4.9002993937773471e-007	-1	
78.977533472145069	131.36014888723676	-2.8089693228904441e-005	-4.3329323149433622e-007	-1	
83.587756329399838	127.54652913418958	-4.800231773326665e-005	7.2494501527521404e-008	-1	
82.368119086546983	127.85067350464011	-4.5264226400390222e-005	-5.8302410355440799e-008	-1	
84.677824787814089	128.17244411100415	-4.7318484287492354e-005	-7.2065155387130066e-008	-1	
86.200603739602187	127.6181978991862	-4.9974684618422499e-005	4.5752810571722899e-008	-1	
87.723382691390285	127.06395168736826	-5.1774286789829328e-005	1.303667823440899e-007	-1	
92.757808115098086	126.63494312942711	-4.9616056339584671e-005	2.7071551288215994e-007	-1	
92.417966864859096	127.7199218277427	-4.7937032192389981e-005	2.2479947323102982e-007	-1	
111.16915235245915	149.26055190174773	-2.80395064381822e-005	1.0280356485804646e-007	-1	
123.32637054661917	149.50677030256571	-2.7984138871459835e-005	1.6402665131215694e-007	-1	
115.98164077116714	151.40883370950627	-2.7393217121496313e-005	1.1660250410286797e-007	-1	
131.0113828394071	143.11643309722675	-2.9228735590078194e-005	2.2819611069332409e-007	-1	
128.71501229914745	152.70801164551787	-2.70170328179597e-005	1.6345649399349785e-007	-1	
139.86160396058949	132.25283109695633	-3.0430432758689366e-005	3.0735675057582346e-007	-1	
138.95305252211494	143.30742029067005	-2.8569155156890557e-005	2.4157193944036073e-007	-1	
143.16625582079473	136.57277023136527	-2.9372057454561534e-005	2.8446263532072937e-007	-1	
92.792657807920307	125.92004551577264	-5.0819195190135962e-005	2.991978595476258e-007	-1	
92.640993350647562	125.19241748796796	-5.2237738387039522e-005	3.3295936916890549e-007	-1	
92.68743752067644	125.46598559356507	-5.1718254065966923e-005	3.1598361161746306e-007	-1	
90.356022698567671	125.46404453518005	-5.4521551432023919e-005	3.7191287653971865e-007	-1	
90.993286248147953	125.38733213083208	-5.4030730970814811e-005	3.4554670248010232e-007	-1	
90.007551119072431	126.23258236964129	-5.3011669937334006e-005	2.146113860784517e-007	-1	
89.246161643178368	126.50970547555028	-5.2813458323450742e-005	1.921434092529355e-007	-1	
92.022116922765022	125.15574150363069	-5.3190323266754034e-005	3.3062150375309829e-007	-1	
91.585444850056433	125.23750689455777	-5.362584223788845e-005	3.3775315595612727e-007	-1	
92.383456264510968	125.20448302582091	-5.2586976912287394e-005	3.1455216684959204e-007	-1	
159.46282824525517	105.86239301783189	-3.0248736720978035e-005	4.3141051398703762e-007	-1	
155.57936456041725	112.5757704631792	-3.0404863090907479e-005	4.0511002986146544e-007	-1	
153.78751015869972	117.83598039555493	-3.0305456116083334e-005	3.8184687897555977e-007	-1	
151.96745079862441	128.49443800180487	-2.9565364490433535e-005	3.3028211113555841e-007	-1	
155.54268357429854	123.62032456526637	-2.9684816637482937e-005	3.5379676774922905e-007	-1	
148.93104091995568	135.27141943346896	-2.9038298554771328e-005	2.9499094127858527e-007	-1	
163.8389910277325	100.71587074040487	-2.996139009027068e-005	4.4916695019028308e-007	-1	
166.21127382957573	84.37650646873081	-2.9623917880990199e-005	5.0788318042476321e-007	-1	
169.67435637313915	95.867689438793604	-2.9601266168353623e-005	4.6398467926338943e-007	-1	
170.33519259863036	86.65942227550353	-2.9478176744459303e-005	4.9690400275511809e-007	-1	
173.91060696877452	91.543860017488726	-2.9368978819471606e-005	4.7727177910078208e-007	-1	
170.46826668367765	10.857174622178128	-2.6587988202512653e-005	6.7391617116689495e-007	-1	
183.4161325386612	0	-2.6826629826803609e-005	6.6135232565845725e-007	-1	
179.30853816043944	4.5925731711893363	-2.6757182088186341e-005	6.6496795164692457e-007	-1	
178.91650763100193	11.872963996948673	-2.6822818504812354e-005	6.6182052902748685e-007	-1	
170.88671868750822	75.571429817398226	-2.9141277246569131e-005	5.3365032358234116e-007	-1	
173.2630270665006	69.64504370088035	-2.8863101500472057e-005	5.5055851362622208e-007	-1	
177.44909851237821	62.832700152438221	-2.8520939527013813e-005	5.6762373390069978e-007	-1	
169.35695596220532	80.402990080237274	-2.936669278858585e-005	5.1899764259750842e-007	-1	
179.13573392988192	54.912655799329869	-2.8190740861224409e-005	5.8788065170515845e-007	-1	
181.82864636187867	48.803041859340404	-2.7945346726935467e-005	6.0110901784880382e-007	-1	
175.53454210162135	36.568896553290571	-2.7431833847941909e-005	6.3257011434375042e-007	-1	
180.57192945514106	42.245616870944701	-2.7688883453865981e-005	6.1673504120125335e-007	-1	
178.6029996693492	30.723031377286873	-2.7261636059611175e-005	6.4016236757730462e-007	-1	
177.80517799537208	24.169173576152392	-2.7055027261622346e-005	6.5067378650168646e-007	-1	
176.05362782241065	16.871649570614192	-2.6844097763035286e-005	6.6115111261310301e-007	-1	
18.954787115734771	288.60581501078042	-8.9640651120785783e-006	-3.8085756959026852e-008	-1	
26.900724629355246	285.58735606987869	-9.2612883123951711e-006	-4.1302627177828796e-008	-1	
24.645939522689435	290.58519286790323	-9.2177900116659775e-006	-3.854670986733017e-008	-1	
32.073108431678151	283.76832491610537	-9.4693633905489281e-006	-4.3202228940322547e-008	-1	
35.315390348791205	278.66761573738569	-9.5717746287647668e-006	-4.6547618618877567e-008	-1	
19.207238662695428	294.89350722319011	-9.0432694969553572e-006	-3.5658689305036204e-008	-1	
13.410805843122752	299.67597939433597	-8.8738646172073839e-006	-3.2656409000552119e-008	-1	
8.1517853675853864	302.67875365966836	-8.7172985373558704e-006	-3.0457876517396312e-008	-1	
-2.5796326829866625	310.29048706242963	-8.4421665097829293e-006	-2.5887471250805602e-008	-1	
-4.1209055060945943	314.9917056491488	-8.4427170556163234e-006	-2.4602736127833866e-008	-1	
-8.8226586667680458	316.48772761891115	-8.3149306805133673e-006	-2.3186770429723178e-008	-1	
-9.4310721826547983	321.38409336419619	-8.3452177362820756e-006	-2.2305911813797882e-008	-1	
-17.963616816097531	324.75148817894717	-8.1354414847620707e-006	-1.9823524711914969e-008	-1	
-25.158640447927105	324.27204869903704	-7.9367172943871034e-006	-1.8064583565616729e-008	-1	
1.8968331470261657	313.27700177856127	-8.6159349198119964e-006	-2.6387601368710742e-008	-1	
7.9668353233269462	310.34103621779633	-8.7884063722745279e-006	-2.8426077767294861e-008	-1	
-44.405417188760161	319.42996463624513	-7.4087561350365096e-006	-1.3149988567577637e-008	-1	
-48.951675413220741	320.81775518155644	-7.3225132304414995e-006	-1.1870486626010743e-008	-1	
-53.050731407509382	323.09412340857858	-7.2596507485230917e-006	-1.076320797671548e-008	-1	
-59.391698863760325	323.35182111062579	-7.1312748636291699e-006	-9.0989052139479696e-009	-1	
-37.095784403689343	327.19304580414575	-7.6663400825321333e-006	-1.4840116515170522e-008	-1	
-27.460065503411453	329.13673267131003	-7.9249410693454674e-006	-1.7118827371102668e-008	-1	
-46.044092114626864	325.49824038158198	-7.4399359337600633e-006	-1.257645487375176e-008	-1	
-75.559891122780385	339.60424697756963	-6.9936819704505683e-006	-5.8028290388900156e-009	-1	
-66.216031097986928	339.15088192900703	-7.1585273818124946e-006	-7.8044886946182506e-009	-1	
-70.755760784578797	342.10221502674818	-7.1006605046389978e-006	-6.8929632725635738e-009	-1	
-60.605453070180687	337.24845670831132	-7.2504240722369398e-006	-9.019083409002294e-009	-1	
-56.956809685732317	332.58099390936354	-7.2791998417663025e-006	-9.8198323228027464e-009	-1	
-55.764471128494172	326.91769883951469	-7.2452579099416427e-006	-1.0075688393787328e-008	-1	
-93.852868591265164	354.13278974628599	-6.8142341874875305e-006	-2.9036704630919012e-009	-1	
-79.169885741887043	343.84513093914876	-6.9677247155570353e-006	-5.2168128248349286e-009	-1	
-81.800447792049155	348.13733366811573	-6.9580392030427109e-006	-4.8631374637160883e-009	-1	
-82.60864046636884	353.18028227193884	-6.9807723012155838e-006	-4.882725312053512e-009	-1	
-88.828069439153211	355.61195104396023	-6.8990199432570003e-006	-3.843747680419128e-009	-1	
79.313717424463718	236.19350748981304	-1.2343183526887862e-005	-7.3557680548350581e-008	-1	
81.375013631666889	245.16466740412829	-1.2367854577582556e-005	-6.1990992552996193e-008	-1	
84.132694244652001	237.44314215632244	-1.2724478639069562e-005	-6.671509289517989e-008	-1	
83.435645905456937	232.7738023436836	-1.2761184359794119e-005	-7.2691124771339236e-008	-1	
86.111388024622613	229.3288258859051	-1.3082885924303008e-005	-7.2927161150997907e-008	-1	
97.033605663605883	223.50408478020717	-1.4307313235328384e-005	-5.9693894675669398e-008	-1	
97.579988673026406	229.04557656022661	-1.4132414978389032e-005	-5.4531997351623894e-008	-1	
92.867127979678756	232.70915501536075	-1.3589844724326307e-005	-5.9301969068579027e-008	-1	
101.37649552845087	215.80555040313476	-1.5120785012876796e-005	-5.5337588923087543e-008	-1	
105.11928231013663	211.48310062906731	-1.5778406901965915e-005	-4.7998047738439594e-008	-1	
106.72315769003561	205.90308643813717	-1.6355724368994087e-005	-4.4908093389683206e-008	-1	
105.09886760538762	198.26712193451036	-1.6814897456952936e-005	-5.1356378841204217e-008	-1	
60.157980247987453	274.86891003563574	-1.0808759617878875e-005	-4.8461327179729586e-008	-1	
66.126508341097448	273.62686454964614	-1.1134125936226308e-005	-4.7818881327916535e-008	-1	
74.391235326266283	256.83174646394588	-1.173474479281197e-005	-5.6686271633468213e-008	-1	
74.366651824102661	263.57898854354994	-1.1670968929434741e-005	-5.1514665203196233e-008	-1	
70.331411168440567	269.21270587554841	-1.139160372618935e-005	-4.9328482763140632e-008	-1	
80.120138558390266	253.26726223950084	-1.2158484440189972e-005	-5.5913561604189471e-008	-1	
41.422337525392528	279.34078222352508	-9.8684624230906395e-006	-4.6772985726724189e-008	-1	
58.821886043830432	279.68075777830722	-1.0733285818310333e-005	-4.5777393221295189e-008	-1	
56.102065607819128	283.86902749465668	-1.059800044288781e-005	-4.3719122758918547e-008	-1	
49.991633897608807	283.48906937823506	-1.0301802890350071e-005	-4.4413956597818267e-008	-1	
-131.18582385559571	357.19360052948502	-6.3909544833960333e-006	2.4172911306602153e-009	-1	
-130.29240432651156	363.14133390449496	-6.4323256679951928e-006	1.969534954476459e-009	-1	
-138.36928135338499	368.45957115472004	-6.3864663438527421e-006	2.5980593100546246e-009	-1	
-125.68974674067682	359.63631768503558	-6.4578740468293703e-006	1.5989602170501728e-009	-1	
-119.91066397551155	359.36836630048003	-6.5164600884393698e-006	8.5968923212386815e-010	-1	
-112.33386290306585	357.55404330059707	-6.5917322735726082e-006	-1.1133520162150126e-010	-1	
-106.28147750357479	356.82584796322118	-6.6617288151178292e-006	-9.8853725484513282e-010	-1	
-100.12073979138687	358.00990907175731	-6.7502909939458438e-006	-2.0209500137674065e-009	-1	
-166.0772855503597	357.98129275429676	-6.1580722313558565e-006	5.4906948012236893e-009	-1	
-161.82793205630526	360.87377537766753	-6.1937314803833971e-006	5.0319966547733944e-009	-1	
-153.93798329957121	364.20484762634464	-6.254820250139759e-006	4.2494406269458877e-009	-1	
-158.67186439212827	364.65033139015605	-6.2296258973310762e-006	4.5803844384495175e-009	-1	
-150.3455068319644	368.26405604344814	-6.2968006192261343e-006	3.7327687490229865e-009	-1	
-144.34212000475279	370.78871335464243	-6.3493871858422516e-006	3.0799177226909633e-009	-1	
-169.88893562510987	363.29677640699634	-6.1703446122908284e-006	5.3534184982152092e-009	-1	
-189.53755222735597	355.80987477110784	-6.0775490911743932e-006	6.5713690209311303e-009	-1	
-174.83037181510613	364.87416760087319	-6.1598777503125993e-006	5.4973382965290309e-009	-1	
-179.43363607029954	362.48337007804037	-6.1341227450348801e-006	5.8319382332879861e-009	-1	
-188.32595416172333	361.46267305929354	-6.1101109440985252e-006	6.1503481069382973e-009	-1	
-200	356.13008597777207	-6.0722258092625751e-006	6.6457887977843861e-009	-1	
-194.39555622926196	358.94386511522595	-6.0901075393953372e-006	6.4124012228636298e-009	-1	
107.8689736975327	184.90327035050962	-1.8688737226135178e-005	-3.6509163041636297e-008	-1	
110.47668839794022	189.25393836582504	-1.845920286525389e-005	-2.8169933658336534e-008	-1	
109.00012399304238	194.10659183546392	-1.7711163851476631e-005	-3.6524717254792709e-008	-1	
109.68642824369294	174.17302954237954	-2.0687439068279002e-005	-1.3535066064719186e-008	-1	
109.38830946023418	167.99922263153135	-2.1952701995253667e-005	-6.774583527950971e-010	-1	
113.58270358393236	180.35200622423406	-2.012500192139438e-005	-3.9921400625751672e-009	-1	
80.545469782192185	131.07987077339303	-3.2569861590818513e-005	-4.0459499609663509e-007	-1	
79.486444703728125	130.91449045213551	-3.0345964973144364e-005	-4.5241869931242272e-007	-1	
81.869445889035831	130.51932148421847	-3.6664328970662777e-005	-3.3451749459196986e-007	-1	
81.06342223529883	130.64411382063963	-3.4738391377124901e-005	-3.9315604881130348e-007	-1	
85.943069367461817	129.2796515253354	-4.4998738878331794e-005	-3.8869776969935884e-008	-1	
87.619074681514107	129.14639128390351	-4.6024216681096817e-005	4.0337448568517704e-008	-1	
83.798871665144731	129.93710005676894	-4.119710080163219e-005	-1.8678701072518562e-007	-1	
90.823795927816533	128.30715241100188	-4.7563160104276643e-005	1.6522045505487778e-007	-1	
89.530998824070394	127.85077639189115	-4.9154573157040042e-005	1.4756716083074642e-007	-1	
82.427939616799932	129.92490411093502	-3.9246236089972872e-005	-2.9458078781456467e-007	-1	
115.6037545823466	157.24375529461238	-2.5510318422686806e-005	8.0236604935580897e-008	-1	
114.98453246897562	165.37490279242613	-2.3278524880068641e-005	4.1130056615430525e-008	-1	
71.507222283163557	132.96615139004888	-2.3949207858422981e-006	-2.6918162751242561e-007	-1	
71.651455655088469	132.91365473588036	-2.9234090299455449e-006	-2.6020377199833228e-007	-1	
71.856496087056541	132.7573558261025	-3.686377115990121e-006	-2.7385480830427907e-007	-1	
71.598959000919962	132.76942136395544	-2.694219422398949e-006	-2.3972285598103214e-007	-1	
80.658097718378102	128.04756800347846	-4.0840211158531912e-005	-3.0700218663487827e-007	-1	
81.314943095011571	128.08138355272871	-4.2384406729563243e-005	-2.1368846680091526e-007	-1	
79.725274968345786	129.22834088998454	-3.5048053656637836e-005	-6.0961861639882042e-007	-1	
80.143549860133817	128.9952131153162	-3.6899717072905835e-005	-5.0506739748978721e-007	-1	
79.290593750387913	129.83512886979025	-3.2191894009923184e-005	-5.3301286931340622e-007	-1	
79.611823095190005	129.56130566862785	-3.3832253409290145e-005	-5.7291262640637529e-007	-1	
80.617785498177398	128.70404668940691	-3.8976172693487549e-005	-3.9558774416710815e-007	-1	
79.393925442497903	130.24438428986738	-3.1538538382246501e-005	-5.0098371171314472e-007	-1	
83.155045836025991	128.72669032282212	-4.3932784550606561e-005	-2.1148088314663306e-007	-1	
82.393656360131942	129.00381342873112	-4.1905226946544801e-005	-2.9196485821911458e-007	-1	
81.632705045507819	128.63907250494267	-4.1528288454958507e-005	-2.6893217557052012e-007	-1	
92.380168917514808	126.02692854444801	-5.1092709855140981e-005	2.7787593704088933e-007	-1	
92.080934346530626	126.63406735648437	-5.0233115572376401e-005	2.4967225737158109e-007	-1	
91.383269437927439	127.0565728983607	-4.994611042256838e-005	2.1818988199546466e-007	-1	
120.64362066080903	154.27915451420327	-2.6614894187114323e-005	1.2302205053840659e-007	-1	
125.3250113217963	156.81069449667859	-2.6020992869588654e-005	1.2933671799330656e-007	-1	
134.84052382648551	149.10387037057993	-2.7650308678358279e-005	2.010237348060099e-007	-1	
133.59896377398999	160.19546753457982	-2.5360875978542454e-005	1.4206814331860153e-007	-1	
138.06357105262964	154.42088142867613	-2.6477615862588982e-005	1.8160551515872707e-007	-1	
140.29759642010501	148.61848789916183	-2.7498118269364178e-005	2.1529976020875752e-007	-1	
145.93443392844483	142.98976198039102	-2.8132932391427095e-005	2.5282996060016793e-007	-1	
92.448018456532466	125.60625348388243	-5.1784117078966135e-005	2.9397945655060352e-007	-1	
92.43595291867949	125.34871639774582	-5.2263247341674768e-005	3.0051368138759401e-007	-1	
90.76894059496648	125.95545926373231	-5.3006165574471377e-005	2.3309994706852455e-007	-1	
91.530330070860529	125.67833615782334	-5.2804132102165176e-005	2.5337487693060006e-007	-1	
90.573354298728191	126.96021562095818	-5.0762940400836839e-005	2.0195747733141725e-007	-1	
92.291719546754578	125.40121305191434	-5.237225264781841e-005	2.860267946677726e-007	-1	
91.911024808807554	125.53977460486884	-5.2617117226295221e-005	2.6644838753300388e-007	-1	
162.39872978746101	111.62902856948949	-2.9808109623567222e-005	4.0521597272758968e-007	-1	
165.39507824085877	106.47285292694285	-2.9748947679703121e-005	4.251110920939302e-007	-1	
158.87039219362009	117.05345824228061	-2.9853819766840368e-005	3.8326876251005791e-007	-1	
153.71265357104855	133.34509052433881	-2.8871862617118969e-005	3.06782317108313e-007	-1	
158.5430678813527	128.867892116283	-2.8960469720357208e-005	3.2911190196371266e-007	-1	
160.52671624097943	121.92219743753644	-2.9383430580887012e-005	3.6075511356722473e-007	-1	
154.10618855714679	138.77058970856604	-2.8190430063116551e-005	2.8101299977151437e-007	-1	
170.6014412740972	101.97680278127336	-2.950561806888756e-005	4.4024037079287053e-007	-1	
175.67700954403614	97.333604564156701	-2.9291185472147367e-005	4.5533103747915917e-007	-1	
175.12428062576561	84.952306249178605	-2.9249139897512432e-005	4.9979610068844297e-007	-1	
178.58470477905195	88.677232280435874	-2.9174659607119825e-005	4.8513771982716934e-007	-1	
187.52372691688296	0	-2.6886896223610075e-005	6.5820866287746661e-007	-1	
185.46992972777207	4.556325926749702	-2.687060514555859e-005	6.5907919006336259e-007	-1	
185.42686907188858	11.172507349256096	-2.6926804725317137e-005	6.5624341161650847e-007	-1	
181.74203987597602	17.779893244780574	-2.6974214871305796e-005	6.5408674493948214e-007	-1	
175.28914851675157	79.62327772431442	-2.913026113219066e-005	5.1762656804178218e-007	-1	
179.58536801520944	70.537735608765871	-2.8763174008837804e-005	5.4375877738588529e-007	-1	
182.97759104423471	65.448555654700556	-2.8548806125474921e-005	5.5690466570967078e-007	-1	
185.58135157961138	59.914356457172104	-2.8342232093610455e-005	5.7106743435530009e-007	-1	
187.74118041797084	52.04681962877698	-2.8060184887837247e-005	5.9016112344171877e-007	-1	
187.516744312849	45.306657789721612	-2.7825921391407516e-005	6.0578441772964286e-007	-1	
184.26830024699095	34.418903484415054	-2.7442726203482405e-005	6.291309112430354e-007	-1	
187.58994320363749	39.356342231838525	-2.7625064465283864e-005	6.1797285397319823e-007	-1	
184.45018891246741	27.657097676744485	-2.7244038860537298e-005	6.3985782392083292e-007	-1	
184.27788103083589	22.394476635360132	-2.7109131114911067e-005	6.4696652758446367e-007	-1	
31.348867984253687	288.79304620325138	-9.4815279398955353e-006	-4.0556171631136069e-008	-1	
30.775031226836415	293.83715758336791	-9.4982610007005455e-006	-3.8191919546670564e-008	-1	
24.135456775780053	298.09973180744663	-9.2651036335425758e-006	-3.544039573208271e-008	-1	
37.565705718092623	286.29042745271761	-9.7355853297967243e-006	-4.2569992259885081e-008	-1	
21.170229930662813	303.17660482258322	-9.1943736524000758e-006	-3.3134800237963478e-008	-1	
15.986353195982101	304.31708037592597	-9.0132210117676825e-006	-3.1780292301633175e-008	-1	
11.462765122384818	306.64501245422997	-8.8735455186221635e-006	-3.0142612827924482e-008	-1	
-1.4288193420909552	319.14256702974745	-8.5653242862602511e-006	-2.4498293650518907e-008	-1	
-11.770632238540648	327.70747939272968	-8.3356724366759018e-006	-2.0929598258633762e-008	-1	
-5.0285076409040848	327.65739914818892	-8.5298086928815256e-006	-2.2375852724727349e-008	-1	
-21.950484338559299	328.5928636469406	-8.0639856470186715e-006	-1.8475972059929865e-008	-1	
-17.289494476482027	331.5805804396395	-8.2150808850009846e-006	-1.9267746665049294e-008	-1	
6.0156434779470391	319.48785109423602	-8.8034872796100846e-006	-2.6002440678025179e-008	-1	
12.310372218738101	315.49841030084445	-8.9781912812869043e-006	-2.8080333025264694e-008	-1	
15.596463719877264	309.61059042924211	-9.0438926332565915e-006	-3.018124132500071e-008	-1	
-50.69503767966053	327.64086143648154	-7.3604830443913394e-006	-1.1355134395256718e-008	-1	
-41.855128617990104	330.18458339697816	-7.5848964191898521e-006	-1.3520782717632416e-008	-1	
-37.029600037897303	333.06814516018608	-7.7250086562157213e-006	-1.4581042697170588e-008	-1	
-31.42839562558029	336.23831347075895	-7.8895287579043081e-006	-1.5732707053939526e-008	-1	
-25.135269708994045	337.58739619020605	-8.0582735396838642e-006	-1.7050052065519432e-008	-1	
-47.279132630019738	331.66134844159888	-7.4765449065141079e-006	-1.2157570031023279e-008	-1	
-65.87754454810225	344.63870497141204	-7.2114185650820288e-006	-7.972391490263468e-009	-1	
-70.56432088220248	347.51357931359155	-7.1473816559961764e-006	-7.0656067143734003e-009	-1	
-76.136247364794116	348.6565542981798	-7.0577425037605305e-006	-5.9796217918444796e-009	-1	
-54.719107612715852	337.91834078919709	-7.3756135740408334e-006	-1.0354225502064208e-008	-1	
-58.564008248494062	345.50698153115189	-7.3606269335450111e-006	-9.5257187783267232e-009	-1	
-52.101263727931311	332.29698796260561	-7.3780050241472346e-006	-1.0985004457774877e-008	-1	
-94.359239701941647	360.31915155461928	-6.8450522931433395e-006	-3.0640543470645599e-009	-1	
-84.185770604712587	358.03797375517991	-6.9869068338248141e-006	-4.7506336039801231e-009	-1	
-77.462609087895927	357.53589321649144	-7.0950349853882469e-006	-5.9624582733258824e-009	-1	
-88.897839636441162	360.84947496115365	-6.9293388970565249e-006	-4.009902571294407e-009	-1	
84.923008457488464	251.25195682356386	-1.2521421533784372e-005	-5.3651455570152923e-008	-1	
86.471348903125318	244.19866429560972	-1.2770988753080628e-005	-5.7813608312131189e-008	-1	
88.845016063465366	239.58656071733856	-1.3058723553730795e-005	-5.9105305805246767e-008	-1	
88.163130574706813	234.45477231250408	-1.3134057737379517e-005	-6.4558384165834444e-008	-1	
102.28111728141444	225.36695551162433	-1.4703878725440968e-005	-4.8279790849584937e-008	-1	
100.58462951173273	234.20357970506885	-1.41723738869595e-005	-4.6607281599831439e-008	-1	
94.009831689018569	238.51231137934352	-1.3499204151856486e-005	-5.3341926389427922e-008	-1	
106.97104486496319	216.98582268690106	-1.5597154824298428e-005	-4.1903939570592978e-008	-1	
113.5400543343367	210.88299133567156	-1.6643773984131417e-005	-2.6183798443981398e-008	-1	
113.72121005484014	202.44280678481607	-1.739643430650484e-005	-2.3262539185729318e-008	-1	
66.209762464222592	281.26957288566138	-1.1104845482299329e-005	-4.334561291641671e-008	-1	
71.743247665766702	275.99714806564674	-1.1421268047847386e-005	-4.4613810069396712e-008	-1	
79.753762822930213	258.04906072494401	-1.2069799946689767e-005	-5.2454100031551812e-008	-1	
80.457881434327916	262.79290356761959	-1.2050413782055857e-005	-4.8724292205054322e-008	-1	
77.257859780773387	268.99765298279624	-1.1786654240231892e-005	-4.6526603963919629e-008	-1	
84.101789588275238	256.02557581450759	-1.2381382278320229e-005	-5.0856125421171363e-008	-1	
45.321907875498169	288.02608461995248	-1.0098571787592257e-005	-4.2042346003464052e-008	-1	
61.497474618989436	283.89742141173986	-1.0860543570871748e-005	-4.2916057761626622e-008	-1	
58.777815422920384	288.05505233193958	-1.0721876173209094e-005	-4.1202767942670667e-008	-1	
53.758795351564935	288.31506548631529	-1.0488156752836689e-005	-4.1611091798271127e-008	-1	
-125.11357651230351	365.16745101910686	-6.4928552324716097e-006	1.2412499639176838e-009	-1	
-130.28464155472798	370.75318510303487	-6.467506624495642e-006	1.6110609457627352e-009	-1	
-134.74550241857207	374.60101950845512	-6.441793959630697e-006	1.9565467647571648e-009	-1	
-140.60275801697929	375.23162724154986	-6.3947647596972893e-006	2.5393579491667388e-009	-1	
-119.60608290461523	365.93746546871859	-6.5544352393034418e-006	4.9585577402841534e-010	-1	
-115.00342531878049	362.43244924925921	-6.5882688153260909e-006	2.8243259954599244e-011	-1	
-109.22434255361523	362.16449786470366	-6.6556157371403636e-006	-7.902032443350018e-010	-1	
-104.51114065001272	364.67224176841006	-6.7288776240542933e-006	-1.6062340400467319e-009	-1	
-99.191994518892088	364.21427222085981	-6.7976735707470837e-006	-2.4173218969774707e-009	-1	
-163.39754435719473	365.53847854520387	-6.2095301482381104e-006	4.8469157363756065e-009	-1	
-155.48281895144129	368.70168749351802	-6.2661171665613023e-006	4.127613948210221e-009	-1	
-160.24776639146347	369.17162528981021	-6.2413920609634912e-006	4.4479798301275066e-009	-1	
-155.43063568770586	373.85734205972011	-6.2864023768555251e-006	3.8897404842992571e-009	-1	
-148.00867918179861	375.29189619384641	-6.3395550468299864e-006	3.2255846723273676e-009	-1	
-166.74304152194927	368.99224536157539	-6.2091443007282253e-006	4.8647422053989613e-009	-1	
-175.02756465416277	370.27449824532425	-6.1825002782771569e-006	5.2151217437199172e-009	-1	
-179.28093936009412	367.53845045481802	-6.1584151284793173e-006	5.5240249847909147e-009	-1	
-187.17759154895637	366.97183273107902	-6.1382188749743509e-006	5.7894550427549302e-009	-1	
-193.88339393632592	365.49536513453916	-6.1233035904504691e-006	5.9841064933904547e-009	-1	
-200	362.37528941688294	-6.1058826865224308e-006	6.2097014487824958e-009	-1	
115.51113132058457	188.63517136860716	-1.9133896522050555e-005	-7.0563772990839975e-009	-1	
115.82633313601647	195.6200321983782	-1.8313623400406857e-005	-1.270843760284295e-008	-1	
116.01547083640878	173.46416491819789	-2.1632683698305048e-005	2.2068069177329615e-008	-1	
119.78475225176157	178.66900922001867	-2.1077597209094065e-005	2.6876811513409965e-008	-1	
120.93465232572704	185.06147484446765	-2.0184727062663678e-005	1.9081576084796123e-008	-1	
80.059246040409519	130.55462837980181	-3.2611915970327557e-005	-4.6298117883421355e-007	-1	
80.443933949271127	130.3713627820961	-3.4009655131330267e-005	-4.5602666193007749e-007	-1	
81.407271417459995	129.84727831935732	-3.7561476816540727e-005	-3.9331445862256005e-007	-1	
80.82063658479467	130.0122799868974	-3.5835080802710089e-005	-4.4715956419717508e-007	-1	
81.632266884237879	129.28093653464009	-3.9664327737034294e-005	-3.786357448734343e-007	-1	
120.88726683634673	159.74847207258728	-2.5152708196867383e-005	9.5876236278773843e-008	-1	
119.15417590284164	168.95382655380632	-2.2866680791949166e-005	5.0587193982824009e-008	-1	
122.00753527798557	164.72520651851357	-2.4011849363615866e-005	7.9365733070123484e-008	-1	
81.095223061525303	128.98993250764877	-3.9349606158568088e-005	-3.7317439527467262e-007	-1	
79.912757906356376	129.74344602870167	-3.4260582916576452e-005	-5.7904539927048634e-007	-1	
80.158229454639994	129.47384340471214	-3.5660589780997925e-005	-5.3315914194017306e-007	-1	
80.545297449592724	129.25579193023802	-3.7278267106233803e-005	-4.6513742018924172e-007	-1	
79.707717474388303	129.89974493847953	-3.325990057321284e-005	-5.4280124468609793e-007	-1	
79.847985364705622	130.1391640026236	-3.3053223064433891e-005	-5.12467291341007e-007	-1	
92.169157453146966	125.65673234183092	-5.2046783004420121e-005	2.7718381319403303e-007	-1	
91.860783985258323	125.99399495121706	-5.1742615714519931e-005	2.5876586725344832e-007	-1	
91.30533460408266	126.2446779425406	-5.1790698298252044e-005	2.3764440999193954e-007	-1	
127.09096022534087	164.29896957594872	-2.4359588960986245e-005	1.0199389821607765e-007	-1	
133.31522303890006	166.95794348944872	-2.4059027239078951e-005	1.1367591540143922e-007	-1	
139.22727255026572	159.93378763808437	-2.5428648979694533e-005	1.5897613775278862e-007	-1	
139.38200809220925	167.13342200757211	-2.4158805504518983e-005	1.3066179531036397e-007	-1	
144.02013303889851	152.63818422566894	-2.6635221903357439e-005	2.0255580982876327e-007	-1	
144.02030248173452	157.86043663845905	-2.5742246360060985e-005	1.7891467814704358e-007	-1	
146.81060688782981	148.17771471115907	-2.7258438808108999e-005	2.2823872392480556e-007	-1	
154.6917819847589	144.17873093461324	-2.7446658380770672e-005	2.5609197260741269e-007	-1	
163.94071572702629	117.91360356015917	-2.9383497871135957e-005	3.7767702028794024e-007	-1	
170.60240428729389	112.94763022614477	-2.919014580082794e-005	3.9655777543017947e-007	-1	
174.59030696057084	108.70312239625171	-2.9124457684199717e-005	4.1222944913087616e-007	-1	
158.41708756723182	135.45290061701726	-2.8292159387455728e-005	2.9861632457801323e-007	-1	
163.65140756671019	132.25933105411451	-2.8299538995000455e-005	3.1470152694728852e-007	-1	
164.72114118871417	125.10512324915932	-2.8839714591268407e-005	3.4622172053301076e-007	-1	
159.21779417064323	140.9528797869049	-2.762703016405179e-005	2.7424028588115379e-007	-1	
176.33244105155947	103.14576841629251	-2.9183919024766639e-005	4.3318613256307132e-007	-1	
182.99360178011656	91.937043955500044	-2.9048173956281946e-005	4.7188617373319713e-007	-1	
182.89579150284248	99.462588317131022	-2.9003893066756302e-005	4.4479725728318812e-007	-1	
179.95545288105532	83.36820274918108	-2.9064986673958236e-005	5.0258894451140153e-007	-1	
184.48410748500402	86.585553440245675	-2.8991308710439069e-005	4.8993378904550306e-007	-1	
191.63132129510473	0	-2.6931307743353238e-005	6.5587578208141137e-007	-1	
190.33176123379832	3.3984039726517778	-2.6924570220243384e-005	6.5623452348409811e-007	-1	
191.48035195317451	8.5021036641211936	-2.6967363809970015e-005	6.5399886310163729e-007	-1	
189.83801192779163	16.103788069354991	-2.7047326126113257e-005	6.4982946297080251e-007	-1	
189.35590862342696	21.002174225616692	-2.7133357678668814e-005	6.4529641340059396e-007	-1	
181.09687675844606	77.166299908012107	-2.8918306798171232e-005	5.2231623509545943e-007	-1	
185.49697411524613	70.8030085056768	-2.8679969310641817e-005	5.4010748520985619e-007	-1	
191.24473592914214	62.25238295166308	-2.8385894303331357e-005	5.6269803051217179e-007	-1	
190.89084790353832	68.369167519128723	-2.8563547203821623e-005	5.4555820677657519e-007	-1	
192.92518080003279	56.360320900449693	-2.8196099108610278e-005	5.7783043181974447e-007	-1	
194.06529448619375	46.992515741783357	-2.7889311353173702e-005	5.9988988940145341e-007	-1	
194.04556847976397	40.286475038116016	-2.7673344356365184e-005	6.138504751981356e-007	-1	
189.4371970438217	29.448727526878375	-2.7335920252038721e-005	6.3423402802353786e-007	-1	
191.03204019853828	34.502108863561595	-2.748993784600139e-005	6.2524497443422704e-007	-1	
192.26888101517915	24.969692641052859	-2.7243981460839602e-005	6.3910239750982782e-007	-1	
35.613684001527503	291.5468967035489	-9.6857845505373659e-006	-3.9786860224793332e-008	-1	
34.962981018218827	296.428612183501	-9.6886766286668695e-006	-3.7596937583229994e-008	-1	
28.911200326500367	301.52894212362429	-9.4781659115246885e-006	-3.4906146502942477e-008	-1	
25.78117564260646	305.83156978376542	-9.3866820227389114e-006	-3.3011914469845236e-008	-1	
40.777573663256348	290.13547928366739	-9.9027212260323751e-006	-4.0836769141565787e-008	-1	
24.074120764198153	310.47834143525927	-9.3549554810950049e-006	-3.1335472423113809e-008	-1	
2.0434831550434653	324.70377659515503	-8.7191239078599456e-006	-2.4271766793531232e-008	-1	
-11.100676996440608	334.53063386950123	-8.409330168113595e-006	-2.02759569816513e-008	-1	
1.7397238213710615	331.25294957570708	-8.7577011394387639e-006	-2.3168858213294075e-008	-1	
-4.2469794659062376	334.35426153535457	-8.6029182947173428e-006	-2.1639633139430364e-008	-1	
-16.370719540424485	337.61979585021959	-8.2878743545759907e-006	-1.8904061790553212e-008	-1	
12.952972757930926	322.21048037954023	-9.0481505970843097e-006	-2.6711028880517793e-008	-1	
8.6026664678143447	328.28963109208968	-8.9491057606416098e-006	-2.4826666399333624e-008	-1	
19.978429568548528	313.25895949045895	-9.226189627103009e-006	-2.9940598117703454e-008	-1	
17.490108050538339	318.38930816562453	-9.1745266494894355e-006	-2.8262911179906656e-008	-1	
-42.831463537243017	337.29789013383203	-7.6287281143770911e-006	-1.3079296060861504e-008	-1	
-37.386233685673218	338.672984626301	-7.7662037774728078e-006	-1.4275669454697416e-008	-1	
-28.883020952003005	341.5497123875943	-7.9949562027699706e-006	-1.5992766928687136e-008	-1	
-34.07773879118762	343.21118631119862	-7.8809579264402179e-006	-1.4814854886019045e-008	-1	
-24.162435018438337	344.28131584918816	-8.1326050559727395e-006	-1.6802201078278469e-008	-1	
-18.520674934288721	343.33765925912587	-8.2717491897569133e-006	-1.7994958879651994e-008	-1	
-48.784967232872219	337.42261786860399	-7.497452179697447e-006	-1.1719705991606756e-008	-1	
-66.004876218596237	349.68887783348652	-7.2473508323419301e-006	-8.0219003571408495e-009	-1	
-72.3014077927443	353.19826865465348	-7.1565983613949932e-006	-6.8393005015936841e-009	-1	
-51.262813255489498	343.52682521366251	-7.4951979186978562e-006	-1.10973491962866e-008	-1	
-54.127109334710617	347.41613911462611	-7.4653685516066972e-006	-1.0466103298831022e-008	-1	
-57.691970471043419	350.67539052075205	-7.4162058019305652e-006	-9.7249102549930092e-009	-1	
-92.058825827994227	365.01550529450878	-6.9038262221577873e-006	-3.6022235297901635e-009	-1	
-80.488845279635669	362.27739967954437	-7.0712863151653662e-006	-5.5230279355706166e-009	-1	
-86.000597795408069	365.5093165148478	-6.9991467041253063e-006	-4.6379039271206871e-009	-1	
-74.206506563577491	362.95057102339695	-7.1819770135168319e-006	-6.6679346621874273e-009	-1	
-71.210357657703852	358.47363417706464	-7.2095271156427951e-006	-7.1465125904367478e-009	-1	
89.2807541941404	248.39905176347858	-1.2884671569174946e-005	-5.1734272518983373e-008	-1	
89.650221066616183	253.43884414011043	-1.2795843435057849e-005	-4.8051043741037906e-008	-1	
91.651800402785469	243.93652413377328	-1.3164123096144172e-005	-5.2412516931617537e-008	-1	
107.87508909072267	222.99447415283134	-1.5325799230648073e-005	-3.8102941459804674e-008	-1	
106.54785874400496	228.92403130390991	-1.4892786681692476e-005	-3.9113719931833752e-008	-1	
106.07620020335514	234.45895760167446	-1.4590272933742206e-005	-3.8018744798210262e-008	-1	
105.94335470785568	239.95485776502227	-1.4344343320166745e-005	-3.6375936789069795e-008	-1	
98.24826409657156	242.63760970537734	-1.3686294642399706e-005	-4.5371253810283954e-008	-1	
114.60205933239283	218.91001810748213	-1.6149875057048222e-005	-2.44493886913817e-008	-1	
118.61310685654405	210.04104368290007	-1.7169605569473846e-005	-1.2890507164673672e-008	-1	
116.75364537260019	214.54158844717236	-1.6647999976444218e-005	-1.9004618035893773e-008	-1	
119.38306267166045	204.95656673970814	-1.769421905360264e-005	-8.1187944321302812e-009	-1	
120.83715948645967	198.93484218451593	-1.8429497005177179e-005	5.9859233904700406e-010	-1	
71.704785340247867	286.58207187863752	-1.1342775636307251e-005	-3.9262120063108577e-008	-1	
65.111897776981394	287.9033157996783	-1.1021339789548422e-005	-4.0217660031203781e-008	-1	
77.752387510098458	277.89480536537098	-1.171908307351753e-005	-4.1380549252105272e-008	-1	
86.85953998735728	260.00761692908861	-1.2487021606714579e-005	-4.6252630165533047e-008	-1	
85.961695753201013	267.08791018364712	-1.2309891447670586e-005	-4.2925784195142581e-008	-1	
82.241711336116794	270.9228794338984	-1.2043056479074249e-005	-4.2961591187587791e-008	-1	
52.099417708972354	293.05897053978981	-1.0415780992981699e-005	-3.944254564389085e-008	-1	
45.189090544758848	293.68964938826059	-1.0110849595137076e-005	-3.9314372110017758e-008	-1	
60.438293286626518	292.73749339141978	-1.0789719822754443e-005	-3.8781523069234468e-008	-1	
-122.90198720456833	369.43021527260998	-6.5350497410556831e-006	7.7538904900753046e-010	-1	
-123.59460418628117	374.38412698333605	-6.5474480335458817e-006	6.7616983625361563e-010	-1	
-129.5678280216311	377.41114354439617	-6.4983373754102018e-006	1.2887319491034687e-009	-1	
-137.15642273193748	379.72493086682914	-6.436788692065302e-006	2.0457443077498867e-009	-1	
-144.6048973282787	381.86955305170829	-6.3832805005052758e-006	2.7078896244273728e-009	-1	
-114.5532700531426	367.43859667383958	-6.6184173557538674e-006	-2.5191208747953576e-010	-1	
-118.26060566153522	370.66304280273118	-6.5902965205569092e-006	1.2636781188846824e-010	-1	
-109.53801886066326	367.1048193885901	-6.6766818649720807e-006	-9.492566321858572e-010	-1	
-101.44539665462896	369.04308441319461	-6.7900224997269929e-006	-2.2279310991246003e-009	-1	
-106.40817717011302	370.94008477407158	-6.7329447468799222e-006	-1.5406051622606537e-009	-1	
-96.116933988476319	368.99079684677201	-6.8639227461118276e-006	-3.0607007094398449e-009	-1	
-162.12540055814708	373.57617470770305	-6.2488215015858929e-006	4.3673510970180658e-009	-1	
-154.54676273566437	379.23393150078567	-6.3089774490283103e-006	3.6217277649120959e-009	-1	
-159.95280563762162	379.91484673436929	-6.279896553835916e-006	3.9881777052854842e-009	-1	
-150.85961315220786	383.24564851004055	-6.3428245409365043e-006	3.2105460811747372e-009	-1	
-168.6208157686776	375.22193076287761	-6.2244243652700911e-006	4.6830131566700028e-009	-1	
-180.73850044331118	376.01111155019623	-6.1862896414128197e-006	5.1752053764196311e-009	-1	
-175.86200060086549	378.91287200323688	-6.2093874184182887e-006	4.8816615784383999e-009	-1	
-183.10159649677891	370.85201846300646	-6.1624244051997058e-006	5.4780573486986732e-009	-1	
-189.36387334731373	372.15736538238878	-6.1559906842118147e-006	5.5639478434485849e-009	-1	
-200	368.6204928559938	-6.1345018344554174e-006	5.8413214362985629e-009	-1	
-195.08785374106432	371.60960792715304	-6.1479856564784651e-006	5.6680551853737404e-009	-1	
122.35691665044311	193.12221075623705	-1.9236907180620389e-005	1.1901455116825922e-008	-1	
123.90209810554914	171.72002546429539	-2.2682492168682332e-005	6.273102153004756e-008	-1	
125.84424442282898	180.80920575844522	-2.1241828859691821e-005	4.5803707489531529e-008	-1	
126.46739230295729	186.48907805461022	-2.0450347139657144e-005	3.5921642970342906e-008	-1	
80.121553470302771	130.09271983259464	-3.3906011986731537e-005	-5.0792611893141122e-007	-1	
80.367620576789179	129.95214048342012	-3.4907893598876084e-005	-5.0053456933350075e-007	-1	
80.870877408343844	129.55805964054906	-3.7225468618455134e-005	-4.6605085995718293e-007	-1	
80.49018267039682	129.69662119350357	-3.5920123422210415e-005	-5.0823406896019833e-007	-1	
79.965254560524883	129.88767940062658	-3.4025013703864446e-005	-5.5635215096413752e-007	-1	
80.109487932449795	129.83518274645806	-3.4556880736308922e-005	-5.478994405215444e-007	-1	
130.36815300604977	172.81694268640402	-2.2868498571522607e-005	8.3446360834941844e-008	-1	
136.92522759458623	172.68327814803897	-2.3169748131467239e-005	1.0453028105154918e-007	-1	
143.90053737182194	163.0813155501032	-2.4876209389401834e-005	1.5703250941474033e-007	-1	
142.5121431044544	171.83775862259358	-2.3457351772816638e-005	1.2189613322670157e-007	-1	
148.85727719369078	155.24915348731994	-2.607002617124868e-005	1.9916483236264762e-007	-1	
150.06802674384167	160.61098242774099	-2.5236004285921306e-005	1.791338925110779e-007	-1	
153.84570068488719	150.80552273765653	-2.6577860157099603e-005	2.2552996303615786e-007	-1	
161.30990544166787	148.67622811671089	-2.6599053503042431e-005	2.4241590691041229e-007	-1	
171.24375295125384	120.75918201322565	-2.874626563544409e-005	3.6418140268672945e-007	-1	
174.17357928978194	116.58653158322254	-2.8827155906575949e-005	3.8084503734262501e-007	-1	
178.47830940996224	112.86136645129119	-2.8793972949207685e-005	3.9482721063930488e-007	-1	
180.28040870091013	107.46136693154031	-2.8918995830689292e-005	4.1544053302772942e-007	-1	
167.63705965784874	136.91889861113532	-2.7641003509663007e-005	2.9581838004283113e-007	-1	
164.8932180156975	141.99512123164092	-2.7238692099166144e-005	2.7303371250297406e-007	-1	
171.30541046667014	129.74671667187499	-2.810710715970071e-005	3.2668731721320346e-007	-1	
174.30758830158311	125.23214189558686	-2.8300391707561281e-005	3.4552825164891121e-007	-1	
186.57581541732236	95.462911699375439	-2.894280641420257e-005	4.5825891071006745e-007	-1	
187.98855470459077	90.444931964785425	-2.8934469688431477e-005	4.7562448073147671e-007	-1	
185.12762335464913	104.61930534755398	-2.8836224397438693e-005	4.2501995280766102e-007	-1	
188.3106122264725	100.18037690018474	-2.8851791582603894e-005	4.4083420441455117e-007	-1	
187.37903728727241	77.714849276103962	-2.8815405397172833e-005	5.1814545522918053e-007	-1	
191.31222142267092	83.906161309400645	-2.8847411999142322e-005	4.9695829204577003e-007	-1	
193.60674266513476	1.8133164234357795	-2.6947698247497725e-005	6.5501180990406901e-007	-1	
195.73891567332652	0	-2.6958132954444866e-005	6.544601315776168e-007	-1	
193.80331256618518	4.4875950765821413	-2.6957911951882844e-005	6.544751618693161e-007	-1	
195.59559201638254	9.4631947020138494	-2.7003502665192048e-005	6.5205986052506063e-007	-1	
195.41255107532024	6.9539735582365552	-2.698187027574494e-005	6.5320728531131807e-007	-1	
193.96147264267213	13.360443813042552	-2.7040202817489473e-005	6.5012207643739772e-007	-1	
194.78973453446702	16.200272277104393	-2.7084502557580207e-005	6.4773778716507467e-007	-1	
193.85357543147668	19.002773361431796	-2.7126394090740714e-005	6.4549540228063128e-007	-1	
200	62.605524339560574	-2.8374887346578583e-005	5.6052367996405076e-007	-1	
200	68.850727778671455	-2.8541345708237465e-005	5.4287995909738037e-007	-1	
195.0559630818633	72.259943886610358	-2.8631955169943097e-005	5.332067666579768e-007	-1	
200	56.360320900449693	-2.8188444258016156e-005	5.7695786755238819e-007	-1	
200	50.115117461338805	-2.7990071477202884e-005	5.9203221165944613e-007	-1	
200	43.869914022227917	-2.779124659644808e-005	6.0585367308642878e-007	-1	
200	37.624710583117036	-2.7599921933680105e-005	6.1804504707604258e-007	-1	
194.84330332950748	29.731889131536231	-2.7369656056950578e-005	6.3193143444181253e-007	-1	
196.96405204465279	20.960858510467041	-2.717617276509494e-005	6.4270960888502197e-007	-1	
200	25.134303704895274	-2.7269197750945626e-005	6.3749120032612429e-007	-1	
39.683501892864335	295.02460254260569	-9.8791081472285329e-006	-3.8528970631296499e-008	-1	
34.339591322180546	301.82945685764389	-9.6933215015787064e-006	-3.5401549032235798e-008	-1	
39.574673583948311	303.29630777708633	-9.9099366173439529e-006	-3.5225949311841004e-008	-1	
29.007056279961677	310.06280523185069	-9.5328526760629418e-006	-3.204877997215059e-008	-1	
35.343168946305262	308.32299850462363	-9.7641258033289596e-006	-3.3217557338513575e-008	-1	
23.394967684553151	317.8239883849626	-9.3738424020385487e-006	-2.9229060546204249e-008	-1	
29.268329611393721	317.92035751940836	-9.5820879023084492e-006	-2.9854180288815956e-008	-1	
-7.4101199475446755	340.30852844357838	-8.5527432063103085e-006	-2.0366194742860184e-008	-1	
-12.862035466094962	342.20221544587059	-8.4148528572248577e-006	-1.9173940069352326e-008	-1	
0.76473936427827827	336.69981645848043	-8.7642809080457456e-006	-2.2233566582853519e-008	-1	
6.159264454458091	334.85473765169428	-8.9139933698992276e-006	-2.3369434979746885e-008	-1	
-2.0907239103664992	341.29496093327447	-8.7095717538867443e-006	-2.1185809013141677e-008	-1	
21.110213215261489	322.43502526483911	-9.320816278144994e-006	-2.7845214789233398e-008	-1	
14.994640709619778	328.26765872164094	-9.1515667391902888e-006	-2.5805297492337438e-008	-1	
11.823491256066507	335.50416162089465	-9.0908855541694849e-006	-2.4115800420235437e-008	-1	
-40.13398103753525	344.15128116555127	-7.7460887674937015e-006	-1.348776845754162e-008	-1	
-45.608205341543922	346.90713253146828	-7.6438115940986055e-006	-1.22594917526222e-008	-1	
-26.35035884864995	349.56647752318293	-8.1125091662452222e-006	-1.607363941609126e-008	-1	
-36.321036516860829	348.73719228751366	-7.8664371037298987e-006	-1.4129038169869945e-008	-1	
-19.620449307326066	347.75842821537992	-8.2715888581634356e-006	-1.7463273168989952e-008	-1	
-15.231276804303953	346.53864685182174	-8.378861935991619e-006	-1.836436132091363e-008	-1	
-67.300135833455116	354.76822771118475	-7.258370981703573e-006	-7.8402426833568885e-009	-1	
-62.317049282017919	353.14146987092624	-7.3422405270702579e-006	-8.8020012617006282e-009	-1	
-52.761099584542336	352.45286447829318	-7.5293797799551015e-006	-1.0714722543398161e-008	-1	
-57.243090661240679	356.90460819545751	-7.4654583806134968e-006	-9.8128346454643728e-009	-1	
-90.529506288554742	370.01638763544753	-6.9500770822801217e-006	-3.9887479427355469e-009	-1	
-80.069945297269243	367.88672333147804	-7.1061525430755462e-006	-5.7119487330340768e-009	-1	
-84.815954200508628	371.32753486536018	-7.0442268365529319e-006	-4.9681363638356544e-009	-1	
-67.926310263446823	363.64344462896486	-7.2979572221028326e-006	-7.8232163073709596e-009	-1	
-71.976887263872868	371.54957490541875	-7.2610827851786727e-006	-7.1791920996486974e-009	-1	
-62.987842913704561	359.53217126658018	-7.3684831816496841e-006	-8.7144151064157943e-009	-1	
94.180576990385674	248.14128300189611	-1.3231519066888129e-005	-4.6943705874332159e-008	-1	
95.405585597146796	252.89249990732296	-1.3187415077796244e-005	-4.3066262695504868e-008	-1	
93.825282925614431	258.45355703401549	-1.294739258108261e-005	-4.1728275175652815e-008	-1	
116.02298624037724	226.65055274927994	-1.5756565523907454e-005	-2.2363687756414908e-008	-1	
110.60096189377205	232.72274500172941	-1.5011186300546734e-005	-3.1326923849650807e-008	-1	
110.60931690022387	237.56916973973367	-1.477529811213147e-005	-3.0445498300681634e-008	-1	
104.32388376623281	245.51638680431333	-1.4012673486873132e-005	-3.6619771138706982e-008	-1	
111.50695925195517	244.59148582189144	-1.4520266033205952e-005	-2.805627910812753e-008	-1	
99.83050319709848	249.17190625393533	-1.3586186026641562e-005	-4.0329159548927925e-008	-1	
120.76234620513375	218.21980380202982	-1.6681566340384245e-005	-1.148331401616886e-008	-1	
123.13364796966975	212.49246078074819	-1.7317980537479272e-005	-3.5797318884220371e-009	-1	
125.2608433314596	203.00022866036059	-1.8366802376093231e-005	8.9719091243109524e-009	-1	
126.10495200382655	197.20715521751794	-1.9056371749144707e-005	1.7902311681886626e-008	-1	
71.776087737278289	292.26768864670049	-1.1307247415677896e-005	-3.6809104158011557e-008	-1	
78.388753244190823	289.34150480198423	-1.1636021515016129e-005	-3.6102095552452473e-008	-1	
81.618087245942689	282.8714739748151	-1.1859130484163284e-005	-3.7612371943995014e-008	-1	
66.274245577968159	293.70332610760033	-1.1049562916390181e-005	-3.7408610349207778e-008	-1	
83.775159483142986	276.04086829614732	-1.2055799646838812e-005	-3.9649661885316039e-008	-1	
94.410346253122157	264.95249447313319	-1.2834355860766386e-005	-3.8298656734602109e-008	-1	
89.975491275318589	272.45394478973054	-1.2438533301563141e-005	-3.8015687812025622e-008	-1	
49.04598463163321	297.7760577418681	-1.0286872752370539e-005	-3.7494012477593018e-008	-1	
55.91632589369695	298.87651326132652	-1.0581403515802909e-005	-3.6679985623372753e-008	-1	
43.613682250303405	299.21287925743576	-1.0061342276926227e-005	-3.6928884037331371e-008	-1	
63.869121140840093	298.05462198480348	-1.0925683486863143e-005	-3.6082297695620438e-008	-1	
-122.00899470436205	379.82038000694706	-6.5814083303285248e-006	3.172981155495071e-010	-1	
-117.05907789926111	375.42725534919316	-6.6219236191030241e-006	-1.9437764894193971e-010	-1	
-126.90484809243893	382.66601244426715	-6.5391676571521092e-006	8.3381943780492974e-010	-1	
-132.76210369084615	383.29662017736189	-6.4848309866882267e-006	1.4822215898782619e-009	-1	
-139.50416563955284	385.57793646683513	-6.4314220968952881e-006	2.1326611973917477e-009	-1	
-145.65363492950786	386.97564844212172	-6.3865329067381548e-006	2.6815911077437125e-009	-1	
-111.68420429692219	371.56565537057475	-6.6699785107912438e-006	-8.020866598597635e-010	-1	
-102.29542039096756	374.30356994419327	-6.7996574135115968e-006	-2.2480516982056794e-009	-1	
-106.95098299721647	375.80002258423463	-6.7443361716497073e-006	-1.6026293216742257e-009	-1	
-94.682353304660694	376.90816176752764	-6.9146771743594525e-006	-3.4761360176010079e-009	-1	
-155.42814726846254	386.97598228684473	-6.3219639340655218e-006	3.4754272918769348e-009	-1	
-161.06521756174735	385.60789255507615	-6.2876568310075434e-006	3.9001430876803784e-009	-1	
-169.7519478184096	380.98005679265486	-6.2366966617138468e-006	4.5357471830924255e-009	-1	
-150.15127613103871	389.6106596972258	-6.3592855360818525e-006	3.019340400037392e-009	-1	
-186.4948084371666	377.87475188970558	-6.1797014505756091e-006	5.261848583053229e-009	-1	
-181.72635580827085	381.599009743446	-6.1996603639236662e-006	5.008168628114151e-009	-1	
-173.95526617502301	385.07488156078426	-6.2302585778963568e-006	4.6211647207252088e-009	-1	
-193.41227446202566	377.11019188319472	-6.1678846230018674e-006	5.4138720710276949e-009	-1	
-200	374.86569629510473	-6.1579424094341628e-006	5.5412253088711924e-009	-1	
130.20827280399968	190.80823024666964	-2.0137386091922909e-005	3.9418392330476669e-008	-1	
133.73890710430982	177.27391657768129	-2.2298892596288703e-005	8.1232163573154907e-008	-1	
135.26390893460643	182.64987871259783	-2.1566428188495464e-005	7.1574863645780073e-008	-1	
140.44973419548555	177.09104921645576	-2.2607255499415325e-005	1.0051381617819534e-007	-1	
148.82267743141432	166.43592832900495	-2.436230576012821e-005	1.5469218543163918e-007	-1	
148.13912174981314	172.35316089945252	-2.3490345714322611e-005	1.3286683247102633e-007	-1	
158.06073676239129	155.98854251691779	-2.5756630203961656e-005	2.0926833790536045e-007	-1	
155.05434713137274	164.72263529172119	-2.4605834298827522e-005	1.715774314127549e-007	-1	
168.02751463846121	146.84000386496325	-2.6592601388483705e-005	2.5498130168369459e-007	-1	
166.31906510752202	153.79574476552244	-2.584227008738804e-005	2.2631652610830709e-007	-1	
179.23874838346123	118.08993007138341	-2.8523501610485653e-005	3.7406761176675374e-007	-1	
179.39981621314013	123.37104757774611	-2.8214398601513e-005	3.5292745438734425e-007	-1	
183.22106103647806	114.84116435652794	-2.8539816633727918e-005	3.8628452274877134e-007	-1	
184.22506301315957	110.165311908726	-2.869472786873621e-005	4.041841062633043e-007	-1	
174.26995464617238	135.78720534307399	-2.7472221058645188e-005	3.0232496330221323e-007	-1	
171.73719142265847	140.94625370226242	-2.7080604147184562e-005	2.8069778733815385e-007	-1	
178.49917609401663	130.55368726015899	-2.7752422012840097e-005	3.2416808389951024e-007	-1	
191.99431081385663	96.148027600195505	-2.8841774702168766e-005	4.5475543528166433e-007	-1	
194.29387755123605	90.27451669223916	-2.8849966094461907e-005	4.7507113932693061e-007	-1	
190.49497527253089	105.10736671010059	-2.8708981183265069e-005	4.2234604442573445e-007	-1	
194.16445039723473	101.16001027658965	-2.8749575709242484e-005	4.364880256261906e-007	-1	
193.99120975841015	77.859285414920819	-2.8748533658502578e-005	5.1611619110428256e-007	-1	
200	87.586338096004113	-2.8818598700800813e-005	4.8382883860182552e-007	-1	
200	81.341134656893217	-2.8772032203759345e-005	5.0449333485786243e-007	-1	
195.9683646796843	3.0834138610634718	-2.6963766142801086e-005	6.5416265438508179e-007	-1	
197.79271286243741	0	-2.6965299874596861e-005	6.5408092413218781e-007	-1	
197.19034225495278	1.1956155793544778	-2.6964454002362863e-005	6.5412574913023071e-007	-1	
196.38275534504211	4.5627648230576927	-2.6971523995663018e-005	6.5375236554253656e-007	-1	
197.74872954295427	8.1617748903648408	-2.6998908770550638e-005	6.52298032501882e-007	-1	
197.52100996524007	11.082595966895786	-2.7026626488288671e-005	6.5082013416937362e-007	-1	
197.56986827129438	5.5379375219237437	-2.6980251394237048e-005	6.5328913290139353e-007	-1	
197.14917744778498	14.421667393336891	-2.7066764521732256e-005	6.4866988422149271e-007	-1	
197.52086777313508	17.327799406006672	-2.7111409644800979e-005	6.462513970013392e-007	-1	
200	75.095931217782336	-2.8678478279917131e-005	5.2425073447871403e-007	-1	
200	31.379507144006155	-2.7422410791463982e-005	6.2868062924117277e-007	-1	
200	18.889100265784393	-2.7140121594605012e-005	6.4467810859853449e-007	-1	
48.633881809804457	307.20556260919602	-1.0280933503380556e-005	-3.3944894828626673e-008	-1	
42.156676317548744	309.76425734634853	-1.0030779440263589e-005	-3.3066854972075604e-008	-1	
33.434446734472665	313.77920605507836	-9.7142718481850139e-006	-3.1373670863553413e-008	-1	
39.351397565887879	315.15168998110846	-9.9378470950825063e-006	-3.1312134494770056e-008	-1	
26.256077614690525	322.47796330413382	-9.4963690088434844e-006	-2.8429289290260101e-008	-1	
30.199388068401475	326.25893345030795	-9.6466940586082634e-006	-2.7915198327111051e-008	-1	
34.965019924880515	319.35332186158854	-9.7900014365289111e-006	-2.9934325353288459e-008	-1	
-5.8847822456126773	346.91885035575598	-8.6339952810954953e-006	-1.9971216940405111e-008	-1	
-10.725783208321818	347.41442598077157	-8.5044787308909942e-006	-1.9097908064710032e-008	-1	
3.3099977141296604	341.6131262861565	-8.8671499013725868e-006	-2.2004870127068103e-008	-1	
8.4610475382055803	339.80495060029006	-9.0102183647342148e-006	-2.3011260948486173e-008	-1	
0.099435492461190655	350.11449566631097	-8.8173737691981893e-006	-2.0590035818192533e-008	-1	
21.34906947525926	327.57552249561257	-9.3552309370289953e-006	-2.6774267543171638e-008	-1	
18.672847962746257	332.52115264098154	-9.2911664489644524e-006	-2.5514543270889482e-008	-1	
19.281746143843378	338.11138180657724	-9.3342864381440666e-006	-2.4625101174934379e-008	-1	
13.665419800047554	342.20632243712123	-9.1782527828413027e-006	-2.3359824568190067e-008	-1	
-45.792645566641163	354.81642203397524	-7.6927891403713742e-006	-1.2075725708500386e-008	-1	
-38.451884000646437	354.3075258266407	-7.8534510497523567e-006	-1.3531923980507571e-008	-1	
-31.713357332306842	353.69251942739686	-8.0077486793807994e-006	-1.4848040672953015e-008	-1	
-20.423368307015838	352.24262523559509	-8.2774672974648282e-006	-1.702766890092276e-008	-1	
-26.045281895125097	355.5114279318588	-8.1547372980377087e-006	-1.5828323515626123e-008	-1	
-14.04542963263391	350.97263243046115	-8.4356264920597761e-006	-1.8241872300190172e-008	-1	
-49.878755779569815	361.57346009152565	-7.6433821882218808e-006	-1.1203769832252991e-008	-1	
-55.944473514127615	362.99868704339599	-7.5257029140722748e-006	-1.0049980497751928e-008	-1	
-88.169740921417514	376.13543452654062	-7.0091982955975259e-006	-4.5007675701300155e-009	-1	
-78.459763737117129	375.10125049651822	-7.1624426192078855e-006	-6.1002775559409741e-009	-1	
-65.39295237697786	368.13101145214176	-7.3665722218030015e-006	-8.3224340342566306e-009	-1	
-66.705004180997548	373.11445185381018	-7.3625979551443504e-006	-8.1181078270640244e-009	-1	
-72.647496114791991	378.0179497623671	-7.2720471476470646e-006	-7.1219438185446907e-009	-1	
-60.282004481998491	367.4719440897133	-7.4613501042541392e-006	-9.2482738938100296e-009	-1	
100.67793477170675	254.67134350653723	-1.3470349004094785e-005	-3.7256106907394064e-008	-1	
100.11058410035865	260.20669025129217	-1.32780478994874e-005	-3.569974446228801e-008	-1	
119.88701534458308	231.81385909149185	-1.5718863383927782e-005	-1.6285390981131258e-008	-1	
121.74118454646703	226.39876485575803	-1.6182875936073896e-005	-1.20227152386722e-008	-1	
115.01295953196093	234.72828218360567	-1.5222108145723284e-005	-2.4141681004734001e-008	-1	
115.07824194541304	240.30621549658463	-1.4943670566717036e-005	-2.3898665537748121e-008	-1	
106.15230845075568	251.0127632978467	-1.3928203175713542e-005	-3.2920879792955411e-008	-1	
111.10377143106923	249.69850929933102	-1.4282568914109107e-005	-2.7783023530433765e-008	-1	
118.74883964010827	244.50672908437895	-1.4964783971986988e-005	-1.9219357436471336e-008	-1	
125.72901496406341	222.68306621375629	-1.6707114795699958e-005	-3.5962377320008486e-009	-1	
126.90126020841259	217.35999859021618	-1.7190393349206763e-005	1.5437343181458674e-009	-1	
128.4450509884141	211.40143027763406	-1.7801744193981946e-005	9.161274082871503e-009	-1	
130.81577485029123	206.52485176837388	-1.8415418724709327e-005	1.9008825955090666e-008	-1	
134.31804466447579	200.95579992976596	-1.9215883900052741e-005	3.4145106115619117e-008	-1	
131.55102750130527	196.17042866836272	-1.956873635783807e-005	3.4158113855730368e-008	-1	
70.527052802930825	297.81487115657711	-1.1215270475866505e-005	-3.4961908660792401e-008	-1	
76.133063105243622	296.16294095483329	-1.1471415743785056e-005	-3.4247500956610803e-008	-1	
88.145950699384429	289.60706112315245	-1.2078458236784037e-005	-3.2579730306773606e-008	-1	
81.9729933524047	295.93613793597433	-1.1727921793327537e-005	-3.2681752737502913e-008	-1	
90.817301756462811	284.70330035552473	-1.2274630761347577e-005	-3.3059079353346849e-008	-1	
90.228192751083654	279.15028885580142	-1.2335322696071102e-005	-3.526420227710466e-008	-1	
101.90466745933051	269.39938610490287	-1.3134528306546354e-005	-3.1430390932420919e-008	-1	
96.327778948401971	274.58779651968962	-1.2727827493626057e-005	-3.3448550198761978e-008	-1	
51.793428290050024	302.61988839007819	-1.0406683097927546e-005	-3.5494769651484986e-008	-1	
56.806200992418674	303.99874500538795	-1.0612580038156006e-005	-3.4672676174375799e-008	-1	
61.807486044678626	302.57878600695284	-1.0823570708715142e-005	-3.4649521754921296e-008	-1	
67.073667922987383	301.85584274793536	-1.1045816032993442e-005	-3.416443595556632e-008	-1	
-121.72717369549795	385.4761364802082	-6.5980696561358527e-006	1.5694088633004595e-010	-1	
-115.36247494274784	382.32408987232571	-6.6618438292084099e-006	-5.9726034210854803e-010	-1	
-111.57647739402454	377.38698045062142	-6.6923899802264773e-006	-9.9122267967087534e-010	-1	
-128.4145910520528	391.62273882897352	-6.5403921931767758e-006	8.5258788509299075e-010	-1	
-134.43143944784333	389.46636377867162	-6.481274171902515e-006	1.5452440272016299e-009	-1	
-141.03379385957018	390.3135787959414	-6.4268118480419296e-006	2.1992853393394794e-009	-1	
-144.84143399850811	393.51794259130628	-6.4012400938825315e-006	2.513035012147787e-009	-1	
-103.0877956026703	379.82854562023249	-6.8069571551988248e-006	-2.257352850085214e-009	-1	
-108.17928315005638	382.11545822279481	-6.7476498614434886e-006	-1.5726553791673893e-009	-1	
-90.762997674819601	382.11003647099278	-6.987465364087461e-006	-4.1792993957135675e-009	-1	
-97.160425197427287	383.33223534053053	-6.8976469453174444e-006	-3.2089819466584381e-009	-1	
-159.53992913453612	391.20447420992764	-6.3043891103233928e-006	3.6973581134953607e-009	-1	
-153.00748425821664	394.88198132920729	-6.3460330264593054e-006	3.1864879284740763e-009	-1	
-167.40998858515604	386.360642452089	-6.2588049326202744e-006	4.2625189793394929e-009	-1	
-189.70755228007442	383.00178943930746	-6.1877551071779499e-006	5.16096017802179e-009	-1	
-177.87753700463043	388.73020051451601	-6.2245079764417891e-006	4.6957687496714441e-009	-1	
-183.17245391975467	389.57247124072643	-6.2120663029805475e-006	4.8533692182940943e-009	-1	
-172.9259209537002	390.11141969203135	-6.2424851368704621e-006	4.469754114225517e-009	-1	
-200	381.11089973421559	-6.1761440998615316e-006	5.3092908845106367e-009	-1	
-195.14656442640955	383.65004310993771	-6.1837855031779621e-006	5.2119901608882255e-009	-1	
136.34553465363371	190.40668129560194	-2.056898729108457e-005	5.7088156809703423e-008	-1	
140.62276133735369	185.98711610577263	-2.1356560057071463e-005	7.7357702546468469e-008	-1	
144.50892683238942	181.01196080789217	-2.2181732594473417e-005	9.9121177989976333e-008	-1	
157.96961471928267	170.49067613518497	-2.3830600372675332e-005	1.5635074744880835e-007	-1	
152.58974626740155	176.43634253339232	-2.2995275607387884e-005	1.2860811832003214e-007	-1	
162.91893867062663	158.33420915561402	-2.5357842773867462e-005	2.0563491094184473e-007	-1	
159.85807480293687	162.60121477334982	-2.4851308465851674e-005	1.8623203017556357e-007	-1	
161.89540677052017	167.2596267290055	-2.4243727929214239e-005	1.7255551072497653e-007	-1	
172.1648736092979	150.66817959716514	-2.6065422124248915e-005	2.4253477330922313e-007	-1	
174.90445863099035	145.74199013683167	-2.6512686763102522e-005	2.6300444783498305e-007	-1	
168.28582065809465	158.88271211245706	-2.5209518891445547e-005	2.0883671921629245e-007	-1	
173.05360953184064	156.234400680644	-2.5440384380846698e-005	2.2228289071060683e-007	-1	
183.59126785665711	120.60019832421609	-2.8245052067054242e-005	3.6377001618832649e-007	-1	
184.77700705705075	126.9494808522077	-2.782066612624489e-005	3.3881688071588247e-007	-1	
188.50025246985942	121.67152578725982	-2.8070951580732794e-005	3.5937078178982487e-007	-1	
191.22113334999676	114.11322872061412	-2.8390227842097329e-005	3.8831856105736795e-007	-1	
180.30652757640348	137.95444981997966	-2.7101148448434331e-005	2.9512877553050068e-007	-1	
183.85373857616491	132.61081290418454	-2.7442003852073733e-005	3.1660598644841244e-007	-1	
200	93.831541535114994	-2.8808765867941453e-005	4.6235641061006253e-007	-1	
200	100.07674497422587	-2.8736264528650524e-005	4.401139346582001e-007	-1	
194.9244918810227	109.44455013289222	-2.8522096789358228e-005	4.0575025306878829e-007	-1	
200	106.32194841333676	-2.8590929092714939e-005	4.1720956886660294e-007	-1	
197.28132727684084	3.3166639540778062	-2.6969148913835275e-005	6.5387743066924007e-007	-1	
198.81961145699282	0	-2.6967033520074934e-005	6.539891276197134e-007	-1	
198.43603318355576	0.70510454711081205	-2.6966724675090663e-005	6.5400548588821823e-007	-1	
198.0467233959256	2.2246725766790236	-2.6968289071529023e-005	6.5392270927917973e-007	-1	
200	9.5212951071180658	-2.7013296237633694e-005	6.5152930893947192e-007	-1	
200	6.3986933875626244	-2.6988484285876199e-005	6.5285100928825662e-007	-1	
200	12.643896826673508	-2.7047355702799935e-005	6.4970545313249086e-007	-1	
200	4.8373925277849033	-2.6979701692454975e-005	6.5331742336817192e-007	-1	
198.59492466081369	3.5463121638312889	-2.6972899161322305e-005	6.5367842477268099e-007	-1	
200	15.76649854622895	-2.7089538559847659e-005	6.4743078290384133e-007	-1	
54.663892930941358	310.55590456833238	-1.0518175654355146e-005	-3.2627660688952006e-008	-1	
48.573109779761658	316.52942668733164	-1.0283403518189646e-005	-3.1053875301734329e-008	-1	
43.643536116820613	317.97385533190004	-1.0101371625227362e-005	-3.0639692340130219e-008	-1	
26.156239998952188	329.48516751206154	-9.5222967053223355e-006	-2.6888408378356773e-008	-1	
37.725240813213773	327.6615747001203	-9.9082761282955377e-006	-2.8070650749413913e-008	-1	
27.941638309920748	334.33985446426567	-9.5977732666842942e-006	-2.6105115884476014e-008	-1	
35.847171251252796	334.18800921661625	-9.8578392180407385e-006	-2.6640741943208142e-008	-1	
42.682840029835013	323.02005525224229	-1.007421222374347e-005	-2.9308981658294517e-008	-1	
-9.1949989722246581	352.03368838331772	-8.5704284960244676e-006	-1.8978781508718281e-008	-1	
-4.2566667283126396	352.54885046972311	-8.7073990514080927e-006	-1.971730188019806e-008	-1	
7.4252392672008805	345.09531417677869	-9.0044777358499545e-006	-2.2184300107210484e-008	-1	
5.8866743114295073	350.70550519766141	-8.9847111570467853e-006	-2.1342577790792288e-008	-1	
2.123867986307939	354.68083809658856	-8.8937195656781564e-006	-2.0452471123790723e-008	-1	
24.72168119555911	338.77428977474392	-9.5085797050722937e-006	-2.5059540072583897e-008	-1	
21.810573327531227	343.41732663889331	-9.4322158582984654e-006	-2.407488860740683e-008	-1	
17.267892561727152	347.14721523622887	-9.3060435451428625e-006	-2.3101396361545872e-008	-1	
11.371750477331361	348.76762881662563	-9.1364003500411134e-006	-2.2247662925989759e-008	-1	
-40.462888697330378	359.88982793461628	-7.8392695514039016e-006	-1.3006279025118642e-008	-1	
-34.656603275035884	358.66782698959059	-7.9655860876360892e-006	-1.4119680067912627e-008	-1	
-22.415448177241714	360.22945871701739	-8.2681520675987301e-006	-1.6250162712926362e-008	-1	
-16.045899629490467	357.57630509367573	-8.4169503717035961e-006	-1.7470490831175598e-008	-1	
-26.200318989530487	364.41390464224855	-8.1938261586893904e-006	-1.5430252397112866e-008	-1	
-31.796072409634387	363.69114712530745	-8.0570541240898341e-006	-1.4481430403901082e-008	-1	
-11.758141810301172	355.87084402012056	-8.5208130779561779e-006	-1.8282531021100754e-008	-1	
-41.281599013913294	365.76655747853044	-7.8496905962427374e-006	-1.2732920846276275e-008	-1	
-45.945964405890578	369.53955706238088	-7.7638000988209454e-006	-1.1837420752096522e-008	-1	
-51.646566706917817	367.67007484124747	-7.6353607122137153e-006	-1.082274391326278e-008	-1	
-82.625249342389353	382.09210160733267	-7.1150578077354268e-006	-5.4920513497106178e-009	-1	
-76.166978571474829	383.6536280079057	-7.2263963518778581e-006	-6.5740306561940894e-009	-1	
-61.939679601577069	375.85913266510408	-7.4627343559707514e-006	-8.9686621603802612e-009	-1	
-66.957024301677066	378.60790950467879	-7.3765932742989177e-006	-8.1059626284115212e-009	-1	
-69.522953971293688	383.72117919089573	-7.3429188229105709e-006	-7.6892060637238401e-009	-1	
-56.066417097740988	372.02236411207207	-7.5637399292593424e-006	-1.0007122817492603e-008	-1	
107.03117850988413	257.53821835787534	-1.375757224767073e-005	-3.0361082147340179e-008	-1	
106.31710085443814	264.26803473415026	-1.3508467220974248e-005	-2.9417743062068602e-008	-1	
120.56060432360557	237.45270293679746	-1.5437097019672022e-005	-1.6184541341353929e-008	-1	
125.46461858789914	230.74585905190759	-1.6138171537857788e-005	-7.3415104925277938e-009	-1	
110.9925514878708	254.61840769999333	-1.4086784235371149e-005	-2.709491213435139e-008	-1	
115.4166536277813	252.46316052060905	-1.4419057558543545e-005	-2.2827671623744294e-008	-1	
123.27028995003042	247.96090619219484	-1.505134227525747e-005	-1.4194325179700208e-008	-1	
126.54859037667759	238.98334143196837	-1.5703004388742742e-005	-8.3989021919865835e-009	-1	
120.52921247156911	252.94702157938019	-1.4676928186235357e-005	-1.7499894060293209e-008	-1	
130.88549005859647	224.44941058480651	-1.6899825477137388e-005	4.3542688921208252e-009	-1	
134.08255897883032	220.10690435682312	-1.7416637649481726e-005	1.2775363089672766e-008	-1	
132.55845621119823	214.93431112184945	-1.7754928094288809e-005	1.4384521616877319e-008	-1	
137.27773875497601	207.7590538292219	-1.8692265853069766e-005	3.1299166670026488e-008	-1	
137.07664937320135	196.01659427829352	-1.992899345744637e-005	4.8406447452095713e-008	-1	
139.82155952937188	200.78961851511241	-1.9541598741065714e-005	4.6427202676098914e-008	-1	
74.094080798401237	301.56070363728759	-1.1341578807930362e-005	-3.2930995994519152e-008	-1	
79.251960222916665	301.17182121781411	-1.1560386176303701e-005	-3.1852042340274224e-008	-1	
91.142471414741266	296.01964887518244	-1.2118095669408827e-005	-2.9697432199711225e-008	-1	
93.50744691632795	289.3482690365027	-1.2321150183483157e-005	-3.0518298062580883e-008	-1	
88.952923837537384	301.3622955205775	-1.1956930117275123e-005	-2.907036151172007e-008	-1	
84.114894328002521	304.51371777652167	-1.172591290988192e-005	-2.9668609462970977e-008	-1	
95.802311013247561	282.18682090080063	-1.2550619854580255e-005	-3.1452252695583645e-008	-1	
103.89873712356639	275.42557954977923	-1.3082006357272645e-005	-2.8642792218700291e-008	-1	
109.55446812082383	270.21108012678525	-1.3496213651535251e-005	-2.5872915967728275e-008	-1	
102.11443435640734	281.51717908487711	-1.2857732527542326e-005	-2.8288762922645606e-008	-1	
61.537042010368417	311.14382216132958	-1.0786095693501906e-005	-3.1897403310206319e-008	-1	
68.942551198072692	306.83204550056638	-1.1097701621488424e-005	-3.2250309398891515e-008	-1	
-121.78146706266222	393.76728294872709	-6.6097903250059811e-006	5.1034562891623954e-011	-1	
-114.86751226926948	391.3254422810603	-6.6843001059979026e-006	-8.0489507346336019e-010	-1	
-111.64267529689819	386.633831662018	-6.7145920745595371e-006	-1.1698840724877914e-009	-1	
-124.90406878221766	400	-6.5802587027079957e-006	3.9862534212725694e-010	-1	
-131.14927222132854	400	-6.5191555838911961e-006	1.1111956335701074e-009	-1	
-134.27187394088398	395.19480692287686	-6.4887077148006385e-006	1.4668236466050407e-009	-1	
-139.67478511304975	395.1009753731613	-6.4426789242627864e-006	2.0155003374535673e-009	-1	
-149.8848825386612	400	-6.3686719767725725e-006	2.9118810820506348e-009	-1	
-143.63967909955034	400	-6.4131597441159346e-006	2.3723480708849346e-009	-1	
-103.86040419090187	384.91963669622868	-6.8096236673401951e-006	-2.2372613048846862e-009	-1	
-86.687527128670339	385.09410432653544	-7.0573581880879761e-006	-4.8662341182686136e-009	-1	
-91.162726114895563	386.93102002429015	-6.9923617860086358e-006	-4.1770332170413357e-009	-1	
-97.155822880413083	388.93134583802873	-6.90865974097558e-006	-3.2791891645812543e-009	-1	
-156.13008597777207	400	-6.3293228053226968e-006	3.393352794637236e-009	-1	
-163.57050266466877	394.75993451682029	-6.2871241488041962e-006	3.9136011879167009e-009	-1	
-168.62049285599386	392.92025518519341	-6.2626472256133853e-006	4.2181351384025128e-009	-1	
-193.35736361395348	388.82709308093212	-6.1945730971995695e-006	5.0752329174240374e-009	-1	
-189.39974649485117	389.86914270593218	-6.2007998543356966e-006	4.9962720114303924e-009	-1	
-177.98829801466016	394.09054538336142	-6.2302589017444617e-006	4.6245587425292877e-009	-1	
-188.12756914419532	393.3558585968712	-6.2065911289132404e-006	4.9231483510356034e-009	-1	
-184.23350145377105	396.47166473551471	-6.216171160675493e-006	4.8022990562864262e-009	-1	
-173.10620060453203	395.09188760276351	-6.246792108269203e-006	4.4170627946937134e-009	-1	
-200	387.35610317332646	-6.1892808015263322e-006	5.1424369271359074e-009	-1	
-197.10179669587674	390.47870489288192	-6.1946271052089727e-006	5.0746529299244169e-009	-1	
141.89668666938113	193.05468731318206	-2.0523022576154721e-005	6.4807098557347141e-008	-1	
146.69558165386454	187.71202360943988	-2.1379801628836461e-005	8.682657191958114e-008	-1	
150.16478300566752	181.57712810636795	-2.2260431366871283e-005	1.0922853830186993e-007	-1	
158.62883016447944	176.3368611966641	-2.3084678587355467e-005	1.388229139853012e-007	-1	
163.86321940194054	173.65104398639107	-2.3456556550572467e-005	1.5407408164313111e-007	-1	
155.84853610699381	181.52168614357964	-2.2399212538437496e-005	1.1951229893880959e-007	-1	
165.064816490412	163.28390471631545	-2.4717997743235729e-005	1.8995568921456659e-007	-1	
169.52334614976763	170.08937775990157	-2.3887361419383421e-005	1.7161503624984591e-007	-1	
178.48628545273644	150.95881211722369	-2.5914100108872834e-005	2.4475148479230731e-007	-1	
183.77526425451828	142.40478461916013	-2.663019854280316e-005	2.7879634845629694e-007	-1	
184.09993820594488	148.03791880823823	-2.6104929715392247e-005	2.5771750290137953e-007	-1	
173.77815017077461	163.15471173959796	-2.4663204447188614e-005	1.9838670503881947e-007	-1	
179.25342875542773	158.86088026752239	-2.5079030706309733e-005	2.1666127989763958e-007	-1	
192.28167847921372	131.07931796723659	-2.7410316668606553e-005	3.2310362997351504e-007	-1	
194.67105919297487	121.93495701111397	-2.7969235079256082e-005	3.5826758934887125e-007	-1	
200	118.81235529155853	-2.8101364245862944e-005	3.7014058624139757e-007	-1	
200	112.56715185244765	-2.8380905910972373e-005	3.9386096952658951e-007	-1	
186.70972659945656	137.58539205234894	-2.6995876805742515e-005	2.9766886441979149e-007	-1	
199.33306075427055	0	-2.696752140877831e-005	6.5396329257049855e-007	-1	
199.20642233353846	0.4797042991112262	-2.696755057101692e-005	6.5396174757584301e-007	-1	
199.18935901616535	0.98224152431233058	-2.6967915530459029e-005	6.5394241704833892e-007	-1	
198.95926613086175	1.5993322515229627	-2.6968541750798441e-005	6.5390925403895388e-007	-1	
199.15296376793324	2.2287962511842552	-2.6969892141501962e-005	6.5383770508437927e-007	-1	
200	3.2760916680071825	-2.6973091315654718e-005	6.5366810844899366e-007	-1	
56.648299618300427	317.6717453056537	-1.0584550740057247e-005	-3.044294065752173e-008	-1	
52.184528122645624	320.11328026922178	-1.0416434766002596e-005	-2.9988195715281005e-008	-1	
47.770065667748995	322.66623445624464	-1.0255785692225724e-005	-2.9429720948278821e-008	-1	
43.298437709148033	331.54242114604193	-1.0104629928052693e-005	-2.7409806129179294e-008	-1	
33.442601044414751	341.72050881410092	-9.7937866135058919e-006	-2.5190104092536327e-008	-1	
41.596047909617099	338.56365556569955	-1.0052858758803824e-005	-2.6049095806893721e-008	-1	
47.594143250190776	327.8291236116151	-1.0250738918040934e-005	-2.8224547094484263e-008	-1	
-7.1984282650472302	356.57970012304872	-8.6456139309184634e-006	-1.894661676221231e-008	-1	
-2.2355861368051655	357.11140930324603	-8.7825894588919876e-006	-1.9637130253528959e-008	-1	
10.500997213541305	353.68932709906488	-9.1286239084754845e-006	-2.1606345816162834e-008	-1	
6.6254350988684241	356.84548671560498	-9.0286685812663189e-006	-2.0837445807618906e-008	-1	
2.0468636332067862	359.67522298787389	-8.9100301560959713e-006	-2.0022115505269582e-008	-1	
27.829025075721496	343.95667020651962	-9.6210816455545494e-006	-2.4488915605939992e-008	-1	
23.040119718549043	349.1650421120944	-9.486438578215034e-006	-2.3393424116953339e-008	-1	
17.933929252110921	354.50691538266273	-9.3483881158179428e-006	-2.2307860705741971e-008	-1	
-17.31022674406918	363.51338817491029	-8.4103619220412756e-006	-1.694354145065337e-008	-1	
-11.097790118643976	361.73318953774628	-8.5634152776062336e-006	-1.8012601735956573e-008	-1	
-24.477260240095209	369.78660445825301	-8.2562863539801975e-006	-1.5527699713505666e-008	-1	
-30.672975453828055	373.3100378028301	-8.1211323989335091e-006	-1.4405295974090345e-008	-1	
-35.499757776768035	368.99859907499291	-7.9933710486014607e-006	-1.36908950442688e-008	-1	
-37.563500973845727	375.13270826161943	-7.9685670085938455e-006	-1.3218391425751261e-008	-1	
-43.969815120741629	375.65587976239851	-7.8287119879336629e-006	-1.2107945286098731e-008	-1	
-50.134149048813271	373.83501277352462	-7.6913576739742004e-006	-1.1050908719946567e-008	-1	
-81.203231406922583	390.34686832276975	-7.1541163360268855e-006	-5.7886854600602463e-009	-1	
-72.925718996799233	391.62987137628551	-7.2965137587774556e-006	-7.1518823294324145e-009	-1	
-55.117628540299819	379.5308691699106	-7.6073260208530358e-006	-1.0155134815698501e-008	-1	
-60.040487283053714	385.2792002084999	-7.5240974198435725e-006	-9.3053839882018381e-009	-1	
-65.694377552466932	390.0548252239301	-7.4247436796136686e-006	-8.3540348655431078e-009	-1	
111.40161854487881	261.40474305881406	-1.3867014635398116e-005	-2.5718575884042765e-008	-1	
133.08822725901956	229.35297322867015	-1.6674041229497277e-005	4.8178787312612563e-009	-1	
133.57180280436506	234.70676930887032	-1.6346982479800172e-005	2.7180413297041264e-009	-1	
116.92274880886789	258.51166784706999	-1.4261400309262456e-005	-2.1021904476871162e-008	-1	
129.60607512868214	248.16171796067437	-1.5367833259231603e-005	-7.1884364094187629e-009	-1	
131.1252996034315	242.55719630466518	-1.5745199093718179e-005	-3.8092314193496386e-009	-1	
125.66156953736314	253.12391251917722	-1.4931395020308642e-005	-1.2336274866793566e-008	-1	
122.45686119705628	257.70691126786204	-1.4571514032337159e-005	-1.5921219079784847e-008	-1	
140.44310910929204	225.85932250386307	-1.7309540793737363e-005	1.8163550280842855e-008	-1	
139.47441097834803	220.02602150266929	-1.7716173751471328e-005	2.183011160558331e-008	-1	
140.28851769147187	213.550072425645	-1.8314143328850376e-005	3.0002633486955297e-008	-1	
144.63896776381841	208.68445115425681	-1.8978055592998043e-005	4.3825040093141943e-008	-1	
145.16231085313859	199.45071320539375	-1.9944274520312123e-005	5.9408806002096258e-008	-1	
147.21537963684736	204.19877535003778	-1.9538238811368736e-005	5.514692164432115e-008	-1	
77.173875884295214	305.71639995955638	-1.1436246252255942e-005	-3.1036195246910905e-008	-1	
94.72470170309731	301.51905023668729	-1.2183657747783597e-005	-2.723206600739741e-008	-1	
98.220419537948473	295.96425537163236	-1.2411271137931497e-005	-2.7076338486019332e-008	-1	
98.662800084724822	287.85329454256896	-1.257382530030991e-005	-2.8641224597027954e-008	-1	
91.630151489540992	309.12367337566877	-1.1963860978507431e-005	-2.6650757470018411e-008	-1	
86.375407648592173	309.25932779884261	-1.1762842609187787e-005	-2.7994618874450058e-008	-1	
81.14346682333192	308.75185350639867	-1.1567693538321144e-005	-2.9333000720840859e-008	-1	
111.68306366225866	274.88899742170378	-1.3461136813334183e-005	-2.3777205076666776e-008	-1	
108.96442490940643	279.25051464952759	-1.3220225459231129e-005	-2.4875036319586455e-008	-1	
116.58294413012442	273.33819098705698	-1.3729182599529163e-005	-2.0623764728719733e-008	-1	
116.21436010056546	264.7044821516244	-1.3998091015896668e-005	-2.1374675136907504e-008	-1	
108.32762512403116	285.18547551834172	-1.3047292178553401e-005	-2.4382831773769319e-008	-1	
70.256446324084735	313.34346079183638	-1.1114923028921947e-005	-3.0189318322653169e-008	-1	
64.754186695072406	316.7727584020638	-1.0890368070936484e-005	-2.9991726483166645e-008	-1	
76.32445176494376	310.64083994028351	-1.1365575566105912e-005	-2.9865031103095652e-008	-1	
-118.65886534310678	400	-6.6467567075257265e-006	-3.6401452555051384e-010	-1	
-112.41366190399589	400	-6.7185869838783887e-006	-1.1738474888096648e-009	-1	
-108.58777790236829	392.18777465303748	-6.7608064346550927e-006	-1.6573638909501786e-009	-1	
-137.39447566043944	400	-6.4631873225565343e-006	1.7726559439960935e-009	-1	
-102.66543700432294	389.92844751294922	-6.8347488225723413e-006	-2.4769348668043139e-009	-1	
-86.830100291342063	390.14324227595796	-7.064019348582142e-006	-4.8858647177200208e-009	-1	
-92.257210091222788	391.64310767972825	-6.9832880742378124e-006	-4.0475766568900861e-009	-1	
-97.204403461587077	394.79948919184562	-6.9141136940052155e-006	-3.3105884034743188e-009	-1	
-162.37528941688296	400	-6.2951059470129619e-006	3.8157448511030038e-009	-1	
-168.62049285599386	400	-6.266108275661108e-006	4.1761656859890017e-009	-1	
-193.99873589100483	392.86902854362864	-6.1990778671850097e-006	5.0182773320684371e-009	-1	
-191.47874115484302	394.95124854002012	-6.2033993135015758e-006	4.9636053773284681e-009	-1	
-181.11089973421559	400	-6.2241837754082146e-006	4.7014168053177935e-009	-1	
-174.86569629510473	400	-6.242284172081001e-006	4.4739771825285072e-009	-1	
-188.91740403310422	396.98239741010781	-6.2077963570007398e-006	4.9080451561465644e-009	-1	
-187.35610317332649	400	-6.2109201088419997e-006	4.8686194118553261e-009	-1	
-200	393.60130661243744	-6.1975340921254726e-006	5.0378494623858933e-009	-1	
-197.44813142052601	394.72491215931439	-6.1987878029646251e-006	5.0219784138725625e-009	-1	
147.95204985554324	193.99467472112036	-2.0670002492871449e-005	7.5254600457819905e-008	-1	
153.09556479789575	190.66372085154995	-2.1228216093684295e-005	9.1780699700685744e-008	-1	
164.17575392654931	182.64918647210132	-2.239423741483848e-005	1.2840732755691968e-007	-1	
169.27134373954999	175.96721235790548	-2.3211260633183803e-005	1.5326535345564684e-007	-1	
158.18647634014167	187.21124091568305	-2.1761766780533183e-005	1.0823886998826254e-007	-1	
175.23081125410323	168.81861294820334	-2.4022199834819582e-005	1.8061183051206625e-007	-1	
183.40735851618925	153.56172741370614	-2.5577643606103182e-005	2.3737584901669312e-007	-1	
192.68503398323168	144.5267484653838	-2.6332009657760599e-005	2.7236606857645259e-007	-1	
190.59066278812512	151.6570536323301	-2.5696172337153821e-005	2.4611676306282681e-007	-1	
180.58154412113646	166.19224247156131	-2.4289017551775009e-005	1.9263466477975312e-007	-1	
185.09142260621078	159.15952039564138	-2.4998460916633453e-005	2.1833900251858196e-007	-1	
200	131.30276216978029	-2.7348924242515474e-005	3.2241041664892657e-007	-1	
200	125.05755873066941	-2.7755580055915614e-005	3.4629133481553834e-007	-1	
193.35506302017004	137.63760032432978	-2.6905995853134484e-005	2.9817751980981537e-007	-1	
199.84651005154825	0	-2.6967734937820712e-005	6.5395198812927545e-007	-1	
199.67712266936709	0.32287733063290819	-2.6967742121272066e-005	6.5395160666379431e-007	-1	
199.62942442695442	0.73897777086838601	-2.696793898551657e-005	6.5394117675045983e-007	-1	
199.55775758582647	1.3244655932850313	-2.6968502995405676e-005	6.5391129876044893e-007	-1	
200	1.7147908082294616	-2.6969162437680184e-005	6.5387636024744237e-007	-1	
61.089788264563069	320.5069004488343	-1.0742459890815805e-005	-2.9382564211857805e-008	-1	
56.58297260648159	322.67062949573716	-1.0573573304964849e-005	-2.9156793457506971e-008	-1	
52.39965755208749	324.80444231124778	-1.0420974265021311e-005	-2.8839110502222163e-008	-1	
52.493522971505229	335.36010663783219	-1.0414757956913251e-005	-2.6646154370217298e-008	-1	
48.694237936631353	339.90959841208183	-1.0286326479272759e-005	-2.5869661284122436e-008	-1	
28.827587828705674	349.68060837205212	-9.6643833548991938e-006	-2.3760902768738455e-008	-1	
38.144009122284679	345.81418136492783	-9.9487202220550826e-006	-2.4775535291553247e-008	-1	
34.221661373747601	351.84036907295524	-9.8336703905169052e-006	-2.3790311807733325e-008	-1	
44.18769038260843	344.28600935508541	-1.0140069999852773e-005	-2.5156491632361484e-008	-1	
53.033811465476511	329.45751987239919	-1.043827692205169e-005	-2.7800248765065225e-008	-1	
-4.1791494739237791	362.91618321675458	-8.7514635361958838e-006	-1.8952684882978484e-008	-1	
11.736738879997949	358.53228773937047	-9.1797036863006861e-006	-2.1268575234947293e-008	-1	
7.2559318677371003	362.190877053196	-9.0631519657179138e-006	-2.0470011987642234e-008	-1	
2.5622154042052494	365.57199121990709	-8.9429405539216663e-006	-1.966397742560829e-008	-1	
25.498185585712989	354.31340078976507	-9.5725589053008186e-006	-2.2974128153947919e-008	-1	
17.926718595911186	361.27888759650676	-9.3646706423303627e-006	-2.1641867583970607e-008	-1	
24.339558096621154	360.65180194593523	-9.5507294165935336e-006	-2.2226475130752217e-008	-1	
-14.976148054539987	369.11691877955838	-8.4902331312472748e-006	-1.7050602843046513e-008	-1	
-19.556596694252065	371.86514754993686	-8.3844319427152733e-006	-1.623589196347398e-008	-1	
-8.5697958379688721	367.77146966935544	-8.6512724477332876e-006	-1.8050424723511793e-008	-1	
-23.710594132941186	374.83539542841299	-8.2912108838259106e-006	-1.5493828671218899e-008	-1	
-31.120303900732988	382.11129960241664	-8.1339326532184082e-006	-1.4162717145947888e-008	-1	
-24.350799850886204	381.59435630232764	-8.2925155879049943e-006	-1.5238030272578541e-008	-1	
-40.387967867555481	380.03141253267501	-7.9190589398195827e-006	-1.2671476325003525e-008	-1	
-48.651459406882545	380.16029116551852	-7.7416817019029392e-006	-1.1266570655605886e-008	-1	
-78.065042988886049	395.16837958161784	-7.2112639477120655e-006	-6.3167933683095592e-009	-1	
-84.31024642799693	395.17846357365414	-7.1085237683787165e-006	-5.3085667191240731e-009	-1	
-68.48317040816076	394.63870447435716	-7.3785814184184386e-006	-7.8951378937305134e-009	-1	
-74.942441269330601	400	-7.266458975376727e-006	-6.8329330294089029e-009	-1	
-52.552693346572298	386.70960284602899	-7.6756574509356627e-006	-1.0573757656828343e-008	-1	
-58.253110722311376	393.12993504565821	-7.5705953273231885e-006	-9.6059273737475457e-009	-1	
-63.250505177895178	394.68193469756847	-7.4757233096856003e-006	-8.768464901345504e-009	-1	
138.1478686848354	231.16873929801699	-1.6811792562853816e-005	1.0902453199984053e-008	-1	
135.91722150384521	239.7441214607	-1.6148818684342349e-005	3.1396499441836741e-009	-1	
141.73347373581822	235.70762371144613	-1.6672777361390765e-005	1.2392501397629617e-008	-1	
122.89978006267739	263.28166291751921	-1.4368046974058519e-005	-1.5901992400852731e-008	-1	
134.41555860246521	252.29104816202539	-1.5380353514049097e-005	-3.6008306826706742e-009	-1	
136.24836689014981	245.29085458124433	-1.5836777188237231e-005	8.664634995446075e-010	-1	
127.6862589607745	257.95165889954143	-1.4806862232071066e-005	-1.1228604235535822e-008	-1	
132.47858800304169	256.81856991231103	-1.5074389545364627e-005	-6.6472368977803884e-009	-1	
146.26907529130628	226.8711993172397	-1.7496912262395511e-005	2.5074528453664881e-008	-1	
145.07661654427025	222.18557979520418	-1.7809989199813009e-005	2.807981411517301e-008	-1	
145.95410630320362	232.29177021822218	-1.7085234294089883e-005	1.9904981845605345e-008	-1	
144.56898710001039	217.37732642043454	-1.818509380848559e-005	3.2563095219866816e-008	-1	
148.0055306492963	213.05827247166667	-1.8719111362387073e-005	4.3219964484387683e-008	-1	
151.74470251694714	206.69765906238723	-1.9467064314250481e-005	5.8310533636770483e-008	-1	
150.52031399169584	199.95181106821738	-2.010769790202325e-005	6.8121138737772635e-008	-1	
96.306735584666086	306.59477189122657	-1.2172408933744304e-005	-2.5776416172333461e-008	-1	
100.94349307800367	303.61724541567514	-1.2390322351167082e-005	-2.4764282484646242e-008	-1	
102.48199337742579	292.12914183210125	-1.2653299137170144e-005	-2.6071830058786087e-008	-1	
106.23036562705884	296.97695497756996	-1.2708402746738309e-005	-2.3789589878587917e-008	-1	
95.118514016061525	312.67829135373927	-1.2047086083016514e-005	-2.5106447835515758e-008	-1	
90.307141564307614	313.96463392745676	-1.1858945691803715e-005	-2.6098948945947874e-008	-1	
80.341637556031884	313.8653890451892	-1.1492708542898554e-005	-2.8323279497704478e-008	-1	
85.896314982028358	316.35834719083903	-1.1674527679145222e-005	-2.6653887905240799e-008	-1	
115.36640286345396	278.01060376905326	-1.3534656624900023e-005	-2.1156111153796126e-008	-1	
113.67481076161333	282.53276365342987	-1.3337116269410801e-005	-2.181029716789314e-008	-1	
122.95124154972272	270.11661766192651	-1.4116478920664608e-005	-1.6177954272260685e-008	-1	
121.07433913588721	277.00218111327843	-1.3804623590459518e-005	-1.7646675125096451e-008	-1	
108.13114095354507	291.15126703764224	-1.2904308617517679e-005	-2.3679693665021792e-008	-1	
115.68497936964046	287.91050626233101	-1.3277873858725715e-005	-2.0392349897764332e-008	-1	
70.386007403829666	319.98485096439504	-1.1084179271421199e-005	-2.8539397323441029e-008	-1	
76.530072317779073	317.33056855635613	-1.1325586171579467e-005	-2.8228168564880837e-008	-1	
65.624727532784476	323.11572365413627	-1.0897886389555783e-005	-2.8373598929457307e-008	-1	
-106.16845846488502	400	-6.7960572920336887e-006	-2.029242585926026e-009	-1	
-99.923255025774125	400	-6.8789817956987681e-006	-2.926132497703846e-009	-1	
-93.678051586663244	400	-6.9672997600010276e-006	-3.8576717064113496e-009	-1	
-87.432848147552363	400	-7.061605096936844e-006	-4.8252352169184143e-009	-1	
-195.36471118421787	396.54009719081887	-6.2008693347220983e-006	4.9956375822286995e-009	-1	
-192.10447657038566	398.15974799823908	-6.2042211985395412e-006	4.953247470628901e-009	-1	
-190.47870489288192	400	-6.2063300203910669e-006	4.9265981882451987e-009	-1	
-200	395.16260747221509	-6.1986688541576391e-006	5.0234864357545164e-009	-1	
-197.40216619101773	396.77539370026187	-6.2000019158249332e-006	5.0066156685927641e-009	-1	
-198.57570586021865	396.4381439693862	-6.1995451144333281e-006	5.0123961534072217e-009	-1	
153.71100559639393	195.83541724831784	-2.0664411826479376e-005	8.1479051866296909e-008	-1	
158.75701234008523	196.40320942233936	-2.0747750968764936e-005	8.7880130554013187e-008	-1	
161.69647855344084	192.26266472498386	-2.1267534068516833e-005	1.0105799839197063e-007	-1	
164.7062891905023	187.91244571403973	-2.1806354105136283e-005	1.1533077206632119e-007	-1	
172.4046750194758	180.94663801419216	-2.2668458929943358e-005	1.4186778655430236e-007	-1	
169.82861808509398	189.23347266674705	-2.1735783592767564e-005	1.1766813014287799e-007	-1	
178.82288254350883	173.43239935154799	-2.3512578380959633e-005	1.6888666421148043e-007	-1	
200	143.79316904800208	-2.636683701859358e-005	2.7550595135536461e-007	-1	
200	150.03837248711295	-2.5807886008793407e-005	2.5288164940627551e-007	-1	
194.67128145928649	155.23949622926298	-2.5332629015081477e-005	2.3415474339698631e-007	-1	
192.67143066088929	160.28785640697416	-2.4844045085339082e-005	2.1658993510924516e-007	-1	
183.9679221688742	170.84847777342139	-2.3784817369308689e-005	1.7963550476987207e-007	-1	
186.80852297590906	165.22303398643987	-2.4364491971683124e-005	1.9869798256462627e-007	-1	
200	137.54796560889119	-2.6883750608345149e-005	2.9874992969457359e-007	-1	
200	0	-2.696774759828294e-005	6.5395132106410952e-007	-1	
200	0.15348994845174077	-2.6967760258323707e-005	6.5395065031209864e-007	-1	
200	0.54381516339617098	-2.6967887331826903e-005	6.5394391528592905e-007	-1	
200	0.93414037834060115	-2.6968161609893179e-005	6.539293846133253e-007	-1	
60.551558406004844	325.71093170376872	-1.0709010256466471e-005	-2.8225527027531213e-008	-1	
58.205231194966501	333.77617755159548	-1.0608787070528449e-005	-2.6730586127437037e-008	-1	
54.328858356622057	340.75393622812459	-1.0469182379311696e-005	-2.5653127848355863e-008	-1	
50.403275034020218	347.72773868673801	-1.0336522814752042e-005	-2.4677459896676844e-008	-1	
42.449334470164793	350.32256982611386	-1.0086826840906706e-005	-2.4268461197987692e-008	-1	
31.447210719579921	358.6759485063904	-9.7582595760415734e-006	-2.2865303842117447e-008	-1	
37.782272082089037	357.26640506328852	-9.9473861273496476e-006	-2.3303226268692496e-008	-1	
-2.125645515667002	369.18605029885458	-8.8262047654155862e-006	-1.8851557286374689e-008	-1	
15.363150875604186	367.54688410273104	-9.3050142659316484e-006	-2.0900640124061697e-008	-1	
9.4368767049218096	368.4798351321158	-9.1403386336055339e-006	-2.0252265428618679e-008	-1	
4.1309738042370423	371.27957040135681	-9.0007267204833073e-006	-1.9493701638568861e-008	-1	
21.181934018030727	366.26848753917659	-9.4686008710424937e-006	-2.1499602659542958e-008	-1	
31.730221393881319	366.27469019926639	-9.7752439814837729e-006	-2.2180180735414378e-008	-1	
26.696125485313658	368.52375415189431	-9.6310274348237522e-006	-2.1717158276442724e-008	-1	
-15.02702466556701	374.22333422982075	-8.5042641686945523e-006	-1.6836727715441141e-008	-1	
-19.18102210425613	377.19358210829688	-8.40868150440527e-006	-1.6121650742745107e-008	-1	
-5.692323360081109	373.23892247516153	-8.7423864673670605e-006	-1.818275988563615e-008	-1	
-10.116029054469688	376.33372322040373	-8.6350472431079983e-006	-1.7459072810882009e-008	-1	
-34.452820814937226	386.54239454721619	-8.066054504816842e-006	-1.3570933987714937e-008	-1	
-27.198937331963869	388.87993194452167	-8.237366435890504e-006	-1.4683894278526762e-008	-1	
-21.45196740054325	386.92708840695389	-8.372201099874902e-006	-1.5574420418714709e-008	-1	
-15.545907316790078	385.5271899956503	-8.5153084522061485e-006	-1.6451286423066337e-008	-1	
-39.927714288496063	385.66728721296056	-7.9418441413758851e-006	-1.2689342483027305e-008	-1	
-46.253684842285118	386.02515701024004	-7.8055358333438928e-006	-1.163585762142889e-008	-1	
-81.187644708441482	400	-7.1609603464229359e-006	-5.8169064162501658e-009	-1	
-68.69723783021972	400	-7.376788082877239e-006	-7.8632865280174355e-009	-1	
-53.405852783664969	395.42593674740669	-7.6689389704620303e-006	-1.0415622716580055e-008	-1	
-48.698150774156844	392.85590267606136	-7.7633954097692768e-006	-1.1203806701290988e-008	-1	
-56.206830951997944	400	-7.6141304361099071e-006	-9.9468081826084314e-009	-1	
-62.452034391108832	400	-7.4927756382699829e-006	-8.9031984148389079e-009	-1	
144.11783457199235	242.01538198839501	-1.6367186021952681e-005	1.0813517374149905e-008	-1	
150.7846498561866	234.77121437746007	-1.7102016553338361e-005	2.3148669747616817e-008	-1	
128.50651022836914	267.19111703438347	-1.4460086405580572e-005	-1.1876635756385826e-008	-1	
131.41459498509158	261.6267116697984	-1.4812185554306674e-005	-8.6918884065093077e-009	-1	
137.10961063991977	256.12172081201157	-1.5299814793555238e-005	-2.4892080845205165e-009	-1	
141.74084366316717	250.00196859872247	-1.580608036637396e-005	4.1379820387422948e-009	-1	
139.29577376744021	260.26329781983543	-1.5187413684060785e-005	-2.0601837882655333e-009	-1	
149.80747344456276	223.18356835105939	-1.7927839215581474e-005	3.3315875222318893e-008	-1	
151.40610862157649	230.15360496925871	-1.7453487908446189e-005	2.8028153254861193e-008	-1	
150.26612223842756	218.09352661079959	-1.836634774005172e-005	3.9878010117874135e-008	-1	
155.05060206592526	212.92044429441268	-1.8999894500559993e-005	5.3312916866288589e-008	-1	
155.86523543501175	200.57720011968669	-2.0225174478505114e-005	7.5288465848619054e-008	-1	
157.90315295485027	206.39648771842818	-1.9703965699231381e-005	6.7472585743496882e-008	-1	
99.688037487231711	310.69752449898846	-1.2235871795656896e-005	-2.4155189814564772e-008	-1	
107.7609527696918	302.91066290887272	-1.265271219865992e-005	-2.2502831060136903e-008	-1	
108.01800159579525	309.57361639905918	-1.2544458603878872e-005	-2.1755057894392912e-008	-1	
112.96867570722443	298.45458421874531	-1.2929194179541906e-005	-2.0903349123273e-008	-1	
95.363874374478854	318.075823615979	-1.1989461762512735e-005	-2.423751966327545e-008	-1	
100.46726202112012	317.8459040191168	-1.2164570006042813e-005	-2.3026296674136647e-008	-1	
90.336510421101693	318.98303923158318	-1.1805210345350622e-005	-2.525040701422859e-008	-1	
81.426672358738813	318.90108145904679	-1.1490988068365065e-005	-2.7054991808329785e-008	-1	
85.623150383293208	321.07793326229296	-1.1621171472450103e-005	-2.5865159775801458e-008	-1	
119.4159207798332	282.55619779484704	-1.3569286751333851e-005	-1.8588385646477768e-008	-1	
129.27631633020007	273.42224555009301	-1.4254073865570701e-005	-1.2172092884989668e-008	-1	
124.68835303021272	281.10592704339797	-1.3814882155540411e-005	-1.563167579122091e-008	-1	
116.2622468933625	294.4109143400841	-1.3139756986694944e-005	-1.9763271538348485e-008	-1	
120.83999680914185	291.9122981321936	-1.336533647602458e-005	-1.7787591829166437e-008	-1	
74.840314029648141	323.80663724778782	-1.1222593030609464e-005	-2.7143419889861545e-008	-1	
68.648400016319428	327.94579140957211	-1.0984725371112551e-005	-2.7072811914993649e-008	-1	
80.706512018180405	323.99269925917002	-1.1426905819430033e-005	-2.6208486167313937e-008	-1	
-194.38195704232626	398.82315609639818	-6.2023249049308465e-006	4.9772308634820345e-009	-1	
-196.90736945142314	397.89168619000208	-6.2006008063840745e-006	4.9990384448313707e-009	-1	
-195.78216377595254	398.63931439754242	-6.2013508704083803e-006	4.9895503454991243e-009	-1	
-193.60130661243738	400	-6.2030261687214406e-006	4.9683624118722519e-009	-1	
-200	396.72390833199279	-6.1995363373900583e-006	5.0125073556390524e-009	-1	
-198.06770956497624	397.7991049649961	-6.2001826297769731e-006	5.0043289456024377e-009	-1	
-199.15296376793322	397.77120374881565	-6.1999701385689205e-006	5.007017330724974e-009	-1	
161.5948505107456	201.45800767591226	-2.0296283668887608e-005	8.1237420056094217e-008	-1	
166.86641164932965	199.04658609739246	-2.066183934101687e-005	9.2302686252011402e-008	-1	
166.85862691357889	193.69059062753439	-2.1217697750986411e-005	1.0401229325049334e-007	-1	
178.6175984699226	179.75519951770499	-2.282941769711818e-005	1.5022769574637956e-007	-1	
176.66037567135044	186.3437866299715	-2.2116799857934938e-005	1.3100568915002347e-007	-1	
171.2770710783299	196.36217197929244	-2.1012816098477826e-005	1.0243172538900172e-007	-1	
176.15557752953316	194.6709680999061	-2.1250836572408811e-005	1.1034870318853545e-007	-1	
184.9144773712687	179.14753217959534	-2.2912432073498904e-005	1.5554712385484723e-007	-1	
200	156.28357592622382	-2.5222356287537488e-005	2.308935671754612e-007	-1	
200	162.52877936533471	-2.4609574480049009e-005	2.0985544427678323e-007	-1	
195.03827550339983	165.65138108489018	-2.4301006159003551e-005	1.9938428349146779e-007	-1	
189.56267326163413	172.20746404213406	-2.363828258890968e-005	1.776542566114294e-007	-1	
64.914717697735526	334.39032495881878	-1.0833255513101235e-005	-2.6200177497930667e-008	-1	
60.005687714756277	340.26869189420455	-1.0654960187102852e-005	-2.5526301429110484e-008	-1	
61.870209885500671	345.33068017925928	-1.0703375109651073e-005	-2.468217640850866e-008	-1	
58.244938599720278	349.32537371290164	-1.0581503708946663e-005	-2.4295944231238046e-008	-1	
53.67366253663878	351.71912842706814	-1.0435457754602426e-005	-2.4109364675514617e-008	-1	
46.967729967009397	354.46319831937399	-1.0226887126378069e-005	-2.380939270540486e-008	-1	
43.795787524918921	359.70719329736244	-1.0130133299612531e-005	-2.3194217038495552e-008	-1	
35.58515855380675	362.33262604800075	-9.8852701065085906e-006	-2.2707874844547551e-008	-1	
40.581112631582322	363.80524524713849	-1.0034681144183893e-005	-2.2738582949799837e-008	-1	
-0.5127003255331799	374.7615744194016	-8.8830004345451199e-006	-1.8775000582248877e-008	-1	
9.7059269239710879	374.47305923513045	-9.1594692715439393e-006	-1.9934096113658172e-008	-1	
19.604022980705594	372.96808734731275	-9.4337855563948773e-006	-2.0915738428568621e-008	-1	
7.3927848063752899	380.46704344953031	-9.1061189795987924e-006	-1.9423025586753079e-008	-1	
37.069182518715905	367.65160863809018	-9.932463672888832e-006	-2.2303974995797854e-008	-1	
32.430186945699802	374.59988648303778	-9.8020090906121508e-006	-2.1622983072556964e-008	-1	
26.274355249491617	374.66547011348013	-9.6255966652363602e-006	-2.1282978469854843e-008	-1	
-14.388361880740709	379.50640749659442	-8.5332043516704775e-006	-1.6758086259424077e-008	-1	
-2.3544484302648261	380.26575694943222	-8.8447759120431075e-006	-1.8332214269864406e-008	-1	
-9.4725054795812902	381.66319254950662	-8.6624558021571526e-006	-1.7371209810808013e-008	-1	
-34.334460562950014	392.08552202581831	-8.075866812579193e-006	-1.354453033697846e-008	-1	
-28.103415475998972	394.84160743440697	-8.22159032934917e-006	-1.449937864711331e-008	-1	
-22.726895666231183	392.60785904545912	-8.3477522929375123e-006	-1.5318667617281368e-008	-1	
-15.613008597777208	395.00596060801945	-8.5233900175321401e-006	-1.6313553950988645e-008	-1	
-10.154597318361663	392.79308527208804	-8.6589463260657483e-006	-1.7066955097346544e-008	-1	
-6.5194833407038919	386.14616323517765	-8.7451400337845645e-006	-1.7644744519811945e-008	-1	
-42.79255019974142	391.1165302573724	-7.8871335495650234e-006	-1.2184389316718136e-008	-1	
-49.961627512887063	400	-7.7407612800256369e-006	-1.0985311726782597e-008	-1	
-43.716424073776182	400	-7.8727005507928827e-006	-1.2012458996068473e-008	-1	
150.78527572794223	241.00631335374035	-1.6685520764611105e-005	1.8140547823416241e-008	-1	
148.76247803699877	246.90417306190912	-1.6249420052976099e-005	1.2215427711457377e-008	-1	
157.14017904708643	234.10499089031995	-1.7363461374270121e-005	2.9968363664036893e-008	-1	
157.17093061938579	240.49526939536167	-1.6926994332139548e-005	2.4172453507685726e-008	-1	
135.64527448301746	267.37987925336387	-1.4733036641625871e-005	-6.7871955755409535e-009	-1	
142.75911426646911	255.78736705048385	-1.5538393689255704e-005	2.4278006593031668e-009	-1	
146.63594078852904	251.59075615631289	-1.5903306823342483e-005	7.6475335558826184e-009	-1	
144.65638730421034	266.19926436581676	-1.5101477130348265e-005	-3.2719244445373997e-010	-1	
145.03818194735601	260.75088235562896	-1.5371603594723569e-005	2.0656573061143285e-009	-1	
153.91345889337347	226.22655489849194	-1.784054022901247e-005	3.4825815175375519e-008	-1	
156.40282351766703	218.97016248562639	-1.8514011857794839e-005	4.643661631374785e-008	-1	
156.06077052954157	229.94708580228206	-1.7630705019531259e-005	3.3110198814038036e-008	-1	
161.97813777457577	212.06385063368543	-1.9291959296359158e-005	6.2962396810607128e-008	-1	
160.74256134598309	217.61474957931301	-1.8766401738858566e-005	5.3215887641848856e-008	-1	
163.27513936305255	207.1727473060738	-1.9779886572573569e-005	7.2606420009999459e-008	-1	
105.53229666491497	314.88693439801591	-1.2374808250599138e-005	-2.1994382933640409e-008	-1	
113.77184997316607	306.20400927631977	-1.2798256700160955e-005	-2.0125871075421841e-008	-1	
111.38147044832368	315.33105511687978	-1.2556719812121742e-005	-2.032332616690685e-008	-1	
119.67158727629918	302.42568659989814	-1.3073664529256775e-005	-1.8148317706574073e-008	-1	
120.66019501390353	297.21393584816792	-1.3227912825794201e-005	-1.7817551197922427e-008	-1	
93.689711320923166	322.90227226514344	-1.1878264778263715e-005	-2.3974135857651329e-008	-1	
107.92858624299151	322.06679398965196	-1.234687280361486e-005	-2.0783387790476232e-008	-1	
100.86574889292694	325.84668018970075	-1.2077821077103572e-005	-2.2091499441351777e-008	-1	
87.36811124371053	325.47159041544865	-1.1641753111456321e-005	-2.4843393301567111e-008	-1	
125.9051829406361	289.44489017207798	-1.3612321022634602e-005	-1.532703812476668e-008	-1	
130.00509357615545	279.06899022091369	-1.4081988086382623e-005	-1.2362935708738869e-008	-1	
138.20368424946344	274.04712199123634	-1.4553215888814861e-005	-6.6865204877071059e-009	-1	
135.76673610502473	279.27196725678073	-1.4274921873527611e-005	-9.1332102207910166e-009	-1	
128.85647237211958	284.64550445305753	-1.3858981818651291e-005	-1.3552302155607281e-008	-1	
125.33324122994708	294.70349162059915	-1.3446808140777704e-005	-1.5822546912084965e-008	-1	
75.915684458871254	329.57642722253485	-1.1225810996602871e-005	-2.594979169646001e-008	-1	
72.394324040173444	336.03630860484589	-1.10749011548601e-005	-2.5282705268844331e-008	-1	
84.391557727855329	332.88619652416872	-1.1485151711298986e-005	-2.4253249056708517e-008	-1	
-195.16260747221509	400	-6.2018512483280584e-006	4.9832216966877068e-009	-1	
-197.13288271319294	398.66368859294289	-6.2006986123291005e-006	4.9978010043198082e-009	-1	
-197.91469966343692	398.47499254716638	-6.2003955691486004e-006	5.0016344087465987e-009	-1	
-196.72390833199282	400	-6.2009893668395377e-006	4.9941230949249519e-009	-1	
-200	398.28520919177049	-6.2000710142429971e-006	5.0057402686275675e-009	-1	
-198.97649917309954	398.39295394501312	-6.2001552181965543e-006	5.0046749204781239e-009	-1	
-199.55775758582647	398.67553440671492	-6.2001618416802051e-006	5.0045905018167005e-009	-1	
167.14998977539091	203.91842108335342	-2.0184604357359735e-005	8.280493358140699e-008	-1	
171.45533733950037	201.62077554144966	-2.0492223367861381e-005	9.1445288689362444e-008	-1	
182.20588919909054	184.00927123797163	-2.2397453439458357e-005	1.4088783267964127e-007	-1	
182.74047693337269	189.54887163083032	-2.1831262759782897e-005	1.2691391086389381e-007	-1	
181.26051160855715	198.84897839318884	-2.089296236670402e-005	1.0447632356449462e-007	-1	
185.56372332361983	194.76595672218826	-2.1327267299623297e-005	1.1582151729345299e-007	-1	
176.42829339504721	203.33961187845341	-2.0402111083874523e-005	9.1930018619864814e-008	-1	
192.77303552698748	178.8097767693279	-2.295994642938982e-005	1.5926396127153222e-007	-1	
191.06547927233004	185.94988957373448	-2.2231962175091433e-005	1.3952869475540511e-007	-1	
200	168.77398280444561	-2.3982477351898249e-005	1.8984559668209889e-007	-1	
195.24381115452292	171.89658452400104	-2.3666513033466089e-005	1.7989585754381579e-007	-1	
69.220710807928896	340.72374398299473	-1.0952376318836494e-005	-2.4863591231849212e-008	-1	
67.220531357624665	346.01932266136214	-1.08705108583283e-005	-2.4281954040423761e-008	-1	
67.508928873526017	351.70649175238725	-1.0862288922390414e-005	-2.3578350246272004e-008	-1	
58.477338191461996	355.33086619046009	-1.0577914827995552e-005	-2.3576509207127735e-008	-1	
52.643523137871782	356.77535620037941	-1.0399088648934705e-005	-2.3540113012271139e-008	-1	
51.72871712815347	362.23675389275496	-1.0367119349349186e-005	-2.3000353266980451e-008	-1	
48.75997605276028	366.91118553916669	-1.0276666475065132e-005	-2.258439387050268e-008	-1	
43.061181295726882	369.59614636231623	-1.0108748681096594e-005	-2.2317396080383547e-008	-1	
14.644082862278058	378.58317956763091	-9.3027086568528579e-006	-2.0193315084033522e-008	-1	
22.036351715625234	377.3647265234402	-9.5080532876508603e-006	-2.0847720586121517e-008	-1	
6.9709481026130105	385.99825123232176	-9.1016735777658531e-006	-1.919371240901621e-008	-1	
0.67747257450220255	385.78488848489775	-8.9331239713784415e-006	-1.8516735479905781e-008	-1	
12.376818014875823	384.75375284632622	-9.2473806647497706e-006	-1.9751114768311706e-008	-1	
38.451261909273974	373.59709377336304	-9.9751943804057129e-006	-2.1923977341738256e-008	-1	
31.624337559383985	379.63279749965164	-9.7817275088396292e-006	-2.1314934792737611e-008	-1	
39.375054232741718	380.25999119801344	-1.0003351022454368e-005	-2.1587755975060047e-008	-1	
26.337502274340281	379.96217969742423	-9.6317559374858322e-006	-2.100987361669493e-008	-1	
-37.471220634665301	400	-8.0091933872547191e-006	-1.3022073893396837e-008	-1	
-38.934705063629181	394.84113641718363	-7.9748558256289252e-006	-1.2797143579293346e-008	-1	
-31.226017195554416	400	-8.1508097742712107e-006	-1.4005599018781092e-008	-1	
-24.980813756443531	400	-8.2969811746724798e-006	-1.4954329515148126e-008	-1	
-18.73561031733265	400	-8.447873711049726e-006	-1.5859631345983785e-008	-1	
-12.490406878221766	400	-8.6026317157503462e-006	-1.6718569978458272e-008	-1	
-6.2452034391108828	400	-8.7614421496628007e-006	-1.7519363004874492e-008	-1	
-2.6160239024994913	392.0410632983502	-8.8524433658293382e-006	-1.8014002702852748e-008	-1	
154.24447940171638	246.19383391553811	-1.6475787674757027e-005	1.7317140916670703e-008	-1	
151.35454490498273	250.90607322081766	-1.6103266117023191e-005	1.1845054069678251e-008	-1	
161.49782861339142	229.84454868011468	-1.7803441280104629e-005	3.8335375466978081e-008	-1	
163.52993642927458	234.19220114183435	-1.7539584638626593e-005	3.5284879955894276e-008	-1	
163.009829985973	243.13060779998432	-1.6915886809717626e-005	2.6289142713614498e-008	-1	
148.38165744366043	256.43210876998165	-1.5702037240685355e-005	6.4877833821630772e-009	-1	
150.86773372657521	266.58564956916399	-1.5275456561438475e-005	3.4112215252130447e-009	-1	
147.04619572112409	271.49746849669822	-1.4944191818702887e-005	-6.8358558264905746e-010	-1	
153.30048665967914	260.6088683071402	-1.5639850573999858e-005	7.7372810750159678e-009	-1	
158.48537100840744	226.40101614888215	-1.7977989079199552e-005	3.9483517530339398e-008	-1	
159.72589670692344	222.04609943875812	-1.8365769343888883e-005	4.6133395278686648e-008	-1	
168.0975219181594	208.70563065913282	-1.9749776352132362e-005	7.4848598796895037e-008	-1	
167.46862916144858	214.81416900359184	-1.9184562031537146e-005	6.4047800835977296e-008	-1	
164.71374539450073	219.82838139556381	-1.8686116297400892e-005	5.3979417655268553e-008	-1	
118.84057618144874	309.3821255634324	-1.2899755910184905e-005	-1.8329166825546142e-008	-1	
116.99244824894009	315.07218985604135	-1.273530063438579e-005	-1.8723466552882222e-008	-1	
116.33728520760805	323.92073305395985	-1.2568414916563679e-005	-1.8627302975539756e-008	-1	
125.47375502708955	309.50566527467635	-1.3098200904001496e-005	-1.6144336392501366e-008	-1	
126.46460572489086	304.13960691608418	-1.3248117164981675e-005	-1.5684968250685354e-008	-1	
92.008651703091658	330.4745303050085	-1.1748552190282934e-005	-2.3336470005797734e-008	-1	
97.281778253992258	329.7770165083395	-1.1921791148723455e-005	-2.2432694540660721e-008	-1	
107.92354072076769	329.63597902110098	-1.2245727309821422e-005	-2.0286226273726313e-008	-1	
101.764392867132	332.64032846277661	-1.2028286795846616e-005	-2.1311851525138753e-008	-1	
131.36370900249034	290.84085070890615	-1.3752020124239887e-005	-1.2908046771654008e-008	-1	
143.80753447290365	276.32377397825621	-1.4643536007782594e-005	-4.0383071321703335e-009	-1	
144.30313073960659	282.35209596179214	-1.4427784231458225e-005	-5.359384468750595e-009	-1	
138.50207984235163	284.34696666035023	-1.4184575085293685e-005	-8.6129718094106271e-009	-1	
129.90549457550102	297.36328594702474	-1.3523027292447039e-005	-1.404640027385713e-008	-1	
78.878568305375296	336.31076950549203	-1.1284052193279764e-005	-2.4518056761209044e-008	-1	
74.841785859375534	341.39261365505581	-1.1128552343144908e-005	-2.4275966982946915e-008	-1	
88.404346095966019	339.79516056322529	-1.1560161738769438e-005	-2.284377259340969e-008	-1	
82.962509875917505	339.90910036473747	-1.1391729464839273e-005	-2.3548201322241765e-008	-1	
93.452278269030842	336.38999454494825	-1.1741920995754377e-005	-2.2439520956758509e-008	-1	
-197.77120374881579	399.15296376793327	-6.2005500153121325e-006	4.9996803598236474e-009	-1	
-198.3929539450132	398.97649917309974	-6.2003702532193328e-006	5.0019540639830607e-009	-1	
-198.28520919177055	400	-6.2004515742995236e-006	5.000925166029319e-009	-1	
-200	399.06585962165934	-6.2002064541381463e-006	5.0040256112003071e-009	-1	
-199.03647259179169	399.03647259179172	-6.2002623018153455e-006	5.0033193210431177e-009	-1	
-199.62942442695442	399.26102222913158	-6.2002356882920098e-006	5.0036554046279232e-009	-1	
172.55869950576653	206.48183962057701	-2.0044903321649218e-005	8.2858646639037046e-008	-1	
190.62618836807991	191.8004924591697	-2.1646402221410959e-005	1.2477670338747161e-007	-1	
184.2874857247935	204.71016851649929	-2.0364164051196717e-005	9.3795566717283516e-008	-1	
190.73823582091552	197.66649416305057	-2.1076369914370758e-005	1.1123057541348756e-007	-1	
177.04209493526798	208.04927646340576	-1.9971069535869425e-005	8.3246432468584855e-008	-1	
200	175.01918624355648	-2.3348561345340888e-005	1.7099999815615995e-007	-1	
200	181.26438968266734	-2.2715182969324714e-005	1.5330155772896268e-007	-1	
200	187.50959312177821	-2.2087950765705258e-005	1.3677357453953724e-007	-1	
73.811259772804434	347.19072447947542	-1.107125500474866e-005	-2.3646514020603994e-008	-1	
73.126422958742467	352.6396721206163	-1.102938853111911e-005	-2.3104606628312474e-008	-1	
68.821252956182619	361.18114448550688	-1.0875756730506569e-005	-2.257181299931903e-008	-1	
63.147736657086355	359.14281489174346	-1.0712275455390604e-005	-2.3020279428115369e-008	-1	
73.90005055178284	358.38531124063513	-1.1032987950503296e-005	-2.250780299025197e-008	-1	
59.637074726829852	364.04371557838982	-1.0600019822751942e-005	-2.2697824218663073e-008	-1	
54.593480046986791	366.97562171203202	-1.044819715193943e-005	-2.2564050773388146e-008	-1	
44.28100782027775	375.65790322131716	-1.0143835268816397e-005	-2.1938586436509141e-008	-1	
50.21610969388643	377.39210007217605	-1.0314540572004667e-005	-2.1893373409647897e-008	-1	
55.515728852465841	372.73612325372289	-1.0470068327737004e-005	-2.2149367732813731e-008	-1	
17.963699639196733	383.30473157702886	-9.3999563325074856e-006	-2.0279351009630935e-008	-1	
23.331559929157415	385.42581262934959	-9.5512075416762502e-006	-2.0600362409779997e-008	-1	
3.6395226523013178	391.3392285892478	-9.0168831506226887e-006	-1.8729466071379233e-008	-1	
11.287536970288837	392.38541501035411	-9.2231278691184271e-006	-1.9476143397037599e-008	-1	
18.445427252667688	389.9384280683546	-9.4178872395586166e-006	-2.0131211670527422e-008	-1	
34.923304261739055	383.51820677427531	-9.8772249920033628e-006	-2.1286949951936023e-008	-1	
29.454679556805907	384.24497384996914	-9.7225915613580189e-006	-2.1006061550331016e-008	-1	
39.763668059233311	386.16488863154956	-1.0015117418388685e-005	-2.13614480289469e-008	-1	
45.148749184678728	383.71137366744324	-1.0168268097535339e-005	-2.1563448336682639e-008	-1	
0	400	-8.9237203800947699e-006	-1.8259030658970955e-008	-1	
157.53881139809721	250.63278619769363	-1.6304584325237839e-005	1.6544181684106786e-008	-1	
153.86435947748404	254.96006462949529	-1.5955155369509741e-005	1.1260607044788253e-008	-1	
162.91598364387747	225.2597498390773	-1.8196523224638e-005	4.5078176243310967e-008	-1	
166.28370356599663	230.20084215647475	-1.7901959564069337e-005	4.1900079369939939e-008	-1	
166.92087755866896	239.8143100653302	-1.7231278034135498e-005	3.2029647673234789e-008	-1	
169.92677282457251	235.65994881103592	-1.7586725129121069e-005	3.8293735980491766e-008	-1	
162.87792980506842	252.70835174430573	-1.6323339862381848e-005	1.8509660196239467e-008	-1	
168.35494946434511	251.03013443005872	-1.6545959516449102e-005	2.2890849511415956e-008	-1	
171.39337289016302	246.15821094524279	-1.6911168389981634e-005	2.8715963417587235e-008	-1	
154.63760821311359	272.02222197288216	-1.5130711053955235e-005	3.1803765498131654e-009	-1	
157.04881297226581	265.86151058907552	-1.5477647633867722e-005	7.2236343858226859e-009	-1	
149.85039818400605	276.58849980962572	-1.4808163961686767e-005	-9.5243416470956472e-010	-1	
162.3108258118196	258.40857549103555	-1.5991163462559647e-005	1.4331678938279165e-008	-1	
173.55211621889333	210.83606065140694	-1.966202820489877e-005	7.5740308380992648e-008	-1	
173.53452136182619	216.03392180766846	-1.9203611477021553e-005	6.7063225919330087e-008	-1	
170.42298114785262	220.19762060508322	-1.8788589989032063e-005	5.8293620485487234e-008	-1	
167.76618356655041	225.58386987571987	-1.8292736142536272e-005	4.8765321385996805e-008	-1	
122.52399508877815	314.09644774822954	-1.2918694111510538e-005	-1.7114489657592024e-008	-1	
120.34100040818916	319.5818773772636	-1.2754885718381517e-005	-1.769613927700581e-008	-1	
118.09451935071084	329.71551809324939	-1.2531464749539081e-005	-1.8068671018956441e-008	-1	
112.98231391153632	333.0920459944407	-1.2345768185789318e-005	-1.9051749222979114e-008	-1	
121.68901707556024	324.8424295868387	-1.270258220924104e-005	-1.73092327855732e-008	-1	
130.86723381729558	310.33437146672986	-1.3231824498001417e-005	-1.4480202194329245e-008	-1	
131.52687591218782	315.74295535778924	-1.3133119523552713e-005	-1.4545219706218808e-008	-1	
133.88186480111929	305.79565937723231	-1.342127702330325e-005	-1.3198176899716464e-008	-1	
98.542564799088339	336.58612469334412	-1.1893268583817351e-005	-2.1569589904987496e-008	-1	
107.03480806078414	337.02027612652358	-1.2133466331695065e-005	-2.0027195093153723e-008	-1	
136.94776159087596	294.51330321924235	-1.3811822922810701e-005	-1.0913406580339327e-008	-1	
150.43741765898304	282.39926170439065	-1.4593840440169629e-005	-2.5086623862635433e-009	-1	
147.61785457651831	287.51390828901958	-1.4334480144718605e-005	-5.1062308286131596e-009	-1	
143.37402662838196	292.67709287773488	-1.4048891963257554e-005	-7.970005065496794e-009	-1	
137.96974709980677	302.04134890746923	-1.3628969826167527e-005	-1.1426206099441197e-008	-1	
79.899786357379085	344.40868794285973	-1.1271391808561733e-005	-2.3378963879225062e-008	-1	
89.519323236575133	345.44632056552416	-1.1555133468240749e-005	-2.2146272279221661e-008	-1	
94.409994319937979	342.4032760784977	-1.1720835488053827e-005	-2.1734143813756018e-008	-1	
-198.675534406715	399.55775758582649	-6.200362106428765e-006	5.0020564830005845e-009	-1	
-199.0658596216594	400	-6.200317555383711e-006	5.0026197831247849e-009	-1	
-200	399.45618483660382	-6.2002428028537495e-006	5.0035650216301228e-009	-1	
-199.26102222913161	399.62942442695442	-6.2002884397135785e-006	5.002987782739149e-009	-1	
-199.67712266936709	399.67712266936707	-6.2002620530519731e-006	5.0033212596385989e-009	-1	
200	193.75479656088913	-2.1473128301661473e-005	1.214784404626498e-007	-1	
190.64516836444085	204.05696672573882	-2.0471955257422657e-005	9.7559165671613731e-008	-1	
182.26220911937369	209.84589476331172	-1.987464696355166e-005	8.3007726086050722e-008	-1	
191.24262636692694	210.42012985905478	-1.9898433210017519e-005	8.5373934970788755e-008	-1	
200	200	-2.0874911170795289e-005	1.0738854511544065e-007	-1	
177.57856346647478	212.76837535499055	-1.9552615939577918e-005	7.5103982021016512e-008	-1	
78.568250710333956	351.90038693897293	-1.1194745016294018e-005	-2.2730292311721286e-008	-1	
66.479440133663132	367.60843017635881	-1.0793785264688781e-005	-2.2189490501394518e-008	-1	
75.02357062386632	365.33757485101762	-1.1044202506551731e-005	-2.189606106519996e-008	-1	
79.600964420224926	359.43908997206279	-1.1194454962332151e-005	-2.1987674039714189e-008	-1	
62.554110909770699	373.21074033660557	-1.0672344235404413e-005	-2.1967711668119001e-008	-1	
51.431955802899161	383.55844350100438	-1.0347034391381904e-005	-2.1616624342898938e-008	-1	
56.703717558182412	379.68973858641459	-1.0498826684518292e-005	-2.1747531674427316e-008	-1	
24.921210190607177	391.45573686134924	-9.5984295435612987e-006	-2.054662137730057e-008	-1	
6.2452034391108828	400	-9.0893561358492712e-006	-1.8927846469282683e-008	-1	
12.490406878221766	400	-9.2577503066457318e-006	-1.9525342331144544e-008	-1	
15.613008597777208	395.87397031500046	-9.342335499579493e-006	-1.981337379363285e-008	-1	
20.696568313853032	394.90847403144505	-9.4819772815697678e-006	-2.0218590510301751e-008	-1	
32.74953211196965	388.09942585131682	-9.8169787022333502e-006	-2.1048854742898867e-008	-1	
44.532186524836568	389.49457754790512	-1.0150311443677635e-005	-2.1379484738581623e-008	-1	
38.494382010719008	393.06205315821643	-9.9798464786025496e-006	-2.1159830604105447e-008	-1	
171.02623854039885	229.18963396333515	-1.808522774544105e-005	4.6558636098437428e-008	-1	
171.96686541472772	240.72652184845438	-1.7276272851903264e-005	3.4156205156223111e-008	-1	
175.65607726651436	233.30492805956581	-1.7864512541101981e-005	4.4315122114087889e-008	-1	
176.67273083093457	238.4380329814995	-1.751627847699915e-005	3.9012535748167891e-008	-1	
170.69271183483383	255.82654408320215	-1.6312785173693054e-005	2.0366095124030372e-008	-1	
173.41055804155781	251.5339545609161	-1.6612161607416298e-005	2.4929830678525974e-008	-1	
176.56787303313939	243.66979706752915	-1.7160511091618102e-005	3.3507366026033221e-008	-1	
157.22275737666482	278.77875551768994	-1.4901620153467916e-005	1.6513233147391753e-009	-1	
163.03875667709335	271.75808893491086	-1.5338339242237205e-005	7.2107877711330189e-009	-1	
163.77101154383533	265.02355680659508	-1.5679458573062014e-005	1.1111285535869755e-008	-1	
168.24436815056947	260.56746083688631	-1.6002730131934184e-005	1.5904620893789606e-008	-1	
175.58993750832536	220.81441772106774	-1.8834526761647091e-005	6.0964319055684934e-008	-1	
172.52095644540378	224.57311374362354	-1.8474734136398177e-005	5.361966304799715e-008	-1	
126.24379073083209	319.47020644336732	-1.2918860169786487e-005	-1.6128149611332141e-008	-1	
122.73445891388936	333.60632345143802	-1.2596414288203762e-005	-1.7051247189737194e-008	-1	
114.17529822245918	339.10140316087211	-1.2303771993694281e-005	-1.8634746984710278e-008	-1	
127.6579502988331	331.29183892349914	-1.2752671873464881e-005	-1.6001585305471199e-008	-1	
127.01768167573194	325.88927822157677	-1.2824315572209211e-005	-1.6059809191906344e-008	-1	
135.58608453031761	313.05840438653689	-1.3294719437852583e-005	-1.322994809200793e-008	-1	
136.33145230414391	317.86760550569301	-1.3208251007310328e-005	-1.3381874044784347e-008	-1	
132.05011977698484	322.31448714263138	-1.3015066327567309e-005	-1.472116385978942e-008	-1	
139.13588721521566	309.72930699819847	-1.3461419171948337e-005	-1.1887775315693337e-008	-1	
100.8336833341276	341.13587851652994	-1.1917169918078054e-005	-2.0840377498685672e-008	-1	
109.17266432460332	344.14398724344312	-1.2118048198472228e-005	-1.9311433379407076e-008	-1	
142.81676761924388	299.33727404248299	-1.3831582221272632e-005	-9.3381394112629992e-009	-1	
154.22296349792362	286.84664164801296	-1.451737201331543e-005	-2.3054214301339913e-009	-1	
151.02373197979506	294.63901343587446	-1.4173974562651014e-005	-5.5450362349111124e-009	-1	
142.59646447068954	305.10714654613793	-1.3664774927511185e-005	-1.0271073181074741e-008	-1	
87.224866258859521	350.72971441541608	-1.1455469660491629e-005	-2.1950815069052892e-008	-1	
92.709581275669024	349.97168857624575	-1.1616997943996535e-005	-2.1364192295518301e-008	-1	
97.869031302265569	347.96251526079527	-1.1776852486090312e-005	-2.082069244518662e-008	-1	
-199.45618483660382	400	-6.2002812878422169e-006	5.0030777368946708e-009	-1	
-200	399.84651005154831	-6.200260166857229e-006	5.003344738305869e-009	-1	
-199.84651005154825	400	-6.2002639297044295e-006	5.0032968207677404e-009	-1	
200	206.24520343911087	-2.0296025992021313e-005	9.4458242661997014e-008	-1	
182.53679954869932	215.50026900381789	-1.9380961870574083e-005	7.3220511451533813e-008	-1	
188.36622917724489	215.49050305784937	-1.9435899753213364e-005	7.5477686890269673e-008	-1	
200	212.49040687822176	-1.9739314918249473e-005	8.2649623062666897e-008	-1	
194.63840730223617	215.6130085977772	-1.9458593882571148e-005	7.6664111502339556e-008	-1	
180.79308494649047	220.88606581966792	-1.8907052455435239e-005	6.3796956866076416e-008	-1	
84.786070331053239	356.28641705650671	-1.1356180785775348e-005	-2.1762912579503553e-008	-1	
71.83422059815139	371.86523823224792	-1.0938078377796736e-005	-2.1669237682721602e-008	-1	
78.956637586748684	370.43222774878194	-1.1140581754892001e-005	-2.132199881896751e-008	-1	
82.484220790511841	365.0488588571173	-1.1255220612646576e-005	-2.1367854527900304e-008	-1	
87.50648270229614	361.23315976914319	-1.1410131676838955e-005	-2.1166549635891551e-008	-1	
62.449796353035758	378.62812255953128	-1.0662992945949141e-005	-2.1685476530396429e-008	-1	
70.954372764123363	377.37804312372288	-1.0903628618658623e-005	-2.1426540189999929e-008	-1	
56.949733450553722	386.56779606826859	-1.0501893790502513e-005	-2.1484125560779287e-008	-1	
49.997118703262835	391.48458079456117	-1.0304594617422471e-005	-2.1387825744660651e-008	-1	
62.044043691541276	384.03129537313885	-1.0646783574378664e-005	-2.1476791323231691e-008	-1	
24.980813756443531	400	-9.6014212874414913e-006	-2.0476479240187943e-008	-1	
31.329455816367119	395.54983627903056	-9.7786424807769323e-006	-2.0832566623557868e-008	-1	
18.73561031733265	400	-9.4284790716309087e-006	-2.0046178985080541e-008	-1	
45.670526937783592	394.86735529763962	-1.0182306472856599e-005	-2.1304012254369639e-008	-1	
37.471220634665301	400	-9.9511868795218096e-006	-2.1079415105196909e-008	-1	
43.716424073776182	400	-1.0127158458701127e-005	-2.1237417828428925e-008	-1	
178.09839683668807	227.61229007305587	-1.8332392688329231e-005	5.2820259408670467e-008	-1	
180.71405942202838	234.97038392841179	-1.7817516960208584e-005	4.4661186400259336e-008	-1	
184.17976048780721	241.95990918520258	-1.7372357088875155e-005	3.8061066791957191e-008	-1	
176.02814541978537	255.88840620579492	-1.6398476171800731e-005	2.2488762771014335e-008	-1	
173.17573075996273	264.51073022115929	-1.5881241038578043e-005	1.5299598636513019e-008	-1	
179.23036824425981	250.99947731442109	-1.6732998034728021e-005	2.7684482363658306e-008	-1	
160.74642040965963	285.61488738901846	-1.4704116954437239e-005	5.144877297042828e-010	-1	
163.93282480282531	279.6462685556628	-1.5007716664320913e-005	3.9650534195966961e-009	-1	
169.94682624597675	276.54637010951245	-1.5248978381312239e-005	7.4294108983559994e-009	-1	
168.70237415322862	268.96682619086801	-1.5580658795395437e-005	1.0953900070734801e-008	-1	
120.19939891024735	340.86303386994291	-1.2436616870048736e-005	-1.749328911030334e-008	-1	
126.47578519107037	340.85268468407622	-1.2587305331901676e-005	-1.636752815093014e-008	-1	
131.40951368356869	335.23181077847414	-1.2779827654139203e-005	-1.5333283257774284e-008	-1	
116.11827619804366	345.63142660331619	-1.2281042701860355e-005	-1.8130374379984371e-008	-1	
131.71987658177525	328.07123152412862	-1.2902707633911238e-005	-1.5040681971246914e-008	-1	
141.22312905613171	315.95198782170928	-1.3364184857777112e-005	-1.194196925183259e-008	-1	
138.20578903198401	322.77524795271364	-1.3150609348175499e-005	-1.3278517951208832e-008	-1	
145.69451705403199	309.97972618905203	-1.3607535791297304e-005	-1.0038125863540735e-008	-1	
104.11616335534525	347.81550843281155	-1.1948655907884001e-005	-1.9933435986432303e-008	-1	
109.33976738761089	351.24511931601495	-1.2056951860118557e-005	-1.9023497697371934e-008	-1	
150.53286361480005	302.52102919887164	-1.3919288760794395e-005	-7.3692056745561484e-009	-1	
157.94357643581662	292.34480024887301	-1.4401699876285749e-005	-2.5837266231114564e-009	-1	
154.58888113032424	298.8173330491183	-1.4117477527369501e-005	-5.3483554049781683e-009	-1	
90.84173851863784	356.67827496552934	-1.1524800597739289e-005	-2.1112733633225079e-008	-1	
97.123415377181715	353.67699633688585	-1.1715750344454331e-005	-2.0574696633837411e-008	-1	
-200	400	-6.2002620465749485e-006	5.0033203552310908e-009	-1	
190.30146128213875	220.98934128678951	-1.8992198517688183e-005	6.7192868752750169e-008	-1	
200	218.73561031733266	-1.9208471786033844e-005	7.196662149583575e-008	-1	
185.48502616934508	226.66866168889038	-1.8496582771404055e-005	5.7252647957332863e-008	-1	
76.421720606556036	376.24965597723434	-1.1056786844681129e-005	-2.1191280577044469e-008	-1	
86.238263479229971	371.60105030196303	-1.133586718994894e-005	-2.0720135145068193e-008	-1	
82.738131985374011	375.64037559579822	-1.1230380718080106e-005	-2.0809605453045424e-008	-1	
88.54892042790361	366.78151362617712	-1.1415203802414133e-005	-2.0754322380082376e-008	-1	
93.251441487896017	364.2432856593108	-1.1551943293911091e-005	-2.0431829153978158e-008	-1	
67.097236134516066	381.41383883250887	-1.0790431405491337e-005	-2.1411913708345876e-008	-1	
73.764441054914357	383.9248047127312	-1.0971505573645493e-005	-2.1045667308216875e-008	-1	
62.276513626120149	389.71740039655703	-1.0649594088377247e-005	-2.1311411855871005e-008	-1	
58.158156533842202	393.9158531768341	-1.053332905673791e-005	-2.1315075648269996e-008	-1	
49.961627512887063	400	-1.0302888002679221e-005	-2.1306063395496345e-008	-1	
56.206830951997944	400	-1.0478080630098769e-005	-2.1290288014987139e-008	-1	
68.096089240950747	388.868630374112	-1.0811251572050769e-005	-2.1153380179540815e-008	-1	
186.00579834128305	234.37504709348792	-1.792171550848247e-005	4.731576228816151e-008	-1	
189.34126685797764	245.66903906357061	-1.7174052377324302e-005	3.5561288620218517e-008	-1	
189.98823255520117	239.3460470621105	-1.7602041879462909e-005	4.2458376289066963e-008	-1	
185.03811294926714	250.34682260942461	-1.6840699571250678e-005	3.0052380708912782e-008	-1	
180.77440483474865	260.02718710421846	-1.622803738011462e-005	2.086280891165206e-008	-1	
179.56228263455282	266.20677006191681	-1.5883150415133074e-005	1.6208003126680944e-008	-1	
175.86410297706394	271.68290585362269	-1.5564466631005329e-005	1.183870170178925e-008	-1	
187.08650396942278	257.0281901620686	-1.646173709114949e-005	2.4780509461324022e-008	-1	
165.74387419287655	287.23627617448415	-1.4734079127152255e-005	1.5318901303357341e-009	-1	
170.49573108763499	284.99500377676895	-1.4899546568726496e-005	3.7874892191851993e-009	-1	
176.75920382563797	278.80340306332198	-1.5247041438119593e-005	8.2364063518403013e-009	-1	
122.71876925452541	347.31957973138577	-1.2421782968185768e-005	-1.7036445725284049e-008	-1	
128.19377633103576	348.13172354531122	-1.2535793145578445e-005	-1.6163462043891489e-008	-1	
132.94920463054072	345.29955445597295	-1.2672015456454525e-005	-1.5344047413251457e-008	-1	
137.2539523380315	336.84229489614358	-1.2882490542808562e-005	-1.4295886948602836e-008	-1	
135.94106050149909	331.08007905512807	-1.2947375371167212e-005	-1.4269348897748751e-008	-1	
118.37110604696707	352.06113322526051	-1.2271742579527823e-005	-1.7670854107319799e-008	-1	
143.94948328076367	322.89664132483733	-1.3272852880060436e-005	-1.1958806510364514e-008	-1	
149.23467482395083	313.45819065847223	-1.3596770083674796e-005	-9.5776600798593803e-009	-1	
148.53565796612011	319.43661795357872	-1.3441011111898384e-005	-1.0539810271814943e-008	-1	
140.97782835582845	327.55832346347665	-1.3119867822637705e-005	-1.29906368769492e-008	-1	
150.73166275929495	308.72622920233488	-1.3749881016585896e-005	-8.426040943595767e-009	-1	
101.74565406156199	357.11881949058721	-1.1815816354854418e-005	-1.9812901476686454e-008	-1	
107.05736438937956	356.14026676923561	-1.1960399022423646e-005	-1.9165902233669791e-008	-1	
115.87492868506135	357.14032027798629	-1.2167589554192526e-005	-1.7948872520978926e-008	-1	
154.80519185907394	305.50901733100716	-1.3921351775025385e-005	-6.7276659095778103e-009	-1	
159.39934884816824	297.20495385023617	-1.4264554541190002e-005	-3.5046883302997633e-009	-1	
166.46507434406234	292.44043953192715	-1.4552188437344195e-005	-9.624816423917266e-011	-1	
158.87562728918707	302.25134682681511	-1.4094095067436578e-005	-4.9325730738708093e-009	-1	
96.177608440439471	359.7718370688317	-1.1653252716306364e-005	-2.0348086263464042e-008	-1	
200	224.98081375644352	-1.8702459082534915e-005	6.2306433352509978e-008	-1	
193.01558623191809	228.17308292007894	-1.8435015234126005e-005	5.7068209826912297e-008	-1	
80.020945152713594	380.51705947923074	-1.114681020627089e-005	-2.0813961539788492e-008	-1	
90.707443635881617	374.53251717557595	-1.1444735602449053e-005	-2.0233449069349248e-008	-1	
89.199657787200877	382.43592531995847	-1.1385190116041046e-005	-2.0113717932528267e-008	-1	
95.807345107580034	368.93622314220363	-1.1598322170362511e-005	-1.9981095893825485e-008	-1	
98.451988815689717	364.45340033266319	-1.1687448376337573e-005	-1.9882707926917315e-008	-1	
80.556951941671116	386.07384332464932	-1.1152057315217199e-005	-2.0620728050644896e-008	-1	
74.972035118192608	391.9170714101553	-1.0996604859158763e-005	-2.0808428724038675e-008	-1	
65.574636110664272	394.58671851767804	-1.0739132250744562e-005	-2.1148619629405309e-008	-1	
62.452034391108832	400	-1.0651886445687733e-005	-2.1192237767415564e-008	-1	
194.47565382198738	234.34861891510985	-1.7979818531077338e-005	4.9150598133563443e-008	-1	
192.55874476752652	251.69581206690523	-1.6812620281098645e-005	3.0263083770745283e-008	-1	
194.35829755981931	242.98778476781436	-1.7375274229951148e-005	3.905780225020908e-008	-1	
185.7498086623165	263.88747757410624	-1.6068525311254225e-005	1.9236302606838634e-008	-1	
185.24795828626739	271.96195969687005	-1.5653934412396475e-005	1.385218142570461e-008	-1	
181.25833686201469	275.69877834520202	-1.5438938791756732e-005	1.08999884259919e-008	-1	
194.00108811701716	258.65006159896598	-1.6408270562658181e-005	2.4434338289815053e-008	-1	
191.18524830832706	263.33229198191361	-1.6137646736007994e-005	2.0556293715289625e-008	-1	
172.79296672703433	291.4394127944617	-1.4682404222970352e-005	1.8280238382931949e-009	-1	
178.57727873704425	285.74582984788145	-1.4975031228526253e-005	5.3935345995019205e-009	-1	
182.25432635443187	281.07361765911384	-1.5207919557750294e-005	8.2705819014791552e-009	-1	
124.8038807013274	352.1237043675826	-1.2418293838956969e-005	-1.6714914785797041e-008	-1	
131.92229746823321	352.22237266150393	-1.256887563448486e-005	-1.5666571606432947e-008	-1	
138.39836563911845	342.64032340324661	-1.2819066611547553e-005	-1.4363494675099883e-008	-1	
141.82524221004593	347.64246119191415	-1.2817602710079661e-005	-1.404992220919803e-008	-1	
138.92068942670144	352.27197329130757	-1.2705171106012518e-005	-1.4663353752225298e-008	-1	
144.45803213917387	342.85317874683477	-1.2930702478482947e-005	-1.3394340726937152e-008	-1	
141.76952799779232	333.02963272466036	-1.3036255543292531e-005	-1.3237463134965859e-008	-1	
121.50883520081729	357.67710693056847	-1.229250897322336e-005	-1.717919312370039e-008	-1	
148.38537222754937	326.54734663012346	-1.3285681413585463e-005	-1.1395753871192956e-008	-1	
153.40700524041574	316.1459575748504	-1.3611288073343948e-005	-8.9852695001921629e-009	-1	
155.54483002916407	310.66981156076957	-1.3790690794419597e-005	-7.5658561629957066e-009	-1	
153.67285177502089	321.79049807780189	-1.3483647806600496e-005	-9.7585212796431591e-009	-1	
105.35019561890715	361.77913517939834	-1.1878859934027807e-005	-1.9192043456169032e-008	-1	
110.93434611524927	359.90069822485088	-1.2028642553110678e-005	-1.8547257328131699e-008	-1	
122.1710938183524	363.10943571720662	-1.2263328139098292e-005	-1.7072780225301545e-008	-1	
117.83110529260746	366.44309468582338	-1.2144587717033861e-005	-1.7587928852832723e-008	-1	
160.91974002245996	311.07100452980347	-1.3872315510635286e-005	-6.4191884868726809e-009	-1	
165.52469386994099	300.39102328466686	-1.4264270685991516e-005	-2.7898340395566513e-009	-1	
169.80845115046245	297.81321184734242	-1.44138890790089e-005	-1.0343346795671656e-009	-1	
165.57015903640371	308.34626303212252	-1.4022624413077041e-005	-4.8161237465544582e-009	-1	
200	231.22601719555439	-1.8221208302952643e-005	5.3538240758038547e-008	-1	
96.16521599679217	376.1608405907275	-1.1579948454180456e-005	-1.9703904869843162e-008	-1	
86.656490369479286	388.47937048143598	-1.13093806065969e-005	-2.0173630832614931e-008	-1	
97.026193953688519	382.65313371235453	-1.158329488971385e-005	-1.947158440944949e-008	-1	
96.81877790371945	389.19898213724213	-1.1565260258247304e-005	-1.9383207630474928e-008	-1	
100.39557800312323	372.34734434931852	-1.1700518508157061e-005	-1.9409922598279046e-008	-1	
103.21593894156511	367.37409660058478	-1.1793735974553098e-005	-1.926278564667306e-008	-1	
82.67480914240852	393.68870292814535	-1.1200530332556178e-005	-2.0362232554877776e-008	-1	
74.942441269330601	400	-1.0993055675463705e-005	-2.0747300177137965e-008	-1	
81.187644708441482	400	-1.1159253320444329e-005	-2.0414127736085241e-008	-1	
68.69723783021972	400	-1.0823570130332638e-005	-2.100581499378385e-008	-1	
200	237.47122063466529	-1.7768251607330914e-005	4.571649636445412e-008	-1	
200	256.20683095199792	-1.6561323424171901e-005	2.676327936967752e-008	-1	
200	249.96162751288708	-1.6938317287007841e-005	3.2380526714615014e-008	-1	
200	243.71642407377621	-1.7338841939119923e-005	3.8628397751849106e-008	-1	
188.5415491454697	268.11382833788844	-1.587132514298401e-005	1.6856918787819759e-008	-1	
190.5572108125987	273.519908771784	-1.561626236939233e-005	1.3699189185410094e-008	-1	
188.00597817911387	279.56738155377161	-1.5320084914007072e-005	9.9441333936944757e-009	-1	
200	262.45203439110878	-1.6208855665832126e-005	2.1761028661778015e-008	-1	
193.5504976953105	268.86635084841333	-1.5857011574543238e-005	1.6887198598919148e-008	-1	
174.79962592868497	297.52362148483604	-1.4487899769516129e-005	8.2046965089628938e-011	-1	
178.7243177085052	293.86084874740385	-1.466246515694241e-005	2.1040599212340649e-009	-1	
186.53542048082082	285.68659955506934	-1.5048750575387234e-005	6.7248011364706605e-009	-1	
184.42127952128436	291.48554998630647	-1.4802107567425782e-005	3.8993807982253804e-009	-1	
127.56596944080368	356.57321771860825	-1.243389774205354e-005	-1.6346604765247023e-008	-1	
133.17709135141229	359.10753370083813	-1.252444540633954e-005	-1.5624172130100641e-008	-1	
144.58133825002614	352.36186197676699	-1.2806134093598093e-005	-1.3889490429581347e-008	-1	
149.96375977822518	350.60670854485284	-1.2916843918335583e-005	-1.3085735256153059e-008	-1	
141.93386239439917	357.36604988997061	-1.2704325427352514e-005	-1.4440319280179611e-008	-1	
151.70513340428579	344.3272033137514	-1.3032536965105406e-005	-1.2425090516203144e-008	-1	
148.81627970636171	338.48604825974365	-1.3076251829943419e-005	-1.240039261090005e-008	-1	
151.25997043366522	332.82084515857679	-1.321733412176115e-005	-1.1490321827785993e-008	-1	
155.45334092607877	327.340357721636	-1.3394840394778869e-005	-1.0141450554241926e-008	-1	
159.28533267210241	316.2070853165057	-1.3711432843386328e-005	-7.7400672927206072e-009	-1	
159.21584860115527	322.88899616832629	-1.3550411943034103e-005	-8.8569782790280209e-009	-1	
110.15239126214823	366.81553104183604	-1.1965434899874654e-005	-1.8492836957602639e-008	-1	
127.55921422315505	364.06700609372552	-1.236927511024195e-005	-1.6400624735054674e-008	-1	
124.47305285248871	372.53404568848896	-1.2249854542036085e-005	-1.6789222230486327e-008	-1	
118.00600549232104	372.65271457045014	-1.2111807067791554e-005	-1.7517479962891984e-008	-1	
111.94868964973533	374.03071818966566	-1.1969247968687379e-005	-1.816863458737932e-008	-1	
165.46123356772691	313.49124928440051	-1.3876491237632031e-005	-6.0010598096724449e-009	-1	
172.18464170058402	302.21200790016576	-1.4299896764464039e-005	-1.8866448082026537e-009	-1	
170.22875056109635	311.01853711371825	-1.4007646222362769e-005	-4.6005208111061401e-009	-1	
101.575155320294	377.94164737527171	-1.1708648893693446e-005	-1.9156448976928206e-008	-1	
90.555449867107811	394.00309905172577	-1.1403390615474395e-005	-1.9822600288058607e-008	-1	
104.28163674879141	383.7452252344558	-1.1756715578169091e-005	-1.8799607558443866e-008	-1	
102.34398680980853	388.92669110578032	-1.1699778293316816e-005	-1.8913204920953785e-008	-1	
100.26793257192172	394.05427091140922	-1.1643719402945056e-005	-1.9053090634910391e-008	-1	
106.28681632094008	372.40195734019653	-1.1844291877227415e-005	-1.8803842615547072e-008	-1	
87.432848147552363	400	-1.1321395067326959e-005	-2.0015309398870488e-008	-1	
194.17657257574325	277.70507162833667	-1.5433250752592484e-005	1.1536888139760456e-008	-1	
193.43003822547502	284.10719002227137	-1.514917299865534e-005	8.1279415147230188e-009	-1	
200	268.69723783021971	-1.5878689343429208e-005	1.729066767383201e-008	-1	
200	274.94244126933057	-1.5573014171817994e-005	1.3363337249118457e-008	-1	
179.88503699879345	299.24341913010812	-1.448221819115581e-005	3.5029599488136107e-010	-1	
178.08995686362445	304.44889898348703	-1.4294226330283927e-005	-1.5621686408585931e-009	-1	
185.38148034984681	299.57272701685486	-1.4514917677748077e-005	9.3934934800946706e-010	-1	
190.52310972778807	290.55544986710777	-1.4876636033542318e-005	4.9627305979169355e-009	-1	
189.70965063095215	296.63477355563572	-1.4643685833707048e-005	2.4207639101059495e-009	-1	
133.47294117209105	364.22992107098611	-1.2485239236480285e-005	-1.567499793756578e-008	-1	
141.09902654547284	363.22539087950673	-1.2633049412652585e-005	-1.4727175975272068e-008	-1	
147.47095838399187	359.45635984984432	-1.2773933074064054e-005	-1.3853035852264727e-008	-1	
153.94807937125685	355.87111035035036	-1.2911387122801321e-005	-1.2922828052064767e-008	-1	
158.3012423840641	348.43650360409333	-1.3068063779385406e-005	-1.1906265257684288e-008	-1	
154.98252233498974	338.69486012020673	-1.3172716048039047e-005	-1.1477684539793061e-008	-1	
158.1534999690696	332.50564811287717	-1.3332661560151896e-005	-1.034075281737419e-008	-1	
163.64061284268004	325.99926268307377	-1.3545282771268486e-005	-8.5996056288815894e-009	-1	
165.51008280772754	318.63715659464305	-1.3743666929172748e-005	-7.0278512245779074e-009	-1	
132.89552475762008	369.32825116725752	-1.2436138238890389e-005	-1.5810997033187913e-008	-1	
127.48272349923029	377.25273416597406	-1.2284795319651845e-005	-1.6472275037667067e-008	-1	
120.76341930678893	378.21927888312916	-1.2145073183915948e-005	-1.7187390446209408e-008	-1	
107.65475069167879	378.30200376011624	-1.185321080820015e-005	-1.8553899226017156e-008	-1	
116.5535149169894	382.45511303378498	-1.2038424139826776e-005	-1.7606758222985429e-008	-1	
110.68222259504559	383.54759296192941	-1.1905205938148881e-005	-1.8188034263727703e-008	-1	
172.6558700296483	315.80942584614388	-1.3905505713607363e-005	-5.3087715899692685e-009	-1	
176.89786233193863	310.65013591824464	-1.4092761659311669e-005	-3.4713679734172982e-009	-1	
93.678051586663244	400	-1.1479075488172643e-005	-1.9560181745622628e-008	-1	
110.11396074913534	389.59744142365582	-1.1878739163527749e-005	-1.8195714180858817e-008	-1	
106.16845846488502	393.24538823004946	-1.1783158146135504e-005	-1.8537144464219972e-008	-1	
99.923255025774125	400	-1.1632524860009475e-005	-1.9061855214569852e-008	-1	
106.16845846488502	400	-1.1779593057855687e-005	-1.8519659478591211e-008	-1	
200	281.18764470844144	-1.5287153159185026e-005	9.8460581558845915e-009	-1	
200	287.43284814755236	-1.5023788656466713e-005	6.7690948606198292e-009	-1	
183.25446286315062	308.08267204661797	-1.422324511171219e-005	-2.0032877725406272e-009	-1	
189.31721129253197	304.53101533292096	-1.437273565581071e-005	-3.585836438047961e-010	-1	
194.48012592013771	294.48833603318053	-1.473928003045756e-005	3.5426612381036562e-009	-1	
193.703619650192	300.01306306304713	-1.4540744986036305e-005	1.4382499411219469e-009	-1	
137.67009876697452	367.18123393307974	-1.2539156147093341e-005	-1.522710637832297e-008	-1	
148.97780508232594	365.17334771255878	-1.2742727743476623e-005	-1.3911280506257692e-008	-1	
142.84608807126446	368.2037652783784	-1.262024405790816e-005	-1.4672818122282256e-008	-1	
154.23429160766281	362.46707969115789	-1.2843965065766508e-005	-1.3245118218624529e-008	-1	
160.21835152288335	357.93809272416939	-1.2970996097009187e-005	-1.2388790400628848e-008	-1	
161.21070558185042	352.79366877085869	-1.3046812002760717e-005	-1.1921746796007943e-008	-1	
164.06062919217968	345.94955413751336	-1.3178819863748358e-005	-1.1026833766316712e-008	-1	
161.74394822790342	340.32107176760792	-1.3241213036998174e-005	-1.0724785501492309e-008	-1	
163.80740033887338	331.40522960092937	-1.3433578176306043e-005	-9.3650726372797595e-009	-1	
165.54957707241337	336.89543274127095	-1.3349518138573417e-005	-9.8547659594692893e-009	-1	
169.01321992717573	325.37685646406362	-1.3627260942797438e-005	-7.7119836599627986e-009	-1	
172.46387627628303	321.21348365416878	-1.3764452693803126e-005	-6.4790358435643706e-009	-1	
133.01326801099407	376.39412147517066	-1.2395229437826279e-005	-1.586927909253252e-008	-1	
137.13411299741782	372.38882063226117	-1.2493304767615938e-005	-1.5380573206924223e-008	-1	
122.00524422588333	384.89319290648439	-1.2145998986116995e-005	-1.7046817080509504e-008	-1	
130.85450239312266	381.71986360669007	-1.2331096888023049e-005	-1.6135699088990694e-008	-1	
115.17906537123845	391.39165973379875	-1.198691666144169e-005	-1.7700891423876693e-008	-1	
120.21460013849727	389.84669016676764	-1.2097041669278076e-005	-1.7215391891045909e-008	-1	
182.09941777112442	314.8401946607791	-1.4019527078160313e-005	-3.9186256300938713e-009	-1	
180.97675232748259	320.37920930073017	-1.3863512738404495e-005	-5.3248095614639079e-009	-1	
111.19676021495735	394.86071507169254	-1.1896015440468546e-005	-1.8069383772886665e-008	-1	
112.41366190399589	400	-1.1920402777305626e-005	-1.7948405089587644e-008	-1	
200	293.67805158666323	-1.4777623662825357e-005	4.0106007261203946e-009	-1	
189.52304632954369	310.85811838376384	-1.4176962074151877e-005	-2.2612015428117683e-009	-1	
195.46021140777376	306.06011659267654	-1.4345951809837488e-005	-5.1051818257203795e-010	-1	
200	299.9232550257741	-1.4550626687832372e-005	1.5814192862577096e-009	-1	
147.85855558791189	370.97867438415619	-1.2678172524002499e-005	-1.422608528075586e-008	-1	
153.89768267817914	369.96423851598564	-1.277286590275967e-005	-1.3601262043150439e-008	-1	
142.25408282024776	373.44647120309037	-1.257377523714677e-005	-1.4854811495287655e-008	-1	
161.44978273828727	364.53042255165889	-1.2915922422480967e-005	-1.2664877997149812e-008	-1	
166.72122861482941	360.38469055798578	-1.3016186908349917e-005	-1.1968975018231638e-008	-1	
166.31311943425354	351.60403131829116	-1.3121675688370319e-005	-1.1324002055594854e-008	-1	
169.79554337131967	343.91053872892155	-1.327443545089144e-005	-1.0222410521295173e-008	-1	
169.23313431766056	333.33885859443853	-1.3460431206251202e-005	-8.9316549999378119e-009	-1	
170.38544118207344	338.57835637406936	-1.3372315325140331e-005	-9.528797834576759e-009	-1	
173.95621117069544	329.57159058237738	-1.3587326858602905e-005	-7.8148895332856092e-009	-1	
176.90493243315666	324.29856430227204	-1.3732632439634239e-005	-6.5603950516795645e-009	-1	
138.67382630847248	377.38501905070154	-1.2490680255964247e-005	-1.5294258796411711e-008	-1	
127.86231312912811	387.30108053129698	-1.2255096024942758e-005	-1.6457697005693279e-008	-1	
139.75184709884755	382.59733782582941	-1.2485161082520872e-005	-1.5249485495070719e-008	-1	
135.12042731964198	387.37491493882379	-1.2387942364322761e-005	-1.5744595098517416e-008	-1	
119.48039902053426	394.93003582284518	-1.207425506900323e-005	-1.7280348948056441e-008	-1	
124.30413229154625	393.16621846526175	-1.21737269922731e-005	-1.6812734854461196e-008	-1	
186.01478512361817	318.51705406441448	-1.394410059252245e-005	-4.4903267468608909e-009	-1	
183.20114550757233	325.57470117930239	-1.3751241442822796e-005	-6.229892633454194e-009	-1	
118.65886534310678	400	-1.2054477092822582e-005	-1.7356161372975813e-008	-1	
194.4656629006586	313.62857902704366	-1.4112420273780476e-005	-2.8001077495176328e-009	-1	
192.23074224067977	318.83530932432444	-1.3963131253577715e-005	-4.2068095473373384e-009	-1	
200	312.41366190399583	-1.4152630440540019e-005	-2.3967605662911072e-009	-1	
151.94798907820748	375.53681763239655	-1.2707501330728376e-005	-1.3961464582470181e-008	-1	
143.80797442113166	378.78891327581596	-1.2567063399146783e-005	-1.4807203114335705e-008	-1	
159.92852939251796	377.04869044681323	-1.2798694533669648e-005	-1.3331165883682445e-008	-1	
163.1413879246376	371.0199300280542	-1.2877868803914074e-005	-1.2845225126589629e-008	-1	
170.68117732012533	366.09363596714996	-1.2995886083350201e-005	-1.2033589475544141e-008	-1	
171.03541201767152	353.99687532359553	-1.3136780898265045e-005	-1.1121985392364932e-008	-1	
173.46223176219257	358.70179781017572	-1.3098775359708762e-005	-1.1335208431760407e-008	-1	
175.03758839812619	350.53157102283694	-1.322014841832322e-005	-1.048444145698369e-008	-1	
178.22578755079286	343.41245462498307	-1.3357386134550489e-005	-9.4448831417186543e-009	-1	
175.73752856797478	338.94619969153598	-1.3415123619490654e-005	-9.0716637270219099e-009	-1	
177.77179851304874	334.25571872614614	-1.3522543013652544e-005	-8.2095766386217306e-009	-1	
183.27733998577295	331.99848657491231	-1.360855310496776e-005	-7.4029243232454346e-009	-1	
131.14927222132854	392.71394288658399	-1.2305310429023338e-005	-1.6148221262584546e-008	-1	
141.66050511473492	388.60075125577509	-1.2494972547760459e-005	-1.5132982684333414e-008	-1	
147.8654854605133	387.51347615674689	-1.2592903494084907e-005	-1.4561113515876584e-008	-1	
140.51707737999487	394.79562988637713	-1.246455806743258e-005	-1.527231919953513e-008	-1	
124.90406878221766	400	-1.2180691750106327e-005	-1.675622838989956e-008	-1	
187.99573711577835	323.39646497653223	-1.3830497707937257e-005	-5.4512862541584286e-009	-1	
188.51803163235843	329.18046688763906	-1.3697639153846627e-005	-6.5815996625985071e-009	-1	
200	318.65886534310675	-1.39798605440412e-005	-4.0083538405163293e-009	-1	
193.91277542495018	324.82781912061358	-1.3815493743935938e-005	-5.5123464748332842e-009	-1	
155.05077777572637	380.55953058865629	-1.2719286390315774e-005	-1.3826900076571806e-008	-1	
149.04204147185115	380.67592374645403	-1.2636931186236843e-005	-1.435044285592208e-008	-1	
166.32603690210124	379.44458480989243	-1.2852539701066857e-005	-1.2945885493253998e-008	-1	
160.06083381298518	383.87883741994148	-1.2764112656646136e-005	-1.3510099945374622e-008	-1	
171.66484257175932	373.92983005748289	-1.2938020091924691e-005	-1.2383902236202829e-008	-1	
178.21380488418222	363.7202297377296	-1.307860813891976e-005	-1.1419076930979525e-008	-1	
179.27109986285879	370.54988810935936	-1.3021060265710646e-005	-1.1796468079061687e-008	-1	
181.11654401349904	356.21317756617094	-1.3184999872441947e-005	-1.0655616233362576e-008	-1	
183.2751410210756	349.35808004670281	-1.3293982153250553e-005	-9.8457946162159147e-009	-1	
185.67510455972965	341.09856002418098	-1.3443399535722791e-005	-8.6843828257392069e-009	-1	
180.84387462520272	338.69302812925429	-1.3459035134075131e-005	-8.6340369171385718e-009	-1	
188.163665911149	335.39405763784828	-1.3563884436748826e-005	-7.6947708668757329e-009	-1	
131.14927222132854	400	-1.2299195549807077e-005	-1.6156728564733025e-008	-1	
137.39447566043944	400	-1.24087141871807e-005	-1.5569729198397754e-008	-1	
146.55004770940698	394.13277335365325	-1.2558778442068791e-005	-1.473205547100644e-008	-1	
154.72737196456481	386.48833196355667	-1.2690151660557922e-005	-1.3968445040382313e-008	-1	
153.00748425821664	392.17140009083306	-1.2652171306278995e-005	-1.417851287101888e-008	-1	
143.63967909955034	400	-1.2510479596298717e-005	-1.5002220628596446e-008	-1	
194.09670854224126	333.51435281711292	-1.3620686349484586e-005	-7.1775726160514787e-009	-1	
200	324.90406878221762	-1.3821239875113922e-005	-5.4359284427270817e-009	-1	
200	331.14927222132849	-1.3678584983390852e-005	-6.6684747328573805e-009	-1	
171.39649438913673	381.21296676785806	-1.2889279592247161e-005	-1.2684706021822933e-008	-1	
165.76093472265859	387.09938888866452	-1.2812612916805358e-005	-1.3178344106445761e-008	-1	
161.40836823900563	392.85166943315403	-1.2751870062571163e-005	-1.3554561516168053e-008	-1	
179.73019991973646	375.98632425891401	-1.298202294725568e-005	-1.2051902986421539e-008	-1	
176.72404005087594	380.53919299337832	-1.2933286578828042e-005	-1.238059090145545e-008	-1	
184.97556514580461	365.14876195978519	-1.3102148309209927e-005	-1.1213574978979396e-008	-1	
183.75376765848247	372.90893584623393	-1.3025839161241957e-005	-1.1744769840594193e-008	-1	
188.40830091369511	360.04963960261694	-1.3173278642300315e-005	-1.069246317009791e-008	-1	
188.83084578914074	353.91725185445853	-1.3253526422128955e-005	-1.0102527152010848e-008	-1	
190.38325702347444	348.29667063512892	-1.3342414376206668e-005	-9.4226194849700709e-009	-1	
193.16608938761294	340.51707737999482	-1.3481451913347937e-005	-8.3202654285517035e-009	-1	
149.8848825386612	400	-1.2601786793889031e-005	-1.4468511849581284e-008	-1	
156.13008597777207	400	-1.2683226353473688e-005	-1.3974875789125709e-008	-1	
200	337.39447566043941	-1.354952785275968e-005	-7.7474237494134579e-009	-1	
172.28130250938401	386.50955325987701	-1.2872751523722432e-005	-1.2778923347941871e-008	-1	
168.62049285599383	392.98887353719107	-1.2823866390071579e-005	-1.3090955269092402e-008	-1	
162.37528941688296	400	-1.2755219688932558e-005	-1.3525858262532852e-008	-1	
182.27023165721494	380.81476599958069	-1.2965832832191371e-005	-1.2151005454338781e-008	-1	
186.47155101901328	377.1836370516981	-1.3007446676592755e-005	-1.1862393153466558e-008	-1	
179.70168433039271	387.07616794801288	-1.2922994560304851e-005	-1.2436781472009272e-008	-1	
188.96583020393825	371.91565730505147	-1.3055311348894887e-005	-1.1527755460719124e-008	-1	
192.74031024406867	365.13001671244933	-1.3129792800488482e-005	-1.0992995931428573e-008	-1	
194.66261969789542	359.25268769732742	-1.3199220598999803e-005	-1.0484471715377203e-008	-1	
194.57684358983477	352.34818215479766	-1.3290152518246371e-005	-9.8065837561666714e-009	-1	
200	343.63967909955028	-1.3435039767891133e-005	-8.6707850275022694e-009	-1	
200	349.88488253866115	-1.333311361710307e-005	-9.4671998095287936e-009	-1	
177.98829801466016	393.62344960248726	-1.2894459841821739e-005	-1.2623161123345813e-008	-1	
168.62049285599386	400	-1.2816592597652195e-005	-1.3132907553939916e-008	-1	
174.86569629510473	400	-1.2866422778063707e-005	-1.2806530473016544e-008	-1	
186.09090742101793	384.84448292808338	-1.2963184307241216e-005	-1.216214915775958e-008	-1	
192.2142750158134	382.26837600143773	-1.2995942066086792e-005	-1.1934214626699385e-008	-1	
194.09952387063697	377.98829801466013	-1.3024751145943493e-005	-1.1733936256438797e-008	-1	
185.08622253887515	393.79810331569729	-1.2931445618096129e-005	-1.2373714411769575e-008	-1	
194.92340422725098	371.74309457554926	-1.3071746100967606e-005	-1.1404022264472657e-008	-1	
200	368.6204928559938	-1.3103651848633393e-005	-1.1174227724541057e-008	-1	
200	362.37528941688294	-1.3167494612428696e-005	-1.0712521397321643e-008	-1	
200	356.13008597777207	-1.3243657481782522e-005	-1.0148572847631895e-008	-1	
181.11089973421559	400	-1.2906353084227129e-005	-1.2541481270129703e-008	-1	
189.10871399077507	390.76265841602157	-1.2953901273589019e-005	-1.2221630206542648e-008	-1	
192.39433954361786	386.94179098229898	-1.2975396236665705e-005	-1.2074729494198417e-008	-1	
196.45827227949113	384.233501453771	-1.299325735898211e-005	-1.195121933365372e-008	-1	
200	381.11089973421559	-1.3011150428185482e-005	-1.1826926802371415e-008	-1	
200	374.86569629510473	-1.3051397205450235e-005	-1.1545548582193087e-008	-1	
187.35610317332649	400	-1.2935017615890606e-005	-1.2348675214862645e-008	-1	
190.47870489288192	397.61084703107446	-1.2945927794329647e-005	-1.2274844664685555e-008	-1	
194.05562974290478	391.72306862052068	-1.2963702346358929e-005	-1.2154084459440978e-008	-1	
197.0545384721502	388.91740403310422	-1.2975607458449119e-005	-1.2072449307844761e-008	-1	
200	387.35610317332646	-1.2982176752148554e-005	-1.2027251249670439e-008	-1	
193.60130661243738	400	-1.2952965598064713e-005	-1.2226985056152363e-008	-1	
194.4102877619485	397.57411078795042	-1.2955020774596696e-005	-1.2212978813465206e-008	-1	
198.14795788195875	392.06666394315289	-1.2967924580253208e-005	-1.2124971892769969e-008	-1	
196.622561861816	394.92869911081897	-1.2961404149896217e-005	-1.2169518077179234e-008	-1	
200	390.47870489288192	-1.2972356207238561e-005	-1.2094620888153268e-008	-1	
195.16260747221509	400	-1.2955466362795286e-005	-1.2209942758916079e-008	-1	
196.6716488034269	397.25262321545529	-1.2958548586598864e-005	-1.2188946156816315e-008	-1	
196.45362176287989	398.59484296625328	-1.2957462610613324e-005	-1.2196340058152843e-008	-1	
200	393.60130661243744	-1.2965219264197199e-005	-1.2143435821012909e-008	-1	
198.79957586383745	394.38195704232623	-1.2963669117086378e-005	-1.2154023846581983e-008	-1	
197.97628617589837	396.86920311140119	-1.2959979231163788e-005	-1.2179191081266727e-008	-1	
198.81768757240826	395.81377587387578	-1.2961612974298188e-005	-1.2168049349541694e-008	-1	
196.72390833199282	400	-1.2957441984694957e-005	-1.2196478349067698e-008	-1	
197.77543493919424	398.0468182899362	-1.2958921228328042e-005	-1.2186398137740114e-008	-1	
197.77120374881579	399.15296376793327	-1.2958434645418541e-005	-1.2189711460419872e-008	-1	
200	395.16260747221509	-1.2962657901060066e-005	-1.216091860898087e-008	-1	
198.76195169811987	397.16239608582453	-1.2960116399303151e-005	-1.2178250897011407e-008	-1	
198.48032779507093	397.95228241327322	-1.2959388928846656e-005	-1.2183207769860792e-008	-1	
200	396.72390833199279	-1.2960751444081225e-005	-1.2173919734845489e-008	-1	
198.28520919177055	400	-1.2958666022163836e-005	-1.2188132122554524e-008	-1	
198.40063286865956	398.95934405420689	-1.2958869808783093e-005	-1.2186743658138402e-008	-1	
198.675534406715	399.55775758582649	-1.2958874162488774e-005	-1.218671185753637e-008	-1	
199.18829616608386	397.88451991709962	-1.2959693915668128e-005	-1.2181127477270019e-008	-1	
198.91826656181331	398.51265782924582	-1.2959271490752038e-005	-1.2184005087262501e-008	-1	
200	398.28520919177049	-1.2959536240439088e-005	-1.2182200235871651e-008	-1	
199.0658596216594	400	-1.2958977664372348e-005	-1.2186004859867758e-008	-1	
199.0177907092619	399.18909568147808	-1.2959058320913587e-005	-1.2185455877028719e-008	-1	
199.26102222913161	399.62942442695442	-1.2959045871677407e-005	-1.2185538939251425e-008	-1	
199.62842238212772	398.67553440671492	-1.2959345884453738e-005	-1.2183496010937372e-008	-1	
200	399.06585962165934	-1.2959230224073318e-005	-1.2184282679844855e-008	-1	
199.45618483660382	400	-1.2959060602962921e-005	-1.218543742353527e-008	-1	
199.52062464819585	399.20355272844648	-1.2959163096891829e-005	-1.2184739592290516e-008	-1	
199.67712266936709	399.67712266936707	-1.2959103479017065e-005	-1.2185144605185394e-008	-1	
200	399.45618483660382	-1.2959149006248803e-005	-1.2184833576934727e-008	-1	
199.84651005154825	400	-1.295909961596706e-005	-1.2185169511619025e-008	-1	
200	399.84651005154831	-1.295910826161788e-005	-1.2185109595089866e-008	-1	
200	400	-1.2959103938245889e-005	-1.2185138139708027e-008	-1	
13627
1	0	2	1	-1	-1	-1
4	1	2	1	-1	-1	-1
3	1	4	1	-1	-1	-1
2	5	4	1	-1	-1	-1
3	4	7	1	-1	-1	-1
3	7	6	1	-1	-1	-1
8	4	5	1	-1	-1	-1
4	8	7	1	-1	-1	-1
5	9	8	1	-1	-1	-1
6	7	11	1	-1	-1	-1
7	8	12	1	-1	-1	-1
11	10	6	1	-1	-1	-1
13	8	9	1	-1	-1	-1
12	11	7	1	-1	-1	-1
12	8	13	1	-1	-1	-1
13	9	14	1	-1	-1	-1
16	10	11	1	-1	-1	-1
17	11	12	1	-1	-1	-1
15	10	16	1	-1	-1	-1
12	13	17	1	-1	-1	-1
11	17	16	1	-1	-1	-1
14	19	13	1	-1	-1	-1
13	18	17	1	-1	-1	-1
13	19	18	1	-1	-1	-1
16	17	18	1	-1	-1	-1
14	20	19	1	-1	-1	-1
22	15	16	1	-1	-1	-1
16	18	22	1	-1	-1	-1
15	22	21	1	-1	-1	-1
19	23	18	1	-1	-1	-1
22	18	23	1	-1	-1	-1
24	19	20	1	-1	-1	-1
23	19	24	1	-1	-1	-1
24	20	25	1	-1	-1	-1
21	22	27	1	-1	-1	-1
27	22	23	1	-1	-1	-1
21	27	26	1	-1	-1	-1
28	23	24	1	-1	-1	-1
29	24	25	1	-1	-1	-1
23	28	27	1	-1	-1	-1
28	24	29	1	-1	-1	-1
31	29	25	1	-1	-1	-1
31	25	30	1	-1	-1	-1
27	33	26	1	-1	-1	-1
27	28	33	1	-1	-1	-1
34	28	29	1	-1	-1	-1
32	26	33	1	-1	-1	-1
34	33	28	1	-1	-1	-1
29	31	35	1	-1	-1	-1
30	37	31	1	-1	-1	-1
35	34	29	1	-1	-1	-1
35	31	37	1	-1	-1	-1
37	30	36	1	-1	-1	-1
32	33	39	1	-1	-1	-1
39	33	34	1	-1	-1	-1
32	39	38	1	-1	-1	-1
40	34	35	1	-1	-1	-1
41	35	37	1	-1	-1	-1
40	39	34	1	-1	-1	-1
41	40	35	1	-1	-1	-1
37	36	44	1	-1	-1	-1
36	43	42	1	-1	-1	-1
44	36	42	1	-1	-1	-1
45	41	37	1	-1	-1	-1
39	47	38	1	-1	-1	-1
39	40	47	1	-1	-1	-1
44	45	37	1	-1	-1	-1
40	41	50	1	-1	-1	-1
47	46	38	1	-1	-1	-1
47	40	48	1	-1	-1	-1
52	42	43	1	-1	-1	-1
41	45	51	1	-1	-1	-1
48	40	49	1	-1	-1	-1
44	42	52	1	-1	-1	-1
40	50	49	1	-1	-1	-1
46	47	48	1	-1	-1	-1
51	50	41	1	-1	-1	-1
56	45	44	1	-1	-1	-1
52	43	54	1	-1	-1	-1
43	53	54	1	-1	-1	-1
52	55	44	1	-1	-1	-1
48	58	46	1	-1	-1	-1
51	45	57	1	-1	-1	-1
56	44	55	1	-1	-1	-1
48	49	59	1	-1	-1	-1
57	45	56	1	-1	-1	-1
50	60	49	1	-1	-1	-1
62	50	51	1	-1	-1	-1
48	59	58	1	-1	-1	-1
61	59	49	1	-1	-1	-1
54	63	52	1	-1	-1	-1
62	51	57	1	-1	-1	-1
61	49	60	1	-1	-1	-1
63	55	52	1	-1	-1	-1
50	62	60	1	-1	-1	-1
53	65	54	1	-1	-1	-1
56	55	66	1	-1	-1	-1
56	67	57	1	-1	-1	-1
63	54	65	1	-1	-1	-1
53	64	65	1	-1	-1	-1
55	63	66	1	-1	-1	-1
69	58	59	1	-1	-1	-1
68	62	57	1	-1	-1	-1
66	67	56	1	-1	-1	-1
70	59	61	1	-1	-1	-1
57	67	68	1	-1	-1	-1
71	61	60	1	-1	-1	-1
60	62	71	1	-1	-1	-1
69	59	70	1	-1	-1	-1
62	68	71	1	-1	-1	-1
70	61	72	1	-1	-1	-1
75	63	65	1	-1	-1	-1
63	74	66	1	-1	-1	-1
71	73	61	1	-1	-1	-1
72	61	73	1	-1	-1	-1
77	65	64	1	-1	-1	-1
75	74	63	1	-1	-1	-1
79	67	66	1	-1	-1	-1
81	68	67	1	-1	-1	-1
64	76	77	1	-1	-1	-1
75	65	78	1	-1	-1	-1
65	77	78	1	-1	-1	-1
66	74	80	1	-1	-1	-1
71	68	82	1	-1	-1	-1
83	69	70	1	-1	-1	-1
66	80	79	1	-1	-1	-1
72	84	70	1	-1	-1	-1
81	67	79	1	-1	-1	-1
71	85	73	1	-1	-1	-1
82	68	81	1	-1	-1	-1
73	86	72	1	-1	-1	-1
75	88	74	1	-1	-1	-1
84	83	70	1	-1	-1	-1
82	85	71	1	-1	-1	-1
84	72	86	1	-1	-1	-1
89	75	78	1	-1	-1	-1
80	74	88	1	-1	-1	-1
91	77	76	1	-1	-1	-1
87	73	85	1	-1	-1	-1
91	78	77	1	-1	-1	-1
86	73	87	1	-1	-1	-1
93	79	80	1	-1	-1	-1
89	88	75	1	-1	-1	-1
79	94	81	1	-1	-1	-1
90	91	76	1	-1	-1	-1
81	94	82	1	-1	-1	-1
92	89	78	1	-1	-1	-1
78	91	92	1	-1	-1	-1
85	82	94	1	-1	-1	-1
88	96	80	1	-1	-1	-1
97	83	84	1	-1	-1	-1
79	93	94	1	-1	-1	-1
93	80	95	1	-1	-1	-1
98	84	86	1	-1	-1	-1
96	95	80	1	-1	-1	-1
100	87	85	1	-1	-1	-1
88	89	96	1	-1	-1	-1
87	102	86	1	-1	-1	-1
94	100	85	1	-1	-1	-1
99	97	84	1	-1	-1	-1
84	98	99	1	-1	-1	-1
92	104	89	1	-1	-1	-1
101	98	86	1	-1	-1	-1
91	90	107	1	-1	-1	-1
100	102	87	1	-1	-1	-1
103	101	86	1	-1	-1	-1
89	105	96	1	-1	-1	-1
86	102	103	1	-1	-1	-1
91	109	92	1	-1	-1	-1
93	111	94	1	-1	-1	-1
89	104	105	1	-1	-1	-1
93	95	111	1	-1	-1	-1
106	108	90	1	-1	-1	-1
90	108	107	1	-1	-1	-1
114	95	96	1	-1	-1	-1
100	94	112	1	-1	-1	-1
110	104	92	1	-1	-1	-1
107	109	91	1	-1	-1	-1
97	99	115	1	-1	-1	-1
109	110	92	1	-1	-1	-1
116	99	98	1	-1	-1	-1
112	102	100	1	-1	-1	-1
114	96	105	1	-1	-1	-1
101	116	98	1	-1	-1	-1
94	111	112	1	-1	-1	-1
95	113	111	1	-1	-1	-1
114	113	95	1	-1	-1	-1
101	103	118	1	-1	-1	-1
119	103	102	1	-1	-1	-1
109	107	108	1	-1	-1	-1
104	122	105	1	-1	-1	-1
117	115	99	1	-1	-1	-1
99	116	117	1	-1	-1	-1
112	119	102	1	-1	-1	-1
116	101	118	1	-1	-1	-1
110	122	104	1	-1	-1	-1
108	106	125	1	-1	-1	-1
103	121	118	1	-1	-1	-1
114	105	123	1	-1	-1	-1
103	119	120	1	-1	-1	-1
103	120	121	1	-1	-1	-1
108	127	109	1	-1	-1	-1
109	128	110	1	-1	-1	-1
123	105	122	1	-1	-1	-1
111	131	112	1	-1	-1	-1
131	111	113	1	-1	-1	-1
106	124	125	1	-1	-1	-1
126	108	125	1	-1	-1	-1
114	134	113	1	-1	-1	-1
108	126	127	1	-1	-1	-1
110	129	122	1	-1	-1	-1
112	132	119	1	-1	-1	-1
109	127	128	1	-1	-1	-1
128	130	110	1	-1	-1	-1
137	115	117	1	-1	-1	-1
110	130	129	1	-1	-1	-1
117	116	138	1	-1	-1	-1
139	116	118	1	-1	-1	-1
123	136	114	1	-1	-1	-1
131	133	112	1	-1	-1	-1
112	133	132	1	-1	-1	-1
113	134	131	1	-1	-1	-1
139	118	121	1	-1	-1	-1
120	119	140	1	-1	-1	-1
141	121	120	1	-1	-1	-1
135	134	114	1	-1	-1	-1
135	114	136	1	-1	-1	-1
143	123	122	1	-1	-1	-1
140	119	132	1	-1	-1	-1
138	137	117	1	-1	-1	-1
138	116	139	1	-1	-1	-1
144	122	129	1	-1	-1	-1
146	125	124	1	-1	-1	-1
125	146	126	1	-1	-1	-1
127	126	147	1	-1	-1	-1
140	141	120	1	-1	-1	-1
136	123	143	1	-1	-1	-1
121	142	139	1	-1	-1	-1
144	129	130	1	-1	-1	-1
141	142	121	1	-1	-1	-1
127	149	128	1	-1	-1	-1
130	128	149	1	-1	-1	-1
143	122	144	1	-1	-1	-1
131	151	133	1	-1	-1	-1
146	124	145	1	-1	-1	-1
131	134	151	1	-1	-1	-1
152	132	133	1	-1	-1	-1
146	147	126	1	-1	-1	-1
147	148	127	1	-1	-1	-1
148	149	127	1	-1	-1	-1
134	135	155	1	-1	-1	-1
152	140	132	1	-1	-1	-1
144	130	150	1	-1	-1	-1
136	156	135	1	-1	-1	-1
149	150	130	1	-1	-1	-1
159	137	138	1	-1	-1	-1
158	136	143	1	-1	-1	-1
151	153	133	1	-1	-1	-1
160	138	139	1	-1	-1	-1
153	152	133	1	-1	-1	-1
151	134	154	1	-1	-1	-1
142	161	139	1	-1	-1	-1
155	154	134	1	-1	-1	-1
162	141	140	1	-1	-1	-1
162	142	141	1	-1	-1	-1
158	143	144	1	-1	-1	-1
157	155	135	1	-1	-1	-1
156	157	135	1	-1	-1	-1
158	156	136	1	-1	-1	-1
162	140	152	1	-1	-1	-1
138	160	159	1	-1	-1	-1
161	160	139	1	-1	-1	-1
169	146	145	1	-1	-1	-1
144	150	166	1	-1	-1	-1
169	147	146	1	-1	-1	-1
147	170	148	1	-1	-1	-1
142	164	161	1	-1	-1	-1
149	148	171	1	-1	-1	-1
162	165	142	1	-1	-1	-1
142	163	164	1	-1	-1	-1
158	144	167	1	-1	-1	-1
165	163	142	1	-1	-1	-1
149	171	150	1	-1	-1	-1
144	166	167	1	-1	-1	-1
175	153	151	1	-1	-1	-1
175	151	154	1	-1	-1	-1
145	168	169	1	-1	-1	-1
152	153	177	1	-1	-1	-1
147	169	170	1	-1	-1	-1
155	178	154	1	-1	-1	-1
152	176	162	1	-1	-1	-1
148	170	172	1	-1	-1	-1
150	174	166	1	-1	-1	-1
172	171	148	1	-1	-1	-1
155	157	180	1	-1	-1	-1
171	173	150	1	-1	-1	-1
157	156	181	1	-1	-1	-1
156	158	181	1	-1	-1	-1
150	173	174	1	-1	-1	-1
183	159	160	1	-1	-1	-1
160	161	184	1	-1	-1	-1
176	152	177	1	-1	-1	-1
175	177	153	1	-1	-1	-1
167	181	158	1	-1	-1	-1
154	178	175	1	-1	-1	-1
184	161	164	1	-1	-1	-1
178	155	179	1	-1	-1	-1
185	165	162	1	-1	-1	-1
155	180	179	1	-1	-1	-1
164	163	187	1	-1	-1	-1
165	186	163	1	-1	-1	-1
182	180	157	1	-1	-1	-1
182	157	181	1	-1	-1	-1
162	176	185	1	-1	-1	-1
190	167	166	1	-1	-1	-1
184	183	160	1	-1	-1	-1
169	168	192	1	-1	-1	-1
190	166	174	1	-1	-1	-1
194	170	169	1	-1	-1	-1
187	163	186	1	-1	-1	-1
184	164	188	1	-1	-1	-1
172	170	194	1	-1	-1	-1
195	171	172	1	-1	-1	-1
164	187	188	1	-1	-1	-1
185	189	165	1	-1	-1	-1
195	173	171	1	-1	-1	-1
167	191	181	1	-1	-1	-1
165	189	186	1	-1	-1	-1
174	173	198	1	-1	-1	-1
167	190	191	1	-1	-1	-1
193	192	168	1	-1	-1	-1
201	177	175	1	-1	-1	-1
175	178	201	1	-1	-1	-1
181	191	182	1	-1	-1	-1
177	202	176	1	-1	-1	-1
192	194	169	1	-1	-1	-1
204	178	179	1	-1	-1	-1
172	194	196	1	-1	-1	-1
174	199	190	1	-1	-1	-1
172	197	195	1	-1	-1	-1
180	205	179	1	-1	-1	-1
185	176	203	1	-1	-1	-1
196	197	172	1	-1	-1	-1
173	195	198	1	-1	-1	-1
180	182	207	1	-1	-1	-1
174	198	200	1	-1	-1	-1
199	174	200	1	-1	-1	-1
184	210	183	1	-1	-1	-1
201	202	177	1	-1	-1	-1
202	203	176	1	-1	-1	-1
191	208	182	1	-1	-1	-1
204	201	178	1	-1	-1	-1
188	211	184	1	-1	-1	-1
187	186	213	1	-1	-1	-1
185	212	189	1	-1	-1	-1
189	214	186	1	-1	-1	-1
179	206	204	1	-1	-1	-1
206	179	205	1	-1	-1	-1
215	188	187	1	-1	-1	-1
205	180	207	1	-1	-1	-1
209	207	182	1	-1	-1	-1
190	218	191	1	-1	-1	-1
209	182	208	1	-1	-1	-1
203	212	185	1	-1	-1	-1
219	192	193	1	-1	-1	-1
194	192	219	1	-1	-1	-1
211	210	184	1	-1	-1	-1
218	190	199	1	-1	-1	-1
213	186	214	1	-1	-1	-1
223	196	194	1	-1	-1	-1
214	189	212	1	-1	-1	-1
188	217	211	1	-1	-1	-1
187	213	216	1	-1	-1	-1
197	196	223	1	-1	-1	-1
197	224	195	1	-1	-1	-1
208	191	218	1	-1	-1	-1
198	195	225	1	-1	-1	-1
216	215	187	1	-1	-1	-1
188	215	217	1	-1	-1	-1
225	200	198	1	-1	-1	-1
227	199	200	1	-1	-1	-1
201	229	202	1	-1	-1	-1
193	221	219	1	-1	-1	-1
203	202	229	1	-1	-1	-1
220	221	193	1	-1	-1	-1
194	219	222	1	-1	-1	-1
201	204	230	1	-1	-1	-1
222	223	194	1	-1	-1	-1
233	204	206	1	-1	-1	-1
225	195	224	1	-1	-1	-1
218	199	227	1	-1	-1	-1
206	205	234	1	-1	-1	-1
226	197	223	1	-1	-1	-1
234	205	207	1	-1	-1	-1
226	224	197	1	-1	-1	-1
203	232	212	1	-1	-1	-1
207	209	236	1	-1	-1	-1
200	225	228	1	-1	-1	-1
237	209	208	1	-1	-1	-1
227	200	228	1	-1	-1	-1
229	201	230	1	-1	-1	-1
240	210	211	1	-1	-1	-1
237	208	218	1	-1	-1	-1
203	229	231	1	-1	-1	-1
203	231	232	1	-1	-1	-1
204	233	230	1	-1	-1	-1
212	242	214	1	-1	-1	-1
241	211	217	1	-1	-1	-1
243	213	214	1	-1	-1	-1
243	216	213	1	-1	-1	-1
233	206	235	1	-1	-1	-1
235	206	234	1	-1	-1	-1
245	215	216	1	-1	-1	-1
217	215	245	1	-1	-1	-1
234	207	236	1	-1	-1	-1
218	227	237	1	-1	-1	-1
236	209	238	1	-1	-1	-1
237	239	209	1	-1	-1	-1
239	238	209	1	-1	-1	-1
232	242	212	1	-1	-1	-1
221	248	219	1	-1	-1	-1
222	219	248	1	-1	-1	-1
220	250	221	1	-1	-1	-1
211	241	240	1	-1	-1	-1
223	222	251	1	-1	-1	-1
214	242	244	1	-1	-1	-1
226	223	251	1	-1	-1	-1
252	225	224	1	-1	-1	-1
243	214	244	1	-1	-1	-1
224	226	252	1	-1	-1	-1
239	237	227	1	-1	-1	-1
243	246	216	1	-1	-1	-1
247	241	217	1	-1	-1	-1
253	228	225	1	-1	-1	-1
245	216	246	1	-1	-1	-1
217	245	247	1	-1	-1	-1
256	227	228	1	-1	-1	-1
230	257	229	1	-1	-1	-1
229	257	231	1	-1	-1	-1
248	221	250	1	-1	-1	-1
220	249	250	1	-1	-1	-1
222	248	251	1	-1	-1	-1
230	233	258	1	-1	-1	-1
231	259	232	1	-1	-1	-1
239	227	256	1	-1	-1	-1
235	261	233	1	-1	-1	-1
252	254	225	1	-1	-1	-1
234	262	235	1	-1	-1	-1
253	225	254	1	-1	-1	-1
226	251	255	1	-1	-1	-1
236	263	234	1	-1	-1	-1
226	255	252	1	-1	-1	-1
232	260	242	1	-1	-1	-1
253	256	228	1	-1	-1	-1
236	238	266	1	-1	-1	-1
238	239	267	1	-1	-1	-1
257	230	258	1	-1	-1	-1
242	260	244	1	-1	-1	-1
231	257	259	1	-1	-1	-1
269	240	241	1	-1	-1	-1
260	232	259	1	-1	-1	-1
261	258	233	1	-1	-1	-1
241	247	269	1	-1	-1	-1
243	244	270	1	-1	-1	-1
243	270	246	1	-1	-1	-1
263	262	234	1	-1	-1	-1
261	235	264	1	-1	-1	-1
262	265	235	1	-1	-1	-1
239	256	267	1	-1	-1	-1
265	264	235	1	-1	-1	-1
245	246	273	1	-1	-1	-1
247	245	272	1	-1	-1	-1
266	263	236	1	-1	-1	-1
268	266	238	1	-1	-1	-1
238	267	268	1	-1	-1	-1
271	244	260	1	-1	-1	-1
248	277	251	1	-1	-1	-1
278	248	250	1	-1	-1	-1
250	249	280	1	-1	-1	-1
255	251	277	1	-1	-1	-1
271	270	244	1	-1	-1	-1
255	281	252	1	-1	-1	-1
254	252	282	1	-1	-1	-1
270	274	246	1	-1	-1	-1
272	245	273	1	-1	-1	-1
253	254	283	1	-1	-1	-1
275	269	247	1	-1	-1	-1
273	246	274	1	-1	-1	-1
284	256	253	1	-1	-1	-1
272	276	247	1	-1	-1	-1
276	275	247	1	-1	-1	-1
278	277	248	1	-1	-1	-1
288	257	258	1	-1	-1	-1
259	257	288	1	-1	-1	-1
284	267	256	1	-1	-1	-1
249	279	280	1	-1	-1	-1
280	278	250	1	-1	-1	-1
258	261	289	1	-1	-1	-1
260	259	291	1	-1	-1	-1
289	261	264	1	-1	-1	-1
281	282	252	1	-1	-1	-1
263	293	262	1	-1	-1	-1
255	277	287	1	-1	-1	-1
284	253	283	1	-1	-1	-1
265	262	293	1	-1	-1	-1
282	285	254	1	-1	-1	-1
255	286	281	1	-1	-1	-1
291	271	260	1	-1	-1	-1
283	254	285	1	-1	-1	-1
266	294	263	1	-1	-1	-1
264	265	295	1	-1	-1	-1
287	286	255	1	-1	-1	-1
298	266	268	1	-1	-1	-1
268	267	299	1	-1	-1	-1
289	288	258	1	-1	-1	-1
290	259	288	1	-1	-1	-1
259	290	292	1	-1	-1	-1
291	259	292	1	-1	-1	-1
277	278	287	1	-1	-1	-1
271	301	270	1	-1	-1	-1
302	274	270	1	-1	-1	-1
295	289	264	1	-1	-1	-1
273	304	272	1	-1	-1	-1
294	293	263	1	-1	-1	-1
284	299	267	1	-1	-1	-1
305	276	272	1	-1	-1	-1
273	274	307	1	-1	-1	-1
293	297	265	1	-1	-1	-1
265	296	295	1	-1	-1	-1
294	266	298	1	-1	-1	-1
265	297	296	1	-1	-1	-1
308	275	276	1	-1	-1	-1
291	303	271	1	-1	-1	-1
300	298	268	1	-1	-1	-1
268	299	300	1	-1	-1	-1
289	290	288	1	-1	-1	-1
278	280	310	1	-1	-1	-1
312	280	279	1	-1	-1	-1
302	270	301	1	-1	-1	-1
278	309	287	1	-1	-1	-1
301	271	303	1	-1	-1	-1
313	282	281	1	-1	-1	-1
281	286	314	1	-1	-1	-1
305	272	304	1	-1	-1	-1
282	315	285	1	-1	-1	-1
283	316	284	1	-1	-1	-1
302	307	274	1	-1	-1	-1
273	306	304	1	-1	-1	-1
293	294	297	1	-1	-1	-1
283	285	317	1	-1	-1	-1
273	307	306	1	-1	-1	-1
308	276	305	1	-1	-1	-1
319	286	287	1	-1	-1	-1
310	309	278	1	-1	-1	-1
289	322	290	1	-1	-1	-1
299	284	318	1	-1	-1	-1
311	312	279	1	-1	-1	-1
280	312	310	1	-1	-1	-1
292	290	323	1	-1	-1	-1
322	289	295	1	-1	-1	-1
324	291	292	1	-1	-1	-1
313	281	314	1	-1	-1	-1
315	282	313	1	-1	-1	-1
317	316	283	1	-1	-1	-1
315	317	285	1	-1	-1	-1
297	294	326	1	-1	-1	-1
318	300	299	1	-1	-1	-1
287	309	321	1	-1	-1	-1
326	294	298	1	-1	-1	-1
327	295	296	1	-1	-1	-1
284	316	318	1	-1	-1	-1
303	291	324	1	-1	-1	-1
320	314	286	1	-1	-1	-1
296	297	329	1	-1	-1	-1
319	320	286	1	-1	-1	-1
319	287	321	1	-1	-1	-1
332	298	300	1	-1	-1	-1
323	290	322	1	-1	-1	-1
334	302	301	1	-1	-1	-1
303	334	301	1	-1	-1	-1
292	323	325	1	-1	-1	-1
325	324	292	1	-1	-1	-1
322	295	327	1	-1	-1	-1
302	335	307	1	-1	-1	-1
304	338	305	1	-1	-1	-1
304	306	339	1	-1	-1	-1
318	333	300	1	-1	-1	-1
328	327	296	1	-1	-1	-1
297	326	330	1	-1	-1	-1
305	340	308	1	-1	-1	-1
328	296	329	1	-1	-1	-1
306	307	341	1	-1	-1	-1
326	298	331	1	-1	-1	-1
297	330	329	1	-1	-1	-1
331	298	332	1	-1	-1	-1
310	343	309	1	-1	-1	-1
337	303	324	1	-1	-1	-1
332	300	333	1	-1	-1	-1
344	310	312	1	-1	-1	-1
311	344	312	1	-1	-1	-1
302	334	335	1	-1	-1	-1
322	327	323	1	-1	-1	-1
303	336	334	1	-1	-1	-1
343	321	309	1	-1	-1	-1
347	313	314	1	-1	-1	-1
313	347	315	1	-1	-1	-1
336	303	337	1	-1	-1	-1
317	315	349	1	-1	-1	-1
338	304	339	1	-1	-1	-1
314	320	348	1	-1	-1	-1
305	338	340	1	-1	-1	-1
317	351	316	1	-1	-1	-1
307	335	342	1	-1	-1	-1
351	318	316	1	-1	-1	-1
341	339	306	1	-1	-1	-1
324	325	337	1	-1	-1	-1
331	330	326	1	-1	-1	-1
342	341	307	1	-1	-1	-1
320	319	354	1	-1	-1	-1
319	321	355	1	-1	-1	-1
345	343	310	1	-1	-1	-1
310	344	345	1	-1	-1	-1
311	346	344	1	-1	-1	-1
333	318	352	1	-1	-1	-1
325	323	360	1	-1	-1	-1
314	348	347	1	-1	-1	-1
323	327	360	1	-1	-1	-1
347	350	315	1	-1	-1	-1
315	350	349	1	-1	-1	-1
317	349	351	1	-1	-1	-1
363	327	328	1	-1	-1	-1
364	328	329	1	-1	-1	-1
321	343	358	1	-1	-1	-1
318	351	353	1	-1	-1	-1
318	353	352	1	-1	-1	-1
325	362	337	1	-1	-1	-1
348	320	357	1	-1	-1	-1
367	329	330	1	-1	-1	-1
355	354	319	1	-1	-1	-1
331	368	330	1	-1	-1	-1
354	356	320	1	-1	-1	-1
369	331	332	1	-1	-1	-1
320	356	357	1	-1	-1	-1
355	321	359	1	-1	-1	-1
332	333	370	1	-1	-1	-1
321	358	359	1	-1	-1	-1
372	335	334	1	-1	-1	-1
372	334	336	1	-1	-1	-1
345	358	343	1	-1	-1	-1
360	361	325	1	-1	-1	-1
337	374	336	1	-1	-1	-1
361	362	325	1	-1	-1	-1
363	360	327	1	-1	-1	-1
373	342	335	1	-1	-1	-1
339	376	338	1	-1	-1	-1
377	340	338	1	-1	-1	-1
328	365	363	1	-1	-1	-1
333	352	371	1	-1	-1	-1
364	365	328	1	-1	-1	-1
378	339	341	1	-1	-1	-1
329	366	364	1	-1	-1	-1
367	366	329	1	-1	-1	-1
341	342	381	1	-1	-1	-1
367	330	368	1	-1	-1	-1
331	369	368	1	-1	-1	-1
370	369	332	1	-1	-1	-1
344	382	345	1	-1	-1	-1
382	344	346	1	-1	-1	-1
362	374	337	1	-1	-1	-1
370	333	371	1	-1	-1	-1
335	372	373	1	-1	-1	-1
386	347	348	1	-1	-1	-1
336	375	372	1	-1	-1	-1
350	347	387	1	-1	-1	-1
375	336	374	1	-1	-1	-1
384	358	345	1	-1	-1	-1
388	349	350	1	-1	-1	-1
388	351	349	1	-1	-1	-1
377	338	376	1	-1	-1	-1
348	357	386	1	-1	-1	-1
388	353	351	1	-1	-1	-1
378	376	339	1	-1	-1	-1
352	353	390	1	-1	-1	-1
340	377	379	1	-1	-1	-1
381	342	373	1	-1	-1	-1
380	378	341	1	-1	-1	-1
359	358	384	1	-1	-1	-1
392	354	355	1	-1	-1	-1
356	354	392	1	-1	-1	-1
359	393	355	1	-1	-1	-1
341	381	380	1	-1	-1	-1
345	382	383	1	-1	-1	-1
356	394	357	1	-1	-1	-1
345	383	384	1	-1	-1	-1
346	385	382	1	-1	-1	-1
352	390	371	1	-1	-1	-1
399	361	360	1	-1	-1	-1
386	387	347	1	-1	-1	-1
363	399	360	1	-1	-1	-1
361	400	362	1	-1	-1	-1
350	387	389	1	-1	-1	-1
350	389	388	1	-1	-1	-1
365	402	363	1	-1	-1	-1
365	364	403	1	-1	-1	-1
353	388	391	1	-1	-1	-1
366	403	364	1	-1	-1	-1
353	391	390	1	-1	-1	-1
362	401	374	1	-1	-1	-1
367	405	366	1	-1	-1	-1
357	396	386	1	-1	-1	-1
355	393	392	1	-1	-1	-1
368	406	367	1	-1	-1	-1
384	398	359	1	-1	-1	-1
392	394	356	1	-1	-1	-1
407	368	369	1	-1	-1	-1
369	370	407	1	-1	-1	-1
395	357	394	1	-1	-1	-1
397	357	395	1	-1	-1	-1
409	370	371	1	-1	-1	-1
397	396	357	1	-1	-1	-1
375	374	401	1	-1	-1	-1
359	398	393	1	-1	-1	-1
412	373	372	1	-1	-1	-1
372	375	411	1	-1	-1	-1
400	361	399	1	-1	-1	-1
401	362	400	1	-1	-1	-1
402	399	363	1	-1	-1	-1
373	412	381	1	-1	-1	-1
376	415	377	1	-1	-1	-1
389	391	388	1	-1	-1	-1
386	396	387	1	-1	-1	-1
376	378	415	1	-1	-1	-1
402	365	403	1	-1	-1	-1
390	410	371	1	-1	-1	-1
377	416	379	1	-1	-1	-1
366	404	403	1	-1	-1	-1
366	405	404	1	-1	-1	-1
378	380	418	1	-1	-1	-1
367	406	405	1	-1	-1	-1
419	380	381	1	-1	-1	-1
406	368	407	1	-1	-1	-1
370	408	407	1	-1	-1	-1
421	383	382	1	-1	-1	-1
385	420	382	1	-1	-1	-1
408	370	409	1	-1	-1	-1
410	409	371	1	-1	-1	-1
414	375	401	1	-1	-1	-1
383	423	384	1	-1	-1	-1
412	372	411	1	-1	-1	-1
375	413	411	1	-1	-1	-1
425	389	387	1	-1	-1	-1
414	413	375	1	-1	-1	-1
398	384	424	1	-1	-1	-1
389	427	391	1	-1	-1	-1
387	396	425	1	-1	-1	-1
428	390	391	1	-1	-1	-1
417	377	415	1	-1	-1	-1
377	417	416	1	-1	-1	-1
415	378	418	1	-1	-1	-1
412	419	381	1	-1	-1	-1
393	430	392	1	-1	-1	-1
394	392	430	1	-1	-1	-1
380	419	418	1	-1	-1	-1
394	433	395	1	-1	-1	-1
421	382	420	1	-1	-1	-1
432	393	398	1	-1	-1	-1
421	422	383	1	-1	-1	-1
395	435	397	1	-1	-1	-1
410	390	428	1	-1	-1	-1
383	422	423	1	-1	-1	-1
397	437	396	1	-1	-1	-1
384	423	424	1	-1	-1	-1
400	399	440	1	-1	-1	-1
426	389	425	1	-1	-1	-1
402	440	399	1	-1	-1	-1
426	427	389	1	-1	-1	-1
401	400	442	1	-1	-1	-1
391	427	429	1	-1	-1	-1
402	403	443	1	-1	-1	-1
429	428	391	1	-1	-1	-1
403	404	445	1	-1	-1	-1
430	393	431	1	-1	-1	-1
405	446	404	1	-1	-1	-1
393	432	431	1	-1	-1	-1
442	414	401	1	-1	-1	-1
447	405	406	1	-1	-1	-1
437	425	396	1	-1	-1	-1
394	430	434	1	-1	-1	-1
406	407	447	1	-1	-1	-1
439	398	424	1	-1	-1	-1
394	434	433	1	-1	-1	-1
408	447	407	1	-1	-1	-1
436	395	433	1	-1	-1	-1
436	435	395	1	-1	-1	-1
408	409	450	1	-1	-1	-1
439	432	398	1	-1	-1	-1
409	410	451	1	-1	-1	-1
438	397	435	1	-1	-1	-1
438	437	397	1	-1	-1	-1
411	453	412	1	-1	-1	-1
454	411	413	1	-1	-1	-1
441	400	440	1	-1	-1	-1
413	414	456	1	-1	-1	-1
442	400	441	1	-1	-1	-1
443	440	402	1	-1	-1	-1
412	455	419	1	-1	-1	-1
452	410	428	1	-1	-1	-1
444	443	403	1	-1	-1	-1
459	415	418	1	-1	-1	-1
403	445	444	1	-1	-1	-1
460	417	415	1	-1	-1	-1
461	416	417	1	-1	-1	-1
445	404	446	1	-1	-1	-1
446	405	448	1	-1	-1	-1
462	418	419	1	-1	-1	-1
405	447	448	1	-1	-1	-1
449	447	408	1	-1	-1	-1
420	465	421	1	-1	-1	-1
450	449	408	1	-1	-1	-1
428	429	452	1	-1	-1	-1
466	422	421	1	-1	-1	-1
450	409	451	1	-1	-1	-1
422	467	423	1	-1	-1	-1
410	452	451	1	-1	-1	-1
442	458	414	1	-1	-1	-1
468	424	423	1	-1	-1	-1
411	454	453	1	-1	-1	-1
412	453	455	1	-1	-1	-1
469	426	425	1	-1	-1	-1
470	427	426	1	-1	-1	-1
457	454	413	1	-1	-1	-1
413	456	457	1	-1	-1	-1
427	471	429	1	-1	-1	-1
456	414	458	1	-1	-1	-1
469	425	437	1	-1	-1	-1
424	468	439	1	-1	-1	-1
459	460	415	1	-1	-1	-1
430	431	474	1	-1	-1	-1
430	473	434	1	-1	-1	-1
463	419	455	1	-1	-1	-1
431	432	475	1	-1	-1	-1
461	417	460	1	-1	-1	-1
418	462	459	1	-1	-1	-1
477	433	434	1	-1	-1	-1
419	463	462	1	-1	-1	-1
433	477	436	1	-1	-1	-1
439	476	432	1	-1	-1	-1
420	464	465	1	-1	-1	-1
435	436	479	1	-1	-1	-1
466	421	465	1	-1	-1	-1
438	435	479	1	-1	-1	-1
472	452	429	1	-1	-1	-1
466	467	422	1	-1	-1	-1
482	437	438	1	-1	-1	-1
467	468	423	1	-1	-1	-1
469	470	426	1	-1	-1	-1
440	485	441	1	-1	-1	-1
485	440	443	1	-1	-1	-1
471	427	470	1	-1	-1	-1
441	486	442	1	-1	-1	-1
471	472	429	1	-1	-1	-1
488	443	444	1	-1	-1	-1
430	474	473	1	-1	-1	-1
445	489	444	1	-1	-1	-1
475	474	431	1	-1	-1	-1
490	445	446	1	-1	-1	-1
476	475	432	1	-1	-1	-1
468	476	439	1	-1	-1	-1
446	448	490	1	-1	-1	-1
434	473	478	1	-1	-1	-1
458	442	487	1	-1	-1	-1
447	492	448	1	-1	-1	-1
449	492	447	1	-1	-1	-1
437	482	469	1	-1	-1	-1
478	477	434	1	-1	-1	-1
436	477	480	1	-1	-1	-1
449	450	495	1	-1	-1	-1
479	436	481	1	-1	-1	-1
480	481	436	1	-1	-1	-1
451	498	450	1	-1	-1	-1
479	483	438	1	-1	-1	-1
498	451	452	1	-1	-1	-1
484	482	438	1	-1	-1	-1
438	483	484	1	-1	-1	-1
500	453	454	1	-1	-1	-1
500	455	453	1	-1	-1	-1
501	454	457	1	-1	-1	-1
441	485	486	1	-1	-1	-1
486	487	442	1	-1	-1	-1
456	503	457	1	-1	-1	-1
488	485	443	1	-1	-1	-1
504	456	458	1	-1	-1	-1
463	455	502	1	-1	-1	-1
489	488	444	1	-1	-1	-1
452	472	499	1	-1	-1	-1
459	506	460	1	-1	-1	-1
489	445	491	1	-1	-1	-1
490	491	445	1	-1	-1	-1
462	506	459	1	-1	-1	-1
461	460	508	1	-1	-1	-1
448	493	490	1	-1	-1	-1
494	448	492	1	-1	-1	-1
493	448	494	1	-1	-1	-1
462	463	510	1	-1	-1	-1
449	495	492	1	-1	-1	-1
496	495	450	1	-1	-1	-1
513	465	464	1	-1	-1	-1
496	450	497	1	-1	-1	-1
513	466	465	1	-1	-1	-1
450	498	497	1	-1	-1	-1
514	467	466	1	-1	-1	-1
458	487	504	1	-1	-1	-1
452	499	498	1	-1	-1	-1
467	515	468	1	-1	-1	-1
500	454	501	1	-1	-1	-1
500	502	455	1	-1	-1	-1
470	469	518	1	-1	-1	-1
468	516	476	1	-1	-1	-1
520	471	470	1	-1	-1	-1
501	457	505	1	-1	-1	-1
504	503	456	1	-1	-1	-1
472	471	521	1	-1	-1	-1
457	503	505	1	-1	-1	-1
482	517	469	1	-1	-1	-1
523	473	474	1	-1	-1	-1
507	460	506	1	-1	-1	-1
475	524	474	1	-1	-1	-1
493	491	490	1	-1	-1	-1
523	478	473	1	-1	-1	-1
507	508	460	1	-1	-1	-1
475	476	525	1	-1	-1	-1
511	463	502	1	-1	-1	-1
462	510	506	1	-1	-1	-1
509	461	508	1	-1	-1	-1
477	478	527	1	-1	-1	-1
484	517	482	1	-1	-1	-1
510	463	511	1	-1	-1	-1
528	480	477	1	-1	-1	-1
513	464	512	1	-1	-1	-1
481	530	479	1	-1	-1	-1
531	481	480	1	-1	-1	-1
530	483	479	1	-1	-1	-1
514	466	513	1	-1	-1	-1
522	499	472	1	-1	-1	-1
467	514	515	1	-1	-1	-1
515	516	468	1	-1	-1	-1
483	533	484	1	-1	-1	-1
517	519	469	1	-1	-1	-1
519	518	469	1	-1	-1	-1
485	536	486	1	-1	-1	-1
470	518	520	1	-1	-1	-1
536	485	488	1	-1	-1	-1
487	486	537	1	-1	-1	-1
471	520	521	1	-1	-1	-1
521	522	472	1	-1	-1	-1
488	489	540	1	-1	-1	-1
526	476	516	1	-1	-1	-1
524	523	474	1	-1	-1	-1
541	489	491	1	-1	-1	-1
525	524	475	1	-1	-1	-1
525	476	526	1	-1	-1	-1
491	493	543	1	-1	-1	-1
538	504	487	1	-1	-1	-1
544	494	492	1	-1	-1	-1
523	529	478	1	-1	-1	-1
495	544	492	1	-1	-1	-1
527	528	477	1	-1	-1	-1
494	545	493	1	-1	-1	-1
478	529	527	1	-1	-1	-1
535	517	484	1	-1	-1	-1
496	547	495	1	-1	-1	-1
528	531	480	1	-1	-1	-1
497	548	496	1	-1	-1	-1
481	532	530	1	-1	-1	-1
532	481	531	1	-1	-1	-1
551	497	498	1	-1	-1	-1
483	530	534	1	-1	-1	-1
498	499	552	1	-1	-1	-1
533	483	534	1	-1	-1	-1
533	535	484	1	-1	-1	-1
555	500	501	1	-1	-1	-1
500	555	502	1	-1	-1	-1
486	536	537	1	-1	-1	-1
487	537	538	1	-1	-1	-1
536	488	539	1	-1	-1	-1
556	501	505	1	-1	-1	-1
540	539	488	1	-1	-1	-1
503	504	559	1	-1	-1	-1
505	503	560	1	-1	-1	-1
511	502	557	1	-1	-1	-1
489	541	540	1	-1	-1	-1
517	535	519	1	-1	-1	-1
553	499	522	1	-1	-1	-1
541	491	542	1	-1	-1	-1
563	507	506	1	-1	-1	-1
543	542	491	1	-1	-1	-1
564	508	507	1	-1	-1	-1
510	563	506	1	-1	-1	-1
543	493	545	1	-1	-1	-1
508	565	509	1	-1	-1	-1
546	494	544	1	-1	-1	-1
494	546	545	1	-1	-1	-1
544	495	547	1	-1	-1	-1
510	511	568	1	-1	-1	-1
549	547	496	1	-1	-1	-1
496	548	549	1	-1	-1	-1
570	513	512	1	-1	-1	-1
548	497	550	1	-1	-1	-1
497	551	550	1	-1	-1	-1
514	513	571	1	-1	-1	-1
504	538	559	1	-1	-1	-1
515	514	572	1	-1	-1	-1
551	498	552	1	-1	-1	-1
572	516	515	1	-1	-1	-1
554	552	499	1	-1	-1	-1
499	553	554	1	-1	-1	-1
537	536	539	1	-1	-1	-1
518	519	575	1	-1	-1	-1
556	555	501	1	-1	-1	-1
520	518	575	1	-1	-1	-1
558	502	555	1	-1	-1	-1
526	516	574	1	-1	-1	-1
557	502	558	1	-1	-1	-1
521	520	578	1	-1	-1	-1
521	578	522	1	-1	-1	-1
505	561	556	1	-1	-1	-1
559	560	503	1	-1	-1	-1
505	560	562	1	-1	-1	-1
581	523	524	1	-1	-1	-1
561	505	562	1	-1	-1	-1
519	535	576	1	-1	-1	-1
583	524	525	1	-1	-1	-1
581	529	523	1	-1	-1	-1
507	563	564	1	-1	-1	-1
583	525	526	1	-1	-1	-1
557	568	511	1	-1	-1	-1
564	565	508	1	-1	-1	-1
566	509	565	1	-1	-1	-1
510	567	563	1	-1	-1	-1
587	527	529	1	-1	-1	-1
528	527	588	1	-1	-1	-1
567	510	568	1	-1	-1	-1
528	590	531	1	-1	-1	-1
512	569	570	1	-1	-1	-1
513	570	571	1	-1	-1	-1
532	592	530	1	-1	-1	-1
522	580	553	1	-1	-1	-1
531	593	532	1	-1	-1	-1
534	530	592	1	-1	-1	-1
573	514	571	1	-1	-1	-1
514	573	572	1	-1	-1	-1
572	574	516	1	-1	-1	-1
533	595	535	1	-1	-1	-1
533	534	596	1	-1	-1	-1
556	558	555	1	-1	-1	-1
575	519	577	1	-1	-1	-1
519	576	577	1	-1	-1	-1
575	578	520	1	-1	-1	-1
538	537	598	1	-1	-1	-1
537	539	599	1	-1	-1	-1
540	599	539	1	-1	-1	-1
579	522	578	1	-1	-1	-1
579	580	522	1	-1	-1	-1
541	602	540	1	-1	-1	-1
574	585	526	1	-1	-1	-1
542	603	541	1	-1	-1	-1
582	581	524	1	-1	-1	-1
524	583	582	1	-1	-1	-1
542	543	605	1	-1	-1	-1
583	526	584	1	-1	-1	-1
607	543	545	1	-1	-1	-1
584	526	585	1	-1	-1	-1
559	538	600	1	-1	-1	-1
544	608	546	1	-1	-1	-1
544	547	608	1	-1	-1	-1
546	609	545	1	-1	-1	-1
586	527	587	1	-1	-1	-1
588	527	586	1	-1	-1	-1
529	581	591	1	-1	-1	-1
528	588	589	1	-1	-1	-1
535	595	576	1	-1	-1	-1
528	589	590	1	-1	-1	-1
529	591	587	1	-1	-1	-1
547	549	612	1	-1	-1	-1
549	548	613	1	-1	-1	-1
550	614	548	1	-1	-1	-1
531	590	593	1	-1	-1	-1
532	594	592	1	-1	-1	-1
617	550	551	1	-1	-1	-1
593	594	532	1	-1	-1	-1
552	618	551	1	-1	-1	-1
592	597	534	1	-1	-1	-1
596	595	533	1	-1	-1	-1
552	554	619	1	-1	-1	-1
597	596	534	1	-1	-1	-1
620	554	553	1	-1	-1	-1
599	598	537	1	-1	-1	-1
622	558	556	1	-1	-1	-1
538	598	601	1	-1	-1	-1
557	558	623	1	-1	-1	-1
601	600	538	1	-1	-1	-1
622	556	561	1	-1	-1	-1
602	599	540	1	-1	-1	-1
559	625	560	1	-1	-1	-1
602	541	604	1	-1	-1	-1
626	562	560	1	-1	-1	-1
541	603	604	1	-1	-1	-1
568	557	624	1	-1	-1	-1
605	603	542	1	-1	-1	-1
561	562	627	1	-1	-1	-1
580	620	553	1	-1	-1	-1
543	606	605	1	-1	-1	-1
543	607	606	1	-1	-1	-1
564	563	630	1	-1	-1	-1
564	631	565	1	-1	-1	-1
563	567	630	1	-1	-1	-1
545	609	607	1	-1	-1	-1
566	565	631	1	-1	-1	-1
611	546	608	1	-1	-1	-1
610	609	546	1	-1	-1	-1
608	547	612	1	-1	-1	-1
610	546	611	1	-1	-1	-1
568	633	567	1	-1	-1	-1
548	614	613	1	-1	-1	-1
636	570	569	1	-1	-1	-1
549	613	615	1	-1	-1	-1
616	612	549	1	-1	-1	-1
636	571	570	1	-1	-1	-1
616	549	615	1	-1	-1	-1
617	614	550	1	-1	-1	-1
573	571	637	1	-1	-1	-1
572	573	638	1	-1	-1	-1
559	600	625	1	-1	-1	-1
572	638	574	1	-1	-1	-1
618	617	551	1	-1	-1	-1
552	619	618	1	-1	-1	-1
577	641	575	1	-1	-1	-1
641	578	575	1	-1	-1	-1
554	621	619	1	-1	-1	-1
620	621	554	1	-1	-1	-1
577	576	642	1	-1	-1	-1
641	579	578	1	-1	-1	-1
640	585	574	1	-1	-1	-1
623	558	622	1	-1	-1	-1
623	624	557	1	-1	-1	-1
580	579	646	1	-1	-1	-1
622	561	627	1	-1	-1	-1
560	625	626	1	-1	-1	-1
642	576	595	1	-1	-1	-1
581	582	652	1	-1	-1	-1
627	562	628	1	-1	-1	-1
562	626	629	1	-1	-1	-1
583	653	582	1	-1	-1	-1
562	629	628	1	-1	-1	-1
655	583	584	1	-1	-1	-1
651	591	581	1	-1	-1	-1
568	624	633	1	-1	-1	-1
584	585	656	1	-1	-1	-1
564	630	631	1	-1	-1	-1
631	632	566	1	-1	-1	-1
630	567	634	1	-1	-1	-1
588	586	659	1	-1	-1	-1
587	660	586	1	-1	-1	-1
567	633	634	1	-1	-1	-1
591	661	587	1	-1	-1	-1
588	663	589	1	-1	-1	-1
636	569	635	1	-1	-1	-1
589	663	590	1	-1	-1	-1
571	636	637	1	-1	-1	-1
664	593	590	1	-1	-1	-1
639	573	637	1	-1	-1	-1
620	580	650	1	-1	-1	-1
573	639	638	1	-1	-1	-1
594	666	592	1	-1	-1	-1
638	640	574	1	-1	-1	-1
593	667	594	1	-1	-1	-1
592	666	597	1	-1	-1	-1
577	643	641	1	-1	-1	-1
670	595	596	1	-1	-1	-1
644	643	577	1	-1	-1	-1
577	642	645	1	-1	-1	-1
596	597	671	1	-1	-1	-1
645	644	577	1	-1	-1	-1
641	647	579	1	-1	-1	-1
599	673	598	1	-1	-1	-1
598	673	601	1	-1	-1	-1
646	579	647	1	-1	-1	-1
580	646	649	1	-1	-1	-1
674	599	602	1	-1	-1	-1
601	675	600	1	-1	-1	-1
649	648	580	1	-1	-1	-1
650	580	648	1	-1	-1	-1
640	658	585	1	-1	-1	-1
651	581	652	1	-1	-1	-1
679	602	604	1	-1	-1	-1
603	680	604	1	-1	-1	-1
582	654	652	1	-1	-1	-1
603	605	680	1	-1	-1	-1
582	653	654	1	-1	-1	-1
653	583	655	1	-1	-1	-1
606	684	605	1	-1	-1	-1
584	657	655	1	-1	-1	-1
657	584	656	1	-1	-1	-1
607	685	606	1	-1	-1	-1
658	656	585	1	-1	-1	-1
600	676	625	1	-1	-1	-1
609	688	607	1	-1	-1	-1
660	659	586	1	-1	-1	-1
670	642	595	1	-1	-1	-1
665	591	651	1	-1	-1	-1
587	661	660	1	-1	-1	-1
611	608	689	1	-1	-1	-1
659	662	588	1	-1	-1	-1
610	691	609	1	-1	-1	-1
608	612	690	1	-1	-1	-1
611	692	610	1	-1	-1	-1
663	588	662	1	-1	-1	-1
663	664	590	1	-1	-1	-1
665	661	591	1	-1	-1	-1
690	612	616	1	-1	-1	-1
694	613	614	1	-1	-1	-1
613	694	615	1	-1	-1	-1
593	664	667	1	-1	-1	-1
626	625	676	1	-1	-1	-1
614	617	696	1	-1	-1	-1
616	615	697	1	-1	-1	-1
669	666	594	1	-1	-1	-1
668	594	667	1	-1	-1	-1
668	669	594	1	-1	-1	-1
641	643	647	1	-1	-1	-1
618	700	617	1	-1	-1	-1
597	666	672	1	-1	-1	-1
618	619	700	1	-1	-1	-1
670	596	671	1	-1	-1	-1
672	671	597	1	-1	-1	-1
621	701	619	1	-1	-1	-1
620	702	621	1	-1	-1	-1
673	599	674	1	-1	-1	-1
623	622	705	1	-1	-1	-1
600	675	676	1	-1	-1	-1
673	678	601	1	-1	-1	-1
675	601	677	1	-1	-1	-1
624	623	706	1	-1	-1	-1
705	622	627	1	-1	-1	-1
674	602	679	1	-1	-1	-1
677	601	678	1	-1	-1	-1
670	645	642	1	-1	-1	-1
708	629	626	1	-1	-1	-1
604	681	679	1	-1	-1	-1
624	707	633	1	-1	-1	-1
627	628	709	1	-1	-1	-1
709	628	629	1	-1	-1	-1
680	682	604	1	-1	-1	-1
604	682	681	1	-1	-1	-1
680	605	683	1	-1	-1	-1
684	683	605	1	-1	-1	-1
620	650	702	1	-1	-1	-1
630	712	631	1	-1	-1	-1
707	634	633	1	-1	-1	-1
634	712	630	1	-1	-1	-1
631	713	632	1	-1	-1	-1
606	686	684	1	-1	-1	-1
686	606	685	1	-1	-1	-1
685	607	687	1	-1	-1	-1
607	688	687	1	-1	-1	-1
690	689	608	1	-1	-1	-1
609	691	688	1	-1	-1	-1
635	717	636	1	-1	-1	-1
637	636	717	1	-1	-1	-1
610	692	691	1	-1	-1	-1
611	689	693	1	-1	-1	-1
718	639	637	1	-1	-1	-1
719	638	639	1	-1	-1	-1
692	611	693	1	-1	-1	-1
719	640	638	1	-1	-1	-1
614	695	694	1	-1	-1	-1
696	695	614	1	-1	-1	-1
699	690	616	1	-1	-1	-1
694	698	615	1	-1	-1	-1
644	722	643	1	-1	-1	-1
697	615	698	1	-1	-1	-1
676	708	626	1	-1	-1	-1
697	699	616	1	-1	-1	-1
647	643	722	1	-1	-1	-1
644	645	723	1	-1	-1	-1
700	696	617	1	-1	-1	-1
721	658	640	1	-1	-1	-1
726	646	647	1	-1	-1	-1
700	619	701	1	-1	-1	-1
646	726	649	1	-1	-1	-1
648	649	727	1	-1	-1	-1
621	703	701	1	-1	-1	-1
673	674	678	1	-1	-1	-1
650	648	728	1	-1	-1	-1
703	621	704	1	-1	-1	-1
621	702	704	1	-1	-1	-1
706	623	705	1	-1	-1	-1
732	651	652	1	-1	-1	-1
707	624	706	1	-1	-1	-1
733	652	654	1	-1	-1	-1
670	725	645	1	-1	-1	-1
734	654	653	1	-1	-1	-1
655	734	653	1	-1	-1	-1
627	710	705	1	-1	-1	-1
627	709	710	1	-1	-1	-1
651	732	665	1	-1	-1	-1
736	655	657	1	-1	-1	-1
711	629	708	1	-1	-1	-1
709	629	711	1	-1	-1	-1
657	656	737	1	-1	-1	-1
737	656	658	1	-1	-1	-1
634	707	715	1	-1	-1	-1
712	713	631	1	-1	-1	-1
632	713	714	1	-1	-1	-1
634	715	712	1	-1	-1	-1
660	743	659	0	-1	-1	-1
659	742	662	0	-1	-1	-1
660	661	745	0	-1	-1	-1
635	716	717	1	-1	-1	-1
661	665	746	0	-1	-1	-1
662	747	663	1	-1	-1	-1
637	717	718	1	-1	-1	-1
749	664	663	1	-1	-1	-1
720	639	718	1	-1	-1	-1
719	639	720	1	-1	-1	-1
719	721	640	1	-1	-1	-1
750	667	664	1	-1	-1	-1
650	731	702	1	-1	-1	-1
667	750	668	1	-1	-1	-1
669	752	666	1	-1	-1	-1
722	644	724	1	-1	-1	-1
666	752	672	1	-1	-1	-1
724	644	723	1	-1	-1	-1
668	754	669	1	-1	-1	-1
723	645	725	1	-1	-1	-1
647	722	726	1	-1	-1	-1
756	670	671	1	-1	-1	-1
671	672	756	1	-1	-1	-1
728	648	727	1	-1	-1	-1
726	729	649	1	-1	-1	-1
729	727	649	1	-1	-1	-1
730	650	728	1	-1	-1	-1
676	675	759	1	-1	-1	-1
674	758	678	1	-1	-1	-1
650	730	731	1	-1	-1	-1
758	674	679	1	-1	-1	-1
759	675	677	1	-1	-1	-1
677	678	760	1	-1	-1	-1
733	732	652	1	-1	-1	-1
681	758	679	1	-1	-1	-1
741	658	721	1	-1	-1	-1
733	654	735	1	-1	-1	-1
735	654	734	1	-1	-1	-1
682	680	763	1	-1	-1	-1
655	736	734	1	-1	-1	-1
683	762	680	1	-1	-1	-1
682	764	681	1	-1	-1	-1
657	738	736	1	-1	-1	-1
737	739	657	1	-1	-1	-1
684	766	683	1	-1	-1	-1
739	738	657	1	-1	-1	-1
740	737	658	1	-1	-1	-1
686	768	684	1	-1	-1	-1
740	658	741	1	-1	-1	-1
686	685	769	1	-1	-1	-1
769	685	687	1	-1	-1	-1
708	676	759	1	-1	-1	-1
659	743	742	0	-1	-1	-1
687	688	771	4	-1	-1	-1
660	744	743	0	-1	-1	-1
751	665	732	0	-1	-1	-1
660	745	744	0	-1	-1	-1
756	725	670	1	-1	-1	-1
688	691	773	4	-1	-1	-1
748	662	742	0	-1	-1	-1
745	661	746	0	-1	-1	-1
690	776	689	1	-1	-1	-1
748	747	662	0	-1	-1	-1
689	775	693	1	-1	-1	-1
663	747	749	1	-1	-1	-1
691	692	777	4	-1	-1	-1
746	665	751	0	-1	-1	-1
749	750	664	1	-1	-1	-1
693	778	692	4	-1	-1	-1
690	699	776	1	-1	-1	-1
695	780	694	1	-1	-1	-1
753	668	750	1	-1	-1	-1
698	694	780	1	-1	-1	-1
695	696	781	1	-1	-1	-1
668	753	754	1	-1	-1	-1
752	669	755	1	-1	-1	-1
669	754	755	1	-1	-1	-1
700	782	696	1	-1	-1	-1
699	697	783	1	-1	-1	-1
784	697	698	1	-1	-1	-1
752	757	672	1	-1	-1	-1
756	672	757	1	-1	-1	-1
787	700	701	1	-1	-1	-1
789	701	703	1	-1	-1	-1
704	702	790	1	-1	-1	-1
677	760	759	1	-1	-1	-1
758	761	678	1	-1	-1	-1
704	791	703	1	-1	-1	-1
761	760	678	1	-1	-1	-1
758	681	764	1	-1	-1	-1
706	705	794	1	-1	-1	-1
680	762	763	1	-1	-1	-1
706	795	707	1	-1	-1	-1
705	710	794	1	-1	-1	-1
763	765	682	1	-1	-1	-1
766	762	683	1	-1	-1	-1
764	682	765	1	-1	-1	-1
708	798	711	1	-1	-1	-1
766	684	767	1	-1	-1	-1
799	710	709	1	-1	-1	-1
711	799	709	1	-1	-1	-1
767	684	768	1	-1	-1	-1
797	715	707	1	-1	-1	-1
702	731	790	1	-1	-1	-1
686	770	768	1	-1	-1	-1
769	770	686	1	-1	-1	-1
769	687	772	4	-1	-1	-1
803	713	712	1	-1	-1	-1
772	687	771	4	-1	-1	-1
715	803	712	1	-1	-1	-1
804	714	713	1	-1	-1	-1
688	774	771	4	-1	-1	-1
774	688	773	4	-1	-1	-1
775	689	776	1	-1	-1	-1
808	717	716	1	-1	-1	-1
773	691	777	4	-1	-1	-1
717	808	718	1	-1	-1	-1
775	779	693	4	-1	-1	-1
692	778	777	4	-1	-1	-1
720	718	809	1	-1	-1	-1
719	720	811	1	-1	-1	-1
693	779	778	4	-1	-1	-1
721	719	811	1	-1	-1	-1
781	780	695	1	-1	-1	-1
783	776	699	1	-1	-1	-1
782	781	696	1	-1	-1	-1
724	815	722	1	-1	-1	-1
722	815	726	1	-1	-1	-1
723	816	724	1	-1	-1	-1
784	783	697	1	-1	-1	-1
698	780	786	1	-1	-1	-1
798	708	759	1	-1	-1	-1
723	725	817	1	-1	-1	-1
698	785	784	1	-1	-1	-1
786	785	698	1	-1	-1	-1
700	787	782	1	-1	-1	-1
815	729	726	1	-1	-1	-1
727	820	728	1	-1	-1	-1
721	813	741	1	-1	-1	-1
787	701	788	1	-1	-1	-1
821	727	729	1	-1	-1	-1
789	788	701	1	-1	-1	-1
823	730	728	1	-1	-1	-1
703	791	789	1	-1	-1	-1
730	824	731	1	-1	-1	-1
792	791	704	1	-1	-1	-1
790	793	704	1	-1	-1	-1
793	792	704	1	-1	-1	-1
826	732	733	0	-1	-1	-1
827	733	735	0	-1	-1	-1
794	796	706	1	-1	-1	-1
734	828	735	1	-1	-1	-1
795	706	796	1	-1	-1	-1
828	734	736	1	-1	-1	-1
756	817	725	1	-1	-1	-1
707	795	797	1	-1	-1	-1
736	738	830	1	-1	-1	-1
800	794	710	1	-1	-1	-1
831	739	737	1	-1	-1	-1
799	800	710	1	-1	-1	-1
751	732	826	0	-1	-1	-1
832	737	740	1	-1	-1	-1
739	833	738	1	-1	-1	-1
802	711	798	1	-1	-1	-1
799	711	801	1	-1	-1	-1
801	711	802	1	-1	-1	-1
741	836	740	1	-1	-1	-1
715	797	806	1	-1	-1	-1
804	713	803	1	-1	-1	-1
714	804	805	1	-1	-1	-1
743	839	742	0	-1	-1	-1
803	715	806	1	-1	-1	-1
744	841	743	0	-1	-1	-1
742	840	748	0	-1	-1	-1
716	807	808	1	-1	-1	-1
842	744	745	0	-1	-1	-1
745	746	843	0	-1	-1	-1
808	810	718	1	-1	-1	-1
718	810	809	1	-1	-1	-1
812	720	809	1	-1	-1	-1
845	749	747	1	-1	-1	-1
748	846	747	0	-1	-1	-1
746	751	844	0	-1	-1	-1
720	812	811	1	-1	-1	-1
731	825	790	1	-1	-1	-1
814	721	811	1	-1	-1	-1
721	814	813	1	-1	-1	-1
750	749	849	1	-1	-1	-1
753	750	849	1	-1	-1	-1
723	817	816	1	-1	-1	-1
755	851	752	1	-1	-1	-1
724	816	818	1	-1	-1	-1
815	724	819	1	-1	-1	-1
851	757	752	1	-1	-1	-1
753	853	754	1	-1	-1	-1
819	724	818	1	-1	-1	-1
854	755	754	1	-1	-1	-1
821	729	815	1	-1	-1	-1
727	821	820	1	-1	-1	-1
822	728	820	1	-1	-1	-1
857	756	757	1	-1	-1	-1
728	822	823	1	-1	-1	-1
823	824	730	1	-1	-1	-1
758	860	761	1	-1	-1	-1
731	824	825	1	-1	-1	-1
759	760	862	1	-1	-1	-1
860	758	764	1	-1	-1	-1
863	760	761	1	-1	-1	-1
827	826	733	0	-1	-1	-1
763	762	865	1	-1	-1	-1
735	829	827	0	-1	-1	-1
829	735	828	0	-1	-1	-1
838	741	813	1	-1	-1	-1
762	766	864	1	-1	-1	-1
830	828	736	1	-1	-1	-1
866	765	763	1	-1	-1	-1
867	764	765	1	-1	-1	-1
864	766	767	1	-1	-1	-1
832	831	737	1	-1	-1	-1
833	830	738	1	-1	-1	-1
739	831	834	1	-1	-1	-1
871	767	768	1	-1	-1	-1
834	833	739	1	-1	-1	-1
740	835	832	1	-1	-1	-1
770	872	768	1	-1	-1	-1
835	740	836	1	-1	-1	-1
873	770	769	4	-1	-1	-1
741	837	836	1	-1	-1	-1
873	769	772	4	-1	-1	-1
741	838	837	1	-1	-1	-1
798	759	861	1	-1	-1	-1
771	875	772	4	-1	-1	-1
771	774	875	4	-1	-1	-1
839	840	742	0	-1	-1	-1
841	839	743	0	-1	-1	-1
877	774	773	4	-1	-1	-1
810	808	807	1	-1	-1	-1
850	751	826	0	-1	-1	-1
773	777	877	4	-1	-1	-1
842	841	744	0	-1	-1	-1
745	843	842	0	-1	-1	-1
775	776	880	1	-1	-1	-1
756	858	817	1	-1	-1	-1
746	844	843	0	-1	-1	-1
748	840	847	0	-1	-1	-1
775	881	779	4	-1	-1	-1
846	845	747	0	-1	-1	-1
777	778	883	4	-1	-1	-1
882	776	783	1	-1	-1	-1
778	779	884	4	-1	-1	-1
846	748	848	0	-1	-1	-1
847	848	748	0	-1	-1	-1
849	749	845	1	-1	-1	-1
751	850	844	0	-1	-1	-1
780	781	886	1	-1	-1	-1
782	887	781	1	-1	-1	-1
780	886	786	1	-1	-1	-1
849	852	753	1	-1	-1	-1
783	784	890	1	-1	-1	-1
753	852	853	1	-1	-1	-1
787	889	782	1	-1	-1	-1
891	784	785	1	-1	-1	-1
755	855	851	1	-1	-1	-1
754	853	854	1	-1	-1	-1
786	893	785	1	-1	-1	-1
755	854	856	1	-1	-1	-1
755	856	855	1	-1	-1	-1
859	757	851	1	-1	-1	-1
787	788	895	1	-1	-1	-1
756	857	858	1	-1	-1	-1
859	857	757	1	-1	-1	-1
789	897	788	1	-1	-1	-1
791	898	789	1	-1	-1	-1
759	862	861	1	-1	-1	-1
790	900	793	1	-1	-1	-1
901	791	792	1	-1	-1	-1
860	863	761	1	-1	-1	-1
862	760	863	1	-1	-1	-1
903	792	793	1	-1	-1	-1
762	864	865	1	-1	-1	-1
867	860	764	1	-1	-1	-1
763	865	866	1	-1	-1	-1
905	796	794	1	-1	-1	-1
795	796	907	1	-1	-1	-1
797	795	907	1	-1	-1	-1
765	866	868	1	-1	-1	-1
800	906	794	1	-1	-1	-1
869	867	765	1	-1	-1	-1
864	767	870	1	-1	-1	-1
869	765	868	1	-1	-1	-1
827	850	826	0	-1	-1	-1
870	767	871	1	-1	-1	-1
872	871	768	1	-1	-1	-1
911	802	798	1	-1	-1	-1
800	799	913	1	-1	-1	-1
801	912	799	1	-1	-1	-1
909	806	797	1	-1	-1	-1
825	899	790	1	-1	-1	-1
872	770	874	4	-1	-1	-1
873	874	770	4	-1	-1	-1
915	801	802	1	-1	-1	-1
772	876	873	4	-1	-1	-1
803	916	804	1	-1	-1	-1
772	875	876	4	-1	-1	-1
803	806	917	1	-1	-1	-1
918	805	804	1	-1	-1	-1
875	774	878	4	-1	-1	-1
879	774	877	4	-1	-1	-1
878	774	879	4	-1	-1	-1
775	880	881	4	-1	-1	-1
807	920	810	1	-1	-1	-1
877	777	883	4	-1	-1	-1
880	776	882	1	-1	-1	-1
810	922	809	1	-1	-1	-1
809	921	812	1	-1	-1	-1
881	885	779	4	-1	-1	-1
778	884	883	4	-1	-1	-1
812	924	811	1	-1	-1	-1
884	779	885	4	-1	-1	-1
814	811	924	1	-1	-1	-1
926	813	814	1	-1	-1	-1
890	882	783	1	-1	-1	-1
888	886	781	1	-1	-1	-1
781	887	888	1	-1	-1	-1
887	782	889	1	-1	-1	-1
816	817	929	1	-1	-1	-1
819	928	815	1	-1	-1	-1
818	816	929	1	-1	-1	-1
928	821	815	1	-1	-1	-1
890	784	892	1	-1	-1	-1
894	786	886	1	-1	-1	-1
892	784	891	1	-1	-1	-1
818	931	819	1	-1	-1	-1
910	798	861	1	-1	-1	-1
785	893	891	1	-1	-1	-1
787	895	889	1	-1	-1	-1
894	893	786	1	-1	-1	-1
935	822	820	1	-1	-1	-1
813	926	838	1	-1	-1	-1
936	820	821	1	-1	-1	-1
895	788	896	1	-1	-1	-1
897	896	788	1	-1	-1	-1
822	938	823	1	-1	-1	-1
897	789	898	1	-1	-1	-1
940	824	823	1	-1	-1	-1
899	900	790	1	-1	-1	-1
898	791	901	1	-1	-1	-1
941	825	824	1	-1	-1	-1
792	902	901	1	-1	-1	-1
904	793	900	1	-1	-1	-1
902	792	903	1	-1	-1	-1
829	943	827	0	-1	-1	-1
793	904	903	1	-1	-1	-1
829	828	944	0	-1	-1	-1
828	830	945	0	-1	-1	-1
929	817	858	1	-1	-1	-1
905	794	906	1	-1	-1	-1
908	796	905	1	-1	-1	-1
947	830	833	0	-1	-1	-1
796	908	907	1	-1	-1	-1
948	831	832	1	-1	-1	-1
797	907	909	1	-1	-1	-1
831	948	834	1	-1	-1	-1
835	949	832	1	-1	-1	-1
950	833	834	0	-1	-1	-1
798	910	911	1	-1	-1	-1
800	914	906	1	-1	-1	-1
943	850	827	0	-1	-1	-1
836	952	835	1	-1	-1	-1
799	912	913	1	-1	-1	-1
836	837	953	1	-1	-1	-1
914	800	913	1	-1	-1	-1
912	801	915	1	-1	-1	-1
915	802	911	1	-1	-1	-1
954	837	838	1	-1	-1	-1
917	806	909	1	-1	-1	-1
862	910	861	1	-1	-1	-1
917	916	803	1	-1	-1	-1
916	918	804	1	-1	-1	-1
919	805	918	1	-1	-1	-1
846	957	845	0	-1	-1	-1
849	845	957	1	-1	-1	-1
922	921	809	1	-1	-1	-1
959	846	848	0	-1	-1	-1
923	810	920	1	-1	-1	-1
922	810	923	1	-1	-1	-1
961	848	847	0	-1	-1	-1
925	812	921	1	-1	-1	-1
925	924	812	1	-1	-1	-1
852	849	963	1	-1	-1	-1
899	825	941	1	-1	-1	-1
814	924	927	1	-1	-1	-1
927	926	814	1	-1	-1	-1
965	853	852	1	-1	-1	-1
851	855	964	1	-1	-1	-1
851	964	859	1	-1	-1	-1
853	967	854	1	-1	-1	-1
818	929	930	1	-1	-1	-1
856	854	967	1	-1	-1	-1
931	818	930	1	-1	-1	-1
856	968	855	1	-1	-1	-1
934	928	819	1	-1	-1	-1
819	931	933	1	-1	-1	-1
933	932	819	1	-1	-1	-1
819	932	934	1	-1	-1	-1
821	928	937	1	-1	-1	-1
857	971	858	1	-1	-1	-1
857	859	972	1	-1	-1	-1
936	935	820	1	-1	-1	-1
821	937	936	1	-1	-1	-1
822	935	939	1	-1	-1	-1
975	863	860	1	-1	-1	-1
822	939	938	1	-1	-1	-1
823	938	940	1	-1	-1	-1
863	976	862	1	-1	-1	-1
860	867	975	1	-1	-1	-1
940	942	824	1	-1	-1	-1
941	824	942	1	-1	-1	-1
865	864	979	1	-1	-1	-1
865	980	866	1	-1	-1	-1
870	979	864	1	-1	-1	-1
982	868	866	1	-1	-1	-1
828	945	944	0	-1	-1	-1
946	943	829	0	-1	-1	-1
869	983	867	1	-1	-1	-1
944	946	829	0	-1	-1	-1
956	838	926	1	-1	-1	-1
947	945	830	0	-1	-1	-1
868	985	869	1	-1	-1	-1
832	949	948	1	-1	-1	-1
950	947	833	0	-1	-1	-1
989	870	871	1	-1	-1	-1
872	990	871	1	-1	-1	-1
951	834	948	0	-1	-1	-1
834	951	950	0	-1	-1	-1
949	835	952	1	-1	-1	-1
874	992	872	4	-1	-1	-1
874	873	993	4	-1	-1	-1
952	836	953	1	-1	-1	-1
873	876	994	4	-1	-1	-1
953	837	954	1	-1	-1	-1
876	875	995	4	-1	-1	-1
954	838	955	1	-1	-1	-1
956	955	838	1	-1	-1	-1
996	875	878	4	-1	-1	-1
862	977	910	1	-1	-1	-1
877	997	879	4	-1	-1	-1
878	879	999	4	-1	-1	-1
883	997	877	4	-1	-1	-1
929	858	973	1	-1	-1	-1
846	958	957	0	-1	-1	-1
881	880	1002	4	-1	-1	-1
880	882	1002	4	-1	-1	-1
846	960	958	0	-1	-1	-1
846	959	960	0	-1	-1	-1
881	1003	885	4	-1	-1	-1
957	963	849	1	-1	-1	-1
959	848	962	0	-1	-1	-1
961	962	848	0	-1	-1	-1
883	884	1005	4	-1	-1	-1
1006	884	885	4	-1	-1	-1
882	890	1004	4	-1	-1	-1
963	966	852	1	-1	-1	-1
965	852	966	1	-1	-1	-1
1009	886	888	1	-1	-1	-1
853	965	967	1	-1	-1	-1
887	889	1010	1	-1	-1	-1
887	1011	888	1	-1	-1	-1
964	855	969	1	-1	-1	-1
886	1009	894	1	-1	-1	-1
968	969	855	1	-1	-1	-1
970	856	967	1	-1	-1	-1
1010	889	895	1	-1	-1	-1
970	968	856	1	-1	-1	-1
1013	890	892	4	-1	-1	-1
964	974	859	1	-1	-1	-1
1014	892	891	1	-1	-1	-1
893	1014	891	1	-1	-1	-1
911	910	977	1	-1	-1	-1
937	928	934	1	-1	-1	-1
857	972	971	1	-1	-1	-1
971	973	858	1	-1	-1	-1
894	1016	893	1	-1	-1	-1
972	859	974	1	-1	-1	-1
895	896	1017	1	-1	-1	-1
897	1019	896	4	-1	-1	-1
862	976	977	1	-1	-1	-1
1021	897	898	4	-1	-1	-1
863	975	978	1	-1	-1	-1
976	863	978	1	-1	-1	-1
1022	898	901	4	-1	-1	-1
900	899	1023	1	-1	-1	-1
979	981	865	1	-1	-1	-1
865	981	980	1	-1	-1	-1
867	984	975	1	-1	-1	-1
982	866	980	1	-1	-1	-1
900	1025	904	1	-1	-1	-1
901	902	1026	4	-1	-1	-1
929	973	930	1	-1	-1	-1
902	903	1027	1	-1	-1	-1
983	984	867	1	-1	-1	-1
868	982	986	1	-1	-1	-1
904	1030	903	1	-1	-1	-1
979	870	989	1	-1	-1	-1
986	985	868	1	-1	-1	-1
988	983	869	1	-1	-1	-1
869	985	987	1	-1	-1	-1
906	1032	905	1	-1	-1	-1
905	1031	908	1	-1	-1	-1
988	869	987	1	-1	-1	-1
1034	907	908	1	-1	-1	-1
909	907	1034	1	-1	-1	-1
991	989	871	1	-1	-1	-1
991	871	990	1	-1	-1	-1
906	914	1033	1	-1	-1	-1
992	990	872	4	-1	-1	-1
993	992	874	4	-1	-1	-1
993	873	994	4	-1	-1	-1
909	1035	917	1	-1	-1	-1
915	911	1036	1	-1	-1	-1
913	912	1038	1	-1	-1	-1
899	941	1024	1	-1	-1	-1
915	1038	912	1	-1	-1	-1
994	876	995	4	-1	-1	-1
875	996	995	4	-1	-1	-1
913	1039	914	1	-1	-1	-1
878	998	996	4	-1	-1	-1
878	999	998	4	-1	-1	-1
1042	916	917	1	-1	-1	-1
916	1042	918	1	-1	-1	-1
879	997	1000	4	-1	-1	-1
1001	999	879	4	-1	-1	-1
1043	919	918	1	-1	-1	-1
1000	1001	879	4	-1	-1	-1
1005	997	883	4	-1	-1	-1
881	1002	1003	4	-1	-1	-1
920	1045	923	1	-1	-1	-1
882	1004	1002	4	-1	-1	-1
1046	921	922	1	-1	-1	-1
1046	922	923	1	-1	-1	-1
1046	925	921	1	-1	-1	-1
884	1007	1005	4	-1	-1	-1
1003	1008	885	4	-1	-1	-1
884	1006	1007	4	-1	-1	-1
925	1049	924	1	-1	-1	-1
885	1008	1006	4	-1	-1	-1
924	1048	927	1	-1	-1	-1
1050	926	927	1	-1	-1	-1
1013	1004	890	4	-1	-1	-1
1011	887	1010	1	-1	-1	-1
1012	1009	888	1	-1	-1	-1
888	1011	1012	1	-1	-1	-1
931	930	1052	1	-1	-1	-1
931	1053	933	1	-1	-1	-1
1016	894	1009	1	-1	-1	-1
1055	932	933	1	-1	-1	-1
1054	934	932	1	-1	-1	-1
892	1015	1013	4	-1	-1	-1
1014	1015	892	4	-1	-1	-1
893	1016	1014	1	-1	-1	-1
895	1018	1010	1	-1	-1	-1
977	1037	911	1	-1	-1	-1
1056	937	934	1	-1	-1	-1
1058	935	936	1	-1	-1	-1
1018	895	1017	1	-1	-1	-1
1050	956	926	1	-1	-1	-1
1059	939	935	1	-1	-1	-1
896	1020	1017	4	-1	-1	-1
936	937	1061	1	-1	-1	-1
896	1019	1020	4	-1	-1	-1
1021	1019	897	4	-1	-1	-1
1062	938	939	1	-1	-1	-1
1063	940	938	1	-1	-1	-1
1021	898	1022	4	-1	-1	-1
942	940	1063	1	-1	-1	-1
899	1024	1023	1	-1	-1	-1
1025	900	1023	1	-1	-1	-1
1026	1022	901	4	-1	-1	-1
941	942	1066	1	-1	-1	-1
1052	930	973	1	-1	-1	-1
1028	1026	902	4	-1	-1	-1
1028	902	1027	4	-1	-1	-1
904	1025	1030	1	-1	-1	-1
1027	903	1029	1	-1	-1	-1
944	945	1070	0	-1	-1	-1
1070	946	944	0	-1	-1	-1
1029	903	1030	1	-1	-1	-1
947	1070	945	0	-1	-1	-1
905	1032	1031	1	-1	-1	-1
947	950	1071	0	-1	-1	-1
948	949	1072	0	-1	-1	-1
1033	1032	906	1	-1	-1	-1
951	948	1072	0	-1	-1	-1
1034	908	1031	1	-1	-1	-1
949	952	1073	0	-1	-1	-1
1074	950	951	0	-1	-1	-1
909	1034	1035	1	-1	-1	-1
953	1076	952	0	-1	-1	-1
1036	911	1037	1	-1	-1	-1
953	954	1078	0	-1	-1	-1
1033	914	1039	1	-1	-1	-1
955	1079	954	0	-1	-1	-1
1040	913	1038	1	-1	-1	-1
1041	915	1036	1	-1	-1	-1
955	956	1081	1	-1	-1	-1
913	1040	1039	1	-1	-1	-1
915	1041	1038	1	-1	-1	-1
1035	1042	917	1	-1	-1	-1
1085	957	958	0	-1	-1	-1
1043	918	1042	1	-1	-1	-1
1086	958	960	0	-1	-1	-1
957	1084	963	1	-1	-1	-1
919	1043	1044	1	-1	-1	-1
960	959	1089	0	-1	-1	-1
959	962	1088	0	-1	-1	-1
961	1092	962	0	-1	-1	-1
923	1045	1047	1	-1	-1	-1
923	1047	1046	1	-1	-1	-1
1049	925	1046	1	-1	-1	-1
1049	1048	924	1	-1	-1	-1
1094	966	963	1	-1	-1	-1
1051	927	1048	1	-1	-1	-1
964	969	1095	1	-1	-1	-1
1097	965	966	1	-1	-1	-1
1096	967	965	1	-1	-1	-1
927	1051	1050	1	-1	-1	-1
1020	1008	1003	4	-1	-1	-1
941	1066	1024	1	-1	-1	-1
974	964	1095	1	-1	-1	-1
1006	1021	1007	4	-1	-1	-1
1021	1006	1008	4	-1	-1	-1
967	1099	970	1	-1	-1	-1
1052	1053	931	1	-1	-1	-1
968	1100	969	0	-1	-1	-1
1101	968	970	0	-1	-1	-1
1055	933	1053	1	-1	-1	-1
1054	932	1055	1	-1	-1	-1
934	1054	1057	1	-1	-1	-1
1057	1056	934	1	-1	-1	-1
1020	1019	1008	4	-1	-1	-1
971	972	1104	1	-1	-1	-1
971	1104	973	1	-1	-1	-1
1008	1019	1021	4	-1	-1	-1
1021	1022	1007	4	-1	-1	-1
974	1105	972	1	-1	-1	-1
1059	935	1058	1	-1	-1	-1
1061	937	1056	1	-1	-1	-1
1060	1058	936	1	-1	-1	-1
1061	1060	936	1	-1	-1	-1
975	1107	978	1	-1	-1	-1
977	976	1108	1	-1	-1	-1
1108	976	978	1	-1	-1	-1
938	1062	1063	1	-1	-1	-1
1065	939	1059	1	-1	-1	-1
939	1064	1062	1	-1	-1	-1
975	984	1107	1	-1	-1	-1
939	1065	1064	1	-1	-1	-1
942	1063	1067	1	-1	-1	-1
981	979	1112	1	-1	-1	-1
981	1113	980	1	-1	-1	-1
980	1113	982	1	-1	-1	-1
1068	1066	942	1	-1	-1	-1
1067	1069	942	1	-1	-1	-1
1068	942	1069	1	-1	-1	-1
1112	979	989	1	-1	-1	-1
982	1116	986	1	-1	-1	-1
984	983	1117	1	-1	-1	-1
1070	947	1071	0	-1	-1	-1
988	1117	983	1	-1	-1	-1
1050	1082	956	1	-1	-1	-1
986	1119	985	1	-1	-1	-1
1120	987	985	1	-1	-1	-1
1073	1072	949	0	-1	-1	-1
1074	1071	950	0	-1	-1	-1
1075	951	1072	0	-1	-1	-1
988	987	1124	1	-1	-1	-1
1075	1074	951	0	-1	-1	-1
1073	952	1076	0	-1	-1	-1
1076	953	1077	0	-1	-1	-1
989	991	1128	1	-1	-1	-1
953	1078	1077	0	-1	-1	-1
1129	991	990	4	-1	-1	-1
1078	954	1079	0	-1	-1	-1
1129	990	992	4	-1	-1	-1
955	1080	1079	0	-1	-1	-1
1081	1080	955	0	-1	-1	-1
993	1132	992	4	-1	-1	-1
1040	1038	1041	1	-1	-1	-1
956	1083	1081	1	-1	-1	-1
1083	956	1082	1	-1	-1	-1
994	1133	993	4	-1	-1	-1
977	1109	1037	1	-1	-1	-1
1134	994	995	4	-1	-1	-1
957	1085	1084	0	-1	-1	-1
995	996	1135	4	-1	-1	-1
1104	1052	973	1	-1	-1	-1
958	1087	1085	0	-1	-1	-1
998	1136	996	4	-1	-1	-1
1086	1087	958	0	-1	-1	-1
997	1137	1000	4	-1	-1	-1
998	999	1138	1	-1	-1	-1
1088	1089	959	0	-1	-1	-1
960	1091	1086	0	-1	-1	-1
1137	997	1005	4	-1	-1	-1
1089	1090	960	0	-1	-1	-1
1093	963	1084	1	-1	-1	-1
1140	999	1001	1	-1	-1	-1
960	1090	1091	0	-1	-1	-1
1141	1001	1000	4	-1	-1	-1
1088	962	1092	0	-1	-1	-1
1143	1003	1002	4	-1	-1	-1
1004	1143	1002	4	-1	-1	-1
1093	1094	963	1	-1	-1	-1
1094	1098	966	1	-1	-1	-1
1005	1007	1146	4	-1	-1	-1
1097	1096	965	1	-1	-1	-1
966	1098	1097	1	-1	-1	-1
1013	1145	1004	4	-1	-1	-1
967	1096	1099	1	-1	-1	-1
969	1102	1095	0	-1	-1	-1
1144	1020	1003	4	-1	-1	-1
1009	1012	1148	1	-1	-1	-1
1100	968	1101	0	-1	-1	-1
1149	1011	1010	1	-1	-1	-1
1100	1102	969	0	-1	-1	-1
970	1099	1103	0	-1	-1	-1
1148	1016	1009	1	-1	-1	-1
1150	1012	1011	1	-1	-1	-1
1103	1101	970	0	-1	-1	-1
974	1095	1106	1	-1	-1	-1
1022	1147	1007	4	-1	-1	-1
1015	1014	1148	4	-1	-1	-1
1010	1018	1149	1	-1	-1	-1
1014	1016	1148	4	-1	-1	-1
1013	1015	1151	4	-1	-1	-1
1105	1104	972	1	-1	-1	-1
1105	974	1106	1	-1	-1	-1
1152	1018	1017	4	-1	-1	-1
1152	1017	1020	4	-1	-1	-1
1022	1026	1147	4	-1	-1	-1
977	1108	1110	1	-1	-1	-1
1111	978	1107	1	-1	-1	-1
977	1110	1109	1	-1	-1	-1
1111	1108	978	1	-1	-1	-1
1147	1026	1028	4	-1	-1	-1
1154	1025	1023	1	-1	-1	-1
1155	1023	1024	1	-1	-1	-1
1112	1114	981	1	-1	-1	-1
981	1115	1113	1	-1	-1	-1
984	1118	1107	1	-1	-1	-1
1114	1115	981	1	-1	-1	-1
1113	1116	982	1	-1	-1	-1
1030	1025	1157	1	-1	-1	-1
1028	1027	1158	4	-1	-1	-1
1027	1029	1158	4	-1	-1	-1
984	1117	1118	1	-1	-1	-1
1072	1073	1075	0	-1	-1	-1
1029	1030	1161	1	-1	-1	-1
1119	1120	985	1	-1	-1	-1
1122	986	1116	1	-1	-1	-1
986	1121	1119	1	-1	-1	-1
1032	1164	1031	1	-1	-1	-1
1163	1034	1031	1	-1	-1	-1
986	1122	1121	1	-1	-1	-1
1128	1112	989	1	-1	-1	-1
1120	1123	987	1	-1	-1	-1
1166	1032	1033	1	-1	-1	-1
1117	988	1127	1	-1	-1	-1
1034	1163	1035	1	-1	-1	-1
987	1123	1125	1	-1	-1	-1
1125	1124	987	1	-1	-1	-1
1039	1166	1033	1	-1	-1	-1
988	1124	1126	1	-1	-1	-1
988	1126	1127	1	-1	-1	-1
1169	1036	1037	1	-1	-1	-1
1035	1167	1042	1	-1	-1	-1
1036	1169	1041	1	-1	-1	-1
1066	1156	1024	1	-1	-1	-1
1128	991	1130	4	-1	-1	-1
991	1129	1130	4	-1	-1	-1
1040	1171	1039	1	-1	-1	-1
1129	992	1131	4	-1	-1	-1
1042	1167	1043	1	-1	-1	-1
1172	1040	1041	1	-1	-1	-1
1131	992	1132	4	-1	-1	-1
993	1133	1132	4	-1	-1	-1
994	1134	1133	4	-1	-1	-1
1175	1044	1043	1	-1	-1	-1
1134	995	1135	4	-1	-1	-1
1135	996	1136	4	-1	-1	-1
1045	1178	1047	1	-1	-1	-1
1046	1047	1179	1	-1	-1	-1
1136	998	1139	1	-1	-1	-1
1046	1179	1049	1	-1	-1	-1
1139	998	1138	1	-1	-1	-1
1140	1138	999	1	-1	-1	-1
1048	1049	1181	1	-1	-1	-1
1137	1141	1000	4	-1	-1	-1
1051	1048	1181	1	-1	-1	-1
1001	1142	1140	1	-1	-1	-1
1183	1050	1051	1	-1	-1	-1
1141	1142	1001	1	-1	-1	-1
1146	1137	1005	4	-1	-1	-1
1143	1144	1003	4	-1	-1	-1
1068	1156	1066	1	-1	-1	-1
1004	1145	1143	4	-1	-1	-1
1187	1053	1052	1	-1	-1	-1
1055	1053	1188	1	-1	-1	-1
1055	1189	1054	1	-1	-1	-1
1007	1147	1146	4	-1	-1	-1
1057	1054	1189	1	-1	-1	-1
1056	1057	1192	1	-1	-1	-1
1192	1061	1056	1	-1	-1	-1
1013	1151	1145	4	-1	-1	-1
1011	1149	1150	1	-1	-1	-1
1148	1012	1150	1	-1	-1	-1
1058	1195	1059	1	-1	-1	-1
1015	1148	1150	4	-1	-1	-1
1058	1060	1196	1	-1	-1	-1
1037	1109	1170	1	-1	-1	-1
1152	1020	1144	4	-1	-1	-1
1050	1184	1082	1	-1	-1	-1
1150	1151	1015	4	-1	-1	-1
1018	1153	1149	4	-1	-1	-1
1061	1199	1060	1	-1	-1	-1
1065	1059	1197	1	-1	-1	-1
1018	1152	1153	4	-1	-1	-1
1063	1062	1202	1	-1	-1	-1
1203	1062	1064	1	-1	-1	-1
1023	1155	1154	1	-1	-1	-1
1065	1205	1064	1	-1	-1	-1
1067	1063	1204	1	-1	-1	-1
1024	1156	1155	1	-1	-1	-1
1028	1160	1147	4	-1	-1	-1
1157	1025	1154	1	-1	-1	-1
1052	1104	1186	1	-1	-1	-1
1067	1208	1069	1	-1	-1	-1
1028	1158	1159	4	-1	-1	-1
1159	1160	1028	4	-1	-1	-1
1069	1211	1068	1	-1	-1	-1
1030	1157	1161	1	-1	-1	-1
1158	1029	1162	4	-1	-1	-1
1162	1029	1161	4	-1	-1	-1
1163	1031	1164	1	-1	-1	-1
1032	1165	1164	1	-1	-1	-1
1214	1075	1073	0	-1	-1	-1
1214	1073	1076	0	-1	-1	-1
1075	1214	1074	0	-1	-1	-1
1032	1166	1165	1	-1	-1	-1
1168	1035	1163	1	-1	-1	-1
1215	1076	1077	0	-1	-1	-1
1035	1168	1167	1	-1	-1	-1
1077	1078	1216	0	-1	-1	-1
1078	1079	1217	0	-1	-1	-1
1080	1217	1079	0	-1	-1	-1
1039	1171	1166	1	-1	-1	-1
1037	1170	1169	1	-1	-1	-1
1080	1081	1218	0	-1	-1	-1
1219	1081	1083	0	-1	-1	-1
1041	1169	1174	1	-1	-1	-1
1171	1040	1173	1	-1	-1	-1
1220	1083	1082	1	-1	-1	-1
1043	1167	1176	1	-1	-1	-1
1040	1172	1173	1	-1	-1	-1
1174	1172	1041	1	-1	-1	-1
1222	1084	1085	0	-1	-1	-1
1175	1043	1176	1	-1	-1	-1
1104	1105	1186	1	-1	-1	-1
1224	1085	1087	0	-1	-1	-1
1044	1175	1177	1	-1	-1	-1
1087	1086	1226	0	-1	-1	-1
1093	1084	1223	1	-1	-1	-1
1225	1086	1091	0	-1	-1	-1
1228	1089	1088	0	-1	-1	-1
1178	1180	1047	1	-1	-1	-1
1180	1179	1047	1	-1	-1	-1
1228	1090	1089	0	-1	-1	-1
1092	1228	1088	0	-1	-1	-1
1182	1049	1179	1	-1	-1	-1
1090	1229	1091	0	-1	-1	-1
1049	1182	1181	1	-1	-1	-1
1183	1184	1050	1	-1	-1	-1
1051	1181	1185	1	-1	-1	-1
1185	1183	1051	1	-1	-1	-1
1094	1093	1234	1	-1	-1	-1
1187	1052	1186	1	-1	-1	-1
1094	1235	1098	1	-1	-1	-1
1188	1053	1187	1	-1	-1	-1
1237	1096	1097	1	-1	-1	-1
1096	1237	1099	1	-1	-1	-1
1143	1145	1144	4	-1	-1	-1
1209	1156	1068	1	-1	-1	-1
1097	1098	1238	1	-1	-1	-1
1190	1055	1188	1	-1	-1	-1
1095	1102	1236	0	-1	-1	-1
1191	1189	1055	1	-1	-1	-1
1191	1055	1190	1	-1	-1	-1
1095	1236	1106	0	-1	-1	-1
1189	1193	1057	1	-1	-1	-1
1240	1103	1099	0	-1	-1	-1
1145	1153	1144	4	-1	-1	-1
1057	1194	1192	1	-1	-1	-1
1242	1102	1100	0	-1	-1	-1
1193	1194	1057	1	-1	-1	-1
1243	1100	1101	0	-1	-1	-1
1101	1103	1244	0	-1	-1	-1
1153	1145	1151	4	-1	-1	-1
1153	1152	1144	4	-1	-1	-1
1195	1058	1196	1	-1	-1	-1
1149	1151	1150	4	-1	-1	-1
1198	1059	1195	1	-1	-1	-1
1151	1149	1153	4	-1	-1	-1
1192	1201	1061	1	-1	-1	-1
1198	1197	1059	1	-1	-1	-1
1196	1060	1200	1	-1	-1	-1
1246	1105	1106	1	-1	-1	-1
1060	1199	1200	1	-1	-1	-1
1061	1201	1199	1	-1	-1	-1
1107	1248	1111	1	-1	-1	-1
1203	1202	1062	1	-1	-1	-1
1249	1110	1108	1	-1	-1	-1
1108	1111	1249	1	-1	-1	-1
1065	1197	1207	1	-1	-1	-1
1250	1109	1110	1	-1	-1	-1
1202	1204	1063	1	-1	-1	-1
1107	1118	1248	1	-1	-1	-1
1064	1206	1203	1	-1	-1	-1
1206	1064	1205	1	-1	-1	-1
1065	1207	1205	1	-1	-1	-1
1114	1112	1252	1	-1	-1	-1
1208	1067	1204	1	-1	-1	-1
1159	1158	1162	4	-1	-1	-1
1115	1254	1113	1	-1	-1	-1
1116	1113	1254	1	-1	-1	-1
1255	1115	1114	1	-1	-1	-1
1220	1082	1184	1	-1	-1	-1
1210	1209	1068	1	-1	-1	-1
1210	1068	1211	1	-1	-1	-1
1069	1208	1213	1	-1	-1	-1
1212	1211	1069	1	-1	-1	-1
1128	1253	1112	1	-1	-1	-1
1258	1118	1117	1	-1	-1	-1
1213	1212	1069	1	-1	-1	-1
1122	1116	1257	1	-1	-1	-1
1168	1163	1164	1	-1	-1	-1
1260	1120	1119	1	-1	-1	-1
1119	1121	1261	1	-1	-1	-1
1258	1117	1127	1	-1	-1	-1
1120	1262	1123	1	-1	-1	-1
1214	1076	1215	0	-1	-1	-1
1263	1121	1122	1	-1	-1	-1
1077	1216	1215	0	-1	-1	-1
1217	1216	1078	0	-1	-1	-1
1265	1125	1123	1	-1	-1	-1
1080	1218	1217	0	-1	-1	-1
1266	1126	1124	1	-1	-1	-1
1125	1267	1124	1	-1	-1	-1
1081	1219	1218	0	-1	-1	-1
1083	1221	1219	0	-1	-1	-1
1221	1083	1220	0	-1	-1	-1
1126	1272	1127	1	-1	-1	-1
1223	1084	1222	0	-1	-1	-1
1250	1170	1109	1	-1	-1	-1
1085	1224	1222	0	-1	-1	-1
1130	1275	1128	4	-1	-1	-1
1276	1130	1129	4	-1	-1	-1
1131	1276	1129	4	-1	-1	-1
1105	1246	1186	1	-1	-1	-1
1086	1225	1226	0	-1	-1	-1
1227	1224	1087	0	-1	-1	-1
1226	1227	1087	0	-1	-1	-1
1182	1179	1180	1	-1	-1	-1
1279	1131	1132	4	-1	-1	-1
1281	1132	1133	4	-1	-1	-1
1225	1091	1231	0	-1	-1	-1
1228	1230	1090	0	-1	-1	-1
1230	1229	1090	0	-1	-1	-1
1134	1282	1133	4	-1	-1	-1
1223	1233	1093	1	-1	-1	-1
1231	1091	1229	0	-1	-1	-1
1232	1228	1092	0	-1	-1	-1
1135	1285	1134	4	-1	-1	-1
1286	1135	1136	4	-1	-1	-1
1093	1233	1234	1	-1	-1	-1
1136	1139	1287	1	-1	-1	-1
1234	1235	1094	1	-1	-1	-1
1137	1289	1141	4	-1	-1	-1
1290	1139	1138	1	-1	-1	-1
1290	1138	1140	1	-1	-1	-1
1288	1137	1146	4	-1	-1	-1
1239	1098	1235	1	-1	-1	-1
1140	1142	1292	1	-1	-1	-1
1238	1237	1097	1	-1	-1	-1
1238	1098	1239	1	-1	-1	-1
1237	1240	1099	0	-1	-1	-1
1142	1141	1295	1	-1	-1	-1
1236	1102	1242	0	-1	-1	-1
1242	1100	1241	0	-1	-1	-1
1241	1100	1243	0	-1	-1	-1
1103	1240	1244	0	-1	-1	-1
1101	1245	1243	0	-1	-1	-1
1106	1236	1247	0	-1	-1	-1
1146	1147	1296	4	-1	-1	-1
1101	1244	1245	0	-1	-1	-1
1106	1247	1246	0	-1	-1	-1
1160	1296	1147	4	-1	-1	-1
1155	1298	1154	1	-1	-1	-1
1248	1249	1111	1	-1	-1	-1
1154	1297	1157	1	-1	-1	-1
1249	1251	1110	1	-1	-1	-1
1155	1156	1300	1	-1	-1	-1
1110	1251	1250	1	-1	-1	-1
1253	1252	1112	1	-1	-1	-1
1186	1246	1187	1	-1	-1	-1
1161	1157	1301	1	-1	-1	-1
1159	1302	1160	4	-1	-1	-1
1252	1255	1114	1	-1	-1	-1
1303	1159	1162	4	-1	-1	-1
1118	1259	1248	1	-1	-1	-1
1115	1256	1254	1	-1	-1	-1
1115	1255	1256	1	-1	-1	-1
1254	1257	1116	1	-1	-1	-1
1161	1305	1162	4	-1	-1	-1
1259	1118	1258	1	-1	-1	-1
1165	1306	1164	1	-1	-1	-1
1306	1168	1164	1	-1	-1	-1
1307	1165	1166	1	-1	-1	-1
1261	1260	1119	1	-1	-1	-1
1260	1262	1120	1	-1	-1	-1
1257	1264	1122	1	-1	-1	-1
1261	1121	1263	1	-1	-1	-1
1168	1311	1167	1	-1	-1	-1
1171	1310	1166	1	-1	-1	-1
1264	1263	1122	1	-1	-1	-1
1123	1262	1265	1	-1	-1	-1
1170	1313	1169	1	-1	-1	-1
1311	1176	1167	1	-1	-1	-1
1169	1313	1174	1	-1	-1	-1
1253	1128	1275	4	-1	-1	-1
1124	1267	1266	1	-1	-1	-1
1127	1273	1258	1	-1	-1	-1
1265	1269	1125	1	-1	-1	-1
1315	1171	1173	1	-1	-1	-1
1268	1267	1125	1	-1	-1	-1
1316	1173	1172	1	-1	-1	-1
1268	1125	1269	1	-1	-1	-1
1270	1126	1266	1	-1	-1	-1
1174	1316	1172	1	-1	-1	-1
1209	1300	1156	1	-1	-1	-1
1126	1270	1271	1	-1	-1	-1
1272	1126	1271	1	-1	-1	-1
1176	1319	1175	1	-1	-1	-1
1177	1175	1319	1	-1	-1	-1
1274	1127	1272	1	-1	-1	-1
1127	1274	1273	1	-1	-1	-1
1178	1323	1180	1	-1	-1	-1
1277	1275	1130	4	-1	-1	-1
1276	1277	1130	4	-1	-1	-1
1278	1276	1131	4	-1	-1	-1
1180	1324	1182	1	-1	-1	-1
1324	1181	1182	1	-1	-1	-1
1278	1131	1279	4	-1	-1	-1
1230	1228	1232	0	-1	-1	-1
1132	1280	1279	4	-1	-1	-1
1325	1185	1181	1	-1	-1	-1
1183	1326	1184	1	-1	-1	-1
1281	1280	1132	4	-1	-1	-1
1185	1327	1183	1	-1	-1	-1
1283	1281	1133	4	-1	-1	-1
1282	1283	1133	4	-1	-1	-1
1282	1134	1284	4	-1	-1	-1
1134	1285	1284	4	-1	-1	-1
1188	1187	1331	1	-1	-1	-1
1286	1285	1135	4	-1	-1	-1
1136	1287	1286	1	-1	-1	-1
1190	1188	1332	1	-1	-1	-1
1333	1189	1191	1	-1	-1	-1
1137	1288	1289	4	-1	-1	-1
1335	1191	1190	1	-1	-1	-1
1189	1334	1193	1	-1	-1	-1
1291	1287	1139	1	-1	-1	-1
1290	1291	1139	1	-1	-1	-1
1140	1293	1290	1	-1	-1	-1
1289	1295	1141	1	-1	-1	-1
1339	1192	1194	1	-1	-1	-1
1140	1292	1294	1	-1	-1	-1
1293	1140	1294	1	-1	-1	-1
1295	1292	1142	1	-1	-1	-1
1193	1342	1194	1	-1	-1	-1
1146	1296	1288	4	-1	-1	-1
1184	1328	1220	1	-1	-1	-1
1340	1201	1192	1	-1	-1	-1
1170	1250	1314	1	-1	-1	-1
1196	1345	1195	1	-1	-1	-1
1195	1345	1198	1	-1	-1	-1
1200	1347	1196	1	-1	-1	-1
1198	1349	1197	1	-1	-1	-1
1154	1298	1297	1	-1	-1	-1
1351	1200	1199	1	-1	-1	-1
1207	1197	1348	1	-1	-1	-1
1155	1299	1298	1	-1	-1	-1
1199	1201	1352	1	-1	-1	-1
1300	1299	1155	1	-1	-1	-1
1301	1157	1297	1	-1	-1	-1
1203	1355	1202	1	-1	-1	-1
1296	1160	1304	4	-1	-1	-1
1204	1202	1355	1	-1	-1	-1
1187	1246	1331	1	-1	-1	-1
1159	1303	1302	4	-1	-1	-1
1356	1203	1206	1	-1	-1	-1
1160	1302	1304	4	-1	-1	-1
1301	1305	1161	4	-1	-1	-1
1303	1162	1305	4	-1	-1	-1
1206	1205	1359	1	-1	-1	-1
1358	1208	1204	1	-1	-1	-1
1359	1205	1207	1	-1	-1	-1
1306	1165	1309	1	-1	-1	-1
1307	1308	1165	1	-1	-1	-1
1165	1308	1309	1	-1	-1	-1
1310	1307	1166	1	-1	-1	-1
1209	1210	1365	1	-1	-1	-1
1363	1213	1208	1	-1	-1	-1
1168	1306	1312	1	-1	-1	-1
1211	1366	1210	1	-1	-1	-1
1259	1258	1273	1	-1	-1	-1
1311	1168	1312	1	-1	-1	-1
1368	1211	1212	1	-1	-1	-1
1213	1369	1212	1	-1	-1	-1
1310	1171	1315	1	-1	-1	-1
1314	1313	1170	1	-1	-1	-1
1173	1317	1315	1	-1	-1	-1
1318	1174	1313	1	-1	-1	-1
1173	1316	1317	1	-1	-1	-1
1311	1320	1176	1	-1	-1	-1
1318	1316	1174	1	-1	-1	-1
1220	1371	1221	0	-1	-1	-1
1319	1176	1321	1	-1	-1	-1
1372	1223	1222	0	-1	-1	-1
1176	1320	1321	1	-1	-1	-1
1319	1322	1177	1	-1	-1	-1
1373	1222	1224	0	-1	-1	-1
1227	1376	1224	0	-1	-1	-1
1324	1180	1323	1	-1	-1	-1
1377	1226	1225	0	-1	-1	-1
1324	1325	1181	1	-1	-1	-1
1233	1223	1374	1	-1	-1	-1
1278	1277	1276	4	-1	-1	-1
1227	1226	1379	0	-1	-1	-1
1231	1377	1225	0	-1	-1	-1
1327	1326	1183	1	-1	-1	-1
1328	1184	1326	1	-1	-1	-1
1185	1325	1330	1	-1	-1	-1
1381	1229	1230	0	-1	-1	-1
1329	1327	1185	1	-1	-1	-1
1381	1231	1229	0	-1	-1	-1
1382	1230	1232	0	-1	-1	-1
1329	1185	1330	1	-1	-1	-1
1331	1332	1188	1	-1	-1	-1
1233	1384	1234	1	-1	-1	-1
1234	1385	1235	1	-1	-1	-1
1336	1190	1332	1	-1	-1	-1
1189	1333	1334	1	-1	-1	-1
1386	1239	1235	1	-1	-1	-1
1336	1335	1190	1	-1	-1	-1
1191	1338	1333	1	-1	-1	-1
1335	1337	1191	1	-1	-1	-1
1237	1238	1389	0	-1	-1	-1
1236	1242	1388	0	-1	-1	-1
1338	1191	1337	1	-1	-1	-1
1240	1237	1389	0	-1	-1	-1
1390	1238	1239	0	-1	-1	-1
1341	1193	1334	1	-1	-1	-1
1340	1192	1339	1	-1	-1	-1
1387	1247	1236	0	-1	-1	-1
1364	1300	1209	1	-1	-1	-1
1193	1341	1342	1	-1	-1	-1
1392	1244	1240	0	-1	-1	-1
1242	1241	1394	0	-1	-1	-1
1393	1241	1243	0	-1	-1	-1
1344	1339	1194	1	-1	-1	-1
1194	1342	1343	1	-1	-1	-1
1344	1194	1343	1	-1	-1	-1
1243	1245	1396	0	-1	-1	-1
1397	1245	1244	0	-1	-1	-1
1346	1345	1196	1	-1	-1	-1
1346	1196	1347	1	-1	-1	-1
1246	1247	1399	0	-1	-1	-1
1345	1350	1198	1	-1	-1	-1
1340	1352	1201	1	-1	-1	-1
1349	1348	1197	1	-1	-1	-1
1350	1349	1198	1	-1	-1	-1
1249	1248	1401	1	-1	-1	-1
1347	1200	1354	1	-1	-1	-1
1249	1402	1251	1	-1	-1	-1
1352	1351	1199	1	-1	-1	-1
1351	1353	1200	1	-1	-1	-1
1250	1251	1403	1	-1	-1	-1
1353	1354	1200	1	-1	-1	-1
1259	1401	1248	1	-1	-1	-1
1406	1252	1253	1	-1	-1	-1
1255	1252	1406	1	-1	-1	-1
1357	1355	1203	1	-1	-1	-1
1207	1348	1361	1	-1	-1	-1
1203	1356	1357	1	-1	-1	-1
1355	1358	1204	1	-1	-1	-1
1254	1256	1408	1	-1	-1	-1
1257	1254	1408	1	-1	-1	-1
1371	1220	1328	0	-1	-1	-1
1256	1255	1409	1	-1	-1	-1
1206	1360	1356	1	-1	-1	-1
1359	1360	1206	1	-1	-1	-1
1312	1306	1309	1	-1	-1	-1
1362	1359	1207	1	-1	-1	-1
1363	1208	1358	1	-1	-1	-1
1362	1207	1361	1	-1	-1	-1
1257	1410	1264	1	-1	-1	-1
1261	1412	1260	1	-1	-1	-1
1407	1253	1275	4	-1	-1	-1
1260	1413	1262	1	-1	-1	-1
1209	1365	1364	1	-1	-1	-1
1263	1415	1261	1	-1	-1	-1
1367	1365	1210	1	-1	-1	-1
1366	1367	1210	1	-1	-1	-1
1262	1416	1265	1	-1	-1	-1
1259	1273	1411	1	-1	-1	-1
1417	1263	1264	1	-1	-1	-1
1211	1368	1366	1	-1	-1	-1
1363	1370	1213	1	-1	-1	-1
1368	1212	1369	1	-1	-1	-1
1213	1370	1369	1	-1	-1	-1
1420	1266	1267	1	-1	-1	-1
1265	1419	1269	1	-1	-1	-1
1421	1270	1266	1	-1	-1	-1
1267	1268	1422	1	-1	-1	-1
1268	1269	1425	1	-1	-1	-1
1372	1222	1373	0	-1	-1	-1
1427	1271	1270	1	-1	-1	-1
1404	1314	1250	1	-1	-1	-1
1372	1374	1223	0	-1	-1	-1
1279	1280	1412	4	-1	-1	-1
1271	1428	1272	1	-1	-1	-1
1375	1373	1224	0	-1	-1	-1
1280	1281	1413	4	-1	-1	-1
1272	1429	1274	1	-1	-1	-1
1376	1375	1224	0	-1	-1	-1
1246	1400	1331	0	-1	-1	-1
1274	1430	1273	1	-1	-1	-1
1283	1416	1281	4	-1	-1	-1
1226	1377	1378	0	-1	-1	-1
1226	1378	1379	0	-1	-1	-1
1227	1380	1376	0	-1	-1	-1
1277	1432	1275	4	-1	-1	-1
1227	1379	1380	0	-1	-1	-1
1277	1278	1433	4	-1	-1	-1
1377	1231	1383	0	-1	-1	-1
1374	1384	1233	1	-1	-1	-1
1279	1434	1278	4	-1	-1	-1
1381	1230	1382	0	-1	-1	-1
1381	1383	1231	0	-1	-1	-1
1283	1282	1435	4	-1	-1	-1
1284	1435	1282	4	-1	-1	-1
1384	1385	1234	1	-1	-1	-1
1235	1385	1386	1	-1	-1	-1
1437	1284	1285	4	-1	-1	-1
1439	1285	1286	4	-1	-1	-1
1388	1387	1236	0	-1	-1	-1
1287	1440	1286	1	-1	-1	-1
1386	1391	1239	0	-1	-1	-1
1390	1389	1238	0	-1	-1	-1
1287	1291	1442	1	-1	-1	-1
1391	1390	1239	0	-1	-1	-1
1443	1289	1288	4	-1	-1	-1
1240	1389	1392	0	-1	-1	-1
1394	1388	1242	0	-1	-1	-1
1445	1291	1290	1	-1	-1	-1
1443	1288	1296	4	-1	-1	-1
1393	1394	1241	0	-1	-1	-1
1293	1445	1290	1	-1	-1	-1
1295	1289	1444	1	-1	-1	-1
1243	1395	1393	0	-1	-1	-1
1294	1292	1447	1	-1	-1	-1
1387	1399	1247	0	-1	-1	-1
1392	1397	1244	0	-1	-1	-1
1396	1395	1243	0	-1	-1	-1
1292	1295	1448	1	-1	-1	-1
1293	1294	1449	5	-1	-1	-1
1396	1245	1398	0	-1	-1	-1
1245	1397	1398	0	-1	-1	-1
1246	1399	1400	0	-1	-1	-1
1297	1298	1454	1	-1	-1	-1
1454	1301	1297	1	-1	-1	-1
1402	1249	1401	1	-1	-1	-1
1299	1455	1298	1	-1	-1	-1
1304	1453	1296	4	-1	-1	-1
1456	1299	1300	1	-1	-1	-1
1404	1250	1403	1	-1	-1	-1
1251	1402	1405	1	-1	-1	-1
1251	1405	1403	1	-1	-1	-1
1301	1457	1305	4	-1	-1	-1
1302	1303	1458	4	-1	-1	-1
1302	1458	1304	4	-1	-1	-1
1253	1407	1406	4	-1	-1	-1
1303	1305	1459	4	-1	-1	-1
1409	1255	1406	1	-1	-1	-1
1259	1411	1401	1	-1	-1	-1
1256	1409	1408	1	-1	-1	-1
1257	1408	1410	1	-1	-1	-1
1308	1307	1461	1	-1	-1	-1
1307	1310	1461	1	-1	-1	-1
1308	1462	1309	1	-1	-1	-1
1260	1412	1413	1	-1	-1	-1
1464	1312	1309	1	-1	-1	-1
1412	1261	1414	1	-1	-1	-1
1311	1312	1464	1	-1	-1	-1
1465	1310	1315	1	-1	-1	-1
1415	1414	1261	1	-1	-1	-1
1416	1262	1413	1	-1	-1	-1
1418	1264	1410	1	-1	-1	-1
1313	1314	1466	1	-1	-1	-1
1320	1311	1464	1	-1	-1	-1
1415	1263	1417	1	-1	-1	-1
1467	1318	1313	1	-1	-1	-1
1417	1264	1418	1	-1	-1	-1
1468	1315	1317	1	-1	-1	-1
1416	1419	1265	1	-1	-1	-1
1469	1317	1316	1	-1	-1	-1
1469	1316	1318	1	-1	-1	-1
1279	1412	1414	4	-1	-1	-1
1412	1280	1413	4	-1	-1	-1
1420	1421	1266	1	-1	-1	-1
1420	1267	1423	1	-1	-1	-1
1281	1416	1413	4	-1	-1	-1
1471	1319	1321	1	-1	-1	-1
1322	1319	1471	1	-1	-1	-1
1267	1422	1423	1	-1	-1	-1
1472	1321	1320	1	-1	-1	-1
1419	1426	1269	1	-1	-1	-1
1268	1424	1422	1	-1	-1	-1
1411	1273	1430	1	-1	-1	-1
1407	1275	1432	4	-1	-1	-1
1268	1425	1424	1	-1	-1	-1
1427	1270	1421	1	-1	-1	-1
1283	1419	1416	4	-1	-1	-1
1456	1300	1364	1	-1	-1	-1
1425	1269	1426	1	-1	-1	-1
1475	1324	1323	1	-1	-1	-1
1476	1325	1324	1	-1	-1	-1
1427	1428	1271	1	-1	-1	-1
1279	1414	1434	4	-1	-1	-1
1429	1272	1428	1	-1	-1	-1
1327	1477	1326	1	-1	-1	-1
1477	1328	1326	1	-1	-1	-1
1476	1330	1325	1	-1	-1	-1
1329	1478	1327	1	-1	-1	-1
1431	1274	1429	1	-1	-1	-1
1274	1431	1430	1	-1	-1	-1
1283	1436	1419	4	-1	-1	-1
1480	1329	1330	1	-1	-1	-1
1277	1433	1432	4	-1	-1	-1
1482	1332	1331	0	-1	-1	-1
1278	1434	1433	4	-1	-1	-1
1483	1336	1332	0	-1	-1	-1
1334	1333	1485	1	-1	-1	-1
1435	1436	1283	4	-1	-1	-1
1484	1333	1338	1	-1	-1	-1
1438	1435	1284	4	-1	-1	-1
1335	1336	1488	1	-1	-1	-1
1437	1438	1284	4	-1	-1	-1
1335	1487	1337	1	-1	-1	-1
1334	1486	1341	1	-1	-1	-1
1439	1437	1285	4	-1	-1	-1
1440	1439	1286	1	-1	-1	-1
1337	1490	1338	1	-1	-1	-1
1441	1440	1287	1	-1	-1	-1
1441	1287	1442	1	-1	-1	-1
1339	1492	1340	1	-1	-1	-1
1289	1443	1444	1	-1	-1	-1
1344	1492	1339	1	-1	-1	-1
1328	1479	1371	0	-1	-1	-1
1495	1342	1341	1	-1	-1	-1
1291	1446	1442	1	-1	-1	-1
1343	1342	1496	1	-1	-1	-1
1291	1445	1446	1	-1	-1	-1
1404	1466	1314	1	-1	-1	-1
1497	1344	1343	1	-1	-1	-1
1352	1340	1493	1	-1	-1	-1
1448	1447	1292	1	-1	-1	-1
1445	1293	1450	5	-1	-1	-1
1452	1368	1369	1	-1	-1	-1
1500	1345	1346	1	-1	-1	-1
1444	1452	1295	1	-1	-1	-1
1294	1447	1451	5	-1	-1	-1
1296	1453	1443	4	-1	-1	-1
1449	1450	1293	5	-1	-1	-1
1449	1294	1451	5	-1	-1	-1
1295	1452	1448	1	-1	-1	-1
1502	1346	1347	1	-1	-1	-1
1350	1345	1500	1	-1	-1	-1
1349	1504	1348	5	-1	-1	-1
1354	1503	1347	1	-1	-1	-1
1506	1349	1350	5	-1	-1	-1
1455	1454	1298	1	-1	-1	-1
1299	1456	1455	1	-1	-1	-1
1508	1351	1352	1	-1	-1	-1
1353	1351	1508	1	-1	-1	-1
1454	1457	1301	4	-1	-1	-1
1331	1400	1482	0	-1	-1	-1
1348	1505	1361	5	-1	-1	-1
1354	1353	1509	1	-1	-1	-1
1304	1460	1453	4	-1	-1	-1
1303	1459	1458	4	-1	-1	-1
1457	1459	1305	4	-1	-1	-1
1460	1304	1458	4	-1	-1	-1
1355	1357	1512	1	-1	-1	-1
1358	1355	1512	1	-1	-1	-1
1514	1357	1356	1	-1	-1	-1
1356	1360	1513	1	-1	-1	-1
1463	1308	1461	1	-1	-1	-1
1308	1463	1462	1	-1	-1	-1
1462	1464	1309	1	-1	-1	-1
1465	1461	1310	1	-1	-1	-1
1518	1360	1359	1	-1	-1	-1
1517	1363	1358	1	-1	-1	-1
1362	1518	1359	1	-1	-1	-1
1520	1362	1361	5	-1	-1	-1
1467	1313	1466	1	-1	-1	-1
1465	1315	1468	1	-1	-1	-1
1523	1364	1365	1	-1	-1	-1
1468	1317	1469	1	-1	-1	-1
1363	1522	1370	1	-1	-1	-1
1467	1470	1318	1	-1	-1	-1
1472	1320	1464	1	-1	-1	-1
1524	1365	1367	1	-1	-1	-1
1418	1407	1432	4	-1	-1	-1
1318	1470	1469	1	-1	-1	-1
1366	1526	1367	1	-1	-1	-1
1366	1368	1526	1	-1	-1	-1
1414	1415	1434	4	-1	-1	-1
1452	1444	1368	1	-1	-1	-1
1321	1473	1471	1	-1	-1	-1
1433	1415	1417	4	-1	-1	-1
1321	1472	1473	1	-1	-1	-1
1369	1370	1528	1	-1	-1	-1
1418	1432	1417	4	-1	-1	-1
1471	1474	1322	1	-1	-1	-1
1529	1372	1373	0	-1	-1	-1
1476	1324	1475	1	-1	-1	-1
1374	1372	1529	0	-1	-1	-1
1373	1375	1530	0	-1	-1	-1
1419	1436	1426	4	-1	-1	-1
1434	1415	1433	4	-1	-1	-1
1417	1432	1433	4	-1	-1	-1
1327	1478	1477	1	-1	-1	-1
1479	1328	1477	0	-1	-1	-1
1533	1375	1376	0	-1	-1	-1
1330	1476	1481	1	-1	-1	-1
1478	1329	1480	1	-1	-1	-1
1384	1374	1531	1	-1	-1	-1
1376	1380	1535	0	-1	-1	-1
1480	1330	1481	1	-1	-1	-1
1378	1377	1537	0	-1	-1	-1
1539	1379	1378	0	-1	-1	-1
1377	1383	1537	0	-1	-1	-1
1483	1332	1482	0	-1	-1	-1
1380	1379	1540	0	-1	-1	-1
1333	1484	1485	1	-1	-1	-1
1486	1334	1485	1	-1	-1	-1
1543	1381	1382	0	-1	-1	-1
1381	1543	1383	0	-1	-1	-1
1483	1489	1336	0	-1	-1	-1
1488	1487	1335	1	-1	-1	-1
1491	1484	1338	1	-1	-1	-1
1336	1489	1488	0	-1	-1	-1
1337	1487	1490	1	-1	-1	-1
1384	1546	1385	1	-1	-1	-1
1547	1386	1385	1	-1	-1	-1
1490	1491	1338	1	-1	-1	-1
1486	1495	1341	1	-1	-1	-1
1386	1548	1391	0	-1	-1	-1
1387	1388	1550	0	-1	-1	-1
1494	1340	1492	1	-1	-1	-1
1494	1493	1340	1	-1	-1	-1
1389	1390	1552	0	-1	-1	-1
1496	1342	1495	1	-1	-1	-1
1394	1551	1388	0	-1	-1	-1
1392	1389	1552	0	-1	-1	-1
1387	1549	1399	0	-1	-1	-1
1554	1390	1391	0	-1	-1	-1
1499	1492	1344	1	-1	-1	-1
1498	1343	1496	1	-1	-1	-1
1368	1444	1526	1	-1	-1	-1
1343	1498	1497	1	-1	-1	-1
1344	1497	1499	1	-1	-1	-1
1523	1456	1364	1	-1	-1	-1
1393	1557	1394	1	-1	-1	-1
1556	1397	1392	0	-1	-1	-1
1558	1393	1395	1	-1	-1	-1
1346	1501	1500	1	-1	-1	-1
1452	1369	1527	1	-1	-1	-1
1501	1346	1502	1	-1	-1	-1
1460	1524	1367	1	-1	-1	-1
1347	1503	1502	1	-1	-1	-1
1396	1562	1395	0	-1	-1	-1
1493	1508	1352	1	-1	-1	-1
1460	1367	1526	1	-1	-1	-1
1504	1505	1348	5	-1	-1	-1
1396	1398	1563	0	-1	-1	-1
1507	1350	1500	5	-1	-1	-1
1506	1504	1349	5	-1	-1	-1
1398	1397	1564	0	-1	-1	-1
1506	1350	1507	5	-1	-1	-1
1399	1567	1400	0	-1	-1	-1
1354	1511	1503	1	-1	-1	-1
1510	1353	1508	1	-1	-1	-1
1401	1569	1402	1	-1	-1	-1
1509	1353	1510	1	-1	-1	-1
1511	1354	1509	1	-1	-1	-1
1402	1572	1405	1	-1	-1	-1
1574	1404	1403	1	-1	-1	-1
1403	1405	1573	1	-1	-1	-1
1401	1411	1570	1	-1	-1	-1
1513	1514	1356	1	-1	-1	-1
1512	1357	1515	1	-1	-1	-1
1520	1361	1505	5	-1	-1	-1
1357	1514	1515	1	-1	-1	-1
1512	1516	1358	1	-1	-1	-1
1407	1577	1406	4	-1	-1	-1
1517	1358	1516	1	-1	-1	-1
1409	1406	1577	4	-1	-1	-1
1519	1513	1360	1	-1	-1	-1
1408	1409	1577	1	-1	-1	-1
1408	1577	1410	1	-1	-1	-1
1518	1519	1360	1	-1	-1	-1
1362	1521	1518	5	-1	-1	-1
1522	1363	1517	1	-1	-1	-1
1577	1407	1418	4	-1	-1	-1
1362	1520	1521	5	-1	-1	-1
1577	1418	1410	1	-1	-1	-1
1525	1523	1365	1	-1	-1	-1
1526	1444	1443	1	-1	-1	-1
1524	1525	1365	1	-1	-1	-1
1411	1430	1578	1	-1	-1	-1
1420	1579	1421	1	-1	-1	-1
1370	1522	1528	1	-1	-1	-1
1420	1423	1579	1	-1	-1	-1
1526	1443	1453	1	-1	-1	-1
1369	1528	1527	1	-1	-1	-1
1527	1448	1452	1	-1	-1	-1
1580	1427	1421	1	-1	-1	-1
1582	1422	1424	1	-1	-1	-1
1422	1583	1423	1	-1	-1	-1
1530	1529	1373	0	-1	-1	-1
1475	1481	1476	1	-1	-1	-1
1374	1529	1531	0	-1	-1	-1
1424	1425	1585	1	-1	-1	-1
1375	1532	1530	0	-1	-1	-1
1425	1426	1586	1	-1	-1	-1
1460	1526	1453	1	-1	-1	-1
1532	1375	1533	0	-1	-1	-1
1458	1459	1524	4	-1	-1	-1
1457	1525	1459	4	-1	-1	-1
1524	1460	1458	4	-1	-1	-1
1589	1428	1427	1	-1	-1	-1
1376	1535	1534	0	-1	-1	-1
1404	1575	1466	1	-1	-1	-1
1533	1376	1536	0	-1	-1	-1
1376	1534	1536	0	-1	-1	-1
1428	1590	1429	1	-1	-1	-1
1588	1426	1436	4	-1	-1	-1
1400	1568	1482	0	-1	-1	-1
1431	1429	1591	1	-1	-1	-1
1538	1378	1537	0	-1	-1	-1
1431	1593	1430	1	-1	-1	-1
1539	1378	1538	0	-1	-1	-1
1542	1535	1380	0	-1	-1	-1
1541	1379	1539	0	-1	-1	-1
1588	1436	1435	4	-1	-1	-1
1541	1540	1379	0	-1	-1	-1
1588	1435	1438	4	-1	-1	-1
1531	1546	1384	1	-1	-1	-1
1540	1542	1380	0	-1	-1	-1
1383	1545	1537	0	-1	-1	-1
1382	1544	1543	0	-1	-1	-1
1437	1596	1438	4	-1	-1	-1
1543	1545	1383	0	-1	-1	-1
1439	1595	1437	4	-1	-1	-1
1385	1546	1547	1	-1	-1	-1
1440	1599	1439	1	-1	-1	-1
1547	1548	1386	0	-1	-1	-1
1440	1441	1600	1	-1	-1	-1
1601	1441	1442	1	-1	-1	-1
1549	1387	1550	0	-1	-1	-1
1388	1551	1550	0	-1	-1	-1
1442	1446	1603	1	-1	-1	-1
1555	1391	1548	0	-1	-1	-1
1446	1445	1604	5	-1	-1	-1
1390	1553	1552	0	-1	-1	-1
1553	1390	1554	0	-1	-1	-1
1604	1445	1450	5	-1	-1	-1
1554	1391	1555	0	-1	-1	-1
1392	1552	1556	0	-1	-1	-1
1447	1448	1607	1	-1	-1	-1
1447	1606	1451	5	-1	-1	-1
1394	1560	1551	1	-1	-1	-1
1467	1466	1575	1	-1	-1	-1
1449	1451	1608	5	-1	-1	-1
1525	1524	1459	4	-1	-1	-1
1558	1557	1393	1	-1	-1	-1
1609	1450	1449	5	-1	-1	-1
1394	1557	1559	1	-1	-1	-1
1560	1394	1559	1	-1	-1	-1
1561	1558	1395	1	-1	-1	-1
1567	1399	1549	0	-1	-1	-1
1556	1564	1397	0	-1	-1	-1
1395	1562	1561	1	-1	-1	-1
1563	1562	1396	0	-1	-1	-1
1455	1613	1454	4	-1	-1	-1
1613	1455	1456	1	-1	-1	-1
1457	1454	1613	4	-1	-1	-1
1565	1398	1564	0	-1	-1	-1
1566	1563	1398	0	-1	-1	-1
1398	1565	1566	0	-1	-1	-1
1400	1567	1568	0	-1	-1	-1
1461	1614	1463	1	-1	-1	-1
1570	1569	1401	1	-1	-1	-1
1465	1614	1461	1	-1	-1	-1
1463	1615	1462	1	-1	-1	-1
1616	1464	1462	1	-1	-1	-1
1571	1402	1569	1	-1	-1	-1
1402	1571	1572	1	-1	-1	-1
1574	1403	1573	1	-1	-1	-1
1572	1573	1405	1	-1	-1	-1
1465	1468	1619	1	-1	-1	-1
1576	1404	1574	1	-1	-1	-1
1618	1472	1464	1	-1	-1	-1
1576	1575	1404	1	-1	-1	-1
1578	1570	1411	1	-1	-1	-1
1467	1623	1470	1	-1	-1	-1
1624	1468	1469	1	-1	-1	-1
1470	1624	1469	1	-1	-1	-1
1473	1472	1618	1	-1	-1	-1
1473	1626	1471	1	-1	-1	-1
1474	1471	1626	1	-1	-1	-1
1581	1421	1579	1	-1	-1	-1
1580	1421	1581	1	-1	-1	-1
1527	1607	1448	1	-1	-1	-1
1478	1629	1477	0	-1	-1	-1
1477	1629	1479	0	-1	-1	-1
1423	1584	1579	1	-1	-1	-1
1422	1582	1583	1	-1	-1	-1
1478	1480	1630	0	-1	-1	-1
1583	1584	1423	1	-1	-1	-1
1480	1481	1630	0	-1	-1	-1
1582	1424	1585	1	-1	-1	-1
1456	1523	1613	1	-1	-1	-1
1525	1457	1613	4	-1	-1	-1
1580	1589	1427	1	-1	-1	-1
1631	1483	1482	0	-1	-1	-1
1587	1585	1425	1	-1	-1	-1
1587	1425	1586	1	-1	-1	-1
1426	1588	1586	4	-1	-1	-1
1593	1578	1430	1	-1	-1	-1
1635	1485	1484	1	-1	-1	-1
1483	1633	1489	0	-1	-1	-1
1590	1428	1589	1	-1	-1	-1
1485	1637	1486	0	-1	-1	-1
1634	1484	1491	1	-1	-1	-1
1590	1592	1429	1	-1	-1	-1
1592	1591	1429	1	-1	-1	-1
1487	1488	1639	1	-1	-1	-1
1594	1431	1591	1	-1	-1	-1
1487	1640	1490	1	-1	-1	-1
1641	1488	1489	0	-1	-1	-1
1593	1431	1594	1	-1	-1	-1
1486	1638	1495	0	-1	-1	-1
1491	1490	1643	1	-1	-1	-1
1598	1588	1438	4	-1	-1	-1
1437	1595	1596	4	-1	-1	-1
1597	1438	1596	4	-1	-1	-1
1645	1494	1492	1	-1	-1	-1
1545	1543	1544	0	-1	-1	-1
1439	1599	1595	1	-1	-1	-1
1597	1598	1438	4	-1	-1	-1
1647	1493	1494	1	-1	-1	-1
1492	1499	1645	1	-1	-1	-1
1599	1440	1600	1	-1	-1	-1
1495	1649	1496	0	-1	-1	-1
1602	1600	1441	1	-1	-1	-1
1650	1498	1496	0	-1	-1	-1
1602	1441	1601	1	-1	-1	-1
1651	1497	1498	1	-1	-1	-1
1442	1603	1601	1	-1	-1	-1
1651	1499	1497	1	-1	-1	-1
1493	1646	1508	1	-1	-1	-1
1605	1603	1446	5	-1	-1	-1
1605	1446	1604	5	-1	-1	-1
1501	1655	1500	5	-1	-1	-1
1501	1502	1656	1	-1	-1	-1
1606	1447	1607	5	-1	-1	-1
1523	1525	1613	1	-1	-1	-1
1507	1500	1655	5	-1	-1	-1
1467	1575	1622	1	-1	-1	-1
1503	1659	1502	1	-1	-1	-1
1510	1508	1646	1	-1	-1	-1
1450	1611	1604	5	-1	-1	-1
1449	1608	1609	5	-1	-1	-1
1505	1504	1660	5	-1	-1	-1
1609	1610	1450	5	-1	-1	-1
1606	1612	1451	5	-1	-1	-1
1660	1504	1506	5	-1	-1	-1
1608	1451	1612	5	-1	-1	-1
1450	1610	1611	5	-1	-1	-1
1511	1659	1503	1	-1	-1	-1
1506	1507	1664	5	-1	-1	-1
1568	1632	1482	0	-1	-1	-1
1510	1667	1509	1	-1	-1	-1
1666	1511	1509	1	-1	-1	-1
1661	1520	1505	5	-1	-1	-1
1462	1615	1616	1	-1	-1	-1
1617	1463	1614	1	-1	-1	-1
1615	1463	1617	1	-1	-1	-1
1515	1670	1512	1	-1	-1	-1
1514	1513	1671	1	-1	-1	-1
1616	1618	1464	1	-1	-1	-1
1614	1465	1620	1	-1	-1	-1
1516	1512	1670	1	-1	-1	-1
1672	1515	1514	1	-1	-1	-1
1521	1520	1661	5	-1	-1	-1
1671	1513	1519	1	-1	-1	-1
1619	1621	1465	1	-1	-1	-1
1516	1673	1517	1	-1	-1	-1
1620	1465	1621	1	-1	-1	-1
1467	1622	1623	1	-1	-1	-1
1468	1625	1619	1	-1	-1	-1
1518	1676	1519	5	-1	-1	-1
1517	1674	1522	1	-1	-1	-1
1676	1518	1521	5	-1	-1	-1
1625	1468	1624	1	-1	-1	-1
1623	1624	1470	1	-1	-1	-1
1473	1618	1627	1	-1	-1	-1
1627	1626	1473	1	-1	-1	-1
1628	1474	1626	1	-1	-1	-1
1528	1522	1679	1	-1	-1	-1
1680	1527	1528	1	-1	-1	-1
1478	1630	1629	0	-1	-1	-1
1682	1529	1530	0	-1	-1	-1
1682	1531	1529	0	-1	-1	-1
1683	1530	1532	0	-1	-1	-1
1631	1482	1632	0	-1	-1	-1
1631	1633	1483	0	-1	-1	-1
1686	1532	1533	0	-1	-1	-1
1484	1634	1635	1	-1	-1	-1
1533	1536	1687	0	-1	-1	-1
1636	1485	1635	0	-1	-1	-1
1636	1637	1485	0	-1	-1	-1
1536	1534	1688	0	-1	-1	-1
1689	1534	1535	0	-1	-1	-1
1684	1546	1531	1	-1	-1	-1
1486	1637	1638	0	-1	-1	-1
1633	1642	1489	0	-1	-1	-1
1487	1639	1640	1	-1	-1	-1
1689	1535	1542	0	-1	-1	-1
1692	1538	1537	0	-1	-1	-1
1641	1639	1488	0	-1	-1	-1
1634	1491	1644	1	-1	-1	-1
1539	1538	1693	0	-1	-1	-1
1641	1489	1642	0	-1	-1	-1
1643	1490	1640	1	-1	-1	-1
1691	1537	1545	0	-1	-1	-1
1686	1533	1555	0	-1	-1	-1
1533	1687	1555	0	-1	-1	-1
1541	1539	1696	0	-1	-1	-1
1697	1540	1541	0	-1	-1	-1
1644	1491	1643	1	-1	-1	-1
1542	1540	1697	0	-1	-1	-1
1638	1649	1495	0	-1	-1	-1
1646	1493	1647	1	-1	-1	-1
1645	1648	1494	1	-1	-1	-1
1555	1548	1686	0	-1	-1	-1
1648	1647	1494	1	-1	-1	-1
1544	1701	1545	0	-1	-1	-1
1554	1687	1553	0	-1	-1	-1
1650	1496	1649	0	-1	-1	-1
1547	1546	1702	1	-1	-1	-1
1690	1552	1553	0	-1	-1	-1
1555	1687	1554	0	-1	-1	-1
1645	1499	1653	1	-1	-1	-1
1556	1552	1690	0	-1	-1	-1
1547	1703	1548	0	-1	-1	-1
1652	1498	1650	0	-1	-1	-1
1498	1652	1651	0	-1	-1	-1
1704	1549	1550	0	-1	-1	-1
1654	1499	1651	1	-1	-1	-1
1654	1653	1499	1	-1	-1	-1
1705	1550	1551	1	-1	-1	-1
1657	1655	1501	5	-1	-1	-1
1657	1501	1656	5	-1	-1	-1
1527	1680	1607	1	-1	-1	-1
1656	1502	1658	1	-1	-1	-1
1560	1705	1551	1	-1	-1	-1
1658	1502	1659	1	-1	-1	-1
1549	1704	1567	0	-1	-1	-1
1611	1605	1604	5	-1	-1	-1
1558	1708	1557	1	-1	-1	-1
1646	1668	1510	1	-1	-1	-1
1709	1559	1557	1	-1	-1	-1
1556	1707	1564	0	-1	-1	-1
1505	1660	1662	5	-1	-1	-1
1507	1655	1665	5	-1	-1	-1
1661	1505	1662	5	-1	-1	-1
1506	1663	1660	5	-1	-1	-1
1558	1561	1710	1	-1	-1	-1
1560	1559	1712	1	-1	-1	-1
1663	1506	1664	5	-1	-1	-1
1507	1665	1664	5	-1	-1	-1
1714	1561	1562	1	-1	-1	-1
1659	1511	1669	1	-1	-1	-1
1715	1562	1563	0	-1	-1	-1
1667	1666	1509	1	-1	-1	-1
1716	1563	1566	0	-1	-1	-1
1510	1668	1667	1	-1	-1	-1
1666	1669	1511	1	-1	-1	-1
1717	1565	1564	0	-1	-1	-1
1565	1719	1566	0	-1	-1	-1
1617	1614	1620	1	-1	-1	-1
1567	1721	1568	0	-1	-1	-1
1670	1515	1672	1	-1	-1	-1
1671	1672	1514	1	-1	-1	-1
1516	1670	1673	1	-1	-1	-1
1661	1678	1521	5	-1	-1	-1
1570	1724	1569	1	-1	-1	-1
1571	1569	1724	1	-1	-1	-1
1621	1619	1625	1	-1	-1	-1
1675	1517	1673	1	-1	-1	-1
1674	1517	1675	1	-1	-1	-1
1671	1519	1677	5	-1	-1	-1
1726	1572	1571	1	-1	-1	-1
1519	1676	1677	5	-1	-1	-1
1572	1728	1573	1	-1	-1	-1
1570	1578	1725	1	-1	-1	-1
1674	1679	1522	1	-1	-1	-1
1573	1728	1574	1	-1	-1	-1
1521	1678	1676	5	-1	-1	-1
1576	1574	1729	1	-1	-1	-1
1575	1576	1730	1	-1	-1	-1
1528	1679	1681	1	-1	-1	-1
1680	1528	1681	1	-1	-1	-1
1581	1579	1734	1	-1	-1	-1
1683	1682	1530	0	-1	-1	-1
1733	1579	1584	1	-1	-1	-1
1736	1580	1581	1	-1	-1	-1
1684	1531	1682	0	-1	-1	-1
1532	1685	1683	0	-1	-1	-1
1685	1532	1686	0	-1	-1	-1
1593	1732	1578	1	-1	-1	-1
1580	1735	1589	1	-1	-1	-1
1739	1583	1582	1	-1	-1	-1
1585	1740	1582	1	-1	-1	-1
1583	1742	1584	1	-1	-1	-1
1688	1534	1689	0	-1	-1	-1
1687	1536	1690	0	-1	-1	-1
1536	1688	1690	0	-1	-1	-1
1743	1585	1587	1	-1	-1	-1
1744	1587	1586	4	-1	-1	-1
1744	1586	1588	4	-1	-1	-1
1537	1691	1692	0	-1	-1	-1
1632	1568	1722	0	-1	-1	-1
1538	1692	1693	0	-1	-1	-1
1589	1746	1590	1	-1	-1	-1
1693	1695	1539	0	-1	-1	-1
1622	1575	1730	1	-1	-1	-1
1539	1695	1694	0	-1	-1	-1
1539	1694	1696	0	-1	-1	-1
1592	1590	1747	1	-1	-1	-1
1687	1690	1553	0	-1	-1	-1
1744	1588	1598	4	-1	-1	-1
1700	1689	1542	0	-1	-1	-1
1702	1546	1684	1	-1	-1	-1
1591	1592	1749	1	-1	-1	-1
1591	1750	1594	1	-1	-1	-1
1696	1698	1541	0	-1	-1	-1
1545	1701	1691	0	-1	-1	-1
1703	1686	1548	0	-1	-1	-1
1541	1699	1697	0	-1	-1	-1
1699	1541	1698	0	-1	-1	-1
1697	1700	1542	0	-1	-1	-1
1753	1593	1594	1	-1	-1	-1
1595	1756	1596	4	-1	-1	-1
1757	1597	1596	4	-1	-1	-1
1595	1599	1756	1	-1	-1	-1
1547	1702	1703	0	-1	-1	-1
1556	1690	1707	0	-1	-1	-1
1597	1758	1598	4	-1	-1	-1
1600	1759	1599	1	-1	-1	-1
1706	1704	1550	1	-1	-1	-1
1550	1705	1706	1	-1	-1	-1
1602	1761	1600	1	-1	-1	-1
1764	1602	1601	1	-1	-1	-1
1603	1763	1601	1	-1	-1	-1
1708	1709	1557	1	-1	-1	-1
1605	1767	1603	5	-1	-1	-1
1711	1708	1558	1	-1	-1	-1
1665	1655	1657	5	-1	-1	-1
1560	1713	1705	1	-1	-1	-1
1558	1710	1711	1	-1	-1	-1
1559	1709	1712	1	-1	-1	-1
1607	1770	1606	5	-1	-1	-1
1605	1611	1769	5	-1	-1	-1
1561	1714	1710	1	-1	-1	-1
1713	1560	1712	1	-1	-1	-1
1606	1771	1612	5	-1	-1	-1
1772	1609	1608	5	-1	-1	-1
1564	1707	1718	0	-1	-1	-1
1714	1562	1715	1	-1	-1	-1
1704	1721	1567	0	-1	-1	-1
1612	1773	1608	5	-1	-1	-1
1609	1774	1610	5	-1	-1	-1
1716	1715	1563	0	-1	-1	-1
1777	1611	1610	5	-1	-1	-1
1564	1718	1717	0	-1	-1	-1
1719	1565	1717	0	-1	-1	-1
1566	1720	1716	0	-1	-1	-1
1566	1719	1720	0	-1	-1	-1
1616	1615	1779	1	-1	-1	-1
1617	1779	1615	1	-1	-1	-1
1568	1721	1723	0	-1	-1	-1
1722	1568	1723	0	-1	-1	-1
1616	1780	1618	1	-1	-1	-1
1782	1617	1620	1	-1	-1	-1
1724	1570	1725	1	-1	-1	-1
1727	1571	1724	1	-1	-1	-1
1727	1726	1571	1	-1	-1	-1
1780	1627	1618	1	-1	-1	-1
1621	1784	1620	1	-1	-1	-1
1726	1728	1572	1	-1	-1	-1
1729	1574	1728	1	-1	-1	-1
1785	1621	1625	1	-1	-1	-1
1623	1622	1786	1	-1	-1	-1
1623	1788	1624	1	-1	-1	-1
1732	1725	1578	1	-1	-1	-1
1576	1729	1731	1	-1	-1	-1
1576	1731	1730	1	-1	-1	-1
1788	1625	1624	1	-1	-1	-1
1627	1789	1626	1	-1	-1	-1
1626	1790	1628	1	-1	-1	-1
1579	1733	1734	1	-1	-1	-1
1682	1683	1684	0	-1	-1	-1
1736	1735	1580	1	-1	-1	-1
1581	1734	1738	1	-1	-1	-1
1737	1736	1581	1	-1	-1	-1
1738	1737	1581	1	-1	-1	-1
1632	1794	1631	0	-1	-1	-1
1680	1770	1607	5	-1	-1	-1
1633	1631	1794	0	-1	-1	-1
1742	1733	1584	1	-1	-1	-1
1739	1582	1740	1	-1	-1	-1
1739	1741	1583	1	-1	-1	-1
1741	1742	1583	1	-1	-1	-1
1743	1740	1585	1	-1	-1	-1
1635	1634	1800	1	-1	-1	-1
1735	1746	1589	1	-1	-1	-1
1635	1801	1636	0	-1	-1	-1
1642	1633	1798	0	-1	-1	-1
1685	1686	1703	0	-1	-1	-1
1587	1745	1743	4	-1	-1	-1
1802	1637	1636	0	-1	-1	-1
1587	1744	1745	4	-1	-1	-1
1644	1799	1634	1	-1	-1	-1
1593	1753	1732	1	-1	-1	-1
1638	1637	1804	0	-1	-1	-1
1590	1746	1748	1	-1	-1	-1
1690	1688	1707	0	-1	-1	-1
1747	1590	1748	1	-1	-1	-1
1639	1807	1640	1	-1	-1	-1
1745	1744	1598	4	-1	-1	-1
1641	1808	1639	0	-1	-1	-1
1750	1591	1749	1	-1	-1	-1
1703	1702	1685	0	-1	-1	-1
1747	1751	1592	1	-1	-1	-1
1643	1640	1809	1	-1	-1	-1
1638	1806	1649	0	-1	-1	-1
1592	1752	1749	1	-1	-1	-1
1642	1810	1641	0	-1	-1	-1
1592	1751	1752	1	-1	-1	-1
1718	1688	1689	0	-1	-1	-1
1771	1663	1664	5	-1	-1	-1
1594	1750	1754	1	-1	-1	-1
1644	1643	1812	1	-1	-1	-1
1758	1745	1598	4	-1	-1	-1
1755	1753	1594	1	-1	-1	-1
1755	1594	1754	1	-1	-1	-1
1718	1689	1700	0	-1	-1	-1
1648	1645	1815	1	-1	-1	-1
1817	1646	1647	1	-1	-1	-1
1756	1757	1596	4	-1	-1	-1
1757	1758	1597	4	-1	-1	-1
1707	1688	1718	0	-1	-1	-1
1647	1648	1819	1	-1	-1	-1
1653	1816	1645	1	-1	-1	-1
1756	1599	1760	1	-1	-1	-1
1759	1760	1599	1	-1	-1	-1
1600	1762	1759	1	-1	-1	-1
1650	1649	1822	0	-1	-1	-1
1762	1600	1761	1	-1	-1	-1
1823	1652	1650	0	-1	-1	-1
1651	1652	1825	0	-1	-1	-1
1763	1764	1601	1	-1	-1	-1
1602	1766	1761	1	-1	-1	-1
1825	1654	1651	0	-1	-1	-1
1602	1764	1765	1	-1	-1	-1
1668	1646	1817	1	-1	-1	-1
1765	1766	1602	1	-1	-1	-1
1763	1603	1767	5	-1	-1	-1
1827	1653	1654	1	-1	-1	-1
1787	1622	1730	1	-1	-1	-1
1767	1605	1768	5	-1	-1	-1
1657	1656	1829	5	-1	-1	-1
1768	1605	1769	5	-1	-1	-1
1656	1658	1829	5	-1	-1	-1
1606	1770	1771	5	-1	-1	-1
1658	1659	1832	1	-1	-1	-1
1796	1632	1722	0	-1	-1	-1
1772	1608	1773	5	-1	-1	-1
1657	1831	1665	5	-1	-1	-1
1662	1660	1834	5	-1	-1	-1
1775	1609	1772	5	-1	-1	-1
1834	1660	1663	5	-1	-1	-1
1769	1611	1777	5	-1	-1	-1
1609	1775	1774	5	-1	-1	-1
1835	1661	1662	5	-1	-1	-1
1659	1669	1832	1	-1	-1	-1
1774	1776	1610	5	-1	-1	-1
1612	1771	1778	5	-1	-1	-1
1778	1773	1612	5	-1	-1	-1
1610	1776	1777	5	-1	-1	-1
1664	1665	1838	5	-1	-1	-1
1666	1667	1841	1	-1	-1	-1
1835	1678	1661	5	-1	-1	-1
1780	1616	1779	1	-1	-1	-1
1666	1840	1669	1	-1	-1	-1
1843	1667	1668	1	-1	-1	-1
1779	1617	1783	1	-1	-1	-1
1782	1781	1617	1	-1	-1	-1
1781	1783	1617	1	-1	-1	-1
1784	1782	1620	1	-1	-1	-1
1672	1846	1670	1	-1	-1	-1
1846	1672	1671	5	-1	-1	-1
1670	1846	1673	1	-1	-1	-1
1621	1785	1784	1	-1	-1	-1
1846	1671	1677	5	-1	-1	-1
1846	1675	1673	1	-1	-1	-1
1787	1786	1622	1	-1	-1	-1
1675	1847	1674	5	-1	-1	-1
1681	1679	1836	5	-1	-1	-1
1788	1623	1786	1	-1	-1	-1
1788	1785	1625	1	-1	-1	-1
1680	1681	1837	5	-1	-1	-1
1675	1846	1677	5	-1	-1	-1
1780	1792	1627	1	-1	-1	-1
1847	1675	1677	5	-1	-1	-1
1847	1677	1676	5	-1	-1	-1
1679	1674	1848	5	-1	-1	-1
1847	1676	1678	5	-1	-1	-1
1626	1789	1790	1	-1	-1	-1
1627	1791	1789	1	-1	-1	-1
1792	1791	1627	1	-1	-1	-1
1793	1628	1790	1	-1	-1	-1
1771	1664	1778	5	-1	-1	-1
1849	1684	1683	0	-1	-1	-1
1685	1849	1683	0	-1	-1	-1
1632	1797	1794	0	-1	-1	-1
1632	1796	1795	0	-1	-1	-1
1797	1632	1795	0	-1	-1	-1
1794	1798	1633	0	-1	-1	-1
1634	1799	1800	1	-1	-1	-1
1691	1851	1692	0	-1	-1	-1
1702	1684	1849	1	-1	-1	-1
1800	1801	1635	0	-1	-1	-1
1702	1849	1685	0	-1	-1	-1
1852	1693	1692	0	-1	-1	-1
1801	1803	1636	0	-1	-1	-1
1693	1853	1695	0	-1	-1	-1
1802	1636	1803	0	-1	-1	-1
1850	1691	1701	0	-1	-1	-1
1694	1695	1855	0	-1	-1	-1
1805	1637	1802	0	-1	-1	-1
1696	1694	1854	0	-1	-1	-1
1804	1637	1805	0	-1	-1	-1
1806	1638	1804	0	-1	-1	-1
1787	1730	1731	1	-1	-1	-1
1696	1857	1698	0	-1	-1	-1
1811	1642	1798	0	-1	-1	-1
1639	1808	1807	0	-1	-1	-1
1699	1859	1697	0	-1	-1	-1
1858	1700	1697	0	-1	-1	-1
1640	1807	1809	1	-1	-1	-1
1814	1799	1644	1	-1	-1	-1
1860	1699	1698	0	-1	-1	-1
1808	1641	1810	0	-1	-1	-1
1811	1810	1642	0	-1	-1	-1
1812	1643	1809	1	-1	-1	-1
1663	1771	1834	5	-1	-1	-1
1644	1812	1813	1	-1	-1	-1
1644	1813	1814	1	-1	-1	-1
1704	1706	1863	1	-1	-1	-1
1706	1705	1864	1	-1	-1	-1
1815	1645	1816	1	-1	-1	-1
1822	1649	1806	0	-1	-1	-1
1862	1718	1700	0	-1	-1	-1
1778	1664	1838	5	-1	-1	-1
1864	1705	1713	1	-1	-1	-1
1818	1817	1647	1	-1	-1	-1
1815	1820	1648	1	-1	-1	-1
1818	1647	1819	1	-1	-1	-1
1708	1869	1709	1	-1	-1	-1
1868	1708	1711	1	-1	-1	-1
1680	1837	1770	5	-1	-1	-1
1863	1721	1704	1	-1	-1	-1
1648	1821	1819	1	-1	-1	-1
1821	1648	1820	1	-1	-1	-1
1709	1870	1712	1	-1	-1	-1
1710	1872	1711	1	-1	-1	-1
1816	1653	1826	1	-1	-1	-1
1650	1822	1824	0	-1	-1	-1
1710	1714	1873	1	-1	-1	-1
1718	1862	1717	0	-1	-1	-1
1824	1823	1650	0	-1	-1	-1
1825	1652	1823	0	-1	-1	-1
1876	1713	1712	1	-1	-1	-1
1827	1826	1653	1	-1	-1	-1
1714	1715	1877	1	-1	-1	-1
1828	1654	1825	0	-1	-1	-1
1716	1878	1715	0	-1	-1	-1
1654	1828	1827	0	-1	-1	-1
1720	1879	1716	0	-1	-1	-1
1657	1829	1830	5	-1	-1	-1
1719	1717	1880	0	-1	-1	-1
1831	1657	1830	5	-1	-1	-1
1829	1658	1833	5	-1	-1	-1
1882	1720	1719	0	-1	-1	-1
1833	1658	1832	5	-1	-1	-1
1721	1883	1723	1	-1	-1	-1
1817	1844	1668	1	-1	-1	-1
1722	1723	1884	0	-1	-1	-1
1834	1837	1662	5	-1	-1	-1
1835	1662	1836	5	-1	-1	-1
1665	1831	1839	5	-1	-1	-1
1724	1725	1886	1	-1	-1	-1
1837	1836	1662	5	-1	-1	-1
1724	1886	1727	1	-1	-1	-1
1726	1888	1728	1	-1	-1	-1
1727	1889	1726	1	-1	-1	-1
1838	1665	1839	5	-1	-1	-1
1783	1780	1779	1	-1	-1	-1
1725	1732	1887	1	-1	-1	-1
1888	1729	1728	1	-1	-1	-1
1832	1669	1845	1	-1	-1	-1
1666	1841	1840	1	-1	-1	-1
1841	1667	1842	1	-1	-1	-1
1842	1667	1843	1	-1	-1	-1
1729	1893	1731	1	-1	-1	-1
1845	1669	1840	1	-1	-1	-1
1837	1681	1836	5	-1	-1	-1
1668	1844	1843	1	-1	-1	-1
1783	1792	1780	1	-1	-1	-1
1835	1848	1678	5	-1	-1	-1
1734	1733	1896	1	-1	-1	-1
1679	1848	1836	5	-1	-1	-1
1847	1848	1674	5	-1	-1	-1
1735	1736	1899	1	-1	-1	-1
1898	1738	1734	1	-1	-1	-1
1732	1753	1887	1	-1	-1	-1
1733	1742	1897	1	-1	-1	-1
1847	1678	1848	5	-1	-1	-1
1736	1737	1900	1	-1	-1	-1
1771	1770	1834	5	-1	-1	-1
1902	1737	1738	1	-1	-1	-1
1899	1746	1735	1	-1	-1	-1
1739	1740	1903	1	-1	-1	-1
1904	1741	1739	1	-1	-1	-1
1740	1743	1905	1	-1	-1	-1
1741	1907	1742	1	-1	-1	-1
1850	1851	1691	0	-1	-1	-1
1851	1852	1692	0	-1	-1	-1
1908	1743	1745	4	-1	-1	-1
1852	1853	1693	0	-1	-1	-1
1766	1738	1898	1	-1	-1	-1
1722	1884	1796	0	-1	-1	-1
1748	1746	1909	1	-1	-1	-1
1854	1694	1855	0	-1	-1	-1
1853	1856	1695	0	-1	-1	-1
1695	1856	1855	0	-1	-1	-1
1747	1748	1911	1	-1	-1	-1
1766	1902	1738	1	-1	-1	-1
1696	1854	1857	0	-1	-1	-1
1912	1751	1747	1	-1	-1	-1
1745	1758	1908	4	-1	-1	-1
1787	1731	1895	1	-1	-1	-1
1750	1749	1915	1	-1	-1	-1
1859	1858	1697	0	-1	-1	-1
1857	1860	1698	0	-1	-1	-1
1749	1752	1915	1	-1	-1	-1
1861	1859	1699	0	-1	-1	-1
1700	1858	1862	0	-1	-1	-1
1754	1750	1916	1	-1	-1	-1
1860	1861	1699	0	-1	-1	-1
1918	1752	1751	1	-1	-1	-1
1761	1898	1762	1	-1	-1	-1
1766	1898	1761	1	-1	-1	-1
1755	1922	1753	1	-1	-1	-1
1923	1755	1754	1	-1	-1	-1
1863	1706	1865	1	-1	-1	-1
1864	1867	1706	1	-1	-1	-1
1866	1865	1706	1	-1	-1	-1
1756	1926	1757	4	-1	-1	-1
1706	1867	1866	1	-1	-1	-1
1837	1834	1770	5	-1	-1	-1
1926	1756	1760	1	-1	-1	-1
1927	1758	1757	4	-1	-1	-1
1708	1868	1869	1	-1	-1	-1
1760	1759	1928	1	-1	-1	-1
1709	1869	1871	1	-1	-1	-1
1928	1759	1762	1	-1	-1	-1
1870	1709	1871	1	-1	-1	-1
1713	1876	1864	1	-1	-1	-1
1875	1868	1711	1	-1	-1	-1
1710	1873	1872	1	-1	-1	-1
1711	1872	1874	1	-1	-1	-1
1930	1764	1763	1	-1	-1	-1
1870	1876	1712	1	-1	-1	-1
1880	1717	1862	0	-1	-1	-1
1711	1874	1875	1	-1	-1	-1
1763	1767	1931	5	-1	-1	-1
1933	1765	1764	1	-1	-1	-1
1877	1873	1714	1	-1	-1	-1
1766	1765	1934	1	-1	-1	-1
1768	1931	1767	5	-1	-1	-1
1883	1721	1863	1	-1	-1	-1
1878	1877	1715	1	-1	-1	-1
1769	1936	1768	5	-1	-1	-1
1878	1716	1879	0	-1	-1	-1
1881	1719	1880	0	-1	-1	-1
1720	1882	1879	0	-1	-1	-1
1881	1882	1719	0	-1	-1	-1
1777	1937	1769	5	-1	-1	-1
1772	1773	1938	5	-1	-1	-1
1939	1775	1772	5	-1	-1	-1
1775	1941	1774	5	-1	-1	-1
1885	1723	1883	1	-1	-1	-1
1940	1773	1778	5	-1	-1	-1
1774	1941	1776	5	-1	-1	-1
1885	1884	1723	1	-1	-1	-1
1829	1833	1830	5	-1	-1	-1
1777	1776	1944	5	-1	-1	-1
1725	1887	1886	1	-1	-1	-1
1888	1726	1890	1	-1	-1	-1
1889	1890	1726	1	-1	-1	-1
1727	1886	1892	1	-1	-1	-1
1889	1727	1891	1	-1	-1	-1
1782	1946	1781	1	-1	-1	-1
1891	1727	1892	1	-1	-1	-1
1783	1781	1947	1	-1	-1	-1
1888	1894	1729	1	-1	-1	-1
1784	1948	1782	1	-1	-1	-1
1894	1893	1729	1	-1	-1	-1
1848	1835	1836	5	-1	-1	-1
1893	1895	1731	1	-1	-1	-1
1951	1784	1785	1	-1	-1	-1
1949	1792	1783	1	-1	-1	-1
1952	1785	1788	1	-1	-1	-1
1786	1787	1953	1	-1	-1	-1
1896	1733	1897	1	-1	-1	-1
1953	1788	1786	1	-1	-1	-1
1896	1898	1734	1	-1	-1	-1
1790	1789	1955	1	-1	-1	-1
1789	1791	1955	1	-1	-1	-1
1900	1899	1736	1	-1	-1	-1
1737	1901	1900	1	-1	-1	-1
1956	1793	1790	1	-1	-1	-1
1792	1957	1791	1	-1	-1	-1
1901	1737	1902	1	-1	-1	-1
1897	1742	1907	1	-1	-1	-1
1903	1904	1739	1	-1	-1	-1
1905	1903	1740	1	-1	-1	-1
1906	1741	1904	1	-1	-1	-1
1794	1797	1960	0	-1	-1	-1
1960	1798	1794	0	-1	-1	-1
1795	1796	1961	0	-1	-1	-1
1741	1906	1907	1	-1	-1	-1
1962	1797	1795	0	-1	-1	-1
1910	1746	1899	1	-1	-1	-1
1743	1908	1905	4	-1	-1	-1
1898	1896	1762	1	-1	-1	-1
1838	1940	1778	5	-1	-1	-1
1887	1753	1922	1	-1	-1	-1
1966	1800	1799	1	-1	-1	-1
1746	1910	1909	1	-1	-1	-1
1800	1967	1801	0	-1	-1	-1
1960	1811	1798	0	-1	-1	-1
1748	1909	1913	1	-1	-1	-1
1747	1911	1912	1	-1	-1	-1
1801	1968	1803	0	-1	-1	-1
1748	1914	1911	1	-1	-1	-1
1803	1969	1802	0	-1	-1	-1
1914	1748	1913	1	-1	-1	-1
1805	1802	1970	0	-1	-1	-1
1966	1799	1814	1	-1	-1	-1
1917	1750	1915	1	-1	-1	-1
1804	1805	1973	0	-1	-1	-1
1751	1912	1919	1	-1	-1	-1
1917	1916	1750	1	-1	-1	-1
1806	1804	1974	0	-1	-1	-1
1928	1762	1896	1	-1	-1	-1
1752	1920	1915	1	-1	-1	-1
1918	1751	1919	1	-1	-1	-1
1752	1918	1921	1	-1	-1	-1
1927	1908	1758	4	-1	-1	-1
1809	1807	1977	1	-1	-1	-1
1921	1920	1752	1	-1	-1	-1
1808	1978	1807	0	-1	-1	-1
1916	1924	1754	1	-1	-1	-1
1979	1808	1810	0	-1	-1	-1
1754	1924	1923	1	-1	-1	-1
1812	1809	1980	1	-1	-1	-1
1925	1922	1755	1	-1	-1	-1
1811	1981	1810	0	-1	-1	-1
1766	1934	1902	1	-1	-1	-1
1923	1925	1755	1	-1	-1	-1
1976	1822	1806	0	-1	-1	-1
1812	1980	1813	1	-1	-1	-1
1864	1876	1867	1	-1	-1	-1
1927	1757	1926	4	-1	-1	-1
1984	1814	1813	1	-1	-1	-1
1883	1863	1865	1	-1	-1	-1
1929	1926	1760	1	-1	-1	-1
1928	1929	1760	1	-1	-1	-1
1815	1816	1988	1	-1	-1	-1
1822	1976	1824	0	-1	-1	-1
1820	1815	1989	1	-1	-1	-1
1931	1930	1763	5	-1	-1	-1
1817	1818	1991	1	-1	-1	-1
1932	1764	1930	1	-1	-1	-1
1764	1932	1933	1	-1	-1	-1
1993	1818	1819	1	-1	-1	-1
1933	1934	1765	1	-1	-1	-1
1990	1816	1826	1	-1	-1	-1
1768	1935	1931	5	-1	-1	-1
1819	1821	1994	1	-1	-1	-1
1895	1953	1787	1	-1	-1	-1
1821	1820	1995	1	-1	-1	-1
1936	1935	1768	5	-1	-1	-1
1937	1936	1769	5	-1	-1	-1
1963	1796	1884	0	-1	-1	-1
2000	1823	1824	0	-1	-1	-1
2000	1825	1823	0	-1	-1	-1
1938	1939	1772	5	-1	-1	-1
1773	1940	1938	5	-1	-1	-1
1991	1844	1817	1	-1	-1	-1
1825	2003	1828	0	-1	-1	-1
1775	1939	1943	1	-1	-1	-1
2004	1826	1827	1	-1	-1	-1
1942	1941	1775	1	-1	-1	-1
1944	1937	1777	5	-1	-1	-1
2005	1827	1828	0	-1	-1	-1
1942	1775	1943	1	-1	-1	-1
1941	1945	1776	5	-1	-1	-1
1886	1887	1892	1	-1	-1	-1
1945	1944	1776	5	-1	-1	-1
1830	2007	1831	5	-1	-1	-1
2008	1830	1833	5	-1	-1	-1
1888	1890	1894	1	-1	-1	-1
1781	1946	1947	1	-1	-1	-1
1832	2010	1833	5	-1	-1	-1
1948	1946	1782	1	-1	-1	-1
2009	1839	1831	5	-1	-1	-1
1783	1947	1950	1	-1	-1	-1
1949	1783	1950	1	-1	-1	-1
1784	1951	1948	1	-1	-1	-1
2010	1832	1845	5	-1	-1	-1
1838	1839	2011	5	-1	-1	-1
1952	1951	1785	1	-1	-1	-1
1952	1788	1954	1	-1	-1	-1
1954	1788	1953	1	-1	-1	-1
1840	1841	2014	1	-1	-1	-1
2015	1841	1842	1	-1	-1	-1
1958	1792	1949	1	-1	-1	-1
2014	1845	1840	1	-1	-1	-1
1955	1956	1790	1	-1	-1	-1
1842	1843	2016	1	-1	-1	-1
1791	1957	1955	1	-1	-1	-1
2017	1843	1844	1	-1	-1	-1
1792	1958	1957	1	-1	-1	-1
1959	1793	1956	1	-1	-1	-1
1962	1795	1961	0	-1	-1	-1
1796	1963	1961	0	-1	-1	-1
2020	1851	1850	0	-1	-1	-1
1896	1897	1928	1	-1	-1	-1
1960	1797	1965	0	-1	-1	-1
1962	1964	1797	0	-1	-1	-1
1851	2021	1852	0	-1	-1	-1
1797	1964	1965	0	-1	-1	-1
1852	2022	1853	0	-1	-1	-1
1853	2024	1856	0	-1	-1	-1
1967	1800	1966	0	-1	-1	-1
2025	1854	1855	0	-1	-1	-1
1967	1968	1801	0	-1	-1	-1
2026	1857	1854	0	-1	-1	-1
2028	1855	1856	0	-1	-1	-1
1802	1969	1970	0	-1	-1	-1
1971	1969	1803	0	-1	-1	-1
1972	1803	1968	0	-1	-1	-1
1972	1971	1803	0	-1	-1	-1
2031	1860	1857	0	-1	-1	-1
1858	1859	2032	0	-1	-1	-1
1975	1805	1970	0	-1	-1	-1
1973	1974	1804	0	-1	-1	-1
1858	2032	1862	0	-1	-1	-1
1973	1805	1975	0	-1	-1	-1
1861	2033	1859	0	-1	-1	-1
1811	1960	1983	0	-1	-1	-1
1897	1929	1928	1	-1	-1	-1
1976	1806	1974	0	-1	-1	-1
1861	1860	2035	0	-1	-1	-1
1807	1978	1977	0	-1	-1	-1
1979	1978	1808	0	-1	-1	-1
1977	1980	1809	1	-1	-1	-1
1814	1986	1966	1	-1	-1	-1
1866	2038	1865	1	-1	-1	-1
1979	1810	1981	0	-1	-1	-1
1867	2041	1866	1	-1	-1	-1
1982	1981	1811	0	-1	-1	-1
1880	1862	2032	0	-1	-1	-1
1983	1982	1811	0	-1	-1	-1
1985	1813	1980	1	-1	-1	-1
1868	2043	1869	1	-1	-1	-1
1813	1985	1984	1	-1	-1	-1
2044	1871	1869	1	-1	-1	-1
1876	2042	1867	1	-1	-1	-1
1987	1814	1984	1	-1	-1	-1
1868	1875	2043	1	-1	-1	-1
2045	1870	1871	1	-1	-1	-1
2039	1883	1865	1	-1	-1	-1
1814	1987	1986	1	-1	-1	-1
2011	1940	1838	5	-1	-1	-1
1876	1870	2045	1	-1	-1	-1
1872	1873	2047	1	-1	-1	-1
1988	1989	1815	1	-1	-1	-1
2032	1881	1880	0	-1	-1	-1
2048	1874	1872	1	-1	-1	-1
1816	1990	1988	1	-1	-1	-1
1873	1877	2049	1	-1	-1	-1
1875	1874	2051	1	-1	-1	-1
1992	1991	1818	1	-1	-1	-1
2001	1824	1976	0	-1	-1	-1
1992	1818	1993	1	-1	-1	-1
1989	1996	1820	1	-1	-1	-1
1993	1819	1994	1	-1	-1	-1
2054	1877	1878	1	-1	-1	-1
1996	1995	1820	1	-1	-1	-1
2055	1878	1879	0	-1	-1	-1
1994	1821	1997	1	-1	-1	-1
1998	1821	1995	1	-1	-1	-1
1882	2056	1879	0	-1	-1	-1
1999	1997	1821	1	-1	-1	-1
1998	1999	1821	1	-1	-1	-1
1990	1826	2004	1	-1	-1	-1
2057	1882	1881	0	-1	-1	-1
2000	1824	2002	0	-1	-1	-1
2058	1885	1883	1	-1	-1	-1
1824	2001	2002	0	-1	-1	-1
2003	1825	2000	0	-1	-1	-1
1885	2059	1884	1	-1	-1	-1
2005	2004	1827	0	-1	-1	-1
2006	1828	2003	0	-1	-1	-1
1887	2060	1892	1	-1	-1	-1
2005	1828	2006	0	-1	-1	-1
1889	2061	1890	1	-1	-1	-1
2061	1889	1891	1	-1	-1	-1
1830	2008	2007	5	-1	-1	-1
1892	2063	1891	1	-1	-1	-1
1890	2062	1894	1	-1	-1	-1
1831	2007	2009	5	-1	-1	-1
2008	1833	2010	5	-1	-1	-1
1844	1991	2018	1	-1	-1	-1
1895	1893	2066	1	-1	-1	-1
2067	1893	1894	1	-1	-1	-1
2009	2012	1839	5	-1	-1	-1
2013	2011	1839	5	-1	-1	-1
1839	2012	2013	5	-1	-1	-1
1922	2060	1887	1	-1	-1	-1
1841	2015	2014	1	-1	-1	-1
2072	1899	1900	1	-1	-1	-1
2016	2015	1842	1	-1	-1	-1
1845	2019	2010	5	-1	-1	-1
2073	1900	1901	1	-1	-1	-1
1907	2071	1897	1	-1	-1	-1
2016	1843	2017	1	-1	-1	-1
1902	2075	1901	1	-1	-1	-1
1845	2014	2019	5	-1	-1	-1
1844	2018	2017	1	-1	-1	-1
1910	1899	2072	1	-1	-1	-1
1904	1903	2076	1	-1	-1	-1
2076	1903	1905	1	-1	-1	-1
2077	1906	1904	1	-1	-1	-1
1905	1908	2078	4	-1	-1	-1
1851	2020	2021	0	-1	-1	-1
1906	2079	1907	1	-1	-1	-1
2023	1852	2021	0	-1	-1	-1
1897	2071	1929	1	-1	-1	-1
1852	2023	2022	0	-1	-1	-1
1853	2022	2024	0	-1	-1	-1
1909	1910	2080	1	-1	-1	-1
2081	1913	1909	1	-1	-1	-1
1854	2025	2026	0	-1	-1	-1
1911	2083	1912	1	-1	-1	-1
2059	1963	1884	1	-1	-1	-1
2025	1855	2027	0	-1	-1	-1
1983	1960	1965	0	-1	-1	-1
2028	1856	2024	0	-1	-1	-1
1911	1914	2083	1	-1	-1	-1
2028	2027	1855	0	-1	-1	-1
1934	2075	1902	1	-1	-1	-1
2029	1857	2026	0	-1	-1	-1
1927	2078	1908	4	-1	-1	-1
2086	1914	1913	1	-1	-1	-1
1919	1912	2084	1	-1	-1	-1
1857	2029	2030	0	-1	-1	-1
1953	1895	2069	1	-1	-1	-1
1857	2030	2031	0	-1	-1	-1
2088	1917	1915	1	-1	-1	-1
2090	1916	1917	1	-1	-1	-1
1971	1983	1969	0	-1	-1	-1
1915	1920	2088	1	-1	-1	-1
2034	2032	1859	0	-1	-1	-1
2031	2035	1860	0	-1	-1	-1
2034	1859	2033	0	-1	-1	-1
1919	2092	1918	1	-1	-1	-1
1916	2089	1924	1	-1	-1	-1
2037	2033	1861	0	-1	-1	-1
2093	1921	1918	1	-1	-1	-1
1861	2035	2036	0	-1	-1	-1
2036	2037	1861	0	-1	-1	-1
1983	1971	1982	0	-1	-1	-1
1921	2096	1920	1	-1	-1	-1
2039	1865	2038	1	-1	-1	-1
2040	2038	1866	1	-1	-1	-1
1925	2098	1922	1	-1	-1	-1
2099	1923	1924	1	-1	-1	-1
2034	1881	2032	0	-1	-1	-1
2041	2040	1866	1	-1	-1	-1
1923	2100	1925	1	-1	-1	-1
2041	1867	2042	1	-1	-1	-1
1927	1926	2102	4	-1	-1	-1
2044	1869	2043	1	-1	-1	-1
1926	1929	2102	1	-1	-1	-1
2046	1871	2044	1	-1	-1	-1
2046	2045	1871	1	-1	-1	-1
1876	2045	2042	1	-1	-1	-1
2104	1930	1931	5	-1	-1	-1
2104	1932	1930	5	-1	-1	-1
2047	2048	1872	1	-1	-1	-1
1873	2049	2047	1	-1	-1	-1
1875	2052	2043	1	-1	-1	-1
2105	1931	1935	5	-1	-1	-1
1933	1932	2106	1	-1	-1	-1
2034	2057	1881	0	-1	-1	-1
1874	2048	2050	1	-1	-1	-1
1933	2108	1934	1	-1	-1	-1
1874	2050	2051	1	-1	-1	-1
2051	2053	1875	1	-1	-1	-1
1875	2053	2052	1	-1	-1	-1
2054	2049	1877	1	-1	-1	-1
2039	2058	1883	1	-1	-1	-1
2110	1935	1936	5	-1	-1	-1
1937	2112	1936	5	-1	-1	-1
2054	1878	2055	1	-1	-1	-1
2055	1879	2056	0	-1	-1	-1
2116	1939	1938	5	-1	-1	-1
1940	2116	1938	5	-1	-1	-1
1882	2057	2056	0	-1	-1	-1
1944	2115	1937	5	-1	-1	-1
1943	1939	2117	1	-1	-1	-1
1885	2058	2059	1	-1	-1	-1
2119	1941	1942	1	-1	-1	-1
2119	1945	1941	1	-1	-1	-1
1943	2121	1942	1	-1	-1	-1
2061	2062	1890	1	-1	-1	-1
1945	2124	1944	5	-1	-1	-1
2061	1891	2064	1	-1	-1	-1
1892	2060	2065	1	-1	-1	-1
1891	2063	2064	1	-1	-1	-1
2126	1947	1946	1	-1	-1	-1
2065	2063	1892	1	-1	-1	-1
2127	1946	1948	1	-1	-1	-1
1894	2062	2068	1	-1	-1	-1
2128	1950	1947	1	-1	-1	-1
1951	2127	1948	1	-1	-1	-1
1893	2067	2066	1	-1	-1	-1
1950	2129	1949	1	-1	-1	-1
2068	2067	1894	1	-1	-1	-1
1895	2066	2070	1	-1	-1	-1
1951	1952	2131	1	-1	-1	-1
2070	2069	1895	1	-1	-1	-1
1958	1949	2129	1	-1	-1	-1
1954	2131	1952	1	-1	-1	-1
1954	1953	2132	1	-1	-1	-1
2133	1956	1955	1	-1	-1	-1
2073	2072	1900	1	-1	-1	-1
2133	1955	1957	1	-1	-1	-1
2073	1901	2074	1	-1	-1	-1
2134	1959	1956	1	-1	-1	-1
1901	2075	2074	1	-1	-1	-1
2136	1957	1958	1	-1	-1	-1
1907	2079	2071	1	-1	-1	-1
2077	1904	2076	1	-1	-1	-1
2078	2076	1905	4	-1	-1	-1
1906	2077	2079	1	-1	-1	-1
2140	1962	1961	0	-1	-1	-1
2082	1910	2072	1	-1	-1	-1
1963	2141	1961	0	-1	-1	-1
1964	1962	2143	0	-1	-1	-1
1940	2011	2118	5	-1	-1	-1
1909	2080	2081	1	-1	-1	-1
1910	2082	2080	1	-1	-1	-1
1965	1964	2145	0	-1	-1	-1
2081	2085	1913	1	-1	-1	-1
2083	2084	1912	1	-1	-1	-1
2098	2060	1922	1	-1	-1	-1
1966	2148	1967	0	-1	-1	-1
1967	2148	1968	0	-1	-1	-1
1913	2085	2086	1	-1	-1	-1
2087	2083	1914	1	-1	-1	-1
2146	1970	1969	0	-1	-1	-1
1914	2086	2087	1	-1	-1	-1
1968	2149	1972	0	-1	-1	-1
2146	1983	1965	0	-1	-1	-1
1972	2152	1971	0	-1	-1	-1
2090	2089	1916	1	-1	-1	-1
1970	2151	1975	0	-1	-1	-1
2088	2091	1917	1	-1	-1	-1
1917	2091	2090	1	-1	-1	-1
1919	2084	2095	1	-1	-1	-1
1969	1983	2146	0	-1	-1	-1
1986	2148	1966	0	-1	-1	-1
2154	1974	1973	0	-1	-1	-1
2154	1973	1975	0	-1	-1	-1
2103	1929	2071	1	-1	-1	-1
1918	2092	2093	1	-1	-1	-1
2096	2088	1920	1	-1	-1	-1
2155	1976	1974	0	-1	-1	-1
1919	2094	2092	1	-1	-1	-1
2152	1982	1971	0	-1	-1	-1
2102	2078	1927	4	-1	-1	-1
1919	2095	2094	1	-1	-1	-1
1921	2093	2097	1	-1	-1	-1
1977	1978	2159	0	-1	-1	-1
2123	1994	1997	1	-1	-1	-1
2097	2096	1921	1	-1	-1	-1
1924	2089	2101	1	-1	-1	-1
1980	1977	2158	1	-1	-1	-1
1979	2160	1978	0	-1	-1	-1
1934	2108	2075	1	-1	-1	-1
1981	2161	1979	0	-1	-1	-1
2100	1923	2099	1	-1	-1	-1
2098	1925	2100	1	-1	-1	-1
1985	1980	2158	1	-1	-1	-1
1924	2101	2099	1	-1	-1	-1
2161	1981	1982	0	-1	-1	-1
2163	1984	1985	1	-1	-1	-1
1976	2157	2001	0	-1	-1	-1
1987	1984	2163	1	-1	-1	-1
2102	1929	2103	1	-1	-1	-1
2166	1986	1987	1	-1	-1	-1
1931	2105	2104	5	-1	-1	-1
2013	2118	2011	5	-1	-1	-1
1932	2104	2107	5	-1	-1	-1
2106	1932	2107	5	-1	-1	-1
2169	1989	1988	1	-1	-1	-1
2168	1988	1990	1	-1	-1	-1
2106	2108	1933	1	-1	-1	-1
2111	2105	1935	5	-1	-1	-1
1953	2069	2132	1	-1	-1	-1
2110	2109	1935	5	-1	-1	-1
1996	1989	2170	1	-1	-1	-1
2172	1991	1992	1	-1	-1	-1
1935	2109	2111	5	-1	-1	-1
2173	1992	1993	1	-1	-1	-1
2113	2110	1936	5	-1	-1	-1
2174	1993	1994	1	-1	-1	-1
2112	2113	1936	5	-1	-1	-1
2112	1937	2114	5	-1	-1	-1
2171	1990	2004	1	-1	-1	-1
2144	1963	2059	1	-1	-1	-1
1937	2115	2114	5	-1	-1	-1
1996	2177	1995	1	-1	-1	-1
1995	2176	1998	1	-1	-1	-1
2116	2117	1939	1	-1	-1	-1
1940	2118	2116	5	-1	-1	-1
1999	2179	1997	1	-1	-1	-1
1999	1998	2180	1	-1	-1	-1
2119	1942	2120	1	-1	-1	-1
1991	2172	2018	1	-1	-1	-1
2124	2115	1944	5	-1	-1	-1
2117	2123	1943	1	-1	-1	-1
2121	2120	1942	1	-1	-1	-1
2121	1943	2122	1	-1	-1	-1
2184	2000	2002	0	-1	-1	-1
2184	2003	2000	0	-1	-1	-1
2123	2122	1943	1	-1	-1	-1
2185	2002	2001	0	-1	-1	-1
2125	1945	2119	1	-1	-1	-1
1945	2125	2124	1	-1	-1	-1
2187	2006	2003	0	-1	-1	-1
2173	2013	2012	1	-1	-1	-1
2188	2004	2005	0	-1	-1	-1
2126	1946	2127	1	-1	-1	-1
2005	2006	2189	0	-1	-1	-1
2126	2128	1947	1	-1	-1	-1
2008	2191	2007	5	-1	-1	-1
1950	2128	2129	1	-1	-1	-1
2007	2191	2009	5	-1	-1	-1
2130	2127	1951	1	-1	-1	-1
2010	2192	2008	5	-1	-1	-1
1951	2131	2130	1	-1	-1	-1
2009	2193	2012	5	-1	-1	-1
2131	1954	2132	1	-1	-1	-1
2019	2192	2010	5	-1	-1	-1
2014	2015	2194	5	-1	-1	-1
2133	2135	1956	1	-1	-1	-1
2134	1956	2135	1	-1	-1	-1
2129	2138	1958	1	-1	-1	-1
2194	2015	2016	1	-1	-1	-1
2136	2133	1957	1	-1	-1	-1
2194	2019	2014	5	-1	-1	-1
2195	2016	2017	1	-1	-1	-1
2018	2195	2017	1	-1	-1	-1
1958	2137	2136	1	-1	-1	-1
2139	1959	2134	1	-1	-1	-1
2138	2137	1958	1	-1	-1	-1
2198	2021	2020	0	-1	-1	-1
1961	2141	2140	0	-1	-1	-1
2023	2021	2199	0	-1	-1	-1
2142	1962	2140	0	-1	-1	-1
2022	2023	2200	0	-1	-1	-1
2022	2200	2024	0	-1	-1	-1
1962	2142	2143	0	-1	-1	-1
2144	2141	1963	1	-1	-1	-1
1964	2143	2145	0	-1	-1	-1
2071	2079	2103	1	-1	-1	-1
2024	2202	2028	0	-1	-1	-1
2145	2147	1965	0	-1	-1	-1
2147	2146	1965	0	-1	-1	-1
2204	2027	2028	0	-1	-1	-1
2205	2030	2029	0	-1	-1	-1
1968	2148	2149	0	-1	-1	-1
2146	2150	1970	0	-1	-1	-1
2030	2206	2031	0	-1	-1	-1
1970	2150	2151	0	-1	-1	-1
2031	2207	2035	0	-1	-1	-1
2153	1972	2149	0	-1	-1	-1
2210	2034	2033	0	-1	-1	-1
2153	2152	1972	0	-1	-1	-1
2037	2209	2033	0	-1	-1	-1
2086	2085	2109	5	-1	-1	-1
2151	2156	1975	0	-1	-1	-1
2212	2036	2035	0	-1	-1	-1
2110	2087	2086	5	-1	-1	-1
2154	2155	1974	0	-1	-1	-1
1975	2156	2154	0	-1	-1	-1
2213	2037	2036	0	-1	-1	-1
2155	2157	1976	0	-1	-1	-1
2175	1994	2123	1	-1	-1	-1
2216	2039	2038	1	-1	-1	-1
2159	2158	1977	0	-1	-1	-1
2038	2040	2216	1	-1	-1	-1
2152	2162	1982	0	-1	-1	-1
2159	1978	2160	0	-1	-1	-1
1997	2179	2123	1	-1	-1	-1
2165	2148	1986	0	-1	-1	-1
2041	2219	2040	1	-1	-1	-1
2161	2160	1979	0	-1	-1	-1
2211	2057	2034	0	-1	-1	-1
2041	2042	2221	1	-1	-1	-1
2118	2013	2174	1	-1	-1	-1
2111	2109	2085	5	-1	-1	-1
2109	2110	2086	5	-1	-1	-1
2162	2161	1982	0	-1	-1	-1
2048	2208	2050	1	-1	-1	-1
2158	2164	1985	1	-1	-1	-1
2045	2221	2042	1	-1	-1	-1
2223	2044	2043	1	-1	-1	-1
2113	2087	2110	5	-1	-1	-1
2164	2163	1985	1	-1	-1	-1
2221	2045	2046	1	-1	-1	-1
2058	2039	2217	1	-1	-1	-1
2046	2044	2225	1	-1	-1	-1
2165	1986	2166	0	-1	-1	-1
2163	2167	1987	1	-1	-1	-1
2052	2223	2043	1	-1	-1	-1
2167	2166	1987	1	-1	-1	-1
2226	2048	2047	1	-1	-1	-1
2047	2049	2226	1	-1	-1	-1
1988	2168	2169	1	-1	-1	-1
2170	1989	2169	1	-1	-1	-1
2051	2050	2228	1	-1	-1	-1
2168	1990	2171	1	-1	-1	-1
2049	2054	2227	1	-1	-1	-1
2053	2051	2230	1	-1	-1	-1
2231	2052	2053	1	-1	-1	-1
1992	2173	2172	1	-1	-1	-1
2173	1993	2174	1	-1	-1	-1
2055	2233	2054	1	-1	-1	-1
2175	2174	1994	1	-1	-1	-1
2001	2157	2185	0	-1	-1	-1
1996	2170	2178	1	-1	-1	-1
2056	2234	2055	0	-1	-1	-1
2235	2056	2057	0	-1	-1	-1
2177	2176	1995	1	-1	-1	-1
2177	1996	2178	1	-1	-1	-1
2059	2058	2236	1	-1	-1	-1
2181	1998	2176	1	-1	-1	-1
2180	1998	2181	1	-1	-1	-1
2174	2013	2173	1	-1	-1	-1
2182	2179	1999	1	-1	-1	-1
2062	2061	2239	1	-1	-1	-1
1999	2180	2183	1	-1	-1	-1
2004	2188	2171	0	-1	-1	-1
2238	2065	2060	1	-1	-1	-1
2125	2119	2120	1	-1	-1	-1
2239	2061	2064	1	-1	-1	-1
2183	2182	1999	1	-1	-1	-1
2063	2241	2064	1	-1	-1	-1
2068	2062	2240	1	-1	-1	-1
2242	2063	2065	1	-1	-1	-1
2186	2184	2002	0	-1	-1	-1
2186	2002	2185	0	-1	-1	-1
2187	2003	2184	0	-1	-1	-1
2193	2173	2012	1	-1	-1	-1
2245	2066	2067	1	-1	-1	-1
2246	2067	2068	1	-1	-1	-1
2070	2066	2245	1	-1	-1	-1
2188	2005	2189	0	-1	-1	-1
2006	2187	2190	0	-1	-1	-1
2189	2006	2190	0	-1	-1	-1
2197	2018	2172	1	-1	-1	-1
2069	2070	2248	1	-1	-1	-1
2008	2192	2191	5	-1	-1	-1
2193	2009	2191	5	-1	-1	-1
2060	2098	2238	1	-1	-1	-1
2073	2251	2072	1	-1	-1	-1
2073	2074	2252	1	-1	-1	-1
2254	2074	2075	1	-1	-1	-1
2133	2136	2135	1	-1	-1	-1
2016	2195	2194	1	-1	-1	-1
2082	2072	2251	1	-1	-1	-1
2019	2196	2192	5	-1	-1	-1
2117	2116	2175	1	-1	-1	-1
2076	2256	2077	4	-1	-1	-1
2196	2019	2194	5	-1	-1	-1
2196	2195	2018	1	-1	-1	-1
2175	2116	2118	1	-1	-1	-1
2078	2256	2076	4	-1	-1	-1
2196	2018	2197	1	-1	-1	-1
2077	2256	2079	1	-1	-1	-1
2175	2123	2117	1	-1	-1	-1
2198	2199	2021	0	-1	-1	-1
2081	2080	2257	1	-1	-1	-1
2257	2080	2082	1	-1	-1	-1
2201	2023	2199	0	-1	-1	-1
2085	2081	2258	1	-1	-1	-1
2123	2179	2122	1	-1	-1	-1
2201	2200	2023	0	-1	-1	-1
2203	2024	2200	0	-1	-1	-1
2084	2083	2261	1	-1	-1	-1
2202	2024	2203	0	-1	-1	-1
2083	2087	2261	1	-1	-1	-1
2204	2028	2202	0	-1	-1	-1
2256	2078	2102	4	-1	-1	-1
2108	2254	2075	1	-1	-1	-1
2079	2256	2103	1	-1	-1	-1
2059	2237	2144	1	-1	-1	-1
2095	2084	2262	1	-1	-1	-1
2030	2205	2206	0	-1	-1	-1
2091	2088	2264	1	-1	-1	-1
2090	2265	2089	1	-1	-1	-1
2031	2206	2208	0	-1	-1	-1
2207	2031	2208	0	-1	-1	-1
2088	2096	2263	1	-1	-1	-1
2267	2090	2091	1	-1	-1	-1
2248	2132	2069	1	-1	-1	-1
2209	2210	2033	0	-1	-1	-1
2111	2085	2258	5	-1	-1	-1
2207	2212	2035	0	-1	-1	-1
2089	2265	2101	1	-1	-1	-1
2034	2210	2211	0	-1	-1	-1
2097	2263	2096	1	-1	-1	-1
2271	2092	2094	1	-1	-1	-1
2093	2092	2272	1	-1	-1	-1
2037	2215	2209	0	-1	-1	-1
2256	2102	2103	1	-1	-1	-1
2113	2261	2087	5	-1	-1	-1
2212	2214	2036	0	-1	-1	-1
2148	2165	2149	0	-1	-1	-1
2097	2093	2273	1	-1	-1	-1
2094	2095	2274	1	-1	-1	-1
2208	2048	2207	1	-1	-1	-1
2214	2213	2036	0	-1	-1	-1
2037	2213	2215	0	-1	-1	-1
2153	2162	2152	0	-1	-1	-1
2175	2118	2174	1	-1	-1	-1
2218	2039	2216	1	-1	-1	-1
2218	2217	2039	1	-1	-1	-1
2220	2216	2040	1	-1	-1	-1
2098	2100	2280	1	-1	-1	-1
2040	2219	2220	1	-1	-1	-1
2099	2281	2100	1	-1	-1	-1
2048	2226	2207	1	-1	-1	-1
2282	2099	2101	1	-1	-1	-1
2219	2041	2222	1	-1	-1	-1
2041	2221	2222	1	-1	-1	-1
2208	2228	2050	1	-1	-1	-1
2046	2222	2221	1	-1	-1	-1
2223	2224	2044	1	-1	-1	-1
2222	2046	2225	1	-1	-1	-1
2044	2224	2225	1	-1	-1	-1
2105	2285	2104	5	-1	-1	-1
2285	2107	2104	5	-1	-1	-1
2287	2108	2106	1	-1	-1	-1
2107	2288	2106	5	-1	-1	-1
2286	2105	2111	5	-1	-1	-1
2049	2227	2226	1	-1	-1	-1
2235	2057	2211	0	-1	-1	-1
2052	2231	2223	1	-1	-1	-1
2051	2228	2229	1	-1	-1	-1
2229	2230	2051	1	-1	-1	-1
2058	2217	2236	1	-1	-1	-1
2233	2227	2054	1	-1	-1	-1
2230	2232	2053	1	-1	-1	-1
2053	2232	2231	1	-1	-1	-1
2113	2112	2292	5	-1	-1	-1
2114	2292	2112	5	-1	-1	-1
2234	2233	2055	1	-1	-1	-1
2294	2114	2115	5	-1	-1	-1
2056	2235	2234	0	-1	-1	-1
2059	2236	2237	1	-1	-1	-1
2296	2115	2124	5	-1	-1	-1
2193	2172	2173	1	-1	-1	-1
2121	2299	2120	1	-1	-1	-1
2062	2239	2240	1	-1	-1	-1
2121	2122	2300	1	-1	-1	-1
2298	2125	2120	1	-1	-1	-1
2238	2242	2065	1	-1	-1	-1
2064	2243	2239	1	-1	-1	-1
2241	2063	2242	1	-1	-1	-1
2244	2064	2241	1	-1	-1	-1
2243	2064	2244	1	-1	-1	-1
2303	2124	2125	1	-1	-1	-1
2068	2240	2247	1	-1	-1	-1
2187	2184	2186	0	-1	-1	-1
2305	2126	2127	1	-1	-1	-1
2128	2126	2304	1	-1	-1	-1
2246	2245	2067	1	-1	-1	-1
2246	2068	2247	1	-1	-1	-1
2193	2197	2172	1	-1	-1	-1
2306	2127	2130	1	-1	-1	-1
2129	2128	2307	1	-1	-1	-1
2070	2245	2250	1	-1	-1	-1
2248	2070	2249	1	-1	-1	-1
2070	2250	2249	1	-1	-1	-1
2131	2309	2130	1	-1	-1	-1
2310	2131	2132	1	-1	-1	-1
2138	2129	2307	1	-1	-1	-1
2251	2073	2253	1	-1	-1	-1
2252	2253	2073	1	-1	-1	-1
2311	2134	2135	1	-1	-1	-1
2191	2192	2197	5	-1	-1	-1
2197	2193	2191	5	-1	-1	-1
2255	2252	2074	1	-1	-1	-1
2312	2135	2136	1	-1	-1	-1
2255	2074	2254	1	-1	-1	-1
2134	2311	2139	1	-1	-1	-1
2196	2197	2192	5	-1	-1	-1
2136	2137	2312	1	-1	-1	-1
2194	2195	2196	1	-1	-1	-1
2313	2137	2138	1	-1	-1	-1
2260	2082	2251	1	-1	-1	-1
2257	2259	2081	1	-1	-1	-1
2259	2258	2081	1	-1	-1	-1
2141	2317	2140	0	-1	-1	-1
2142	2140	2317	0	-1	-1	-1
2260	2257	2082	1	-1	-1	-1
2302	2122	2179	1	-1	-1	-1
2318	2141	2144	1	-1	-1	-1
2143	2142	2319	0	-1	-1	-1
2261	2262	2084	1	-1	-1	-1
2143	2323	2145	0	-1	-1	-1
2088	2263	2264	1	-1	-1	-1
2238	2098	2279	1	-1	-1	-1
2324	2147	2145	0	-1	-1	-1
2147	2325	2146	0	-1	-1	-1
2150	2146	2325	0	-1	-1	-1
2090	2268	2265	1	-1	-1	-1
2266	2090	2267	1	-1	-1	-1
2269	2091	2264	1	-1	-1	-1
2090	2266	2268	1	-1	-1	-1
2270	2267	2091	1	-1	-1	-1
2153	2149	2328	0	-1	-1	-1
2269	2270	2091	1	-1	-1	-1
2329	2151	2150	0	-1	-1	-1
2095	2262	2275	1	-1	-1	-1
2092	2271	2272	1	-1	-1	-1
2151	2330	2156	0	-1	-1	-1
2263	2097	2277	1	-1	-1	-1
2093	2272	2273	1	-1	-1	-1
2271	2094	2274	1	-1	-1	-1
2149	2165	2328	0	-1	-1	-1
2155	2154	2334	0	-1	-1	-1
2276	2274	2095	1	-1	-1	-1
2154	2156	2335	0	-1	-1	-1
2226	2212	2207	1	-1	-1	-1
2276	2095	2275	1	-1	-1	-1
2332	2162	2153	0	-1	-1	-1
2155	2336	2157	0	-1	-1	-1
2273	2278	2097	1	-1	-1	-1
2284	2101	2265	1	-1	-1	-1
2097	2278	2277	1	-1	-1	-1
2290	2254	2108	1	-1	-1	-1
2280	2279	2098	1	-1	-1	-1
2159	2340	2158	0	-1	-1	-1
2328	2165	2166	0	-1	-1	-1
2160	2341	2159	0	-1	-1	-1
2111	2258	2291	5	-1	-1	-1
2281	2280	2100	1	-1	-1	-1
2341	2160	2161	0	-1	-1	-1
2099	2282	2281	1	-1	-1	-1
2164	2158	2340	0	-1	-1	-1
2179	2182	2302	1	-1	-1	-1
2341	2161	2162	0	-1	-1	-1
2101	2283	2282	1	-1	-1	-1
2113	2293	2261	5	-1	-1	-1
2101	2284	2283	1	-1	-1	-1
2342	2163	2164	1	-1	-1	-1
2342	2167	2163	1	-1	-1	-1
2286	2285	2105	5	-1	-1	-1
2166	2167	2344	1	-1	-1	-1
2338	2185	2157	0	-1	-1	-1
2289	2107	2285	5	-1	-1	-1
2287	2106	2288	5	-1	-1	-1
2169	2168	2345	1	-1	-1	-1
2289	2288	2107	5	-1	-1	-1
2168	2171	2345	1	-1	-1	-1
2287	2290	2108	1	-1	-1	-1
2169	2346	2170	1	-1	-1	-1
2111	2291	2286	5	-1	-1	-1
2132	2248	2310	1	-1	-1	-1
2347	2178	2170	1	-1	-1	-1
2292	2293	2113	5	-1	-1	-1
2237	2318	2144	1	-1	-1	-1
2295	2292	2114	5	-1	-1	-1
2177	2349	2176	1	-1	-1	-1
2294	2295	2114	5	-1	-1	-1
2296	2294	2115	5	-1	-1	-1
2350	2177	2178	1	-1	-1	-1
2176	2349	2181	1	-1	-1	-1
2171	2188	2348	0	-1	-1	-1
2338	2186	2185	0	-1	-1	-1
2181	2351	2180	0	-1	-1	-1
2298	2120	2297	1	-1	-1	-1
2183	2180	2352	0	-1	-1	-1
2299	2297	2120	1	-1	-1	-1
2182	2183	2354	1	-1	-1	-1
2121	2301	2299	1	-1	-1	-1
2300	2301	2121	1	-1	-1	-1
2303	2296	2124	1	-1	-1	-1
2300	2122	2302	1	-1	-1	-1
2125	2298	2303	1	-1	-1	-1
2244	2241	2242	1	-1	-1	-1
2186	2357	2187	0	-1	-1	-1
2190	2353	2189	0	-1	-1	-1
2190	2187	2357	0	-1	-1	-1
2305	2304	2126	1	-1	-1	-1
2189	2358	2188	0	-1	-1	-1
2306	2305	2127	1	-1	-1	-1
2307	2128	2304	1	-1	-1	-1
2130	2308	2306	1	-1	-1	-1
2308	2130	2309	1	-1	-1	-1
2131	2310	2309	1	-1	-1	-1
2360	2199	2198	0	-1	-1	-1
2312	2311	2135	1	-1	-1	-1
2314	2138	2307	1	-1	-1	-1
2201	2199	2360	0	-1	-1	-1
2201	2361	2200	0	-1	-1	-1
2313	2312	2137	1	-1	-1	-1
2362	2203	2200	0	-1	-1	-1
2311	2316	2139	1	-1	-1	-1
2313	2138	2315	1	-1	-1	-1
2138	2314	2315	1	-1	-1	-1
2203	2364	2202	0	-1	-1	-1
2204	2202	2364	0	-1	-1	-1
2318	2317	2141	1	-1	-1	-1
2205	2367	2206	0	-1	-1	-1
2321	2142	2317	0	-1	-1	-1
2320	2319	2142	0	-1	-1	-1
2206	2368	2208	0	-1	-1	-1
2320	2142	2321	0	-1	-1	-1
2322	2143	2319	0	-1	-1	-1
2323	2143	2322	0	-1	-1	-1
2210	2209	2370	0	-1	-1	-1
2145	2323	2324	0	-1	-1	-1
2211	2210	2371	0	-1	-1	-1
2215	2369	2209	0	-1	-1	-1
2147	2324	2326	0	-1	-1	-1
2290	2255	2254	1	-1	-1	-1
2212	2373	2214	1	-1	-1	-1
2327	2325	2147	0	-1	-1	-1
2147	2326	2327	0	-1	-1	-1
2213	2214	2374	0	-1	-1	-1
2374	2215	2213	0	-1	-1	-1
2208	2368	2228	1	-1	-1	-1
2150	2325	2329	0	-1	-1	-1
2258	2259	2291	5	-1	-1	-1
2151	2329	2331	0	-1	-1	-1
2373	2212	2226	1	-1	-1	-1
2377	2218	2216	1	-1	-1	-1
2151	2331	2330	0	-1	-1	-1
2220	2378	2216	1	-1	-1	-1
2328	2333	2153	0	-1	-1	-1
2217	2218	2379	1	-1	-1	-1
2261	2293	2262	5	-1	-1	-1
2284	2265	2268	1	-1	-1	-1
2332	2153	2333	0	-1	-1	-1
2235	2211	2372	0	-1	-1	-1
2219	2382	2220	1	-1	-1	-1
2156	2330	2335	0	-1	-1	-1
2334	2154	2335	0	-1	-1	-1
2219	2222	2382	1	-1	-1	-1
2373	2226	2227	1	-1	-1	-1
2155	2334	2337	0	-1	-1	-1
2337	2336	2155	0	-1	-1	-1
2222	2225	2382	1	-1	-1	-1
2336	2339	2157	0	-1	-1	-1
2223	2385	2224	1	-1	-1	-1
2217	2380	2236	1	-1	-1	-1
2338	2157	2339	0	-1	-1	-1
2224	2386	2225	1	-1	-1	-1
2341	2162	2332	0	-1	-1	-1
2182	2354	2302	1	-1	-1	-1
2344	2328	2166	0	-1	-1	-1
2385	2223	2231	1	-1	-1	-1
2159	2341	2340	0	-1	-1	-1
2228	2388	2229	1	-1	-1	-1
2233	2387	2227	1	-1	-1	-1
2164	2340	2343	0	-1	-1	-1
2389	2230	2229	1	-1	-1	-1
2342	2164	2343	0	-1	-1	-1
2230	2390	2232	1	-1	-1	-1
2342	2344	2167	1	-1	-1	-1
2232	2392	2231	1	-1	-1	-1
2286	2289	2285	5	-1	-1	-1
2345	2346	2169	1	-1	-1	-1
2395	2233	2234	1	-1	-1	-1
2346	2347	2170	1	-1	-1	-1
2345	2171	2348	0	-1	-1	-1
2234	2235	2396	0	-1	-1	-1
2236	2397	2237	1	-1	-1	-1
2347	2350	2178	1	-1	-1	-1
2350	2349	2177	1	-1	-1	-1
2242	2238	2400	1	-1	-1	-1
2356	2186	2338	0	-1	-1	-1
2402	2240	2239	1	-1	-1	-1
2351	2352	2180	0	-1	-1	-1
2353	2181	2349	0	-1	-1	-1
2239	2243	2402	1	-1	-1	-1
2181	2353	2351	0	-1	-1	-1
2402	2247	2240	1	-1	-1	-1
2244	2242	2403	1	-1	-1	-1
2355	2183	2352	0	-1	-1	-1
2183	2355	2354	0	-1	-1	-1
2244	2405	2243	1	-1	-1	-1
2358	2348	2188	0	-1	-1	-1
2190	2351	2353	0	-1	-1	-1
2407	2245	2246	1	-1	-1	-1
2351	2190	2357	0	-1	-1	-1
2356	2357	2186	0	-1	-1	-1
2407	2246	2247	1	-1	-1	-1
2189	2353	2359	0	-1	-1	-1
2245	2408	2250	1	-1	-1	-1
2189	2359	2358	0	-1	-1	-1
2249	2410	2248	1	-1	-1	-1
2250	2411	2249	1	-1	-1	-1
2251	2253	2413	1	-1	-1	-1
2238	2279	2401	1	-1	-1	-1
2252	2414	2253	1	-1	-1	-1
2252	2255	2414	1	-1	-1	-1
2200	2361	2362	0	-1	-1	-1
2360	2363	2201	0	-1	-1	-1
2251	2413	2260	1	-1	-1	-1
2361	2201	2363	0	-1	-1	-1
2365	2203	2362	0	-1	-1	-1
2203	2365	2364	0	-1	-1	-1
2259	2257	2417	1	-1	-1	-1
2260	2417	2257	1	-1	-1	-1
2366	2367	2205	0	-1	-1	-1
2367	2368	2206	0	-1	-1	-1
2421	2264	2263	1	-1	-1	-1
2209	2369	2370	0	-1	-1	-1
2370	2371	2210	0	-1	-1	-1
2371	2372	2211	0	-1	-1	-1
2237	2399	2318	1	-1	-1	-1
2269	2264	2422	1	-1	-1	-1
2267	2423	2266	1	-1	-1	-1
2262	2420	2275	5	-1	-1	-1
2268	2266	2425	1	-1	-1	-1
2376	2369	2215	0	-1	-1	-1
2255	2290	2416	1	-1	-1	-1
2263	2277	2421	1	-1	-1	-1
2375	2214	2373	1	-1	-1	-1
2214	2375	2374	1	-1	-1	-1
2267	2270	2426	1	-1	-1	-1
2376	2215	2374	0	-1	-1	-1
2428	2270	2269	1	-1	-1	-1
2291	2259	2418	5	-1	-1	-1
2310	2248	2410	1	-1	-1	-1
2216	2378	2377	1	-1	-1	-1
2262	2293	2420	5	-1	-1	-1
2432	2272	2271	1	-1	-1	-1
2217	2379	2380	1	-1	-1	-1
2218	2377	2381	1	-1	-1	-1
2274	2431	2271	1	-1	-1	-1
2381	2379	2218	1	-1	-1	-1
2284	2268	2427	1	-1	-1	-1
2272	2434	2273	1	-1	-1	-1
2384	2378	2220	1	-1	-1	-1
2228	2368	2388	1	-1	-1	-1
2382	2383	2220	1	-1	-1	-1
2273	2434	2278	1	-1	-1	-1
2435	2274	2276	1	-1	-1	-1
2384	2220	2383	1	-1	-1	-1
2387	2373	2227	1	-1	-1	-1
2436	2276	2275	5	-1	-1	-1
2422	2297	2269	1	-1	-1	-1
2382	2225	2386	1	-1	-1	-1
2277	2278	2438	1	-1	-1	-1
2290	2287	2416	1	-1	-1	-1
2289	2286	2418	5	-1	-1	-1
2297	2428	2269	1	-1	-1	-1
2224	2385	2386	1	-1	-1	-1
2291	2418	2286	5	-1	-1	-1
2279	2280	2440	1	-1	-1	-1
2396	2235	2372	0	-1	-1	-1
2280	2281	2442	1	-1	-1	-1
2333	2328	2344	0	-1	-1	-1
2442	2281	2282	1	-1	-1	-1
2420	2293	2292	5	-1	-1	-1
2389	2229	2388	1	-1	-1	-1
2420	2292	2295	5	-1	-1	-1
2333	2343	2332	0	-1	-1	-1
2443	2282	2283	1	-1	-1	-1
2231	2393	2385	1	-1	-1	-1
2391	2230	2389	1	-1	-1	-1
2284	2443	2283	1	-1	-1	-1
2391	2390	2230	1	-1	-1	-1
2340	2341	2332	0	-1	-1	-1
2398	2236	2380	1	-1	-1	-1
2395	2387	2233	1	-1	-1	-1
2332	2343	2340	0	-1	-1	-1
2393	2231	2392	1	-1	-1	-1
2390	2394	2232	1	-1	-1	-1
2297	2422	2298	1	-1	-1	-1
2392	2232	2394	1	-1	-1	-1
2333	2342	2343	0	-1	-1	-1
2344	2342	2333	0	-1	-1	-1
2446	2287	2288	5	-1	-1	-1
2299	2428	2297	1	-1	-1	-1
2447	2288	2289	5	-1	-1	-1
2395	2234	2396	1	-1	-1	-1
2398	2397	2236	1	-1	-1	-1
2339	2355	2338	0	-1	-1	-1
2237	2397	2399	1	-1	-1	-1
2294	2449	2295	5	-1	-1	-1
2296	2448	2294	5	-1	-1	-1
2401	2400	2238	1	-1	-1	-1
2403	2242	2400	1	-1	-1	-1
2243	2404	2402	1	-1	-1	-1
2356	2338	2355	0	-1	-1	-1
2296	2303	2452	1	-1	-1	-1
2404	2243	2405	1	-1	-1	-1
2244	2403	2406	1	-1	-1	-1
2406	2405	2244	1	-1	-1	-1
2298	2454	2303	1	-1	-1	-1
2456	2299	2301	1	-1	-1	-1
2247	2402	2409	1	-1	-1	-1
2350	2359	2349	0	-1	-1	-1
2457	2300	2302	1	-1	-1	-1
2300	2458	2301	1	-1	-1	-1
2245	2407	2408	1	-1	-1	-1
2351	2357	2352	0	-1	-1	-1
2349	2359	2353	0	-1	-1	-1
2355	2352	2356	0	-1	-1	-1
2409	2407	2247	1	-1	-1	-1
2357	2356	2352	0	-1	-1	-1
2305	2461	2304	1	-1	-1	-1
2410	2249	2411	1	-1	-1	-1
2250	2408	2412	1	-1	-1	-1
2460	2307	2304	1	-1	-1	-1
2306	2462	2305	1	-1	-1	-1
2411	2250	2412	1	-1	-1	-1
2306	2308	2462	1	-1	-1	-1
2463	2308	2309	1	-1	-1	-1
2307	2460	2314	1	-1	-1	-1
2415	2413	2253	1	-1	-1	-1
2253	2414	2415	1	-1	-1	-1
2465	2309	2310	1	-1	-1	-1
2416	2414	2255	1	-1	-1	-1
2311	2312	2467	1	-1	-1	-1
2312	2313	2467	1	-1	-1	-1
2419	2260	2413	1	-1	-1	-1
2311	2466	2316	1	-1	-1	-1
2418	2259	2417	5	-1	-1	-1
2313	2315	2468	1	-1	-1	-1
2417	2260	2419	1	-1	-1	-1
2470	2315	2314	1	-1	-1	-1
2422	2264	2421	1	-1	-1	-1
2317	2318	2474	1	-1	-1	-1
2474	2321	2317	1	-1	-1	-1
2266	2423	2424	1	-1	-1	-1
2457	2302	2354	1	-1	-1	-1
2320	2475	2319	0	-1	-1	-1
2425	2266	2424	1	-1	-1	-1
2322	2319	2475	0	-1	-1	-1
2267	2426	2423	1	-1	-1	-1
2321	2477	2320	0	-1	-1	-1
2268	2425	2427	1	-1	-1	-1
2441	2401	2279	1	-1	-1	-1
2323	2322	2480	0	-1	-1	-1
2430	2426	2270	1	-1	-1	-1
2428	2429	2270	1	-1	-1	-1
2429	2430	2270	1	-1	-1	-1
2482	2324	2323	0	-1	-1	-1
2436	2275	2420	5	-1	-1	-1
2324	2482	2326	0	-1	-1	-1
2271	2431	2432	1	-1	-1	-1
2325	2327	2483	0	-1	-1	-1
2375	2373	2387	1	-1	-1	-1
2277	2438	2421	1	-1	-1	-1
2432	2433	2272	1	-1	-1	-1
2485	2327	2326	0	-1	-1	-1
2329	2325	2484	0	-1	-1	-1
2433	2434	2272	1	-1	-1	-1
2435	2431	2274	1	-1	-1	-1
2331	2329	2487	0	-1	-1	-1
2276	2437	2435	5	-1	-1	-1
2330	2331	2488	0	-1	-1	-1
2287	2446	2416	5	-1	-1	-1
2276	2436	2437	5	-1	-1	-1
2439	2278	2434	1	-1	-1	-1
2489	2335	2330	0	-1	-1	-1
2289	2418	2447	5	-1	-1	-1
2439	2438	2278	1	-1	-1	-1
2444	2284	2427	1	-1	-1	-1
2334	2335	2491	0	-1	-1	-1
2440	2441	2279	1	-1	-1	-1
2442	2440	2280	1	-1	-1	-1
2492	2337	2334	0	-1	-1	-1
2451	2420	2295	5	-1	-1	-1
2282	2443	2442	1	-1	-1	-1
2336	2337	2495	0	-1	-1	-1
2494	2339	2336	0	-1	-1	-1
2284	2445	2443	1	-1	-1	-1
2453	2298	2422	1	-1	-1	-1
2445	2284	2444	1	-1	-1	-1
2446	2288	2447	5	-1	-1	-1
2428	2299	2455	1	-1	-1	-1
2310	2410	2465	1	-1	-1	-1
2345	2499	2346	0	-1	-1	-1
2474	2318	2399	1	-1	-1	-1
2294	2448	2449	5	-1	-1	-1
2347	2346	2499	0	-1	-1	-1
2499	2345	2348	0	-1	-1	-1
2355	2339	2498	0	-1	-1	-1
2450	2295	2449	5	-1	-1	-1
2450	2451	2295	5	-1	-1	-1
2296	2452	2448	1	-1	-1	-1
2347	2500	2350	0	-1	-1	-1
2454	2298	2453	1	-1	-1	-1
2358	2500	2348	0	-1	-1	-1
2498	2354	2355	0	-1	-1	-1
2452	2303	2454	1	-1	-1	-1
2350	2500	2359	0	-1	-1	-1
2299	2456	2455	1	-1	-1	-1
2300	2457	2458	1	-1	-1	-1
2409	2402	2404	1	-1	-1	-1
2459	2456	2301	1	-1	-1	-1
2459	2301	2458	1	-1	-1	-1
2359	2500	2358	0	-1	-1	-1
2361	2363	2501	0	-1	-1	-1
2501	2362	2361	0	-1	-1	-1
2461	2460	2304	1	-1	-1	-1
2462	2461	2305	1	-1	-1	-1
2501	2365	2362	0	-1	-1	-1
2464	2462	2308	1	-1	-1	-1
2463	2464	2308	1	-1	-1	-1
2502	2367	2366	0	-1	-1	-1
2309	2465	2463	1	-1	-1	-1
2367	2504	2368	0	-1	-1	-1
2460	2469	2314	1	-1	-1	-1
2505	2370	2369	0	-1	-1	-1
2466	2311	2467	1	-1	-1	-1
2414	2416	2415	5	-1	-1	-1
2415	2419	2413	1	-1	-1	-1
2371	2370	2506	0	-1	-1	-1
2468	2467	2313	1	-1	-1	-1
2507	2372	2371	0	-1	-1	-1
2376	2505	2369	0	-1	-1	-1
2314	2469	2470	1	-1	-1	-1
2315	2471	2468	1	-1	-1	-1
2473	2316	2466	1	-1	-1	-1
2470	2471	2315	1	-1	-1	-1
2508	2374	2375	1	-1	-1	-1
2508	2376	2374	1	-1	-1	-1
2504	2388	2368	1	-1	-1	-1
2316	2473	2472	1	-1	-1	-1
2510	2377	2378	1	-1	-1	-1
2377	2510	2381	1	-1	-1	-1
2375	2387	2508	1	-1	-1	-1
2476	2475	2320	0	-1	-1	-1
2379	2381	2512	1	-1	-1	-1
2380	2379	2513	1	-1	-1	-1
2477	2476	2320	0	-1	-1	-1
2511	2378	2384	1	-1	-1	-1
2474	2478	2321	1	-1	-1	-1
2507	2396	2372	0	-1	-1	-1
2479	2322	2475	0	-1	-1	-1
2321	2478	2477	1	-1	-1	-1
2416	2446	2415	5	-1	-1	-1
2419	2415	2446	5	-1	-1	-1
2515	2383	2382	1	-1	-1	-1
2479	2480	2322	0	-1	-1	-1
2417	2447	2418	5	-1	-1	-1
2447	2417	2419	5	-1	-1	-1
2382	2386	2516	1	-1	-1	-1
2383	2517	2384	1	-1	-1	-1
2323	2480	2481	0	-1	-1	-1
2323	2481	2482	0	-1	-1	-1
2395	2508	2387	1	-1	-1	-1
2386	2385	2520	1	-1	-1	-1
2325	2483	2484	0	-1	-1	-1
2514	2398	2380	1	-1	-1	-1
2485	2326	2482	0	-1	-1	-1
2453	2422	2421	1	-1	-1	-1
2483	2327	2486	0	-1	-1	-1
2393	2520	2385	1	-1	-1	-1
2327	2485	2486	0	-1	-1	-1
2388	2521	2389	1	-1	-1	-1
2395	2396	2509	1	-1	-1	-1
2487	2329	2484	0	-1	-1	-1
2389	2522	2391	1	-1	-1	-1
2523	2390	2391	1	-1	-1	-1
2489	2330	2488	0	-1	-1	-1
2390	2523	2394	1	-1	-1	-1
2436	2420	2451	5	-1	-1	-1
2490	2331	2487	0	-1	-1	-1
2457	2354	2498	0	-1	-1	-1
2490	2488	2331	0	-1	-1	-1
2392	2526	2393	1	-1	-1	-1
2394	2525	2392	1	-1	-1	-1
2455	2429	2428	1	-1	-1	-1
2419	2446	2447	5	-1	-1	-1
2489	2493	2335	0	-1	-1	-1
2492	2334	2491	0	-1	-1	-1
2335	2493	2491	0	-1	-1	-1
2437	2436	2451	5	-1	-1	-1
2337	2492	2496	0	-1	-1	-1
2495	2494	2336	0	-1	-1	-1
2397	2530	2399	1	-1	-1	-1
2398	2531	2397	1	-1	-1	-1
2495	2337	2497	0	-1	-1	-1
2497	2337	2496	0	-1	-1	-1
2494	2498	2339	0	-1	-1	-1
2401	2535	2400	1	-1	-1	-1
2403	2400	2535	1	-1	-1	-1
2403	2537	2406	1	-1	-1	-1
2347	2499	2500	0	-1	-1	-1
2500	2499	2348	0	-1	-1	-1
2539	2404	2405	1	-1	-1	-1
2540	2405	2406	1	-1	-1	-1
2404	2539	2409	1	-1	-1	-1
2407	2542	2408	1	-1	-1	-1
2409	2542	2407	1	-1	-1	-1
2412	2408	2543	1	-1	-1	-1
2410	2411	2546	1	-1	-1	-1
2411	2412	2547	1	-1	-1	-1
2503	2502	2366	0	-1	-1	-1
2504	2367	2502	0	-1	-1	-1
2441	2536	2401	1	-1	-1	-1
2505	2506	2370	0	-1	-1	-1
2506	2507	2371	0	-1	-1	-1
2509	2505	2376	1	-1	-1	-1
2460	2461	2469	1	-1	-1	-1
2509	2376	2508	1	-1	-1	-1
2424	2423	2551	1	-1	-1	-1
2378	2511	2510	1	-1	-1	-1
2423	2426	2552	1	-1	-1	-1
2510	2512	2381	1	-1	-1	-1
2554	2425	2424	1	-1	-1	-1
2512	2513	2379	1	-1	-1	-1
2399	2534	2474	1	-1	-1	-1
2425	2555	2427	1	-1	-1	-1
2380	2513	2514	1	-1	-1	-1
2458	2457	2494	0	-1	-1	-1
2421	2438	2550	1	-1	-1	-1
2507	2509	2396	1	-1	-1	-1
2509	2508	2395	1	-1	-1	-1
2388	2504	2521	1	-1	-1	-1
2382	2516	2515	1	-1	-1	-1
2384	2518	2511	1	-1	-1	-1
2430	2558	2426	1	-1	-1	-1
2517	2383	2515	1	-1	-1	-1
2559	2430	2429	1	-1	-1	-1
2384	2517	2519	1	-1	-1	-1
2519	2518	2384	1	-1	-1	-1
2465	2410	2546	1	-1	-1	-1
2520	2516	2386	1	-1	-1	-1
2432	2431	2561	1	-1	-1	-1
2550	2453	2421	1	-1	-1	-1
2444	2427	2555	1	-1	-1	-1
2563	2433	2432	1	-1	-1	-1
2431	2435	2562	1	-1	-1	-1
2521	2522	2389	1	-1	-1	-1
2565	2434	2433	1	-1	-1	-1
2524	2391	2522	1	-1	-1	-1
2439	2434	2565	1	-1	-1	-1
2566	2435	2437	5	-1	-1	-1
2523	2391	2524	1	-1	-1	-1
2520	2393	2528	1	-1	-1	-1
2429	2455	2559	1	-1	-1	-1
2392	2525	2526	1	-1	-1	-1
2398	2514	2533	1	-1	-1	-1
2439	2568	2438	1	-1	-1	-1
2529	2394	2523	1	-1	-1	-1
2393	2526	2527	1	-1	-1	-1
2458	2494	2495	0	-1	-1	-1
2527	2528	2393	1	-1	-1	-1
2394	2529	2525	1	-1	-1	-1
2498	2494	2457	0	-1	-1	-1
2571	2441	2440	1	-1	-1	-1
2440	2442	2571	1	-1	-1	-1
2567	2437	2451	5	-1	-1	-1
2453	2550	2454	1	-1	-1	-1
2531	2530	2397	1	-1	-1	-1
2574	2442	2443	1	-1	-1	-1
2398	2532	2531	1	-1	-1	-1
2574	2443	2445	1	-1	-1	-1
2530	2534	2399	1	-1	-1	-1
2398	2533	2532	1	-1	-1	-1
2445	2444	2575	1	-1	-1	-1
2450	2567	2451	5	-1	-1	-1
2535	2401	2536	1	-1	-1	-1
2448	2578	2449	5	-1	-1	-1
2403	2535	2538	1	-1	-1	-1
2448	2452	2578	1	-1	-1	-1
2579	2450	2449	5	-1	-1	-1
2537	2403	2538	1	-1	-1	-1
2540	2539	2405	1	-1	-1	-1
2406	2537	2541	1	-1	-1	-1
2580	2452	2454	1	-1	-1	-1
2478	2474	2534	1	-1	-1	-1
2541	2540	2406	1	-1	-1	-1
2542	2543	2408	1	-1	-1	-1
2455	2456	2582	1	-1	-1	-1
2409	2539	2545	1	-1	-1	-1
2544	2542	2409	1	-1	-1	-1
2409	2545	2544	1	-1	-1	-1
2459	2584	2456	1	-1	-1	-1
2459	2458	2585	0	-1	-1	-1
2543	2548	2412	1	-1	-1	-1
2411	2547	2546	1	-1	-1	-1
2549	2547	2412	1	-1	-1	-1
2548	2549	2412	1	-1	-1	-1
2462	2587	2461	1	-1	-1	-1
2588	2462	2464	1	-1	-1	-1
2469	2461	2587	1	-1	-1	-1
2590	2464	2463	1	-1	-1	-1
2463	2465	2590	1	-1	-1	-1
2505	2507	2506	1	-1	-1	-1
2505	2509	2507	1	-1	-1	-1
2551	2423	2552	1	-1	-1	-1
2593	2466	2467	1	-1	-1	-1
2424	2551	2553	1	-1	-1	-1
2468	2594	2467	1	-1	-1	-1
2553	2554	2424	1	-1	-1	-1
2593	2473	2466	1	-1	-1	-1
2468	2471	2595	1	-1	-1	-1
2425	2554	2556	1	-1	-1	-1
2557	2552	2426	1	-1	-1	-1
2596	2470	2469	1	-1	-1	-1
2555	2425	2556	1	-1	-1	-1
2470	2597	2471	1	-1	-1	-1
2458	2495	2585	0	-1	-1	-1
2557	2426	2558	1	-1	-1	-1
2599	2472	2473	1	-1	-1	-1
2430	2560	2558	1	-1	-1	-1
2441	2572	2536	1	-1	-1	-1
2430	2559	2560	1	-1	-1	-1
2475	2476	2601	0	-1	-1	-1
2562	2561	2431	1	-1	-1	-1
2561	2563	2432	1	-1	-1	-1
2602	2479	2475	0	-1	-1	-1
2550	2438	2568	1	-1	-1	-1
2476	2477	2603	0	-1	-1	-1
2477	2478	2604	1	-1	-1	-1
2433	2563	2564	1	-1	-1	-1
2433	2564	2565	1	-1	-1	-1
2435	2566	2562	5	-1	-1	-1
2528	2516	2520	1	-1	-1	-1
2606	2480	2479	0	-1	-1	-1
2481	2480	2607	0	-1	-1	-1
2437	2567	2566	5	-1	-1	-1
2481	2609	2482	0	-1	-1	-1
2565	2569	2439	1	-1	-1	-1
2575	2444	2555	1	-1	-1	-1
2570	2568	2439	1	-1	-1	-1
2585	2495	2497	0	-1	-1	-1
2485	2482	2610	0	-1	-1	-1
2570	2439	2569	1	-1	-1	-1
2483	2611	2484	0	-1	-1	-1
2612	2483	2486	0	-1	-1	-1
2572	2441	2571	1	-1	-1	-1
2580	2454	2550	1	-1	-1	-1
2487	2484	2613	0	-1	-1	-1
2442	2573	2571	1	-1	-1	-1
2615	2486	2485	0	-1	-1	-1
2573	2442	2574	1	-1	-1	-1
2617	2490	2487	0	-1	-1	-1
2445	2576	2574	1	-1	-1	-1
2582	2559	2455	1	-1	-1	-1
2579	2567	2450	5	-1	-1	-1
2445	2575	2577	1	-1	-1	-1
2488	2490	2619	0	-1	-1	-1
2488	2620	2489	0	-1	-1	-1
2576	2445	2577	1	-1	-1	-1
2592	2465	2546	1	-1	-1	-1
2622	2493	2489	0	-1	-1	-1
2491	2623	2492	0	-1	-1	-1
2578	2579	2449	5	-1	-1	-1
2491	2493	2623	0	-1	-1	-1
2538	2535	2536	1	-1	-1	-1
2581	2578	2452	1	-1	-1	-1
2492	2624	2496	0	-1	-1	-1
2452	2580	2581	1	-1	-1	-1
2534	2605	2478	1	-1	-1	-1
2497	2496	2626	0	-1	-1	-1
2582	2456	2583	1	-1	-1	-1
2583	2456	2584	1	-1	-1	-1
2584	2459	2586	0	-1	-1	-1
2586	2459	2585	0	-1	-1	-1
2502	2503	2628	0	-1	-1	-1
2628	2504	2502	0	-1	-1	-1
2587	2462	2589	1	-1	-1	-1
2462	2588	2589	1	-1	-1	-1
2464	2591	2588	1	-1	-1	-1
2591	2464	2590	1	-1	-1	-1
2465	2592	2590	1	-1	-1	-1
2596	2469	2587	1	-1	-1	-1
2510	2511	2632	1	-1	-1	-1
2512	2510	2632	1	-1	-1	-1
2594	2593	2467	1	-1	-1	-1
2631	2521	2504	1	-1	-1	-1
2595	2594	2468	1	-1	-1	-1
2635	2513	2512	1	-1	-1	-1
2633	2511	2518	1	-1	-1	-1
2597	2470	2596	1	-1	-1	-1
2637	2514	2513	1	-1	-1	-1
2598	2471	2597	1	-1	-1	-1
2595	2471	2598	1	-1	-1	-1
2473	2593	2600	1	-1	-1	-1
2515	2516	2639	1	-1	-1	-1
2639	2517	2515	1	-1	-1	-1
2600	2599	2473	1	-1	-1	-1
2517	2641	2519	1	-1	-1	-1
2602	2475	2601	0	-1	-1	-1
2518	2519	2642	1	-1	-1	-1
2603	2601	2476	0	-1	-1	-1
2603	2477	2604	1	-1	-1	-1
2640	2516	2528	1	-1	-1	-1
2514	2637	2533	1	-1	-1	-1
2478	2605	2604	1	-1	-1	-1
2602	2606	2479	0	-1	-1	-1
2521	2645	2522	1	-1	-1	-1
2646	2524	2522	1	-1	-1	-1
2606	2607	2480	0	-1	-1	-1
2648	2523	2524	1	-1	-1	-1
2607	2608	2481	0	-1	-1	-1
2608	2609	2481	0	-1	-1	-1
2568	2580	2550	1	-1	-1	-1
2523	2647	2529	1	-1	-1	-1
2610	2482	2609	0	-1	-1	-1
2651	2526	2525	1	-1	-1	-1
2529	2651	2525	1	-1	-1	-1
2527	2526	2652	1	-1	-1	-1
2611	2483	2612	0	-1	-1	-1
2528	2527	2653	1	-1	-1	-1
2611	2614	2484	0	-1	-1	-1
2497	2627	2585	0	-1	-1	-1
2615	2485	2610	0	-1	-1	-1
2614	2613	2484	0	-1	-1	-1
2616	2612	2486	0	-1	-1	-1
2486	2615	2616	0	-1	-1	-1
2530	2531	2656	1	-1	-1	-1
2487	2613	2617	0	-1	-1	-1
2568	2570	2581	1	-1	-1	-1
2657	2534	2530	1	-1	-1	-1
2659	2531	2532	1	-1	-1	-1
2532	2533	2660	1	-1	-1	-1
2488	2619	2618	0	-1	-1	-1
2490	2617	2619	0	-1	-1	-1
2620	2488	2618	0	-1	-1	-1
2580	2568	2581	1	-1	-1	-1
2620	2621	2489	0	-1	-1	-1
2489	2621	2622	0	-1	-1	-1
2662	2538	2536	1	-1	-1	-1
2623	2493	2622	0	-1	-1	-1
2538	2663	2537	1	-1	-1	-1
2492	2623	2625	0	-1	-1	-1
2492	2625	2624	0	-1	-1	-1
2537	2663	2541	1	-1	-1	-1
2665	2539	2540	1	-1	-1	-1
2624	2626	2496	0	-1	-1	-1
2540	2541	2666	1	-1	-1	-1
2539	2665	2545	1	-1	-1	-1
2627	2497	2626	0	-1	-1	-1
2542	2668	2543	1	-1	-1	-1
2668	2542	2544	1	-1	-1	-1
2545	2670	2544	1	-1	-1	-1
2543	2669	2548	1	-1	-1	-1
2503	2630	2628	0	-1	-1	-1
2503	2629	2630	0	-1	-1	-1
2631	2504	2628	0	-1	-1	-1
2672	2546	2547	1	-1	-1	-1
2547	2549	2673	1	-1	-1	-1
2536	2572	2662	1	-1	-1	-1
2549	2548	2674	1	-1	-1	-1
2632	2511	2634	1	-1	-1	-1
2633	2634	2511	1	-1	-1	-1
2676	2551	2552	1	-1	-1	-1
2632	2636	2512	1	-1	-1	-1
2677	2553	2551	1	-1	-1	-1
2636	2635	2512	1	-1	-1	-1
2635	2638	2513	1	-1	-1	-1
2553	2680	2554	1	-1	-1	-1
2638	2637	2513	1	-1	-1	-1
2679	2552	2557	1	-1	-1	-1
2682	2556	2554	1	-1	-1	-1
2642	2633	2518	1	-1	-1	-1
2555	2556	2683	1	-1	-1	-1
2516	2640	2639	1	-1	-1	-1
2639	2641	2517	1	-1	-1	-1
2534	2657	2605	1	-1	-1	-1
2631	2645	2521	1	-1	-1	-1
2557	2558	2685	1	-1	-1	-1
2519	2641	2643	1	-1	-1	-1
2558	2560	2686	1	-1	-1	-1
2519	2644	2642	1	-1	-1	-1
2644	2519	2643	1	-1	-1	-1
2559	2687	2560	1	-1	-1	-1
2592	2546	2672	1	-1	-1	-1
2689	2561	2562	1	-1	-1	-1
2563	2561	2689	1	-1	-1	-1
2575	2555	2683	1	-1	-1	-1
2522	2645	2646	1	-1	-1	-1
2562	2566	2690	5	-1	-1	-1
2523	2648	2647	1	-1	-1	-1
2691	2564	2563	1	-1	-1	-1
2646	2649	2524	1	-1	-1	-1
2564	2692	2565	1	-1	-1	-1
2524	2650	2648	1	-1	-1	-1
2640	2528	2654	1	-1	-1	-1
2649	2650	2524	1	-1	-1	-1
2693	2566	2567	5	-1	-1	-1
2565	2692	2569	1	-1	-1	-1
2559	2582	2687	1	-1	-1	-1
2651	2652	2526	1	-1	-1	-1
2529	2647	2655	1	-1	-1	-1
2661	2533	2637	1	-1	-1	-1
2652	2653	2527	1	-1	-1	-1
2694	2570	2569	1	-1	-1	-1
2653	2654	2528	1	-1	-1	-1
2529	2655	2651	1	-1	-1	-1
2693	2567	2579	5	-1	-1	-1
2571	2697	2572	1	-1	-1	-1
2697	2571	2573	1	-1	-1	-1
2656	2657	2530	1	-1	-1	-1
2658	2656	2531	1	-1	-1	-1
2581	2570	2695	1	-1	-1	-1
2699	2573	2574	1	-1	-1	-1
2658	2531	2659	1	-1	-1	-1
2574	2576	2699	1	-1	-1	-1
2532	2660	2659	1	-1	-1	-1
2578	2695	2579	5	-1	-1	-1
2700	2577	2575	1	-1	-1	-1
2701	2576	2577	1	-1	-1	-1
2695	2578	2581	1	-1	-1	-1
2660	2533	2661	1	-1	-1	-1
2538	2662	2664	1	-1	-1	-1
2538	2664	2663	1	-1	-1	-1
2703	2582	2583	1	-1	-1	-1
2665	2540	2666	1	-1	-1	-1
2584	2704	2583	1	-1	-1	-1
2541	2663	2667	1	-1	-1	-1
2541	2667	2666	1	-1	-1	-1
2586	2706	2584	0	-1	-1	-1
2707	2586	2585	0	-1	-1	-1
2668	2669	2543	1	-1	-1	-1
2665	2671	2545	1	-1	-1	-1
2544	2670	2668	1	-1	-1	-1
2589	2709	2587	1	-1	-1	-1
2545	2671	2670	1	-1	-1	-1
2710	2589	2588	1	-1	-1	-1
2710	2588	2591	1	-1	-1	-1
2631	2628	2630	0	-1	-1	-1
2674	2548	2669	1	-1	-1	-1
2596	2587	2709	1	-1	-1	-1
2673	2672	2547	1	-1	-1	-1
2591	2590	2712	1	-1	-1	-1
2712	2590	2592	1	-1	-1	-1
2673	2549	2675	1	-1	-1	-1
2549	2674	2675	1	-1	-1	-1
2715	2593	2594	1	-1	-1	-1
2709	2597	2596	1	-1	-1	-1
2676	2677	2551	1	-1	-1	-1
2594	2595	2716	1	-1	-1	-1
2678	2676	2552	1	-1	-1	-1
2600	2593	2715	1	-1	-1	-1
2678	2552	2679	1	-1	-1	-1
2677	2680	2553	1	-1	-1	-1
2598	2717	2595	1	-1	-1	-1
2597	2719	2598	1	-1	-1	-1
2680	2681	2554	1	-1	-1	-1
2554	2681	2682	1	-1	-1	-1
2585	2627	2707	0	-1	-1	-1
2679	2557	2685	1	-1	-1	-1
2600	2722	2599	1	-1	-1	-1
2682	2684	2556	1	-1	-1	-1
2684	2683	2556	1	-1	-1	-1
2602	2601	2724	0	-1	-1	-1
2725	2601	2603	0	-1	-1	-1
2558	2686	2685	1	-1	-1	-1
2662	2572	2698	1	-1	-1	-1
2727	2603	2604	1	-1	-1	-1
2606	2602	2726	0	-1	-1	-1
2688	2686	2560	1	-1	-1	-1
2687	2688	2560	1	-1	-1	-1
2728	2604	2605	1	-1	-1	-1
2690	2689	2562	5	-1	-1	-1
2729	2607	2606	0	-1	-1	-1
2563	2689	2691	1	-1	-1	-1
2607	2729	2608	0	-1	-1	-1
2608	2730	2609	0	-1	-1	-1
2564	2691	2692	1	-1	-1	-1
2693	2690	2566	5	-1	-1	-1
2609	2732	2610	0	-1	-1	-1
2569	2692	2694	1	-1	-1	-1
2734	2611	2612	0	-1	-1	-1
2610	2733	2615	0	-1	-1	-1
2700	2575	2683	1	-1	-1	-1
2734	2614	2611	0	-1	-1	-1
2696	2570	2694	1	-1	-1	-1
2695	2570	2696	1	-1	-1	-1
2737	2613	2614	0	-1	-1	-1
2612	2616	2736	0	-1	-1	-1
2693	2579	2695	5	-1	-1	-1
2697	2698	2572	1	-1	-1	-1
2613	2738	2617	0	-1	-1	-1
2699	2697	2573	1	-1	-1	-1
2615	2740	2616	0	-1	-1	-1
2582	2703	2687	1	-1	-1	-1
2701	2699	2576	1	-1	-1	-1
2672	2712	2592	1	-1	-1	-1
2619	2617	2741	0	-1	-1	-1
2577	2700	2702	1	-1	-1	-1
2618	2619	2743	0	-1	-1	-1
2702	2701	2577	1	-1	-1	-1
2618	2744	2620	0	-1	-1	-1
2621	2620	2747	0	-1	-1	-1
2605	2657	2728	1	-1	-1	-1
2621	2748	2622	0	-1	-1	-1
2583	2705	2703	1	-1	-1	-1
2704	2705	2583	1	-1	-1	-1
2706	2704	2584	0	-1	-1	-1
2622	2749	2623	0	-1	-1	-1
2749	2625	2623	0	-1	-1	-1
2708	2706	2586	0	-1	-1	-1
2625	2751	2624	0	-1	-1	-1
2624	2750	2626	0	-1	-1	-1
2586	2707	2708	0	-1	-1	-1
2754	2627	2626	0	-1	-1	-1
2589	2711	2709	1	-1	-1	-1
2710	2711	2589	1	-1	-1	-1
2710	2591	2714	1	-1	-1	-1
2629	2757	2630	0	-1	-1	-1
2712	2713	2591	1	-1	-1	-1
2591	2713	2714	1	-1	-1	-1
2758	2631	2630	0	-1	-1	-1
2718	2597	2709	1	-1	-1	-1
2716	2715	2594	1	-1	-1	-1
2759	2632	2634	1	-1	-1	-1
2760	2636	2632	1	-1	-1	-1
2634	2633	2761	1	-1	-1	-1
2645	2631	2758	1	-1	-1	-1
2595	2717	2716	1	-1	-1	-1
2720	2717	2598	1	-1	-1	-1
2597	2718	2719	1	-1	-1	-1
2635	2636	2765	1	-1	-1	-1
2633	2642	2762	1	-1	-1	-1
2764	2638	2635	1	-1	-1	-1
2720	2598	2719	1	-1	-1	-1
2723	2600	2715	1	-1	-1	-1
2722	2721	2599	1	-1	-1	-1
2768	2637	2638	1	-1	-1	-1
2722	2600	2723	1	-1	-1	-1
2770	2639	2640	1	-1	-1	-1
2724	2601	2725	0	-1	-1	-1
2770	2641	2639	1	-1	-1	-1
2724	2726	2602	0	-1	-1	-1
2736	2658	2659	0	-1	-1	-1
2735	2659	2660	0	-1	-1	-1
2643	2641	2771	1	-1	-1	-1
2603	2727	2725	1	-1	-1	-1
2644	2773	2642	1	-1	-1	-1
2604	2728	2727	1	-1	-1	-1
2726	2729	2606	0	-1	-1	-1
2643	2774	2644	1	-1	-1	-1
2640	2654	2770	1	-1	-1	-1
2661	2637	2768	1	-1	-1	-1
2608	2729	2731	0	-1	-1	-1
2608	2731	2730	0	-1	-1	-1
2778	2646	2645	1	-1	-1	-1
2730	2732	2609	0	-1	-1	-1
2779	2649	2646	1	-1	-1	-1
2610	2732	2733	0	-1	-1	-1
2781	2647	2648	1	-1	-1	-1
2696	2690	2693	5	-1	-1	-1
2782	2648	2650	1	-1	-1	-1
2734	2612	2735	0	-1	-1	-1
2784	2650	2649	1	-1	-1	-1
2736	2735	2612	0	-1	-1	-1
2781	2655	2647	1	-1	-1	-1
2693	2695	2696	5	-1	-1	-1
2734	2739	2614	0	-1	-1	-1
2737	2738	2613	0	-1	-1	-1
2754	2707	2627	0	-1	-1	-1
2615	2733	2740	0	-1	-1	-1
2652	2651	2786	1	-1	-1	-1
2614	2739	2737	0	-1	-1	-1
2655	2786	2651	1	-1	-1	-1
2736	2616	2740	0	-1	-1	-1
2652	2788	2653	1	-1	-1	-1
2653	2789	2654	1	-1	-1	-1
2617	2738	2742	0	-1	-1	-1
2742	2741	2617	0	-1	-1	-1
2744	2618	2743	0	-1	-1	-1
2792	2657	2656	1	-1	-1	-1
2619	2741	2745	0	-1	-1	-1
2745	2743	2619	0	-1	-1	-1
2658	2793	2656	1	-1	-1	-1
2744	2746	2620	0	-1	-1	-1
2752	2681	2680	1	-1	-1	-1
2747	2620	2746	0	-1	-1	-1
2660	2661	2795	0	-1	-1	-1
2748	2621	2747	0	-1	-1	-1
2622	2748	2749	0	-1	-1	-1
2796	2664	2662	1	-1	-1	-1
2663	2664	2797	1	-1	-1	-1
2751	2750	2624	0	-1	-1	-1
2625	2749	2753	1	-1	-1	-1
2751	2625	2752	1	-1	-1	-1
2798	2667	2663	1	-1	-1	-1
2753	2752	2625	1	-1	-1	-1
2735	2736	2659	0	-1	-1	-1
2666	2800	2665	1	-1	-1	-1
2750	2755	2626	0	-1	-1	-1
2801	2666	2667	1	-1	-1	-1
2658	2736	2740	0	-1	-1	-1
2626	2755	2754	0	-1	-1	-1
2665	2800	2671	1	-1	-1	-1
2709	2711	2718	1	-1	-1	-1
2803	2669	2668	1	-1	-1	-1
2803	2668	2670	1	-1	-1	-1
2629	2756	2757	0	-1	-1	-1
2671	2803	2670	1	-1	-1	-1
2630	2757	2758	0	-1	-1	-1
2669	2804	2674	1	-1	-1	-1
2760	2632	2759	1	-1	-1	-1
2673	2806	2672	1	-1	-1	-1
2675	2806	2673	1	-1	-1	-1
2633	2762	2761	1	-1	-1	-1
2796	2662	2698	1	-1	-1	-1
2634	2763	2759	1	-1	-1	-1
2675	2674	2808	1	-1	-1	-1
2634	2761	2763	1	-1	-1	-1
2767	2636	2760	1	-1	-1	-1
2635	2765	2764	1	-1	-1	-1
2811	2677	2676	1	-1	-1	-1
2678	2811	2676	1	-1	-1	-1
2636	2766	2765	1	-1	-1	-1
2661	2768	2739	0	-1	-1	-1
2766	2636	2767	1	-1	-1	-1
2677	2813	2680	1	-1	-1	-1
2638	2764	2769	1	-1	-1	-1
2815	2678	2679	1	-1	-1	-1
2638	2769	2768	1	-1	-1	-1
2773	2762	2642	1	-1	-1	-1
2728	2657	2794	1	-1	-1	-1
2679	2685	2816	1	-1	-1	-1
2645	2758	2778	1	-1	-1	-1
2682	2681	2818	1	-1	-1	-1
2641	2770	2772	1	-1	-1	-1
2771	2641	2772	1	-1	-1	-1
2682	2819	2684	1	-1	-1	-1
2681	2752	2753	1	-1	-1	-1
2731	2729	2726	0	-1	-1	-1
2775	2643	2771	1	-1	-1	-1
2684	2822	2683	1	-1	-1	-1
2735	2660	2795	0	-1	-1	-1
2658	2740	2793	0	-1	-1	-1
2712	2672	2807	1	-1	-1	-1
2775	2774	2643	1	-1	-1	-1
2644	2777	2773	1	-1	-1	-1
2774	2776	2644	1	-1	-1	-1
2823	2685	2686	1	-1	-1	-1
2661	2739	2795	0	-1	-1	-1
2644	2776	2777	1	-1	-1	-1
2688	2823	2686	1	-1	-1	-1
2824	2688	2687	1	-1	-1	-1
2646	2778	2780	1	-1	-1	-1
2780	2779	2646	1	-1	-1	-1
2822	2700	2683	1	-1	-1	-1
2690	2827	2689	5	-1	-1	-1
2689	2827	2691	5	-1	-1	-1
2691	2827	2692	1	-1	-1	-1
2648	2782	2781	1	-1	-1	-1
2779	2783	2649	1	-1	-1	-1
2827	2690	2696	5	-1	-1	-1
2692	2827	2694	1	-1	-1	-1
2687	2703	2824	1	-1	-1	-1
2654	2790	2770	1	-1	-1	-1
2649	2783	2784	1	-1	-1	-1
2785	2782	2650	1	-1	-1	-1
2827	2696	2694	1	-1	-1	-1
2784	2785	2650	1	-1	-1	-1
2828	2698	2697	1	-1	-1	-1
2786	2787	2652	1	-1	-1	-1
2699	2829	2697	1	-1	-1	-1
2652	2787	2788	1	-1	-1	-1
2791	2655	2781	1	-1	-1	-1
2699	2701	2829	1	-1	-1	-1
2788	2789	2653	1	-1	-1	-1
2703	2705	2824	1	-1	-1	-1
2655	2791	2786	1	-1	-1	-1
2790	2654	2789	1	-1	-1	-1
2831	2702	2700	1	-1	-1	-1
2701	2702	2832	1	-1	-1	-1
2793	2792	2656	1	-1	-1	-1
2792	2794	2657	1	-1	-1	-1
2704	2836	2705	1	-1	-1	-1
2835	2704	2706	0	-1	-1	-1
2752	2680	2817	1	-1	-1	-1
2838	2706	2708	0	-1	-1	-1
2681	2753	2818	1	-1	-1	-1
2839	2708	2707	0	-1	-1	-1
2797	2798	2663	1	-1	-1	-1
2664	2796	2799	1	-1	-1	-1
2797	2664	2799	1	-1	-1	-1
2842	2711	2710	1	-1	-1	-1
2734	2735	2795	0	-1	-1	-1
2714	2842	2710	1	-1	-1	-1
2801	2800	2666	1	-1	-1	-1
2802	2667	2798	1	-1	-1	-1
2734	2795	2739	0	-1	-1	-1
2667	2802	2801	1	-1	-1	-1
2712	2846	2713	1	-1	-1	-1
2711	2843	2718	1	-1	-1	-1
2847	2714	2713	1	-1	-1	-1
2803	2804	2669	1	-1	-1	-1
2800	2805	2671	1	-1	-1	-1
2805	2803	2671	1	-1	-1	-1
2843	2719	2718	1	-1	-1	-1
2716	2849	2715	1	-1	-1	-1
2850	2716	2717	1	-1	-1	-1
2807	2672	2806	1	-1	-1	-1
2804	2808	2674	1	-1	-1	-1
2723	2715	2849	1	-1	-1	-1
2720	2850	2717	1	-1	-1	-1
2809	2806	2675	1	-1	-1	-1
2720	2719	2852	1	-1	-1	-1
2808	2810	2675	1	-1	-1	-1
2810	2809	2675	1	-1	-1	-1
2722	2856	2721	1	-1	-1	-1
2754	2839	2707	0	-1	-1	-1
2811	2812	2677	1	-1	-1	-1
2722	2723	2856	1	-1	-1	-1
2677	2812	2813	1	-1	-1	-1
2811	2678	2814	1	-1	-1	-1
2815	2814	2678	1	-1	-1	-1
2725	2859	2724	0	-1	-1	-1
2726	2724	2859	0	-1	-1	-1
2813	2817	2680	1	-1	-1	-1
2816	2815	2679	1	-1	-1	-1
2860	2725	2727	1	-1	-1	-1
2862	2727	2728	1	-1	-1	-1
2861	2731	2726	0	-1	-1	-1
2751	2752	2817	1	-1	-1	-1
2820	2682	2818	1	-1	-1	-1
2821	2819	2682	1	-1	-1	-1
2821	2682	2820	1	-1	-1	-1
2796	2698	2830	1	-1	-1	-1
2730	2731	2863	0	-1	-1	-1
2823	2816	2685	1	-1	-1	-1
2822	2684	2819	1	-1	-1	-1
2732	2730	2864	0	-1	-1	-1
2732	2866	2733	0	-1	-1	-1
2688	2825	2823	1	-1	-1	-1
2688	2824	2826	1	-1	-1	-1
2826	2825	2688	1	-1	-1	-1
2740	2733	2866	0	-1	-1	-1
2867	2738	2737	0	-1	-1	-1
2867	2737	2739	0	-1	-1	-1
2839	2754	2755	0	-1	-1	-1
2738	2869	2742	0	-1	-1	-1
2831	2700	2822	1	-1	-1	-1
2742	2871	2741	0	-1	-1	-1
2697	2829	2828	1	-1	-1	-1
2698	2828	2830	1	-1	-1	-1
2870	2745	2741	0	-1	-1	-1
2743	2873	2744	0	-1	-1	-1
2873	2743	2745	0	-1	-1	-1
2701	2833	2829	1	-1	-1	-1
2746	2744	2874	0	-1	-1	-1
2807	2846	2712	1	-1	-1	-1
2832	2833	2701	1	-1	-1	-1
2824	2705	2837	1	-1	-1	-1
2702	2831	2834	1	-1	-1	-1
2702	2834	2832	1	-1	-1	-1
2877	2747	2746	1	-1	-1	-1
2878	2748	2747	1	-1	-1	-1
2739	2768	2867	0	-1	-1	-1
2704	2835	2836	0	-1	-1	-1
2879	2749	2748	1	-1	-1	-1
2705	2836	2837	1	-1	-1	-1
2838	2835	2706	0	-1	-1	-1
2749	2879	2753	1	-1	-1	-1
2751	2880	2750	0	-1	-1	-1
2862	2728	2794	1	-1	-1	-1
2880	2755	2750	0	-1	-1	-1
2708	2839	2840	0	-1	-1	-1
2708	2841	2838	0	-1	-1	-1
2708	2840	2841	0	-1	-1	-1
2757	2756	2884	0	-1	-1	-1
2843	2711	2844	1	-1	-1	-1
2845	2711	2842	1	-1	-1	-1
2884	2758	2757	0	-1	-1	-1
2740	2866	2793	0	-1	-1	-1
2845	2844	2711	1	-1	-1	-1
2867	2768	2769	0	-1	-1	-1
2714	2848	2842	1	-1	-1	-1
2886	2760	2759	1	-1	-1	-1
2847	2713	2846	1	-1	-1	-1
2848	2714	2847	1	-1	-1	-1
2759	2763	2887	1	-1	-1	-1
2762	2890	2761	1	-1	-1	-1
2763	2761	2889	1	-1	-1	-1
2843	2852	2719	1	-1	-1	-1
2888	2767	2760	1	-1	-1	-1
2716	2851	2849	1	-1	-1	-1
2850	2851	2716	1	-1	-1	-1
2758	2885	2778	1	-1	-1	-1
2765	2893	2764	1	-1	-1	-1
2720	2854	2850	1	-1	-1	-1
2720	2852	2853	1	-1	-1	-1
2895	2765	2766	1	-1	-1	-1
2892	2762	2773	1	-1	-1	-1
2894	2769	2764	1	-1	-1	-1
2720	2853	2854	1	-1	-1	-1
2857	2723	2849	1	-1	-1	-1
2896	2766	2767	1	-1	-1	-1
2721	2856	2855	1	-1	-1	-1
2858	2856	2723	1	-1	-1	-1
2858	2723	2857	1	-1	-1	-1
2772	2770	2900	1	-1	-1	-1
2771	2772	2901	1	-1	-1	-1
2859	2725	2860	1	-1	-1	-1
2859	2861	2726	0	-1	-1	-1
2775	2771	2901	1	-1	-1	-1
2817	2880	2751	1	-1	-1	-1
2860	2727	2862	1	-1	-1	-1
2881	2818	2753	1	-1	-1	-1
2902	2773	2777	1	-1	-1	-1
2903	2776	2774	1	-1	-1	-1
2904	2774	2775	1	-1	-1	-1
2863	2864	2730	0	-1	-1	-1
2731	2861	2865	0	-1	-1	-1
2865	2863	2731	0	-1	-1	-1
2776	2907	2777	1	-1	-1	-1
2900	2770	2790	1	-1	-1	-1
2732	2864	2866	0	-1	-1	-1
2909	2780	2778	1	-1	-1	-1
2910	2779	2780	1	-1	-1	-1
2779	2910	2783	1	-1	-1	-1
2738	2867	2868	0	-1	-1	-1
2782	2911	2781	1	-1	-1	-1
2869	2738	2868	0	-1	-1	-1
2882	2839	2755	0	-1	-1	-1
2785	2912	2782	1	-1	-1	-1
2783	2914	2784	1	-1	-1	-1
2870	2741	2871	0	-1	-1	-1
2791	2781	2911	1	-1	-1	-1
2872	2742	2869	0	-1	-1	-1
2785	2784	2915	1	-1	-1	-1
2871	2742	2872	0	-1	-1	-1
2824	2837	2826	1	-1	-1	-1
2870	2875	2745	0	-1	-1	-1
2787	2786	2918	1	-1	-1	-1
2874	2744	2873	0	-1	-1	-1
2875	2873	2745	0	-1	-1	-1
2919	2788	2787	1	-1	-1	-1
2918	2786	2791	1	-1	-1	-1
2874	2876	2746	1	-1	-1	-1
2920	2789	2788	1	-1	-1	-1
2876	2877	2746	1	-1	-1	-1
2921	2790	2789	1	-1	-1	-1
2877	2878	2747	1	-1	-1	-1
2878	2879	2748	1	-1	-1	-1
2812	2882	2813	1	-1	-1	-1
2792	2793	2924	1	-1	-1	-1
2794	2792	2924	1	-1	-1	-1
2880	2817	2813	1	-1	-1	-1
2881	2753	2879	1	-1	-1	-1
2880	2882	2755	0	-1	-1	-1
2881	2820	2818	1	-1	-1	-1
2927	2799	2796	1	-1	-1	-1
2756	2883	2884	0	-1	-1	-1
2797	2928	2798	1	-1	-1	-1
2799	2929	2797	1	-1	-1	-1
2758	2884	2885	0	-1	-1	-1
2798	2930	2802	1	-1	-1	-1
2887	2886	2759	1	-1	-1	-1
2801	2931	2800	1	-1	-1	-1
2812	2840	2882	1	-1	-1	-1
2886	2888	2760	1	-1	-1	-1
2867	2769	2899	0	-1	-1	-1
2845	2842	2848	1	-1	-1	-1
2802	2932	2801	1	-1	-1	-1
2805	2800	2931	1	-1	-1	-1
2763	2889	2887	1	-1	-1	-1
2890	2889	2761	1	-1	-1	-1
2762	2891	2890	1	-1	-1	-1
2804	2803	2936	1	-1	-1	-1
2803	2805	2935	1	-1	-1	-1
2892	2891	2762	1	-1	-1	-1
2804	2936	2808	1	-1	-1	-1
2893	2894	2764	1	-1	-1	-1
2807	2806	2939	1	-1	-1	-1
2888	2898	2767	1	-1	-1	-1
2927	2796	2830	1	-1	-1	-1
2893	2765	2895	1	-1	-1	-1
2806	2809	2939	1	-1	-1	-1
2854	2851	2850	1	-1	-1	-1
2851	2857	2849	1	-1	-1	-1
2895	2766	2897	1	-1	-1	-1
2896	2897	2766	1	-1	-1	-1
2941	2810	2808	1	-1	-1	-1
2767	2898	2896	1	-1	-1	-1
2942	2809	2810	1	-1	-1	-1
2839	2882	2840	0	-1	-1	-1
2899	2769	2894	0	-1	-1	-1
2892	2773	2902	1	-1	-1	-1
2812	2811	2945	1	-1	-1	-1
2811	2814	2945	1	-1	-1	-1
2778	2885	2909	1	-1	-1	-1
2772	2900	2901	1	-1	-1	-1
2880	2813	2882	1	-1	-1	-1
2815	2946	2814	1	-1	-1	-1
2816	2947	2815	1	-1	-1	-1
2904	2903	2774	1	-1	-1	-1
2794	2926	2862	1	-1	-1	-1
2775	2901	2906	1	-1	-1	-1
2866	2924	2793	0	-1	-1	-1
2775	2905	2904	1	-1	-1	-1
2903	2907	2776	1	-1	-1	-1
2775	2906	2905	1	-1	-1	-1
2777	2908	2902	1	-1	-1	-1
2816	2823	2949	1	-1	-1	-1
2950	2819	2821	1	-1	-1	-1
2950	2822	2819	1	-1	-1	-1
2777	2907	2908	1	-1	-1	-1
2952	2821	2820	1	-1	-1	-1
2807	2940	2846	1	-1	-1	-1
2825	2949	2823	1	-1	-1	-1
2945	2840	2812	1	-1	-1	-1
2909	2910	2780	1	-1	-1	-1
2911	2782	2912	1	-1	-1	-1
2910	2913	2783	1	-1	-1	-1
2957	2825	2826	1	-1	-1	-1
2955	2831	2822	1	-1	-1	-1
2783	2913	2914	1	-1	-1	-1
2790	2922	2900	1	-1	-1	-1
2784	2914	2915	1	-1	-1	-1
2785	2917	2912	1	-1	-1	-1
2785	2915	2916	1	-1	-1	-1
2959	2828	2829	1	-1	-1	-1
2959	2830	2828	1	-1	-1	-1
2785	2916	2917	1	-1	-1	-1
2837	2958	2826	1	-1	-1	-1
2829	2833	2960	1	-1	-1	-1
2918	2919	2787	1	-1	-1	-1
2923	2791	2911	1	-1	-1	-1
2840	2945	2841	1	-1	-1	-1
2920	2788	2919	1	-1	-1	-1
2963	2834	2831	1	-1	-1	-1
2964	2833	2832	1	-1	-1	-1
2789	2920	2921	1	-1	-1	-1
2832	2834	2965	1	-1	-1	-1
2791	2923	2918	1	-1	-1	-1
2790	2921	2922	1	-1	-1	-1
2868	2867	2899	0	-1	-1	-1
2836	2835	2968	0	-1	-1	-1
2838	2968	2835	0	-1	-1	-1
2836	2969	2837	1	-1	-1	-1
2794	2924	2925	1	-1	-1	-1
2925	2926	2794	1	-1	-1	-1
2860	2862	2926	1	-1	-1	-1
2841	2971	2838	0	-1	-1	-1
2951	2820	2881	1	-1	-1	-1
2863	2925	2864	0	-1	-1	-1
2925	2863	2865	0	-1	-1	-1
2929	2928	2797	1	-1	-1	-1
2924	2866	2864	0	-1	-1	-1
2929	2799	2927	1	-1	-1	-1
2930	2798	2928	1	-1	-1	-1
2844	2972	2843	1	-1	-1	-1
2974	2844	2845	1	-1	-1	-1
2801	2932	2931	1	-1	-1	-1
2933	2802	2930	1	-1	-1	-1
2852	2843	2972	1	-1	-1	-1
2934	2932	2802	1	-1	-1	-1
2848	2975	2845	1	-1	-1	-1
2976	2847	2846	1	-1	-1	-1
2933	2934	2802	1	-1	-1	-1
2848	2847	2975	1	-1	-1	-1
2805	2931	2938	1	-1	-1	-1
2937	2803	2935	1	-1	-1	-1
2803	2937	2936	1	-1	-1	-1
2805	2938	2935	1	-1	-1	-1
2978	2851	2854	1	-1	-1	-1
2979	2853	2852	1	-1	-1	-1
2936	2941	2808	1	-1	-1	-1
2851	2978	2857	1	-1	-1	-1
2807	2939	2940	1	-1	-1	-1
2982	2854	2853	1	-1	-1	-1
2939	2809	2942	1	-1	-1	-1
2978	2858	2857	1	-1	-1	-1
2941	2943	2810	1	-1	-1	-1
2985	2855	2856	1	-1	-1	-1
2810	2944	2942	1	-1	-1	-1
2943	2944	2810	1	-1	-1	-1
2985	2856	2858	1	-1	-1	-1
2946	2945	2814	1	-1	-1	-1
2859	2860	2987	1	-1	-1	-1
2987	2861	2859	1	-1	-1	-1
2879	2878	2951	1	-1	-1	-1
2947	2946	2815	1	-1	-1	-1
2881	2879	2951	1	-1	-1	-1
2948	2947	2816	1	-1	-1	-1
2925	2924	2864	0	-1	-1	-1
2865	2861	2987	1	-1	-1	-1
2949	2948	2816	1	-1	-1	-1
2925	2865	2926	1	-1	-1	-1
2830	2962	2927	1	-1	-1	-1
2952	2820	2951	1	-1	-1	-1
2821	2953	2950	1	-1	-1	-1
2989	2869	2868	0	-1	-1	-1
2822	2950	2955	1	-1	-1	-1
2821	2952	2954	1	-1	-1	-1
2821	2954	2953	1	-1	-1	-1
2825	2956	2949	1	-1	-1	-1
2990	2872	2869	0	-1	-1	-1
2841	2945	2946	1	-1	-1	-1
2870	2871	2993	0	-1	-1	-1
2992	2875	2870	0	-1	-1	-1
2872	2995	2871	0	-1	-1	-1
2956	2825	2957	1	-1	-1	-1
2958	2957	2826	1	-1	-1	-1
2997	2874	2873	0	-1	-1	-1
2873	2875	2998	0	-1	-1	-1
2923	2911	2912	1	-1	-1	-1
2829	2960	2959	1	-1	-1	-1
2876	2874	2999	1	-1	-1	-1
2831	2955	2963	1	-1	-1	-1
2830	2959	2961	1	-1	-1	-1
2961	2962	2830	1	-1	-1	-1
2899	2988	2868	0	-1	-1	-1
3002	2877	2876	1	-1	-1	-1
2878	2877	3003	1	-1	-1	-1
2971	2841	2946	1	-1	-1	-1
2833	2966	2960	1	-1	-1	-1
2965	2964	2832	1	-1	-1	-1
2940	2976	2846	1	-1	-1	-1
2833	2964	2966	1	-1	-1	-1
2963	2967	2834	1	-1	-1	-1
2969	2958	2837	1	-1	-1	-1
2967	2965	2834	1	-1	-1	-1
2884	2883	3005	0	-1	-1	-1
2836	2968	2969	0	-1	-1	-1
2926	2987	2860	1	-1	-1	-1
2884	3005	2885	0	-1	-1	-1
2970	2968	2838	0	-1	-1	-1
2926	2865	2987	1	-1	-1	-1
2971	2970	2838	0	-1	-1	-1
2886	2887	3007	1	-1	-1	-1
2952	2951	2878	1	-1	-1	-1
2988	2899	2894	0	-1	-1	-1
2888	2886	3007	1	-1	-1	-1
3008	2887	2889	1	-1	-1	-1
2973	2972	2844	1	-1	-1	-1
2890	3011	2889	1	-1	-1	-1
2844	2974	2973	1	-1	-1	-1
2975	2974	2845	1	-1	-1	-1
3014	2890	2891	1	-1	-1	-1
3010	2898	2888	1	-1	-1	-1
2892	3015	2891	1	-1	-1	-1
2847	2977	2975	1	-1	-1	-1
3006	2909	2885	1	-1	-1	-1
2976	2977	2847	1	-1	-1	-1
2931	2932	2938	1	-1	-1	-1
2980	2852	2972	1	-1	-1	-1
2893	3018	2894	1	-1	-1	-1
2895	3018	2893	1	-1	-1	-1
2902	3017	2892	1	-1	-1	-1
2980	2979	2852	1	-1	-1	-1
2895	2897	3020	1	-1	-1	-1
2979	2981	2853	1	-1	-1	-1
2896	3022	2897	1	-1	-1	-1
2983	2978	2854	1	-1	-1	-1
2853	2981	2982	1	-1	-1	-1
2896	2898	3023	1	-1	-1	-1
2854	2982	2983	1	-1	-1	-1
2986	2858	2978	1	-1	-1	-1
2984	2855	2985	1	-1	-1	-1
3027	2901	2900	1	-1	-1	-1
2986	2985	2858	1	-1	-1	-1
2878	3003	2952	1	-1	-1	-1
3027	2906	2901	1	-1	-1	-1
2904	3031	2903	1	-1	-1	-1
2908	3028	2902	1	-1	-1	-1
3030	2907	2903	1	-1	-1	-1
2904	2905	3032	1	-1	-1	-1
3033	2905	2906	1	-1	-1	-1
2868	2988	2989	0	-1	-1	-1
2922	3026	2900	1	-1	-1	-1
2991	2869	2989	0	-1	-1	-1
2869	2991	2990	0	-1	-1	-1
3037	2908	2907	1	-1	-1	-1
2993	2992	2870	0	-1	-1	-1
3039	2910	2909	1	-1	-1	-1
2993	2871	2994	0	-1	-1	-1
2996	2872	2990	0	-1	-1	-1
2995	2994	2871	0	-1	-1	-1
3039	2913	2910	1	-1	-1	-1
2996	2995	2872	0	-1	-1	-1
2947	2971	2946	1	-1	-1	-1
2875	2992	3000	0	-1	-1	-1
2998	2997	2873	0	-1	-1	-1
2874	2997	2999	1	-1	-1	-1
3041	2912	2917	1	-1	-1	-1
2914	2913	3043	1	-1	-1	-1
3000	2998	2875	0	-1	-1	-1
3046	2915	2914	1	-1	-1	-1
3001	2876	2999	1	-1	-1	-1
3042	2923	2912	1	-1	-1	-1
2916	2915	3047	1	-1	-1	-1
3001	3002	2876	1	-1	-1	-1
2916	3048	2917	1	-1	-1	-1
3002	3003	2877	1	-1	-1	-1
2919	2918	3054	1	-1	-1	-1
3005	2883	3004	0	-1	-1	-1
3054	2920	2919	1	-1	-1	-1
2918	2923	3053	1	-1	-1	-1
3006	2885	3005	0	-1	-1	-1
2920	3055	2921	1	-1	-1	-1
2921	3057	2922	1	-1	-1	-1
2894	3019	2988	0	-1	-1	-1
2887	3008	3007	1	-1	-1	-1
3007	3009	2888	1	-1	-1	-1
3009	3010	2888	1	-1	-1	-1
2889	3012	3008	1	-1	-1	-1
2889	3011	3012	1	-1	-1	-1
3011	2890	3013	1	-1	-1	-1
2929	2927	3060	1	-1	-1	-1
3014	3013	2890	1	-1	-1	-1
2929	3061	2928	1	-1	-1	-1
3061	2930	2928	1	-1	-1	-1
2891	3015	3014	1	-1	-1	-1
3016	3015	2892	1	-1	-1	-1
3017	3016	2892	1	-1	-1	-1
2933	2930	3063	1	-1	-1	-1
2975	2977	2974	1	-1	-1	-1
2934	3064	2932	1	-1	-1	-1
2898	3010	3023	1	-1	-1	-1
2894	3018	3019	0	-1	-1	-1
2933	3066	2934	1	-1	-1	-1
2938	2932	3064	1	-1	-1	-1
3018	2895	3021	1	-1	-1	-1
3020	3021	2895	1	-1	-1	-1
2937	2935	3068	1	-1	-1	-1
3022	2896	3023	1	-1	-1	-1
3025	3020	2897	1	-1	-1	-1
2938	3069	2935	1	-1	-1	-1
2897	3022	3024	1	-1	-1	-1
2937	3070	2936	1	-1	-1	-1
2897	3024	3025	1	-1	-1	-1
2941	2936	3070	1	-1	-1	-1
2902	3029	3017	1	-1	-1	-1
2927	2962	3060	1	-1	-1	-1
3072	2940	2939	1	-1	-1	-1
2939	2942	3072	1	-1	-1	-1
2900	3026	3027	1	-1	-1	-1
3006	3040	2909	1	-1	-1	-1
2943	2941	3074	1	-1	-1	-1
2942	2944	3072	1	-1	-1	-1
3028	3029	2902	1	-1	-1	-1
3075	2944	2943	1	-1	-1	-1
2903	3031	3030	1	-1	-1	-1
2904	3032	3031	1	-1	-1	-1
3027	3036	2906	1	-1	-1	-1
3032	2905	3034	1	-1	-1	-1
3077	2947	2948	1	-1	-1	-1
3034	2905	3033	1	-1	-1	-1
3028	2908	3037	1	-1	-1	-1
3035	3033	2906	1	-1	-1	-1
3038	2907	3030	1	-1	-1	-1
3079	2948	2949	1	-1	-1	-1
2906	3036	3035	1	-1	-1	-1
2956	3079	2949	1	-1	-1	-1
3037	2907	3038	1	-1	-1	-1
2950	2953	3081	1	-1	-1	-1
3080	2955	2950	1	-1	-1	-1
2976	2940	3072	1	-1	-1	-1
3040	3039	2909	1	-1	-1	-1
3082	2954	2952	1	-1	-1	-1
2954	3083	2953	1	-1	-1	-1
3042	2912	3041	1	-1	-1	-1
2971	2947	3078	1	-1	-1	-1
3039	3044	2913	1	-1	-1	-1
2957	3085	2956	1	-1	-1	-1
2963	2955	3080	1	-1	-1	-1
2913	3044	3043	1	-1	-1	-1
2957	2958	3086	1	-1	-1	-1
3045	2914	3043	1	-1	-1	-1
3045	3046	2914	1	-1	-1	-1
2959	2960	3087	1	-1	-1	-1
2922	3058	3026	1	-1	-1	-1
3087	2961	2959	1	-1	-1	-1
3047	2915	3046	1	-1	-1	-1
2917	3052	3041	1	-1	-1	-1
2916	3047	3049	1	-1	-1	-1
2962	2961	3089	1	-1	-1	-1
3086	2958	2969	1	-1	-1	-1
2960	2966	3087	1	-1	-1	-1
2916	3050	3048	1	-1	-1	-1
2916	3049	3050	1	-1	-1	-1
2917	3048	3051	1	-1	-1	-1
2971	3078	2970	0	-1	-1	-1
3051	3052	2917	1	-1	-1	-1
3092	2964	2965	1	-1	-1	-1
2963	3091	2967	1	-1	-1	-1
2964	3092	2966	1	-1	-1	-1
2918	3053	3054	1	-1	-1	-1
3042	3059	2923	1	-1	-1	-1
2967	3094	2965	1	-1	-1	-1
2920	3054	3056	1	-1	-1	-1
3056	3055	2920	1	-1	-1	-1
3057	2921	3055	1	-1	-1	-1
2969	2968	3098	0	-1	-1	-1
2923	3059	3053	1	-1	-1	-1
2970	3098	2968	0	-1	-1	-1
2922	3057	3058	1	-1	-1	-1
2952	3003	3082	1	-1	-1	-1
3099	2972	2973	1	-1	-1	-1
2973	2974	3100	1	-1	-1	-1
3099	2980	2972	1	-1	-1	-1
3060	3062	2929	1	-1	-1	-1
3062	3061	2929	1	-1	-1	-1
2974	2977	3102	1	-1	-1	-1
3061	3063	2930	1	-1	-1	-1
3105	2977	2976	1	-1	-1	-1
3065	2933	3063	1	-1	-1	-1
3066	2933	3065	1	-1	-1	-1
3064	2934	3067	1	-1	-1	-1
2980	3107	2979	1	-1	-1	-1
3066	3067	2934	1	-1	-1	-1
2978	2983	3106	1	-1	-1	-1
2981	2979	3108	1	-1	-1	-1
2978	3106	2986	1	-1	-1	-1
3064	3069	2938	1	-1	-1	-1
2935	3069	3068	1	-1	-1	-1
2981	3110	2982	1	-1	-1	-1
2982	3110	2983	1	-1	-1	-1
3071	2937	3068	1	-1	-1	-1
3071	3070	2937	1	-1	-1	-1
2985	3113	2984	1	-1	-1	-1
3073	2941	3070	1	-1	-1	-1
2986	3113	2985	1	-1	-1	-1
3003	3002	3082	1	-1	-1	-1
2941	3073	3074	1	-1	-1	-1
2943	3074	3075	1	-1	-1	-1
2989	2988	3115	0	-1	-1	-1
2944	3076	3072	1	-1	-1	-1
3076	2944	3075	1	-1	-1	-1
2989	3116	2991	0	-1	-1	-1
3117	2990	2991	0	-1	-1	-1
3078	2947	3077	1	-1	-1	-1
3117	2996	2990	0	-1	-1	-1
2948	3079	3077	1	-1	-1	-1
2993	3120	2992	0	-1	-1	-1
2994	3121	2993	0	-1	-1	-1
3081	3080	2950	1	-1	-1	-1
2992	3119	3000	0	-1	-1	-1
2995	3122	2994	0	-1	-1	-1
2962	3090	3060	1	-1	-1	-1
3125	2995	2996	0	-1	-1	-1
3081	2953	3083	1	-1	-1	-1
3082	3084	2954	1	-1	-1	-1
2956	3085	3079	1	-1	-1	-1
3083	2954	3084	1	-1	-1	-1
3115	2988	3019	0	-1	-1	-1
3040	3044	3039	1	-1	-1	-1
2998	3128	2997	0	-1	-1	-1
2997	3127	2999	1	-1	-1	-1
3000	3129	2998	0	-1	-1	-1
3086	3085	2957	1	-1	-1	-1
3132	3001	2999	1	-1	-1	-1
2963	3080	3091	1	-1	-1	-1
2961	3087	3088	1	-1	-1	-1
3001	3135	3002	1	-1	-1	-1
3088	3089	2961	1	-1	-1	-1
3090	2962	3089	1	-1	-1	-1
3137	3005	3004	0	-1	-1	-1
2970	3078	3098	0	-1	-1	-1
2966	3095	3087	1	-1	-1	-1
3005	3138	3006	0	-1	-1	-1
3092	2965	3093	1	-1	-1	-1
2965	3094	3093	1	-1	-1	-1
3072	3104	2976	1	-1	-1	-1
3098	3086	2969	0	-1	-1	-1
3092	3095	2966	1	-1	-1	-1
3091	3096	2967	1	-1	-1	-1
3008	3140	3007	1	-1	-1	-1
3141	3009	3007	1	-1	-1	-1
2967	3097	3094	1	-1	-1	-1
3096	3097	2967	1	-1	-1	-1
3143	3010	3009	1	-1	-1	-1
3008	3012	3142	1	-1	-1	-1
3002	3084	3082	1	-1	-1	-1
3011	3146	3012	1	-1	-1	-1
3011	3013	3147	1	-1	-1	-1
2973	3101	3099	1	-1	-1	-1
2973	3100	3101	1	-1	-1	-1
3010	3144	3023	1	-1	-1	-1
2974	3103	3100	1	-1	-1	-1
3014	3150	3013	1	-1	-1	-1
3102	3103	2974	1	-1	-1	-1
3015	3151	3014	1	-1	-1	-1
3152	3015	3016	1	-1	-1	-1
3105	3102	2977	1	-1	-1	-1
3105	2976	3104	1	-1	-1	-1
3006	3139	3040	1	-1	-1	-1
3154	3016	3017	1	-1	-1	-1
3109	2980	3099	1	-1	-1	-1
3018	3156	3019	0	-1	-1	-1
3108	2979	3107	1	-1	-1	-1
3018	3021	3156	0	-1	-1	-1
2980	3109	3107	1	-1	-1	-1
3158	3021	3020	1	-1	-1	-1
3110	2981	3108	1	-1	-1	-1
3111	3106	2983	1	-1	-1	-1
3017	3029	3155	1	-1	-1	-1
3157	3020	3025	1	-1	-1	-1
2983	3110	3111	1	-1	-1	-1
3161	3022	3023	1	-1	-1	-1
3114	2986	3106	1	-1	-1	-1
3160	3024	3022	1	-1	-1	-1
2984	3113	3112	1	-1	-1	-1
3062	3060	3090	1	-1	-1	-1
3024	3164	3025	1	-1	-1	-1
2986	3114	3113	1	-1	-1	-1
3070	3071	3073	1	-1	-1	-1
3115	3116	2989	0	-1	-1	-1
3027	3026	3167	1	-1	-1	-1
3084	3002	3135	1	-1	-1	-1
3118	2991	3116	0	-1	-1	-1
3029	3028	3168	1	-1	-1	-1
3117	2991	3118	0	-1	-1	-1
3027	3167	3036	1	-1	-1	-1
3119	2992	3120	0	-1	-1	-1
3171	3030	3031	1	-1	-1	-1
3120	2993	3121	0	-1	-1	-1
3037	3169	3028	1	-1	-1	-1
3172	3031	3032	1	-1	-1	-1
3123	3121	2994	0	-1	-1	-1
3117	3126	2996	0	-1	-1	-1
3038	3030	3171	1	-1	-1	-1
3123	2994	3122	0	-1	-1	-1
3174	3032	3034	1	-1	-1	-1
2995	3124	3122	0	-1	-1	-1
3033	3175	3034	1	-1	-1	-1
2995	3125	3124	0	-1	-1	-1
3033	3035	3176	1	-1	-1	-1
2996	3126	3125	0	-1	-1	-1
3035	3036	3179	1	-1	-1	-1
3167	3026	3058	1	-1	-1	-1
3104	3072	3076	1	-1	-1	-1
2997	3128	3127	1	-1	-1	-1
3000	3119	3134	0	-1	-1	-1
2998	3130	3128	0	-1	-1	-1
3129	3130	2998	0	-1	-1	-1
3127	3131	2999	1	-1	-1	-1
3037	3038	3183	1	-1	-1	-1
3129	3000	3133	0	-1	-1	-1
2999	3131	3132	1	-1	-1	-1
3134	3133	3000	0	-1	-1	-1
3136	3001	3132	1	-1	-1	-1
3188	3044	3040	1	-1	-1	-1
3135	3001	3136	1	-1	-1	-1
3189	3042	3041	1	-1	-1	-1
3044	3192	3043	1	-1	-1	-1
3045	3043	3191	1	-1	-1	-1
3005	3137	3138	0	-1	-1	-1
3189	3041	3052	1	-1	-1	-1
3138	3139	3006	0	-1	-1	-1
3045	3194	3046	1	-1	-1	-1
3046	3195	3047	1	-1	-1	-1
3141	3007	3140	1	-1	-1	-1
3142	3140	3008	1	-1	-1	-1
3019	3156	3115	0	-1	-1	-1
3190	3059	3042	1	-1	-1	-1
3047	3195	3049	1	-1	-1	-1
3141	3143	3009	1	-1	-1	-1
3050	3196	3048	1	-1	-1	-1
3196	3051	3048	1	-1	-1	-1
3049	3198	3050	1	-1	-1	-1
3010	3143	3145	1	-1	-1	-1
3144	3010	3145	1	-1	-1	-1
3012	3148	3142	1	-1	-1	-1
3011	3147	3146	1	-1	-1	-1
3202	3052	3051	1	-1	-1	-1
3148	3012	3146	1	-1	-1	-1
3013	3149	3147	1	-1	-1	-1
3109	3099	3101	1	-1	-1	-1
3204	3054	3053	1	-1	-1	-1
3150	3149	3013	1	-1	-1	-1
3056	3054	3204	1	-1	-1	-1
3150	3014	3151	1	-1	-1	-1
3204	3053	3059	1	-1	-1	-1
3055	3205	3057	1	-1	-1	-1
3206	3055	3056	1	-1	-1	-1
3151	3015	3152	1	-1	-1	-1
3016	3153	3152	1	-1	-1	-1
3153	3016	3154	1	-1	-1	-1
3057	3208	3058	1	-1	-1	-1
3017	3155	3154	1	-1	-1	-1
3023	3144	3163	1	-1	-1	-1
3211	3061	3062	1	-1	-1	-1
3063	3061	3211	1	-1	-1	-1
3157	3158	3020	1	-1	-1	-1
3021	3159	3156	0	-1	-1	-1
3159	3021	3158	0	-1	-1	-1
3065	3063	3211	1	-1	-1	-1
3160	3022	3162	1	-1	-1	-1
3064	3067	3214	1	-1	-1	-1
3022	3161	3162	1	-1	-1	-1
3163	3161	3023	1	-1	-1	-1
3066	3065	3216	1	-1	-1	-1
3069	3064	3214	1	-1	-1	-1
3025	3166	3157	1	-1	-1	-1
3024	3160	3165	1	-1	-1	-1
3066	3217	3067	1	-1	-1	-1
3164	3024	3165	1	-1	-1	-1
3029	3170	3155	1	-1	-1	-1
3164	3166	3025	1	-1	-1	-1
3068	3069	3219	1	-1	-1	-1
3071	3068	3219	1	-1	-1	-1
3062	3090	3212	1	-1	-1	-1
3168	3028	3169	1	-1	-1	-1
3071	3221	3073	1	-1	-1	-1
3040	3139	3187	1	-1	-1	-1
3168	3170	3029	1	-1	-1	-1
3073	3223	3074	1	-1	-1	-1
3074	3224	3075	1	-1	-1	-1
3031	3172	3171	1	-1	-1	-1
3032	3173	3172	1	-1	-1	-1
3076	3075	3226	1	-1	-1	-1
3032	3174	3173	1	-1	-1	-1
3229	3078	3077	1	-1	-1	-1
3175	3033	3176	1	-1	-1	-1
3174	3034	3177	1	-1	-1	-1
3036	3167	3182	1	-1	-1	-1
3079	3229	3077	1	-1	-1	-1
3178	3034	3175	1	-1	-1	-1
3115	3156	3116	0	-1	-1	-1
3037	3183	3169	1	-1	-1	-1
3178	3177	3034	1	-1	-1	-1
3212	3090	3089	1	-1	-1	-1
3035	3180	3176	1	-1	-1	-1
3081	3230	3080	1	-1	-1	-1
3038	3171	3184	1	-1	-1	-1
3229	3079	3085	1	-1	-1	-1
3179	3180	3035	1	-1	-1	-1
3231	3081	3083	1	-1	-1	-1
3036	3181	3179	1	-1	-1	-1
3182	3181	3036	1	-1	-1	-1
3086	3229	3085	0	-1	-1	-1
3084	3233	3083	1	-1	-1	-1
3080	3230	3091	1	-1	-1	-1
3229	3098	3078	0	-1	-1	-1
3185	3183	3038	1	-1	-1	-1
3104	3076	3228	1	-1	-1	-1
3184	3186	3038	1	-1	-1	-1
3185	3038	3186	1	-1	-1	-1
3088	3087	3235	1	-1	-1	-1
3089	3088	3236	1	-1	-1	-1
3098	3229	3086	0	-1	-1	-1
3187	3188	3040	1	-1	-1	-1
3087	3095	3235	1	-1	-1	-1
3189	3190	3042	1	-1	-1	-1
3093	3238	3092	1	-1	-1	-1
3237	3096	3091	1	-1	-1	-1
3188	3193	3044	1	-1	-1	-1
3095	3092	3238	1	-1	-1	-1
3192	3191	3043	1	-1	-1	-1
3094	3239	3093	1	-1	-1	-1
3193	3192	3044	1	-1	-1	-1
3191	3194	3045	1	-1	-1	-1
3097	3240	3094	1	-1	-1	-1
3209	3167	3058	1	-1	-1	-1
3195	3046	3194	1	-1	-1	-1
3097	3096	3242	1	-1	-1	-1
3228	3105	3104	1	-1	-1	-1
3195	3197	3049	1	-1	-1	-1
3198	3049	3197	1	-1	-1	-1
3052	3203	3189	1	-1	-1	-1
3050	3199	3196	1	-1	-1	-1
3245	3101	3100	1	-1	-1	-1
3103	3245	3100	1	-1	-1	-1
3196	3201	3051	1	-1	-1	-1
3050	3198	3200	1	-1	-1	-1
3200	3199	3050	1	-1	-1	-1
3102	3247	3103	1	-1	-1	-1
3084	3135	3234	1	-1	-1	-1
3201	3202	3051	1	-1	-1	-1
3102	3105	3247	1	-1	-1	-1
3109	3101	3246	1	-1	-1	-1
3203	3052	3202	1	-1	-1	-1
3059	3190	3210	1	-1	-1	-1
3205	3055	3206	1	-1	-1	-1
3251	3107	3109	1	-1	-1	-1
3252	3108	3107	1	-1	-1	-1
3250	3106	3111	1	-1	-1	-1
3056	3204	3207	1	-1	-1	-1
3206	3056	3207	1	-1	-1	-1
3114	3106	3250	1	-1	-1	-1
3205	3208	3057	1	-1	-1	-1
3253	3110	3108	1	-1	-1	-1
3059	3210	3204	1	-1	-1	-1
3058	3208	3209	1	-1	-1	-1
3255	3111	3110	1	-1	-1	-1
3112	3113	3257	1	-1	-1	-1
3257	3113	3114	1	-1	-1	-1
3211	3062	3213	1	-1	-1	-1
3062	3212	3213	1	-1	-1	-1
3065	3211	3215	1	-1	-1	-1
3118	3116	3258	0	-1	-1	-1
3118	3259	3117	0	-1	-1	-1
3065	3215	3216	1	-1	-1	-1
3218	3214	3067	1	-1	-1	-1
3066	3216	3217	1	-1	-1	-1
3120	3261	3119	0	-1	-1	-1
3217	3218	3067	1	-1	-1	-1
3219	3069	3214	1	-1	-1	-1
3260	3126	3117	0	-1	-1	-1
3136	3234	3135	1	-1	-1	-1
3264	3120	3121	0	-1	-1	-1
3121	3123	3264	0	-1	-1	-1
3123	3122	3266	1	-1	-1	-1
3124	3265	3122	1	-1	-1	-1
3071	3220	3221	1	-1	-1	-1
3219	3222	3071	1	-1	-1	-1
3220	3071	3222	1	-1	-1	-1
3262	3134	3119	0	-1	-1	-1
3221	3223	3073	1	-1	-1	-1
3125	3269	3124	0	-1	-1	-1
3074	3223	3224	1	-1	-1	-1
3270	3125	3126	0	-1	-1	-1
3075	3224	3225	1	-1	-1	-1
3127	3128	3271	1	-1	-1	-1
3075	3225	3226	1	-1	-1	-1
3226	3227	3076	1	-1	-1	-1
3271	3131	3127	1	-1	-1	-1
3130	3272	3128	0	-1	-1	-1
3156	3258	3116	0	-1	-1	-1
3228	3076	3227	1	-1	-1	-1
3129	3273	3130	0	-1	-1	-1
3273	3129	3133	0	-1	-1	-1
3236	3212	3089	1	-1	-1	-1
3132	3131	3276	1	-1	-1	-1
3230	3081	3232	1	-1	-1	-1
3081	3231	3232	1	-1	-1	-1
3277	3136	3132	1	-1	-1	-1
3279	3133	3134	0	-1	-1	-1
3233	3231	3083	1	-1	-1	-1
3084	3234	3233	1	-1	-1	-1
3091	3230	3237	1	-1	-1	-1
3236	3088	3235	1	-1	-1	-1
3137	3285	3138	0	-1	-1	-1
3286	3139	3138	0	-1	-1	-1
3141	3140	3288	1	-1	-1	-1
3239	3238	3093	1	-1	-1	-1
3142	3288	3140	1	-1	-1	-1
3241	3235	3095	1	-1	-1	-1
3258	3156	3159	0	-1	-1	-1
3289	3143	3141	1	-1	-1	-1
3094	3240	3239	1	-1	-1	-1
3238	3241	3095	1	-1	-1	-1
3237	3242	3096	1	-1	-1	-1
3145	3143	3292	1	-1	-1	-1
3291	3142	3148	1	-1	-1	-1
3097	3244	3240	1	-1	-1	-1
3242	3243	3097	1	-1	-1	-1
3144	3145	3293	1	-1	-1	-1
3228	3249	3105	1	-1	-1	-1
3097	3243	3244	1	-1	-1	-1
3147	3295	3146	1	-1	-1	-1
3146	3295	3148	1	-1	-1	-1
3101	3245	3246	1	-1	-1	-1
3147	3149	3296	1	-1	-1	-1
3245	3103	3248	1	-1	-1	-1
3248	3103	3247	1	-1	-1	-1
3150	3299	3149	2	-1	-1	-1
3293	3163	3144	1	-1	-1	-1
3247	3105	3249	1	-1	-1	-1
3301	3150	3151	2	-1	-1	-1
3302	3151	3152	2	-1	-1	-1
3109	3246	3251	1	-1	-1	-1
3152	3153	3303	2	-1	-1	-1
3251	3252	3107	1	-1	-1	-1
3153	3154	3304	1	-1	-1	-1
3139	3287	3187	1	-1	-1	-1
3252	3254	3108	1	-1	-1	-1
3108	3254	3253	1	-1	-1	-1
3155	3307	3154	1	-1	-1	-1
3255	3250	3111	1	-1	-1	-1
3255	3110	3253	1	-1	-1	-1
3257	3114	3250	1	-1	-1	-1
3157	3308	3158	1	-1	-1	-1
3256	3112	3257	1	-1	-1	-1
3158	3309	3159	0	-1	-1	-1
3308	3157	3166	1	-1	-1	-1
3307	3155	3170	1	-1	-1	-1
3312	3160	3162	1	-1	-1	-1
3259	3118	3258	0	-1	-1	-1
3259	3260	3117	0	-1	-1	-1
3160	3311	3165	1	-1	-1	-1
3162	3161	3313	1	-1	-1	-1
3314	3161	3163	1	-1	-1	-1
3119	3261	3262	0	-1	-1	-1
3120	3263	3261	0	-1	-1	-1
3264	3263	3120	0	-1	-1	-1
3320	3164	3165	1	-1	-1	-1
3319	3166	3164	1	-1	-1	-1
3265	3266	3122	1	-1	-1	-1
3234	3136	3283	1	-1	-1	-1
3123	3267	3264	1	-1	-1	-1
3214	3218	3222	1	-1	-1	-1
3214	3222	3219	1	-1	-1	-1
3267	3123	3266	1	-1	-1	-1
3126	3260	3270	0	-1	-1	-1
3268	3265	3124	1	-1	-1	-1
3269	3268	3124	1	-1	-1	-1
3168	3324	3170	1	-1	-1	-1
3169	3325	3168	1	-1	-1	-1
3125	3270	3269	0	-1	-1	-1
3272	3271	3128	1	-1	-1	-1
3328	3171	3172	1	-1	-1	-1
3167	3323	3182	1	-1	-1	-1
3330	3172	3173	1	-1	-1	-1
3130	3274	3272	0	-1	-1	-1
3275	3131	3271	1	-1	-1	-1
3130	3273	3274	0	-1	-1	-1
3174	3331	3173	1	-1	-1	-1
3183	3326	3169	1	-1	-1	-1
3282	3134	3262	0	-1	-1	-1
3131	3275	3276	1	-1	-1	-1
3184	3171	3329	1	-1	-1	-1
3174	3177	3333	1	-1	-1	-1
3176	3334	3175	1	-1	-1	-1
3278	3132	3276	1	-1	-1	-1
3273	3133	3280	0	-1	-1	-1
3175	3334	3178	1	-1	-1	-1
3278	3277	3132	1	-1	-1	-1
3133	3279	3280	0	-1	-1	-1
3180	3336	3176	1	-1	-1	-1
3178	3338	3177	1	-1	-1	-1
3134	3281	3279	0	-1	-1	-1
3185	3326	3183	1	-1	-1	-1
3136	3277	3283	1	-1	-1	-1
3134	3282	3281	0	-1	-1	-1
3323	3167	3209	1	-1	-1	-1
3179	3340	3180	1	-1	-1	-1
3232	3237	3230	1	-1	-1	-1
3341	3179	3181	1	-1	-1	-1
3137	3284	3285	0	-1	-1	-1
3344	3181	3182	1	-1	-1	-1
3138	3285	3286	0	-1	-1	-1
3286	3287	3139	0	-1	-1	-1
3184	3346	3186	1	-1	-1	-1
3289	3141	3288	1	-1	-1	-1
3288	3142	3290	1	-1	-1	-1
3186	3349	3185	1	-1	-1	-1
3290	3142	3291	1	-1	-1	-1
3289	3292	3143	1	-1	-1	-1
3159	3310	3258	0	-1	-1	-1
3187	3352	3188	1	-1	-1	-1
3292	3294	3145	1	-1	-1	-1
3190	3189	3353	1	-1	-1	-1
3294	3293	3145	1	-1	-1	-1
3352	3193	3188	1	-1	-1	-1
3291	3148	3298	1	-1	-1	-1
3297	3295	3147	1	-1	-1	-1
3191	3192	3356	1	-1	-1	-1
3297	3147	3296	1	-1	-1	-1
3194	3191	3355	1	-1	-1	-1
3295	3298	3148	1	-1	-1	-1
3193	3357	3192	1	-1	-1	-1
3149	3300	3296	2	-1	-1	-1
3189	3203	3354	1	-1	-1	-1
3195	3194	3359	1	-1	-1	-1
3300	3149	3299	2	-1	-1	-1
3301	3299	3150	2	-1	-1	-1
3359	3197	3195	1	-1	-1	-1
3210	3190	3353	1	-1	-1	-1
3301	3151	3302	2	-1	-1	-1
3196	3199	3361	1	-1	-1	-1
3152	3303	3302	2	-1	-1	-1
3363	3198	3197	1	-1	-1	-1
3362	3201	3196	1	-1	-1	-1
3305	3303	3153	2	-1	-1	-1
3305	3153	3304	2	-1	-1	-1
3198	3365	3200	1	-1	-1	-1
3304	3154	3306	1	-1	-1	-1
3200	3367	3199	1	-1	-1	-1
3306	3154	3307	1	-1	-1	-1
3370	3202	3201	1	-1	-1	-1
3293	3317	3163	1	-1	-1	-1
3309	3158	3308	0	-1	-1	-1
3371	3203	3202	1	-1	-1	-1
3310	3159	3309	0	-1	-1	-1
3312	3311	3160	1	-1	-1	-1
3207	3204	3373	1	-1	-1	-1
3374	3205	3206	1	-1	-1	-1
3204	3210	3373	1	-1	-1	-1
3313	3161	3314	1	-1	-1	-1
3205	3375	3208	1	-1	-1	-1
3315	3312	3162	1	-1	-1	-1
3207	3376	3206	1	-1	-1	-1
3313	3316	3162	1	-1	-1	-1
3315	3162	3316	1	-1	-1	-1
3209	3208	3378	1	-1	-1	-1
3314	3163	3318	1	-1	-1	-1
3322	3308	3166	1	-1	-1	-1
3321	3165	3311	1	-1	-1	-1
3163	3317	3318	1	-1	-1	-1
3319	3164	3320	1	-1	-1	-1
3307	3170	3327	1	-1	-1	-1
3381	3211	3213	1	-1	-1	-1
3320	3165	3321	1	-1	-1	-1
3382	3213	3212	1	-1	-1	-1
3215	3211	3381	1	-1	-1	-1
3166	3319	3322	1	-1	-1	-1
3216	3215	3384	1	-1	-1	-1
3325	3324	3168	1	-1	-1	-1
3216	3386	3217	1	-1	-1	-1
3169	3326	3325	1	-1	-1	-1
3324	3327	3170	1	-1	-1	-1
3388	3218	3217	1	-1	-1	-1
3352	3187	3287	1	-1	-1	-1
3310	3259	3258	0	-1	-1	-1
3328	3329	3171	1	-1	-1	-1
3222	3218	3389	1	-1	-1	-1
3330	3328	3172	1	-1	-1	-1
3212	3236	3382	1	-1	-1	-1
3220	3222	3390	1	-1	-1	-1
3221	3220	3391	1	-1	-1	-1
3173	3332	3330	1	-1	-1	-1
3223	3221	3392	1	-1	-1	-1
3332	3173	3331	1	-1	-1	-1
3174	3333	3331	1	-1	-1	-1
3224	3223	3392	1	-1	-1	-1
3393	3225	3224	1	-1	-1	-1
3335	3334	3176	1	-1	-1	-1
3226	3225	3394	1	-1	-1	-1
3337	3333	3177	1	-1	-1	-1
3336	3335	3176	1	-1	-1	-1
3227	3226	3395	1	-1	-1	-1
3182	3323	3345	1	-1	-1	-1
3334	3339	3178	1	-1	-1	-1
3228	3227	3396	1	-1	-1	-1
3338	3337	3177	1	-1	-1	-1
3269	3316	3268	1	-1	-1	-1
3339	3338	3178	1	-1	-1	-1
3336	3180	3342	1	-1	-1	-1
3347	3326	3185	1	-1	-1	-1
3184	3329	3346	1	-1	-1	-1
3341	3340	3179	1	-1	-1	-1
3231	3398	3232	1	-1	-1	-1
3233	3398	3231	1	-1	-1	-1
3180	3340	3343	1	-1	-1	-1
3342	3180	3343	1	-1	-1	-1
3181	3344	3341	1	-1	-1	-1
3233	3234	3400	1	-1	-1	-1
3237	3232	3399	1	-1	-1	-1
3344	3182	3345	1	-1	-1	-1
3236	3235	3402	1	-1	-1	-1
3397	3249	3228	1	-1	-1	-1
3241	3401	3235	1	-1	-1	-1
3348	3347	3185	1	-1	-1	-1
3348	3185	3349	1	-1	-1	-1
3238	3239	3405	1	-1	-1	-1
3237	3404	3242	1	-1	-1	-1
3186	3346	3351	1	-1	-1	-1
3405	3241	3238	1	-1	-1	-1
3350	3349	3186	1	-1	-1	-1
3239	3240	3406	1	-1	-1	-1
3351	3350	3186	1	-1	-1	-1
3240	3244	3407	1	-1	-1	-1
3243	3242	3409	1	-1	-1	-1
3353	3189	3354	1	-1	-1	-1
3410	3244	3243	1	-1	-1	-1
3355	3191	3356	1	-1	-1	-1
3193	3352	3358	1	-1	-1	-1
3245	3413	3246	1	-1	-1	-1
3192	3357	3356	1	-1	-1	-1
3248	3414	3245	1	-1	-1	-1
3357	3193	3358	1	-1	-1	-1
3355	3360	3194	1	-1	-1	-1
3379	3323	3209	1	-1	-1	-1
3416	3248	3247	1	-1	-1	-1
3249	3416	3247	1	-1	-1	-1
3246	3415	3251	1	-1	-1	-1
3359	3194	3360	1	-1	-1	-1
3234	3283	3400	1	-1	-1	-1
3196	3361	3362	1	-1	-1	-1
3197	3359	3364	1	-1	-1	-1
3252	3251	3420	1	-1	-1	-1
3419	3250	3255	1	-1	-1	-1
3363	3197	3364	1	-1	-1	-1
3250	3418	3257	1	-1	-1	-1
3361	3199	3367	1	-1	-1	-1
3366	3198	3363	1	-1	-1	-1
3422	3254	3252	1	-1	-1	-1
3203	3372	3354	1	-1	-1	-1
3198	3366	3365	1	-1	-1	-1
3253	3423	3255	1	-1	-1	-1
3256	3257	3418	1	-1	-1	-1
3253	3254	3424	1	-1	-1	-1
3369	3201	3362	1	-1	-1	-1
3200	3365	3368	1	-1	-1	-1
3367	3200	3368	1	-1	-1	-1
3369	3370	3201	1	-1	-1	-1
3353	3380	3210	1	-1	-1	-1
3371	3202	3370	1	-1	-1	-1
3260	3259	3427	0	-1	-1	-1
3372	3203	3371	1	-1	-1	-1
3262	3261	3429	0	-1	-1	-1
3263	3429	3261	0	-1	-1	-1
3205	3374	3375	1	-1	-1	-1
3376	3374	3206	1	-1	-1	-1
3377	3207	3373	1	-1	-1	-1
3264	3431	3263	1	-1	-1	-1
3260	3428	3270	0	-1	-1	-1
3376	3207	3377	1	-1	-1	-1
3208	3375	3378	1	-1	-1	-1
3267	3431	3264	1	-1	-1	-1
3380	3373	3210	1	-1	-1	-1
3433	3266	3265	1	-1	-1	-1
3209	3378	3379	1	-1	-1	-1
3268	3433	3265	1	-1	-1	-1
3435	3267	3266	1	-1	-1	-1
3282	3262	3430	0	-1	-1	-1
3270	3437	3269	0	-1	-1	-1
3383	3381	3213	1	-1	-1	-1
3383	3213	3382	1	-1	-1	-1
3215	3381	3385	1	-1	-1	-1
3272	3438	3271	1	-1	-1	-1
3438	3275	3271	1	-1	-1	-1
3215	3385	3384	1	-1	-1	-1
3439	3272	3274	0	-1	-1	-1
3216	3384	3386	1	-1	-1	-1
3273	3440	3274	0	-1	-1	-1
3217	3386	3387	1	-1	-1	-1
3388	3217	3387	1	-1	-1	-1
3275	3442	3276	1	-1	-1	-1
3273	3280	3440	0	-1	-1	-1
3389	3218	3388	1	-1	-1	-1
3310	3427	3259	0	-1	-1	-1
3278	3276	3443	1	-1	-1	-1
3444	3277	3278	1	-1	-1	-1
3390	3222	3389	1	-1	-1	-1
3390	3391	3220	1	-1	-1	-1
3277	3444	3283	1	-1	-1	-1
3392	3221	3391	1	-1	-1	-1
3447	3280	3279	0	-1	-1	-1
3279	3281	3448	0	-1	-1	-1
3392	3393	3224	1	-1	-1	-1
3225	3393	3394	1	-1	-1	-1
3282	3450	3281	0	-1	-1	-1
3226	3394	3395	1	-1	-1	-1
3316	3433	3268	1	-1	-1	-1
3227	3395	3396	1	-1	-1	-1
3397	3228	3396	1	-1	-1	-1
3382	3236	3403	1	-1	-1	-1
3437	3316	3269	1	-1	-1	-1
3285	3284	3455	0	-1	-1	-1
3286	3285	3456	0	-1	-1	-1
3286	3456	3287	0	-1	-1	-1
3398	3399	3232	1	-1	-1	-1
3398	3233	3400	1	-1	-1	-1
3289	3288	3458	1	-1	-1	-1
3290	3458	3288	1	-1	-1	-1
3401	3402	3235	1	-1	-1	-1
3404	3237	3399	1	-1	-1	-1
3236	3402	3403	1	-1	-1	-1
3289	3460	3292	1	-1	-1	-1
3462	3290	3291	1	-1	-1	-1
3379	3345	3323	1	-1	-1	-1
3406	3405	3239	1	-1	-1	-1
3292	3464	3294	1	-1	-1	-1
3408	3401	3241	1	-1	-1	-1
3291	3298	3463	1	-1	-1	-1
3294	3465	3293	1	-1	-1	-1
3240	3407	3406	1	-1	-1	-1
3241	3405	3408	1	-1	-1	-1
3242	3404	3409	1	-1	-1	-1
3466	3295	3297	1	-1	-1	-1
3466	3298	3295	1	-1	-1	-1
3467	3297	3296	2	-1	-1	-1
3249	3397	3416	1	-1	-1	-1
3316	3313	3433	1	-1	-1	-1
3407	3244	3412	1	-1	-1	-1
3467	3296	3300	2	-1	-1	-1
3411	3243	3409	1	-1	-1	-1
3243	3411	3410	1	-1	-1	-1
3244	3410	3412	1	-1	-1	-1
3437	3315	3316	1	-1	-1	-1
3300	3299	3470	2	-1	-1	-1
3470	3299	3301	2	-1	-1	-1
3414	3413	3245	1	-1	-1	-1
3413	3415	3246	1	-1	-1	-1
3465	3317	3293	1	-1	-1	-1
3301	3302	3474	2	-1	-1	-1
3414	3248	3417	1	-1	-1	-1
3302	3303	3475	2	-1	-1	-1
3416	3417	3248	1	-1	-1	-1
3475	3303	3305	2	-1	-1	-1
3305	3304	3476	2	-1	-1	-1
3251	3415	3420	1	-1	-1	-1
3304	3306	3476	2	-1	-1	-1
3418	3250	3419	1	-1	-1	-1
3306	3307	3479	1	-1	-1	-1
3421	3252	3420	1	-1	-1	-1
3422	3252	3421	1	-1	-1	-1
3287	3457	3352	1	-1	-1	-1
3419	3255	3423	1	-1	-1	-1
3308	3481	3309	0	-1	-1	-1
3256	3418	3426	1	-1	-1	-1
3424	3423	3253	1	-1	-1	-1
3309	3482	3310	0	-1	-1	-1
3425	3254	3422	1	-1	-1	-1
3254	3425	3424	1	-1	-1	-1
3312	3484	3311	1	-1	-1	-1
3322	3481	3308	0	-1	-1	-1
3485	3312	3315	1	-1	-1	-1
3486	3313	3314	1	-1	-1	-1
3307	3327	3479	1	-1	-1	-1
3427	3428	3260	0	-1	-1	-1
3311	3483	3321	1	-1	-1	-1
3314	3318	3487	1	-1	-1	-1
3429	3430	3262	0	-1	-1	-1
3263	3432	3429	1	-1	-1	-1
3317	3491	3318	1	-1	-1	-1
3263	3431	3432	1	-1	-1	-1
3493	3319	3320	1	-1	-1	-1
3435	3431	3267	1	-1	-1	-1
3433	3434	3266	1	-1	-1	-1
3319	3493	3322	1	-1	-1	-1
3270	3428	3437	0	-1	-1	-1
3320	3321	3494	1	-1	-1	-1
3400	3283	3453	1	-1	-1	-1
3266	3434	3436	1	-1	-1	-1
3266	3436	3435	1	-1	-1	-1
3325	3498	3324	1	-1	-1	-1
3324	3497	3327	1	-1	-1	-1
3438	3272	3439	1	-1	-1	-1
3325	3326	3500	1	-1	-1	-1
3439	3274	3440	0	-1	-1	-1
3275	3438	3441	1	-1	-1	-1
3441	3442	3275	1	-1	-1	-1
3329	3328	3502	1	-1	-1	-1
3330	3502	3328	1	-1	-1	-1
3442	3443	3276	1	-1	-1	-1
3282	3430	3452	0	-1	-1	-1
3330	3332	3504	1	-1	-1	-1
3278	3443	3446	1	-1	-1	-1
3444	3278	3445	1	-1	-1	-1
3352	3457	3358	1	-1	-1	-1
3403	3383	3382	1	-1	-1	-1
3332	3331	3506	1	-1	-1	-1
3278	3446	3445	1	-1	-1	-1
3440	3280	3449	0	-1	-1	-1
3333	3506	3331	1	-1	-1	-1
3326	3347	3500	1	-1	-1	-1
3448	3447	3279	0	-1	-1	-1
3449	3280	3447	0	-1	-1	-1
3503	3346	3329	1	-1	-1	-1
3333	3337	3508	1	-1	-1	-1
3334	3335	3510	1	-1	-1	-1
3283	3444	3453	1	-1	-1	-1
3281	3451	3448	0	-1	-1	-1
3451	3281	3450	0	-1	-1	-1
3339	3334	3510	1	-1	-1	-1
3512	3335	3336	1	-1	-1	-1
3452	3450	3282	0	-1	-1	-1
3338	3514	3337	3	-1	-1	-1
3336	3342	3513	1	-1	-1	-1
3284	3454	3455	0	-1	-1	-1
3516	3338	3339	3	-1	-1	-1
3285	3455	3456	0	-1	-1	-1
3518	3340	3341	1	-1	-1	-1
3287	3456	3457	0	-1	-1	-1
3518	3343	3340	1	-1	-1	-1
3519	3341	3344	1	-1	-1	-1
3520	3342	3343	1	-1	-1	-1
3458	3459	3289	1	-1	-1	-1
3460	3289	3459	1	-1	-1	-1
3290	3461	3458	1	-1	-1	-1
3345	3523	3344	1	-1	-1	-1
3290	3462	3461	1	-1	-1	-1
3460	3464	3292	1	-1	-1	-1
3463	3462	3291	1	-1	-1	-1
3482	3427	3310	0	-1	-1	-1
3347	3348	3528	1	-1	-1	-1
3526	3351	3346	1	-1	-1	-1
3465	3294	3464	1	-1	-1	-1
3349	3529	3348	1	-1	-1	-1
3531	3349	3350	1	-1	-1	-1
3297	3468	3466	2	-1	-1	-1
3469	3463	3298	1	-1	-1	-1
3486	3433	3313	1	-1	-1	-1
3297	3467	3468	2	-1	-1	-1
3351	3532	3350	1	-1	-1	-1
3466	3469	3298	1	-1	-1	-1
3467	3300	3471	2	-1	-1	-1
3489	3315	3437	1	-1	-1	-1
3353	3354	3534	1	-1	-1	-1
3300	3470	3472	2	-1	-1	-1
3471	3300	3472	2	-1	-1	-1
3301	3473	3470	2	-1	-1	-1
3356	3536	3355	1	-1	-1	-1
3379	3524	3345	1	-1	-1	-1
3473	3301	3474	2	-1	-1	-1
3356	3357	3537	1	-1	-1	-1
3355	3536	3360	1	-1	-1	-1
3302	3475	3474	2	-1	-1	-1
3357	3358	3537	1	-1	-1	-1
3305	3476	3477	2	-1	-1	-1
3305	3478	3475	2	-1	-1	-1
3539	3359	3360	1	-1	-1	-1
3477	3478	3305	2	-1	-1	-1
3372	3535	3354	1	-1	-1	-1
3359	3539	3364	1	-1	-1	-1
3476	3306	3480	2	-1	-1	-1
3419	3426	3418	1	-1	-1	-1
3534	3380	3353	1	-1	-1	-1
3480	3306	3479	2	-1	-1	-1
3542	3363	3364	1	-1	-1	-1
3363	3542	3366	1	-1	-1	-1
3490	3317	3465	1	-1	-1	-1
3481	3482	3309	0	-1	-1	-1
3365	3366	3545	1	-1	-1	-1
3484	3483	3311	1	-1	-1	-1
3365	3546	3368	1	-1	-1	-1
3312	3485	3484	1	-1	-1	-1
3314	3488	3486	1	-1	-1	-1
3369	3549	3370	1	-1	-1	-1
3488	3314	3487	1	-1	-1	-1
3315	3489	3485	1	-1	-1	-1
3550	3371	3370	1	-1	-1	-1
3372	3371	3550	1	-1	-1	-1
3487	3318	3492	1	-1	-1	-1
3317	3490	3491	1	-1	-1	-1
3322	3496	3481	0	-1	-1	-1
3321	3483	3495	1	-1	-1	-1
3492	3318	3491	1	-1	-1	-1
3377	3373	3552	1	-1	-1	-1
3374	3553	3375	1	-1	-1	-1
3553	3374	3376	1	-1	-1	-1
3552	3373	3380	1	-1	-1	-1
3375	3554	3378	1	-1	-1	-1
3493	3320	3494	1	-1	-1	-1
3479	3327	3501	1	-1	-1	-1
3321	3495	3494	1	-1	-1	-1
3557	3376	3377	1	-1	-1	-1
3322	3493	3496	0	-1	-1	-1
3378	3559	3379	1	-1	-1	-1
3324	3498	3497	1	-1	-1	-1
3499	3498	3325	1	-1	-1	-1
3325	3500	3499	1	-1	-1	-1
3501	3327	3497	1	-1	-1	-1
3381	3383	3561	1	-1	-1	-1
3561	3385	3381	1	-1	-1	-1
3440	3449	3439	0	-1	-1	-1
3502	3503	3329	1	-1	-1	-1
3565	3384	3385	1	-1	-1	-1
3386	3384	3565	1	-1	-1	-1
3505	3502	3330	1	-1	-1	-1
3330	3504	3505	1	-1	-1	-1
3386	3568	3387	1	-1	-1	-1
3332	3507	3504	1	-1	-1	-1
3507	3332	3506	1	-1	-1	-1
3570	3388	3387	1	-1	-1	-1
3389	3388	3571	1	-1	-1	-1
3333	3509	3506	1	-1	-1	-1
3562	3383	3403	1	-1	-1	-1
3509	3333	3508	1	-1	-1	-1
3572	3390	3389	1	-1	-1	-1
3486	3434	3433	1	-1	-1	-1
3457	3538	3358	1	-1	-1	-1
3390	3573	3391	1	-1	-1	-1
3437	3428	3489	0	-1	-1	-1
3335	3511	3510	1	-1	-1	-1
3392	3391	3574	1	-1	-1	-1
3511	3335	3512	1	-1	-1	-1
3574	3393	3392	1	-1	-1	-1
3337	3515	3508	3	-1	-1	-1
3336	3513	3512	1	-1	-1	-1
3393	3576	3394	1	-1	-1	-1
3515	3337	3514	3	-1	-1	-1
3517	3339	3510	3	-1	-1	-1
3395	3394	3578	1	-1	-1	-1
3516	3514	3338	3	-1	-1	-1
3457	3456	3455	0	-1	-1	-1
3579	3396	3395	1	-1	-1	-1
3516	3339	3517	3	-1	-1	-1
3580	3397	3396	1	-1	-1	-1
3527	3500	3347	1	-1	-1	-1
3503	3526	3346	1	-1	-1	-1
3342	3521	3513	1	-1	-1	-1
3518	3341	3519	1	-1	-1	-1
3399	3398	3583	1	-1	-1	-1
3398	3400	3582	1	-1	-1	-1
3521	3342	3520	1	-1	-1	-1
3518	3522	3343	1	-1	-1	-1
3520	3343	3522	1	-1	-1	-1
3519	3344	3523	1	-1	-1	-1
3584	3404	3399	1	-1	-1	-1
3401	3585	3402	1	-1	-1	-1
3586	3403	3402	1	-1	-1	-1
3345	3525	3523	1	-1	-1	-1
3585	3401	3408	1	-1	-1	-1
3581	3416	3397	1	-1	-1	-1
3524	3525	3345	1	-1	-1	-1
3404	3584	3409	1	-1	-1	-1
3405	3406	3588	1	-1	-1	-1
3405	3587	3408	1	-1	-1	-1
3347	3528	3527	1	-1	-1	-1
3406	3407	3589	1	-1	-1	-1
3528	3348	3530	1	-1	-1	-1
3468	3467	3471	2	-1	-1	-1
3530	3348	3529	1	-1	-1	-1
3488	3434	3486	1	-1	-1	-1
3589	3407	3412	1	-1	-1	-1
3349	3531	3529	1	-1	-1	-1
3526	3533	3351	1	-1	-1	-1
3411	3409	3591	1	-1	-1	-1
3410	3411	3592	1	-1	-1	-1
3531	3350	3532	1	-1	-1	-1
3410	3592	3412	1	-1	-1	-1
3417	3416	3581	1	-1	-1	-1
3351	3533	3532	1	-1	-1	-1
3354	3535	3534	1	-1	-1	-1
3598	3413	3414	1	-1	-1	-1
3415	3413	3597	1	-1	-1	-1
3356	3537	3536	1	-1	-1	-1
3414	3417	3599	1	-1	-1	-1
3477	3476	3480	2	-1	-1	-1
3538	3537	3358	1	-1	-1	-1
3453	3582	3400	1	-1	-1	-1
3601	3420	3415	1	-1	-1	-1
3541	3360	3536	1	-1	-1	-1
3540	3539	3360	1	-1	-1	-1
3541	3540	3360	1	-1	-1	-1
3421	3420	3601	1	-1	-1	-1
3364	3539	3544	1	-1	-1	-1
3419	3423	3605	1	-1	-1	-1
3606	3422	3421	1	-1	-1	-1
3364	3543	3542	1	-1	-1	-1
3419	3604	3426	1	-1	-1	-1
3538	3457	3455	0	-1	-1	-1
3544	3543	3364	1	-1	-1	-1
3423	3424	3605	1	-1	-1	-1
3542	3547	3366	1	-1	-1	-1
3609	3425	3422	1	-1	-1	-1
3545	3546	3365	1	-1	-1	-1
3366	3547	3545	1	-1	-1	-1
3535	3372	3551	1	-1	-1	-1
3425	3610	3424	1	-1	-1	-1
3546	3548	3368	1	-1	-1	-1
3379	3560	3524	1	-1	-1	-1
3534	3552	3380	1	-1	-1	-1
3612	3428	3427	0	-1	-1	-1
3550	3370	3549	1	-1	-1	-1
3613	3430	3429	1	-1	-1	-1
3551	3372	3550	1	-1	-1	-1
3613	3429	3432	1	-1	-1	-1
3615	3432	3431	1	-1	-1	-1
3435	3615	3431	1	-1	-1	-1
3375	3553	3555	1	-1	-1	-1
3554	3375	3555	1	-1	-1	-1
3376	3556	3553	1	-1	-1	-1
3558	3377	3552	1	-1	-1	-1
3618	3436	3434	1	-1	-1	-1
3376	3557	3556	1	-1	-1	-1
3619	3435	3436	1	-1	-1	-1
3378	3554	3559	1	-1	-1	-1
3557	3377	3558	1	-1	-1	-1
3430	3614	3452	1	-1	-1	-1
3559	3560	3379	1	-1	-1	-1
3438	3439	3623	1	-1	-1	-1
3441	3438	3623	1	-1	-1	-1
3383	3564	3561	1	-1	-1	-1
3562	3563	3383	1	-1	-1	-1
3626	3442	3441	1	-1	-1	-1
3564	3383	3563	1	-1	-1	-1
3624	3439	3449	0	-1	-1	-1
3567	3385	3561	1	-1	-1	-1
3628	3443	3442	1	-1	-1	-1
3565	3385	3566	1	-1	-1	-1
3443	3628	3446	1	-1	-1	-1
3629	3444	3445	1	-1	-1	-1
3567	3566	3385	1	-1	-1	-1
3565	3568	3386	1	-1	-1	-1
3482	3612	3427	0	-1	-1	-1
3446	3632	3445	1	-1	-1	-1
3568	3569	3387	1	-1	-1	-1
3387	3569	3570	1	-1	-1	-1
3630	3453	3444	1	-1	-1	-1
3489	3428	3612	0	-1	-1	-1
3570	3571	3388	1	-1	-1	-1
3448	3635	3447	0	-1	-1	-1
3449	3447	3634	0	-1	-1	-1
3571	3572	3389	1	-1	-1	-1
3572	3573	3390	1	-1	-1	-1
3636	3448	3451	0	-1	-1	-1
3573	3574	3391	1	-1	-1	-1
3434	3488	3618	1	-1	-1	-1
3450	3639	3451	0	-1	-1	-1
3450	3452	3639	0	-1	-1	-1
3393	3574	3577	1	-1	-1	-1
3575	3576	3393	1	-1	-1	-1
3577	3575	3393	1	-1	-1	-1
3576	3578	3394	1	-1	-1	-1
3562	3403	3586	1	-1	-1	-1
3643	3455	3454	0	-1	-1	-1
3395	3578	3579	1	-1	-1	-1
3396	3579	3580	1	-1	-1	-1
3581	3397	3580	1	-1	-1	-1
3458	3644	3459	1	-1	-1	-1
3644	3458	3461	1	-1	-1	-1
3398	3582	3583	1	-1	-1	-1
3645	3460	3459	1	-1	-1	-1
3584	3399	3583	1	-1	-1	-1
3464	3460	3646	1	-1	-1	-1
3648	3461	3462	1	-1	-1	-1
3585	3586	3402	1	-1	-1	-1
3462	3463	3649	1	-1	-1	-1
3464	3650	3465	1	-1	-1	-1
3587	3405	3588	1	-1	-1	-1
3649	3463	3469	1	-1	-1	-1
3585	3408	3590	1	-1	-1	-1
3406	3589	3588	1	-1	-1	-1
3584	3591	3409	1	-1	-1	-1
3408	3587	3590	1	-1	-1	-1
3652	3466	3468	2	-1	-1	-1
3466	3652	3469	2	-1	-1	-1
3653	3468	3471	2	-1	-1	-1
3591	3593	3411	1	-1	-1	-1
3589	3412	3595	1	-1	-1	-1
3411	3594	3592	1	-1	-1	-1
3472	3470	3655	2	-1	-1	-1
3411	3593	3594	1	-1	-1	-1
3655	3470	3473	2	-1	-1	-1
3656	3471	3472	2	-1	-1	-1
3412	3592	3596	1	-1	-1	-1
3417	3581	3602	1	-1	-1	-1
3412	3596	3595	1	-1	-1	-1
3490	3465	3651	1	-1	-1	-1
3659	3473	3474	2	-1	-1	-1
3598	3597	3413	1	-1	-1	-1
3474	3475	3660	2	-1	-1	-1
3600	3598	3414	1	-1	-1	-1
3414	3599	3600	1	-1	-1	-1
3601	3415	3597	1	-1	-1	-1
3478	3662	3475	2	-1	-1	-1
3477	3663	3478	2	-1	-1	-1
3417	3603	3599	1	-1	-1	-1
3664	3477	3480	2	-1	-1	-1
3417	3602	3603	1	-1	-1	-1
3540	3544	3539	1	-1	-1	-1
3479	3666	3480	2	-1	-1	-1
3605	3604	3419	1	-1	-1	-1
3421	3601	3607	1	-1	-1	-1
3482	3481	3667	0	-1	-1	-1
3606	3421	3607	1	-1	-1	-1
3538	3455	3643	0	-1	-1	-1
3606	3608	3422	1	-1	-1	-1
3483	3484	3669	1	-1	-1	-1
3670	3484	3485	1	-1	-1	-1
3609	3422	3608	1	-1	-1	-1
3424	3610	3605	1	-1	-1	-1
3611	3426	3604	1	-1	-1	-1
3485	3489	3670	1	-1	-1	-1
3610	3425	3609	1	-1	-1	-1
3481	3496	3667	0	-1	-1	-1
3488	3487	3671	1	-1	-1	-1
3501	3666	3479	2	-1	-1	-1
3483	3669	3495	1	-1	-1	-1
3492	3671	3487	1	-1	-1	-1
3490	3673	3491	2	-1	-1	-1
3614	3430	3613	1	-1	-1	-1
3674	3492	3491	2	-1	-1	-1
3432	3616	3613	1	-1	-1	-1
3493	3494	3676	0	-1	-1	-1
3615	3617	3432	1	-1	-1	-1
3617	3616	3432	1	-1	-1	-1
3496	3493	3676	0	-1	-1	-1
3494	3495	3676	0	-1	-1	-1
3582	3453	3630	1	-1	-1	-1
3615	3435	3620	1	-1	-1	-1
3498	3678	3497	1	-1	-1	-1
3619	3620	3435	1	-1	-1	-1
3618	3621	3436	1	-1	-1	-1
3678	3501	3497	1	-1	-1	-1
3498	3499	3679	1	-1	-1	-1
3436	3622	3619	1	-1	-1	-1
3621	3622	3436	1	-1	-1	-1
3680	3499	3500	1	-1	-1	-1
3439	3624	3623	1	-1	-1	-1
3503	3502	3682	1	-1	-1	-1
3502	3505	3682	1	-1	-1	-1
3623	3625	3441	1	-1	-1	-1
3441	3625	3626	1	-1	-1	-1
3564	3567	3561	1	-1	-1	-1
3627	3442	3626	1	-1	-1	-1
3686	3505	3504	1	-1	-1	-1
3504	3507	3685	1	-1	-1	-1
3442	3627	3628	1	-1	-1	-1
3688	3507	3506	1	-1	-1	-1
3509	3688	3506	1	-1	-1	-1
3444	3629	3631	1	-1	-1	-1
3630	3444	3631	1	-1	-1	-1
3629	3445	3632	1	-1	-1	-1
3633	3446	3628	1	-1	-1	-1
3641	3452	3614	1	-1	-1	-1
3680	3500	3527	1	-1	-1	-1
3690	3509	3508	3	-1	-1	-1
3632	3446	3633	1	-1	-1	-1
3449	3638	3624	0	-1	-1	-1
3690	3508	3515	3	-1	-1	-1
3511	3692	3510	3	-1	-1	-1
3684	3526	3503	1	-1	-1	-1
3511	3512	3693	1	-1	-1	-1
3634	3447	3635	0	-1	-1	-1
3517	3510	3692	3	-1	-1	-1
3637	3635	3448	0	-1	-1	-1
3638	3449	3634	0	-1	-1	-1
3513	3696	3512	1	-1	-1	-1
3637	3448	3636	0	-1	-1	-1
3515	3514	3697	3	-1	-1	-1
3697	3514	3516	3	-1	-1	-1
3640	3636	3451	0	-1	-1	-1
3521	3696	3513	1	-1	-1	-1
3639	3640	3451	0	-1	-1	-1
3639	3452	3641	1	-1	-1	-1
3516	3517	3701	3	-1	-1	-1
3454	3642	3643	0	-1	-1	-1
3703	3518	3519	1	-1	-1	-1
3522	3518	3703	1	-1	-1	-1
3521	3520	3705	1	-1	-1	-1
3523	3704	3519	1	-1	-1	-1
3459	3644	3645	1	-1	-1	-1
3520	3522	3706	1	-1	-1	-1
3647	3460	3645	1	-1	-1	-1
3461	3648	3644	1	-1	-1	-1
3646	3460	3647	1	-1	-1	-1
3525	3710	3523	1	-1	-1	-1
3462	3649	3648	1	-1	-1	-1
3646	3650	3464	1	-1	-1	-1
3711	3525	3524	1	-1	-1	-1
3668	3612	3482	0	-1	-1	-1
3651	3465	3650	1	-1	-1	-1
3528	3716	3527	1	-1	-1	-1
3489	3612	3670	0	-1	-1	-1
3654	3649	3469	2	-1	-1	-1
3468	3653	3652	2	-1	-1	-1
3526	3715	3533	1	-1	-1	-1
3469	3652	3654	2	-1	-1	-1
3717	3528	3530	1	-1	-1	-1
3529	3719	3530	1	-1	-1	-1
3488	3672	3618	1	-1	-1	-1
3529	3531	3719	1	-1	-1	-1
3656	3653	3471	2	-1	-1	-1
3658	3472	3655	2	-1	-1	-1
3656	3472	3657	2	-1	-1	-1
3722	3531	3532	1	-1	-1	-1
3655	3473	3659	2	-1	-1	-1
3658	3657	3472	2	-1	-1	-1
3532	3533	3724	1	-1	-1	-1
3659	3474	3661	2	-1	-1	-1
3535	3725	3534	1	-1	-1	-1
3661	3474	3660	2	-1	-1	-1
3582	3630	3583	1	-1	-1	-1
3560	3712	3524	1	-1	-1	-1
3660	3475	3662	2	-1	-1	-1
3490	3651	3658	2	-1	-1	-1
3729	3536	3537	1	-1	-1	-1
3603	3600	3599	1	-1	-1	-1
3477	3664	3663	2	-1	-1	-1
3665	3662	3478	2	-1	-1	-1
3730	3537	3538	1	-1	-1	-1
3478	3663	3665	2	-1	-1	-1
3729	3541	3536	1	-1	-1	-1
3664	3480	3666	2	-1	-1	-1
3541	3731	3540	1	-1	-1	-1
3534	3726	3552	1	-1	-1	-1
3535	3551	3728	1	-1	-1	-1
3540	3731	3544	1	-1	-1	-1
3482	3667	3668	0	-1	-1	-1
3735	3542	3543	1	-1	-1	-1
3490	3658	3673	2	-1	-1	-1
3669	3484	3670	1	-1	-1	-1
3542	3734	3547	1	-1	-1	-1
3544	3737	3543	1	-1	-1	-1
3739	3546	3545	1	-1	-1	-1
3671	3672	3488	1	-1	-1	-1
3545	3547	3740	1	-1	-1	-1
3741	3548	3546	1	-1	-1	-1
3726	3558	3552	1	-1	-1	-1
3491	3673	3674	2	-1	-1	-1
3671	3492	3675	2	-1	-1	-1
3667	3496	3677	0	-1	-1	-1
3495	3669	3677	0	-1	-1	-1
3675	3492	3674	2	-1	-1	-1
3550	3549	3743	1	-1	-1	-1
3551	3550	3744	1	-1	-1	-1
3501	3681	3666	2	-1	-1	-1
3677	3676	3495	0	-1	-1	-1
3496	3676	3677	0	-1	-1	-1
3553	3746	3555	1	-1	-1	-1
3679	3678	3498	1	-1	-1	-1
3556	3746	3553	1	-1	-1	-1
3554	3555	3747	1	-1	-1	-1
3679	3499	3680	1	-1	-1	-1
3559	3554	3747	1	-1	-1	-1
3678	3681	3501	2	-1	-1	-1
3557	3750	3556	1	-1	-1	-1
3560	3559	3747	1	-1	-1	-1
3752	3557	3558	1	-1	-1	-1
3682	3683	3503	1	-1	-1	-1
3684	3503	3683	1	-1	-1	-1
3505	3687	3682	1	-1	-1	-1
3685	3686	3504	1	-1	-1	-1
3505	3686	3687	1	-1	-1	-1
3755	3563	3562	1	-1	-1	-1
3689	3685	3507	1	-1	-1	-1
3563	3757	3564	1	-1	-1	-1
3689	3507	3688	1	-1	-1	-1
3509	3691	3688	3	-1	-1	-1
3509	3690	3691	3	-1	-1	-1
3567	3564	3759	1	-1	-1	-1
3565	3566	3760	1	-1	-1	-1
3565	3760	3568	1	-1	-1	-1
3761	3566	3567	1	-1	-1	-1
3694	3692	3511	3	-1	-1	-1
3694	3511	3693	3	-1	-1	-1
3693	3512	3695	1	-1	-1	-1
3568	3763	3569	1	-1	-1	-1
3695	3512	3696	1	-1	-1	-1
3698	3690	3515	3	-1	-1	-1
3756	3562	3586	1	-1	-1	-1
3569	3765	3570	1	-1	-1	-1
3571	3570	3766	1	-1	-1	-1
3572	3571	3766	1	-1	-1	-1
3517	3692	3702	3	-1	-1	-1
3515	3697	3699	3	-1	-1	-1
3643	3730	3538	0	-1	-1	-1
3767	3573	3572	1	-1	-1	-1
3698	3515	3699	3	-1	-1	-1
3516	3700	3697	3	-1	-1	-1
3573	3768	3574	1	-1	-1	-1
3700	3516	3701	3	-1	-1	-1
3577	3574	3768	1	-1	-1	-1
3517	3702	3701	3	-1	-1	-1
3576	3575	3770	1	-1	-1	-1
3769	3575	3577	1	-1	-1	-1
3716	3680	3527	1	-1	-1	-1
3696	3521	3707	1	-1	-1	-1
3715	3526	3684	1	-1	-1	-1
3771	3578	3576	1	-1	-1	-1
3519	3704	3703	1	-1	-1	-1
3578	3771	3579	1	-1	-1	-1
3706	3705	3520	1	-1	-1	-1
3708	3522	3703	1	-1	-1	-1
3705	3707	3521	1	-1	-1	-1
3579	3774	3580	1	-1	-1	-1
3708	3706	3522	1	-1	-1	-1
3523	3709	3704	1	-1	-1	-1
3581	3580	3776	1	-1	-1	-1
3709	3523	3710	1	-1	-1	-1
3777	3584	3583	1	-1	-1	-1
3712	3711	3524	1	-1	-1	-1
3525	3713	3710	1	-1	-1	-1
3525	3711	3714	1	-1	-1	-1
3668	3670	3612	0	-1	-1	-1
3585	3779	3586	1	-1	-1	-1
3525	3714	3713	1	-1	-1	-1
3778	3591	3584	1	-1	-1	-1
3779	3585	3590	1	-1	-1	-1
3587	3588	3780	1	-1	-1	-1
3780	3590	3587	1	-1	-1	-1
3657	3651	3650	2	-1	-1	-1
3588	3589	3781	1	-1	-1	-1
3776	3602	3581	1	-1	-1	-1
3718	3716	3528	1	-1	-1	-1
3528	3717	3718	1	-1	-1	-1
3781	3589	3595	1	-1	-1	-1
3658	3651	3657	2	-1	-1	-1
3593	3591	3783	1	-1	-1	-1
3530	3720	3717	1	-1	-1	-1
3720	3530	3719	1	-1	-1	-1
3592	3594	3784	1	-1	-1	-1
3531	3721	3719	1	-1	-1	-1
3533	3715	3724	1	-1	-1	-1
3784	3596	3592	1	-1	-1	-1
3594	3593	3786	1	-1	-1	-1
3722	3721	3531	1	-1	-1	-1
3722	3532	3723	1	-1	-1	-1
3532	3724	3723	1	-1	-1	-1
3788	3595	3596	1	-1	-1	-1
3534	3725	3727	1	-1	-1	-1
3598	3791	3597	1	-1	-1	-1
3658	3655	3673	2	-1	-1	-1
3659	3673	3655	2	-1	-1	-1
3727	3726	3534	1	-1	-1	-1
3535	3728	3725	1	-1	-1	-1
3601	3597	3791	1	-1	-1	-1
3792	3598	3600	1	-1	-1	-1
3583	3630	3777	1	-1	-1	-1
3729	3537	3730	1	-1	-1	-1
3603	3793	3600	1	-1	-1	-1
3603	3602	3794	1	-1	-1	-1
3791	3607	3601	1	-1	-1	-1
3541	3729	3733	1	-1	-1	-1
3731	3541	3732	1	-1	-1	-1
3604	3605	3796	1	-1	-1	-1
3674	3673	3659	2	-1	-1	-1
3732	3541	3733	1	-1	-1	-1
3670	3668	3669	0	-1	-1	-1
3734	3542	3735	1	-1	-1	-1
3677	3668	3667	0	-1	-1	-1
3607	3799	3606	1	-1	-1	-1
3611	3604	3797	1	-1	-1	-1
3605	3610	3798	1	-1	-1	-1
3606	3799	3608	1	-1	-1	-1
3731	3738	3544	1	-1	-1	-1
3669	3668	3677	0	-1	-1	-1
3735	3543	3736	1	-1	-1	-1
3543	3737	3736	1	-1	-1	-1
3738	3737	3544	1	-1	-1	-1
3609	3608	3803	1	-1	-1	-1
3734	3740	3547	1	-1	-1	-1
3551	3745	3728	1	-1	-1	-1
3609	3805	3610	1	-1	-1	-1
3545	3740	3739	1	-1	-1	-1
3712	3560	3754	1	-1	-1	-1
3739	3741	3546	1	-1	-1	-1
3742	3548	3741	1	-1	-1	-1
3807	3614	3613	1	-1	-1	-1
3726	3752	3558	1	-1	-1	-1
3616	3807	3613	1	-1	-1	-1
3744	3550	3743	1	-1	-1	-1
3745	3551	3744	1	-1	-1	-1
3617	3615	3809	1	-1	-1	-1
3810	3616	3617	1	-1	-1	-1
3620	3809	3615	1	-1	-1	-1
3811	3621	3618	1	-1	-1	-1
3749	3555	3746	1	-1	-1	-1
3747	3555	3748	1	-1	-1	-1
3555	3749	3748	1	-1	-1	-1
3750	3746	3556	1	-1	-1	-1
3813	3620	3619	1	-1	-1	-1
3622	3813	3619	1	-1	-1	-1
3557	3751	3750	1	-1	-1	-1
3816	3622	3621	1	-1	-1	-1
3754	3560	3747	1	-1	-1	-1
3557	3753	3751	1	-1	-1	-1
3557	3752	3753	1	-1	-1	-1
3614	3808	3641	1	-1	-1	-1
3624	3820	3623	1	-1	-1	-1
3625	3623	3820	1	-1	-1	-1
3625	3822	3626	1	-1	-1	-1
3755	3562	3756	1	-1	-1	-1
3563	3755	3758	1	-1	-1	-1
3627	3626	3823	1	-1	-1	-1
3758	3757	3563	1	-1	-1	-1
3691	3690	3698	3	-1	-1	-1
3825	3628	3627	1	-1	-1	-1
3757	3759	3564	1	-1	-1	-1
3624	3638	3821	0	-1	-1	-1
3566	3761	3760	1	-1	-1	-1
3826	3633	3628	1	-1	-1	-1
3631	3629	3827	1	-1	-1	-1
3762	3567	3759	1	-1	-1	-1
3629	3632	3827	1	-1	-1	-1
3702	3692	3694	3	-1	-1	-1
3828	3630	3631	1	-1	-1	-1
3762	3761	3567	1	-1	-1	-1
3568	3760	3763	1	-1	-1	-1
3569	3763	3764	1	-1	-1	-1
3831	3632	3633	1	-1	-1	-1
3569	3764	3765	1	-1	-1	-1
3766	3570	3765	1	-1	-1	-1
3618	3672	3812	1	-1	-1	-1
3835	3634	3635	0	-1	-1	-1
3572	3766	3767	1	-1	-1	-1
3643	3733	3730	0	-1	-1	-1
3637	3835	3635	0	-1	-1	-1
3835	3638	3634	0	-1	-1	-1
3767	3768	3573	1	-1	-1	-1
3836	3637	3636	0	-1	-1	-1
3636	3640	3836	0	-1	-1	-1
3769	3770	3575	1	-1	-1	-1
3771	3576	3770	1	-1	-1	-1
3577	3768	3772	1	-1	-1	-1
3639	3839	3640	1	-1	-1	-1
3773	3769	3577	1	-1	-1	-1
3639	3641	3839	1	-1	-1	-1
3586	3779	3756	1	-1	-1	-1
3772	3773	3577	1	-1	-1	-1
3775	3579	3771	1	-1	-1	-1
3774	3579	3775	1	-1	-1	-1
3844	3643	3642	0	-1	-1	-1
3774	3776	3580	1	-1	-1	-1
3644	3845	3645	1	-1	-1	-1
3845	3647	3645	1	-1	-1	-1
3648	3845	3644	1	-1	-1	-1
3777	3778	3584	1	-1	-1	-1
3846	3646	3647	2	-1	-1	-1
3648	3649	3845	2	-1	-1	-1
3650	3646	3847	2	-1	-1	-1
3845	3654	3647	2	-1	-1	-1
3647	3654	3846	2	-1	-1	-1
3654	3845	3649	2	-1	-1	-1
3780	3588	3781	1	-1	-1	-1
3846	3652	3653	2	-1	-1	-1
3779	3590	3782	1	-1	-1	-1
3782	3590	3780	1	-1	-1	-1
3846	3654	3652	2	-1	-1	-1
3591	3778	3783	1	-1	-1	-1
3650	3847	3657	2	-1	-1	-1
3847	3653	3656	2	-1	-1	-1
3847	3656	3657	2	-1	-1	-1
3593	3783	3785	1	-1	-1	-1
3595	3788	3781	1	-1	-1	-1
3593	3785	3786	1	-1	-1	-1
3594	3787	3784	1	-1	-1	-1
3594	3786	3787	1	-1	-1	-1
3848	3659	3661	2	-1	-1	-1
3784	3789	3596	1	-1	-1	-1
3660	3662	3849	2	-1	-1	-1
3660	3850	3661	2	-1	-1	-1
3776	3794	3602	1	-1	-1	-1
3788	3596	3790	1	-1	-1	-1
3596	3789	3790	1	-1	-1	-1
3665	3852	3662	2	-1	-1	-1
3674	3659	3848	2	-1	-1	-1
3598	3792	3791	1	-1	-1	-1
3663	3664	3854	2	-1	-1	-1
3663	3854	3665	2	-1	-1	-1
3793	3792	3600	1	-1	-1	-1
3664	3666	3855	2	-1	-1	-1
3603	3795	3793	1	-1	-1	-1
3730	3733	3729	1	-1	-1	-1
3794	3795	3603	1	-1	-1	-1
3604	3796	3797	1	-1	-1	-1
3848	3675	3674	2	-1	-1	-1
3856	3672	3671	2	-1	-1	-1
3798	3796	3605	1	-1	-1	-1
3607	3791	3801	1	-1	-1	-1
3675	3856	3671	2	-1	-1	-1
3681	3855	3666	2	-1	-1	-1
3607	3802	3799	1	-1	-1	-1
3607	3800	3802	1	-1	-1	-1
3800	3607	3801	1	-1	-1	-1
3799	3803	3608	1	-1	-1	-1
3805	3798	3610	1	-1	-1	-1
3611	3797	3806	1	-1	-1	-1
3609	3803	3804	1	-1	-1	-1
3678	3679	3860	2	-1	-1	-1
3609	3804	3805	1	-1	-1	-1
3860	3679	3680	1	-1	-1	-1
3681	3678	3860	2	-1	-1	-1
3733	3643	3844	0	-1	-1	-1
3682	3861	3683	1	-1	-1	-1
3808	3614	3807	1	-1	-1	-1
3683	3862	3684	1	-1	-1	-1
3687	3861	3682	1	-1	-1	-1
3616	3810	3807	1	-1	-1	-1
3777	3630	3828	1	-1	-1	-1
3809	3810	3617	1	-1	-1	-1
3686	3685	3865	1	-1	-1	-1
3665	3720	3852	2	-1	-1	-1
3720	3665	3854	2	-1	-1	-1
3687	3686	3866	1	-1	-1	-1
3865	3685	3689	1	-1	-1	-1
3811	3618	3812	1	-1	-1	-1
3620	3814	3809	1	-1	-1	-1
3688	3867	3689	3	-1	-1	-1
3867	3688	3691	3	-1	-1	-1
3620	3813	3815	1	-1	-1	-1
3815	3814	3620	1	-1	-1	-1
3817	3621	3811	1	-1	-1	-1
3748	3754	3747	1	-1	-1	-1
3818	3813	3622	1	-1	-1	-1
3817	3816	3621	1	-1	-1	-1
3681	3718	3855	2	-1	-1	-1
3680	3716	3860	1	-1	-1	-1
3694	3693	3870	3	-1	-1	-1
3816	3819	3622	1	-1	-1	-1
3693	3695	3870	3	-1	-1	-1
3698	3869	3691	3	-1	-1	-1
3622	3819	3818	1	-1	-1	-1
3718	3681	3860	2	-1	-1	-1
3715	3684	3863	1	-1	-1	-1
3695	3696	3873	1	-1	-1	-1
3820	3624	3821	1	-1	-1	-1
3822	3625	3820	1	-1	-1	-1
3694	3872	3702	3	-1	-1	-1
3699	3697	3875	3	-1	-1	-1
3626	3822	3823	1	-1	-1	-1
3875	3697	3700	3	-1	-1	-1
3876	3698	3699	3	-1	-1	-1
3823	3824	3627	1	-1	-1	-1
3627	3824	3825	1	-1	-1	-1
3873	3696	3707	1	-1	-1	-1
3628	3825	3826	1	-1	-1	-1
3879	3700	3701	3	-1	-1	-1
3701	3702	3880	3	-1	-1	-1
3830	3631	3827	1	-1	-1	-1
3631	3829	3828	1	-1	-1	-1
3631	3830	3829	1	-1	-1	-1
3718	3717	3855	2	-1	-1	-1
3704	3883	3703	1	-1	-1	-1
3842	3641	3808	1	-1	-1	-1
3717	3720	3854	2	-1	-1	-1
3827	3632	3832	1	-1	-1	-1
3720	3719	3852	1	-1	-1	-1
3826	3833	3633	1	-1	-1	-1
3719	3721	3853	1	-1	-1	-1
3703	3883	3708	1	-1	-1	-1
3832	3632	3831	1	-1	-1	-1
3860	3716	3718	1	-1	-1	-1
3705	3885	3707	1	-1	-1	-1
3705	3706	3886	1	-1	-1	-1
3821	3638	3838	0	-1	-1	-1
3709	3884	3704	1	-1	-1	-1
3834	3831	3633	1	-1	-1	-1
3833	3834	3633	1	-1	-1	-1
3708	3888	3706	1	-1	-1	-1
3637	3837	3835	0	-1	-1	-1
3637	3836	3837	0	-1	-1	-1
3835	3838	3638	0	-1	-1	-1
3710	3892	3709	1	-1	-1	-1
3894	3710	3713	1	-1	-1	-1
3895	3711	3712	1	-1	-1	-1
3640	3841	3836	0	-1	-1	-1
3640	3839	3840	1	-1	-1	-1
3711	3895	3714	1	-1	-1	-1
3640	3840	3841	1	-1	-1	-1
3842	3839	3641	1	-1	-1	-1
3714	3897	3713	1	-1	-1	-1
3844	3642	3843	0	-1	-1	-1
3724	3715	3899	1	-1	-1	-1
3846	3847	3646	2	-1	-1	-1
3672	3857	3812	2	-1	-1	-1
3722	3901	3721	1	-1	-1	-1
3846	3653	3847	2	-1	-1	-1
3723	3902	3722	1	-1	-1	-1
3903	3723	3724	1	-1	-1	-1
3727	3725	3907	1	-1	-1	-1
3725	3728	3906	1	-1	-1	-1
3849	3850	3660	2	-1	-1	-1
3661	3851	3848	2	-1	-1	-1
3908	3726	3727	1	-1	-1	-1
3850	3851	3661	2	-1	-1	-1
3712	3754	3896	1	-1	-1	-1
3853	3849	3662	2	-1	-1	-1
3662	3852	3853	2	-1	-1	-1
3664	3855	3854	2	-1	-1	-1
3731	3732	3911	1	-1	-1	-1
3913	3732	3733	0	-1	-1	-1
3906	3728	3745	1	-1	-1	-1
3910	3738	3731	1	-1	-1	-1
3859	3675	3848	2	-1	-1	-1
3735	3914	3734	1	-1	-1	-1
3801	3791	3792	1	-1	-1	-1
3726	3908	3752	1	-1	-1	-1
3672	3856	3858	2	-1	-1	-1
3916	3735	3736	1	-1	-1	-1
3672	3858	3857	2	-1	-1	-1
3740	3734	3915	1	-1	-1	-1
3675	3859	3856	2	-1	-1	-1
3918	3736	3737	1	-1	-1	-1
3738	3919	3737	1	-1	-1	-1
3741	3739	3921	1	-1	-1	-1
3922	3739	3740	1	-1	-1	-1
3742	3741	3921	1	-1	-1	-1
3683	3861	3862	1	-1	-1	-1
3864	3684	3862	1	-1	-1	-1
3743	3924	3744	1	-1	-1	-1
3863	3684	3864	1	-1	-1	-1
3861	3687	3866	1	-1	-1	-1
3925	3745	3744	1	-1	-1	-1
3865	3866	3686	1	-1	-1	-1
3865	3689	3868	3	-1	-1	-1
3927	3749	3746	1	-1	-1	-1
3750	3927	3746	1	-1	-1	-1
3689	3867	3868	3	-1	-1	-1
3852	3719	3853	1	-1	-1	-1
3749	3928	3748	1	-1	-1	-1
3810	3808	3807	1	-1	-1	-1
3854	3855	3717	2	-1	-1	-1
3691	3869	3867	3	-1	-1	-1
3929	3754	3748	1	-1	-1	-1
3932	3750	3751	1	-1	-1	-1
3694	3870	3871	3	-1	-1	-1
3753	3933	3751	1	-1	-1	-1
3872	3694	3871	3	-1	-1	-1
3870	3695	3874	3	-1	-1	-1
3752	3934	3753	1	-1	-1	-1
3874	3695	3873	3	-1	-1	-1
3876	3869	3698	3	-1	-1	-1
3755	3756	3936	1	-1	-1	-1
3758	3755	3936	1	-1	-1	-1
3876	3699	3877	3	-1	-1	-1
3875	3878	3699	3	-1	-1	-1
3938	3757	3758	1	-1	-1	-1
3875	3700	3879	3	-1	-1	-1
3878	3877	3699	3	-1	-1	-1
3757	3938	3759	1	-1	-1	-1
3702	3872	3882	3	-1	-1	-1
3879	3701	3881	3	-1	-1	-1
3881	3701	3880	3	-1	-1	-1
3941	3762	3759	1	-1	-1	-1
3942	3760	3761	1	-1	-1	-1
3880	3702	3882	3	-1	-1	-1
3762	3942	3761	1	-1	-1	-1
3763	3760	3943	1	-1	-1	-1
3873	3707	3889	1	-1	-1	-1
3704	3884	3883	1	-1	-1	-1
3944	3764	3763	1	-1	-1	-1
3937	3756	3779	1	-1	-1	-1
3900	3853	3721	1	-1	-1	-1
3764	3945	3765	1	-1	-1	-1
3705	3886	3885	1	-1	-1	-1
3863	3899	3715	1	-1	-1	-1
3946	3766	3765	1	-1	-1	-1
3767	3766	3946	1	-1	-1	-1
3887	3886	3706	1	-1	-1	-1
3706	3888	3887	1	-1	-1	-1
3708	3883	3890	1	-1	-1	-1
3889	3707	3885	1	-1	-1	-1
3767	3947	3768	1	-1	-1	-1
3709	3891	3884	1	-1	-1	-1
3890	3888	3708	1	-1	-1	-1
3768	3947	3772	1	-1	-1	-1
3832	3830	3827	1	-1	-1	-1
3769	3950	3770	1	-1	-1	-1
3913	3733	3844	0	-1	-1	-1
3949	3769	3773	1	-1	-1	-1
3770	3951	3771	1	-1	-1	-1
3891	3709	3892	1	-1	-1	-1
3892	3710	3893	1	-1	-1	-1
3771	3951	3775	1	-1	-1	-1
3893	3710	3894	1	-1	-1	-1
3773	3772	3953	1	-1	-1	-1
3896	3895	3712	1	-1	-1	-1
3894	3713	3897	1	-1	-1	-1
3774	3955	3776	1	-1	-1	-1
3956	3774	3775	1	-1	-1	-1
3714	3895	3898	1	-1	-1	-1
3897	3714	3898	1	-1	-1	-1
3841	3837	3836	0	-1	-1	-1
3778	3777	3959	1	-1	-1	-1
3783	3778	3959	1	-1	-1	-1
3782	3960	3779	1	-1	-1	-1
3781	3961	3780	1	-1	-1	-1
3901	3900	3721	1	-1	-1	-1
3782	3780	3961	1	-1	-1	-1
3794	3776	3955	1	-1	-1	-1
3902	3901	3722	1	-1	-1	-1
3724	3899	3905	1	-1	-1	-1
3902	3723	3904	1	-1	-1	-1
3788	3961	3781	1	-1	-1	-1
3723	3903	3904	1	-1	-1	-1
3963	3785	3783	1	-1	-1	-1
3903	3724	3905	1	-1	-1	-1
3787	3964	3784	1	-1	-1	-1
3965	3786	3785	1	-1	-1	-1
3784	3964	3789	1	-1	-1	-1
3725	3906	3907	1	-1	-1	-1
3786	3968	3787	1	-1	-1	-1
3727	3907	3909	1	-1	-1	-1
3908	3727	3909	1	-1	-1	-1
3788	3790	3970	1	-1	-1	-1
3790	3789	3971	1	-1	-1	-1
3910	3731	3911	1	-1	-1	-1
3911	3732	3912	0	-1	-1	-1
3732	3913	3912	0	-1	-1	-1
3792	3793	3973	1	-1	-1	-1
3848	3851	3859	2	-1	-1	-1
3795	3975	3793	1	-1	-1	-1
3734	3914	3915	1	-1	-1	-1
3959	3777	3828	1	-1	-1	-1
3916	3914	3735	1	-1	-1	-1
3795	3794	3976	1	-1	-1	-1
3801	3792	3974	1	-1	-1	-1
3920	3738	3910	1	-1	-1	-1
3736	3917	3916	1	-1	-1	-1
3736	3918	3917	1	-1	-1	-1
3978	3796	3798	1	-1	-1	-1
3796	3979	3797	1	-1	-1	-1
3859	3858	3856	2	-1	-1	-1
3918	3737	3919	1	-1	-1	-1
3919	3738	3920	1	-1	-1	-1
3926	3906	3745	1	-1	-1	-1
3922	3740	3915	1	-1	-1	-1
3929	3896	3754	1	-1	-1	-1
3798	3805	3978	1	-1	-1	-1
3921	3739	3922	1	-1	-1	-1
3802	3981	3799	1	-1	-1	-1
3980	3806	3797	1	-1	-1	-1
3799	3981	3803	1	-1	-1	-1
3983	3800	3801	1	-1	-1	-1
3982	3802	3800	1	-1	-1	-1
3921	3923	3742	1	-1	-1	-1
3985	3804	3803	1	-1	-1	-1
3744	3924	3925	1	-1	-1	-1
3908	3934	3752	1	-1	-1	-1
3805	3804	3987	1	-1	-1	-1
3925	3926	3745	1	-1	-1	-1
3850	3849	3900	2	-1	-1	-1
3844	3843	3913	0	-1	-1	-1
3853	3900	3849	2	-1	-1	-1
3748	3928	3929	1	-1	-1	-1
3928	3749	3930	1	-1	-1	-1
3931	3749	3927	1	-1	-1	-1
3990	3808	3810	1	-1	-1	-1
3750	3932	3927	1	-1	-1	-1
3809	3990	3810	1	-1	-1	-1
3749	3931	3930	1	-1	-1	-1
3809	3814	3990	1	-1	-1	-1
3812	3991	3811	1	-1	-1	-1
3870	3874	3871	3	-1	-1	-1
3932	3751	3933	1	-1	-1	-1
3811	3991	3817	1	-1	-1	-1
3753	3935	3933	1	-1	-1	-1
3993	3815	3813	1	-1	-1	-1
3753	3934	3935	1	-1	-1	-1
3994	3814	3815	1	-1	-1	-1
3818	3993	3813	1	-1	-1	-1
3936	3756	3937	1	-1	-1	-1
3817	3997	3816	1	-1	-1	-1
3996	3819	3816	1	-1	-1	-1
3758	3936	3939	1	-1	-1	-1
3819	3999	3818	1	-1	-1	-1
3940	3938	3758	1	-1	-1	-1
3758	3939	3940	1	-1	-1	-1
3938	3941	3759	1	-1	-1	-1
3842	3808	3990	1	-1	-1	-1
4002	3820	3821	1	-1	-1	-1
3822	3820	4002	1	-1	-1	-1
3943	3760	3942	1	-1	-1	-1
3942	3762	3941	1	-1	-1	-1
4004	3823	3822	1	-1	-1	-1
3763	3943	3944	1	-1	-1	-1
3823	4005	3824	1	-1	-1	-1
3764	3944	3945	1	-1	-1	-1
3946	3765	3945	1	-1	-1	-1
3824	4007	3825	1	-1	-1	-1
3825	4008	3826	1	-1	-1	-1
3878	3905	3877	3	-1	-1	-1
3946	3948	3767	1	-1	-1	-1
3812	3857	3992	2	-1	-1	-1
3948	3947	3767	1	-1	-1	-1
3838	4003	3821	0	-1	-1	-1
3829	4010	3828	1	-1	-1	-1
3826	4009	3833	1	-1	-1	-1
3769	3949	3950	1	-1	-1	-1
3830	4011	3829	1	-1	-1	-1
3947	3953	3772	1	-1	-1	-1
3770	3950	3952	1	-1	-1	-1
3951	3770	3952	1	-1	-1	-1
4013	3830	3832	1	-1	-1	-1
3779	3960	3937	1	-1	-1	-1
3954	3949	3773	1	-1	-1	-1
3832	3831	4015	1	-1	-1	-1
3773	3953	3954	1	-1	-1	-1
4015	3831	3834	1	-1	-1	-1
3905	3899	3877	3	-1	-1	-1
3775	3951	3958	1	-1	-1	-1
3833	4017	3834	1	-1	-1	-1
3955	3774	3956	1	-1	-1	-1
3903	3905	3878	3	-1	-1	-1
3775	3957	3956	1	-1	-1	-1
3957	3775	3958	1	-1	-1	-1
3837	4021	3835	0	-1	-1	-1
4022	3838	3835	0	-1	-1	-1
4021	3837	3841	0	-1	-1	-1
3840	3839	4024	1	-1	-1	-1
3962	3960	3782	1	-1	-1	-1
3839	3842	4024	1	-1	-1	-1
3961	3962	3782	1	-1	-1	-1
3959	3963	3783	1	-1	-1	-1
3841	3840	4025	1	-1	-1	-1
3785	3963	3966	1	-1	-1	-1
3785	3966	3965	1	-1	-1	-1
3967	3786	3965	1	-1	-1	-1
3970	3961	3788	1	-1	-1	-1
3787	3968	3964	1	-1	-1	-1
3969	3786	3967	1	-1	-1	-1
3968	3786	3969	1	-1	-1	-1
3955	3976	3794	1	-1	-1	-1
3971	3789	3964	1	-1	-1	-1
3851	3850	4030	2	-1	-1	-1
3970	3790	3972	1	-1	-1	-1
3972	3790	3971	1	-1	-1	-1
3974	3792	3973	1	-1	-1	-1
3851	4030	3859	2	-1	-1	-1
3793	3975	3973	1	-1	-1	-1
3975	3795	3977	1	-1	-1	-1
3858	4032	3857	2	-1	-1	-1
3795	3976	3977	1	-1	-1	-1
4035	3858	3859	2	-1	-1	-1
3979	3796	3978	1	-1	-1	-1
3979	3980	3797	1	-1	-1	-1
3983	3801	3974	1	-1	-1	-1
4036	3862	3861	1	-1	-1	-1
4036	3864	3862	1	-1	-1	-1
3866	4036	3861	1	-1	-1	-1
3864	4037	3863	3	-1	-1	-1
3983	3982	3800	1	-1	-1	-1
3984	3981	3802	1	-1	-1	-1
4036	3866	3865	3	-1	-1	-1
3864	4036	3868	3	-1	-1	-1
3802	3982	3984	1	-1	-1	-1
4037	3864	3868	3	-1	-1	-1
4036	3865	3868	3	-1	-1	-1
3803	3981	3985	1	-1	-1	-1
3988	3978	3805	1	-1	-1	-1
4037	3868	3867	3	-1	-1	-1
4037	3867	3869	3	-1	-1	-1
3985	3986	3804	1	-1	-1	-1
3806	3980	3989	1	-1	-1	-1
3804	3986	3987	1	-1	-1	-1
3850	3900	4029	2	-1	-1	-1
3805	3987	3988	1	-1	-1	-1
3871	4039	3872	3	-1	-1	-1
3876	4038	3869	3	-1	-1	-1
3913	3843	4028	0	-1	-1	-1
4040	3871	3874	3	-1	-1	-1
3873	4042	3874	3	-1	-1	-1
3927	3932	3931	1	-1	-1	-1
4038	3876	3877	3	-1	-1	-1
3991	3812	3992	2	-1	-1	-1
4041	3882	3872	3	-1	-1	-1
3878	3875	4043	3	-1	-1	-1
3879	4043	3875	3	-1	-1	-1
4010	3959	3828	1	-1	-1	-1
3994	3990	3814	1	-1	-1	-1
3899	3863	4038	3	-1	-1	-1
3815	3993	3995	1	-1	-1	-1
4042	3873	3889	3	-1	-1	-1
3995	3994	3815	1	-1	-1	-1
3879	3881	4044	3	-1	-1	-1
3998	3817	3991	1	-1	-1	-1
3880	3882	4046	3	-1	-1	-1
3880	4047	3881	3	-1	-1	-1
3997	3996	3816	1	-1	-1	-1
3993	3818	3999	1	-1	-1	-1
3817	3998	3997	1	-1	-1	-1
3899	4038	3877	3	-1	-1	-1
3996	4001	3819	1	-1	-1	-1
3884	4051	3883	1	-1	-1	-1
4000	3819	4001	1	-1	-1	-1
3819	4000	3999	1	-1	-1	-1
3883	4051	3890	1	-1	-1	-1
3903	3878	4043	3	-1	-1	-1
3885	3886	4053	1	-1	-1	-1
4002	3821	4003	1	-1	-1	-1
4052	3884	3891	1	-1	-1	-1
4053	3889	3885	1	-1	-1	-1
3886	3887	4054	1	-1	-1	-1
4004	3822	4002	1	-1	-1	-1
4029	3900	3901	1	-1	-1	-1
3888	4055	3887	1	-1	-1	-1
4005	3823	4004	1	-1	-1	-1
4056	3888	3890	1	-1	-1	-1
4006	3824	4005	1	-1	-1	-1
4009	3993	3833	1	-1	-1	-1
4007	3824	4006	1	-1	-1	-1
4007	4008	3825	1	-1	-1	-1
3892	4059	3891	1	-1	-1	-1
4008	4009	3826	1	-1	-1	-1
3993	4017	3833	1	-1	-1	-1
3893	4061	3892	1	-1	-1	-1
3948	3953	3947	1	-1	-1	-1
4063	3893	3894	1	-1	-1	-1
3903	4043	3904	3	-1	-1	-1
4010	3829	4012	1	-1	-1	-1
4011	4012	3829	1	-1	-1	-1
3913	4028	3912	0	-1	-1	-1
4014	4011	3830	1	-1	-1	-1
3894	3897	4065	1	-1	-1	-1
3990	4024	3842	1	-1	-1	-1
3830	4013	4014	1	-1	-1	-1
4066	3895	3896	1	-1	-1	-1
4067	3898	3895	1	-1	-1	-1
3832	4016	4013	1	-1	-1	-1
3951	3952	3958	1	-1	-1	-1
4068	3897	3898	1	-1	-1	-1
4016	3832	4015	1	-1	-1	-1
3838	4023	4003	0	-1	-1	-1
3834	4018	4015	1	-1	-1	-1
4017	4020	3834	1	-1	-1	-1
4019	4018	3834	1	-1	-1	-1
3834	4020	4019	1	-1	-1	-1
3901	3902	4070	1	-1	-1	-1
4071	3902	3904	1	-1	-1	-1
4021	4022	3835	0	-1	-1	-1
3992	3857	4031	2	-1	-1	-1
4023	3838	4022	0	-1	-1	-1
3906	4072	3907	1	-1	-1	-1
3955	3956	3976	1	-1	-1	-1
4073	3909	3907	1	-1	-1	-1
3841	4027	4021	0	-1	-1	-1
4026	3840	4024	1	-1	-1	-1
4025	3840	4026	1	-1	-1	-1
3896	3929	4066	1	-1	-1	-1
3908	3909	4075	1	-1	-1	-1
4027	3841	4025	1	-1	-1	-1
3911	4077	3910	1	-1	-1	-1
3912	4078	3911	0	-1	-1	-1
3926	4072	3906	1	-1	-1	-1
3910	4077	3920	1	-1	-1	-1
3915	3914	4079	1	-1	-1	-1
4029	4030	3850	2	-1	-1	-1
3914	3916	4081	1	-1	-1	-1
3908	4075	3934	1	-1	-1	-1
4084	3916	3917	1	-1	-1	-1
3918	4085	3917	1	-1	-1	-1
4031	3857	4032	2	-1	-1	-1
3915	4083	3922	1	-1	-1	-1
3858	4034	4032	2	-1	-1	-1
4030	4035	3859	2	-1	-1	-1
3918	3919	4087	1	-1	-1	-1
3858	4033	4034	2	-1	-1	-1
4033	3858	4035	2	-1	-1	-1
4087	3919	3920	1	-1	-1	-1
4010	3963	3959	1	-1	-1	-1
4089	3923	3921	1	-1	-1	-1
3921	3922	4090	1	-1	-1	-1
4037	4038	3863	3	-1	-1	-1
3966	3963	4010	1	-1	-1	-1
4093	3925	3924	1	-1	-1	-1
4037	3869	4038	3	-1	-1	-1
3979	3978	3988	1	-1	-1	-1
3925	4094	3926	1	-1	-1	-1
3871	4040	4039	3	-1	-1	-1
3872	4039	4041	3	-1	-1	-1
4095	3928	3930	1	-1	-1	-1
4096	3929	3928	1	-1	-1	-1
4040	3874	4042	3	-1	-1	-1
4098	3930	3931	1	-1	-1	-1
4099	3931	3932	1	-1	-1	-1
3932	3933	4099	1	-1	-1	-1
3879	4045	4043	3	-1	-1	-1
3879	4044	4045	3	-1	-1	-1
3933	3935	4100	1	-1	-1	-1
3935	3934	4101	1	-1	-1	-1
4041	4049	3882	3	-1	-1	-1
3881	4048	4044	3	-1	-1	-1
4046	4047	3880	3	-1	-1	-1
3937	4103	3936	1	-1	-1	-1
4047	4048	3881	3	-1	-1	-1
4046	3882	4050	3	-1	-1	-1
3936	4103	3939	1	-1	-1	-1
3882	4049	4050	3	-1	-1	-1
3938	3940	4105	1	-1	-1	-1
3941	3938	4106	1	-1	-1	-1
3939	4108	3940	1	-1	-1	-1
4052	4051	3884	1	-1	-1	-1
3889	4057	4042	3	-1	-1	-1
4010	4012	3966	1	-1	-1	-1
3941	4109	3942	1	-1	-1	-1
3904	4043	4045	3	-1	-1	-1
4054	4053	3886	1	-1	-1	-1
4109	3943	3942	1	-1	-1	-1
4055	4054	3887	1	-1	-1	-1
3995	3993	4009	1	-1	-1	-1
3943	4110	3944	1	-1	-1	-1
4069	4029	3901	1	-1	-1	-1
3889	4053	4057	3	-1	-1	-1
3890	4051	4058	1	-1	-1	-1
4055	3888	4056	1	-1	-1	-1
4103	3937	3960	1	-1	-1	-1
4112	3945	3944	1	-1	-1	-1
4060	4052	3891	1	-1	-1	-1
4058	4056	3890	1	-1	-1	-1
4113	3946	3945	1	-1	-1	-1
4024	3990	3994	1	-1	-1	-1
3946	4114	3948	1	-1	-1	-1
4017	3993	3999	1	-1	-1	-1
4060	3891	4059	1	-1	-1	-1
3995	4009	4008	1	-1	-1	-1
4059	3892	4061	1	-1	-1	-1
3948	4115	3953	1	-1	-1	-1
4117	3950	3949	1	-1	-1	-1
4061	3893	4062	1	-1	-1	-1
4028	4078	3912	0	-1	-1	-1
4062	3893	4063	1	-1	-1	-1
4116	3949	3954	1	-1	-1	-1
4045	4071	3904	3	-1	-1	-1
3950	4118	3952	1	-1	-1	-1
4063	3894	4064	1	-1	-1	-1
3953	4115	3954	1	-1	-1	-1
4064	3894	4065	1	-1	-1	-1
3895	4066	4067	1	-1	-1	-1
3952	4119	3958	1	-1	-1	-1
4068	4065	3897	1	-1	-1	-1
3898	4067	4068	1	-1	-1	-1
4122	3956	3957	1	-1	-1	-1
4123	3957	3958	1	-1	-1	-1
3901	4070	4069	1	-1	-1	-1
4071	4070	3902	1	-1	-1	-1
3960	3962	4124	1	-1	-1	-1
3961	4126	3962	1	-1	-1	-1
3976	3956	4121	1	-1	-1	-1
4072	4074	3907	1	-1	-1	-1
4073	3907	4074	1	-1	-1	-1
3970	4126	3961	1	-1	-1	-1
4073	4076	3909	1	-1	-1	-1
3964	3968	4127	1	-1	-1	-1
4128	3967	3965	1	-1	-1	-1
3966	4129	3965	1	-1	-1	-1
4076	4075	3909	1	-1	-1	-1
3964	4127	3971	1	-1	-1	-1
4078	4077	3911	0	-1	-1	-1
3967	4131	3969	1	-1	-1	-1
4132	3968	3969	1	-1	-1	-1
4022	4021	4027	0	-1	-1	-1
4080	4079	3914	1	-1	-1	-1
4121	3977	3976	1	-1	-1	-1
4081	4080	3914	1	-1	-1	-1
3915	4079	4082	1	-1	-1	-1
3970	3972	4135	1	-1	-1	-1
3971	4135	3972	1	-1	-1	-1
4082	4083	3915	1	-1	-1	-1
4081	3916	4084	1	-1	-1	-1
4138	3974	3973	1	-1	-1	-1
4077	4088	3920	1	-1	-1	-1
3917	4085	4084	1	-1	-1	-1
4138	3973	3975	1	-1	-1	-1
3918	4086	4085	1	-1	-1	-1
3977	4138	3975	1	-1	-1	-1
4086	3918	4087	1	-1	-1	-1
4094	4072	3926	1	-1	-1	-1
3929	4097	4066	1	-1	-1	-1
3920	4088	4087	1	-1	-1	-1
3974	4139	3983	1	-1	-1	-1
4091	3922	4083	1	-1	-1	-1
3921	4090	4089	1	-1	-1	-1
4143	3980	3979	1	-1	-1	-1
3922	4091	4090	1	-1	-1	-1
4092	3923	4089	1	-1	-1	-1
4012	4130	3966	1	-1	-1	-1
4144	3981	3984	1	-1	-1	-1
3985	3981	4144	1	-1	-1	-1
4101	3934	4075	1	-1	-1	-1
3988	4143	3979	1	-1	-1	-1
3982	4145	3984	1	-1	-1	-1
4146	3982	3983	1	-1	-1	-1
3989	3980	4143	1	-1	-1	-1
4094	3925	4093	1	-1	-1	-1
3928	4095	4096	1	-1	-1	-1
4150	3986	3985	1	-1	-1	-1
4096	4097	3929	1	-1	-1	-1
3930	4098	4095	1	-1	-1	-1
3987	3986	4151	1	-1	-1	-1
4152	3988	3987	1	-1	-1	-1
4099	4098	3931	1	-1	-1	-1
3933	4100	4099	1	-1	-1	-1
3935	4102	4100	1	-1	-1	-1
4155	3991	3992	2	-1	-1	-1
4101	4102	3935	1	-1	-1	-1
4155	3998	3991	2	-1	-1	-1
3995	4157	3994	1	-1	-1	-1
4104	3938	4105	1	-1	-1	-1
3938	4104	4107	1	-1	-1	-1
3939	4103	4108	1	-1	-1	-1
4106	3938	4107	1	-1	-1	-1
3996	3997	4160	1	-1	-1	-1
4105	3940	4108	1	-1	-1	-1
4001	3996	4159	1	-1	-1	-1
3998	4161	3997	1	-1	-1	-1
4106	4109	3941	1	-1	-1	-1
4060	4050	4049	1	-1	-1	-1
3995	4008	4158	1	-1	-1	-1
4000	4163	3999	1	-1	-1	-1
4111	3943	4109	1	-1	-1	-1
4111	4110	3943	1	-1	-1	-1
4001	4165	4000	1	-1	-1	-1
3944	4110	4112	1	-1	-1	-1
4059	4050	4060	1	-1	-1	-1
4112	4113	3945	1	-1	-1	-1
3946	4113	4114	1	-1	-1	-1
4007	4158	4008	1	-1	-1	-1
4004	4002	4168	1	-1	-1	-1
3994	4156	4024	1	-1	-1	-1
4003	4169	4002	1	-1	-1	-1
4114	4115	3948	1	-1	-1	-1
4155	3992	4031	2	-1	-1	-1
3999	4164	4017	1	-1	-1	-1
4004	4171	4005	1	-1	-1	-1
4116	4117	3949	1	-1	-1	-1
4005	4172	4006	1	-1	-1	-1
4118	3950	4117	1	-1	-1	-1
4007	4006	4174	1	-1	-1	-1
4103	3960	4125	1	-1	-1	-1
4115	4120	3954	1	-1	-1	-1
3952	4118	4119	1	-1	-1	-1
4120	4116	3954	1	-1	-1	-1
4003	4023	4170	0	-1	-1	-1
4012	4011	4175	1	-1	-1	-1
4122	4121	3956	1	-1	-1	-1
4014	4175	4011	1	-1	-1	-1
4119	4123	3958	1	-1	-1	-1
4020	4017	4164	1	-1	-1	-1
3957	4123	4122	1	-1	-1	-1
4013	4177	4014	1	-1	-1	-1
4024	4156	4026	1	-1	-1	-1
4177	4013	4016	1	-1	-1	-1
4124	4125	3960	1	-1	-1	-1
4179	4016	4015	1	-1	-1	-1
3962	4126	4124	1	-1	-1	-1
4015	4018	4179	1	-1	-1	-1
4018	4019	4181	1	-1	-1	-1
4182	4019	4020	1	-1	-1	-1
4128	3965	4129	1	-1	-1	-1
4129	3966	4130	1	-1	-1	-1
3967	4128	4131	1	-1	-1	-1
4023	4022	4185	0	-1	-1	-1
3968	4132	4127	1	-1	-1	-1
4134	4126	3970	1	-1	-1	-1
4131	4133	3969	1	-1	-1	-1
4133	4132	3969	1	-1	-1	-1
4027	4185	4022	0	-1	-1	-1
3971	4127	4137	1	-1	-1	-1
4025	4026	4188	1	-1	-1	-1
4135	4134	3970	1	-1	-1	-1
4025	4187	4027	1	-1	-1	-1
4074	4072	4094	1	-1	-1	-1
4142	3977	4121	1	-1	-1	-1
4136	4135	3971	1	-1	-1	-1
4136	3971	4137	1	-1	-1	-1
4029	4191	4030	2	-1	-1	-1
4101	4075	4076	1	-1	-1	-1
3974	4138	4140	1	-1	-1	-1
4140	4139	3974	1	-1	-1	-1
4141	4138	3977	1	-1	-1	-1
4191	4035	4030	2	-1	-1	-1
4193	4031	4032	2	-1	-1	-1
4032	4034	4194	2	-1	-1	-1
4142	4141	3977	1	-1	-1	-1
4195	4033	4035	2	-1	-1	-1
4196	4034	4033	2	-1	-1	-1
4146	3983	4139	1	-1	-1	-1
4145	3982	4146	1	-1	-1	-1
3984	4148	4144	1	-1	-1	-1
3984	4145	4147	1	-1	-1	-1
4040	4198	4039	3	-1	-1	-1
4039	4198	4041	3	-1	-1	-1
4144	4149	3985	1	-1	-1	-1
3984	4147	4148	1	-1	-1	-1
4042	4199	4040	3	-1	-1	-1
4150	3985	4149	1	-1	-1	-1
3988	4153	4143	1	-1	-1	-1
3989	4143	4154	1	-1	-1	-1
3986	4150	4151	1	-1	-1	-1
4029	4069	4191	1	-1	-1	-1
4044	4201	4045	3	-1	-1	-1
4151	4152	3987	1	-1	-1	-1
4041	4200	4049	3	-1	-1	-1
4152	4153	3988	1	-1	-1	-1
4202	4044	4048	3	-1	-1	-1
4047	4046	4203	3	-1	-1	-1
4190	4078	4028	0	-1	-1	-1
4057	4199	4042	3	-1	-1	-1
4048	4047	4204	3	-1	-1	-1
4050	4203	4046	3	-1	-1	-1
4157	4156	3994	1	-1	-1	-1
4200	4060	4049	1	-1	-1	-1
3995	4158	4157	1	-1	-1	-1
4051	4052	4207	1	-1	-1	-1
4203	4050	4059	1	-1	-1	-1
4054	4208	4053	3	-1	-1	-1
4155	4162	3998	2	-1	-1	-1
3996	4160	4159	1	-1	-1	-1
4207	4058	4051	1	-1	-1	-1
4201	4071	4045	3	-1	-1	-1
4208	4054	4055	1	-1	-1	-1
4208	4057	4053	3	-1	-1	-1
4176	4130	4012	1	-1	-1	-1
4161	4160	3997	1	-1	-1	-1
4052	4060	4207	1	-1	-1	-1
4209	4055	4056	1	-1	-1	-1
4161	3998	4162	2	-1	-1	-1
4056	4058	4209	1	-1	-1	-1
4061	4203	4059	1	-1	-1	-1
3999	4163	4164	1	-1	-1	-1
4159	4167	4001	1	-1	-1	-1
4062	4205	4061	1	-1	-1	-1
4166	4163	4000	1	-1	-1	-1
4000	4165	4166	1	-1	-1	-1
4165	4001	4167	1	-1	-1	-1
4212	4062	4063	1	-1	-1	-1
4174	4158	4007	1	-1	-1	-1
4168	4002	4169	1	-1	-1	-1
4063	4064	4214	1	-1	-1	-1
4170	4169	4003	1	-1	-1	-1
4168	4171	4004	1	-1	-1	-1
4065	4215	4064	1	-1	-1	-1
4171	4172	4005	1	-1	-1	-1
4115	4114	4120	1	-1	-1	-1
4172	4173	4006	1	-1	-1	-1
4065	4068	4219	1	-1	-1	-1
4173	4174	4006	1	-1	-1	-1
4067	4066	4220	1	-1	-1	-1
4221	4068	4067	1	-1	-1	-1
4223	4069	4070	1	-1	-1	-1
4012	4175	4176	1	-1	-1	-1
4224	4070	4071	1	-1	-1	-1
4164	4183	4020	1	-1	-1	-1
4014	4178	4175	1	-1	-1	-1
4177	4178	4014	1	-1	-1	-1
4026	4156	4189	1	-1	-1	-1
4226	4073	4074	1	-1	-1	-1
4016	4180	4177	1	-1	-1	-1
4179	4180	4016	1	-1	-1	-1
4226	4076	4073	1	-1	-1	-1
4155	4031	4192	2	-1	-1	-1
4181	4179	4018	1	-1	-1	-1
4170	4023	4186	0	-1	-1	-1
4019	4182	4181	1	-1	-1	-1
4097	4220	4066	1	-1	-1	-1
4134	4124	4126	1	-1	-1	-1
4077	4078	4230	0	-1	-1	-1
4122	4142	4121	1	-1	-1	-1
4182	4020	4184	1	-1	-1	-1
4184	4020	4183	1	-1	-1	-1
4079	4080	4231	1	-1	-1	-1
4082	4079	4231	1	-1	-1	-1
4081	4232	4080	1	-1	-1	-1
4185	4186	4023	0	-1	-1	-1
4077	4230	4088	0	-1	-1	-1
4137	4127	4132	1	-1	-1	-1
4228	4074	4094	1	-1	-1	-1
4084	4234	4081	1	-1	-1	-1
4027	4187	4185	1	-1	-1	-1
4187	4025	4188	1	-1	-1	-1
4082	4236	4083	1	-1	-1	-1
4026	4189	4188	1	-1	-1	-1
4076	4229	4101	1	-1	-1	-1
4084	4085	4239	1	-1	-1	-1
4083	4237	4091	1	-1	-1	-1
4085	4086	4241	1	-1	-1	-1
4242	4086	4087	1	-1	-1	-1
4192	4031	4193	2	-1	-1	-1
4242	4087	4088	1	-1	-1	-1
4193	4032	4194	2	-1	-1	-1
4035	4191	4195	2	-1	-1	-1
4245	4089	4090	1	-1	-1	-1
4033	4195	4196	2	-1	-1	-1
4092	4089	4244	1	-1	-1	-1
4194	4034	4197	2	-1	-1	-1
4091	4246	4090	1	-1	-1	-1
4196	4197	4034	2	-1	-1	-1
4094	4093	4248	1	-1	-1	-1
4176	4129	4130	1	-1	-1	-1
4040	4199	4198	3	-1	-1	-1
4200	4041	4198	3	-1	-1	-1
4095	4249	4096	1	-1	-1	-1
4148	4149	4144	1	-1	-1	-1
4250	4095	4098	1	-1	-1	-1
4096	4251	4097	1	-1	-1	-1
4201	4044	4202	3	-1	-1	-1
4254	4098	4099	1	-1	-1	-1
4100	4255	4099	1	-1	-1	-1
4047	4203	4205	3	-1	-1	-1
4206	4202	4048	3	-1	-1	-1
4205	4204	4047	3	-1	-1	-1
4256	4100	4102	1	-1	-1	-1
4206	4048	4204	3	-1	-1	-1
4257	4102	4101	1	-1	-1	-1
4057	4210	4199	3	-1	-1	-1
4200	4207	4060	1	-1	-1	-1
4105	4260	4104	1	-1	-1	-1
4203	4061	4205	1	-1	-1	-1
4259	4108	4103	1	-1	-1	-1
4055	4209	4208	1	-1	-1	-1
4261	4107	4104	1	-1	-1	-1
4210	4057	4208	3	-1	-1	-1
4105	4108	4262	1	-1	-1	-1
4058	4207	4211	1	-1	-1	-1
4106	4107	4263	1	-1	-1	-1
4210	4209	4058	1	-1	-1	-1
4106	4264	4109	1	-1	-1	-1
4211	4210	4058	1	-1	-1	-1
4212	4205	4062	1	-1	-1	-1
4223	4191	4069	1	-1	-1	-1
4109	4264	4111	1	-1	-1	-1
4103	4125	4259	1	-1	-1	-1
4110	4111	4267	1	-1	-1	-1
4063	4213	4212	1	-1	-1	-1
4157	4158	4174	1	-1	-1	-1
4112	4110	4267	1	-1	-1	-1
4214	4213	4063	1	-1	-1	-1
4214	4064	4216	1	-1	-1	-1
4113	4112	4270	1	-1	-1	-1
4216	4064	4215	1	-1	-1	-1
4201	4224	4071	3	-1	-1	-1
4078	4190	4230	0	-1	-1	-1
4065	4218	4215	1	-1	-1	-1
4271	4114	4113	1	-1	-1	-1
4217	4218	4065	1	-1	-1	-1
4217	4065	4219	1	-1	-1	-1
4189	4156	4157	1	-1	-1	-1
4120	4114	4271	1	-1	-1	-1
4117	4116	4273	1	-1	-1	-1
4116	4120	4272	1	-1	-1	-1
4068	4221	4219	1	-1	-1	-1
4220	4222	4067	1	-1	-1	-1
4117	4275	4118	1	-1	-1	-1
4222	4221	4067	1	-1	-1	-1
4276	4119	4118	1	-1	-1	-1
4119	4276	4123	1	-1	-1	-1
4223	4070	4225	1	-1	-1	-1
4070	4224	4225	1	-1	-1	-1
4157	4174	4189	1	-1	-1	-1
4123	4278	4122	1	-1	-1	-1
4227	4226	4074	1	-1	-1	-1
4227	4074	4228	1	-1	-1	-1
4125	4124	4281	1	-1	-1	-1
4226	4229	4076	1	-1	-1	-1
4189	4174	4173	1	-1	-1	-1
4134	4281	4124	1	-1	-1	-1
4284	4128	4129	1	-1	-1	-1
4128	4283	4131	1	-1	-1	-1
4279	4142	4122	1	-1	-1	-1
4080	4233	4231	1	-1	-1	-1
4080	4232	4233	1	-1	-1	-1
4232	4081	4234	1	-1	-1	-1
4235	4082	4231	1	-1	-1	-1
4173	4188	4189	1	-1	-1	-1
4133	4131	4286	1	-1	-1	-1
4236	4082	4235	1	-1	-1	-1
4132	4133	4290	1	-1	-1	-1
4132	4288	4137	1	-1	-1	-1
4238	4083	4236	1	-1	-1	-1
4234	4084	4240	1	-1	-1	-1
4083	4238	4237	1	-1	-1	-1
4292	4134	4135	1	-1	-1	-1
4230	4243	4088	0	-1	-1	-1
4084	4239	4240	1	-1	-1	-1
4135	4136	4293	1	-1	-1	-1
4085	4241	4239	1	-1	-1	-1
4295	4136	4137	1	-1	-1	-1
4252	4220	4097	1	-1	-1	-1
4241	4086	4242	1	-1	-1	-1
4094	4248	4228	1	-1	-1	-1
4088	4243	4242	0	-1	-1	-1
4246	4091	4237	1	-1	-1	-1
4296	4140	4138	1	-1	-1	-1
4296	4138	4141	1	-1	-1	-1
4139	4140	4298	1	-1	-1	-1
4245	4244	4089	1	-1	-1	-1
4246	4245	4090	1	-1	-1	-1
4146	4139	4297	1	-1	-1	-1
4247	4092	4244	1	-1	-1	-1
4142	4300	4141	1	-1	-1	-1
4101	4229	4257	1	-1	-1	-1
4176	4285	4129	1	-1	-1	-1
4250	4249	4095	1	-1	-1	-1
4146	4303	4145	1	-1	-1	-1
4303	4147	4145	1	-1	-1	-1
4251	4096	4249	1	-1	-1	-1
4143	4153	4302	1	-1	-1	-1
4154	4143	4302	1	-1	-1	-1
4148	4147	4305	1	-1	-1	-1
4253	4097	4251	1	-1	-1	-1
4250	4098	4254	1	-1	-1	-1
4097	4253	4252	1	-1	-1	-1
4149	4148	4307	1	-1	-1	-1
4149	4307	4150	1	-1	-1	-1
4198	4199	4211	3	-1	-1	-1
4255	4254	4099	1	-1	-1	-1
4150	4308	4151	1	-1	-1	-1
4211	4200	4198	3	-1	-1	-1
4195	4191	4223	1	-1	-1	-1
4256	4255	4100	1	-1	-1	-1
4309	4152	4151	1	-1	-1	-1
4309	4153	4152	1	-1	-1	-1
4256	4102	4258	1	-1	-1	-1
4257	4258	4102	1	-1	-1	-1
4207	4200	4211	1	-1	-1	-1
4210	4211	4199	3	-1	-1	-1
4205	4212	4204	3	-1	-1	-1
4204	4212	4206	3	-1	-1	-1
4104	4260	4261	1	-1	-1	-1
4260	4105	4262	1	-1	-1	-1
4208	4209	4210	1	-1	-1	-1
4162	4155	4313	2	-1	-1	-1
4213	4206	4212	3	-1	-1	-1
4160	4314	4159	1	-1	-1	-1
4266	4108	4259	1	-1	-1	-1
4264	4106	4263	1	-1	-1	-1
4107	4261	4265	1	-1	-1	-1
4265	4263	4107	1	-1	-1	-1
4160	4161	4315	1	-1	-1	-1
4262	4108	4266	1	-1	-1	-1
4314	4167	4159	1	-1	-1	-1
4161	4162	4317	2	-1	-1	-1
4264	4268	4111	1	-1	-1	-1
4268	4267	4111	1	-1	-1	-1
4163	4319	4164	1	-1	-1	-1
4166	4318	4163	1	-1	-1	-1
4112	4267	4269	1	-1	-1	-1
4269	4270	4112	1	-1	-1	-1
4167	4320	4165	1	-1	-1	-1
4321	4166	4165	1	-1	-1	-1
4271	4113	4270	1	-1	-1	-1
4313	4155	4192	2	-1	-1	-1
4273	4116	4272	1	-1	-1	-1
4169	4324	4168	1	-1	-1	-1
4324	4171	4168	1	-1	-1	-1
4190	4243	4230	0	-1	-1	-1
4324	4169	4170	1	-1	-1	-1
4274	4117	4273	1	-1	-1	-1
4275	4117	4274	1	-1	-1	-1
4183	4164	4319	1	-1	-1	-1
4125	4282	4259	1	-1	-1	-1
4271	4277	4120	1	-1	-1	-1
4276	4118	4275	1	-1	-1	-1
4172	4171	4326	1	-1	-1	-1
4277	4272	4120	1	-1	-1	-1
4172	4328	4173	1	-1	-1	-1
4276	4280	4123	1	-1	-1	-1
4278	4279	4122	1	-1	-1	-1
4176	4175	4329	1	-1	-1	-1
4170	4186	4325	0	-1	-1	-1
4278	4123	4280	1	-1	-1	-1
4175	4178	4329	1	-1	-1	-1
4330	4178	4177	1	-1	-1	-1
4282	4125	4281	1	-1	-1	-1
4331	4177	4180	1	-1	-1	-1
4328	4188	4173	1	-1	-1	-1
4179	4334	4180	1	-1	-1	-1
4179	4181	4333	1	-1	-1	-1
4222	4220	4252	1	-1	-1	-1
4283	4128	4284	1	-1	-1	-1
4182	4335	4181	1	-1	-1	-1
4285	4284	4129	1	-1	-1	-1
4233	4235	4231	1	-1	-1	-1
4287	4131	4283	1	-1	-1	-1
4188	4328	4187	1	-1	-1	-1
4287	4286	4131	1	-1	-1	-1
4338	4182	4184	1	-1	-1	-1
4339	4184	4183	1	-1	-1	-1
4134	4292	4281	1	-1	-1	-1
4132	4289	4288	1	-1	-1	-1
4286	4291	4133	1	-1	-1	-1
4290	4289	4132	1	-1	-1	-1
4186	4185	4341	1	-1	-1	-1
4185	4187	4341	1	-1	-1	-1
4133	4291	4290	1	-1	-1	-1
4135	4293	4292	1	-1	-1	-1
4295	4137	4288	1	-1	-1	-1
4279	4300	4142	1	-1	-1	-1
4294	4293	4136	1	-1	-1	-1
4295	4294	4136	1	-1	-1	-1
4193	4344	4192	2	-1	-1	-1
4194	4345	4193	2	-1	-1	-1
4296	4299	4140	1	-1	-1	-1
4298	4297	4139	1	-1	-1	-1
4197	4346	4194	2	-1	-1	-1
4299	4298	4140	1	-1	-1	-1
4347	4196	4195	1	-1	-1	-1
4301	4296	4141	1	-1	-1	-1
4141	4300	4301	1	-1	-1	-1
4197	4196	4348	1	-1	-1	-1
4146	4297	4303	1	-1	-1	-1
4350	4201	4202	3	-1	-1	-1
4304	4147	4303	1	-1	-1	-1
4304	4305	4147	1	-1	-1	-1
4351	4202	4206	3	-1	-1	-1
4305	4306	4148	1	-1	-1	-1
4307	4148	4306	1	-1	-1	-1
4195	4223	4347	1	-1	-1	-1
4307	4308	4150	1	-1	-1	-1
4153	4311	4302	1	-1	-1	-1
4309	4151	4308	1	-1	-1	-1
4154	4302	4312	1	-1	-1	-1
4153	4309	4310	1	-1	-1	-1
4213	4353	4206	3	-1	-1	-1
4311	4153	4310	1	-1	-1	-1
4342	4243	4190	0	-1	-1	-1
4201	4350	4224	3	-1	-1	-1
4214	4354	4213	1	-1	-1	-1
4355	4214	4216	1	-1	-1	-1
4215	4357	4216	1	-1	-1	-1
4356	4215	4218	1	-1	-1	-1
4285	4176	4329	1	-1	-1	-1
4316	4314	4160	1	-1	-1	-1
4316	4160	4315	1	-1	-1	-1
4313	4317	4162	2	-1	-1	-1
4317	4315	4161	2	-1	-1	-1
4218	4217	4360	1	-1	-1	-1
4219	4361	4217	1	-1	-1	-1
4163	4318	4319	1	-1	-1	-1
4363	4219	4221	1	-1	-1	-1
4167	4314	4323	1	-1	-1	-1
4165	4320	4321	1	-1	-1	-1
4221	4222	4363	1	-1	-1	-1
4318	4166	4322	1	-1	-1	-1
4166	4321	4322	1	-1	-1	-1
4320	4167	4323	1	-1	-1	-1
4366	4223	4225	1	-1	-1	-1
4367	4225	4224	1	-1	-1	-1
4324	4170	4325	1	-1	-1	-1
4324	4326	4171	1	-1	-1	-1
4227	4370	4226	1	-1	-1	-1
4369	4229	4226	1	-1	-1	-1
4172	4326	4327	1	-1	-1	-1
4172	4327	4328	1	-1	-1	-1
4228	4372	4227	1	-1	-1	-1
4325	4186	4327	1	-1	-1	-1
4331	4330	4177	1	-1	-1	-1
4329	4178	4332	1	-1	-1	-1
4365	4222	4252	1	-1	-1	-1
4374	4232	4234	1	-1	-1	-1
4332	4178	4330	1	-1	-1	-1
4233	4232	4375	1	-1	-1	-1
4339	4183	4319	1	-1	-1	-1
4233	4376	4235	1	-1	-1	-1
4180	4334	4331	1	-1	-1	-1
4179	4333	4334	1	-1	-1	-1
4235	4377	4236	1	-1	-1	-1
4192	4343	4313	2	-1	-1	-1
4234	4240	4374	1	-1	-1	-1
4248	4373	4228	1	-1	-1	-1
4181	4336	4333	1	-1	-1	-1
4335	4336	4181	1	-1	-1	-1
4238	4236	4378	1	-1	-1	-1
4327	4186	4341	1	-1	-1	-1
4337	4335	4182	1	-1	-1	-1
4229	4369	4257	1	-1	-1	-1
4238	4381	4237	1	-1	-1	-1
4187	4328	4341	1	-1	-1	-1
4337	4182	4338	1	-1	-1	-1
4383	4240	4239	0	-1	-1	-1
4338	4184	4340	1	-1	-1	-1
4241	4383	4239	0	-1	-1	-1
4339	4340	4184	1	-1	-1	-1
4380	4246	4237	1	-1	-1	-1
4386	4241	4242	0	-1	-1	-1
4386	4242	4243	0	-1	-1	-1
4387	4244	4245	1	-1	-1	-1
4244	4387	4247	1	-1	-1	-1
4245	4246	4388	1	-1	-1	-1
4344	4343	4192	2	-1	-1	-1
4345	4344	4193	2	-1	-1	-1
4345	4194	4346	2	-1	-1	-1
4249	4250	4390	1	-1	-1	-1
4390	4251	4249	1	-1	-1	-1
4347	4348	4196	1	-1	-1	-1
4346	4197	4349	1	-1	-1	-1
4348	4349	4197	1	-1	-1	-1
4253	4251	4390	1	-1	-1	-1
4254	4391	4250	1	-1	-1	-1
4301	4299	4296	1	-1	-1	-1
4253	4392	4252	1	-1	-1	-1
4255	4395	4254	1	-1	-1	-1
4202	4352	4350	3	-1	-1	-1
4352	4202	4351	3	-1	-1	-1
4395	4255	4256	1	-1	-1	-1
4353	4351	4206	3	-1	-1	-1
4256	4258	4397	1	-1	-1	-1
4257	4399	4258	1	-1	-1	-1
4213	4354	4353	3	-1	-1	-1
4260	4401	4261	1	-1	-1	-1
4355	4354	4214	1	-1	-1	-1
4262	4401	4260	1	-1	-1	-1
4400	4266	4259	1	-1	-1	-1
4312	4302	4311	1	-1	-1	-1
4357	4215	4356	1	-1	-1	-1
4265	4261	4403	1	-1	-1	-1
4216	4358	4355	1	-1	-1	-1
4266	4404	4262	1	-1	-1	-1
4359	4216	4357	1	-1	-1	-1
4263	4265	4405	1	-1	-1	-1
4216	4359	4358	1	-1	-1	-1
4406	4264	4263	1	-1	-1	-1
4366	4347	4223	1	-1	-1	-1
4218	4362	4356	1	-1	-1	-1
4360	4217	4361	1	-1	-1	-1
4268	4264	4406	1	-1	-1	-1
4360	4362	4218	1	-1	-1	-1
4350	4367	4224	3	-1	-1	-1
4400	4259	4282	1	-1	-1	-1
4408	4267	4268	1	-1	-1	-1
4361	4219	4363	1	-1	-1	-1
4409	4269	4267	1	-1	-1	-1
4364	4363	4222	1	-1	-1	-1
4270	4269	4411	1	-1	-1	-1
4364	4222	4365	1	-1	-1	-1
4270	4412	4271	1	-1	-1	-1
4225	4368	4366	1	-1	-1	-1
4414	4273	4272	1	-1	-1	-1
4412	4277	4271	1	-1	-1	-1
4368	4225	4367	1	-1	-1	-1
4277	4413	4272	1	-1	-1	-1
4274	4273	4416	1	-1	-1	-1
4417	4275	4274	1	-1	-1	-1
4226	4371	4369	1	-1	-1	-1
4371	4226	4370	1	-1	-1	-1
4372	4370	4227	1	-1	-1	-1
4276	4275	4418	1	-1	-1	-1
4243	4342	4386	0	-1	-1	-1
4228	4373	4372	1	-1	-1	-1
4326	4324	4325	1	-1	-1	-1
4280	4276	4419	1	-1	-1	-1
4279	4278	4421	1	-1	-1	-1
4327	4326	4325	1	-1	-1	-1
4280	4421	4278	1	-1	-1	-1
4374	4375	4232	1	-1	-1	-1
4376	4233	4375	1	-1	-1	-1
4424	4282	4281	1	-1	-1	-1
4376	4377	4235	1	-1	-1	-1
4379	4236	4377	1	-1	-1	-1
4425	4283	4284	1	-1	-1	-1
4378	4236	4379	1	-1	-1	-1
4285	4425	4284	1	-1	-1	-1
4283	4425	4287	1	-1	-1	-1
4328	4327	4341	1	-1	-1	-1
4424	4281	4292	1	-1	-1	-1
4382	4238	4378	1	-1	-1	-1
4380	4237	4381	1	-1	-1	-1
4374	4240	4385	0	-1	-1	-1
4427	4286	4287	1	-1	-1	-1
4300	4279	4422	1	-1	-1	-1
4382	4381	4238	1	-1	-1	-1
4427	4291	4286	1	-1	-1	-1
4383	4384	4240	0	-1	-1	-1
4431	4288	4289	1	-1	-1	-1
4252	4392	4365	1	-1	-1	-1
4385	4240	4384	0	-1	-1	-1
4386	4383	4241	0	-1	-1	-1
4432	4289	4290	1	-1	-1	-1
4380	4388	4246	1	-1	-1	-1
4295	4288	4431	1	-1	-1	-1
4434	4290	4291	1	-1	-1	-1
4293	4435	4292	1	-1	-1	-1
4388	4387	4245	1	-1	-1	-1
4387	4389	4247	1	-1	-1	-1
4293	4294	4436	1	-1	-1	-1
4369	4398	4257	1	-1	-1	-1
4437	4294	4295	1	-1	-1	-1
4391	4390	4250	1	-1	-1	-1
4438	4297	4298	1	-1	-1	-1
4253	4390	4393	1	-1	-1	-1
4299	4440	4298	1	-1	-1	-1
4393	4392	4253	1	-1	-1	-1
4254	4394	4391	1	-1	-1	-1
4439	4303	4297	1	-1	-1	-1
4440	4299	4301	1	-1	-1	-1
4329	4426	4285	1	-1	-1	-1
4395	4394	4254	1	-1	-1	-1
4442	4301	4300	1	-1	-1	-1
4304	4303	4439	1	-1	-1	-1
4256	4396	4395	1	-1	-1	-1
4397	4396	4256	1	-1	-1	-1
4397	4258	4399	1	-1	-1	-1
4304	4445	4305	1	-1	-1	-1
4399	4257	4398	1	-1	-1	-1
4305	4446	4306	1	-1	-1	-1
4448	4307	4306	1	-1	-1	-1
4402	4261	4401	1	-1	-1	-1
4308	4307	4449	1	-1	-1	-1
4261	4402	4403	1	-1	-1	-1
4309	4308	4450	1	-1	-1	-1
4401	4262	4404	1	-1	-1	-1
4310	4309	4450	1	-1	-1	-1
4266	4400	4404	1	-1	-1	-1
4311	4310	4451	1	-1	-1	-1
4263	4405	4406	1	-1	-1	-1
4452	4312	4311	1	-1	-1	-1
4403	4407	4265	1	-1	-1	-1
4265	4407	4405	1	-1	-1	-1
4313	4453	4317	2	-1	-1	-1
4267	4408	4409	1	-1	-1	-1
4268	4406	4410	1	-1	-1	-1
4316	4454	4314	1	-1	-1	-1
4268	4410	4408	1	-1	-1	-1
4455	4316	4315	2	-1	-1	-1
4455	4315	4317	2	-1	-1	-1
4411	4269	4409	1	-1	-1	-1
4323	4314	4454	1	-1	-1	-1
4411	4412	4270	1	-1	-1	-1
4318	4458	4319	1	-1	-1	-1
4322	4459	4318	1	-1	-1	-1
4414	4272	4413	1	-1	-1	-1
4321	4320	4461	1	-1	-1	-1
4414	4415	4273	1	-1	-1	-1
4320	4323	4460	1	-1	-1	-1
4273	4415	4416	1	-1	-1	-1
4462	4322	4321	1	-1	-1	-1
4424	4400	4282	1	-1	-1	-1
4416	4417	4274	1	-1	-1	-1
4343	4453	4313	2	-1	-1	-1
4420	4277	4412	1	-1	-1	-1
4413	4277	4420	1	-1	-1	-1
4417	4418	4275	1	-1	-1	-1
4276	4418	4419	1	-1	-1	-1
4458	4339	4319	1	-1	-1	-1
4422	4279	4421	1	-1	-1	-1
4419	4423	4280	1	-1	-1	-1
4423	4421	4280	1	-1	-1	-1
4332	4466	4329	1	-1	-1	-1
4467	4330	4331	1	-1	-1	-1
4467	4332	4330	1	-1	-1	-1
4331	4334	4469	1	-1	-1	-1
4425	4285	4426	1	-1	-1	-1
4398	4369	4371	1	-1	-1	-1
4471	4334	4333	1	-1	-1	-1
4336	4471	4333	1	-1	-1	-1
4428	4427	4287	1	-1	-1	-1
4430	4287	4425	1	-1	-1	-1
4336	4335	4472	1	-1	-1	-1
4287	4429	4428	1	-1	-1	-1
4337	4472	4335	1	-1	-1	-1
4430	4429	4287	1	-1	-1	-1
4474	4337	4338	1	-1	-1	-1
4292	4435	4424	1	-1	-1	-1
4431	4289	4432	1	-1	-1	-1
4434	4291	4427	1	-1	-1	-1
4477	4338	4340	1	-1	-1	-1
4290	4433	4432	1	-1	-1	-1
4434	4433	4290	1	-1	-1	-1
4479	4340	4339	1	-1	-1	-1
4437	4295	4431	1	-1	-1	-1
4422	4442	4300	1	-1	-1	-1
4436	4435	4293	1	-1	-1	-1
4436	4294	4437	1	-1	-1	-1
4344	4482	4343	2	-1	-1	-1
4439	4297	4438	1	-1	-1	-1
4345	4486	4344	2	-1	-1	-1
4298	4441	4438	1	-1	-1	-1
4346	4487	4345	2	-1	-1	-1
4298	4440	4441	1	-1	-1	-1
4349	4488	4346	1	-1	-1	-1
4440	4301	4443	1	-1	-1	-1
4348	4347	4489	1	-1	-1	-1
4301	4442	4443	1	-1	-1	-1
4348	4490	4349	1	-1	-1	-1
4304	4439	4444	1	-1	-1	-1
4445	4304	4444	1	-1	-1	-1
4352	4492	4350	3	-1	-1	-1
4352	4351	4493	3	-1	-1	-1
4447	4305	4445	1	-1	-1	-1
4447	4446	4305	1	-1	-1	-1
4351	4353	4494	3	-1	-1	-1
4446	4448	4306	1	-1	-1	-1
4489	4347	4366	1	-1	-1	-1
4307	4448	4449	1	-1	-1	-1
4497	4353	4354	3	-1	-1	-1
4308	4449	4450	1	-1	-1	-1
4355	4498	4354	1	-1	-1	-1
4350	4492	4367	3	-1	-1	-1
4481	4386	4342	0	-1	-1	-1
4358	4498	4355	1	-1	-1	-1
4450	4451	4310	1	-1	-1	-1
4499	4357	4356	1	-1	-1	-1
4451	4452	4311	1	-1	-1	-1
4357	4500	4359	1	-1	-1	-1
4499	4356	4362	1	-1	-1	-1
4358	4359	4501	1	-1	-1	-1
4466	4426	4329	1	-1	-1	-1
4454	4316	4456	2	-1	-1	-1
4360	4361	4505	1	-1	-1	-1
4316	4455	4456	2	-1	-1	-1
4457	4317	4453	2	-1	-1	-1
4360	4506	4362	1	-1	-1	-1
4455	4317	4457	2	-1	-1	-1
4361	4363	4507	1	-1	-1	-1
4507	4363	4364	1	-1	-1	-1
4459	4458	4318	1	-1	-1	-1
4365	4509	4364	1	-1	-1	-1
4460	4461	4320	1	-1	-1	-1
4465	4323	4454	1	-1	-1	-1
4411	4420	4412	1	-1	-1	-1
4459	4322	4463	1	-1	-1	-1
4461	4462	4321	1	-1	-1	-1
4366	4368	4513	1	-1	-1	-1
4322	4462	4463	1	-1	-1	-1
4464	4460	4323	1	-1	-1	-1
4386	4481	4383	0	-1	-1	-1
4515	4368	4367	1	-1	-1	-1
4465	4464	4323	1	-1	-1	-1
4370	4516	4371	1	-1	-1	-1
4516	4370	4372	1	-1	-1	-1
4372	4373	4519	1	-1	-1	-1
4468	4467	4331	1	-1	-1	-1
4468	4331	4469	1	-1	-1	-1
4332	4470	4466	1	-1	-1	-1
4467	4470	4332	1	-1	-1	-1
4512	4365	4392	1	-1	-1	-1
4375	4374	4521	0	-1	-1	-1
4469	4334	4471	1	-1	-1	-1
4375	4523	4376	1	-1	-1	-1
4339	4458	4479	1	-1	-1	-1
4377	4376	4523	1	-1	-1	-1
4483	4453	4343	2	-1	-1	-1
4473	4471	4336	1	-1	-1	-1
4377	4524	4379	1	-1	-1	-1
4521	4374	4385	0	-1	-1	-1
4473	4336	4472	1	-1	-1	-1
4378	4379	4525	1	-1	-1	-1
4382	4378	4525	1	-1	-1	-1
4476	4472	4337	1	-1	-1	-1
4337	4474	4475	1	-1	-1	-1
4371	4517	4398	1	-1	-1	-1
4337	4475	4476	1	-1	-1	-1
4528	4380	4381	1	-1	-1	-1
4478	4474	4338	1	-1	-1	-1
4338	4477	4478	1	-1	-1	-1
4381	4382	4530	1	-1	-1	-1
4380	4527	4388	1	-1	-1	-1
4393	4512	4392	1	-1	-1	-1
4340	4480	4477	1	-1	-1	-1
4383	4531	4384	0	-1	-1	-1
4480	4340	4479	1	-1	-1	-1
4384	4532	4385	0	-1	-1	-1
4527	4387	4388	1	-1	-1	-1
4482	4484	4343	2	-1	-1	-1
4389	4387	4534	1	-1	-1	-1
4484	4483	4343	2	-1	-1	-1
4485	4482	4344	2	-1	-1	-1
4344	4486	4485	2	-1	-1	-1
4391	4536	4390	1	-1	-1	-1
4487	4486	4345	2	-1	-1	-1
4537	4393	4390	1	-1	-1	-1
4487	4346	4488	1	-1	-1	-1
4391	4394	4538	1	-1	-1	-1
4490	4348	4489	1	-1	-1	-1
4491	4488	4349	1	-1	-1	-1
4349	4490	4491	1	-1	-1	-1
4395	4541	4394	1	-1	-1	-1
4541	4395	4396	1	-1	-1	-1
4396	4397	4542	1	-1	-1	-1
4493	4351	4494	3	-1	-1	-1
4397	4399	4543	1	-1	-1	-1
4495	4352	4493	3	-1	-1	-1
4352	4496	4492	3	-1	-1	-1
4398	4544	4399	1	-1	-1	-1
4352	4495	4496	3	-1	-1	-1
4497	4494	4353	3	-1	-1	-1
4354	4498	4497	3	-1	-1	-1
4404	4400	4546	1	-1	-1	-1
4401	4550	4402	1	-1	-1	-1
4404	4549	4401	1	-1	-1	-1
4500	4357	4499	1	-1	-1	-1
4552	4403	4402	1	-1	-1	-1
4498	4358	4502	1	-1	-1	-1
4358	4501	4502	1	-1	-1	-1
4407	4403	4552	1	-1	-1	-1
4359	4500	4503	1	-1	-1	-1
4405	4553	4406	1	-1	-1	-1
4359	4504	4501	1	-1	-1	-1
4407	4553	4405	1	-1	-1	-1
4504	4359	4503	1	-1	-1	-1
4499	4362	4508	1	-1	-1	-1
4366	4514	4489	1	-1	-1	-1
4410	4406	4554	1	-1	-1	-1
4400	4424	4547	1	-1	-1	-1
4506	4360	4505	1	-1	-1	-1
4507	4505	4361	1	-1	-1	-1
4515	4367	4492	3	-1	-1	-1
4557	4409	4408	1	-1	-1	-1
4408	4410	4557	1	-1	-1	-1
4506	4508	4362	1	-1	-1	-1
4558	4411	4409	1	-1	-1	-1
4364	4510	4507	1	-1	-1	-1
4364	4509	4510	1	-1	-1	-1
4511	4509	4365	1	-1	-1	-1
4561	4414	4413	1	-1	-1	-1
4512	4511	4365	1	-1	-1	-1
4420	4411	4560	1	-1	-1	-1
4414	4562	4415	1	-1	-1	-1
4366	4513	4514	1	-1	-1	-1
4561	4413	4420	1	-1	-1	-1
4415	4563	4416	1	-1	-1	-1
4383	4481	4531	0	-1	-1	-1
4459	4479	4458	1	-1	-1	-1
4513	4368	4515	1	-1	-1	-1
4565	4417	4416	1	-1	-1	-1
4418	4417	4565	1	-1	-1	-1
4566	4419	4418	1	-1	-1	-1
4371	4516	4518	1	-1	-1	-1
4518	4517	4371	1	-1	-1	-1
4547	4424	4435	1	-1	-1	-1
4516	4372	4519	1	-1	-1	-1
4567	4423	4419	1	-1	-1	-1
4422	4421	4568	1	-1	-1	-1
4568	4421	4423	1	-1	-1	-1
4520	4519	4373	1	-1	-1	-1
4375	4521	4522	0	-1	-1	-1
4522	4523	4375	0	-1	-1	-1
4476	4473	4472	1	-1	-1	-1
4425	4426	4573	1	-1	-1	-1
4523	4524	4377	1	-1	-1	-1
4573	4430	4425	1	-1	-1	-1
4526	4379	4524	1	-1	-1	-1
4526	4525	4379	1	-1	-1	-1
4427	4428	4576	1	-1	-1	-1
4569	4442	4422	1	-1	-1	-1
4577	4428	4429	1	-1	-1	-1
4528	4527	4380	1	-1	-1	-1
4434	4427	4575	1	-1	-1	-1
4525	4530	4382	1	-1	-1	-1
4528	4381	4529	1	-1	-1	-1
4579	4429	4430	1	-1	-1	-1
4521	4385	4533	0	-1	-1	-1
4529	4381	4530	1	-1	-1	-1
4512	4393	4539	1	-1	-1	-1
4431	4432	4582	1	-1	-1	-1
4532	4384	4531	0	-1	-1	-1
4387	4527	4534	1	-1	-1	-1
4583	4432	4433	1	-1	-1	-1
4581	4437	4431	1	-1	-1	-1
4533	4385	4532	0	-1	-1	-1
4434	4585	4433	1	-1	-1	-1
4436	4586	4435	1	-1	-1	-1
4535	4389	4534	1	-1	-1	-1
4398	4517	4544	1	-1	-1	-1
4437	4588	4436	1	-1	-1	-1
4536	4537	4390	1	-1	-1	-1
4538	4536	4391	1	-1	-1	-1
4466	4574	4426	1	-1	-1	-1
4438	4590	4439	1	-1	-1	-1
4441	4589	4438	1	-1	-1	-1
4393	4537	4539	1	-1	-1	-1
4394	4540	4538	1	-1	-1	-1
4441	4440	4592	1	-1	-1	-1
4439	4591	4444	1	-1	-1	-1
4443	4592	4440	1	-1	-1	-1
4541	4540	4394	1	-1	-1	-1
4594	4443	4442	1	-1	-1	-1
4542	4541	4396	1	-1	-1	-1
4591	4445	4444	1	-1	-1	-1
4397	4543	4542	1	-1	-1	-1
4543	4399	4545	1	-1	-1	-1
4545	4399	4544	1	-1	-1	-1
4597	4447	4445	1	-1	-1	-1
4447	4599	4446	1	-1	-1	-1
4599	4448	4446	1	-1	-1	-1
4400	4548	4546	1	-1	-1	-1
4400	4547	4548	1	-1	-1	-1
4448	4601	4449	1	-1	-1	-1
4546	4549	4404	1	-1	-1	-1
4449	4602	4450	1	-1	-1	-1
4551	4401	4549	1	-1	-1	-1
4551	4550	4401	1	-1	-1	-1
4515	4492	4496	3	-1	-1	-1
4552	4402	4550	1	-1	-1	-1
4451	4450	4603	1	-1	-1	-1
4452	4451	4604	1	-1	-1	-1
4466	4470	4574	1	-1	-1	-1
4553	4554	4406	1	-1	-1	-1
4407	4552	4556	1	-1	-1	-1
4407	4555	4553	1	-1	-1	-1
4607	4457	4453	2	-1	-1	-1
4556	4555	4407	1	-1	-1	-1
4456	4608	4454	2	-1	-1	-1
4609	4456	4455	2	-1	-1	-1
4457	4609	4455	2	-1	-1	-1
4559	4410	4554	1	-1	-1	-1
4409	4557	4558	1	-1	-1	-1
4410	4559	4557	1	-1	-1	-1
4465	4454	4608	2	-1	-1	-1
4411	4558	4560	1	-1	-1	-1
4612	4459	4463	1	-1	-1	-1
4613	4461	4460	1	-1	-1	-1
4464	4613	4460	1	-1	-1	-1
4614	4462	4461	1	-1	-1	-1
4562	4414	4561	1	-1	-1	-1
4415	4562	4563	1	-1	-1	-1
4615	4463	4462	1	-1	-1	-1
4420	4560	4561	1	-1	-1	-1
4483	4606	4453	2	-1	-1	-1
4565	4416	4564	1	-1	-1	-1
4416	4563	4564	1	-1	-1	-1
4566	4418	4565	1	-1	-1	-1
4618	4464	4465	1	-1	-1	-1
4612	4479	4459	1	-1	-1	-1
4567	4419	4566	1	-1	-1	-1
4467	4468	4620	1	-1	-1	-1
4620	4470	4467	1	-1	-1	-1
4469	4621	4468	1	-1	-1	-1
4422	4568	4569	1	-1	-1	-1
4567	4571	4423	1	-1	-1	-1
4570	4568	4423	1	-1	-1	-1
4623	4469	4471	1	-1	-1	-1
4572	4570	4423	1	-1	-1	-1
4423	4571	4572	1	-1	-1	-1
4471	4473	4623	1	-1	-1	-1
4435	4586	4547	1	-1	-1	-1
4573	4426	4574	1	-1	-1	-1
4476	4625	4473	1	-1	-1	-1
4475	4474	4627	1	-1	-1	-1
4533	4522	4521	0	-1	-1	-1
4576	4575	4427	1	-1	-1	-1
4474	4478	4627	1	-1	-1	-1
4629	4476	4475	1	-1	-1	-1
4576	4428	4577	1	-1	-1	-1
4430	4573	4580	1	-1	-1	-1
4429	4578	4577	1	-1	-1	-1
4579	4578	4429	1	-1	-1	-1
4632	4478	4477	1	-1	-1	-1
4631	4477	4480	1	-1	-1	-1
4580	4579	4430	1	-1	-1	-1
4575	4585	4434	1	-1	-1	-1
4582	4581	4431	1	-1	-1	-1
4479	4636	4480	1	-1	-1	-1
4583	4582	4432	1	-1	-1	-1
4583	4433	4584	1	-1	-1	-1
4584	4433	4585	1	-1	-1	-1
4484	4482	4639	2	-1	-1	-1
4569	4594	4442	1	-1	-1	-1
4485	4639	4482	2	-1	-1	-1
4437	4581	4588	1	-1	-1	-1
4484	4641	4483	2	-1	-1	-1
4587	4586	4436	1	-1	-1	-1
4436	4588	4587	1	-1	-1	-1
4644	4485	4486	2	-1	-1	-1
4590	4438	4589	1	-1	-1	-1
4646	4486	4487	2	-1	-1	-1
4591	4439	4590	1	-1	-1	-1
4589	4441	4593	1	-1	-1	-1
4488	4648	4487	1	-1	-1	-1
4441	4592	4593	1	-1	-1	-1
4491	4648	4488	1	-1	-1	-1
4489	4649	4490	1	-1	-1	-1
4595	4592	4443	1	-1	-1	-1
4443	4594	4595	1	-1	-1	-1
4490	4651	4491	1	-1	-1	-1
4591	4598	4445	1	-1	-1	-1
4596	4597	4445	1	-1	-1	-1
4445	4598	4596	1	-1	-1	-1
4493	4654	4495	3	-1	-1	-1
4655	4493	4494	3	-1	-1	-1
4600	4447	4597	1	-1	-1	-1
4447	4600	4599	1	-1	-1	-1
4494	4497	4656	3	-1	-1	-1
4601	4448	4599	1	-1	-1	-1
4496	4495	4657	3	-1	-1	-1
4601	4602	4449	1	-1	-1	-1
4514	4649	4489	1	-1	-1	-1
4660	4497	4498	3	-1	-1	-1
4603	4450	4602	1	-1	-1	-1
4605	4451	4603	1	-1	-1	-1
4661	4500	4499	1	-1	-1	-1
4498	4502	4660	3	-1	-1	-1
4605	4604	4451	1	-1	-1	-1
4453	4606	4607	2	-1	-1	-1
4664	4503	4500	1	-1	-1	-1
4501	4665	4502	1	-1	-1	-1
4470	4624	4574	1	-1	-1	-1
4508	4663	4499	1	-1	-1	-1
4515	4496	4659	3	-1	-1	-1
4504	4666	4501	1	-1	-1	-1
4610	4608	4456	2	-1	-1	-1
4611	4457	4607	2	-1	-1	-1
4668	4504	4503	1	-1	-1	-1
4610	4456	4609	2	-1	-1	-1
4611	4609	4457	2	-1	-1	-1
4670	4506	4505	1	-1	-1	-1
4505	4507	4670	1	-1	-1	-1
4671	4508	4506	1	-1	-1	-1
4510	4670	4507	1	-1	-1	-1
4513	4515	4659	1	-1	-1	-1
4614	4461	4613	1	-1	-1	-1
4612	4463	4617	1	-1	-1	-1
4614	4616	4462	1	-1	-1	-1
4673	4510	4509	1	-1	-1	-1
4619	4465	4608	2	-1	-1	-1
4462	4616	4615	1	-1	-1	-1
4511	4673	4509	1	-1	-1	-1
4613	4464	4618	1	-1	-1	-1
4617	4463	4615	1	-1	-1	-1
4512	4676	4511	1	-1	-1	-1
4465	4619	4618	2	-1	-1	-1
4679	4514	4513	1	-1	-1	-1
4569	4568	4570	1	-1	-1	-1
4468	4622	4620	1	-1	-1	-1
4622	4468	4621	1	-1	-1	-1
4621	4469	4623	1	-1	-1	-1
4470	4620	4624	1	-1	-1	-1
4518	4516	4682	1	-1	-1	-1
4682	4516	4519	1	-1	-1	-1
4518	4683	4517	1	-1	-1	-1
4473	4626	4623	1	-1	-1	-1
4520	4685	4519	1	-1	-1	-1
4473	4625	4626	1	-1	-1	-1
4612	4636	4479	1	-1	-1	-1
4539	4678	4512	1	-1	-1	-1
4483	4640	4606	2	-1	-1	-1
4628	4475	4627	1	-1	-1	-1
4630	4625	4476	1	-1	-1	-1
4629	4475	4628	1	-1	-1	-1
4523	4522	4687	0	-1	-1	-1
4524	4523	4688	0	-1	-1	-1
4476	4629	4630	1	-1	-1	-1
4689	4526	4524	0	-1	-1	-1
4634	4627	4478	1	-1	-1	-1
4477	4631	4632	1	-1	-1	-1
4525	4526	4690	1	-1	-1	-1
4533	4687	4522	0	-1	-1	-1
4683	4544	4517	1	-1	-1	-1
4633	4634	4478	1	-1	-1	-1
4632	4635	4478	1	-1	-1	-1
4690	4530	4525	1	-1	-1	-1
4633	4478	4635	1	-1	-1	-1
4692	4527	4528	1	-1	-1	-1
4480	4638	4631	1	-1	-1	-1
4528	4529	4694	1	-1	-1	-1
4637	4480	4636	1	-1	-1	-1
4692	4534	4527	1	-1	-1	-1
4529	4530	4695	1	-1	-1	-1
4637	4638	4480	1	-1	-1	-1
4534	4692	4535	1	-1	-1	-1
4483	4641	4640	2	-1	-1	-1
4639	4642	4484	2	-1	-1	-1
4484	4643	4641	2	-1	-1	-1
4484	4642	4643	2	-1	-1	-1
4645	4639	4485	2	-1	-1	-1
4536	4697	4537	1	-1	-1	-1
4698	4536	4538	1	-1	-1	-1
4644	4645	4485	2	-1	-1	-1
4699	4539	4537	1	-1	-1	-1
4646	4644	4486	2	-1	-1	-1
4701	4538	4540	1	-1	-1	-1
4647	4646	4487	1	-1	-1	-1
4487	4648	4647	1	-1	-1	-1
4702	4540	4541	1	-1	-1	-1
4702	4541	4542	1	-1	-1	-1
4542	4543	4703	1	-1	-1	-1
4649	4650	4490	1	-1	-1	-1
4490	4650	4651	1	-1	-1	-1
4653	4648	4491	1	-1	-1	-1
4704	4543	4545	1	-1	-1	-1
4705	4545	4544	1	-1	-1	-1
4491	4651	4652	1	-1	-1	-1
4491	4652	4653	1	-1	-1	-1
4707	4546	4548	1	-1	-1	-1
4654	4493	4655	3	-1	-1	-1
4549	4546	4707	1	-1	-1	-1
4547	4708	4548	1	-1	-1	-1
4494	4656	4655	3	-1	-1	-1
4654	4658	4495	3	-1	-1	-1
4707	4551	4549	1	-1	-1	-1
4658	4657	4495	3	-1	-1	-1
4551	4710	4550	1	-1	-1	-1
4657	4659	4496	3	-1	-1	-1
4711	4552	4550	1	-1	-1	-1
4656	4497	4660	3	-1	-1	-1
4552	4711	4556	1	-1	-1	-1
4553	4713	4554	1	-1	-1	-1
4553	4555	4713	1	-1	-1	-1
4661	4499	4662	1	-1	-1	-1
4499	4663	4662	1	-1	-1	-1
4661	4664	4500	1	-1	-1	-1
4555	4556	4715	1	-1	-1	-1
4714	4559	4554	1	-1	-1	-1
4502	4667	4660	3	-1	-1	-1
4611	4610	4609	2	-1	-1	-1
4665	4501	4666	1	-1	-1	-1
4718	4558	4557	1	-1	-1	-1
4665	4667	4502	3	-1	-1	-1
4557	4559	4718	1	-1	-1	-1
4664	4668	4503	1	-1	-1	-1
4558	4720	4560	1	-1	-1	-1
4669	4666	4504	1	-1	-1	-1
4586	4708	4547	1	-1	-1	-1
4504	4668	4669	1	-1	-1	-1
4508	4671	4663	1	-1	-1	-1
4560	4723	4561	1	-1	-1	-1
4681	4649	4514	1	-1	-1	-1
4724	4562	4561	1	-1	-1	-1
4506	4670	4672	1	-1	-1	-1
4672	4671	4506	1	-1	-1	-1
4679	4513	4659	1	-1	-1	-1
4563	4562	4726	1	-1	-1	-1
4563	4727	4564	1	-1	-1	-1
4675	4670	4510	1	-1	-1	-1
4673	4674	4510	1	-1	-1	-1
4564	4728	4565	1	-1	-1	-1
4510	4674	4675	1	-1	-1	-1
4566	4565	4729	1	-1	-1	-1
4511	4677	4673	1	-1	-1	-1
4567	4566	4730	1	-1	-1	-1
4677	4511	4676	1	-1	-1	-1
4678	4676	4512	1	-1	-1	-1
4571	4567	4730	1	-1	-1	-1
4569	4570	4732	1	-1	-1	-1
4680	4514	4679	1	-1	-1	-1
4732	4570	4572	1	-1	-1	-1
4680	4681	4514	1	-1	-1	-1
4572	4571	4733	1	-1	-1	-1
4573	4574	4736	1	-1	-1	-1
4682	4684	4518	1	-1	-1	-1
4683	4518	4684	1	-1	-1	-1
4519	4685	4682	1	-1	-1	-1
4576	4738	4575	1	-1	-1	-1
4573	4736	4580	1	-1	-1	-1
4685	4520	4686	1	-1	-1	-1
4576	4577	4739	1	-1	-1	-1
4569	4731	4594	1	-1	-1	-1
4740	4577	4578	1	-1	-1	-1
4585	4575	4737	1	-1	-1	-1
4687	4688	4523	0	-1	-1	-1
4579	4742	4578	1	-1	-1	-1
4524	4688	4689	0	-1	-1	-1
4580	4744	4579	1	-1	-1	-1
4526	4689	4691	0	-1	-1	-1
4691	4690	4526	0	-1	-1	-1
4582	4745	4581	1	-1	-1	-1
4745	4582	4583	1	-1	-1	-1
4528	4693	4692	1	-1	-1	-1
4745	4588	4581	1	-1	-1	-1
4693	4528	4694	1	-1	-1	-1
4748	4583	4584	1	-1	-1	-1
4530	4690	4695	1	-1	-1	-1
4637	4640	4638	1	-1	-1	-1
4539	4699	4678	1	-1	-1	-1
4694	4529	4695	1	-1	-1	-1
4750	4584	4585	1	-1	-1	-1
4641	4638	4640	1	-1	-1	-1
4693	4535	4692	1	-1	-1	-1
4696	4535	4693	0	-1	-1	-1
4586	4587	4751	1	-1	-1	-1
4752	4587	4588	1	-1	-1	-1
4698	4697	4536	1	-1	-1	-1
4544	4683	4705	1	-1	-1	-1
4590	4589	4753	1	-1	-1	-1
4700	4537	4697	1	-1	-1	-1
4736	4574	4624	1	-1	-1	-1
4753	4589	4593	1	-1	-1	-1
4754	4591	4590	1	-1	-1	-1
4537	4700	4699	1	-1	-1	-1
4698	4538	4701	1	-1	-1	-1
4592	4755	4593	1	-1	-1	-1
4595	4755	4592	1	-1	-1	-1
4754	4598	4591	1	-1	-1	-1
4702	4701	4540	1	-1	-1	-1
4594	4756	4595	1	-1	-1	-1
4703	4702	4542	1	-1	-1	-1
4704	4703	4543	1	-1	-1	-1
4597	4596	4758	1	-1	-1	-1
4758	4596	4598	1	-1	-1	-1
4545	4706	4704	1	-1	-1	-1
4600	4597	4759	1	-1	-1	-1
4706	4545	4705	1	-1	-1	-1
4601	4599	4761	1	-1	-1	-1
4762	4599	4600	1	-1	-1	-1
4707	4548	4709	1	-1	-1	-1
4708	4709	4548	1	-1	-1	-1
4763	4602	4601	1	-1	-1	-1
4763	4603	4602	1	-1	-1	-1
4712	4551	4707	1	-1	-1	-1
4710	4711	4550	1	-1	-1	-1
4605	4603	4764	1	-1	-1	-1
4551	4712	4710	1	-1	-1	-1
4604	4605	4765	1	-1	-1	-1
4607	4606	4767	2	-1	-1	-1
4713	4714	4554	1	-1	-1	-1
4556	4711	4717	1	-1	-1	-1
4716	4713	4555	1	-1	-1	-1
4555	4715	4716	1	-1	-1	-1
4607	4769	4611	2	-1	-1	-1
4717	4715	4556	1	-1	-1	-1
4770	4608	4610	2	-1	-1	-1
4610	4611	4771	2	-1	-1	-1
4714	4721	4559	1	-1	-1	-1
4719	4558	4718	1	-1	-1	-1
4558	4719	4720	1	-1	-1	-1
4619	4608	4770	2	-1	-1	-1
4722	4718	4559	1	-1	-1	-1
4613	4773	4614	1	-1	-1	-1
4612	4617	4772	1	-1	-1	-1
4722	4559	4721	1	-1	-1	-1
4723	4560	4720	1	-1	-1	-1
4614	4773	4616	1	-1	-1	-1
4618	4773	4613	1	-1	-1	-1
4615	4616	4774	1	-1	-1	-1
4775	4617	4615	1	-1	-1	-1
4561	4723	4724	1	-1	-1	-1
4562	4724	4725	1	-1	-1	-1
4618	4619	4776	2	-1	-1	-1
4640	4767	4606	2	-1	-1	-1
4726	4562	4725	1	-1	-1	-1
4563	4726	4727	1	-1	-1	-1
4675	4672	4670	1	-1	-1	-1
4728	4564	4727	1	-1	-1	-1
4636	4612	4772	1	-1	-1	-1
4620	4622	4779	1	-1	-1	-1
4728	4729	4565	1	-1	-1	-1
4622	4621	4780	1	-1	-1	-1
4620	4779	4624	1	-1	-1	-1
4623	4781	4621	1	-1	-1	-1
4729	4730	4566	1	-1	-1	-1
4623	4626	4781	1	-1	-1	-1
4569	4732	4731	1	-1	-1	-1
4733	4571	4730	1	-1	-1	-1
4785	4626	4625	1	-1	-1	-1
4734	4732	4572	1	-1	-1	-1
4630	4785	4625	1	-1	-1	-1
4572	4733	4735	1	-1	-1	-1
4735	4734	4572	1	-1	-1	-1
4787	4628	4627	1	-1	-1	-1
4637	4767	4640	1	-1	-1	-1
4586	4751	4708	1	-1	-1	-1
4789	4629	4628	1	-1	-1	-1
4627	4634	4787	1	-1	-1	-1
4629	4790	4630	1	-1	-1	-1
4737	4575	4738	1	-1	-1	-1
4739	4738	4576	1	-1	-1	-1
4793	4632	4631	1	-1	-1	-1
4740	4739	4577	1	-1	-1	-1
4578	4741	4740	1	-1	-1	-1
4736	4744	4580	1	-1	-1	-1
4741	4578	4742	1	-1	-1	-1
4795	4635	4632	1	-1	-1	-1
4631	4638	4793	1	-1	-1	-1
4633	4797	4634	1	-1	-1	-1
4742	4579	4743	1	-1	-1	-1
4635	4796	4633	1	-1	-1	-1
4743	4579	4744	1	-1	-1	-1
4750	4585	4737	1	-1	-1	-1
4638	4641	4793	1	-1	-1	-1
4801	4637	4636	1	-1	-1	-1
4583	4747	4745	1	-1	-1	-1
4583	4748	4746	1	-1	-1	-1
4641	4643	4793	1	-1	-1	-1
4583	4746	4749	1	-1	-1	-1
4583	4749	4747	1	-1	-1	-1
4756	4594	4731	1	-1	-1	-1
4584	4750	4748	1	-1	-1	-1
4696	4693	4694	0	-1	-1	-1
4802	4642	4639	2	-1	-1	-1
4588	4745	4752	1	-1	-1	-1
4802	4639	4645	2	-1	-1	-1
4643	4642	4803	2	-1	-1	-1
4752	4751	4587	1	-1	-1	-1
4646	4804	4644	2	-1	-1	-1
4644	4805	4645	2	-1	-1	-1
4590	4753	4754	1	-1	-1	-1
4646	4647	4808	1	-1	-1	-1
4755	4753	4593	1	-1	-1	-1
4809	4647	4648	1	-1	-1	-1
4744	4736	4624	1	-1	-1	-1
4757	4755	4595	1	-1	-1	-1
4757	4595	4756	1	-1	-1	-1
4650	4649	4811	1	-1	-1	-1
4810	4648	4653	1	-1	-1	-1
4598	4754	4760	1	-1	-1	-1
4650	4813	4651	1	-1	-1	-1
4758	4759	4597	1	-1	-1	-1
4760	4758	4598	1	-1	-1	-1
4651	4814	4652	1	-1	-1	-1
4653	4652	4815	1	-1	-1	-1
4759	4762	4600	1	-1	-1	-1
4761	4599	4762	1	-1	-1	-1
4761	4763	4601	1	-1	-1	-1
4819	4654	4655	3	-1	-1	-1
4818	4658	4654	3	-1	-1	-1
4763	4764	4603	1	-1	-1	-1
4656	4821	4655	3	-1	-1	-1
4766	4605	4764	1	-1	-1	-1
4765	4605	4766	1	-1	-1	-1
4660	4822	4656	3	-1	-1	-1
4823	4657	4658	3	-1	-1	-1
4824	4659	4657	3	-1	-1	-1
4681	4811	4649	1	-1	-1	-1
4607	4767	4768	2	-1	-1	-1
4716	4714	4713	1	-1	-1	-1
4607	4768	4769	2	-1	-1	-1
4624	4779	4744	1	-1	-1	-1
4667	4822	4660	3	-1	-1	-1
4827	4661	4662	1	-1	-1	-1
4769	4771	4611	2	-1	-1	-1
4610	4771	4770	2	-1	-1	-1
4664	4661	4826	1	-1	-1	-1
4662	4663	4828	1	-1	-1	-1
4824	4679	4659	1	-1	-1	-1
4615	4774	4775	1	-1	-1	-1
4668	4664	4833	1	-1	-1	-1
4671	4831	4663	1	-1	-1	-1
4665	4666	4834	1	-1	-1	-1
4616	4773	4776	1	-1	-1	-1
4774	4616	4776	1	-1	-1	-1
4777	4772	4617	1	-1	-1	-1
4618	4776	4773	2	-1	-1	-1
4835	4667	4665	3	-1	-1	-1
4778	4619	4770	2	-1	-1	-1
4775	4777	4617	1	-1	-1	-1
4837	4666	4669	1	-1	-1	-1
4778	4776	4619	2	-1	-1	-1
4839	4669	4668	1	-1	-1	-1
4672	4840	4671	1	-1	-1	-1
4679	4824	4680	1	-1	-1	-1
4621	4782	4780	1	-1	-1	-1
4782	4621	4781	1	-1	-1	-1
4622	4784	4779	1	-1	-1	-1
4783	4622	4780	1	-1	-1	-1
4675	4841	4672	1	-1	-1	-1
4674	4673	4842	1	-1	-1	-1
4622	4783	4784	1	-1	-1	-1
4677	4842	4673	1	-1	-1	-1
4674	4844	4675	1	-1	-1	-1
4781	4626	4786	1	-1	-1	-1
4786	4626	4785	1	-1	-1	-1
4677	4676	4846	1	-1	-1	-1
4676	4678	4846	1	-1	-1	-1
4788	4628	4787	1	-1	-1	-1
4801	4767	4637	1	-1	-1	-1
4788	4789	4628	1	-1	-1	-1
4630	4792	4785	1	-1	-1	-1
4629	4789	4790	1	-1	-1	-1
4636	4772	4801	1	-1	-1	-1
4680	4849	4681	1	-1	-1	-1
4791	4630	4790	1	-1	-1	-1
4630	4791	4792	1	-1	-1	-1
4682	4851	4684	1	-1	-1	-1
4787	4634	4797	1	-1	-1	-1
4851	4682	4685	1	-1	-1	-1
4793	4794	4632	1	-1	-1	-1
4684	4853	4683	1	-1	-1	-1
4795	4632	4794	1	-1	-1	-1
4848	4678	4699	1	-1	-1	-1
4796	4797	4633	1	-1	-1	-1
4685	4686	4855	1	-1	-1	-1
4635	4795	4799	1	-1	-1	-1
4796	4635	4798	1	-1	-1	-1
4793	4643	4794	1	-1	-1	-1
4635	4800	4798	1	-1	-1	-1
4635	4799	4800	1	-1	-1	-1
4858	4690	4691	0	-1	-1	-1
4643	4803	4794	1	-1	-1	-1
4705	4683	4852	1	-1	-1	-1
4690	4858	4695	0	-1	-1	-1
4802	4803	4642	2	-1	-1	-1
4695	4859	4694	0	-1	-1	-1
4859	4696	4694	0	-1	-1	-1
4644	4804	4805	2	-1	-1	-1
4807	4802	4645	2	-1	-1	-1
4697	4698	4860	1	-1	-1	-1
4806	4645	4805	2	-1	-1	-1
4700	4697	4860	1	-1	-1	-1
4646	4808	4804	1	-1	-1	-1
4806	4807	4645	2	-1	-1	-1
4698	4701	4861	1	-1	-1	-1
4699	4700	4862	1	-1	-1	-1
4647	4809	4808	1	-1	-1	-1
4779	4743	4744	1	-1	-1	-1
4810	4809	4648	1	-1	-1	-1
4865	4701	4702	1	-1	-1	-1
4865	4702	4703	1	-1	-1	-1
4811	4812	4650	1	-1	-1	-1
4704	4866	4703	1	-1	-1	-1
4812	4813	4650	1	-1	-1	-1
4706	4868	4704	1	-1	-1	-1
4813	4814	4651	1	-1	-1	-1
4810	4653	4817	1	-1	-1	-1
4705	4869	4706	1	-1	-1	-1
4652	4814	4815	1	-1	-1	-1
4653	4815	4816	1	-1	-1	-1
4817	4653	4816	1	-1	-1	-1
4872	4707	4709	1	-1	-1	-1
4709	4708	4873	1	-1	-1	-1
4712	4707	4871	1	-1	-1	-1
4819	4818	4654	3	-1	-1	-1
4819	4655	4820	3	-1	-1	-1
4711	4710	4874	1	-1	-1	-1
4710	4712	4874	1	-1	-1	-1
4821	4820	4655	3	-1	-1	-1
4821	4656	4822	3	-1	-1	-1
4818	4825	4658	3	-1	-1	-1
4711	4875	4717	1	-1	-1	-1
4657	4823	4824	3	-1	-1	-1
4823	4658	4825	3	-1	-1	-1
4716	4877	4714	1	-1	-1	-1
4715	4879	4716	1	-1	-1	-1
4717	4878	4715	1	-1	-1	-1
4714	4877	4721	1	-1	-1	-1
4826	4661	4827	1	-1	-1	-1
4829	4827	4662	1	-1	-1	-1
4662	4828	4829	1	-1	-1	-1
4718	4882	4719	1	-1	-1	-1
4830	4828	4663	1	-1	-1	-1
4832	4664	4826	1	-1	-1	-1
4882	4718	4722	1	-1	-1	-1
4719	4883	4720	1	-1	-1	-1
4663	4831	4830	1	-1	-1	-1
4720	4884	4723	1	-1	-1	-1
4778	4775	4774	1	-1	-1	-1
4838	4822	4667	3	-1	-1	-1
4721	4885	4722	1	-1	-1	-1
4776	4778	4774	1	-1	-1	-1
4664	4832	4833	1	-1	-1	-1
4708	4751	4873	1	-1	-1	-1
4887	4724	4723	1	-1	-1	-1
4665	4834	4835	3	-1	-1	-1
4834	4666	4836	1	-1	-1	-1
4724	4887	4725	1	-1	-1	-1
4767	4801	4768	1	-1	-1	-1
4726	4725	4888	1	-1	-1	-1
4836	4666	4837	1	-1	-1	-1
4668	4833	4839	1	-1	-1	-1
4835	4838	4667	3	-1	-1	-1
4726	4889	4727	1	-1	-1	-1
4681	4850	4811	1	-1	-1	-1
4840	4831	4671	1	-1	-1	-1
4890	4728	4727	1	-1	-1	-1
4669	4839	4837	1	-1	-1	-1
4728	4892	4729	1	-1	-1	-1
4782	4781	4786	1	-1	-1	-1
4801	4772	4777	1	-1	-1	-1
4893	4730	4729	1	-1	-1	-1
4680	4824	4849	1	-1	-1	-1
4841	4840	4672	1	-1	-1	-1
4893	4733	4730	1	-1	-1	-1
4894	4731	4732	1	-1	-1	-1
4843	4674	4842	1	-1	-1	-1
4843	4844	4674	1	-1	-1	-1
4845	4841	4675	1	-1	-1	-1
4734	4895	4732	1	-1	-1	-1
4844	4845	4675	1	-1	-1	-1
4733	4896	4735	1	-1	-1	-1
4847	4842	4677	1	-1	-1	-1
4897	4734	4735	1	-1	-1	-1
4677	4846	4847	1	-1	-1	-1
4848	4846	4678	1	-1	-1	-1
4737	4738	4900	1	-1	-1	-1
4901	4738	4739	1	-1	-1	-1
4681	4849	4850	1	-1	-1	-1
4756	4731	4894	1	-1	-1	-1
4902	4739	4740	1	-1	-1	-1
4740	4741	4903	1	-1	-1	-1
4737	4900	4750	1	-1	-1	-1
4852	4683	4853	1	-1	-1	-1
4905	4741	4742	1	-1	-1	-1
4851	4854	4684	1	-1	-1	-1
4742	4743	4906	1	-1	-1	-1
4855	4851	4685	1	-1	-1	-1
4854	4853	4684	1	-1	-1	-1
4857	4855	4686	1	-1	-1	-1
4686	4856	4857	1	-1	-1	-1
4745	4747	4909	1	-1	-1	-1
4746	4910	4749	1	-1	-1	-1
4911	4746	4748	1	-1	-1	-1
4909	4752	4745	1	-1	-1	-1
4747	4749	4912	1	-1	-1	-1
4848	4699	4862	1	-1	-1	-1
4913	4748	4750	1	-1	-1	-1
4695	4858	4859	0	-1	-1	-1
4698	4861	4860	1	-1	-1	-1
4752	4916	4751	1	-1	-1	-1
4700	4860	4863	1	-1	-1	-1
4862	4700	4863	1	-1	-1	-1
4918	4754	4753	1	-1	-1	-1
4864	4861	4701	1	-1	-1	-1
4869	4705	4852	1	-1	-1	-1
4755	4919	4753	1	-1	-1	-1
4743	4779	4908	1	-1	-1	-1
4865	4864	4701	1	-1	-1	-1
4921	4755	4757	1	-1	-1	-1
4760	4754	4920	1	-1	-1	-1
4867	4865	4703	1	-1	-1	-1
4703	4866	4867	1	-1	-1	-1
4757	4756	4924	1	-1	-1	-1
4704	4868	4866	1	-1	-1	-1
4758	4925	4759	1	-1	-1	-1
4868	4706	4870	1	-1	-1	-1
4819	4813	4812	3	-1	-1	-1
4758	4760	4927	1	-1	-1	-1
4706	4869	4870	1	-1	-1	-1
4814	4813	4820	3	-1	-1	-1
4759	4928	4762	1	-1	-1	-1
4819	4812	4818	3	-1	-1	-1
4872	4871	4707	1	-1	-1	-1
4819	4820	4813	3	-1	-1	-1
4929	4761	4762	1	-1	-1	-1
4763	4761	4930	1	-1	-1	-1
4872	4709	4873	1	-1	-1	-1
4763	4930	4764	1	-1	-1	-1
4712	4871	4876	1	-1	-1	-1
4875	4711	4874	1	-1	-1	-1
4874	4712	4876	1	-1	-1	-1
4933	4766	4764	1	-1	-1	-1
4765	4766	4934	1	-1	-1	-1
4784	4908	4779	1	-1	-1	-1
4878	4879	4715	1	-1	-1	-1
4880	4877	4716	1	-1	-1	-1
4717	4875	4881	1	-1	-1	-1
4768	4936	4769	2	-1	-1	-1
4812	4811	4850	1	-1	-1	-1
4716	4879	4880	1	-1	-1	-1
4769	4936	4771	2	-1	-1	-1
4717	4881	4878	1	-1	-1	-1
4937	4770	4771	2	-1	-1	-1
4818	4812	4850	3	-1	-1	-1
4877	4885	4721	1	-1	-1	-1
4882	4883	4719	1	-1	-1	-1
4770	4937	4778	2	-1	-1	-1
4720	4883	4884	1	-1	-1	-1
4777	4775	4937	1	-1	-1	-1
4722	4886	4882	1	-1	-1	-1
4937	4775	4778	1	-1	-1	-1
4885	4886	4722	1	-1	-1	-1
4818	4850	4825	3	-1	-1	-1
4723	4884	4887	1	-1	-1	-1
4849	4824	4823	3	-1	-1	-1
4825	4849	4823	3	-1	-1	-1
4782	4938	4780	1	-1	-1	-1
4725	4887	4888	1	-1	-1	-1
4783	4780	4938	1	-1	-1	-1
4889	4726	4888	1	-1	-1	-1
4936	4768	4801	1	-1	-1	-1
4890	4727	4889	1	-1	-1	-1
4940	4784	4783	1	-1	-1	-1
4939	4782	4786	1	-1	-1	-1
4728	4890	4891	1	-1	-1	-1
4892	4728	4891	1	-1	-1	-1
4941	4786	4785	1	-1	-1	-1
4777	4936	4801	1	-1	-1	-1
4893	4729	4892	1	-1	-1	-1
4788	4787	4943	1	-1	-1	-1
4785	4792	4941	1	-1	-1	-1
4895	4894	4732	1	-1	-1	-1
4893	4896	4733	1	-1	-1	-1
4945	4789	4788	1	-1	-1	-1
4825	4850	4849	3	-1	-1	-1
4897	4895	4734	1	-1	-1	-1
4790	4789	4947	1	-1	-1	-1
4797	4943	4787	1	-1	-1	-1
4791	4790	4947	1	-1	-1	-1
4735	4896	4898	1	-1	-1	-1
4897	4735	4899	1	-1	-1	-1
4735	4898	4899	1	-1	-1	-1
4791	4950	4792	1	-1	-1	-1
4901	4900	4738	1	-1	-1	-1
4873	4751	4916	1	-1	-1	-1
4847	4846	4848	1	-1	-1	-1
4795	4794	4952	1	-1	-1	-1
4902	4901	4739	1	-1	-1	-1
4903	4902	4740	1	-1	-1	-1
4797	4796	4954	1	-1	-1	-1
4795	4953	4799	1	-1	-1	-1
4903	4741	4904	1	-1	-1	-1
4796	4798	4954	1	-1	-1	-1
4803	4952	4794	1	-1	-1	-1
4904	4741	4905	1	-1	-1	-1
4955	4798	4800	1	-1	-1	-1
4907	4905	4742	1	-1	-1	-1
4907	4742	4906	1	-1	-1	-1
4957	4800	4799	1	-1	-1	-1
4906	4743	4908	1	-1	-1	-1
4851	4855	4854	1	-1	-1	-1
4900	4915	4750	1	-1	-1	-1
4803	4802	4960	2	-1	-1	-1
4911	4910	4746	1	-1	-1	-1
4909	4747	4912	1	-1	-1	-1
4959	4802	4807	2	-1	-1	-1
4804	4961	4805	2	-1	-1	-1
4748	4913	4911	1	-1	-1	-1
4808	4961	4804	1	-1	-1	-1
4749	4910	4914	1	-1	-1	-1
4894	4923	4756	1	-1	-1	-1
4962	4806	4805	2	-1	-1	-1
4912	4749	4914	1	-1	-1	-1
4806	4963	4807	2	-1	-1	-1
4752	4909	4917	1	-1	-1	-1
4913	4750	4915	1	-1	-1	-1
4809	4965	4808	1	-1	-1	-1
4917	4916	4752	1	-1	-1	-1
4968	4809	4810	1	-1	-1	-1
4919	4918	4753	1	-1	-1	-1
4920	4754	4918	1	-1	-1	-1
4919	4755	4921	1	-1	-1	-1
4810	4817	4968	1	-1	-1	-1
4969	4815	4814	3	-1	-1	-1
4756	4923	4922	1	-1	-1	-1
4971	4816	4815	1	-1	-1	-1
4924	4921	4757	1	-1	-1	-1
4922	4924	4756	1	-1	-1	-1
4969	4814	4820	3	-1	-1	-1
4817	4816	4972	1	-1	-1	-1
4920	4927	4760	1	-1	-1	-1
4758	4926	4925	1	-1	-1	-1
4969	4820	4821	3	-1	-1	-1
4927	4926	4758	1	-1	-1	-1
4925	4928	4759	1	-1	-1	-1
4975	4821	4822	3	-1	-1	-1
4930	4761	4929	1	-1	-1	-1
4931	4762	4928	1	-1	-1	-1
4929	4762	4932	1	-1	-1	-1
4762	4931	4932	1	-1	-1	-1
4933	4764	4930	1	-1	-1	-1
4977	4826	4827	1	-1	-1	-1
4908	4784	4940	1	-1	-1	-1
4935	4766	4933	1	-1	-1	-1
4934	4766	4935	1	-1	-1	-1
4829	4979	4827	1	-1	-1	-1
4822	4838	4976	3	-1	-1	-1
4826	4978	4832	1	-1	-1	-1
4980	4829	4828	1	-1	-1	-1
4981	4828	4830	1	-1	-1	-1
4885	4877	4880	1	-1	-1	-1
4771	4936	4937	2	-1	-1	-1
4984	4830	4831	1	-1	-1	-1
4936	4777	4937	1	-1	-1	-1
4986	4833	4832	1	-1	-1	-1
4840	4985	4831	1	-1	-1	-1
4835	4834	4988	3	-1	-1	-1
4834	4836	4988	3	-1	-1	-1
4839	4833	4987	1	-1	-1	-1
4938	4782	4939	1	-1	-1	-1
4783	4938	4940	1	-1	-1	-1
4835	4989	4838	3	-1	-1	-1
4990	4836	4837	1	-1	-1	-1
4939	4786	4942	1	-1	-1	-1
4837	4839	4992	1	-1	-1	-1
4941	4942	4786	1	-1	-1	-1
4994	4840	4841	1	-1	-1	-1
4944	4788	4943	1	-1	-1	-1
4944	4946	4788	1	-1	-1	-1
4946	4945	4788	1	-1	-1	-1
4893	4892	4896	1	-1	-1	-1
4845	4995	4841	1	-1	-1	-1
4996	4843	4842	1	-1	-1	-1
4948	4789	4945	1	-1	-1	-1
4947	4789	4948	1	-1	-1	-1
4951	4941	4792	1	-1	-1	-1
4998	4844	4843	1	-1	-1	-1
4996	4842	4847	1	-1	-1	-1
4949	4791	4947	1	-1	-1	-1
4844	4999	4845	1	-1	-1	-1
4791	4949	4950	1	-1	-1	-1
4951	4792	4950	1	-1	-1	-1
4954	4943	4797	1	-1	-1	-1
5002	4847	4848	1	-1	-1	-1
4795	4952	4953	1	-1	-1	-1
4955	4954	4798	1	-1	-1	-1
4956	4799	4953	1	-1	-1	-1
4852	4853	5005	1	-1	-1	-1
4799	4956	4957	1	-1	-1	-1
4955	4800	4958	1	-1	-1	-1
4853	4854	5006	1	-1	-1	-1
4862	5003	4848	1	-1	-1	-1
4957	4958	4800	1	-1	-1	-1
4952	4803	4960	1	-1	-1	-1
4855	5007	4854	1	-1	-1	-1
4855	4857	5007	1	-1	-1	-1
5009	4857	4856	1	-1	-1	-1
4959	4960	4802	2	-1	-1	-1
4852	5005	4869	1	-1	-1	-1
4961	4962	4805	2	-1	-1	-1
5003	4862	4863	1	-1	-1	-1
4964	4959	4807	2	-1	-1	-1
5010	4860	4861	1	-1	-1	-1
4962	4963	4806	2	-1	-1	-1
4860	5010	4863	1	-1	-1	-1
4963	4964	4807	2	-1	-1	-1
4961	4808	4966	1	-1	-1	-1
5012	4861	4864	1	-1	-1	-1
4808	4965	4966	1	-1	-1	-1
4809	4967	4965	1	-1	-1	-1
4864	4865	5014	1	-1	-1	-1
4967	4809	4968	1	-1	-1	-1
4865	4867	5015	1	-1	-1	-1
5016	4867	4866	1	-1	-1	-1
5016	4866	4868	1	-1	-1	-1
4815	4969	4970	3	-1	-1	-1
5018	4868	4870	1	-1	-1	-1
4971	4815	4970	3	-1	-1	-1
4869	5019	4870	1	-1	-1	-1
4968	4817	4974	1	-1	-1	-1
4816	4971	4972	1	-1	-1	-1
4972	4973	4817	1	-1	-1	-1
4973	4974	4817	1	-1	-1	-1
4872	5022	4871	1	-1	-1	-1
4821	4975	4969	3	-1	-1	-1
4876	4871	5022	1	-1	-1	-1
5024	4872	4873	1	-1	-1	-1
4822	4976	4975	3	-1	-1	-1
5025	4875	4874	1	-1	-1	-1
4876	5025	4874	1	-1	-1	-1
4977	4978	4826	1	-1	-1	-1
4979	4977	4827	1	-1	-1	-1
4881	4875	5027	1	-1	-1	-1
4878	5029	4879	1	-1	-1	-1
4881	5029	4878	1	-1	-1	-1
4980	4828	4981	1	-1	-1	-1
5031	4880	4879	1	-1	-1	-1
4982	4979	4829	1	-1	-1	-1
4980	4983	4829	1	-1	-1	-1
4983	4982	4829	1	-1	-1	-1
4830	4984	4981	1	-1	-1	-1
4978	4986	4832	1	-1	-1	-1
4880	5032	4885	1	-1	-1	-1
4883	4882	5035	1	-1	-1	-1
4831	4985	4984	1	-1	-1	-1
4886	4885	5032	1	-1	-1	-1
5037	4884	4883	1	-1	-1	-1
4882	4886	5036	1	-1	-1	-1
4833	4986	4987	1	-1	-1	-1
4976	4838	4993	3	-1	-1	-1
4887	4884	5038	1	-1	-1	-1
4835	4988	4989	3	-1	-1	-1
4916	5024	4873	1	-1	-1	-1
4888	4887	5040	1	-1	-1	-1
4836	4991	4988	3	-1	-1	-1
4836	4990	4991	3	-1	-1	-1
4992	4839	4987	1	-1	-1	-1
5041	4889	4888	1	-1	-1	-1
4837	4992	4990	1	-1	-1	-1
4840	4994	4985	1	-1	-1	-1
4989	4993	4838	3	-1	-1	-1
5042	4890	4889	1	-1	-1	-1
4891	4890	5042	1	-1	-1	-1
4891	5043	4892	1	-1	-1	-1
4995	4994	4841	1	-1	-1	-1
4896	4892	5045	1	-1	-1	-1
4942	4941	4951	1	-1	-1	-1
4894	4895	5046	1	-1	-1	-1
4843	4996	4997	1	-1	-1	-1
5046	4895	4897	1	-1	-1	-1
4843	4997	4998	1	-1	-1	-1
5045	4898	4896	1	-1	-1	-1
5000	4995	4845	1	-1	-1	-1
4998	4999	4844	1	-1	-1	-1
5047	4897	4899	1	-1	-1	-1
4996	4847	5001	1	-1	-1	-1
5000	4845	4999	1	-1	-1	-1
4899	4898	5048	1	-1	-1	-1
5002	5001	4847	1	-1	-1	-1
4900	4901	5050	1	-1	-1	-1
5004	5002	4848	1	-1	-1	-1
5003	5004	4848	1	-1	-1	-1
5052	4901	4902	1	-1	-1	-1
4903	5053	4902	1	-1	-1	-1
5054	4903	4904	1	-1	-1	-1
4923	4894	5046	1	-1	-1	-1
5006	5005	4853	1	-1	-1	-1
4905	5055	4904	1	-1	-1	-1
4900	5051	4915	1	-1	-1	-1
5007	5006	4854	1	-1	-1	-1
4907	5056	4905	1	-1	-1	-1
5057	4907	4906	1	-1	-1	-1
5057	4906	4908	1	-1	-1	-1
5009	4856	5008	1	-1	-1	-1
5009	5007	4857	1	-1	-1	-1
4948	4983	4947	1	-1	-1	-1
5013	5003	4863	1	-1	-1	-1
5061	4909	4912	1	-1	-1	-1
4861	5011	5010	1	-1	-1	-1
5063	4910	4911	1	-1	-1	-1
5012	5011	4861	1	-1	-1	-1
5010	5013	4863	1	-1	-1	-1
5062	4914	4910	1	-1	-1	-1
4914	5061	4912	1	-1	-1	-1
4917	4909	5061	1	-1	-1	-1
4911	4913	5064	1	-1	-1	-1
5012	4864	5014	1	-1	-1	-1
5065	4913	4915	1	-1	-1	-1
5015	5014	4865	1	-1	-1	-1
5020	4869	5005	1	-1	-1	-1
4867	5017	5015	1	-1	-1	-1
4867	5016	5017	1	-1	-1	-1
5069	4916	4917	1	-1	-1	-1
5018	5016	4868	1	-1	-1	-1
4940	5060	4908	1	-1	-1	-1
4918	4919	5071	1	-1	-1	-1
4869	5020	5019	1	-1	-1	-1
5018	4870	5021	1	-1	-1	-1
4920	4918	5071	1	-1	-1	-1
5019	5021	4870	1	-1	-1	-1
4919	4921	5072	1	-1	-1	-1
4948	4982	4983	1	-1	-1	-1
4970	4969	4975	3	-1	-1	-1
4872	5023	5022	1	-1	-1	-1
5023	4872	5024	1	-1	-1	-1
4924	5075	4921	1	-1	-1	-1
4920	5073	4927	1	-1	-1	-1
5077	4922	4923	1	-1	-1	-1
4924	4922	5076	1	-1	-1	-1
5022	5028	4876	1	-1	-1	-1
5026	4875	5025	1	-1	-1	-1
4875	5026	5027	1	-1	-1	-1
4876	5028	5025	1	-1	-1	-1
4925	4926	5080	1	-1	-1	-1
4928	4925	5079	1	-1	-1	-1
5082	4926	4927	1	-1	-1	-1
4879	5029	5030	1	-1	-1	-1
5030	5031	4879	1	-1	-1	-1
5027	5034	4881	1	-1	-1	-1
4928	5084	4931	1	-1	-1	-1
5031	5033	4880	1	-1	-1	-1
4881	5034	5029	1	-1	-1	-1
4929	5085	4930	1	-1	-1	-1
5033	5032	4880	1	-1	-1	-1
4929	4932	5085	1	-1	-1	-1
5085	4933	4930	1	-1	-1	-1
4931	5086	4932	1	-1	-1	-1
5036	5035	4882	1	-1	-1	-1
4883	5035	5037	1	-1	-1	-1
4933	5088	4935	1	-1	-1	-1
5039	4886	5032	1	-1	-1	-1
4935	5089	4934	1	-1	-1	-1
5038	4884	5037	1	-1	-1	-1
4886	5039	5036	1	-1	-1	-1
5040	4887	5038	1	-1	-1	-1
4938	4939	5090	1	-1	-1	-1
5040	5041	4888	1	-1	-1	-1
5091	4940	4938	1	-1	-1	-1
5041	5042	4889	1	-1	-1	-1
4942	5092	4939	1	-1	-1	-1
5042	5044	4891	1	-1	-1	-1
5044	5043	4891	1	-1	-1	-1
4892	5043	5045	1	-1	-1	-1
4943	5094	4944	1	-1	-1	-1
5095	4946	4944	1	-1	-1	-1
4942	4951	5093	1	-1	-1	-1
5096	4945	4946	1	-1	-1	-1
4945	5096	4948	1	-1	-1	-1
5047	5046	4897	1	-1	-1	-1
4943	4954	5094	1	-1	-1	-1
5048	4898	5045	1	-1	-1	-1
5098	4949	4947	1	-1	-1	-1
5001	4997	4996	1	-1	-1	-1
4899	5049	5047	1	-1	-1	-1
4899	5048	5049	1	-1	-1	-1
4949	5101	4950	1	-1	-1	-1
5050	5051	4900	1	-1	-1	-1
4901	5052	5050	1	-1	-1	-1
5102	4951	4950	1	-1	-1	-1
5053	5052	4902	1	-1	-1	-1
4953	4952	5103	1	-1	-1	-1
5069	5024	4916	1	-1	-1	-1
5053	4903	5054	1	-1	-1	-1
4956	4953	5103	1	-1	-1	-1
5055	5054	4904	1	-1	-1	-1
5105	4954	4955	1	-1	-1	-1
5055	4905	5056	1	-1	-1	-1
5104	4952	4960	1	-1	-1	-1
5106	4955	4958	1	-1	-1	-1
5108	4957	4956	1	-1	-1	-1
5058	4907	5057	1	-1	-1	-1
5056	4907	5059	1	-1	-1	-1
4959	5104	4960	2	-1	-1	-1
5059	4907	5058	1	-1	-1	-1
5060	5057	4908	1	-1	-1	-1
4957	5111	4958	1	-1	-1	-1
5104	4959	4964	2	-1	-1	-1
4983	5098	4947	1	-1	-1	-1
4948	5099	4982	1	-1	-1	-1
4915	5051	5068	1	-1	-1	-1
4910	5063	5062	1	-1	-1	-1
5063	4911	5064	1	-1	-1	-1
4961	5112	4962	2	-1	-1	-1
5113	4963	4962	2	-1	-1	-1
5112	4961	4966	1	-1	-1	-1
5061	4914	5066	1	-1	-1	-1
4964	4963	5114	2	-1	-1	-1
4913	5065	5064	1	-1	-1	-1
5067	4914	5062	1	-1	-1	-1
4914	5067	5066	1	-1	-1	-1
5046	5078	4923	1	-1	-1	-1
4965	5116	4966	1	-1	-1	-1
5116	4965	4967	1	-1	-1	-1
5068	5065	4915	1	-1	-1	-1
5061	5070	4917	1	-1	-1	-1
4968	5119	4967	1	-1	-1	-1
5070	5069	4917	1	-1	-1	-1
4970	5120	4971	3	-1	-1	-1
4974	5119	4968	1	-1	-1	-1
5072	5071	4919	1	-1	-1	-1
4972	4971	5121	1	-1	-1	-1
5073	4920	5071	1	-1	-1	-1
4975	5120	4970	3	-1	-1	-1
4973	4972	5122	1	-1	-1	-1
4921	5074	5072	1	-1	-1	-1
5074	4921	5075	1	-1	-1	-1
4974	4973	5124	1	-1	-1	-1
5075	4924	5076	1	-1	-1	-1
5077	5076	4922	1	-1	-1	-1
4976	5126	4975	3	-1	-1	-1
5078	5077	4923	1	-1	-1	-1
5083	4927	5073	1	-1	-1	-1
5080	5079	4925	1	-1	-1	-1
4977	5129	4978	1	-1	-1	-1
5129	4977	4979	1	-1	-1	-1
4926	5081	5080	1	-1	-1	-1
5081	4926	5082	1	-1	-1	-1
5060	4940	5091	1	-1	-1	-1
4928	5079	5084	1	-1	-1	-1
4927	5083	5082	1	-1	-1	-1
5034	5030	5029	1	-1	-1	-1
4982	5132	4979	1	-1	-1	-1
4978	5130	4986	1	-1	-1	-1
4980	4981	5134	1	-1	-1	-1
4980	5133	4983	1	-1	-1	-1
4993	5128	4976	3	-1	-1	-1
5135	4981	4984	1	-1	-1	-1
5086	4931	5084	1	-1	-1	-1
4932	5087	5085	1	-1	-1	-1
5087	4932	5086	1	-1	-1	-1
4984	4985	5136	1	-1	-1	-1
5088	4933	5085	1	-1	-1	-1
5089	4935	5088	1	-1	-1	-1
4987	4986	5140	1	-1	-1	-1
5037	5040	5038	1	-1	-1	-1
4985	4994	5138	1	-1	-1	-1
5091	4938	5090	1	-1	-1	-1
4992	4987	5141	1	-1	-1	-1
5143	4989	4988	3	-1	-1	-1
4939	5092	5090	1	-1	-1	-1
4991	5143	4988	3	-1	-1	-1
5093	5092	4942	1	-1	-1	-1
5145	4993	4989	3	-1	-1	-1
5146	4991	4990	3	-1	-1	-1
4990	4992	5147	1	-1	-1	-1
5095	4944	5094	1	-1	-1	-1
4946	5095	5097	1	-1	-1	-1
5097	5096	4946	1	-1	-1	-1
4994	4995	5151	1	-1	-1	-1
5099	4948	5096	1	-1	-1	-1
5102	5093	4951	1	-1	-1	-1
5000	5151	4995	1	-1	-1	-1
5098	5100	4949	1	-1	-1	-1
4998	4997	5153	1	-1	-1	-1
4949	5100	5101	1	-1	-1	-1
5152	4997	5001	1	-1	-1	-1
4999	4998	5154	1	-1	-1	-1
4950	5101	5102	1	-1	-1	-1
5105	5094	4954	1	-1	-1	-1
4999	5155	5000	1	-1	-1	-1
5104	5103	4952	1	-1	-1	-1
5157	5001	5002	1	-1	-1	-1
5004	5158	5002	1	-1	-1	-1
5003	5159	5004	1	-1	-1	-1
5105	4955	5107	1	-1	-1	-1
5103	5109	4956	1	-1	-1	-1
5106	5107	4955	1	-1	-1	-1
5005	5006	5162	1	-1	-1	-1
5108	4956	5109	1	-1	-1	-1
5108	5110	4957	1	-1	-1	-1
5106	4958	5111	1	-1	-1	-1
5003	5013	5159	1	-1	-1	-1
5162	5006	5007	1	-1	-1	-1
5057	5060	5058	1	-1	-1	-1
4957	5110	5111	1	-1	-1	-1
5162	5007	5009	1	-1	-1	-1
5164	5009	5008	1	-1	-1	-1
5104	4964	5115	2	-1	-1	-1
5162	5020	5005	1	-1	-1	-1
5113	4962	5112	2	-1	-1	-1
5011	5166	5010	1	-1	-1	-1
5010	5166	5013	1	-1	-1	-1
5113	5114	4963	2	-1	-1	-1
5167	5011	5012	1	-1	-1	-1
5114	5115	4964	2	-1	-1	-1
5012	5014	5168	1	-1	-1	-1
4966	5117	5112	1	-1	-1	-1
5070	5061	5066	1	-1	-1	-1
5170	5014	5015	1	-1	-1	-1
5116	5117	4966	1	-1	-1	-1
5116	4967	5118	1	-1	-1	-1
5171	5015	5017	1	-1	-1	-1
5118	4967	5119	1	-1	-1	-1
5017	5016	5172	1	-1	-1	-1
5172	5016	5018	1	-1	-1	-1
5120	5121	4971	3	-1	-1	-1
5021	5174	5018	1	-1	-1	-1
4982	5099	5132	1	-1	-1	-1
4983	5133	5098	1	-1	-1	-1
5019	5020	5176	1	-1	-1	-1
5175	5021	5019	1	-1	-1	-1
5123	4972	5121	1	-1	-1	-1
5123	5122	4972	1	-1	-1	-1
5119	4974	5125	1	-1	-1	-1
5124	4973	5122	1	-1	-1	-1
5126	5120	4975	3	-1	-1	-1
5125	4974	5124	1	-1	-1	-1
5022	5023	5179	1	-1	-1	-1
5180	5023	5024	1	-1	-1	-1
5127	5126	4976	3	-1	-1	-1
5179	5028	5022	1	-1	-1	-1
5128	5127	4976	3	-1	-1	-1
5183	5026	5025	1	-1	-1	-1
5182	5025	5028	1	-1	-1	-1
5026	5184	5027	1	-1	-1	-1
5129	5131	4978	1	-1	-1	-1
5131	5130	4978	1	-1	-1	-1
5129	4979	5132	1	-1	-1	-1
5185	5034	5027	1	-1	-1	-1
5133	4980	5134	1	-1	-1	-1
5187	5031	5030	1	-1	-1	-1
5034	5186	5030	1	-1	-1	-1
4981	5135	5134	1	-1	-1	-1
5033	5031	5188	1	-1	-1	-1
5033	5189	5032	1	-1	-1	-1
5130	5140	4986	1	-1	-1	-1
4984	5137	5135	1	-1	-1	-1
4984	5136	5137	1	-1	-1	-1
5189	5039	5032	1	-1	-1	-1
5136	4985	5139	1	-1	-1	-1
5139	4985	5138	1	-1	-1	-1
5193	5035	5036	1	-1	-1	-1
5194	5037	5035	1	-1	-1	-1
4987	5140	5142	1	-1	-1	-1
5142	5141	4987	1	-1	-1	-1
5039	5195	5036	1	-1	-1	-1
5128	4993	5150	3	-1	-1	-1
5024	5069	5181	1	-1	-1	-1
5037	5197	5040	1	-1	-1	-1
5143	5144	4989	3	-1	-1	-1
5144	5145	4989	3	-1	-1	-1
5041	5040	5197	1	-1	-1	-1
5149	4992	5141	1	-1	-1	-1
4991	5148	5143	3	-1	-1	-1
5146	4990	5147	3	-1	-1	-1
5138	4994	5151	1	-1	-1	-1
5042	5041	5200	1	-1	-1	-1
5146	5148	4991	3	-1	-1	-1
5042	5201	5044	1	-1	-1	-1
5145	5150	4993	3	-1	-1	-1
5147	4992	5149	1	-1	-1	-1
5043	5044	5202	1	-1	-1	-1
5202	5045	5043	1	-1	-1	-1
5045	5205	5048	1	-1	-1	-1
5047	5206	5046	1	-1	-1	-1
5152	5153	4997	1	-1	-1	-1
5047	5049	5207	1	-1	-1	-1
5208	5049	5048	1	-1	-1	-1
4998	5153	5154	1	-1	-1	-1
5000	5156	5151	1	-1	-1	-1
5155	4999	5154	1	-1	-1	-1
5001	5157	5152	1	-1	-1	-1
5155	5156	5000	1	-1	-1	-1
5211	5051	5050	1	-1	-1	-1
5211	5050	5052	1	-1	-1	-1
5002	5158	5157	1	-1	-1	-1
5053	5213	5052	1	-1	-1	-1
5181	5069	5070	1	-1	-1	-1
5053	5054	5214	1	-1	-1	-1
5115	5103	5104	1	-1	-1	-1
5158	5004	5160	1	-1	-1	-1
5055	5215	5054	1	-1	-1	-1
5161	5004	5159	1	-1	-1	-1
5161	5160	5004	1	-1	-1	-1
5056	5216	5055	1	-1	-1	-1
5115	5109	5103	1	-1	-1	-1
5046	5206	5078	1	-1	-1	-1
5107	5106	5118	1	-1	-1	-1
5068	5051	5212	1	-1	-1	-1
5056	5059	5219	1	-1	-1	-1
5162	5009	5164	1	-1	-1	-1
5008	5163	5165	1	-1	-1	-1
5164	5008	5165	1	-1	-1	-1
5125	5105	5107	1	-1	-1	-1
5059	5058	5220	1	-1	-1	-1
5060	5220	5058	1	-1	-1	-1
5169	5159	5013	1	-1	-1	-1
5167	5166	5011	1	-1	-1	-1
5119	5107	5118	1	-1	-1	-1
5168	5167	5012	1	-1	-1	-1
5169	5013	5166	1	-1	-1	-1
5224	5062	5063	1	-1	-1	-1
5125	5107	5119	1	-1	-1	-1
5062	5223	5067	1	-1	-1	-1
5014	5170	5168	1	-1	-1	-1
5226	5063	5064	1	-1	-1	-1
5064	5065	5226	1	-1	-1	-1
5171	5170	5015	1	-1	-1	-1
5020	5162	5177	1	-1	-1	-1
5065	5068	5228	1	-1	-1	-1
5173	5171	5017	1	-1	-1	-1
5173	5017	5172	1	-1	-1	-1
5067	5229	5066	1	-1	-1	-1
5018	5174	5172	1	-1	-1	-1
5066	5230	5070	1	-1	-1	-1
5176	5175	5019	1	-1	-1	-1
5091	5220	5060	1	-1	-1	-1
5020	5177	5176	1	-1	-1	-1
5021	5178	5174	1	-1	-1	-1
5175	5178	5021	1	-1	-1	-1
5233	5071	5072	1	-1	-1	-1
5071	5233	5073	1	-1	-1	-1
5074	5233	5072	1	-1	-1	-1
5023	5180	5179	1	-1	-1	-1
5024	5181	5180	1	-1	-1	-1
5075	5236	5074	1	-1	-1	-1
5075	5076	5237	1	-1	-1	-1
5179	5182	5028	1	-1	-1	-1
5183	5025	5182	1	-1	-1	-1
5237	5076	5077	1	-1	-1	-1
5235	5083	5073	1	-1	-1	-1
5078	5238	5077	1	-1	-1	-1
5183	5184	5026	1	-1	-1	-1
5027	5184	5185	1	-1	-1	-1
5240	5079	5080	1	-1	-1	-1
5241	5080	5081	1	-1	-1	-1
5187	5030	5186	1	-1	-1	-1
5240	5084	5079	1	-1	-1	-1
5242	5081	5082	1	-1	-1	-1
5031	5187	5188	1	-1	-1	-1
5083	5243	5082	1	-1	-1	-1
5034	5185	5192	1	-1	-1	-1
5033	5188	5190	1	-1	-1	-1
5192	5186	5034	1	-1	-1	-1
5033	5191	5189	1	-1	-1	-1
5033	5190	5191	1	-1	-1	-1
5245	5086	5084	1	-1	-1	-1
5085	5087	5246	1	-1	-1	-1
5246	5088	5085	1	-1	-1	-1
5039	5189	5191	1	-1	-1	-1
5087	5086	5247	1	-1	-1	-1
5194	5035	5193	1	-1	-1	-1
5195	5193	5036	1	-1	-1	-1
5088	5249	5089	1	-1	-1	-1
5196	5037	5194	1	-1	-1	-1
5039	5191	5198	1	-1	-1	-1
5197	5037	5196	1	-1	-1	-1
5091	5090	5251	1	-1	-1	-1
5195	5039	5199	1	-1	-1	-1
5251	5090	5092	1	-1	-1	-1
5143	5148	5144	3	-1	-1	-1
5039	5198	5199	1	-1	-1	-1
5200	5041	5197	1	-1	-1	-1
5092	5093	5254	1	-1	-1	-1
5200	5201	5042	1	-1	-1	-1
5095	5094	5257	1	-1	-1	-1
5044	5203	5202	1	-1	-1	-1
5204	5044	5201	1	-1	-1	-1
5259	5097	5095	1	-1	-1	-1
5044	5204	5203	1	-1	-1	-1
5093	5102	5256	1	-1	-1	-1
5045	5202	5205	1	-1	-1	-1
5096	5097	5261	1	-1	-1	-1
5257	5094	5105	1	-1	-1	-1
5096	5262	5099	1	-1	-1	-1
5102	5101	5256	1	-1	-1	-1
5206	5047	5207	1	-1	-1	-1
5048	5205	5208	1	-1	-1	-1
5098	5264	5100	1	-1	-1	-1
5207	5049	5210	1	-1	-1	-1
5209	5049	5208	1	-1	-1	-1
5266	5101	5100	1	-1	-1	-1
5210	5049	5209	1	-1	-1	-1
5212	5051	5211	1	-1	-1	-1
5213	5211	5052	1	-1	-1	-1
5053	5214	5213	1	-1	-1	-1
5181	5070	5230	1	-1	-1	-1
5214	5054	5215	1	-1	-1	-1
5106	5111	5268	1	-1	-1	-1
5108	5109	5269	1	-1	-1	-1
5055	5217	5215	1	-1	-1	-1
5105	5125	5257	1	-1	-1	-1
5055	5216	5217	1	-1	-1	-1
5270	5110	5108	1	-1	-1	-1
5056	5218	5216	1	-1	-1	-1
5118	5106	5268	1	-1	-1	-1
5219	5218	5056	1	-1	-1	-1
5273	5111	5110	1	-1	-1	-1
5109	5115	5271	1	-1	-1	-1
5264	5098	5133	1	-1	-1	-1
5132	5099	5265	1	-1	-1	-1
5113	5112	5274	2	-1	-1	-1
5221	5219	5059	1	-1	-1	-1
5115	5114	5271	2	-1	-1	-1
5220	5222	5059	1	-1	-1	-1
5117	5116	5268	1	-1	-1	-1
5113	5275	5114	2	-1	-1	-1
5222	5221	5059	1	-1	-1	-1
5116	5118	5268	1	-1	-1	-1
5112	5117	5274	1	-1	-1	-1
5068	5212	5228	1	-1	-1	-1
5223	5062	5224	1	-1	-1	-1
5226	5225	5063	1	-1	-1	-1
5063	5227	5224	1	-1	-1	-1
5225	5227	5063	1	-1	-1	-1
5278	5121	5120	3	-1	-1	-1
5226	5065	5228	1	-1	-1	-1
5223	5231	5067	1	-1	-1	-1
5278	5123	5121	3	-1	-1	-1
5239	5078	5206	1	-1	-1	-1
5230	5066	5229	1	-1	-1	-1
5129	5265	5131	1	-1	-1	-1
5279	5120	5126	3	-1	-1	-1
5122	5123	5280	1	-1	-1	-1
5265	5129	5132	1	-1	-1	-1
5124	5122	5281	1	-1	-1	-1
5067	5232	5229	1	-1	-1	-1
5231	5232	5067	1	-1	-1	-1
5134	5264	5133	1	-1	-1	-1
5124	5283	5125	1	-1	-1	-1
5285	5126	5127	3	-1	-1	-1
5233	5234	5073	1	-1	-1	-1
5073	5234	5235	1	-1	-1	-1
5127	5128	5288	3	-1	-1	-1
5074	5236	5233	1	-1	-1	-1
5236	5075	5237	1	-1	-1	-1
5290	5130	5131	1	-1	-1	-1
5237	5077	5238	1	-1	-1	-1
5078	5239	5238	1	-1	-1	-1
5290	5140	5130	1	-1	-1	-1
5240	5080	5241	1	-1	-1	-1
5135	5292	5134	1	-1	-1	-1
5235	5244	5083	1	-1	-1	-1
5091	5252	5220	1	-1	-1	-1
5081	5242	5241	1	-1	-1	-1
5137	5293	5135	1	-1	-1	-1
5128	5150	5289	3	-1	-1	-1
5242	5082	5243	1	-1	-1	-1
5137	5136	5295	1	-1	-1	-1
5240	5245	5084	1	-1	-1	-1
5295	5136	5139	1	-1	-1	-1
5083	5244	5243	1	-1	-1	-1
5138	5297	5139	1	-1	-1	-1
5247	5086	5245	1	-1	-1	-1
5248	5246	5087	1	-1	-1	-1
5140	5300	5142	1	-1	-1	-1
5087	5247	5248	1	-1	-1	-1
5250	5088	5246	1	-1	-1	-1
5141	5142	5301	1	-1	-1	-1
5297	5138	5151	1	-1	-1	-1
5088	5250	5249	1	-1	-1	-1
5141	5301	5149	1	-1	-1	-1
5303	5145	5144	3	-1	-1	-1
5091	5251	5253	1	-1	-1	-1
5148	5304	5144	3	-1	-1	-1
5252	5091	5253	1	-1	-1	-1
5255	5251	5092	1	-1	-1	-1
5147	5307	5146	3	-1	-1	-1
5150	5145	5306	3	-1	-1	-1
5092	5254	5255	1	-1	-1	-1
5146	5308	5148	3	-1	-1	-1
5093	5256	5254	1	-1	-1	-1
5151	5156	5297	1	-1	-1	-1
5309	5147	5149	1	-1	-1	-1
5095	5257	5258	1	-1	-1	-1
5095	5258	5259	1	-1	-1	-1
5311	5153	5152	1	-1	-1	-1
5261	5260	5096	1	-1	-1	-1
5096	5260	5262	1	-1	-1	-1
5153	5312	5154	1	-1	-1	-1
5263	5097	5259	1	-1	-1	-1
5152	5157	5310	1	-1	-1	-1
5263	5261	5097	1	-1	-1	-1
5155	5154	5312	1	-1	-1	-1
5101	5267	5256	1	-1	-1	-1
5155	5313	5156	1	-1	-1	-1
5262	5265	5099	1	-1	-1	-1
5266	5100	5264	1	-1	-1	-1
5157	5158	5316	1	-1	-1	-1
5316	5158	5160	1	-1	-1	-1
5267	5101	5266	1	-1	-1	-1
5159	5317	5161	1	-1	-1	-1
5318	5160	5161	1	-1	-1	-1
5159	5169	5317	1	-1	-1	-1
5162	5164	5321	1	-1	-1	-1
5269	5270	5108	1	-1	-1	-1
5271	5269	5109	1	-1	-1	-1
5165	5321	5164	1	-1	-1	-1
5163	5323	5165	1	-1	-1	-1
5268	5111	5273	1	-1	-1	-1
5110	5270	5272	1	-1	-1	-1
5206	5207	5239	1	-1	-1	-1
5110	5272	5273	1	-1	-1	-1
5325	5166	5167	1	-1	-1	-1
5169	5166	5325	1	-1	-1	-1
5271	5114	5275	2	-1	-1	-1
5177	5162	5321	1	-1	-1	-1
5167	5168	5326	1	-1	-1	-1
5117	5268	5277	1	-1	-1	-1
5274	5275	5113	2	-1	-1	-1
5170	5327	5168	1	-1	-1	-1
5284	5257	5125	1	-1	-1	-1
5274	5117	5276	1	-1	-1	-1
5170	5171	5329	1	-1	-1	-1
5277	5276	5117	1	-1	-1	-1
5173	5330	5171	1	-1	-1	-1
5321	5176	5177	1	-1	-1	-1
5173	5172	5331	1	-1	-1	-1
5174	5331	5172	1	-1	-1	-1
5278	5120	5279	3	-1	-1	-1
5123	5278	5282	3	-1	-1	-1
5280	5281	5122	1	-1	-1	-1
5174	5178	5333	1	-1	-1	-1
5334	5175	5176	1	-1	-1	-1
5280	5123	5282	3	-1	-1	-1
5265	5291	5131	1	-1	-1	-1
5178	5175	5334	1	-1	-1	-1
5124	5281	5283	1	-1	-1	-1
5134	5292	5264	1	-1	-1	-1
5286	5279	5126	3	-1	-1	-1
5283	5284	5125	1	-1	-1	-1
5220	5252	5222	1	-1	-1	-1
5180	5337	5179	1	-1	-1	-1
5336	5182	5179	1	-1	-1	-1
5285	5286	5126	3	-1	-1	-1
5127	5287	5285	3	-1	-1	-1
5181	5340	5180	1	-1	-1	-1
5127	5288	5287	3	-1	-1	-1
5128	5289	5288	3	-1	-1	-1
5183	5182	5341	1	-1	-1	-1
5184	5183	5342	1	-1	-1	-1
5184	5343	5185	1	-1	-1	-1
5291	5290	5131	1	-1	-1	-1
5186	5344	5187	1	-1	-1	-1
5343	5192	5185	1	-1	-1	-1
5135	5294	5292	1	-1	-1	-1
5188	5187	5346	1	-1	-1	-1
5192	5344	5186	1	-1	-1	-1
5135	5293	5294	1	-1	-1	-1
5346	5190	5188	1	-1	-1	-1
5137	5296	5293	1	-1	-1	-1
5295	5296	5137	1	-1	-1	-1
5191	5190	5348	1	-1	-1	-1
5140	5290	5300	1	-1	-1	-1
5295	5139	5298	1	-1	-1	-1
5139	5297	5299	1	-1	-1	-1
5298	5139	5299	1	-1	-1	-1
5349	5198	5191	1	-1	-1	-1
5352	5194	5193	1	-1	-1	-1
5352	5193	5195	1	-1	-1	-1
5194	5353	5196	1	-1	-1	-1
5302	5142	5300	1	-1	-1	-1
5289	5150	5306	3	-1	-1	-1
5302	5301	5142	1	-1	-1	-1
5352	5195	5199	1	-1	-1	-1
5354	5197	5196	1	-1	-1	-1
5304	5303	5144	3	-1	-1	-1
5340	5181	5230	1	-1	-1	-1
5297	5156	5299	1	-1	-1	-1
5200	5197	5355	1	-1	-1	-1
5356	5199	5198	1	-1	-1	-1
5303	5305	5145	3	-1	-1	-1
5306	5145	5305	3	-1	-1	-1
5201	5200	5355	1	-1	-1	-1
5309	5149	5301	1	-1	-1	-1
5204	5201	5355	1	-1	-1	-1
5304	5148	5308	3	-1	-1	-1
5146	5307	5308	3	-1	-1	-1
5309	5307	5147	3	-1	-1	-1
5202	5203	5360	1	-1	-1	-1
5359	5205	5202	1	-1	-1	-1
5204	5362	5203	1	-1	-1	-1
5156	5315	5299	1	-1	-1	-1
5208	5205	5359	1	-1	-1	-1
5310	5311	5152	1	-1	-1	-1
5311	5312	5153	1	-1	-1	-1
5312	5314	5155	1	-1	-1	-1
5155	5314	5313	1	-1	-1	-1
5210	5365	5207	1	-1	-1	-1
5157	5316	5310	1	-1	-1	-1
5208	5366	5209	1	-1	-1	-1
5315	5156	5313	1	-1	-1	-1
5210	5209	5367	1	-1	-1	-1
5211	5370	5212	1	-1	-1	-1
5211	5213	5370	1	-1	-1	-1
5316	5160	5318	1	-1	-1	-1
5161	5317	5319	1	-1	-1	-1
5161	5320	5318	1	-1	-1	-1
5284	5258	5257	1	-1	-1	-1
5373	5213	5214	1	-1	-1	-1
5161	5319	5320	1	-1	-1	-1
5214	5215	5374	1	-1	-1	-1
5217	5374	5215	1	-1	-1	-1
5216	5375	5217	1	-1	-1	-1
5323	5163	5322	1	-1	-1	-1
5375	5216	5218	1	-1	-1	-1
5165	5324	5321	1	-1	-1	-1
5365	5239	5207	1	-1	-1	-1
5228	5212	5371	1	-1	-1	-1
5324	5165	5323	1	-1	-1	-1
5328	5317	5169	1	-1	-1	-1
5219	5378	5218	1	-1	-1	-1
5273	5277	5268	1	-1	-1	-1
5378	5219	5221	1	-1	-1	-1
5325	5167	5326	1	-1	-1	-1
5327	5326	5168	1	-1	-1	-1
5266	5264	5292	1	-1	-1	-1
5169	5325	5328	1	-1	-1	-1
5222	5380	5221	1	-1	-1	-1
5327	5170	5329	1	-1	-1	-1
5224	5382	5223	1	-1	-1	-1
5330	5329	5171	1	-1	-1	-1
5321	5335	5176	1	-1	-1	-1
5383	5224	5227	1	-1	-1	-1
5330	5173	5332	1	-1	-1	-1
5225	5226	5384	1	-1	-1	-1
5223	5382	5231	1	-1	-1	-1
5331	5332	5173	1	-1	-1	-1
5385	5227	5225	1	-1	-1	-1
5174	5333	5331	1	-1	-1	-1
5228	5384	5226	1	-1	-1	-1
5335	5334	5176	1	-1	-1	-1
5334	5333	5178	1	-1	-1	-1
5230	5229	5388	1	-1	-1	-1
5229	5232	5388	1	-1	-1	-1
5292	5294	5266	1	-1	-1	-1
5179	5338	5336	1	-1	-1	-1
5390	5232	5231	1	-1	-1	-1
5338	5179	5337	1	-1	-1	-1
5222	5252	5381	1	-1	-1	-1
5340	5339	5180	1	-1	-1	-1
5180	5339	5337	1	-1	-1	-1
5233	5392	5234	1	-1	-1	-1
5336	5341	5182	1	-1	-1	-1
5236	5392	5233	1	-1	-1	-1
5234	5393	5235	1	-1	-1	-1
5342	5183	5341	1	-1	-1	-1
5343	5184	5342	1	-1	-1	-1
5396	5236	5237	1	-1	-1	-1
5237	5238	5397	1	-1	-1	-1
5235	5394	5244	1	-1	-1	-1
5238	5239	5398	1	-1	-1	-1
5187	5344	5345	1	-1	-1	-1
5345	5346	5187	1	-1	-1	-1
5241	5400	5240	1	-1	-1	-1
5346	5347	5190	1	-1	-1	-1
5242	5401	5241	1	-1	-1	-1
5347	5348	5190	1	-1	-1	-1
5240	5400	5245	1	-1	-1	-1
5192	5350	5344	1	-1	-1	-1
5381	5252	5253	1	-1	-1	-1
5343	5351	5192	1	-1	-1	-1
5242	5243	5402	1	-1	-1	-1
5348	5349	5191	1	-1	-1	-1
5243	5244	5404	1	-1	-1	-1
5350	5192	5351	1	-1	-1	-1
5247	5245	5406	1	-1	-1	-1
5194	5352	5353	1	-1	-1	-1
5407	5246	5248	1	-1	-1	-1
5407	5250	5246	1	-1	-1	-1
5196	5353	5354	1	-1	-1	-1
5248	5247	5409	1	-1	-1	-1
5349	5357	5198	1	-1	-1	-1
5355	5197	5354	1	-1	-1	-1
5199	5358	5352	1	-1	-1	-1
5249	5250	5411	1	-1	-1	-1
5357	5356	5198	1	-1	-1	-1
5199	5356	5358	1	-1	-1	-1
5253	5251	5413	1	-1	-1	-1
5413	5251	5255	1	-1	-1	-1
5202	5361	5359	1	-1	-1	-1
5361	5202	5360	1	-1	-1	-1
5355	5364	5204	1	-1	-1	-1
5254	5416	5255	1	-1	-1	-1
5203	5362	5360	1	-1	-1	-1
5254	5256	5417	1	-1	-1	-1
5363	5362	5204	1	-1	-1	-1
5363	5204	5364	1	-1	-1	-1
5359	5366	5208	1	-1	-1	-1
5258	5419	5259	1	-1	-1	-1
5267	5417	5256	1	-1	-1	-1
5367	5209	5366	1	-1	-1	-1
5263	5259	5421	1	-1	-1	-1
5365	5210	5369	1	-1	-1	-1
5261	5423	5260	1	-1	-1	-1
5210	5367	5368	1	-1	-1	-1
5424	5262	5260	1	-1	-1	-1
5368	5369	5210	1	-1	-1	-1
5263	5425	5261	1	-1	-1	-1
5262	5426	5265	1	-1	-1	-1
5372	5212	5370	1	-1	-1	-1
5212	5372	5371	1	-1	-1	-1
5373	5370	5213	1	-1	-1	-1
5230	5388	5340	1	-1	-1	-1
5373	5214	5374	1	-1	-1	-1
5266	5429	5267	1	-1	-1	-1
5420	5258	5284	1	-1	-1	-1
5319	5317	5328	1	-1	-1	-1
5217	5377	5374	1	-1	-1	-1
5217	5375	5376	1	-1	-1	-1
5270	5269	5431	1	-1	-1	-1
5376	5377	5217	1	-1	-1	-1
5431	5269	5271	1	-1	-1	-1
5378	5375	5218	1	-1	-1	-1
5270	5432	5272	1	-1	-1	-1
5275	5431	5271	2	-1	-1	-1
5378	5221	5379	1	-1	-1	-1
5272	5433	5273	1	-1	-1	-1
5335	5321	5324	1	-1	-1	-1
5221	5380	5379	1	-1	-1	-1
5291	5265	5426	1	-1	-1	-1
5433	5277	5273	1	-1	-1	-1
5222	5381	5380	1	-1	-1	-1
5434	5275	5274	2	-1	-1	-1
5434	5274	5276	1	-1	-1	-1
5387	5228	5371	1	-1	-1	-1
5277	5433	5276	1	-1	-1	-1
5283	5420	5284	1	-1	-1	-1
5294	5429	5266	1	-1	-1	-1
5383	5382	5224	1	-1	-1	-1
5279	5435	5278	3	-1	-1	-1
5385	5225	5384	1	-1	-1	-1
5435	5282	5278	3	-1	-1	-1
5383	5227	5386	1	-1	-1	-1
5288	5423	5287	1	-1	-1	-1
5280	5437	5281	1	-1	-1	-1
5227	5385	5386	1	-1	-1	-1
5228	5387	5384	1	-1	-1	-1
5282	5438	5280	3	-1	-1	-1
5436	5279	5286	3	-1	-1	-1
5424	5288	5289	1	-1	-1	-1
5389	5231	5382	1	-1	-1	-1
5239	5365	5399	1	-1	-1	-1
5283	5281	5439	1	-1	-1	-1
5390	5231	5389	1	-1	-1	-1
5232	5391	5388	1	-1	-1	-1
5232	5390	5391	1	-1	-1	-1
5286	5285	5443	3	-1	-1	-1
5287	5443	5285	3	-1	-1	-1
5341	5336	5338	1	-1	-1	-1
5393	5234	5392	1	-1	-1	-1
5289	5306	5427	1	-1	-1	-1
5394	5235	5393	1	-1	-1	-1
5236	5395	5392	1	-1	-1	-1
5236	5396	5395	1	-1	-1	-1
5447	5290	5291	1	-1	-1	-1
5397	5396	5237	1	-1	-1	-1
5398	5397	5238	1	-1	-1	-1
5449	5294	5293	1	-1	-1	-1
5290	5446	5300	1	-1	-1	-1
5399	5398	5239	1	-1	-1	-1
5450	5293	5296	1	-1	-1	-1
5345	5344	5350	1	-1	-1	-1
5241	5401	5400	1	-1	-1	-1
5296	5295	5451	1	-1	-1	-1
5244	5394	5405	1	-1	-1	-1
5451	5295	5298	1	-1	-1	-1
5401	5242	5403	1	-1	-1	-1
5242	5402	5403	1	-1	-1	-1
5404	5402	5243	1	-1	-1	-1
5381	5253	5415	1	-1	-1	-1
5406	5245	5400	1	-1	-1	-1
5299	5455	5298	1	-1	-1	-1
5404	5244	5405	1	-1	-1	-1
5302	5300	5456	1	-1	-1	-1
5457	5301	5302	1	-1	-1	-1
5406	5408	5247	1	-1	-1	-1
5352	5358	5353	1	-1	-1	-1
5247	5408	5409	1	-1	-1	-1
5458	5303	5304	3	-1	-1	-1
5248	5410	5407	1	-1	-1	-1
5303	5458	5305	3	-1	-1	-1
5409	5410	5248	1	-1	-1	-1
5309	5301	5457	1	-1	-1	-1
5315	5455	5299	1	-1	-1	-1
5250	5407	5412	1	-1	-1	-1
5308	5459	5304	3	-1	-1	-1
5460	5306	5305	1	-1	-1	-1
5412	5411	5250	1	-1	-1	-1
5364	5355	5354	1	-1	-1	-1
5462	5308	5307	3	-1	-1	-1
5307	5309	5461	3	-1	-1	-1
5413	5414	5253	1	-1	-1	-1
5253	5414	5415	1	-1	-1	-1
5311	5310	5463	1	-1	-1	-1
5359	5361	5366	1	-1	-1	-1
5413	5255	5418	1	-1	-1	-1
5416	5254	5417	1	-1	-1	-1
5311	5465	5312	1	-1	-1	-1
5418	5255	5416	1	-1	-1	-1
5316	5464	5310	1	-1	-1	-1
5465	5314	5312	1	-1	-1	-1
5467	5313	5314	1	-1	-1	-1
5466	5315	5313	1	-1	-1	-1
5420	5419	5258	1	-1	-1	-1
5259	5419	5422	1	-1	-1	-1
5259	5422	5421	1	-1	-1	-1
5470	5316	5318	1	-1	-1	-1
5260	5423	5424	1	-1	-1	-1
5425	5423	5261	1	-1	-1	-1
5471	5318	5320	1	-1	-1	-1
5472	5320	5319	1	-1	-1	-1
5263	5421	5428	1	-1	-1	-1
5424	5427	5262	1	-1	-1	-1
5430	5417	5267	1	-1	-1	-1
5373	5372	5370	1	-1	-1	-1
5427	5426	5262	1	-1	-1	-1
5428	5425	5263	1	-1	-1	-1
5328	5472	5319	1	-1	-1	-1
5322	5475	5323	1	-1	-1	-1
5324	5323	5476	1	-1	-1	-1
5430	5267	5429	1	-1	-1	-1
5325	5326	5479	1	-1	-1	-1
5478	5328	5325	1	-1	-1	-1
5326	5327	5479	1	-1	-1	-1
5432	5270	5431	1	-1	-1	-1
5423	5288	5424	1	-1	-1	-1
5287	5423	5425	1	-1	-1	-1
5324	5477	5335	1	-1	-1	-1
5481	5327	5329	1	-1	-1	-1
5433	5272	5432	1	-1	-1	-1
5275	5434	5431	2	-1	-1	-1
5427	5424	5289	1	-1	-1	-1
5330	5482	5329	1	-1	-1	-1
5433	5434	5276	1	-1	-1	-1
5330	5332	5483	1	-1	-1	-1
5283	5442	5420	1	-1	-1	-1
5335	5477	5334	1	-1	-1	-1
5484	5332	5331	1	-1	-1	-1
5331	5333	5484	1	-1	-1	-1
5436	5435	5279	3	-1	-1	-1
5333	5334	5486	1	-1	-1	-1
5425	5443	5287	1	-1	-1	-1
5437	5280	5438	3	-1	-1	-1
5437	5440	5281	1	-1	-1	-1
5435	5441	5282	3	-1	-1	-1
5439	5281	5440	1	-1	-1	-1
5441	5438	5282	3	-1	-1	-1
5488	5338	5337	1	-1	-1	-1
5488	5337	5339	1	-1	-1	-1
5439	5442	5283	1	-1	-1	-1
5426	5448	5291	1	-1	-1	-1
5286	5445	5436	3	-1	-1	-1
5341	5338	5490	1	-1	-1	-1
5339	5340	5491	1	-1	-1	-1
5449	5429	5294	1	-1	-1	-1
5286	5443	5444	3	-1	-1	-1
5286	5444	5445	3	-1	-1	-1
5492	5342	5341	1	-1	-1	-1
5342	5494	5343	1	-1	-1	-1
5395	5393	5392	1	-1	-1	-1
5446	5290	5447	1	-1	-1	-1
5346	5345	5495	1	-1	-1	-1
5447	5291	5448	1	-1	-1	-1
5495	5347	5346	1	-1	-1	-1
5351	5343	5494	1	-1	-1	-1
5345	5350	5495	1	-1	-1	-1
5348	5347	5496	1	-1	-1	-1
5450	5449	5293	1	-1	-1	-1
5460	5427	5306	1	-1	-1	-1
5498	5349	5348	1	-1	-1	-1
5452	5450	5296	1	-1	-1	-1
5451	5453	5296	1	-1	-1	-1
5351	5500	5350	1	-1	-1	-1
5296	5453	5452	1	-1	-1	-1
5456	5300	5446	1	-1	-1	-1
5454	5451	5298	1	-1	-1	-1
5349	5498	5357	1	-1	-1	-1
5455	5454	5298	1	-1	-1	-1
5503	5354	5353	1	-1	-1	-1
5503	5353	5358	1	-1	-1	-1
5457	5302	5456	1	-1	-1	-1
5357	5505	5356	1	-1	-1	-1
5356	5504	5358	1	-1	-1	-1
5388	5491	5340	1	-1	-1	-1
5458	5304	5459	3	-1	-1	-1
5364	5354	5503	1	-1	-1	-1
5458	5460	5305	1	-1	-1	-1
5461	5309	5457	3	-1	-1	-1
5410	5412	5407	1	-1	-1	-1
5459	5308	5462	3	-1	-1	-1
5307	5461	5462	3	-1	-1	-1
5509	5361	5360	1	-1	-1	-1
5362	5509	5360	1	-1	-1	-1
5363	5512	5362	1	-1	-1	-1
5463	5310	5464	1	-1	-1	-1
5511	5366	5361	1	-1	-1	-1
5465	5311	5463	1	-1	-1	-1
5315	5469	5455	1	-1	-1	-1
5363	5364	5514	1	-1	-1	-1
5511	5367	5366	1	-1	-1	-1
5467	5466	5313	1	-1	-1	-1
5367	5511	5368	1	-1	-1	-1
5314	5465	5468	1	-1	-1	-1
5369	5515	5365	1	-1	-1	-1
5467	5314	5468	1	-1	-1	-1
5315	5466	5469	1	-1	-1	-1
5464	5316	5470	1	-1	-1	-1
5368	5516	5369	1	-1	-1	-1
5471	5470	5318	1	-1	-1	-1
5372	5520	5371	1	-1	-1	-1
5471	5320	5473	1	-1	-1	-1
5320	5472	5473	1	-1	-1	-1
5372	5373	5522	1	-1	-1	-1
5522	5373	5374	1	-1	-1	-1
5474	5475	5322	1	-1	-1	-1
5374	5377	5522	1	-1	-1	-1
5523	5376	5375	1	-1	-1	-1
5476	5323	5475	1	-1	-1	-1
5378	5523	5375	1	-1	-1	-1
5371	5519	5387	1	-1	-1	-1
5476	5477	5324	1	-1	-1	-1
5377	5376	5524	1	-1	-1	-1
5328	5478	5472	1	-1	-1	-1
5399	5365	5515	1	-1	-1	-1
5478	5325	5479	1	-1	-1	-1
5378	5379	5526	1	-1	-1	-1
5480	5479	5327	1	-1	-1	-1
5379	5380	5527	1	-1	-1	-1
5481	5480	5327	1	-1	-1	-1
5381	5528	5380	1	-1	-1	-1
5481	5329	5482	1	-1	-1	-1
5529	5382	5383	1	-1	-1	-1
5482	5330	5483	1	-1	-1	-1
5428	5443	5425	1	-1	-1	-1
5431	5434	5432	2	-1	-1	-1
5477	5487	5334	1	-1	-1	-1
5432	5434	5433	1	-1	-1	-1
5386	5530	5383	1	-1	-1	-1
5529	5389	5382	1	-1	-1	-1
5485	5483	5332	1	-1	-1	-1
5385	5384	5531	1	-1	-1	-1
5484	5485	5332	1	-1	-1	-1
5384	5387	5531	1	-1	-1	-1
5333	5486	5484	1	-1	-1	-1
5533	5386	5385	1	-1	-1	-1
5334	5487	5486	1	-1	-1	-1
5436	5441	5435	3	-1	-1	-1
5427	5460	5426	1	-1	-1	-1
5388	5391	5535	1	-1	-1	-1
5443	5428	5444	1	-1	-1	-1
5489	5338	5488	1	-1	-1	-1
5389	5536	5390	1	-1	-1	-1
5489	5490	5338	1	-1	-1	-1
5491	5488	5339	1	-1	-1	-1
5390	5538	5391	1	-1	-1	-1
5492	5341	5490	1	-1	-1	-1
5381	5415	5528	1	-1	-1	-1
5393	5395	5539	1	-1	-1	-1
5540	5394	5393	1	-1	-1	-1
5342	5492	5493	1	-1	-1	-1
5342	5493	5494	1	-1	-1	-1
5539	5395	5396	1	-1	-1	-1
5426	5460	5448	1	-1	-1	-1
5397	5544	5396	1	-1	-1	-1
5495	5497	5347	1	-1	-1	-1
5497	5496	5347	1	-1	-1	-1
5398	5545	5397	1	-1	-1	-1
5405	5394	5542	1	-1	-1	-1
5399	5546	5398	1	-1	-1	-1
5496	5499	5348	1	-1	-1	-1
5498	5348	5499	1	-1	-1	-1
5350	5500	5495	1	-1	-1	-1
5502	5351	5494	1	-1	-1	-1
5548	5400	5401	1	-1	-1	-1
5500	5351	5501	1	-1	-1	-1
5403	5548	5401	1	-1	-1	-1
5400	5548	5406	1	-1	-1	-1
5402	5549	5403	1	-1	-1	-1
5502	5501	5351	1	-1	-1	-1
5549	5402	5404	1	-1	-1	-1
5453	5451	5454	1	-1	-1	-1
5404	5405	5552	1	-1	-1	-1
5357	5498	5507	1	-1	-1	-1
5504	5356	5505	1	-1	-1	-1
5357	5506	5505	1	-1	-1	-1
5554	5408	5406	1	-1	-1	-1
5358	5508	5503	1	-1	-1	-1
5507	5506	5357	1	-1	-1	-1
5504	5508	5358	1	-1	-1	-1
5408	5555	5409	1	-1	-1	-1
5457	5456	5461	1	-1	-1	-1
5556	5410	5409	1	-1	-1	-1
5410	5557	5412	1	-1	-1	-1
5361	5509	5510	1	-1	-1	-1
5412	5558	5411	1	-1	-1	-1
5364	5503	5514	1	-1	-1	-1
5510	5511	5361	1	-1	-1	-1
5513	5509	5362	1	-1	-1	-1
5413	5559	5414	1	-1	-1	-1
5513	5362	5512	1	-1	-1	-1
5560	5415	5414	1	-1	-1	-1
5512	5363	5514	1	-1	-1	-1
5413	5418	5559	1	-1	-1	-1
5561	5416	5417	1	-1	-1	-1
5416	5561	5418	1	-1	-1	-1
5511	5517	5368	1	-1	-1	-1
5517	5516	5368	1	-1	-1	-1
5369	5518	5515	1	-1	-1	-1
5419	5420	5564	1	-1	-1	-1
5369	5516	5518	1	-1	-1	-1
5422	5419	5565	1	-1	-1	-1
5417	5430	5561	1	-1	-1	-1
5421	5422	5566	1	-1	-1	-1
5519	5371	5520	1	-1	-1	-1
5372	5521	5520	1	-1	-1	-1
5491	5388	5535	1	-1	-1	-1
5421	5566	5428	1	-1	-1	-1
5372	5522	5521	1	-1	-1	-1
5523	5524	5376	1	-1	-1	-1
5525	5522	5377	1	-1	-1	-1
5525	5377	5524	1	-1	-1	-1
5564	5420	5442	1	-1	-1	-1
5523	5378	5526	1	-1	-1	-1
5429	5569	5430	1	-1	-1	-1
5527	5526	5379	1	-1	-1	-1
5527	5380	5528	1	-1	-1	-1
5568	5444	5428	1	-1	-1	-1
5387	5519	5534	1	-1	-1	-1
5529	5383	5530	1	-1	-1	-1
5429	5449	5569	1	-1	-1	-1
5385	5531	5532	1	-1	-1	-1
5574	5437	5438	3	-1	-1	-1
5386	5533	5530	1	-1	-1	-1
5441	5436	5572	3	-1	-1	-1
5385	5532	5533	1	-1	-1	-1
5440	5437	5573	1	-1	-1	-1
5531	5387	5534	1	-1	-1	-1
5436	5445	5572	3	-1	-1	-1
5441	5575	5438	3	-1	-1	-1
5536	5389	5529	1	-1	-1	-1
5440	5576	5439	1	-1	-1	-1
5444	5568	5445	3	-1	-1	-1
5576	5442	5439	1	-1	-1	-1
5399	5515	5547	1	-1	-1	-1
5390	5536	5537	1	-1	-1	-1
5538	5535	5391	1	-1	-1	-1
5538	5390	5537	1	-1	-1	-1
5569	5449	5450	1	-1	-1	-1
5447	5579	5446	1	-1	-1	-1
5540	5393	5539	1	-1	-1	-1
5394	5540	5541	1	-1	-1	-1
5580	5447	5448	1	-1	-1	-1
5394	5541	5542	1	-1	-1	-1
5539	5396	5543	1	-1	-1	-1
5578	5456	5446	1	-1	-1	-1
5450	5452	5581	1	-1	-1	-1
5544	5543	5396	1	-1	-1	-1
5544	5397	5545	1	-1	-1	-1
5492	5502	5493	1	-1	-1	-1
5453	5583	5452	1	-1	-1	-1
5460	5580	5448	1	-1	-1	-1
5502	5494	5493	1	-1	-1	-1
5546	5545	5398	1	-1	-1	-1
5453	5454	5585	1	-1	-1	-1
5399	5547	5546	1	-1	-1	-1
5456	5578	5461	1	-1	-1	-1
5587	5454	5455	1	-1	-1	-1
5459	5580	5458	1	-1	-1	-1
5458	5580	5460	1	-1	-1	-1
5542	5552	5405	1	-1	-1	-1
5579	5459	5462	1	-1	-1	-1
5461	5578	5462	1	-1	-1	-1
5550	5548	5403	1	-1	-1	-1
5403	5549	5550	1	-1	-1	-1
5528	5415	5560	1	-1	-1	-1
5507	5498	5499	1	-1	-1	-1
5549	5404	5551	1	-1	-1	-1
5553	5406	5548	1	-1	-1	-1
5551	5404	5552	1	-1	-1	-1
5455	5469	5588	1	-1	-1	-1
5554	5406	5553	1	-1	-1	-1
5589	5465	5463	1	-1	-1	-1
5464	5590	5463	1	-1	-1	-1
5408	5554	5555	1	-1	-1	-1
5409	5555	5556	1	-1	-1	-1
5465	5589	5468	1	-1	-1	-1
5557	5410	5556	1	-1	-1	-1
5503	5508	5514	1	-1	-1	-1
5592	5466	5467	1	-1	-1	-1
5470	5591	5464	1	-1	-1	-1
5558	5412	5557	1	-1	-1	-1
5466	5592	5469	1	-1	-1	-1
5467	5468	5594	1	-1	-1	-1
5414	5559	5560	1	-1	-1	-1
5470	5471	5596	1	-1	-1	-1
5418	5563	5559	1	-1	-1	-1
5561	5562	5418	1	-1	-1	-1
5597	5471	5473	1	-1	-1	-1
5562	5563	5418	1	-1	-1	-1
5472	5599	5473	1	-1	-1	-1
5419	5564	5565	1	-1	-1	-1
5478	5599	5472	1	-1	-1	-1
5475	5474	5602	1	-1	-1	-1
5567	5422	5565	1	-1	-1	-1
5476	5475	5603	1	-1	-1	-1
5567	5566	5422	1	-1	-1	-1
5604	5477	5476	1	-1	-1	-1
5561	5430	5570	1	-1	-1	-1
5566	5568	5428	1	-1	-1	-1
5478	5479	5606	1	-1	-1	-1
5607	5479	5480	1	-1	-1	-1
5525	5521	5522	1	-1	-1	-1
5608	5480	5481	1	-1	-1	-1
5477	5605	5487	1	-1	-1	-1
5430	5569	5571	1	-1	-1	-1
5430	5571	5570	1	-1	-1	-1
5482	5610	5481	1	-1	-1	-1
5611	5482	5483	1	-1	-1	-1
5605	5486	5487	1	-1	-1	-1
5483	5485	5612	1	-1	-1	-1
5564	5442	5577	1	-1	-1	-1
5484	5614	5485	1	-1	-1	-1
5486	5613	5484	1	-1	-1	-1
5437	5574	5573	3	-1	-1	-1
5445	5568	5572	3	-1	-1	-1
5574	5438	5575	3	-1	-1	-1
5441	5572	5575	3	-1	-1	-1
5576	5440	5573	1	-1	-1	-1
5616	5489	5488	1	-1	-1	-1
5616	5488	5491	1	-1	-1	-1
5576	5577	5442	1	-1	-1	-1
5618	5490	5489	1	-1	-1	-1
5450	5581	5569	1	-1	-1	-1
5490	5619	5492	1	-1	-1	-1
5446	5579	5578	1	-1	-1	-1
5580	5579	5447	1	-1	-1	-1
5497	5495	5622	1	-1	-1	-1
5581	5452	5582	1	-1	-1	-1
5492	5621	5502	1	-1	-1	-1
5497	5623	5496	1	-1	-1	-1
5622	5495	5500	1	-1	-1	-1
5459	5579	5580	1	-1	-1	-1
5452	5584	5582	1	-1	-1	-1
5496	5623	5499	1	-1	-1	-1
5462	5578	5579	1	-1	-1	-1
5452	5583	5584	1	-1	-1	-1
5586	5583	5453	1	-1	-1	-1
5586	5453	5585	1	-1	-1	-1
5454	5587	5585	1	-1	-1	-1
5500	5501	5627	1	-1	-1	-1
5587	5455	5588	1	-1	-1	-1
5499	5626	5507	1	-1	-1	-1
5629	5501	5502	1	-1	-1	-1
5631	5504	5505	1	-1	-1	-1
5589	5463	5590	1	-1	-1	-1
5631	5508	5504	1	-1	-1	-1
5506	5632	5505	1	-1	-1	-1
5591	5590	5464	1	-1	-1	-1
5506	5507	5633	1	-1	-1	-1
5620	5491	5535	1	-1	-1	-1
5551	5550	5549	1	-1	-1	-1
5550	5553	5548	1	-1	-1	-1
5589	5594	5468	1	-1	-1	-1
5588	5469	5595	1	-1	-1	-1
5467	5593	5592	1	-1	-1	-1
5594	5593	5467	1	-1	-1	-1
5592	5595	5469	1	-1	-1	-1
5470	5596	5591	1	-1	-1	-1
5510	5509	5638	1	-1	-1	-1
5508	5637	5514	1	-1	-1	-1
5638	5509	5513	1	-1	-1	-1
5511	5510	5639	1	-1	-1	-1
5512	5514	5637	1	-1	-1	-1
5513	5512	5640	1	-1	-1	-1
5471	5598	5596	1	-1	-1	-1
5598	5471	5597	1	-1	-1	-1
5511	5639	5517	1	-1	-1	-1
5473	5600	5597	1	-1	-1	-1
5600	5473	5599	1	-1	-1	-1
5515	5518	5643	1	-1	-1	-1
5474	5601	5602	1	-1	-1	-1
5516	5517	5644	1	-1	-1	-1
5516	5645	5518	1	-1	-1	-1
5603	5475	5602	1	-1	-1	-1
5604	5476	5603	1	-1	-1	-1
5478	5606	5599	1	-1	-1	-1
5477	5604	5605	1	-1	-1	-1
5519	5520	5648	1	-1	-1	-1
5650	5520	5521	1	-1	-1	-1
5607	5606	5479	1	-1	-1	-1
5607	5480	5609	1	-1	-1	-1
5650	5521	5525	1	-1	-1	-1
5480	5608	5609	1	-1	-1	-1
5610	5608	5481	1	-1	-1	-1
5523	5652	5524	1	-1	-1	-1
5526	5651	5523	1	-1	-1	-1
5519	5649	5534	1	-1	-1	-1
5482	5611	5610	1	-1	-1	-1
5655	5525	5524	1	-1	-1	-1
5643	5547	5515	1	-1	-1	-1
5483	5612	5611	1	-1	-1	-1
5615	5486	5605	1	-1	-1	-1
5526	5527	5656	1	-1	-1	-1
5484	5613	5614	1	-1	-1	-1
5612	5485	5614	1	-1	-1	-1
5527	5528	5659	1	-1	-1	-1
5486	5615	5613	1	-1	-1	-1
5529	5530	5661	1	-1	-1	-1
5581	5571	5569	1	-1	-1	-1
5489	5616	5617	1	-1	-1	-1
5489	5617	5618	1	-1	-1	-1
5663	5530	5533	1	-1	-1	-1
5618	5619	5490	1	-1	-1	-1
5662	5536	5529	1	-1	-1	-1
5531	5664	5532	1	-1	-1	-1
5491	5620	5616	1	-1	-1	-1
5664	5531	5534	1	-1	-1	-1
5533	5532	5666	1	-1	-1	-1
5492	5619	5621	1	-1	-1	-1
5537	5536	5662	1	-1	-1	-1
5535	5538	5667	1	-1	-1	-1
5622	5624	5497	1	-1	-1	-1
5537	5669	5538	1	-1	-1	-1
5623	5497	5625	1	-1	-1	-1
5497	5624	5625	1	-1	-1	-1
5626	5499	5623	1	-1	-1	-1
5560	5660	5528	1	-1	-1	-1
5670	5540	5539	1	-1	-1	-1
5628	5622	5500	1	-1	-1	-1
5621	5629	5502	1	-1	-1	-1
5539	5543	5670	1	-1	-1	-1
5540	5672	5541	1	-1	-1	-1
5628	5500	5627	1	-1	-1	-1
5541	5673	5542	1	-1	-1	-1
5630	5627	5501	1	-1	-1	-1
5629	5630	5501	1	-1	-1	-1
5543	5544	5675	1	-1	-1	-1
5544	5545	5677	1	-1	-1	-1
5552	5542	5674	1	-1	-1	-1
5505	5632	5631	1	-1	-1	-1
5546	5677	5545	1	-1	-1	-1
5626	5636	5507	1	-1	-1	-1
5547	5678	5546	1	-1	-1	-1
5632	5506	5634	1	-1	-1	-1
5506	5633	5634	1	-1	-1	-1
5507	5635	5633	1	-1	-1	-1
5508	5631	5637	1	-1	-1	-1
5507	5636	5635	1	-1	-1	-1
5550	5551	5681	1	-1	-1	-1
5553	5550	5681	1	-1	-1	-1
5552	5682	5551	1	-1	-1	-1
5639	5510	5638	1	-1	-1	-1
5512	5637	5640	1	-1	-1	-1
5554	5553	5685	1	-1	-1	-1
5513	5642	5638	1	-1	-1	-1
5641	5513	5640	1	-1	-1	-1
5641	5642	5513	1	-1	-1	-1
5555	5554	5688	1	-1	-1	-1
5556	5555	5688	1	-1	-1	-1
5689	5557	5556	1	-1	-1	-1
5647	5517	5639	1	-1	-1	-1
5516	5644	5645	1	-1	-1	-1
5690	5558	5557	1	-1	-1	-1
5645	5643	5518	1	-1	-1	-1
5646	5644	5517	1	-1	-1	-1
5646	5517	5647	1	-1	-1	-1
5559	5692	5560	1	-1	-1	-1
5563	5692	5559	1	-1	-1	-1
5693	5562	5561	1	-1	-1	-1
5519	5648	5649	1	-1	-1	-1
5648	5520	5650	1	-1	-1	-1
5562	5694	5563	1	-1	-1	-1
5668	5620	5535	1	-1	-1	-1
5561	5570	5693	1	-1	-1	-1
5565	5564	5696	1	-1	-1	-1
5652	5523	5651	1	-1	-1	-1
5652	5653	5524	1	-1	-1	-1
5565	5697	5567	1	-1	-1	-1
5655	5650	5525	1	-1	-1	-1
5566	5567	5698	1	-1	-1	-1
5653	5654	5524	1	-1	-1	-1
5568	5566	5698	1	-1	-1	-1
5656	5651	5526	1	-1	-1	-1
5654	5655	5524	1	-1	-1	-1
5570	5571	5693	1	-1	-1	-1
5577	5696	5564	1	-1	-1	-1
5572	5568	5698	3	-1	-1	-1
5658	5656	5527	1	-1	-1	-1
5658	5527	5657	1	-1	-1	-1
5527	5659	5657	1	-1	-1	-1
5698	5575	5572	3	-1	-1	-1
5693	5571	5581	1	-1	-1	-1
5660	5659	5528	1	-1	-1	-1
5534	5649	5664	1	-1	-1	-1
5699	5574	5575	3	-1	-1	-1
5574	5701	5573	3	-1	-1	-1
5573	5700	5576	1	-1	-1	-1
5661	5662	5529	1	-1	-1	-1
5577	5576	5700	1	-1	-1	-1
5661	5530	5663	1	-1	-1	-1
5664	5665	5532	1	-1	-1	-1
5663	5533	5666	1	-1	-1	-1
5532	5665	5666	1	-1	-1	-1
5702	5581	5582	1	-1	-1	-1
5537	5662	5669	1	-1	-1	-1
5582	5584	5703	1	-1	-1	-1
5643	5680	5547	1	-1	-1	-1
5535	5667	5668	1	-1	-1	-1
5584	5583	5704	1	-1	-1	-1
5704	5583	5586	1	-1	-1	-1
5669	5667	5538	1	-1	-1	-1
5624	5622	5628	1	-1	-1	-1
5585	5706	5586	1	-1	-1	-1
5585	5587	5706	1	-1	-1	-1
5540	5670	5671	1	-1	-1	-1
5540	5671	5672	1	-1	-1	-1
5587	5588	5708	1	-1	-1	-1
5673	5541	5672	1	-1	-1	-1
5710	5589	5590	1	-1	-1	-1
5670	5543	5676	1	-1	-1	-1
5674	5542	5673	1	-1	-1	-1
5709	5588	5595	1	-1	-1	-1
5710	5594	5589	1	-1	-1	-1
5712	5590	5591	1	-1	-1	-1
5543	5675	5676	1	-1	-1	-1
5544	5677	5675	1	-1	-1	-1
5592	5593	5714	1	-1	-1	-1
5591	5596	5713	1	-1	-1	-1
5546	5679	5677	1	-1	-1	-1
5592	5715	5595	1	-1	-1	-1
5593	5594	5716	1	-1	-1	-1
5679	5546	5678	1	-1	-1	-1
5680	5678	5547	1	-1	-1	-1
5596	5598	5713	1	-1	-1	-1
5684	5552	5674	1	-1	-1	-1
5660	5560	5692	1	-1	-1	-1
5718	5598	5597	1	-1	-1	-1
5681	5551	5683	1	-1	-1	-1
5683	5551	5682	1	-1	-1	-1
5719	5597	5600	1	-1	-1	-1
5684	5682	5552	1	-1	-1	-1
5553	5681	5685	1	-1	-1	-1
5722	5600	5599	1	-1	-1	-1
5554	5685	5687	1	-1	-1	-1
5686	5554	5687	1	-1	-1	-1
5601	5724	5602	1	-1	-1	-1
5599	5606	5722	1	-1	-1	-1
5686	5688	5554	1	-1	-1	-1
5726	5603	5602	1	-1	-1	-1
5556	5688	5689	1	-1	-1	-1
5606	5607	5722	1	-1	-1	-1
5729	5604	5603	1	-1	-1	-1
5557	5689	5691	1	-1	-1	-1
5557	5691	5690	1	-1	-1	-1
5609	5722	5607	1	-1	-1	-1
5604	5731	5605	1	-1	-1	-1
5608	5732	5609	1	-1	-1	-1
5694	5562	5693	1	-1	-1	-1
5732	5608	5610	1	-1	-1	-1
5695	5692	5563	1	-1	-1	-1
5605	5731	5615	1	-1	-1	-1
5695	5563	5694	1	-1	-1	-1
5736	5610	5611	1	-1	-1	-1
5565	5696	5697	1	-1	-1	-1
5699	5567	5697	1	-1	-1	-1
5612	5737	5611	1	-1	-1	-1
5612	5614	5738	1	-1	-1	-1
5698	5567	5699	1	-1	-1	-1
5614	5613	5739	1	-1	-1	-1
5739	5613	5615	1	-1	-1	-1
5699	5575	5698	3	-1	-1	-1
5577	5700	5696	1	-1	-1	-1
5701	5574	5699	3	-1	-1	-1
5573	5701	5700	3	-1	-1	-1
5742	5617	5616	1	-1	-1	-1
5693	5581	5702	1	-1	-1	-1
5620	5742	5616	1	-1	-1	-1
5743	5618	5617	1	-1	-1	-1
5745	5619	5618	1	-1	-1	-1
5621	5619	5745	1	-1	-1	-1
5702	5582	5703	1	-1	-1	-1
5703	5584	5705	1	-1	-1	-1
5704	5705	5584	1	-1	-1	-1
5623	5625	5749	1	-1	-1	-1
5707	5704	5586	1	-1	-1	-1
5747	5629	5621	1	-1	-1	-1
5706	5707	5586	1	-1	-1	-1
5750	5626	5623	1	-1	-1	-1
5751	5625	5624	1	-1	-1	-1
5587	5708	5706	1	-1	-1	-1
5628	5752	5624	1	-1	-1	-1
5709	5708	5588	1	-1	-1	-1
5629	5747	5630	1	-1	-1	-1
5755	5628	5627	1	-1	-1	-1
5590	5711	5710	1	-1	-1	-1
5627	5630	5754	1	-1	-1	-1
5750	5636	5626	1	-1	-1	-1
5711	5590	5712	1	-1	-1	-1
5713	5712	5591	1	-1	-1	-1
5676	5671	5670	1	-1	-1	-1
5715	5709	5595	1	-1	-1	-1
5631	5632	5757	1	-1	-1	-1
5717	5594	5710	1	-1	-1	-1
5592	5714	5715	1	-1	-1	-1
5716	5714	5593	1	-1	-1	-1
5757	5632	5634	1	-1	-1	-1
5637	5631	5758	1	-1	-1	-1
5633	5759	5634	1	-1	-1	-1
5635	5759	5633	1	-1	-1	-1
5716	5594	5717	1	-1	-1	-1
5620	5668	5742	1	-1	-1	-1
5598	5720	5713	1	-1	-1	-1
5761	5635	5636	1	-1	-1	-1
5597	5719	5718	1	-1	-1	-1
5637	5758	5640	1	-1	-1	-1
5598	5718	5721	1	-1	-1	-1
5598	5721	5720	1	-1	-1	-1
5758	5641	5640	1	-1	-1	-1
5638	5763	5639	1	-1	-1	-1
5719	5600	5723	1	-1	-1	-1
5638	5642	5764	1	-1	-1	-1
5723	5600	5722	1	-1	-1	-1
5765	5642	5641	1	-1	-1	-1
5685	5681	5683	1	-1	-1	-1
5639	5763	5647	1	-1	-1	-1
5725	5724	5601	1	-1	-1	-1
5726	5602	5724	1	-1	-1	-1
5645	5767	5643	1	-1	-1	-1
5644	5768	5645	1	-1	-1	-1
5728	5603	5726	1	-1	-1	-1
5646	5768	5644	1	-1	-1	-1
5727	5603	5728	1	-1	-1	-1
5603	5727	5729	1	-1	-1	-1
5647	5770	5646	1	-1	-1	-1
5730	5604	5729	1	-1	-1	-1
5734	5722	5609	1	-1	-1	-1
5604	5730	5731	1	-1	-1	-1
5649	5648	5773	1	-1	-1	-1
5648	5650	5773	1	-1	-1	-1
5609	5732	5733	1	-1	-1	-1
5733	5734	5609	1	-1	-1	-1
5735	5732	5610	1	-1	-1	-1
5655	5773	5650	1	-1	-1	-1
5776	5652	5651	1	-1	-1	-1
5610	5736	5735	1	-1	-1	-1
5777	5653	5652	1	-1	-1	-1
5651	5656	5776	1	-1	-1	-1
5611	5737	5736	1	-1	-1	-1
5654	5653	5778	1	-1	-1	-1
5740	5615	5731	1	-1	-1	-1
5612	5738	5737	1	-1	-1	-1
5654	5779	5655	1	-1	-1	-1
5775	5664	5649	1	-1	-1	-1
5694	5693	5702	1	-1	-1	-1
5643	5767	5680	1	-1	-1	-1
5614	5739	5738	1	-1	-1	-1
5701	5697	5696	1	-1	-1	-1
5741	5739	5615	1	-1	-1	-1
5615	5740	5741	1	-1	-1	-1
5782	5656	5658	1	-1	-1	-1
5701	5696	5700	1	-1	-1	-1
5701	5699	5697	1	-1	-1	-1
5783	5658	5657	1	-1	-1	-1
5657	5659	5783	1	-1	-1	-1
5660	5784	5659	1	-1	-1	-1
5744	5617	5742	1	-1	-1	-1
5617	5744	5743	1	-1	-1	-1
5746	5618	5743	1	-1	-1	-1
5786	5662	5661	1	-1	-1	-1
5618	5746	5745	1	-1	-1	-1
5661	5663	5788	1	-1	-1	-1
5621	5745	5748	1	-1	-1	-1
5748	5747	5621	1	-1	-1	-1
5663	5666	5790	1	-1	-1	-1
5662	5789	5669	1	-1	-1	-1
5664	5791	5665	1	-1	-1	-1
5750	5623	5749	1	-1	-1	-1
5792	5666	5665	1	-1	-1	-1
5625	5753	5749	1	-1	-1	-1
5752	5751	5624	1	-1	-1	-1
5667	5793	5668	1	-1	-1	-1
5751	5753	5625	1	-1	-1	-1
5669	5794	5667	1	-1	-1	-1
5630	5747	5754	1	-1	-1	-1
5756	5752	5628	1	-1	-1	-1
5755	5627	5754	1	-1	-1	-1
5785	5660	5692	1	-1	-1	-1
5756	5628	5755	1	-1	-1	-1
5797	5672	5671	1	-1	-1	-1
5671	5676	5798	1	-1	-1	-1
5673	5672	5800	1	-1	-1	-1
5631	5757	5758	1	-1	-1	-1
5750	5762	5636	1	-1	-1	-1
5673	5801	5674	1	-1	-1	-1
5760	5757	5634	1	-1	-1	-1
5760	5634	5759	1	-1	-1	-1
5803	5676	5675	1	-1	-1	-1
5677	5803	5675	1	-1	-1	-1
5635	5761	5759	1	-1	-1	-1
5677	5679	5803	1	-1	-1	-1
5762	5761	5636	1	-1	-1	-1
5674	5802	5684	1	-1	-1	-1
5679	5678	5804	1	-1	-1	-1
5678	5680	5804	1	-1	-1	-1
5641	5758	5765	1	-1	-1	-1
5638	5764	5763	1	-1	-1	-1
5642	5766	5764	1	-1	-1	-1
5682	5807	5683	1	-1	-1	-1
5807	5682	5684	1	-1	-1	-1
5766	5642	5765	1	-1	-1	-1
5683	5809	5685	1	-1	-1	-1
5685	5809	5687	1	-1	-1	-1
5645	5769	5767	1	-1	-1	-1
5647	5763	5772	1	-1	-1	-1
5768	5769	5645	1	-1	-1	-1
5768	5646	5771	1	-1	-1	-1
5812	5686	5687	1	-1	-1	-1
5688	5686	5811	1	-1	-1	-1
5646	5770	5771	1	-1	-1	-1
5689	5688	5811	1	-1	-1	-1
5814	5691	5689	1	-1	-1	-1
5647	5772	5770	1	-1	-1	-1
5649	5773	5774	1	-1	-1	-1
5691	5815	5690	1	-1	-1	-1
5774	5775	5649	1	-1	-1	-1
5692	5695	5816	1	-1	-1	-1
5668	5795	5742	1	-1	-1	-1
5776	5777	5652	1	-1	-1	-1
5818	5695	5694	1	-1	-1	-1
5777	5778	5653	1	-1	-1	-1
5781	5773	5655	1	-1	-1	-1
5778	5780	5654	1	-1	-1	-1
5780	5779	5654	1	-1	-1	-1
5702	5817	5694	1	-1	-1	-1
5782	5776	5656	1	-1	-1	-1
5779	5781	5655	1	-1	-1	-1
5817	5702	5703	1	-1	-1	-1
5658	5783	5782	1	-1	-1	-1
5784	5783	5659	1	-1	-1	-1
5705	5819	5703	1	-1	-1	-1
5785	5784	5660	1	-1	-1	-1
5704	5820	5705	1	-1	-1	-1
5664	5775	5791	1	-1	-1	-1
5704	5707	5820	1	-1	-1	-1
5743	5744	5746	1	-1	-1	-1
5786	5661	5787	1	-1	-1	-1
5706	5822	5707	1	-1	-1	-1
5706	5708	5822	1	-1	-1	-1
5787	5661	5788	1	-1	-1	-1
5786	5789	5662	1	-1	-1	-1
5709	5822	5708	1	-1	-1	-1
5790	5788	5663	1	-1	-1	-1
5826	5710	5711	1	-1	-1	-1
5792	5790	5666	1	-1	-1	-1
5792	5665	5791	1	-1	-1	-1
5709	5715	5824	1	-1	-1	-1
5711	5712	5826	1	-1	-1	-1
5806	5680	5767	1	-1	-1	-1
5667	5794	5793	1	-1	-1	-1
5669	5789	5796	1	-1	-1	-1
5710	5827	5717	1	-1	-1	-1
5829	5712	5713	1	-1	-1	-1
5795	5668	5793	1	-1	-1	-1
5796	5794	5669	1	-1	-1	-1
5716	5830	5714	1	-1	-1	-1
5831	5715	5714	1	-1	-1	-1
5829	5713	5720	1	-1	-1	-1
5832	5716	5717	1	-1	-1	-1
5671	5798	5797	1	-1	-1	-1
5797	5799	5672	1	-1	-1	-1
5718	5719	5833	1	-1	-1	-1
5672	5799	5800	1	-1	-1	-1
5721	5718	5833	1	-1	-1	-1
5800	5801	5673	1	-1	-1	-1
5760	5758	5757	1	-1	-1	-1
5723	5834	5719	1	-1	-1	-1
5835	5720	5721	1	-1	-1	-1
5676	5803	5798	1	-1	-1	-1
5802	5674	5801	1	-1	-1	-1
5744	5742	5795	1	-1	-1	-1
5837	5723	5722	1	-1	-1	-1
5803	5679	5805	1	-1	-1	-1
5805	5679	5804	1	-1	-1	-1
5840	5724	5725	1	-1	-1	-1
5840	5726	5724	1	-1	-1	-1
5680	5806	5804	1	-1	-1	-1
5816	5785	5692	1	-1	-1	-1
5837	5722	5734	1	-1	-1	-1
5684	5802	5810	1	-1	-1	-1
5843	5728	5726	1	-1	-1	-1
5683	5807	5808	1	-1	-1	-1
5844	5727	5728	1	-1	-1	-1
5772	5763	5764	1	-1	-1	-1
5683	5808	5809	1	-1	-1	-1
5810	5807	5684	1	-1	-1	-1
5729	5727	5845	1	-1	-1	-1
5766	5772	5764	1	-1	-1	-1
5729	5847	5730	1	-1	-1	-1
5686	5812	5811	1	-1	-1	-1
5687	5809	5813	1	-1	-1	-1
5730	5848	5731	1	-1	-1	-1
5687	5813	5812	1	-1	-1	-1
5689	5811	5814	1	-1	-1	-1
5733	5849	5734	1	-1	-1	-1
5731	5848	5740	1	-1	-1	-1
5815	5691	5814	1	-1	-1	-1
5739	5850	5738	1	-1	-1	-1
5781	5774	5773	1	-1	-1	-1
5816	5695	5818	1	-1	-1	-1
5694	5817	5818	1	-1	-1	-1
5741	5850	5739	1	-1	-1	-1
5851	5741	5740	1	-1	-1	-1
5819	5817	5703	1	-1	-1	-1
5746	5744	5853	1	-1	-1	-1
5705	5821	5819	1	-1	-1	-1
5854	5745	5746	1	-1	-1	-1
5705	5820	5821	1	-1	-1	-1
5748	5745	5854	1	-1	-1	-1
5823	5820	5707	1	-1	-1	-1
5747	5748	5856	1	-1	-1	-1
5707	5822	5823	1	-1	-1	-1
5822	5709	5825	1	-1	-1	-1
5754	5747	5856	1	-1	-1	-1
5709	5824	5825	1	-1	-1	-1
5749	5860	5750	1	-1	-1	-1
5749	5753	5859	1	-1	-1	-1
5710	5826	5827	1	-1	-1	-1
5752	5861	5751	1	-1	-1	-1
5751	5861	5753	1	-1	-1	-1
5712	5828	5826	1	-1	-1	-1
5828	5712	5829	1	-1	-1	-1
5752	5756	5862	1	-1	-1	-1
5715	5831	5824	1	-1	-1	-1
5860	5762	5750	1	-1	-1	-1
5754	5864	5755	1	-1	-1	-1
5714	5830	5831	1	-1	-1	-1
5832	5717	5827	1	-1	-1	-1
5865	5756	5755	1	-1	-1	-1
5716	5832	5830	1	-1	-1	-1
5829	5720	5835	1	-1	-1	-1
5719	5834	5833	1	-1	-1	-1
5758	5760	5869	1	-1	-1	-1
5870	5760	5759	1	-1	-1	-1
5833	5836	5721	1	-1	-1	-1
5744	5795	5852	1	-1	-1	-1
5758	5868	5765	1	-1	-1	-1
5871	5759	5761	1	-1	-1	-1
5721	5836	5835	1	-1	-1	-1
5834	5723	5838	1	-1	-1	-1
5762	5873	5761	1	-1	-1	-1
5839	5723	5837	1	-1	-1	-1
5723	5839	5838	1	-1	-1	-1
5765	5874	5766	1	-1	-1	-1
5725	5841	5842	1	-1	-1	-1
5842	5840	5725	1	-1	-1	-1
5843	5726	5840	1	-1	-1	-1
5767	5769	5876	1	-1	-1	-1
5772	5766	5875	1	-1	-1	-1
5768	5877	5769	1	-1	-1	-1
5727	5844	5845	1	-1	-1	-1
5877	5768	5771	1	-1	-1	-1
5728	5843	5846	1	-1	-1	-1
5846	5844	5728	1	-1	-1	-1
5770	5878	5771	1	-1	-1	-1
5772	5878	5770	1	-1	-1	-1
5849	5837	5734	1	-1	-1	-1
5845	5847	5729	1	-1	-1	-1
5847	5848	5730	1	-1	-1	-1
5882	5775	5774	1	-1	-1	-1
5774	5781	5882	1	-1	-1	-1
5886	5777	5776	1	-1	-1	-1
5740	5848	5851	1	-1	-1	-1
5778	5777	5886	1	-1	-1	-1
5776	5782	5885	1	-1	-1	-1
5780	5778	5887	1	-1	-1	-1
5781	5779	5888	1	-1	-1	-1
5780	5889	5779	1	-1	-1	-1
5852	5853	5744	1	-1	-1	-1
5876	5806	5767	1	-1	-1	-1
5775	5883	5791	1	-1	-1	-1
5817	5819	5818	1	-1	-1	-1
5855	5746	5853	1	-1	-1	-1
5746	5855	5854	1	-1	-1	-1
5892	5782	5783	1	-1	-1	-1
5784	5893	5783	1	-1	-1	-1
5748	5854	5858	1	-1	-1	-1
5857	5856	5748	1	-1	-1	-1
5748	5858	5857	1	-1	-1	-1
5895	5784	5785	1	-1	-1	-1
5859	5860	5749	1	-1	-1	-1
5898	5786	5787	1	-1	-1	-1
5786	5897	5789	1	-1	-1	-1
5899	5787	5788	1	-1	-1	-1
5754	5856	5864	1	-1	-1	-1
5863	5859	5753	1	-1	-1	-1
5861	5752	5862	1	-1	-1	-1
5753	5861	5863	1	-1	-1	-1
5790	5902	5788	1	-1	-1	-1
5796	5789	5897	1	-1	-1	-1
5790	5792	5902	1	-1	-1	-1
5755	5864	5865	1	-1	-1	-1
5756	5867	5862	1	-1	-1	-1
5756	5865	5866	1	-1	-1	-1
5792	5791	5904	1	-1	-1	-1
5866	5867	5756	1	-1	-1	-1
5794	5905	5793	1	-1	-1	-1
5795	5793	5905	1	-1	-1	-1
5758	5869	5868	1	-1	-1	-1
5762	5860	5873	1	-1	-1	-1
5794	5796	5907	1	-1	-1	-1
5816	5896	5785	1	-1	-1	-1
5869	5760	5870	1	-1	-1	-1
5759	5872	5870	1	-1	-1	-1
5871	5872	5759	1	-1	-1	-1
5797	5798	5910	1	-1	-1	-1
5761	5873	5871	1	-1	-1	-1
5797	5909	5799	1	-1	-1	-1
5765	5868	5874	1	-1	-1	-1
5800	5799	5912	1	-1	-1	-1
5798	5803	5911	1	-1	-1	-1
5800	5913	5801	1	-1	-1	-1
5875	5766	5874	1	-1	-1	-1
5914	5802	5801	1	-1	-1	-1
5803	5805	5911	1	-1	-1	-1
5877	5876	5769	1	-1	-1	-1
5837	5849	5839	1	-1	-1	-1
5805	5804	5916	1	-1	-1	-1
5804	5806	5916	1	-1	-1	-1
5802	5915	5810	1	-1	-1	-1
5772	5875	5881	1	-1	-1	-1
5771	5878	5879	1	-1	-1	-1
5880	5877	5771	1	-1	-1	-1
5879	5880	5771	1	-1	-1	-1
5878	5772	5881	1	-1	-1	-1
5808	5807	5920	1	-1	-1	-1
5810	5921	5807	1	-1	-1	-1
5809	5808	5922	1	-1	-1	-1
5775	5882	5883	1	-1	-1	-1
5813	5809	5922	1	-1	-1	-1
5885	5884	5776	1	-1	-1	-1
5811	5812	5923	1	-1	-1	-1
5886	5776	5884	1	-1	-1	-1
5814	5811	5923	1	-1	-1	-1
5812	5813	5924	1	-1	-1	-1
5886	5887	5778	1	-1	-1	-1
5888	5882	5781	1	-1	-1	-1
5795	5905	5852	1	-1	-1	-1
5815	5814	5927	1	-1	-1	-1
5779	5889	5888	1	-1	-1	-1
5780	5887	5890	1	-1	-1	-1
5782	5891	5885	1	-1	-1	-1
5889	5780	5890	1	-1	-1	-1
5818	5929	5816	1	-1	-1	-1
5891	5782	5892	1	-1	-1	-1
5855	5858	5854	1	-1	-1	-1
5818	5819	5930	1	-1	-1	-1
5783	5893	5892	1	-1	-1	-1
5784	5894	5893	1	-1	-1	-1
5821	5931	5819	1	-1	-1	-1
5932	5821	5820	1	-1	-1	-1
5894	5784	5895	1	-1	-1	-1
5820	5823	5932	1	-1	-1	-1
5785	5896	5895	1	-1	-1	-1
5883	5903	5791	1	-1	-1	-1
5822	5935	5823	1	-1	-1	-1
5897	5786	5898	1	-1	-1	-1
5825	5934	5822	1	-1	-1	-1
5898	5787	5900	1	-1	-1	-1
5899	5900	5787	1	-1	-1	-1
5937	5825	5824	1	-1	-1	-1
5788	5901	5899	1	-1	-1	-1
5902	5901	5788	1	-1	-1	-1
5824	5831	5938	1	-1	-1	-1
5826	5941	5827	1	-1	-1	-1
5828	5941	5826	1	-1	-1	-1
5903	5904	5791	1	-1	-1	-1
5904	5902	5792	1	-1	-1	-1
5918	5806	5876	1	-1	-1	-1
5897	5908	5796	1	-1	-1	-1
5832	5827	5942	1	-1	-1	-1
5828	5829	5944	1	-1	-1	-1
5906	5905	5794	1	-1	-1	-1
5945	5831	5830	1	-1	-1	-1
5945	5830	5832	1	-1	-1	-1
5906	5794	5907	1	-1	-1	-1
5829	5835	5944	1	-1	-1	-1
5908	5907	5796	1	-1	-1	-1
5834	5947	5833	1	-1	-1	-1
5910	5909	5797	1	-1	-1	-1
5836	5833	5948	1	-1	-1	-1
5834	5838	5947	1	-1	-1	-1
5911	5910	5798	1	-1	-1	-1
5909	5912	5799	1	-1	-1	-1
5836	5949	5835	1	-1	-1	-1
5800	5912	5913	1	-1	-1	-1
5913	5914	5801	1	-1	-1	-1
5802	5914	5915	1	-1	-1	-1
5840	5842	5951	1	-1	-1	-1
5911	5805	5917	1	-1	-1	-1
5951	5843	5840	1	-1	-1	-1
5953	5842	5841	1	-1	-1	-1
5917	5805	5916	1	-1	-1	-1
5951	5846	5843	1	-1	-1	-1
5816	5929	5896	1	-1	-1	-1
5919	5916	5806	1	-1	-1	-1
5919	5806	5918	1	-1	-1	-1
5844	5955	5845	1	-1	-1	-1
5956	5844	5846	1	-1	-1	-1
5921	5810	5915	1	-1	-1	-1
5920	5807	5921	1	-1	-1	-1
5957	5847	5845	1	-1	-1	-1
5920	5922	5808	1	-1	-1	-1
5847	5960	5848	1	-1	-1	-1
5851	5848	5960	1	-1	-1	-1
5812	5925	5923	1	-1	-1	-1
5925	5812	5924	1	-1	-1	-1
5922	5926	5813	1	-1	-1	-1
5926	5924	5813	1	-1	-1	-1
5928	5814	5923	1	-1	-1	-1
5962	5853	5852	1	-1	-1	-1
5814	5928	5927	1	-1	-1	-1
5853	5963	5855	1	-1	-1	-1
5855	5963	5858	1	-1	-1	-1
5818	5930	5929	1	-1	-1	-1
5964	5856	5857	1	-1	-1	-1
5858	5965	5857	1	-1	-1	-1
5930	5819	5931	1	-1	-1	-1
5856	5964	5864	1	-1	-1	-1
5933	5931	5821	1	-1	-1	-1
5932	5933	5821	1	-1	-1	-1
5859	5969	5860	1	-1	-1	-1
5932	5823	5936	1	-1	-1	-1
5822	5934	5935	1	-1	-1	-1
5859	5863	5970	1	-1	-1	-1
5865	5864	5964	1	-1	-1	-1
5935	5936	5823	1	-1	-1	-1
5861	5862	5971	1	-1	-1	-1
5863	5861	5971	1	-1	-1	-1
5939	5934	5825	1	-1	-1	-1
5824	5938	5937	1	-1	-1	-1
5867	5971	5862	1	-1	-1	-1
5969	5873	5860	1	-1	-1	-1
5825	5937	5940	1	-1	-1	-1
5939	5825	5940	1	-1	-1	-1
5865	5974	5866	1	-1	-1	-1
5975	5867	5866	1	-1	-1	-1
5941	5942	5827	1	-1	-1	-1
5828	5943	5941	1	-1	-1	-1
5831	5945	5938	1	-1	-1	-1
5943	5828	5944	1	-1	-1	-1
5869	5978	5868	1	-1	-1	-1
5961	5852	5905	1	-1	-1	-1
5870	5979	5869	1	-1	-1	-1
5868	5978	5874	1	-1	-1	-1
5942	5946	5832	1	-1	-1	-1
5872	5979	5870	1	-1	-1	-1
5945	5832	5946	1	-1	-1	-1
5871	5980	5872	1	-1	-1	-1
5871	5873	5981	1	-1	-1	-1
5833	5947	5948	1	-1	-1	-1
5944	5835	5949	1	-1	-1	-1
5836	5948	5950	1	-1	-1	-1
5836	5950	5949	1	-1	-1	-1
5987	5875	5874	1	-1	-1	-1
5910	5911	5917	1	-1	-1	-1
5876	5877	5988	1	-1	-1	-1
5881	5875	5987	1	-1	-1	-1
5877	5880	5989	1	-1	-1	-1
5841	5952	5953	1	-1	-1	-1
5990	5879	5878	1	-1	-1	-1
5842	5954	5951	1	-1	-1	-1
5990	5878	5881	1	-1	-1	-1
5842	5953	5954	1	-1	-1	-1
5879	5991	5880	1	-1	-1	-1
5955	5844	5956	1	-1	-1	-1
5951	5959	5846	1	-1	-1	-1
5845	5955	5957	1	-1	-1	-1
5994	5883	5882	1	-1	-1	-1
5956	5846	5958	1	-1	-1	-1
5846	5959	5958	1	-1	-1	-1
5888	5994	5882	1	-1	-1	-1
5847	5957	5960	1	-1	-1	-1
5885	5997	5884	1	-1	-1	-1
5884	5996	5886	1	-1	-1	-1
5996	5887	5886	1	-1	-1	-1
5905	5906	5961	1	-1	-1	-1
5997	5885	5891	1	-1	-1	-1
5996	5890	5887	1	-1	-1	-1
5962	5852	5961	1	-1	-1	-1
5888	5889	5998	1	-1	-1	-1
5962	5963	5853	1	-1	-1	-1
5890	5999	5889	1	-1	-1	-1
5883	5995	5903	1	-1	-1	-1
5876	5988	5918	1	-1	-1	-1
5891	5892	6003	1	-1	-1	-1
5964	5857	5966	1	-1	-1	-1
5963	5968	5858	1	-1	-1	-1
5967	5857	5965	1	-1	-1	-1
5857	5967	5966	1	-1	-1	-1
5892	5893	6005	1	-1	-1	-1
5858	5968	5965	1	-1	-1	-1
5894	6005	5893	1	-1	-1	-1
5894	5895	6006	1	-1	-1	-1
5865	5964	5966	1	-1	-1	-1
6007	5895	5896	1	-1	-1	-1
5970	5969	5859	1	-1	-1	-1
5898	6009	5897	1	-1	-1	-1
5865	5966	5974	1	-1	-1	-1
5972	5863	5971	1	-1	-1	-1
5970	5863	5973	1	-1	-1	-1
6010	5898	5900	1	-1	-1	-1
5972	5973	5863	1	-1	-1	-1
6011	5900	5899	1	-1	-1	-1
5899	5901	6012	1	-1	-1	-1
6009	5908	5897	1	-1	-1	-1
5971	5867	5977	1	-1	-1	-1
5866	5974	5975	1	-1	-1	-1
5901	5902	6015	1	-1	-1	-1
5975	5976	5867	1	-1	-1	-1
5867	5976	5977	1	-1	-1	-1
5904	6015	5902	1	-1	-1	-1
5904	5903	6016	1	-1	-1	-1
5984	5873	5969	1	-1	-1	-1
5942	5941	5943	1	-1	-1	-1
5869	5979	5978	1	-1	-1	-1
5980	5871	5981	1	-1	-1	-1
5929	6007	5896	1	-1	-1	-1
6019	5906	5907	1	-1	-1	-1
5872	5980	5982	1	-1	-1	-1
5979	5872	5983	1	-1	-1	-1
6020	5907	5908	1	-1	-1	-1
5874	5978	5985	1	-1	-1	-1
5872	5982	5983	1	-1	-1	-1
5873	5984	5981	1	-1	-1	-1
6022	5909	5910	1	-1	-1	-1
5909	6021	5912	1	-1	-1	-1
5986	5874	5985	1	-1	-1	-1
5874	5986	5987	1	-1	-1	-1
5917	6023	5910	1	-1	-1	-1
5912	6026	5913	1	-1	-1	-1
6027	5914	5913	1	-1	-1	-1
5877	5989	5988	1	-1	-1	-1
6027	5915	5914	1	-1	-1	-1
5991	5879	5990	1	-1	-1	-1
5880	5992	5989	1	-1	-1	-1
5993	5881	5987	1	-1	-1	-1
5917	5916	6030	1	-1	-1	-1
5880	5991	5992	1	-1	-1	-1
5990	5881	5993	1	-1	-1	-1
5915	6028	5921	1	-1	-1	-1
5959	5951	5954	1	-1	-1	-1
5919	6030	5916	1	-1	-1	-1
6032	5919	5918	1	-1	-1	-1
5995	5883	5994	1	-1	-1	-1
5920	5921	6034	1	-1	-1	-1
5884	5997	5996	1	-1	-1	-1
5922	5920	6035	1	-1	-1	-1
5888	5998	5994	1	-1	-1	-1
5926	5922	6036	1	-1	-1	-1
5998	5889	5999	1	-1	-1	-1
6019	5961	5906	1	-1	-1	-1
6038	5923	5925	1	-1	-1	-1
5890	5996	6001	1	-1	-1	-1
6039	5925	5924	1	-1	-1	-1
6037	5928	5923	1	-1	-1	-1
5926	6039	5924	1	-1	-1	-1
6001	6000	5890	1	-1	-1	-1
6002	5999	5890	1	-1	-1	-1
5997	5891	6003	1	-1	-1	-1
5890	6000	6002	1	-1	-1	-1
5928	6043	5927	1	-1	-1	-1
5892	6004	6003	1	-1	-1	-1
6004	5892	6005	1	-1	-1	-1
5930	6045	5929	1	-1	-1	-1
5894	6006	6005	1	-1	-1	-1
5931	6046	5930	1	-1	-1	-1
6006	5895	6008	1	-1	-1	-1
6007	6008	5895	1	-1	-1	-1
5933	6047	5931	1	-1	-1	-1
6048	5933	5932	1	-1	-1	-1
6017	5903	5995	1	-1	-1	-1
6049	5932	5936	1	-1	-1	-1
5898	6010	6009	1	-1	-1	-1
5935	5934	6051	1	-1	-1	-1
5971	5977	5972	1	-1	-1	-1
5935	6051	5936	1	-1	-1	-1
6012	6011	5899	1	-1	-1	-1
5934	5939	6051	1	-1	-1	-1
6013	5900	6011	1	-1	-1	-1
6010	5900	6014	1	-1	-1	-1
6013	6014	5900	1	-1	-1	-1
6012	5901	6015	1	-1	-1	-1
6053	5937	5938	1	-1	-1	-1
5940	5937	6053	1	-1	-1	-1
6056	5939	5940	1	-1	-1	-1
6016	5903	6017	1	-1	-1	-1
5904	6018	6015	1	-1	-1	-1
5988	6031	5918	1	-1	-1	-1
6020	5908	6009	1	-1	-1	-1
5938	5945	6054	1	-1	-1	-1
5904	6016	6018	1	-1	-1	-1
5983	5978	5979	1	-1	-1	-1
5943	6058	5942	1	-1	-1	-1
5944	6059	5943	1	-1	-1	-1
5942	6058	5946	1	-1	-1	-1
5907	6020	6019	1	-1	-1	-1
5983	5985	5978	1	-1	-1	-1
5909	6022	6021	1	-1	-1	-1
5946	6062	5945	1	-1	-1	-1
5944	5949	6061	1	-1	-1	-1
6022	5910	6023	1	-1	-1	-1
6021	6024	5912	1	-1	-1	-1
5949	5950	6061	1	-1	-1	-1
5912	6024	6025	1	-1	-1	-1
5912	6025	6026	1	-1	-1	-1
6027	5913	6026	1	-1	-1	-1
5953	5952	6064	1	-1	-1	-1
5917	6030	6023	1	-1	-1	-1
6029	5915	6027	1	-1	-1	-1
6028	5915	6029	1	-1	-1	-1
6066	5954	5953	1	-1	-1	-1
6067	5959	5954	1	-1	-1	-1
6007	5929	6045	1	-1	-1	-1
5918	6031	6032	1	-1	-1	-1
6030	5919	6033	1	-1	-1	-1
6028	6034	5921	1	-1	-1	-1
6033	5919	6032	1	-1	-1	-1
5959	6068	5958	1	-1	-1	-1
6035	5920	6034	1	-1	-1	-1
5962	5961	6069	1	-1	-1	-1
5922	6035	6036	1	-1	-1	-1
5997	6001	5996	1	-1	-1	-1
6071	5963	5962	1	-1	-1	-1
6038	6037	5923	1	-1	-1	-1
6071	5968	5963	1	-1	-1	-1
5925	6040	6038	1	-1	-1	-1
5965	6072	5967	1	-1	-1	-1
5926	6036	6042	1	-1	-1	-1
6041	5925	6039	1	-1	-1	-1
5965	5968	6072	1	-1	-1	-1
6040	5925	6041	1	-1	-1	-1
5967	6073	5966	1	-1	-1	-1
5926	6042	6039	1	-1	-1	-1
5928	6037	6044	1	-1	-1	-1
5974	5966	6073	1	-1	-1	-1
5969	5970	6076	1	-1	-1	-1
6043	5928	6044	1	-1	-1	-1
5973	6077	5970	1	-1	-1	-1
5930	6046	6045	1	-1	-1	-1
6079	5973	5972	1	-1	-1	-1
5931	6047	6046	1	-1	-1	-1
6078	5972	5977	1	-1	-1	-1
6049	6048	5932	1	-1	-1	-1
5984	5969	6076	1	-1	-1	-1
5933	6050	6047	1	-1	-1	-1
5975	5974	6081	1	-1	-1	-1
5933	6048	6050	1	-1	-1	-1
5975	6082	5976	1	-1	-1	-1
6083	5977	5976	1	-1	-1	-1
6052	6049	5936	1	-1	-1	-1
5936	6051	6052	1	-1	-1	-1
5980	5981	6084	1	-1	-1	-1
6084	5982	5980	1	-1	-1	-1
6053	5938	6055	1	-1	-1	-1
6056	6051	5939	1	-1	-1	-1
5938	6054	6055	1	-1	-1	-1
6019	6069	5961	1	-1	-1	-1
6057	5940	6053	1	-1	-1	-1
5981	5984	6085	1	-1	-1	-1
5983	5982	6087	1	-1	-1	-1
6056	5940	6057	1	-1	-1	-1
5985	5983	6088	1	-1	-1	-1
6089	5986	5985	1	-1	-1	-1
6008	6007	6045	1	-1	-1	-1
6058	5943	6059	1	-1	-1	-1
5945	6062	6054	1	-1	-1	-1
6060	6059	5944	1	-1	-1	-1
6091	5987	5986	1	-1	-1	-1
5944	6061	6060	1	-1	-1	-1
6058	6062	5946	1	-1	-1	-1
6092	5988	5989	1	-1	-1	-1
5987	6091	5993	1	-1	-1	-1
5992	6093	5989	1	-1	-1	-1
6095	5991	5990	1	-1	-1	-1
5993	6094	5990	1	-1	-1	-1
5992	5991	6095	1	-1	-1	-1
5952	6063	6064	1	-1	-1	-1
5953	6064	6065	1	-1	-1	-1
5953	6065	6066	1	-1	-1	-1
6097	5995	5994	1	-1	-1	-1
6066	6067	5954	1	-1	-1	-1
5994	5998	6097	1	-1	-1	-1
5959	6067	6068	1	-1	-1	-1
5997	6099	6001	1	-1	-1	-1
5998	5999	6100	1	-1	-1	-1
5997	6003	6098	1	-1	-1	-1
6069	6070	5962	1	-1	-1	-1
6002	6100	5999	1	-1	-1	-1
5962	6070	6071	1	-1	-1	-1
6001	6102	6000	1	-1	-1	-1
6103	6002	6000	1	-1	-1	-1
6017	5995	6097	1	-1	-1	-1
6092	6031	5988	1	-1	-1	-1
6003	6004	6105	1	-1	-1	-1
6072	6074	5967	1	-1	-1	-1
6073	5967	6074	1	-1	-1	-1
6071	6075	5968	1	-1	-1	-1
6004	6005	6106	1	-1	-1	-1
6072	5968	6075	1	-1	-1	-1
6005	6006	6107	1	-1	-1	-1
6008	6108	6006	1	-1	-1	-1
6077	6076	5970	1	-1	-1	-1
5974	6073	6081	1	-1	-1	-1
5972	6078	6079	1	-1	-1	-1
6010	6111	6009	1	-1	-1	-1
6077	5973	6080	1	-1	-1	-1
5973	6079	6080	1	-1	-1	-1
6014	6111	6010	1	-1	-1	-1
6012	6113	6011	1	-1	-1	-1
6013	6011	6112	1	-1	-1	-1
6083	6078	5977	1	-1	-1	-1
6082	5975	6081	1	-1	-1	-1
6020	6009	6111	1	-1	-1	-1
5976	6082	6083	1	-1	-1	-1
6012	6015	6114	1	-1	-1	-1
6116	6014	6013	1	-1	-1	-1
6085	5984	6076	1	-1	-1	-1
6018	6114	6015	1	-1	-1	-1
6085	6084	5981	1	-1	-1	-1
6016	6017	6118	1	-1	-1	-1
5982	6084	6086	1	-1	-1	-1
6016	6119	6018	1	-1	-1	-1
5982	6086	6087	1	-1	-1	-1
5983	6087	6088	1	-1	-1	-1
6056	6052	6051	1	-1	-1	-1
6008	6045	6109	1	-1	-1	-1
6020	6123	6019	1	-1	-1	-1
6089	5985	6088	1	-1	-1	-1
5986	6089	6090	1	-1	-1	-1
5986	6090	6091	1	-1	-1	-1
6022	6126	6021	1	-1	-1	-1
6021	6126	6024	1	-1	-1	-1
6023	6128	6022	1	-1	-1	-1
6093	6092	5989	1	-1	-1	-1
6094	5993	6091	1	-1	-1	-1
5990	6094	6095	1	-1	-1	-1
6025	6129	6026	1	-1	-1	-1
6096	6093	5992	1	-1	-1	-1
6023	6030	6128	1	-1	-1	-1
6027	6026	6129	1	-1	-1	-1
5992	6095	6096	1	-1	-1	-1
6029	6027	6129	1	-1	-1	-1
6033	6130	6030	1	-1	-1	-1
6031	6131	6032	1	-1	-1	-1
5997	6098	6099	1	-1	-1	-1
6097	5998	6100	1	-1	-1	-1
6033	6032	6132	1	-1	-1	-1
6102	6001	6099	1	-1	-1	-1
6134	6035	6034	1	-1	-1	-1
6000	6102	6101	1	-1	-1	-1
6103	6000	6101	1	-1	-1	-1
6036	6035	6135	1	-1	-1	-1
6105	6098	6003	1	-1	-1	-1
6002	6104	6100	1	-1	-1	-1
6103	6104	6002	1	-1	-1	-1
6038	6136	6037	1	-1	-1	-1
6124	6069	6019	1	-1	-1	-1
6036	6135	6042	1	-1	-1	-1
6040	6137	6038	1	-1	-1	-1
6105	6004	6106	1	-1	-1	-1
6037	6136	6044	1	-1	-1	-1
6005	6107	6106	1	-1	-1	-1
6138	6041	6039	1	-1	-1	-1
6139	6039	6042	1	-1	-1	-1
6006	6108	6107	1	-1	-1	-1
6041	6140	6040	1	-1	-1	-1
6008	6110	6108	1	-1	-1	-1
6110	6008	6109	1	-1	-1	-1
6142	6043	6044	1	-1	-1	-1
6017	6097	6121	1	-1	-1	-1
6144	6045	6046	1	-1	-1	-1
6113	6112	6011	1	-1	-1	-1
6047	6145	6046	1	-1	-1	-1
6114	6113	6012	1	-1	-1	-1
6117	6111	6014	1	-1	-1	-1
6115	6013	6112	1	-1	-1	-1
6145	6047	6050	1	-1	-1	-1
6048	6049	6146	1	-1	-1	-1
6050	6048	6146	1	-1	-1	-1
6115	6116	6013	1	-1	-1	-1
6116	6117	6014	1	-1	-1	-1
6052	6147	6049	1	-1	-1	-1
6016	6118	6119	1	-1	-1	-1
6031	6092	6131	1	-1	-1	-1
6122	6114	6018	1	-1	-1	-1
6118	6017	6120	1	-1	-1	-1
6111	6125	6020	1	-1	-1	-1
6056	6149	6052	1	-1	-1	-1
6055	6150	6053	1	-1	-1	-1
6121	6120	6017	1	-1	-1	-1
6122	6018	6119	1	-1	-1	-1
6057	6053	6150	1	-1	-1	-1
6151	6055	6054	1	-1	-1	-1
6087	6089	6088	1	-1	-1	-1
6153	6056	6057	1	-1	-1	-1
6124	6019	6123	1	-1	-1	-1
6151	6054	6062	1	-1	-1	-1
6125	6123	6020	1	-1	-1	-1
6058	6059	6156	1	-1	-1	-1
6022	6127	6126	1	-1	-1	-1
6059	6060	6156	1	-1	-1	-1
6127	6022	6128	1	-1	-1	-1
6157	6062	6058	1	-1	-1	-1
6063	6159	6064	1	-1	-1	-1
6030	6130	6128	1	-1	-1	-1
6064	6160	6065	1	-1	-1	-1
6161	6066	6065	1	-1	-1	-1
6067	6066	6161	1	-1	-1	-1
6032	6131	6132	1	-1	-1	-1
6033	6133	6130	1	-1	-1	-1
6067	6162	6068	1	-1	-1	-1
6133	6033	6132	1	-1	-1	-1
6109	6045	6144	1	-1	-1	-1
6070	6069	6164	1	-1	-1	-1
6135	6035	6134	1	-1	-1	-1
6070	6165	6071	1	-1	-1	-1
6071	6165	6075	1	-1	-1	-1
6137	6136	6038	1	-1	-1	-1
6074	6072	6167	1	-1	-1	-1
6166	6072	6075	1	-1	-1	-1
6074	6169	6073	1	-1	-1	-1
6138	6039	6139	1	-1	-1	-1
6139	6042	6135	1	-1	-1	-1
6140	6137	6040	1	-1	-1	-1
6097	6100	6121	1	-1	-1	-1
6141	6041	6138	1	-1	-1	-1
6073	6168	6081	1	-1	-1	-1
6140	6041	6141	1	-1	-1	-1
6143	6044	6136	1	-1	-1	-1
6076	6077	6173	1	-1	-1	-1
6143	6142	6044	1	-1	-1	-1
6173	6077	6080	1	-1	-1	-1
6174	6079	6078	1	-1	-1	-1
6082	6081	6168	1	-1	-1	-1
6080	6079	6175	1	-1	-1	-1
6173	6085	6076	1	-1	-1	-1
6083	6174	6078	1	-1	-1	-1
6145	6144	6046	1	-1	-1	-1
6049	6147	6146	1	-1	-1	-1
6083	6082	6177	1	-1	-1	-1
6145	6050	6148	1	-1	-1	-1
6146	6148	6050	1	-1	-1	-1
6052	6149	6147	1	-1	-1	-1
6180	6084	6085	1	-1	-1	-1
6084	6181	6086	1	-1	-1	-1
6117	6125	6111	1	-1	-1	-1
6069	6124	6163	1	-1	-1	-1
6086	6183	6087	1	-1	-1	-1
6150	6055	6152	1	-1	-1	-1
6153	6149	6056	1	-1	-1	-1
6152	6055	6151	1	-1	-1	-1
6087	6184	6089	1	-1	-1	-1
6154	6057	6150	1	-1	-1	-1
6154	6153	6057	1	-1	-1	-1
6090	6089	6186	1	-1	-1	-1
6091	6090	6187	1	-1	-1	-1
6058	6156	6155	1	-1	-1	-1
6151	6062	6157	1	-1	-1	-1
6157	6058	6155	1	-1	-1	-1
6187	6094	6091	1	-1	-1	-1
6092	6093	6188	1	-1	-1	-1
6096	6190	6093	1	-1	-1	-1
6095	6094	6192	1	-1	-1	-1
6063	6158	6159	1	-1	-1	-1
6064	6159	6160	1	-1	-1	-1
6193	6096	6095	1	-1	-1	-1
6161	6065	6160	1	-1	-1	-1
6161	6162	6067	1	-1	-1	-1
6098	6195	6099	1	-1	-1	-1
6069	6163	6164	1	-1	-1	-1
6196	6102	6099	1	-1	-1	-1
6098	6105	6195	1	-1	-1	-1
6070	6164	6165	1	-1	-1	-1
6104	6198	6100	1	-1	-1	-1
6101	6199	6103	1	-1	-1	-1
6102	6200	6101	1	-1	-1	-1
6072	6166	6167	1	-1	-1	-1
6201	6104	6103	1	-1	-1	-1
6168	6073	6170	1	-1	-1	-1
6171	6074	6167	1	-1	-1	-1
6092	6189	6131	1	-1	-1	-1
6172	6075	6165	1	-1	-1	-1
6169	6170	6073	1	-1	-1	-1
6172	6166	6075	1	-1	-1	-1
6169	6074	6171	1	-1	-1	-1
6106	6204	6105	1	-1	-1	-1
6198	6121	6100	1	-1	-1	-1
6106	6107	6206	1	-1	-1	-1
6207	6107	6108	1	-1	-1	-1
6110	6208	6108	1	-1	-1	-1
6177	6082	6168	1	-1	-1	-1
6110	6109	6209	1	-1	-1	-1
6174	6175	6079	1	-1	-1	-1
6176	6173	6080	1	-1	-1	-1
6176	6080	6175	1	-1	-1	-1
6178	6174	6083	1	-1	-1	-1
6211	6112	6113	1	-1	-1	-1
6115	6112	6210	1	-1	-1	-1
6212	6113	6114	1	-1	-1	-1
6177	6179	6083	1	-1	-1	-1
6085	6173	6182	1	-1	-1	-1
6178	6083	6179	1	-1	-1	-1
6180	6181	6084	1	-1	-1	-1
6115	6215	6116	1	-1	-1	-1
6085	6182	6180	1	-1	-1	-1
6122	6212	6114	1	-1	-1	-1
6117	6116	6216	1	-1	-1	-1
6086	6181	6183	1	-1	-1	-1
6189	6132	6131	1	-1	-1	-1
6119	6118	6218	1	-1	-1	-1
6087	6183	6185	1	-1	-1	-1
6118	6120	6218	1	-1	-1	-1
6087	6185	6184	1	-1	-1	-1
6154	6150	6152	1	-1	-1	-1
6117	6216	6125	1	-1	-1	-1
6184	6186	6089	1	-1	-1	-1
6119	6219	6122	1	-1	-1	-1
6220	6120	6121	1	-1	-1	-1
6109	6144	6209	1	-1	-1	-1
6186	6187	6090	1	-1	-1	-1
6188	6189	6092	1	-1	-1	-1
6123	6224	6124	1	-1	-1	-1
6093	6191	6188	1	-1	-1	-1
6225	6123	6125	1	-1	-1	-1
6094	6187	6192	1	-1	-1	-1
6093	6190	6191	1	-1	-1	-1
6095	6192	6193	1	-1	-1	-1
6190	6096	6194	1	-1	-1	-1
6127	6128	6227	1	-1	-1	-1
6096	6193	6194	1	-1	-1	-1
6130	6227	6128	1	-1	-1	-1
6130	6133	6228	1	-1	-1	-1
6197	6099	6195	1	-1	-1	-1
6099	6197	6196	1	-1	-1	-1
6132	6229	6133	1	-1	-1	-1
6102	6196	6200	1	-1	-1	-1
6199	6101	6200	1	-1	-1	-1
6172	6165	6164	1	-1	-1	-1
6198	6104	6201	1	-1	-1	-1
6103	6199	6202	1	-1	-1	-1
6137	6231	6136	1	-1	-1	-1
6105	6205	6195	1	-1	-1	-1
6103	6202	6201	1	-1	-1	-1
6232	6137	6140	1	-1	-1	-1
6231	6143	6136	1	-1	-1	-1
6105	6204	6203	1	-1	-1	-1
6203	6205	6105	1	-1	-1	-1
6226	6163	6124	1	-1	-1	-1
6233	6140	6141	1	-1	-1	-1
6177	6168	6170	1	-1	-1	-1
6106	6206	6204	1	-1	-1	-1
6142	6143	6234	1	-1	-1	-1
6207	6206	6107	1	-1	-1	-1
6108	6208	6207	1	-1	-1	-1
6237	6144	6145	1	-1	-1	-1
6209	6208	6110	1	-1	-1	-1
6145	6148	6239	1	-1	-1	-1
6211	6210	6112	1	-1	-1	-1
6147	6241	6146	1	-1	-1	-1
6148	6146	6240	1	-1	-1	-1
6211	6113	6213	1	-1	-1	-1
6212	6213	6113	1	-1	-1	-1
6147	6149	6243	1	-1	-1	-1
6198	6220	6121	1	-1	-1	-1
6115	6210	6214	1	-1	-1	-1
6214	6215	6115	1	-1	-1	-1
6149	6153	6243	1	-1	-1	-1
6151	6245	6152	1	-1	-1	-1
6217	6116	6215	1	-1	-1	-1
6216	6116	6217	1	-1	-1	-1
6132	6189	6230	1	-1	-1	-1
6157	6244	6151	1	-1	-1	-1
6154	6152	6247	1	-1	-1	-1
6218	6219	6119	1	-1	-1	-1
6249	6153	6154	1	-1	-1	-1
6122	6222	6212	1	-1	-1	-1
6221	6218	6120	1	-1	-1	-1
6221	6120	6220	1	-1	-1	-1
6157	6155	6250	1	-1	-1	-1
6122	6219	6223	1	-1	-1	-1
6216	6225	6125	1	-1	-1	-1
6122	6223	6222	1	-1	-1	-1
6158	6252	6159	1	-1	-1	-1
6224	6123	6225	1	-1	-1	-1
6160	6159	6253	1	-1	-1	-1
6226	6124	6224	1	-1	-1	-1
6160	6254	6161	1	-1	-1	-1
6161	6254	6162	1	-1	-1	-1
6164	6163	6255	1	-1	-1	-1
6130	6228	6227	1	-1	-1	-1
6229	6228	6133	1	-1	-1	-1
6167	6166	6257	1	-1	-1	-1
6144	6237	6209	1	-1	-1	-1
6229	6132	6230	1	-1	-1	-1
6255	6172	6164	1	-1	-1	-1
6172	6256	6166	1	-1	-1	-1
6258	6171	6167	1	-1	-1	-1
6205	6197	6195	1	-1	-1	-1
6170	6169	6259	1	-1	-1	-1
6169	6171	6259	1	-1	-1	-1
6231	6137	6232	1	-1	-1	-1
6233	6232	6140	1	-1	-1	-1
6260	6177	6170	1	-1	-1	-1
6143	6231	6235	1	-1	-1	-1
6176	6262	6173	1	-1	-1	-1
6263	6175	6174	1	-1	-1	-1
6234	6143	6236	1	-1	-1	-1
6236	6143	6235	1	-1	-1	-1
6176	6175	6264	1	-1	-1	-1
6263	6174	6178	1	-1	-1	-1
6179	6177	6260	1	-1	-1	-1
6173	6262	6182	1	-1	-1	-1
6145	6238	6237	1	-1	-1	-1
6239	6238	6145	1	-1	-1	-1
6178	6179	6266	1	-1	-1	-1
6148	6240	6239	1	-1	-1	-1
6146	6242	6240	1	-1	-1	-1
6241	6242	6146	1	-1	-1	-1
6269	6181	6180	1	-1	-1	-1
6182	6269	6180	1	-1	-1	-1
6147	6243	6241	1	-1	-1	-1
6270	6183	6181	1	-1	-1	-1
6185	6183	6270	1	-1	-1	-1
6245	6151	6244	1	-1	-1	-1
6184	6185	6274	1	-1	-1	-1
6186	6184	6273	1	-1	-1	-1
6245	6246	6152	1	-1	-1	-1
6153	6248	6243	1	-1	-1	-1
6226	6255	6163	1	-1	-1	-1
6247	6152	6246	1	-1	-1	-1
6213	6212	6222	1	-1	-1	-1
6249	6154	6247	1	-1	-1	-1
6153	6249	6248	1	-1	-1	-1
6186	6278	6187	1	-1	-1	-1
6244	6157	6250	1	-1	-1	-1
6279	6189	6188	1	-1	-1	-1
6187	6278	6192	1	-1	-1	-1
6188	6191	6279	1	-1	-1	-1
6191	6190	6280	1	-1	-1	-1
6252	6158	6251	1	-1	-1	-1
6194	6280	6190	1	-1	-1	-1
6159	6252	6253	1	-1	-1	-1
6192	6281	6193	1	-1	-1	-1
6160	6253	6254	1	-1	-1	-1
6193	6284	6194	1	-1	-1	-1
6285	6196	6197	1	-1	-1	-1
6257	6166	6256	1	-1	-1	-1
6196	6285	6200	1	-1	-1	-1
6257	6258	6167	1	-1	-1	-1
6256	6172	6255	1	-1	-1	-1
6198	6201	6288	1	-1	-1	-1
6171	6258	6259	1	-1	-1	-1
6286	6197	6205	1	-1	-1	-1
6290	6199	6200	1	-1	-1	-1
6202	6199	6289	1	-1	-1	-1
6259	6261	6170	1	-1	-1	-1
6288	6201	6202	1	-1	-1	-1
6260	6170	6261	1	-1	-1	-1
6230	6189	6279	1	-1	-1	-1
6292	6203	6204	1	-1	-1	-1
6293	6205	6203	1	-1	-1	-1
6175	6263	6264	1	-1	-1	-1
6265	6262	6176	1	-1	-1	-1
6294	6204	6206	1	-1	-1	-1
6287	6220	6198	1	-1	-1	-1
6176	6264	6265	1	-1	-1	-1
6267	6179	6260	1	-1	-1	-1
6263	6178	6266	1	-1	-1	-1
6294	6206	6207	1	-1	-1	-1
6207	6208	6295	1	-1	-1	-1
6209	6296	6208	1	-1	-1	-1
6268	6266	6179	1	-1	-1	-1
6267	6268	6179	1	-1	-1	-1
6262	6271	6182	1	-1	-1	-1
6298	6210	6211	1	-1	-1	-1
6269	6270	6181	1	-1	-1	-1
6214	6210	6298	1	-1	-1	-1
6182	6272	6269	1	-1	-1	-1
6213	6299	6211	1	-1	-1	-1
6182	6271	6272	1	-1	-1	-1
6302	6215	6214	1	-1	-1	-1
6274	6273	6184	1	-1	-1	-1
6270	6276	6185	1	-1	-1	-1
6275	6274	6185	1	-1	-1	-1
6186	6273	6277	1	-1	-1	-1
6301	6213	6222	1	-1	-1	-1
6217	6215	6304	1	-1	-1	-1
6185	6276	6275	1	-1	-1	-1
6217	6305	6216	1	-1	-1	-1
6186	6277	6278	1	-1	-1	-1
6296	6209	6237	1	-1	-1	-1
6307	6219	6218	1	-1	-1	-1
6225	6216	6305	1	-1	-1	-1
6218	6221	6307	1	-1	-1	-1
6221	6220	6308	1	-1	-1	-1
6219	6307	6223	1	-1	-1	-1
6192	6278	6282	1	-1	-1	-1
6310	6222	6223	1	-1	-1	-1
6281	6192	6282	1	-1	-1	-1
6281	6283	6193	1	-1	-1	-1
6280	6194	6284	1	-1	-1	-1
6284	6193	6283	1	-1	-1	-1
6225	6312	6224	1	-1	-1	-1
6224	6313	6226	1	-1	-1	-1
6197	6286	6285	1	-1	-1	-1
6237	6238	6296	1	-1	-1	-1
6287	6198	6288	1	-1	-1	-1
6290	6200	6285	1	-1	-1	-1
6290	6289	6199	1	-1	-1	-1
6232	6315	6231	1	-1	-1	-1
6291	6288	6202	1	-1	-1	-1
6316	6235	6231	1	-1	-1	-1
6289	6291	6202	1	-1	-1	-1
6318	6232	6233	1	-1	-1	-1
6205	6293	6286	1	-1	-1	-1
6292	6293	6203	1	-1	-1	-1
6236	6319	6234	1	-1	-1	-1
6294	6292	6204	1	-1	-1	-1
6320	6236	6235	1	-1	-1	-1
6313	6255	6226	1	-1	-1	-1
6294	6207	6295	1	-1	-1	-1
6295	6208	6297	1	-1	-1	-1
6238	6239	6323	1	-1	-1	-1
6296	6297	6208	1	-1	-1	-1
6240	6324	6239	1	-1	-1	-1
6324	6240	6242	1	-1	-1	-1
6298	6211	6300	1	-1	-1	-1
6242	6241	6326	1	-1	-1	-1
6325	6241	6243	1	-1	-1	-1
6211	6299	6300	1	-1	-1	-1
6299	6213	6301	1	-1	-1	-1
6220	6287	6308	1	-1	-1	-1
6303	6214	6298	1	-1	-1	-1
6302	6214	6303	1	-1	-1	-1
6243	6248	6329	1	-1	-1	-1
6246	6245	6330	1	-1	-1	-1
6304	6215	6302	1	-1	-1	-1
6246	6330	6247	1	-1	-1	-1
6306	6217	6304	1	-1	-1	-1
6217	6306	6305	1	-1	-1	-1
6249	6247	6332	1	-1	-1	-1
6333	6248	6249	1	-1	-1	-1
6222	6310	6301	1	-1	-1	-1
6307	6221	6309	1	-1	-1	-1
6309	6221	6308	1	-1	-1	-1
6311	6223	6307	1	-1	-1	-1
6311	6310	6223	1	-1	-1	-1
6314	6225	6305	1	-1	-1	-1
6334	6256	6255	1	-1	-1	-1
6257	6256	6335	1	-1	-1	-1
6224	6312	6313	1	-1	-1	-1
6314	6312	6225	1	-1	-1	-1
6258	6257	6337	1	-1	-1	-1
6238	6322	6296	1	-1	-1	-1
6258	6339	6259	1	-1	-1	-1
6340	6261	6259	1	-1	-1	-1
6261	6341	6260	1	-1	-1	-1
6317	6231	6315	1	-1	-1	-1
6316	6231	6317	1	-1	-1	-1
6315	6232	6318	1	-1	-1	-1
6260	6341	6267	1	-1	-1	-1
6265	6343	6262	1	-1	-1	-1
6263	6344	6264	1	-1	-1	-1
6235	6316	6320	1	-1	-1	-1
6264	6344	6265	1	-1	-1	-1
6263	6266	6345	1	-1	-1	-1
6236	6321	6319	1	-1	-1	-1
6262	6343	6271	1	-1	-1	-1
6236	6320	6321	1	-1	-1	-1
6268	6345	6266	1	-1	-1	-1
6268	6267	6348	1	-1	-1	-1
6238	6323	6322	1	-1	-1	-1
6323	6239	6324	1	-1	-1	-1
6350	6270	6269	1	-1	-1	-1
6350	6269	6272	1	-1	-1	-1
6325	6326	6241	1	-1	-1	-1
6327	6324	6242	1	-1	-1	-1
6351	6272	6271	1	-1	-1	-1
6326	6328	6242	1	-1	-1	-1
6276	6270	6350	1	-1	-1	-1
6327	6242	6328	1	-1	-1	-1
6243	6329	6325	1	-1	-1	-1
6273	6274	6353	1	-1	-1	-1
6334	6255	6313	1	-1	-1	-1
6353	6277	6273	1	-1	-1	-1
6275	6355	6274	1	-1	-1	-1
6275	6276	6356	1	-1	-1	-1
6331	6247	6330	1	-1	-1	-1
6332	6247	6331	1	-1	-1	-1
6329	6248	6333	1	-1	-1	-1
6333	6249	6332	1	-1	-1	-1
6278	6277	6359	1	-1	-1	-1
6322	6297	6296	1	-1	-1	-1
6359	6282	6278	1	-1	-1	-1
6360	6281	6282	1	-1	-1	-1
6281	6360	6283	1	-1	-1	-1
6305	6306	6314	1	-1	-1	-1
6256	6334	6335	1	-1	-1	-1
6336	6257	6335	1	-1	-1	-1
6257	6336	6337	1	-1	-1	-1
6338	6258	6337	1	-1	-1	-1
6362	6285	6286	1	-1	-1	-1
6338	6339	6258	1	-1	-1	-1
6340	6259	6339	1	-1	-1	-1
6290	6285	6363	1	-1	-1	-1
6287	6288	6366	1	-1	-1	-1
6342	6261	6340	1	-1	-1	-1
6293	6364	6286	1	-1	-1	-1
6341	6261	6342	1	-1	-1	-1
6291	6366	6288	1	-1	-1	-1
6289	6290	6367	1	-1	-1	-1
6291	6289	6367	1	-1	-1	-1
6345	6344	6263	1	-1	-1	-1
6343	6265	6346	1	-1	-1	-1
6267	6341	6347	1	-1	-1	-1
6344	6346	6265	1	-1	-1	-1
6371	6293	6292	1	-1	-1	-1
6372	6292	6294	1	-1	-1	-1
6295	6372	6294	1	-1	-1	-1
6287	6366	6308	1	-1	-1	-1
6268	6349	6345	1	-1	-1	-1
6348	6267	6347	1	-1	-1	-1
6268	6348	6349	1	-1	-1	-1
6351	6271	6343	1	-1	-1	-1
6295	6297	6374	1	-1	-1	-1
6352	6350	6272	1	-1	-1	-1
6323	6324	6327	1	-1	-1	-1
6377	6298	6300	1	-1	-1	-1
6351	6352	6272	1	-1	-1	-1
6378	6300	6299	1	-1	-1	-1
6299	6301	6378	1	-1	-1	-1
6276	6350	6352	1	-1	-1	-1
6377	6303	6298	1	-1	-1	-1
6354	6353	6274	1	-1	-1	-1
6354	6274	6355	1	-1	-1	-1
6276	6352	6358	1	-1	-1	-1
6356	6355	6275	1	-1	-1	-1
6302	6303	6382	1	-1	-1	-1
6382	6304	6302	1	-1	-1	-1
6357	6356	6276	1	-1	-1	-1
6353	6359	6277	1	-1	-1	-1
6357	6276	6358	1	-1	-1	-1
6301	6310	6381	1	-1	-1	-1
6322	6376	6297	1	-1	-1	-1
6306	6304	6385	1	-1	-1	-1
6361	6282	6359	1	-1	-1	-1
6309	6386	6307	1	-1	-1	-1
6311	6381	6310	1	-1	-1	-1
6282	6361	6360	1	-1	-1	-1
6307	6386	6311	1	-1	-1	-1
6308	6387	6309	1	-1	-1	-1
6314	6306	6385	1	-1	-1	-1
6362	6363	6285	1	-1	-1	-1
6362	6286	6365	1	-1	-1	-1
6286	6364	6365	1	-1	-1	-1
6392	6313	6312	1	-1	-1	-1
6314	6392	6312	1	-1	-1	-1
6368	6290	6363	1	-1	-1	-1
6368	6367	6290	1	-1	-1	-1
6291	6369	6366	1	-1	-1	-1
6395	6317	6315	1	-1	-1	-1
6291	6367	6370	1	-1	-1	-1
6395	6315	6318	1	-1	-1	-1
6396	6316	6317	1	-1	-1	-1
6291	6370	6369	1	-1	-1	-1
6342	6347	6341	1	-1	-1	-1
6364	6293	6373	1	-1	-1	-1
6397	6320	6316	1	-1	-1	-1
6372	6371	6292	1	-1	-1	-1
6293	6371	6373	1	-1	-1	-1
6319	6321	6399	1	-1	-1	-1
6351	6343	6346	1	-1	-1	-1
6334	6313	6393	1	-1	-1	-1
6400	6321	6320	1	-1	-1	-1
6295	6375	6372	1	-1	-1	-1
6375	6295	6374	1	-1	-1	-1
6374	6297	6376	1	-1	-1	-1
6322	6323	6402	1	-1	-1	-1
6323	6327	6403	1	-1	-1	-1
6404	6326	6325	1	-1	-1	-1
6379	6377	6300	1	-1	-1	-1
6300	6378	6379	1	-1	-1	-1
6328	6403	6327	1	-1	-1	-1
6325	6329	6404	1	-1	-1	-1
6328	6326	6405	1	-1	-1	-1
6301	6380	6378	1	-1	-1	-1
6352	6351	6358	1	-1	-1	-1
6380	6301	6381	1	-1	-1	-1
6388	6308	6366	1	-1	-1	-1
6383	6303	6377	1	-1	-1	-1
6303	6384	6382	1	-1	-1	-1
6303	6383	6384	1	-1	-1	-1
6304	6382	6385	1	-1	-1	-1
6329	6333	6409	1	-1	-1	-1
6332	6412	6333	1	-1	-1	-1
6411	6332	6331	1	-1	-1	-1
6413	6335	6334	1	-1	-1	-1
6311	6391	6381	1	-1	-1	-1
6387	6308	6389	1	-1	-1	-1
6335	6413	6336	1	-1	-1	-1
6388	6389	6308	1	-1	-1	-1
6386	6309	6390	1	-1	-1	-1
6309	6387	6390	1	-1	-1	-1
6386	6391	6311	1	-1	-1	-1
6415	6337	6336	1	-1	-1	-1
6416	6338	6337	1	-1	-1	-1
6385	6394	6314	1	-1	-1	-1
6339	6338	6417	1	-1	-1	-1
6339	6418	6340	1	-1	-1	-1
6392	6393	6313	1	-1	-1	-1
6392	6314	6394	1	-1	-1	-1
6322	6402	6376	1	-1	-1	-1
6342	6340	6419	1	-1	-1	-1
6397	6316	6396	1	-1	-1	-1
6347	6342	6420	1	-1	-1	-1
6398	6317	6395	1	-1	-1	-1
6345	6421	6344	1	-1	-1	-1
6396	6317	6398	1	-1	-1	-1
6344	6421	6346	1	-1	-1	-1
6345	6349	6422	1	-1	-1	-1
6400	6320	6397	1	-1	-1	-1
6401	6399	6321	1	-1	-1	-1
6348	6347	6426	1	-1	-1	-1
6424	6351	6346	1	-1	-1	-1
6321	6400	6401	1	-1	-1	-1
6369	6388	6366	1	-1	-1	-1
6427	6349	6348	1	-1	-1	-1
6402	6323	6403	1	-1	-1	-1
6424	6358	6351	1	-1	-1	-1
6326	6404	6405	1	-1	-1	-1
6328	6408	6403	1	-1	-1	-1
6353	6354	6432	1	-1	-1	-1
6383	6377	6379	1	-1	-1	-1
6405	6407	6328	1	-1	-1	-1
6413	6334	6393	1	-1	-1	-1
6407	6406	6328	1	-1	-1	-1
6408	6328	6406	1	-1	-1	-1
6433	6354	6355	1	-1	-1	-1
6359	6353	6431	1	-1	-1	-1
6329	6410	6404	1	-1	-1	-1
6434	6355	6356	1	-1	-1	-1
6356	6357	6435	1	-1	-1	-1
6329	6409	6410	1	-1	-1	-1
6431	6361	6359	1	-1	-1	-1
6358	6437	6357	1	-1	-1	-1
6412	6409	6333	1	-1	-1	-1
6411	6412	6332	1	-1	-1	-1
6336	6413	6414	1	-1	-1	-1
6363	6362	6438	1	-1	-1	-1
6415	6336	6414	1	-1	-1	-1
6362	6365	6438	1	-1	-1	-1
6389	6390	6387	1	-1	-1	-1
6415	6416	6337	1	-1	-1	-1
6364	6441	6365	1	-1	-1	-1
6368	6363	6439	1	-1	-1	-1
6416	6417	6338	1	-1	-1	-1
6418	6339	6417	1	-1	-1	-1
6340	6418	6419	1	-1	-1	-1
6373	6440	6364	1	-1	-1	-1
6367	6368	6443	1	-1	-1	-1
6370	6367	6443	1	-1	-1	-1
6342	6419	6420	1	-1	-1	-1
6444	6369	6370	1	-1	-1	-1
6345	6422	6421	1	-1	-1	-1
6448	6371	6372	1	-1	-1	-1
6371	6447	6373	1	-1	-1	-1
6421	6425	6346	1	-1	-1	-1
6426	6347	6420	1	-1	-1	-1
6346	6423	6424	1	-1	-1	-1
6346	6425	6423	1	-1	-1	-1
6375	6448	6372	1	-1	-1	-1
6449	6374	6376	1	-1	-1	-1
6450	6375	6374	1	-1	-1	-1
6349	6429	6422	1	-1	-1	-1
6428	6348	6426	1	-1	-1	-1
6388	6369	6445	1	-1	-1	-1
6428	6427	6348	1	-1	-1	-1
6429	6349	6427	1	-1	-1	-1
6380	6452	6378	1	-1	-1	-1
6453	6379	6378	1	-1	-1	-1
6353	6430	6431	1	-1	-1	-1
6430	6353	6432	1	-1	-1	-1
6454	6383	6379	1	-1	-1	-1
6380	6381	6456	1	-1	-1	-1
6410	6405	6404	1	-1	-1	-1
6358	6424	6437	1	-1	-1	-1
6433	6432	6354	1	-1	-1	-1
6361	6431	6430	1	-1	-1	-1
6433	6355	6434	1	-1	-1	-1
6458	6382	6384	1	-1	-1	-1
6382	6457	6385	1	-1	-1	-1
6435	6434	6356	1	-1	-1	-1
6383	6459	6384	1	-1	-1	-1
6376	6402	6449	1	-1	-1	-1
6357	6436	6435	1	-1	-1	-1
6381	6391	6456	1	-1	-1	-1
6437	6436	6357	1	-1	-1	-1
6457	6394	6385	1	-1	-1	-1
6386	6390	6461	1	-1	-1	-1
6461	6391	6386	1	-1	-1	-1
6462	6389	6388	1	-1	-1	-1
6438	6439	6363	1	-1	-1	-1
6390	6389	6464	1	-1	-1	-1
6441	6364	6440	1	-1	-1	-1
6438	6365	6442	1	-1	-1	-1
6442	6365	6441	1	-1	-1	-1
6443	6368	6439	1	-1	-1	-1
6466	6393	6392	1	-1	-1	-1
6466	6392	6394	1	-1	-1	-1
6444	6445	6369	1	-1	-1	-1
6446	6370	6443	1	-1	-1	-1
6440	6373	6447	1	-1	-1	-1
6370	6446	6444	1	-1	-1	-1
6471	6397	6396	1	-1	-1	-1
6398	6471	6396	1	-1	-1	-1
6448	6447	6371	1	-1	-1	-1
6472	6400	6397	1	-1	-1	-1
6449	6450	6374	1	-1	-1	-1
6467	6413	6393	1	-1	-1	-1
6399	6401	6474	1	-1	-1	-1
6451	6448	6375	1	-1	-1	-1
6451	6375	6450	1	-1	-1	-1
6401	6400	6475	1	-1	-1	-1
6403	6477	6402	1	-1	-1	-1
6378	6452	6453	1	-1	-1	-1
6453	6454	6379	1	-1	-1	-1
6452	6380	6455	1	-1	-1	-1
6477	6403	6408	1	-1	-1	-1
6478	6407	6405	1	-1	-1	-1
6380	6456	6455	1	-1	-1	-1
6406	6479	6408	1	-1	-1	-1
6478	6405	6410	1	-1	-1	-1
6480	6406	6407	1	-1	-1	-1
6388	6445	6462	1	-1	-1	-1
6383	6454	6459	1	-1	-1	-1
6382	6458	6457	1	-1	-1	-1
6460	6458	6384	1	-1	-1	-1
6409	6483	6410	1	-1	-1	-1
6482	6409	6412	1	-1	-1	-1
6459	6460	6384	1	-1	-1	-1
6482	6412	6411	1	-1	-1	-1
6456	6391	6465	1	-1	-1	-1
6413	6485	6414	1	-1	-1	-1
6389	6462	6463	1	-1	-1	-1
6485	6415	6414	1	-1	-1	-1
6461	6390	6464	1	-1	-1	-1
6389	6463	6464	1	-1	-1	-1
6391	6461	6465	1	-1	-1	-1
6415	6488	6416	1	-1	-1	-1
6457	6470	6394	1	-1	-1	-1
6490	6417	6416	1	-1	-1	-1
6490	6418	6417	1	-1	-1	-1
6466	6467	6393	1	-1	-1	-1
6477	6449	6402	1	-1	-1	-1
6418	6491	6419	1	-1	-1	-1
6394	6469	6466	1	-1	-1	-1
6394	6468	6469	1	-1	-1	-1
6419	6492	6420	1	-1	-1	-1
6468	6394	6470	1	-1	-1	-1
6422	6495	6421	1	-1	-1	-1
6420	6492	6426	1	-1	-1	-1
6471	6472	6397	1	-1	-1	-1
6495	6425	6421	1	-1	-1	-1
6398	6473	6471	1	-1	-1	-1
6424	6423	6497	1	-1	-1	-1
6492	6428	6426	1	-1	-1	-1
6425	6498	6423	1	-1	-1	-1
6472	6475	6400	1	-1	-1	-1
6429	6496	6422	1	-1	-1	-1
6401	6476	6474	1	-1	-1	-1
6476	6401	6475	1	-1	-1	-1
6500	6427	6428	1	-1	-1	-1
6427	6501	6429	1	-1	-1	-1
6424	6497	6437	1	-1	-1	-1
6480	6407	6478	1	-1	-1	-1
6413	6467	6485	1	-1	-1	-1
6479	6406	6480	1	-1	-1	-1
6481	6477	6408	1	-1	-1	-1
6481	6408	6479	1	-1	-1	-1
6484	6478	6410	1	-1	-1	-1
6409	6482	6483	1	-1	-1	-1
6410	6483	6484	1	-1	-1	-1
6437	6504	6436	1	-1	-1	-1
6438	6505	6439	1	-1	-1	-1
6458	6470	6457	1	-1	-1	-1
6442	6505	6438	1	-1	-1	-1
6486	6415	6485	1	-1	-1	-1
6439	6506	6443	1	-1	-1	-1
6508	6441	6440	1	-1	-1	-1
6415	6487	6488	1	-1	-1	-1
6415	6486	6489	1	-1	-1	-1
6415	6489	6487	1	-1	-1	-1
6441	6509	6442	1	-1	-1	-1
6507	6440	6447	1	-1	-1	-1
6490	6416	6488	1	-1	-1	-1
6506	6446	6443	1	-1	-1	-1
6490	6491	6418	1	-1	-1	-1
6447	6448	6507	1	-1	-1	-1
6445	6444	6514	1	-1	-1	-1
6494	6419	6491	1	-1	-1	-1
6419	6493	6492	1	-1	-1	-1
6444	6446	6515	1	-1	-1	-1
6451	6507	6448	1	-1	-1	-1
6493	6419	6494	1	-1	-1	-1
6495	6422	6496	1	-1	-1	-1
6450	6449	6518	1	-1	-1	-1
6423	6498	6497	1	-1	-1	-1
6425	6495	6499	1	-1	-1	-1
6451	6450	6520	1	-1	-1	-1
6425	6499	6498	1	-1	-1	-1
6516	6462	6445	1	-1	-1	-1
6492	6503	6428	1	-1	-1	-1
6501	6496	6429	1	-1	-1	-1
6522	6453	6452	1	-1	-1	-1
6427	6500	6501	1	-1	-1	-1
6452	6455	6522	1	-1	-1	-1
6428	6502	6500	1	-1	-1	-1
6454	6453	6523	1	-1	-1	-1
6502	6428	6503	1	-1	-1	-1
6454	6525	6459	1	-1	-1	-1
6456	6527	6455	1	-1	-1	-1
6497	6504	6437	1	-1	-1	-1
6463	6462	6516	1	-1	-1	-1
6449	6477	6518	1	-1	-1	-1
6458	6460	6530	1	-1	-1	-1
6505	6506	6439	1	-1	-1	-1
6456	6465	6529	1	-1	-1	-1
6460	6459	6531	1	-1	-1	-1
6440	6507	6508	1	-1	-1	-1
6461	6464	6532	1	-1	-1	-1
6442	6511	6505	1	-1	-1	-1
6461	6532	6465	1	-1	-1	-1
6458	6530	6470	1	-1	-1	-1
6508	6510	6441	1	-1	-1	-1
6510	6509	6441	1	-1	-1	-1
6463	6534	6464	1	-1	-1	-1
6509	6513	6442	1	-1	-1	-1
6511	6442	6512	1	-1	-1	-1
6512	6442	6513	1	-1	-1	-1
6517	6446	6506	1	-1	-1	-1
6537	6467	6466	1	-1	-1	-1
6537	6466	6469	1	-1	-1	-1
6444	6515	6514	1	-1	-1	-1
6516	6445	6514	1	-1	-1	-1
6469	6468	6538	1	-1	-1	-1
6490	6494	6491	1	-1	-1	-1
6518	6477	6481	1	-1	-1	-1
6470	6539	6468	1	-1	-1	-1
6517	6515	6446	1	-1	-1	-1
6521	6507	6451	1	-1	-1	-1
6540	6472	6471	1	-1	-1	-1
6473	6540	6471	1	-1	-1	-1
6518	6519	6450	1	-1	-1	-1
6475	6472	6540	1	-1	-1	-1
6503	6492	6493	1	-1	-1	-1
6537	6485	6467	1	-1	-1	-1
6450	6519	6520	1	-1	-1	-1
6499	6495	6496	1	-1	-1	-1
6474	6476	6542	1	-1	-1	-1
6520	6521	6451	1	-1	-1	-1
6543	6476	6475	1	-1	-1	-1
6523	6453	6522	1	-1	-1	-1
6454	6524	6525	1	-1	-1	-1
6454	6523	6526	1	-1	-1	-1
6545	6480	6478	1	-1	-1	-1
6454	6526	6524	1	-1	-1	-1
6522	6455	6528	1	-1	-1	-1
6479	6480	6546	1	-1	-1	-1
6478	6484	6545	1	-1	-1	-1
6481	6479	6547	1	-1	-1	-1
6528	6455	6527	1	-1	-1	-1
6527	6456	6529	1	-1	-1	-1
6516	6533	6463	1	-1	-1	-1
6525	6531	6459	1	-1	-1	-1
6530	6460	6531	1	-1	-1	-1
6486	6485	6551	1	-1	-1	-1
6551	6489	6486	1	-1	-1	-1
6552	6488	6487	1	-1	-1	-1
6506	6505	6517	1	-1	-1	-1
6489	6553	6487	1	-1	-1	-1
6536	6529	6465	1	-1	-1	-1
6534	6463	6533	1	-1	-1	-1
6488	6552	6490	1	-1	-1	-1
6464	6535	6532	1	-1	-1	-1
6464	6534	6535	1	-1	-1	-1
6536	6465	6532	1	-1	-1	-1
6511	6517	6505	1	-1	-1	-1
6507	6521	6508	1	-1	-1	-1
6494	6490	6555	1	-1	-1	-1
6530	6539	6470	1	-1	-1	-1
6538	6537	6469	1	-1	-1	-1
6494	6557	6493	1	-1	-1	-1
6468	6539	6538	1	-1	-1	-1
6518	6481	6550	1	-1	-1	-1
6503	6493	6556	1	-1	-1	-1
6496	6558	6499	1	-1	-1	-1
6498	6559	6497	1	-1	-1	-1
6473	6541	6540	1	-1	-1	-1
6496	6501	6558	1	-1	-1	-1
6543	6475	6540	1	-1	-1	-1
6499	6561	6498	1	-1	-1	-1
6497	6559	6504	1	-1	-1	-1
6476	6544	6542	1	-1	-1	-1
6543	6544	6476	1	-1	-1	-1
6563	6501	6500	1	-1	-1	-1
6563	6500	6502	1	-1	-1	-1
6564	6502	6503	1	-1	-1	-1
6537	6551	6485	1	-1	-1	-1
6546	6548	6479	1	-1	-1	-1
6547	6479	6548	1	-1	-1	-1
6545	6549	6480	1	-1	-1	-1
6549	6546	6480	1	-1	-1	-1
6547	6550	6481	1	-1	-1	-1
6510	6508	6566	1	-1	-1	-1
6510	6567	6509	1	-1	-1	-1
6518	6550	6519	1	-1	-1	-1
6513	6509	6567	1	-1	-1	-1
6487	6553	6552	1	-1	-1	-1
6511	6512	6570	1	-1	-1	-1
6554	6489	6551	1	-1	-1	-1
6508	6521	6566	1	-1	-1	-1
6553	6489	6554	1	-1	-1	-1
6513	6571	6512	1	-1	-1	-1
6490	6552	6555	1	-1	-1	-1
6511	6570	6517	1	-1	-1	-1
6574	6514	6515	1	-1	-1	-1
6573	6516	6514	1	-1	-1	-1
6494	6555	6557	1	-1	-1	-1
6557	6556	6493	1	-1	-1	-1
6517	6575	6515	1	-1	-1	-1
6519	6577	6520	1	-1	-1	-1
6498	6560	6559	1	-1	-1	-1
6521	6520	6578	1	-1	-1	-1
6558	6562	6499	1	-1	-1	-1
6560	6498	6561	1	-1	-1	-1
6533	6516	6573	1	-1	-1	-1
6499	6562	6561	1	-1	-1	-1
6501	6563	6558	1	-1	-1	-1
6503	6556	6564	1	-1	-1	-1
6522	6579	6523	1	-1	-1	-1
6541	6543	6540	1	-1	-1	-1
6579	6526	6523	1	-1	-1	-1
6522	6528	6579	1	-1	-1	-1
6580	6525	6524	1	-1	-1	-1
6563	6502	6565	1	-1	-1	-1
6580	6524	6526	1	-1	-1	-1
6564	6565	6502	1	-1	-1	-1
6531	6525	6581	1	-1	-1	-1
6584	6528	6527	1	-1	-1	-1
6584	6527	6529	1	-1	-1	-1
6566	6568	6510	1	-1	-1	-1
6569	6567	6510	1	-1	-1	-1
6519	6550	6577	1	-1	-1	-1
6569	6510	6568	1	-1	-1	-1
6588	6530	6531	1	-1	-1	-1
6536	6587	6529	1	-1	-1	-1
6572	6513	6567	1	-1	-1	-1
6571	6570	6512	1	-1	-1	-1
6572	6571	6513	1	-1	-1	-1
6535	6590	6532	1	-1	-1	-1
6539	6530	6588	1	-1	-1	-1
6590	6536	6532	1	-1	-1	-1
6534	6533	6591	1	-1	-1	-1
6535	6534	6592	1	-1	-1	-1
6573	6514	6574	1	-1	-1	-1
6570	6576	6517	1	-1	-1	-1
6515	6575	6574	1	-1	-1	-1
6521	6578	6566	1	-1	-1	-1
6576	6575	6517	1	-1	-1	-1
6537	6538	6594	1	-1	-1	-1
6595	6538	6539	1	-1	-1	-1
6520	6577	6578	1	-1	-1	-1
6597	6543	6541	1	-1	-1	-1
6594	6551	6537	1	-1	-1	-1
6597	6544	6543	1	-1	-1	-1
6544	6598	6542	1	-1	-1	-1
6525	6580	6581	1	-1	-1	-1
6526	6582	6580	1	-1	-1	-1
6526	6579	6583	1	-1	-1	-1
6583	6582	6526	1	-1	-1	-1
6528	6586	6579	1	-1	-1	-1
6546	6600	6548	1	-1	-1	-1
6546	6549	6600	1	-1	-1	-1
6547	6548	6602	1	-1	-1	-1
6533	6573	6591	1	-1	-1	-1
6584	6585	6528	1	-1	-1	-1
6601	6550	6547	1	-1	-1	-1
6528	6585	6586	1	-1	-1	-1
6529	6587	6584	1	-1	-1	-1
6581	6589	6531	1	-1	-1	-1
6569	6572	6567	1	-1	-1	-1
6589	6588	6531	1	-1	-1	-1
6606	6554	6551	1	-1	-1	-1
6553	6607	6552	1	-1	-1	-1
6607	6555	6552	1	-1	-1	-1
6554	6609	6553	1	-1	-1	-1
6536	6593	6587	1	-1	-1	-1
6534	6591	6592	1	-1	-1	-1
6590	6535	6592	1	-1	-1	-1
6536	6590	6593	1	-1	-1	-1
6588	6596	6539	1	-1	-1	-1
6611	6557	6555	1	-1	-1	-1
6556	6557	6613	1	-1	-1	-1
6595	6594	6538	1	-1	-1	-1
6595	6539	6596	1	-1	-1	-1
6550	6605	6577	1	-1	-1	-1
6614	6564	6556	1	-1	-1	-1
6616	6562	6558	1	-1	-1	-1
6558	6563	6617	1	-1	-1	-1
6618	6560	6561	1	-1	-1	-1
6599	6544	6597	1	-1	-1	-1
6562	6618	6561	1	-1	-1	-1
6544	6599	6598	1	-1	-1	-1
6565	6617	6563	1	-1	-1	-1
6619	6565	6564	1	-1	-1	-1
6586	6583	6579	1	-1	-1	-1
6547	6602	6601	1	-1	-1	-1
6594	6606	6551	1	-1	-1	-1
6548	6600	6603	1	-1	-1	-1
6604	6602	6548	1	-1	-1	-1
6603	6604	6548	1	-1	-1	-1
6566	6622	6568	1	-1	-1	-1
6601	6605	6550	1	-1	-1	-1
6568	6623	6569	1	-1	-1	-1
6569	6624	6572	1	-1	-1	-1
6625	6570	6571	1	-1	-1	-1
6622	6566	6578	1	-1	-1	-1
6607	6553	6608	1	-1	-1	-1
6554	6606	6610	1	-1	-1	-1
6609	6608	6553	1	-1	-1	-1
6572	6627	6571	1	-1	-1	-1
6570	6626	6576	1	-1	-1	-1
6609	6554	6610	1	-1	-1	-1
6607	6612	6555	1	-1	-1	-1
6574	6629	6573	1	-1	-1	-1
6622	6578	6577	1	-1	-1	-1
6612	6611	6555	1	-1	-1	-1
6574	6575	6631	1	-1	-1	-1
6575	6576	6631	1	-1	-1	-1
6557	6611	6615	1	-1	-1	-1
6614	6556	6613	1	-1	-1	-1
6615	6613	6557	1	-1	-1	-1
6617	6616	6558	1	-1	-1	-1
6573	6628	6591	1	-1	-1	-1
6580	6632	6581	1	-1	-1	-1
6634	6580	6582	1	-1	-1	-1
6562	6616	6618	1	-1	-1	-1
6619	6564	6614	1	-1	-1	-1
6582	6583	6636	1	-1	-1	-1
6617	6565	6620	1	-1	-1	-1
6622	6577	6605	1	-1	-1	-1
6589	6581	6635	1	-1	-1	-1
6583	6586	6636	1	-1	-1	-1
6565	6619	6621	1	-1	-1	-1
6621	6620	6565	1	-1	-1	-1
6584	6637	6585	1	-1	-1	-1
6601	6602	6605	1	-1	-1	-1
6637	6584	6587	1	-1	-1	-1
6586	6585	6638	1	-1	-1	-1
6622	6623	6568	1	-1	-1	-1
6569	6623	6624	1	-1	-1	-1
6588	6589	6640	1	-1	-1	-1
6593	6639	6587	1	-1	-1	-1
6570	6625	6626	1	-1	-1	-1
6625	6571	6627	1	-1	-1	-1
6572	6624	6627	1	-1	-1	-1
6640	6596	6588	1	-1	-1	-1
6590	6592	6642	1	-1	-1	-1
6642	6593	6590	1	-1	-1	-1
6591	6643	6592	1	-1	-1	-1
6628	6573	6629	1	-1	-1	-1
6574	6630	6629	1	-1	-1	-1
6631	6576	6626	1	-1	-1	-1
6595	6645	6594	1	-1	-1	-1
6630	6574	6631	1	-1	-1	-1
6646	6595	6596	1	-1	-1	-1
6598	6599	6647	1	-1	-1	-1
6632	6580	6633	1	-1	-1	-1
6645	6606	6594	1	-1	-1	-1
6580	6634	6633	1	-1	-1	-1
6581	6632	6635	1	-1	-1	-1
6634	6582	6636	1	-1	-1	-1
6616	6617	6620	1	-1	-1	-1
6602	6604	6648	1	-1	-1	-1
6602	6648	6605	1	-1	-1	-1
6649	6604	6603	1	-1	-1	-1
6638	6636	6586	1	-1	-1	-1
6585	6637	6638	1	-1	-1	-1
6610	6606	6645	1	-1	-1	-1
6628	6643	6591	1	-1	-1	-1
6587	6639	6637	1	-1	-1	-1
6635	6641	6589	1	-1	-1	-1
6607	6608	6651	1	-1	-1	-1
6652	6608	6609	1	-1	-1	-1
6589	6641	6640	1	-1	-1	-1
6607	6651	6612	1	-1	-1	-1
6654	6609	6610	1	-1	-1	-1
6639	6593	6642	1	-1	-1	-1
6650	6622	6605	1	-1	-1	-1
6642	6592	6644	1	-1	-1	-1
6612	6656	6611	1	-1	-1	-1
6643	6644	6592	1	-1	-1	-1
6646	6596	6640	1	-1	-1	-1
6656	6615	6611	1	-1	-1	-1
6595	6646	6645	1	-1	-1	-1
6615	6658	6613	1	-1	-1	-1
6614	6613	6659	1	-1	-1	-1
6660	6619	6614	1	-1	-1	-1
6650	6623	6622	1	-1	-1	-1
6619	6660	6621	1	-1	-1	-1
6649	6648	6604	1	-1	-1	-1
6648	6650	6605	1	-1	-1	-1
6610	6645	6655	1	-1	-1	-1
6623	6663	6624	1	-1	-1	-1
6653	6651	6608	1	-1	-1	-1
6608	6652	6653	1	-1	-1	-1
6652	6609	6654	1	-1	-1	-1
6627	6624	6666	1	-1	-1	-1
6667	6626	6625	1	-1	-1	-1
6610	6655	6654	1	-1	-1	-1
6625	6627	6667	1	-1	-1	-1
6657	6612	6651	1	-1	-1	-1
6657	6656	6612	1	-1	-1	-1
6669	6631	6626	1	-1	-1	-1
6629	6671	6628	1	-1	-1	-1
6659	6613	6658	1	-1	-1	-1
6631	6669	6630	1	-1	-1	-1
6629	6630	6672	1	-1	-1	-1
6662	6615	6656	1	-1	-1	-1
6659	6661	6614	1	-1	-1	-1
6660	6614	6661	1	-1	-1	-1
6658	6615	6662	1	-1	-1	-1
6623	6650	6663	1	-1	-1	-1
6674	6632	6633	1	-1	-1	-1
6674	6635	6632	1	-1	-1	-1
6643	6628	6671	1	-1	-1	-1
6676	6633	6634	1	-1	-1	-1
6634	6636	6678	1	-1	-1	-1
6665	6624	6663	1	-1	-1	-1
6636	6638	6678	1	-1	-1	-1
6664	6624	6665	1	-1	-1	-1
6624	6664	6666	1	-1	-1	-1
6680	6638	6637	1	-1	-1	-1
6641	6635	6679	1	-1	-1	-1
6639	6681	6637	1	-1	-1	-1
6626	6667	6668	1	-1	-1	-1
6668	6669	6626	1	-1	-1	-1
6670	6627	6666	1	-1	-1	-1
6670	6667	6627	1	-1	-1	-1
6642	6684	6639	1	-1	-1	-1
6686	6640	6641	1	-1	-1	-1
6646	6640	6685	1	-1	-1	-1
6629	6672	6671	1	-1	-1	-1
6630	6669	6673	1	-1	-1	-1
6644	6688	6642	1	-1	-1	-1
6630	6673	6672	1	-1	-1	-1
6662	6656	6657	1	-1	-1	-1
6644	6643	6689	1	-1	-1	-1
6675	6674	6633	1	-1	-1	-1
6692	6645	6646	1	-1	-1	-1
6675	6633	6676	1	-1	-1	-1
6676	6634	6677	1	-1	-1	-1
6674	6679	6635	1	-1	-1	-1
6678	6677	6634	1	-1	-1	-1
6693	6648	6649	1	-1	-1	-1
6655	6645	6692	1	-1	-1	-1
6694	6650	6648	1	-1	-1	-1
6695	6651	6653	1	-1	-1	-1
6680	6637	6682	1	-1	-1	-1
6638	6683	6678	1	-1	-1	-1
6637	6681	6682	1	-1	-1	-1
6696	6653	6652	1	-1	-1	-1
6638	6680	6683	1	-1	-1	-1
6654	6696	6652	1	-1	-1	-1
6695	6657	6651	1	-1	-1	-1
6643	6671	6690	1	-1	-1	-1
6684	6681	6639	1	-1	-1	-1
6655	6698	6654	1	-1	-1	-1
6663	6650	6694	1	-1	-1	-1
6687	6641	6679	1	-1	-1	-1
6640	6686	6685	1	-1	-1	-1
6641	6687	6686	1	-1	-1	-1
6684	6642	6688	1	-1	-1	-1
6702	6659	6658	1	-1	-1	-1
6657	6701	6662	1	-1	-1	-1
6690	6689	6643	1	-1	-1	-1
6662	6702	6658	1	-1	-1	-1
6659	6703	6661	1	-1	-1	-1
6688	6644	6691	1	-1	-1	-1
6646	6685	6692	1	-1	-1	-1
6644	6689	6691	1	-1	-1	-1
6704	6665	6663	1	-1	-1	-1
6705	6666	6664	1	-1	-1	-1
6694	6648	6693	1	-1	-1	-1
6706	6664	6665	1	-1	-1	-1
6666	6705	6670	1	-1	-1	-1
6707	6668	6667	1	-1	-1	-1
6707	6667	6670	1	-1	-1	-1
6708	6669	6668	1	-1	-1	-1
6697	6695	6653	1	-1	-1	-1
6697	6653	6696	1	-1	-1	-1
6699	6655	6692	1	-1	-1	-1
6654	6698	6696	1	-1	-1	-1
6669	6709	6673	1	-1	-1	-1
6695	6700	6657	1	-1	-1	-1
6698	6655	6699	1	-1	-1	-1
6672	6712	6671	1	-1	-1	-1
6700	6701	6657	1	-1	-1	-1
6713	6672	6673	1	-1	-1	-1
6663	6694	6704	1	-1	-1	-1
6675	6715	6674	1	-1	-1	-1
6702	6703	6659	1	-1	-1	-1
6701	6702	6662	1	-1	-1	-1
6676	6716	6675	1	-1	-1	-1
6674	6715	6679	1	-1	-1	-1
6677	6717	6676	1	-1	-1	-1
6671	6712	6690	1	-1	-1	-1
6706	6665	6704	1	-1	-1	-1
6705	6664	6706	1	-1	-1	-1
6699	6692	6685	1	-1	-1	-1
6721	6677	6678	1	-1	-1	-1
6683	6721	6678	1	-1	-1	-1
6708	6668	6707	1	-1	-1	-1
6710	6670	6705	1	-1	-1	-1
6669	6708	6709	1	-1	-1	-1
6723	6680	6682	1	-1	-1	-1
6723	6683	6680	1	-1	-1	-1
6724	6682	6681	1	-1	-1	-1
6722	6687	6679	1	-1	-1	-1
6670	6711	6707	1	-1	-1	-1
6681	6684	6725	1	-1	-1	-1
6711	6670	6710	1	-1	-1	-1
6700	6695	6697	1	-1	-1	-1
6709	6714	6673	1	-1	-1	-1
6684	6688	6725	1	-1	-1	-1
6713	6712	6672	1	-1	-1	-1
6686	6727	6685	1	-1	-1	-1
6673	6714	6713	1	-1	-1	-1
6728	6686	6687	1	-1	-1	-1
6716	6715	6675	1	-1	-1	-1
6731	6688	6691	1	-1	-1	-1
6676	6717	6718	1	-1	-1	-1
6690	6732	6689	1	-1	-1	-1
6716	6676	6719	1	-1	-1	-1
6727	6699	6685	1	-1	-1	-1
6691	6689	6732	1	-1	-1	-1
6676	6718	6719	1	-1	-1	-1
6720	6717	6677	1	-1	-1	-1
6679	6715	6722	1	-1	-1	-1
6720	6677	6721	1	-1	-1	-1
6694	6693	6735	1	-1	-1	-1
6683	6723	6721	1	-1	-1	-1
6696	6736	6697	1	-1	-1	-1
6698	6736	6696	1	-1	-1	-1
6681	6725	6724	1	-1	-1	-1
6726	6723	6682	1	-1	-1	-1
6726	6682	6724	1	-1	-1	-1
6735	6704	6694	1	-1	-1	-1
6737	6700	6697	1	-1	-1	-1
6712	6733	6690	1	-1	-1	-1
6741	6698	6699	1	-1	-1	-1
6687	6722	6729	1	-1	-1	-1
6727	6686	6728	1	-1	-1	-1
6742	6701	6700	1	-1	-1	-1
6731	6725	6688	1	-1	-1	-1
6728	6687	6730	1	-1	-1	-1
6687	6729	6730	1	-1	-1	-1
6745	6702	6701	1	-1	-1	-1
6745	6703	6702	1	-1	-1	-1
6718	6717	6720	1	-1	-1	-1
6732	6690	6733	1	-1	-1	-1
6731	6691	6734	1	-1	-1	-1
6746	6706	6704	1	-1	-1	-1
6691	6732	6734	1	-1	-1	-1
6705	6706	6748	1	-1	-1	-1
6705	6747	6710	1	-1	-1	-1
6707	6750	6708	1	-1	-1	-1
6727	6741	6699	1	-1	-1	-1
6711	6750	6707	1	-1	-1	-1
6752	6709	6708	1	-1	-1	-1
6697	6736	6738	1	-1	-1	-1
6737	6697	6739	1	-1	-1	-1
6711	6710	6753	1	-1	-1	-1
6740	6736	6698	1	-1	-1	-1
6697	6738	6739	1	-1	-1	-1
6714	6709	6752	1	-1	-1	-1
6742	6700	6737	1	-1	-1	-1
6698	6741	6740	1	-1	-1	-1
6713	6756	6712	1	-1	-1	-1
6713	6714	6757	1	-1	-1	-1
6704	6735	6746	1	-1	-1	-1
6742	6744	6701	1	-1	-1	-1
6701	6744	6743	1	-1	-1	-1
6701	6743	6745	1	-1	-1	-1
6715	6716	6759	1	-1	-1	-1
6719	6760	6716	1	-1	-1	-1
6759	6722	6715	1	-1	-1	-1
6718	6761	6719	1	-1	-1	-1
6755	6733	6712	1	-1	-1	-1
6762	6718	6720	1	-1	-1	-1
6747	6705	6748	1	-1	-1	-1
6746	6749	6706	1	-1	-1	-1
6706	6749	6748	1	-1	-1	-1
6721	6765	6720	1	-1	-1	-1
6750	6751	6708	1	-1	-1	-1
6759	6729	6722	1	-1	-1	-1
6766	6721	6723	1	-1	-1	-1
6747	6753	6710	1	-1	-1	-1
6751	6752	6708	1	-1	-1	-1
6711	6754	6750	1	-1	-1	-1
6726	6767	6723	1	-1	-1	-1
6724	6725	6768	1	-1	-1	-1
6711	6753	6754	1	-1	-1	-1
6726	6724	6768	1	-1	-1	-1
6755	6712	6756	1	-1	-1	-1
6757	6714	6752	1	-1	-1	-1
6731	6768	6725	1	-1	-1	-1
6770	6727	6728	1	-1	-1	-1
6713	6758	6756	1	-1	-1	-1
6730	6770	6728	1	-1	-1	-1
6713	6757	6758	1	-1	-1	-1
6772	6730	6729	1	-1	-1	-1
6759	6716	6760	1	-1	-1	-1
6770	6741	6727	1	-1	-1	-1
6775	6731	6734	1	-1	-1	-1
6762	6761	6718	1	-1	-1	-1
6733	6776	6732	1	-1	-1	-1
6760	6719	6763	1	-1	-1	-1
6734	6732	6776	1	-1	-1	-1
6761	6763	6719	1	-1	-1	-1
6720	6764	6762	1	-1	-1	-1
6765	6764	6720	1	-1	-1	-1
6736	6778	6738	1	-1	-1	-1
6721	6766	6765	1	-1	-1	-1
6736	6740	6778	1	-1	-1	-1
6751	6750	6754	1	-1	-1	-1
6737	6739	6779	1	-1	-1	-1
6767	6766	6723	1	-1	-1	-1
6742	6737	6779	1	-1	-1	-1
6739	6738	6781	1	-1	-1	-1
6729	6759	6771	1	-1	-1	-1
6726	6769	6767	1	-1	-1	-1
6726	6768	6769	1	-1	-1	-1
6783	6740	6741	1	-1	-1	-1
6755	6776	6733	1	-1	-1	-1
6742	6784	6744	1	-1	-1	-1
6772	6729	6771	1	-1	-1	-1
6774	6770	6730	1	-1	-1	-1
6768	6731	6775	1	-1	-1	-1
6772	6773	6730	1	-1	-1	-1
6774	6730	6773	1	-1	-1	-1
6775	6734	6777	1	-1	-1	-1
6734	6776	6777	1	-1	-1	-1
6752	6751	6785	1	-1	-1	-1
6771	6759	6760	1	-1	-1	-1
6751	6754	6785	1	-1	-1	-1
6770	6783	6741	1	-1	-1	-1
6754	6753	6787	1	-1	-1	-1
6786	6757	6752	1	-1	-1	-1
6778	6780	6738	1	-1	-1	-1
6738	6780	6781	1	-1	-1	-1
6782	6779	6739	1	-1	-1	-1
6755	6756	6789	1	-1	-1	-1
6778	6740	6783	1	-1	-1	-1
6781	6782	6739	1	-1	-1	-1
6756	6758	6791	1	-1	-1	-1
6742	6779	6784	1	-1	-1	-1
6757	6792	6758	1	-1	-1	-1
6760	6763	6795	1	-1	-1	-1
6796	6761	6762	1	-1	-1	-1
6796	6763	6761	1	-1	-1	-1
6755	6790	6776	1	-1	-1	-1
6785	6786	6752	1	-1	-1	-1
6798	6762	6764	1	-1	-1	-1
6760	6794	6771	1	-1	-1	-1
6783	6770	6774	1	-1	-1	-1
6788	6785	6754	1	-1	-1	-1
6765	6799	6764	1	-1	-1	-1
6787	6788	6754	1	-1	-1	-1
6766	6799	6765	1	-1	-1	-1
6766	6767	6800	1	-1	-1	-1
6755	6789	6790	1	-1	-1	-1
6792	6757	6786	1	-1	-1	-1
6756	6791	6789	1	-1	-1	-1
6767	6769	6801	1	-1	-1	-1
6768	6802	6769	1	-1	-1	-1
6758	6793	6791	1	-1	-1	-1
6758	6792	6793	1	-1	-1	-1
6768	6775	6802	1	-1	-1	-1
6772	6771	6803	1	-1	-1	-1
6795	6794	6760	1	-1	-1	-1
6772	6805	6773	1	-1	-1	-1
6805	6774	6773	1	-1	-1	-1
6763	6796	6795	1	-1	-1	-1
6762	6797	6796	1	-1	-1	-1
6797	6762	6798	1	-1	-1	-1
6777	6809	6775	1	-1	-1	-1
6798	6764	6799	1	-1	-1	-1
6777	6776	6810	1	-1	-1	-1
6774	6806	6783	1	-1	-1	-1
6778	6806	6780	1	-1	-1	-1
6766	6800	6799	1	-1	-1	-1
6778	6783	6806	1	-1	-1	-1
6800	6767	6801	1	-1	-1	-1
6771	6794	6803	1	-1	-1	-1
6790	6789	6791	1	-1	-1	-1
6811	6779	6782	1	-1	-1	-1
6802	6801	6769	1	-1	-1	-1
6812	6781	6780	1	-1	-1	-1
6779	6811	6784	1	-1	-1	-1
6813	6782	6781	1	-1	-1	-1
6776	6790	6810	1	-1	-1	-1
6804	6772	6803	1	-1	-1	-1
6805	6772	6804	1	-1	-1	-1
6807	6774	6805	1	-1	-1	-1
6809	6802	6775	1	-1	-1	-1
6816	6786	6785	1	-1	-1	-1
6774	6808	6806	1	-1	-1	-1
6807	6808	6774	1	-1	-1	-1
6785	6788	6816	1	-1	-1	-1
6780	6806	6808	1	-1	-1	-1
6817	6792	6786	1	-1	-1	-1
6809	6777	6810	1	-1	-1	-1
6790	6791	6818	1	-1	-1	-1
6780	6808	6812	1	-1	-1	-1
6791	6793	6819	1	-1	-1	-1
6792	6820	6793	1	-1	-1	-1
6812	6813	6781	1	-1	-1	-1
6782	6814	6811	1	-1	-1	-1
6782	6813	6815	1	-1	-1	-1
6814	6782	6815	1	-1	-1	-1
6822	6794	6795	1	-1	-1	-1
6796	6823	6795	1	-1	-1	-1
6818	6810	6790	1	-1	-1	-1
6794	6822	6803	1	-1	-1	-1
6796	6797	6825	1	-1	-1	-1
6797	6798	6827	1	-1	-1	-1
6786	6816	6817	1	-1	-1	-1
6798	6799	6829	1	-1	-1	-1
6799	6800	6829	1	-1	-1	-1
6819	6818	6791	1	-1	-1	-1
6817	6820	6792	1	-1	-1	-1
6800	6801	6830	1	-1	-1	-1
6821	6819	6793	1	-1	-1	-1
6793	6820	6821	1	-1	-1	-1
6801	6802	6832	1	-1	-1	-1
6822	6795	6824	1	-1	-1	-1
6804	6803	6834	1	-1	-1	-1
6823	6824	6795	1	-1	-1	-1
6833	6802	6809	1	-1	-1	-1
6825	6823	6796	1	-1	-1	-1
6804	6836	6805	1	-1	-1	-1
6826	6825	6797	1	-1	-1	-1
6805	6836	6807	1	-1	-1	-1
6797	6827	6826	1	-1	-1	-1
6828	6827	6798	1	-1	-1	-1
6808	6807	6838	1	-1	-1	-1
6829	6828	6798	1	-1	-1	-1
6808	6838	6812	1	-1	-1	-1
6809	6810	6840	1	-1	-1	-1
6800	6831	6829	1	-1	-1	-1
6822	6835	6803	1	-1	-1	-1
6831	6800	6830	1	-1	-1	-1
6830	6801	6832	1	-1	-1	-1
6812	6842	6813	1	-1	-1	-1
6802	6833	6832	1	-1	-1	-1
6840	6810	6818	1	-1	-1	-1
6842	6815	6813	1	-1	-1	-1
6803	6835	6834	1	-1	-1	-1
6834	6837	6804	1	-1	-1	-1
6837	6836	6804	1	-1	-1	-1
6844	6820	6817	1	-1	-1	-1
6835	6822	6824	1	-1	-1	-1
6836	6839	6807	1	-1	-1	-1
6818	6819	6845	1	-1	-1	-1
6809	6841	6833	1	-1	-1	-1
6807	6839	6838	1	-1	-1	-1
6846	6819	6821	1	-1	-1	-1
6847	6821	6820	1	-1	-1	-1
6840	6841	6809	1	-1	-1	-1
6838	6842	6812	1	-1	-1	-1
6823	6848	6824	1	-1	-1	-1
6849	6823	6825	1	-1	-1	-1
6815	6842	6843	1	-1	-1	-1
6826	6851	6825	1	-1	-1	-1
6840	6818	6845	1	-1	-1	-1
6826	6827	6852	1	-1	-1	-1
6828	6853	6827	1	-1	-1	-1
6835	6824	6850	1	-1	-1	-1
6819	6846	6845	1	-1	-1	-1
6844	6847	6820	1	-1	-1	-1
6829	6854	6828	1	-1	-1	-1
6829	6831	6854	1	-1	-1	-1
6847	6846	6821	1	-1	-1	-1
6855	6831	6830	1	-1	-1	-1
6832	6855	6830	1	-1	-1	-1
6849	6848	6823	1	-1	-1	-1
6848	6850	6824	1	-1	-1	-1
6858	6832	6833	1	-1	-1	-1
6825	6851	6849	1	-1	-1	-1
6859	6834	6835	1	-1	-1	-1
6852	6851	6826	1	-1	-1	-1
6859	6837	6834	1	-1	-1	-1
6852	6827	6853	1	-1	-1	-1
6841	6858	6833	1	-1	-1	-1
6836	6837	6860	1	-1	-1	-1
6860	6839	6836	1	-1	-1	-1
6854	6853	6828	1	-1	-1	-1
6838	6839	6863	1	-1	-1	-1
6854	6831	6856	1	-1	-1	-1
6855	6856	6831	1	-1	-1	-1
6863	6842	6838	1	-1	-1	-1
6850	6859	6835	1	-1	-1	-1
6832	6857	6855	1	-1	-1	-1
6865	6841	6840	1	-1	-1	-1
6858	6857	6832	1	-1	-1	-1
6842	6863	6843	1	-1	-1	-1
6845	6865	6840	1	-1	-1	-1
6859	6861	6837	1	-1	-1	-1
6846	6868	6845	1	-1	-1	-1
6862	6860	6837	1	-1	-1	-1
6837	6861	6862	1	-1	-1	-1
6860	6864	6839	1	-1	-1	-1
6870	6846	6847	1	-1	-1	-1
6841	6866	6858	1	-1	-1	-1
6864	6863	6839	1	-1	-1	-1
6849	6871	6848	1	-1	-1	-1
6848	6872	6850	1	-1	-1	-1
6841	6865	6866	1	-1	-1	-1
6863	6867	6843	1	-1	-1	-1
6851	6874	6849	1	-1	-1	-1
6875	6851	6852	1	-1	-1	-1
6865	6845	6869	1	-1	-1	-1
6852	6853	6876	1	-1	-1	-1
6859	6850	6872	1	-1	-1	-1
6869	6845	6868	1	-1	-1	-1
6868	6846	6870	1	-1	-1	-1
6854	6878	6853	1	-1	-1	-1
6856	6880	6854	1	-1	-1	-1
6855	6880	6856	1	-1	-1	-1
6871	6872	6848	1	-1	-1	-1
6859	6872	6861	1	-1	-1	-1
6873	6871	6849	1	-1	-1	-1
6881	6855	6857	1	-1	-1	-1
6873	6849	6874	1	-1	-1	-1
6857	6858	6882	1	-1	-1	-1
6851	6875	6874	1	-1	-1	-1
6877	6875	6852	1	-1	-1	-1
6852	6876	6877	1	-1	-1	-1
6860	6862	6883	1	-1	-1	-1
6858	6866	6882	1	-1	-1	-1
6853	6878	6876	1	-1	-1	-1
6884	6862	6861	1	-1	-1	-1
6860	6883	6864	1	-1	-1	-1
6854	6879	6878	1	-1	-1	-1
6879	6854	6880	1	-1	-1	-1
6887	6863	6864	1	-1	-1	-1
6880	6855	6881	1	-1	-1	-1
6863	6887	6867	1	-1	-1	-1
6885	6861	6872	1	-1	-1	-1
6866	6865	6888	1	-1	-1	-1
6881	6857	6882	1	-1	-1	-1
6869	6888	6865	1	-1	-1	-1
6868	6890	6869	1	-1	-1	-1
6870	6890	6868	1	-1	-1	-1
6885	6884	6861	1	-1	-1	-1
6862	6886	6883	1	-1	-1	-1
6877	6876	6878	1	-1	-1	-1
6862	6884	6886	1	-1	-1	-1
6864	6883	6887	1	-1	-1	-1
6872	6871	6893	1	-1	-1	-1
6873	6892	6871	1	-1	-1	-1
6866	6889	6882	1	-1	-1	-1
6874	6894	6873	1	-1	-1	-1
6889	6866	6888	1	-1	-1	-1
6874	6875	6896	1	-1	-1	-1
6891	6888	6869	1	-1	-1	-1
6897	6875	6877	1	-1	-1	-1
6885	6872	6893	1	-1	-1	-1
6890	6891	6869	1	-1	-1	-1
6899	6877	6878	1	-1	-1	-1
6871	6892	6893	1	-1	-1	-1
6900	6878	6879	1	-1	-1	-1
6873	6895	6892	1	-1	-1	-1
6902	6879	6880	1	-1	-1	-1
6895	6873	6894	1	-1	-1	-1
6902	6880	6881	1	-1	-1	-1
6874	6896	6894	1	-1	-1	-1
6882	6902	6881	1	-1	-1	-1
6889	6888	6891	1	-1	-1	-1
6875	6898	6896	1	-1	-1	-1
6875	6897	6898	1	-1	-1	-1
6897	6877	6899	1	-1	-1	-1
6883	6904	6887	1	-1	-1	-1
6883	6886	6905	1	-1	-1	-1
6889	6903	6882	1	-1	-1	-1
6906	6884	6885	1	-1	-1	-1
6884	6906	6886	1	-1	-1	-1
6878	6900	6899	1	-1	-1	-1
6900	6879	6901	1	-1	-1	-1
6901	6879	6902	1	-1	-1	-1
6907	6885	6893	1	-1	-1	-1
6902	6882	6903	1	-1	-1	-1
6910	6889	6891	1	-1	-1	-1
6892	6907	6893	1	-1	-1	-1
6883	6905	6904	1	-1	-1	-1
6891	6890	6911	1	-1	-1	-1
6907	6892	6895	1	-1	-1	-1
6908	6906	6885	1	-1	-1	-1
6907	6908	6885	1	-1	-1	-1
6905	6886	6909	1	-1	-1	-1
6906	6909	6886	1	-1	-1	-1
6889	6910	6903	1	-1	-1	-1
6894	6914	6895	1	-1	-1	-1
6896	6913	6894	1	-1	-1	-1
6902	6903	6901	1	-1	-1	-1
6898	6916	6896	1	-1	-1	-1
6918	6898	6897	1	-1	-1	-1
6891	6912	6910	1	-1	-1	-1
6899	6918	6897	1	-1	-1	-1
6891	6911	6912	1	-1	-1	-1
6915	6907	6895	1	-1	-1	-1
6899	6900	6921	1	-1	-1	-1
6894	6913	6914	1	-1	-1	-1
6900	6901	6922	1	-1	-1	-1
6895	6914	6915	1	-1	-1	-1
6896	6917	6913	1	-1	-1	-1
6903	6923	6901	1	-1	-1	-1
6896	6916	6917	1	-1	-1	-1
6915	6908	6907	1	-1	-1	-1
6916	6898	6919	1	-1	-1	-1
6918	6919	6898	1	-1	-1	-1
6903	6910	6923	1	-1	-1	-1
6899	6920	6918	1	-1	-1	-1
6906	6908	6924	1	-1	-1	-1
6906	6924	6909	1	-1	-1	-1
6899	6921	6920	1	-1	-1	-1
6922	6921	6900	1	-1	-1	-1
6923	6922	6901	1	-1	-1	-1
6926	6910	6912	1	-1	-1	-1
6915	6925	6908	1	-1	-1	-1
6914	6913	6927	1	-1	-1	-1
6908	6925	6924	1	-1	-1	-1
6917	6927	6913	1	-1	-1	-1
6915	6914	6928	1	-1	-1	-1
6910	6926	6923	1	-1	-1	-1
6916	6930	6917	1	-1	-1	-1
6916	6919	6931	1	-1	-1	-1
6914	6927	6928	1	-1	-1	-1
6915	6929	6925	1	-1	-1	-1
6933	6919	6918	1	-1	-1	-1
6920	6934	6918	1	-1	-1	-1
6915	6928	6929	1	-1	-1	-1
6935	6920	6921	1	-1	-1	-1
6917	6932	6927	1	-1	-1	-1
6931	6930	6916	1	-1	-1	-1
6936	6921	6922	1	-1	-1	-1
6917	6930	6932	1	-1	-1	-1
6937	6922	6923	1	-1	-1	-1
6933	6931	6919	1	-1	-1	-1
6933	6918	6934	1	-1	-1	-1
6926	6937	6923	1	-1	-1	-1
6934	6920	6935	1	-1	-1	-1
6935	6921	6936	1	-1	-1	-1
6927	6939	6928	1	-1	-1	-1
6938	6936	6922	1	-1	-1	-1
6922	6937	6938	1	-1	-1	-1
6940	6929	6928	1	-1	-1	-1
6927	6932	6939	1	-1	-1	-1
6942	6930	6931	1	-1	-1	-1
6930	6942	6932	1	-1	-1	-1
6928	6939	6941	1	-1	-1	-1
6933	6944	6931	1	-1	-1	-1
6928	6941	6940	1	-1	-1	-1
6934	6946	6933	1	-1	-1	-1
6945	6939	6932	1	-1	-1	-1
6943	6942	6931	1	-1	-1	-1
6935	6948	6934	1	-1	-1	-1
6931	6944	6943	1	-1	-1	-1
6942	6945	6932	1	-1	-1	-1
6936	6949	6935	1	-1	-1	-1
6936	6938	6949	1	-1	-1	-1
6933	6946	6944	1	-1	-1	-1
6934	6947	6946	1	-1	-1	-1
6934	6948	6947	1	-1	-1	-1
6950	6941	6939	1	-1	-1	-1
6948	6935	6949	1	-1	-1	-1
6950	6939	6945	1	-1	-1	-1
6952	6942	6943	1	-1	-1	-1
6945	6942	6951	1	-1	-1	-1
6943	6944	6953	1	-1	-1	-1
6952	6951	6942	1	-1	-1	-1
6944	6946	6955	1	-1	-1	-1
6955	6946	6947	1	-1	-1	-1
6952	6943	6953	1	-1	-1	-1
6945	6956	6950	1	-1	-1	-1
6954	6953	6944	1	-1	-1	-1
6955	6954	6944	1	-1	-1	-1
6945	6951	6957	1	-1	-1	-1
6945	6957	6956	1	-1	-1	-1
6958	6951	6952	1	-1	-1	-1
6959	6952	6953	1	-1	-1	-1
6957	6951	6958	1	-1	-1	-1
6954	6960	6953	1	-1	-1	-1
6958	6952	6959	1	-1	-1	-1
6960	6959	6953	1	-1	-1	-1
6956	6957	6961	1	-1	-1	-1
6962	6957	6958	1	-1	-1	-1
6963	6958	6959	1	-1	-1	-1
6962	6961	6957	1	-1	-1	-1
6960	6965	6959	1	-1	-1	-1
6962	6958	6964	1	-1	-1	-1
6964	6958	6963	1	-1	-1	-1
6965	6963	6959	1	-1	-1	-1
6961	6962	6966	1	-1	-1	-1
6967	6962	6964	1	-1	-1	-1
6968	6966	6962	1	-1	-1	-1
6969	6963	6965	1	-1	-1	-1
6963	6970	6964	1	-1	-1	-1
6962	6967	6968	1	-1	-1	-1
6964	6971	6967	1	-1	-1	-1
6970	6963	6969	1	-1	-1	-1
6972	6964	6970	1	-1	-1	-1
6968	6973	6966	1	-1	-1	-1
6971	6964	6972	1	-1	-1	-1
6974	6968	6967	1	-1	-1	-1
6971	6974	6967	1	-1	-1	-1
6976	6970	6969	1	-1	-1	-1
6968	6975	6973	1	-1	-1	-1
6968	6974	6975	1	-1	-1	-1
6976	6972	6970	1	-1	-1	-1
6972	6977	6971	1	-1	-1	-1
6971	6978	6974	1	-1	-1	-1
6978	6971	6977	1	-1	-1	-1
6979	6972	6976	1	-1	-1	-1
6977	6972	6979	1	-1	-1	-1
6973	6975	6980	1	-1	-1	-1
6974	6981	6975	1	-1	-1	-1
6978	6981	6974	1	-1	-1	-1
6982	6980	6975	1	-1	-1	-1
6975	6981	6982	1	-1	-1	-1
6977	6983	6978	1	-1	-1	-1
6979	6983	6977	1	-1	-1	-1
6984	6981	6978	1	-1	-1	-1
6983	6984	6978	1	-1	-1	-1
6983	6979	6985	1	-1	-1	-1
6980	6982	6986	1	-1	-1	-1
6982	6981	6987	1	-1	-1	-1
6987	6981	6984	1	-1	-1	-1
6988	6986	6982	1	-1	-1	-1
6989	6984	6983	1	-1	-1	-1
6989	6983	6985	1	-1	-1	-1
6987	6988	6982	1	-1	-1	-1
6984	6989	6987	1	-1	-1	-1
6990	6989	6985	1	-1	-1	-1
6988	6991	6986	1	-1	-1	-1
6988	6987	6992	1	-1	-1	-1
6992	6987	6989	1	-1	-1	-1
6990	6992	6989	1	-1	-1	-1
6991	6988	6993	1	-1	-1	-1
6992	6993	6988	1	-1	-1	-1
6990	6994	6992	1	-1	-1	-1
6993	6995	6991	1	-1	-1	-1
6992	6994	6993	1	-1	-1	-1
6994	6996	6993	1	-1	-1	-1
6996	6995	6993	1	-1	-1	-1
6997	6995	6996	1	-1	-1	-1
6
1	0	0
1	0	0
1	0.53230599829416891	0
1	-0.53230599829416803	0
1	0	0
1	-0	0
0
0
