Frequency_Hz,Primary_Turns_Np,Flux_Loss_Pct,Wire_Gauge_AWG,Peak_Current_A,Uncomp_Voltage_Peak_V,Resonant_Voltage_Peak_V,Capacitor_Value_F,Capacitor_Voltage_Peak_V
10000,100,95.0,20,0.22391675879032485,50.00066466941612,0.25781269053626593,7.127491800519168e-08,49.99999999999996
10000,100,95.0,24,0.20490781881940484,50.003556766699795,0.5963969488294333,6.522418448657361e-08,49.99999999999996
10000,100,95.0,28,0.18881001538506523,50.01953720121901,1.3978919214796626,6.010009450757994e-08,49.99999999999994
10000,100,95.0,34,0.169093823965802,50.25010728424645,5.007322845421742,5.3824235860936416e-08,49.99999999999996
10000,100,99.0,20,1.1195837939516242,250.0033233470806,1.2890634526813296,7.127491800519168e-08,249.99999999999977
10000,100,99.0,24,1.0245390940970243,250.01778383349898,2.9819847441471667,6.522418448657361e-08,249.99999999999977
10000,100,99.0,28,0.9440500769253262,250.09768600609505,6.989459607398312,6.010009450757994e-08,249.99999999999974
10000,100,99.0,34,0.8454691198290099,251.2505364212322,25.036614227108704,5.3824235860936416e-08,249.99999999999974
10000,100,99.9,20,11.195837939517485,2500.0332334710833,12.890634526814726,7.127491800519168e-08,2500.0000000002756
10000,100,99.9,24,10.24539094097138,2500.177838335267,29.819847441474973,6.522418448657361e-08,2500.000000000275
10000,100,99.9,28,9.440500769254312,2500.9768600612288,69.8945960739909,6.010009450757994e-08,2500.0000000002756
10000,100,99.9,34,8.454691198291039,2512.5053642126013,250.36614227111488,5.3824235860936416e-08,2500.0000000002756
10000,100,99.99,20,111.95837939505056,25000.33233468308,128.90634526800415,7.127491800519168e-08,24999.999999975
10000,100,99.99,24,102.45390940960004,25001.778383324916,298.1984744144187,6.522418448657361e-08,24999.999999974996
10000,100,99.99,28,94.40500769243828,25009.768600584513,698.9459607391328,6.010009450757994e-08,24999.999999974993
10000,100,99.99,34,84.54691198281651,25125.053642098115,2503.6614227083687,5.3824235860936416e-08,24999.999999974996
10000,160,95.0,20,0.13994797424395303,80.00041542006761,0.2578126905362659,2.7841764845778e-08,79.99999999999993
10000,160,95.0,24,0.12806738676212803,80.00222302736695,0.5963969488294332,2.5478197065067815e-08,79.99999999999993
10000,160,95.0,28,0.11800625961566581,80.01221220428873,1.3978919214796628,2.3476599417023417e-08,79.99999999999994
10000,160,95.0,34,0.10568363997862623,80.15655482914839,5.00732284542174,2.1025092133178286e-08,79.99999999999993
10000,160,99.0,20,0.6997398712197652,400.00207710033806,1.2890634526813296,2.7841764845778e-08,399.99999999999966
10000,160,99.0,24,0.6403369338106402,400.01111513683475,2.981984744147166,2.5478197065067815e-08,399.99999999999966
10000,160,99.0,28,0.590031298078329,400.06106102144355,6.989459607398313,2.3476599417023417e-08,399.99999999999966
10000,160,99.0,34,0.5284181998931311,400.7827741457419,25.0366142271087,2.1025092133178286e-08,399.9999999999996
10000,160,99.9,20,6.997398712198429,4000.0207710038244,12.890634526814726,2.7841764845778e-08,4000.0000000004407
10000,160,99.9,24,6.403369338107113,4000.1111513687915,29.81984744147497,2.5478197065067815e-08,4000.0000000004407
10000,160,99.9,28,5.900312980783945,4000.61061021488,69.8945960739909,2.3476599417023417e-08,4000.0000000004407
10000,160,99.9,34,5.284181998931897,4007.827741457864,250.36614227111477,2.1025092133178286e-08,4000.0000000004397
10000,160,99.99,20,69.97398712190659,40000.20770999383,128.90634526800412,2.7841764845778e-08,39999.99999995999
10000,160,99.99,24,64.03369338100003,40001.111513643504,298.1984744144186,2.5478197065067815e-08,39999.99999996
10000,160,99.99,28,59.00312980777395,40006.106102104386,698.945960739133,2.3476599417023417e-08,39999.999999960004
10000,160,99.99,34,52.841819989260316,40078.27741453415,2503.6614227083683,2.1025092133178286e-08,39999.99999996
10000,200,95.0,20,0.11195837939516243,100.00033233636469,0.25781269053626593,1.781872950129792e-08,99.99999999999991
10000,200,95.0,24,0.10245390940970242,100.00177843078869,0.5963969488294333,1.6306046121643403e-08,99.99999999999991
10000,200,95.0,28,0.09440500769253261,100.00977003185298,1.3978919214796626,1.5025023626894985e-08,99.99999999999989
10000,200,95.0,34,0.084546911982901,100.12528792507048,5.007322845421742,1.3456058965234104e-08,99.99999999999991
10000,200,99.0,20,0.5597918969758121,500.00166168182346,1.2890634526813296,1.781872950129792e-08,499.99999999999955
10000,200,99.0,24,0.5122695470485121,500.00889215394346,2.9819847441471667,1.6306046121643403e-08,499.99999999999955
10000,200,99.0,28,0.4720250384626631,500.04885015926493,6.989459607398312,1.5025023626894985e-08,499.9999999999995
10000,200,99.0,34,0.4227345599145049,500.62643962535236,25.036614227108704,1.3456058965234104e-08,499.9999999999995
10000,200,99.9,20,5.597918969758743,5000.01661681879,12.890634526814726,1.781872950129792e-08,5000.000000000551
10000,200,99.9,24,5.12269547048569,5000.088921539989,29.819847441474973,1.6306046121643403e-08,5000.00000000055
10000,200,99.9,28,4.720250384627156,5000.488501593205,69.8945960739909,1.5025023626894985e-08,5000.000000000551
10000,200,99.9,34,4.2273455991455196,5006.264396254081,250.36614227111488,1.3456058965234104e-08,5000.000000000551
10000,200,99.99,20,55.97918969752528,50000.16616813239,128.90634526800415,1.781872950129792e-08,49999.99999995
10000,200,99.99,24,51.22695470480002,50000.88921534438,298.1984744144187,1.6306046121643403e-08,49999.99999994999
10000,200,99.99,28,47.20250384621914,50004.88501587652,698.9459607391328,1.5025023626894985e-08,49999.999999949985
10000,200,99.99,34,42.273455991408255,50062.643962485214,2503.6614227083687,1.3456058965234104e-08,49999.99999994999
10500,100,95.0,20,0.2132540559907856,50.0006032618155,0.24561462798337058,6.464845170538928e-08,49.99999999999996
10500,100,95.0,24,0.19515030363752842,50.00322642581751,0.5680255201831881,5.916025803770851e-08,49.99999999999995
10500,100,95.0,28,0.17981906227149072,50.01772141316068,1.3313359322713954,5.451255737648975e-08,49.99999999999996
10500,100,95.0,34,0.16104173711028763,50.226907409737734,4.768881204891864,4.882016858134822e-08,49.999999999999964
10500,100,99.0,20,1.0662702799539279,250.00301630907748,1.2280731399168527,6.464845170538928e-08,249.99999999999974
10500,100,99.0,24,0.9757515181876422,250.01613212908757,2.8401276009159404,5.916025803770851e-08,249.99999999999977
10500,100,99.0,28,0.8990953113574536,250.0886070658034,6.656679661356977,5.451255737648975e-08,249.99999999999977
10500,100,99.0,34,0.805208685551438,251.13453704868863,23.844406024459314,4.882016858134822e-08,249.99999999999977
10500,100,99.9,20,10.662702799540462,2500.030163091052,12.280731399169891,6.464845170538928e-08,2500.000000000275
10500,100,99.9,24,9.757515181877507,2500.161321291154,28.401276009162565,5.916025803770851e-08,2500.0000000002756
10500,100,99.9,28,8.990953113575534,2500.8860706583114,66.56679661357715,5.451255737648975e-08,2500.000000000275
10500,100,99.9,34,8.052086855515276,2511.345370487166,238.44406024461966,4.882016858134822e-08,2500.0000000002756
10500,100,99.99,20,106.62702799528626,25000.301630882772,122.80731399156258,6.464845170538928e-08,24999.999999974996
10500,100,99.99,24,97.57515181866673,25001.613212883778,284.01276009131027,5.916025803770851e-08,24999.999999975
10500,100,99.99,28,89.90953113565553,25008.86070655535,665.6679661350325,5.451255737648975e-08,24999.999999975
10500,100,99.99,34,80.52086855506334,25113.45370484377,2384.440602443549,4.882016858134822e-08,24999.999999974996
10500,160,95.0,20,0.13328378499424098,80.00037704002068,0.24561462798337055,2.5253301447417693e-08,79.99999999999993
10500,160,95.0,24,0.12196893977345527,80.00201655578168,0.5680255201831881,2.3109475795979884e-08,79.99999999999993
10500,160,95.0,28,0.11238691391968172,80.0110770791429,1.3313359322713956,2.1293967725191312e-08,79.99999999999993
10500,160,95.0,34,0.10065108569392975,80.14201287680737,4.768881204891862,1.907037835208915e-08,79.99999999999993
10500,160,99.0,20,0.666418924971205,400.00188520010346,1.228073139916853,2.5253301447417693e-08,399.99999999999966
10500,160,99.0,24,0.6098446988672764,400.0100827789085,2.840127600915941,2.3109475795979884e-08,399.9999999999997
10500,160,99.0,28,0.5619345695984086,400.05538539571444,6.656679661356978,2.1293967725191312e-08,399.9999999999996
10500,160,99.0,34,0.5032554284696488,400.7100643840369,23.844406024459314,1.907037835208915e-08,399.99999999999966
10500,160,99.9,20,6.6641892497127895,4000.0188520014785,12.280731399169893,2.5253301447417693e-08,4000.0000000004407
10500,160,99.9,24,6.098446988673441,4000.1008277895285,28.401276009162558,2.3109475795979884e-08,4000.0000000004407
10500,160,99.9,28,5.619345695984709,4000.553853957588,66.56679661357715,2.1293967725191312e-08,4000.0000000004397
10500,160,99.9,34,5.032554284697046,4007.1006438408135,238.44406024461955,1.907037835208915e-08,4000.00000000044
10500,160,99.99,20,66.64189249705392,40000.18851997038,122.8073139915626,2.5253301447417693e-08,39999.999999960004
10500,160,99.99,24,60.9844698866667,40001.00827785087,284.01276009131027,2.3109475795979884e-08,39999.99999996
10500,160,99.99,28,56.19345695978472,40005.53853953147,665.6679661350328,2.1293967725191312e-08,39999.99999996
10500,160,99.99,34,50.325542846914594,40071.006438363656,2384.440602443549,1.907037835208915e-08,39999.999999960004
10500,200,95.0,20,0.1066270279953928,100.0003016322724,0.24561462798337058,1.616211292634732e-08,99.99999999999991
10500,200,95.0,24,0.09757515181876421,100.00161325194489,0.5680255201831881,1.4790064509427127e-08,99.9999999999999
10500,200,95.0,28,0.08990953113574536,100.00886188415774,1.3313359322713954,1.3628139344122437e-08,99.99999999999991
10500,200,95.0,34,0.08052086855514382,100.11364656202649,4.768881204891864,1.2205042145337056e-08,99.99999999999993
10500,200,99.0,20,0.5331351399769639,500.001508161362,1.2280731399168527,1.616211292634732e-08,499.9999999999995
10500,200,99.0,24,0.4878757590938211,500.0080662597245,2.8401276009159404,1.4790064509427127e-08,499.99999999999955
10500,200,99.0,28,0.4495476556787268,500.04430942078864,6.656679661356977,1.3628139344122437e-08,499.99999999999955
10500,200,99.0,34,0.402604342775719,500.5682328101323,23.844406024459314,1.2205042145337056e-08,499.99999999999955
10500,200,99.9,20,5.331351399770231,5000.015081614174,12.280731399169891,1.616211292634732e-08,5000.00000000055
10500,200,99.9,24,4.878757590938753,5000.080662597801,28.401276009162565,1.4790064509427127e-08,5000.000000000551
10500,200,99.9,28,4.495476556787767,5000.443094208442,66.56679661357715,1.3628139344122437e-08,5000.00000000055
10500,200,99.9,34,4.026043427757638,5005.68232810188,238.44406024461966,1.2205042145337056e-08,5000.000000000551
10500,200,99.99,20,53.31351399764313,50000.15081608624,122.80731399156258,1.616211292634732e-08,49999.99999994999
10500,200,99.99,24,48.78757590933336,50000.806625922494,284.01276009131027,1.4790064509427127e-08,49999.99999995
10500,200,99.99,28,44.954765567827764,50004.43094202891,665.6679661350325,1.3628139344122437e-08,49999.99999995
10500,200,99.99,34,40.26043427753167,50056.82328096322,2384.440602443549,1.2205042145337056e-08,49999.99999994999
11000,100,95.0,20,0.20356068980938627,50.000550036178886,0.23452914623223617,5.8904890913381576e-08,49.99999999999996
11000,100,95.0,24,0.18627983529036804,50.002940097562245,0.5422346359310768,5.390428469964763e-08,49.99999999999995
11000,100,95.0,28,0.17164546853187748,50.01614750604222,1.2708309668007,4.9669499593041294e-08,49.99999999999994
11000,100,95.0,34,0.1537216581507291,50.20678999653985,4.55211618444185,4.448283955449292e-08,49.99999999999996
11000,100,99.0,20,1.0178034490469314,250.00275018089445,1.1726457311611809,5.8904890913381576e-08,249.9999999999998
11000,100,99.0,24,0.9313991764518403,250.01470048781124,2.7111731796553844,5.390428469964763e-08,249.99999999999977
11000,100,99.0,28,0.8582273426593876,250.08073753021117,6.354154834003502,4.9669499593041294e-08,249.99999999999977
11000,100,99.0,34,0.7686082907536455,251.0339499826992,22.760580922209247,4.448283955449292e-08,249.99999999999977
11000,100,99.9,20,10.178034490470441,2500.0275018092216,11.726457311613109,5.8904890913381576e-08,2500.000000000275
11000,100,99.9,24,9.313991764519438,2500.14700487839,27.111731796556853,5.390428469964763e-08,2500.0000000002756
11000,100,99.9,28,8.58227342659483,2500.8073753023896,63.54154834004208,4.9669499593041294e-08,2500.0000000002756
11000,100,99.9,34,7.686082907537308,2510.339499827271,227.60580922211776,4.448283955449292e-08,2500.000000000275
11000,100,99.99,20,101.78034490459143,25000.27501806446,117.2645731160009,5.8904890913381576e-08,24999.999999975
11000,100,99.99,24,93.13991764509097,25001.470048756146,271.11731796526755,5.390428469964763e-08,24999.999999975
11000,100,99.99,28,85.822734265853,25008.073752996126,635.4154833997153,4.9669499593041294e-08,24999.999999974996
11000,100,99.99,34,76.86082907528774,25103.394998244836,2276.0580922186505,4.448283955449292e-08,24999.999999974993
11000,160,95.0,20,0.12722543113086643,80.00034377376402,0.2345291462322362,2.3009723013039675e-08,79.99999999999994
11000,160,95.0,24,0.11642489705648004,80.00183759389776,0.5422346359310768,2.1056361210799858e-08,79.99999999999993
11000,160,95.0,28,0.10727841783242348,80.01009318421126,1.2708309668007005,1.9402148278531758e-08,79.99999999999994
11000,160,95.0,34,0.09607603634420568,80.12940634846015,4.552116184441849,1.7376109200973795e-08,79.99999999999993
11000,160,99.0,20,0.6361271556543322,400.00171886882015,1.172645731161181,2.3009723013039675e-08,399.9999999999998
11000,160,99.0,24,0.5821244852824002,400.00918796948883,2.7111731796553844,2.1056361210799858e-08,399.99999999999966
11000,160,99.0,28,0.5363920891621174,400.05046592105634,6.354154834003503,1.9402148278531758e-08,399.9999999999997
11000,160,99.0,34,0.48038018172102837,400.6470317423007,22.760580922209243,1.7376109200973795e-08,399.9999999999996
11000,160,99.9,20,6.361271556544026,4000.017188688644,11.72645731161311,2.3009723013039675e-08,4000.00000000044
11000,160,99.9,24,5.821244852824647,4000.0918796953315,27.111731796556846,2.1056361210799858e-08,4000.00000000044
11000,160,99.9,28,5.363920891621769,4000.5046592110066,63.54154834004207,1.9402148278531758e-08,4000.0000000004407
11000,160,99.9,34,4.803801817210817,4006.4703174234523,227.60580922211773,1.7376109200973795e-08,4000.0000000004407
11000,160,99.99,20,63.61271556536965,40000.171886842036,117.26457311600092,2.3009723013039675e-08,39999.999999960004
11000,160,99.99,24,58.21244852818185,40000.91879690891,271.1173179652675,2.1056361210799858e-08,39999.99999996
11000,160,99.99,28,53.63920891615814,40005.04659206566,635.4154833997153,1.9402148278531758e-08,39999.99999996
11000,160,99.99,34,48.03801817205484,40064.70317419004,2276.0580922186505,1.7376109200973795e-08,39999.99999996
11000,200,95.0,20,0.10178034490469313,100.0002750192239,0.23452914623223617,1.4726222728345394e-08,99.99999999999991
11000,200,95.0,24,0.09313991764518402,100.00147008119623,0.5422346359310768,1.3476071174911907e-08,99.9999999999999
11000,200,95.0,28,0.08582273426593874,100.0080747307244,1.2708309668007,1.2417374898260323e-08,99.99999999999989
11000,200,95.0,34,0.07686082907536455,100.10355519039591,4.55211618444185,1.112070988862323e-08,99.99999999999991
11000,200,99.0,20,0.5089017245234657,500.00137509611955,1.1726457311611809,1.4726222728345394e-08,499.9999999999996
11000,200,99.0,24,0.46569958822592017,500.0073504059812,2.7111731796553844,1.3476071174911907e-08,499.99999999999955
11000,200,99.0,28,0.4291136713296938,500.0403736536221,6.354154834003502,1.2417374898260323e-08,499.99999999999955
11000,200,99.0,34,0.3843041453768227,500.5177759519795,22.760580922209247,1.112070988862323e-08,499.99999999999955
11000,200,99.9,20,5.089017245235221,5000.013750961749,11.726457311613109,1.4726222728345394e-08,5000.00000000055
11000,200,99.9,24,4.656995882259719,5000.073504060368,27.111731796556853,1.3476071174911907e-08,5000.000000000551
11000,200,99.9,28,4.291136713297415,5000.403736536777,63.54154834004208,1.2417374898260323e-08,5000.000000000551
11000,200,99.9,34,3.843041453768654,5005.177759520351,227.60580922211776,1.112070988862323e-08,5000.00000000055
11000,200,99.99,20,50.890172452295715,50000.13750956199,117.2645731160009,1.4726222728345394e-08,49999.99999995
11000,200,99.99,24,46.56995882254549,50000.73504054816,271.11731796526755,1.3476071174911907e-08,49999.99999995
11000,200,99.99,28,42.9113671329265,50004.037365312244,635.4154833997153,1.2417374898260323e-08,49999.99999994999
11000,200,99.99,34,38.43041453764387,50051.777595147934,2276.0580922186505,1.112070988862323e-08,49999.999999949985
11500,100,95.0,20,0.19471022503506508,50.00050360099875,0.22441112604785032,5.389407788672339e-08,49.99999999999996
11500,100,95.0,24,0.17818071201687374,50.00269029695879,0.5186877033260382,4.931885405411993e-08,49.99999999999994
11500,100,95.0,28,0.16418262207396978,50.01477435323423,1.2155877611018067,4.544430586584495e-08,49.99999999999996
11500,100,95.0,34,0.14703810779634954,50.189232521660344,4.354200398843893,4.069885509333566e-08,49.99999999999996
11500,100,99.0,20,0.9735511251753255,250.0025180049938,1.1220556302392517,5.389407788672339e-08,249.9999999999998
11500,100,99.0,24,0.8909035600843689,250.013451484794,2.5934385166301914,4.931885405411993e-08,249.99999999999977
11500,100,99.0,28,0.8209131103698488,250.07387176617112,6.077938805509033,4.544430586584495e-08,249.99999999999977
11500,100,99.0,34,0.7351905389817477,250.9461626083017,21.771001994219464,4.069885509333566e-08,249.99999999999977
11500,100,99.9,20,9.735511251754334,2500.0251800502147,11.22055630239376,5.389407788672339e-08,2500.000000000275
11500,100,99.9,24,8.909035600844678,2500.1345148482173,25.934385166304796,4.931885405411993e-08,2500.0000000002756
11500,100,99.9,28,8.2091311036994,2500.738717661989,60.77938805509709,4.544430586584495e-08,2500.0000000002756
11500,100,99.9,34,7.3519053898182944,2509.461626083296,217.71001994221885,4.069885509333566e-08,2500.0000000002756
11500,100,99.99,20,97.35511251743526,25000.251800474394,112.20556302381304,5.389407788672339e-08,24999.999999974996
11500,100,99.99,24,89.09035600834785,25001.345148454413,259.34385166275996,4.931885405411993e-08,24999.999999974993
11500,100,99.99,28,82.09131103690285,25007.387176592125,607.793880550296,4.544430586584495e-08,24999.999999974996
11500,100,99.99,34,73.51905389810132,25094.616260805098,2177.1001994197713,4.069885509333566e-08,24999.999999975
11500,160,95.0,20,0.12169389064691569,80.0003147515901,0.22441112604785032,2.1052374174501323e-08,79.99999999999994
11500,160,95.0,24,0.11136294501054611,80.00168146316408,0.5186877033260382,1.9265177364890598e-08,79.99999999999993
11500,160,95.0,28,0.10261413879623114,80.009234802021,1.215587761101807,1.7751681978845683e-08,79.99999999999993
11500,160,95.0,34,0.09189881737271846,80.11840650632838,4.354200398843892,1.589799027083424e-08,79.99999999999993
11500,160,99.0,20,0.6084694532345785,400.0015737579505,1.1220556302392517,2.1052374174501323e-08,399.9999999999997
11500,160,99.0,24,0.5568147250527306,400.0084073158204,2.5934385166301905,1.9265177364890598e-08,399.99999999999966
11500,160,99.0,28,0.5130706939811557,400.046174010105,6.077938805509035,1.7751681978845683e-08,399.99999999999966
11500,160,99.0,34,0.45949408686359233,400.59203253164196,21.77100199421946,1.589799027083424e-08,399.99999999999966
11500,160,99.9,20,6.08469453234646,4000.015737579949,11.220556302393762,2.1052374174501323e-08,4000.000000000441
11500,160,99.9,24,5.568147250527924,4000.0840731586486,25.93438516630479,1.9265177364890598e-08,4000.000000000441
11500,160,99.9,28,5.130706939812125,4000.461740101493,60.77938805509708,1.7751681978845683e-08,4000.0000000004393
11500,160,99.9,34,4.594940868636433,4005.920325316864,217.71001994221876,1.589799027083424e-08,4000.0000000004407
11500,160,99.99,20,60.846945323397044,40000.15737575508,112.20556302381304,2.1052374174501323e-08,39999.99999996
11500,160,99.99,24,55.68147250521742,40000.84073154207,259.34385166275996,1.9265177364890598e-08,39999.99999996
11500,160,99.99,28,51.3070693980643,40004.61740097052,607.7938805502962,1.7751681978845683e-08,39999.99999996
11500,160,99.99,34,45.94940868631331,40059.20325312416,2177.1001994197704,1.589799027083424e-08,39999.99999995999
11500,200,95.0,20,0.09735511251753254,100.00025180145035,0.22441112604785032,1.3473519471680847e-08,99.99999999999991
11500,200,95.0,24,0.08909035600843687,100.00134517562032,0.5186877033260382,1.2329713513529983e-08,99.99999999999989
11500,200,95.0,28,0.08209131103698489,100.00738799511225,1.2155877611018067,1.1361076466461237e-08,99.99999999999991
11500,200,95.0,34,0.07351905389817477,100.09475041735843,4.354200398843893,1.0174713773333915e-08,99.99999999999991
11500,200,99.0,20,0.48677556258766275,500.0012590072518,1.1220556302392517,1.3473519471680847e-08,499.9999999999996
11500,200,99.0,24,0.44545178004218444,500.00672587810163,2.5934385166301914,1.2329713513529983e-08,499.99999999999955
11500,200,99.0,28,0.4104565551849244,500.0369399755612,6.077938805509033,1.1361076466461237e-08,499.99999999999955
11500,200,99.0,34,0.36759526949087384,500.4737520867921,21.771001994219464,1.0174713773333915e-08,499.99999999999955
11500,200,99.9,20,4.867755625877167,5000.012590073072,11.22055630239376,1.3473519471680847e-08,5000.00000000055
11500,200,99.9,24,4.454517800422339,5000.067258781572,25.934385166304796,1.2329713513529983e-08,5000.000000000551
11500,200,99.9,28,4.1045655518497,5000.369399756168,60.77938805509709,1.1361076466461237e-08,5000.000000000551
11500,200,99.9,34,3.6759526949091472,5004.737520868478,217.71001994221885,1.0174713773333915e-08,5000.000000000551
11500,200,99.99,20,48.67755625871763,50000.125900675215,112.20556302381304,1.3473519471680847e-08,49999.99999994999
11500,200,99.99,24,44.54517800417393,50000.67258776019,259.34385166275996,1.2329713513529983e-08,49999.999999949985
11500,200,99.99,28,41.045655518451426,50003.693997506154,607.793880550296,1.1361076466461237e-08,49999.99999994999
11500,200,99.99,34,36.75952694905066,50047.37520862921,2177.1001994197713,1.0174713773333915e-08,49999.99999995
12000,100,95.0,20,0.18659729899193742,50.00046284848202,0.21513963473436956,4.949647083693867e-08,49.999999999999964
12000,100,95.0,24,0.17075651568283737,50.00247106507738,0.49710422841218843,4.5294572560120566e-08,49.99999999999995
12000,100,95.0,28,0.15734167948755437,50.01356921105972,1.1649485952032401,4.1736176741374964e-08,49.99999999999995
12000,100,95.0,34,0.14091151997150167,50.17381860772989,4.172777693741486,3.737794157009474e-08,49.99999999999996
12000,100,99.0,20,0.9329864949596869,250.00231424241005,1.0756981736718476,4.949647083693867e-08,249.99999999999977
12000,100,99.0,24,0.8537825784141869,250.01235532538692,2.4855211420609424,4.5294572560120566e-08,249.9999999999998
12000,100,99.0,28,0.7867083974377719,250.0678460552986,5.824742976016201,4.1736176741374964e-08,249.99999999999974
12000,100,99.0,34,0.7045575998575083,250.86909303864945,20.86388846870743,3.737794157009474e-08,249.99999999999977
12000,100,99.9,20,9.329864949597905,2500.0231424243784,10.75698173671967,4.949647083693867e-08,2500.0000000002756
12000,100,99.9,24,8.537825784142816,2500.1235532541464,24.855211420612182,4.5294572560120566e-08,2500.000000000275
12000,100,99.9,28,7.867083974378592,2500.6784605532634,58.24742976016847,4.1736176741374964e-08,2500.000000000275
12000,100,99.9,34,7.045575998575865,2508.690930386773,208.63888468709746,3.737794157009474e-08,2500.000000000275
12000,100,99.99,20,93.29864949587547,25000.231424216025,107.56981736707728,4.949647083693867e-08,24999.999999975
12000,100,99.99,24,85.37825784133337,25001.235532513707,248.55211420584584,4.5294572560120566e-08,24999.999999974993
12000,100,99.99,28,78.67083974369858,25006.784605504872,582.4742976010381,4.1736176741374964e-08,24999.999999974996
12000,100,99.99,34,70.45575998568042,25086.90930383987,2086.3888468686578,3.737794157009474e-08,24999.999999974993
12000,160,95.0,20,0.11662331186996086,80.0002892811171,0.21513963473436953,1.9334558920679172e-08,79.99999999999991
12000,160,95.0,24,0.10672282230177337,80.00154443892878,0.4971042284121883,1.7693192406297098e-08,79.99999999999993
12000,160,95.0,28,0.09833854967972151,80.00848145808953,1.1649485952032406,1.63031940395996e-08,79.99999999999994
12000,160,95.0,34,0.08806969998218854,80.10875154239628,4.1727776937414855,1.4600758425818254e-08,79.99999999999994
12000,160,99.0,20,0.5831165593498044,400.0014464055856,1.0756981736718478,1.9334558920679172e-08,399.99999999999966
12000,160,99.0,24,0.5336141115088667,400.0077221946438,2.485521142060941,1.7693192406297098e-08,399.9999999999996
12000,160,99.0,28,0.49169274839860755,400.04240729044767,5.824742976016203,1.63031940395996e-08,399.99999999999966
12000,160,99.0,34,0.44034849991094266,400.54375771198136,20.863888468707426,1.4600758425818254e-08,399.99999999999966
12000,160,99.9,20,5.831165593498691,4000.0144640562994,10.756981736719672,1.9334558920679172e-08,4000.00000000044
12000,160,99.9,24,5.336141115089261,4000.077221946883,24.85521142061218,1.7693192406297098e-08,4000.000000000441
12000,160,99.9,28,4.916927483986621,4000.42407290492,58.24742976016848,1.63031940395996e-08,4000.0000000004407
12000,160,99.9,34,4.403484999109915,4005.437577120258,208.63888468709743,1.4600758425818254e-08,4000.0000000004407
12000,160,99.99,20,58.31165593492217,40000.144640518585,107.56981736707729,1.9334558920679172e-08,39999.99999996
12000,160,99.99,24,53.36141115083336,40000.77221942441,248.55211420584578,1.7693192406297098e-08,39999.99999996
12000,160,99.99,28,49.16927483981163,40004.24072900479,582.4742976010383,1.63031940395996e-08,39999.999999960004
12000,160,99.99,34,44.034849991050265,40054.37577115811,2086.3888468686578,1.4600758425818254e-08,39999.99999996
12000,200,95.0,20,0.09329864949596871,100.00023142504432,0.21513963473436956,1.2374117709234667e-08,99.99999999999993
12000,200,95.0,24,0.08537825784141868,100.00123555543645,0.49710422841218843,1.1323643140030142e-08,99.9999999999999
12000,200,95.0,28,0.07867083974377719,100.00678529594603,1.1649485952032401,1.0434044185343741e-08,99.9999999999999
12000,200,95.0,34,0.07045575998575083,100.08702250382598,4.172777693741486,9.344485392523685e-09,99.99999999999991
12000,200,99.0,20,0.46649324747984344,500.00115712522154,1.0756981736718476,1.2374117709234667e-08,499.99999999999955
12000,200,99.0,24,0.42689128920709346,500.0061777771823,2.4855211420609424,1.1323643140030142e-08,499.9999999999996
12000,200,99.0,28,0.39335419871888594,500.03392647973016,5.824742976016201,1.0434044185343741e-08,499.9999999999995
12000,200,99.0,34,0.35227879992875416,500.43511251912986,20.86388846870743,9.344485392523685e-09,499.99999999999955
12000,200,99.9,20,4.6649324747989525,5000.01157125277,10.75698173671967,1.2374117709234667e-08,5000.000000000551
12000,200,99.9,24,4.268912892071408,5000.061777772377,24.855211420612182,1.1323643140030142e-08,5000.00000000055
12000,200,99.9,28,3.933541987189296,5000.339264797857,58.24742976016847,1.0434044185343741e-08,5000.00000000055
12000,200,99.9,34,3.5227879992879325,5004.351125191854,208.63888468709746,9.344485392523685e-09,5000.00000000055
12000,200,99.99,20,46.64932474793773,50000.115712472194,107.56981736707728,1.2374117709234667e-08,49999.99999995
12000,200,99.99,24,42.68912892066668,50000.61777766826,248.55211420584584,1.1323643140030142e-08,49999.999999949985
12000,200,99.99,28,39.33541987184929,50003.39264792305,582.4742976010381,1.0434044185343741e-08,49999.99999994999
12000,200,99.99,34,35.22787999284021,50043.511251862976,2086.3888468686578,9.344485392523685e-09,49999.999999949985
12500,100,95.0,20,0.1791334070322599,50.000426887862375,0.20661308882728524,4.561594752332268e-08,49.999999999999964
12500,100,95.0,24,0.1639262550555239,50.00227761035126,0.4772485962665849,4.174347807140712e-08,49.999999999999964
12500,100,95.0,28,0.1510480123080522,50.01250574897507,1.1183609843289608,3.846406048485117e-08,49.99999999999995
12500,100,95.0,34,0.1352750591726416,50.160213173787234,4.005868899475163,3.444751095099931e-08,49.99999999999996
12500,100,99.0,20,0.8956670351612995,250.00213443931187,1.0330654441364262,4.561594752332268e-08,249.9999999999998
12500,100,99.0,24,0.8196312752776195,250.01138805175626,2.386242981332924,4.174347807140712e-08,249.99999999999977
12500,100,99.0,28,0.755240061540261,250.06252874487535,5.591804921644804,3.846406048485117e-08,249.99999999999977
12500,100,99.0,34,0.676375295863208,250.80106586893618,20.029344497375817,3.444751095099931e-08,249.99999999999977
12500,100,99.9,20,8.956670351613989,2500.021344393396,10.330654441365407,4.561594752332268e-08,2500.000000000275
12500,100,99.9,24,8.196312752777105,2500.1138805178402,23.862429813331893,4.174347807140712e-08,2500.0000000002756
12500,100,99.9,28,7.5524006154034495,2500.6252874490315,55.91804921645425,3.846406048485117e-08,2500.0000000002756
12500,100,99.9,34,6.763752958632831,2508.01065868964,200.29344497378042,3.444751095099931e-08,2500.0000000002756
12500,100,99.99,20,89.56670351604045,25000.213443906203,103.30654441353938,4.561594752332268e-08,24999.999999975
12500,100,99.99,24,81.96312752768004,25001.138805150644,238.62429813305397,4.174347807140712e-08,24999.999999974996
12500,100,99.99,28,75.52400615395064,25006.25287446255,559.1804921639216,3.846406048485117e-08,24999.999999974996
12500,100,99.99,34,67.63752958625321,25080.106586868555,2002.93444973558,3.444751095099931e-08,24999.999999974996
12500,160,95.0,20,0.11195837939516244,80.00026680560798,0.20661308882728524,1.7818729501297923e-08,79.99999999999993
12500,160,95.0,24,0.10245390940970243,80.00142352622625,0.4772485962665848,1.6306046121643406e-08,79.99999999999993
12500,160,95.0,28,0.09440500769253266,80.00781668869148,1.1183609843289608,1.5025023626894988e-08,79.99999999999993
12500,160,95.0,34,0.084546911982901,80.10023087132629,4.005868899475163,1.3456058965234104e-08,79.99999999999993
12500,160,99.0,20,0.5597918969758122,400.0013340280399,1.0330654441364262,1.7818729501297923e-08,399.99999999999966
12500,160,99.0,24,0.5122695470485122,400.00711763113134,2.386242981332924,1.6306046121643406e-08,399.9999999999997
12500,160,99.0,28,0.47202503846266325,400.03908344345734,5.591804921644804,1.5025023626894988e-08,399.99999999999966
12500,160,99.0,34,0.422734559914505,400.5011543566314,20.029344497375813,1.3456058965234104e-08,399.99999999999966
12500,160,99.9,20,5.5979189697587435,4000.013340280843,10.33065444136541,1.7818729501297923e-08,4000.00000000044
12500,160,99.9,24,5.122695470485691,4000.071176311757,23.86242981333189,1.6306046121643406e-08,4000.0000000004407
12500,160,99.9,28,4.720250384627156,4000.390834435017,55.91804921645424,1.5025023626894988e-08,4000.00000000044
12500,160,99.9,34,4.227345599145519,4005.0115435667585,200.29344497378034,1.3456058965234104e-08,4000.00000000044
12500,160,99.99,20,55.979189697525285,40000.13340276402,103.30654441353938,1.7818729501297923e-08,39999.99999996
12500,160,99.99,24,51.226954704800036,40000.71176307316,238.62429813305397,1.6306046121643406e-08,39999.999999960004
12500,160,99.99,28,47.20250384621916,40003.90834430576,559.1804921639217,1.5025023626894988e-08,39999.99999996
12500,160,99.99,34,42.273455991408255,40050.11543562312,2002.9344497355798,1.3456058965234104e-08,39999.99999996
12500,200,95.0,20,0.08956670351612996,100.00021344461452,0.20661308882728524,1.140398688083067e-08,99.99999999999993
12500,200,95.0,24,0.08196312752776196,100.00113882462851,0.4772485962665849,1.043586951785178e-08,99.99999999999993
12500,200,95.0,28,0.0755240061540261,100.00625346092738,1.1183609843289608,9.616015121212792e-09,99.9999999999999
12500,200,95.0,34,0.0676375295863208,100.08020276578063,4.005868899475163,8.611877737749827e-09,99.99999999999991
12500,200,99.0,20,0.44783351758064976,500.00106722307254,1.0330654441364262,1.140398688083067e-08,499.9999999999996
12500,200,99.0,24,0.40981563763880974,500.0056941231425,2.386242981332924,1.043586951785178e-08,499.99999999999955
12500,200,99.0,28,0.3776200307701305,500.0312673046369,5.591804921644804,9.616015121212792e-09,499.99999999999955
12500,200,99.0,34,0.338187647931604,500.40101382890316,20.029344497375817,8.611877737749827e-09,499.99999999999955
12500,200,99.9,20,4.478335175806994,5000.01067223128,10.330654441365407,1.140398688083067e-08,5000.00000000055
12500,200,99.9,24,4.098156376388553,5000.056941231981,23.862429813331893,1.043586951785178e-08,5000.000000000551
12500,200,99.9,28,3.7762003077017248,5000.312673046925,55.91804921645425,9.616015121212792e-09,5000.000000000551
12500,200,99.9,34,3.3818764793164156,5004.010138289587,200.29344497378042,8.611877737749827e-09,5000.000000000551
12500,200,99.99,20,44.783351758020224,50000.10672225729,103.30654441353938,1.140398688083067e-08,49999.99999995
12500,200,99.99,24,40.98156376384002,50000.56941226429,238.62429813305397,1.043586951785178e-08,49999.99999994999
12500,200,99.99,28,37.76200307697532,50003.12673041373,559.1804921639216,9.616015121212792e-09,49999.99999994999
12500,200,99.99,34,33.818764793126604,50040.10138284031,2002.93444973558,8.611877737749827e-09,49999.99999994999
13000,100,95.0,20,0.17224366060794222,50.00039499630896,0.19874553308739773,4.217450769537968e-08,49.99999999999996
13000,100,95.0,24,0.15762139909184988,50.00210604453046,0.458921440415968,3.8594192003889704e-08,49.99999999999996
13000,100,95.0,28,0.1452384733731271,50.011562599329814,1.0753574413607816,3.556218609915972e-08,49.99999999999994
13000,100,95.0,34,0.13007217228138612,50.148144114309886,3.8517993340253756,3.184866027274344e-08,49.99999999999995
13000,100,99.0,20,0.8612183030397109,250.00197498154478,0.9937276654369884,4.217450769537968e-08,249.99999999999974
13000,100,99.0,24,0.7881069954592493,250.01053022265225,2.2946072020798396,3.8594192003889704e-08,249.99999999999977
13000,100,99.0,28,0.7261923668656355,250.0578129966491,5.376787206803908,3.556218609915972e-08,249.99999999999974
13000,100,99.0,34,0.6503608614069307,250.74072057154947,19.258996670126884,3.184866027274344e-08,249.99999999999977
13000,100,99.9,20,8.612183030398064,2500.019749815725,9.937276654370987,4.217450769537968e-08,2500.0000000002747
13000,100,99.9,24,7.881069954593369,2500.1053022268,22.946072020800948,3.8594192003889704e-08,2500.0000000002756
13000,100,99.9,28,7.261923668657162,2500.5781299667688,53.767872068045065,3.556218609915972e-08,2500.000000000275
13000,100,99.9,34,6.503608614070029,2507.407205715773,192.5899667012902,3.184866027274344e-08,2500.0000000002756
13000,100,99.99,20,86.12183030388503,25000.197498129495,99.37276654359954,4.217450769537968e-08,24999.999999974993
13000,100,99.99,24,78.81069954584619,25001.053022240245,229.46072020775472,3.8594192003889704e-08,24999.999999975
13000,100,99.99,28,72.61923668649098,25005.78129963992,537.6787206798535,3.556218609915972e-08,24999.999999974993
13000,100,99.99,34,65.03608614062809,25074.07205712989,1925.8996670107638,3.184866027274344e-08,24999.999999974996
13000,160,95.0,20,0.10765228787996386,80.00024687328727,0.1987455330873977,1.647441706850769e-08,79.99999999999991
13000,160,95.0,24,0.09851337443240617,80.00131629472394,0.4589214404159679,1.5075856251519415e-08,79.99999999999993
13000,160,95.0,28,0.09077404585820446,80.00722713372011,1.0753574413607818,1.389147894498427e-08,79.99999999999993
13000,160,95.0,34,0.08129510767586634,80.09267356075453,3.851799334025376,1.2440882919040403e-08,79.99999999999994
13000,160,99.0,20,0.5382614393998194,400.0012343664364,0.9937276654369886,1.647441706850769e-08,399.99999999999966
13000,160,99.0,24,0.4925668721620308,400.00658147361963,2.2946072020798396,1.5075856251519415e-08,399.9999999999996
13000,160,99.0,28,0.45387022929102233,400.03613566860054,5.376787206803909,1.389147894498427e-08,399.99999999999966
13000,160,99.0,34,0.40647553837933165,400.4633678037726,19.258996670126876,1.2440882919040403e-08,399.99999999999966
13000,160,99.9,20,5.382614393998791,4000.0123436648078,9.937276654370988,1.647441706850769e-08,4000.00000000044
13000,160,99.9,24,4.9256687216208555,4000.0658147366407,22.946072020800944,1.5075856251519415e-08,4000.00000000044
13000,160,99.9,28,4.538702292910727,4000.361356686449,53.76787206804506,1.389147894498427e-08,4000.00000000044
13000,160,99.9,34,4.064755383793767,4004.6336780381703,192.58996670129014,1.2440882919040403e-08,4000.00000000044
13000,160,99.99,20,53.82614393992815,40000.123436603666,99.37276654359955,1.647441706850769e-08,39999.99999996
13000,160,99.99,24,49.25668721615387,40000.658147322,229.4607202077547,1.5075856251519415e-08,39999.99999996
13000,160,99.99,28,45.387022929056876,40003.61356682008,537.6787206798537,1.389147894498427e-08,39999.99999996
13000,160,99.99,34,40.64755383789255,40046.33678033725,1925.8996670107636,1.2440882919040403e-08,39999.99999996
13000,200,95.0,20,0.08612183030397111,100.00019749873951,0.19874553308739773,1.054362692384492e-08,99.99999999999991
13000,200,95.0,24,0.07881069954592494,100.00105303889784,0.458921440415968,9.648548000972426e-09,99.99999999999991
13000,200,95.0,28,0.07261923668656355,100.00578180098722,1.0753574413607816,8.89054652478993e-09,99.99999999999989
13000,200,95.0,34,0.06503608614069306,100.07415429624963,3.8517993340253756,7.96216506818586e-09,99.9999999999999
13000,200,99.0,20,0.43060915151985546,500.00098749369744,0.9937276654369884,1.054362692384492e-08,499.9999999999995
13000,200,99.0,24,0.39405349772962467,500.00526519448914,2.2946072020798396,9.648548000972426e-09,499.99999999999955
13000,200,99.0,28,0.36309618343281774,500.02890900493617,5.376787206803908,8.89054652478993e-09,499.9999999999995
13000,200,99.0,34,0.32518043070346536,500.37077148124825,19.258996670126884,7.96216506818586e-09,499.99999999999955
13000,200,99.9,20,4.306091515199032,5000.009874937529,9.937276654370987,1.054362692384492e-08,5000.000000000549
13000,200,99.9,24,3.9405349772966844,5000.052651945447,22.946072020800948,9.648548000972426e-09,5000.000000000551
13000,200,99.9,28,3.630961834328581,5000.289090049917,53.767872068045065,8.89054652478993e-09,5000.00000000055
13000,200,99.9,34,3.2518043070350147,5003.7077148130375,192.5899667012902,7.96216506818586e-09,5000.000000000551
13000,200,99.99,20,43.06091515194252,50000.09874931978,99.37276654359954,1.054362692384492e-08,49999.999999949985
13000,200,99.99,24,39.405349772923095,50000.526519398954,229.46072020775472,9.648548000972426e-09,49999.99999995
13000,200,99.99,28,36.30961834324549,50002.89090044364,537.6787206798535,8.89054652478993e-09,49999.999999949985
13000,200,99.99,34,32.51804307031404,50037.07714807482,1925.8996670107638,7.96216506818586e-09,49999.99999994999
13500,100,95.0,20,0.16586426577061103,50.00036658231794,0.19146374638501856,3.910832263659351e-08,49.99999999999996
13500,100,95.0,24,0.15178356949585545,50.00195318577539,0.44195293016089526,3.578830424503353e-08,49.99999999999996
13500,100,95.0,28,0.13985927065560388,50.01072227578732,1.0355397365313586,3.2976732240098734e-08,49.99999999999996
13500,100,95.0,34,0.12525468441911258,50.137388618327805,3.7091424164125097,2.9533188401062505e-08,49.99999999999996
13500,100,99.0,20,0.829321328853055,250.00183291158962,0.9573187319250925,3.910832263659351e-08,249.99999999999974
13500,100,99.0,24,0.7589178474792773,250.00976592887696,2.2097646508044764,3.578830424503353e-08,249.9999999999998
13500,100,99.0,28,0.6992963532780194,250.0536113789366,5.177698682656793,3.2976732240098734e-08,249.99999999999977
13500,100,99.0,34,0.6262734220955629,250.68694309163902,18.545712082062547,2.9533188401062505e-08,249.99999999999977
13500,100,99.9,20,8.29321328853147,2500.018329116174,9.57318731925199,3.910832263659351e-08,2500.000000000275
13500,100,99.9,24,7.589178474793615,2500.097659289047,22.097646508047216,3.578830424503353e-08,2500.000000000275
13500,100,99.9,28,6.992963532780971,2500.536113789644,51.776986826573676,3.2976732240098734e-08,2500.0000000002756
13500,100,99.9,34,6.262734220956324,2506.8694309166685,185.45712082064608,2.9533188401062505e-08,2500.0000000002756
13500,100,99.99,20,82.93213288522264,25000.183291133984,95.73187319241362,3.910832263659351e-08,24999.999999975
13500,100,99.99,24,75.89178474785189,25000.976592862713,220.9764650802268,3.578830424503353e-08,24999.999999974996
13500,100,99.99,28,69.92963532773207,25005.361137868676,517.7698682651619,3.2976732240098734e-08,24999.999999975
13500,100,99.99,34,62.62734220949372,25068.694309138853,1854.571208204402,2.9533188401062505e-08,24999.999999975
13500,160,95.0,20,0.10366516610663187,80.00022911446047,0.1914637463850185,1.527668852991934e-08,79.99999999999991
13500,160,95.0,24,0.09486473093490966,80.00122075563888,0.4419529301608952,1.3979806345716226e-08,79.99999999999993
13500,160,95.0,28,0.08741204415975244,80.0067018601937,1.0355397365313586,1.288153603128857e-08,79.99999999999991
13500,160,95.0,34,0.07828417776194536,80.08593969895851,3.7091424164125093,1.153640171916504e-08,79.99999999999993
13500,160,99.0,20,0.5183258305331595,400.0011455723024,0.9573187319250929,1.527668852991934e-08,399.9999999999997
13500,160,99.0,24,0.47432365467454823,400.00610377819436,2.209764650804476,1.3979806345716226e-08,399.9999999999996
13500,160,99.0,28,0.4370602207987623,400.0335093009686,5.177698682656794,1.288153603128857e-08,399.99999999999966
13500,160,99.0,34,0.39142088880972675,400.4296984947925,18.545712082062543,1.153640171916504e-08,399.9999999999996
13500,160,99.9,20,5.18325830533217,4000.011455723468,9.57318731925199,1.527668852991934e-08,4000.0000000004407
13500,160,99.9,24,4.74323654674601,4000.0610377823887,22.097646508047216,1.3979806345716226e-08,4000.000000000441
13500,160,99.9,28,4.3706022079881075,4000.3350930101296,51.776986826573676,1.288153603128857e-08,4000.00000000044
13500,160,99.9,34,3.9142088880977024,4004.2969849483698,185.45712082064603,1.153640171916504e-08,4000.00000000044
13500,160,99.99,20,51.83258305326415,40000.11455719027,95.73187319241362,1.527668852991934e-08,39999.99999996
13500,160,99.99,24,47.432365467407436,40000.61037777947,220.9764650802268,1.3979806345716226e-08,39999.99999996
13500,160,99.99,28,43.70602207983255,40003.350930056884,517.7698682651619,1.288153603128857e-08,39999.99999996
13500,160,99.99,34,39.14208888093357,40042.96984943924,1854.5712082044015,1.153640171916504e-08,39999.99999996
13500,200,95.0,20,0.08293213288530552,100.00018329166285,0.19146374638501856,9.777080659148378e-09,99.99999999999991
13500,200,95.0,24,0.07589178474792772,100.00097660719351,0.44195293016089526,8.947076061258382e-09,99.99999999999991
13500,200,95.0,28,0.06992963532780194,100.00536156899747,1.0355397365313586,8.244183060024683e-09,99.99999999999991
13500,200,95.0,34,0.06262734220955629,100.06876504416957,3.7091424164125097,7.383297100265626e-09,99.99999999999991
13500,200,99.0,20,0.4146606644265275,500.0009164583141,0.9573187319250925,9.777080659148378e-09,499.9999999999995
13500,200,99.0,24,0.37945892373963863,500.00488303596757,2.2097646508044764,8.947076061258382e-09,499.9999999999996
13500,200,99.0,28,0.3496481766390097,500.0268078449874,5.177698682656793,8.244183060024683e-09,499.99999999999955
13500,200,99.0,34,0.31313671104778146,500.34382522084786,18.545712082062547,7.383297100265626e-09,499.99999999999955
13500,200,99.9,20,4.146606644265735,5000.0091645836965,9.57318731925199,9.777080659148378e-09,5000.00000000055
13500,200,99.9,24,3.7945892373968073,5000.048830360231,22.097646508047216,8.947076061258382e-09,5000.00000000055
13500,200,99.9,28,3.4964817663904855,5000.268078450429,51.776986826573676,8.244183060024683e-09,5000.000000000551
13500,200,99.9,34,3.131367110478162,5003.438252209034,185.45712082064608,7.383297100265626e-09,5000.000000000551
13500,200,99.99,20,41.46606644261132,50000.09164578146,95.73187319241362,9.777080659148378e-09,49999.99999995
13500,200,99.99,24,37.94589237392594,50000.48830354679,220.9764650802268,8.947076061258382e-09,49999.99999994999
13500,200,99.99,28,34.964817663866036,50002.68078444878,517.7698682651619,8.244183060024683e-09,49999.99999995
13500,200,99.99,34,31.31367110474686,50034.38252203479,1854.571208204402,7.383297100265626e-09,49999.99999995
14000,100,95.0,20,0.1599405419930892,50.00034115808719,0.18470496775184322,3.6364754084281475e-08,49.999999999999964
14000,100,95.0,24,0.14636272772814632,50.00181641006528,0.42619749633041515,3.327764514621103e-08,49.99999999999995
14000,100,95.0,28,0.13486429670361805,50.009970357068916,0.9985665300401105,3.066331352427549e-08,49.99999999999995
14000,100,95.0,34,0.12078130283271572,50.12776283310333,3.576675362939751,2.7461344827008378e-08,49.99999999999996
14000,100,99.0,20,0.799702709965446,250.00170579043592,0.923524838759216,3.6364754084281475e-08,249.9999999999998
14000,100,99.0,24,0.7318136386407317,250.00908205032644,2.130987481652076,3.327764514621103e-08,249.9999999999998
14000,100,99.0,28,0.6743214835180902,250.04985178534457,4.992832650200552,3.066331352427549e-08,249.99999999999974
14000,100,99.0,34,0.6039065141635784,250.63881416551658,17.88337681469875,2.7461344827008378e-08,249.99999999999972
14000,100,99.9,20,7.997027099655346,2500.017057904636,9.235248387593185,3.6364754084281475e-08,2500.000000000275
14000,100,99.9,24,7.3181363864081295,2500.090820503542,21.309874816523127,3.327764514621103e-08,2500.0000000002756
14000,100,99.9,28,6.743214835181651,2500.4985178537236,49.92832650201107,3.066331352427549e-08,2500.000000000275
14000,100,99.9,34,6.039065141636456,2506.388141655445,178.8337681470074,2.7461344827008378e-08,2500.000000000275
14000,100,99.99,20,79.97027099646468,25000.170579018606,92.35248387582931,3.6364754084281475e-08,24999.999999974993
14000,100,99.99,24,73.18136386400003,25000.908205007658,213.09874816499465,3.327764514621103e-08,24999.999999974996
14000,100,99.99,28,67.43214835174165,25004.985178509476,499.2832650195564,3.066331352427549e-08,24999.999999974996
14000,100,99.99,34,60.39065141629751,25063.88141652662,1788.3376814680882,2.7461344827008378e-08,24999.999999974996
14000,160,95.0,20,0.09996283874568075,80.00021322424773,0.18470496775184322,1.4204982064172452e-08,79.99999999999993
14000,160,95.0,24,0.09147670483009146,80.00113526885646,0.4261974963304151,1.2999080135238683e-08,79.99999999999993
14000,160,95.0,28,0.0842901854397613,80.00623185174331,0.9985665300401106,1.1977856845420114e-08,79.99999999999994
14000,160,95.0,34,0.0754883142704473,80.07991387765003,3.5766753629397496,1.0727087823050146e-08,79.99999999999993
14000,160,99.0,20,0.4998141937284038,400.00106612123864,0.9235248387592161,1.4204982064172452e-08,399.9999999999997
14000,160,99.0,24,0.45738352415045724,400.0056763442822,2.1309874816520753,1.2999080135238683e-08,399.9999999999996
14000,160,99.0,28,0.42145092719880645,400.0311592587165,4.992832650200553,1.1977856845420114e-08,399.99999999999966
14000,160,99.0,34,0.37744157135223655,400.3995693882502,17.88337681469875,1.0727087823050146e-08,399.99999999999966
14000,160,99.9,20,4.9981419372845926,4000.01066121283,9.235248387593186,1.4204982064172452e-08,4000.0000000004407
14000,160,99.9,24,4.573835241505081,4000.056763443267,21.30987481652312,1.2999080135238683e-08,4000.0000000004407
14000,160,99.9,28,4.214509271988532,4000.3115925876086,49.92832650201106,1.1977856845420114e-08,4000.00000000044
14000,160,99.9,34,3.7744157135227847,4003.995693882947,178.83376814700736,1.0727087823050146e-08,4000.0000000004407
14000,160,99.99,20,49.981419372790434,40000.106612083895,92.35248387582932,1.4204982064172452e-08,39999.99999996
14000,160,99.99,24,45.73835241500003,40000.56763438826,213.09874816499465,1.2999080135238683e-08,39999.99999996
14000,160,99.99,28,42.14509271983854,40003.115925831684,499.28326501955644,1.1977856845420114e-08,39999.999999960004
14000,160,99.99,34,37.744157135185944,40039.95693878501,1788.3376814680882,1.0727087823050146e-08,39999.99999996
14000,200,95.0,20,0.0799702709965446,100.00017057948,0.18470496775184322,9.091188521070369e-09,99.99999999999993
14000,200,95.0,24,0.07318136386407316,100.00090821740501,0.42619749633041515,8.319411286552757e-09,99.9999999999999
14000,200,95.0,28,0.06743214835180902,100.00498555129589,0.9985665300401105,7.665828381068872e-09,99.9999999999999
14000,200,95.0,34,0.06039065141635786,100.06394258998516,3.576675362939751,6.8653362067520944e-09,99.99999999999991
14000,200,99.0,20,0.399851354982723,500.00085289739997,0.923524838759216,9.091188521070369e-09,499.9999999999996
14000,200,99.0,24,0.36590681932036584,500.00454108702513,2.130987481652076,8.319411286552757e-09,499.9999999999996
14000,200,99.0,28,0.3371607417590451,500.0249277564794,4.992832650200552,7.665828381068872e-09,499.9999999999995
14000,200,99.0,34,0.3019532570817892,500.31971294992564,17.88337681469875,6.8653362067520944e-09,499.99999999999943
14000,200,99.9,20,3.998513549827673,5000.008528974554,9.235248387593185,9.091188521070369e-09,5000.00000000055
14000,200,99.9,24,3.6590681932040647,5000.045410870806,21.309874816523127,8.319411286552757e-09,5000.000000000551
14000,200,99.9,28,3.3716074175908255,5000.24927756535,49.92832650201107,7.665828381068872e-09,5000.00000000055
14000,200,99.9,34,3.019532570818228,5003.197129499813,178.8337681470074,6.8653362067520944e-09,5000.00000000055
14000,200,99.99,20,39.98513549823234,50000.085289690025,92.35248387582931,9.091188521070369e-09,49999.999999949985
14000,200,99.99,24,36.59068193200002,50000.45410865254,213.09874816499465,8.319411286552757e-09,49999.99999994999
14000,200,99.99,28,33.71607417587082,50002.49277559798,499.2832650195564,7.665828381068872e-09,49999.99999994999
14000,200,99.99,34,30.195325708148754,50031.97129494258,1788.3376814680882,6.8653362067520944e-09,49999.99999994999
14500,100,95.0,20,0.15442535088987921,50.000318318440456,0.17841509290485064,3.3900079907344434e-08,49.99999999999996
14500,100,95.0,24,0.14131573711683093,50.00169353783322,0.4115296482599149,3.102220427423239e-08,49.99999999999996
14500,100,95.0,28,0.1302138037138381,50.00929486416415,0.9641435634382604,2.8585062786007106e-08,49.99999999999995
14500,100,95.0,34,0.11661643032124273,50.11911396987984,3.4533440497305365,2.5600112181182594e-08,49.99999999999995
14500,100,99.0,20,0.772126754449396,250.00159159220226,0.8920754645242531,3.3900079907344434e-08,249.9999999999998
14500,100,99.0,24,0.7065786855841546,250.00846768916608,2.0576482412995745,3.102220427423239e-08,249.99999999999977
14500,100,99.0,28,0.6510690185691905,250.04647432082078,4.820717817191302,2.8585062786007106e-08,249.9999999999998
14500,100,99.0,34,0.5830821516062137,250.59556984939923,17.266720248652682,2.5600112181182594e-08,249.99999999999977
14500,100,99.9,20,7.7212675444948164,2500.0159159223,8.92075464524352,3.3900079907344434e-08,2500.000000000275
14500,100,99.9,24,7.065786855842331,2500.0846768919387,20.576482412998033,3.102220427423239e-08,2500.0000000002756
14500,100,99.9,28,6.510690185692628,2500.4647432084853,48.20717817191838,2.8585062786007106e-08,2500.0000000002756
14500,100,99.9,34,5.830821516062785,2505.9556984942706,172.66720248654602,2.5600112181182594e-08,2500.0000000002756
14500,100,99.99,20,77.21267544486244,25000.159159195242,89.20754645233616,3.3900079907344434e-08,24999.999999974996
14500,100,99.99,24,70.65786855834486,25000.846768891628,205.76482412975184,3.102220427423239e-08,24999.999999974996
14500,100,99.99,28,65.10690185685398,25004.647432057085,482.0717817186484,2.8585062786007106e-08,24999.999999974993
14500,100,99.99,34,58.30821516056311,25059.556984914885,1726.6720248635431,2.5600112181182594e-08,24999.999999974996
14500,160,95.0,20,0.0965158443061745,80.00019894941114,0.1784150929048506,1.324221871380642e-08,79.99999999999993
14500,160,95.0,24,0.08832233569801932,80.0010584720689,0.41152964825991484,1.2118048544622028e-08,79.99999999999993
14500,160,95.0,28,0.08138362732114883,80.00580961912021,0.9641435634382606,1.1166040150784028e-08,79.99999999999993
14500,160,95.0,34,0.07288526895077671,80.07450021777095,3.453344049730536,1.000004382077445e-08,79.99999999999993
14500,160,99.0,20,0.4825792215308726,400.0009947470558,0.8920754645242532,1.324221871380642e-08,399.9999999999997
14500,160,99.0,24,0.44161167849009664,400.0052923603445,2.057648241299574,1.2118048544622028e-08,399.99999999999966
14500,160,99.0,28,0.40691813660574416,400.02904809560107,4.820717817191303,1.1166040150784028e-08,399.99999999999966
14500,160,99.0,34,0.3644263447538835,400.3725010888547,17.26672024865268,1.000004382077445e-08,399.9999999999996
14500,160,99.9,20,4.825792215309261,4000.0099474710014,8.920754645243521,1.324221871380642e-08,4000.0000000004407
14500,160,99.9,24,4.416116784901456,4000.052923603889,20.576482412998025,1.2118048544622028e-08,4000.0000000004407
14500,160,99.9,28,4.069181366057893,4000.2904809564543,48.20717817191837,1.1166040150784028e-08,4000.00000000044
14500,160,99.9,34,3.64426344753924,4003.725010888991,172.66720248654596,1.000004382077445e-08,4000.00000000044
14500,160,99.99,20,48.25792215303903,40000.09947466561,89.20754645233617,1.324221871380642e-08,39999.99999996
14500,160,99.99,24,44.16116784896554,40000.52923599449,205.76482412975182,1.2118048544622028e-08,39999.999999960004
14500,160,99.99,28,40.691813660533754,40002.90480952013,482.07178171864854,1.1166040150784028e-08,39999.99999996
14500,160,99.99,34,36.44263447535194,40037.25010884546,1726.6720248635424,1.000004382077445e-08,39999.99999995999
14500,200,95.0,20,0.07721267544493961,100.00015915960014,0.17841509290485064,8.475019976836108e-09,99.99999999999991
14500,200,95.0,24,0.07065786855841547,100.00084677967172,0.4115296482599149,7.755551068558098e-09,99.99999999999991
14500,200,95.0,28,0.06510690185691904,100.00464775604631,0.9641435634382604,7.1462656965017765e-09,99.9999999999999
14500,200,95.0,34,0.05830821516062137,100.0596101587738,3.4533440497305365,6.4000280452956486e-09,99.9999999999999
14500,200,99.0,20,0.386063377224698,500.0007957980007,0.8920754645242531,8.475019976836108e-09,499.9999999999996
14500,200,99.0,24,0.3532893427920773,500.00423389835856,2.0576482412995745,7.755551068558098e-09,499.99999999999955
14500,200,99.0,28,0.32553450928459526,500.0232387802316,4.820717817191302,7.1462656965017765e-09,499.9999999999996
14500,200,99.0,34,0.29154107580310684,500.29805079386904,17.266720248652682,6.4000280452956486e-09,499.99999999999955
14500,200,99.9,20,3.8606337722474082,5000.0079579805615,8.92075464524352,8.475019976836108e-09,5000.00000000055
14500,200,99.9,24,3.5328934279211657,5000.042338984142,20.576482412998033,7.755551068558098e-09,5000.000000000551
14500,200,99.9,28,3.255345092846314,5000.232387802871,48.20717817191838,7.1462656965017765e-09,5000.000000000551
14500,200,99.9,34,2.9154107580313924,5002.980507939246,172.66720248654602,6.4000280452956486e-09,5000.000000000551
14500,200,99.99,20,38.60633772243122,50000.079579750105,89.20754645233616,8.475019976836108e-09,49999.99999994999
14500,200,99.99,24,35.32893427917243,50000.423389785894,205.76482412975184,7.755551068558098e-09,49999.99999994999
14500,200,99.99,28,32.55345092842699,50002.32387797319,482.0717817186484,7.1462656965017765e-09,49999.999999949985
14500,200,99.99,34,29.154107580281554,50029.80507933691,1726.6720248635431,6.4000280452956486e-09,49999.99999994999
15000,100,95.0,20,0.14927783919354992,50.00029772458443,0.17254723146542256,3.1677741335640744e-08,49.999999999999964
15000,100,95.0,24,0.1366052125462699,50.00158274659697,0.3978406273733965,2.898852643847716e-08,49.99999999999996
15000,100,95.0,28,0.12587334359004348,50.00868578032406,0.9320158127368687,2.671115311447997e-08,49.99999999999994
15000,100,95.0,34,0.11272921597720133,50.111314214117264,3.3382349027585128,2.392188260486063e-08,49.99999999999996
15000,100,99.0,20,0.7463891959677494,250.00148862292207,0.8627361573271126,3.1677741335640744e-08,249.99999999999977
15000,100,99.0,24,0.6830260627313495,250.00791373298486,1.9892031368669825,2.898852643847716e-08,249.99999999999977
15000,100,99.0,28,0.6293667179502175,250.0434289016203,4.660079063684344,2.671115311447997e-08,249.99999999999974
15000,100,99.0,34,0.5636460798860066,250.5565710705863,16.69117451379256,2.392188260486063e-08,249.99999999999974
15000,100,99.9,20,7.463891959678323,2500.014886229498,8.627361573272085,3.1677741335640744e-08,2500.000000000275
15000,100,99.9,24,6.830260627314253,2500.0791373301263,19.892031368672033,2.898852643847716e-08,2500.000000000275
15000,100,99.9,28,6.293667179502874,2500.4342890164808,46.600790636848615,2.671115311447997e-08,2500.000000000275
15000,100,99.9,34,5.636460798860692,2505.565710706141,166.91174513794414,2.392188260486063e-08,2500.000000000275
15000,100,99.99,20,74.63891959670036,25000.148862267226,86.27361573262505,3.1677741335640744e-08,24999.999999974996
15000,100,99.99,24,68.3026062730667,25000.791373273507,198.9203136864995,2.898852643847716e-08,24999.999999974996
15000,100,99.99,28,62.93667179495886,25004.342890137046,466.00790636796876,2.671115311447997e-08,24999.999999974996
15000,100,99.99,34,56.36460798854434,25055.657107033596,1669.1174513775884,2.392188260486063e-08,24999.999999974996
15000,160,95.0,20,0.09329864949596868,80.0001860782028,0.17254723146542253,1.2374117709234667e-08,79.99999999999991
15000,160,95.0,24,0.08537825784141868,80.00098922616381,0.39784062737339637,1.132364314003014e-08,79.99999999999993
15000,160,95.0,28,0.0786708397437772,80.0054289000139,0.9320158127368688,1.0434044185343741e-08,79.99999999999993
15000,160,95.0,34,0.07045575998575082,80.0696185345352,3.338234902758512,9.344485392523682e-09,79.99999999999993
15000,160,99.0,20,0.4664932474798435,400.0009303910141,0.8627361573271128,1.2374117709234667e-08,399.99999999999966
15000,160,99.0,24,0.4268912892070934,400.004946130819,1.9892031368669816,1.132364314003014e-08,399.99999999999966
15000,160,99.0,28,0.39335419871888605,400.0271445000696,4.6600790636843445,1.0434044185343741e-08,399.9999999999997
15000,160,99.0,34,0.35227879992875405,400.34809267267593,16.691174513792557,9.344485392523682e-09,399.9999999999996
15000,160,99.9,20,4.6649324747989525,4000.0093039105845,8.627361573272085,1.2374117709234667e-08,4000.0000000004407
15000,160,99.9,24,4.268912892071408,4000.0494613086344,19.892031368672026,1.132364314003014e-08,4000.0000000004407
15000,160,99.9,28,3.933541987189296,4000.2714450011385,46.60079063684861,1.0434044185343741e-08,4000.0000000004397
15000,160,99.9,34,3.522787999287932,4003.480926727204,166.9117451379441,9.344485392523682e-09,4000.00000000044
15000,160,99.99,20,46.64932474793773,40000.09303906144,86.27361573262507,1.2374117709234667e-08,39999.99999996
15000,160,99.99,24,42.68912892066668,40000.494613041934,198.92031368649938,1.132364314003014e-08,39999.99999996
15000,160,99.99,28,39.3354198718493,40002.71444996698,466.00790636796876,1.0434044185343741e-08,39999.99999996
15000,160,99.99,34,35.22787999284021,40034.80926722759,1669.117451377588,9.344485392523682e-09,39999.99999995999
15000,200,95.0,20,0.07463891959677496,100.00014886262456,0.17254723146542256,7.919435333910186e-09,99.99999999999993
15000,200,95.0,24,0.06830260627313495,100.00079138269243,0.3978406273733965,7.24713160961929e-09,99.99999999999991
15000,200,95.0,28,0.06293667179502174,100.0043431730601,0.9320158127368687,6.677788278619992e-09,99.99999999999989
15000,200,95.0,34,0.056364607988600664,100.0557035469042,3.3382349027585128,5.980470651215157e-09,99.99999999999991
15000,200,99.0,20,0.3731945979838747,500.00074431312265,0.8627361573271126,7.919435333910186e-09,499.99999999999955
15000,200,99.0,24,0.34151303136567474,500.00395691346216,1.9892031368669825,7.24713160961929e-09,499.99999999999955
15000,200,99.0,28,0.31468335897510874,500.02171586530045,4.660079063684344,6.677788278619992e-09,499.9999999999995
15000,200,99.0,34,0.2818230399430033,500.2785177345209,16.69117451379256,5.980470651215157e-09,499.9999999999995
15000,200,99.9,20,3.7319459798391614,5000.007443131782,8.627361573272085,7.919435333910186e-09,5000.00000000055
15000,200,99.9,24,3.4151303136571265,5000.039569135177,19.892031368672033,7.24713160961929e-09,5000.00000000055
15000,200,99.9,28,3.146833589751437,5000.217158653561,46.600790636848615,6.677788278619992e-09,5000.00000000055
15000,200,99.9,34,2.818230399430346,5002.785177345765,166.91174513794414,5.980470651215157e-09,5000.00000000055
15000,200,99.99,20,37.31945979835018,50000.0744312623,86.27361573262505,7.919435333910186e-09,49999.99999994999
15000,200,99.99,24,34.15130313653335,50000.39569129625,198.9203136864995,7.24713160961929e-09,49999.99999994999
15000,200,99.99,28,31.46833589747943,50002.171586480086,466.00790636796876,6.677788278619992e-09,49999.99999994999
15000,200,99.99,34,28.18230399427217,50027.85177340211,1669.1174513775884,5.980470651215157e-09,49999.99999994999
15500,100,95.0,20,0.14446242502601606,50.00027909147275,0.16706054342637533,2.9666979398622966e-08,49.999999999999964
15500,100,95.0,24,0.1321985927867128,50.001482502989695,0.38503570845950674,2.714846388619089e-08,49.99999999999996
15500,100,95.0,28,0.121812913151655,50.00813467761648,0.9019611602681492,2.501564807807698e-08,49.99999999999996
15500,100,95.0,34,0.10909278965535613,50.1042559839099,3.230552228516855,2.240342803785075e-08,49.99999999999996
15500,100,99.0,20,0.7223121251300803,250.0013954573637,0.8353027171318765,2.9666979398622966e-08,249.9999999999998
15500,100,99.0,24,0.6609929639335641,250.00741251494847,1.925178542297534,2.714846388619089e-08,249.9999999999998
15500,100,99.0,28,0.6090645657582751,250.0406733880824,4.509805801340747,2.501564807807698e-08,249.9999999999998
15500,100,99.0,34,0.5454639482767806,250.52127991954947,16.152761142584275,2.240342803785075e-08,249.99999999999977
15500,100,99.9,20,7.223121251301603,2500.0139545739144,8.353027171319692,2.9666979398622966e-08,2500.000000000275
15500,100,99.9,24,6.609929639336374,2500.074125149762,19.251785422977473,2.714846388619089e-08,2500.000000000275
15500,100,99.9,28,6.090645657583426,2500.4067338811014,45.09805801341247,2.501564807807698e-08,2500.000000000275
15500,100,99.9,34,5.454639482768412,2505.212799195773,161.5276114258607,2.240342803785075e-08,2500.0000000002756
15500,100,99.99,20,72.23121251293584,25000.139545711387,83.53027171310418,2.9666979398622966e-08,24999.999999974996
15500,100,99.99,24,66.09929639329036,25000.741251469866,192.517854229561,2.714846388619089e-08,24999.999999975
15500,100,99.99,28,60.90645657576664,25004.067338783254,450.98058013362396,2.501564807807698e-08,24999.999999974996
15500,100,99.99,34,54.54639482762356,25052.12799192992,1615.2761142568136,2.240342803785075e-08,24999.999999974996
15500,160,95.0,20,0.09028901564126003,80.00017443246708,0.16706054342637533,1.1588663827587098e-08,79.99999999999993
15500,160,95.0,24,0.08262412049169551,80.00092657273902,0.38503570845950674,1.0604868705543317e-08,79.99999999999994
15500,160,95.0,28,0.0761330707197844,80.00508442552025,0.9019611602681494,9.771737530498821e-09,79.99999999999994
15500,160,95.0,34,0.06818299353459757,80.06520135302955,3.230552228516854,8.751339077285447e-09,79.99999999999993
15500,160,99.0,20,0.45144507820630014,400.0008721623354,0.8353027171318765,1.1588663827587098e-08,399.99999999999966
15500,160,99.0,24,0.41312060245847754,400.00463286369506,1.9251785422975336,1.0604868705543317e-08,399.99999999999966
15500,160,99.0,28,0.38066535359892195,400.02542212760125,4.509805801340747,9.771737530498821e-09,399.99999999999966
15500,160,99.0,34,0.34091496767298785,400.3260067651477,16.15276114258427,8.751339077285447e-09,399.99999999999966
15500,160,99.9,20,4.514450782063503,4000.008721623798,8.353027171319694,1.1588663827587098e-08,4000.000000000441
15500,160,99.9,24,4.131206024585234,4000.0463286373947,19.251785422977473,1.0604868705543317e-08,4000.000000000441
15500,160,99.9,28,3.806653535989642,4000.254221276456,45.09805801341247,9.771737530498821e-09,4000.0000000004407
15500,160,99.9,34,3.409149676730257,4003.2600676519214,161.52761142586064,8.751339077285447e-09,4000.0000000004407
15500,160,99.99,20,45.144507820584906,40000.08721619357,83.5302717131042,1.1588663827587098e-08,39999.99999996
15500,160,99.99,24,41.31206024580647,40000.463286329534,192.51785422956098,1.0604868705543317e-08,39999.99999996
15500,160,99.99,28,38.06653535985416,40002.54221272015,450.980580133624,9.771737530498821e-09,39999.99999996
15500,160,99.99,34,34.09149676726472,40032.60067647477,1615.2761142568131,8.751339077285447e-09,39999.99999996
15500,200,95.0,20,0.07223121251300803,100.00013954602842,0.16706054342637533,7.4167448496557416e-09,99.99999999999993
15500,200,95.0,24,0.0660992963933564,100.00074125973654,0.38503570845950674,6.787115971547723e-09,99.99999999999991
15500,200,95.0,28,0.0609064565758275,100.00406758694675,0.9019611602681492,6.253912019519245e-09,99.99999999999991
15500,200,95.0,34,0.05454639482767806,100.05216873062352,3.230552228516855,5.600857009462687e-09,99.99999999999991
15500,200,99.0,20,0.3611560625650401,500.00069773014206,0.8353027171318765,7.4167448496557416e-09,499.9999999999996
15500,200,99.0,24,0.33049648196678205,500.00370629868274,1.925178542297534,6.787115971547723e-09,499.9999999999996
15500,200,99.0,28,0.30453228287913753,500.0203379347338,4.509805801340747,6.253912019519245e-09,499.9999999999996
15500,200,99.0,34,0.2727319741383903,500.26084365311755,16.152761142584275,5.600857009462687e-09,499.99999999999955
15500,200,99.9,20,3.6115606256508017,5000.006977301975,8.353027171319692,7.4167448496557416e-09,5000.00000000055
15500,200,99.9,24,3.304964819668187,5000.037062987381,19.251785422977473,6.787115971547723e-09,5000.00000000055
15500,200,99.9,28,3.045322828791713,5000.203379347892,45.09805801341247,6.253912019519245e-09,5000.00000000055
15500,200,99.9,34,2.727319741384206,5002.608436531731,161.5276114258607,5.600857009462687e-09,5000.000000000551
15500,200,99.99,20,36.11560625646792,50000.06977296424,83.53027171310418,7.4167448496557416e-09,49999.99999994999
15500,200,99.99,24,33.04964819664518,50000.37062981831,192.517854229561,6.787115971547723e-09,49999.99999995
15500,200,99.99,28,30.45322828788332,50002.03379342341,450.98058013362396,6.253912019519245e-09,49999.99999994999
15500,200,99.99,34,27.27319741381178,50026.08436526177,1615.2761142568136,5.600857009462687e-09,49999.99999994999
16000,100,95.0,20,0.13994797424395303,50.00026217788957,0.16191929378142314,2.7841764845778e-08,49.99999999999995
16000,100,95.0,24,0.12806738676212803,50.001391509419115,0.37303200695831173,2.5478197065067822e-08,49.99999999999995
16000,100,95.0,28,0.11800625961566578,50.00763442384055,0.8737852530727888,2.3476599417023417e-08,49.99999999999995
16000,100,95.0,34,0.10568363997862626,50.09784820606601,3.1295997951870906,2.102509213317829e-08,49.99999999999996
16000,100,99.0,20,0.6997398712197652,250.00131088944786,0.8095964689071158,2.7841764845778e-08,249.9999999999998
16000,100,99.0,24,0.6403369338106402,250.0069575470956,1.8651600347915587,2.5478197065067822e-08,249.99999999999977
16000,100,99.0,28,0.5900312980783289,250.03817211920273,4.368926265363943,2.3476599417023417e-08,249.99999999999974
16000,100,99.0,34,0.5284181998931312,250.48924103033,15.647998975935451,2.102509213317829e-08,249.99999999999974
16000,100,99.9,20,6.997398712198429,2500.013108894756,8.095964689072057,2.7841764845778e-08,2500.000000000275
16000,100,99.9,24,6.4033693381071135,2500.0695754712337,18.65160034791766,2.5478197065067822e-08,2500.0000000002756
16000,100,99.9,28,5.900312980783945,2500.3817211923056,43.68926265364429,2.3476599417023417e-08,2500.0000000002756
16000,100,99.9,34,5.284181998931899,2504.8924103035783,156.4799897593719,2.102509213317829e-08,2500.000000000275
16000,100,99.99,20,69.9739871219066,25000.131088919807,80.95964689063068,2.7841764845778e-08,24999.999999975
16000,100,99.99,24,64.03369338100003,25000.695754684577,186.5160034789695,2.5478197065067822e-08,24999.999999974996
16000,100,99.99,28,59.00312980777393,25003.817211895286,436.8926265359578,2.3476599417023417e-08,24999.999999974993
16000,100,99.99,34,52.84181998926032,25048.924103007972,1564.7998975919816,2.102509213317829e-08,24999.999999974996
16000,160,95.0,20,0.08746748390247065,80.00016386144273,0.16191929378142317,1.0875689392882033e-08,79.99999999999993
16000,160,95.0,24,0.08004211672633002,80.00086970076141,0.3730320069583117,9.952420728542117e-09,79.99999999999993
16000,160,95.0,28,0.07375391225979114,80.00477173686878,0.8737852530727889,9.170546647274774e-09,79.99999999999993
16000,160,95.0,34,0.0660522749866414,80.06119156543966,3.12959979518709,8.212926614522769e-09,79.99999999999994
16000,160,99.0,20,0.43733741951235333,400.0008193072137,0.809596468907116,1.0875689392882033e-08,399.9999999999997
16000,160,99.0,24,0.40021058363165013,400.0043485038071,1.8651600347915585,9.952420728542117e-09,399.99999999999966
16000,160,99.0,28,0.36876956129895566,400.02385868434385,4.368926265363944,9.170546647274774e-09,399.9999999999996
16000,160,99.0,34,0.33026137493320695,400.30595782719826,15.647998975935447,8.212926614522769e-09,399.9999999999996
16000,160,99.9,20,4.373374195124018,4000.008193072581,8.095964689072058,1.0875689392882033e-08,4000.0000000004407
16000,160,99.9,24,4.002105836316946,4000.043485038515,18.651600347917658,9.952420728542117e-09,4000.000000000441
16000,160,99.9,28,3.687695612989966,4000.238586843883,43.68926265364429,9.170546647274774e-09,4000.00000000044
16000,160,99.9,34,3.3026137493324366,4003.059578272427,156.47998975937188,8.212926614522769e-09,4000.0000000004407
16000,160,99.99,20,43.733741951191625,40000.081930681394,80.95964689063068,1.0875689392882033e-08,39999.99999996
16000,160,99.99,24,40.02105836312502,40000.43485034074,186.51600347896948,9.952420728542117e-09,39999.99999996
16000,160,99.99,28,36.87695612985872,40002.38586839441,436.89262653595785,9.170546647274774e-09,39999.99999996
16000,160,99.99,34,33.026137493287706,40030.59578267984,1564.7998975919818,8.212926614522769e-09,39999.999999960004
16000,200,95.0,20,0.06997398712197651,100.00013108920248,0.16191929378142314,6.9604412114445e-09,99.9999999999999
16000,200,95.0,24,0.06403369338106402,100.00069576197056,0.37303200695831173,6.3695492662669555e-09,99.9999999999999
16000,200,95.0,28,0.05900312980783289,100.00381743047846,0.8737852530727888,5.869149854255854e-09,99.9999999999999
16000,200,95.0,34,0.05284181998931313,100.04895998898748,3.1295997951870906,5.2562730332945724e-09,99.99999999999991
16000,200,99.0,20,0.3498699356098826,500.00065544601244,0.8095964689071158,6.9604412114445e-09,499.9999999999996
16000,200,99.0,24,0.3201684669053201,500.0034788098528,1.8651600347915587,6.3695492662669555e-09,499.99999999999955
16000,200,99.0,28,0.29501564903916444,500.0190871523923,4.368926265363943,5.869149854255854e-09,499.9999999999995
16000,200,99.0,34,0.2642090999465656,500.2447999449373,15.647998975935451,5.2562730332945724e-09,499.9999999999995
16000,200,99.9,20,3.4986993560992143,5000.00655446068,8.095964689072057,6.9604412114445e-09,5000.00000000055
16000,200,99.9,24,3.2016846690535568,5000.034788099084,18.65160034791766,6.3695492662669555e-09,5000.000000000551
16000,200,99.9,28,2.9501564903919726,5000.190871524479,43.68926265364429,5.869149854255854e-09,5000.000000000551
16000,200,99.9,34,2.6420909994659496,5002.447999449929,156.4799897593719,5.2562730332945724e-09,5000.00000000055
16000,200,99.99,20,34.9869935609533,50000.06554455129,80.95964689063068,6.9604412114445e-09,49999.99999995
16000,200,99.99,24,32.01684669050002,50000.347880935326,186.5160034789695,6.3695492662669555e-09,49999.99999994999
16000,200,99.99,28,29.501564903886965,50001.90871518926,436.8926265359578,5.869149854255854e-09,49999.999999949985
16000,200,99.99,34,26.42090999463016,50024.47999444375,1564.7998975919816,5.2562730332945724e-09,49999.99999994999
16500,100,95.0,20,0.13570712653959083,50.00024677860394,0.15709207904019387,2.6179951517058462e-08,49.999999999999964
16500,100,95.0,24,0.12418655686024535,50.001308661864854,0.36175668492320284,2.395745986651005e-08,49.99999999999995
16500,100,95.0,28,0.11443031235458499,50.007178950629765,0.8473172961259364,2.2075333152462788e-08,49.99999999999995
16500,100,95.0,34,0.10248110543381939,50.092013367745245,3.03476576268632,1.9770150913107955e-08,49.99999999999996
16500,100,99.0,20,0.6785356326979541,250.00123389301967,0.7854603952009693,2.6179951517058462e-08,249.99999999999983
16500,100,99.0,24,0.6209327843012269,250.00654330932434,1.8087834246160146,2.395745986651005e-08,249.99999999999983
16500,100,99.0,28,0.572151561772925,250.03589475314888,4.236586480629683,2.2075333152462788e-08,249.9999999999998
16500,100,99.0,34,0.5124055271690968,250.4600668387262,15.173828813431596,1.9770150913107955e-08,249.99999999999974
16500,100,99.9,20,6.785356326980294,2500.012338930474,7.854603952010565,2.6179951517058462e-08,2500.0000000002756
16500,100,99.9,24,6.209327843012958,2500.065433093521,18.087834246162153,2.395745986651005e-08,2500.0000000002756
16500,100,99.9,28,5.721515617729885,2500.3589475317663,42.36586480630152,2.2075333152462788e-08,2500.000000000275
16500,100,99.9,34,5.124055271691538,2504.6006683875403,151.73828813433283,1.9770150913107955e-08,2500.000000000275
16500,100,99.99,20,67.8535632697276,25000.12338927698,78.54603952001844,2.6179951517058462e-08,24999.999999974996
16500,100,99.99,24,62.09327843006063,25000.654330907448,180.8783424614207,2.395745986651005e-08,24999.999999974996
16500,100,99.99,28,57.21515617723533,25003.5894752899,423.6586480625449,2.2075333152462788e-08,24999.999999974996
16500,100,99.99,34,51.240552716858495,25046.006683847598,1517.3828813416437,1.9770150913107955e-08,24999.999999975
16500,160,95.0,20,0.08481695408724427,80.00015423685937,0.15709207904019387,1.0226543561350963e-08,79.99999999999993
16500,160,95.0,24,0.07761659803765336,80.00081792018801,0.3617566849232029,9.358382760355488e-09,79.99999999999994
16500,160,95.0,28,0.07151894522161564,80.00448704041733,0.8473172961259365,8.623177012680777e-09,79.99999999999994
16500,160,95.0,34,0.0640506908961371,80.05754057697727,3.034765762686319,7.722715200432793e-09,79.99999999999993
16500,160,99.0,20,0.42408477043622134,400.00077118429687,0.7854603952009693,1.0226543561350963e-08,399.99999999999966
16500,160,99.0,24,0.38808299018826675,400.00408960094,1.8087834246160142,9.358382760355488e-09,399.9999999999996
16500,160,99.0,28,0.3575947261080782,400.0224352020866,4.236586480629683,8.623177012680777e-09,399.99999999999966
16500,160,99.0,34,0.32025345448068554,400.28770288488636,15.173828813431596,7.722715200432793e-09,399.99999999999966
16500,160,99.9,20,4.240847704362684,4000.007711843413,7.8546039520105655,1.0226543561350963e-08,4000.0000000004407
16500,160,99.9,24,3.8808299018830983,4000.0408960098443,18.08783424616215,9.358382760355488e-09,4000.00000000044
16500,160,99.9,28,3.5759472610811787,4000.22435202131,42.36586480630152,8.623177012680777e-09,4000.0000000004407
16500,160,99.9,34,3.202534544807211,4002.877028849308,151.7382881343328,7.722715200432793e-09,4000.0000000004407
16500,160,99.99,20,42.40847704357975,40000.07711838971,78.54603952001844,1.0226543561350963e-08,39999.99999995999
16500,160,99.99,24,38.8082990187879,40000.40896005403,180.8783424614207,9.358382760355488e-09,39999.99999996
16500,160,99.99,28,35.759472610772086,40002.24352016869,423.6586480625449,8.623177012680777e-09,39999.99999996
16500,160,99.99,34,32.02534544803656,40028.77028844865,1517.3828813416437,7.722715200432793e-09,39999.999999960004
16500,200,95.0,20,0.06785356326979541,100.00012338953029,0.15709207904019387,6.5449878792646156e-09,99.99999999999993
16500,200,95.0,24,0.062093278430122675,100.00065433735455,0.36175668492320284,5.989364966627513e-09,99.9999999999999
16500,200,95.0,28,0.057215156177292496,100.00358966857287,0.8473172961259364,5.518833288115697e-09,99.9999999999999
16500,200,95.0,34,0.05124055271690969,100.04603841849189,3.03476576268632,4.942537728276989e-09,99.99999999999991
16500,200,99.0,20,0.33926781634897707,500.00061694765145,0.7854603952009693,6.5449878792646156e-09,499.99999999999966
16500,200,99.0,24,0.31046639215061345,500.00327168677285,1.8087834246160146,5.989364966627513e-09,499.99999999999966
16500,200,99.0,28,0.2860757808864625,500.01794834286443,4.236586480629683,5.518833288115697e-09,499.9999999999996
16500,200,99.0,34,0.2562027635845484,500.2301920924594,15.173828813431596,4.942537728276989e-09,499.9999999999995
16500,200,99.9,20,3.392678163490147,5000.006169477068,7.854603952010565,6.5449878792646156e-09,5000.000000000551
16500,200,99.9,24,3.104663921506479,5000.032716868283,18.087834246162153,5.989364966627513e-09,5000.000000000551
16500,200,99.9,28,2.8607578088649426,5000.179483429199,42.36586480630152,5.518833288115697e-09,5000.00000000055
16500,200,99.9,34,2.562027635845769,5002.30192092515,151.73828813433283,4.942537728276989e-09,5000.00000000055
16500,200,99.99,20,33.9267816348638,50000.06169471517,78.54603952001844,6.5449878792646156e-09,49999.99999994999
16500,200,99.99,24,31.046639215030314,50000.327168627315,180.8783424614207,5.989364966627513e-09,49999.99999994999
16500,200,99.99,28,28.607578088617664,50001.794834236476,423.6586480625449,5.518833288115697e-09,49999.99999994999
16500,200,99.99,34,25.620276358429248,50023.01920919597,1517.3828813416437,4.942537728276989e-09,49999.99999995
17000,100,95.0,20,0.13171574046489698,50.000232718114816,0.15255119024059421,2.4662601385879474e-08,49.99999999999996
17000,100,95.0,24,0.12053401107023816,50.00123301623282,0.3511454735777608,2.256892196767253e-08,49.99999999999996
17000,100,95.0,28,0.11106471493239133,50.00676306856778,0.8224065879350771,2.0795880452449807e-08,49.99999999999995
17000,100,95.0,34,0.09946695527400118,50.08668516445411,2.9455102721178683,1.8624303066067964e-08,49.99999999999996
17000,100,99.0,20,0.6585787023244848,250.00116359057404,0.7627559512029709,2.4662601385879474e-08,249.99999999999974
17000,100,99.0,24,0.6026700553511908,250.00616508116406,1.7557273678888041,2.256892196767253e-08,249.9999999999998
17000,100,99.0,28,0.5553235746619566,250.0338153428389,4.112032939675386,2.0795880452449807e-08,249.99999999999974
17000,100,99.0,34,0.49733477637000584,250.43342582227052,14.72755136058934,1.8624303066067964e-08,249.99999999999977
17000,100,99.9,20,6.5857870232455795,2500.011635906018,7.627559512030556,2.4662601385879474e-08,2500.000000000275
17000,100,99.9,24,6.026700553512577,2500.0616508119183,17.557273678889988,2.256892196767253e-08,2500.0000000002756
17000,100,99.9,28,5.553235746620183,2500.338153428667,41.12032939675843,2.0795880452449807e-08,2500.0000000002756
17000,100,99.9,34,4.973347763700612,2504.334258222984,147.2755136059098,1.8624303066067964e-08,2500.0000000002756
17000,100,99.99,20,65.85787023238268,25000.116359032425,76.27559512022088,2.4662601385879474e-08,24999.999999974996
17000,100,99.99,24,60.26700553505885,25000.61650809142,175.57273678870493,2.256892196767253e-08,24999.999999974996
17000,100,99.99,28,55.53235746614017,25003.381534258904,411.20329396712765,2.0795880452449807e-08,24999.999999974993
17000,100,99.99,34,49.73347763695089,25043.34258220203,1472.7551360574623,1.8624303066067964e-08,24999.999999974996
17000,160,95.0,20,0.0823223377905606,80.00014544902797,0.1525511902405942,9.633828666359169e-09,79.99999999999991
17000,160,95.0,24,0.07533375691889885,80.00077064093573,0.35114547357776077,8.815985143622082e-09,79.99999999999994
17000,160,95.0,28,0.06941544683274459,80.00422709204724,0.8224065879350771,8.123390801738207e-09,79.99999999999991
17000,160,95.0,34,0.06216684704625073,80.05420682739378,2.9455102721178674,7.2751183851827975e-09,79.99999999999994
17000,160,99.0,20,0.41161168895280315,400.00072724513996,0.7627559512029712,9.633828666359169e-09,399.9999999999997
17000,160,99.0,24,0.3766687845944942,400.00385320467865,1.7557273678888037,8.815985143622082e-09,399.99999999999966
17000,160,99.0,28,0.34707723416372294,400.0211354602362,4.112032939675386,8.123390801738207e-09,399.9999999999996
17000,160,99.0,34,0.31083423523125364,400.2710341369689,14.727551360589338,7.2751183851827975e-09,399.99999999999966
17000,160,99.9,20,4.116116889528488,4000.007272451843,7.627559512030558,9.633828666359169e-09,4000.0000000004407
17000,160,99.9,24,3.76668784594536,4000.03853204723,17.557273678889985,8.815985143622082e-09,4000.0000000004407
17000,160,99.9,28,3.470772341637615,4000.2113546028068,41.12032939675843,8.123390801738207e-09,4000.00000000044
17000,160,99.9,34,3.1083423523128815,4002.7103413701334,147.2755136059097,7.2751183851827975e-09,4000.000000000441
17000,160,99.99,20,41.16116889523917,40000.07272447401,76.27559512022087,9.633828666359169e-09,39999.99999995999
17000,160,99.99,24,37.666878459411784,40000.38532042789,175.57273678870493,8.815985143622082e-09,39999.99999996
17000,160,99.99,28,34.70772341633762,40002.11354598366,411.2032939671278,8.123390801738207e-09,39999.999999960004
17000,160,99.99,34,31.083423523094304,40027.10341365689,1472.755136057462,7.2751183851827975e-09,39999.99999996
17000,200,95.0,20,0.06585787023244849,100.00011635926043,0.15255119024059421,6.165650346469868e-09,99.99999999999991
17000,200,95.0,24,0.06026700553511908,100.00061651381755,0.3511454735777608,5.642230491918133e-09,99.99999999999991
17000,200,95.0,28,0.05553235746619566,100.00338170579963,0.8224065879350771,5.198970113112452e-09,99.9999999999999
17000,200,95.0,34,0.04973347763700059,100.04337074870645,2.9455102721178683,4.656075766516991e-09,99.99999999999991
17000,200,99.0,20,0.3292893511622424,500.0005817963021,0.7627559512029709,6.165650346469868e-09,499.9999999999995
17000,200,99.0,24,0.3013350276755954,500.0030825690877,1.7557273678888041,5.642230491918133e-09,499.9999999999996
17000,200,99.0,28,0.2776617873309783,500.0169085289981,4.112032939675386,5.198970113112452e-09,499.9999999999995
17000,200,99.0,34,0.24866738818500292,500.2168537435322,14.72755136058934,4.656075766516991e-09,499.99999999999955
17000,200,99.9,20,3.2928935116227898,5000.005817963576,7.627559512030556,6.165650346469868e-09,5000.00000000055
17000,200,99.9,24,3.0133502767562885,5000.030825691432,17.557273678889988,5.642230491918133e-09,5000.000000000551
17000,200,99.9,28,2.7766178733100917,5000.169085290537,41.12032939675843,5.198970113112452e-09,5000.000000000551
17000,200,99.9,34,2.486673881850306,5002.1685374358785,147.2755136059098,4.656075766516991e-09,5000.000000000551
17000,200,99.99,20,32.92893511619134,50000.05817958025,76.27559512022088,6.165650346469868e-09,49999.99999994999
17000,200,99.99,24,30.133502767529425,50000.30825685881,175.57273678870493,5.642230491918133e-09,49999.99999994999
17000,200,99.99,28,27.766178733070085,50001.690852849846,411.20329396712765,5.198970113112452e-09,49999.999999949985
17000,200,99.99,34,24.866738818475444,50021.68537430324,1472.7551360574623,4.656075766516991e-09,49999.99999994999
17500,100,95.0,20,0.12795243359447134,50.000219845629005,0.14827208515905596,2.327344261394014e-08,49.99999999999995
17500,100,95.0,24,0.11709018218251707,50.00116376133982,0.3411414491485855,2.129769289357506e-08,49.99999999999996
17500,100,95.0,28,0.10789143736289443,50.00638231873216,0.7989196500354111,1.962452065553631e-08,49.99999999999995
17500,100,95.0,34,0.09662504226617258,50.08180661045847,2.861355162744679,1.757526068928536e-08,49.99999999999996
17500,100,99.0,20,0.6397621679723567,250.00109922814502,0.7413604257952798,2.327344261394014e-08,249.99999999999977
17500,100,99.0,24,0.5854509109125853,250.00581880669907,1.7057072457429274,2.129769289357506e-08,249.99999999999977
17500,100,99.0,28,0.5394571868144722,250.0319115936608,3.994598250177056,1.962452065553631e-08,249.99999999999977
17500,100,99.0,34,0.4831252113308628,250.4090330522923,14.306775813723393,1.757526068928536e-08,249.99999999999972
17500,100,99.9,20,6.397621679724278,2500.010992281728,7.413604257953622,2.327344261394014e-08,2500.000000000275
17500,100,99.9,24,5.854509109126503,2500.058188067268,17.05707245743117,2.129769289357506e-08,2500.000000000275
17500,100,99.9,28,5.394571868145321,2500.3191159368857,39.94598250177499,1.962452065553631e-08,2500.0000000002756
17500,100,99.9,34,4.831252113309165,2504.0903305232014,143.06775813724983,1.757526068928536e-08,2500.000000000275
17500,100,99.99,20,63.976216797171745,25000.10992278952,74.1360425794539,2.327344261394014e-08,24999.999999974996
17500,100,99.99,24,58.54509109120003,25000.581880644924,170.5707245741223,2.129769289357506e-08,24999.999999974996
17500,100,99.99,28,53.94571868139331,25003.191159341095,399.4598250173064,1.962452065553631e-08,24999.999999974996
17500,100,99.99,34,48.31252113303801,25040.90330520421,1430.6775813709098,1.757526068928536e-08,24999.999999974996
17500,160,95.0,20,0.07997027099654459,80.00013740370215,0.148272085159056,9.091188521070369e-09,79.99999999999991
17500,160,95.0,24,0.07318136386407316,80.00072735599542,0.3411414491485854,8.319411286552757e-09,79.99999999999991
17500,160,95.0,28,0.06743214835180904,80.00398910433906,0.7989196500354112,7.665828381068872e-09,79.99999999999993
17500,160,95.0,34,0.06039065141635785,80.05115460358678,2.861355162744678,6.865336206752093e-09,79.99999999999991
17500,160,99.0,20,0.399851354982723,400.0006870185108,0.7413604257952799,9.091188521070369e-09,399.99999999999966
17500,160,99.0,24,0.36590681932036584,400.00363677997717,1.7057072457429272,8.319411286552757e-09,399.99999999999966
17500,160,99.0,28,0.33716074175904515,400.0199455216952,3.994598250177056,7.665828381068872e-09,399.9999999999996
17500,160,99.0,34,0.3019532570817892,400.25577301793385,14.30677581372339,6.865336206752093e-09,399.9999999999996
17500,160,99.9,20,3.998513549827674,4000.006870185552,7.413604257953622,9.091188521070369e-09,4000.0000000004407
17500,160,99.9,24,3.6590681932040643,4000.0363678002154,17.057072457431165,8.319411286552757e-09,4000.00000000044
17500,160,99.9,28,3.3716074175908255,4000.199455217396,39.94598250177499,7.665828381068872e-09,4000.0000000004397
17500,160,99.9,34,3.0195325708182277,4002.557730179783,143.0677581372498,6.865336206752093e-09,4000.00000000044
17500,160,99.99,20,39.985135498232346,40000.06870181111,74.13604257945391,9.091188521070369e-09,39999.99999996
17500,160,99.99,24,36.590681932000024,40000.36367795775,170.5707245741223,8.319411286552757e-09,39999.99999996
17500,160,99.99,28,33.71607417587083,40001.99455212955,399.4598250173065,7.665828381068872e-09,39999.99999996
17500,160,99.99,34,30.195325708148754,40025.577301753394,1430.6775813709096,6.865336206752093e-09,39999.99999996
17500,200,95.0,20,0.06397621679723567,100.00010992299566,0.14827208515905596,5.818360653485035e-09,99.9999999999999
17500,200,95.0,24,0.058545091091258536,100.0005818857486,0.3411414491485855,5.324423223393765e-09,99.99999999999991
17500,200,95.0,28,0.053945718681447215,100.00319131211361,0.7989196500354111,4.906130163884077e-09,99.9999999999999
17500,200,95.0,34,0.04831252113308629,100.04092839117071,2.861355162744679,4.39381517232134e-09,99.99999999999991
17500,200,99.0,20,0.31988108398617837,500.0005496149784,0.7413604257952798,5.818360653485035e-09,499.99999999999955
17500,200,99.0,24,0.29272545545629264,500.0029094287429,1.7057072457429274,5.324423223393765e-09,499.99999999999955
17500,200,99.0,28,0.2697285934072361,500.0159565605681,3.994598250177056,4.906130163884077e-09,499.99999999999955
17500,200,99.0,34,0.2415626056654314,500.20464195585345,14.306775813723393,4.39381517232134e-09,499.99999999999943
17500,200,99.9,20,3.198810839862139,5000.005496150339,7.413604257953622,5.818360653485035e-09,5000.00000000055
17500,200,99.9,24,2.9272545545632513,5000.029094287984,17.05707245743117,5.324423223393765e-09,5000.00000000055
17500,200,99.9,28,2.6972859340726605,5000.159565606236,39.94598250177499,4.906130163884077e-09,5000.000000000551
17500,200,99.9,34,2.4156260566545824,5002.04641955909,143.06775813724983,4.39381517232134e-09,5000.00000000055
17500,200,99.99,20,31.988108398585872,50000.05496144787,74.1360425794539,5.818360653485035e-09,49999.99999994999
17500,200,99.99,24,29.272545545600014,50000.29094282433,170.5707245741223,5.324423223393765e-09,49999.99999994999
17500,200,99.99,28,26.972859340696655,50001.59565600684,399.4598250173064,4.906130163884077e-09,49999.99999994999
17500,200,99.99,34,24.156260566519006,50020.46419553537,1430.6775813709098,4.39381517232134e-09,49999.99999994999
18000,100,95.0,20,0.12439819932795826,50.000208031001485,0.14423294848574067,2.199843148308385e-08,49.99999999999996
18000,100,95.0,24,0.11383767712189158,50.0011001970764,0.3316940127259881,2.013092113783136e-08,49.99999999999996
18000,100,95.0,28,0.1048944529917029,50.00603285268852,0.7767378349026723,1.8549411885055536e-08,49.99999999999994
18000,100,95.0,34,0.09394101331433444,50.07732851058154,2.7818754028004795,1.661241847559766e-08,49.99999999999996
18000,100,99.0,20,0.6219909966397912,250.00104015500736,0.7211647424287033,2.199843148308385e-08,249.99999999999974
18000,100,99.0,24,0.569188385609458,250.005500985382,1.6584700636299405,2.013092113783136e-08,249.9999999999998
18000,100,99.0,28,0.5244722649585145,250.03016426344263,3.883689174513362,1.8549411885055536e-08,249.99999999999974
18000,100,99.0,34,0.46970506657167216,250.38664255290766,13.909377014002397,1.661241847559766e-08,249.99999999999977
18000,100,99.9,20,6.219909966398602,2500.010401550351,7.2116474242878335,2.199843148308385e-08,2500.000000000275
18000,100,99.9,24,5.6918838560952105,2500.0550098540975,16.584700636301246,2.013092113783136e-08,2500.000000000275
18000,100,99.9,28,5.244722649585728,2500.301642634704,38.83689174513793,1.8549411885055536e-08,2500.000000000275
18000,100,99.9,34,4.697050665717243,2503.8664255293547,139.09377014003942,1.661241847559766e-08,2500.0000000002756
18000,100,99.99,20,62.19909966391697,25000.104015475757,72.11647424279826,2.199843148308385e-08,24999.999999974996
18000,100,99.99,24,56.918838560888915,25000.55009851322,165.84700636282832,2.013092113783136e-08,24999.999999974996
18000,100,99.99,28,52.44722649579905,25003.016426319282,388.3689174509482,1.8549411885055536e-08,24999.999999974996
18000,100,99.99,34,46.97050665712028,25038.664255265747,1390.9377013988499,1.661241847559766e-08,24999.999999975
18000,160,95.0,20,0.0777488745799739,80.0001300195407,0.14423294848574064,8.59313729807963e-09,79.99999999999993
18000,160,95.0,24,0.07114854820118224,80.00068762778274,0.33169401272598803,7.863641069465375e-09,79.99999999999994
18000,160,95.0,28,0.06555903311981434,80.00377067153872,0.7767378349026726,7.245864017599819e-09,79.99999999999993
18000,160,95.0,34,0.05871313332145902,80.04835307960244,2.7818754028004795,6.489225967030334e-09,79.99999999999994
18000,160,99.0,20,0.3887443728998696,400.0006500977036,0.7211647424287034,8.59313729807963e-09,399.9999999999997
18000,160,99.0,24,0.3557427410059112,400.0034381389137,1.65847006362994,7.863641069465375e-09,399.9999999999997
18000,160,99.0,28,0.3277951655990717,400.0188533576935,3.8836891745133624,7.245864017599819e-09,399.99999999999966
18000,160,99.0,34,0.2935656666072951,400.24176539801215,13.909377014002397,6.489225967030334e-09,399.9999999999997
18000,160,99.9,20,3.887443728999127,4000.00650097748,7.211647424287834,8.59313729807963e-09,4000.000000000441
18000,160,99.9,24,3.5574274100595065,4000.0343813895806,16.58470063630124,7.863641069465375e-09,4000.0000000004407
18000,160,99.9,28,3.2779516559910804,4000.188533577379,38.83689174513793,7.245864017599819e-09,4000.00000000044
18000,160,99.9,34,2.935656666073277,4002.417653980566,139.0937701400394,6.489225967030334e-09,4000.0000000004407
18000,160,99.99,20,38.87443728994811,40000.06500973039,72.11647424279828,8.59313729807963e-09,39999.999999960004
18000,160,99.99,24,35.57427410055557,40000.343813851396,165.84700636282827,7.863641069465375e-09,39999.99999996
18000,160,99.99,28,32.779516559874416,40001.885335729385,388.36891745094823,7.245864017599819e-09,39999.99999996
18000,160,99.99,34,29.356566660700175,40024.17653976122,1390.9377013988496,6.489225967030334e-09,39999.99999996
18000,200,95.0,20,0.06219909966397913,100.00010401566297,0.14423294848574067,5.499607870770962e-09,99.99999999999991
18000,200,95.0,24,0.05691883856094579,100.00055010307725,0.3316940127259881,5.03273028445784e-09,99.99999999999991
18000,200,95.0,28,0.05244722649585145,100.00301656282248,0.7767378349026723,4.637352971263884e-09,99.99999999999989
18000,200,95.0,34,0.04697050665716722,100.03868667049109,2.7818754028004795,4.153104618899415e-09,99.99999999999991
18000,200,99.0,20,0.3109954983198956,500.0005200783147,0.7211647424287033,5.499607870770962e-09,499.9999999999995
18000,200,99.0,24,0.284594192804729,500.00275051538625,1.6584700636299405,5.03273028445784e-09,499.9999999999996
18000,200,99.0,28,0.26223613247925726,500.0150828141124,3.883689174513362,4.637352971263884e-09,499.9999999999995
18000,200,99.0,34,0.23485253328583608,500.19343335245543,13.909377014002397,4.153104618899415e-09,499.99999999999955
18000,200,99.9,20,3.109954983199301,5000.005200783702,7.2116474242878335,5.499607870770962e-09,5000.00000000055
18000,200,99.9,24,2.8459419280476053,5000.027505154417,16.584700636301246,5.03273028445784e-09,5000.00000000055
18000,200,99.9,28,2.622361324792864,5000.15082814168,38.83689174513793,4.637352971263884e-09,5000.00000000055
18000,200,99.9,34,2.3485253328586215,5001.93433352511,139.09377014003942,4.153104618899415e-09,5000.000000000551
18000,200,99.99,20,31.099549831958484,50000.052007781516,72.11647424279826,5.499607870770962e-09,49999.99999994999
18000,200,99.99,24,28.459419280444457,50000.27505148866,165.84700636282832,5.03273028445784e-09,49999.99999994999
18000,200,99.99,28,26.223613247899525,50001.50828136128,388.3689174509482,4.637352971263884e-09,49999.99999994999
18000,200,99.99,34,23.48525332856014,50019.34333519556,1390.9377013988499,4.153104618899415e-09,49999.99999995
18500,100,95.0,20,0.12103608583260803,50.00019716143318,0.14041432332268425,2.08253960570319e-08,49.99999999999996
18500,100,95.0,24,0.11076098314562424,50.00104171664336,0.32275803555267846,1.9057468074966724e-08,49.99999999999996
18500,100,95.0,28,0.10205946777571094,50.00571133487036,0.7557553217719749,1.7560290579278288e-08,49.99999999999995
18500,100,95.0,34,0.09140206700854162,50.07320821652144,2.706691909899137,1.5726584619703845e-08,49.999999999999964
18500,100,99.0,20,0.6051804291630402,250.00098580716588,0.7020716166134213,2.08253960570319e-08,249.99999999999977
18500,100,99.0,24,0.5538049157281212,250.00520858321678,1.6137901777633923,1.9057468074966724e-08,249.99999999999977
18500,100,99.0,28,0.5102973388785547,250.0285566743518,3.778776608859874,1.7560290579278288e-08,249.99999999999974
18500,100,99.0,34,0.45701033504270805,250.36604108260718,13.533459549495685,1.5726584619703845e-08,249.9999999999998
18500,100,99.9,20,6.051804291631074,2500.0098580719364,7.020716166134993,2.08253960570319e-08,2500.0000000002756
18500,100,99.9,24,5.538049157281828,2500.0520858324458,16.13790177763572,1.9057468074966724e-08,2500.0000000002756
18500,100,99.9,28,5.102973388786115,2500.285566743796,37.78776608860295,1.7560290579278288e-08,2500.0000000002756
18500,100,99.9,34,4.570103350427589,2503.66041082635,135.3345954949719,1.5726584619703845e-08,2500.000000000276
18500,100,99.99,20,60.518042916243544,25000.098580691607,70.20716166127198,2.08253960570319e-08,24999.999999974996
18500,100,99.99,24,55.38049157275678,25000.5208582967,161.379017776178,1.9057468074966724e-08,24999.999999974996
18500,100,99.99,28,51.02973388780448,25002.855667410196,377.8776608856099,1.7560290579278288e-08,24999.999999974996
18500,100,99.99,34,45.701033504225144,25036.604108235704,1353.3459549482163,1.5726584619703845e-08,24999.999999975
18500,160,95.0,20,0.07564755364538002,80.00012322604374,0.14041432332268428,8.134920334778087e-09,79.99999999999993
18500,160,95.0,24,0.06922561446601515,80.000651077035,0.3227580355526784,7.444323466783877e-09,79.99999999999993
18500,160,95.0,28,0.06378716735981936,80.00356970852224,0.7557553217719751,6.859488507530583e-09,79.99999999999994
18500,160,95.0,34,0.057126291880338506,80.04577553559653,2.7066919098991367,6.143197117071815e-09,79.99999999999994
18500,160,99.0,20,0.37823776822690014,400.00061613021876,0.7020716166134214,8.134920334778087e-09,399.9999999999997
18500,160,99.0,24,0.34612807233007575,400.00325538517507,1.6137901777633918,7.444323466783877e-09,399.99999999999966
18500,160,99.0,28,0.3189358367990968,400.01784854261115,3.778776608859876,6.859488507530583e-09,399.9999999999997
18500,160,99.0,34,0.28563145940169254,400.22887767798267,13.533459549495685,6.143197117071815e-09,399.9999999999997
18500,160,99.9,20,3.7823776822694213,4000.0061613026314,7.020716166134994,8.134920334778087e-09,4000.000000000441
18500,160,99.9,24,3.461280723301142,4000.0325538521947,16.13790177763571,7.444323466783877e-09,4000.0000000004407
18500,160,99.9,28,3.1893583679913213,4000.1784854265547,37.78776608860294,6.859488507530583e-09,4000.0000000004397
18500,160,99.9,34,2.8563145940172423,4002.288776780271,135.33459549497186,6.143197117071815e-09,4000.0000000004407
18500,160,99.99,20,37.82377682265221,40000.061612981895,70.20716166127198,8.134920334778087e-09,39999.99999996
18500,160,99.99,24,34.61280723297299,40000.32553847754,161.37901777617793,7.444323466783877e-09,39999.99999996
18500,160,99.99,28,31.89358367987781,40001.78485422114,377.87766088560994,6.859488507530583e-09,39999.99999996
18500,160,99.99,34,28.563145940140714,40022.88776775828,1353.345954948216,6.143197117071815e-09,39999.999999960004
18500,200,95.0,20,0.06051804291630401,100.0000985808623,0.14041432332268425,5.206349014257975e-09,99.99999999999991
18500,200,95.0,24,0.05538049157281212,100.00052086239099,0.32275803555267846,4.764367018741681e-09,99.99999999999991
18500,200,95.0,28,0.05102973388785547,100.00285578975416,0.7557553217719749,4.390072644819572e-09,99.9999999999999
18500,200,95.0,34,0.04570103350427081,100.0366241988158,2.706691909899137,3.931646154925961e-09,99.99999999999993
18500,200,99.0,20,0.3025902145815201,500.0004929043115,0.7020716166134213,5.206349014257975e-09,499.99999999999955
18500,200,99.0,24,0.2769024578640606,500.00260431195494,1.6137901777633923,4.764367018741681e-09,499.99999999999955
18500,200,99.0,28,0.25514866943927733,500.01427894877077,3.778776608859874,4.390072644819572e-09,499.9999999999995
18500,200,99.0,34,0.22850516752135402,500.18312099407893,13.533459549495685,3.931646154925961e-09,499.9999999999996
18500,200,99.9,20,3.025902145815537,5000.00492904367,7.020716166134993,5.206349014257975e-09,5000.000000000551
18500,200,99.9,24,2.769024578640914,5000.026043120105,16.13790177763572,4.764367018741681e-09,5000.000000000551
18500,200,99.9,28,2.5514866943930574,5000.1427894882645,37.78776608860295,4.390072644819572e-09,5000.000000000551
18500,200,99.9,34,2.2850516752137944,5001.831209941346,135.3345954949719,3.931646154925961e-09,5000.000000000552
18500,200,99.99,20,30.259021458121772,50000.04929038119,70.20716166127198,5.206349014257975e-09,49999.99999994999
18500,200,99.99,24,27.69024578637839,50000.26043114553,161.379017776178,4.764367018741681e-09,49999.99999994999
18500,200,99.99,28,25.51486694390224,50001.427894827124,377.8776608856099,4.390072644819572e-09,49999.99999994999
18500,200,99.99,34,22.850516752112572,50018.31209935792,1353.3459549482163,3.931646154925961e-09,49999.99999995
19000,100,95.0,20,0.11785092567911835,50.000187138768936,0.1367988008664453,1.9743744599776088e-08,49.99999999999996
19000,100,95.0,24,0.10784622043126571,50.00098779201653,0.31429313926687075,1.806764113201485e-08,49.99999999999996
19000,100,95.0,28,0.09937369230792908,50.00541486269631,0.7358774289063157,1.6648225625368406e-08,49.99999999999995
19000,100,95.0,34,0.08899674945568527,50.069408608734086,2.6354655050635833,1.4909760626298178e-08,49.99999999999996
19000,100,99.0,20,0.5892546283955917,250.00093569384464,0.6839940043322265,1.9743744599776088e-08,249.99999999999977
19000,100,99.0,24,0.5392311021563285,250.00493896008263,1.5714656963343536,1.806764113201485e-08,249.99999999999974
19000,100,99.0,28,0.4968684615396454,250.02707431348156,3.6793871445315784,1.6648225625368406e-08,249.99999999999977
19000,100,99.0,34,0.44498374727842627,250.3470430436704,13.177327525317914,1.4909760626298178e-08,249.99999999999974
19000,100,99.9,20,5.8925462839565705,2500.0093569387236,6.839940043323023,1.9743744599776088e-08,2500.000000000275
19000,100,99.9,24,5.392311021563885,2500.0493896011044,15.714656963345284,1.806764113201485e-08,2500.0000000002756
19000,100,99.9,28,4.968684615397006,2500.270743135093,36.79387144531987,1.6648225625368406e-08,2500.000000000275
19000,100,99.9,34,4.449837472784758,2503.4704304369825,131.7732752531938,1.4909760626298178e-08,2500.0000000002756
19000,100,99.99,20,58.92546283950029,25000.093569359484,68.3994004331543,1.9743744599776088e-08,24999.999999974996
19000,100,99.99,24,53.92311021557897,25000.493895983283,157.14656963327835,1.806764113201485e-08,24999.999999974996
19000,100,99.99,28,49.68684615391489,25002.70743132317,367.9387144527902,1.6648225625368406e-08,24999.999999974996
19000,100,99.99,34,44.49837472779817,25034.70430434203,1317.732752530475,1.4909760626298178e-08,24999.999999975
19000,160,95.0,20,0.07365682854944897,80.0001169618639,0.1367988008664453,7.712400234287535e-09,79.99999999999991
19000,160,95.0,24,0.06740388776954107,80.00061737372643,0.31429313926687064,7.057672317193301e-09,79.99999999999991
19000,160,95.0,28,0.062108557692455685,80.0033844008512,0.7358774289063157,6.503213134909534e-09,79.99999999999993
19000,160,95.0,34,0.05562296840980328,80.04339871862244,2.635465505063583,5.824125244647724e-09,79.99999999999993
19000,160,99.0,20,0.36828414274724486,400.00058480931955,0.6839940043322266,7.712400234287535e-09,399.9999999999996
19000,160,99.0,24,0.33701943884770535,400.0030868686321,1.5714656963343532,7.057672317193301e-09,399.9999999999996
19000,160,99.0,28,0.31054278846227845,400.01692200425606,3.679387144531579,6.503213134909534e-09,399.99999999999966
19000,160,99.0,34,0.27811484204901643,400.21699359311225,13.177327525317914,5.824125244647724e-09,399.99999999999966
19000,160,99.9,20,3.6828414274728574,4000.0058480936395,6.839940043323025,7.712400234287535e-09,4000.00000000044
19000,160,99.9,24,3.370194388477428,4000.030868686766,15.714656963345279,7.057672317193301e-09,4000.0000000004407
19000,160,99.9,28,3.1054278846231287,4000.1692200430043,36.793871445319866,6.503213134909534e-09,4000.00000000044
19000,160,99.9,34,2.7811484204904726,4002.169935931566,131.77327525319376,5.824125244647724e-09,4000.00000000044
19000,160,99.99,20,36.82841427468769,40000.05848089199,68.39940043315431,7.712400234287535e-09,39999.99999996
19000,160,99.99,24,33.70194388473686,40000.30868682325,157.14656963327832,7.057672317193301e-09,39999.99999996
19000,160,99.99,28,31.054278846196816,40001.69220038564,367.93871445279024,6.503213134909534e-09,39999.99999996
19000,160,99.99,34,27.811484204873853,40021.69935927123,1317.7327525304747,5.824125244647724e-09,39999.99999996
19000,200,95.0,20,0.05892546283955918,100.00009356951574,0.1367988008664453,4.935936149944022e-09,99.99999999999991
19000,200,95.0,24,0.053923110215632855,100.00049389966718,0.31429313926687075,4.516910283003713e-09,99.99999999999991
19000,200,95.0,28,0.04968684615396454,100.00270754129787,0.7358774289063157,4.162056406342101e-09,99.9999999999999
19000,200,95.0,34,0.044498374727842634,100.03472236392905,2.6354655050635833,3.7274401565745446e-09,99.99999999999991
19000,200,99.0,20,0.29462731419779586,500.00046784757865,0.6839940043322265,4.935936149944022e-09,499.99999999999955
19000,200,99.0,24,0.26961555107816426,500.0024694983358,1.5714656963343536,4.516910283003713e-09,499.9999999999995
19000,200,99.0,28,0.2484342307698227,500.0135377064894,3.6793871445315784,4.162056406342101e-09,499.99999999999955
19000,200,99.0,34,0.22249187363921313,500.17361181964515,13.177327525317914,3.7274401565745446e-09,499.9999999999995
19000,200,99.9,20,2.9462731419782853,5000.004678476341,6.839940043323023,4.935936149944022e-09,5000.00000000055
19000,200,99.9,24,2.6961555107819426,5000.024694983915,15.714656963345284,4.516910283003713e-09,5000.000000000551
19000,200,99.9,28,2.484342307698503,5000.135377065449,36.79387144531987,4.162056406342101e-09,5000.00000000055
19000,200,99.9,34,2.224918736392379,5001.736118197007,131.7732752531938,3.7274401565745446e-09,5000.000000000551
19000,200,99.99,20,29.462731419750146,50000.0467847079,68.3994004331543,4.935936149944022e-09,49999.99999994999
19000,200,99.99,24,26.961555107789486,50000.24694978362,157.14656963327835,4.516910283003713e-09,49999.99999994999
19000,200,99.99,28,24.843423076957446,50001.35377059897,367.9387144527902,4.162056406342101e-09,49999.99999994999
19000,200,99.99,34,22.249187363899086,50017.361181914544,1317.732752530475,3.7274401565745446e-09,49999.99999995
19500,100,95.0,20,0.11482910707196145,50.000177877274,0.13337075783188393,1.874422564239097e-08,49.99999999999996
19500,100,95.0,24,0.10508093272789991,50.00093796198606,0.30626308687721854,1.715297422395098e-08,49.99999999999995
19500,100,95.0,28,0.09682564891541806,50.005140900835315,0.7170191855160759,1.580541604407099e-08,49.99999999999995
19500,100,95.0,34,0.08671478152092409,50.06589725831949,2.5678917969041413,1.4154960121219306e-08,49.99999999999996
19500,100,99.0,20,0.5741455353598073,250.00088938636998,0.6668537891594197,1.874422564239097e-08,249.99999999999977
19500,100,99.0,24,0.5254046636394997,250.00468980993037,1.531315434386093,1.715297422395098e-08,249.99999999999983
19500,100,99.0,28,0.48412824457709036,250.0257045041766,3.58509592758038,1.580541604407099e-08,249.99999999999977
19500,100,99.0,34,0.43357390760462045,250.32948629159748,12.839458984520707,1.4154960121219306e-08,249.9999999999998
19500,100,99.9,20,5.74145535359871,2500.0088938639774,6.668537891594937,1.874422564239097e-08,2500.000000000275
19500,100,99.9,24,5.25404663639558,2500.046898099581,15.31315434386263,1.715297422395098e-08,2500.0000000002756
19500,100,99.9,28,4.841282445771441,2500.2570450420435,35.85095927580778,1.580541604407099e-08,2500.000000000275
19500,100,99.9,34,4.335739076046686,2503.2948629162524,128.3945898452213,1.4154960121219306e-08,2500.0000000002756
19500,100,99.99,20,57.41455353592336,25000.088938612018,66.68537891587535,1.874422564239097e-08,24999.999999975
19500,100,99.99,24,52.54046636389746,25000.468980968053,153.13154343845628,1.715297422395098e-08,24999.999999974996
19500,100,99.99,28,48.412824457660655,25002.570450392675,358.50959275767974,1.580541604407099e-08,24999.999999974993
19500,100,99.99,34,43.357390760418724,25032.948629134735,1283.9458984507878,1.4154960121219306e-08,24999.999999975
19500,160,95.0,20,0.07176819191997591,80.0001111734167,0.13337075783188396,7.321963141558973e-09,79.99999999999993
19500,160,95.0,24,0.06567558295493746,80.00058622959195,0.3062630868772186,6.7003805562308514e-09,79.99999999999996
19500,160,95.0,28,0.06051603057213631,80.00321316367479,0.7170191855160761,6.173990642215231e-09,79.99999999999993
19500,160,95.0,34,0.054196738450577556,80.04120231656067,2.5678917969041413,5.5292812973512905e-09,79.99999999999994
19500,160,99.0,20,0.3588409595998796,400.00055586708356,0.6668537891594198,7.321963141558973e-09,399.99999999999966
19500,160,99.0,24,0.32837791477468725,400.00293114795966,1.5313154343860926,6.7003805562308514e-09,399.9999999999997
19500,160,99.0,28,0.3025801528606816,400.016065818374,3.585095927580381,6.173990642215231e-09,399.9999999999997
19500,160,99.0,34,0.27098369225288776,400.20601158280334,12.839458984520705,5.5292812973512905e-09,399.99999999999966
19500,160,99.9,20,3.588409595999194,4000.0055586712792,6.668537891594938,7.321963141558973e-09,4000.00000000044
19500,160,99.9,24,3.283779147747237,4000.029311480041,15.313154343862628,6.7003805562308514e-09,4000.000000000441
19500,160,99.9,28,3.0258015286071513,4000.1606581841834,35.85095927580779,6.173990642215231e-09,4000.0000000004407
19500,160,99.9,34,2.7098369225291785,4002.0601158284776,128.3945898452213,5.5292812973512905e-09,4000.0000000004407
19500,160,99.99,20,35.8840959599521,40000.05558666838,66.68537891587533,7.321963141558973e-09,39999.99999995999
19500,160,99.99,24,32.837791477435914,40000.293114756,153.13154343845628,6.7003805562308514e-09,39999.999999960004
19500,160,99.99,28,30.258015286037917,40001.606581797416,358.5095927576798,6.173990642215231e-09,39999.99999995999
19500,160,99.99,34,27.0983692252617,40020.601158240344,1283.9458984507876,5.5292812973512905e-09,39999.99999996
19500,200,95.0,20,0.057414553535980725,100.0000889387556,0.13337075783188393,4.686056410597742e-09,99.99999999999991
19500,200,95.0,24,0.052540466363949954,100.0004689842921,0.30626308687721854,4.288243555987745e-09,99.9999999999999
19500,200,95.0,28,0.04841282445770903,100.00257054952327,0.7170191855160759,3.951354011017748e-09,99.9999999999999
19500,200,95.0,34,0.04335739076046204,100.03296490797716,2.5678917969041413,3.5387400303048264e-09,99.99999999999991
19500,200,99.0,20,0.28707276767990364,500.000444693778,0.6668537891594197,4.686056410597742e-09,499.99999999999955
19500,200,99.0,24,0.26270233181974983,500.0023449214606,1.531315434386093,4.288243555987745e-09,499.99999999999966
19500,200,99.0,28,0.24206412228854518,500.01285274761636,3.58509592758038,3.951354011017748e-09,499.99999999999955
19500,200,99.0,34,0.21678695380231022,500.1648245398858,12.839458984520707,3.5387400303048264e-09,499.9999999999996
19500,200,99.9,20,2.870727676799355,5000.004446938335,6.668537891594937,4.686056410597742e-09,5000.00000000055
19500,200,99.9,24,2.62702331819779,5000.02344921516,15.31315434386263,4.288243555987745e-09,5000.000000000551
19500,200,99.9,28,2.4206412228857204,5000.128527476719,35.85095927580778,3.951354011017748e-09,5000.00000000055
19500,200,99.9,34,2.167869538023343,5001.648245399413,128.3945898452213,3.5387400303048264e-09,5000.000000000551
19500,200,99.99,20,28.70727676796168,50000.04446932784,66.68537891587535,4.686056410597742e-09,49999.99999995
19500,200,99.99,24,26.27023318194873,50000.23449209609,153.13154343845628,4.288243555987745e-09,49999.99999994999
19500,200,99.99,28,24.206412228830327,50001.28527471167,358.50959275767974,3.951354011017748e-09,49999.999999949985
19500,200,99.99,34,21.678695380209362,50016.4824539386,1283.9458984507878,3.5387400303048264e-09,49999.99999995
20000,100,95.0,20,0.11195837939516243,50.00016930179468,0.13011613326237442,1.781872950129792e-08,49.99999999999996
20000,100,95.0,24,0.10245390940970242,50.00089182226205,0.29863526509151034,1.6306046121643403e-08,49.99999999999996
20000,100,95.0,28,0.09440500769253261,50.0048872268266,0.6991041178905997,1.5025023626894985e-08,49.99999999999994
20000,100,95.0,34,0.084546911982901,50.062645733445024,2.5036968331701046,1.3456058965234104e-08,49.99999999999996
20000,100,99.0,20,0.5597918969758121,250.00084650897338,0.6505806663118721,1.781872950129792e-08,249.99999999999977
20000,100,99.0,24,0.5122695470485121,250.00445911131024,1.4931763254575519,1.6306046121643403e-08,249.99999999999977
20000,100,99.0,28,0.4720250384626631,250.02443613413297,3.495520589452999,1.5025023626894985e-08,249.99999999999974
20000,100,99.0,34,0.4227345599145049,250.31322866722508,12.518484165850522,1.3456058965234104e-08,249.99999999999974
20000,100,99.9,20,5.597918969758743,2500.0084650900117,6.505806663119443,1.781872950129792e-08,2500.0000000002756
20000,100,99.9,24,5.12269547048569,2500.0445911133797,14.931763254577174,1.6306046121643403e-08,2500.000000000275
20000,100,99.9,28,4.720250384627156,2500.244361341608,34.955205894533876,1.5025023626894985e-08,2500.0000000002756
20000,100,99.9,34,4.2273455991455196,2503.132286672529,125.18484165851915,1.3456058965234104e-08,2500.0000000002756
20000,100,99.99,20,55.97918969752528,25000.08465087236,65.0580666311222,1.781872950129792e-08,24999.999999975
20000,100,99.99,24,51.22695470480002,25000.445911106042,149.31763254560596,1.6306046121643403e-08,24999.999999974996
20000,100,99.99,28,47.20250384621914,25002.443613388314,349.55205894495055,1.5025023626894985e-08,24999.999999974993
20000,100,99.99,34,42.273455991408255,25031.322866697497,1251.8484165838013,1.3456058965234104e-08,24999.999999974996
20000,160,95.0,20,0.06997398712197651,80.0001058137308,0.13011613326237442,6.9604412114445e-09,79.99999999999993
20000,160,95.0,24,0.06403369338106402,80.00055739194288,0.2986352650915103,6.369549266266954e-09,79.99999999999993
20000,160,95.0,28,0.059003129807832906,80.00305460773133,0.6991041178905999,5.869149854255854e-09,79.99999999999994
20000,160,95.0,34,0.052841819989313116,80.03916852287018,2.5036968331701037,5.256273033294572e-09,79.99999999999993
20000,160,99.0,20,0.3498699356098826,400.00052906865403,0.6505806663118722,6.9604412114445e-09,399.99999999999966
20000,160,99.0,24,0.3201684669053201,400.0027869597144,1.4931763254575514,6.369549266266954e-09,399.99999999999966
20000,160,99.0,28,0.2950156490391645,400.01527303865663,3.4955205894529993,5.869149854255854e-09,399.99999999999966
20000,160,99.0,34,0.26420909994656555,400.1958426143509,12.518484165850518,5.256273033294572e-09,399.9999999999996
20000,160,99.9,20,3.4986993560992143,4000.005290686984,6.5058066631194436,6.9604412114445e-09,4000.0000000004407
20000,160,99.9,24,3.2016846690535563,4000.027869597588,14.93176325457717,6.369549266266954e-09,4000.0000000004407
20000,160,99.9,28,2.9501564903919726,4000.1527303870103,34.955205894533876,5.869149854255854e-09,4000.0000000004407
20000,160,99.9,34,2.6420909994659487,4001.958426143953,125.18484165851908,5.256273033294572e-09,4000.0000000004397
20000,160,99.99,20,34.986993560953294,40000.052906825425,65.0580666311222,6.9604412114445e-09,39999.99999995999
20000,160,99.99,24,32.01684669050002,40000.27869593147,149.31763254560593,6.369549266266954e-09,39999.99999996
20000,160,99.99,28,29.501564903886976,40001.5273038257,349.5520589449507,5.869149854255854e-09,39999.999999960004
20000,160,99.99,34,26.420909994630158,40019.5842613951,1251.848416583801,5.256273033294572e-09,39999.99999996
20000,200,95.0,20,0.055979189697581214,100.00008465100477,0.13011613326237442,4.45468237532448e-09,99.99999999999991
20000,200,95.0,24,0.05122695470485121,100.00044591411348,0.29863526509151034,4.076511530410851e-09,99.99999999999991
20000,200,95.0,28,0.04720250384626631,100.00244370297973,0.6991041178905997,3.756255906723746e-09,99.99999999999989
20000,200,95.0,34,0.0422734559914505,100.03133757894278,2.5036968331701046,3.364014741308526e-09,99.99999999999991
20000,200,99.0,20,0.27989594848790605,500.0004232550238,0.6505806663118721,4.45468237532448e-09,499.99999999999955
20000,200,99.0,24,0.25613477352425607,500.00222957056747,1.4931763254575519,4.076511530410851e-09,499.99999999999955
20000,200,99.0,28,0.23601251923133154,500.0122185148987,3.495520589452999,3.756255906723746e-09,499.9999999999995
20000,200,99.0,34,0.21136727995725246,500.1566878947138,12.518484165850522,3.364014741308526e-09,499.9999999999995
20000,200,99.9,20,2.7989594848793713,5000.004232550793,6.505806663119443,4.45468237532448e-09,5000.000000000551
20000,200,99.9,24,2.561347735242845,5000.02229570623,14.931763254577174,4.076511530410851e-09,5000.00000000055
20000,200,99.9,28,2.360125192313578,5000.122185149543,34.955205894533876,3.756255906723746e-09,5000.000000000551
20000,200,99.9,34,2.1136727995727598,5001.566878947694,125.18484165851915,3.364014741308526e-09,5000.000000000551
20000,200,99.99,20,27.98959484876264,50000.04232545242,65.0580666311222,4.45468237532448e-09,49999.99999995
20000,200,99.99,24,25.61347735240001,50000.22295700678,149.31763254560596,4.076511530410851e-09,49999.99999994999
20000,200,99.99,28,23.60125192310957,50001.2218514399,349.55205894495055,3.756255906723746e-09,49999.999999949985
20000,200,99.99,34,21.136727995704128,50015.668789421405,1251.8484165838013,3.364014741308526e-09,49999.99999994999
