[Format]      =  4.0
[Frequency]   =  20000
[Precision]   =  1e-008
[MinAngle]    =  30
[DoSmartMesh] =  1
[Depth]       =  1
[LengthUnits] =  millimeters
[ProblemType] =  planar
[Coordinates] =  cartesian
[ACSolver]    =  0
[PrevType]    =  0
[PrevSoln]    =  ""
[Comment]     =  "Add comments here."
[PointProps]   = 0
[BdryProps]   = 0
[BlockProps]  = 4
  <BeginBlock>
    <BlockName> = "30 AWG"
    <Mu_x> = 1
    <Mu_y> = 1
    <H_c> = 0
    <H_cAngle> = 0
    <J_re> = 0
    <J_im> = 0
    <Sigma> = 58
    <d_lam> = 0
    <Phi_h> = 0
    <Phi_hx> = 0
    <Phi_hy> = 0
    <LamType> = 3
    <LamFill> = 1
    <NStrands> = 1
    <WireD> = 0.25472427515370799
    <BHPoints> = 0
  <EndBlock>
  <BeginBlock>
    <BlockName> = "Air"
    <Mu_x> = 1
    <Mu_y> = 1
    <H_c> = 0
    <H_cAngle> = 0
    <J_re> = 0
    <J_im> = 0
    <Sigma> = 0
    <d_lam> = 0
    <Phi_h> = 0
    <Phi_hx> = 0
    <Phi_hy> = 0
    <LamType> = 0
    <LamFill> = 1
    <NStrands> = 0
    <WireD> = 0
    <BHPoints> = 0
  <EndBlock>
  <BeginBlock>
    <BlockName> = "1018 Steel"
    <Mu_x> = 529
    <Mu_y> = 529
    <H_c> = 0
    <H_cAngle> = 0
    <J_re> = 0
    <J_im> = 0
    <Sigma> = 5.7999999999999998
    <d_lam> = 0
    <Phi_h> = 20
    <Phi_hx> = 0
    <Phi_hy> = 0
    <LamType> = 0
    <LamFill> = 1
    <NStrands> = 0
    <WireD> = 0
    <BHPoints> = 13
      0	0
      0.25030000000000002	238.73249999999999
      0.92500000000000004	795.77499999999998
      1.25	1591.55
      1.3899999999999999	2387.3249999999998
      1.5249999999999999	3978.875
      1.71	7957.75
      1.8700000000000001	15915.5
      1.9550000000000001	23873.25
      2.02	39788.75
      2.1099999999999999	79577.5
      2.2250000000000001	159155
      2.4300000000000002	318310
  <EndBlock>
  <BeginBlock>
    <BlockName> = "18 AWG"
    <Mu_x> = 1
    <Mu_y> = 1
    <H_c> = 0
    <H_cAngle> = 0
    <J_re> = 0
    <J_im> = 0
    <Sigma> = 58
    <d_lam> = 0
    <Phi_h> = 0
    <Phi_hx> = 0
    <Phi_hy> = 0
    <LamType> = 3
    <LamFill> = 1
    <NStrands> = 1
    <WireD> = 1.0239652968433499
    <BHPoints> = 0
  <EndBlock>
[CircuitProps]  = 2
  <BeginCircuit>
    <CircuitName> = "New Circuit"
    <TotalAmps_re> = 2.5
    <TotalAmps_im> = 0
    <CircuitType> = 1
  <EndCircuit>
  <BeginCircuit>
    <CircuitName> = "Receiver"
    <TotalAmps_re> = 0
    <TotalAmps_im> = 0
    <CircuitType> = 1
  <EndCircuit>
[NumPoints] = 33
0	0	0	0
-68.25	0	0	0
68.25	0	0	0
-9.5	20.600000000000001	0	0
9.5	20.600000000000001	0	0
-9.5	99.200000000000003	0	0
9.5	99.200000000000003	0	0
-34.350000000000001	113.5	0	0
34.350000000000001	113.5	0	0
-34.350000000000001	142.90000000000001	0	0
34.350000000000001	142.90000000000001	0	0
-45.294751666637467	136.34598189165953	0	1
-40.981863850361592	101.22032941091808	0	1
-58.466871346915504	134.72864896055609	0	1
-54.153983530639643	99.602996479814635	0	1
-67.248284467100873	133.65042700648712	0	1
-62.935396650825012	98.524774525745656	0	1
-80.420404147378918	132.03309407538367	0	1
-76.107516331103042	96.907441594642222	0	1
44.036800495012891	134.40301952056083	0	2
40.952407566389226	99.148247024124885	0	2
57.257340181176382	133.24637217232697	0	2
54.172947252552675	97.99159967589101	0	2
66.071033305285354	132.47527394017106	0	2
62.986640376661668	97.22050144373506	0	2
79.291572991448845	131.31862659193712	0	2
76.207180062825174	96.063854095501199	0	2
-200	0	0	0
200	0	0	0
-200	400	0	0
200	400	0	0
75.202530917935306	115.87616826717915	0	0
-75.531424192258072	115.66611479938746	0	0
[NumSegments] = 32
1	3	-1	0	0	0
4	2	-1	0	0	0
0	2	-1	0	0	0
0	1	-1	0	0	0
3	5	-1	0	0	0
6	4	-1	0	0	0
6	8	-1	0	0	0
5	7	-1	0	0	0
9	7	-1	0	0	0
10	8	-1	0	0	0
9	10	-1	0	0	0
17	15	-1	0	0	1
15	16	-1	0	0	1
17	18	-1	0	0	1
18	16	-1	0	0	1
13	11	-1	0	0	1
11	12	-1	0	0	1
13	14	-1	0	0	1
14	12	-1	0	0	1
19	21	-1	0	0	2
21	22	-1	0	0	2
20	22	-1	0	0	2
19	20	-1	0	0	2
23	24	-1	0	0	2
25	26	-1	0	0	2
24	26	-1	0	0	2
23	25	-1	0	0	2
28	2	-1	0	0	0
1	27	-1	0	0	0
29	30	-1	0	0	0
30	28	-1	0	0	0
29	27	-1	0	0	0
[NumArcSegments] = 0
[NumHoles] = 0
[NumBlockLabels] = 6
0	120	3	-1	0	0	0	1	0
-168	198	2	-1	0	0	0	1	0
48.087341484708602	110.3	4	-1	1	0	2	100	0
70.294215084708625	107.29189760000001	4	-1	1	0	2	-150	0
-72.705741484708597	121.25731840000002	4	-1	2	0	1	150	0
-50.587341484708602	124	4	-1	2	0	1	100	0
[Solution]
6983
-200	0	-5.2259336461720473e-006	6.9137547542163409e-007	-1	
-200	0.15348994845174077	-5.2259390778697728e-006	6.9137590568393094e-007	-1	
-199.84651005154825	0	-5.2259282145622946e-006	6.9137504517092401e-007	-1	
-200	0.54381516339617098	-5.225993587457774e-006	6.913802235480173e-007	-1	
-199.67712266936709	0.32287733063290819	-5.225931301948196e-006	6.9137528973037607e-007	-1	
-199.33306075427055	0	-5.2258365753339633e-006	6.9136778614123575e-007	-1	
-200	0.93414037834060115	-5.2261111799487826e-006	6.9138953839030274e-007	-1	
-199.62942442695442	0.73897777086838601	-5.2260157806864055e-006	6.9138198154765924e-007	-1	
-199.20642233353846	0.4797042991112262	-5.225849166931476e-006	6.9136878356898243e-007	-1	
-198.81961145699282	0	-5.2256270436988432e-006	6.9135118847429221e-007	-1	
-200	1.7147908082294616	-5.2265392581712546e-006	6.9142344755543761e-007	-1	
-199.55775758582647	1.3244655932850313	-5.2262575819643957e-006	6.9140113532548781e-007	-1	
-199.18935901616535	0.98224152431233058	-5.2260059818467789e-006	6.9138120538319968e-007	-1	
-198.43603318355576	0.70510454711081227	-5.2254949655842584e-006	6.9134072621638535e-007	-1	
-197.79271286243741	0	-5.2248801041689039e-006	6.9129202070648436e-007	-1	
-200	3.2760916680071821	-5.2282101846850869e-006	6.9155580382093973e-007	-1	
-199.15296376793324	2.2287962511842552	-5.2268516291422266e-006	6.914481913552621e-007	-1	
-198.95926613086175	1.5993322515229627	-5.2262756774202139e-006	6.9140256892382322e-007	-1	
-198.0467233959256	2.2246725766790236	-5.2261779140080148e-006	6.9139482620040358e-007	-1	
-197.19034225495278	1.1956155793544778	-5.2245227316494736e-006	6.9126371284847801e-007	-1	
-195.73891567332652	0	-5.2217350809053017e-006	6.9104288477414e-007	-1	
-200	4.8373925277849033	-5.2310137766102732e-006	6.9177787403681585e-007	-1	
-198.59492466081369	3.5463121638312889	-5.2281306332117358e-006	6.9154950504968629e-007	-1	
-197.28132727684084	3.3166639540778062	-5.2265866257098544e-006	6.9142720618291769e-007	-1	
-195.9683646796843	3.0834138610634718	-5.2243308289746102e-006	6.912485249159792e-007	-1	
-191.63132129510473	0	-5.2107075276593506e-006	6.9016929888019819e-007	-1	
-200	6.3986933875626235	-5.234837580189171e-006	6.9208074675020855e-007	-1	
-197.69977373582839	4.7948728206625448	-5.2296864818950966e-006	6.9167275137587534e-007	-1	
-196.25081239753058	5.3054704434606847	-5.2287606915320524e-006	6.9159943982156685e-007	-1	
-192.54635831922192	4.6473677220243825	-5.2178413447472655e-006	6.9073451599080108e-007	-1	
-187.52372691688296	3.2225254340783303	-5.1927951134224619e-006	6.8875008341896553e-007	-1	
-183.4161325386612	0	-5.1647905348166565e-006	6.8653068329733253e-007	-1	
-200	9.521295107118064	-5.2459239157028981e-006	6.9295879348798711e-007	-1	
-197.73259439118826	7.19922264926306	-5.2361071864975363e-006	6.9218132591958061e-007	-1	
-193.95493325034124	8.6284923295832368	-5.2336779228073144e-006	6.9198911028488904e-007	-1	
-188.82393330809685	8.2041598820841468	-5.2125644836124259e-006	6.9031705181372189e-007	-1	
-180.7268781733886	7.6569968156355799	-5.1566935596544093e-006	6.8589014775164e-007	-1	
-175.20094378221765	0	-5.0914336807639613e-006	6.8071532012559592e-007	-1	
-175.94960291007723	5.2821929167576762	-5.1043279132117171e-006	6.8173812490752411e-007	-1	
-200	12.643896826673506	-5.2607338657493698e-006	6.9413161919426328e-007	-1	
-196.68094679864177	11.082595966895784	-5.2503435556384122e-006	6.9330890865601687e-007	-1	
-191.3826053839388	14.226906214672459	-5.2529568256238668e-006	6.9351706102357913e-007	-1	
-184.38938635390662	13.642989236834442	-5.2122864423062462e-006	6.9029774756466177e-007	-1	
-178.22525758962661	13.301046990580495	-5.1607822425184371e-006	6.862177185034066e-007	-1	
-166.98575502577413	0	-4.9879175659044798e-006	6.7250641736293456e-007	-1	
-171.09334940399586	2.8739646939638788	-5.0438006202535864e-006	6.7693818094986935e-007	-1	
-171.29163287302171	7.8832249491374036	-5.0587085485089317e-006	6.7812141001038914e-007	-1	
-200	18.889100265784389	-5.3032310655550935e-006	6.9749598616150223e-007	-1	
-196.50436214495389	15.766498546228949	-5.277685877476117e-006	6.9547404305098982e-007	-1	
-195.1303701482135	20.822551994788753	-5.3151503873723896e-006	6.9844040282660281e-007	-1	
-190.39280234842522	23.060180611027253	-5.3193652785782405e-006	6.9877806311321816e-007	-1	
-185.47561146989503	20.704802804218389	-5.272707417173627e-006	6.9508743794676396e-007	-1	
-181.16857432772679	17.752850616113488	-5.21718028424042e-006	6.9069013949526972e-007	-1	
-172.95915568618463	16.523092717283063	-5.1247046796661592e-006	6.8336171180929362e-007	-1	
-176.6646819436736	19.802773319294069	-5.192416158685973e-006	6.8873380672778901e-007	-1	
-158.77056626933057	0	-4.8523443250135312e-006	6.6175631444884391e-007	-1	
-166.14184073776741	5.5785166525757655	-4.9818978515430612e-006	6.7202852731363705e-007	-1	
-166.75294466773664	11.118897398787682	-5.0116678220225075e-006	6.7439096558698388e-007	-1	
-200	25.134303704895274	-5.3630805966490321e-006	7.0223062399690785e-007	-1	
-194.75202284450549	26.155572475093685	-5.3685366069154117e-006	7.0266418354756673e-007	-1	
-185.40457263708663	26.156547867309794	-5.3291108047153322e-006	6.9955900392033431e-007	-1	
-187.60872538964253	31.598205379709853	-5.4096955428389677e-006	7.059344165654396e-007	-1	
-180.49871715314495	22.931255972063848	-5.2569606276500802e-006	6.9384927333119872e-007	-1	
-168.6742702202904	19.154151332062291	-5.0912119575746506e-006	6.8071006139547997e-007	-1	
-175.23487007924638	25.468639442449454	-5.2338006981698178e-006	6.9202986455290649e-007	-1	
-169.55271114056353	24.10501534148786	-5.1498920513150087e-006	6.8537833320069588e-007	-1	
-156.63003152336196	5.2583288671806212	-4.8189062945016255e-006	6.5910323409922181e-007	-1	
-150.55537751288705	0	-4.6892854048994729e-006	6.4884041937230816e-007	-1	
-160.93769754937668	8.9564263351284978	-4.9078609316727617e-006	6.6615361147502364e-007	-1	
-164.570947352942	16.248044944379316	-5.0100087230072225e-006	6.7426072371053537e-007	-1	
-200	31.379507144006155	-5.4406919020287694e-006	7.0836386809380157e-007	-1	
-193.85754471591628	34.502108863561595	-5.4755340924256399e-006	7.111220018788125e-007	-1	
-181.53306060822936	30.891937177583326	-5.3591939208197342e-006	7.0196065216127412e-007	-1	
-188.63118620693328	37.573275277525731	-5.5045157826354342e-006	7.1342850658807569e-007	-1	
-183.66869812034949	36.271419849632402	-5.4536755985432774e-006	7.0943800399058146e-007	-1	
-163.89042388168011	22.745980410259943	-5.0542112812751201e-006	6.7777851419192452e-007	-1	
-175.92351858503562	31.249704311432652	-5.3126594178729899e-006	6.9830010738911912e-007	-1	
-170.49388109922862	32.703662978231243	-5.269938178732899e-006	6.9494489959146451e-007	-1	
-166.89861964721038	28.746352433443718	-5.1680844131516602e-006	6.868459922292392e-007	-1	
-150.97735027572591	5.7866338801681616	-4.7051402074747492e-006	6.5008555669860497e-007	-1	
-156.84337083130134	13.617957078823263	-4.8586171323888129e-006	6.6223477139528764e-007	-1	
-142.34018875644352	0	-4.49520468240521e-006	6.3351539079406234e-007	-1	
-145.17574142598502	5.8539200622270737	-4.5718690645375489e-006	6.3954581806693122e-007	-1	
-158.16707053785254	21.67280780153898	-4.9461051241604462e-006	6.6917690329197009e-007	-1	
-200	37.624710583117036	-5.5338160530087608e-006	7.1571174454144995e-007	-1	
-193.78293515899074	42.251571410643983	-5.6050676850622022e-006	7.2133677909271399e-007	-1	
-178.53849428578704	36.225331017338043	-5.410687355285764e-006	7.0606935596351481e-007	-1	
-186.07651346635856	43.070595860795805	-5.5875554005492099e-006	7.2000446848740192e-007	-1	
-181.26014376345822	40.801318465994754	-5.5123015297418675e-006	7.1410493404727013e-007	-1	
-161.59169502624184	28.096150369764654	-5.0775628480956396e-006	6.7965329535306389e-007	-1	
-173.53750222751745	36.700126793019848	-5.3668022832001741e-006	7.0263729094012696e-007	-1	
-168.62123122715988	37.287043152092551	-5.314991991236319e-006	6.9857030414729409e-007	-1	
-162.25699645618684	35.344926586655937	-5.1900417368517942e-006	6.8865731778286706e-007	-1	
-148.54645838330345	11.054836351888721	-4.6725528049574914e-006	6.4747437076834394e-007	-1	
-150.74936345575077	19.048967591158242	-4.7752147966939694e-006	6.5556903507877346e-007	-1	
-139.14438138588949	4.4277506735636143	-4.4146854856706485e-006	6.2716703318364993e-007	-1	
-134.125	0	-4.2692170193138754e-006	6.1579504603443223e-007	-1	
-140.35735889154586	9.7519263231550255	-4.465455365235723e-006	6.3109052271442434e-007	-1	
-150.33445198862302	26.906114928450542	-4.8466917163342762e-006	6.6121813735156182e-007	-1	
-154.69685927370475	30.430378846326434	-4.9820398757176315e-006	6.7204689714550603e-007	-1	
-200	43.869914022227917	-5.6433204495142801e-006	7.2433514830277904e-007	-1	
-190.27744524620653	45.932883573628487	-5.6626611434944641e-006	7.2589277391568661e-007	-1	
-195.16205974913703	47.969748055342336	-5.7194191349550059e-006	7.3032455824914781e-007	-1	
-171.98734135078348	41.478448030831743	-5.4311922554906423e-006	7.0779492476314919e-007	-1	
-177.68084552221515	44.742848766500622	-5.5541717182838689e-006	7.1747741440095144e-007	-1	
-185.08431429790215	49.040792472086245	-5.6996684502251239e-006	7.2886670620190158e-007	-1	
-180.00304029745016	49.268161294369541	-5.6672761361049141e-006	7.2639994090493214e-007	-1	
-165.43661215409452	41.078137020750034	-5.335551897657985e-006	7.0027893667914458e-007	-1	
-152.98077982097323	35.798244026164191	-5.0277477804252311e-006	6.7573413080197426e-007	-1	
-155.20298569547032	40.501765541428604	-5.1508856281640729e-006	6.856429214933843e-007	-1	
-159.3839519533478	43.597057893322827	-5.2844324469181049e-006	6.9633310837898354e-007	-1	
-142.27101780885329	16.474962791873665	-4.5556209711028679e-006	6.381092772993216e-007	-1	
-145.20724694060897	24.633934944515474	-4.703926444494174e-006	6.4979894604942649e-007	-1	
-134.12698924531335	6.5827302290617995	-4.2789608944946942e-006	6.1648366867102934e-007	-1	
-125.90981124355648	0	-4.0113429144781912e-006	5.9579718960245795e-007	-1	
-127.6081264723621	7.4974812187477236	-4.0799370982634004e-006	6.0094122838340215e-007	-1	
-134.25671803974819	13.164182323060158	-4.3139728372297824e-006	6.1902995698334157e-007	-1	
-137.32444928630835	17.093593032238367	-4.429314520259997e-006	6.2803562454529886e-007	-1	
-145.87228931302499	30.30319275215076	-4.7910328556345859e-006	6.5671862556393093e-007	-1	
-147.36384067707931	35.341188306591476	-4.8988735398287934e-006	6.6537753806225021e-007	-1	
-200	50.115117461338805	-5.7697840918613243e-006	7.3426463719114585e-007	-1	
-190.81466969660218	50.987773153022516	-5.7703083154851833e-006	7.3435384735053494e-007	-1	
-195.72064328985746	53.237719180894246	-5.8363374601999738e-006	7.3948483085080743e-007	-1	
-168.35850119329709	46.946886658498656	-5.4921846382194468e-006	7.1276180259532452e-007	-1	
-171.89919060595662	51.666152658967064	-5.6369074040524647e-006	7.2421159163448422e-007	-1	
-186.29200107764783	54.892611669358224	-5.8389693903194708e-006	7.3980548676100636e-007	-1	
-177.44937439000418	53.667005742876952	-5.74182359139692e-006	7.3236719060869266e-007	-1	
-181.52578832089716	56.76822418079896	-5.8510681677875873e-006	7.4087219389589383e-007	-1	
-150.00155356379892	40.581874047974516	-5.0463514866639858e-006	6.7728944625933851e-007	-1	
-154.79044032433217	45.430377555682696	-5.236354476436432e-006	6.9259730634432971e-007	-1	
-159.28921972708639	50.031043026603363	-5.4168209860449699e-006	7.0706137236409365e-007	-1	
-139.70627370979167	24.758220352041871	-4.5670273430468971e-006	6.3879468630261324e-007	-1	
-140.1795622505546	29.884117533652276	-4.6436549031432296e-006	6.4482121635572339e-007	-1	
-121.80221686533471	0	-3.8703149860749717e-006	5.8502966725160674e-007	-1	
-123.85601405444561	3.8961025234195432	-3.9465747197192681e-006	5.9076776213476249e-007	-1	
-122.43850172634477	8.0660373630397082	-3.9082390710461956e-006	5.8766015720078111e-007	-1	
-125.56567297620144	12.280436353376114	-4.0377756484617357e-006	5.9736753576575427e-007	-1	
-129.63148330778648	15.473090015079132	-4.1890781459768654e-006	6.0904328758385655e-007	-1	
-135.19862533041049	21.602707804680598	-4.4101358001432009e-006	6.2631373064736863e-007	-1	
-142.15711631557787	34.636811914650167	-4.7633249628706833e-006	6.5441674407133553e-007	-1	
-144.22510022577561	39.554789267471214	-4.8960251404581512e-006	6.6515481796844866e-007	-1	
-200	56.360320900449693	-5.913520208673347e-006	7.4550797917321192e-007	-1	
-194.94727490996911	58.791192982273692	-5.9685664118218872e-006	7.498226252925923e-007	-1	
-189.46275737794502	59.957056333846012	-5.9803724518665254e-006	7.5081370901364924e-007	-1	
-166.53290234048461	54.117867028944495	-5.6230616169954849e-006	7.2333898841412775e-007	-1	
-172.26400042162467	56.740704057961445	-5.7608326449982133e-006	7.3407159361405459e-007	-1	
-176.23295280391935	59.811908625561195	-5.8808987778958373e-006	7.4341217156683069e-007	-1	
-180.82259341420689	61.841706540962491	-5.97537180129404e-006	7.5066503038303905e-007	-1	
-149.95056249414071	46.448705920758776	-5.1587648885097014e-006	6.8647363205330608e-007	-1	
-154.00346540864189	53.700639758536255	-5.4020577925775804e-006	7.0618382301203092e-007	-1	
-159.30252747838193	55.691858769133496	-5.5475385280446512e-006	7.1767628404061192e-007	-1	
-135.34573936969127	28.114094845746511	-4.4884954214388348e-006	6.3229472587750368e-007	-1	
-137.48305574746422	33.793878584241021	-4.6282062224574994e-006	6.4343382538273061e-007	-1	
-117.69462248711294	0	-3.7212148031727207e-006	5.7378433491946574e-007	-1	
-118.21818153285027	4.9468617764365499	-3.7470140195543327e-006	5.755658222374003e-007	-1	
-117.51069860979494	9.8707853565835322	-3.7391357227759594e-006	5.7454156820686321e-007	-1	
-122.58196473629049	16.705006528011815	-3.9665364263876462e-006	5.9135311902084299e-007	-1	
-117.56862477877996	14.87586504589054	-3.7725175239842485e-006	5.7643517947846025e-007	-1	
-126.889417707878	19.855432687875016	-4.1397322936022104e-006	6.0476401447785959e-007	-1	
-128.88613127558901	27.28146827295215	-4.2849313580817928e-006	6.1576502297307321e-007	-1	
-139.15856384166122	37.883482065266151	-4.7398866975465764e-006	6.5245531058502457e-007	-1	
-141.32156561706941	44.030562437745012	-4.9099378902103058e-006	6.6633998179621061e-007	-1	
-200	62.605524339560574	-6.0739005778319433e-006	7.5799261195387617e-007	-1	
-193.58227899014125	65.853119143919159	-6.1543315215217808e-006	7.6427553372107841e-007	-1	
-187.88188917345002	65.448759740731717	-6.1206275498173955e-006	7.61783394577386e-007	-1	
-167.65507918747534	58.895234902496057	-5.7565195841454133e-006	7.3397869532899892e-007	-1	
-162.53080926946146	60.341934966843155	-5.718028152202372e-006	7.3124596393201169e-007	-1	
-171.6196708839999	61.787385893542904	-5.8829028860988933e-006	7.4381189668642707e-007	-1	
-176.48121986374684	65.454334202808184	-6.0372224787200661e-006	7.5572146930740814e-007	-1	
-185.12524378311102	70.454641958793388	-6.2516171074236883e-006	7.7204747106244466e-007	-1	
-179.65781702888324	69.934564781038958	-6.1958849737250753e-006	7.6796926971003692e-007	-1	
-145.24397259557674	49.322154977952906	-5.1140058812928177e-006	6.8302497478862804e-007	-1	
-148.14201935515788	54.475650542344432	-5.2981310491057711e-006	6.9807045186580288e-007	-1	
-154.55918353526258	58.494539821379625	-5.531353874312973e-006	7.1675752561229602e-007	-1	
-149.8247438525494	59.430157980424951	-5.4596738475748009e-006	7.1133647858172301e-007	-1	
-157.99831849144363	61.777186811996629	-5.6802440783831895e-006	7.2859116596683245e-007	-1	
-132.74247996195299	34.084257673939462	-4.4992916712247113e-006	6.3284807225142045e-007	-1	
-135.50686671566075	40.372918167216234	-4.6851642120392039e-006	6.4790960604990949e-007	-1	
-109.47943373066941	0	-3.3954609985563403e-006	5.4993762276583194e-007	-1	
-113.58702810889116	6.7628941201172017	-3.5735508285621464e-006	5.6252552801811081e-007	-1	
-113.01725125608628	12.07603115168561	-3.5784727536140975e-006	5.6203409145455078e-007	-1	
-118.6015973408081	22.485424701942453	-3.8835133612935128e-006	5.8381094344861302e-007	-1	
-112.94701070708678	17.289456988931128	-3.6168182007772482e-006	5.6377394017087367e-007	-1	
-122.99615229337792	26.486824245803923	-4.0834462963566948e-006	5.9939061132008111e-007	-1	
-125.28876608428023	31.719618535551781	-4.2329826511783722e-006	6.1100242688900096e-007	-1	
-135.80040753113568	46.357013225608185	-4.8103679759046262e-006	6.5819987759233542e-007	-1	
-139.73446551878163	49.554597935039126	-4.984572077558547e-006	6.7258364480997884e-007	-1	
-200	68.850727778671455	-6.2497168211013411e-006	7.7160472325682561e-007	-1	
-194.63255911743786	71.973329498226889	-6.3380161692223417e-006	7.7844790774687698e-007	-1	
-166.6561461152647	63.699884462287955	-5.8709911135290318e-006	7.4321142992888427e-007	-1	
-161.75586855661993	65.769065158491728	-5.8559446740909978e-006	7.4246341879194717e-007	-1	
-170.71987009198514	66.84931435339503	-6.0128699537643424e-006	7.5418605548092798e-007	-1	
-174.20929640806884	70.625114292824236	-6.1660674716463331e-006	7.6600432952754417e-007	-1	
-188.48360858990196	76.201781405665741	-6.4493974525396321e-006	7.87176716628588e-007	-1	
-181.93209082414103	75.024563939686246	-6.3728398405964983e-006	7.8159804049505449e-007	-1	
-173.69922920206423	75.928650885330498	-6.3281453574441812e-006	7.7875455003059403e-007	-1	
-142.25255726389284	53.95466318311788	-5.1482348459537178e-006	6.8610450761415238e-007	-1	
-145.57307388113318	62.480077346945038	-5.4477292569201384e-006	7.1089975509774835e-007	-1	
-153.45993115067381	63.193682790449664	-5.6353489651678486e-006	7.2543919805870718e-007	-1	
-149.15848680494156	66.793714813038264	-5.6505181571769232e-006	7.2732919981691335e-007	-1	
-158.00057970481183	69.763070775038685	-5.9117900485732543e-006	7.4745877440624261e-007	-1	
-128.60981854945297	40.722817643890757	-4.4887093968895825e-006	6.3153057084883516e-007	-1	
-130.05604656695971	46.282641256019787	-4.6433877893734085e-006	6.4430981927835457e-007	-1	
-107.98353479341586	5.5374340671119393	-3.3396673569737306e-006	5.4564600704853153e-007	-1	
-101.26424497422587	0	-3.0308430922355339e-006	5.248868564511161e-007	-1	
-107.67393691277502	12.020690327876551	-3.3594458188519427e-006	5.4563483875622368e-007	-1	
-117.69832330409581	29.180579903077415	-3.9353172449701836e-006	5.8663760511792971e-007	-1	
-111.7563090525221	25.966007802971724	-3.6677859488526536e-006	5.6525900120757733e-007	-1	
-107.80467214049857	18.150326759432097	-3.4174595951294596e-006	5.4793075499679509e-007	-1	
-123.23855828211812	40.019614846506556	-4.3047325997407632e-006	6.1604518848780779e-007	-1	
-120.76032271934857	35.202636589432572	-4.1375095810283008e-006	6.0250092207515132e-007	-1	
-132.61033135899922	51.428400993683887	-4.8325083313731787e-006	6.6017203740494924e-007	-1	
-137.61306662926762	54.159055229413369	-5.0352364435458499e-006	6.7700657212282502e-007	-1	
-200	75.095931217782336	-6.4416540149105155e-006	7.8636339502756699e-007	-1	
-194.50311645635887	78.370177123498721	-6.542301221259614e-006	7.9411201742641567e-007	-1	
-165.88997124174264	68.722473805499646	-6.0055905705860062e-006	7.5404433510078336e-007	-1	
-166.28290420142861	73.787948248881307	-6.1670151937584747e-006	7.6685843888833822e-007	-1	
-184.9045074453104	81.81411256072704	-6.6193534633781434e-006	8.0037992814591141e-007	-1	
-190.49394870831	82.294338796819375	-6.6636499353524161e-006	8.0347902123549447e-007	-1	
-178.04090335756149	79.016940779459858	-6.4722267719790687e-006	7.8957445936969264e-007	-1	
-168.00137223943955	78.994233641163518	-6.3624978923725285e-006	7.8210842303134875e-007	-1	
-173.01511198001364	81.212555934551972	-6.4987803022866904e-006	7.921398807290647e-007	-1	
-138.61825926270012	58.692953907930239	-5.1763548549126696e-006	6.8890404942612328e-007	-1	
-137.95059605818199	64.627071095823368	-5.3206693819243166e-006	7.0139490815825479e-007	-1	
-143.20177585734029	68.097936933602327	-5.5543497914622346e-006	7.2035531283859683e-007	-1	
-148.65303311611791	72.380052664578386	-5.8107402323745533e-006	7.4077523301522734e-007	-1	
-154.35715207661207	74.751833316362806	-6.0007102187860123e-006	7.5534506085863611e-007	-1	
-160.94424809134739	74.239692039345215	-6.1005716991791166e-006	7.6230113623107999e-007	-1	
-122.24866193892666	45.345498459902117	-4.3766529012269914e-006	6.2166072373796491e-007	-1	
-125.43590410734986	51.782852712217718	-4.6228070724964895e-006	6.4256549512082457e-007	-1	
-102.26369827872318	5.9668056116705541	-3.0873629020012339e-006	5.2803790709680045e-007	-1	
-93.049056217782336	0	-2.618821753687171e-006	5.0002439612272709e-007	-1	
-97.156650596004113	4.637454892726006	-2.8372826993484553e-006	5.1218773918814247e-007	-1	
-101.59783275930363	11.201854081128374	-3.0857775461676408e-006	5.2615404453980276e-007	-1	
-103.10150090380832	16.105095232722	-3.1949528845718507e-006	5.3181829265549254e-007	-1	
-110.97739558469432	34.504879431333833	-3.7689713556591147e-006	5.709295117506043e-007	-1	
-105.59858129050889	27.569080787234583	-3.4439904418097257e-006	5.4580558520995751e-007	-1	
-104.84207182040755	22.424152847274989	-3.3424326034250104e-006	5.4002817445521345e-007	-1	
-116.15539302374692	40.617767125726076	-4.071036897446543e-006	5.9572352749474736e-007	-1	
-133.90609060778627	56.956371484956563	-5.0038558910594937e-006	6.7473724554748173e-007	-1	
-129.39666966251505	59.166659855844586	-4.9290211735567363e-006	6.6882598875785477e-007	-1	
-200	81.341134656893217	-6.6490449491471157e-006	8.021846963039171e-007	-1	
-195.46567878638848	83.998817844162772	-6.7383049710476641e-006	8.0899058719805648e-007	-1	
-187.33940613429809	86.933447765048115	-6.8174254349964266e-006	8.152852738805097e-007	-1	
-179.44801276617335	85.383647949197609	-6.7081831923965127e-006	8.075972043147869e-007	-1	
-193.58478834197646	88.906526059635908	-6.9140357360276779e-006	8.2228703229556888e-007	-1	
-163.44990800074478	82.238411889572888	-6.4108659115649384e-006	7.8664536779711576e-007	-1	
-168.58494468931556	84.445653931262427	-6.5610874965289646e-006	7.9759878463646027e-007	-1	
-173.86834263854442	86.630240155992666	-6.7023968916427119e-006	8.0777762637112819e-007	-1	
-133.62658710038932	61.970564314663697	-5.1287912411005341e-006	6.8559649398631961e-007	-1	
-132.98889851605841	67.005187936627166	-5.2549395247441931e-006	6.9682209014270253e-007	-1	
-138.30528321900005	71.73218520466483	-5.5443390954860805e-006	7.2068459968008633e-007	-1	
-143.25935128770379	73.291202937943524	-5.7177689523495253e-006	7.3425608344637508e-007	-1	
-149.18264804203815	78.126270242996071	-6.0123003763199588e-006	7.574663764183293e-007	-1	
-158.79347888048528	79.146780108204169	-6.2286619473666267e-006	7.7297860815045768e-007	-1	
-153.09812274370557	82.847322248675056	-6.2575349264539661e-006	7.7661031995346715e-007	-1	
-116.81094001199443	46.199287691828893	-4.2081092312007008e-006	6.0687268171267051e-007	-1	
-117.55346085221565	51.653317267200727	-4.3567864871874884e-006	6.1951724058895379e-007	-1	
-121.41413345130492	56.619624843525877	-4.6105681175960577e-006	6.4172536769030151e-007	-1	
-96.15138489502489	10.151741700905367	-2.8182896184295304e-006	5.0834927846383725e-007	-1	
-88.94146183956056	0	-2.3928465323571853e-006	4.8847678144538497e-007	-1	
-90.995259028671455	3.9928050559389661	-2.5148221572945056e-006	4.9362805477973537e-007	-1	
-98.016512682368273	15.437497698802524	-2.955102319762665e-006	5.1446409329425828e-007	-1	
-99.896678556610553	20.816149255201541	-3.1050892915560915e-006	5.2193836655159461e-007	-1	
-109.69638092249234	40.209955450843481	-3.8231090464744891e-006	5.7380846240439874e-007	-1	
-104.30411744829516	33.798993912242267	-3.4910162875361287e-006	5.466016032453526e-007	-1	
-99.893520721375069	30.386834872753091	-3.2467249593807648e-006	5.2696179867675573e-007	-1	
-101.07470838247536	25.601881274343548	-3.2231338591446794e-006	5.2823708550624442e-007	-1	
-111.31917726026873	45.827376834295144	-4.0001504585888547e-006	5.8833065950242425e-007	-1	
-121.95883066095526	63.182597388408048	-4.8041252450592748e-006	6.5906093499222046e-007	-1	
-127.81502776101736	65.133038471931428	-5.0459188258872647e-006	6.7953926707503372e-007	-1	
-200	87.586338096004084	-6.872577090134495e-006	8.190753889914978e-007	-1	
-182.7384118416021	90.245120466027771	-6.9132636832690423e-006	8.2288902814351565e-007	-1	
-188.13917611429426	92.545639185423212	-7.0343730376079794e-006	8.3155520683160789e-007	-1	
-176.98723590494319	91.42181773086395	-6.9145278990374619e-006	8.2360526608133632e-007	-1	
-200	93.83154153511498	-7.1116604381913726e-006	8.3695590107621571e-007	-1	
-193.85155078421883	95.199708619242742	-7.1587045063472426e-006	8.4055773811526229e-007	-1	
-163.34691698017184	89.554837535696848	-6.6814218242982527e-006	8.0799565083618492e-007	-1	
-156.16403580135679	88.159520598007177	-6.5113851734959839e-006	7.9629092112662285e-007	-1	
-169.87227425630914	92.642177926152868	-6.8886343452667603e-006	8.227282974811176e-007	-1	
-131.20745261012854	72.210985924666588	-5.3646498488927548e-006	7.0714852823285638e-007	-1	
-139.40978630104513	76.777486938927851	-5.7393875071422771e-006	7.3729428095112114e-007	-1	
-134.96300021852912	79.404479551088443	-5.7115451193544945e-006	7.3655101751620808e-007	-1	
-143.61739966229302	79.651891067453462	-5.9401198911735964e-006	7.5303651023646176e-007	-1	
-146.99600100670332	83.466502744595161	-6.1550984615895815e-006	7.6996903805358538e-007	-1	
-150.52559043313917	87.872887134710084	-6.3940739212186049e-006	7.8851130127686751e-007	-1	
-112.37770866449445	50.943246502825524	-4.153634882983681e-006	6.0140348387589147e-007	-1	
-116.15492942799811	60.070679305752854	-4.5188147736011545e-006	6.3399570231672697e-007	-1	
-109.98050886955942	55.585018184229583	-4.1767391735702165e-006	6.0315490896797381e-007	-1	
-92.372821054630634	14.291835110055848	-2.6655716204399302e-006	4.9459130065790244e-007	-1	
-88.784528978936663	9.7876195362004452	-2.430352179097479e-006	4.8453286533253971e-007	-1	
-84.833867461338784	0	-2.1513205528228693e-006	4.7837333738082029e-007	-1	
-86.525971612232738	3.5614756018156988	-2.25961006655405e-006	4.8151747475302281e-007	-1	
-94.456606699042922	22.510414424624415	-2.8759167060418118e-006	5.0181494453869369e-007	-1	
-103.91113609687707	39.361525571093615	-3.5773191004662589e-006	5.5160790398316926e-007	-1	
-105.73182434089081	49.024413377254888	-3.8544570774563298e-006	5.7401320170159787e-007	-1	
-99.214435840238266	36.077443807871568	-3.319263219357485e-006	5.2928264989652986e-007	-1	
-94.91499111398106	28.008701395587114	-2.9842327833236604e-006	5.0540305240811839e-007	-1	
-123.53182010429707	69.577517863770737	-5.0448887944237566e-006	6.8080775614771458e-007	-1	
-116.42068343234808	67.697867499234619	-4.7459520910557152e-006	6.5532997216288685e-007	-1	
-181.74974398428495	100.05590027182194	-7.3017641963433612e-006	8.5208233241260651e-007	-1	
-188.47298008108484	99.302694562283023	-7.308595293998626e-006	8.519447729235747e-007	-1	
-174.52390131158532	98.411104998116414	-7.1729626511680309e-006	8.4348753216393469e-007	-1	
-200	100.07674497422586	-7.3657739755756139e-006	8.5573989144238867e-007	-1	
-194.03649711724418	102.66797851591754	-7.4680758037872978e-006	8.633687313608978e-007	-1	
-158.21414907095357	94.115296125321535	-6.7822380103124921e-006	8.1721034872404656e-007	-1	
-163.89713335397758	96.831528108940731	-6.98097334649364e-006	8.3112880318518105e-007	-1	
-153.11526574512263	92.53169309869979	-6.6282652152969582e-006	8.0661613746952298e-007	-1	
-169.00965187961503	98.972659800018505	-7.1373471002427652e-006	8.4186987461421887e-007	-1	
-123.43800165970696	76.932281514595502	-5.2809076985907939e-006	7.0287806271406573e-007	-1	
-128.8150807177349	79.9651490078639	-5.5546294721637538e-006	7.2540415467580958e-007	-1	
-139.05947128162606	81.930377005208513	-5.9109082880737783e-006	7.522575315267271e-007	-1	
-134.99391957807535	84.505745418713019	-5.8980435938950751e-006	7.5301195874782866e-007	-1	
-139.59287666972281	86.713337574925788	-6.1025596734192673e-006	7.6846938145531994e-007	-1	
-144.90372925615173	88.7592712912124	-6.3084470549983472e-006	7.8352966595251569e-007	-1	
-148.07778540743678	94.273727277190886	-6.5994113466664575e-006	8.0620863797033669e-007	-1	
-108.94683273039774	62.57826119427785	-4.3215788123208934e-006	6.1672609685319857e-007	-1	
-104.38961365960391	59.911197203821551	-4.0709658627215481e-006	5.9324544223794752e-007	-1	
-102.95166893003667	54.83046980086975	-3.8827419243643734e-006	5.7557934935321824e-007	-1	
-87.312235681375697	17.040339000583934	-2.4400013410982271e-006	4.7445289328356892e-007	-1	
-84.40152491034236	10.236123396233898	-2.1865325990215417e-006	4.7000772305964071e-007	-1	
-83.387582292869126	5.9484899293607523	-2.0863850217785497e-006	4.7174707171507436e-007	-1	
-80.726273083117036	0	-1.8892310432214238e-006	4.7113227012716949e-007	-1	
-82.780070272227917	2.330399620914831	-2.0266706283961783e-006	4.7373823155821678e-007	-1	
-89.432828685664447	28.630932057375897	-2.740596390695477e-006	4.822548695515833e-007	-1	
-86.565537405606619	23.166239879081232	-2.499861921348797e-006	4.689549673107543e-007	-1	
-97.496652375772854	42.203600094822953	-3.3692489450043837e-006	5.3017084606883089e-007	-1	
-99.317588757006888	48.479310472164201	-3.5821648236604661e-006	5.479647757058477e-007	-1	
-93.590744984293863	37.181204418242459	-3.0949791613689097e-006	5.0670405372664356e-007	-1	
-117.3137105325504	73.506444385581872	-4.9595559478311717e-006	6.7546587708022453e-007	-1	
-111.90478798093761	71.20848449103238	-4.6869831519672665e-006	6.515284651619373e-007	-1	
-107.36156882174588	67.733300601981043	-4.4086454834456185e-006	6.2577199485506023e-007	-1	
-182.50759442244259	105.70298967194297	-7.5507092308444014e-006	8.7033731019320862e-007	-1	
-187.86554993657123	104.71670221460646	-7.5365573620306271e-006	8.687490608201293e-007	-1	
-176.94626120316121	104.46382511318075	-7.4548110164269913e-006	8.6409657899544719e-007	-1	
-168.19472076750787	104.45519369193779	-7.3654375506685875e-006	8.5924254952856184e-007	-1	
-200	106.32194841333674	-7.6340901206398852e-006	8.7532449029622978e-007	-1	
-192.71130082755849	108.99446004719132	-7.7431622629522475e-006	8.8342448947764684e-007	-1	
-152.24732861979487	98.17637535236976	-6.8470672137320241e-006	8.2439953351096373e-007	-1	
-157.51798364760811	100.37545429051769	-7.03443817389635e-006	8.3715128706582082e-007	-1	
-162.57604783938464	103.14888458372654	-7.2336744433264012e-006	8.508602614038934e-007	-1	
-124.07531616303282	83.920638407925111	-5.5512403656341533e-006	7.2804057677471896e-007	-1	
-116.85596823179687	79.365414843981881	-5.1412924982846784e-006	6.936771237017823e-007	-1	
-130.35483182499547	86.627710139958552	-5.848688796635982e-006	7.5118379213370698e-007	-1	
-132.83070627960933	92.110393548417449	-6.1381257748903742e-006	7.7533545977521249e-007	-1	
-137.98391160747215	95.214301814021624	-6.40586700754068e-006	7.9518361111264837e-007	-1	
-143.26680188894929	97.276172883114157	-6.6210118221270504e-006	8.1026011182928521e-007	-1	
-149.11027302940977	102.36648161336113	-6.9706470652911749e-006	8.355712583046962e-007	-1	
-102.84604678440037	64.784139079565861	-4.1429862476227697e-006	6.005554751195808e-007	-1	
-99.255685611635244	61.145805962366623	-3.8931670762112126e-006	5.7608641191645092e-007	-1	
-95.723100035880805	53.694003670686378	-3.5539074457698892e-006	5.4317689333575823e-007	-1	
-81.10050515218181	20.299596832373599	-2.1626943502704861e-006	4.4478323308077329e-007	-1	
-80.378974436763187	13.321935962991285	-1.9941374780747544e-006	4.5104491408990909e-007	-1	
-80.709334952378981	7.832040682995129	-1.9341039119475145e-006	4.627953453580387e-007	-1	
-79.699374488561588	2.7280914308132092	-1.8264366495785166e-006	4.685380388454281e-007	-1	
-78.522658833291047	5.3949892250711011	-1.7658559430956644e-006	4.629486283992998e-007	-1	
-78.672475894006155	0	-1.7477461968286291e-006	4.6949206508845473e-007	-1	
-87.870902857551386	34.676595560476983	-2.786327740381544e-006	4.7833012904041476e-007	-1	
-79.236149528130682	30.496497208571675	-2.2852817550125191e-006	4.3150042950201058e-007	-1	
-76.602867157199782	24.746154239413247	-2.0230312778421039e-006	4.1763664848734198e-007	-1	
-92.43265592818932	46.055419257479201	-3.2336417771626872e-006	5.1379102835047081e-007	-1	
-87.63129690613755	40.916166737513294	-2.9076147480056091e-006	4.8371702181732775e-007	-1	
-107.51921990834219	74.880614128150398	-4.6382943489934226e-006	6.4944751189141859e-007	-1	
-102.41276066188209	69.877313370579387	-4.2737041567136368e-006	6.1427295603589867e-007	-1	
-186.31704443462178	109.9399752258814	-7.7624782418371819e-006	8.8531164942359761e-007	-1	
-180.95304702878579	110.93169491425699	-7.7766758283906579e-006	8.8703050555618613e-007	-1	
-175.49927314969182	110.82066975566941	-7.7296198786966685e-006	8.8457162272335094e-007	-1	
-168.54604182328418	111.12944834399698	-7.6746637770096805e-006	8.8214733293264432e-007	-1	
-159.59346037875875	108.08650556949871	-7.4149082790981593e-006	8.6558495106980913e-007	-1	
-200	112.56715185244765	-7.9174770342355729e-006	8.957074250667733e-007	-1	
-190.25193073978011	114.45647070116436	-7.9884648387682195e-006	9.0117314376799591e-007	-1	
-151.69381949095887	106.91877729099265	-7.2275512814864195e-006	8.5450253236181659e-007	-1	
-119.69909866498641	87.414368540557362	-5.5388252128951069e-006	7.3037639010153706e-007	-1	
-126.82661081927223	92.485372715251032	-5.9765644175832987e-006	7.6535656668370626e-007	-1	
-108.71371948111559	81.92916825485699	-4.9265805978280986e-006	6.7870983935421824e-007	-1	
-114.11274208614957	87.801731424629395	-5.3530988500795697e-006	7.1739447104806876e-007	-1	
-130.32055927679605	100.1741044936491	-6.415029406491538e-006	8.0161167495416078e-007	-1	
-138.21492312654158	101.1620749562891	-6.6719342951934369e-006	8.1753331627521821e-007	-1	
-143.9043754410738	102.9112187566912	-6.8853219010130194e-006	8.3143004056457659e-007	-1	
-146.26764528398633	107.89166348858643	-7.1685479212597898e-006	8.5272808960907137e-007	-1	
-94.891522740529055	65.06339456619456	-3.8142311035187781e-006	5.6868568640805549e-007	-1	
-92.04855017131446	58.852594332275224	-3.5250971469677309e-006	5.3908874984933582e-007	-1	
-89.464346947395413	52.723754167521989	-3.258809291880334e-006	5.1258795283519534e-007	-1	
-76.220280932506668	15.260572189935568	-1.7820847609178519e-006	4.2857262048026557e-007	-1	
-72.101639305408924	20.303230862371116	-1.6724833370494306e-006	3.9385019087696921e-007	-1	
-77.530600946610264	8.6171663919925123	-1.7385071926386787e-006	4.5250953908662832e-007	-1	
-74.994761159669594	10.838904702533151	-1.6107344295393486e-006	4.3723820623834673e-007	-1	
-76.603142325020272	2.2125359399892854	-1.6038278213661686e-006	4.6784117007498555e-007	-1	
-75.134555941463319	3.8674711951805634	-1.506050791559471e-006	4.6469935096987178e-007	-1	
-74.406591625884118	7.3494241825621174	-1.4997798002119363e-006	4.5050597116233569e-007	-1	
-76.618678704895274	0	-1.5993462000743815e-006	4.6955510181432122e-007	-1	
-81.154075273118607	37.543048618116785	-2.5353295129019105e-006	4.4667654719931664e-007	-1	
-73.098845130999351	29.828875346607873	-1.97193176665892e-006	3.9482797108148536e-007	-1	
-71.877701762997987	35.880406812972879	-2.0632644742870793e-006	3.9133959497802047e-007	-1	
-85.287600831052657	47.54730944674867	-2.9510801127824228e-006	4.8218817754144136e-007	-1	
-80.376271910062556	44.003464254891348	-2.6463695211390452e-006	4.504813648926449e-007	-1	
-103.29575719445486	78.870576413238211	-4.5979839630432345e-006	6.4871390306447314e-007	-1	
-93.527317667535925	70.767109369128178	-3.9180643789667102e-006	5.8069745805917922e-007	-1	
-97.6644749954405	77.440157898577709	-4.3084474893407494e-006	6.2178644504255841e-007	-1	
-184.86136267310778	117.06871830262678	-8.0904707291158215e-006	9.0898758210795049e-007	-1	
-178.04812312864775	119.62170756129115	-8.1712324086247059e-006	9.1585490513718322e-007	-1	
-173.84476743028381	116.06943009779539	-7.9645494165976294e-006	9.019284305230096e-007	-1	
-162.51306606640378	114.00560987660576	-7.7370856216346575e-006	8.8862242351017776e-007	-1	
-167.92451713303399	117.78398128810167	-7.9882014368370987e-006	9.0522167473356811e-007	-1	
-153.94354493371756	113.72976446418956	-7.594572187962537e-006	8.8152638902683735e-007	-1	
-200	118.81235529155852	-8.2127639795344425e-006	9.1667947854167041e-007	-1	
-194.28862198316091	118.50831051569041	-8.1920273846880304e-006	9.1536889469533028e-007	-1	
-191.22887935216013	123.34052089076745	-8.4230770537038111e-006	9.3175907352199475e-007	-1	
-146.85121616260309	114.8019973883578	-7.5177147136226077e-006	8.7951057441374937e-007	-1	
-118.08407467315885	92.776189810955287	-5.7000018677653169e-006	7.4758325180573518e-007	-1	
-121.88820608611979	99.705391519993199	-6.1337876723613559e-006	7.8453591178443224e-007	-1	
-107.75078637611053	87.596211845436798	-5.099289247482238e-006	6.9843038181405641e-007	-1	
-101.38121344529682	84.356190195175415	-4.7096002422958809e-006	6.6369874545818627e-007	-1	
-110.17937050967909	92.806260053316009	-5.4061221702606858e-006	7.2787951774441032e-007	-1	
-125.72232769083921	104.91389927670342	-6.4997366197511045e-006	8.1346539409648135e-007	-1	
-135.43819621025253	106.42697374982511	-6.8473490477235358e-006	8.3410844815817825e-007	-1	
-141.55154067534204	110.74617419941004	-7.2039986680576878e-006	8.5851195911369817e-007	-1	
-89.074183998291616	65.806353510179775	-3.5764791070517077e-006	5.4439181641969772e-007	-1	
-84.727731289213438	60.751865700718255	-3.2452568855084763e-006	5.0853886912699549e-007	-1	
-82.94905145096898	54.062302882306618	-2.9989657372108025e-006	4.8305619373728839e-007	-1	
-71.871803647455124	13.796404377095463	-1.4775164824904593e-006	4.0958070353460326e-007	-1	
-66.783441596108418	26.3389135765722	-1.5703098702467645e-006	3.5104894824521906e-007	-1	
-65.892537388166545	18.343978780466209	-1.2707800083525331e-006	3.4916516437637552e-007	-1	
-72.527572508855286	8.3020961049003219	-1.381290235530854e-006	4.4085468113467132e-007	-1	
-74.564881515784393	0	-1.441225482551299e-006	4.7259183964729456e-007	-1	
-74.392648124564928	2.3088274484270062	-1.4352892023443469e-006	4.701224957976247e-007	-1	
-73.687774624063067	3.6664898516545321	-1.3914435932707778e-006	4.6676863371649941e-007	-1	
-73.072472475755504	5.097906633137252	-1.3626299463637813e-006	4.6030672175630242e-007	-1	
-72.029244054417134	6.2551556110733415	-1.299933534288392e-006	4.5313787850681478e-007	-1	
-74.879114209963433	41.461565804078489	-2.3350777723228582e-006	4.158021753661508e-007	-1	
-63.645573421348672	31.960547235492562	-1.5819709430750234e-006	3.3164955667017534e-007	-1	
-68.566866434299399	40.901797656161399	-2.0335536366966832e-006	3.7649774221824199e-007	-1	
-63.108185828495245	38.376168503329644	-1.7269991177123141e-006	3.3653400633552593e-007	-1	
-77.728143287528084	52.71765552731916	-2.7285955614906687e-006	4.5214825479992209e-007	-1	
-75.621644822970751	47.754932204467465	-2.5160872586870793e-006	4.304858497429233e-007	-1	
-87.068997924663392	72.163925922537786	-3.660979647099175e-006	5.550884898668199e-007	-1	
-91.427655084704043	76.687860279666012	-4.0019079086691849e-006	5.9241174076193478e-007	-1	
-94.731938688733493	84.723418036872118	-4.4229016857392799e-006	6.3968312124845791e-007	-1	
-183.77569323434267	124.53920318829233	-8.4540433953783186e-006	9.347530399309532e-007	-1	
-172.49581959071364	121.40489765282251	-8.215544114984736e-006	9.2024099039031483e-007	-1	
-175.96716085141043	127.83976644209609	-8.5748716171036096e-006	9.4464272155217124e-007	-1	
-163.21773673823844	120.56787567539803	-8.0728475884758744e-006	9.1291409481837821e-007	-1	
-157.83342834958131	119.61232723586787	-7.9500673296778659e-006	9.0617168724892371e-007	-1	
-168.08728557804423	125.22231423200647	-8.3682018628972425e-006	9.3233983475166776e-007	-1	
-150.80387923484642	120.17905203264085	-7.8688071361144159e-006	9.0365992855173993e-007	-1	
-200	125.0575587306694	-8.5223863946354097e-006	9.3830415202659493e-007	-1	
-194.83509401915643	128.18016045022486	-8.6766294168985766e-006	9.4910199362439645e-007	-1	
-188.80315086167664	132.02839872899952	-8.8618773806054519e-006	9.6228282539709555e-007	-1	
-141.11874248935524	118.21886841252632	-7.5766147924561525e-006	8.8791224500078261e-007	-1	
-112.30937204856215	98.174158107368868	-5.7206723777160878e-006	7.5725019180845344e-007	-1	
-119.28111936749083	105.49688887070506	-6.3167323079626822e-006	8.0483470852385686e-007	-1	
-113.13659739062743	103.88965758753625	-6.0160301385651484e-006	7.855421018970606e-007	-1	
-103.73762657729486	91.711691362020034	-5.0942893691326966e-006	7.0406203413200531e-007	-1	
-97.255933504424206	90.885979293878322	-4.770670206743581e-006	6.785271583486648e-007	-1	
-106.56257974102492	97.603531917661854	-5.4638907243793032e-006	7.4016379637312456e-007	-1	
-123.14399795530231	109.79529863367844	-6.6589246481393381e-006	8.3056861205340956e-007	-1	
-128.58785009189256	110.71198714259059	-6.8698641715544142e-006	8.4232596309888857e-007	-1	
-135.07502946039708	114.49894325108738	-7.2401325324755304e-006	8.6644520641134033e-007	-1	
-80.961300563004428	69.642612113540494	-3.2999995080408931e-006	5.1521987372154453e-007	-1	
-77.322120451352475	58.093630231208913	-2.8371553056867668e-006	4.6241200380629753e-007	-1	
-76.575697125202325	65.92639091384055	-2.9933005299562548e-006	4.7965902315477499e-007	-1	
-67.652743726562576	12.960221782173008	-1.1857102297514629e-006	3.8315441447009207e-007	-1	
-69.552510988570944	10.174174468519945	-1.2178908046952014e-006	4.1538799701297226e-007	-1	
-60.561827031043059	27.260003402890167	-1.3067929642190425e-006	3.0211018498736579e-007	-1	
-60.249085273181336	21.646911855905667	-1.10581567529318e-006	2.9345505097551035e-007	-1	
-61.384033488346454	15.369601665063319	-9.146999963292544e-007	3.0694776248082367e-007	-1	
-64.280944793567258	12.913883470120972	-9.7314068989203618e-007	3.4941582034325803e-007	-1	
-70.636027146685478	7.3745440704433651	-1.2160255457812997e-006	4.4207021242209607e-007	-1	
-72.511084326673512	0	-1.2712456130898719e-006	4.803482173529441e-007	-1	
-73.42989964825685	1.1200426806015771	-1.3511448646773311e-006	4.7523377566345188e-007	-1	
-72.870024832410067	2.4561779253002545	-1.3125062146119271e-006	4.7369421276357107e-007	-1	
-72.23199591844957	3.7859806090637016	-1.2733151580541255e-006	4.6941152052892811e-007	-1	
-70.70449579962083	5.5886560788477642	-1.1774317087421622e-006	4.5841477760265235e-007	-1	
-71.115474444906553	45.335945373035045	-2.2538434073015572e-006	3.9954446006446971e-007	-1	
-58.293121651054548	35.538289781281961	-1.4478917710898014e-006	2.9780730403028085e-007	-1	
-55.944266730699823	30.466674729146302	-1.2110741680496959e-006	2.7021439592926835e-007	-1	
-65.735881863923467	46.208540813325648	-2.0307489587892156e-006	3.6779022589100561e-007	-1	
-57.495426516252763	42.395578098036744	-1.5820876655022945e-006	3.0612654827650837e-007	-1	
-71.268853982117463	50.448043130741922	-2.3786892386595273e-006	4.1023810416865993e-007	-1	
-69.529003049024325	55.261830963213349	-2.408391469230127e-006	4.1050397943156949e-007	-1	
-82.549065755518086	76.983801810087328	-3.5830139117088069e-006	5.4998918525752456e-007	-1	
-88.490008694569696	82.402637774989131	-4.0445457427416783e-006	6.0203934040665999e-007	-1	
-87.252484002399669	90.34789540805869	-4.2575536175289648e-006	6.3455397435158447e-007	-1	
-181.38667147595365	132.28255360659745	-8.8434076488967043e-006	9.6206955042205549e-007	-1	
-174.65192836413493	134.21973930146652	-8.9053742769668904e-006	9.677738076310453e-007	-1	
-168.54874007102006	131.94268356199197	-8.7303777063586766e-006	9.5752924158517824e-007	-1	
-161.36908708344038	125.71436419654205	-8.3179273284897541e-006	9.3122474843756363e-007	-1	
-153.58377186102641	128.24825054998732	-8.3454511595364695e-006	9.3688901486332334e-007	-1	
-148.03632144451228	128.25248944198498	-8.2561436707679301e-006	9.3372948830099473e-007	-1	
-143.65814224187727	124.84576506782403	-7.9869952774899345e-006	9.1700490544557022e-007	-1	
-200	131.30276216978029	-8.842903565761894e-006	9.6037024489754872e-007	-1	
-194.99149491157524	134.42536388933573	-9.0040709552848069e-006	9.714515261915608e-007	-1	
-191.75089643889572	139.35834333979105	-9.2653362299816249e-006	9.8921877466652442e-007	-1	
-183.15714877307039	139.06303023726207	-9.2204740009021288e-006	9.8727870795766753e-007	-1	
-135.11971596084953	122.01043683382508	-7.6449042407250098e-006	8.9818924744165398e-007	-1	
-106.31327111851725	103.60626779519383	-5.7301050179642779e-006	7.6918915464865076e-007	-1	
-117.96639455515263	111.710570660882	-6.5861178993901529e-006	8.3136676160977903e-007	-1	
-109.54747866258256	108.02065505952777	-6.0811732412608626e-006	7.9862595474250356e-007	-1	
-100.86019908365301	99.495051847003566	-5.2972255874690407e-006	7.3355080489836114e-007	-1	
-94.207870824769302	95.494141373751035	-4.8089443922830995e-006	6.9100826710679948e-007	-1	
-122.66367375095508	116.45283528591571	-6.9954111517335198e-006	8.601182400931422e-007	-1	
-129.01993776075309	118.944210086243	-7.3183058428560671e-006	8.7876264795458578e-007	-1	
-75.686703640582138	73.930598464298669	-3.1521931403756987e-006	5.0046976473039166e-007	-1	
-71.447902426216814	63.328403415060563	-2.6844145259286147e-006	4.4259551479705317e-007	-1	
-71.914401322976062	69.290337846077861	-2.8467552876704877e-006	4.6311227439717201e-007	-1	
-67.054785669722961	9.6415441169013718	-1.0156972573867124e-006	4.0237265366085183e-007	-1	
-68.852839102288812	7.2548600143584663	-1.0696042341158301e-006	4.3768709408113976e-007	-1	
-54.473486681047127	20.763248227676307	-8.2835670944312842e-007	2.3398208602293011e-007	-1	
-57.615186900066256	15.836979838811024	-7.5304239780273046e-007	2.589203370970587e-007	-1	
-60.539832096049281	11.666903868519489	-6.8943678741442374e-007	3.0214574842570624e-007	-1	
-64.703383561154268	8.644932365165392	-7.9808087429115329e-007	3.8790862269236104e-007	-1	
-71.484185732118064	0	-1.1800504767779185e-006	4.8716227457080472e-007	-1	
-71.981334991252552	1.1394755399762972	-1.2271807511391864e-006	4.8223622526616086e-007	-1	
-71.293155698696808	2.6484239667075284	-1.1780149417637955e-006	4.798149961432045e-007	-1	
-70.792706454700564	4.1083188046520602	-1.1555918957068764e-006	4.707876462903958e-007	-1	
-69.429366940042485	4.8315392077418648	-1.0486546209369319e-006	4.6675807682896826e-007	-1	
-52.718442233958548	35.93997133491596	-1.2322114200831176e-006	2.5866403886122001e-007	-1	
-50.323298852773682	26.355484471631865	-8.6968556977559606e-007	2.1382435226768049e-007	-1	
-47.961153393795513	31.729137413972754	-9.4355888311404069e-007	2.1265073269329551e-007	-1	
-66.225892431339972	51.324498128340124	-2.1683011838960666e-006	3.8132134291690033e-007	-1	
-61.4759536387092	53.286948400701505	-1.9952324561762684e-006	3.5575634941404876e-007	-1	
-57.787705413123852	48.461834749755539	-1.7303959809524111e-006	3.2090315386655528e-007	-1	
-50.704524077230957	41.153658353900369	-1.277033454331263e-006	2.568756712349793e-007	-1	
-52.010706646493411	46.588019932750143	-1.4455419671519631e-006	2.7833789200231983e-007	-1	
-64.082363284003506	60.065243762346739	-2.2586004639700788e-006	3.8867018622406127e-007	-1	
-73.783922284345536	80.456517767253118	-3.2269768024600241e-006	5.1366291068740258e-007	-1	
-80.665129463921133	84.254623532317012	-3.7052647718276428e-006	5.7018514773005597e-007	-1	
-81.291096262265611	90.169735687770185	-3.9334381860797089e-006	6.028898309320049e-007	-1	
-83.487350236913329	94.973222683198102	-4.2269882281473765e-006	6.4282959465447134e-007	-1	
-88.719415059532281	96.128725620733491	-4.5549972788338549e-006	6.7329299767458486e-007	-1	
-172.77309499608216	140.45703642097104	-9.2374804037112521e-006	9.9077250338571826e-007	-1	
-159.42787511875906	132.19064410885858	-8.6449197259625211e-006	9.5511883494947554e-007	-1	
-166.85628191998981	141.29548873194565	-9.2363599994935022e-006	9.9264233937163294e-007	-1	
-161.51147571723945	138.62252672132198	-9.0317346714609947e-006	9.8086250591221916e-007	-1	
-154.14987064701648	136.41594577746901	-8.8148978882927634e-006	9.6961080880508515e-007	-1	
-147.54632889927325	133.77825919809121	-8.563475172107527e-006	9.5599793547179847e-007	-1	
-140.53355049190213	129.19613131810698	-8.1704755937052666e-006	9.3295221233024044e-007	-1	
-135.63049497825443	127.25789506849463	-7.9544556553723747e-006	9.211930081060226e-007	-1	
-200	137.54796560889116	-9.1757283418926629e-006	9.8288484218631613e-007	-1	
-200	143.79316904800203	-9.5190014212169105e-006	1.0057333294520039e-006	-1	
-194.15342932016424	146.88463909133509	-9.687619927133042e-006	1.0170224260541557e-006	-1	
-187.56226002499449	146.05704597369163	-9.6268112268813875e-006	1.0136345394276843e-006	-1	
-182.49740749214405	147.6167845562083	-9.6973769396917845e-006	1.019042540909983e-006	-1	
-177.75278496234827	145.72597427935091	-9.5664490924041247e-006	1.0114243649580009e-006	-1	
-126.96042246604087	125.45323745665756	-7.6315042312813491e-006	9.0599701729775576e-007	-1	
-104.8538151863541	109.84822668279082	-5.9775722710668606e-006	7.9879010768678266e-007	-1	
-100.538069132446	107.25114546257188	-5.6522852612149141e-006	7.7526413739846806e-007	-1	
-114.19725813400412	118.20066523350278	-6.8081088772935731e-006	8.5745858950920145e-007	-1	
-108.44437631695364	113.38069970231487	-6.3197523331890423e-006	8.2405271866481592e-007	-1	
-93.231615668182542	100.93222648918641	-4.9945477677450175e-006	7.1868539809058919e-007	-1	
-119.55657600126112	122.36041086232703	-7.2308927176713543e-006	8.8430004748934502e-007	-1	
-68.909756484199164	74.460869034770027	-2.8157722942443121e-006	4.6150317100113292e-007	-1	
-62.120754043647715	67.057435724595436	-2.3080885093932817e-006	3.953532504017843e-007	-1	
-66.509024613148469	7.1466549953157541	-8.7133695189638937e-007	4.2622903550903034e-007	-1	
-67.5660846427362	5.0519476698169781	-8.8346137115998954e-007	4.6409389290402122e-007	-1	
-52.556398218960091	15.243902946408696	-5.2296647787988741e-007	1.8937458610644075e-007	-1	
-46.853969064298667	20.317196962995077	-5.5235978625873714e-007	1.5944728369903147e-007	-1	
-56.686431886913589	10.828936583613118	-4.5327146473015542e-007	2.3565992013745503e-007	-1	
-59.586348709427327	7.8404496647197952	-4.0318329168191612e-007	3.018579840024093e-007	-1	
-62.557925222196808	5.7362942128136956	-4.6161037212212562e-007	3.9346030988048242e-007	-1	
-64.59125904403156	5.032371572849506	-5.943201655125289e-007	4.4517861260978438e-007	-1	
-70.457287137562616	0	-1.0848197033332962e-006	4.9650171447337358e-007	-1	
-70.919010392624259	0.5548998847330513	-1.1289452698504697e-006	4.9139913228513945e-007	-1	
-70.775024861593707	1.2622685391101891	-1.1185561505639676e-006	4.9060979949828056e-007	-1	
-69.738767618402846	2.9809522657584675	-1.0390387803552102e-006	4.8669662392221587e-007	-1	
-70.079021593195549	1.8023951210566358	-1.0568865060926616e-006	4.9405486376177137e-007	-1	
-68.529216087030647	3.1852921875679883	-9.2426567810670349e-007	4.9224615212566183e-007	-1	
-46.541188580020133	37.424712630027749	-1.0351938972039825e-006	2.1896840633358428e-007	-1	
-43.999165055823084	25.973244169606506	-6.5289747298509484e-007	1.634432827737776e-007	-1	
-42.129267062986408	32.396204830822079	-7.6699100993874716e-007	1.7432288311580573e-007	-1	
-57.961025617358509	58.528778392767812	-1.9416090168069368e-006	3.4558433371095186e-007	-1	
-49.49423719590439	51.660366084081751	-1.43878351508695e-006	2.7335599664474379e-007	-1	
-51.894406946662535	56.788767310801632	-1.6347268346759068e-006	3.0134622846005537e-007	-1	
-44.434170831630098	43.965816450856771	-1.0954530729118127e-006	2.2170141150993344e-007	-1	
-58.082424348527056	63.748320079948151	-2.0466216889313296e-006	3.598608040352398e-007	-1	
-69.51251649041015	82.164243382778508	-3.0368703631921831e-006	4.9333516388861292e-007	-1	
-70.940669544102818	86.537070053207472	-3.2360436693896207e-006	5.2024806258596201e-007	-1	
-74.900424066495162	87.075477354497863	-3.4777944828556499e-006	5.4848655696031255e-007	-1	
-77.818304078825861	89.477263810088076	-3.7173563924309221e-006	5.7853271118428114e-007	-1	
-79.025690778216756	92.476516776560203	-3.8863248298202673e-006	6.0257765565909042e-007	-1	
-80.738214634796606	93.355269066148921	-4.0144626991893235e-006	6.1814782729660226e-007	-1	
-83.757813944471422	98.151645224120259	-4.3657140811752428e-006	6.6498518849289677e-007	-1	
-81.005652261636897	96.97739224320469	-4.1620728265487196e-006	6.4358557357910112e-007	-1	
-86.691731821332297	101.746778019563	-4.6811637557509947e-006	7.0128855740796437e-007	-1	
-170.50302926822502	145.7337647303975	-9.5226376333290424e-006	1.0104509751789226e-006	-1	
-162.46454674986612	145.3481843102854	-9.4326140178938811e-006	1.0074699786151484e-006	-1	
-158.95278259770421	142.41546788057425	-9.2246238191292943e-006	9.9508005292019019e-007	-1	
-150.04743754156829	140.43473046030323	-8.9956753600273673e-006	9.8438552986826846e-007	-1	
-141.78049236561282	134.40515196302675	-8.4989737582942357e-006	9.5561650689689943e-007	-1	
-143.81999433481002	139.8345439353624	-8.8630084409281861e-006	9.7953259527122914e-007	-1	
-136.3072110337506	132.48654389103532	-8.2768792434548005e-006	9.4431040754322252e-007	-1	
-130.41382512520624	130.59117703137142	-8.0286108764762737e-006	9.3208075189042051e-007	-1	
-200	150.03837248711292	-9.8712481625409276e-006	1.0288042798502082e-006	-1	
-191.97718471856405	153.16097420666836	-1.0043986252679748e-005	1.0403048132736838e-006	-1	
-186.71151424417025	151.28789172191651	-9.923541152738612e-006	1.0330982574203797e-006	-1	
-181.27292954255387	152.57533880157885	-9.9804204950947081e-006	1.0376524463316298e-006	-1	
-172.83424944929496	151.05204475601883	-9.848805653372557e-006	1.0311452419505303e-006	-1	
-120.44806197198348	133.55999094057952	-7.9501484956073427e-006	9.3901915463484617e-007	-1	
-117.0246920640395	128.65448231308619	-7.5336507564877852e-006	9.1252463460603232e-007	-1	
-100.06952116095431	112.91418802652781	-5.9274236090689296e-006	8.0711160012443656e-007	-1	
-92.846382458543118	112.51183139136974	-5.5441992839328046e-006	7.9041454086286484e-007	-1	
-91.219539347097509	107.20798332036306	-5.1860775341616421e-006	7.5186098462075369e-007	-1	
-107.22918402234495	120.98879365544015	-6.7047607054855691e-006	8.6306751704599733e-007	-1	
-113.02763679149315	124.20397385120937	-7.1205899433071296e-006	8.8649133596326611e-007	-1	
-99.9062154428848	118.59423375919683	-6.243339518271798e-006	8.400911877787692e-007	-1	
-62.481172818425087	73.541428151521473	-2.4596267399450459e-006	4.1745246277559647e-007	-1	
-62.088056854468782	80.023520354238798	-2.569366652007152e-006	4.3661579396976949e-007	-1	
-57.59082423616848	70.46587031472491	-2.1449613915969232e-006	3.7526944211177858e-007	-1	
-65.780187332062724	3.3895428303442565	-6.3569335294257099e-007	4.9728990811390763e-007	-1	
-67.297619472853114	2.9686926875935895	-7.8929821487152182e-007	5.0437821442959282e-007	-1	
-49.121559178061538	10.268866580092881	-1.7718970621830231e-007	1.0625782959672973e-007	-1	
-52.851704326307654	9.2055339293636962	-2.1788360866118468e-007	1.5435706147105815e-007	-1	
-44.00724581476809	13.235376774424493	-1.964180079108131e-007	8.4726362121743255e-008	-1	
-42.371747450316676	18.729931210524796	-3.7283650444176359e-007	1.1394546894771317e-007	-1	
-40.107450792660273	22.911161150618788	-4.5340146073627224e-007	1.2211957231473586e-007	-1	
-56.079391005716722	6.7092189949366219	-1.5654223294553168e-007	2.1111994641233531e-007	-1	
-58.558231724886603	5.0026113348817596	-1.22998716487043e-007	2.8242278500189704e-007	-1	
-60.35331778775295	4.9211844569849141	-2.2790803577314285e-007	3.4641571720889492e-007	-1	
-63.830848334852263	4.0014684972621826	-4.5167021927008103e-007	4.6337301333559289e-007	-1	
-62.069541315728024	3.3151724221367389	-2.1881614724328123e-007	4.4105769295959055e-007	-1	
-64.635788578733894	3.0049461434387763	-4.7967527780051743e-007	5.0597086197406192e-007	-1	
-69.9438378402849	0	-1.0351454107596876e-006	5.0275390765371076e-007	-1	
-70.200562488923765	0.48465135442929336	-1.060707255120205e-006	4.9897691045780278e-007	-1	
-69.860405501566049	0.94895251687828663	-1.0294943182673503e-006	5.0145221789213235e-007	-1	
-68.97847877918511	2.0182837913339107	-9.5036602866541855e-007	5.0388296591612256e-007	-1	
-69.330488880765472	1.3377920081009025	-9.7914431172715998e-007	5.0604453652534284e-007	-1	
-68.213539487976448	1.9752947296151668	-8.6968307644657909e-007	5.1405476635104603e-007	-1	
-39.889218279933246	38.811306843753599	-8.3366382876611105e-007	1.7894570697652624e-007	-1	
-37.80269927338324	27.294072598009439	-5.159500400784352e-007	1.2826520885493177e-007	-1	
-35.278027806291981	33.820487792477941	-5.9355219291531728e-007	1.3656749077396459e-007	-1	
-52.933406452137106	64.612014342287921	-1.8156997497955751e-006	3.2778999856997762e-007	-1	
-43.980914057823846	52.950552872799598	-1.2335361525856547e-006	2.3958698851116042e-007	-1	
-47.977473411820668	61.289590167088917	-1.5338346393357596e-006	2.857751665007934e-007	-1	
-38.768986113851483	45.442004995661243	-9.1323075661075202e-007	1.8837348730254692e-007	-1	
-66.980115095054842	86.004578968009184	-2.987817232084662e-006	4.9135062434043705e-007	-1	
-72.187929728075787	90.333631699376951	-3.4187967301906785e-006	5.4479942894217836e-007	-1	
-67.91678281082946	91.686676819901152	-3.1976988169371571e-006	5.1974012219615424e-007	-1	
-75.936156140620866	90.710014603618148	-3.6502655265447422e-006	5.7270332339232017e-007	-1	
-77.107095374472536	92.631226900805828	-3.7814508723829226e-006	5.9100934377622178e-007	-1	
-78.345018148827307	94.276969030137792	-3.9099181228169869e-006	6.0949335704527941e-007	-1	
-79.292975616632205	95.473807341575665	-4.0075536789647412e-006	6.2352764564657472e-007	-1	
-80.825985685234954	98.749681218015382	-4.2196194453440262e-006	6.5571874922826168e-007	-1	
-82.059294724613039	101.4758897216042	-4.4027630836208781e-006	6.8158949503777711e-007	-1	
-78.77807127444899	96.911137791713486	-4.0292816336006187e-006	6.3091249218778441e-007	-1	
-79.135174107857239	98.188927708247491	-4.0977078677039585e-006	6.4286643427534396e-007	-1	
-84.284579021595306	105.71395199151709	-4.7213078918979972e-006	7.211839751649338e-007	-1	
-167.0712568861648	150.3402816768575	-9.7682088453201426e-006	1.0277690379389993e-006	-1	
-157.91910260457601	146.87246449144504	-9.4792420137878402e-006	1.0126104640735636e-006	-1	
-159.42618352957072	151.42364012353673	-9.7704496929545349e-006	1.0310249949448619e-006	-1	
-152.25046196631496	145.73824543582936	-9.3449954180090069e-006	1.0066946870257552e-006	-1	
-146.93432644091192	145.26061141476433	-9.2463947838909104e-006	1.0033738587190787e-006	-1	
-136.26520917372204	137.84745576875724	-8.6038693401911839e-006	9.6775435441993467e-007	-1	
-138.31237773998376	142.80227576329344	-8.9551021610910134e-006	9.9026027398414372e-007	-1	
-131.00263002632653	138.87039322253622	-8.5580271436950455e-006	9.6980576229853036e-007	-1	
-125.18258378080547	137.29394665922152	-8.3189541102320126e-006	9.596085503061611e-007	-1	
-200	156.28357592622382	-1.0232483641359379e-005	1.0520591743942735e-006	-1	
-194.78108890456912	157.82468070088498	-1.0320054160683362e-005	1.0577835528316285e-006	-1	
-186.23100162154333	159.57171412921446	-1.0408814873675004e-005	1.0642258906746759e-006	-1	
-179.34258331212337	157.89017344201145	-1.0287179918397773e-005	1.0577097793173858e-006	-1	
-173.79846544817528	156.77821079195022	-1.0195775206721208e-005	1.0532309700378182e-006	-1	
-165.36994304293722	156.35238590709682	-1.0120169911731408e-005	1.0511151491781238e-006	-1	
-115.614835426512	135.89220529897995	-7.9619875289478424e-006	9.4756408973817884e-007	-1	
-119.76916297363452	139.28939020483921	-8.3127227948064689e-006	9.6639978648079521e-007	-1	
-111.20604893242825	130.04259921305569	-7.425064406272605e-006	9.1485321486977232e-007	-1	
-87.334758372716976	113.14383044684416	-5.2714765141909454e-006	7.8327654570928371e-007	-1	
-90.640542337123691	117.60218425028981	-5.7158798464243141e-006	8.205106299985298e-007	-1	
-107.302843689105	126.35675632492496	-7.0402101704312399e-006	8.9211980314323555e-007	-1	
-101.9394649125132	126.59045926948195	-6.8326776702916626e-006	8.8856766331369247e-007	-1	
-94.808467748403189	122.44044658726835	-6.2298511767899067e-006	8.573149734073026e-007	-1	
-53.9516841043989	74.812633422742636	-2.0282074070363892e-006	3.6332456893789089e-007	-1	
-57.684562606900698	83.724396560667543	-2.3864528575799003e-006	4.1939430667541317e-007	-1	
-61.450082085257456	88.072742147415624	-2.701718692580013e-006	4.6167689021057216e-007	-1	
-51.954185095293809	69.860899562176016	-1.8502113456731217e-006	3.3509568119509173e-007	-1	
-66.57522449519162	2.4809840664532348	-6.9417904393692205e-007	5.2188359724409302e-007	-1	
-65.756315857704962	2.1824830675689322	-5.8351906237637974e-007	5.3816455113689708e-007	-1	
-67.486626509055668	1.6307744100873891	-7.8376750544922899e-007	5.3122314525807081e-007	-1	
-46.182539020085279	7.7376969563615878	1.12915311910819e-008	4.5804999120251304e-008	-1	
-49.836308530127923	6.4565454345423801	2.5908281738647114e-008	5.0821384055144808e-008	-1	
-53.490078040170559	5.1753939127231749	3.0120686148726136e-008	1.2948877455935658e-007	-1	
-38.875	10.299999999999999	6.3745772194114343e-009	2.440975304884287e-008	-1	
-37.625712667483342	18.438594625200341	-2.614358265763408e-007	8.1764492552006331e-008	-1	
-35.155506478200778	22.917472075281104	-3.401568639578265e-007	9.3977862443536374e-008	-1	
-57.143847550213195	3.8942423909039694	4.8825099733603355e-008	2.2463131647658868e-007	-1	
-58.97073230523452	3.2536666299943651	2.9672208992346772e-008	3.0815733449252757e-007	-1	
-60.797617060255838	2.6130908690847621	-3.4120267382914829e-008	4.0993808865204123e-007	-1	
-63.423006113505451	2.7871166864689298	-3.1161490554741259e-007	4.9970035639919093e-007	-1	
-62.624501815277156	1.9725151081751595	-1.3072598197190139e-007	5.1757762007910266e-007	-1	
-64.391938679012554	2.1851577766191319	-3.9705691927560671e-007	5.402587071941432e-007	-1	
-69.430388543007183	0	-9.8428777428538865e-007	5.1018302394828709e-007	-1	
-69.687113191646034	0.29187091015678557	-1.0100563238820253e-006	5.0609898499030416e-007	-1	
-69.344369794385585	0.50680592186269591	-9.7629290720520779e-007	5.1069941960947382e-007	-1	
-68.673596989074042	1.3154130544832903	-9.1146886364688054e-007	5.1592549901231223e-007	-1	
-68.912688875931025	0.83039578137537728	-9.3347860706968185e-007	5.1620145141826677e-007	-1	
-68.0161657437082	1.1954611995816469	-8.3937363749047722e-007	5.2933549702107934e-007	-1	
-34.196531634295724	41.78603583020665	-7.0081663716924896e-007	1.5142537618630205e-007	-1	
-33.096585854832632	27.151692370005719	-3.9732037626004658e-007	1.0179953876153037e-007	-1	
-29.384397410020878	30.047798823124207	-3.7164204963247593e-007	9.3856554086025197e-008	-1	
-28.808281683279962	38.289972865435786	-4.8718863327217141e-007	1.1230718764427093e-007	-1	
-46.637319739907142	69.370376056167672	-1.5827762426275175e-006	2.965460735748237e-007	-1	
-37.785879522455708	56.528162064507129	-1.0331249086221142e-006	2.0600658996822776e-007	-1	
-37.084467590754947	51.048773035424347	-9.3588312508273161e-007	1.8995768101607768e-007	-1	
-42.181196410480716	59.874334846030401	-1.2586281678552673e-006	2.4299950994852058e-007	-1	
-42.092964062796739	65.709302270099272	-1.3249527612276398e-006	2.5542288330467105e-007	-1	
-31.859306184349325	49.604926759567491	-7.2778605892613987e-007	1.5343038911578175e-007	-1	
-64.521364058191708	91.212085640782064	-2.9698520262799621e-006	4.9436716223249485e-007	-1	
-75.05308320359039	92.779395566158087	-3.6662390792773653e-006	5.7725074457828825e-007	-1	
-71.262389284910583	93.985239594314621	-3.4759365843503902e-006	5.5379741841563541e-007	-1	
-68.713340396641073	94.576651634163241	-3.3340361290522101e-006	5.3625597355933123e-007	-1	
-66.929658069765466	94.517232094076618	-3.2165667502855764e-006	5.2254428884933509e-007	-1	
-76.17176899712544	94.465916116821191	-3.7890139806829342e-006	5.9525471281891429e-007	-1	
-76.984231394121508	95.355621009992262	-3.8677253655573738e-006	6.0724269558950143e-007	-1	
-77.838435248066432	95.93787373844691	-3.938653996819543e-006	6.1751694540967137e-007	-1	
-79.495101043954904	99.933756536783747	-4.1861177041114758e-006	6.5869074928027721e-007	-1	
-78.610989093669531	101.6950077306757	-4.2016828986219453e-006	6.6924702996652887e-007	-1	
-79.695221151827994	104.35349017681597	-4.3804827909266069e-006	6.9509710257769065e-007	-1	
-77.842850608227195	97.888645379882774	-4.0087836439977215e-006	6.3335863370563394e-007	-1	
-77.42547907929783	96.885581323392387	-3.947683995255842e-006	6.2222861527353604e-007	-1	
-78.033213215695156	98.927813150362525	-4.0586137756721207e-006	6.4329598105503446e-007	-1	
-79.9031326160774	107.64164216414059	-4.5415762153943248e-006	7.2225053674653374e-007	-1	
-81.985949065355371	111.66215394723	-4.8713878207321667e-006	7.5989712680865735e-007	-1	
-154.51623568642356	150.2495918633355	-9.649403338222903e-006	1.0255706959053546e-006	-1	
-157.50109159198416	156.1926915235814	-1.0049392391522361e-005	1.0499482692124699e-006	-1	
-149.25882462301067	150.06541519680897	-9.5778417277849762e-006	1.0239171552208998e-006	-1	
-144.00919759417567	149.72525612767512	-9.4872278345407242e-006	1.0215168451538653e-006	-1	
-137.54467208914525	149.23941486186968	-9.3596025706212105e-006	1.0181272075218618e-006	-1	
-132.23407884274056	145.34171466761828	-9.0061375876354781e-006	9.9943936057528462e-007	-1	
-125.22009457341082	143.32359963492655	-8.7237766727592222e-006	9.8791140621095904e-007	-1	
-200	162.52877936533469	-1.0601000473386484e-005	1.0753914566793759e-006	-1	
-192.72609595776004	162.86343460805884	-1.0616478483319972e-005	1.0766437273330863e-006	-1	
-186.11977257442518	165.92581366722195	-1.0790450013541269e-005	1.0881778189834269e-006	-1	
-178.86847174565494	163.52479162313253	-1.0625453812613636e-005	1.0791603600719772e-006	-1	
-172.87071721436695	165.24017600910116	-1.0708066401385206e-005	1.0857986808851057e-006	-1	
-167.38711356293985	162.26600486351018	-1.0497426863698476e-005	1.0743140935881577e-006	-1	
-160.55313825871195	160.33211676974113	-1.0333808484055319e-005	1.0666563744471424e-006	-1	
-111.5532453468623	139.39973843186269	-8.0793825149879326e-006	9.6330213139973407e-007	-1	
-118.07326316355609	144.80399296600294	-8.6536842718857238e-006	9.9268155060524721e-007	-1	
-106.54630843961613	137.80349813049881	-7.7955998280415666e-006	9.5264587065885753e-007	-1	
-104.89741436560772	132.81365358126263	-7.3799048255181295e-006	9.2514358361696129e-007	-1	
-82.662281886563676	116.13934204628281	-5.1564000703123332e-006	7.9723316409712248e-007	-1	
-85.356061780971146	121.66899408313996	-5.6541088617295652e-006	8.4367578787358151e-007	-1	
-88.603922889795712	123.95173999787455	-5.9930571831457486e-006	8.6253564072835252e-007	-1	
-94.808356688637232	128.16264730188578	-6.6090456903780004e-006	8.9263401994111119e-007	-1	
-97.214636660799727	133.35431348205108	-7.0932688918058225e-006	9.2406428937576745e-007	-1	
-48.893634229133184	73.97426331609347	-1.7512156830657548e-006	3.2496800952190216e-007	-1	
-50.645907561524837	79.079741843914292	-1.909641056957573e-006	3.5288376291004967e-007	-1	
-56.604540188145165	89.374245926682619	-2.4183961669346368e-006	4.333103285706798e-007	-1	
-50.701117141590025	87.160617181851492	-2.0124434410264227e-006	3.8095245579969169e-007	-1	
-58.627630008533849	91.437562321096777	-2.5901850761532158e-006	4.5567243852920872e-007	-1	
-61.329261115933832	92.462919002621447	-2.792133357979883e-006	4.7758994880594915e-007	-1	
-66.374805034790825	1.6327233501767862	-6.4877473636785824e-007	5.4999304834614712e-007	-1	
-65.09029467129595	1.6913818679228954	-4.7293519130117381e-007	5.6275629466543501e-007	-1	
-65.741694574984948	1.3551071994587587	-5.5578049709730992e-007	5.7166524410666568e-007	-1	
-66.948669982679846	1.2059071743456182	-7.1385916741747899e-007	5.5176118911506507e-007	-1	
-67.517732462130965	0.94598114788303744	-7.8070184782268501e-007	5.4450366898812958e-007	-1	
-39.510263043268708	4.7007908467165809	-2.3639319362105972e-009	-1.0149749495060922e-008	-1	
-45.062910329593628	3.7401606420986186	-5.5943989488089461e-009	-1.4992381314651669e-008	-1	
-48.98753564755237	2.3869492387840943	-4.3017348424681095e-009	-5.8023837223493476e-009	-1	
-52.17236471488502	2.6368512364981047	-9.6918014075605793e-009	-2.929149631727635e-008	-1	
-55.012294874996606	2.5152113535473628	-1.2460984583966121e-008	-5.55223335623787e-008	-1	
-31.567460979914721	12.862303043638414	4.6683782862973411e-009	1.6474065081675787e-008	-1	
-29.878561243556472	5.8261037301938607	-1.4412757795806354e-009	-5.0171374422920104e-009	-1	
-29.159739809259214	17.697111844049569	-1.0336660596955383e-007	4.2553020067823136e-008	-1	
-30.041747181021066	23.025766493049975	-2.4431206608006417e-007	7.0996342099855515e-008	-1	
-57.486299374439554	1.9455227140679636	-8.7329108796890094e-009	-5.9136341805569964e-008	-1	
-59.448377446016195	1.6905104166353091	-1.3363088804930037e-009	-1.068069699650126e-007	-1	
-61.013076180631408	1.2179428576885165	2.4555294453285445e-008	-1.3545323814738138e-007	-1	
-63.537944192787819	1.6522272277203571	-2.1569492540084386e-007	5.6407826697665171e-007	-1	
-62.401160678459071	0.96087859890007621	5.6564442749833559e-008	-1.5926472575613858e-007	-1	
-64.451386570298482	1.3319393472655545	-3.6169127482263826e-007	5.8391494595635201e-007	-1	
-69.173663894368318	0	-9.5836152575579256e-007	5.1450380682915531e-007	-1	
-69.302026218687757	0.23891624395708666	-9.71516711030128e-007	5.1207642966541996e-007	-1	
-68.924258008458864	0.45616291749190468	-9.333649509840428e-007	5.181606589905778e-007	-1	
-69.027490738886527	0.22636646181425191	-9.4356662260813652e-007	5.1695970075514545e-007	-1	
-68.594658205362123	0.78045945462630351	-8.9989923130102632e-007	5.2265415253687078e-007	-1	
-68.679399087038846	0.60855570710939144	-9.0830188587167886e-007	5.2216928273981521e-007	-1	
-67.850091616694854	0.73260434066823232	-8.1817759836651212e-007	5.3991984630368196e-007	-1	
-68.142587612870358	0.72024062079324402	-8.5082774703683009e-007	5.3294846827330033e-007	-1	
-28.738606133454507	45.172293796683952	-5.7000656282972036e-007	1.2550141017901884e-007	-1	
-22.797192162770994	27.527923072884654	-1.9961076823990787e-007	5.9023270239284186e-008	-1	
-22.811928474365548	32.605864274962265	-2.6411130940387165e-007	7.0778411717687822e-008	-1	
-20.876896628914974	40.604810525780202	-2.9447354732497623e-007	7.3721560907206018e-008	-1	
-40.327263299717089	75.950746792091465	-1.3342128878781632e-006	2.6628048901081285e-007	-1	
-45.174910596772214	77.40896589735425	-1.5958864006402028e-006	3.0708015250448011e-007	-1	
-37.520475307070491	69.335178214733872	-1.1490734299382129e-006	2.3053756789692431e-007	-1	
-35.8286430697855	62.350802070920501	-1.0147129148971712e-006	2.0437727137501633e-007	-1	
-32.317447400035981	57.310423499356773	-8.2626321879733743e-007	1.7096405451280619e-007	-1	
-26.905445688265111	51.806351293053226	-5.7558695392921965e-007	1.2579132712976649e-007	-1	
-62.959843887760876	94.26425864544602	-2.94602527008693e-006	4.9451673368294924e-007	-1	
-75.014985901655066	94.802847583887029	-3.731609433165253e-006	5.8799096689692856e-007	-1	
-73.327972090122572	95.00335976337756	-3.6362397608770118e-006	5.7502030206815318e-007	-1	
-72.3832718132183	95.996911377080067	-3.6120085654856374e-006	5.7150410307244928e-007	-1	
-70.09153807615273	95.71050545240486	-3.458071093228206e-006	5.5113974543620881e-007	-1	
-68.537707523154666	96.352660197966742	-3.3784897943048268e-006	5.4065004886501633e-007	-1	
-66.328737993901981	96.740314653556624	-3.2436786925282599e-006	5.2458010612718366e-007	-1	
-65.171737462847034	96.004819450708652	-3.1430855457348062e-006	5.1440279833072453e-007	-1	
-75.810356694261444	95.615285983662886	-3.8071289892022973e-006	5.9968395965791124e-007	-1	
-76.807307337033393	96.0117499523177	-3.8801166375997735e-006	6.1069544635561962e-007	-1	
-77.720550975933136	99.936946392978598	-4.0772245599999058e-006	6.5050685036108679e-007	-1	
-76.927873871177965	103.58871759581336	-4.1706474845202767e-006	6.7871598713327442e-007	-1	
-76.660656597565364	101.41240754797346	-4.0667975616229763e-006	6.5883615506017303e-007	-1	
-77.195091144790567	105.7650276436533	-4.2796037454560807e-006	6.9805496103106698e-007	-1	
-77.026950576064579	98.606032048354422	-3.984804036461839e-006	6.352699066177123e-007	-1	
-76.765072525653807	97.75178450414316	-3.9382744713965684e-006	6.2580738485603913e-007	-1	
-76.753064331066298	97.110410919342456	-3.9151284607013351e-006	6.1967296366361912e-007	-1	
-76.744443461772903	96.68840011608097	-3.8999889153833735e-006	6.1573916533608433e-007	-1	
-77.72952569201577	110.11764773933311	-4.5145497245976488e-006	7.362347390637107e-007	-1	
-78.263960239240987	114.47026783501295	-4.7715352718601998e-006	7.7440050975086251e-007	-1	
-152.52609794986338	154.88913159581179	-9.9203048948730206e-006	1.0442444465123537e-006	-1	
-153.9680501564178	159.53119823460284	-1.0231219356611592e-005	1.0633125395412294e-006	-1	
-146.35967139775312	154.1291818000972	-9.8041768434584168e-006	1.0405006588658139e-006	-1	
-138.12241763995223	155.69637558803731	-9.8011946808565795e-006	1.0464113865800719e-006	-1	
-132.47618372664775	152.94725257166073	-9.5283889561334292e-006	1.033809462737631e-006	-1	
-124.29094590940687	148.97378182142501	-9.097247052566875e-006	1.0141981825760916e-006	-1	
-200	168.77398280444558	-1.0976261376110412e-005	1.0987441250571203e-006	-1	
-195.26809907679322	171.89658452400104	-1.1163833692525179e-005	1.1104329994367492e-006	-1	
-189.63961602934182	171.21709469290099	-1.1117552796884144e-005	1.1079904775942191e-006	-1	
-182.41689372440584	171.09066033115207	-1.1097851567423631e-005	1.1077546349731904e-006	-1	
-175.19332026165065	171.0299184985353	-1.107587183994179e-005	1.107918396945221e-006	-1	
-167.87955883880571	169.35124580989273	-1.0944703811907098e-005	1.1019305941584549e-006	-1	
-161.24863407435683	165.83842857665843	-1.0687963117546369e-005	1.0885262197139822e-006	-1	
-156.0371059023588	163.92972266503998	-1.0531354883575029e-005	1.081139196848796e-006	-1	
-109.95880852263143	143.98581791957574	-8.3666434610505294e-006	9.8617910696229549e-007	-1	
-115.03743222118423	151.93625921753505	-9.1068193071334564e-006	1.0271655185805138e-006	-1	
-110.93179296220328	148.74267141053346	-8.7558182324972246e-006	1.0106337519231453e-006	-1	
-120.14448725222792	152.92280152063526	-9.2950788779661788e-006	1.0323860060099983e-006	-1	
-105.2063901627714	142.73052061113341	-8.1170062981311624e-006	9.7817099357188375e-007	-1	
-101.4885869481088	139.23068193337329	-7.7109437305002587e-006	9.5830673038475948e-007	-1	
-81.506436257753023	120.69950245118008	-5.3510887213185195e-006	8.3261223414420725e-007	-1	
-78.79839478646619	118.82288793069279	-5.0546225535468849e-006	8.1317444835842407e-007	-1	
-82.100176614341336	123.94028060737521	-5.597025946580934e-006	8.6002986220435192e-007	-1	
-84.887942831504503	126.23693067156675	-5.9289372695380985e-006	8.7783711767667022e-007	-1	
-86.845257936725602	127.94394512682155	-6.1666182936177586e-006	8.893150928975266e-007	-1	
-89.882782784285283	131.07508661343709	-6.5612663136523969e-006	9.0911777307080973e-007	-1	
-95.579224269059864	139.03619850256487	-7.4532775846467938e-006	9.5548829021231186e-007	-1	
-89.886688576314768	135.64606679693139	-6.9106782671466017e-006	9.356523966909505e-007	-1	
-46.340300528649443	82.335217371069191	-1.7010425156641137e-006	3.3050560422153146e-007	-1	
-53.88895719873365	92.107107401503441	-2.2821845295317978e-006	4.2540988553329417e-007	-1	
-55.923422202287888	93.166211261740784	-2.4386959253839185e-006	4.4497404549767786e-007	-1	
-50.233622491557178	93.026752065676817	-2.0432663963780542e-006	4.0127148832659689e-007	-1	
-45.022445185129513	88.704241013602825	-1.6672899942020542e-006	3.4093629674917464e-007	-1	
-59.298727276775232	94.248219792468475	-2.6937090544190096e-006	4.7188679992491096e-007	-1	
-61.647087869319265	94.871779903425605	-2.8713055774812038e-006	4.8855813610602972e-007	-1	
-66.145319779214987	1.0435366043351821	-6.0693375675355737e-007	5.7539466971095146e-007	-1	
-66.520852881907274	1.0175205134190448	-6.5762361356287919e-007	5.6699492799736303e-007	-1	
-65.364828947809144	1.0116514668107519	-4.9001428203868135e-007	5.9645991829525779e-007	-1	
-65.821550136564468	0.85150752658335294	-5.5691421587654783e-007	5.9263520529755438e-007	-1	
-66.703737897729724	0.80775484232871131	-6.8004813336555312e-007	5.68753662358206e-007	-1	
-67.054514965593157	0.71113598217975116	-7.2382706126420426e-007	5.6178198086163847e-007	-1	
-67.379848774317992	0.54195442909910396	-7.6326982485975811e-007	5.5611440754476312e-007	-1	
-67.633912838172662	0.53518725664434252	-7.9317387189955054e-007	5.4871393080604752e-007	-1	
-42.617877512887077	0	1.8173088365584383e-009	6.2040214505532927e-009	-1	
-34.125000000000007	0	9.8924368727568591e-010	4.1366919684428251e-009	-1	
-46.864316269330608	0	2.5111492163941797e-009	5.0424855843749651e-009	-1	
-51.110755025774139	0	3.1408532846377077e-009	6.6332863823966536e-009	-1	
-53.233974403995902	0	6.3513003702554288e-009	2.5114668391831625e-008	-1	
-55.357193782217671	0	5.938963864564798e-009	2.4025141637700633e-008	-1	
-24.259921959829445	15.424606087276826	2.4231138723650095e-009	2.3752112717439486e-008	-1	
-22.066517375763887	9.9005185253343591	-1.5873794477602379e-009	-6.93568449654749e-009	-1	
-25.632122487112941	0	1.8968408210455005e-010	4.0323775085995439e-010	-1	
-22.900165400353924	4.015656756991417	7.4209848597088094e-010	2.9367335213648265e-009	-1	
-21.522222232828547	22.612624944756579	-1.053627165335138e-007	3.9767445325022299e-008	-1	
-59.603632538661202	0	-5.4676140060507436e-010	4.8214802439617228e-008	-1	
-61.726851916882964	0	-2.2405023734276628e-008	7.5067548556163483e-008	-1	
-63.319266450549286	0.48090830654012512	3.7160926575570548e-008	-9.3601005659467795e-008	-1	
-63.98708059410712	0.73985009916339217	1.1264347461661048e-007	-2.1891457605163843e-007	-1	
-62.788461605993845	0	-2.1759523054071018e-008	5.7391186330665543e-008	-1	
-64.737531353285036	0.68532143427525505	1.1915747343858076e-007	-1.4609667173144195e-007	-1	
-68.916939245729452	0	-9.3213844781501241e-007	5.1932763131691051e-007	-1	
-68.743075095683238	0.42778712200449354	-9.1452015332145529e-007	5.2191073490628873e-007	-1	
-68.855642567998032	0.30165547950409283	-9.2601450982735406e-007	5.2008875191855669e-007	-1	
-68.788576921410026	0.14646905577146199	-9.1896569180403085e-007	5.2185920545877725e-007	-1	
-68.383998100473363	0.532898188217094	-8.7671815661610711e-007	5.2924283104981082e-007	-1	
-68.562031814115713	0.45704056369364821	-8.9558249668634559e-007	5.2569522810540229e-007	-1	
-67.972244503888788	0.46654900526217113	-8.3166207945223385e-007	5.4028505518096503e-007	-1	
-68.191796697221747	0.41865369039743083	-8.5593949440632302e-007	5.3494622285076224e-007	-1	
-22.144830348256271	47.145442797006417	-3.8125672453870167e-007	8.9084727500229808e-008	-1	
-18.030646187377901	25.776996610950658	-1.0182742675272356e-007	3.986226235269914e-008	-1	
-17.192321686252342	30.532128423394152	-1.3115859981546087e-007	4.5839153709209255e-008	-1	
-17.009584342792959	34.093534740452547	-1.5221985764474854e-007	4.8699057134631936e-008	-1	
-13.810871979109427	37.880088096004108	-9.8494229949662561e-008	3.6125968270505416e-008	-1	
-15.073238665025537	45.125392855113269	-1.571614661983472e-007	4.3966238043557268e-008	-1	
-35.273535846046073	77.331559143967851	-1.0893402027644498e-006	2.2982405915106751e-007	-1	
-40.289727986762024	84.72096186303699	-1.3729360159128844e-006	2.886768831465721e-007	-1	
-31.049317035070757	66.209811507271269	-8.4406186232450979e-007	1.7787058897075601e-007	-1	
-30.495839643368008	75.182042239638378	-8.5894864693669976e-007	1.8832580675854585e-007	-1	
-24.948210009422755	59.608012161672548	-5.5943392212702192e-007	1.2524880728466951e-007	-1	
-20.197959719124267	53.895642982392545	-3.5720929598953501e-007	8.5667686811465765e-008	-1	
-62.282394091832352	96.171316915783436	-2.9487783261823619e-006	4.9657590957630555e-007	-1	
-63.486326884795282	96.218388919071501	-3.0341313869560427e-006	5.0375799953819494e-007	-1	
-74.394217855650169	95.863638609710918	-3.73076236310715e-006	5.8860460033442981e-007	-1	
-75.207655343012149	95.923360563521271	-3.7818489782883499e-006	5.9630964534969528e-007	-1	
-73.716323471106179	96.317187351321394	-3.7053956593874021e-006	5.8477900970555884e-007	-1	
-72.738313482207843	97.321127687036622	-3.6803755646882183e-006	5.8020146859583876e-007	-1	
-71.129884986585935	97.518617873615284	-3.5854549428723622e-006	5.6644998420071826e-007	-1	
-69.521456490964027	97.716108060193932	-3.4880273921046248e-006	5.5308064506094946e-007	-1	
-67.913027995342119	97.91359824677258	-3.3877566899044917e-006	5.4002540726186178e-007	-1	
-66.304599499720211	98.111088433351242	-3.2852050812182978e-006	5.2744753422500306e-007	-1	
-65.11276543815174	97.373571446600351	-3.1801072099686987e-006	5.1698036810247587e-007	-1	
-64.345284042644963	97.097492535483099	-3.1186874621665292e-006	5.1116887021628268e-007	-1	
-75.749910550709203	96.328475553713034	-3.8283990256134304e-006	6.0399604565739668e-007	-1	
-76.165964722817705	96.236442992095519	-3.8498671983291375e-006	6.0714634048147432e-007	-1	
-76.527047960759049	100.32425252405349	-4.0167308072040304e-006	6.4860875333047934e-007	-1	
-76.393439323952748	99.236097500133553	-3.9681184590002112e-006	6.3801409028323325e-007	-1	
-75.127378930716759	104.91435067820885	-4.1123643238437804e-006	6.6885028622369943e-007	-1	
-74.854711109500556	102.69517575066462	-4.0054945218773313e-006	6.4867878994880688e-007	-1	
-75.221128620289051	100.51053125430265	-3.9445762822721318e-006	6.3515360789600503e-007	-1	
-74.994312139773953	108.17608984773518	-4.2455571955143094e-006	6.9214085530736029e-007	-1	
-76.259830687146447	98.147942476213586	-3.9209173716357842e-006	6.2687997589048571e-007	-1	
-76.378471255755301	97.304955169799385	-3.8991707574183297e-006	6.1896347210613288e-007	-1	
-76.19302636874329	97.603864964253617	-3.8979718343781501e-006	6.2095896958375117e-007	-1	
-76.361166913867791	96.953618534801834	-3.8862016234535309e-006	6.1517602362376936e-007	-1	
-76.278351651401223	96.688782355943559	-3.8722311328952366e-006	6.1189269254419398e-007	-1	
-75.801554495871457	112.56349303953125	-4.5091209797588531e-006	7.3430625942570356e-007	-1	
-75.531424192258072	115.66611479938746	-4.6533428702354581e-006	7.5584212764603866e-007	-1	
-148.08188789478709	158.81461227838474	-1.0129089144719544e-005	1.0602312503168241e-006	-1	
-150.27667369045375	164.32308910179378	-1.0512672107090855e-005	1.0830253817368658e-006	-1	
-142.84377212317355	158.08074698352053	-1.0022607270582578e-005	1.0569964625870236e-006	-1	
-138.64290819475556	160.53236177767383	-1.0140973087468621e-005	1.0675444570933424e-006	-1	
-130.62780542724724	158.94901334873495	-9.9222198981046141e-006	1.0607239084034985e-006	-1	
-126.30756363225302	154.33299155237862	-9.5184394483326537e-006	1.039465307010457e-006	-1	
-200	175.01918624355648	-1.1355758707598821e-005	1.1220351009113076e-006	-1	
-193.82233313101185	177.81386455702525	-1.152557864747581e-005	1.1324971419910149e-006	-1	
-187.16339188078908	176.53625106067821	-1.1441467987221623e-005	1.1279905321020319e-006	-1	
-181.85876405636969	179.04344753146711	-1.1590471427757519e-005	1.1377339043071264e-006	-1	
-171.33248090683006	176.09735499493368	-1.1383654000797952e-005	1.1276398110923343e-006	-1	
-176.12305361469402	181.41165170809325	-1.1729972235231324e-005	1.1472271413058925e-006	-1	
-165.29370294194322	174.06803149692786	-1.1235202399014413e-005	1.1205144594191082e-006	-1	
-160.64835709641565	171.35593269485628	-1.1040363716093201e-005	1.1104558172815795e-006	-1	
-154.3660821406859	169.45647541954619	-1.0882139272506497e-005	1.1035961181706852e-006	-1	
-106.41845533668921	147.30850556256513	-8.5128400763720314e-006	1.0025035216245639e-006	-1	
-112.57651340081139	156.51874275437942	-9.4097340090629887e-006	1.0498935213850701e-006	-1	
-107.39009091012015	152.06960395191737	-8.9248779763975503e-006	1.0273698912592718e-006	-1	
-123.59184965785495	159.64611397925268	-9.8648316879429504e-006	1.0643151414750022e-006	-1	
-117.77101227379084	160.95844947826748	-9.8656237499569834e-006	1.07115516605271e-006	-1	
-101.75363804594207	146.492093996438	-8.2946289668589443e-006	9.9742182428048092e-007	-1	
-96.677955978700396	144.37132715151918	-7.9322516271062563e-006	9.8501738766631546e-007	-1	
-79.332829333691393	123.17550802637261	-5.360389134709746e-006	8.5260620115161439e-007	-1	
-76.594204939035237	121.30264861670234	-5.055389557309771e-006	8.1286521136796667e-007	-1	
-79.600046607303995	125.35181807421253	-5.524206266270733e-006	8.7242184989303452e-007	-1	
-81.691295994807575	126.78209423802444	-5.7639785523251992e-006	8.8366935586744476e-007	-1	
-84.473747922065954	129.00268070379272	-6.0997550695613109e-006	8.9794818369519042e-007	-1	
-82.975231269172454	128.27714270542108	-5.9532529919061614e-006	8.9425978507182117e-007	-1	
-85.603961466136411	130.22520877744992	-6.2584357569299971e-006	9.0502006200336828e-007	-1	
-85.983512625630894	133.26718206010366	-6.5119692923965601e-006	9.2307363907903906e-007	-1	
-91.362549420986554	143.18083893365429	-7.6071699243264943e-006	9.7752657080903885e-007	-1	
-85.865833812372927	137.82014178652926	-6.8777598543919915e-006	9.4752245319729468e-007	-1	
-55.153562574009172	95.326781785978099	-2.4207095846133277e-006	4.5034768484133514e-007	-1	
-53.099550403126926	95.474950451330443	-2.2756210488226697e-006	4.3614352649826403e-007	-1	
-57.284625265393721	95.012254343157878	-2.5676772427374822e-006	4.6284920672476133e-007	-1	
-45.963250010366345	94.382231705074389	-1.7569499042757715e-006	3.710802777997763e-007	-1	
-49.308856484447134	96.680794479487218	-2.0124415490569298e-006	4.1110924051657408e-007	-1	
-42.569432414054099	93.910719704288837	-1.5210206596298626e-006	3.3858534667445472e-007	-1	
-38.863680480921083	90.740223726599723	-1.2848228782274541e-006	2.9325902006764777e-007	-1	
-60.876524144377932	96.095970243469296	-2.8472027485258358e-006	4.8873326585174737e-007	-1	
-58.869084099817876	97.47718992892132	-2.733590256314825e-006	4.843466412682806e-007	-1	
-66.278271325319793	0.69136358635595396	-6.235477749467891e-007	5.8336854404250859e-007	-1	
-66.506631919697455	0.61129161624225448	-6.5338665338295708e-007	5.8033096516259291e-007	-1	
-65.441786930627998	0.49978806810094434	1.1344102020555864e-007	-1.1330344349764602e-007	-1	
-65.959395917567193	0.50254609240941583	1.6766936541283509e-007	-1.2577613806565223e-007	-1	
-66.734992514075117	0.53121964612855499	-6.8360956823326926e-007	5.7603136908958172e-007	-1	
-67.191713702830455	0.37107570590115146	-7.4044178848985822e-007	5.6642487487490913e-007	-1	
-67.420074297208117	0.29100373578745203	-7.6912539282630824e-007	5.5849240686335666e-007	-1	
-67.648434891585794	0.21093176567374808	-7.9570128790070992e-007	5.5267495083718057e-007	-1	
-67.840283524184343	0.28466050474948978	-8.1700379555683943e-007	5.4636297659715084e-007	-1	
-16.952382939744162	17.98690913091524	4.6186832417250082e-009	7.993325461667928e-009	-1	
-15.200279504409361	12.145106764008737	-5.7429869506439224e-010	2.6211349852337705e-010	-1	
-18.720119689263615	4.9884731687448145	2.3341982984693687e-010	1.2133483366045042e-009	-1	
-14.259781728263899	7.5421502739485788	5.5696049076186376e-010	1.8351384387796257e-009	-1	
-21.385683730669406	0	-2.9410945806284842e-010	-1.0651466573103575e-009	-1	
-19.26246435244764	1.7383151041332512	-2.0094079448657143e-010	-8.8321482729819393e-010	-1	
-15.13319075254187	21.4039253547237	-2.7233930665719948e-008	2.3200526481145818e-008	-1	
-63.850071295104733	0	-5.8576824212295248e-008	9.381609591108207e-008	-1	
-64.911680984215621	0	-5.5461848779218876e-008	5.2231858999320341e-008	-1	
-68.660214597090601	0	-9.056820003352009e-007	5.2480877581635162e-007	-1	
-68.636606586559367	0.27846568946267758	-9.0327771475375158e-007	5.2484554761381332e-007	-1	
-68.596033434930888	0.11719318827403506	-8.9903960294874251e-007	5.2621101644849821e-007	-1	
-68.296364350425435	0.32719570756482919	-8.6736918095675384e-007	5.3292675520350589e-007	-1	
-68.431287819088197	0.31436474179003349	-8.817446144796447e-007	5.2956263242711028e-007	-1	
-68.090584932390698	0.27551845858104251	-8.4513234517169451e-007	5.3904522073487358e-007	-1	
-68.189872183358261	0.24336018745526242	-8.5613119573432296e-007	5.3645361518000313e-007	-1	
-16.116931184970429	50.397921333392901	-2.0665211971097259e-007	5.4485720439183571e-008	-1	
-14.22448072639321	28.555027533489827	-6.880658434502004e-008	3.5196444664324972e-008	-1	
-13.368495477547549	25.092378409465347	-3.890702885967203e-008	2.9195576083468476e-008	-1	
-13.679454088686995	31.145943651173262	-7.2169486688345578e-008	3.589299413195706e-008	-1	
-9.5	40.326744974225875	3.9736909313117529e-009	1.049561595214493e-008	-1	
-9.5	35.433431217782342	2.4810607876553711e-009	2.1787669419823946e-008	-1	
-9.5	50.11337248711294	4.5327119980350688e-009	5.9818788992984802e-009	-1	
-34.51067199580978	82.514689730118008	-1.0615567609818276e-006	2.3445564661685416e-007	-1	
-24.829752590655868	66.319209928993402	-5.8798848353786906e-007	1.3386120639974975e-007	-1	
-28.246752760397371	83.233638741618577	-7.5443933736059379e-007	1.8220685760677607e-007	-1	
-22.058929833589364	71.888544821224926	-4.8987244379860177e-007	1.2004689363877116e-007	-1	
-23.262180918503329	79.372600614132111	-5.4008658757716292e-007	1.3603922506810067e-007	-1	
-18.799280738180073	64.793313756443538	-3.47238728042236e-007	9.1288146915505771e-008	-1	
-16.920440437248388	60.10960911895102	-2.6378006036954147e-007	7.2945007000195011e-008	-1	
-13.351404719122819	55.006686243556473	-1.2621052711419187e-007	4.1758644478115221e-008	-1	
-62.911128641656283	97.199112036088451	-3.020969661230082e-006	5.0266518731045346e-007	-1	
-61.709304394547324	97.231146214458875	-2.9354840930699716e-006	4.9698035072449115e-007	-1	
-63.570457173339648	97.352228830924616	-3.0719535775541756e-006	5.0668114435267832e-007	-1	
-74.693370006961629	96.622423986466714	-3.7756234731023985e-006	5.9550300387886248e-007	-1	
-75.302086725952691	96.593615425099003	-3.8111328475162158e-006	6.0132512251733833e-007	-1	
-73.54252773001879	97.222382593747298	-3.7268041545782504e-006	5.8732013906938319e-007	-1	
-74.346741977829737	97.123637500457974	-3.7725989447225679e-006	5.946500111110307e-007	-1	
-72.051214827067298	98.373702739151341	-3.6717403789442766e-006	5.8289645712134438e-007	-1	
-73.308010443205831	98.351712252907674	-3.7498307021770213e-006	5.9547466537655713e-007	-1	
-70.544729540167751	99.073002273094914	-3.5981436682003156e-006	5.7393451431560381e-007	-1	
-68.900684265743578	99.308868534908754	-3.4972118973009762e-006	5.5989788127226156e-007	-1	
-67.225929340201589	98.966173298887341	-3.3735096378951208e-006	5.4164275181873093e-007	-1	
-65.500385251909265	98.20983352664058	-3.2328700026281082e-006	5.2132885702804394e-007	-1	
-66.001145944942706	99.248882401903955	-3.2981347589414021e-006	5.3246692600530557e-007	-1	
-64.696171004098318	98.308578619929889	-3.1798878632514082e-006	5.153528261546545e-007	-1	
-64.238584785419235	97.906110199227953	-3.1354142218775417e-006	5.1164165192590432e-007	-1	
-75.729963518306761	96.754119985633764	-3.8422215243240629e-006	6.0680080429680099e-007	-1	
-76.001347413611256	96.672496731114578	-3.855313845887679e-006	6.090667666845705e-007	-1	
-75.535425785075077	99.229382402153021	-3.9166421451602669e-006	6.2786768798726576e-007	-1	
-75.655233099538094	98.379748049716952	-3.8935154522346008e-006	6.2166739330890572e-007	-1	
-72.178445236077167	106.52456244513502	-3.983991875603293e-006	6.4894905061069285e-007	-1	
-71.910952292998388	103.17531784446291	-3.8331040171900939e-006	6.2048009479223312e-007	-1	
-73.145508415582952	101.28607691850203	-3.8430800219040983e-006	6.1876809158195365e-007	-1	
-74.412517126409597	99.4682872612171	-3.8568293283701125e-006	6.1728567300071025e-007	-1	
-71.67198934030715	110.61437468493425	-4.1285810250991425e-006	6.7477726221844851e-007	-1	
-75.733029496625264	97.736926311247174	-3.8757756311754311e-006	6.1648741812415199e-007	-1	
-76.126222050340147	97.059787452293619	-3.875624584935813e-006	6.1449269350409384e-007	-1	
-75.826394527415786	97.267261094898757	-3.8653148049324816e-006	6.1282310315912365e-007	-1	
-76.107516331103042	96.907441594642236	-3.8695987070416019e-006	6.1239619956524926e-007	-1	
-72.667811179379399	113.8537234830536	-4.3556531863756979e-006	7.1108860536466263e-007	-1	
-72.840251229819032	119.09200305470776	-4.6531413937848481e-006	7.5700726603479432e-007	-1	
-144.86028945720972	162.7484378073564	-1.0359439603554991e-005	1.0767766520366657e-006	-1	
-144.66610082721084	167.89829857721168	-1.070834072276203e-005	1.0984450436215434e-006	-1	
-147.75379192038025	172.02442737865221	-1.1013259012442931e-005	1.1150987902481467e-006	-1	
-140.34603539489049	165.08835020875611	-1.0475121444980356e-005	1.0870675003418572e-006	-1	
-133.5931644050311	165.01639257209285	-1.0398901681850732e-005	1.0876422219472985e-006	-1	
-125.05543618916479	165.43077358713464	-1.0325446402186167e-005	1.0910262732133902e-006	-1	
-200	181.26438968266734	-1.173950741811411e-005	1.1451923865895495e-006	-1	
-194.67712761374614	183.53885119481512	-1.1879211835016773e-005	1.1536608489886754e-006	-1	
-188.65977288886577	182.20951770146004	-1.1794121794888356e-005	1.1490244453471693e-006	-1	
-180.92571627634231	185.34118051589525	-1.1983502975683046e-005	1.1613248775210959e-006	-1	
-185.65509828487521	185.51380825452472	-1.1997904005395129e-005	1.1614767337060649e-006	-1	
-165.89306234883531	179.41363588166567	-1.1582724960444036e-005	1.141195888348324e-006	-1	
-178.05089818788653	189.10047240095375	-1.2218745786283026e-005	1.1757063842239973e-006	-1	
-173.17458043890818	186.87180474849498	-1.2073764159641046e-005	1.1682691506546531e-006	-1	
-160.38402029305234	180.96653308639603	-1.1669259311533202e-005	1.1483287029047593e-006	-1	
-154.8132228440634	176.00437445293858	-1.1320352087323372e-005	1.1298789020701723e-006	-1	
-102.13712940223745	152.20063601861372	-8.7838381720519422e-006	1.0278785986737533e-006	-1	
-108.53879338127963	164.68764418406502	-1.0006501443091489e-005	1.0916994312815046e-006	-1	
-105.74433161057435	156.64165052742462	-9.2615912412513175e-006	1.0511058579669406e-006	-1	
-118.73599780843273	167.55521950926396	-1.0405593159260666e-005	1.1025702318491001e-006	-1	
-112.29436515792509	169.27392271803373	-1.045565632449652e-005	1.1131371062455969e-006	-1	
-95.853249750261796	149.75562550018421	-8.3633035814538422e-006	1.0143619915280368e-006	-1	
-77.427981629027983	124.51395401709966	-5.3213093775589975e-006	8.4813385138329157e-007	-1	
-74.173824874246364	123.23937614940195	-5.0057808374477385e-006	8.081479707642577e-007	-1	
-78.471768402319384	126.59491331991093	-5.5355773384177649e-006	8.7467727782566169e-007	-1	
-79.867263880916596	127.52812812205244	-5.6942613781050305e-006	8.9208891021400648e-007	-1	
-81.252621226050834	128.70335011788003	-5.8724040833985269e-006	9.001564608264473e-007	-1	
-83.178657792447353	130.04895939622833	-6.0966932633441438e-006	9.0668931400367139e-007	-1	
-81.800127488026064	129.60686794870779	-5.9751502878795393e-006	9.0617095124996141e-007	-1	
-83.508284094712792	131.45861791836532	-6.2241965860162577e-006	9.1509228298331344e-007	-1	
-83.077467153361738	134.2431739904784	-6.418391181024793e-006	9.3026758698451609e-007	-1	
-85.282895512200241	143.91631236828459	-7.3857458777434092e-006	9.8014293214781258e-007	-1	
-89.220119913175864	150.96674418970449	-8.2234674299428599e-006	1.0205915587001442e-006	-1	
-81.538630359884394	136.46183492876793	-6.5103988234607817e-006	9.4060850297624133e-007	-1	
-80.496925033938396	140.09563187851927	-6.7697051365505669e-006	9.5702191439584516e-007	-1	
-54.218236196662033	97.161471001993576	-2.382414563186259e-006	4.5419453693488875e-007	-1	
-56.391485348363943	96.972523915310191	-2.5404034808995793e-006	4.6775105773170101e-007	-1	
-53.061453101191638	97.498402469059442	-2.3010304282892714e-006	4.4728094341329617e-007	-1	
-51.374439289659101	97.698914648550002	-2.1771442128779888e-006	4.3429561995750559e-007	-1	
-46.759807596177836	97.272206519335995	-1.82775008695444e-006	3.9125433377959632e-007	-1	
-44.976125269302528	97.212786979249387	-1.693825031607909e-006	3.7450063166468527e-007	-1	
-50.429739012754915	98.692466262252523	-2.116755864905572e-006	4.3162324340082823e-007	-1	
-48.138005275689331	98.406060337577387	-1.9382848618757348e-006	4.0934666749037493e-007	-1	
-39.375961182986835	95.152517973038329	-1.3006961516717501e-006	3.1341621117342203e-007	-1	
-41.006311087297625	96.959813530618646	-1.404402756567081e-006	3.3619203007432645e-007	-1	
-36.777444384257393	94.661752890566461	-1.1339029367301044e-006	2.8609438755268653e-007	-1	
-33.4172727478906	91.756581878556929	-9.5986786022243445e-007	2.4399444585631514e-007	-1	
-60.669051387980879	97.488486844999542	-2.8661772941404239e-006	4.9321896873189648e-007	-1	
-57.339442816168827	98.169362226748063	-2.6342933888336842e-006	4.8026851920925782e-007	-1	
-60.343651282966903	98.509498739863886	-2.8674932798722135e-006	4.9631245994997212e-007	-1	
-58.393093922433621	99.857124420847185	-2.7509831977801935e-006	4.9572739981570336e-007	-1	
-66.328438578780847	0.46876612950265806	1.8878674628028928e-007	-4.9434434107286831e-008	-1	
-66.609346923241546	0.27004203505047436	1.7691865789389486e-007	-1.1819588870498998e-007	-1	
-65.973290673326503	0	-4.9588519135366556e-008	4.5160324255424664e-008	-1	
-66.238693095604233	0.25897544961726215	-6.6796019611082722e-008	1.683608767576283e-008	-1	
-66.899153207178486	0.27363046298356369	2.3454960538164646e-007	-9.1062827842906289e-008	-1	
-67.167601573576235	0.12790333780824581	1.1990680173824401e-007	-3.5888443484176291e-008	-1	
-67.350646695095563	0.14942910720650932	2.6891963311793737e-007	-2.8779740290069589e-008	-1	
-67.506663909010811	0.17228072323372096	1.986749790913249e-007	1.4278226934007675e-007	-1	
-67.632055812562257	0.095666200421648681	1.8786926184710036e-007	1.0974074728971968e-007	-1	
-67.762615188774618	0.17089578061690056	-8.0822609863308414e-007	5.5056739654660779e-007	-1	
-67.957737896626085	0.17886706499800636	-8.3050971428113035e-007	5.4403699268868897e-007	-1	
-67.876795485963456	0.13085979556004859	-8.2138345315204304e-007	5.4721312831352036e-007	-1	
-13.298613429701522	19.268060652734448	9.8742098941352166e-010	2.0102578152610594e-008	-1	
-13.488158900250792	16.520079627140252	-9.0657437364452286e-010	-3.4396848543849479e-009	-1	
-11.596211687224294	9.131398137506773	-1.0584219267954886e-011	-4.263450323078193e-010	-1	
-10.854072332594917	13.174129164207262	2.4856223702024849e-010	4.9447577323870286e-010	-1	
-16.613572834939752	2.4546765057937368	4.1601500157886025e-012	-3.8096839593844407e-011	-1	
-15.440078519752772	4.673838293122734	-1.7668734788407013e-010	-6.8985802730298293e-010	-1	
-12.909678611190717	4.749743478974521	-6.5928888778562442e-011	-2.1543705104689139e-010	-1	
-10.585494454151437	5.7531642773725205	-1.3776263502820652e-010	-3.6834106387362462e-010	-1	
-17.139244974225875	0	7.8812204307478792e-011	3.3535643557694613e-010	-1	
-12.409804680255405	20.689250407660492	-6.5965870414885193e-009	2.2602414573285166e-008	-1	
-11.841641577427001	22.92617905759321	-1.4551317856752979e-008	2.5019623029212281e-008	-1	
-68.531852272771175	0	-8.924227752423095e-007	5.2786862816562742e-007	-1	
-68.511564120966867	0.16883274700806891	-8.9026124775603292e-007	5.2815180716259969e-007	-1	
-68.467671110611462	0.080090915441776045	-8.8578763011375914e-007	5.2943482821140713e-007	-1	
-68.327054433055963	0.1951839849534022	-8.7097659081329795e-007	5.3285770670480766e-007	-1	
-68.413262599166785	0.15706330183895573	-8.8006049703617721e-007	5.3068560824229266e-007	-1	
-68.117154619682196	0.16849852477326749	-8.4854535189540359e-007	5.3919510807053392e-007	-1	
-68.051621172299164	0.17236304226896415	-8.4116901346966984e-007	5.4118829456943505e-007	-1	
-68.231192402919447	0.14752307532268802	-8.6108243381043172e-007	5.3583893986214849e-007	-1	
-11.76527183297334	29.316789022227926	-3.351018719446335e-008	3.0184020332350477e-008	-1	
-11.552186727733279	26.19250885905041	-2.1912305879847446e-008	2.7493254872632809e-008	-1	
-10.881059175231204	24.177849510915177	-1.0378333755004125e-008	2.5322945263914407e-008	-1	
-9.5	30.540117461338809	2.1749935414729388e-009	2.5835625028257264e-008	-1	
-3.7323386529465905	45.2200587306694	-3.7224217198360253e-010	1.7600866863535303e-008	-1	
-4.590009372174606	37.705084487821175	-1.4845396899052262e-011	-2.3040729706984674e-011	-1	
-6.9146814973826931	32.647712523886796	-7.4820404887120401e-010	-8.0355810780832628e-009	-1	
-2.8638008277111018	50.447260709173634	1.1444978087747996e-009	2.8209451448826923e-008	-1	
-5.5637336554608723	55.006686243556473	8.1561179619837168e-010	1.7372845875717327e-008	-1	
-9.5	59.900000000000006	4.8769901514412462e-009	2.5109087650315198e-008	-1	
-23.297746205713487	87.140159699018298	-5.0579273936526794e-007	1.429648891185703e-007	-1	
-15.061749554258945	68.973348014276269	-2.0947989049198828e-007	7.0731970390119763e-008	-1	
-14.97265511101345	74.579941269330604	-2.0693861106235382e-007	6.5928466534968264e-008	-1	
-18.8767407204415	85.783852699027506	-3.3568780345644693e-007	1.0553537390442725e-007	-1	
-14.833714241028636	81.91991190399591	-1.9347846229038761e-007	6.6841612089486284e-008	-1	
-13.416001755204654	63.740867789366767	-1.4188015820675814e-007	5.5911367283014279e-008	-1	
-63.142315449123316	97.876493582302857	-3.0566987621487181e-006	5.0495573282621655e-007	-1	
-62.716355172263739	97.887847395075781	-3.0262827368885793e-006	5.0301391346060536e-007	-1	
-61.597403998625886	98.02375495362007	-2.9482848753286692e-006	4.9904489402872947e-007	-1	
-63.64098013269389	98.025419277794256	-3.0967432328435585e-006	5.0786532499121928e-007	-1	
-75.150956225640698	97.02489240716865	-3.817596965523017e-006	6.0229524853153293e-007	-1	
-75.553063349546164	96.975519860523988	-3.8397321064839998e-006	6.063047524190992e-007	-1	
-74.201927056379034	97.748952031817851	-3.7845710284187308e-006	5.9926076253003128e-007	-1	
-74.804559739468701	97.52799168723827	-3.8135480777146275e-006	6.0367251805519784e-007	-1	
-72.704585951149568	99.789977167914017	-3.7615222736502127e-006	6.0165891004072155e-007	-1	
-74.386092070873545	98.363828338111077	-3.8166391667004387e-006	6.0708352849066019e-007	-1	
-71.51596560546767	100.95330398023748	-3.7256888078006057e-006	5.98862062783909e-007	-1	
-70.100935701666927	101.82728222355323	-3.6627746263253589e-006	5.9107209451475149e-007	-1	
-66.992794075870137	100.75058418318446	-3.4138361348702758e-006	5.5192068039209771e-007	-1	
-64.987961580255515	98.880284736978169	-3.2167780511046665e-006	5.2121752563378099e-007	-1	
-64.958019095339694	99.521450138572504	-3.2335697251213129e-006	5.2473114248560603e-007	-1	
-65.199571773176217	100.59949471103629	-3.2832956617177006e-006	5.3347076194577018e-007	-1	
-63.891956756287364	98.407323713219228	-3.1261596876593718e-006	5.0964560136071935e-007	-1	
-64.349774517926335	98.811677899999523	-3.1699672996666177e-006	5.154361193763448e-007	-1	
-75.955170473451645	96.926147313879341	-3.8615130942329337e-006	6.1061364869292439e-007	-1	
-75.01849569960082	98.544535257039698	-3.8611919644454822e-006	6.1580915218255397e-007	-1	
-75.205450292763388	97.913950353738386	-3.8506393482755102e-006	6.1197470958045842e-007	-1	
-69.145167612706402	107.35888183620972	-3.8045492421964391e-006	6.2199435539189948e-007	-1	
-69.695090831112225	104.26139149068429	-3.7237921432687337e-006	6.0507819830319506e-007	-1	
-68.461136878660781	113.37417563445281	-4.0163804875203817e-006	6.6087933614601842e-007	-1	
-66.591599053896985	109.01328416739339	-3.6825117774364716e-006	6.058250811864722e-007	-1	
-75.400196151013205	97.392652570641232	-3.8445386902283691e-006	6.0901367876107898e-007	-1	
-69.009890708110518	118.57090181945011	-4.3278707308705788e-006	7.1149935187491056e-007	-1	
-68.361488658433743	122.3817787533887	-4.5001513781542423e-006	7.4077027049678261e-007	-1	
-71.177355562117597	124.03330615602393	-4.8297274062494523e-006	7.8693330285705169e-007	-1	
-138.86013466789964	172.09864839577131	-1.095783724728928e-005	1.1174308419895171e-006	-1	
-148.54070891448612	180.09017627908059	-1.1571828112568551e-005	1.1479629557615208e-006	-1	
-141.51030278047043	178.74742312606878	-1.1446370627097262e-005	1.1446659995056832e-006	-1	
-132.2905277518353	171.4847567920817	-1.0859143911378491e-005	1.1165223612315093e-006	-1	
-123.82417680061884	172.22944893815048	-1.0834858215790182e-005	1.1225967416509755e-006	-1	
-200	187.50959312177821	-1.2125739130830171e-005	1.1681367432153972e-006	-1	
-192.03246045040586	188.6878201407047	-1.2197990424930932e-005	1.1726699735405309e-006	-1	
-183.40549470301184	189.37200592434493	-1.2238191590102661e-005	1.1759368362460468e-006	-1	
-187.75282079781869	189.456645531617	-1.2244827267313057e-005	1.1757967690280832e-006	-1	
-166.04966824511783	186.54434940584417	-1.2044838408987041e-005	1.1685001133258703e-006	-1	
-181.41562802923622	193.27468219309984	-1.2483249967544089e-005	1.1905291995594125e-006	-1	
-176.39926602592456	193.87503193719076	-1.2521395713558395e-005	1.1936276848386288e-006	-1	
-169.0164683060228	193.03046520570987	-1.246725267085012e-005	1.1922135359398674e-006	-1	
-160.157237918475	186.68576414095446	-1.2046402474450165e-005	1.1705806000123353e-006	-1	
-155.22865575790425	183.45314737304798	-1.1821631465070342e-005	1.1594159845462116e-006	-1	
-99.156339975814106	157.0842219996959	-9.1246967827694892e-006	1.0542165419942913e-006	-1	
-103.0690414536523	162.40289386709495	-9.6981822006301827e-006	1.0815978127837245e-006	-1	
-104.14226081419966	168.66366877494508	-1.0281218258612467e-005	1.1137660375394966e-006	-1	
-117.69222200855383	175.41333283026461	-1.1031195738688153e-005	1.140148910519e-006	-1	
-111.74782623833799	177.43054642612637	-1.1148035749621383e-005	1.1532064822872609e-006	-1	
-105.71037479579583	175.71177598094317	-1.093753301822828e-005	1.1486840459517958e-006	-1	
-92.854401655701167	159.0547743834785	-9.1251019784667832e-006	1.0661028689709935e-006	-1	
-75.943557592644211	127.23360287670623	-5.4049178829487828e-006	8.6221223377658563e-007	-1	
-73.660709967088962	126.29647711044282	-5.1737980003546526e-006	8.3411955276633175e-007	-1	
-78.337134037912207	128.26828449381168	-5.646092097392242e-006	8.8893575839854275e-007	-1	
-80.000872517722897	128.61628314597237	-5.7819796326848944e-006	9.0179000978191661e-007	-1	
-80.9016010434473	130.16252774203318	-5.9573701443662977e-006	9.1286614543251227e-007	-1	
-80.134481154529198	129.70443816989234	-5.871362332822887e-006	9.1132695240165244e-007	-1	
-81.866816900437769	130.66122087813793	-6.0589592252960699e-006	9.1357620333145987e-007	-1	
-81.968957239280911	132.89665800410501	-6.2406587236450568e-006	9.2555313403104557e-007	-1	
-81.704506247602424	131.73546095677955	-6.1314733344719453e-006	9.2062728046283658e-007	-1	
-81.400106566857389	133.76530267514721	-6.2746891187073004e-006	9.2999139245845933e-007	-1	
-81.370454351522682	149.07120325838065	-7.6869197576323851e-006	1.0075354614560066e-006	-1	
-88.234908534011439	156.26997041412804	-8.702033542046501e-006	1.0508853072022839e-006	-1	
-81.043685911096802	154.75502430316044	-8.2606937153628288e-006	1.0416151056158982e-006	-1	
-79.288752083097691	136.51374014662909	-6.372649253911745e-006	9.3971874864785126e-007	-1	
-79.869473913408342	134.3394796820576	-6.2239208193698545e-006	9.3289173446068743e-007	-1	
-75.477442468994866	146.39678614862657	-7.0909787923029249e-006	9.8697114103675473e-007	-1	
-75.439017987374541	138.87119178122757	-6.3336779372452194e-006	9.4328517537157762e-007	-1	
-55.03069859365813	98.051175895164647	-2.4579009014126605e-006	4.6563381821795862e-007	-1	
-53.856823893798037	98.310840868835285	-2.3731791535542722e-006	4.5890073625989219e-007	-1	
-55.884902447603054	98.633428623619324	-2.5329661505730017e-006	4.7502289563810448e-007	-1	
-52.440685055186734	98.559193494883317	-2.2690919439164118e-006	4.4865908730864157e-007	-1	
-53.254122542548735	98.618915448693684	-2.3319900091516108e-006	4.5605612975536737e-007	-1	
-51.762790670642758	99.012742236493821	-2.2232086217898502e-006	4.4545360284711955e-007	-1	
-46.584174722691237	99.048215083139183	-1.8218138274772746e-006	3.9809446995438442e-007	-1	
-44.375205193438532	99.435869538729122	-1.6507835162802881e-006	3.7880556861593325e-007	-1	
-43.218204662383833	98.700374335880909	-1.5622063747609355e-006	3.6439286877083399e-007	-1	
-50.784780681744444	100.01668257220906	-2.1592192955873464e-006	4.4237104507793639e-007	-1	
-49.176352186122529	100.2141727587877	-2.0338903839730779e-006	4.2843753169292529e-007	-1	
-47.567923690500621	100.41166294536637	-1.9068490971494012e-006	4.1426816739198809e-007	-1	
-39.690211283963436	97.566146966270708	-1.3058447835079326e-006	3.2612046835455631e-007	-1	
-37.729818410051806	97.128759910103469	-1.1716176675592602e-006	3.0518022817627753e-007	-1	
-40.328861291368945	98.86687180095592	-1.3431951627292078e-006	3.3761041366547793e-007	-1	
-41.532794084331833	98.913943804244099	-1.4338454457052626e-006	3.4918705480845576e-007	-1	
-34.530816857178884	96.056673918447913	-9.7534851281649509e-007	2.6745388176012633e-007	-1	
-29.952303517299601	96.927408209567034	-6.9424278675097395e-007	2.1673500802521285e-007	-1	
-26.123320155079917	94.354933579438296	-5.4754830395768704e-007	1.7171430311992352e-007	-1	
-56.824538473985697	99.606692676885913	-2.6240163936477433e-006	4.8687969294431063e-007	-1	
-61.651294550601548	98.822407644349781	-2.973490581983634e-006	5.022292150301849e-007	-1	
-61.48898389776631	99.896647722991261	-2.9898657144056401e-006	5.0683324821999274e-007	-1	
-59.831596581301916	100.53076553722001	-2.8784194896357348e-006	5.0536749087572267e-007	-1	
-58.587618745321009	101.31445329792967	-2.799414373739659e-006	5.0608753459455911e-007	-1	
-57.181641307393534	100.88448259341976	-2.6781980272997245e-006	4.9756171633266303e-007	-1	
-66.50409551788195	0	-5.4068704667020186e-008	2.1969796215456845e-008	-1	
-67.034900362437384	0	-9.7719396639673813e-008	1.528653758048188e-009	-1	
-67.3003027847151	0	-6.3365706820455017e-008	-4.0609187931659877e-008	-1	
-67.565705206992817	0	-9.2799695777108898e-008	-9.2416530706164832e-008	-1	
-67.698406418131682	0	2.6948498986346088e-007	-1.0274099859758734e-007	-1	
-67.831107629270548	0	4.3817670847802732e-007	3.0385322407990446e-008	-1	
-67.990975783152294	0.090823810503196614	-8.3464575509438656e-007	5.4382260817897175e-007	-1	
-67.963808840409399	0	3.9005210155397927e-007	2.4723383155087841e-007	-1	
-11.770384779812987	18.673351387412421	1.3633838350371672e-010	-3.7603906365947266e-009	-1	
-11.471728674680204	19.90863641364405	-6.9468291636256311e-011	2.2704821650234427e-008	-1	
-9.1925289610754319	16.933612985225267	1.1986664612481117e-010	9.2874952864617045e-010	-1	
-8.8445839159866306	6.9262772910356185	3.3881263238997213e-011	1.8019751294388698e-010	-1	
-6.8605734603945194	9.8413614838316334	-3.9900549287759998e-011	1.1838994605802453e-011	-1	
-6.7907691584919281	13.79381641698971	-5.4069221690864004e-011	-2.1789345914826664e-010	-1	
-14.104649048243102	2.3705969085948402	2.3062569029222054e-011	8.8420333985562314e-011	-1	
-10.49595968703261	3.9864307975319226	3.8537572269357011e-011	1.1576950646379798e-010	-1	
-11.107244759573108	1.6401978218806479	8.1803175179979624e-012	2.9293257622423848e-011	-1	
-8.9406116838403431	4.829197818883924	1.0754165520542139e-011	1.8643051885786239e-011	-1	
-12.89280621778234	0	-2.7815281983717348e-011	-1.1446492863492791e-010	-1	
-11.194305890018938	20.580128957780495	-2.2001698394899989e-009	2.303800995849666e-008	-1	
-11.167484309310009	21.499676532894252	-5.3406907473848994e-009	2.3583556968382863e-008	-1	
-10.30042174156193	22.588482607118067	-3.4999897286772322e-009	2.4058790835710952e-008	-1	
-68.403489948451735	0	-8.7926321939413563e-007	5.31187871626714e-007	-1	
-68.365117461338798	0.076025779117521119	-8.7529254249494619e-007	5.3218131704678804e-007	-1	
-68.275268644314949	0.1014859422140138	-8.6601901476719183e-007	5.3469190441774712e-007	-1	
-68.092975147301019	0.1074663993248869	-8.4623751255446243e-007	5.4047708724819405e-007	-1	
-68.150761910516863	0.11210599668547129	-8.5268288669415501e-007	5.3855838479536546e-007	-1	
-68.048065931746706	0.070805817974772853	-8.4129365365623036e-007	5.4226184777507047e-007	-1	
-68.185144668590567	0.072669620288910497	-8.568931167462046e-007	5.3766647192197925e-007	-1	
-68.235114546806429	0.051990678463866756	-8.6235870749259182e-007	5.3608201243189121e-007	-1	
-9.5	28.093460583117043	4.1998136938228366e-009	2.4216818655413937e-008	-1	
-9.5	25.64680370489528	2.6705035846948427e-009	2.4247340138506534e-008	-1	
-9.5	23.20014682667351	1.4744311457895369e-009	2.3940179859160734e-008	-1	
-7.0901161967687205	29.316789022227926	-5.4618269867958648e-010	-4.4012963495294039e-009	-1	
4.6310237783143169	45.2200587306694	-1.4881586955299749e-009	-9.032083063889985e-008	-1	
1.6843311523906106	38.97758714205429	-5.4647572736405068e-009	-4.7414597920284858e-008	-1	
-3.6058154887609128	32.22672030942266	-2.9184476998018013e-010	-1.4569822404027622e-009	-1	
0.3386176503251157	32.718540314174646	2.9310085284481017e-009	2.0441912284899393e-008	-1	
1.8617396998092639	52.844606157936845	-8.5639456277158269e-009	-7.2817408426012594e-008	-1	
-3.9916975759505768	61.086769698482797	1.3114126508105046e-010	2.6739088857288105e-009	-1	
1.6587173039160514	58.900008332344385	-5.5887698140874325e-009	-7.4162642884142717e-008	-1	
-4.9229004559271505	66.643988347082924	-1.5021432031998805e-009	-2.3167599216635801e-008	-1	
-9.5	69.686627512887071	1.5128549802448501e-009	4.4698512038347252e-008	-1	
-19.841365915216649	90.306501968276024	-3.3653106939475613e-007	1.1474843319194465e-007	-1	
-9.5	74.579941269330604	6.8735197122441243e-009	1.9038795176786943e-008	-1	
-9.5	79.473255025774137	7.3865377298916836e-009	5.5530832473522762e-009	-1	
-14.708583220260154	87.786681007373247	-1.7249454106084014e-007	7.7405462574913984e-008	-1	
-9.5	84.366568782217655	5.8541112689609042e-009	2.8438812627943148e-008	-1	
-63.264642677237006	98.284668931618313	-3.0775541833690848e-006	5.0572422463140713e-007	-1	
-62.981573590984624	98.271123942980907	-3.0566517875456582e-006	5.0436972338905341e-007	-1	
-62.716737412126328	98.353939205447475	-3.0396490216764472e-006	5.0358338780656861e-007	-1	
-62.264398048278302	98.466326134031021	-3.0094180647359325e-006	5.026390874166018e-007	-1	
-63.48984963238189	98.45669625986389	-3.0989551369423993e-006	5.069822146426523e-007	-1	
-67.412243205558028	103.32426572442317	-3.5290231683102531e-006	5.7403370164626485e-007	-1	
-65.01866676029195	102.28958410731759	-3.3236011518289978e-006	5.4203713201663316e-007	-1	
-64.388117517479387	99.849781574363263	-3.2030886689194986e-006	5.2138872770863631e-007	-1	
-64.05416397958291	99.283156147204821	-3.162777099597581e-006	5.1541325683621961e-007	-1	
-64.052221984302122	100.63934253858953	-3.2027351641118777e-006	5.2239391267746586e-007	-1	
-63.739089557754397	98.824456423336471	-3.1271637672196609e-006	5.1053565904069421e-007	-1	
-65.927819169175905	106.04391458402966	-3.5186774178435144e-006	5.7690495597168635e-007	-1	
-64.557406011737726	111.73498067043656	-3.6333809370701852e-006	6.0266450594583443e-007	-1	
-65.091840558962943	116.0876007661164	-3.8750824491157239e-006	6.4434601908362087e-007	-1	
-64.022971464512523	107.38236057475672	-3.4211786044477715e-006	5.6441959369194691e-007	-1	
-65.62627510618816	120.44022086179623	-4.1505190470956373e-006	6.9015171640825966e-007	-1	
-68.228421867481245	125.64351792292122	-4.6993350374707843e-006	7.7370453144827961e-007	-1	
-66.160709653413363	124.79284095747606	-4.4641297188248396e-006	7.4086915940978894e-007	-1	
-71.444848505207688	127.38255075667838	-5.0811008965987356e-006	8.2626606628108912e-007	-1	
-134.42579626334555	177.72793117026737	-1.13357769710219e-005	1.142993311545941e-006	-1	
-144.16315733311791	183.93389636901688	-1.1825331759369735e-005	1.165131476589656e-006	-1	
-151.56600222797488	186.93749750176374	-1.2050731379202537e-005	1.1743793243448312e-006	-1	
-135.91222328833732	186.02069097968558	-1.1954584709275878e-005	1.1776164372575757e-006	-1	
-127.86564962691075	175.8675335231861	-1.1152136855522269e-005	1.1375182306895987e-006	-1	
-122.69560906627933	177.55271679362158	-1.1245274161895711e-005	1.1475088353223562e-006	-1	
-200	193.75479656088913	-1.2513171304288322e-005	1.1908380865775166e-006	-1	
-194.25320027638696	193.54287601630816	-1.2500039065378659e-005	1.1902119139876656e-006	-1	
-189.54484985226892	196.05975686641563	-1.2656824215848076e-005	1.1996190799374029e-006	-1	
-185.79583908482635	193.33950924448686	-1.2487174476687136e-005	1.1901508173787362e-006	-1	
-162.37514393318216	192.14668221318115	-1.2409384111431029e-005	1.1908212626294189e-006	-1	
-185.17670723700419	197.92988010249189	-1.2774625256266487e-005	1.2068384096734216e-006	-1	
-179.99894401636234	197.41997565023567	-1.2744832985779109e-005	1.2058522450705827e-006	-1	
-172.79450358826952	199.42932795959123	-1.2876777770007954e-005	1.2147371093536172e-006	-1	
-162.91306754991228	198.82492299842798	-1.2848189047962739e-005	1.215701265210009e-006	-1	
-155.19285930996855	190.45909293658843	-1.2293984302116611e-005	1.1868362867324651e-006	-1	
-97.593439769660407	165.62265914439158	-9.8743083509171491e-006	1.1006957727157954e-006	-1	
-98.889179220168586	173.61744818192031	-1.0662544891714662e-005	1.1426690294594252e-006	-1	
-118.48436585931825	180.48115646125882	-1.1455722954184961e-005	1.1633607525639311e-006	-1	
-113.73834288163278	181.9982884290346	-1.1553305481766432e-005	1.1735925737972214e-006	-1	
-108.00334700145626	182.46878689367566	-1.1564837184137867e-005	1.1804043707942816e-006	-1	
-100.28457807989817	180.34595854192099	-1.132148956330085e-005	1.1765064936042198e-006	-1	
-92.601214782016683	164.23112258705368	-9.6243045921345055e-006	1.0951166173764942e-006	-1	
-88.563517973443965	161.43926365053582	-9.2335329695844284e-006	1.0806386820537474e-006	-1	
-76.363006722334148	129.80728441794633	-5.6233362085660993e-006	8.9249736310687406e-007	-1	
-73.254865096536761	128.73058637757617	-5.3175465586042945e-006	8.5794872208408485e-007	-1	
-79.30357881390259	129.91852606254045	-5.8326888710382681e-006	9.0923757674655234e-007	-1	
-78.156229025026988	129.95837389009267	-5.7586484361814558e-006	9.0403934761529612e-007	-1	
-80.268089791335512	130.79259319381231	-5.9625593060136413e-006	9.2030097259677064e-007	-1	
-80.85416307553524	131.05475451773444	-6.0223012300975227e-006	9.1973115112011317e-007	-1	
-79.625372492210005	130.71393863098444	-5.9142960186017255e-006	9.1740838513684847e-007	-1	
-81.313189316043051	132.73061429521943	-6.1849369185426738e-006	9.2646411046447399e-007	-1	
-80.997673889069219	131.67998161121022	-6.0804883245794256e-006	9.2306538487216241e-007	-1	
-81.091402749925649	132.09154246709835	-6.1192676578989678e-006	9.2465468736237856e-007	-1	
-80.444672156547497	133.35875656504098	-6.1794405365303089e-006	9.3005933750445522e-007	-1	
-75.843478973540115	152.43760179327427	-7.7623980038784672e-006	1.025526738892093e-006	-1	
-84.005232883586487	159.61731170853636	-8.8979148162495659e-006	1.0711221238210433e-006	-1	
-76.078754117709991	158.90289680983085	-8.5236306214894639e-006	1.0681656475534564e-006	-1	
-78.184063335356768	134.55304915042072	-6.1301228637030496e-006	9.3231980703883986e-007	-1	
-76.426142728438236	136.04063650705243	-6.1411467556173776e-006	9.3333703439531325e-007	-1	
-79.010516755558967	133.46037606564627	-6.0927956185122732e-006	9.3092009609264984e-007	-1	
-79.785343624864282	133.20563977020467	-6.1232261354183103e-006	9.3048498104980212e-007	-1	
-71.405838814948268	148.32265511097899	-7.0483195692036895e-006	9.9483289166352895e-007	-1	
-71.168645506182969	140.2266714206269	-6.1652166789770267e-006	9.3971965434553842e-007	-1	
-74.642460401562872	135.98121696696592	-6.0110461949130187e-006	9.2804827529630657e-007	-1	
-72.093411513293162	136.57262900681496	-5.8802829769755265e-006	9.2131554696083493e-007	-1	
-54.853774536570015	98.707304837490099	-2.4553836712421959e-006	4.6909071787164342e-007	-1	
-54.212431922354305	98.931997877267932	-2.4099800871444018e-006	4.6618092218583269e-007	-1	
-53.796377750245803	99.024030438885447	-2.3795550342438275e-006	4.6353331967610264e-007	-1	
-55.471946278834459	99.5811362085648	-2.5181752398839813e-006	4.7958806271802796e-007	-1	
-52.739837206498223	99.317978871639113	-2.3027557403139839e-006	4.5620669759233815e-007	-1	
-53.348553925489291	99.289170310271416	-2.3492215893416327e-006	4.6153689219084112e-007	-1	
-51.58899492955539	99.917937478919725	-2.2212884934717291e-006	4.4928747529527528e-007	-1	
-52.393209177366344	99.819192385630387	-2.2829796070013402e-006	4.5620781305632911e-007	-1	
-45.959495194878713	100.60915313194502	-1.7780080315839411e-006	3.9972525049673953e-007	-1	
-44.351066699256805	100.80664331852368	-1.648849324757157e-006	3.8487479571563379e-007	-1	
-43.159232637688348	100.06912633177279	-1.5547691585552238e-006	3.6970060694056202e-007	-1	
-42.391751242181499	99.793047420655384	-1.4955939041531021e-006	3.6099528068688728e-007	-1	
-50.097682026603898	101.06925762432384	-2.1150669731074235e-006	4.4331617375712725e-007	-1	
-51.354477642742474	101.04726713808009	-2.215784299183953e-006	4.5555779272821304e-007	-1	
-48.59119673970433	101.76855715826728	-1.9982375739473594e-006	4.3316505530668862e-007	-1	
-46.947151465280193	102.00442342008124	-1.8632066024963601e-006	4.1807341382627548e-007	-1	
-38.885761002121058	98.771393277847579	-1.23638401877159e-006	3.2358019386232248e-007	-1	
-36.553588861110825	98.75692811553688	-1.0680441264815746e-006	3.0032994641035099e-007	-1	
-40.957595841192855	99.894666921260892	-1.3835741045570307e-006	3.475995908349225e-007	-1	
-39.755771594083946	99.926701099631316	-1.290116321215033e-006	3.3679229095316383e-007	-1	
-41.616924372876134	100.04778371609707	-1.4339431246798503e-006	3.5445103029719816e-007	-1	
-33.015903907199245	100.43957495677454	-7.8736168708747162e-007	2.6840864445499572e-007	-1	
-25.75497487888628	98.953092022588876	-4.1811385303943211e-007	1.598626857639059e-007	-1	
-21.522062170139922	94.682293117006722	-3.4470820442676862e-007	1.2553569673661837e-007	-1	
-55.889317807763739	100.58420026505516	-2.5693655259938781e-006	4.895683588825892e-007	-1	
-62.358126909134718	98.877886989919119	-3.0278929859255882e-006	5.0407753964537824e-007	-1	
-62.501637722668704	99.50311408339482	-3.0560491985382903e-006	5.0685559736245052e-007	-1	
-61.555673310177639	100.95100065242158	-3.0235567535542292e-006	5.1286772029857509e-007	-1	
-62.45419975475653	100.39534085909615	-3.0773833759638582e-006	5.1134470362724022e-007	-1	
-60.380569529031234	102.2807258957086	-2.9670680939463219e-006	5.1836100030452059e-007	-1	
-57.541568243491675	102.62931142195634	-2.7454930604376234e-006	5.1188728948204028e-007	-1	
-56.079680415231877	101.62336803553495	-2.6046460491861216e-006	4.9856215699904203e-007	-1	
-68.030159445978825	0	1.8571546179043598e-007	4.6885593186291104e-007	-1	
-10.822578799562065	19.519984949802755	1.8520567280420307e-010	-5.6378429531105037e-009	-1	
-9.9123175535487	18.849430695407474	-1.0632676165901878e-010	1.5477822886898268e-009	-1	
-10.558286297169545	20.228924294098849	2.9789430461329171e-010	2.3056387857629484e-008	-1	
-8.6959032915097527	18.9190137157658	-5.6983297536781707e-012	-4.0594299185079685e-010	-1	
-6.0364347959169562	17.674248391480223	-1.0645433639436397e-011	-8.7943333111575317e-011	-1	
-6.8361973110258711	6.3152561050418887	-1.1336714232135922e-012	-4.8648623477737834e-011	-1	
-4.4067199083321373	7.1723258992636794	1.7891439525471786e-011	9.7649236502316767e-011	-1	
-3.1097065778234931	11.015484491692336	-1.5903863971546964e-011	-1.5161483601843422e-010	-1	
-2.7624503329800967	14.930453241091648	2.6620791931982301e-011	1.7671151288223899e-010	-1	
-9.0647892441939266	2.9466640800141795	-9.6942899849828695e-012	-3.1383196518648877e-011	-1	
-8.6463674613388068	0	4.2957606570196278e-012	1.7469135407926184e-011	-1	
-7.3636239785970545	3.7935998650476987	4.7728133811075467e-013	1.4631646415022507e-011	-1	
-10.518727565268696	20.847448177829683	-1.2408972168187537e-009	2.3225870858552771e-008	-1	
-10.251264067782518	21.582305880614221	-1.7532275696752471e-009	2.3510628996521079e-008	-1	
-9.5	21.976818387562627	1.129916015713754e-009	2.3503173881173058e-008	-1	
-68.326744974225875	0	-8.7155811607621184e-007	5.3332925581433512e-007	-1	
-68.288372487112937	0.039112694869127329	-8.677439005126727e-007	5.3442782796848313e-007	-1	
-68.105156080341118	0.050787825446349084	-8.4819297776502653e-007	5.4059272219828313e-007	-1	
-68.14808834045408	0.035734130836527225	-8.5333736532974883e-007	5.3921781861090283e-007	-1	
-68.096510051548265	0	-1.0630037124063045e-007	6.4287838675691602e-007	-1	
-68.191020600567043	0.02068043622670537	-8.5844997663471591e-007	5.3765983199241465e-007	-1	
-68.25	0	-8.6449370792622543e-007	5.3555382922833787e-007	-1	
-7.4513083955074855	26.264402180029222	-1.0023903932567997e-009	-6.5514161583139151e-009	-1	
-8.1037583372510049	24.226541968845744	-4.2850565164760514e-010	-5.9231049602193341e-009	-1	
-8.6692132834024758	22.58848260711807	-1.6768893835248258e-010	-5.119095608308308e-009	-1	
-4.8187857456689551	27.852162654542003	4.4199978513752462e-010	3.0948775636363255e-009	-1	
9.5	50.11337248711294	7.9536441316218247e-009	3.3183043083278045e-007	-1	
9.5	40.326744974225875	1.4581105233050055e-008	2.7626645820690213e-007	-1	
9.5	35.433431217782342	3.4163087936604449e-008	1.7970223037348678e-007	-1	
4.2921659782655599	33.130723919420689	-1.1545768189537712e-008	-6.7402730002186243e-008	-1	
-1.8073296680974984	29.372595034832937	-1.0815456018561458e-009	-7.9877098281944266e-009	-1	
3.442092295768957	28.407964697581427	2.1702300543899127e-009	1.6371508878712566e-008	-1	
9.5	55.006686243556473	4.8807579907835484e-008	2.275314703125931e-007	-1	
0.25228039977239192	64.793313756443538	1.0608532826753182e-009	4.8232068041192536e-008	-1	
5.6448548088018855	63.799426414303525	2.5530082082145484e-010	-1.9216798775609243e-007	-1	
9.5	59.900000000000006	-8.0341299865131256e-009	4.6885662270543657e-007	-1	
-5.1969848784662691	72.133284391108845	-1.7141445548425904e-009	-1.8410193825844649e-008	-1	
-0.38218589264406777	72.457735718734355	1.8025457140101595e-009	2.3777725843819673e-008	-1	
-16.622622546645836	93.71413739565152	-1.9177496330263736e-007	9.0682750488913385e-008	-1	
-2.949733585432833	76.543718682860316	3.3600993036438589e-010	3.2647053332299292e-008	-1	
-3.525025009994974	83.696145757852747	-1.0014526589480928e-009	-3.2769846457251238e-009	-1	
-11.260330213584934	91.959115921918951	-4.4503436301843577e-008	6.4118872498853416e-008	-1	
-9.5	89.259882538661202	5.3558267937672093e-009	5.1841820642172785e-008	-1	
-6.0988988528937282	88.950475102697695	-1.851057671542899e-009	-1.1077133969309556e-008	-1	
-63.08774250847641	98.506068806508551	-3.0714858052939825e-006	5.0451621262854285e-007	-1	
-62.93539665082502	98.524774525745656	-3.0609316752546842e-006	5.0382469530244185e-007	-1	
-62.700451787297368	98.630943443237442	-3.0464616894864318e-006	5.038887191239187e-007	-1	
-63.295216151081547	98.805896329432912	-3.0949814970331517e-006	5.0696692620310904e-007	-1	
-64.884032395884603	103.9629552812184	-3.3686485143485518e-006	5.5128996050820169e-007	-1	
-63.354928280481019	101.94158545515693	-3.1918615358905613e-006	5.2234375033169011e-007	-1	
-63.48853691728732	103.02974047907689	-3.2352274249296364e-006	5.3009077576397174e-007	-1	
-63.730428305994096	99.843929970145112	-3.1561474708743775e-006	5.1521940961365425e-007	-1	
-63.499430140877458	99.239023436404707	-3.1220478057033656e-006	5.1034134218375623e-007	-1	
-63.221319643674718	100.85343043123697	-3.1493826559830967e-006	5.1508244645268756e-007	-1	
-63.755754190899921	105.2060505269168	-3.3257151884452075e-006	5.4673675203920874e-007	-1	
-61.849364540450907	109.85836614994925	-3.3240014963634239e-006	5.8130461944640677e-007	-1	
-60.693518911640183	114.41852655484655	-3.3923711121315939e-006	6.2036688792546616e-007	-1	
-60.615572834516129	118.96935456815912	-3.5887071954542163e-006	6.6600693723135829e-007	-1	
-61.255624183862786	106.61758799375409	-3.1645864847206644e-006	5.5289057375931266e-007	-1	
-63.452668182126537	122.91622643698877	-4.0871971415921515e-006	7.1539132176246351e-007	-1	
-66.427926927025965	126.96915100531598	-4.6368533412498346e-006	7.6861879904353394e-007	-1	
-68.501089688705136	127.86269285045927	-4.8781801866793103e-006	8.0239838721951082e-007	-1	
-63.660579646376085	126.20437842431336	-4.3181135623526572e-006	7.5558275234234374e-007	-1	
-71.839835192737965	129.60456462089473	-5.2748012204103803e-006	8.5684577231001884e-007	-1	
-70.210292382623194	129.27179168262853	-5.1215391338318715e-006	8.3750854871364835e-007	-1	
-130.49741233373567	185.18092588775582	-1.1876280912440224e-005	1.1769422038182533e-006	-1	
-126.74437011462686	181.1884257706256	-1.1554596950468017e-005	1.161587725160131e-006	-1	
-144.74415019463626	189.73041163874436	-1.223629666616612e-005	1.1883855489360849e-006	-1	
-149.85689894250555	191.69509066000919	-1.2376373389260086e-005	1.1938567790291847e-006	-1	
-141.0705838818547	194.09263475016004	-1.2547188697851915e-005	1.2079248244378031e-006	-1	
-135.56874965732004	195.59393421859107	-1.2661274793589851e-005	1.2174366706237868e-006	-1	
-131.00108940761905	190.63727012991487	-1.2292830675704497e-005	1.1998876249197769e-006	-1	
-200	200	-1.2900570309412785e-005	1.2132124789782253e-006	-1	
-193.03480173106996	198.7408331068101	-1.2823120473881445e-005	1.2089483476440821e-006	-1	
-189.14235369705588	200.79431362185147	-1.2951934918798422e-005	1.216603405201534e-006	-1	
-158.35929956739307	195.83093817493236	-1.2654455218075013e-005	1.2062276264018365e-006	-1	
-184.83952222261701	203.12175267272465	-1.3099463684832329e-005	1.2254290927651893e-006	-1	
-176.26989854759464	203.90346841856001	-1.3157424472707825e-005	1.2299852278684025e-006	-1	
-170.69985993391941	204.93834658146162	-1.3232270546892531e-005	1.2353119615413768e-006	-1	
-165.8453582989049	208.28059613684576	-1.3457498457438313e-005	1.2490810978473338e-006	-1	
-160.74201294063121	205.80986889667713	-1.3310880992265723e-005	1.2423369591393203e-006	-1	
-156.1603004048246	202.46972860316291	-1.3101382487172203e-005	1.2321558485703718e-006	-1	
-152.92705427225928	196.26849847413254	-1.2688411648312113e-005	1.2102118549066663e-006	-1	
-92.269210912740178	171.72578781396186	-1.0374876248964141e-005	1.1371106735670993e-006	-1	
-93.632415744154301	178.62295944114294	-1.1098321862454428e-005	1.1736967610299408e-006	-1	
-117.30854566183216	185.47392874710872	-1.1860911012733259e-005	1.1870272952914878e-006	-1	
-123.9528605243824	187.57273238084187	-1.2047544180804461e-005	1.1915806048822324e-006	-1	
-112.26227975268786	187.08600028199473	-1.1984418982124004e-005	1.198584915028068e-006	-1	
-102.80332382418813	186.28203931593379	-1.1893799086199589e-005	1.2039113051428611e-006	-1	
-95.798225270902122	185.5510164777738	-1.1808161713341324e-005	1.2079586560575172e-006	-1	
-87.897521733313127	166.40688820431117	-9.736796629308121e-006	1.1098411060053153e-006	-1	
-76.129871458002341	131.59169530224216	-5.7425627021186061e-006	9.1189075353188155e-007	-1	
-74.455116532460323	131.2490000662205	-5.5959317731088954e-006	8.9761134307063784e-007	-1	
-77.35465485326111	131.30898619922567	-5.8062005125063857e-006	9.1455890328670381e-007	-1	
-72.811071258036193	131.48486632803449	-5.4926088921387798e-006	8.8929803464453825e-007	-1	
-78.967683280724444	130.70808702676567	-5.8700308121749192e-006	9.1497290529453601e-007	-1	
-78.397781702864037	131.03641846255678	-5.8567022769256592e-006	9.1606749609751715e-007	-1	
-80.334894109738656	131.33667070577229	-6.008955857828487e-006	9.2439770972026795e-007	-1	
-79.856370657326522	131.31884516472468	-5.9760179957346361e-006	9.2321647960547415e-007	-1	
-80.587143315153824	131.58183842327804	-6.0451921217013567e-006	9.2466506650392185e-007	-1	
-79.301636818620992	131.27471245392439	-5.9357391216872755e-006	9.2144070400752063e-007	-1	
-80.639445625940127	132.6700212060536	-6.1357897908342684e-006	9.2815603684732786e-007	-1	
-80.655349010906548	131.9269251578919	-6.0769501206639408e-006	9.2621897037041462e-007	-1	
-80.639063386077595	132.20392939568188	-6.098027173237498e-006	9.2716526559320236e-007	-1	
-80.213485349080528	132.68137501882649	-6.108384318406225e-006	9.2930292343108212e-007	-1	
-69.616476981320218	158.59570264147854	-8.1994872052396774e-006	1.0670225844839835e-006	-1	
-69.792255963230389	152.52780409245872	-7.4492014812885828e-006	1.0236549680913029e-006	-1	
-79.500397865218943	165.26914230094377	-9.3883498101931976e-006	1.1075408558273992e-006	-1	
-72.278475493219489	164.98530283787241	-9.129229651058241e-006	1.1099729672331279e-006	-1	
-77.027062804301991	133.81755394757263	-5.9881021712346669e-006	9.2861853457523319e-007	-1	
-78.243035360052161	133.18429715452893	-6.0177347169686865e-006	9.2993323584135311e-007	-1	
-74.818093275049264	134.20520840316266	-5.8662135250086691e-006	9.2295162358256401e-007	-1	
-79.117216012784681	132.65175840190136	-6.0323824082933179e-006	9.302947016106223e-007	-1	
-79.714820665510047	132.53244932333513	-6.0626933642618785e-006	9.3007571144675978e-007	-1	
-67.151427917179191	149.80147744268137	-6.9490383132452409e-006	1.0014734551374258e-006	-1	
-67.291007734163486	145.48518275015712	-6.4456814957445202e-006	9.6819926373384084e-007	-1	
-67.513310799004302	141.14631608479783	-5.9827175840067125e-006	9.3571686485203401e-007	-1	
-68.302717594612545	137.77847303497171	-5.7009209638729283e-006	9.1224815961527152e-007	-1	
-73.2642627220512	134.84736314872467	-5.8094679885912573e-006	9.1864540791000333e-007	-1	
-70.027828708081259	135.55450883775174	-5.6261380449517886e-006	9.0558510821647191e-007	-1	
-70.972528984985686	134.56095722404933	-5.6098495598215796e-006	9.0583909322768109e-007	-1	
-54.790910661309503	99.383955001253383	-2.4618068226441951e-006	4.7398301261314839e-007	-1	
-54.324818850937824	99.384337241115972	-2.425729477161065e-006	4.7080180535343433e-007	-1	
-54.047814613147857	99.368051616286991	-2.4041399097927303e-006	4.6844345216510759e-007	-1	
-53.776430717843361	99.449674870806177	-2.3845639862766355e-006	4.6665843192954888e-007	-1	
-54.799531530602898	99.805965804514898	-2.4693386527881276e-006	4.7766621925369003e-007	-1	
-54.811539725190407	100.44733938931553	-2.4809762540878027e-006	4.832666287152223e-007	-1	
-53.197423425177291	99.720447292341063	-2.3440927709159585e-006	4.6315493477082324e-007	-1	
-53.599530549082779	99.671074745696401	-2.3743987954136634e-006	4.6665558553094465e-007	-1	
-52.248394255915649	100.44450691699024	-2.2795876541199149e-006	4.5979589546487509e-007	-1	
-52.851026939005308	100.22354657241068	-2.3239705437793157e-006	4.6400644199113024e-007	-1	
-45.272396539738175	101.6617281840598	-1.723420830364152e-006	3.9892023383176129e-007	-1	
-43.546852451445851	100.90538841181299	-1.5839083650656602e-006	3.7724414673117865e-007	-1	
-44.047613144479264	101.9444372870764	-1.6221474521416498e-006	3.8778745274800191e-007	-1	
-42.74263820363489	101.00413350510232	-1.5188067411789681e-006	3.6946488783213641e-007	-1	
-42.285051984955828	100.60166508440037	-1.4838045350033224e-006	3.6315970701614807e-007	-1	
-50.751053150686275	102.48553205308619	-2.183004746511614e-006	4.5992569517519968e-007	-1	
-52.432559270410174	101.05938322328345	-2.3022852665218889e-006	4.6648203198925665e-007	-1	
-52.458984325946261	102.16384214638943	-2.3195108523311382e-006	4.7518826930493279e-007	-1	
-49.562432805003759	103.6488588654089	-2.0947681734342635e-006	4.5580163971938551e-007	-1	
-48.147402901203691	104.52283710872558	-1.9792881253681953e-006	4.4684988411312783e-007	-1	
-45.039261275406695	103.446139068357	-1.7043366654611542e-006	4.0698521284223505e-007	-1	
-38.428815322784928	100.1435650015536	-1.1857460974739299e-006	3.2569994974319368e-007	-1	
-36.882996024759599	101.06576484791138	-1.0536755326751959e-006	3.1595803499381364e-007	-1	
-41.188782648659881	100.57204846747528	-1.3969911107851299e-006	3.5220993655609548e-007	-1	
-40.762822371800318	100.58340228024821	-1.3631143579651653e-006	3.4833807019637135e-007	-1	
-39.643871198162472	100.7193098387925	-1.2732002255897918e-006	3.3929184533375098e-007	-1	
-41.687447332230455	100.72097416296664	-1.4357019849910373e-006	3.5758765317151774e-007	-1	
-25.129821635706264	104.33502653226266	-1.8351435476974047e-007	1.3722974107363991e-007	-1	
-30.913758385325441	106.04373703092347	-4.379478514221651e-007	2.6632293557034384e-007	-1	
-35.346360852736915	104.98161886736888	-8.3439810981471401e-007	3.30064561025702e-007	-1	
-21.91073929933258	102.77119213295393	-1.333729619207106e-007	9.1785127751345338e-008	-1	
-20.368900975111885	99.541516654089406	-1.9045586797210185e-007	9.6103209805294341e-008	-1	
-17.522676567585187	97.673404771080286	-1.5553301110682336e-007	8.4971557694530736e-008	-1	
-55.073417775601229	101.30158693352683	-2.5167413779187102e-006	4.9171205833277913e-007	-1	
-62.768657483050134	98.976030177851271	-3.0614221424534448e-006	5.0492325817826116e-007	-1	
-63.087711006868417	99.76527540731702	-3.107871928552405e-006	5.086424596928657e-007	-1	
-63.020906688465267	99.221197895357022	-3.0873906487803183e-006	5.0594362784684371e-007	-1	
-62.103179572153039	101.85451848324939	-3.09151464265261e-006	5.1964116917669776e-007	-1	
-61.66450480339639	103.77577436310503	-3.1120569022134595e-006	5.3202356238264404e-007	-1	
-59.221378498036934	104.57507031566345	-2.9328835650318534e-006	5.3181267201495262e-007	-1	
-56.657456293206117	104.39056261584821	-2.7111847846395982e-006	5.2255022866902904e-007	-1	
-55.767018175469772	102.63250127815108	-2.5987822157082326e-006	5.0536299861990973e-007	-1	
-10.142675209340327	19.851913599839882	4.5385096893867853e-011	-3.6096219003322466e-009	-1	
-9.5320900687554833	19.805183635799956	-9.822288379461494e-011	5.9492506734384033e-010	-1	
-10.101565108414214	20.389068234326253	6.342871542462348e-010	2.307841118097989e-008	-1	
-8.8361782022094797	20.129314671331038	-1.8148473005652342e-011	1.5233170531017867e-010	-1	
-7.5171440444679405	20.209936367720591	9.2682783204269946e-012	-1.1712591703907775e-011	-1	
-3.8967990380286821	19.04878289110783	1.219259454735019e-012	-2.2187144488549438e-011	-1	
-2.4355117591310935	17.235891659131507	-3.7815763978195609e-012	-5.0259530201744369e-012	-1	
-5.3116121049577263	21.162000876254528	7.3007120270424493e-012	1.2214030420790854e-010	-1	
-4.1936992266033588	3.5997240408757025	-3.642705713315579e-012	-1.4660912495945368e-011	-1	
-2.2009563370938321	4.3539098694342542	2.9967439744488056e-012	3.2469285769599562e-011	-1	
0.68772675373210324	5.9325248200920733	-3.4109812784438911e-011	-2.5520422795940729e-010	-1	
0.01092697947857646	13.404880526132041	-5.457654634942072e-011	-4.2847971007818977e-010	-1	
3.3230738278123328	10.765379772205552	1.8072395353513431e-010	1.2721560526271755e-009	-1	
-0.14564657629312516	16.566285047467886	-4.7230145402239701e-013	-9.6671431270998398e-011	-1	
-7.5847577722279231	1.7547033730973094	8.6572104096244038e-013	-2.2965475080583846e-013	-1	
-6.5231480831170403	0	-1.0540027584624619e-012	-2.1390354246783184e-012	-1	
-4.8656440096195848	1.8324504971799722	4.3345099728265853e-013	-8.5611872968705906e-013	-1	
-9.8999963082365436	20.883618878493202	2.2661511543578324e-010	2.31768190475131e-008	-1	
-9.5	21.365154168007187	9.5963101364299366e-010	2.3263512612444091e-008	-1	
-8.8943806288694418	21.581686027617213	-8.3224191842119695e-011	-3.8035801364731831e-009	-1	
-68.142005025774125	0	-4.0246436825004384e-007	6.834703711185054e-007	-1	
-68.1875	0	-6.8622101224408893e-007	6.3286109602630114e-007	-1	
-5.7776181206244619	24.931238262662763	6.714756624844548e-011	7.2597441807338414e-010	-1	
-5.9276504782741677	23.364924828722827	8.0939341627596246e-011	1.0792692653969556e-009	-1	
-7.2910185146836826	23.029359081119356	8.1024886679919055e-011	2.0504354489803982e-009	-1	
-7.6673999680121714	21.632172662833668	2.4570525541739655e-011	9.0347354636866344e-010	-1	
-2.3349581020368464	26.040600051961874	1.5210483313649616e-010	1.1286820364310625e-009	-1	
15.093894157312251	45.2200587306694	-2.6323630376218899e-006	4.7171520906013857e-007	-1	
15.041144868952596	50.803802815987744	-2.8952329051326357e-006	4.9285126906702891e-007	-1	
14.438250144053409	37.816930858608202	-1.9119620038681524e-006	4.0220446578301789e-007	-1	
12.142135475805267	32.775766428592753	-8.0378289630468446e-007	3.0722788631373321e-007	-1	
9.5	30.540117461338809	2.9859609023658658e-008	2.5194190655858583e-007	-1	
6.2769239484380766	28.761763432877256	-4.2065345975211339e-009	-7.4105153102128562e-008	-1	
0.76591020297072898	25.946026421437764	-1.4623221646935883e-010	-1.0226824379096833e-009	-1	
3.7889934358736119	25.249394392650313	-6.2191917423461744e-010	-7.828669661688229e-009	-1	
5.5226954285639733	26.006299155503989	-2.1131517009776902e-010	2.8175288142246473e-008	-1	
14.108829176067223	57.453343121778246	-2.6232900476047222e-006	5.0111745769822225e-007	-1	
3.9850075088118979	69.025570092629053	-1.9588246588092451e-009	-4.5161148748146063e-008	-1	
9.5	69.686627512887071	1.4197675706882449e-008	4.7157869419718945e-007	-1	
14.259710734047228	66.396188029531629	-2.85434143419151e-006	5.7032341667363079e-007	-1	
3.9518424343158456	74.579941269330604	-8.4954295888290174e-009	-1.6325932450420473e-007	-1	
-13.183547104327019	94.678254516418079	-8.4498189226580695e-008	7.2657350941309447e-008	-1	
-14.340956863498111	96.462002645415708	-9.5018776321223474e-008	7.3445114663648352e-008	-1	
4.8745574363120321	81.91991190399591	-3.5153595649800643e-009	-5.2019768186976452e-008	-1	
-2.6564669922795163	89.482198850688945	2.6183605638883878e-010	-7.5262240281809757e-009	-1	
3.2085741394185088	89.058207839376919	1.1482146587330246e-009	3.6034999613396975e-008	-1	
-11.058963818269369	94.764860514660185	-3.2029965819744651e-008	6.6013299123532247e-008	-1	
-9.5	94.153196295104735	5.5897843426096796e-009	6.2085774457372743e-008	-1	
-7.7360837567027634	91.947615000169421	-1.5183745621878899e-009	-1.8094801835625343e-008	-1	
-4.8987226866979512	92.147786339404661	5.5378517311994226e-010	7.0813181379546492e-009	-1	
-62.954102370062124	98.677120383397053	-3.0668397397348064e-006	5.0394318148235519e-007	-1	
-57.949599815613993	110.337197049313	-2.9855661736825153e-006	5.760546187653813e-007	-1	
-57.741688351364445	107.04904506198839	-2.8707716098157486e-006	5.4748617608015874e-007	-1	
-56.310427438777573	117.16582272018536	-3.0596772086840583e-006	6.3515128848506441e-007	-1	
-55.775992891552363	112.81320262450552	-2.8511214129423244e-006	5.919806449085144e-007	-1	
-59.552903457289631	123.39505733635249	-3.7147258319457178e-006	7.1305267908223025e-007	-1	
-56.84486198600279	121.5184428158652	-3.3116803300936073e-006	6.829040446212757e-007	-1	
-60.146643813878001	126.63583549254763	-3.9828987673435505e-006	7.5429573849388577e-007	-1	
-64.744811704534456	128.86286087045352	-4.6141359037691727e-006	7.9144590927409101e-007	-1	
-66.695144200638566	129.14546105315588	-4.8193065133862639e-006	7.9804264335014534e-007	-1	
-68.134672177915277	130.04733734682569	-5.0107233647467101e-006	8.2615449790340546e-007	-1	
-62.180889499703191	128.67835317063904	-4.343459320248233e-006	7.845789100361534e-007	-1	
-70.651214847054362	130.76789143321622	-5.2709686731389255e-006	8.6174727774939029e-007	-1	
-68.943283671793779	131.08958133991266	-5.1584955407030129e-006	8.4925006651343102e-007	-1	
-146.45068140211333	195.98436163337533	-1.2675413884710375e-005	1.2123563699618845e-006	-1	
-140.00090322553709	201.00453643136129	-1.3045061648072426e-005	1.2360381740842968e-006	-1	
-132.35766762495064	202.74495141494498	-1.320152314475492e-005	1.2487400624650552e-006	-1	
-129.68300355197903	197.24746594560997	-1.2797319421449987e-005	1.2285524988076237e-006	-1	
-124.10587011795786	194.7431183164023	-1.2616181007679031e-005	1.2225938245602867e-006	-1	
-200	206.24520343911087	-1.3286525675502037e-005	1.2351864603389765e-006	-1	
-193.44472580637438	203.12260171955543	-1.3094887902534376e-005	1.2244772416483154e-006	-1	
-189.1418465314085	205.93450552663074	-1.327122957933007e-005	1.234752240502692e-006	-1	
-183.6010283543589	208.05683731857238	-1.3408476054669202e-005	1.2430452820470717e-006	-1	
-178.61309363382355	209.06154361748412	-1.3478546925388413e-005	1.2476585403431766e-006	-1	
-172.10747481761595	210.66158330153712	-1.3592769544309509e-005	1.2551637450569801e-006	-1	
-164.84170721583328	213.85634608401276	-1.3819043387100767e-005	1.2692662862090233e-006	-1	
-156.40240998629693	209.45904320600496	-1.3566024079761536e-005	1.2577650651685554e-006	-1	
-150.54729056732165	201.00849664797926	-1.3015757213952422e-005	1.2295165926041222e-006	-1	
-151.6436980649008	206.19778837023395	-1.3366037070947436e-005	1.2484609111144174e-006	-1	
-85.747266224835315	173.93182426582996	-1.0506840046600831e-005	1.1550439328312212e-006	-1	
-90.130851493164784	184.98124167812756	-1.1734391733316918e-005	1.2117993032615228e-006	-1	
-85.79164824330033	181.29137934800428	-1.1317286922363041e-005	1.1968750194083675e-006	-1	
-116.36864714078452	192.15096623347054	-1.2415921142342965e-005	1.2180280747038526e-006	-1	
-109.85733131333077	191.80614829486632	-1.2394189205263736e-005	1.2228923609409765e-006	-1	
-99.712933679655009	191.94159970827485	-1.242622167092298e-005	1.2351576057739197e-006	-1	
-92.496772664078804	189.91885005772494	-1.2247499893561831e-005	1.2346790633628138e-006	-1	
-81.273303992098775	170.57438155147631	-1.0045196472659161e-005	1.13892743439564e-006	-1	
-75.442772802861796	132.64427035435676	-5.7763271767756471e-006	9.2182495818032433e-007	-1	
-77.051201298483704	132.44678016777809	-5.8735005135645257e-006	9.2682973206619089e-007	-1	
-73.834344307239888	132.84176054093541	-5.6758491885603445e-006	9.1525227037546739e-007	-1	
-77.855415546294665	132.34803507448873	-5.9209692987464418e-006	9.2866505378448027e-007	-1	
-78.367839217948415	131.67758386415113	-5.9038959975253571e-006	9.2273281050067036e-007	-1	
-71.304585971136589	132.18416586197785	-5.4327164882252474e-006	8.8743992183140523e-007	-1	
-72.22591581161798	133.03925072751406	-5.5717786059880597e-006	9.0730415125500965e-007	-1	
-79.006026280277595	131.74619070112979	-5.9522106068637382e-006	9.2532797396186816e-007	-1	
-80.401698428141813	131.88074821773228	-6.0559225846429172e-006	9.2796807196857249e-007	-1	
-80.060584647122411	131.75197227169642	-6.0231474356339857e-006	9.2704852829108376e-007	-1	
-79.616711240449519	131.73341217779281	-5.992122217694452e-006	9.2645928827346401e-007	-1	
-80.374227207219278	132.28674465814842	-6.0868434674500287e-006	9.2859397612510089e-007	-1	
-80.420404147378918	132.03309407538367	-6.0692797771007549e-006	9.2856094493549345e-007	-1	
-80.091158120966924	132.27319966951097	-6.0666237218957658e-006	9.2953666986764474e-007	-1	
-66.456682510158572	161.24098004069089	-8.4135874299716097e-006	1.087544625581102e-006	-1	
-66.310307474942931	157.12268330929416	-7.8419624194369849e-006	1.0568866725629376e-006	-1	
-66.312407029084426	153.50321672569922	-7.3666016190589424e-006	1.0297021044561834e-006	-1	
-75.683983558918882	170.35470739424107	-9.9012524472548345e-006	1.1425801484760938e-006	-1	
-68.514494450834363	171.13724439674615	-9.8506200657219165e-006	1.1556130011946901e-006	-1	
-62.61010931403009	166.99572602934552	-9.096423535367006e-006	1.1329613179247975e-006	-1	
-78.659629794105612	132.24928998119941	-5.967869121007787e-006	9.2997859892843913e-007	-1	
-79.463844041916559	132.15054488791009	-6.0141979600749473e-006	9.3047736716388762e-007	-1	
-79.86595116582204	132.10117234126542	-6.0372416126061844e-006	9.3021876814001233e-007	-1	
-63.175502616754983	151.70861116528488	-6.9229443785580525e-006	1.0145067818617774e-006	-1	
-63.731580594510596	148.15482202647155	-6.4986227647172801e-006	9.8509354376147677e-007	-1	
-63.168265924739728	143.74130052873767	-5.9107703636931164e-006	9.4657966137017032e-007	-1	
-65.007914776875253	141.78887795471823	-5.8432342005196858e-006	9.3397489646478854e-007	-1	
-66.248705423730527	137.92664170032302	-5.5429219065773728e-006	9.0494498201163942e-007	-1	
-64.17204334116883	139.34118231854413	-5.5044614088986183e-006	9.103387806631106e-007	-1	
-68.340814896548665	135.75502101724277	-5.5096837348390925e-006	8.9712761812486926e-007	-1	
-67.184031801078149	136.09195248430817	-5.4446709811339297e-006	8.9309521676289058e-007	-1	
-68.96158294255379	134.69422999141838	-5.4621517127634606e-006	8.9355479280106248e-007	-1	
-69.639477327097765	134.24068124980798	-5.4757440859036051e-006	8.9569513750537003e-007	-1	
-70.617487315996073	133.23674091409274	-5.4642632071736794e-006	8.9800499342975585e-007	-1	
-54.407634113404391	99.649173419974247	-2.4362117882123834e-006	4.738627299842609e-007	-1	
-54.153983530639643	99.602996479814649	-2.415811539156803e-006	4.7166225112631436e-007	-1	
-54.001637672988245	99.621702199051754	-2.4044979698941654e-006	4.7026607785053564e-007	-1	
-54.424938455291894	100.0005100549718	-2.4429644375225454e-006	4.7732154537197588e-007	-1	
-54.306297886683055	100.843497361386	-2.4467175136817316e-006	4.8447997937467569e-007	-1	
-54.239493568279897	100.29941984942603	-2.4327955275264774e-006	4.7924048711737295e-007	-1	
-53.446663350549812	100.08820745581365	-2.3684686338585084e-006	4.6885065325636448e-007	-1	
-53.872861726952387	99.96281598007117	-2.3995421541147288e-006	4.7217427470094466e-007	-1	
-53.251917492299988	100.6095052389108	-2.3607506394584469e-006	4.7124687858093722e-007	-1	
-43.034428779792087	101.57583962215058	-1.5400316132870604e-006	3.7519997878931781e-007	-1	
-43.004486294876244	102.21700502374492	-1.5347970397647838e-006	3.7801513178673692e-007	-1	
-43.246038972712689	103.29504959620863	-1.5506577190845069e-006	3.8645887762557188e-007	-1	
-41.938423955823943	101.10287859839164	-1.4536774497399627e-006	3.6150536099795025e-007	-1	
-42.396241717462914	101.50723278517194	-1.4883715565239868e-006	3.6802988873483863e-007	-1	
-51.1919756151188	103.98163180367422	-2.2383504385036035e-006	4.7523451917637612e-007	-1	
-53.06496289913742	101.24009014221205	-2.3550918481265562e-006	4.7438995946789e-007	-1	
-53.581892984611578	101.92493728732558	-2.4068194647990683e-006	4.8516111040320567e-007	-1	
-53.267595819825488	103.20608613947542	-2.4018391759956321e-006	4.9149216619403824e-007	-1	
-49.957419492534115	105.87087272963089	-2.1529495863561835e-006	4.7532085490513461e-007	-1	
-45.458710405094557	106.01982060959564	-1.7428152657901797e-006	4.2768709811258608e-007	-1	
-47.741558030649472	106.95694637585781	-1.9600165246217367e-006	4.5864850590545485e-007	-1	
-43.065133959828579	104.98513899249002	-1.5272561591480623e-006	3.9444956381451905e-007	-1	
-38.679007971738692	101.18556027803386	-1.1911689687559646e-006	3.3335029821481229e-007	-1	
-37.878063780838531	103.22632042239263	-1.0909980081852037e-006	3.3987144205740515e-007	-1	
-41.311109876773578	100.98022381679073	-1.4041004534454077e-006	3.5462853315004073e-007	-1	
-41.028040790521203	100.96667882815333	-1.3814937375452896e-006	3.5184982479524219e-007	-1	
-40.763204611662907	101.0494940906199	-1.359538598366734e-006	3.4979875259411594e-007	-1	
-40.310865247814881	101.16188101920343	-1.3220587012622759e-006	3.4663092273308392e-007	-1	
-39.697761750138127	101.51796252952221	-1.2685406078878553e-006	3.4352497500034992e-007	-1	
-41.536316831918469	101.1522511450363	-1.4211034544044867e-006	3.5745693888713825e-007	-1	
-27.541007629770533	107.25344766266943	-1.4509761443318509e-007	1.8640702987295531e-007	-1	
-21.924999999999997	106.34999999999999	1.9134432927609444e-008	5.3973587581739609e-008	-1	
-24.997991157452287	108.11836110871499	4.1253960146814203e-008	8.6966295290695524e-008	-1	
-29.656369786126575	108.90881801249726	-1.6574705516415779e-007	2.7199325278656727e-007	-1	
-33.973695003317317	107.55634645181004	-6.2879887504278677e-007	3.4617889218693466e-007	-1	
-31.507569397982714	109.11572394522146	-3.1904833469998001e-007	3.3582899916023601e-007	-1	
-38.427036728567892	104.97628078088101	-1.1064551082966164e-006	3.5852731984673668e-007	-1	
-36.891230160474478	107.59405951316801	-9.0451676407958522e-007	3.7763762100380692e-007	-1	
-18.852008842547708	104.581638891285	1.2855200377863738e-008	3.3404175427559354e-008	-1	
-15.77901768509542	102.81327778257001	1.4760628756324938e-008	2.6978219229788004e-008	-1	
-14.732899570704099	99.624809314765102	-5.0835730260366552e-008	5.8826368595102166e-008	-1	
-54.439906523489356	101.93165238530597	-2.4756589131605807e-006	4.9444098608669891e-007	-1	
-54.707123797101964	104.10796243314587	-2.5375491834765073e-006	5.1359083322253635e-007	-1	
-54.974341070714559	106.28427248098578	-2.6048648501693778e-006	5.3261355953817704e-007	-1	
-54.573515160295656	103.0198074092259	-2.505851576364392e-006	5.0408512575927325e-007	-1	
-9.8035578254732219	20.270511905745998	1.0275065557349547e-009	-5.0096137206021086e-009	-1	
-9.490979967829368	20.342338270286319	2.8640671711066403e-010	-1.7304866827974351e-009	-1	
-9.644843919658884	20.549212174553652	1.1010159196167505e-009	2.3037011167145769e-008	-1	
-9.2538676435929741	20.676744974225873	2.8589529177142804e-010	-1.5095242548882132e-009	-1	
-8.6482482724624159	20.893276833835895	-9.7365437599607488e-011	7.3097908572293037e-010	-1	
-6.3631643247277019	22.030119800557639	-1.3170322899039492e-011	-4.837944940210545e-010	-1	
-2.8569352073606749	21.369573592737147	1.3140980980891649e-012	4.9202046723931166e-011	-1	
-1.4688336712105972	19.354256265326324	6.3115112498168534e-013	3.8761799410669404e-011	-1	
-4.5370231184140417	23.171192230339734	-4.9732939744625683e-011	-4.4724484318312262e-010	-1	
-3.0885019786110335	1.1870577707781438	1.0136800264864264e-012	6.4929777957094134e-012	-1	
-1.913116285050898	2.2427564898501817	-1.5574045463501265e-012	-1.7058405320895556e-011	-1	
-0.3941915910343019	3.2245642004357093	1.2288784581100488e-011	8.8257186528164455e-011	-1	
3.6111065067949744	3.6370567157480753	9.6628165062891757e-011	5.6656153466908854e-010	-1	
1.3366126546018609	3.0895430913424495	-2.5685151587591994e-011	-1.6026015347842516e-010	-1	
5.4562395108969852	7.1065705200832552	-8.7734157802240955e-011	-3.8103469172339248e-010	-1	
2.7657055635175132	14.963786802599666	5.2598516558879832e-011	7.1237774176241297e-010	-1	
8.4724069755303972	9.8388644312437012	-8.1529828388833406e-010	-4.6538165100288867e-009	-1	
6.7252132934111213	13.514461039801295	-4.131627699638389e-010	-4.4036613178891353e-009	-1	
0.97673557840859537	19.440979100505587	-1.9035205381477152e-011	-1.2659880964907464e-011	-1	
-4.3999287048952738	0	-1.6932255244727015e-013	-5.9671231732029799e-013	-1	
-9.5	20.753489948451744	1.1352540629319101e-009	2.3051998642411254e-008	-1	
-9.2696095621891228	21.059322058229466	7.1290926636924913e-010	-5.0554401202357372e-009	-1	
-2.208750768711897	23.658220760100985	1.0328922895107333e-011	1.2519883346053667e-010	-1	
22.394171835316286	48.081145209045637	-6.5534684509358805e-006	7.2173185271819938e-007	-1	
20.575909330267486	41.976431506749989	-4.8992047936537311e-006	6.2731596179144048e-007	-1	
18.717658352134446	55.006686243556473	-5.1472946969360875e-006	6.3233025073956607e-007	-1	
15.582410358890195	32.396932815898047	-1.864371181976369e-006	4.1173849793445856e-007	-1	
22.391562004317393	35.87094108488558	-4.7760154549613858e-006	6.3970136023740708e-007	-1	
12.021796456572149	29.316789022227926	-6.2487232281940423e-007	3.353984547245954e-007	-1	
9.5	28.093460583117043	-9.9971302705084522e-010	3.3097157273254473e-007	-1	
7.5249793995753818	26.191977131458767	6.2170105546489763e-009	-1.0835387205496676e-007	-1	
2.8223880535241306	23.623263569406944	2.3262544469886969e-011	2.2182129416831262e-009	-1	
-0.48163882577133821	22.02263729853718	1.8290643963329961e-011	-1.308201048071189e-010	-1	
5.2247381632223142	24.017621484448672	1.0718568547102676e-009	-1.1049273039308211e-008	-1	
6.6484300223820902	24.340064167393056	-4.1100975480238669e-009	4.0373659680990278e-008	-1	
18.302753577338642	61.411479145600936	-5.2304681544218085e-006	6.459755098161869e-007	-1	
15.066611029421324	72.126000432983773	-3.292931553248701e-006	5.8305729515984853e-007	-1	
9.5	79.473255025774137	3.1930783164489163e-008	3.9311324987439908e-007	-1	
19.914275122344709	67.624088613466171	-6.3565956908975022e-006	7.0530591438894864e-007	-1	
-12.001776935407991	96.445957547523733	-4.5834806698744799e-008	6.7220205813501988e-008	-1	
-12.407193223464219	97.77827707182874	-4.190684229219442e-008	6.5147278449173099e-008	-1	
6.7282913089935334	86.813225660439429	-3.5782254588362173e-009	-1.6979370137895422e-007	-1	
9.5	84.366568782217655	2.2039592183668364e-008	4.8442206000534261e-007	-1	
-1.2829371898707178	92.683211681191906	-4.1376782375317871e-010	-5.1992108152059182e-009	-1	
5.6623366799459749	92.485104493935253	-2.2138760639348296e-009	2.6436712818789138e-008	-1	
7.1751768850791864	90.483210977772089	3.9443095572494959e-009	-1.2182265280962027e-007	-1	
2.1944245948545089	93.809506524395374	3.1983871731845627e-010	-1.1829463802742393e-008	-1	
-9.5	95.376524734215621	4.8845437354896346e-009	6.3098509860445337e-008	-1	
-10.610777755255279	96.378437459549176	-1.9917528770200592e-008	6.5139807744767789e-008	-1	
-7.9338641223059803	94.764860514660157	-1.0107001332350895e-009	-1.1905939455416464e-008	-1	
-6.0575903082574944	94.745422234277356	3.2835280173207192e-010	4.0927958246407874e-009	-1	
-4.187752823546294	94.901912019238509	-1.7481386533887437e-011	-1.122104036732049e-009	-1	
-55.24155834432716	108.46058252882571	-2.678766770268418e-006	5.5183844344459104e-007	-1	
-51.394187242536411	115.55467205905879	-2.4733074567890989e-006	5.5984395857660087e-007	-1	
-53.442948247648744	121.09688124145187	-2.9056049747486905e-006	6.3313374088009383e-007	-1	
-53.040779339309054	110.87164473291007	-2.5308564705655572e-006	5.4537002269930446e-007	-1	
-57.379296533227986	125.87106291154502	-3.6213401604524079e-006	7.3721899157014685e-007	-1	
-54.810668943837413	124.24013931889968	-3.2286109434115283e-006	6.8505162312581432e-007	-1	
-57.646513806840588	128.04737295938494	-3.7997379924604255e-006	7.6676010425899348e-007	-1	
-59.737763194344126	129.4776491231969	-4.1428155884755241e-006	7.9038340049668573e-007	-1	
-63.860699754248657	130.62411206434521	-4.6638490722841739e-006	8.1301912665380145e-007	-1	
-65.635249822270737	130.62092220815063	-4.833986838618465e-006	8.1677791905900263e-007	-1	
-66.828752837444867	130.23361607707585	-4.9142866741623782e-006	8.135249406974038e-007	-1	
-67.820375013129222	131.32848619897587	-5.0846917771574074e-006	8.4017609232339888e-007	-1	
-61.021698468709111	130.97269759059338	-4.4004483309849892e-006	8.1204963820930161e-007	-1	
-70.047790354997929	132.20615634822144	-5.3360515979103022e-006	8.7679985943311858e-007	-1	
-68.337305098603068	132.01333334408997	-5.1823548950118882e-006	8.5619301246042605e-007	-1	
-68.9697087273302	132.19404026301834	-5.2485343460848199e-006	8.6591629116846009e-007	-1	
-146.25846303067607	204.12888385797731	-1.3243407506896066e-005	1.2439424376606753e-006	-1	
-137.32833023315507	208.80635455254875	-1.3618027115772034e-005	1.268402427187989e-006	-1	
-123.44231223744916	203.68310642910467	-1.3322178761794166e-005	1.2608284634736154e-006	-1	
-130.45553929062336	209.37359574958131	-1.3706665030063838e-005	1.2767837459914478e-006	-1	
-121.48707665812704	199.04336197843847	-1.2966431421563697e-005	1.2433303236397477e-006	-1	
-200	212.49040687822176	-1.3670069410328955e-005	1.2567528309141501e-006	-1	
-193.39635189136663	210.38345023862891	-1.354296884440891e-005	1.2497925815047096e-006	-1	
-186.68216289226203	212.10597765730301	-1.3654896461418904e-005	1.256499071509253e-006	-1	
-183.52190222928877	216.15252771656174	-1.3909117910178364e-005	1.2709553501953366e-006	-1	
-175.90661901860608	216.17970857307833	-1.3928778120003331e-005	1.2730826318578878e-006	-1	
-170.01283116326584	216.17060192340753	-1.3946962202253666e-005	1.275130819551926e-006	-1	
-157.79257539203749	217.08803466693269	-1.4059339281885793e-005	1.2842463382305915e-006	-1	
-165.1583295282513	219.51285147879165	-1.4177865018997827e-005	1.2887637880380074e-006	-1	
-151.57535674854805	214.27979020700201	-1.3910388669693886e-005	1.2781589287421817e-006	-1	
-147.3343649176766	210.03325054328587	-1.3646487424047064e-005	1.2654260227441023e-006	-1	
-80.753938912134117	175.92607362830836	-1.0663738844078198e-005	1.1718970906462741e-006	-1	
-85.143983671856489	187.73349860503259	-1.2028817500716714e-005	1.233648683938352e-006	-1	
-79.348150734888392	184.84755153593477	-1.1701438435688437e-005	1.2263101436684558e-006	-1	
-116.46599288302745	198.67067918896944	-1.2957000719682128e-005	1.246740641807363e-006	-1	
-111.4314892977076	196.90409587982373	-1.283263384622212e-005	1.244455923727222e-006	-1	
-102.54133113451661	197.89710200908164	-1.296845662382555e-005	1.2599878992163971e-006	-1	
-95.970248907198979	198.43442703121724	-1.3074238750681601e-005	1.2721385832387531e-006	-1	
-88.272481640131147	193.40208488217257	-1.2626994677822654e-005	1.2590360944695311e-006	-1	
-80.26805828972752	132.05179979462076	-6.0603613828723909e-006	9.2938064448891465e-007	-1	
-62.504297963632901	160.07459673527524	-8.0658974158000071e-006	1.0813626038250322e-006	-1	
-63.179988307796279	155.30564047279242	-7.4157936238061616e-006	1.0435389436137403e-006	-1	
-75.434279344216151	176.70810320126074	-1.0693796752937478e-005	1.1831355558445184e-006	-1	
-61.961249987334121	174.20035047696422	-1.0174669689827781e-005	1.1861900793949633e-006	-1	
-68.083184337061027	178.75609098652362	-1.0890182093926923e-005	1.2071095224302202e-006	-1	
-58.201412761208339	163.60175342173434	-8.411108778478644e-006	1.112704511297487e-006	-1	
-54.963277774587311	172.36840703714711	-9.771507479318576e-006	1.1846655940242141e-006	-1	
-59.928160812830065	153.25567650617191	-6.9070675594563187e-006	1.0273737366454574e-006	-1	
-58.897753355955672	149.55230037157816	-6.2985073799508984e-006	9.9457534406792961e-007	-1	
-60.733446149803193	144.86731761132665	-5.8325605106002431e-006	9.5240145704720596e-007	-1	
-62.503531655018136	141.14237956853862	-5.5468565787136998e-006	9.2188925816531416e-007	-1	
-65.010782649376296	136.28089957099093	-5.2702669075554568e-006	8.8455170869701517e-007	-1	
-61.714598383938579	138.81733611217209	-5.215192579288651e-006	8.9849639146379034e-007	-1	
-62.879104276597623	137.18670810401926	-5.1597051712263731e-006	8.8616898200021177e-007	-1	
-68.148145455191838	134.63450803760821	-5.3901283242581588e-006	8.87054704822315e-007	-1	
-67.545444103942316	134.94258261746651	-5.3680184199030575e-006	8.8510108026861385e-007	-1	
-66.371569404082166	135.202247591137	-5.2905103758947468e-006	8.8009877236123196e-007	-1	
-68.662430791242286	133.93544461466266	-5.369227025987606e-006	8.8640836726647653e-007	-1	
-69.813273068185126	133.33548600738206	-5.4089290554740395e-006	8.9260686613937362e-007	-1	
-69.009058820374179	133.43423110067138	-5.3527055104516188e-006	8.8661958455370428e-007	-1	
-54.172689249876747	99.755342337466033	-2.4193774820639454e-006	4.7353770982666577e-007	-1	
-53.779496696161857	100.43248119641959	-2.3992935538246148e-006	4.7531702232833236e-007	-1	
-53.70170029907468	101.07530293488942	-2.4030024249662029e-006	4.7977697388193203e-007	-1	
-42.434584717015959	102.54533645953562	-1.4858691064793637e-006	3.7327801315049744e-007	-1	
-42.100631179119489	101.97871103237721	-1.4616338371330864e-006	3.6685823833523627e-007	-1	
-42.098689183838836	103.33489742376204	-1.4526767480329151e-006	3.734095654216527e-007	-1	
-41.785556757290976	101.52001130850888	-1.4388262524038077e-006	3.6144951038410712e-007	-1	
-52.901178309036631	105.39073063583878	-2.4077414637887173e-006	5.0365913976732317e-007	-1	
-53.173846130255264	107.60990556338103	-2.4719379015211753e-006	5.2275092765899721e-007	-1	
-50.224912435616965	109.22011733029628	-2.2214360669321583e-006	5.0146942799498762e-007	-1	
-42.930499595421203	106.65851016639081	-1.5062042691974794e-006	4.038690085327665e-007	-1	
-43.97428636871247	108.73946946920209	-1.5997494679548726e-006	4.2943437887949204e-007	-1	
-47.228443123485299	110.01404733689412	-1.9317221178860368e-006	4.730872313921272e-007	-1	
-41.401395480017598	104.63714034032935	-1.3825439369914665e-006	3.724699703962229e-007	-1	
-41.535004116823906	105.72529536424932	-1.3843968285339403e-006	3.8116835624003102e-007	-1	
-39.535451097302825	102.59220260816373	-1.2412306758830904e-006	3.4836687205774305e-007	-1	
-39.602140509714246	103.64655553759403	-1.232544982421398e-006	3.5575964952146975e-007	-1	
-41.134209708012989	101.20162369168099	-1.3885067340685529e-006	3.53318773743982e-007	-1	
-40.981863850361592	101.2203294109181	-1.3761362193740144e-006	3.5177826718375417e-007	-1	
-40.746918986833947	101.32649832840987	-1.3560790381043678e-006	3.5042498958744888e-007	-1	
-40.404594108671297	101.57344187509155	-1.3258399105647796e-006	3.4894694614719087e-007	-1	
-40.548104922205262	102.19866896856726	-1.3313934366090834e-006	3.5282713499505449e-007	-1	
-41.341683350618126	101.50145121460534	-1.4031164409172523e-006	3.5641464491369175e-007	-1	
-28.070982314904576	109.88672221742999	3.9027365723910213e-008	2.1342819108789328e-007	-1	
-21.895512356329075	109.95548706320834	-8.3605552787786087e-009	-1.6977785305419053e-008	-1	
-18.546604430233796	109.59570668660821	-4.7879372668410692e-009	-1.422582948753452e-008	-1	
-26.218454296152657	112.26848627208089	-1.2270775125480902e-008	-4.0698051580212008e-008	-1	
-29.607477893630723	110.77090277178749	1.2776334590751e-010	3.1792042098351083e-007	-1	
-35.172007293156597	110.2537537397484	-6.4920307223169664e-007	4.1937361931273259e-007	-1	
-32.651656150803596	111.41172341487206	-3.2055729995241661e-007	4.3632969342671729e-007	-1	
-31.143973472356866	111.655083326145	-1.071453876863475e-007	4.1808898314457367e-007	-1	
-39.710972002933019	106.47132924827737	-1.200313397942722e-006	3.8016058161882388e-007	-1	
-40.149646771689639	104.55007336842181	-1.2691716836902649e-006	3.6565621791558988e-007	-1	
-39.479399609213559	109.29137216627545	-1.1280764521038172e-006	4.100517298965808e-007	-1	
-37.825283377445146	111.43399956042623	-9.0172673877061563e-007	4.3957526089756427e-007	-1	
-15.297076252854929	108.7095956093323	-3.268445123568123e-009	-6.4148678386437903e-009	-1	
-12.342430602017185	103.5842760547786	-2.5703867998318578e-009	-7.6287021284224298e-009	-1	
-12.706026527643131	101.044916673855	5.1401430737676371e-009	5.2325401829585358e-008	-1	
-12.258096944568631	99.641277638951379	-1.6777163252053613e-008	5.9429516565958538e-008	-1	
-9.5	20.599999999999998	1.3390611423567172e-009	2.2996421041583552e-008	-1	
-2.2767093266735072	0	-4.4259948950320017e-013	-4.0411560302694497e-012	-1	
-1.7459044821180658	0.67174677408260142	7.3802281296610873e-013	8.2447095270552991e-012	-1	
-0.50972399416001335	1.5171385518523564	-2.9904722620349258e-012	-2.2155396818431306e-011	-1	
0.48116767034746172	1.7540553615892851	4.3121948560567114e-012	3.1238077254553494e-011	-1	
5.909992903660215	3.2032194341758213	-3.8411656118786397e-010	-2.3942437520344558e-009	-1	
2.84697915137443	1.4259025290681733	5.8756712811841971e-011	4.6782410536395195e-010	-1	
1.3917908134159065	1.5045292213093944	-7.8506296074156425e-012	-8.1816583362816493e-011	-1	
11.94242510893206	5.8825217234738441	1.1886964844571456e-009	6.2395525903082098e-009	-1	
3.9163210858241571	19.05283995171575	-8.5946061342628897e-012	-1.3279242718933955e-010	-1	
6.0364347959169562	17.674248391480223	1.7848586493589706e-011	-2.2499391037699112e-010	-1	
10.98542008272775	13.040030049379054	3.0790727530823358e-009	1.9486918317839344e-008	-1	
9.1925289610754319	16.933612985225267	2.52933426391362e-011	1.0733671340447544e-008	-1	
3.1465862069411612	21.461761920129636	4.1633083194196629e-011	-5.9886910718407855e-010	-1	
27.377106969363968	52.273215537356904	-9.8993326500208572e-006	9.0356620876804294e-007	-1	
27.386317398773627	45.761456070390651	-8.8208661093971842e-006	8.80513237660163e-007	-1	
26.318093114649077	40.361329043593287	-7.3235976778361541e-006	8.1065093724657101e-007	-1	
27.399627122055918	58.784942576350261	-1.0751900342531966e-005	9.1562345288761008e-007	-1	
14.403391188238219	27.838953993404438	-1.1223042809066451e-006	3.8203160034812717e-007	-1	
18.763545022936597	29.142585240681864	-2.4221400773008374e-006	4.7344053903564853e-007	-1	
27.279929892436904	28.892754647036785	-4.9733269412181911e-006	7.0973113988471082e-007	-1	
32.382520838948231	32.282310976631464	-7.8789595037231667e-006	9.4932902577987975e-007	-1	
11.532512549886814	25.93075126146033	-3.9310527007453969e-007	3.6364742744716949e-007	-1	
9.5	25.64680370489528	-3.7698676246703569e-008	3.7742732320364333e-007	-1	
8.1037583372509996	24.226541968845744	1.4513150645070367e-008	-1.2711437199954184e-007	-1	
5.0231418380659143	22.582356755831427	-3.1396223202306279e-010	2.0960822271410635e-009	-1	
6.3631643247277019	22.030119800557639	6.4373692358815463e-010	-4.4718563275895249e-009	-1	
7.2910185146836852	23.029359081119349	-3.1902475852275753e-009	2.5449818719844413e-008	-1	
23.821407669309771	63.343784155310132	-8.7645833631365068e-006	8.1006509999685011e-007	-1	
20.607743523201378	74.622708121631163	-6.6514759217239828e-006	7.1022837327796138e-007	-1	
16.804155942087974	77.949971266757103	-4.1390016760263769e-006	6.1350873262848918e-007	-1	
14.124430492192733	81.91991190399591	-2.4478703691397446e-006	5.5845276048373827e-007	-1	
26.920035776934252	68.241252362935754	-1.1024645613555694e-005	8.9401603857976164e-007	-1	
-11.020651336829973	97.434304774605664	-2.4014405128303656e-008	6.4775099217511746e-008	-1	
-11.070868910672798	98.28330447275934	-1.9969890789537076e-008	6.3649035870241992e-008	-1	
9.5	89.259882538661202	-4.4084684126885569e-009	6.2202282446196026e-007	-1	
12.273223389280592	86.813225660439429	-1.2324837048240093e-006	5.8043406338155836e-007	-1	
-2.1568040164372992	97.687022139815696	2.0487037502010735e-011	3.8530381498894585e-009	-1	
8.1318404131065432	92.929867855993848	1.0722981307375697e-008	-1.4722443672431491e-007	-1	
5.7126370701558109	94.993835848040035	-2.0682209804159527e-009	4.0106940676339381e-008	-1	
9.5	91.706539416882976	-2.9842319758089766e-008	6.7235987947542345e-007	-1	
3.822967295285745	97.145417740402564	3.1684479885844598e-010	-5.999718714621733e-009	-1	
1.0207236916869618	99.48794713104293	-8.5295888634989407e-011	1.7303715346841068e-009	-1	
-9.5	96.599853173326494	-1.5949592046459976e-009	6.4489366835167981e-008	-1	
-8.3952773002708252	96.381651343458131	-4.9370938350183777e-010	-1.6558473606849681e-008	-1	
-10.164051716617509	97.419248675034709	-1.2575519532134304e-008	6.4438920167505027e-008	-1	
-6.9432829447874767	96.399607781797599	1.9887794873259196e-010	3.6220540127981884e-009	-1	
-5.6037468682084306	97.700304363377597	-6.1076066871655246e-011	-1.4426606577291811e-009	-1	
-48.803073803205429	118.96558023591994	-2.2680918677319239e-006	5.4904976469573799e-007	-1	
-47.698432887117477	113.08217661742717	-2.0182715650476637e-006	4.9799071163384345e-007	-1	
-46.981467374622675	116.10215478189724	-1.9770605529488935e-006	5.065857235085566e-007	-1	
-50.158135544274927	122.07705303658666	-2.5447863593722383e-006	5.9369012409089573e-007	-1	
-52.257100385015477	125.89454165008206	-3.003744340623534e-006	6.6665593131580345e-007	-1	
-55.474448828564547	127.20950890227209	-3.4892391936116435e-006	7.2902115879088972e-007	-1	
-56.518235601855977	129.29046820508336	-3.7604006947102623e-006	7.6906371822256327e-007	-1	
-57.913731080453189	130.22368300722485	-3.992936809657397e-006	7.9719364571058197e-007	-1	
-59.299088425587456	131.39890500305245	-4.2466396002276797e-006	8.1510620747577629e-007	-1	
-65.322587582508504	131.63005545076683	-4.8856060481785641e-006	8.2996397157203529e-007	-1	
-62.813892194065183	131.93329850603578	-4.6655295892200712e-006	8.2758501489082527e-007	-1	
-64.220626690347544	132.36894089288225	-4.8416314411355299e-006	8.366261906348155e-007	-1	
-66.962361474251168	131.32177110099582	-5.0117184571010758e-006	8.2973577991468171e-007	-1	
-66.328850222139252	131.95183655277495	-5.0048567940149221e-006	8.3745191351161349e-007	-1	
-67.700567698665893	132.17812055141226	-5.1430960050586898e-006	8.5116528518619188e-007	-1	
-59.846594687562742	132.3024228338802	-4.3841694984423642e-006	8.2732494775115154e-007	-1	
-61.570671416438429	132.72265794908134	-4.6052252179794071e-006	8.3485607298397577e-007	-1	
-69.153873741824867	132.80891656931152	-5.3132203004259879e-006	8.7762015071726041e-007	-1	
-68.150350505440514	132.64391824739107	-5.2181754824260085e-006	8.6392910602596497e-007	-1	
-68.551241058735201	133.02987691389109	-5.2824042452718041e-006	8.7483447553632897e-007	-1	
-144.86384700599348	215.50277082143509	-1.4037031141559796e-005	1.2874292138991207e-006	-1	
-134.28705407375875	213.87730802117829	-1.4004296522172251e-005	1.2904323950489522e-006	-1	
-139.27769589793641	216.62751174728697	-1.415696216588098e-005	1.296177894700614e-006	-1	
-122.16543405667437	209.06841659225313	-1.3751335827894962e-005	1.2841467831893115e-006	-1	
-117.77759279520829	204.06740989621343	-1.3392156731400234e-005	1.2685217985435221e-006	-1	
-125.12309575337085	213.74647395933866	-1.4080929526637401e-005	1.2994314232016613e-006	-1	
-129.65912803465989	217.03013001239316	-1.4277793010809121e-005	1.3071075898443543e-006	-1	
-200	218.73561031733266	-1.4049875116658513e-005	1.2778457907884978e-006	-1	
-193.83159671127609	217.30139766330072	-1.3965554688504747e-005	1.2733170821395441e-006	-1	
-188.58515755442528	217.00414990538704	-1.395283319911867e-005	1.2729099352447909e-006	-1	
-181.80832808442196	220.99251516386644	-1.4208602724679884e-005	1.2876111879077555e-006	-1	
-187.72271580572922	222.18774656082121	-1.4268637854382614e-005	1.2903418479189274e-006	-1	
-170.5638380036556	222.16754272117052	-1.4318158357474075e-005	1.2952433994948215e-006	-1	
-174.99247521052928	226.24848378420054	-1.4551014996075521e-005	1.3071332755438958e-006	-1	
-159.67211699923871	223.77835198754175	-1.4477698879773015e-005	1.3062040478176937e-006	-1	
-150.37826054026354	223.50041794486373	-1.45278087267837e-005	1.3115532560032493e-006	-1	
-163.6040922325617	229.50832522204968	-1.4810838889173747e-005	1.3230948919605729e-006	-1	
-169.32142694440572	227.95925625321837	-1.4681838543353859e-005	1.3150801319414127e-006	-1	
-145.32752452427232	221.08299307903422	-1.4409874628295584e-005	1.3070487962999624e-006	-1	
-75.228864276576203	181.81759842430401	-1.1327519855615822e-005	1.2148189037020246e-006	-1	
-82.605107862393794	192.83231008252633	-1.2606142196498534e-005	1.2656182771149349e-006	-1	
-77.852164689117373	190.1143897950906	-1.2327762886433623e-005	1.2590820914729981e-006	-1	
-71.703912167311103	185.52216984508976	-1.1795563172045265e-005	1.243561736892695e-006	-1	
-112.22387084421304	204.10160269043112	-1.3438903856719834e-005	1.2752578413796043e-006	-1	
-108.25331469850835	201.18968208893855	-1.3222753797074964e-005	1.2675390316556172e-006	-1	
-105.16068269522169	205.48156852524613	-1.36284126950578e-005	1.2908760799376317e-006	-1	
-99.88072994847002	205.80831136293801	-1.3721541407231118e-005	1.3003993891182067e-006	-1	
-94.794304971781116	203.78188310010245	-1.3600697627094246e-005	1.2994500335666038e-006	-1	
-89.406895209468303	199.08416236413046	-1.3204199132531685e-005	1.2860703797348255e-006	-1	
-83.844521377932082	197.46154225593816	-1.3100964856643438e-005	1.2878591929357024e-006	-1	
-58.139315091028884	158.03831929923089	-7.518823025238377e-006	1.068415737177924e-006	-1	
-60.03542805519578	179.16957191666577	-1.0914674295592292e-005	1.2248038544019744e-006	-1	
-63.62656300558929	183.10729989091138	-1.14922030550753e-005	1.2441369529749884e-006	-1	
-53.491561726681432	160.87225998880606	-7.731553608834203e-006	1.096872235345912e-006	-1	
-53.232403477144089	166.74771370491962	-8.761007080152548e-006	1.1440964539078765e-006	-1	
-50.390614980807356	177.87375100498403	-1.0697212722576983e-005	1.2361967091883794e-006	-1	
-47.453041777261284	167.05302400530366	-8.648380659907818e-006	1.1561250761112306e-006	-1	
-45.084647850331159	172.33364387843156	-9.6458926428667532e-006	1.2032666450578373e-006	-1	
-55.082253421207675	181.13629835323781	-1.1234434899823688e-005	1.2497423555767944e-006	-1	
-56.129226363023541	152.66845306698198	-6.5318791665427907e-006	1.0240797154984728e-006	-1	
-54.426290012150233	147.2447373578683	-5.5560836617300009e-006	9.7101254659210449e-007	-1	
-56.879302783221817	142.03825866718344	-5.0876390097025068e-006	9.1766383105628936e-007	-1	
-60.072774014288548	140.79646039843695	-5.271967785294089e-006	9.1290928120833418e-007	-1	
-65.517365550137541	134.6199948626822	-5.1606170233395905e-006	8.6934593582874472e-007	-1	
-64.070536164554653	135.07661670492803	-5.0679876619443524e-006	8.6842099284665373e-007	-1	
-59.75852391331312	138.38283140520397	-4.9688827642180861e-006	8.893967406484962e-007	-1	
-60.562974195155597	137.17758509362687	-4.9253035730431913e-006	8.8007891285470897e-007	-1	
-61.01991987449221	135.80541336992113	-4.8342142647142532e-006	8.6779493747088418e-007	-1	
-62.565739172518747	134.88321352356377	-4.9031230469684141e-006	8.6171325523514265e-007	-1	
-68.053714072251225	133.96425317603033	-5.3217526397309762e-006	8.8117243742308194e-007	-1	
-67.605890247494656	134.22939304741635	-5.3083285165455826e-006	8.7911620113758598e-007	-1	
-67.189836075386125	134.32142560903381	-5.281435571259854e-006	8.7639483524295879e-007	-1	
-66.548493461170423	134.54611864881159	-5.2462331876518614e-006	8.742011351589177e-007	-1	
-68.204844572563218	133.53297619396071	-5.2956082040204138e-006	8.7979676313616461e-007	-1	
-41.77689550553071	102.53948485531758	-1.4313328244100777e-006	3.656122572047063e-007	-1	
-41.545897340414037	101.93457832157713	-1.4166159076602049e-006	3.6028389591801562e-007	-1	
-41.267786843211297	103.54898531640941	-1.3805549618002197e-006	3.6447074691162296e-007	-1	
-41.802221390436507	107.90160541208922	-1.3887563563670048e-006	4.0005241267805729e-007	-1	
-42.069438664049116	110.07791545992916	-1.3961145599907495e-006	4.1883575419133163e-007	-1	
-44.808063058705287	111.95077486959941	-1.685645097727847e-006	4.5842089078871107e-007	-1	
-40.500666954293116	103.09089574426858	-1.3178570651987822e-006	3.5751987041016246e-007	-1	
-41.000569569598696	101.37267526856948	-1.3766670260448018e-006	3.5208855480590475e-007	-1	
-40.815124682586706	101.67158506302371	-1.3588539036064978e-006	3.5203652770374988e-007	-1	
-41.134178206404997	102.46083029248945	-1.3788261303232923e-006	3.5741151029396177e-007	-1	
-41.067373888001846	101.91675278052948	-1.3779075052402471e-006	3.5442428909471037e-007	-1	
-28.032342626243082	111.73099108404304	-6.6336429828736295e-009	-8.2248739554144668e-008	-1	
-23.216365650907704	113.31044653513835	3.5102823445266993e-009	1.0476141886364184e-008	-1	
-19.630474130573706	112.78472733400693	1.1909717932244925e-009	2.2597566261450295e-009	-1	
-16.122705415873046	112.08322218481999	1.0267717399985703e-009	2.6734269250827935e-009	-1	
-27.62765328950632	113.53072640309126	1.4603978525915047e-009	3.8813068161403021e-008	-1	
-26.234816201551858	115.69283657553294	1.3240612027671198e-009	5.4185060144285769e-010	-1	
-30.086882649994752	112.76571357966228	9.4304765859109424e-009	-7.8073463700238153e-008	-1	
-35.27966236625219	112.06043849060475	-6.0231866298378713e-007	4.6383519050620232e-007	-1	
-34.233752628907581	111.80145448238409	-4.9290004789745188e-007	4.6046742365604509e-007	-1	
-33.316202164345007	112.32307202036988	-3.6844618223697336e-007	4.8286672371289327e-007	-1	
-32.680469051083016	112.53926388050249	-2.7468770236741479e-007	4.9799847077429833e-007	-1	
-31.591903055431363	113.05872236104861	5.1051369030358462e-008	-1.2361869664086785e-007	-1	
-40.128682058276631	113.06924668363824	-1.1354821347329748e-006	4.4734480467620937e-007	-1	
-36.086819589102255	113.39623189185154	-6.4457672010533244e-007	4.8664494393655587e-007	-1	
-37.635278242838865	114.39688219460869	-7.9262760281137869e-007	4.7861882294137521e-007	-1	
-9.5086373041214731	106.24031468577662	9.6183068776235169e-010	2.1203839459108311e-009	-1	
-10.62582636275026	111.64063430273529	2.1402270834544046e-010	2.6468445521439095e-010	-1	
-11.198343849196343	101.2882765851279	2.2317294111292512e-010	-1.0435614903795051e-008	-1	
-8.6779927068433622	102.44624626025171	3.3818778488765621e-010	2.2036596357933753e-009	-1	
-11.169530948916982	100.1607361194975	-3.5339932812930755e-009	6.0770985567119958e-008	-1	
-11.067205197240543	99.449992809322339	-1.0141541580554981e-008	6.1721105262574004e-008	-1	
-1.215099637562624	0	-1.6389054955877117e-013	-3.2132924827783983e-012	-1	
-0.9008266526172044	0.53448434812406986	5.1441341578649669e-013	3.3505408048572712e-012	-1	
0.14702019608382605	0.9609753517422277	-1.5079729655402549e-014	-7.6027014209001192e-012	-1	
-0.2854602141443649	0.68627382546853155	2.1696970414702882e-013	7.6137595999465683e-012	-1	
0.6569839292284857	0.91160709630004111	8.7368919828689949e-013	2.8140464590318209e-011	-1	
4.3999287048952738	0	1.3111781480038017e-010	3.6756274605760356e-010	-1	
8.6463674613388068	0	9.4298732491483467e-011	2.0850033558031459e-009	-1	
2.2767093266735072	0	-6.2736728390756728e-011	-3.1161165618101172e-010	-1	
1.5673554998484731	0.57680359147443783	-3.1301023725384635e-012	-6.3063411087006021e-011	-1	
17.139244974225871	0	-1.8927975078328139e-009	-1.5270415384214261e-008	-1	
19.966408791179077	5.7525086992625534	2.1870941648190315e-009	1.7399712215726829e-008	-1	
17.572439292280155	11.698357807785436	-9.1494865315502114e-009	-5.1745342011007274e-008	-1	
5.3116121049577263	21.162000876254528	-7.877002954725565e-011	5.0200108170102597e-010	-1	
8.6959032915097527	18.9190137157658	6.0156177767081677e-010	-5.7902935790929961e-009	-1	
7.5171440444679405	20.209936367720591	1.9599457256732305e-010	-6.0490714853665045e-010	-1	
13.488158900250792	16.520079627140252	-5.7685657920632417e-009	-5.135355736658985e-008	-1	
11.770384779812987	18.673351387412421	5.521459953093067e-009	-5.9648839351618549e-008	-1	
9.9123175535487	18.849430695407474	-3.6530579246908813e-009	2.5535535632244343e-008	-1	
34.025104714527892	59.48612932546159	-1.5312450676621613e-005	1.1339088583528312e-006	-1	
34.384931214979169	50.814583479104165	-1.3878062156767946e-005	1.1471012247886823e-006	-1	
31.863559401404302	42.55883541276971	-1.0517708402584991e-005	1.0285837740824682e-006	-1	
36.036490429855689	45.797286379125183	-1.361707820512404e-005	1.1988633990993283e-006	-1	
32.090921023099739	65.177035475587189	-1.4602633761766904e-005	1.0588991114385073e-006	-1	
17.141530479158725	24.890589860758912	-1.3366007707470986e-006	3.9524537821119047e-007	-1	
13.125802200805392	24.63724379391234	-5.8920582563017681e-007	3.6560259845239267e-007	-1	
21.522222232828547	22.612624944756579	-1.7293613809504963e-006	4.1662728462052505e-007	-1	
27.142543453935328	20.637872811503531	-2.3270398717048667e-006	4.9864327494503544e-007	-1	
33.914816204593805	26.351240466905939	-6.3400962762918733e-006	9.0865538822425826e-007	-1	
38.131230284006982	34.398407901445403	-1.11434549803782e-005	1.224531307657222e-006	-1	
37.06947402316279	40.070095918446945	-1.2473020412965354e-005	1.2179125769195905e-006	-1	
10.826750116910144	24.003672418100379	-2.131547712888674e-007	3.6935907745002686e-007	-1	
9.5	23.20014682667351	-3.7259641949815537e-008	3.7951269859284596e-007	-1	
8.6692132834024758	22.588482607118067	7.9257398464020587e-009	-7.1597649839119688e-008	-1	
7.6673999680121714	21.632172662833668	-1.4525693228214996e-009	1.3685595287644277e-008	-1	
25.418792709991092	76.169241097808381	-9.7099901652189326e-006	8.2269743470337847e-007	-1	
23.857559549519735	80.798909693561654	-8.1368961800542043e-006	7.6239222259403485e-007	-1	
19.083497580307924	82.162566529334924	-5.1022406934639193e-006	6.5900807844984283e-007	-1	
16.193020405565903	89.163808697342631	-2.7696124744682189e-006	6.355401582463071e-007	-1	
30.275237935177159	75.579464311607879	-1.3264593473147167e-005	9.5308171978616495e-007	-1	
33.898328333325068	72.292199057689061	-1.6335776433508076e-005	1.0821367114301225e-006	-1	
-10.307296047084913	97.908766391678284	-1.3591268151124584e-008	6.4081604975199975e-008	-1	
-10.230328110418313	98.412971181267068	-1.1367302220127891e-008	6.3602821247085271e-008	-1	
-10.426148323536534	99.126461207942	-8.9619317293557954e-009	6.2770421683541061e-008	-1	
11.817037443458549	90.483210977772089	-9.0323611747671367e-007	6.3832051709547214e-007	-1	
-4.6124347993696473	100.10600310269115	3.8948572096336687e-011	-6.7508179206147556e-010	-1	
8.166410165588438	94.764860514660157	8.1480507541244715e-009	-1.4323735848600638e-007	-1	
9.5	94.153196295104735	-5.8081850838611529e-008	6.992378317116589e-007	-1	
7.8617055488200354	96.200043450891741	2.2087420815284186e-009	-1.2454068846550677e-007	-1	
6.5065277623479689	98.144747374317475	2.7677364433680507e-010	6.5970891773211178e-009	-1	
10.879452724845617	92.929867855993862	-4.6455531362943412e-007	6.7026946779632135e-007	-1	
4.6513018893740377	99.886588712420959	-7.7200428581074054e-011	-8.2058482198416682e-013	-1	
-0.45642819512684429	105.7554405350478	4.5444992587324207e-011	6.6362993502290712e-012	-1	
4.8419264881427635	103.41107469016004	1.6982053701727346e-011	-4.4916973322089799e-010	-1	
-9.5	97.823181612437381	-6.1075432744104919e-009	6.4336553863676717e-008	-1	
-8.8355799056311994	97.418067233710531	2.0256868885836102e-009	-2.1231593453711051e-008	-1	
-7.971530271873859	97.424945519507986	-2.4157889405941504e-010	5.3972806232033836e-009	-1	
-9.8472551287848162	98.129013722215106	-8.991170760997884e-009	6.3953322337403803e-008	-1	
-7.1467034564188525	97.837394322797678	9.3703030847398218e-013	-1.3419482612684625e-009	-1	
-6.7953546096032165	98.690041540977674	-2.2719308742370432e-011	6.1279603647910069e-010	-1	
-46.763943465602381	121.6784021574006	-2.070883247724944e-006	5.3260667545143083e-007	-1	
-43.138307758499529	118.78315565128881	-1.5074610651087417e-006	4.6278644648793407e-007	-1	
-42.603873211274319	114.43053555560897	-1.4274105911684482e-006	4.4765157551557695e-007	-1	
-46.407955857971182	125.07733363855941	-2.1482276245482945e-006	5.526406205365423e-007	-1	
-49.223822761652698	126.72886104120224	-2.638619600435795e-006	6.2561661577634584e-007	-1	
-51.707177166625215	128.99203199561467	-3.1294021776122522e-006	7.0008014544091268e-007	-1	
-53.990024792180876	129.92915776187866	-3.495840302543798e-006	7.461323670061226e-007	-1	
-56.383601237448815	130.96383937898409	-3.8743568498864871e-006	7.9025973100793968e-007	-1	
-58.04733971725949	131.31183803114482	-4.0961136300122652e-006	8.1255958043390086e-007	-1	
-58.948068242983936	132.85808262720562	-4.331526618122507e-006	8.3397734454363184e-007	-1	
-58.180948354065798	132.39999305506478	-4.2032834189714966e-006	8.2783546341382593e-007	-1	
-65.512950189976934	132.66922322124665	-4.9895446194826627e-006	8.4476211629884429e-007	-1	
-63.033676880922052	133.38945128774219	-4.813806516542411e-006	8.4587495706771523e-007	-1	
-64.577729523755139	133.64673080941571	-4.9864196739814595e-006	8.537865874944697e-007	-1	
-67.095970111057468	132.40992612491578	-5.1114372784874283e-006	8.4687791686928793e-007	-1	
-66.590728272550137	132.80608409698627	-5.099148897175101e-006	8.5110835663554864e-007	-1	
-67.62277130157868	132.82094228988217	-5.1892319502990664e-006	8.6021344968644663e-007	-1	
-59.913284099974312	133.35677576331042	-4.4844544444362554e-006	8.4022395890218083e-007	-1	
-60.769727225538915	134.76341809344027	-4.7068164744608857e-006	8.5675870528625237e-007	-1	
-67.955604647190711	133.16521603048815	-5.2449327482695896e-006	8.7026735728700104e-007	-1	
-134.53434776783203	219.7851651274047	-1.4422613315985526e-005	1.3121870107174528e-006	-1	
-141.60642223408544	225.26716265388748	-1.472642354264442e-005	1.3250196684771586e-006	-1	
-114.43369556976556	208.50174727645631	-1.3782912186823175e-005	1.2911600386069579e-006	-1	
-118.53784672193676	213.24843974657895	-1.4117810309862497e-005	1.3053945365806037e-006	-1	
-124.00053197922499	220.07203855793259	-1.4569502764887943e-005	1.3251105595064587e-006	-1	
-129.11161593846606	225.98869293775095	-1.4928471253517807e-005	1.3407411347284948e-006	-1	
-200	224.98081375644352	-1.4424923672057475e-005	1.2984267144744183e-006	-1	
-193.01743174079249	225.08162689304018	-1.4434678385130124e-005	1.2991067740056126e-006	-1	
-183.59285379776728	226.58692830353306	-1.4541997019930014e-005	1.3055745324624131e-006	-1	
-188.24072883794551	230.17569522404401	-1.4744864764572628e-005	1.3161985238019065e-006	-1	
-176.68286228871696	231.25538656065999	-1.484555386923699e-005	1.3227261387581695e-006	-1	
-157.49054575453346	229.48944242661292	-1.48544987361965e-005	1.326791718068072e-006	-1	
-152.44967352588628	232.94854841999171	-1.5115582298429723e-005	1.3418095799627232e-006	-1	
-145.98734589507811	230.57693852350516	-1.5030093348406596e-005	1.3392853526837822e-006	-1	
-167.31719432621782	237.0660874310521	-1.5243588751906104e-005	1.3452620452449576e-006	-1	
-159.82715389900761	238.29704956918542	-1.5376257477810994e-005	1.353645102557985e-006	-1	
-172.50177919287844	234.4872634198108	-1.5058053597419902e-005	1.3346242705382442e-006	-1	
-77.6182400410855	195.5845670094314	-1.2971445214068061e-005	1.290137556067556e-006	-1	
-71.228007353993021	192.57120710628587	-1.2689827383174255e-005	1.2865671579716976e-006	-1	
-66.363615341186517	188.70221160906698	-1.2249753718064308e-005	1.2742505284246e-006	-1	
-109.4201537264001	208.14928943953521	-1.3809900270422668e-005	1.2964280203510494e-006	-1	
-105.1325442886079	210.77154679741199	-1.4090613659032407e-005	1.313956240831296e-006	-1	
-91.970892668232722	208.4729888878752	-1.4098550563604643e-005	1.3265190335664607e-006	-1	
-99.406757206019407	213.6289219026701	-1.4435508107757044e-005	1.3357923157614311e-006	-1	
-86.790163544642695	207.07096305843322	-1.4054696939007037e-005	1.3299811902222072e-006	-1	
-84.525119194831092	202.2052457658007	-1.3595658208524368e-005	1.3107080998726727e-006	-1	
-79.873749805028694	200.14462061738649	-1.3452934851701389e-005	1.3098005125652379e-006	-1	
-53.023619940919033	155.44880521781641	-6.7458991437194571e-006	1.0520325240608831e-006	-1	
-60.162313046322652	188.28354030664499	-1.2279257822129681e-005	1.2866359458525189e-006	-1	
-47.968842653304392	161.28863457589605	-7.5198965459939697e-006	1.1089655734059255e-006	-1	
-50.585876392474638	183.58492946797688	-1.1686453158253001e-005	1.2790545048153199e-006	-1	
-45.932760151290303	181.44911347248171	-1.1393710974276132e-005	1.2758792338867777e-006	-1	
-41.515001401379379	163.61641294887619	-7.717384270614336e-006	1.1367080472433591e-006	-1	
-40.751689887711464	169.01847216235925	-8.917595692161591e-006	1.1832123367756056e-006	-1	
-40.89908670272321	179.70718813693284	-1.1156356424689577e-005	1.2759819430944941e-006	-1	
-40.029041728225522	174.45217205667319	-1.0084842272442727e-005	1.2319024427357849e-006	-1	
-52.557046510781795	188.31014788465134	-1.2418904214454937e-005	1.3073677446366222e-006	-1	
-52.268154094748915	151.09769838504496	-5.9439112749348304e-006	1.0129215982274811e-006	-1	
-53.485485186910893	141.56674666639987	-4.6348894431302807e-006	9.0397847211676846e-007	-1	
-46.79479320131307	143.6324777794554	-4.0524871497547331e-006	9.3138186123131776e-007	-1	
-47.925761534888345	148.86959155268715	-5.0982452678494272e-006	9.978419059017666e-007	-1	
-54.472609927974553	138.73619139222467	-4.4042499864859792e-006	8.7505468166855435e-007	-1	
-58.442424109978397	138.98916484085547	-4.8952959089840697e-006	8.915600618913165e-007	-1	
-65.930321718906129	133.6722872777369	-5.1137686375803943e-006	8.5997546658870301e-007	-1	
-59.119873905907809	137.08210657051839	-4.7605296883254628e-006	8.7583023391826664e-007	-1	
-59.692963603192986	136.02227727184305	-4.7142398109207239e-006	8.6749701161176384e-007	-1	
-59.804863999114701	135.22966853268181	-4.6478849910242686e-006	8.6028844781752143e-007	-1	
-67.625837279897155	133.80374861549564	-5.2719385003757741e-006	8.75531741940683e-007	-1	
-67.802737448657751	133.58234874060537	-5.2668004707067087e-006	8.7588348096558564e-007	-1	
-67.354453384592631	133.88537187001478	-5.2566276132736771e-006	8.7325397256533019e-007	-1	
-67.077449146802678	133.86908624518577	-5.2318698989300097e-006	8.702029983382189e-007	-1	
-66.611357336431027	133.86946848504834	-5.1916889270312419e-006	8.664882271968342e-007	-1	
-23.329425979031193	117.14173341277515	-4.722696220054075e-010	-5.107186661629684e-010	-1	
-17.129147141025825	115.40739047772189	5.6132104598027088e-011	3.4729661899855763e-010	-1	
-13.137586453396052	114.80145344600714	-1.6709126748547481e-010	-3.5707541010906712e-010	-1	
-28.609661262616346	114.70550355810931	-8.6529319361715862e-010	5.5006249744230764e-010	-1	
-26.543422739264983	117.60088394941415	-7.4520453254208488e-012	6.6611783229055826e-010	-1	
-28.104894141065238	116.46172204807868	-3.0206550136548958e-010	1.1630519320171274e-009	-1	
-30.08586874614058	114.29899096446552	-1.0375547085098458e-008	3.5419193630096083e-008	-1	
-35.027729333658229	113.10806897998272	-5.4454737307299681e-007	4.9512036485955654e-007	-1	
-34.446704747895943	112.74394525809765	-4.9458897042267887e-007	4.9036820239281561e-007	-1	
-33.873300721235388	112.69795428134796	-4.3024538376094175e-007	4.9476851568840744e-007	-1	
-33.448716840446089	112.98135415768124	-3.7302472739966734e-007	5.1386465682563073e-007	-1	
-32.782794802759447	113.25000719067766	6.7270745825710026e-008	-9.358762150397954e-008	-1	
-32.029920975816125	114.13447203644739	-1.0739770362433478e-008	2.0131964060466664e-008	-1	
-40.022973356755912	116.96331466256758	-1.0524169319099154e-006	4.6008632244635681e-007	-1	
-35.063557478498218	113.7932768338359	-5.2148019897896792e-007	5.1557858891903554e-007	-1	
-35.792507246993033	114.45362977261136	-5.603178077527915e-007	5.1269454099745538e-007	-1	
-35.341865731197764	116.08772442957178	-3.9955070393207406e-007	5.30825323997579e-007	-1	
-36.774058017906526	118.27945017633739	-5.104805915815323e-007	4.7340390338211606e-007	-1	
-6.0891472114168561	104.39857280091667	-1.5689584289788079e-010	-3.5040269275254481e-010	-1	
-4.8455244666748714	110.80284615971064	-1.5265718218740886e-010	-2.0457259972859165e-010	-1	
-6.8684978065764817	117.2048141315607	1.8863940528529921e-010	4.8215803266992222e-010	-1	
-10.53379783565501	100.37692797963007	1.8191739820394231e-009	-1.4467921263497184e-008	-1	
-9.6162473710924239	100.89854551761597	-4.7804066377540749e-010	4.4291528662567769e-009	-1	
-7.1096054635656678	101.32085207346326	-2.2284225744043506e-011	-5.4479541608068594e-011	-1	
-8.5703376337477728	100.63956150939528	8.040397639885514e-011	-1.5347888093674735e-009	-1	
-10.401283159553909	99.71864584231875	-4.9280621485385624e-009	6.2448705541805678e-008	-1	
-0.68429479300718243	0	-2.814430554090451e-013	-1.1821749939277926e-014	-1	
-0.41889237072946162	0.2177843125112966	2.4615109048058351e-013	-2.8403178588087996e-012	-1	
0.13978688538415085	0.44867864768825427	1.6234563836260389e-013	-5.8707996432131238e-012	-1	
-0.076744974225870385	0.24613235640702377	-6.3739371120931375e-014	-6.8929029846910695e-013	-1	
0.94969721528490314	0.30242279921203241	-1.1533965144501487e-013	-6.8048360529994668e-012	-1	
0.55159358186832197	0.24401481778278522	-6.9350951511613848e-014	-4.2716483115569783e-012	-1	
1.215099637562624	0	1.487534418144867e-011	1.2139881341241038e-010	-1	
25.632122487112937	0	4.5844785384829933e-009	4.2438674891292757e-008	-1	
25.85728999808952	8.2787173583107538	-6.5803688589658819e-009	-7.5574166803531141e-008	-1	
16.952382939744162	17.98690913091524	4.0881852261916458e-008	2.0582128016316871e-007	-1	
24.259921959829445	15.424606087276826	2.8563946753442983e-008	2.1891757144044025e-007	-1	
9.5320900687554833	19.805183635799956	-2.9395098290274078e-009	8.6197014738356878e-009	-1	
8.8361782022094797	20.129314671331038	-5.200865258981482e-010	2.3084919214030634e-009	-1	
8.6482482724624159	20.893276833835895	-3.1494519899635314e-009	1.1856290731371341e-008	-1	
13.298613429701522	19.268060652734448	-3.7274240177709295e-009	3.2092490857444738e-007	-1	
10.822578799562065	19.519984949802755	1.4129479567990006e-008	-8.8228718116136474e-008	-1	
11.471728674680204	19.90863641364405	-4.1696843349547018e-008	3.5626747911481115e-007	-1	
10.142675209340327	19.851913599839882	7.521487445724582e-009	-5.6895742656556843e-008	-1	
38.087518444197983	64.766793192293619	-1.9252299596519944e-005	1.2572977731575069e-006	-1	
40.260337835435109	57.138687289240231	-1.9321396192420282e-005	1.3567600388692379e-006	-1	
40.874161842012185	50.692707575734929	-1.7995288165234408e-005	1.3893452730125016e-006	-1	
41.077871559900373	44.22077303274007	-1.6070973146168117e-005	1.398970525886493e-006	-1	
15.13319075254187	21.4039253547237	-4.673978964307565e-007	3.2485060151805743e-007	-1	
11.594265597545974	22.809280773064284	-2.4868880265475624e-007	3.6184304429826401e-007	-1	
32.367756792972166	17.776963484425494	-2.3914078167789231e-006	5.8280975071943364e-007	-1	
36.875420411830945	19.892460904856854	-4.6176919494027881e-006	8.641150497504719e-007	-1	
40.785919672324738	24.54321728154876	-8.2231527663794151e-006	1.2180161802360294e-006	-1	
45.916682474235714	27.798491834054218	-1.2030914433297453e-005	1.583517923511724e-006	-1	
43.963029732628328	35.881530602036207	-1.462063214539818e-005	1.5179141380957748e-006	-1	
10.191803624919812	22.588482607118067	-1.0021419491837372e-007	3.7044804855240355e-007	-1	
9.5	21.976818387562627	-3.390687402696845e-008	3.715246871270435e-007	-1	
8.8943806288694418	21.581686027617213	7.1132079369091602e-009	-6.2190631301445661e-008	-1	
28.708226021557223	80.213832720069462	-1.1495005278170754e-005	8.734689231722413e-007	-1	
22.714293526375833	85.549091067802436	-6.5982352100491942e-006	7.1263876522616624e-007	-1	
28.524619315225628	85.4239557012951	-1.0098154365545268e-005	8.0763777985553286e-007	-1	
20.021095785939611	91.655598713665867	-3.9791523669107681e-006	6.5509600477005427e-007	-1	
16.622622546643562	93.7141373956498	-2.2828785626449463e-006	6.4798389384917678e-007	-1	
33.921563322967529	80.228223127617653	-1.5622799202568857e-005	1.0088239571852552e-006	-1	
41.313097893030928	69.463381233987946	-2.2693849268802311e-005	1.3432329354193e-006	-1	
41.297747125019022	75.160930388496496	-2.3100650192321443e-005	1.2990272550369436e-006	-1	
-10.061918419392512	98.85908206857809	-8.3259561738901537e-009	6.3196402245679201e-008	-1	
-9.7866785222977128	98.58776188688168	-7.7119921521566797e-009	6.3508448777335449e-008	-1	
-10.017159264872372	99.49760070372939	-5.1098703650092244e-009	6.2841770476181396e-008	-1	
-9.8787002316474037	99.199380081543111	-6.0338339853861783e-009	6.3020683423908485e-008	-1	
13.183547104326379	94.678254516418264	-1.0438761604251631e-006	6.6459744753881969e-007	-1	
9.5	95.376524734215621	-6.841601751559035e-009	6.978784169626797e-007	-1	
11.058963818269355	94.764860514660157	-4.475091969781662e-007	6.8189627694217394e-007	-1	
7.9707302088885612	97.755719131058882	-4.8052900698457326e-009	6.4387362513198438e-008	-1	
8.8355799056311994	97.418067233710531	2.3824378948406979e-008	-2.0527819774577913e-007	-1	
9.5	96.599853173326494	-3.1481150409031672e-008	7.0369741372700898e-007	-1	
7.9227270940876888	98.682902771287814	2.5305154479130964e-009	-2.0224306333040171e-008	-1	
7.1677335815418104	99.507846286052271	-6.7702859525596118e-011	-1.2714245644716082e-010	-1	
6.462454866717402	101.05675490708447	7.0427015860079691e-011	3.5629197188315608e-011	-1	
5.1728275539924278	107.12660546874794	-9.0308693657959116e-012	-4.6738683912735368e-010	-1	
1.1131873595301922	111.55236488884607	5.5790782344376054e-011	1.3457475967241085e-010	-1	
7.2785875077861757	102.55022854062285	1.1129286555180247e-010	-7.7732692785539397e-010	-1	
7.3360400327508479	104.08766218961976	-1.1074983122779195e-010	1.8283954378948495e-009	-1	
-9.5	98.434845831992817	-6.3451960378499902e-009	6.3709852590081491e-008	-1	
-9.1520081157126025	98.129013722215106	3.3863233472858291e-009	-1.5140557380639488e-008	-1	
-8.6863674564849429	97.910369952256289	-1.1829416618172596e-009	4.2939277215558366e-009	-1	
-7.9871958269862651	98.216901721733095	2.5573116237329244e-010	-1.3688443474230815e-009	-1	
-7.9242629517417233	99.930086642971233	-1.4549334886294355e-011	9.0195224258917424e-011	-1	
-8.0448944842560781	98.978133327844986	1.3948567507857858e-010	-4.8439739621933069e-010	-1	
-43.672742305724739	123.13577574696865	-1.6582920163926401e-006	4.786343679113956e-007	-1	
-39.181605697776739	120.36621989663463	-8.7768917040062485e-007	4.4443570035325646e-007	-1	
-46.274889067017178	128.3390728080937	-2.285263298654668e-006	5.865488284993939e-007	-1	
-44.207176852949942	127.48839584264847	-1.900589652821543e-006	5.2222087668908065e-007	-1	
-49.49131570474465	130.07810564185303	-2.8919777900712187e-006	6.8067009137488358e-007	-1	
-51.301332296073078	131.42614126274864	-3.2544738894727456e-006	7.3378557714098329e-007	-1	
-54.409473921870699	132.50283930311872	-3.7591329291236859e-006	7.919546805812657e-007	-1	
-57.35004601343919	132.61408094771286	-4.126409254517836e-006	8.2294306072835327e-007	-1	
-56.202696224563589	132.65392877526509	-3.9941963169864304e-006	8.1269757942408809e-007	-1	
-58.314556990872099	133.48814807898475	-4.314831577617705e-006	8.4248437830256648e-007	-1	
-58.900630275071826	133.75030940290691	-4.4064679845594492e-006	8.4504973062205722e-007	-1	
-57.671839691746605	133.40949351615686	-4.2343487594254179e-006	8.362987965615602e-007	-1	
-67.162774429460626	132.95400363687577	-5.1621793496283365e-006	8.5600837219971229e-007	-1	
-66.977329542448643	133.25291343132997	-5.1708414713300624e-006	8.6000080010553169e-007	-1	
-66.602736467137646	133.44745768178686	-5.1544973420123771e-006	8.6059676334669935e-007	-1	
-67.529406270788158	133.2906075062306	-5.2203571305565762e-006	8.6684367386802489e-007	-1	
-59.750973447138961	134.43101584195199	-4.5653288652825271e-006	8.5226253694934449e-007	-1	
-135.38030366900148	225.99651487274252	-1.4846489183226377e-005	1.3337362375692274e-006	-1	
-139.22088412952957	231.84232663961396	-1.5192863347723117e-005	1.3499887410179507e-006	-1	
-111.64104601247902	212.39200334310542	-1.4135096228576849e-005	1.3110694965181734e-006	-1	
-113.44684267279966	216.91679412660505	-1.4475509172935993e-005	1.3268904260788022e-006	-1	
-117.60594683200846	219.45381714694216	-1.4613119266921191e-005	1.3310833671032338e-006	-1	
-121.17225366658256	228.19239539106709	-1.5211211635383206e-005	1.358916671467018e-006	-1	
-132.23815371822909	232.24858947397388	-1.5316938289451822e-005	1.3590288784423182e-006	-1	
-125.321032648963	233.30451525053977	-1.5502756433044018e-005	1.3714094331524997e-006	-1	
-200	231.22601719555439	-1.4794065266391048e-005	1.3184630853612619e-006	-1	
-195.15998432279645	229.68653882021712	-1.470557166690345e-005	1.3137436655354211e-006	-1	
-181.8815441375485	232.20417047791963	-1.4881783883848212e-005	1.3240732067936923e-006	-1	
-191.45821700295073	236.02391818639762	-1.5079823564288779e-005	1.3339974296495103e-006	-1	
-187.53773048535285	239.55693209067405	-1.5292297906846376e-005	1.3455436577369055e-006	-1	
-175.66031692761024	239.43273947518733	-1.533135226683699e-005	1.3486803766005875e-006	-1	
-154.89706934234715	239.68569343010188	-1.5507289937867568e-005	1.3615600286379353e-006	-1	
-149.93251160733251	238.42583946872807	-1.5484743353159263e-005	1.3616192460167949e-006	-1	
-143.90919002570345	238.18831372051056	-1.554211084830769e-005	1.3662855473041966e-006	-1	
-164.2767194964147	241.99414651449402	-1.5558693537733854e-005	1.3623012462185488e-006	-1	
-170.05924037262378	242.16622831145435	-1.552422507096244e-005	1.359579517959592e-006	-1	
-158.59899507075971	243.22544079532449	-1.5682263002010374e-005	1.369783409897607e-006	-1	
-72.241946394037996	198.70336524472523	-1.3430150289815632e-005	1.3192840640061272e-006	-1	
-62.647114469510335	197.61475817465487	-1.3519042884809199e-005	1.3381695546043805e-006	-1	
-103.46328667037804	216.94915225675203	-1.4647625171875116e-005	1.342716670735272e-006	-1	
-108.63998694852675	216.12384314521145	-1.4488251858385109e-005	1.3309245573366086e-006	-1	
-88.281273587256877	211.83391248114609	-1.4496311880797023e-005	1.3492301613786307e-006	-1	
-92.560078534188648	217.43806754696521	-1.4922744166882354e-005	1.3652377250863273e-006	-1	
-100.64028833480286	221.36616949655493	-1.5081991882040691e-005	1.3659132469574665e-006	-1	
-81.842689026732401	206.41400624315978	-1.4091555917638103e-005	1.3373724788593926e-006	-1	
-83.333799069346568	211.17695566587267	-1.4548829344118697e-005	1.3570052069273341e-006	-1	
-77.232263640205332	204.49248952568107	-1.3989813311010197e-005	1.3383206236377753e-006	-1	
-48.624402955077784	153.59288113327509	-6.0498718661673344e-006	1.0441081411406342e-006	-1	
-57.664737401408033	193.94506410458212	-1.3144445283193145e-005	1.329890015643917e-006	-1	
-41.714843354751352	156.75632025178174	-6.1433107318189438e-006	1.0864750569457907e-006	-1	
-45.527364240786213	188.46889171517324	-1.2659068514519963e-005	1.3316198310061341e-006	-1	
-38.685938407083498	184.55220071513565	-1.2188798645501411e-005	1.3250467070577441e-006	-1	
-34.94137050442454	161.65223477738468	-7.0210342423873648e-006	1.1229296295161511e-006	-1	
-35.702876223737086	171.08592682917563	-9.3740748221037303e-006	1.2086758155635876e-006	-1	
-32.467938594546517	179.70637218338587	-1.1428343520436783e-005	1.3034201007184844e-006	-1	
-51.439706033312028	195.55150116478345	-1.3582838563014374e-005	1.3603495841231855e-006	-1	
-52.688927601099174	138.67677185213819	-4.1670132800143445e-006	8.6569400919664378e-007	-1	
-50.139878712830217	139.26818389198667	-3.8891798226379003e-006	8.622626240593709e-007	-1	
-44.018695909367352	145.2033553023623	-3.9035933163612639e-006	9.7428153674007902e-007	-1	
-46.349184794149714	140.47402792014344	-3.4919682239377212e-006	8.7259582974178045e-007	-1	
-44.406232414420636	141.51844141892556	-3.3189349894649379e-006	8.994139570588449e-007	-1	
-44.190803994533375	151.82066090058549	-5.2665662601259205e-006	1.0440147191056712e-006	-1	
-41.397887144152897	147.96600999664875	-4.0886263120099432e-006	1.0309821158944401e-006	-1	
-55.073530003838606	136.51310883274502	-4.2272127811810868e-006	8.5535461989068513e-007	-1	
-56.230530534893255	137.24860403559325	-4.4470900922354034e-006	8.6767315249050491e-007	-1	
-52.864560474585865	136.90076328833493	-3.9863120312410516e-006	8.4599319882300117e-007	-1	
-57.9159411129449	137.03503456722976	-4.62081893443063e-006	8.7206816094747506e-007	-1	
-58.491139356084062	136.05431145021328	-4.5839542558673899e-006	8.6564682564019581e-007	-1	
-58.685912825476713	135.36557609122599	-4.5364806095482429e-006	8.6061741319499633e-007	-1	
-59.137869949462235	134.78709735227076	-4.5306931348340686e-006	8.559031679653539e-007	-1	
-67.400630324752271	133.63172128725003	-5.2380417460819429e-006	8.7126327859288867e-007	-1	
-67.248284467100873	133.65042700648712	-5.2273175455920865e-006	8.6909716415917248e-007	-1	
-66.994633884336125	133.6042500663275	-5.2019703065965822e-006	8.6574390330429398e-007	-1	
-26.518950258854112	120.87549330220847	-1.4765418637749013e-010	-3.4713746881595531e-009	-1	
-21.698402588344472	123.89058756529451	-3.0439455374917754e-010	-1.5563682113165247e-009	-1	
-14.161702457268035	121.50518141027135	-1.7151144797299133e-010	-6.5581572529577125e-010	-1	
-29.768657803176897	115.70608740875485	5.73637989411518e-010	-1.2147680122018921e-009	-1	
-28.338914291066768	118.31649058961723	2.2828499884071539e-011	1.5790859051042149e-009	-1	
-29.798368292658974	117.14819020421788	7.1670917037115483e-010	-1.0638959682910904e-008	-1	
-31.148324227567137	115.28529798008793	7.5663671123229969e-009	-1.7883389731253741e-008	-1	
-34.596132356407018	113.57674497422587	-4.928796954119007e-007	5.1697586463117411e-007	-1	
-34.406244761788216	113.24839027302033	-4.8394468374353285e-007	5.0688931169730796e-007	-1	
-34.12671282633147	113.13600004213892	-4.5620485402534317e-007	5.0658136163347306e-007	-1	
-33.832840735127625	113.20239929627061	-4.2265573078000741e-007	5.1392213588805634e-007	-1	
-33.42385167646345	113.57353879205803	1.1768917166346757e-007	-1.3092541389368507e-007	-1	
-33.191253260722036	114.15458140575605	-3.1112010496355269e-008	3.6006851673508893e-008	-1	
-32.592934275366133	115.16399262621803	-1.5962851639407521e-008	2.9999311296922582e-008	-1	
-34.55590047568753	113.88077916800718	-4.7585294808762446e-007	5.3147405066333194e-007	-1	
-34.817425122091194	114.32460024717261	-4.6707969784587811e-007	5.3946543330635874e-007	-1	
-34.875831925405734	115.0172252657844	-4.1967170523637798e-007	5.5123801064994187e-007	-1	
-34.350000000000001	117.29011746133881	-1.403961144074909e-007	5.4550555920010227e-007	-1	
-34.350000000000001	115.47180370489528	-3.1690159128892531e-007	5.8571622392406344e-007	-1	
-36.014690864064441	120.0175880960041	-3.1482562491218442e-007	4.3748611375059403e-007	-1	
-34.350000000000001	119.10843121778235	5.3488335459062421e-009	4.7000056315885608e-007	-1	
-1.1158422749041579	116.86640243405608	-1.1730480593672352e-010	-9.1174086230257304e-010	-1	
-8.5551608187038344	122.67895537449158	-1.2540388685756294e-009	-4.9914009292983686e-009	-1	
-1.6950791144466244	122.59981789316988	3.7374450920567704e-010	3.5737451766902047e-009	-1	
-9.9766992787646327	100.00204571865204	1.1209095757782765e-009	-9.8740228625151197e-009	-1	
-9.4032952521040531	99.956054741902349	-5.8420190535482896e-010	1.7328113823936503e-009	-1	
-8.8222706663417974	99.591931020017284	-8.6522274122903254e-011	7.0623541312838628e-010	-1	
-0.15348994845174077	0	-3.6028470022680717e-013	1.1824688013455133e-012	-1	
0.076744974225870399	0.15896022615543798	-6.7396473949591997e-013	1.1526277132591198e-012	-1	
0.28619115959060115	0.16207339367748516	-2.6728945781438691e-013	1.5424080087917634e-012	-1	
0	0	2.5923522074546572e-013	4.9736373408512763e-014	-1	
0.68429479300718221	0	-1.0158920117782716e-012	-2.5589154774398846e-011	-1	
0.41889237072946156	0	-1.6286809099596286e-012	5.5959654120364572e-012	-1	
34.125	0	6.1135303902711551e-009	3.175720207477719e-008	-1	
32.94785188124893	6.4513579088574975	-1.4808311255272067e-008	-1.0955869138518384e-007	-1	
31.567460979914721	12.862303043638414	2.9199076604901022e-008	3.5138473353412392e-007	-1	
9.8035578254732219	20.270511905745998	2.6351511738969718e-008	-7.6361216227049531e-008	-1	
9.490979967829368	20.342338270286319	8.0012913278878767e-009	-2.6420467531384982e-008	-1	
9.2538676435929741	20.676744974225873	7.5980703875104121e-009	-2.3362866876745817e-008	-1	
9.2696095621891228	21.059322058229466	2.1471117746584728e-008	-7.7407206433573659e-008	-1	
12.409804680255405	20.689250407660492	-1.419905581026925e-007	3.4412495499925441e-007	-1	
10.558286297169545	20.228924294098849	-4.0322516641441204e-008	3.6251671652494834e-007	-1	
11.194305890018938	20.580128957780495	-7.8004084154811274e-008	3.5750133620541496e-007	-1	
10.101565108414214	20.389068234326253	-3.6198050809099934e-008	3.6356511320749266e-007	-1	
45.254106854287159	63.300782287005802	-2.4873837890214399e-005	1.5165898412452636e-006	-1	
48.180173320915898	57.569209829943269	-2.5405681980415948e-005	1.6490581369918184e-006	-1	
47.330152672040754	51.190318649324738	-2.2498470970047948e-005	1.6411213632904878e-006	-1	
50.356982088079882	45.471250146768945	-2.2244567574567446e-005	1.7872955392031838e-006	-1	
49.022004519114773	39.139798832805816	-1.8788366100754567e-005	1.7549534375543493e-006	-1	
11.151875130683143	21.460228479942714	-1.2764056123519643e-007	3.5924139543710792e-007	-1	
36.341662164302228	14.776557389186245	-1.8809362980436593e-006	5.9658456409107812e-007	-1	
42.524457164973484	18.720930211305866	-5.8924652872653194e-006	1.1776099660288786e-006	-1	
49.561818611623352	23.720285411758397	-1.1654012086471798e-005	1.8181721471488547e-006	-1	
49.23747411959004	32.985019914537162	-1.6151847621942187e-005	1.791815891562491e-006	-1	
52.912836486149168	28.043416717600564	-1.5732970383691805e-005	2.0424252856833619e-006	-1	
10.296330456866116	21.670986277784905	-8.108287665085101e-008	3.6553745507984806e-007	-1	
9.5	21.365154168007187	-3.3465111728992343e-008	3.6731089751750399e-007	-1	
23.969010218827282	92.104122396466167	-5.5946602479046247e-006	6.7108072836286446e-007	-1	
29.085659226525344	91.20848496913122	-8.4119975483238496e-006	7.2343637690353942e-007	-1	
33.863720418503398	87.71950444647608	-1.3149637584495717e-005	8.8234076625004569e-007	-1	
20.151520682894361	95.626768718801614	-2.9981061607736003e-006	6.2723112185706682e-007	-1	
14.340956863498263	96.462002645414628	-1.1296557557205337e-006	6.6022241508778188e-007	-1	
17.537445300496952	98.672731707657462	-1.4795036658425177e-006	6.2761840640842477e-007	-1	
40.666332184573072	83.4887038595635	-2.1420957686735993e-005	1.1732808015961219e-006	-1	
46.636371583596251	71.49440541637837	-2.8327316806186833e-005	1.5216498666863775e-006	-1	
46.259464189520116	81.878955364950841	-2.8791622104402473e-005	1.4119130872708554e-006	-1	
49.350706689149412	77.374601111731252	-3.2629155926384254e-005	1.5794470133015442e-006	-1	
-9.6769761266152159	98.893593996659419	-6.2638700441761627e-009	6.3246741971468106e-008	-1	
-9.5	98.740677941770542	-5.8786336009858553e-009	6.3370810973851902e-008	-1	
-9.7232871736685276	99.563999957861085	4.7569078714035659e-009	-1.31278221772395e-008	-1	
-9.6330353701908376	99.276555565140001	-4.9189778561781074e-009	6.3041195179556169e-008	-1	
-9.6327078429296584	99.123255025774128	-5.3223407334486593e-009	6.3095361667928316e-008	-1	
12.001776935408037	96.445957547523619	-5.8612964002324781e-007	6.8077590926797631e-007	-1	
10.610777755255262	96.378437459549176	-2.8008831374137351e-007	6.9277798104733593e-007	-1	
8.6403153996597073	98.398859453258268	-1.4138798593040061e-008	5.6490128883071777e-008	-1	
9.1520081157126025	98.129013722215106	5.0665791769122428e-008	-1.6051799759580816e-007	-1	
9.5	97.823181612437381	-1.2092267123623021e-007	7.098552280635752e-007	-1	
10.164051716617513	97.419248675034709	-1.9044501674484079e-007	7.0139304494683835e-007	-1	
8.5253803233231977	98.965812786832856	8.2176542827239046e-009	-1.4347897152967381e-008	-1	
8.2577894119192674	99.258195944177103	-1.5298086834848375e-009	4.6547113972761389e-009	-1	
8.42738470015661	100.15001055043118	-1.891734056528881e-010	-3.8767316902919465e-010	-1	
8.1494182859643427	101.28190020242712	-4.7960012748116942e-010	1.835943886315e-009	-1	
8.902732277315712	107.17635722193303	-1.8888585223939363e-011	4.562060220770203e-010	-1	
9.6778345652680855	111.30434578865191	-2.7998631121713473e-011	1.3359626598554058e-009	-1	
4.467976160329286	116.08408065504358	-7.9268786852333273e-011	-8.2830285790914202e-010	-1	
8.8138642008653463	102.64987036608112	-2.0888729159835493e-010	1.6764829705405797e-009	-1	
9.3691439465136241	103.74459065838994	8.6115984919170227e-010	-1.382084801467962e-008	-1	
-9.2166745855097645	98.58776188688168	2.113425298991843e-009	-9.9001978172012253e-009	-1	
-8.722111624905466	98.423545045272007	-4.9501912981325081e-010	2.1681222733148793e-009	-1	
-8.9173002428141519	98.906723166164127	-8.6387859789619938e-010	1.8089929444792083e-009	-1	
-41.499135381663095	125.61178132216118	-1.3456993182221521e-006	4.617122612536713e-007	-1	
-36.423666338905939	122.7450587306694	-3.6769523966639198e-007	3.8354695971736602e-007	-1	
-44.474394126562551	129.66470589048839	-2.0632173591506808e-006	5.6168445065364916e-007	-1	
-46.547556888241893	130.55824773563108	-2.470617422120631e-006	6.3017603374387503e-007	-1	
-41.707046845912657	128.89993330948579	-1.5019877181735127e-006	5.0048579007415438e-007	-1	
-49.886302392274651	132.30011950606757	-3.1223819556554149e-006	7.2888458348478004e-007	-1	
-48.256759582160086	131.96734656780094	-2.8480336005779505e-006	6.9378753915777263e-007	-1	
-52.501583731996888	133.9445549513928	-3.6355454934646555e-006	7.9637329181215044e-007	-1	
-50.857538457572815	134.18042121320696	-3.4287984504537617e-006	7.8159729047781782e-007	-1	
-54.176338657538956	134.2872501874146	-3.8885398406877948e-006	8.2031440456768832e-007	-1	
-55.401122052797696	134.00454108439808	-4.01689878593585e-006	8.2654237682881002e-007	-1	
-57.014150480261037	133.40364191193808	-4.1571331199889998e-006	8.309110649563027e-007	-1	
-56.444248902400638	133.73197334772919	-4.1192339391047253e-006	8.3110620801682265e-007	-1	
-58.381361309275249	134.03222559094473	-4.3724580626927042e-006	8.4934764937293009e-007	-1	
-57.902837856863115	134.01440004989709	-4.3162568648095533e-006	8.4589002002112281e-007	-1	
-59.044141088605805	134.37553649638267	-4.4808744480202265e-006	8.5193018369514666e-007	-1	
-58.633610514690417	134.27739330845048	-4.4246635374935783e-006	8.5159103359667902e-007	-1	
-57.348104018157585	133.97026733909681	-4.2479832474371737e-006	8.4147099273942782e-007	-1	
-67.229578747863769	133.49808114883572	-5.2131385675008234e-006	8.6594183775670067e-007	-1	
-136.04784424348603	237.51674339700176	-1.5610059228271289e-005	1.372336426219456e-006	-1	
-112.77512005419429	222.69564627961481	-1.4944424314497024e-005	1.3505716318681913e-006	-1	
-114.59168149733505	228.39783742080166	-1.5347264157404698e-005	1.3693180467888934e-006	-1	
-118.30987297987882	234.12138462251639	-1.5693948814871987e-005	1.3842189488687697e-006	-1	
-129.74889621069266	239.12622820125293	-1.5819528521876531e-005	1.3852232780589917e-006	-1	
-123.92778291925964	243.55488007852844	-1.6226969702851942e-005	1.4076771361731339e-006	-1	
-118.34887748959319	240.94651605856504	-1.6172423450133008e-005	1.4075143023997585e-006	-1	
-200	237.47122063466529	-1.5156181875108683e-005	1.3379038784163203e-006	-1	
-196.07915830904977	234.68162286422503	-1.4996480504837848e-005	1.3293842174147304e-006	-1	
-181.06988548010861	241.70664846893536	-1.5437438962970368e-005	1.3537245939324249e-006	-1	
-191.64663526290306	241.29809113974241	-1.53816887646848e-005	1.3500737326850309e-006	-1	
-195.87115414462164	239.4890743256461	-1.5273027583002727e-005	1.3441685422786478e-006	-1	
-190.61316418714131	245.63936639485945	-1.5628006636548336e-005	1.3631353203859829e-006	-1	
-185.41452657923145	246.03352878120978	-1.5664900642055531e-005	1.3653594183238885e-006	-1	
-175.44834933639004	245.29696694146958	-1.5669621657190062e-005	1.3664902908005868e-006	-1	
-154.28240906636276	245.902099057399	-1.5887049701373861e-005	1.3812031175672812e-006	-1	
-147.01972766510275	243.70338729538707	-1.5843903999583382e-005	1.3807625474602027e-006	-1	
-140.70274232642871	244.13602706863759	-1.5961042895668732e-005	1.388476302245952e-006	-1	
-170.09837036645365	248.39860254896598	-1.5880007285028717e-005	1.3780880208367961e-006	-1	
-161.75838894107295	247.20232959908989	-1.588297685548179e-005	1.3795325721080211e-006	-1	
-69.590980738700239	204.32509246204691	-1.4168948965880988e-005	1.3568158748767893e-006	-1	
-62.977983040617332	205.28775936188427	-1.4496256796950898e-005	1.381101916291813e-006	-1	
-56.136600505220891	199.9413574132179	-1.404305648056939e-005	1.3720858362417746e-006	-1	
-106.97072933029688	222.3014486045515	-1.502182317539741e-005	1.3583366962824106e-006	-1	
-85.169782806761859	216.30829055230677	-1.5008648469582215e-005	1.3763443565719738e-006	-1	
-96.303923812019747	225.60528236500289	-1.5546185412030781e-005	1.3913395224277151e-006	-1	
-88.743174487808957	224.6391184117029	-1.5678167921005048e-005	1.4038670262282449e-006	-1	
-104.80346810030899	230.22601042457694	-1.5706071806881325e-005	1.3927343862724994e-006	-1	
-77.901180364059982	211.56375481301754	-1.4736874133670246e-005	1.3718475907486323e-006	-1	
-77.664849427753197	216.56889164171648	-1.5260629446775894e-005	1.3959319248968247e-006	-1	
-73.319383922573167	208.61925129866393	-1.4550640108364554e-005	1.3690474225116784e-006	-1	
-36.555890468519024	154.78748317410466	-5.2543714975206706e-006	1.0810690730890124e-006	-1	
-39.431576544996986	151.72861630303188	-4.7275838570972526e-006	1.0664111778714955e-006	-1	
-40.1444194468502	189.93804760739425	-1.3134329725017285e-005	1.3630166415415605e-006	-1	
-44.225753474131409	196.57311470367668	-1.4054736684951754e-005	1.3943516566216842e-006	-1	
-33.660643916739858	184.57070585393006	-1.241408157513004e-005	1.3448928694084301e-006	-1	
-35.38974072764902	189.08183572641803	-1.3216386522142018e-005	1.3764171321529112e-006	-1	
-31.268966336091413	167.94773133103777	-8.6250890800476829e-006	1.1813995817623071e-006	-1	
-29.469804707046148	162.82222205791516	-7.2393291370488319e-006	1.1224680861263209e-006	-1	
-32.36818390062178	155.08639895921155	-5.0269139032589984e-006	1.0691648188928942e-006	-1	
-27.690449749413659	173.40425042320095	-1.0126109118635186e-005	1.2509887008624695e-006	-1	
-28.76194305717787	183.52810433249184	-1.248360812202767e-005	1.3582476113214026e-006	-1	
-23.987577719119464	181.17322107397285	-1.2259203811704265e-005	1.3578300622384365e-006	-1	
-49.440301839000526	201.66165979037874	-1.4574047620250973e-005	1.4066651181790629e-006	-1	
-51.310729921587765	137.54291803389657	-3.8461719055916675e-006	8.4345874983717573e-007	-1	
-49.018996184522159	137.25651210922163	-3.479444985449684e-006	8.2207622999694792e-007	-1	
-48.074295907618172	138.25006372292427	-3.4546549368720155e-006	8.3323323547280901e-007	-1	
-41.984093212637475	144.20339627890417	-3.3714504839510951e-006	9.8058438519784909e-007	-1	
-43.921662528867365	140.14666038143469	-3.016009291357054e-006	8.6538356556195056e-007	-1	
-46.387282096085265	138.4505759024147	-3.212703146049299e-006	8.2670490453911356e-007	-1	
-45.230499000614977	138.78750736948038	-3.0587039347476388e-006	8.2915377719874302e-007	-1	
-42.24322966261731	141.95120301845168	-3.0007531213161146e-006	9.2796960665230761e-007	-1	
-42.492866507780533	140.42076459324304	-2.786561655565785e-006	8.7999706343930112e-007	-1	
-38.705048656243001	144.37877908224809	-2.8035928244807805e-006	1.0514709906731837e-006	-1	
-37.455834525885187	147.97095385636334	-3.482485208449862e-006	1.0842544563137077e-006	-1	
-55.097668498020305	135.1423350529505	-4.0866254738280547e-006	8.4363441358986269e-007	-1	
-53.48924000239839	135.33982523952915	-3.9003769120654715e-006	8.3393787537384565e-007	-1	
-56.289502559588755	135.87985203970135	-4.3089580487932828e-006	8.5640497695093701e-007	-1	
-57.05698395509561	136.15593095081877	-4.4288165446443716e-006	8.6192395743150975e-007	-1	
-51.880811506776482	135.53731542610782	-3.7036627754123132e-006	8.2257743622402461e-007	-1	
-57.831810824400925	135.90119465537694	-4.4928286399450565e-006	8.6274889769092312e-007	-1	
-58.259952548617164	135.37692990399884	-4.4889592543560871e-006	8.6017081029439703e-007	-1	
-58.685530585614181	134.8994842808543	-4.4903205053775151e-006	8.5721309728421841e-007	-1	
-58.420694406755871	134.98229954332083	-4.4680286013601933e-006	8.5795246734919011e-007	-1	
-58.701816210443148	134.62248004306431	-4.4652687814979508e-006	8.5498872469372817e-007	-1	
-29.470803787237678	119.80436086008632	-2.5454899280589178e-010	3.1614668043535753e-009	-1	
-27.378314441346909	124.14957521185833	-8.3502940127227355e-010	-2.3854540377934784e-009	-1	
-30.026624329507996	122.04135940565722	4.8217576151035311e-009	3.8773950275872911e-008	-1	
-16.60235433218719	126.89275214426023	2.6398217546782232e-009	1.0602351519649321e-008	-1	
-21.856316557670425	129.6091064881328	1.125765338671507e-009	6.565760571774047e-009	-1	
-31.249957481784296	117.80507268938916	3.1751077964491814e-011	4.099053161064225e-008	-1	
-31.967870413671228	116.38267794968439	-1.1469675723118353e-008	3.9914167525110095e-008	-1	
-34.350000000000001	113.50000000000001	-4.7968301037164378e-007	5.1567993824265383e-007	-1	
-34.350000000000001	113.65348994845174	-4.7811533854343503e-007	5.2390984214427734e-007	-1	
-34.216964629809162	113.42344443486	-4.6854732841008475e-007	5.1229692494642211e-007	-1	
-33.971299768352615	113.50061991845692	1.0223949858140471e-007	-7.5751154827235846e-008	-1	
-33.739650986334603	113.85296496641395	-8.478669607099523e-008	6.0983899218516994e-008	-1	
-33.757131836840642	115.0172252657844	7.3963408436950174e-008	-1.0512184108343228e-007	-1	
-33.806058246566771	114.271745271	1.2709380615786378e-007	-1.4521020353593279e-007	-1	
-33.324616149925426	116.19522193888359	6.9085371906644422e-008	-1.6272270647070617e-007	-1	
-34.350000000000001	114.10806838756261	-4.4723083393103248e-007	5.5008361047668715e-007	-1	
-34.350000000000001	114.5626468266735	-4.0631878769070089e-007	5.7006513248462026e-007	-1	
-32.838209422910822	117.67833853922383	1.4470020045043278e-008	-1.5066847189246409e-007	-1	
-34.350000000000001	120.92674497422587	2.860537960654985e-008	3.9755066581510424e-007	-1	
-32.212616980795445	119.85379381904896	-4.4351271128000712e-009	-8.5922923673654521e-008	-1	
5.1120823231884653	121.68552537355478	2.7784097875445456e-010	1.8929505092187616e-009	-1	
-12.091205582161058	130.88658241098372	3.5082507179112995e-009	1.4747769870154458e-008	-1	
-6.7426647527290333	128.11273053315074	2.2128629738191481e-010	-2.1507348726068705e-009	-1	
-1.7772376456409651	130.07401193183435	-4.9951638301202212e-010	-7.5162155404758964e-009	-1	
5.0338302122206828	128.55336741138439	-1.2094197720817251e-009	-9.6615499390656173e-009	-1	
-9.4437552382117822	99.451609726979697	1.3888268280187616e-009	-5.1600092301295501e-009	-1	
-9.2538676435929847	99.123255025774142	1.5857190696198766e-009	-6.1016054515380759e-009	-1	
0.15348994845174077	0	1.2262845847707017e-012	-1.4288844557745681e-012	-1	
38.371438756443531	2.764841671422186	-1.5011330934034388e-008	-4.9876178780336964e-008	-1	
42.617877512887063	0	2.0750577014391585e-008	1.1994383737709525e-007	-1	
38.875	10.299999999999999	7.3672819397303668e-008	3.8888036236914317e-007	-1	
9.644843919658884	20.549212174553652	-2.9390145186724036e-008	3.6390579223811495e-007	-1	
9.5	20.599999999999998	-2.5653928710958586e-008	3.6376109469763843e-007	-1	
9.5	20.753489948451744	-2.904964590916582e-008	3.6422966527546091e-007	-1	
10.518727565268696	20.847448177829683	-6.5901555917244981e-008	3.6209268532397568e-007	-1	
9.8999963082365436	20.883618878493202	-4.3450211509576946e-008	3.6432552455890611e-007	-1	
50.998727252105382	67.829414961336795	-3.1644887862082666e-005	1.7045782118202496e-006	-1	
52.505009887112521	62.334561493081651	-3.0805291946204801e-005	1.7880346978316682e-006	-1	
53.791922989883361	56.821414804150393	-2.9452163497325859e-005	1.8637064797821076e-006	-1	
52.764505919059488	51.477352864338037	-2.6405175564230727e-005	1.8523604013384984e-006	-1	
57.147381017039116	46.234918934620012	-2.6984014689475606e-005	2.0617986086453785e-006	-1	
55.346922558688426	40.096638993173109	-2.2966682042369329e-005	2.045562349657952e-006	-1	
55.35819006964136	33.699764417021655	-1.9926689433932807e-005	2.1224937075411022e-006	-1	
43.972534668279096	13.136382606646428	-3.0450492687927369e-006	1.0207546835844238e-006	-1	
48.284851688572807	18.401625753500607	-8.0207064403498921e-006	1.6404670569020337e-006	-1	
55.008762303820554	19.454189061415274	-1.202324414949373e-005	2.3664407471878351e-006	-1	
58.541151976587074	23.88069838733972	-1.6665057451867218e-005	2.5398015997536444e-006	-1	
59.77920771919878	29.40690681545296	-2.0356426116360987e-005	2.4460200201629477e-006	-1	
22.906739323825825	97.188789938681055	-3.411230996658183e-006	5.9901201896839422e-007	-1	
27.76547930937387	99.428169819422166	-4.1048433785270202e-006	5.3704242557190982e-007	-1	
31.903965926896767	96.410407804429255	-7.1526767703433003e-006	6.1131379301047497e-007	-1	
34.481253466180029	93.635503024844596	-1.0212482773034968e-005	7.3045488647011268e-007	-1	
37.734183809326822	92.236129224396748	-1.3584661340214341e-005	8.5499136055557788e-007	-1	
40.088941659653145	89.280166198420872	-1.799501108894406e-005	1.0256562409073564e-006	-1	
20.832704711532514	99.582431615645106	-2.0564152463870593e-006	5.868957364719002e-007	-1	
12.407193223464841	97.778277071828512	-5.401386647680487e-007	6.8184196208709843e-007	-1	
14.732899570704125	99.624809314765201	-6.4165090608835637e-007	6.5723110631298831e-007	-1	
15.771019077638808	101.05005518578456	-4.9195126599806204e-007	6.4050239372403079e-007	-1	
18.338334413440833	101.92003836713457	-7.5812057145614765e-007	5.944012508370718e-007	-1	
44.955110465155826	87.423268219269957	-2.5414505492564078e-005	1.2720075587791485e-006	-1	
52.882386533492095	73.206601002917026	-3.5849131054546218e-005	1.7473518147503951e-006	-1	
51.947115348612556	82.181226695555793	-3.7551581630280471e-005	1.6505385148788482e-006	-1	
49.16604661600342	86.777171597712481	-3.2826672074136063e-005	1.4843564420024605e-006	-1	
57.213599312417237	81.122359613177537	-4.5768782292263466e-005	1.8812289186749903e-006	-1	
-9.5	99.046510051548267	-5.0302304544744102e-009	6.3118467350612477e-008	-1	
-9.3172893506674832	98.893593996659419	6.3453532841687235e-009	-1.2775905715744802e-008	-1	
-9.5	99.200000000000017	-4.3998178261522849e-009	6.3034817090998251e-008	-1	
11.020651336830012	97.434304774605636	-3.3051031546245859e-007	6.9367530651167452e-007	-1	
9.2166745855097645	98.58776188688168	3.431704618431303e-008	-1.1135362538477443e-007	-1	
8.9173002428141519	98.906723166164127	-2.2301399313286528e-008	3.1935278175350528e-008	-1	
9.5	98.434845831992817	-1.2937537682668432e-007	7.0950392610567688e-007	-1	
9.8472551287848198	98.129013722215106	-1.5711903618415289e-007	7.06728329924357e-007	-1	
10.30729604708494	97.908766391678284	-2.0877837735310089e-007	7.0195273396910614e-007	-1	
8.8217137633246594	99.229022397032551	-1.3196472859349408e-009	7.0158437155400531e-009	-1	
8.7383592722684256	99.554699534855146	3.0070846987346421e-009	-4.5873694325290226e-009	-1	
9.0215960388072514	99.836939831926088	1.0951203124645687e-009	1.1417663704851065e-009	-1	
9.0214361769438476	100.50857988746957	2.1429886203419787e-009	-4.3105791725408176e-009	-1	
9.2963517396971174	101.521174707725	3.0356051773183488e-009	-1.4969870346519395e-008	-1	
11.548402256296045	107.54375412283214	-1.4746792082447004e-010	-1.6048311158041167e-008	-1	
12.08972899358556	104.92812504286618	-4.2247544620035797e-010	2.3760932564103593e-008	-1	
13.877306088516125	111.37858923401662	9.7798893236759548e-010	6.4070417723714653e-009	-1	
15.068256533049965	115.48923400428673	-5.901899233314737e-010	-7.9294837991418181e-009	-1	
11.658515533143605	118.07562718828679	1.8088971671473619e-010	1.2178743382058717e-009	-1	
9.9656641047033592	102.22548245880918	-2.0701265446438466e-009	1.676423623247254e-008	-1	
10.723339573859519	102.83372281724205	-4.8278713494242035e-009	5.588249834958316e-008	-1	
-37.68653589909966	126.27687416991193	-6.290798294525816e-007	3.756042160154846e-007	-1	
-34.350000000000001	124.56337248711293	4.8557183228420511e-008	2.8959483129126741e-007	-1	
-44.741611400175152	131.8410159383283	-2.2554803544461305e-006	6.1266491883871506e-007	-1	
-42.791278904071021	131.55841575562596	-1.8612947040713921e-006	5.7648971122077411e-007	-1	
-46.181139377451949	132.74289223199798	-2.5751242646352422e-006	6.6916756333410913e-007	-1	
-39.524927846741932	131.02130318895647	-1.1428651895144708e-006	4.7655028964647514e-007	-1	
-48.697682046590863	133.46344631838869	-3.0439371867869628e-006	7.350523152142647e-007	-1	
-46.989750871330429	133.7851362250851	-2.7996095586999059e-006	7.1206163686523123e-007	-1	
-49.35105317067319	134.87972074715023	-3.273798339710683e-006	7.7801625116966079e-007	-1	
-50.272383011154574	135.7348056126865	-3.4950874689947043e-006	8.1006951369680311e-007	-1	
-55.901882745831251	135.04358995966118	-4.1760330192522303e-006	8.4794571138487279e-007	-1	
-56.414306417485008	134.37313874932354	-4.1747324494792287e-006	8.4073408445957385e-007	-1	
-57.052493479814189	134.4417455863022	-4.2569418399966966e-006	8.4627042549604433e-007	-1	
-58.448165627678399	134.57630310290469	-4.4313464372616553e-006	8.5555622859952531e-007	-1	
-58.10705184665899	134.44752715686883	-4.3801801836256615e-006	8.5250948502809713e-007	-1	
-57.663178439986119	134.42896706296523	-4.3272404866319801e-006	8.4989117763531482e-007	-1	
-134.06337269549621	242.88088889954068	-1.5988606365047322e-005	1.3920199334260565e-006	-1	
-109.3027244404383	227.19785727813706	-1.5363702550075236e-005	1.3733288084209838e-006	-1	
-111.02313742359878	231.87070056846764	-1.5684105580290215e-005	1.387770613485505e-006	-1	
-112.83693224467953	238.19947978816836	-1.6107423481955808e-005	1.4071442503120451e-006	-1	
-129.25120729340449	247.06208258220059	-1.6346729870873601e-005	1.4114441934363624e-006	-1	
-115.75393665248946	250.36857336590688	-1.6868752179801766e-005	1.4420223723127247e-006	-1	
-123.00195688661624	250.75384366174265	-1.6715940002441088e-005	1.4316929865946995e-006	-1	
-113.32988513998149	244.51547451283994	-1.6538492393004211e-005	1.4274713523871675e-006	-1	
-200	243.71642407377621	-1.5510251676894493e-005	1.3567214821079565e-006	-1	
-179.69078860865045	248.23276118390501	-1.5810972864766055e-005	1.3734436824959341e-006	-1	
-195.17415711827746	244.03146320826579	-1.5530526676598339e-005	1.3578446411386673e-006	-1	
-189.68509303636853	250.76965692311333	-1.5912963880836467e-005	1.3781242120815097e-006	-1	
-194.72354595359997	248.84653940222159	-1.5797958017479899e-005	1.3719353274843348e-006	-1	
-183.39554009477305	251.82330365528819	-1.5992000385586821e-005	1.3825896401711005e-006	-1	
-173.45269053321169	253.5938845085262	-1.6144654221807357e-005	1.3913835331256938e-006	-1	
-147.88074455659358	249.97635556049005	-1.6208468919910444e-005	1.3989870052982334e-006	-1	
-154.29074917442563	252.9816307035336	-1.6297677723823764e-005	1.4021106842054543e-006	-1	
-141.52200516166039	250.46031277408051	-1.6333367779192796e-005	1.4068932854038654e-006	-1	
-135.47929680545863	248.42230958488992	-1.6312449621239802e-005	1.407644971886862e-006	-1	
-167.03509832763734	253.77063967064132	-1.6205724196337692e-005	1.3953030052400328e-006	-1	
-160.87569686361735	255.58130410929681	-1.6366240354451191e-005	1.4044100951408467e-006	-1	
-65.893948115816912	211.30071319466134	-1.510718903904264e-005	1.4037109573451384e-006	-1	
-56.479635151315755	206.84658610803086	-1.4959544574170218e-005	1.4112401028003597e-006	-1	
-81.2377504341204	220.08195659758542	-1.5490085340491285e-005	1.4024489810362289e-006	-1	
-99.030191471849378	231.02207106614856	-1.5919877031921318e-005	1.4068649417450091e-006	-1	
-93.2058517065649	230.81835098293752	-1.6073831476619805e-005	1.4183499537155862e-006	-1	
-83.1821618069294	225.33872080791255	-1.5921363078263325e-005	1.4200898909178944e-006	-1	
-88.755554609761887	233.16881379801919	-1.6415727986516746e-005	1.4375562426619388e-006	-1	
-84.29845328658061	230.83127930847886	-1.6374099835751861e-005	1.4394486667706673e-006	-1	
-107.57712163188242	235.46517694366557	-1.6036983198298632e-005	1.4067551801581322e-006	-1	
-101.69537858655342	236.20485151851128	-1.6252823678215368e-005	1.4206212315480553e-006	-1	
-73.194831354934877	214.30478355813662	-1.5176762430073807e-005	1.3973561214756096e-006	-1	
-73.534914060751504	219.17798185264047	-1.5674805826856512e-005	1.4191046498536164e-006	-1	
-35.292655055730521	150.78367583142784	-3.9816529383047791e-006	1.0818531634019616e-006	-1	
-37.192008347170763	194.67278966886923	-1.4135457951108373e-005	1.4121093468939455e-006	-1	
-41.021086573063783	204.01803172773714	-1.5408212818135045e-005	1.4576266771024411e-006	-1	
-30.590462823711711	188.52775982121324	-1.3408995227790542e-005	1.3952458217828631e-006	-1	
-31.700593950452944	196.18882143606493	-1.4785163978939171e-005	1.4517465445220155e-006	-1	
-25.898795551381674	167.12974990133122	-8.4940519852477363e-006	1.1726066312864765e-006	-1	
-23.920645026255826	162.10547290462975	-7.0242849939540622e-006	1.0940088215947272e-006	-1	
-24.114151372360254	156.70927107985923	-5.2699910097004669e-006	1.0103891493471688e-006	-1	
-28.393879473243466	151.72918848473293	-3.6894346512880799e-006	1.0122055461553052e-006	-1	
-31.853701588094928	149.90940506298907	-3.321199778955013e-006	1.0710633409241752e-006	-1	
-21.175372012437361	173.0393618848428	-1.0371487235288102e-005	1.2694980475679946e-006	-1	
-24.402974078476792	187.44157495655307	-1.3656485483208227e-005	1.4209314856996528e-006	-1	
-18.765978397700067	178.42546368190855	-1.1991025333172859e-005	1.356381057960817e-006	-1	
-18.533358591449844	185.20272959184405	-1.369256323451994e-005	1.4387370980608688e-006	-1	
-50.820383349289074	207.15893819037319	-1.5275277239385443e-005	1.4340364029457047e-006	-1	
-45.684656097362769	209.55664550693774	-1.5903806559435454e-005	1.4694060024252851e-006	-1	
-48.663954515532673	135.93229579926515	-3.2749291907253401e-006	7.963391467057861e-007	-1	
-47.685944526634358	136.93623613498036	-3.2349047786543604e-006	8.038879265359318e-007	-1	
-47.008050142090354	137.38978487659097	-3.1795962539865794e-006	8.0679072277585186e-007	-1	
-40.214413405677973	142.78644195254938	-2.753077067602807e-006	9.8596842985320898e-007	-1	
-43.057249848913294	138.97645445616374	-2.6771058074478506e-006	8.307667338827378e-007	-1	
-46.194612654728274	137.33006292278048	-3.0369777283035918e-006	7.9741585215847318e-007	-1	
-45.591911303478966	137.63813750263881	-2.9714320467667165e-006	7.9991430729551442e-007	-1	
-44.418036603619001	137.89780247630938	-2.7910755672911805e-006	7.9941825156290766e-007	-1	
-40.062902768965593	140.22358012034101	-2.2317077478379049e-006	9.0293829845411721e-007	-1	
-41.431184155407252	139.29054739709119	-2.3840426937635936e-006	8.4825619929464828e-007	-1	
-36.772234605438939	143.24704092508148	-2.119291033330055e-006	1.1181648108866889e-006	-1	
-38.093697385285431	142.22405148116459	-2.1726077054508304e-006	1.0383794965282301e-006	-1	
-36.725261675680905	145.42617820529972	-2.6767945474016255e-006	1.1110531796974875e-006	-1	
-35.408402729400322	146.2923702741594	-2.65997857678643e-006	1.1309801322998424e-006	-1	
-33.520571055055015	147.70951438094102	-2.7810357429205922e-006	1.1169433424993201e-006	-1	
-56.706096993642205	134.94484486637182	-4.2634845417426629e-006	8.5184069360096136e-007	-1	
-57.163683212321281	135.34731328707377	-4.3584593199443903e-006	8.5660255374880966e-007	-1	
-57.76128786504664	135.22800420850749	-4.4163335969263702e-006	8.5804909313346876e-007	-1	
-58.13762532050351	134.96875455468341	-4.4339940593242696e-006	8.5758299845452985e-007	-1	
-58.466871346915504	134.72864896055609	-4.448217808288996e-006	8.5683153594180433e-007	-1	
-58.314525489264106	134.74735467979318	-4.4323983716413533e-006	8.5698466473107866e-007	-1	
-27.681608941649483	129.16677008839724	8.1215055904540523e-009	2.5114188680255326e-008	-1	
-30.979879375780815	125.37392892029949	-1.1756248098200984e-008	-5.8398759169474483e-008	-1	
-32.372872840970075	122.19992766650208	-1.3554155284831026e-008	-1.1866767749706632e-007	-1	
-14.999409741322985	136.16327567598333	-1.7094900476893614e-008	-7.0999342624282601e-008	-1	
-21.898728051425024	135.3296481371172	7.0715780070629461e-009	3.0849597590120544e-008	-1	
-25.744864416899013	133.80500818372298	5.3994175669663218e-010	-8.3713750478964489e-009	-1	
-34.217292157070339	113.57674497422586	1.9481740862881025e-007	1.3359703827252663e-008	-1	
-34.160579900331655	113.82792419183453	1.0946131795061367e-007	-8.0924082449383374e-008	-1	
10.236379980750572	126.25881206543775	-8.112183988158824e-010	-4.7886149606249079e-009	-1	
-8.9264695633978803	136.07056197939781	-4.6646841944606801e-009	-1.6738594875952913e-008	-1	
-2.9028334883394766	135.29274023282179	1.826818682750394e-009	2.5152493081635157e-008	-1	
2.289228979407663	133.53319395479772	2.2944217034486811e-009	3.3477673625895345e-008	-1	
7.7713362871230895	133.53709782338655	7.4836614612475468e-009	4.723254046371083e-008	-1	
43.152455073823951	4.4436729771823851	-2.3598764916624588e-008	-2.5271316007430583e-007	-1	
46.864316269330594	0	3.1723667552187386e-008	8.939237285934343e-008	-1	
45.91664687254557	2.9805195700352654	-7.7839666433249485e-008	-3.0845022257716655e-007	-1	
46.182539020085279	7.7376969563615878	5.9613245968130966e-008	8.4899810931516832e-007	-1	
60.563267921131803	67.497422580461702	-4.1008035120039111e-005	2.0653668373806782e-006	-1	
60.529603437795529	60.033380313921491	-3.6466629457166281e-005	2.0945883058449447e-006	-1	
57.984181465679669	53.016693970781539	-3.0799721938518076e-005	2.0433795908354333e-006	-1	
62.316912781774491	50.327466378594252	-3.2427947950446553e-005	2.2248696898450307e-006	-1	
63.993246470224364	45.51140875175691	-3.0997311374269387e-005	2.3397311505913191e-006	-1	
64.452609976884986	38.642760707449327	-2.780776468611212e-005	2.4609074743612619e-006	-1	
64.748113712931328	32.692920946229258	-2.5019687193386141e-005	2.6021714278517421e-006	-1	
49.63421739743908	11.730937958172042	-4.0495621033747083e-006	1.573251697842617e-006	-1	
55.708169910071241	13.512577619674593	-8.3750577729689974e-006	2.5878012510966876e-006	-1	
58.961148037245366	14.963023896502596	-1.1458769015155769e-005	2.9968512114939983e-006	-1	
62.867634836830781	20.226480595146565	-1.7320913252099053e-005	3.019985337282477e-006	-1	
67.538029952187927	23.608692848696723	-2.2191777892766476e-005	3.090325399352108e-006	-1	
24.231804137028679	100.06547957983138	-2.795226271450882e-006	5.5043384132918283e-007	-1	
29.638904879087093	102.92489975745639	-2.8504312146928533e-006	4.2459745530862806e-007	-1	
26.025255294447138	102.99306308608141	-2.1097104300329075e-006	4.8976393211376297e-007	-1	
31.658685867090036	100.1896068317587	-4.6916013049876207e-006	4.7136420702644614e-007	-1	
35.6843629344337	96.63647430197426	-8.4792906393929419e-006	6.2025774173339885e-007	-1	
37.176761161608425	95.420871127686453	-1.0354102803875387e-005	7.0511146666157838e-007	-1	
39.831505601147107	93.050620895190306	-1.4671510843501708e-005	8.9076195687053109e-007	-1	
39.085596696078404	95.173302050139299	-1.1854157004319316e-005	7.6841783024495559e-007	-1	
42.952710677181592	92.231393013588715	-1.9077317609193822e-005	1.0589744411971724e-006	-1	
22.100571610603403	102.75714452153935	-1.2988048564075649e-006	5.2906848209272455e-007	-1	
12.258096944568685	99.641277638951379	-2.6958124951179318e-007	6.9168408023799692e-007	-1	
11.070868910673047	98.283304472759596	-2.8849949322713864e-007	6.971909899215945e-007	-1	
12.706026527643125	101.044916673855	-5.4245339171269955e-008	6.9172553144381938e-007	-1	
14.24252210636927	101.9290972282125	4.6729557695955901e-009	6.5929945581899702e-007	-1	
15.779017685095415	102.81327778257001	-2.6900023082154143e-008	6.4002348254928918e-007	-1	
18.852008842547704	104.581638891285	-8.4742568219536541e-009	5.5227589686135004e-007	-1	
46.169405368873846	92.488162772508602	-2.3699620165360327e-005	1.2259054110330227e-006	-1	
59.752363437167574	74.590421308629786	-4.491157369133576e-005	2.0121800393946683e-006	-1	
53.386669692118545	87.356623891061574	-4.1265747584383997e-005	1.6804167017852501e-006	-1	
50.50434236709556	90.821722078731582	-3.3894522963388676e-005	1.5132775077760705e-006	-1	
61.994044302813656	85.844658214767719	-5.855861880966895e-005	2.0722830096409415e-006	-1	
58.462957439205582	87.724773009793552	-5.2758565941552714e-005	1.9039083731567658e-006	-1	
64.600200035773881	79.651055815166558	-5.5708830860571312e-005	2.2036004579586764e-006	-1	
9.3172893506674832	98.893593996659419	8.4010188793548696e-008	-1.3839608673323543e-007	-1	
9.5	98.740677941770542	-1.2577128617671201e-007	7.0897976893906455e-007	-1	
9.2538676435929847	99.123255025774142	3.4449638835408179e-008	-8.5273364523358638e-008	-1	
9.7866785222976969	98.58776188688168	-1.4590148103558457e-007	7.0773904857369202e-007	-1	
10.230328110418206	98.412971181267068	-1.8727323770666685e-007	7.0443167911371112e-007	-1	
9.0820740449822424	99.441686670042273	-1.8075861568812043e-008	2.6068022664355508e-008	-1	
9.4032952521040531	99.956054741902349	-1.9833378430171229e-008	4.5177631654287206e-008	-1	
9.4437552382117822	99.451609726979697	2.9401932609820764e-008	-7.0743557506507553e-008	-1	
9.645664725711864	100.53177727774373	-6.3765456401545338e-009	2.640233134748951e-008	-1	
10.235809942109301	101.29218203733721	-1.2618353926097684e-008	6.3587354782486693e-008	-1	
14.140650503155259	106.89970509742847	-9.7913556245555244e-013	6.2409771527278728e-008	-1	
14.040916298257686	104.05656246324057	1.6959093397127056e-009	-1.3364198568586717e-007	-1	
12.155839338498428	102.42829101810891	4.4294959176510206e-009	-1.6189536884135729e-007	-1	
17.879221209217782	112.26212369039581	2.2439891602322944e-009	3.6703896396491599e-008	-1	
18.630113754831598	108.23321339679886	-6.3813670448903082e-009	-1.010582088611541e-007	-1	
16.057417440337169	120.33407518038523	6.6592666489690044e-011	1.1727879044191711e-009	-1	
20.839804746401384	116.16988638245725	6.2865501469991407e-010	6.799689255739338e-009	-1	
11.198343849196343	101.2882765851279	2.5322926729284625e-008	-1.9197665115128408e-007	-1	
-36.771841750932651	129.91444127420633	-4.9879981717055545e-007	3.4764814693288828e-007	-1	
-34.350000000000001	128.19999999999999	5.1148438053148495e-008	2.3164493156180648e-007	-1	
-44.875220036981446	132.92917096224824	-2.3639304655521412e-006	6.4278854788670794e-007	-1	
-43.681717021807337	133.31647709332307	-2.1671641032122987e-006	6.3937593209521223e-007	-1	
-41.907166953785463	133.3196669495178	-1.8039498499761173e-006	6.0990612055374297e-007	-1	
-40.183589125641603	132.72237461189329	-1.3865089746282438e-006	5.4787860366492591e-007	-1	
-45.866842212665823	134.02404108414825	-2.6326969904777974e-006	6.9562157920827353e-007	-1	
-37.447458271399441	132.80376103265036	-7.3735788567859551e-007	4.4629422745512302e-007	-1	
-48.094257554534522	134.90171123339391	-3.0824143265991551e-006	7.6065909979454438e-007	-1	
-46.383772298139675	134.70888822926239	-2.7848994847267412e-006	7.2569661892120996e-007	-1	
-47.016175926866794	134.88959514819078	-2.907724342476042e-006	7.4253424723149402e-007	-1	
-57.510311241453152	134.8460997730825	-4.3488113091299069e-006	8.5506364942832152e-007	-1	
-57.91241836535864	134.79672722643784	-4.3907580856818825e-006	8.56252568890286e-007	-1	
-107.96225736623526	241.15045385888047	-1.6444929285625647e-005	1.4258358330000157e-006	-1	
-130.4954649142586	256.30341536776808	-1.6891883386036015e-005	1.4375922064860725e-006	-1	
-119.0522278154974	256.68890015044866	-1.7186786203184994e-005	1.4557102951925715e-006	-1	
-111.54862387740901	253.66575703946793	-1.720142431344028e-005	1.4595620447599492e-006	-1	
-124.76415115538376	256.20835241386652	-1.7014467886450433e-005	1.4454344537169282e-006	-1	
-106.7763505355724	246.78231592249276	-1.6876096420962234e-005	1.4467062687281361e-006	-1	
-200	249.96162751288708	-1.5855057206271942e-005	1.3748639860581071e-006	-1	
-178.52191373912191	253.25778957707044	-1.6094147661350058e-005	1.3882675070918837e-006	-1	
-193.01762754046266	256.20683095199792	-1.6196336187370296e-005	1.3927411087953125e-006	-1	
-188.82107475787137	260.8987348843271	-1.6454415612076847e-005	1.4062448711448388e-006	-1	
-200	256.20683095199792	-1.6190198251191782e-005	1.3923341522586902e-006	-1	
-182.14991391749714	258.72745240673618	-1.6367136639776389e-005	1.4020960789736284e-006	-1	
-176.71264601402007	258.00505552845692	-1.6360158985301777e-005	1.4021515189090705e-006	-1	
-170.63476336591202	259.08657267591951	-1.6463129205317091e-005	1.4080354077302829e-006	-1	
-149.20931801468114	255.48126148560505	-1.6508463426332877e-005	1.4137587411474448e-006	-1	
-143.41783280688011	255.09900281565643	-1.6575619977713214e-005	1.4184492731998305e-006	-1	
-158.11322871721853	260.54291758416468	-1.6670081934291906e-005	1.4202140733473768e-006	-1	
-152.78399264166981	262.50457030188221	-1.6847286371299995e-005	1.4300140026707095e-006	-1	
-136.71935529549324	254.72287815456883	-1.667198982189868e-005	1.424991727350071e-006	-1	
-163.33251255775588	260.19901455361349	-1.6591719957014329e-005	1.4154933833954317e-006	-1	
-61.694090402824159	215.86201694229757	-1.5818776550394338e-005	1.4404496330385565e-006	-1	
-67.762913959115679	217.13232294093962	-1.5688455028326517e-005	1.4267704344354602e-006	-1	
-56.032761845415159	213.87871732916054	-1.5863488524284045e-005	1.4505928961643926e-006	-1	
-78.22348202328881	226.71363881423963	-1.6232435771208126e-005	1.4388376229913432e-006	-1	
-73.81784337875861	224.05483215435808	-1.6151309628717663e-005	1.4398817016683498e-006	-1	
-96.746893682673843	234.93796230488761	-1.6300916370774194e-005	1.4262044944652396e-006	-1	
-92.371692001570878	236.12340029877885	-1.6536308358820102e-005	1.4401967201098548e-006	-1	
-88.173352697862882	238.16789977734345	-1.6850187286224662e-005	1.4575412355745755e-006	-1	
-76.018472200735644	231.36302978545862	-1.6751327445346082e-005	1.4638336920620851e-006	-1	
-79.956035908272355	237.90123381075716	-1.7156726255823519e-005	1.4778922702837943e-006	-1	
-102.53616869665098	242.89064490769093	-1.6728947773832157e-005	1.4422643565233762e-006	-1	
-95.740003690339336	239.35767106577035	-1.6679028088125132e-005	1.4442957315839517e-006	-1	
-69.332901677285491	221.86839279789049	-1.6123604273488145e-005	1.4437382656902127e-006	-1	
-35.0311390346967	204.5381854041274	-1.5919500705395014e-005	1.4912243082602006e-006	-1	
-38.453141268520135	209.19565162423297	-1.6346969256070094e-005	1.501197363678895e-006	-1	
-26.121742080291224	195.03539341212092	-1.5036795092185392e-005	1.4760497277796534e-006	-1	
-29.80706428747439	201.56176567652068	-1.5867590734892669e-005	1.501099979041865e-006	-1	
-20.174526062419218	165.99430711920138	-8.3669258102895012e-006	1.1599969976654902e-006	-1	
-19.788398173181236	159.25572118871546	-6.1785344038525139e-006	1.0261458336740211e-006	-1	
-19.501544091676113	152.91974741281516	-3.9010104063538102e-006	8.5851492617726012e-007	-1	
-24.805014791077944	150.17933976257518	-2.9514498559274798e-006	9.1698875513798912e-007	-1	
-29.327640963676551	147.93312865282127	-2.3293267128631844e-006	1.0413861714796246e-006	-1	
-31.974867496937364	147.15199837274912	-2.3360621048294737e-006	1.1185157000316934e-006	-1	
-14.992968951158977	168.67907105603189	-9.5303795085235452e-006	1.2292752359896456e-006	-1	
-13.894862212884952	175.09567430822082	-1.1551955586103505e-005	1.3465470303704976e-006	-1	
-19.439295004703233	191.6412755906172	-1.5020014211423579e-005	1.4942626812400149e-006	-1	
-12.179867366454848	182.83237214155406	-1.3838887191310219e-005	1.4677215747540392e-006	-1	
-10.848910994898599	190.72253361534652	-1.5886704745903626e-005	1.5629310245464087e-006	-1	
-50.191898560121054	212.51181042929218	-1.6009983957298169e-005	1.4659778784715348e-006	-1	
-40.993482852061547	215.07189861859919	-1.6958499965975354e-005	1.5207889729859622e-006	-1	
-45.632793285708324	218.71451076402323	-1.7089230339764591e-005	1.5176998093357022e-006	-1	
-47.859740267721719	136.03104089255447	-3.1592983754711715e-006	7.8865156309039791e-007	-1	
-46.708897990778887	136.63099949983507	-3.0400942536472769e-006	7.8651254357419303e-007	-1	
-47.055526019910772	136.1297859858438	-3.0400846566672372e-006	7.8029071368334568e-007	-1	
-43.563832749674155	137.31554974785476	-2.5528572023348098e-006	7.754095969411094e-007	-1	
-42.109292381108631	137.77961614472599	-2.3135764182312188e-006	7.8668903940426709e-007	-1	
-45.652357447031243	136.92494793258874	-2.8945962403097004e-006	7.8070327374307502e-007	-1	
-46.100181271787818	136.65980806120277	-2.9407546034040953e-006	7.7943932992101603e-007	-1	
-45.236303274922761	137.01698049420622	-2.8318352341070424e-006	7.7869084855899632e-007	-1	
-44.594960660707116	137.241673533984	-2.7419335724650823e-006	7.7999077701248585e-007	-1	
-38.453071613434716	139.11796915012772	-1.6401478399917286e-006	8.7770964354909791e-007	-1	
-40.44992532293373	137.94252332900541	-1.9611768180436662e-006	7.9120956213419416e-007	-1	
-37.305697609726082	140.75033928585526	-1.6556068569357494e-006	1.0179213571879584e-006	-1	
-35.781867289704145	143.94665873925936	-2.0792063673163417e-006	1.1672426960566012e-006	-1	
-36.42839601468863	142.08425653857572	-1.7455868686915697e-006	1.1234452567919485e-006	-1	
-35.661281137224414	142.76116553215354	-1.7426522277896944e-006	1.1890129507064716e-006	-1	
-35.108163116989296	144.74502985922354	-2.1445570173628308e-006	1.1795064426546139e-006	-1	
-34.003724625456528	145.5773278916005	-2.1487346142570299e-006	1.1778646809485763e-006	-1	
-32.7062719220988	145.68058029625894	-1.906017584448784e-006	1.1801015944831116e-006	-1	
-31.209339783593315	130.01831375644352	-1.4388873223857919e-008	-5.3461726150046313e-008	-1	
-29.598903107617062	135.02596506963499	-3.1564734602770198e-008	-6.2773675014808627e-008	-1	
-21.14986528369646	139.39861563322935	-1.5311692796203502e-008	-1.0182422335667116e-007	-1	
-17.098255025774129	142.90000000000001	6.8336920605915939e-008	2.7365326319656506e-007	-1	
-8.5491275128870647	142.90000000000001	4.9760514483427976e-008	2.3492857113027693e-007	-1	
-24.544128479003671	138.51070904616532	-2.2955175349906543e-010	5.0854463614996118e-008	-1	
-28.221980800526765	137.0000425135496	4.8402427202175584e-009	-2.3879821235613572e-008	-1	
14.5831866352147	129.98061377013155	-5.6339749968269224e-010	-6.6070348508380105e-009	-1	
19.6006071563401	125.67384566287643	-1.9068971802876113e-011	9.5855773045477032e-010	-1	
-6.4118456346652994	139.35676677881625	-4.829262888519064e-009	-1.1535371666531564e-007	-1	
-2.1372818782217666	139.35808752064634	-4.7434200546668841e-009	-8.7486106618750481e-008	-1	
4.5740982412061069	138.5164547577244	-1.4349059155152761e-008	-1.4291475067187315e-007	-1	
10.471244916588969	138.02656937233473	-3.3340779510123428e-008	-2.059377631606828e-007	-1	
15.152432899509499	135.67468917452703	-9.957786067869516e-009	-3.3070978910912246e-008	-1	
51.110755025774139	0	4.744030559468611e-008	9.5623662514187196e-008	-1	
48.987535647552363	2.3878845014615231	-5.8561458734302978e-008	-8.2482043821795476e-008	-1	
49.836308530127923	6.4565454345423801	3.6131802876582732e-007	8.2856456964977073e-007	-1	
65.681938721379836	73.762493224944848	-5.0972714006357666e-005	2.2475093615086213e-006	-1	
67.311481413027835	65.515052892292928	-4.5530632254649649e-005	2.3138835715516787e-006	-1	
66.243536854770582	59.900227956062388	-4.0795754495666429e-005	2.29646262160627e-006	-1	
65.611493337374796	54.219797898738769	-3.6862638442845487e-005	2.3102020577913859e-006	-1	
67.294672820816572	49.360313083417005	-3.5137526640220019e-005	2.4084355430169842e-006	-1	
70.012155986567521	42.170440475658538	-3.2932410178338149e-005	2.5965867101972889e-006	-1	
70.307422940180643	35.592758983908304	-2.979027599112901e-005	2.7427250277746843e-006	-1	
69.458480494186304	29.04595502532154	-2.608586217404669e-005	2.9259677524376123e-006	-1	
53.756915463102715	8.4349679979622518	-3.0632086030313014e-006	2.1979246157500331e-006	-1	
58.467363597956684	11.260353987223622	-8.3550592563698174e-006	3.2147472068069626e-006	-1	
56.593560636513089	10.062687134547806	-6.1091382354090521e-006	2.9017774884083059e-006	-1	
60.659286637698187	11.6358760453821	-1.0266445296915508e-005	3.5507766248423123e-006	-1	
63.981607147108313	13.76709353244703	-1.4309043002361561e-005	3.6637771631851866e-006	-1	
69.048185608184838	18.043499217179736	-2.0486780300540382e-005	3.5214309495176737e-006	-1	
75.070325549616385	22.665143229511273	-2.6732040004356037e-005	3.3581306420013587e-006	-1	
27.443973639355193	104.7481586896394	-1.6957504937484394e-006	4.4648757944986812e-007	-1	
32.357419603282771	102.81892684458286	-3.2500434918213633e-006	3.5736704003902195e-007	-1	
29.037256133242579	104.99080193463827	-1.8491555048764849e-006	3.9880735082382105e-007	-1	
31.935890457389544	104.38277829046322	-2.3858569567277906e-006	3.0939578889229624e-007	-1	
24.52517491366514	105.41434882349596	-8.6933692888021621e-007	4.7800081777151447e-007	-1	
26.163763795977601	105.72718249251182	-1.1002021986566407e-006	4.6960105096353398e-007	-1	
33.727971791304142	101.95584813117985	-3.8981666486796554e-006	3.6363500550468534e-007	-1	
36.175851215486688	100.2350488063598	-5.5432113465459458e-006	4.2655811119680652e-007	-1	
37.538488887444217	98.40823534524344	-7.5182819029052134e-006	5.4083356469197464e-007	-1	
38.21689453320883	97.04045938248953	-9.2289645083204525e-006	6.3801753375776683e-007	-1	
41.125529770644199	94.891179731248997	-1.3802264548089394e-005	8.5856638846322735e-007	-1	
40.381937285010267	96.773433616296046	-1.0733988998329405e-005	7.2305317900838382e-007	-1	
45.084097003073772	95.282543592244437	-1.8188495875249878e-005	1.0601409986797908e-006	-1	
21.924999999999994	106.34999999999999	5.4316235324853137e-008	4.3479858031774814e-007	-1	
11.067205197240556	99.44999280932231	-1.8321283173982461e-007	7.0480857662822697e-007	-1	
11.169530948916982	100.1607361194975	-1.107324002916662e-007	7.1224263991224942e-007	-1	
10.426148323536523	99.126461207941972	-1.6477564041161864e-007	7.0687014288540403e-007	-1	
16.315674427825847	105.40008713754382	8.2502853571555757e-009	-1.9103095552648466e-007	-1	
46.864619046826022	95.404176551037665	-2.1184103886293891e-005	1.18753322954903e-006	-1	
49.432755105920208	94.902085306695071	-2.7702518419599384e-005	1.4110694783018584e-006	-1	
56.913064585578184	90.163625015776333	-5.0381270183409246e-005	1.8310333989332454e-006	-1	
54.483654241154795	91.728275885210209	-4.3905889307625276e-005	1.7330952951646877e-006	-1	
53.263223185970574	93.829269156054423	-3.9561118657948541e-005	1.6961904558390668e-006	-1	
61.687392274892389	89.833313453641111	-6.3262192283174482e-005	2.0222708980324636e-006	-1	
65.976034091573709	86.228277039945922	-6.6730163539659049e-005	2.2665731603707875e-006	-1	
59.917585287223538	91.292262412258836	-6.0079869884001255e-005	1.9311450715768245e-006	-1	
70.854006550099726	83.622930585280912	-6.9030497963388875e-005	2.5077981496174568e-006	-1	
70.337270035487634	77.527226723983318	-5.9730585841486277e-005	2.4400621323977895e-006	-1	
9.5	99.046510051548267	-1.1733899994807176e-007	7.0901261988264025e-007	-1	
9.6769761266152408	98.893593996659419	-1.3086781616568915e-007	7.0855489479003414e-007	-1	
9.5	99.200000000000017	-1.1050165967427287e-007	7.0912448938267405e-007	-1	
10.061918419392601	98.859082068578076	-1.5488512939283569e-007	7.0715480200508985e-007	-1	
9.7232871736685276	99.563999957861085	6.5401481358089017e-008	-1.4060993542363026e-007	-1	
9.9766992787646327	100.00204571865204	3.2457365944498512e-008	-1.4563256030298179e-007	-1	
9.6330353701908376	99.276555565140001	-1.1658984692255986e-007	7.0928818741069754e-007	-1	
10.53379783565501	100.37692797963007	3.3360557391683412e-008	-1.5085447387038197e-007	-1	
21.549256210356635	110.43817170108096	-7.1588802599779154e-009	-1.040318541263223e-007	-1	
20.952645834622309	121.03240482311065	7.4420950740754466e-010	-2.5280156798725223e-009	-1	
24.642550606016293	113.13740511721143	9.8651873311556588e-011	3.1416576090682566e-008	-1	
25.443342048595795	117.73968350444146	-3.4208279203179903e-010	-6.4198736401695457e-009	-1	
-34.350000000000001	131.83662751288705	7.4732793689450092e-008	1.9180656340275355e-007	-1	
-45.008828673787754	134.0173259861682	-2.4818736825457644e-006	6.7583031044005066e-007	-1	
-43.369054782045232	134.32561033593919	-2.1932220064527501e-006	6.6755582301350945e-007	-1	
-44.375317421675874	134.64739143794733	-2.419974307851007e-006	6.8959458338004576e-007	-1	
-40.576282312506798	134.50374226828646	-1.6081111068317279e-006	6.2946924834881601e-007	-1	
-42.267093889883625	135.06449577805441	-2.0350748380082029e-006	6.7894264412068004e-007	-1	
-38.746075849957037	135.21345565763519	-1.2177386234731444e-006	6.1847082262860647e-007	-1	
-45.7470348982025	134.87367543658468	-2.6922738384649163e-006	7.1782188454287899e-007	-1	
-36.813774111601454	136.02508809550801	-7.2897740741377647e-007	6.0097015011079146e-007	-1	
-34.350000000000001	135.47325502577411	1.5217707404721717e-007	3.7336592672188076e-007	-1	
-47.200340941361461	135.50447145448396	-2.9991383438831357e-006	7.635593114677284e-007	-1	
-46.196817704977121	135.33947313256348	-2.8155511018762629e-006	7.4117981697470531e-007	-1	
-46.597708258271794	135.7254317990635	-2.9220285945942664e-006	7.6033528818741795e-007	-1	
-127.53859519862786	261.75507533822548	-1.7278622871493762e-005	1.4571339614218817e-006	-1	
-135.43998570782367	262.7295220371322	-1.7161014360774743e-005	1.4492339203664515e-006	-1	
-117.30737845542357	263.81790166220912	-1.7664591014758755e-005	1.4788387115438488e-006	-1	
-112.29357988395849	258.95736513736767	-1.7517020981754445e-005	1.4739270939921082e-006	-1	
-122.67878292145448	265.60811304623411	-1.7624065520309202e-005	1.4750988560665943e-006	-1	
-106.32905058528959	252.52027445049251	-1.7282962255040648e-005	1.4658105766968716e-006	-1	
-103.9330793141892	258.6186364482582	-1.7762349468367463e-005	1.4889615672443244e-006	-1	
-97.735307540109034	246.75284013130252	-1.7166331442938356e-005	1.4652212159514589e-006	-1	
-195.11590393175828	260.88675828785983	-1.6438446595302471e-005	1.4052287770626987e-006	-1	
-184.29945942269489	265.40564892052043	-1.6701212103849219e-005	1.4190969328057382e-006	-1	
-193.03545080763485	265.57463611066424	-1.668070674818548e-005	1.4177213849028711e-006	-1	
-200	262.45203439110878	-1.6515346651227397e-005	1.4091485362864438e-006	-1	
-175.80721000960006	263.41485452156468	-1.6649472754211533e-005	1.417036699094878e-006	-1	
-166.91309551935996	264.01196862592894	-1.6755631085950961e-005	1.4233217566513619e-006	-1	
-145.42238729219315	259.6917546136101	-1.6804362071701106e-005	1.4293268764940308e-006	-1	
-140.12027545150949	258.87229358767974	-1.6850193368134415e-005	1.4328406358524114e-006	-1	
-158.22309412356606	266.22066080892807	-1.6969902387520755e-005	1.4352427130137711e-006	-1	
-147.43236465917195	265.47098950607625	-1.7088849112324516e-005	1.442983004435237e-006	-1	
-153.11362064502504	270.37835660816694	-1.7256743009967692e-005	1.4502807072184603e-006	-1	
-60.953273474010246	222.01794798199964	-1.6537791795237985e-005	1.4719661159494982e-006	-1	
-51.452196359298597	217.75202834401614	-1.6585923131112446e-005	1.4877394721877266e-006	-1	
-68.069257134950433	230.15354445907613	-1.7008038968167377e-005	1.4832292905932343e-006	-1	
-91.43216163575805	242.0985809440765	-1.7040864884965491e-005	1.463695089200063e-006	-1	
-86.632626480977606	242.76149988496798	-1.7277326116148088e-005	1.4777491929766739e-006	-1	
-73.249294355237495	238.47528497543473	-1.7512245807957228e-005	1.4993674894163157e-006	-1	
-75.776832282998527	243.17799172233222	-1.7786353291583792e-005	1.5087707753393138e-006	-1	
-80.933454631351481	244.56115645585194	-1.7659039875826414e-005	1.4989760754371229e-006	-1	
-63.479776555653658	226.98796120917166	-1.6924949592554494e-005	1.4850760598334093e-006	-1	
-30.398324392542921	208.37055540856298	-1.6899653875177956e-005	1.5407578839084777e-006	-1	
-34.754589847031596	213.63668846964671	-1.7274263483046695e-005	1.5456553557081638e-006	-1	
-24.320202420703581	201.4430109873077	-1.6375607479102264e-005	1.5357289743456359e-006	-1	
-19.300776714115383	198.14176849857034	-1.632199028439304e-005	1.548531836161771e-006	-1	
-22.676214807470856	206.67914129019084	-1.7412540565205078e-005	1.58064176306441e-006	-1	
-15.731069420225307	162.21116232119272	-7.3470353921074527e-006	1.0877123678452534e-006	-1	
-12.065923232918134	156.28287036298639	-5.3676764720687516e-006	9.2251232055553722e-007	-1	
-19.235536903995897	146.95603416308475	-1.5892096484575386e-006	6.3936589098606208e-007	-1	
-12.823691269330597	147.74355908840573	-1.9536195516359495e-006	5.6055254953882308e-007	-1	
-23.510100660439431	145.29847823606897	-9.8002761324671448e-007	7.9083301935469159e-007	-1	
-26.71602347777208	145.5051919636673	-1.151916730330892e-006	9.491104937383007e-007	-1	
-29.431915487729228	144.76158641329036	-9.6240504287438254e-007	1.0905939670530988e-006	-1	
-31.061785308310842	145.78587081436345	-1.6396539848679056e-006	1.1386872511121091e-006	-1	
-9.899861358711366	171.10972501316729	-1.0776335840370926e-005	1.3159763544418625e-006	-1	
-9.7145757983976377	164.86892651421633	-8.7096579142488873e-006	1.1850915513646564e-006	-1	
-9.6211258324254736	178.20674507701852	-1.2931752398711303e-005	1.4346943990419992e-006	-1	
-14.588166184292866	196.24266980304321	-1.653335355845435e-005	1.5733635618994076e-006	-1	
-4.7383385862502685	185.55658764348709	-1.5594018603516466e-005	1.5821065374792453e-006	-1	
-4.9085738936394003	180.37284725866687	-1.4208517343049088e-005	1.5207709937374775e-006	-1	
-5.3332241007480441	191.04986140518372	-1.680205276687732e-005	1.6262892511311106e-006	-1	
-10.136874769500672	198.69242052541153	-1.7624879501161619e-005	1.6329147886349202e-006	-1	
-40.405252965947	221.44666133582638	-1.7809039602063685e-005	1.5551519738175421e-006	-1	
-49.000257217812376	227.35501425471611	-1.7842754504875495e-005	1.5423157221360463e-006	-1	
-46.251311772099818	136.22853107913312	-2.9167856793847418e-006	7.7113354197432615e-007	-1	
-42.624196723291327	136.34228569458824	-2.2471982324745127e-006	7.3256872428238208e-007	-1	
-43.976788918442637	136.36784216290931	-2.5218431709681094e-006	7.4521748304707912e-007	-1	
-40.396615736103968	136.27603124309624	-1.7410383323310142e-006	7.0779921819758732e-007	-1	
-45.672304479433748	136.49930350066805	-2.8482594262871068e-006	7.6908491823933382e-007	-1	
-45.400920584129224	136.58092675518719	-2.8101716160578614e-006	7.6731580761996692e-007	-1	
-45.849204648194345	136.27790362577778	-2.8534954650081864e-006	7.6609738763575562e-007	-1	
-45.123916346339271	136.56464113035821	-2.7589586573331728e-006	7.6305162890906617e-007	-1	
-44.657824535967578	136.56502337022079	-2.6738327238218934e-006	7.5810438497565947e-007	-1	
-38.570196499373417	137.16855546189535	-1.3773400055398915e-006	7.4305110264813341e-007	-1	
-36.774058017906697	138.12054982366269	-9.7357729231460337e-007	8.3973469263578265e-007	-1	
-35.825732487864784	141.34925210408059	-1.3963715293714812e-006	1.1460948689962022e-006	-1	
-35.341865731197743	140.31227557042831	-9.5826215666660322e-007	1.1220853693626959e-006	-1	
-35.151279538644005	143.70127953864397	-1.868150548867271e-006	1.2116209864812418e-006	-1	
-35.412502517862862	142.20521696152713	-1.5376650026761716e-006	1.2084576063795185e-006	-1	
-35.008874013593108	143.03978688538416	-1.6684540445384353e-006	1.2394064513331624e-006	-1	
-34.966134893443666	142.61961478790096	-1.5528669394738127e-006	1.2516261738085488e-006	-1	
-34.210932298825362	144.21000591913943	-1.7670954774709393e-006	1.2410099758381426e-006	-1	
-33.178394529396591	144.46767270695284	-1.5540673008242254e-006	1.2537014322301836e-006	-1	
-32.167339292099605	144.49584564375647	-1.2869034272283206e-006	1.2431347587821884e-006	-1	
-31.886048771228428	138.14810663938667	-1.2113726135724819e-008	-2.0676762894700196e-007	-1	
-29.706261006268324	138.89472165925716	6.6244754488283066e-009	1.316205122557343e-007	-1	
-24.320799376078476	140.90014076726416	-3.5844117930447473e-010	-2.6917975875278767e-007	-1	
-21.372818782217664	142.90000000000001	2.9593459468487782e-008	6.1075537507827553e-007	-1	
-4.2745637564435324	142.90000000000001	-1.4335111274670472e-008	4.9155259034348324e-007	-1	
-6.4118456346652986	146.61175437636612	-1.6039175440613005e-006	5.3721472384445125e-007	-1	
-27.773778639186606	139.36478597043987	-1.0783369274760362e-009	5.5163326266469637e-008	-1	
-26.71602347777208	141.04900762278564	1.6951493834648495e-009	-2.0435754345926401e-007	-1	
19.279520710161478	133.2503205271434	5.0785861675490593e-009	1.6363251035442591e-008	-1	
22.508956212791652	129.53551465729501	-3.7841897550569276e-009	-1.4191311869875266e-008	-1	
24.433894560171748	125.77540613047535	-1.5713403185823086e-009	3.566233645318156e-009	-1	
0	142.90000000000001	6.2240711476810217e-008	4.3170272995269478e-007	-1	
8.5491275128870647	142.90000000000001	4.4473844966229172e-008	5.6219454685832486e-007	-1	
17.098255025774129	142.90000000000001	1.1077831029061719e-007	4.4487622597149413e-007	-1	
19.235536903995897	138.17242391300431	-4.4289662453435225e-008	-1.4193251141417908e-007	-1	
53.233974403995902	0	6.8488866537681231e-008	3.9835021151555189e-007	-1	
52.172364714885013	2.6465671878741039	-1.3900250859398107e-007	-4.506306998407153e-007	-1	
53.490078040170559	5.1753939127231749	3.8806033594218396e-007	1.9074327854889781e-006	-1	
71.870149778570067	70.871051178866821	-5.3745777486295534e-005	2.4720214015468964e-006	-1	
74.25152381721918	64.373130679178601	-4.9537931140331754e-005	2.5409347431839519e-006	-1	
72.517782932915026	57.673275779383175	-4.352568006151791e-005	2.5082468277122405e-006	-1	
72.350802465070515	49.746361685477588	-3.8455923515888671e-005	2.5642696260129404e-006	-1	
76.541945838815536	43.015970407883557	-3.7111144238242204e-005	2.7711227325320827e-006	-1	
77.858655677313479	37.228773164622055	-3.4931712292574873e-005	2.914457523185e-006	-1	
75.652864577977027	31.718794729337677	-3.109339508873119e-005	3.0057137152843856e-006	-1	
56.354341405786613	6.4476572774880125	-2.4794069360180639e-006	3.1216660515166464e-006	-1	
58.409364962478811	9.0372526430209099	-6.4077718707394027e-006	3.4807443781129233e-006	-1	
60.325676207147318	8.2148096600938967	-7.176721386971876e-006	4.056230284032562e-006	-1	
63.589789347626613	9.8394504279341177	-1.1362687222915429e-005	4.2436486231022201e-006	-1	
67.309977032584527	11.645335900229448	-1.5858738984305043e-005	4.1450927170442279e-006	-1	
71.542753028843464	10.522760644174447	-1.9028460101823314e-005	4.3084101306912596e-006	-1	
75.706585769623345	14.082813414547257	-2.3847345219403113e-005	3.898598275912102e-006	-1	
82.335641920978631	20.464929404693219	-3.0631338508793118e-005	3.5085526938461122e-006	-1	
80.295576924227035	26.823931265372345	-3.1719499988859741e-005	3.2582189685916599e-006	-1	
27.716657356140484	106.33657565009777	-1.1633214124233262e-006	4.3851771429426523e-007	-1	
33.745009749424078	103.65433797208304	-2.8167068135437427e-006	2.7788033572383433e-007	-1	
30.913758385325441	106.04373703092347	-1.5775949780006424e-006	2.9865908613455629e-007	-1	
29.43856217276025	107.10477603138303	-1.1028485449396303e-006	3.6146221748422126e-007	-1	
33.857703739052418	105.26650908415633	-1.9064130455466544e-006	1.917941844471509e-007	-1	
32.539432692328717	106.23730644632874	-1.4919130253250209e-006	2.0622013660492824e-007	-1	
24.997991157452283	108.11836110871499	-1.7619527719197874e-008	5.128092780924965e-007	-1	
26.451030553605793	107.37044639087679	-6.0723941011972123e-007	4.9307981896661298e-007	-1	
35.231325300104693	102.83213111521962	-3.3460871459378208e-006	2.8106593689854376e-007	-1	
36.720071243498069	101.93125423319282	-4.0445520000883563e-006	3.0510032531661018e-007	-1	
38.340979138509937	99.70710204411489	-6.2753578931060118e-006	4.5348752010576966e-007	-1	
38.257347320853732	101.03121503910376	-4.8329868327585458e-006	3.4729220703242997e-007	-1	
39.057728888352557	98.559744830533091	-7.7746363046319845e-006	5.5436900424505441e-007	-1	
39.772209189370145	97.812616753597723	-8.9983861234969007e-006	6.3055406080236207e-007	-1	
41.583493885421397	96.862493593129528	-1.1466517615030848e-005	7.7310688140573898e-007	-1	
43.275331223844219	96.707874206427547	-1.3410177807388022e-005	8.7599029702897447e-007	-1	
40.974419294322402	97.822545150932172	-9.5310147536323393e-006	6.7953550440998412e-007	-1	
44.40595852903018	97.483300101688712	-1.3228393707546497e-005	9.0070917410182166e-007	-1	
46.627111359124598	97.172973719521153	-1.7394791447666003e-005	1.0876766629126302e-006	-1	
10.401283159553909	99.71864584231875	-1.2082876159992369e-007	7.1237899722989278e-007	-1	
10.017159264872372	99.49760070372939	-1.2068174384953616e-007	7.1079369587918456e-007	-1	
9.8787002316473824	99.199380081543111	-1.2975802735213786e-007	7.0908167842613332e-007	-1	
48.202406237958115	96.585438061540501	-2.1981308145320151e-005	1.2602576428513802e-006	-1	
50.48274849012779	96.951649869464518	-2.7427362584333082e-005	1.4955539669951019e-006	-1	
51.461547732414459	95.991673064758871	-3.2003292936003151e-005	1.5962388610927007e-006	-1	
56.841000949971452	93.052391845625138	-5.1451276090184392e-005	1.8356775568730813e-006	-1	
54.67360310771231	94.150577293516847	-4.4088602517710937e-005	1.7807031365819931e-006	-1	
54.322368787949323	95.55380389512915	-4.2181045826956448e-005	1.8156357094902331e-006	-1	
53.154531634861563	95.850158964822825	-3.7711454780448121e-005	1.7498503108679493e-006	-1	
63.159762580916642	92.963434150859172	-7.2710005578759826e-005	2.0134806046930998e-006	-1	
61.119829506350847	93.245556469749474	-6.6497201144632523e-005	1.9304344539832525e-006	-1	
65.346697670589478	91.058762930439954	-7.4615053710628924e-005	2.1993018591390569e-006	-1	
68.203638179146282	90.560417192118877	-7.9580547733751198e-005	2.3944842714398188e-006	-1	
72.528577736064236	88.893438795891285	-8.1436565182464534e-005	2.6558103474021632e-006	-1	
58.969941715314398	93.380975053593829	-5.9029398029249405e-005	1.88472465142069e-006	-1	
76.100139550780256	85.372368779143329	-7.6453646613626759e-005	2.7778132900906249e-006	-1	
78.756586174091211	80.779080658648653	-7.0226117641701436e-005	2.8011371753297699e-006	-1	
76.282425123244863	76.085091788311118	-6.2502770422082784e-005	2.6548377398917654e-006	-1	
9.6327078429296584	99.123255025774142	-1.2091189410708953e-007	7.0902065894169945e-007	-1	
24.528921202693812	110.60725020151561	2.5191318417491911e-008	-1.3978834997351824e-007	-1	
26.518950258854112	120.87549330220847	-3.201446986368268e-009	8.0450227749677272e-009	-1	
26.403692009515495	112.31013891209192	-2.2732571772115505e-008	5.5967772786693697e-008	-1	
26.875106472581507	115.15761153428141	5.7685376919057086e-009	-1.851231918957987e-008	-1	
28.338914291066768	118.31649058961723	-5.4735721407073566e-011	5.9884261875781681e-009	-1	
28.104894141065238	116.46172204807868	6.6807001553844817e-010	-2.8488372468649938e-010	-1	
-45.142437310594062	135.10548101008817	-2.6088954442468179e-006	7.1169846118927187e-007	-1	
-43.559417389513392	135.36477810641898	-2.3319502726461958e-006	7.0564927878828761e-007	-1	
-44.637195472086674	135.50163898215865	-2.5547100129551759e-006	7.2096537868675255e-007	-1	
-45.669238501115274	135.51649717505458	-2.7429347641991831e-006	7.3643540568997499e-007	-1	
-34.350000000000001	139.10988253866117	-2.0470758766973235e-007	1.0723241158484763e-006	-1	
-46.002071846727311	135.86077091566057	-2.8357141366491981e-006	7.5438030540810614e-007	-1	
-128.17095550000499	267.54401163236525	-1.759429989487437e-005	1.4720383702500341e-006	-1	
-137.6982042673165	267.60688753847421	-1.7384849888644363e-005	1.4595214446389242e-006	-1	
-141.8642907598028	263.9459822801968	-1.7103036217564509e-005	1.4448362035015958e-006	-1	
-133.17880728041899	270.51606202119973	-1.7638486701450785e-005	1.4728269227162309e-006	-1	
-113.17524145215749	267.68859753290587	-1.801570686007465e-005	1.4966395729072174e-006	-1	
-118.51818392530193	269.34879606106563	-1.7950362978629703e-005	1.4917402697683128e-006	-1	
-105.82785269038008	264.89083950943296	-1.8089521077337938e-005	1.5029865017142295e-006	-1	
-123.73322871886255	271.37527113502802	-1.7917520520124753e-005	1.4885724884278192e-006	-1	
-95.980310348777351	252.65917610617726	-1.7646172855184834e-005	1.4879839305227812e-006	-1	
-98.442675391172045	262.19441079094952	-1.8188779122801038e-005	1.5109255404615465e-006	-1	
-91.590142486165604	247.20202411306738	-1.7420894232368894e-005	1.4806372923817885e-006	-1	
-186.95557294022652	270.78741624884873	-1.6958109748563328e-005	1.4320760284785654e-006	-1	
-181.16110444707297	270.30088217076269	-1.6963259724425103e-005	1.4326212799114831e-006	-1	
-200	268.69723783021971	-1.6828747713506059e-005	1.4252147039894086e-006	-1	
-192.45728131064035	273.18524101333725	-1.7056442437828779e-005	1.436899108896478e-006	-1	
-170.07281223187422	269.98739166941988	-1.7030182497279788e-005	1.4368430873150019e-006	-1	
-176.06872260838875	273.10805650384691	-1.7134208555331945e-005	1.441589022822856e-006	-1	
-162.23163668979637	271.44796796286903	-1.718748287712457e-005	1.445574116126133e-006	-1	
-147.74081408469667	272.00548648388042	-1.7426087504544831e-005	1.4594953698149259e-006	-1	
-142.75810693425558	269.41951830540449	-1.7381946544837263e-005	1.4582830548402758e-006	-1	
-158.78444441653431	275.92976009283041	-1.7453342336596073e-005	1.459198322752791e-006	-1	
-147.46097215678196	277.61229399462377	-1.7713601480494217e-005	1.4735683357397621e-006	-1	
-154.3770248482906	279.47154608502188	-1.7689465043561676e-005	1.4713793149458268e-006	-1	
-55.308164944038509	225.42869127301941	-1.7224996756837187e-005	1.5082697829968433e-006	-1	
-63.183826780223811	232.55542589520616	-1.7492367016533624e-005	1.5091735763673584e-006	-1	
-66.099640027287194	237.15265302602748	-1.7760150027919473e-005	1.5171121940390298e-006	-1	
-85.850082433244808	247.54298752350937	-1.7676586458130012e-005	1.4959582565362311e-006	-1	
-70.279813631503075	243.10185977326597	-1.8055487126445957e-005	1.5251770543211911e-006	-1	
-74.085243479679306	248.24182683458369	-1.8274070348294032e-005	1.5309185389167484e-006	-1	
-81.32102867154957	251.08589840046798	-1.8141366827389466e-005	1.519464898036858e-006	-1	
-57.8394378869516	231.51909991291151	-1.7697951932603446e-005	1.5241943562944437e-006	-1	
-27.015019956273807	214.30877544646424	-1.8093586483786169e-005	1.5944472554082406e-006	-1	
-34.965067339935487	223.27418654118551	-1.8490666746529987e-005	1.5916443211208183e-006	-1	
-29.45028257734829	221.68591167705736	-1.8814164594984326e-005	1.6152095848040681e-006	-1	
-19.138004709928811	203.24982661367207	-1.725704330293587e-005	1.5854187615813218e-006	-1	
-14.602755971400802	201.32352219208769	-1.7484787785682033e-005	1.6094815907503466e-006	-1	
-21.460978324997306	215.37165230654958	-1.8846695208496282e-005	1.6365335399268291e-006	-1	
-15.388639361377615	206.44691737372554	-1.825286114534902e-005	1.6343084347030444e-006	-1	
-16.056554167650361	213.70753536680581	-1.9274862242506028e-005	1.6677050291847297e-006	-1	
-5.3392238099672849	158.10755033200527	-6.5267895001657478e-006	1.0303241778532396e-006	-1	
-7.0415321936708812	151.45240073770171	-3.6575430933297233e-006	7.5765508074482949e-007	-1	
-25.647382538661194	142.90000000000001	-1.5676127986901319e-008	8.9610492607834881e-007	-1	
-27.784664416882965	142.90000000000001	2.4819517348168279e-008	1.0006002978758144e-006	-1	
-29.921946295104725	142.90000000000001	2.3127913894033815e-008	1.1562700572749939e-006	-1	
-31.238232028665703	144.09611310784254	-8.717976142172146e-007	1.2311925249064114e-006	-1	
-4.6429951918816199	169.05712137105169	-1.0736308824904473e-005	1.3382520875628715e-006	-1	
-5.2739162302377034	175.19919580015258	-1.2642275592174317e-005	1.4423199189036982e-006	-1	
-3.2868235472770229	163.47396880681964	-8.886748417645538e-006	1.2271757156026288e-006	-1	
0.64534150021271885	182.78512079012708	-1.5843382115715074e-005	1.6308251064103001e-006	-1	
0.84615655372578669	189.78994708904162	-1.7630005568742162e-005	1.6964549079736531e-006	-1	
0.70763345436743208	176.73027483790841	-1.4120533624000604e-005	1.5605235774785211e-006	-1	
-2.635181543883355	195.87173985218456	-1.8284192577807714e-005	1.6940880796585066e-006	-1	
-10.311060348856264	204.23009054210169	-1.8591326167393016e-005	1.6654020005828279e-006	-1	
-1.6126662940465613	203.82070854475344	-1.9927494213425789e-005	1.7502205847169593e-006	-1	
-38.5998565885549	227.71533224244394	-1.8678203084795637e-005	1.5917889224756414e-006	-1	
-44.119081279088149	231.19295353154101	-1.8612036698030964e-005	1.5799628092414893e-006	-1	
-53.906347137555954	235.80492585010361	-1.8371405572412433e-005	1.5564276023655068e-006	-1	
-47.383414405841293	236.47497830192569	-1.8896866298620895e-005	1.5860211338808302e-006	-1	
-44.649203666674211	136.14301256695927	-2.6251416734280895e-006	7.4349553056020233e-007	-1	
-45.447097524288864	136.32727617242244	-2.7893280462450098e-006	7.6035871598775446e-007	-1	
-45.29475166663746	136.34598189165953	-2.7649442358354053e-006	7.5784902611557853e-007	-1	
-45.575873470324744	135.98616239140301	-2.7755082024875863e-006	7.5047207210382228e-007	-1	
-45.041101083872718	136.29980495149991	-2.7144339109029305e-006	7.5293788802484266e-007	-1	
-34.875831925405691	141.38277473421562	-1.1676414293525854e-006	1.2501472588730168e-006	-1	
-34.350000000000001	140.92819629510473	-8.7805992121063242e-007	1.3034434561706862e-006	-1	
-34.489786885384184	143.55887401359311	-1.6662005241060405e-006	1.2621703080305555e-006	-1	
-34.81742512209118	142.07539975282737	-1.3704418660960676e-006	1.2724374261694711e-006	-1	
-34.546209797576061	143.09620979757605	-1.5773812596931197e-006	1.2793847365648902e-006	-1	
-34.59613235640704	142.82325502577413	-1.5306372126861493e-006	1.2848641940701075e-006	-1	
-34.555900475687551	142.51922083199281	-1.4475788293734616e-006	1.298873535747767e-006	-1	
-34.070298227619666	143.51577634840552	-1.5313374880446974e-006	1.2971093192871438e-006	-1	
-33.445657722382791	143.43757717521132	-1.2889914914615677e-006	1.3436746814033856e-006	-1	
-32.593548642881935	143.57858232467109	-9.7983100298704404e-007	1.3481200086532265e-006	-1	
-33.366726585323981	140.33983238615232	7.3271194662110498e-008	-1.0193898675417311e-007	-1	
-30.990587234215607	140.8076813630598	2.2658105460141054e-008	-2.3599426749453548e-007	-1	
-28.853305355993843	141.03513641972552	-1.1952336302088679e-008	-3.2103113482777173e-007	-1	
-2.1372818782217662	146.34120111072787	-1.5852959266723122e-006	5.9862238096644686e-007	-1	
-3.2144165613960189	150.21611888490756	-3.3194307745386426e-006	7.5282084206054774e-007	-1	
24.199334494585905	133.40674508690194	2.5661572843767156e-008	9.0677395958538074e-008	-1	
26.519528468284637	130.86183059180919	-1.1242081337661002e-008	-2.7403049654001669e-008	-1	
27.433617518898952	127.51620999955996	3.8646353399372765e-009	-2.242677929727626e-009	-1	
28.934321250077598	122.92887093835051	1.438987828425481e-008	-1.6729602082335269e-008	-1	
0.68818549550727148	149.24405712359561	-3.0823662132433471e-006	7.7051393697521849e-007	-1	
7.0481394948259366	148.72286120052914	-3.1574070963999668e-006	8.6496736110028442e-007	-1	
12.968049908496321	147.66771273462135	-3.0587675139748803e-006	9.5849993502093811e-007	-1	
21.372818782217664	142.90000000000001	2.6775493051352896e-007	7.4680995495735252e-007	-1	
19.235536903995897	146.95477108770902	-3.2627370688925033e-006	1.292847658715357e-006	-1	
24.324906924819071	139.18052225962282	-9.6190446270292825e-008	-3.0548355151340247e-007	-1	
55.357193782217671	0	1.6439172623606757e-008	1.9893020784890942e-007	-1	
55.316723795724805	2.3755412910016185	-8.010762426756285e-008	-7.8670613962894955e-007	-1	
57.143847550213195	3.8942423909039694	1.0359779136714418e-007	3.7613430062944357e-006	-1	
79.485893147891161	68.900303178911855	-5.6506439235312094e-005	2.7022022822160808e-006	-1	
82.137585436906562	64.158150479522519	-5.3626304725100917e-005	2.7602102846135745e-006	-1	
82.260561373373093	58.726358773372567	-4.9572432534739097e-005	2.7672905726361678e-006	-1	
77.886904653207452	53.594959446167984	-4.3899198571679452e-005	2.6830873318602273e-006	-1	
80.514427162411593	47.885919481907102	-4.1852042858445612e-005	2.8013724967004744e-006	-1	
84.754970242212735	40.35382184302572	-3.9975686254732927e-005	2.9880582930727987e-006	-1	
82.231187495637215	33.215502400151088	-3.5488465581158319e-005	3.0942935377666719e-006	-1	
58.451341571332414	6.9523307713628819	-4.4373049553258664e-006	3.7909872428797186e-006	-1	
58.455172810240278	4.7954602719291799	-2.0698869824459835e-006	4.2379079084107e-006	-1	
62.43892424991391	7.4140812534227747	-8.3886352907358653e-006	4.647517681805719e-006	-1	
60.363924765762462	5.9552698132952671	-4.9921636447717157e-006	4.6255166180478539e-006	-1	
64.021335594773419	7.1897949895088464	-9.8265864237572784e-006	4.9109492744610575e-006	-1	
66.543178738443615	8.1102368749784191	-1.3105068095015662e-005	4.7739287812467859e-006	-1	
68.68824452740084	8.3008952212876128	-1.5399949709065248e-005	4.7097140161916361e-006	-1	
76.525833126310303	8.666143534483389	-2.2848373638730092e-005	4.2727215294570829e-006	-1	
70.456903778987751	7.0722771782212934	-1.6712631290892284e-005	4.8201808471009686e-006	-1	
73.251037808888995	5.079082054207098	-1.8950002509704961e-005	4.8163690685570387e-006	-1	
80.508631978298055	11.446180897342295	-2.6647493637016904e-005	3.9531093449713743e-006	-1	
83.726919528430656	15.48865437384913	-3.0010883438935459e-005	3.69882701224022e-006	-1	
87.303316769801043	23.151024943841421	-3.4425173518280504e-005	3.4145826038918177e-006	-1	
85.889829212940512	28.618652909939239	-3.5574695867612747e-005	3.2523851768188954e-006	-1	
28.112550796235606	108.18003880606123	-6.5288401193806119e-007	4.5206020157884207e-007	-1	
35.248857654451264	104.44402114286331	-2.2363306053949042e-006	1.8301604959020691e-007	-1	
31.191530817908799	107.58342888595401	-9.9881346570199518e-007	2.3679788648704626e-007	-1	
29.656369786126568	108.90881801249726	-5.894455472400886e-007	3.4317810474378946e-007	-1	
34.048862282746484	106.87126889206365	-1.0632456739202427e-006	9.1720066918890555e-008	-1	
36.41573119244191	105.55618254796748	-1.3345893843231055e-006	6.4920476151013766e-008	-1	
32.718212408729698	107.9255573019021	-7.9534570433560178e-007	1.149955564270139e-007	-1	
26.534486736178433	109.00254166307249	-2.0262841064185593e-007	5.8000692730380487e-007	-1	
36.706326506348987	103.75534023677254	-2.542926393153887e-006	1.7882645786657345e-007	-1	
38.26805596379819	102.8127481892832	-3.0193259735826982e-006	1.9911931719807374e-007	-1	
39.458998244775366	100.46880543617971	-5.4004744880492626e-006	3.8645103018627403e-007	-1	
39.658700460428605	99.400884315662495	-6.7904933487500126e-006	4.9353162143721104e-007	-1	
39.488850645214654	101.52484350922163	-4.1204475045405594e-006	2.8172973664206814e-007	-1	
40.081683909116315	98.417623124449847	-8.2493069477442148e-006	5.9448644255386493e-007	-1	
42.411247516016694	97.771038855868639	-1.0577750381003462e-005	7.6005727282716256e-007	-1	
41.628002481802277	97.998578905071341	-9.6064571872327749e-006	7.0149972211091708e-007	-1	
43.168626367545805	98.073734301604389	-1.061373347714564e-005	7.8401873357915985e-007	-1	
40.755727958274939	98.504063454895046	-8.3398269135734386e-006	6.1713195209394597e-007	-1	
41.181824993994354	98.507582357835744	-8.4827636338135667e-006	6.404805399711171e-007	-1	
44.333995424359088	98.852396421835607	-1.0017147733594434e-005	8.034061825248036e-007	-1	
45.948336416915019	98.711159885921774	-1.2649373265049392e-005	9.3622656190263868e-007	-1	
47.56267740947095	98.56992335000794	-1.6121246719291112e-005	1.1000583160461259e-006	-1	
49.177018402026889	98.428686814094107	-2.0529456576501947e-005	1.2996679460460468e-006	-1	
50.791359394582813	98.287450278180273	-2.5724205813455437e-005	1.52541162603105e-006	-1	
51.803810618656598	97.318253572174569	-3.1077574879591841e-005	1.6651238327119496e-006	-1	
52.497120671069844	96.888639293041052	-3.4200617073978305e-005	1.7365846707068457e-006	-1	
55.681851649957466	95.187806930536681	-4.7515507877431261e-005	1.8526298854608075e-006	-1	
57.932596033352937	96.121473398068062	-5.6783916049759209e-005	1.8971105710934459e-006	-1	
53.921064217817353	96.689860489430899	-3.9795302789374588e-005	1.8683183711537407e-006	-1	
55.103286001819733	96.471321332863241	-4.4781111508843863e-005	1.9051948410291894e-006	-1	
53.307978368162793	96.976713424758586	-3.7103213837880556e-005	1.8352573087893919e-006	-1	
63.61772669569384	94.934748012739689	-7.875626203893702e-005	1.9309501138291703e-006	-1	
62.416170095282716	94.845688035906221	-7.3989555245331564e-005	1.8870038972716574e-006	-1	
65.309564034116661	94.780128626037722	-8.4142039086618743e-005	2.0808696596692492e-006	-1	
60.251127343481272	95.112713802099691	-6.5737975106366472e-005	1.8699595000967599e-006	-1	
67.118329813346222	93.354798011854598	-8.5073170123555478e-005	2.2911549685726623e-006	-1	
68.898851857098393	93.47643097064784	-8.9442568040659962e-005	2.4567168377212855e-006	-1	
71.466987916192963	92.974339726304962	-9.1797722635368173e-005	2.6565653179744779e-006	-1	
76.516420968317931	89.794752956971095	-8.6104358906910865e-005	2.9119499409824446e-006	-1	
75.297455996243031	91.901523575664584	-9.1294491060980667e-005	2.9012306564203402e-006	-1	
78.956118142371452	88.77445024778298	-8.4246496204156397e-005	3.0034021922914901e-006	-1	
81.638842949319965	85.234145226309337	-7.8055388499418071e-005	2.9998755269021471e-006	-1	
84.507933416480014	80.218065816344833	-7.1057547450064537e-005	2.9636746029713381e-006	-1	
85.046660053620982	74.464588053612701	-6.439080676315247e-005	2.8936489433675233e-006	-1	
26.602419662201346	110.6616126643074	7.7482460429656926e-008	-1.6690858029247657e-007	-1	
29.470803787237678	119.80436086008632	1.5415172126274393e-008	-6.2237674944656406e-008	-1	
27.62765328950632	113.53072640309126	-1.8580938785196971e-008	2.872379623857407e-008	-1	
28.032342626243079	111.73099108404304	6.8080687422947495e-008	-1.1897452398475843e-007	-1	
28.609661262616346	114.70550355810931	-4.6024596920772837e-009	7.9398824292379619e-009	-1	
29.798368292658974	117.14819020421788	-1.4732800790440604e-008	3.6107322615150806e-008	-1	
29.768657803176897	115.70608740875485	7.0180264154282184e-009	-1.2728800192549416e-008	-1	
-45.209241628997212	135.64955852204815	-2.6762097447055065e-006	7.3094720202049881e-007	-1	
-45.02379674198523	135.94846831650239	-2.6735234994639959e-006	7.4013677850893278e-007	-1	
-135.49961585685142	275.7661471158745	-1.7860182497053831e-005	1.4828912478285515e-006	-1	
-125.74221678336478	276.88307789611724	-1.8157389088132297e-005	1.4992901526375122e-006	-1	
-108.92062255536487	272.11900290941514	-1.8407407589259109e-005	1.5161396057428263e-006	-1	
-114.41485921957224	273.12676660666131	-1.8284460122942419e-005	1.5085634888920813e-006	-1	
-119.54042160825783	274.44169433474468	-1.820207621825555e-005	1.5031076095181095e-006	-1	
-100.10910064223634	269.0920304924536	-1.8548295288172185e-005	1.5261389515749537e-006	-1	
-89.000031814827068	252.08489975607651	-1.7877559106283635e-005	1.502596880653745e-006	-1	
-90.708018078203352	257.26970925880266	-1.8168249239306263e-005	1.5143059636477113e-006	-1	
-93.938025559327045	264.41231681313218	-1.8505543754271579e-005	1.5273091037814549e-006	-1	
-185.51235749894565	276.6128336402744	-1.7243550363890137e-005	1.4465795837182913e-006	-1	
-200	274.94244126933057	-1.7131156501156726e-005	1.4406045467894267e-006	-1	
-190.25002794417125	280.6087435924901	-1.7409909527335681e-005	1.4548069384401962e-006	-1	
-195.29303783955092	278.06830150151728	-1.7281701094535847e-005	1.4482553078294623e-006	-1	
-169.27644290935467	276.69971512364748	-1.7366356711428038e-005	1.4537674039773233e-006	-1	
-176.40849308439545	279.55785008403672	-1.7437575702372262e-005	1.4567984327709999e-006	-1	
-162.45315244124919	280.2321055804004	-1.7611755558471241e-005	1.4666223047890939e-006	-1	
-140.39303758895232	278.76680865986287	-1.7908088248276137e-005	1.4842071919369674e-006	-1	
-147.5577150325162	284.7732467233721	-1.8054570123320079e-005	1.4900696855849857e-006	-1	
-152.86337547924381	287.9756557744476	-1.8108654334757872e-005	1.4920025919244323e-006	-1	
-159.04889192584906	287.59507359520563	-1.7995357034483639e-005	1.4858029640569176e-006	-1	
-59.712641727548309	236.15770048229166	-1.803368113758009e-005	1.5355581515248986e-006	-1	
-61.241406557944174	240.92093320430146	-1.8374596138797649e-005	1.5476905723626312e-006	-1	
-65.336382770918703	245.50716670901863	-1.8527987997269698e-005	1.5496228410458083e-006	-1	
-69.070511079431711	248.92298292862108	-1.8593621653425358e-005	1.5487154292457199e-006	-1	
-73.957717742371045	253.39358447430416	-1.8673083449213887e-005	1.5477731852918929e-006	-1	
-85.348265145001704	256.2340861852486	-1.8329990867111763e-005	1.5247723741022811e-006	-1	
-77.931573150260419	256.67464265563569	-1.8709588840266589e-005	1.5461984763178547e-006	-1	
-22.834939941471202	220.85702514147286	-1.9408233030849894e-005	1.6522393948983068e-006	-1	
-31.285674005442097	228.85762217404707	-1.9473243630023668e-005	1.6350332587846386e-006	-1	
-26.864866888358279	226.1682867507028	-1.961121852631585e-005	1.6494320775382016e-006	-1	
-17.570292487378765	223.44253993979862	-2.0355168376431305e-005	1.6984353421993268e-006	-1	
-10.421895262634859	211.78490734069658	-1.9771250538133213e-005	1.7039220942542933e-006	-1	
-11.76913364627152	222.57769562520389	-2.1001877353974022e-005	1.7368018892693381e-006	-1	
-7.9225885120911439	218.26785744625246	-2.1019282848939311e-005	1.7514289848160307e-006	-1	
-0.94368426205332478	154.61548792566444	-5.4497480227372435e-006	9.7177439514852271e-007	-1	
-32.059228173326488	142.90000000000001	-3.4671209551306299e-007	1.4320600205093961e-006	-1	
0.066758603245789416	171.47504667713966	-1.2291051442622777e-005	1.4660372746304421e-006	-1	
2.4583233921728329	163.41008822095677	-9.6808581999852133e-006	1.3394653035965476e-006	-1	
6.1773499462758235	186.13182026693539	-1.7889655361092886e-005	1.7534902732521488e-006	-1	
6.0211389506921691	176.73877785158311	-1.5226785435935107e-005	1.6649823495758013e-006	-1	
9.6128511462178672	180.65451743245754	-1.7262492958707009e-005	1.778152170108108e-006	-1	
6.580837284889145	192.43363197886802	-1.9424171782265139e-005	1.7968111806897906e-006	-1	
2.5919874614571881	195.81237393536304	-1.9257490677344732e-005	1.7589059687131548e-006	-1	
3.5664912263433184	200.94824411817487	-2.0410638328758411e-005	1.7958166882720183e-006	-1	
-6.0379452754646312	207.7566494029968	-1.9828663328078325e-005	1.7244163785362873e-006	-1	
-0.30684145130565588	209.59734649282069	-2.1074798515109817e-005	1.7882350092194482e-006	-1	
5.3130744407829908	207.44089983555668	-2.1809187967721063e-005	1.8401044111099538e-006	-1	
-36.663625510193398	233.94483464842793	-1.9512646363699616e-005	1.6261464714568609e-006	-1	
-41.629065908354868	236.88114128256393	-1.9385574893939723e-005	1.6131789662193741e-006	-1	
-56.578046592856133	239.79069801668169	-1.856649248966947e-005	1.5608193686917806e-006	-1	
-51.872434102082167	241.25476112935928	-1.9016003702209589e-005	1.5844434407170251e-006	-1	
-44.045706632513564	242.11920796863268	-1.9678483055078017e-005	1.6204120924999108e-006	-1	
-45.276045947400355	136.19363603400814	-2.7453791636089319e-006	7.5147881986690652e-007	-1	
-34.350000000000001	141.83735317332651	-1.2059326905589087e-006	1.337048016340756e-006	-1	
-33.84135270763776	141.38277473421562	2.8806390905948823e-007	-3.0857156823037071e-007	-1	
-34.273255025774134	143.14613235640704	-1.5176062404361653e-006	1.3047404008533414e-006	-1	
-34.350000000000001	142.29193161243739	-1.3492029800800579e-006	1.3320709260806425e-006	-1	
-34.350000000000001	142.90000000000001	-1.5050743545498886e-006	1.3080692332763213e-006	-1	
-34.350000000000001	142.74651005154826	-1.4766567956190352e-006	1.31439125019652e-006	-1	
-33.929349816770539	143.11833240491563	-1.3989088040280074e-006	1.3415002810748689e-006	-1	
-33.127869112437374	142.90000000000001	-9.788145383619851e-007	1.44449299362208e-006	-1	
-33.66218958199282	142.90000000000001	-1.2567798489540163e-006	1.3903910635077223e-006	-1	
-33.120828589859826	141.79857111572363	9.9761339799176315e-008	-2.9762944601690493e-007	-1	
29.071667784949657	133.1740751228339	6.6544602275751366e-010	-9.9097172345862097e-009	-1	
28.340460176891611	135.98450479019363	1.8828049057658496e-008	8.1096080749783143e-010	-1	
29.853865674566755	130.00038688632179	3.4874554391156794e-008	8.2780377712384482e-008	-1	
32.250405353081483	126.38168624355646	-4.7459279738432115e-008	-1.7645919949505787e-009	-1	
32.099220903172402	122.7450587306694	-5.4399504063472273e-008	1.7578872065035349e-007	-1	
4.657622373484708	154.24047893679585	-5.838463148246101e-006	1.072178562164662e-006	-1	
15.230966063740636	153.55574207430647	-7.1128942114904782e-006	1.4693132711085844e-006	-1	
10.676906833341476	158.28453307043074	-8.8515191627254496e-006	1.4463801055467959e-006	-1	
23.510100660439427	145.30030830698669	-2.3741614286973587e-006	1.867952819058923e-006	-1	
25.647382538661194	142.90000000000001	5.092666538951046e-007	2.2141145145100646e-006	-1	
22.277541577019981	150.40055917688579	-6.8220412617153538e-006	2.0082246836731735e-006	-1	
27.662043424198885	139.039934704643	3.2919954847936141e-008	2.0050318444730567e-007	-1	
27.150559089183783	140.96151488232769	-2.6952053558626255e-008	-8.2330245975171616e-007	-1	
57.480413160439433	0	2.1736491997785652e-008	3.7837095767767866e-007	-1	
57.688142601673164	2.5211678402803126	7.6936403694022137e-008	-9.1320043610921293e-007	-1	
58.97073230523452	3.2536666299943651	-7.722955780424309e-007	4.9543316592547349e-006	-1	
86.293904321641307	67.657364326709725	-5.8153376065834429e-005	2.8668641235799626e-006	-1	
91.189014289736946	62.765349247780485	-5.5790784995244581e-005	2.94764935679884e-006	-1	
91.225472771038795	55.771525463847851	-5.1108732620236997e-005	2.9548018972691571e-006	-1	
85.808354753158454	51.272856522041081	-4.6261398924251518e-005	2.878558039886194e-006	-1	
90.677412251641456	43.40189394864462	-4.4156038858595204e-005	3.0400749668327121e-006	-1	
91.431892659822097	36.78397718959048	-4.151270492751029e-005	3.1377732187326588e-006	-1	
59.689763537376628	3.8416156533093204	-2.0210863579593499e-006	5.0785184258816427e-006	-1	
60.013095610415839	4.7123316445239984	-3.3097523481928381e-006	4.8952858391015935e-006	-1	
62.429616043821454	5.2564448058850104	-6.3552634925654657e-006	5.3636253634547402e-006	-1	
63.657561211097409	5.6335179607309689	-8.1269153521258579e-006	5.3949363643727724e-006	-1	
61.241499344143016	4.3135827829647111	-4.0216481301194033e-006	5.4619973354476092e-006	-1	
64.991376026757877	5.9196172252427655	-9.9673809486687905e-006	5.3627950530047361e-006	-1	
67.452400037879841	6.5372778473392179	-1.3214621126380961e-005	5.1466554666175821e-006	-1	
78.199264594317924	4.1064372329582213	-2.3436350053462986e-005	4.4069875326771795e-006	-1	
68.288907905155085	4.9244734382533615	-1.3454511356674552e-005	5.4606909431130492e-006	-1	
70.40997902123803	3.2297355339031086	-1.5452722091160337e-005	5.4417959282197218e-006	-1	
74.564881515784393	1.626046509596939	-1.9760490181078457e-005	4.8814495474412049e-006	-1	
71.964533167451179	1.9427460717893663	-1.7034716024901503e-005	5.2734978449353037e-006	-1	
82.780070272227917	4.0946108031429373	-2.716950315791592e-005	4.1176142703573713e-006	-1	
85.420790488442876	10.837826801769554	-3.0033828737120485e-005	3.8254243408872488e-006	-1	
88.791154800928922	14.462746157494424	-3.2919099356563444e-005	3.6522632640883658e-006	-1	
91.512733912860284	26.915823738567834	-3.7848694576313099e-005	3.3245600757477306e-006	-1	
94.056514540094057	19.835953987673484	-3.7133206086652191e-005	3.4661388584405718e-006	-1	
28.070982314904573	109.88672221742999	-2.7458825034394655e-007	5.2624278595871839e-007	-1	
31.507569397982714	109.11572394522146	-5.1136436008623821e-007	1.5831924684486152e-007	-1	
29.607477893630723	110.77090277178749	-2.1365193568215818e-007	3.5026431336012896e-007	-1	
34.369303117848027	108.64257843943328	-2.8124518980552942e-007	-4.0373974003293873e-008	-1	
35.917963533426239	107.4477765705555	-4.0077998989468192e-007	-3.9967479805069513e-008	-1	
38.836564125999715	107.20450803393277	6.0066347370250793e-007	-1.5747057537984331e-007	-1	
39.499032660426998	104.35169460842199	-1.2204230532444489e-006	2.7190956533666462e-008	-1	
33.034088671028584	109.45768725077855	-2.5304025687796286e-007	-1.3416405292512086e-009	-1	
40.004491063610764	102.44691863438352	-2.9186024976260513e-006	1.7645441540031404e-007	-1	
40.406221978885746	101.00088032951852	-4.5735440513801723e-006	3.1939860765378512e-007	-1	
40.484769314286062	100.11085263546651	-5.8016867340792537e-006	4.2547017845923344e-007	-1	
40.363166034549195	99.480997958279389	-6.7243544241355611e-006	4.9905160220508086e-007	-1	
40.283857537515303	99.066416724074273	-7.343863759631671e-006	5.4249531316115017e-007	-1	
42.276392907606088	98.575440181205153	-8.8818334800021368e-006	6.9904316858069084e-007	-1	
41.67498847269443	98.673820478297216	-8.3713716982004881e-006	6.5791660243807217e-007	-1	
43.526824928081126	98.923014689792524	-9.0303967690008703e-006	7.4710897859612969e-007	-1	
42.719654431803157	98.99363295774944	-8.2511283773985328e-006	6.961678249174602e-007	-1	
40.739843595688193	98.969884674708069	-7.5744322049243647e-006	5.7427687462311314e-007	-1	
41.007408654481331	98.896362510412573	-7.7481152316082648e-006	5.9915248816439135e-007	-1	
41.289832589408356	98.919778216451135	-7.7705602112798736e-006	6.1706738390591036e-007	-1	
45.224921984150001	99.739114340505111	-9.1745055377620621e-006	6.2237896908408285e-007	-1	
43.991018288434439	99.978906900710641	-7.1568999519844653e-006	5.0063900948863602e-007	-1	
46.843879501561858	100.10991659863475	-1.1048572171643617e-005	6.5225980576272191e-007	-1	
48.501037795538167	99.998812383935629	-1.5220629496202438e-005	8.7190646643798954e-007	-1	
50.067944961817794	99.315404732763568	-2.1278111976104467e-005	1.239204049593341e-006	-1	
51.598529890860775	98.216832010223357	-2.8664457663216198e-005	1.6508852770378488e-006	-1	
51.324742428926633	99.337289176990865	-2.5543073698380283e-005	1.4554073394481252e-006	-1	
52.405700387138744	98.14621374226644	-3.1820214717602487e-005	1.7844212627745598e-006	-1	
52.769609359219636	97.657402697765221	-3.4070090319415146e-005	1.8171432573310464e-006	-1	
56.174311109960371	96.506757691724673	-4.9320170452840518e-005	1.920410146501956e-006	-1	
59.572721697716666	96.48048976485363	-6.4302853825037306e-005	1.866365480031168e-006	-1	
56.704880751364726	97.437803540980809	-5.1549408538677454e-005	1.9698177300259987e-006	-1	
58.893000887586666	98.35043668865697	-6.2435657721127461e-005	1.9279673594041341e-006	-1	
53.835764939374329	97.400506063677142	-3.8722006698559472e-005	1.9342202497118564e-006	-1	
54.254777552603294	97.323049647017115	-4.0577013618109097e-005	1.957590724224755e-006	-1	
55.377533728727251	97.223344268875209	-4.5535682578709162e-005	1.9735787609424581e-006	-1	
53.378960668724957	97.649855592921952	-3.6508275791642707e-005	1.9059943076243298e-006	-1	
64.445480326289143	95.843293275478814	-8.4342889292749737e-005	1.9124614935492398e-006	-1	
63.662235292074719	96.070833324681502	-8.1866598837550814e-005	1.8120150611533444e-006	-1	
63.008652104594844	95.894799570542347	-7.8677867182343043e-005	1.8028376298714238e-006	-1	
61.806441999642594	95.884871173207898	-7.3450107836272474e-005	1.8133423039417779e-006	-1	
66.440191339302629	95.555554521298887	-9.0401895514012219e-005	2.1776698973283094e-006	-1	
65.202859177818254	96.145988721214565	-8.8208991029131188e-005	1.9781328717992655e-006	-1	
61.091961698624999	96.631999250143267	-7.1484187888488902e-005	1.7993663882752985e-006	-1	
68.661344169397069	95.245228139131271	-9.5357860060177782e-005	2.4501509628640088e-006	-1	
70.236639048230572	94.657692481150448	-9.6130060960465384e-005	2.5960183737427474e-006	-1	
73.495780542687143	94.063927484369103	-9.7334472419917774e-005	2.8308651404565741e-006	-1	
72.516981300400289	95.023904289074636	-0.00010042481675233303	2.7901154815164609e-006	-1	
76.710859671006261	92.220974635596662	-9.2343175786570216e-005	3.0089930116894349e-006	-1	
78.537475374729539	91.385556938931856	-9.0068193365875536e-005	3.086876312495353e-006	-1	
75.188764445134069	93.922413384433	-9.746628879608609e-005	2.9514483781465991e-006	-1	
76.356601598221829	93.626058314739296	-9.6449220494925376e-005	3.0361140525885559e-006	-1	
81.443671857190779	89.671788776628077	-8.5885679017799543e-005	3.1448413257936295e-006	-1	
88.657343342119304	87.765938119726613	-8.0703492934329195e-005	3.2462878398230405e-006	-1	
89.884261835801908	82.176948852339009	-7.3500299807592094e-005	3.1218034236103954e-006	-1	
90.362586933310638	74.329432363141365	-6.5192587915533458e-005	3.0037531788298307e-006	-1	
31.249957481784296	117.80507268938916	3.3165881905137792e-008	-9.3509283184837321e-008	-1	
32.212616980795445	119.85379381904896	-6.2397904840902252e-008	2.4247607799301134e-007	-1	
30.086882649994752	112.76571357966228	3.1633315922361427e-008	-4.7362395139322971e-008	-1	
30.08586874614058	114.29899096446552	1.2623746811297894e-009	2.5863285094763966e-009	-1	
31.148324227567137	115.28529798008793	-1.8304037364401291e-008	1.8988073744106746e-008	-1	
31.967870413671228	116.38267794968439	5.7395903205578323e-008	-8.572829532795064e-008	-1	
-134.42525151803883	281.40487810939209	-1.81688485269506e-005	1.4977996169151125e-006	-1	
-124.91972945530229	282.58177571025743	-1.8469100656516138e-005	1.5140458728119941e-006	-1	
-119.29233199096652	283.1438072458219	-1.8660002256821182e-005	1.5243355889672118e-006	-1	
-109.56244175131667	278.22787693634149	-1.8719663204154634e-005	1.5300466211248452e-006	-1	
-103.63581067407391	275.24966372408562	-1.877107238994018e-005	1.5345754116121291e-006	-1	
-116.19269445291722	278.41350822765219	-1.8512182757808468e-005	1.5184290915509438e-006	-1	
-97.097477830401999	274.9056579639132	-1.9003324722840438e-005	1.5475872587709592e-006	-1	
-93.633004855981426	269.42409689622701	-1.8827119048651885e-005	1.5415427822880992e-006	-1	
-89.279747158411567	262.53843859661441	-1.8579431421095903e-005	1.5331275399736032e-006	-1	
-87.07254123296903	267.995243620157	-1.9025293068830338e-005	1.5536512291499461e-006	-1	
-180.35380045141517	284.67154062836607	-1.7642678132540222e-005	1.466834231575127e-006	-1	
-187.23646511543373	286.02457747759337	-1.7664957094518069e-005	1.4676813320307083e-006	-1	
-200	281.18764470844144	-1.7420565976165375e-005	1.4552227339491002e-006	-1	
-193.72742205387169	285.73909911619427	-1.7631329599620103e-005	1.4658566595847816e-006	-1	
-168.14289246685891	282.2261637884472	-1.7637428289222234e-005	1.4673558221105589e-006	-1	
-173.02230246728416	285.05775865673235	-1.7718196514665162e-005	1.4710065839275661e-006	-1	
-166.09237112792152	287.48182109166925	-1.7897965162317572e-005	1.4803867067653615e-006	-1	
-142.66373004924321	287.83619986500247	-1.8292907296255436e-005	1.5022565788646936e-006	-1	
-136.90384233901159	287.44064388938369	-1.8400404109737603e-005	1.5083232317962547e-006	-1	
-147.09305286147557	291.53942418839455	-1.8369752729255286e-005	1.5052959813793663e-006	-1	
-155.40870480816582	293.62603232063549	-1.8313309815472504e-005	1.5016293178442635e-006	-1	
-160.62175482003556	294.46162496512028	-1.8269300542422459e-005	1.4990139480542723e-006	-1	
-59.433370424560422	246.79744350251383	-1.8991754340834119e-005	1.5745175758003699e-006	-1	
-55.415856744128753	244.34946309244873	-1.9045340829068966e-005	1.5811951647630096e-006	-1	
-64.2588788844389	250.43404041016416	-1.8988473296878447e-005	1.5694002901864114e-006	-1	
-68.837673454996491	253.97840588928267	-1.8994694334923637e-005	1.5654267431498573e-006	-1	
-71.849573187903047	257.64213155097849	-1.9094920887265122e-005	1.5669916956023993e-006	-1	
-80.210505725169384	261.60110009359499	-1.8936753392004699e-005	1.5541688335962328e-006	-1	
-74.787596534275139	261.36536194156986	-1.9197081388097087e-005	1.5689197904449504e-006	-1	
-21.851869046223754	227.45121824554886	-2.0306367827538415e-005	1.6852101320051003e-006	-1	
-25.463135972475563	231.12658441650808	-2.0306392323771995e-005	1.6764516911842489e-006	-1	
-31.427309896352423	236.8582013662384	-2.0289407397204451e-005	1.6634500749638348e-006	-1	
-13.733032694034183	229.29313489229656	-2.1496100622671242e-005	1.745043172268878e-006	-1	
-4.71063795373645	213.46640056227247	-2.087543833352909e-005	1.7608428882337952e-006	-1	
-7.8902088692988981	227.3569553890467	-2.2081126623084001e-005	1.7806360213236467e-006	-1	
-2.1657787396001407	218.74718597804051	-2.1975596186328061e-005	1.8012796441257648e-006	-1	
5.6141322210802684	159.31844626420934	-8.3960666775982747e-006	1.2951875388095935e-006	-1	
4.4093689929454403	168.44686593619792	-1.1997660559238796e-005	1.4993089383735581e-006	-1	
8.4612562226631738	172.01868879948424	-1.4218433503356064e-005	1.6626846938396026e-006	-1	
7.3179329188104996	163.89538655272264	-1.0768977493670838e-005	1.4826061348055963e-006	-1	
14.510518315321207	187.85983236983023	-2.0412157951071144e-005	1.9103370306429793e-006	-1	
14.498364281552982	178.03363088750376	-1.7835558230384109e-005	1.8718450191060324e-006	-1	
18.192746806158816	182.167493807212	-2.0109976359083257e-005	1.972015477157386e-006	-1	
11.516503642345912	196.37251894004655	-2.1362787292430321e-005	1.8853862570147199e-006	-1	
10.136435543375857	202.75685042682846	-2.2122604756876324e-005	1.8843256230173669e-006	-1	
3.8054052509648577	213.99315630210967	-2.2419810698965092e-005	1.8429578194803701e-006	-1	
9.7779459534052613	210.02996946895979	-2.308204257895723e-005	1.8956869010762852e-006	-1	
-36.00548608579053	240.72433763112392	-2.0230877988389841e-005	1.6531145425109321e-006	-1	
-50.976737595608256	245.85628450109115	-1.9483640076479832e-005	1.6036014702832735e-006	-1	
-45.827689998494442	247.1101369911141	-1.9973605959706071e-005	1.6288720654390326e-006	-1	
-36.933378662622644	247.47221311605972	-2.0740894803923914e-005	1.6696456136835033e-006	-1	
-33.861849570734968	142.06464239288195	1.2611605224240137e-007	-8.9768089337971591e-008	-1	
-34.196510051548259	142.90000000000001	-1.4612929410860677e-006	1.3334798660964949e-006	-1	
-34.027122669367095	142.5771226693671	7.7815263272432512e-007	-5.9008134890712418e-007	-1	
-33.579308270074492	142.43865111186167	2.9590719642264361e-007	-3.5072593033080557e-007	-1	
31.316707920555277	135.01607791077359	-2.1289868267834698e-008	2.3170891374733963e-007	-1	
31.905944455823089	132.54157592583809	-8.064541863660156e-008	-3.5710130311082166e-007	-1	
29.639627270637064	138.83197140368978	1.4610389488622974e-008	-1.0626022820167813e-007	-1	
32.089855728785892	137.26385506434463	-6.3840033300138325e-008	1.1508241190002622e-007	-1	
32.775254412601548	129.10915687822177	-7.1921667999604992e-008	-1.2482101596920941e-007	-1	
32.764075084491033	130.9274706346653	-9.8426922857612779e-008	-2.6263808456727153e-007	-1	
34.350000000000001	128.19999999999999	3.2899837565897107e-007	3.0333461362072433e-007	-1	
34.350000000000001	124.56337248711293	2.3669483022076467e-007	-4.2381209144301077e-007	-1	
34.350000000000001	120.92674497422587	2.0720141217941091e-007	-9.1989421652665942e-007	-1	
16.906206525594879	160.35739223185521	-1.1549010003713731e-005	1.7989268333389291e-006	-1	
22.862594131254355	157.90953078896223	-1.2241822325067068e-005	2.168714977588306e-006	-1	
12.137435797155778	164.68514045605198	-1.221729123983303e-005	1.6618593167754351e-006	-1	
26.319250668951572	148.4588565133777	-6.6421408763721701e-006	2.7687210170651434e-006	-1	
26.71602347777208	145.52727236773262	-3.662943650376096e-006	3.0082819175610543e-006	-1	
27.784664416882965	142.90000000000001	-8.7325960630893322e-007	3.9313983371125329e-006	-1	
26.648955381156764	151.39873900551351	-9.4853167832806644e-006	2.6740435623682061e-006	-1	
29.111621416697311	140.40111443116731	-8.3458345573847695e-008	3.8233498995836002e-007	-1	
28.853305355993843	142.0842211078907	5.1443994983090414e-007	-1.3629403926099741e-006	-1	
59.603632538661202	0	3.329488299706873e-008	-6.248055886165934e-008	-1	
59.116570219172289	1.096787138551975	-1.2994508048005779e-007	6.01767960874386e-007	-1	
59.147968536704383	2.2964478722659289	2.7921193185398824e-007	-1.3150157320730456e-006	-1	
59.884174682745183	2.9333787495395622	-1.0955864365433023e-006	5.5313459183877156e-006	-1	
93.793876552644818	70.266970400350417	-6.2103477315332453e-005	3.0251278305026793e-006	-1	
97.937569384574488	66.215506106552198	-5.9654480373898207e-005	3.061337673982576e-006	-1	
97.013997838510178	59.696812445052672	-5.5209178402816675e-005	3.0357810508780948e-006	-1	
97.410820134930148	53.874512071356449	-5.1898807750731628e-005	3.0509723945894321e-006	-1	
93.817938400300108	49.275832867776259	-4.835787723745867e-005	3.0302557754638575e-006	-1	
96.499441681257011	44.065638643602654	-4.6747741096960626e-005	3.1019232490131479e-006	-1	
96.815007370226098	38.441857839632924	-4.4428934063762123e-005	3.1654509209590881e-006	-1	
95.887193479756078	31.886067762107153	-4.1608093491546385e-005	3.2503686321412063e-006	-1	
60.614078497657005	3.5691798799393646	-2.455948986122171e-006	5.5749951636964224e-006	-1	
62.297921840662781	3.9786771686378239	-4.800536285799518e-006	5.911863772540742e-006	-1	
63.30444818028927	4.3158586955553861	-6.4858454724982345e-006	5.9162076066127725e-006	-1	
64.284598738657195	4.4220153025988163	-7.8860812948263398e-006	5.9440152701888391e-006	-1	
61.531719053433612	3.244020824965073	-2.9081885333607206e-006	6.0850679402447101e-006	-1	
66.546141939047118	4.962609713324861	-1.1271029738182343e-005	5.6453771768020618e-006	-1	
65.261013700640902	4.2857135626895673	-9.1417873296632653e-006	5.9903372774341896e-006	-1	
76.618678704895274	0	-2.1725224222779761e-005	4.6482498115763909e-006	-1	
80.726273083117036	0	-2.5340162259987789e-005	4.2907697789037214e-006	-1	
68.49567330812576	3.1935963033200476	-1.308338623434648e-005	5.8418407109294029e-006	-1	
67.312809256179136	3.4802023364279808	-1.157100572877356e-005	6.0298000492871365e-006	-1	
69.971360152616498	1.6261362140225146	-1.4641921007030731e-005	5.7492914927769217e-006	-1	
69.13768171329167	2.1596061721786537	-1.3660705955917313e-005	5.9027658243444156e-006	-1	
72.511084326673512	0	-1.7560776504336167e-005	5.2241398433838163e-006	-1	
70.457287137562616	0	-1.5144586951129182e-005	5.7015826822943467e-006	-1	
84.833867461338784	0	-2.8543261021172535e-005	4.047681405731288e-006	-1	
88.94146183956056	4.6226923533435702	-3.1563343284932601e-005	3.8496842954785805e-006	-1	
90.422677387354227	9.5664928272054066	-3.3033027160180491e-005	3.7292315852206126e-006	-1	
94.991880111476604	13.652920489709741	-3.630924736350073e-005	3.5742179932007015e-006	-1	
99.752136890887428	25.879299852213205	-4.1400019443911626e-005	3.3444306740116973e-006	-1	
100.04931848132999	17.580274228466259	-3.9508965015108169e-005	3.4633871822736929e-006	-1	
31.143973472356866	111.655083326145	-4.3855831736820767e-008	6.7166688165922771e-008	-1	
32.651656150803596	111.41172341487206	1.3469633357897978e-007	-1.213095435432723e-007	-1	
35.172007293156597	110.2537537397484	4.7296331977758937e-007	-2.1853634667700048e-007	-1	
37.825283377445146	111.43399956042623	1.8833167977830873e-006	-4.1319976151035053e-007	-1	
41.730194563775953	108.03839308466289	2.8203531512750372e-006	-3.4947012963604293e-007	-1	
41.539092197044674	105.85408303774288	1.1881077907221254e-006	-1.9595801771187941e-007	-1	
41.347989830313395	103.66977299082288	-9.4323846228338165e-007	-2.8574584644127124e-009	-1	
34.233752628907581	111.80145448238409	6.0715105593839254e-007	-3.1199402668606452e-007	-1	
41.252438646947752	102.5776179673629	-2.2406705414424525e-006	1.1204570098017491e-007	-1	
41.156887463582116	101.48546294390289	-3.6913829231207771e-006	2.4162598005613785e-007	-1	
41.061336280216473	100.39330792044289	-5.2796446610354927e-006	3.8509284014471806e-007	-1	
40.770021376467561	99.593408670443822	-6.5599443452022053e-006	4.9621150743358011e-007	-1	
41.013560688533651	99.847230408712875	-6.1361799561878443e-006	4.6325855671423405e-007	-1	
40.713900583138525	99.246151808890772	-7.1169673041439556e-006	5.4154033082983066e-007	-1	
41.912483935525188	99.064251225706357	-7.6746878673908613e-006	6.4613525395018189e-007	-1	
41.508898687386207	99.099560359684816	-7.4749954740759195e-006	6.2002837688167216e-007	-1	
42.991315001278551	99.575174151128621	-7.2010993062036871e-006	5.6226291190600288e-007	-1	
42.355911049345409	99.484336700304041	-7.0246276859894192e-006	5.6243772385832511e-007	-1	
40.952407566389226	99.148247024124885	-7.2976107977492357e-006	5.7227708761312809e-007	-1	
41.105313439247219	99.134869493663274	-7.3345255538971719e-006	5.8905390446990897e-007	-1	
44.880288597886064	101.26028327011883	-5.672872254898125e-006	2.7921531701699136e-007	-1	
42.939014406696757	100.21490399443043	-5.9161285887480215e-006	4.2061079589183747e-007	-1	
43.142796724166431	101.30072191815195	-4.0808583009070132e-006	2.1759388208226077e-007	-1	
46.284803981722732	102.15106053464987	-6.3148794682455607e-006	2.3148964194403054e-007	-1	
47.850622381396981	102.71173899658757	-8.6535648928625673e-006	3.2808320643848661e-007	-1	
50.666985545338157	101.01235041096501	-2.0195860559214003e-005	1.1052096291108342e-006	-1	
52.239150520600255	98.76609338103556	-3.0088022455091454e-005	1.7001478376178199e-006	-1	
52.401744473119905	99.387022387612447	-2.9755331977027596e-005	1.6910339321841444e-006	-1	
52.389608370681096	100.4917307253225	-2.8074749778079191e-005	1.6134351708981209e-006	-1	
53.212870883416713	98.075595474309523	-3.5177822721018677e-005	1.9216613082834807e-006	-1	
52.849127500958964	98.566299216864081	-3.2892845410026906e-005	1.8363882846165648e-006	-1	
60.375211948782379	97.779356463725051	-6.9511382572428021e-005	1.8275786611368192e-006	-1	
55.490870045915884	98.015748957912407	-4.5634177340950271e-005	2.0429361657490522e-006	-1	
55.872980892654901	99.03276803117906	-4.7028274651257342e-005	2.1090021855131252e-006	-1	
57.625990826674936	99.308438650443918	-5.6158358935193566e-005	2.0340221421860182e-006	-1	
59.005722609708364	99.816363418088244	-6.3875837156803712e-005	1.9778336444088234e-006	-1	
60.291580131126175	99.103469458713931	-7.0499241767560918e-005	1.8587058085980897e-006	-1	
53.800975281716823	97.825195063118926	-3.8046843026664225e-005	1.9903991055227969e-006	-1	
54.075042467786787	97.753092692640308	-3.9333911689652033e-005	2.0125630713550271e-006	-1	
54.351309601969483	97.779035705189983	-4.0537907348199777e-005	2.0319999604387305e-006	-1	
54.817130821782506	97.794920067776729	-4.2632110348347445e-005	2.0341697704911298e-006	-1	
53.616456131555701	98.040286340331093	-3.694518926982985e-005	1.9907792317592064e-006	-1	
64.310625717878537	96.647694600815328	-8.6325849880717516e-005	1.7952142062769368e-006	-1	
63.216057804266796	96.579836777445919	-8.1299970540694763e-005	1.7015476033034279e-006	-1	
63.709221282966872	96.746074897907391	-8.4007180490792312e-005	1.7025362360096515e-006	-1	
62.789960768547388	96.576317874505222	-7.9330207923405884e-005	1.7037557049868986e-006	-1	
62.115916719388764	96.489877544060022	-7.6033987660183315e-005	1.7466273036185803e-006	-1	
66.368228234631545	96.924650841445796	-9.5423463877784733e-005	2.1250061782494835e-006	-1	
67.982569227187483	96.783414305531963	-9.9962938675981334e-005	2.3872734163441132e-006	-1	
65.561057738353583	96.995269109402713	-9.2680875956591279e-005	1.9739315305432769e-006	-1	
64.753887242075606	97.06588737735963	-8.9637398818478346e-005	1.8123867312725354e-006	-1	
61.692933270701047	97.473138735272684	-7.5796064509681997e-005	1.7146756484414961e-006	-1	
69.596910219743421	96.642177769618129	-0.00010337969055142275	2.6064188492716661e-006	-1	
71.211251212299359	96.50094123370431	-0.00010548102789140373	2.756492649709117e-006	-1	
74.531353481342393	94.960893712651313	-0.00010108480498360753	2.9228315447581909e-006	-1	
73.83804342892914	95.390507991784759	-0.00010267307825015825	2.8852687657818709e-006	-1	
72.825592204855297	96.359704697790477	-0.00010647907442628879	2.8609606558469727e-006	-1	
77.748315582591928	93.23262880528209	-9.4916020374920254e-005	3.1265903319720474e-006	-1	
80.026516690465598	92.733593888358783	-9.2725707752256233e-005	3.2336865568697165e-006	-1	
75.955297028089859	94.762114909041031	-0.00010018258217193553	3.0376855071584102e-006	-1	
75.342211178435306	95.048967844368747	-0.0001013638619110925	2.9860134952477612e-006	-1	
77.137518812092253	94.543575752473402	-9.8906671655705884e-005	3.1471370249584296e-006	-1	
83.836736690097069	93.643944798650708	-9.2200729984075511e-005	3.4117634325251774e-006	-1	
91.109683595016634	94.692839612987612	-8.7914106406713965e-005	3.507884769428312e-006	-1	
96.651161121808258	86.350996477856413	-7.6228552500905462e-005	3.2880907675557798e-006	-1	
94.003419054857773	78.205214492413376	-6.9034956576065405e-005	3.1133084912794284e-006	-1	
32.838209422910822	117.67833853922383	-1.6549920971631015e-007	3.4737854482508091e-007	-1	
34.350000000000001	119.10843121778235	4.0355593583315687e-007	-1.1483786537907494e-006	-1	
31.591903055431363	113.05872236104861	-2.682034478826887e-008	2.2616219269076148e-008	-1	
32.029920975816125	114.13447203644739	1.5880776380318734e-009	-2.3722929950658197e-009	-1	
32.592934275366133	115.16399262621803	6.3939687192801353e-008	-6.1789770524928048e-008	-1	
33.324616149925426	116.19522193888359	-2.8278086309937894e-007	3.3360951252259006e-007	-1	
-129.655232063368	285.85693329894104	-1.8503128547510925e-005	1.5145583064493637e-006	-1	
-122.495780369343	287.80442953856982	-1.8791390090059427e-005	1.5295478050492387e-006	-1	
-116.95679061824009	288.18037223284267	-1.8978473086490322e-005	1.5395095459716108e-006	-1	
-112.80462419396045	284.01432341686888	-1.8910382062520164e-005	1.5376098595781597e-006	-1	
-106.33855615463773	285.0332026905009	-1.9189170514799297e-005	1.5521619198835557e-006	-1	
-100.29910395402581	284.83553124374492	-1.9409111302106647e-005	1.5640559749861417e-006	-1	
-95.442274355420722	281.24035904558082	-1.9418268411257999e-005	1.5663925101402546e-006	-1	
-88.713040658425697	273.64831718215356	-1.9290333306050942e-005	1.5640714160554824e-006	-1	
-81.284965082746581	266.92172540063552	-1.9231721664032575e-005	1.5659081128133402e-006	-1	
-83.573613697457958	276.67802753164636	-1.9705550276260571e-005	1.5844343968463645e-006	-1	
-177.98528562178524	290.46782568634399	-1.7911906652171121e-005	1.4803215982566167e-006	-1	
-184.14103253663691	292.31902572528116	-1.79500580304031e-005	1.4819689969155055e-006	-1	
-191.27861586363994	291.75718586483498	-1.789502081474861e-005	1.4790502823475143e-006	-1	
-200	287.43284814755236	-1.7697739753780429e-005	1.4691312658788814e-006	-1	
-172.74217835939405	293.89077897357652	-1.810196894044024e-005	1.4899729584751915e-006	-1	
-165.55820594096974	296.33393792624611	-1.8282360285188794e-005	1.4992660469044023e-006	-1	
-141.65065061135792	294.89623553028753	-1.8627220355333769e-005	1.5183072042118953e-006	-1	
-132.51975249928026	292.70127496448396	-1.8744035446149568e-005	1.5252646460540988e-006	-1	
-147.05029417979188	298.32140325917572	-1.86576475528358e-005	1.5190634207945532e-006	-1	
-151.20014243950865	302.23983167238066	-1.8738993660885787e-005	1.522504952878629e-006	-1	
-156.84162343674623	303.10528760187304	-1.8677449253865494e-005	1.5190480359927203e-006	-1	
-161.19265018513511	299.71026135716346	-1.8475713924800264e-005	1.5089677461701259e-006	-1	
-59.819664631085807	252.82746387985051	-1.9449513136660353e-005	1.5922662352326442e-006	-1	
-55.033681200593144	249.49734236179495	-1.950200070215399e-005	1.5994815155667947e-006	-1	
-63.90155133129678	255.08482457776651	-1.9366163574299803e-005	1.5849590979432172e-006	-1	
-66.585416153494236	258.89984043225854	-1.9482909795522428e-005	1.5872204571752723e-006	-1	
-69.534800023667657	263.43793647568111	-1.9626053972820331e-005	1.5905311404756252e-006	-1	
-74.866753451538202	267.01170328475359	-1.9564927533312401e-005	1.5840726951539935e-006	-1	
-19.165169528202522	233.70288697542833	-2.1282473962745648e-005	1.7233373515484974e-006	-1	
-25.463127009128552	236.2792114458195	-2.0832914446954285e-005	1.694090108019441e-006	-1	
-31.552973562046205	242.75384242521946	-2.0826909253258884e-005	1.68172903365063e-006	-1	
-27.150178091311769	240.79370139193588	-2.1085826908559217e-005	1.6989267829723569e-006	-1	
-14.811124871815171	235.43000296414996	-2.1976737764353957e-005	1.7559140272465115e-006	-1	
-6.5155021027810678	233.62081357482199	-2.2899788627866721e-005	1.8069465504066189e-006	-1	
-1.9823852339654149	229.08467099339083	-2.3137093264367866e-005	1.8301060363579931e-006	-1	
3.1777972033879696	225.90209199764465	-2.3648983424077992e-005	1.8643671716425381e-006	-1	
6.7771044641191747	221.02343653801412	-2.3786487785190117e-005	1.8865786105326787e-006	-1	
14.016320997672528	170.21516920645399	-1.5045868721262956e-005	1.8021384032278486e-006	-1	
17.545295911449603	193.85896761435106	-2.2473280146951979e-005	1.9728331096222869e-006	-1	
21.340521415160929	188.1719121788054	-2.2536869877609393e-005	2.0376820837123237e-006	-1	
19.838890378483502	176.5449852328714	-1.907754593322118e-005	2.0091357475503797e-006	-1	
24.60159958013616	179.95658198362207	-2.183459841271698e-005	2.1218367158179023e-006	-1	
16.570017306600143	200.51090946488898	-2.3331660943902681e-005	1.9646823711226611e-006	-1	
14.514169574246782	207.97898311985384	-2.3857259954873923e-005	1.9461490514490935e-006	-1	
11.37944180696109	214.93645193829354	-2.4005849447076245e-005	1.9204138253791988e-006	-1	
-49.956938903116658	250.43190469939179	-1.9938039706550037e-005	1.6222098388263181e-006	-1	
-44.847561885712366	252.55591560563204	-2.0493504339895145e-005	1.6493361054945e-006	-1	
-39.508296791510205	252.16579810417244	-2.0901593583210588e-005	1.6714320034892165e-006	-1	
-32.032668097070847	247.62350880356863	-2.1200715136549249e-005	1.6936450087087796e-006	-1	
-34.273423056654558	251.98457193581874	-2.1342999712038541e-005	1.6947372709483086e-006	-1	
32.887043245017786	134.88844723329933	4.0070049004384593e-008	-9.4160776810102364e-007	-1	
33.230370292694452	136.42609776557933	3.944684326910181e-007	-1.0498313077107077e-006	-1	
34.350000000000001	133.65494126933058	2.8487078414409457e-007	2.420571690386744e-006	-1	
34.350000000000001	131.83662751288705	4.721001944130623e-007	1.437985321895928e-006	-1	
31.580027385903144	139.68714572136633	1.0726151411737565e-007	-1.2833974254579445e-007	-1	
30.75012173730768	140.63842587597301	-1.5587797277831223e-007	2.6928029995684978e-007	-1	
32.959097914247913	138.52862963764954	-3.0076470061040112e-007	3.733243533614167e-007	-1	
33.523892345359386	137.81045883362532	6.2827811527548783e-007	-1.046763220901111e-006	-1	
34.350000000000001	130.01831375644352	3.4289780527188732e-007	8.2963035158633511e-007	-1	
36.050806864519316	129.10915687822177	-6.8300357871375504e-008	7.7894687607596135e-007	-1	
36.415365351894735	126.38168624355646	4.1311854983829507e-007	1.7178565955823543e-007	-1	
36.423666338905939	122.7450587306694	1.0366418847941817e-006	-4.3676590896816654e-007	-1	
36.014690864064441	120.0175880960041	1.1577742513776556e-006	-7.9384031063193045e-007	-1	
21.896766728708279	164.42739073450318	-1.5272424654132048e-005	2.0868969788324188e-006	-1	
28.419751588564054	159.75272610377536	-1.6035091729584511e-005	2.5228059125179472e-006	-1	
30.238701191223925	154.18758546612159	-1.3662875085166753e-005	2.9238309315042175e-006	-1	
29.147379109119367	147.59092576111055	-7.471698433150736e-006	3.5388102101804331e-006	-1	
29.443425409208025	144.74892009825911	-4.4328057056126428e-006	4.3665790099774534e-006	-1	
29.921946295104725	142.90000000000001	-2.1944946375121291e-006	5.5138612869085608e-006	-1	
30.868799188680889	149.68570629455982	-1.064479346096868e-005	3.4925011982771567e-006	-1	
30.141001819767748	141.69779326891035	1.3906701258791199e-007	-4.6404425695758636e-007	-1	
61.726851916882964	0	-3.4463000547836678e-007	1.1594648985650316e-006	-1	
60.79397943147864	1.140030398273064	2.086323052307317e-007	-1.2559048656254113e-006	-1	
60.027153118398786	1.8784587537429167	3.6972743351687535e-007	-1.722434123181729e-006	-1	
60.797617060255838	2.6130908690847621	-1.1360761435620675e-006	6.1371394106620178e-006	-1	
99.644631821520534	74.084418114527722	-6.5439858377773491e-005	3.1353114016002046e-006	-1	
103.00534112916363	69.026598910792444	-6.1991060656000754e-005	3.13281229740022e-006	-1	
102.7320986868052	62.960196293437889	-5.822997098238922e-005	3.1070208240190407e-006	-1	
102.3903372429783	56.91771087313311	-5.4771528634702759e-005	3.1012877124438814e-006	-1	
103.51361747850136	50.970722353591	-5.2066184504325168e-005	3.1264569767690448e-006	-1	
101.66696591887472	41.302800075566459	-4.729347789081804e-005	3.1708785000629912e-006	-1	
102.53315424460656	34.289042259235309	-4.5020061428774664e-005	3.2454202469902402e-006	-1	
62.446527405824298	2.9276286252967534	-3.7035967500492578e-006	6.549914416784956e-006	-1	
63.869756720823005	3.5276605393604346	-6.4862811951932249e-006	6.4080299238481253e-006	-1	
61.711059437766494	2.2928029886299619	-1.5139423711588855e-006	6.7372728789264642e-006	-1	
66.334416780616877	3.3071693297639237	-1.0084520952466958e-005	6.2930284256958797e-006	-1	
65.454281406170978	2.8461335607816851	-8.4623297380907964e-006	6.6676993479711656e-006	-1	
64.431036559794308	2.7365884681849693	-6.6792270927036285e-006	6.8598279051341292e-006	-1	
68.092771919699061	2.0451273856712948	-1.2211421217575004e-005	6.2561115045901418e-006	-1	
67.17121591092436	1.9645187463498028	-1.082937643787496e-005	6.5974853614003913e-006	-1	
66.334867401717489	2.3135939402877739	-9.6381291980016267e-006	6.7270936624842483e-006	-1	
69.042924679534636	1.2831821226728808	-1.3404589382047665e-005	6.0694778323174952e-006	-1	
69.450252639074861	0.78467504689675471	-1.3904062985191198e-005	5.977705467406791e-006	-1	
68.561600151175043	1.4923520648193946	-1.2772739551481345e-005	6.2097504398524765e-006	-1	
69.430388543007183	0	-1.3850330142680005e-005	6.0166021914552651e-006	-1	
93.049056217782336	0	-3.3945475621087146e-005	3.7495743916654312e-006	-1	
97.156650596004113	7.7861853892992858	-3.6649870295480865e-005	3.6141793347440696e-006	-1	
108.20073750175322	24.597306123263138	-4.4375328223304392e-005	3.3475434364610042e-006	-1	
105.21899617144591	19.817968956422622	-4.2229965212290578e-005	3.4040751706850858e-006	-1	
109.21084394446403	31.69102865667654	-4.6548118324559801e-005	3.283073665478727e-006	-1	
105.48200409654039	14.190920711868159	-4.142708927192592e-005	3.4508950336034703e-006	-1	
32.680469051083016	112.53926388050249	2.8718704614448825e-007	-2.5594539713796578e-007	-1	
33.316202164345007	112.32307202036988	4.422999192910472e-007	-2.9721342413307987e-007	-1	
35.27966236625219	112.06043849060475	9.9676539371645886e-007	-4.0855675701077562e-007	-1	
40.510401474724638	114.74819916454801	3.99092925813807e-006	-5.80178068028719e-007	-1	
36.086819589102255	113.39623189185154	1.5477621617516455e-006	-5.8728912669465714e-007	-1	
42.112399297238511	112.40701317850288	4.8495507089934947e-006	-5.6063119715186693e-007	-1	
37.635278242838865	114.39688219460869	2.344663212770701e-006	-6.3038300376394208e-007	-1	
43.575856618751494	106.77640390936159	2.2900109559302477e-006	-3.9856527421713209e-007	-1	
44.384169286798503	109.93920011075893	3.8876788047355141e-006	-5.658688755226834e-007	-1	
43.381173582470439	104.54903245063751	1.9754152776800852e-007	-2.0485363223341867e-007	-1	
42.568550042350211	102.48831016227564	-2.1242387184759842e-006	4.9778014799622728e-008	-1	
33.873300721235388	112.69795428134796	6.7212143971416582e-007	-4.0334569380051894e-007	-1	
34.446704747895943	112.74394525809765	8.692995718995399e-007	-4.5845084817723157e-007	-1	
41.994755200657558	101.30050354131218	-3.7838007392478553e-006	2.2888273297919212e-007	-1	
41.700917048673155	100.49434507929803	-5.0392425232169431e-006	3.5761623689615853e-007	-1	
41.491170534976888	99.881745318572129	-6.0549909674197349e-006	4.6161351720603549e-007	-1	
40.96578509685083	99.301152896982884	-7.0367720186924647e-006	5.4763525652531368e-007	-1	
41.302196864867419	99.441755095467698	-6.8069504568473803e-006	5.3773908314466333e-007	-1	
41.745152137917984	99.475794841556038	-6.8191443768230624e-006	5.4609177451271949e-007	-1	
42.044026235421157	99.945211076691862	-6.0311241067187716e-006	4.5753930967336863e-007	-1	
44.760057975968948	102.8153625867144	-3.0631918835962664e-006	2.4137443133114456e-008	-1	
42.358001395618786	100.52314614134431	-5.1108431886772797e-006	3.5277895436664475e-007	-1	
46.360431360523627	104.40664041478905	-3.1131158003568944e-006	-6.9582625367029578e-008	-1	
50.791800866368114	103.61699921334707	-1.7314340134687712e-005	9.087290289785232e-007	-1	
48.753678341163294	105.00827724291035	-8.2104965750003756e-006	2.5075170859651236e-007	-1	
52.91794951900858	102.10727534621464	-2.8495031672850754e-005	1.7010642668900479e-006	-1	
53.02745627812223	99.589689793124023	-3.217496435937377e-005	1.8441466286358452e-006	-1	
53.236304079351434	98.966013646315602	-3.3955053644822264e-005	1.91336378862753e-006	-1	
53.520170643072653	100.29216034767425	-3.3604669785405461e-005	1.9853657018813768e-006	-1	
53.449124333948497	98.451829956180745	-3.56224622928919e-005	1.9660926415242613e-006	-1	
61.493231055047808	98.541059855789896	-7.6451262293046932e-005	1.7320804635433884e-006	-1	
54.81101847483842	98.216974657458721	-4.22382247883195e-005	2.0907802348309499e-006	-1	
54.800635739050421	98.858376614748252	-4.1653610999717044e-005	2.1629800708730366e-006	-1	
56.026961104186626	100.07794632792205	-4.7352929786649023e-005	2.1710311939960616e-006	-1	
55.032541451076256	99.72124318659337	-4.2151153570498085e-005	2.218452871135271e-006	-1	
57.452851471982989	101.13429607025374	-5.5157975594514565e-005	2.1430491750143367e-006	-1	
60.302288774070632	100.88500260889337	-7.2109007393503572e-005	1.9443142555257202e-006	-1	
61.523083455487097	99.597097928831815	-7.8103861440411606e-005	1.7693489313109126e-006	-1	
54.020041379694675	98.004977206352635	-3.8771903344234144e-005	2.0610104405981632e-006	-1	
54.172947252552675	97.99159967589101	-3.9478870188930404e-005	2.0827949043802233e-006	-1	
54.424831766264994	98.046600763983136	-4.0585940207905656e-005	2.0826364812706273e-006	-1	
53.879439181209861	98.341388974369224	-3.7696450678543875e-005	2.0624455004102793e-006	-1	
63.946716745797637	97.136505645316547	-8.630823677485855e-005	1.6542119415472258e-006	-1	
63.324065399680798	96.992032636061296	-8.2933119759887188e-005	1.6084875582453303e-006	-1	
63.041641464753781	96.968616930022762	-8.1504462759858371e-005	1.6076669033925339e-006	-1	
63.543131497658649	97.171814779295005	-8.4516826837468354e-005	1.5818722464867964e-006	-1	
62.774076405960635	97.042139094318244	-8.036940153248447e-005	1.6151882948245592e-006	-1	
62.318090347787745	97.138671143684448	-7.832311084379122e-005	1.6623348746075783e-006	-1	
67.259154794422457	97.811368760115244	-0.00010169887018368866	2.792118646017869e-006	-1	
66.025251098706931	98.05116132032083	-9.8141441671297376e-005	2.5605939758745945e-006	-1	
68.8781123118343	98.182171018244944	-0.00010792330996362485	3.3859025282238495e-006	-1	
65.025547811551021	97.647428570738796	-9.268988016010503e-005	2.0974677129750578e-006	-1	
64.390143859617865	97.556591119914202	-8.9605873181010956e-005	1.8833515105667026e-006	-1	
62.397398844821645	97.553252377889564	-7.9608426374589878e-005	1.6147528221870007e-006	-1	
62.519002124558511	98.183107055076704	-8.1519981432930262e-005	1.5822033281033644e-006	-1	
70.535270605810624	98.071066803545762	-0.00011093132071565931	3.6210782454825582e-006	-1	
72.102177772090286	97.387659152373899	-0.00011019162959151879	3.4138867730486178e-006	-1	
74.803842169492142	95.729657117375424	-0.00010412082729698931	2.9459133786772885e-006	-1	
73.632762701133259	96.28908642983356	-0.00010651135288488848	2.897185018589842e-006	-1	
74.439933197411236	96.218468161876643	-0.00010624992868984572	2.9270851387819444e-006	-1	
73.358975239199239	97.40954359660148	-0.00011103372140636147	3.5185769282697705e-006	-1	
78.480566445668103	94.479810935817667	-9.7868640024628882e-005	3.2546082393072736e-006	-1	
80.184342012527395	95.060464598978854	-9.7987697530627519e-005	3.4011251997626934e-006	-1	
75.869997749646814	95.472760483287303	-0.00010270225608493129	3.0386973978631088e-006	-1	
76.2890103628758	95.395304066627276	-0.00010215736935234271	3.0914685794421118e-006	-1	
75.413193478997428	95.722110012532113	-0.00010389338418165179	2.9890935197344938e-006	-1	
77.411766538999814	95.295598688485413	-0.00010098243140887517	3.2237499130922299e-006	-1	
82.50154984942516	98.571263396149078	-0.0001024632357789961	3.7562698566708737e-006	-1	
86.630329796345123	101.56172169260692	-0.00010136093008143601	3.9087819205772998e-006	-1	
96.140820657895176	100.04854655678615	-8.8645084090232948e-005	3.6415646725814049e-006	-1	
97.908702808046229	93.346830743778895	-8.1867217787660973e-005	3.4502188808703711e-006	-1	
99.533162998986242	79.85352209554263	-6.9868183218570242e-005	3.1980952466681911e-006	-1	
103.40408916989526	84.132647779783625	-7.2266222052256305e-005	3.2784722213610202e-006	-1	
34.350000000000001	117.29011746133881	7.8245706234096466e-007	-1.212451602943085e-006	-1	
36.774058017906526	118.27945017633739	1.7774872641585513e-006	-8.0326537785870906e-007	-1	
32.782794802759447	113.25000719067766	-8.9416775485461175e-008	6.7729297461374336e-008	-1	
33.191253260722036	114.15458140575605	6.6285392703283138e-008	-4.238138467885043e-008	-1	
33.757131836840642	115.0172252657844	-2.2340289625720298e-007	1.7543155758374743e-007	-1	
34.350000000000001	115.47180370489528	1.1095699350303748e-006	-1.0977935399498133e-006	-1	
-126.26678539710022	292.79317326410319	-1.8914881237871652e-005	1.5344127389258694e-006	-1	
-120.02547806239434	292.40058488912842	-1.9079318918653511e-005	1.5433317291126686e-006	-1	
-112.98081023910018	292.05507485328911	-1.9292182618225556e-005	1.5547508933925e-006	-1	
-107.81281887662698	294.58583465345492	-1.9591691071574995e-005	1.569583402170474e-006	-1	
-102.25191409458773	290.55397416461574	-1.9612311681785983e-005	1.5722361775495486e-006	-1	
-94.202857357952823	287.99293284799359	-1.9819224836592071e-005	1.5842182093659094e-006	-1	
-89.934812255576745	283.71951174730816	-1.9792030061090457e-005	1.5849111819822923e-006	-1	
-77.222654586958839	272.98257142956578	-1.9807724601108419e-005	1.5924768713557619e-006	-1	
-83.994319977623533	282.62915015807368	-2.0012804466374613e-005	1.5971177474987555e-006	-1	
-78.705361003721691	280.12664609548835	-2.0144055784427156e-005	1.6054266628747539e-006	-1	
-179.33083142087128	296.58307625145392	-1.8156397453959091e-005	1.492341806818674e-006	-1	
-187.01290821927884	297.50735960756106	-1.8146770590447611e-005	1.4916224826077128e-006	-1	
-200	293.67805158666323	-1.7961420294505917e-005	1.4822748657948743e-006	-1	
-193.42727966237229	298.58682741170361	-1.8167562971611502e-005	1.4925380340828142e-006	-1	
-168.87774142265806	300.42106323528225	-1.8406589531635799e-005	1.5051096286763297e-006	-1	
-174.05799445672443	301.36387159809931	-1.8389485325065254e-005	1.5040046167011109e-006	-1	
-136.30632545747216	298.40709201933561	-1.8897703519805507e-005	1.5318412316717618e-006	-1	
-138.91671138508482	304.12579304227592	-1.9066841276014424e-005	1.5393888067968497e-006	-1	
-129.69532670932713	298.93963227937013	-1.908782074555063e-005	1.5417497992823031e-006	-1	
-145.19501332719753	304.44293781130204	-1.8941798768365437e-005	1.5327462399795456e-006	-1	
-152.38753515388865	307.82243145652455	-1.8930228666919574e-005	1.5315027341642584e-006	-1	
-162.09723361817623	305.15446614575563	-1.8675015269715729e-005	1.5185469886086611e-006	-1	
-156.89593784236271	312.48769176818195	-1.90224598295837e-005	1.5355609814527848e-006	-1	
-53.986979625844093	255.34050602355254	-2.0028535139104977e-005	1.6209351600136477e-006	-1	
-58.809752264651877	259.47287329435034	-2.0005950170042475e-005	1.6150517308731811e-006	-1	
-65.844104054775528	267.10552468185375	-2.0083731162587236e-005	1.6118448024767968e-006	-1	
-60.782939231363052	265.89844116564393	-2.0319689212624194e-005	1.6254572609075398e-006	-1	
-67.676141732557795	271.97544027989437	-2.0279906547928638e-005	1.6182115157595622e-006	-1	
-18.625420935180969	238.14878578911143	-2.1772779649663867e-005	1.7399122590108485e-006	-1	
-22.764015429949396	239.8603290731244	-2.146552892139753e-005	1.7205436619687568e-006	-1	
-27.568976593255428	245.59488547945548	-2.1464141129438261e-005	1.7105323664913336e-006	-1	
-23.245797026430804	244.17255924501134	-2.1791423909429567e-005	1.7298089670809812e-006	-1	
-11.021849434640391	238.18355088810864	-2.2707611002249072e-005	1.7873641020549079e-006	-1	
-0.96552198557481272	234.63397384826783	-2.3792000107535337e-005	1.8485185685022266e-006	-1	
-4.0653094309749989	240.54742058106146	-2.3836383734152571e-005	1.8380927940467375e-006	-1	
7.4247593148520803	230.2287078431668	-2.4759333366452256e-005	1.9056132364854625e-006	-1	
11.82472636053912	220.05652321263682	-2.4647038061764379e-005	1.9317124911800281e-006	-1	
13.117324099614631	227.72851607377081	-2.5568518287408904e-005	1.9504103574014011e-006	-1	
19.837774284555735	170.68645383980248	-1.7138732355809654e-005	2.0097208759884527e-006	-1	
23.481838984268698	197.01443193590165	-2.4733372781820673e-005	2.0627126551752096e-006	-1	
28.112565806699891	187.23076877314611	-2.4701193694531994e-005	2.1647211583307245e-006	-1	
25.950681037693741	169.6217241485804	-1.9270068829404057e-005	2.2249878216090316e-006	-1	
32.348100105438682	180.35320187073327	-2.5187106890525095e-005	2.2921208705421872e-006	-1	
31.585435421589988	172.2199584184437	-2.2793321004549236e-005	2.3673583292299766e-006	-1	
23.823871876777403	203.22756694961558	-2.5628982130196739e-005	2.0597528264671644e-006	-1	
24.874535727843963	209.36076665859767	-2.6572646366529587e-005	2.0673562627654207e-006	-1	
18.967031236293401	214.12320093986978	-2.5583569105207891e-005	1.9994047680146069e-006	-1	
15.934703259455301	217.73847821377856	-2.526605184068813e-005	1.9695617928782987e-006	-1	
-45.718766165357586	258.02017758131865	-2.0835996779207944e-005	1.6607418412846836e-006	-1	
-36.614957667456132	256.6700774165962	-2.1487693869569826e-005	1.6960950383770221e-006	-1	
-40.705351951407749	260.45711759495805	-2.1415165381795363e-005	1.6879074132607848e-006	-1	
-28.086304509544728	250.38174505862506	-2.1801443998212484e-005	1.7205188782567337e-006	-1	
-32.076591238103063	257.59351179903376	-2.1963464720238846e-005	1.7190791337429163e-006	-1	
-28.113845727004787	255.19639917756243	-2.2163095119752611e-005	1.7321854555356952e-006	-1	
34.350000000000001	135.47325502577411	-8.6389030032147385e-007	3.8478156761217063e-006	-1	
34.350000000000001	137.29156878221764	-2.4276518260267442e-006	5.139559247805242e-006	-1	
36.167790643344105	132.95443039848868	-1.3140614904252327e-006	2.1786052400790796e-006	-1	
35.794163531381372	134.86636164317386	-2.1224263342054536e-006	3.1539509080824705e-006	-1	
36.094151292132352	131.03722105770564	-6.0401609343529245e-007	1.387484568400338e-006	-1	
32.005198204378409	140.50255689524377	-1.8022303018166876e-007	3.2175263593359295e-007	-1	
33.154773554240528	139.60083908532778	-1.1825554631348997e-007	9.0578288864534161e-008	-1	
31.362183415482264	141.74253539057256	1.1820955692071817e-006	-2.1693122871568111e-006	-1	
33.871740774724124	138.65530409955028	1.0741146378282009e-006	-1.3589264772367781e-006	-1	
33.729488786491579	139.29961599274321	1.5172588269040664e-006	-1.6280684846141577e-006	-1	
34.350000000000001	138.20072566043939	-3.6022198106520545e-006	5.5277329357791358e-006	-1	
38.726835133798026	129.02805151207264	-4.6693839033906708e-007	9.3146831810301546e-007	-1	
40.711144555068572	126.83629777743741	9.5226244002715809e-007	4.9537150045880038e-007	-1	
40.61811459430443	123.5428928379996	2.4742516155591723e-006	-5.5291095100437722e-008	-1	
38.898982513223494	120.24274594164197	2.5640892509635524e-006	-4.9791184849686881e-007	-1	
30.375154272621913	165.27140061103353	-1.9744114394839954e-005	2.4639302458520433e-006	-1	
35.123632384767447	160.05611618149919	-2.0471984724696175e-005	2.8041794013419204e-006	-1	
34.439767065417165	152.45121422631431	-1.5630044215060867e-005	3.3269359114241825e-006	-1	
31.82211294922795	147.1476123742429	-9.0877315675873294e-006	4.1561165606414265e-006	-1	
31.096154772165853	145.70598510169557	-6.9471419200013328e-006	4.5159465005616167e-006	-1	
31.238232028665699	144.09611310784254	-5.1690402455741216e-006	5.3252797299932818e-006	-1	
32.059228173326488	142.90000000000001	-4.440568997605435e-006	6.4769329815901133e-006	-1	
33.095701506590686	148.13921544722638	-1.1141940322893812e-005	3.9774312594967724e-006	-1	
62.788461605993845	0	-4.8297975023839826e-007	1.0499443849481254e-006	-1	
62.360374679291461	0.95748837701534817	1.105952848633177e-006	-2.9097570816330747e-006	-1	
106.62820269527508	73.900075721134812	-6.502928245653218e-005	3.1926809549985897e-006	-1	
104.82561609533829	78.95632896283405	-6.843212937933919e-005	3.2253637214967722e-006	-1	
107.43840700018511	65.116668054819442	-5.9903046906909623e-005	3.1543678500143571e-006	-1	
109.68588893672515	69.780200336593751	-6.2529535953314441e-005	3.1884650719603381e-006	-1	
107.70886106608546	59.647804194218246	-5.7082632202796386e-005	3.1471448010520211e-006	-1	
109.08836720861989	51.054758114126301	-5.3309152822475026e-005	3.1697701238138651e-006	-1	
108.5497526575398	45.505452668588987	-5.0961992507646296e-005	3.1889399865467908e-006	-1	
106.55561609189967	38.34617549635103	-4.7750160404724756e-005	3.223432678338787e-006	-1	
62.624501815277156	1.9725151081751595	-2.8284131708793193e-006	7.251350539300396e-006	-1	
63.387565474970259	2.686042049869811	-4.8395961545312324e-006	6.8987020317846574e-006	-1	
65.493710568235173	1.817797290815798	-7.9600871705608138e-006	7.2605481659118762e-006	-1	
64.451386570298482	1.3319393472655545	-5.6182847294109406e-006	7.8860245074077765e-006	-1	
63.537944192787819	1.6522272277203571	-3.764621340022788e-006	7.8373622058960386e-006	-1	
68.095392553344738	1.2513627662531452	-1.2079705574023963e-005	6.4407054238510545e-006	-1	
67.643790934479654	1.3905395659922621	-1.1429724402286305e-005	6.5998826951284548e-006	-1	
67.074289329735649	1.2273725666600046	-1.0515511171822574e-005	6.912011309960008e-006	-1	
66.574886825995762	1.5204794746176586	-9.7516256111182642e-006	7.0180206733956054e-006	-1	
66.081584322496781	1.5246151310244678	-8.8987661184636416e-006	7.2223890275425828e-006	-1	
68.850037924476055	0.66899968158144285	-1.3096668234953287e-005	6.2102470256854556e-006	-1	
68.478152931601926	0.9742189469397573	-1.2601534817942105e-005	6.327642684115086e-006	-1	
69.022148654923328	0.34836612822176444	-1.3317471712229736e-005	6.1616974797688066e-006	-1	
68.916939245729452	0	-1.317209404093855e-005	6.2130991036767095e-006	-1	
101.26424497422587	0	-3.8394891586352048e-005	3.5789742310161472e-006	-1	
104.59329329130416	6.7328075016520428	-4.0188886740109341e-005	3.5155247280363601e-006	-1	
112.94078464451751	22.435121158664082	-4.5582026381963656e-005	3.3512262593528128e-006	-1	
114.90172509459828	27.261900963876133	-4.7211150664517658e-005	3.3157873906754282e-006	-1	
114.37388347615162	17.426197274681137	-4.5220961016140809e-005	3.3783611300439843e-006	-1	
115.23252757023495	33.533109812172221	-4.8795740802092422e-005	3.2779578171741029e-006	-1	
112.22572888056629	39.046425723367712	-4.959447308162309e-005	3.2395554418300816e-006	-1	
109.33458721166031	9.9498397404741823	-4.2478042404465697e-005	3.4496711055335277e-006	-1	
33.448716840446089	112.98135415768124	5.7151029903311289e-007	-4.0471547303286628e-007	-1	
35.027729333658229	113.10806897998272	1.1322419619796855e-006	-5.4820628574376167e-007	-1	
39.610964986344307	117.43865690403462	3.3836490121511776e-006	-5.9989283303266902e-007	-1	
42.494604030701062	116.77563327234289	5.3853993241682781e-006	-5.7042814121825412e-007	-1	
35.063557478498218	113.7932768338359	1.2629947925818767e-006	-6.7813695049517155e-007	-1	
35.792507246993033	114.45362977261136	1.552626660385697e-006	-7.4797556580351087e-007	-1	
46.557210679075638	114.2191719086631	3.3905096020528043e-006	-5.3197662466564514e-007	-1	
35.341865731197764	116.08772442957178	1.3380015576304284e-006	-9.5479513308331265e-007	-1	
46.795130887917473	107.73831089527611	-7.7656294036370667e-007	-2.7509684694699391e-007	-1	
47.573237226916341	111.01167379091031	-3.6446065851010714e-007	-2.9153436188029673e-007	-1	
34.12671282633147	113.13600004213892	8.411380343267133e-007	-4.951340353956919e-007	-1	
33.832840735127625	113.20239929627061	7.4149610204774488e-007	-4.7317753139164558e-007	-1	
34.406244761788216	113.24839027302033	9.673695432429697e-007	-5.4482781444939921e-007	-1	
53.397555229661421	103.71608728675669	-2.9442858283136799e-005	1.8396939516611885e-006	-1	
52.809233468859325	105.96858810891445	-2.4135021982157195e-005	1.4873252026477812e-006	-1	
49.935588872858446	107.92374452652837	-9.730840444639918e-006	3.8692166375456688e-007	-1	
54.472978333111207	101.42097061912901	-3.7480243763695461e-005	2.3568536822990621e-006	-1	
54.568529516476843	102.513125642589	-3.7126001166568134e-005	2.398870013893995e-006	-1	
53.669556785438118	99.447224784505224	-3.5324753197177177e-005	2.0381769691701414e-006	-1	
53.769739946204218	98.807509690773571	-3.659481948899358e-005	2.0579430103653043e-006	-1	
54.377427149745564	100.328815595669	-3.8001887511464674e-005	2.3129903909383501e-006	-1	
62.440454789158188	99.073134749128698	-8.2719210643044286e-005	1.6298081750360266e-006	-1	
54.42986409508039	98.398327287018077	-4.0234594989229362e-005	2.1392164735905731e-006	-1	
54.281875966379936	99.236660572209004	-3.8599810554461557e-005	2.2474162785314685e-006	-1	
54.234100374697114	98.690583060479014	-3.8947773581355208e-005	2.1985040668416013e-006	-1	
55.679271087540137	101.07555307902702	-4.4840199703049085e-005	2.2531459410571516e-006	-1	
56.507811318576273	102.86361929541218	-4.9021500926543894e-005	2.291188391168763e-006	-1	
59.063732425413228	103.13749419265449	-6.5299940797022561e-005	2.1552080333524787e-006	-1	
61.533265470699448	102.42394902803217	-8.1126760981703266e-005	1.9621523859477824e-006	-1	
62.038723873883214	100.51917305399371	-8.2440069509474636e-005	1.7790445059427193e-006	-1	
54.186324783014292	98.144505548749024	-3.9349775564958018e-005	2.1225187214328394e-006	-1	
63.779384948190447	97.548049261166199	-8.6724523944475661e-005	1.7051846955266788e-006	-1	
63.139546249519668	97.207123913273463	-8.2638674531344629e-005	1.520393388827482e-006	-1	
62.986640376661676	97.22050144373506	-8.1901677609341265e-005	1.515434484876607e-006	-1	
63.336429675139861	97.514009515077873	-8.4443987903005824e-005	1.5745677498981736e-006	-1	
62.748133393410974	97.318406228500947	-8.0905958841858666e-005	1.5663977656878238e-006	-1	
66.91452140815862	99.332537689729122	-0.00010551177155871153	3.3287082918038945e-006	-1	
64.973247216969227	98.287158414040618	-9.4387715185246287e-005	2.2761996631539263e-006	-1	
65.177029534438944	99.372976337762182	-9.8309316074723913e-005	2.642438992526851e-006	-1	
68.319036791995075	100.22331495426052	-0.00011276769334854589	4.0805480430201501e-006	-1	
69.884855191669502	100.78399341619776	-0.00011864452584124298	4.6912779828330419e-006	-1	
64.078259045693613	98.017465496302037	-8.9467634524773208e-005	1.8893545764686852e-006	-1	
62.804254186740003	97.665663090053997	-8.201213318165593e-005	1.5256702739844216e-006	-1	
63.095569090488915	98.465562340053054	-8.5417495916841743e-005	1.4826001966141182e-006	-1	
63.047793498806094	97.91948482832305	-8.3940709271250618e-005	1.4621983198133777e-006	-1	
72.701218355610322	99.084604830577021	-0.00011697241181251583	4.3044666570901909e-006	-1	
75.247103693689212	96.147849893919727	-0.00010570629573123561	2.9648837004035074e-006	-1	
74.27338333087269	96.838347800645792	-0.00010876985719857863	3.250395609927938e-006	-1	
74.883360311231456	96.638553636474313	-0.0001078013528048933	3.1806158151006974e-006	-1	
74.435977283392589	97.459276807222651	-0.00011107958315632661	3.5508799474150143e-006	-1	
74.423841180954156	98.563985144932431	-0.00011498399924979293	4.0165104459099879e-006	-1	
78.452484106129589	95.551054092156818	-0.00010078903645424315	3.3398156210002935e-006	-1	
79.660223636947379	97.380693070053866	-0.00010396489060665819	3.6051680348252431e-006	-1	
75.83520809198933	95.897449482729115	-0.00010431586600950153	3.0240037423630811e-006	-1	
76.109275278059286	95.825347112250483	-0.0001038217824632783	3.0654692368487676e-006	-1	
76.385542412241989	95.851290124800173	-0.00010366168166770124	3.1179316385447926e-006	-1	
76.851363632055012	95.867174487386919	-0.00010327270919365694	3.1987442121173355e-006	-1	
75.650688941828193	96.112540759941268	-0.00010530797695362406	2.9925629771586728e-006	-1	
77.525102856188354	96.088003377522654	-0.00010325326200681637	3.3113672038835679e-006	-1	
79.487084282255566	99.206550489863943	-0.00010858708311264086	3.8356451254450644e-006	-1	
81.533596594443665	101.44781233576069	-0.00010948675666957583	4.063991531106856e-006	-1	
94.180154853392423	104.96761342357938	-9.4458194995041296e-005	3.829346114636874e-006	-1	
83.602806680106283	105.35283627052084	-0.00011147966490867487	4.3109080755914131e-006	-1	
89.175737524950108	106.69886627620245	-0.00010248273382685877	4.0595683281723241e-006	-1	
101.84587262778355	99.05096047106278	-8.3331380965801541e-005	3.54333188901659e-006	-1	
100.75955520006109	104.7397837609693	-8.7121788205826936e-005	3.6547034907248922e-006	-1	
105.97292983603489	94.987686572175704	-7.8428429818128208e-005	3.4419315158581199e-006	-1	
107.4076356582211	88.916687039466368	-7.4042179918840507e-005	3.3489250239162792e-006	-1	
109.17753264324396	82.934807670507212	-7.0057063161727147e-005	3.2817122506816608e-006	-1	
33.42385167646345	113.57353879205803	-1.9564815507007277e-007	1.0892780635525124e-007	-1	
33.739650986334603	113.85296496641395	1.6529604773914113e-007	-5.6244337347158467e-008	-1	
33.806058246566771	114.271745271	-3.2798034168342591e-007	2.1182365468869824e-007	-1	
34.350000000000001	114.5626468266735	1.1762204158458868e-006	-9.2518047617799705e-007	-1	
34.875831925405734	115.0172252657844	1.2686208525183381e-006	-9.2357248009764644e-007	-1	
-123.10339533349385	298.20796000790079	-1.9243710630303702e-005	1.5501663124515759e-006	-1	
-117.08285667274552	296.70964706683782	-1.9365111019543221e-005	1.5570005030716619e-006	-1	
-110.71780062680297	299.55312374509003	-1.9704531809164658e-005	1.573780555299259e-006	-1	
-102.79423269277316	297.40126936304495	-1.9907849839062686e-005	1.5849902655351971e-006	-1	
-98.333534209589715	294.30944111023155	-1.9947926037932789e-005	1.5881949733838753e-006	-1	
-92.923025780741327	294.73796350653146	-2.0198066559512329e-005	1.6009026947490537e-006	-1	
-86.610593963489109	290.04627937697472	-2.0265577561686797e-005	1.6064098194194572e-006	-1	
-72.980272285742345	278.91876663869692	-2.0384455052482712e-005	1.6187352948954138e-006	-1	
-79.933674472151296	288.23146713070992	-2.0506016651598943e-005	1.6196168966542332e-006	-1	
-75.005106241960362	284.65916507602617	-2.0581330457020023e-005	1.6254076704727289e-006	-1	
-183.54576863059941	302.31832847912693	-1.8353663022679164e-005	1.5019065047684957e-006	-1	
-189.40566223127527	302.88657781851219	-1.8346249100086983e-005	1.5014105957790752e-006	-1	
-200	299.9232550257741	-1.821213900926559e-005	1.4947023916120196e-006	-1	
-194.87505302724145	303.97156340132062	-1.8371855521965659e-005	1.5026020081998084e-006	-1	
-167.72372579239988	305.55839299217649	-1.861745751081637e-005	1.515422062663527e-006	-1	
-175.19689444148185	306.92540417705902	-1.8588758728036764e-005	1.5136827698399357e-006	-1	
-128.44116314680193	305.45238725211141	-1.9385754734492156e-005	1.5556962788532284e-006	-1	
-141.66702414585518	309.77853006064151	-1.9220082066305692e-005	1.5462355316791573e-006	-1	
-134.32077023302813	309.85737113151231	-1.9399608017036545e-005	1.555471410277373e-006	-1	
-147.3322390204066	310.47182814461939	-1.9124992252231902e-005	1.5411915381569569e-006	-1	
-151.59946132766615	314.26209668240307	-1.9176322420274755e-005	1.5432530934997722e-006	-1	
-162.2188147915312	310.79412829008174	-1.8880451921276197e-005	1.5284225412972257e-006	-1	
-156.30327727259797	318.04196307226772	-1.9220624523877707e-005	1.5450275839396215e-006	-1	
-162.30794076250129	317.44422505101988	-1.9107455343480408e-005	1.5392967242476953e-006	-1	
-50.896207843079431	260.34900112161233	-2.061587863264736e-005	1.6465599968332617e-006	-1	
-55.145290695359215	264.11392028707911	-2.0576585088997953e-005	1.6406261866403598e-006	-1	
-60.211124396947625	273.49507135390519	-2.0832911484331659e-005	1.6457907537527815e-006	-1	
-54.088086149870605	270.74316601485629	-2.1074974809815146e-005	1.6604608966306032e-006	-1	
-65.994888160476606	278.45328062235569	-2.0760834290841579e-005	1.6384458902521948e-006	-1	
-19.205801246687727	242.5895631421424	-2.2104569633661147e-005	1.748470909743068e-006	-1	
-14.159249108981133	244.48809135010427	-2.2850409589237645e-005	1.7825537011036878e-006	-1	
-23.033546787386719	248.50642500182312	-2.2166112241695045e-005	1.7418652555578841e-006	-1	
-8.8922559412731808	243.33445327586449	-2.3412070043449121e-005	1.8122653261010669e-006	-1	
3.0250926696931018	238.62192667073634	-2.471411176943276e-005	1.8834636334675494e-006	-1	
-2.7743608122258547	248.3567376007077	-2.4574473349403604e-005	1.8587719369812338e-006	-1	
3.8069727569126801	245.6826266632001	-2.5314275974133826e-005	1.8975006393316849e-006	-1	
8.8562186552153506	239.31612580120827	-2.5671666107562668e-005	1.9260021477771601e-006	-1	
13.440758115108029	233.93751302578295	-2.6069447329723536e-005	1.9561876728627676e-006	-1	
16.380099034394576	222.43601643395544	-2.5773771314563799e-005	1.9759516100708495e-006	-1	
21.168747763178033	224.60397483234644	-2.6913504856101258e-005	2.0192391601833469e-006	-1	
23.235621757352675	230.31436445458445	-2.7676032915995661e-005	2.034965191130366e-006	-1	
30.136227916768128	196.00345791089129	-2.6730200198286659e-005	2.1637483493863356e-006	-1	
35.036777189081775	191.38961164407195	-2.7967024682378061e-005	2.2572729681579104e-006	-1	
38.76610375889522	184.70921000061352	-2.8752195790845744e-005	2.3653293714843402e-006	-1	
39.436239741246624	177.20298692145553	-2.8146659578082884e-005	2.4626591870008123e-006	-1	
40.87707799352286	171.85790891518229	-2.7996499025673229e-005	2.5767083478906633e-006	-1	
37.35719729128536	166.27055592828987	-2.439199719587364e-005	2.6371651983956733e-006	-1	
30.004053826354163	203.95240090875495	-2.750645042338487e-005	2.1378588806948205e-006	-1	
32.309283813478089	209.8963942439359	-2.8617005581122265e-005	2.1490109859119686e-006	-1	
26.099345455036254	216.7134680083868	-2.7479313375399075e-005	2.0720639150587931e-006	-1	
21.106107479895162	219.34780926610486	-2.6522774943097182e-005	2.0203369523137297e-006	-1	
-45.107883709626755	263.13884792155125	-2.1243226248866616e-005	1.6762573012517932e-006	-1	
-35.297500960593368	261.80920722655026	-2.1962794147700187e-005	1.7141723605633311e-006	-1	
-37.642318738707431	267.6765079846449	-2.2142217935396118e-005	1.7170399506764245e-006	-1	
-24.310395186408797	252.81075018603573	-2.2366899288672659e-005	1.7456088213610906e-006	-1	
-27.976850247690443	259.74795481691035	-2.2494614356569081e-005	1.7429698634887578e-006	-1	
-24.251905115581412	257.12875450723379	-2.2681920495681867e-005	1.7554116175105773e-006	-1	
35.399803936750622	136.38241190399589	-2.8777011835195024e-006	4.10355015888293e-006	-1	
35.13735295257505	137.7461472213285	-3.8921153823060072e-006	4.9128868242961952e-006	-1	
37.806967312036683	131.90172998906016	-1.8233076782580599e-006	1.768994940104926e-006	-1	
38.413594248221784	134.85900701598672	-4.4961284300647193e-006	2.8122964436064054e-006	-1	
37.000720373182325	135.8654354496162	-4.0969233216998117e-006	3.423718052550179e-006	-1	
32.391926436404667	141.33688709481765	-4.687125318116952e-007	6.8264921354166152e-007	-1	
32.924758907483671	140.51114296953241	3.6929699911437674e-007	-3.8726799203723649e-007	-1	
33.755791748851749	139.9479531765131	4.7675681961045415e-007	-5.1294780706026447e-007	-1	
33.482893189981418	140.48055347304802	-3.9867325323950016e-007	3.2255233802890669e-007	-1	
32.593548642881927	142.29871467215909	1.3141008643221453e-006	-1.4202320244026821e-006	-1	
34.350000000000001	139.10988253866117	-4.6894126316544305e-006	5.8404560047648025e-006	-1	
34.350000000000001	140.01903941688295	-5.6202094047603237e-006	6.1010387033509715e-006	-1	
35.137356848812175	138.65530409955028	-4.8978317715151427e-006	5.2347432493873216e-006	-1	
41.701936428989285	129.53099990103965	-9.7412703644258885e-007	1.0743125050387577e-006	-1	
40.756896275582484	131.26032312619805	-2.4895390159799492e-006	1.5393136413707485e-006	-1	
43.450115864357443	127.69718350694286	1.1213912119798261e-006	6.1802843953447597e-007	-1	
43.259013497626171	125.51287346002286	2.8027857522278147e-006	2.288475097328662e-007	-1	
42.876808764163613	121.14425336618287	4.8211381492958547e-006	-3.112772552462417e-007	-1	
40.769205112919309	162.3988842080324	-2.5642598591267986e-005	2.8194036354421582e-006	-1	
39.63131835182989	157.36531161957495	-2.2750574874307223e-005	3.0335096661967759e-006	-1	
39.519383860472601	152.11677538193987	-2.0065245999800007e-005	3.3482593087736799e-006	-1	
36.173177934813509	148.28046699648391	-1.4134455534844806e-005	3.9109479342875039e-006	-1	
32.709582555210176	145.79939052074351	-8.6008677875764765e-006	4.6751355149334822e-006	-1	
32.167339292099605	144.49584564375647	-6.6459535320121769e-006	5.2593326565046365e-006	-1	
32.593548642881927	143.57858232467109	-6.0637640164077924e-006	5.9185810372661285e-006	-1	
33.127869112437374	142.90000000000001	-6.0582406956539812e-006	6.4520425894032186e-006	-1	
34.107850950441993	145.99458913140415	-1.0209070077420249e-005	4.5758315044143874e-006	-1	
63.850071295104733	0	-4.3160460411085882e-007	7.4205991654921577e-007	-1	
63.319266450549293	0.5325542880709585	5.9938970850730748e-007	-1.13032980094478e-006	-1	
111.87898430492284	74.418427480804155	-6.4855565318385435e-005	3.2226149583288293e-006	-1	
113.83498121058503	79.318781770445597	-6.7137598439331568e-005	3.260855700717258e-006	-1	
112.59664011503745	65.555233364740133	-6.0404267913922363e-005	3.189813336652561e-006	-1	
116.63297893508394	72.129556336469747	-6.3406606551321873e-005	3.2295752584865537e-006	-1	
114.1700428116937	60.548483476313933	-5.8169282965292201e-005	3.1906415707145047e-006	-1	
112.18842947075056	55.688817946866749	-5.5851502520292709e-005	3.1805011544452488e-006	-1	
113.62235788500065	44.116831904688127	-5.160399864647474e-005	3.2189939625365199e-006	-1	
115.9766005224391	52.236720983691427	-5.4987728532094766e-005	3.204112630707587e-006	-1	
65.810774354448583	1.2424522767228918	-8.3104477177522765e-006	7.5074393880537108e-006	-1	
65.364828947809144	1.0116514668107521	-7.3448539569151488e-006	7.8688167589593427e-006	-1	
64.787020223962912	0.66315393716390458	2.3261352582003206e-006	-2.5188908228154523e-006	-1	
64.049534077507744	0.71165494625724823	1.5656994827269323e-006	-2.5921834143686865e-006	-1	
67.598104931129413	0.83340377859368375	-1.1301595639654249e-005	6.7681406155117198e-006	-1	
68.036933320026705	0.78243129813966972	-1.1957268113313039e-005	6.5602744084438504e-006	-1	
67.289552246821998	0.95810176853587525	-1.0827369488869449e-005	6.8950991223946236e-006	-1	
67.058285614249371	0.88300536833012988	-1.0446543503513467e-005	7.0469612692781703e-006	-1	
66.819200479504545	0.99547913276695665	-1.0058503532213576e-005	7.1351504603484721e-006	-1	
66.449900058001433	1.1964261875910454	-9.4623188482480669e-006	7.2304969451045297e-006	-1	
66.142344536873168	1.0350513864914217	-8.8765131869724885e-006	7.4674651680519273e-006	-1	
68.659074857224397	0.32376132178838402	-1.2825421513246806e-005	6.3177091716973783e-006	-1	
68.496699501767964	0.49347652879264392	-1.2604795507833157e-005	6.3791906272203902e-006	-1	
68.660214597090601	0	-1.2825332158517505e-005	6.3260051793490829e-006	-1	
109.47943373066941	0	-4.2086682907656338e-005	3.4744292736612116e-006	-1	
111.29070473522542	5.0023420764377269	-4.2921061523584626e-005	3.4510850658861259e-006	-1	
117.99083754954889	21.170514109883147	-4.6933894668239672e-005	3.3453885213356084e-006	-1	
121.51245271864738	33.538662034385872	-5.0340132659963665e-005	3.281785745913741e-006	-1	
121.69141481895747	24.832206779206842	-4.8591753577119498e-005	3.3203839987538455e-006	-1	
114.95883685650551	8.8557737473614253	-4.4471356457791386e-005	3.4143082255388351e-006	-1	
119.34855735131258	16.239856891008554	-4.6645878145658191e-005	3.3635320379309541e-006	-1	
119.01148146710739	39.904861255920572	-5.1440754985278168e-005	3.2525211774713978e-006	-1	
34.596132356407018	113.57674497422587	1.1060781309554923e-006	-6.3464904261578104e-007	-1	
45.717954180811134	117.39174663534979	4.6953271556151205e-006	-5.404311136912955e-007	-1	
34.55590047568753	113.88077916800718	1.1586443372487672e-006	-7.1969939229460101e-007	-1	
34.817425122091194	114.32460024717261	1.2537051695462411e-006	-8.0607856014824161e-007	-1	
49.213132419665989	113.29580735644932	-4.1408484150745408e-006	3.8960474177367606e-008	-1	
48.949028797969483	116.81751786156241	-1.7809431304853108e-006	-6.4742443414685431e-008	-1	
50.471177843554827	110.78108190426616	-1.0039006299363424e-005	4.607634818332463e-007	-1	
34.216964629809162	113.42344443486	9.3808347339623126e-007	-5.5219577681311617e-007	-1	
33.971299768352615	113.50061991845692	-1.6644844250084986e-007	6.1116244213632894e-008	-1	
34.350000000000001	113.50000000000001	1.02347342345557e-006	-5.9892924783219039e-007	-1	
54.759631883208129	104.69743568950901	-3.6689599809419439e-005	2.4769162434591386e-006	-1	
54.950734249939408	106.881745736429	-3.6537778603314444e-005	2.5555783229169569e-006	-1	
52.777325417942009	109.01107744074147	-2.1994946215264941e-005	1.3997726974506661e-006	-1	
63.191120273854558	99.557717363513063	-8.8145092452815793e-005	1.5673120192326597e-006	-1	
57.498603192497058	105.55832141901445	-5.4643315496740724e-005	2.3668966080507717e-006	-1	
61.025456064759567	105.24976177476761	-7.9211752501223766e-005	2.1859913789805056e-006	-1	
63.382222640585837	101.74202741043305	-9.2857945708577186e-005	1.7817979478815789e-006	-1	
63.573325007317116	103.92633745735306	-9.6594541529726067e-005	1.9799108771628991e-006	-1	
63.286671457220194	100.64987238697306	-9.0634165293828904e-005	1.6742792424471581e-006	-1	
63.525403345249352	97.953999738182304	-8.6538850840474685e-005	1.6690415918958723e-006	-1	
63.000017907123279	97.37340731659306	-8.236915417171936e-005	1.4805979522927243e-006	-1	
66.794290786241163	100.88761700632479	-0.00010903046110941997	3.7173258289696292e-006	-1	
64.392234205891242	98.595400560954516	-9.2510075730373477e-005	2.1216675302973527e-006	-1	
64.028988010929965	99.372757960922328	-9.2528082693335814e-005	2.0655081116009278e-006	-1	
64.602782852622582	100.56056458188573	-9.8071385927386582e-005	2.5440816258908649e-006	-1	
68.394664170796148	102.47889483440105	-0.00011863234453092922	4.7479871048226324e-006	-1	
72.826033676642908	101.68925363295668	-0.00012435638101321111	5.1790012701363956e-006	-1	
70.787911151437427	103.08053166252131	-0.00012582604094526286	5.4780598954188841e-006	-1	
63.73514985894559	98.566599498908204	-8.9132491074098703e-005	1.8235542827770023e-006	-1	
74.952182329280987	100.17952976582485	-0.00011966057090394238	4.5013820334032387e-006	-1	
75.483357144221003	96.52408437579092	-0.00010699871250574716	3.1564369199863904e-006	-1	
75.270536889623955	97.038268065925735	-0.00010906977668424755	3.3644933164042431e-006	-1	
75.061689088394814	97.661944212733971	-0.00011144651236410346	3.6170765232984018e-006	-1	
75.554403453344932	98.364414767284671	-0.0001133389695377516	3.8118078309524376e-006	-1	
77.907213702927294	97.105022450789249	-0.0001057064484439525	3.4829431053039947e-006	-1	
78.061193914459167	98.15020074753221	-0.00010838019297221296	3.6553098061369722e-006	-1	
76.054274189967174	96.07723162596281	-0.00010482139007972607	3.0369651532515146e-006	-1	
76.207180062825174	96.063854095501213	-0.00010461005410189038	3.0715773670347585e-006	-1	
76.459064576537486	96.118855183593311	-0.00010452296629620414	3.1512505481851635e-006	-1	
76.845251285110891	96.28922907706891	-0.00010466071470362621	3.2479857523091425e-006	-1	
75.91367199148236	96.413643393979399	-0.00010619840621864309	3.1374341964945768e-006	-1	
76.834868549322891	96.930631034358441	-0.00010672316501027099	3.35151231656263e-006	-1	
78.542044128848829	100.93587371502245	-0.00011443695038641057	4.1079926734441988e-006	-1	
77.713503897812672	99.147807498637235	-0.0001117386691601275	3.8248635534012029e-006	-1	
79.532836002769372	103.63057583862464	-0.00011765006269293892	4.4196827007312644e-006	-1	
96.476388482449906	109.73927354954338	-9.3775720197549387e-005	3.8466259760309412e-006	-1	
79.625865963533613	106.92398077806243	-0.00012237374144447795	4.74567665398684e-006	-1	
81.567099779590251	111.01473261980766	-0.00012099344123526471	4.7856843830250167e-006	-1	
89.039909559676303	112.43043724247831	-0.00010563587164835506	4.2253186144156069e-006	-1	
110.42515805864809	103.63736154912483	-7.9358989206315922e-005	3.4911892449603737e-006	-1	
103.57066960840463	109.84702718265591	-8.620378481073978e-005	3.6508688199628551e-006	-1	
112.50460894610178	93.326235280839569	-7.4328737381522213e-005	3.3805729039550889e-006	-1	
117.3048188822	88.595354077538175	-7.0540553779679189e-005	3.3259288459293278e-006	-1	
118.32376497687736	82.927003805262387	-6.790007815620011e-005	3.2875614802014326e-006	-1	
34.160579900331655	113.82792419183453	-2.4917121905453307e-007	8.8029008079388986e-008	-1	
34.350000000000001	114.10806838756261	1.1625478213568012e-006	-8.0395887094280816e-007	-1	
-123.37785559094857	307.20230061144292	-1.9602647015509285e-005	1.5664759870292825e-006	-1	
-117.81253038156154	302.87076739625718	-1.9602069230671149e-005	1.5675250983724226e-006	-1	
-108.09062371015737	303.67515558114644	-1.9972577120769388e-005	1.5863071182336987e-006	-1	
-112.92898035923422	307.06662052622141	-1.9935938459439795e-005	1.5835327335981003e-006	-1	
-103.64880386888231	305.71560688085276	-2.0225933763686612e-005	1.5985773841500076e-006	-1	
-95.780415106537873	300.7140526143595	-2.03395961292452e-005	1.6058918692639899e-006	-1	
-90.568252839867583	299.42079446114747	-2.0514992281383522e-005	1.6152087261354591e-006	-1	
-85.480962375497541	298.15851989366593	-2.0698320465393911e-005	1.624926311958314e-006	-1	
-78.788433354843207	295.38488655062184	-2.090791651554943e-005	1.6366134063946755e-006	-1	
-64.787540598763059	285.03593517361992	-2.1189491487492452e-005	1.6560444944814251e-006	-1	
-73.408547885053622	290.53310142080693	-2.0966873991344851e-005	1.641813726102943e-006	-1	
-186.30677539263738	309.01970903762145	-1.8586399654850844e-005	1.5132493225052155e-006	-1	
-179.29486998958978	310.85405969889086	-1.869684405209993e-005	1.5188109560991227e-006	-1	
-191.29497213546477	307.69064211101369	-1.8516993762520597e-005	1.5097658544491847e-006	-1	
-200	306.16845846488496	-1.8447980867220577e-005	1.5063239095741965e-006	-1	
-194.93514281153807	311.36507640038985	-1.8638930453628652e-005	1.5157067416799427e-006	-1	
-167.38476525982841	313.14799607762006	-1.8895378393717545e-005	1.5288737493961506e-006	-1	
-172.97306071238157	312.14865042316177	-1.8797825677332976e-005	1.5239218688639724e-006	-1	
-127.50776234650306	310.61450669559935	-1.9609042712660962e-005	1.5660794240788929e-006	-1	
-143.62753338205758	317.25144097319946	-1.9439703847619783e-005	1.556304954231575e-006	-1	
-135.73297938570227	317.63400290511612	-1.9638318452627889e-005	1.5663357743727874e-006	-1	
-131.07152200933319	314.46396526381636	-1.9650690948761785e-005	1.5674745984178555e-006	-1	
-148.66192695178466	318.55270144367449	-1.9377938286842263e-005	1.5529876786068493e-006	-1	
-153.53410902595752	323.00774975096817	-1.942868089734307e-005	1.5550404941542892e-006	-1	
-159.21069933848949	323.32970089668663	-1.9342198362544918e-005	1.5506361504654894e-006	-1	
-166.00319744790107	321.88232851352569	-1.9199124997557122e-005	1.5435135125753082e-006	-1	
-170.29741276726699	318.02080043440708	-1.9024205692687156e-005	1.5349527467274084e-006	-1	
-49.492477792041534	265.84980682185756	-2.1094892167463569e-005	1.6658686665610461e-006	-1	
-60.130000300084845	281.67696166443858	-2.1304736689364572e-005	1.6639105268223478e-006	-1	
-54.820520108771419	279.48954200482956	-2.1535797751000441e-005	1.6770141937955034e-006	-1	
-50.867793433283396	275.41669343022875	-2.1583327192182361e-005	1.6823855400758353e-006	-1	
-44.649138084703438	268.78201538675785	-2.1644929128319358e-005	1.6910992909002566e-006	-1	
-19.03517005987672	252.12031064738213	-2.2876984977839511e-005	1.7717654564869891e-006	-1	
-10.685548529168935	248.61186415141503	-2.3581314412673556e-005	1.8114243697065783e-006	-1	
-13.868436424930294	252.72672780200168	-2.3498815399576013e-005	1.8011537497353835e-006	-1	
1.503948689255501	252.40281274679623	-2.5393594647554825e-005	1.889950946461096e-006	-1	
-6.5452849797844523	254.21070052514469	-2.446768612080999e-005	1.8447832713752715e-006	-1	
9.9483416336010411	245.08597936016992	-2.6193802236730237e-005	1.938005810596924e-006	-1	
8.7999677428821101	251.14845716143935	-2.6340409391266555e-005	1.934004110672035e-006	-1	
14.503987928322832	240.92443078768429	-2.6689895819033416e-005	1.9675623336596482e-006	-1	
19.963308906775783	236.51930500880795	-2.739596101995902e-005	2.0073649502520005e-006	-1	
26.074259119499857	222.71528253400055	-2.7849368418945993e-005	2.0648443673816657e-006	-1	
27.379970279391092	234.08934087756498	-2.8672368953453102e-005	2.0655929172269199e-006	-1	
31.361246760531003	225.55608675247157	-2.9172494456824631e-005	2.1086122453903054e-006	-1	
36.185954125400713	198.95367372414981	-2.9069932485332754e-005	2.2331060880667067e-006	-1	
41.241582358565609	195.86577468745915	-3.0698415614373737e-005	2.3131259419625656e-006	-1	
43.646270617435071	190.45172152273824	-3.1387092851900088e-005	2.3825683601529948e-006	-1	
46.288656935828101	184.25792201147237	-3.2349855244229635e-005	2.473967506778256e-006	-1	
44.718197844246234	175.8443449242946	-3.0947979762281167e-005	2.558052052367303e-006	-1	
43.892864054832238	167.21561334135453	-2.9249177596897967e-005	2.7134147451467088e-006	-1	
37.591362150440666	206.32640957948684	-2.996059688879662e-005	2.21848930791268e-006	-1	
36.231988068575049	214.9220815988412	-2.9928634520962813e-005	2.1759443310069747e-006	-1	
35.454478378764406	220.99844170508371	-2.9962106206219839e-005	2.153991495508004e-006	-1	
-31.652770183020273	265.66437063904357	-2.2539114549084938e-005	1.73862523835106e-006	-1	
-39.356869471588389	273.43208346405441	-2.2345802667860872e-005	1.7218165714899974e-006	-1	
-33.441360608471918	272.39618375597769	-2.2781991265138119e-005	1.7439236517601514e-006	-1	
-25.106985604115266	263.28339021117085	-2.3002869971480456e-005	1.7637235016662015e-006	-1	
-20.230632374216299	258.70290441935282	-2.3201447458998999e-005	1.7787503207324878e-006	-1	
35.977333091179894	137.20067945797416	-4.2679066349782387e-006	4.2954480651330331e-006	-1	
36.838194609757906	136.80067443088637	-4.7838521495343745e-006	3.8486080611440246e-006	-1	
35.922414641009027	138.20072229602673	-5.2062278047015397e-006	4.6990525439387047e-006	-1	
40.583756920890565	133.08618054600799	-4.2262604334774721e-006	2.0688972105300432e-006	-1	
38.419181587970854	136.59367688671759	-6.1133201042674232e-006	3.3929519154924791e-006	-1	
40.059638545311941	135.40640901708269	-6.3354516312290853e-006	2.7900081262050476e-006	-1	
37.703479661428204	137.26841183925248	-6.0796308680160699e-006	3.778241661318453e-006	-1	
33.374350759714503	141.36150927279729	-6.6430568542289678e-007	5.5182360910221871e-007	-1	
34.041822069008546	140.47361785599384	2.4637831160798246e-006	-1.9890958247871259e-006	-1	
33.777983618257608	140.95528627551084	4.9286034006412473e-007	-5.2745803007193463e-007	-1	
33.3950293472151	142.23036929744856	1.2452068674906423e-006	-1.2672543380960443e-006	-1	
35.139833834471126	139.56446097777206	-5.861268099868554e-006	5.4768056027648839e-006	-1	
35.202386325723495	140.47361785599384	-6.8242626450631022e-006	5.5806581204133524e-006	-1	
34.350000000000001	140.92819629510473	-6.570836631691296e-006	6.1795586333019294e-006	-1	
35.94139589797129	139.10769531936748	-6.1489564021021191e-006	4.9420406689049463e-006	-1	
43.641218231088729	129.88149355386287	-1.0976206199052504e-006	1.0770398934780148e-006	-1	
42.530476660025428	131.31906611742482	-2.866445784176668e-006	1.488396630537236e-006	-1	
42.18278664337889	132.31667286852985	-4.0209049816888835e-006	1.7700207042936264e-006	-1	
44.812192517904052	128.67853190969518	1.0473415060093926e-007	7.4523775525192065e-007	-1	
45.400514278706311	126.42603108753742	2.0592851814560305e-006	2.9736461453349917e-007	-1	
45.43242232962286	123.38354175571212	3.8231502113952052e-006	-1.2629599176895284e-007	-1	
44.628760766129133	158.97317706291494	-2.8022753597275119e-005	2.9450950392003473e-006	-1	
44.321682480389136	150.42790472662506	-2.4405263563488601e-005	3.2516652825059554e-006	-1	
39.918212570742419	145.94612158256197	-1.6321614992294894e-005	3.8062045443063363e-006	-1	
36.872283088578193	145.28012282449058	-1.2504679224073594e-005	4.3699806040210276e-006	-1	
33.178394529396591	144.46767270695284	-7.7692398369361537e-006	5.2861714064031345e-006	-1	
33.445657722382791	143.43757717521132	-7.0857455196726486e-006	5.8997741185004933e-006	-1	
33.66218958199282	142.90000000000001	-6.9021507817413061e-006	6.2619697108195348e-006	-1	
35.394497217144725	144.33160368735878	-1.0168815610824321e-005	4.9010371079495843e-006	-1	
34.210932298825362	144.21000591913941	-8.752220406608829e-006	5.2433040793843034e-006	-1	
64.911680984215621	0	-1.1248533473718687e-006	1.3332627345063931e-006	-1	
122.08328122639571	78.564151123509959	-6.5492892207232603e-005	3.2673643314131532e-006	-1	
119.57058749889764	64.99623946893648	-6.0257303947090677e-005	3.2195954079729063e-006	-1	
122.28048431906032	70.283750680031375	-6.2290861459968493e-005	3.2391340377347428e-006	-1	
118.78231729067134	58.044473767532317	-5.7497572523924999e-005	3.2111269640369129e-006	-1	
117.71777701201529	47.416397572118036	-5.3527791964126234e-005	3.2233229367104852e-006	-1	
121.03542795625395	51.414846081472341	-5.5346466728563365e-005	3.2250235481861595e-006	-1	
65.821550136564468	0.85150752658335327	-8.2305820680340331e-006	7.7481830186030864e-006	-1	
65.441535482688039	0.49907095322362482	1.7301458248984535e-006	-1.5487007089436376e-006	-1	
67.79761871028208	0.63659240164704267	-1.159633348292041e-005	6.7074632134133419e-006	-1	
67.650404051134032	0.55807621329345292	-1.1373018938088276e-005	6.8025171286770054e-006	-1	
67.438367928694532	0.66043040525457375	-1.1046314068620771e-005	6.8995810928528652e-006	-1	
67.92291635679004	0.52642231731732203	-1.1781880221533626e-005	6.660588537373049e-006	-1	
68.179201995038923	0.45258673701949609	-1.2154863736293012e-005	6.5372443081823756e-006	-1	
67.14788598661363	0.65696223541623633	-1.058109429174327e-005	7.071919553093316e-006	-1	
66.912781802675042	0.68819169970628535	-1.0190476284661488e-005	7.2055740233193369e-006	-1	
66.693485254468598	0.77851490098932574	-9.8181373654407129e-006	7.3036020510487423e-006	-1	
66.461872215245151	0.84931108786567677	-9.4237898552282835e-006	7.3991958233583102e-006	-1	
66.278271325319793	0.69136358635595396	-9.0819960854942028e-006	7.5792877101593219e-006	-1	
68.524040983670162	0.17242955889399747	-1.2640710273467775e-005	6.386361672024992e-006	-1	
68.461961268695873	0.27599435951117168	-1.2554848947361506e-005	6.4119795814771778e-006	-1	
68.34451108355546	0.33427877706755971	-1.2390885095969994e-005	6.4661528809589321e-006	-1	
68.531852272771175	0	-1.2651753830556719e-005	6.3860248530065761e-006	-1	
117.69462248711294	0	-4.5085220576316563e-005	3.4101650646432651e-006	-1	
122.77371353191074	20.037631082380589	-4.8107638460765395e-005	3.3380351451727506e-006	-1	
126.86047179539997	26.666029169284421	-5.0158678688243798e-005	3.3070122692647433e-006	-1	
126.37696094136069	34.802781455014241	-5.1634116609843195e-005	3.2793468022090713e-006	-1	
126.79249783593131	22.133888278391495	-4.943396396490738e-005	3.3217755614054568e-006	-1	
121.43977507673551	6.3920724121259953	-4.6427206660723271e-005	3.3832545549032657e-006	-1	
127.04665295396059	17.608368784449489	-4.8922040856612212e-005	3.3343778778771186e-006	-1	
126.30525912753626	11.331652296598193	-4.8138271180532293e-005	3.3523573749873343e-006	-1	
123.50215905644913	44.545461082601427	-5.357807659840591e-005	3.24651838940463e-006	-1	
127.71168194820969	39.64839369624147	-5.3009742699473225e-005	3.2657812125386678e-006	-1	
34.350000000000001	113.65348994845174	1.0888133196053829e-006	-6.5754720915535844e-007	-1	
49.533555785400146	120.30040801282789	-3.1004471679654339e-006	1.7107848630070472e-007	-1	
52.66693415354753	113.4516010124829	-1.8772014551897592e-005	1.2456745758733727e-006	-1	
52.770692445240329	119.20477639774798	-1.707128701327606e-005	1.2560773542372977e-006	-1	
34.217292157070339	113.57674497422586	-3.0770998826727553e-007	-1.1598995083814977e-007	-1	
57.591633153261149	108.85172635845225	-5.4333519384618257e-005	2.5170888520008697e-006	-1	
55.332938983401974	111.250365830269	-3.6615897927812556e-005	2.7074166893598416e-006	-1	
61.505733204189198	108.5092869760898	-8.3024469883108846e-005	2.3518839705990983e-006	-1	
63.764427374048402	106.11064750427306	-9.9540938615114152e-005	2.1483656419866632e-006	-1	
65.41540639274254	102.62128687024713	-0.0001060181175771048	3.2905165881993684e-006	-1	
65.610089429024598	104.84865832897171	-0.00011015498274139305	3.6327949244548262e-006	-1	
68.829363698191912	105.81056531489033	-0.00012522577245418348	5.3997606781803962e-006	-1	
75.431788039933906	101.78834170636686	-0.00012323832304762802	4.8070724891221546e-006	-1	
74.843466279131817	104.04084252852461	-0.00012926133872283923	5.502942402461459e-006	-1	
71.969821683132167	105.99599894613846	-0.00013213201006682249	6.0667021339109694e-006	-1	
76.507211143383699	99.493225038739197	-0.00011523461785633608	3.9020310302003201e-006	-1	
76.602762326749342	100.58538006219919	-0.00011803350226464533	4.1306666363830848e-006	-1	
75.803972756476711	96.879764110383775	-0.00010799470371766472	3.2941827732509528e-006	-1	
75.703789595710575	97.519479204115456	-0.00011034579599300891	3.5182496889356134e-006	-1	
76.411659960018071	98.401070015279203	-0.00011211395536436099	3.6432595512617461e-006	-1	
77.066774261348769	97.793497606203559	-0.00010904852467832077	3.5416283116205037e-006	-1	
76.220557593286784	96.216759968359199	-0.00010514758480374121	3.1004353914679545e-006	-1	
76.464096905352889	96.470581706628252	-0.00010572748418908032	3.209071575588005e-006	-1	
76.268333184969606	96.762837480089203	-0.00010700112943404183	3.2353969110891035e-006	-1	
76.316108776652428	97.308914991819194	-0.00010877542186183534	3.3730734983464553e-006	-1	
76.793864693480614	102.7696901091192	-0.00012286685707264261	4.5191379364351556e-006	-1	
76.984967060211886	104.95400015603917	-0.00012677804244332907	4.8300765565768962e-006	-1	
97.20608196353875	118.59969751076815	-9.3310604762180668e-005	3.8385787729981644e-006	-1	
101.95034957781787	115.44710419852248	-8.8306245460207652e-005	3.7076042316291774e-006	-1	
91.510784496887482	118.49719602458595	-0.00010125578995039171	4.0752372628365325e-006	-1	
77.367171793674444	109.32262024987917	-0.0001317836924766561	5.2281726299455784e-006	-1	
77.749376527137002	113.69124034371916	-0.0001335974911207024	5.381959968872681e-006	-1	
82.086768985818395	115.51279701190367	-0.00012104853020222088	4.8209432871453465e-006	-1	
85.458970776396413	121.00445264649261	-0.00011155741929734655	4.4095213569002807e-006	-1	
109.11658679974674	111.64399743614746	-8.192838711479861e-005	3.5538705963049167e-006	-1	
116.07901640329203	107.47948654257812	-7.6829466102696254e-005	3.445108081998664e-006	-1	
116.25095355166164	100.64585820445285	-7.5223594788076953e-005	3.4128194085899447e-006	-1	
107.32452053866524	116.92045108128093	-8.3403353934609513e-005	3.5854051323520654e-006	-1	
118.32909435255466	94.435357725484621	-7.2376354873496054e-005	3.3604699864407193e-006	-1	
122.05064847752917	90.786539696830786	-6.9930933696043092e-005	3.325617139154711e-006	-1	
124.3707634754665	84.336532521518592	-6.7154863895104935e-005	3.290309673778358e-006	-1	
-118.72833392053849	309.86335837231843	-1.9848589576235323e-005	1.5784264758928977e-006	-1	
-125.52500813048306	315.47119280051589	-1.9842844923028597e-005	1.5770139341725851e-006	-1	
-107.97288158753808	308.56180492414001	-2.01716439928419e-005	1.5950866675787143e-006	-1	
-114.24278060285305	313.36964941943387	-2.0128494402951194e-005	1.5917949544477548e-006	-1	
-96.890439904604264	307.24445533789464	-2.0561682661118744e-005	1.6150143191485428e-006	-1	
-100.71246159911652	313.02416218555817	-2.062420159336654e-005	1.6165832231614497e-006	-1	
-90.460829859456211	304.66124498146155	-2.0740596444112173e-005	1.6247332459261349e-006	-1	
-85.359110237658953	303.41002044161041	-2.0929982729421493e-005	1.6345590618221681e-006	-1	
-80.302474808868581	301.19269347572725	-2.1087432585885647e-005	1.6431858272667145e-006	-1	
-71.994701882657267	297.50946619503935	-2.1370672725055882e-005	1.65866922916796e-006	-1	
-65.988679354282326	292.66082295066593	-2.1496081321090133e-005	1.6671476243902243e-006	-1	
-59.868944428565264	289.71780610574285	-2.1732635628971479e-005	1.6803396664695823e-006	-1	
-189.84012938101722	312.25566499266995	-1.8682962026598481e-005	1.5179060469911978e-006	-1	
-187.60881085294196	316.49562006041316	-1.8835584070261589e-005	1.525376920836218e-006	-1	
-176.94136399294862	317.23724617780812	-1.8931633399417194e-005	1.5302712272672324e-006	-1	
-182.9290752091496	320.22109596518879	-1.8982944400029173e-005	1.5326136491353807e-006	-1	
-200	312.41366190399583	-1.8669909244381433e-005	1.5172040694209712e-006	-1	
-192.69009848943753	316.46259390257023	-1.8815578613560021e-005	1.5243446692415038e-006	-1	
-140.30960826618167	324.07797718528542	-1.9735706028636562e-005	1.5703677530451213e-006	-1	
-147.89007713849185	323.6949427150123	-1.955799581909788e-005	1.5614925906975647e-006	-1	
-129.52894462985631	321.74457927387618	-1.9938319038690297e-005	1.5808134185186009e-006	-1	
-134.61779310263901	324.30417848144259	-1.9882803278825012e-005	1.5776989939918224e-006	-1	
-151.28300815781159	328.04036818205765	-1.9621013750117849e-005	1.5642223355546084e-006	-1	
-156.27180181538853	330.38699155056577	-1.9597468628265468e-005	1.5628544534955208e-006	-1	
-167.65536341153444	327.41604624607322	-1.9344662085849592e-005	1.5504078613161324e-006	-1	
-163.83637035539013	331.49142481167144	-1.9510886005262336e-005	1.5584491106186973e-006	-1	
-173.46337246130608	327.25268907517159	-1.9274837550831514e-005	1.5468945106625684e-006	-1	
-178.14927645200336	323.8172912121168	-1.9128137677761024e-005	1.5397239950807914e-006	-1	
-55.750127080917423	285.390732693085	-2.1784027594939866e-005	1.6854195409359144e-006	-1	
-45.822332797344906	283.93083010698263	-2.2411181114201418e-005	1.7170083337961971e-006	-1	
-45.282526965396265	274.40825792637224	-2.193709214002312e-005	1.7008313405766948e-006	-1	
-13.586182819110686	257.92126446294702	-2.3871506311198295e-005	1.8117881915699373e-006	-1	
-1.3953343734517005	257.52812385935908	-2.5304825584501547e-005	1.8785263175279113e-006	-1	
4.727434728646708	257.3306717171921	-2.6086963826399707e-005	1.9136321512870366e-006	-1	
-6.3208405903227582	261.17046889156319	-2.4902253452351164e-005	1.8555536553957859e-006	-1	
18.469836744314602	249.84015138054122	-2.7740241518764395e-005	1.9957856172237194e-006	-1	
16.494546530361404	255.12819978118188	-2.7639468671902483e-005	1.9832989402675312e-006	-1	
11.238608484748251	257.18740899287781	-2.6966929535316095e-005	1.9519082413864804e-006	-1	
20.991242777598984	243.37869604528899	-2.7887699068678574e-005	2.0134637284667922e-006	-1	
25.177812552367051	239.24458801145576	-2.8461335191264563e-005	2.0452108686201873e-006	-1	
30.996562994823393	238.37260234481897	-2.9508826810186281e-005	2.0885416745508113e-006	-1	
34.141548142072637	232.04864420827766	-2.9972008134367417e-005	2.121448531442593e-006	-1	
38.268261894565704	226.43988414111936	-3.0750735561216607e-005	2.1653319027239537e-006	-1	
43.852691336387693	202.18779114640711	-3.1834542390111008e-005	2.306452106524803e-006	-1	
47.156293888913353	196.19846794789646	-3.2961938434616079e-005	2.3790268540775321e-006	-1	
50.362459659991025	189.96370248003666	-3.4302998511295258e-005	2.4629745408993198e-006	-1	
49.083994349919536	179.11310774061263	-3.3689424466261458e-005	2.5653437664820591e-006	-1	
56.684323546337971	184.35896461842862	-3.7574153209389352e-005	2.5784260055320705e-006	-1	
49.528889665080712	173.27486371532478	-3.3845506631655938e-005	2.6527965369894814e-006	-1	
50.447863873195828	162.16474439085817	-3.4093123887445394e-005	2.8565289425906749e-006	-1	
51.720464808373002	167.86307382254714	-3.5400401364999416e-005	2.755319436028129e-006	-1	
41.178273222313294	213.02272078122053	-3.1234861188906495e-005	2.2305485036104553e-006	-1	
44.609927754157489	208.98575960829888	-3.2166270903960719e-005	2.2801381069899392e-006	-1	
41.090593377162115	218.63169542052322	-3.1299730859285282e-005	2.2105343089232458e-006	-1	
-24.365224495906599	272.55488781973617	-2.3610874026647487e-005	1.7834032808740615e-006	-1	
-39.043939070176016	279.53849068680302	-2.2705508098460187e-005	1.7343876272448764e-006	-1	
-26.196362321516212	277.86531837999956	-2.3719100162076957e-005	1.7838874656825935e-006	-1	
-31.457573002567297	281.27351885204303	-2.342483091686472e-005	1.7673421439304876e-006	-1	
-18.829374955099055	265.08058201191534	-2.3739247221554366e-005	1.7969331349443293e-006	-1	
36.845770123388839	137.74990000337016	-5.6962418838739654e-006	4.1874875621948783e-006	-1	
37.38630283548224	138.62377097413983	-7.0968359091018905e-006	4.2409903511405693e-006	-1	
41.791496451709115	134.91581952390538	-7.0868471674402938e-006	2.4875548648375778e-006	-1	
42.336766854910636	133.36185116527284	-5.4146534129799536e-006	2.0432486239021622e-006	-1	
39.143317461575755	138.07872473842261	-8.3064981601891332e-006	3.6263207398255432e-006	-1	
40.758775955600349	137.41546227819515	-9.1932562691917448e-006	3.1856210349902471e-006	-1	
41.763414112170345	135.98706268024407	-8.4299096191890669e-006	2.7443439487949395e-006	-1	
33.903873660098867	141.5139349176691	3.0908393055168869e-006	-2.3679615709114309e-006	-1	
33.885182592961058	142.06464239288195	8.415167027386926e-007	-6.9445818927395442e-007	-1	
34.027122669367095	142.5771226693671	3.8200165002336091e-006	-2.3293884166493604e-006	-1	
36.342656656054096	139.93843379347544	-7.3619343068029867e-006	4.9108158068843401e-006	-1	
34.875831925405691	141.38277473421562	-7.399268075355769e-006	5.8222085826916413e-006	-1	
35.825732487864784	141.34925210408059	-8.2008836874561191e-006	5.2709231139784079e-006	-1	
34.350000000000001	141.83735317332651	-7.3799779985498816e-006	6.1817395283678383e-006	-1	
43.736769414454365	130.97364857732288	-2.4439380575463052e-006	1.334912049942769e-006	-1	
45.291798228556537	130.28734385023728	-1.9858495860059032e-006	1.0904073389808679e-006	-1	
43.177206296489302	132.67337600985849	-4.7649188207856671e-006	1.8136199686163343e-006	-1	
43.832320597820001	132.06580360078286	-4.0025179201451247e-006	1.6121004926529335e-006	-1	
47.417946881201729	128.77761998310405	-2.7402050057176778e-006	8.2253866290608027e-007	-1	
48.274158874703318	124.47087466992852	-1.3031635142998641e-006	2.8353953031273219e-007	-1	
49.456069406404779	127.38634195354408	-5.603945632307081e-006	7.9902307085038903e-007	-1	
51.266129988183948	153.25008759328239	-3.3946894089025157e-005	3.0112726210038735e-006	-1	
47.71252918807216	146.64993693781878	-2.6925316511190474e-005	3.1439558830207452e-006	-1	
43.245796865887542	144.23763837209066	-1.9003849826508749e-005	3.4613843177396035e-006	-1	
40.564660152055382	143.11041490896147	-1.4749873565963572e-005	3.8149454421340684e-006	-1	
38.838422798427509	143.2455325983417	-1.292480089628871e-005	4.1563151514105119e-006	-1	
36.195473779112675	143.65979298339821	-1.047714443767076e-005	4.8289142848350654e-006	-1	
34.070298227619666	143.51577634840552	-8.0026496951707608e-006	5.6485033546789108e-006	-1	
33.929349816770539	143.11833240491563	-7.5106110933451956e-006	5.9485211306677467e-006	-1	
34.196510051548259	142.90000000000001	-7.8140864438089981e-006	5.9168921953126981e-006	-1	
35.150865666228647	143.70086566622862	-9.413248383957319e-006	5.1738056017449094e-006	-1	
34.489786885384184	143.55887401359311	-8.5671123408855729e-006	5.4606331078138502e-006	-1	
65.973290673326503	0	-1.0554286934165715e-006	5.7988849323114166e-007	-1	
128.81921273063011	79.234265762225021	-6.4749289259608101e-005	3.2701117474670194e-006	-1	
127.77435320024013	72.546209585688302	-6.2735054975080249e-005	3.253509849485861e-006	-1	
123.81534339992962	60.103428157564451	-5.8548385312079913e-005	3.2286891683436377e-006	-1	
125.62567460880325	65.231131923470414	-6.0358317760017965e-005	3.2369762981304768e-006	-1	
124.98335517284582	54.792458990356153	-5.6874925055784541e-005	3.2330667276211764e-006	-1	
125.84028293734491	49.438038837340841	-5.5318087057952699e-005	3.2414355717333031e-006	-1	
65.959611317304848	0.51390688893615388	2.4561047457241681e-006	-1.5213839497071597e-006	-1	
67.735752350492831	0.48164240575133693	-1.1502921412894178e-005	6.7693969043399996e-006	-1	
67.518449465740275	0.43901982453273319	-1.1172313946694248e-005	6.9023069079187094e-006	-1	
67.68560104891489	0.37863121175348635	-1.1429284522642053e-005	6.8156322935305261e-006	-1	
67.346430815461844	0.44664835711858847	-1.0899702900962482e-005	7.0113181300481161e-006	-1	
67.794371165383268	0.38320311644231592	-1.1592001306803444e-005	6.7541251351578976e-006	-1	
67.944366178252622	0.30305027126181439	-1.1816009778618543e-005	6.6830588930027794e-006	-1	
68.237893855100765	0.25796111255899939	-1.2243188306012269e-005	6.5273235066717468e-006	-1	
68.107494971397941	0.26237114645261178	-1.2056350711312198e-005	6.5977011386776501e-006	-1	
66.963353108452793	0.45114767601485112	-1.0284254988724434e-005	7.247642204297412e-006	-1	
67.191713702830455	0.37107570590115158	-1.0645215734035835e-005	7.1470795348782031e-006	-1	
66.734992514075117	0.53121964612855499	-9.8718402756996905e-006	7.3930684924559824e-006	-1	
66.506631919697455	0.61129161624225459	-9.4679122527072001e-006	7.5098295975077795e-006	-1	
66.29033765827154	0.36010452368122403	2.010807294046502e-006	-1.2048595704590027e-006	-1	
68.454722192620068	0.073563669197310583	-1.2547513292958944e-005	6.422900314139187e-006	-1	
68.405670172187214	0.14859869808215809	-1.247989374685868e-005	6.445760282288346e-006	-1	
68.343240246998505	0.20316812039218235	-1.239281089837022e-005	6.4753207175459468e-006	-1	
68.403489948451735	0	-1.2479401521880693e-005	6.4492768346426708e-006	-1	
125.90981124355648	0	-4.7593483197019495e-005	3.3666331734237634e-006	-1	
129.90807173065247	31.226093776141184	-5.1604558767474831e-005	3.2905187963909727e-006	-1	
132.10051961954892	25.046167019380754	-5.1004358309242216e-005	3.3055638019534495e-006	-1	
131.23797232524655	36.070448937434861	-5.2773562826045695e-005	3.2770864026034131e-006	-1	
131.08367172435811	20.104985969335349	-5.0137935718458478e-005	3.319413995065399e-006	-1	
128.32646370982502	5.5883907870065679	-4.832997077710179e-005	3.354307330647903e-006	-1	
131.43842039192018	15.019129768875539	-4.9693192574859583e-005	3.3296960939475628e-006	-1	
132.49024866055333	10.030599203448801	-4.9556691655650936e-005	3.3354754520430932e-006	-1	
129.15159242342813	45.143930099085438	-5.454194363191772e-005	3.2548106528287868e-006	-1	
136.07858412963174	40.392550566449728	-5.4328110500490823e-005	3.2696415065120822e-006	-1	
53.825578460767559	122.45541908569277	-2.1689500368864295e-005	1.7264291009716474e-006	-1	
51.414616859644937	124.65630830117121	-1.0810782362044649e-005	9.6781916268078253e-007	-1	
55.715143716864532	115.618985924109	-3.6762341609969165e-005	2.8395946839673588e-006	-1	
56.09734845032709	119.98760601794899	-3.7149072081427164e-005	2.9583839879177936e-006	-1	
59.670331442083409	113.0719224984535	-6.7999892679647986e-005	2.6063428525449818e-006	-1	
64.146632107510953	110.47926759811307	-0.00010321705998461712	2.3812365042571478e-006	-1	
66.418402097070086	108.0114545303681	-0.00011724974422621351	4.349224371382345e-006	-1	
71.109218918104062	109.65545868615639	-0.00013550418651046779	6.4643769308529718e-006	-1	
74.811558228214935	107.08333186035053	-0.00013417138108577127	5.9914450417844924e-006	-1	
95.094345928140882	123.89001798358603	-9.3929440308681254e-005	3.828624131949931e-006	-1	
103.80524754945964	123.38456703954591	-8.5298648198538934e-005	3.6182371039234175e-006	-1	
88.638343360322565	124.38445914021007	-0.00010283188028361821	4.066284443379657e-006	-1	
74.171491213416246	112.09752406128449	-0.00013913633524630954	6.6148194114031843e-006	-1	
75.202530917935306	115.87616826717915	-0.00013897713337637825	6.5249982565277725e-006	-1	
78.13158126059956	118.05986043755915	-0.00013246980477162089	5.3358145712423313e-006	-1	
80.772480163921287	120.02984105958241	-0.00012340662427706491	4.8908038290739723e-006	-1	
81.252757303350648	123.28936626090463	-0.00011926804828531753	4.6366006274325675e-006	-1	
84.163456972672435	125.6125657083128	-0.00010966046924083704	4.2225882052564167e-006	-1	
115.82443061378051	118.95885323954548	-7.7463156514440013e-005	3.4484298328590351e-006	-1	
117.74137789235732	113.25886028394542	-7.6458158171262308e-005	3.4342760860661979e-006	-1	
122.55821396891595	109.65848575144237	-7.3848638594426296e-005	3.3856828603098244e-006	-1	
120.8096689731758	104.16885847698398	-7.387577732977911e-005	3.3900764991826351e-006	-1	
122.49102787279018	98.658282330582168	-7.2048263213037505e-005	3.3601024210619279e-006	-1	
110.04101634327824	121.78595363465287	-8.0823021862645329e-005	3.5178870073221743e-006	-1	
125.51547211985671	94.679974586348294	-6.998638152151149e-005	3.3291634688831122e-006	-1	
127.18182952139433	89.872855283905338	-6.8228985100539158e-005	3.3064931206791286e-006	-1	
130.14933653079578	84.884284277033657	-6.6225348161034979e-005	3.2850550996308464e-006	-1	
-119.10976209912235	316.32375784463653	-2.0070984952192949e-005	1.588337233344789e-006	-1	
-122.98607564756821	321.50607798830583	-2.0122704419684568e-005	1.5900328346362716e-006	-1	
-108.55932503453541	313.70520608505103	-2.0342995558090332e-005	1.6024533739502342e-006	-1	
-111.80150774832377	320.32009080999234	-2.0454991335178732e-005	1.6066889439674436e-006	-1	
-95.171057022208998	312.53502629984132	-2.0838077228389e-005	1.6272712529042775e-006	-1	
-90.248629271484702	310.13394574850327	-2.0966233590316729e-005	1.6342433335213027e-006	-1	
-105.39232705226425	319.35945585732941	-2.0660683191045947e-005	1.6169930346897231e-006	-1	
-95.57616153997715	318.19030366441086	-2.1021648131549506e-005	1.6349124264111993e-006	-1	
-99.572965016706164	322.21172551606185	-2.0987132799907807e-005	1.6323967764346172e-006	-1	
-81.578853690275793	307.05731620484698	-2.1262062755286757e-005	1.6497124413926972e-006	-1	
-71.984438434132173	304.62764859248233	-2.1674422573134168e-005	1.6706585568738498e-006	-1	
-64.170401726521703	301.05728321894645	-2.1978897116871986e-005	1.6868319466193263e-006	-1	
-57.589633904686082	297.06801230120362	-2.2216075501550743e-005	1.7000977918661437e-006	-1	
-53.161044850538133	290.77449289076742	-2.2224656512768559e-005	1.7037477602223829e-006	-1	
-190.60819435583144	321.0979202071984	-1.8969893570830408e-005	1.5318669763499427e-006	-1	
-183.85431180626938	326.13066732461874	-1.9156476347813995e-005	1.5409873471404877e-006	-1	
-200	318.65886534310675	-1.8876601789203586e-005	1.5272859584103528e-006	-1	
-194.76618190572827	324.3283193717694	-1.9058470375446861e-005	1.5361370059855668e-006	-1	
-138.19533259582573	328.73691330962782	-1.9925648753427308e-005	1.5793239381677647e-006	-1	
-142.61833514933141	331.30846844857462	-1.9895472057794386e-005	1.577581052173545e-006	-1	
-147.80358597804849	331.93573930401334	-1.9800490712932328e-005	1.5728190225096728e-006	-1	
-129.02341764783245	327.08442931333832	-2.0118283313387791e-005	1.589043800001768e-006	-1	
-133.32152478045495	330.29314105638991	-2.0094575027449479e-005	1.5875099561005675e-006	-1	
-155.70007837412066	335.75496406865574	-1.9752917036362977e-005	1.5701889986404242e-006	-1	
-161.06647650787599	336.3412811486487	-1.9680761186753278e-005	1.5665878324238168e-006	-1	
-150.3526457042837	336.49453184095552	-1.9871165673359028e-005	1.5759729956676178e-006	-1	
-171.560389548345	332.74252611469223	-1.9447205538590517e-005	1.5551873030131431e-006	-1	
-166.87448555764766	336.17792397774696	-1.9594244282841899e-005	1.5623106093774738e-006	-1	
-178.62666917683092	329.38195783304718	-1.9286658951934422e-005	1.5473454821758424e-006	-1	
-45.498372613113318	291.63484177784102	-2.2805831954570396e-005	1.7311919744283589e-006	-1	
-40.083914462706375	287.54834201410728	-2.3023185351471936e-005	1.7440068373863473e-006	-1	
-12.305401681992759	264.80478034205157	-2.441708395809358e-005	1.8290019122807035e-006	-1	
-0.14391786451206778	262.53999808129709	-2.5713836595437582e-005	1.8903841914078244e-006	-1	
5.0175845171653775	262.74932953930363	-2.6371515124272203e-005	1.9190349408412264e-006	-1	
-5.6680714122883096	268.98986824723158	-2.5368841619671556e-005	1.8677567040881852e-006	-1	
21.094820396873274	257.80310621825225	-2.8400689644141144e-005	2.0106885422192733e-006	-1	
25.961963940169284	255.65169788347603	-2.9076285843654374e-005	2.0410013677107483e-006	-1	
25.292386092410897	248.77978196329551	-2.8791108741549337e-005	2.040376462726523e-006	-1	
16.677334354871558	260.77016893459523	-2.7855734736392858e-005	1.9845205043244438e-006	-1	
9.8569267663180895	265.20428495406651	-2.7089793211741954e-005	1.9469262127367977e-006	-1	
28.860458685271322	243.9686231827354	-2.9266293367216469e-005	2.0677669879058362e-006	-1	
36.971584838117295	237.40005730892042	-3.0637458510513572e-005	2.1333766919113783e-006	-1	
35.271011268511963	243.20994365970648	-3.0395996135099784e-005	2.1125456868592133e-006	-1	
44.137948722969654	230.18617996798972	-3.2076580375101516e-005	2.2022196401254409e-006	-1	
42.919087615174213	236.14186711874399	-3.1817700626731149e-005	2.1788770434463405e-006	-1	
43.892023441987511	224.05846580627582	-3.203569567313138e-005	2.2179914850216308e-006	-1	
51.348943155320335	204.22494886164802	-3.4356720072673798e-005	2.3694395061552201e-006	-1	
53.466068264980819	196.25014925209163	-3.5390290537138915e-005	2.4423187977648155e-006	-1	
58.544277887353942	192.50479070245746	-3.7690833874367505e-005	2.5184420846812755e-006	-1	
54.899493100303935	178.43266713002336	-3.7054745192770759e-005	2.6282587257116466e-006	-1	
62.189886802204839	185.86628750388121	-4.004234414848916e-005	2.6084339762128618e-006	-1	
60.617302984083373	180.80190155808714	-4.0033178969691071e-005	2.6474727245457486e-006	-1	
59.302878070886841	174.08331977173921	-4.0295067052368194e-005	2.714466013637991e-006	-1	
55.710984402000086	158.12152472347094	-3.9494414091771918e-005	2.9072959790547743e-006	-1	
56.599460229907756	164.65591384385735	-3.9597738007642866e-005	2.8232835344551916e-006	-1	
60.79047370286613	168.55541334166597	-4.2285222037805737e-005	2.7908837796836974e-006	-1	
46.416279782990827	213.8205901990473	-3.2709582800095226e-005	2.2760371174550182e-006	-1	
50.001820392949625	210.10812565003897	-3.3796390994920258e-005	2.3248633016897615e-006	-1	
47.196549660063866	218.92251860037163	-3.2879538120919875e-005	2.2623334259331829e-006	-1	
-20.810718860276875	276.26889018550793	-2.4144246442884808e-005	1.8049364397613962e-006	-1	
-15.163848606451245	271.19637422457686	-2.4449165927956449e-005	1.8237592003928681e-006	-1	
-33.306406629523835	287.26334209717123	-2.3551818609449492e-005	1.7690927181726681e-006	-1	
-25.578313815219396	283.44848544857473	-2.403987490974323e-005	1.7944334668530426e-006	-1	
39.757692482301756	140.46910446055972	-1.1359202881066557e-005	3.8472559081509643e-006	-1	
37.305697609726082	140.75033928585526	-9.0837571020026959e-006	4.6012769033728352e-006	-1	
42.718877701649788	134.37887023853949	-7.008431974539188e-006	2.2913272186646615e-006	-1	
42.832214018838478	135.17127492757655	-8.2305007295906384e-006	2.4756949328216678e-006	-1	
43.409112008515173	133.53624258170359	-6.1309557838661764e-006	2.0372943560769185e-006	-1	
41.800430591233926	138.98499574767814	-1.2055271892721676e-005	3.2869880202098255e-006	-1	
42.495664975246299	137.23424481077959	-1.0730465541639244e-005	2.9240246389539688e-006	-1	
43.106461745745939	135.92329786358843	-9.5607639726907073e-006	2.6218671391950833e-006	-1	
34.350000000000001	142.29193161243739	-7.7365588396902387e-006	6.0856394876645833e-006	-1	
34.350000000000001	142.74651005154826	-8.042259773686176e-006	5.886966486683561e-006	-1	
34.81742512209118	142.07539975282737	-7.9330534123780159e-006	5.7974781218815137e-006	-1	
35.412502517862862	142.20521696152713	-8.5528166763207879e-006	5.4247048507943631e-006	-1	
36.42839601468863	142.08425653857572	-9.4192705904506139e-006	4.9666398320371175e-006	-1	
44.689577104491853	132.10245884877884	-4.304209144110877e-006	1.5802407791639917e-006	-1	
45.820139376885948	131.90288847112834	-4.8465001152953737e-006	1.5115874699946653e-006	-1	
47.542762202227109	131.38226878549065	-6.1950591970597077e-006	1.4085390184031348e-006	-1	
43.927871781185637	133.15795862424284	-5.7077530905519077e-006	1.9057465166402857e-006	-1	
44.540190962127255	132.94739441194699	-5.5976924319390876e-006	1.824995307853015e-006	-1	
50.359125366168954	129.68288019986412	-1.0240936456329516e-005	1.3078627527701043e-006	-1	
51.849316387042315	127.98797878166027	-1.3743042065636832e-005	1.3610398994945586e-006	-1	
58.693787953980525	152.24015469228829	-4.4439883104714429e-005	2.9364508717982213e-006	-1	
54.267946466263624	144.23859657611408	-3.7323301828112337e-005	2.9390734594137039e-006	-1	
47.715402821773054	141.57343482017004	-2.3297711286088521e-005	3.0113155651494601e-006	-1	
41.68045423438263	141.78634702668086	-1.4839105509058789e-005	3.5833178795635329e-006	-1	
43.72755958951997	140.6721206590901	-1.6293461470938978e-005	3.2329134419804859e-006	-1	
39.351445378173814	141.87499510036236	-1.2260768570015938e-005	4.0401423024393975e-006	-1	
37.905478598038137	142.10026221167931	-1.0938323411206682e-005	4.4546985034796316e-006	-1	
35.661281137224414	142.76116553215354	-9.2246605428636875e-006	5.2059292319498257e-006	-1	
34.273255025774134	143.14613235640704	-8.0378289407302846e-006	5.7466662573526921e-006	-1	
34.350000000000001	142.90000000000001	-8.0686070100952014e-006	5.8055913097335293e-006	-1	
35.008874013593108	143.03978688538416	-8.7891324782192516e-006	5.4328650285138372e-006	-1	
34.546209797576061	143.09620979757605	-8.3441719119811275e-006	5.6294301848071056e-006	-1	
66.50409551788195	0	-9.8147290431639202e-007	3.9697494981861133e-007	-1	
134.73181828477001	80.823901597688248	-6.4409635160016216e-005	3.2702989696511509e-006	-1	
137.27507848329188	75.254550280806797	-6.2725199499592986e-005	3.2607919414177004e-006	-1	
130.99730430944686	67.626415407388649	-6.101085370840471e-005	3.2485301123233208e-006	-1	
136.30617216682248	69.654640109989572	-6.1335942245455415e-005	3.2542022745309724e-006	-1	
130.59186575092033	61.758928024834866	-5.9276745922086041e-005	3.2436685506051559e-006	-1	
129.93666422149118	52.839410511619356	-5.6663593973676243e-005	3.2448857128128534e-006	-1	
132.92748584905391	57.103536894619417	-5.8012649985372633e-005	3.2471913719866606e-006	-1	
133.45972615798922	48.847205170797459	-5.5920686296474281e-005	3.2542683673273059e-006	-1	
67.420074297208117	0.29100373578745203	-1.1031764613437757e-005	6.9827725886021282e-006	-1	
67.648434891585794	0.21093176567374811	-1.1383628119840426e-005	6.860164691236284e-006	-1	
67.737858661170463	0.28312737669764176	-1.1510344049022014e-005	6.80292639880955e-006	-1	
67.872229975963648	0.23200461085705423	-1.1710534741092653e-005	6.7357114559320881e-006	-1	
68.026610375592142	0.20605454434276727	-1.1940932356636275e-005	6.6493035484134052e-006	-1	
67.956907894656055	0.1764999477291109	-1.1838831493265289e-005	6.6934088923772446e-006	-1	
68.279074718537643	0.14658665066105123	-1.2307619829158105e-005	6.5120250538276594e-006	-1	
68.15299357642651	0.17494257873975683	-1.2128037011756876e-005	6.580355893502613e-006	-1	
68.090416565330401	0.16530310043303473	-1.2037659638436697e-005	6.6170427936169475e-006	-1	
66.952586288756777	0.21819301497143237	4.2194101704743038e-006	-1.5374026145256465e-006	-1	
67.167601573576235	0.12790333780827953	1.5087098350091279e-006	-4.8393675912232138e-007	-1	
67.350646695095591	0.14942910720650154	3.7220326723763999e-006	-1.5006626751621296e-007	-1	
66.609346923241517	0.27004203505048735	2.6679818411882092e-006	-1.3553273058688754e-006	-1	
68.365117461338798	0.076274462495721021	-1.2427348653100907e-005	6.4684136259820419e-006	-1	
68.328236562492648	0.11894480289135406	-1.2376169010832242e-005	6.4868096804186738e-006	-1	
68.326744974225875	0	-1.2378632976000616e-005	6.4891615317683783e-006	-1	
134.125	0	-4.963950338770207e-005	3.33733721185003e-006	-1	
134.4586717823907	32.581560154417033	-5.263087141087439e-005	3.2853008113395173e-006	-1	
138.33803339904259	27.068973069173083	-5.2398242854009962e-005	3.2949192074128632e-006	-1	
135.80718965020827	19.637015538024215	-5.1040039592692344e-005	3.3123065903779982e-006	-1	
133.65092752179254	5.0378706892389751	-4.9593530474673036e-005	3.3372996603426611e-006	-1	
136.33354893934137	13.446110366316407	-5.0593248269911819e-005	3.3216146371904098e-006	-1	
137.82656708214469	7.8960029566662477	-5.0570815506300603e-005	3.3245309356729306e-006	-1	
141.67568861691331	38.113051255428786	-5.4542213706915974e-005	3.2744439907776373e-006	-1	
139.98180479350319	48.716917540639386	-5.6413572661981003e-005	3.2598412859088819e-006	-1	
144.99133198260785	44.538506127671397	-5.5993084863127949e-005	3.2663733561948588e-006	-1	
139.20683100967236	32.596853482899142	-5.3343732472381963e-005	3.2840524792860135e-006	-1	
54.63389112881206	125.61821528709048	-2.590423682296888e-005	2.1410230370721214e-006	-1	
56.479553183789655	124.356226111789	-3.7532208435152492e-005	3.0549617004242245e-006	-1	
60.692744557277564	117.50709810033992	-7.3079553467839182e-005	2.6900043802300117e-006	-1	
58.738247353648845	121.95758663997225	-5.5158712830169596e-005	2.8602385121775166e-006	-1	
64.528836840973511	114.84788769195308	-0.00010519533659619106	2.5611645929681409e-006	-1	
67.80546660995563	111.56788745475198	-0.00012492715247528746	5.1995129317347303e-006	-1	
70.139263139128673	114.71177842740684	-0.00013472601875363772	6.4100713623833636e-006	-1	
91.789775628156434	129.45816456440636	-9.3658738261174243e-005	3.7558591462174992e-006	-1	
100.29657896498165	130.74209431452937	-8.4855024026929114e-005	3.5718741209067121e-006	-1	
108.66882612125951	128.07542668593959	-8.005656332179994e-005	3.4838945029493757e-006	-1	
86.516008766529879	128.51102548488262	-0.00010159804891496195	3.9245548692245808e-006	-1	
71.585090091341613	118.35049263874242	-0.00013566515899008191	6.5397582573767019e-006	-1	
75.859811271048358	120.52767350531056	-0.00013566025632073025	6.2414315417280892e-006	-1	
78.513785994062118	122.42848053139916	-0.00012819140325174097	5.0504207899592545e-006	-1	
80.744947897410995	126.11517900763982	-0.00011655793995544593	4.3955788308771555e-006	-1	
78.70488836079339	124.61279057831914	-0.0001246648158692113	4.7946190645620541e-006	-1	
83.523909314337999	128.53561938287032	-0.0001064779715576206	3.9989468846963138e-006	-1	
81.975924594040208	127.65412542677829	-0.00011105173055452343	4.1400304724986701e-006	-1	
120.79622511839875	122.57075525462925	-7.4568829205641374e-005	3.3811477078392124e-006	-1	
115.64671093656145	125.92442197238385	-7.6559229992988938e-005	3.4154142111755691e-006	-1	
126.84159276124561	113.50174472189696	-7.223947706210126e-005	3.3496456015765451e-006	-1	
125.92325977352428	119.1828219011141	-7.2522487093596165e-005	3.3456647415687762e-006	-1	
130.48696023864639	104.10975234991312	-7.0152772299589557e-005	3.3249173238280323e-006	-1	
128.17515158134225	98.910849280025346	-7.0094998667162838e-005	3.3290304289717641e-006	-1	
130.47725726204618	94.084253414832034	-6.8439608611679025e-005	3.3081451273998758e-006	-1	
135.65971998808584	86.487164818176382	-6.5598896275886819e-005	3.2785697018193612e-006	-1	
-117.46714242416574	325.02849100472378	-2.0411030250903753e-005	1.60374839092518e-006	-1	
-124.58545326619759	330.09674206616427	-2.0336478684979096e-005	1.599420501402462e-006	-1	
-111.47783436098844	329.96469477377616	-2.0767242821169147e-005	1.6204233516301837e-006	-1	
-105.67030045920075	327.28922370921714	-2.0902791526403178e-005	1.627399730353298e-006	-1	
-90.530904929494341	315.60347984456757	-2.1154768318280296e-005	1.6420075600604036e-006	-1	
-84.285565485370199	313.1837428333298	-2.1363408681567353e-005	1.6528065917808682e-006	-1	
-91.036492360035439	320.83086233595395	-2.1310237118565364e-005	1.6483156784428463e-006	-1	
-100.32491782700976	327.50849454589729	-2.1120835555295188e-005	1.6379084602099651e-006	-1	
-91.45518495241042	326.06592134940018	-2.1458487201640119e-005	1.6543696448345445e-006	-1	
-78.497683629053952	312.07974399208126	-2.1614299193842207e-005	1.6652410343954366e-006	-1	
-66.759288497221732	305.72730471022152	-2.2016943740683224e-005	1.6868107873607642e-006	-1	
-69.730450732466039	310.24184314110596	-2.2018257655185441e-005	1.6852889266666273e-006	-1	
-59.495674138609104	301.34628417178396	-2.2279070629308979e-005	1.7011687976979282e-006	-1	
-61.741641204481382	305.45630017065173	-2.2305898571882155e-005	1.7007520619565845e-006	-1	
-55.161361521728175	300.71356946040595	-2.2530336891369134e-005	1.713437459184206e-006	-1	
-51.11140866013244	296.92167186406033	-2.2641077605222293e-005	1.7205222820368436e-006	-1	
-189.99575405081936	326.55707626938448	-1.9137792936361668e-005	1.5400100754560706e-006	-1	
-183.01452696071152	332.8616824166549	-1.934986280102192e-005	1.5503131764458137e-006	-1	
-200	324.90406878221762	-1.9070123573963788e-005	1.536688123333482e-006	-1	
-194.44483600672814	330.05799181602953	-1.9223345370718761e-005	1.5441136153612455e-006	-1	
-137.51093780175214	335.00355071833371	-2.011620328787644e-005	1.5881280800104662e-006	-1	
-143.65643716148378	338.12064959879268	-2.0052741575441662e-005	1.5847769856881432e-006	-1	
-130.1042329470655	334.53621944794446	-2.0299620621731917e-005	1.5971405478422787e-006	-1	
-155.11600328984753	343.54072811826813	-1.9951512794010348e-005	1.5795199018250952e-006	-1	
-164.10378458826537	340.99908386333254	-1.9748650660945287e-005	1.5696952123319333e-006	-1	
-148.10848295906814	341.85352390506955	-2.0047612489557339e-005	1.5842915060236709e-006	-1	
-177.80070230999294	334.90565199100888	-1.944276866693323e-005	1.55484599807858e-006	-1	
-171.74607809081829	339.34450586967262	-1.961369962554203e-005	1.5631173599661324e-006	-1	
-41.197226723544262	294.32818522438174	-2.3240658417336153e-005	1.7502195785322322e-006	-1	
-45.812050038011179	300.65069533366528	-2.3167138462936853e-005	1.7435239387576201e-006	-1	
-36.341975826994435	295.80483468039108	-2.3676711251861374e-005	1.7697360156381185e-006	-1	
-10.533902010687356	269.58555362546298	-2.4858701187073023e-005	1.8440985051680609e-006	-1	
1.9826791263944572	267.2477057754557	-2.6184693685901674e-005	1.905740691666726e-006	-1	
-6.0241040977859406	274.48319207127298	-2.557198591569576e-005	1.8713513215032338e-006	-1	
-0.58165684973716658	273.65667294800375	-2.6144391241528797e-005	1.8973400433978945e-006	-1	
25.487294262125406	261.159037609172	-2.9114483310160118e-005	2.0350702990419732e-006	-1	
31.448971451367811	254.49954990025211	-2.9904810970957767e-005	2.0750138194074765e-006	-1	
34.096874997010595	249.55755604997586	-3.0270330810788207e-005	2.096638177241613e-006	-1	
15.657131939787199	268.80176016793473	-2.7951971205633636e-005	1.9789502756989946e-006	-1	
23.643979410157971	266.37039947666881	-2.8960705912414498e-005	2.0226504239645244e-006	-1	
7.7483250715370078	273.27213871322914	-2.7101858243335683e-005	1.9388318010399186e-006	-1	
42.646234127756536	242.21487154918535	-3.1747588264107253e-005	2.1638377509408836e-006	-1	
41.935760349338572	249.62292849678238	-3.1602926461699655e-005	2.1457700476174495e-006	-1	
49.662253937426456	230.74208305185138	-3.3287087776927221e-005	2.2413486780893004e-006	-1	
48.38170571557314	239.42992833238478	-3.2872520572759853e-005	2.2082600526604956e-006	-1	
52.695398806687642	226.09159828752885	-3.4088851196886667e-005	2.2790308229575698e-006	-1	
55.260517200375403	208.47156839547006	-3.5433675033215473e-005	2.378805160043693e-006	-1	
58.482246662828565	200.07818764205672	-3.7027207379128433e-005	2.4594533279590511e-006	-1	
63.66288496889635	196.33366805236705	-3.9266980092629992e-005	2.5285757309157943e-006	-1	
65.78894819029901	190.29686378356425	-4.0933974356927372e-005	2.5947027999588464e-006	-1	
67.221600799168755	183.17090194739438	-4.2893081471705261e-005	2.6703244572546251e-006	-1	
64.679010212399334	177.3925674201036	-4.2905024299565164e-005	2.7121772896273403e-006	-1	
65.871126715089204	171.19315010512767	-4.5205708150281482e-005	2.7865814833135686e-006	-1	
62.789143566229043	160.48671014914171	-4.6363522213562713e-005	2.8847657509514632e-006	-1	
69.196866849502086	164.83434333717008	-4.9956035024511842e-005	2.869149833683202e-006	-1	
54.19183116433782	213.6824817452767	-3.4889811804657233e-005	2.3427823393908822e-006	-1	
52.867169514862326	219.51672855468217	-3.4330328267259795e-005	2.3057447724494484e-006	-1	
-15.682381123448996	275.91045477471744	-2.4629334895162963e-005	1.8276204192415185e-006	-1	
-17.571193404875395	280.2606064467779	-2.4638658687539672e-005	1.8243678219563029e-006	-1	
-11.171620466553348	274.44605397555074	-2.502082432841513e-005	1.8466906007594326e-006	-1	
-31.875426973231047	292.58205253040563	-2.390034821719936e-005	1.781941919969584e-006	-1	
-26.529306832395136	291.25714389617127	-2.429372373706325e-005	1.8007812396897345e-006	-1	
-19.279139733049643	288.20515904995955	-2.4813049216621644e-005	1.8263528325613825e-006	-1	
43.398729272727202	134.17764453899315	-7.1175711402108343e-006	2.2107403165564257e-006	-1	
43.39261692578313	134.59969912867513	-7.7872492425716383e-006	2.3188480031208711e-006	-1	
43.954970194962279	135.07156954943468	-9.0074426240777169e-006	2.410621062805526e-006	-1	
43.779883652485175	133.99629190943378	-7.0363896683624381e-006	2.1506346346831789e-006	-1	
43.975647372868458	133.70403613597284	-6.6314539771308202e-006	2.0597688267203498e-006	-1	
43.533120886831824	138.24589898046486	-1.3204838510596272e-005	2.9840243091729943e-006	-1	
43.887378959616242	136.84081530132244	-1.1699149661398442e-005	2.7432360082525302e-006	-1	
44.288683529748184	135.70475870702083	-1.0387223494762032e-005	2.5251120778901696e-006	-1	
34.555900475687551	142.51922083199281	-8.0462776225403323e-006	5.8538026847429256e-006	-1	
34.59613235640704	142.82325502577413	-8.2588118283711797e-006	5.712945162781255e-006	-1	
34.966134893443666	142.61961478790096	-8.4609587345067675e-006	5.5777142152499234e-006	-1	
45.182291469443442	132.80492940332701	-5.8048034086892523e-006	1.7757777820445915e-006	-1	
45.808003274446115	133.00759680883934	-6.7646714079337614e-006	1.841396923861211e-006	-1	
46.885005318639287	133.05733001946172	-8.2103495527334612e-006	1.878755978925455e-006	-1	
48.141802785747821	133.07921446368869	-1.0454759786002931e-005	1.9472724859399978e-006	-1	
49.708709952027398	132.39580681251599	-1.2568816368767782e-005	1.8570175971853568e-006	-1	
44.44000780136129	133.58710950567834	-6.6536156890328951e-006	2.0193048828329155e-006	-1	
44.973443668214159	133.42860555013598	-6.7398811671144075e-006	1.9685197476374889e-006	-1	
51.924943765843423	130.24355866180122	-1.6108307284412869e-005	1.6961767713980035e-006	-1	
51.365868246003721	132.28470259781707	-1.6981496167554083e-005	2.0134505206164477e-006	-1	
53.449689771597356	129.57925660973706	-2.1499682146187801e-005	1.9649621282826321e-006	-1	
54.828574165096086	127.84558674581611	-2.7245593867598148e-005	2.2946495776053645e-006	-1	
63.712828929551989	146.70264751300491	-5.4932377294653638e-005	2.9276130199555701e-006	-1	
59.676134597098809	144.8313927749478	-4.8296459015900742e-005	2.9107868929840147e-006	-1	
65.844285084915228	153.67785198108126	-5.2932898236345229e-005	2.9390337488209144e-006	-1	
54.897282887247741	139.40811068562078	-3.71431787339193e-005	2.833220181357307e-006	-1	
52.040342378691378	139.90645642394179	-3.0313417795003833e-005	2.8382246409188849e-006	-1	
58.556588282943672	140.63356016242068	-4.6999103641811715e-005	2.8638052882935047e-006	-1	
48.776992641645535	137.4925338897566	-2.0391415531132098e-005	2.6825116435745489e-006	-1	
44.946524561594842	138.56535004039696	-1.544382017314929e-005	2.914966702128811e-006	-1	
66.769497940159667	0	-2.0356849411088884e-006	4.1325470836615879e-007	-1	
140.1142024917977	82.849668724787279	-6.4149877855292417e-005	3.2670231724954681e-006	-1	
141.11459680401586	71.706454037700794	-6.159171525598328e-005	3.2563134573191574e-006	-1	
144.88446942660522	79.63745055411799	-6.2964679696223759e-005	3.2595040956640052e-006	-1	
145.33442793764303	74.562097304910949	-6.1907194568443959e-005	3.2563505155359665e-006	-1	
137.90579117954809	64.201293212400614	-5.9932061500701465e-005	3.2522939826264505e-006	-1	
138.09998838668133	56.49279528286192	-5.805305316825104e-005	3.2528739026353613e-006	-1	
67.506663909010825	0.17228072323373569	2.6054515069709652e-006	2.0751404063441089e-006	-1	
67.632055812562243	0.095666200421648681	2.4730845150435387e-006	1.6485239816689278e-006	-1	
67.762615188774618	0.17089578061690056	-1.1546276505118565e-005	6.815317657836294e-006	-1	
67.876795485963456	0.13085979556004859	-1.1720098279918688e-005	6.7481579209585049e-006	-1	
68.037146412169108	0.13108186956794629	-1.1961305548909075e-005	6.6513045936281302e-006	-1	
67.990975783152294	0.090823810503196614	-1.1894551109945639e-005	6.682243051263399e-006	-1	
68.278542242660222	0.092272097262341674	-1.2311578082451763e-005	6.5141570730523914e-006	-1	
68.193694170629826	0.097052302075649438	-1.2194374654578016e-005	6.5622254622452057e-006	-1	
68.142212408477604	0.087723314898725979	-1.2122132014302983e-005	6.593502427563321e-006	-1	
68.09105534078958	0.10199122298763248	-1.2044643448923685e-005	6.6226795643071961e-006	-1	
67.034900362437384	0	-1.3397801096102788e-006	-8.4486079565565952e-008	-1	
67.3003027847151	0	-8.1573507350441494e-007	-5.6597376048032577e-007	-1	
67.565705206992817	0	-1.2039594775943875e-006	-1.3490795528558426e-006	-1	
68.288372487112937	0.038851871359963749	-1.2328812680555271e-005	6.5093976021491619e-006	-1	
68.25	0	-1.2286339495124334e-005	6.5291631137908522e-006	-1	
142.34018875644352	0	-5.1263254665432832e-005	3.3177385415919866e-006	-1	
138.23259437822176	2.8900311671180061	-5.0505183148087379e-005	3.3264404108084289e-006	-1	
141.05608552909035	22.177709042867097	-5.2234855538577253e-005	3.3007951956809487e-006	-1	
143.93079670359259	27.25137311295374	-5.3235925531438559e-005	3.2902762455477476e-006	-1	
141.02790906191092	15.54364620063112	-5.1617322019981207e-005	3.3102084640498897e-006	-1	
143.69121305761422	9.9349031739004765	-5.17239092259198e-005	3.3114067279523155e-006	-1	
146.22494291577664	4.5310342544143376	-5.197078515966655e-005	3.3097451782945278e-006	-1	
147.71299224480157	37.839810235119174	-5.5132517859770338e-005	3.2739535527875856e-006	-1	
149.18542262147079	32.076196293752126	-5.4478482346241611e-005	3.2807976964439529e-006	-1	
145.76917814909845	51.727032860248563	-5.7347053031327734e-005	3.2597635014606993e-006	-1	
152.755679312301	46.007088404458244	-5.6716020327138847e-005	3.2651268124873651e-006	-1	
56.670655550520941	126.540536158709	-3.8012111233550299e-005	3.1016080125193163e-006	-1	
59.218524493078419	125.21711184129445	-5.5912493635559684e-005	2.8737248828075319e-006	-1	
62.652347404576858	121.61514725760982	-8.3853561988704771e-005	2.6409724637744968e-006	-1	
64.911041574436069	119.21650778579308	-0.00010370185378154797	2.5477669254745766e-006	-1	
62.7453773653409	124.90855219704765	-8.0554695236963812e-005	2.6273448271811027e-006	-1	
68.15793647011543	118.08890758072297	-0.00012437813980345036	5.2066117986268773e-006	-1	
86.912286544519446	131.67622443414695	-9.652590307811255e-005	3.7326731813750635e-006	-1	
91.556802718046598	135.41766188360083	-8.7587136179178137e-005	3.5538519224597321e-006	-1	
96.130258298491071	138.91752107767797	-8.1151405063958364e-005	3.4279424021283315e-006	-1	
105.64124550623501	134.11631373717333	-7.9293139835993751e-005	3.443078996705842e-006	-1	
101.88238306139657	139.19782633384415	-7.8121684398899173e-005	3.3886242328179724e-006	-1	
113.67952362714909	132.60879974037792	-7.570511652515657e-005	3.3794527449514472e-006	-1	
84.068129342349394	130.23182480970206	-0.00010257192355733508	3.842889286825412e-006	-1	
70.308391684950408	122.54312908956153	-0.00012732952171901321	5.7698085480664229e-006	-1	
73.448849669890237	122.72856272073344	-0.0001330911383315588	6.3024771659990104e-006	-1	
76.668123939073794	123.69046970670155	-0.00013058656363771641	5.722422203663972e-006	-1	
78.895990727524676	126.79710062523914	-0.00012021498600855413	4.4570805328125572e-006	-1	
80.239489494227342	128.01995498167832	-0.00011416838093369505	4.1602565132498831e-006	-1	
76.862806975373857	125.91784116543518	-0.00012613222088759447	5.3149113915592053e-006	-1	
81.986633236983479	129.43565857695893	-0.00010749883356173684	3.9262026456917201e-006	-1	
80.755129912623715	128.94203010684032	-0.0001109835844282612	4.0013275315317505e-006	-1	
118.54342405260553	130.40857058711248	-7.4101980397613273e-005	3.3536776567834593e-006	-1	
126.86289300635063	126.17818398655118	-7.1492732209967164e-005	3.3112968660655153e-006	-1	
132.57164191683535	112.9683498708867	-7.0157784704132767e-005	3.3114681552811118e-006	-1	
131.45656880403689	122.00036291843541	-7.0330427462678792e-005	3.2974513504755388e-006	-1	
139.61376148181984	101.71223128386781	-6.7323695803015945e-005	3.2816484578609459e-006	-1	
133.82670412572824	98.252817186492578	-6.8355127349136287e-005	3.303171191893088e-006	-1	
137.23657662462338	108.0559283817453	-6.8495344548001093e-005	3.2902069722149826e-006	-1	
136.66512142851457	92.137184271163562	-6.6597208166176557e-005	3.2856228289048617e-006	-1	
140.76666798415752	88.492864649942163	-6.5154702110980107e-005	3.2716120972988166e-006	-1	
-116.87705604771075	333.39018752888938	-2.0675195532124798e-005	1.6155326770538964e-006	-1	
-125.07537270012634	335.13769282520326	-2.0461332054872398e-005	1.6049621314860259e-006	-1	
-107.53802089819604	335.00091015003892	-2.1051200397236385e-005	1.6334501632582854e-006	-1	
-103.32215238882249	331.9399480507671	-2.1128830471592934e-005	1.6375925316179685e-006	-1	
-85.737718609160154	318.70521344893012	-2.1485851204126297e-005	1.6572748640669007e-006	-1	
-81.238480027839984	322.26753331678213	-2.1825937297332534e-005	1.6726877045928299e-006	-1	
-86.767000191329487	323.80660298850717	-2.1604258131825419e-005	1.661800879165614e-006	-1	
-98.258645169986607	333.16629665793533	-2.1369544442095152e-005	1.6489116624217502e-006	-1	
-86.951606940242542	329.41728963511719	-2.1764396921321315e-005	1.6682979684132833e-006	-1	
-90.762725462329897	333.53909262759447	-2.1705331082767704e-005	1.6647997049191452e-006	-1	
-73.108036489626144	314.46093981280046	-2.1984555200471421e-005	1.6823268899814361e-006	-1	
-74.632939902591076	321.00993791367881	-2.2124583008645616e-005	1.6871922864992595e-006	-1	
-64.331310067939455	310.48297040362513	-2.2339601978694249e-005	1.7005010635077262e-006	-1	
-69.13008994384613	318.8392183058873	-2.2353795019397938e-005	1.6985700581342712e-006	-1	
-56.736167705452445	305.89841199511579	-2.2634881218454622e-005	1.7161858001528239e-006	-1	
-57.51662491672122	313.18908102973523	-2.2850372356055284e-005	1.7236262418950713e-006	-1	
-51.414472190209857	302.98236079153395	-2.2870536287342299e-005	1.7285333149915361e-006	-1	
-190.13255835705309	333.72609778331656	-1.9335845117190605e-005	1.5495647465613213e-006	-1	
-185.02728322508023	338.76095137724406	-1.9487846646011648e-005	1.5569108588689165e-006	-1	
-200	331.14927222132849	-1.9247830719398886e-005	1.5452844953084107e-006	-1	
-195.1705034949116	335.27993737016061	-1.936138725482737e-005	1.5507680630323572e-006	-1	
-138.75659541756073	340.16429358920004	-2.0217148483663383e-005	1.5926608647138685e-006	-1	
-133.38550163093279	338.73001925269705	-2.0319252522899851e-005	1.5977306090485398e-006	-1	
-141.5668174939986	344.56609308005983	-2.025370559263461e-005	1.5941579772718131e-006	-1	
-127.86274494602758	339.36637602090087	-2.0488474535861287e-005	1.6058866748986006e-006	-1	
-160.8977908626099	346.82417666079101	-1.9928597547744551e-005	1.5782586862126411e-006	-1	
-155.63021998873936	349.36751631575055	-2.0067773317034648e-005	1.5849266314340381e-006	-1	
-146.02943067648508	347.27870629615427	-2.0212170046484417e-005	1.5920067053051691e-006	-1	
-167.40783693988311	345.47162280244584	-1.9806729694790851e-005	1.5723609581026037e-006	-1	
-179.12050141997292	340.75155197906741	-1.9576394447682654e-005	1.561216033351255e-006	-1	
-172.09658826696383	346.44749365273685	-1.9772530481580365e-005	1.570654720560255e-006	-1	
-176.88388834462094	346.31158599984917	-1.9721267288087693e-005	1.568149163607877e-006	-1	
-40.500239737000108	299.35493009805185	-2.3500607206717631e-005	1.7597115228886074e-006	-1	
-46.279977751119645	307.42283764533261	-2.3389128886877424e-005	1.7508498053491575e-006	-1	
-38.76504031324454	304.53985239057948	-2.3824811692418663e-005	1.7721826598238605e-006	-1	
-33.348154682657437	301.33889439815903	-2.4122732061270988e-005	1.7873183728317679e-006	-1	
-3.9410569107456528	279.09452210428856	-2.5980005746390883e-005	1.885183095651785e-006	-1	
-9.0010058450369019	279.11368037124066	-2.5446042343934525e-005	1.8616396538360021e-006	-1	
0.95098877744969812	280.38732496684611	-2.6553205764645849e-005	1.9089412477159295e-006	-1	
34.556051079543316	259.1665352856345	-3.0435986950940183e-005	2.0888084615344341e-006	-1	
31.339477874817945	266.16069911554871	-3.002722863199571e-005	2.0646484893923742e-006	-1	
39.935955102710622	257.20271583544189	-3.1262985113515907e-005	2.1222562101535321e-006	-1	
21.687678252936884	271.99812046265913	-2.8810958063214669e-005	2.0105731964641821e-006	-1	
16.879538230482765	275.51666380307364	-2.8276958726166108e-005	1.9855207994003315e-006	-1	
27.643517238245714	271.83582537654769	-2.9585221712552098e-005	2.0414042881903045e-006	-1	
12.202682366394505	279.92513867819355	-2.7817644922067334e-005	1.96271117343839e-006	-1	
6.108943652844034	282.66863338475218	-2.7196576498004362e-005	1.9344205567028329e-006	-1	
47.522940914964352	244.95978988227708	-3.2623700404398721e-005	2.1896391588367416e-006	-1	
45.624598630279117	256.5399270699217	-3.2164550834369761e-005	2.155833183877798e-006	-1	
48.786949600585636	250.4113151538333	-3.2764299785303793e-005	2.1856669191576647e-006	-1	
53.07889802928198	235.11855645982615	-3.390484744455441e-005	2.2514821482704585e-006	-1	
58.500140306870676	232.67086632546224	-3.5115425894314456e-005	2.2949601462550676e-006	-1	
54.24399043720657	241.10236750502864	-3.3949854788069167e-005	2.2411721820144655e-006	-1	
57.812358237469113	222.35470732578648	-3.5443329143051226e-005	2.3305028686222649e-006	-1	
61.478929805326892	227.52228710881761	-3.6020402642807663e-005	2.3340451452192974e-006	-1	
58.820435155633049	212.42412351015844	-3.6267528488380544e-005	2.3859464249320003e-006	-1	
60.51597906706467	207.64948059566422	-3.710958548447013e-005	2.4261675303721104e-006	-1	
67.026643809915555	203.40793487412768	-3.9551087291153148e-005	2.5016731934243802e-006	-1	
70.053326820296405	196.18302556253974	-4.157481144754153e-005	2.5754996488158445e-006	-1	
73.012584099528979	189.49007394777433	-4.3930563468716301e-005	2.6497409009326633e-006	-1	
70.237759200913544	175.24715901777577	-4.6519093662545723e-005	2.7686123676268193e-006	-1	
75.423784578154738	182.56326573042108	-4.6649849486689508e-005	2.7267698638602851e-006	-1	
72.935914449483775	169.93468070867186	-4.9996495545947654e-005	2.8382127878339443e-006	-1	
67.831574613579889	158.65940241691851	-5.1912582750562074e-005	2.918269927967021e-006	-1	
73.065270248774624	159.83140685960379	-5.5506423634890405e-005	2.9399832456021967e-006	-1	
78.081375584480668	167.39169182232425	-5.4003719268743508e-005	2.8931790498298681e-006	-1	
58.058928228616686	217.15989668422728	-3.5785703042560045e-005	2.3561528018976192e-006	-1	
-12.535064439121243	284.10357566089931	-2.5290779859316278e-005	1.8507233922276251e-006	-1	
-27.203863270364014	299.9837320296885	-2.4567047669103833e-005	1.8081780850275124e-006	-1	
-22.752015023855154	295.93849006520344	-2.4797411985768763e-005	1.820768259084702e-006	-1	
-16.862493660433856	294.71518574044228	-2.5273501591060699e-005	1.842758121745702e-006	-1	
-11.629286515036057	290.15073958297211	-2.5600882643230045e-005	1.8601424109874993e-006	-1	
43.7849159813006	134.34801843246873	-7.6362968453926264e-006	2.2477770436351364e-006	-1	
43.858438145596104	134.61558349126184	-8.1488348307418223e-006	2.3134051431104923e-006	-1	
44.134705279778771	134.64152650381152	-8.3986849057286384e-006	2.3208616609720727e-006	-1	
44.373982808191215	134.99411313277466	-9.247296845009429e-006	2.3903958388205669e-006	-1	
44.02342296455128	134.25011364770285	-7.6063317289311368e-006	2.2204972946228685e-006	-1	
44.330308566355683	134.05323022208265	-7.4308265795816381e-006	2.1654072835607662e-006	-1	
45.055216112703874	136.54446023162882	-1.2678511043663706e-005	2.6412062046547449e-006	-1	
44.901769379402694	135.41790577169317	-1.0571320377243922e-005	2.4610580734708803e-006	-1	
45.970597226965289	133.62852581541631	-8.1503105677136986e-006	2.0481251303636641e-006	-1	
45.360620246606608	133.82831997958777	-7.8650226006422457e-006	2.1040064477079284e-006	-1	
46.611217856704791	134.17778718622847	-1.0179677550939518e-005	2.2605654796893258e-006	-1	
47.41838835298276	134.10716891827155	-1.1313682555538451e-005	2.2649801411716294e-006	-1	
49.032729345538698	133.96593238235772	-1.4214398525126004e-005	2.3018292923786543e-006	-1	
50.647070338094636	133.82469584644389	-1.7878611788951707e-005	2.3751518842163543e-006	-1	
44.760623413617083	133.94278924027103	-7.5349992408585421e-006	2.1349288430855353e-006	-1	
53.329459149679728	131.1343359263328	-2.2355580324379285e-005	2.1184339160491983e-006	-1	
52.984825763415593	132.65550485594667	-2.3142559975076227e-005	2.3356448969424804e-006	-1	
52.261411330650574	133.68345931053005	-2.2462622188966062e-005	2.4955995068693624e-006	-1	
55.64119770521561	129.90630903417659	-3.2063597567682505e-005	2.6567163299695463e-006	-1	
55.066951023399042	131.09389727829986	-2.9865854192900497e-005	2.5351587656622575e-006	-1	
56.861757917252213	128.72484620562898	-3.8782147821861504e-005	3.1462724932478231e-006	-1	
63.346211105163235	142.26845234373221	-5.8105943788367011e-005	2.888086310053876e-006	-1	
65.961936341784394	142.86363575519508	-6.3190384889293773e-005	2.9175158088644549e-006	-1	
70.640105826050927	148.1827008336968	-6.3462543758110516e-005	2.9966024481908058e-006	-1	
61.140831515703162	140.74117939066508	-5.396338854853134e-005	2.8621345128491577e-006	-1	
73.668742734107383	153.62896625216993	-6.090201802454197e-005	2.9980757838492434e-006	-1	
57.084217976920648	137.50343946520229	-4.2855847573481135e-005	2.8339494293339319e-006	-1	
53.125650744490983	137.11207560420669	-3.0375515321804712e-005	2.732479410473985e-006	-1	
54.934416523721019	135.68674499002458	-3.4610097351693536e-005	2.7673435642882561e-006	-1	
51.345128700739245	136.99044264541359	-2.5416085413659136e-005	2.6704765730413137e-006	-1	
59.124151051486407	137.22131714631274	-4.9650176327193976e-005	2.8346716044707077e-006	-1	
61.449532616743419	138.17318433331633	-5.6810898319676383e-005	2.8222814811481115e-006	-1	
47.726999257437747	135.44296932698731	-1.4810559019599941e-005	2.4561088021246096e-006	-1	
50.007341509607464	135.8091811349112	-2.0288861964797647e-005	2.5427418003535526e-006	-1	
46.748200015151205	136.40294613169303	-1.4975722375757618e-005	2.5846598063037482e-006	-1	
145.35364186999306	85.482313168836299	-6.3952258017866052e-005	3.2613545674313272e-006	-1	
145.8508222034466	69.493072721409987	-6.0894537076149833e-005	3.2550524246339438e-006	-1	
150.31158056002758	77.560972076533986	-6.2105009060542385e-005	3.2536631766977706e-006	-1	
153.72117666631593	72.855660980084579	-6.1121609316172387e-005	3.2517193496214167e-006	-1	
143.58257533957459	60.487611107952269	-5.9055572215719689e-005	3.2546501132095226e-006	-1	
67.698406418131682	0	3.7635067905108734e-006	-1.1687649145043401e-006	-1	
67.831107629270548	0	5.9545175255581958e-006	7.6554309168568657e-007	-1	
67.963808840409399	0	5.1386277817005404e-006	3.5977553615166065e-006	-1	
68.048065931746706	0.070805817974772853	-1.1982116720662681e-005	6.651629647315627e-006	-1	
68.030159445978825	0	2.2152978008646833e-006	6.4372056663735983e-006	-1	
68.236977717731733	0.0573043334086051	-1.2260013957926093e-005	6.5381199202919972e-006	-1	
68.191020600567043	0.02068043622670537	-1.2206844355914754e-005	6.5660389990949846e-006	-1	
68.14808834045408	0.035734130836527225	-1.2140907657376846e-005	6.5933975688927074e-006	-1	
68.105156080341118	0.050787825446349084	-1.2072623182016518e-005	6.6194269156970234e-006	-1	
68.1875	0	-9.9150560578230334e-006	8.0234258479428455e-006	-1	
150.55537751288705	0	-5.2571017499847114e-005	3.3037396965547094e-006	-1	
146.81880995199521	21.284938826880818	-5.3004228866199473e-005	3.2955560586422855e-006	-1	
151.01543397910831	26.415952897026447	-5.4027450755425813e-005	3.286187054970224e-006	-1	
147.37439236637982	14.933440629287787	-5.2581708394935529e-005	3.3016714577390919e-006	-1	
149.39832001568664	9.585860074845634	-5.2587126970849101e-005	3.3028602010901422e-006	-1	
154.66297189110881	3.4284719480344639	-5.3139403552183533e-005	3.2980322909003906e-006	-1	
153.24851093150409	36.421148567843268	-5.5395885128920497e-005	3.2743222394618375e-006	-1	
156.99675965377102	32.107774068329569	-5.5204183458218589e-005	3.2770954716347327e-006	-1	
151.95465108409547	51.998744150694698	-5.7636075921533243e-005	3.2603130244819797e-006	-1	
150.36402990267479	60.658453670082125	-5.9104934066139297e-005	3.2555485143623243e-006	-1	
157.06786683570107	48.774366771831801	-5.732304022028841e-005	3.262437156252711e-006	-1	
157.59889505173041	43.678211374546358	-5.6652119931936688e-005	3.266487259788351e-006	-1	
58.71071508713851	128.04292458802982	-5.068378824633973e-005	2.9560178804565671e-006	-1	
61.18024813242544	127.32937942340816	-6.6976407681598228e-005	2.7339828715264723e-006	-1	
65.293246307898627	123.58512787963308	-0.00010071003524919945	2.4961736127901398e-006	-1	
67.466655139888971	121.45579617533717	-0.00011692600180584094	4.443506133805403e-006	-1	
65.484348674629913	125.76943792655308	-9.8181511872462074e-005	2.4205487295192731e-006	-1	
63.736169239261748	127.60325432064998	-8.2959836042722875e-005	2.5074352544322677e-006	-1	
84.559617623406353	133.83039931409076	-9.5287836106345208e-005	3.6094717638412283e-006	-1	
85.762727091656757	136.83137059122291	-8.9235325076856162e-005	3.4868218863794252e-006	-1	
91.238178967538445	141.95611781701857	-8.0015730109034075e-005	3.3620083268219435e-006	-1	
98.556830704154663	148.28162639140714	-7.2318223454399049e-005	3.2378043842526254e-006	-1	
109.55496384325117	139.0795411073272	-7.483467054890283e-005	3.3380813926540269e-006	-1	
105.85897146162817	145.80428106987458	-7.2345844252504209e-005	3.2628459887699202e-006	-1	
115.84066460228802	138.5362501827255	-7.2610382061899368e-005	3.3005172038164998e-006	-1	
119.49224875796219	135.23731495443391	-7.2360933140779983e-005	3.3061232005737347e-006	-1	
82.705491670395517	132.05863827081865	-0.00010081615197941432	3.6909908397145708e-006	-1	
81.903001419327538	130.75977157194703	-0.00010477970571255259	3.7833907212251665e-006	-1	
71.490302216675445	125.45859637316109	-0.00012524028049134853	5.635515348569804e-006	-1	
67.434747088978781	124.49828550714763	-0.00011233175194346131	4.1021576018601773e-006	-1	
73.883549197314011	126.06023320124905	-0.00012719085948842965	5.7267595389671671e-006	-1	
78.991541910890319	127.88925564869913	-0.0001175808621776165	4.252579267220747e-006	-1	
77.675430515489126	127.97856345378833	-0.00012010276100131507	4.6586962299931289e-006	-1	
79.087093094255962	128.98141067215914	-0.00011466558002204168	4.0213573547284257e-006	-1	
79.837758578952446	129.46599328654349	-0.00011169574266481271	3.9147573603124379e-006	-1	
75.483922581873159	127.65151102934384	-0.00012309701575051815	5.1548652212924105e-006	-1	
80.784982313062457	129.99806817988244	-0.00010845893876328694	3.8448636557632057e-006	-1	
123.50245419138628	132.38507147461502	-7.1609380098741624e-005	3.2991439210234652e-006	-1	
135.35567034033846	127.70710607425279	-6.8548620451662061e-005	3.2509888519916102e-006	-1	
132.24016585167001	133.87667186269726	-6.8515769755529314e-005	3.2360715618211877e-006	-1	
137.61065103490083	121.1737323436287	-6.8486471634859918e-005	3.2641626427331877e-006	-1	
140.31953653869172	114.08824625161516	-6.7897293663042387e-005	3.2679433551723313e-006	-1	
145.16814080974407	104.43397470941107	-6.6353276187964866e-005	3.2607830568649745e-006	-1	
140.24297007713011	96.276925188065803	-6.6527419000895064e-005	3.2786304059789159e-006	-1	
148.45429949988173	99.193728717456793	-6.5295845097594583e-005	3.2545133383590401e-006	-1	
145.96651203386219	110.56762129048012	-6.6502840775973211e-005	3.2507173976419654e-006	-1	
145.45623760736109	94.615510890031132	-6.5315476967805239e-005	3.2636461759388885e-006	-1	
-116.13750423727697	338.98348358778281	-2.0846734403255165e-005	1.6231874821930885e-006	-1	
-110.48210485614391	339.91943878587125	-2.1068320053313559e-005	1.6336996835143611e-006	-1	
-121.57858862003619	340.47562916460936	-2.0706031523861027e-005	1.616277598977124e-006	-1	
-101.8634008239252	336.9834723922591	-2.1322889494974957e-005	1.6461634507634352e-006	-1	
-77.862157242385379	326.9079767331977	-2.2138388559352954e-005	1.6864568223461001e-006	-1	
-81.650947547587407	330.90084451077962	-2.2062061875874531e-005	1.6820706192312862e-006	-1	
-96.101403610661251	338.81415705631565	-2.1608425468677824e-005	1.6594484402838578e-006	-1	
-84.212294676252256	335.77295144233659	-2.2068527477127324e-005	1.6815155990615084e-006	-1	
-88.347232686457531	341.32277633499348	-2.2012185364780507e-005	1.6780588477173179e-006	-1	
-71.74009260770849	324.79745748400592	-2.23977625895008e-005	1.6991136842886951e-006	-1	
-63.368690841077765	320.18073299560547	-2.2729056149929008e-005	1.7157903035395304e-006	-1	
-66.980521625039202	323.52968087050954	-2.2624002311588535e-005	1.7099964156248125e-006	-1	
-51.791914542159589	308.60752457386059	-2.3057824052950557e-005	1.7349738559653031e-006	-1	
-57.733631295474773	319.80813058229813	-2.3055703945384597e-005	1.7310841887714681e-006	-1	
-52.814567919688571	317.03404620256259	-2.3279716982915667e-005	1.7422570611300761e-006	-1	
-190.85785453263091	339.56730615661979	-1.9480278962605193e-005	1.5565050308796065e-006	-1	
-183.52893883267404	344.81136674570183	-1.9636195394082109e-005	1.5640227530688746e-006	-1	
-200	337.39447566043941	-1.941069250586488e-005	1.553134278016439e-006	-1	
-195.85737667770138	340.28358414722652	-1.948371563097125e-005	1.556649100124151e-006	-1	
-136.35506636960389	344.89901513400486	-2.0387809684619021e-005	1.6006187181006594e-006	-1	
-131.14925956971805	343.60570382295737	-2.04958407120316e-005	1.6059154669868177e-006	-1	
-139.48971749177326	353.01030737264102	-2.0478181481552157e-005	1.604542627383819e-006	-1	
-127.92018071098074	347.83777023786041	-2.0681221014779805e-005	1.6145329967735224e-006	-1	
-122.70793012333132	346.75620644980063	-2.0814229431344282e-005	1.6209691001105414e-006	-1	
-164.59992133623589	348.95480764088234	-1.9918915159115991e-005	1.5777129882019117e-006	-1	
-161.09837865369053	351.40114311652508	-2.0018861907796542e-005	1.5824872833195404e-006	-1	
-157.27546780098186	353.90057001458246	-2.0128517334990677e-005	1.5877119920869182e-006	-1	
-152.74164723371902	354.45397155989588	-2.0220421907689859e-005	1.5921198696167708e-006	-1	
-145.89633177963955	355.74563993392945	-2.0382174232426774e-005	1.5998441152262979e-006	-1	
-168.88262441661726	349.99814842225675	-1.9883415246702623e-005	1.5759556717685001e-006	-1	
-174.72720469637204	351.54845948311254	-1.9848724097816816e-005	1.5742291819729526e-006	-1	
-180.10484141078877	350.70058661294473	-1.9784289122965775e-005	1.5711138277085614e-006	-1	
-47.849499702097205	313.53530431750403	-2.3491738725654459e-005	1.753239529566168e-006	-1	
-41.402685294482303	312.14437194326996	-2.3895021814906294e-005	1.7721807142187787e-006	-1	
-35.695471761224567	308.9248140990195	-2.4204748576696619e-005	1.7875685356350301e-006	-1	
-30.504718921935925	307.61858852835712	-2.4559179185595994e-005	1.8041080082691566e-006	-1	
-6.4545438351807167	283.45867696092103	-2.5874728767690857e-005	1.8770203675312128e-006	-1	
1.1093217320634761	285.50445662874301	-2.6734079525315341e-005	1.9126312417778908e-006	-1	
38.010389551223021	264.99188753493627	-3.0972139125078971e-005	2.1018395619535742e-006	-1	
33.077379260479873	271.33358960541932	-3.030453207545948e-005	2.0697856105128134e-006	-1	
37.91456901629563	270.00681945720959	-3.0959891477864456e-005	2.0959858456820027e-006	-1	
43.135170274237019	261.95297650383912	-3.1734834668772552e-005	2.1335168980348635e-006	-1	
22.172212568902715	277.70471144398056	-2.8967841980537503e-005	2.0114478372232564e-006	-1	
21.288882507806488	283.22801973684147	-2.8947623098857927e-005	2.0059783021657934e-006	-1	
16.017181004915642	285.0978779558626	-2.8366971381051739e-005	1.9810060173383722e-006	-1	
32.302038133011102	276.30464506926535	-3.0232845207875417e-005	2.0623118778808337e-006	-1	
27.827998506036202	278.60584382314045	-2.9682456137959433e-005	2.0388942697805336e-006	-1	
10.555818244892667	286.13766393474822	-2.7776048135583125e-005	1.9559156363910854e-006	-1	
5.4200221804779014	288.26633414480773	-2.7270085751834542e-005	1.9332847965373078e-006	-1	
54.872092512413644	247.16610585086863	-3.3889633891705579e-005	2.2288353108012221e-006	-1	
50.766142248515969	258.3087370549469	-3.2945539947187219e-005	2.181032861217009e-006	-1	
48.104065535875762	262.54607509092654	-3.2468507857765853e-005	2.1591550513521401e-006	-1	
55.331997962479036	255.35625993553893	-3.3732875791112335e-005	2.211827520329603e-006	-1	
63.256922814782314	236.24215110808649	-3.5894917857977583e-005	2.3116044699392588e-006	-1	
61.318218777545574	243.43399515193869	-3.5181809854079394e-005	2.2766167449585606e-006	-1	
64.091401974412918	221.50545022351281	-3.7012162493204145e-005	2.3776362227908279e-006	-1	
68.07197719503236	233.49966223712562	-3.7019069502602423e-005	2.3502179982116136e-006	-1	
68.794033600555053	226.07847905869647	-3.7723207405076476e-005	2.3858528101788574e-006	-1	
62.821229915052875	215.07007922579749	-3.7185904083476822e-005	2.4011614471826084e-006	-1	
67.825664056583449	210.28538098370817	-3.8986605914749664e-005	2.4627081767575962e-006	-1	
72.397944272366402	201.41166920107409	-4.1497676359586359e-005	2.5515763958395218e-006	-1	
73.954341299983099	207.06404374724801	-4.1097889200542845e-005	2.5226769008345469e-006	-1	
78.327515851948988	194.52041244825313	-4.4643645841304128e-005	2.6395043180364708e-006	-1	
77.806161763991199	199.51769748570442	-4.3455254656355109e-005	2.5979931708237175e-006	-1	
80.318654024457786	189.90738344243246	-4.6388227920040436e-005	2.6884845375699548e-006	-1	
80.105784272705705	176.91760910888067	-5.0477872479612786e-005	2.8067028555852054e-006	-1	
82.71359315190189	183.37150504290273	-4.9107995514985316e-005	2.7587248589964035e-006	-1	
78.784556077831908	161.69536845004092	-5.7855424478699471e-005	2.9581859863514548e-006	-1	
78.378586499795517	155.69372101731136	-6.2265016790062695e-005	3.0203297651496898e-006	-1	
82.625006804186711	170.89853913966834	-5.4139617285262623e-005	2.8805675973881843e-006	-1	
87.585272572017885	166.65926455904997	-5.820467606916582e-005	2.9510176544693249e-006	-1	
-18.574093780726876	301.44504835265803	-2.5342959854045691e-005	1.8420482460043885e-006	-1	
-23.110455457443944	306.08251472053564	-2.5103915906080623e-005	1.8291373117758412e-006	-1	
-12.84697928843304	299.31903422041847	-2.5786493551184846e-005	1.8626280905289585e-006	-1	
-8.65054638208764	295.21137444399869	-2.6048946408979359e-005	1.8764710840223518e-006	-1	
-3.5681379939131688	287.58567653100482	-2.6310301058873344e-005	1.8928734368377083e-006	-1	
-3.5839400071963792	292.45822414902779	-2.6458277674604403e-005	1.8959269820152478e-006	-1	
44.036800495012884	134.40301952056083	-7.8896351112694096e-006	2.2672253542494698e-006	-1	
44.408772465848742	134.56942413333292	-8.4803975532061891e-006	2.310127055425513e-006	-1	
44.18970636787089	134.38964199009922	-7.9634828134462528e-006	2.2725492370870932e-006	-1	
44.830787078840622	134.74476360352986	-9.2117196118505027e-006	2.3437710799783749e-006	-1	
44.593291616009878	134.35433285612075	-8.1999811660522331e-006	2.2736915832070949e-006	-1	
45.712627076495686	135.50597990341086	-1.175015913496384e-005	2.4657749343749278e-006	-1	
45.440138388345929	134.73721649868662	-9.8654776216671357e-006	2.3421316362515865e-006	-1	
45.804047360426821	134.24840545418539	-9.2422183102207062e-006	2.2635258264978935e-006	-1	
44.996876864148859	134.3190237221423	-8.4923623527556999e-006	2.2702506118177974e-006	-1	
46.405937128908974	135.07636562427726	-1.1865622737451697e-005	2.3965247650036319e-006	-1	
51.582636388440989	135.22164547693066	-2.329433289824569e-005	2.5598470919059838e-006	-1	
54.218729459131232	132.41571229574132	-2.7489805201990293e-005	2.4881219002044638e-006	-1	
53.875752323206513	133.54222277461622	-2.7819802225576563e-005	2.6437713746019771e-006	-1	
53.803789218535528	134.91131909476297	-2.9753832163368062e-005	2.6827635246133575e-006	-1	
56.957309100617849	129.81700122908899	-3.9315267398860045e-005	3.1638401881144775e-006	-1	
56.214992546908213	131.09411565513983	-3.5518626022060465e-005	2.8743632929915798e-006	-1	
55.851746351946829	131.87147305510749	-3.4185893337120612e-005	2.7896809152759969e-006	-1	
55.270733340868844	132.17971520202144	-3.1761788806546221e-005	2.6735946505236717e-006	-1	
58.20525668395485	129.94770056206823	-4.6759711771963299e-005	3.0296364263500584e-006	-1	
63.456073285087342	139.58811801604102	-6.1427226493463531e-005	2.8419120472516628e-006	-1	
65.761792399792057	138.74437507870036	-6.881069388801569e-005	2.8370676184758754e-006	-1	
69.749635632044985	139.64568923978078	-7.567427011144941e-005	2.9621684086153808e-006	-1	
76.302179276535767	142.31085099572678	-7.8533457270659626e-005	3.1398586319661708e-006	-1	
77.690437010255323	148.86866965652624	-6.9299993493534499e-005	3.0913634603709917e-006	-1	
56.626253862144168	135.53212560332179	-4.0494435092428844e-005	2.8368046586096205e-006	-1	
57.827810462555156	135.62118558015567	-4.5092749572817046e-005	2.8550134326964815e-006	-1	
55.798500231549028	134.62358034058343	-3.670716585933681e-005	2.823377080093472e-006	-1	
55.041121380019796	134.32088489484741	-3.3441610945101503e-005	2.7712311870634165e-006	-1	
59.992853214356821	135.35415981396307	-5.3688574980873655e-005	2.8220941189305293e-006	-1	
63.7443627550984	137.14985388725847	-6.5481109022935352e-005	2.7761219669474248e-006	-1	
62.266277483885254	135.79697340250047	-6.205584340817521e-005	2.7614877367834777e-006	-1	
150.92781007612859	87.301980879236723	-6.3541242489518489e-005	3.2527888246229463e-006	-1	
151.56791183070607	66.843569024611014	-6.0207744564310293e-005	3.2539053105451134e-006	-1	
156.26342109146324	85.316251378492751	-6.2731425023635325e-005	3.2459871764422461e-006	-1	
159.56168903564114	80.675853213949793	-6.1879587344354923e-005	3.2444647981093168e-006	-1	
162.6534485855845	75.664003835231327	-6.1063004367947974e-005	3.2446006436890754e-006	-1	
161.66306151849236	69.859114106135394	-6.0349135068920913e-005	3.2484566918801003e-006	-1	
157.13168656186434	63.885631502215695	-5.9602114769667914e-005	3.2531853057822997e-006	-1	
68.096510051548265	0	-1.8813862656351643e-006	8.5986591372908294e-006	-1	
68.142005025774125	0	-6.0093320374219667e-006	8.9463651571473703e-006	-1	
158.77056626933057	0	-5.3604155901860239e-005	3.2936281156615706e-006	-1	
154.98705765766994	23.050868151561872	-5.414474415270103e-005	3.2865691633646194e-006	-1	
152.76017703980835	18.345701554929796	-5.351815499325455e-005	3.2926564926396187e-006	-1	
159.26264367256982	26.020203804104789	-5.4802961546033288e-005	3.2812676150031033e-006	-1	
155.72973703399117	13.991575835036176	-5.3614901041656257e-005	3.2926737102752086e-006	-1	
155.05676809366628	8.7643576313404292	-5.3310483614886747e-005	3.2960538331382106e-006	-1	
161.32223152645204	5.7770469347660596	-5.3917983299419704e-005	3.2906304796313801e-006	-1	
158.60935624689969	38.400013283136282	-5.6028796292953741e-005	3.2708977535543035e-006	-1	
163.28014311570749	30.461009246387949	-5.5506221498281813e-005	3.2756940314098647e-006	-1	
163.16715052066806	37.214756978583189	-5.6175844687006115e-005	3.2703729417692021e-006	-1	
157.30632248548832	54.809651124485228	-5.8212254765295704e-005	3.2581427405837698e-006	-1	
161.85793248106765	46.955558944550567	-5.7256661177621058e-005	3.2630167368936817e-006	-1	
160.89833851654436	51.645376741044629	-5.7843158753245774e-005	3.2597254905378319e-006	-1	
162.38896069709702	41.859403547265131	-5.6654954349857472e-005	3.2669041976329427e-006	-1	
59.941691783767652	129.58187100716825	-5.7136574996154189e-005	2.8543413159226526e-006	-1	
62.791129085855111	129.33257754580845	-7.4199191632943006e-005	2.5796439095654967e-006	-1	
66.846425328176522	126.7507863293054	-0.00010429523806370471	3.3240791797073454e-006	-1	
65.675451041361185	127.95374797347307	-9.4835515929561886e-005	2.3109840810503935e-006	-1	
64.564709470297913	129.39132053703511	-8.460473666301167e-005	2.3839164726504986e-006	-1	
83.067219396229632	135.04600248837716	-9.4136423656759178e-005	3.5213284202753203e-006	-1	
82.027086024629298	133.42641423357327	-9.8539892048424019e-005	3.5798143037723534e-006	-1	
82.382666652839163	137.2505313274238	-9.003312355764141e-005	3.416348131079868e-006	-1	
83.820396990440159	140.85152833959617	-8.3229176660666861e-005	3.33197529662982e-006	-1	
91.348875724350719	147.86181516219276	-7.3733304057049348e-005	3.2359243836271985e-006	-1	
84.986324958167614	147.45250229025169	-7.3950949814954777e-005	3.1996259250487092e-006	-1	
95.021840053356854	152.4877040435446	-6.9392629134541097e-005	3.1662498783801549e-006	-1	
103.78647053021476	153.23147699925235	-6.8209888866246568e-005	3.1619419259582561e-006	-1	
115.10962883993869	145.55200444021477	-6.9944881423633306e-005	3.2282817277683152e-006	-1	
110.90390222139031	151.21478509086214	-6.8246962622228697e-005	3.1769271402241493e-006	-1	
121.16090024368967	141.92745819475755	-6.967004659316867e-005	3.2361699980216259e-006	-1	
124.20314631672007	137.6154943739725	-7.0084393463186391e-005	3.2563501867440721e-006	-1	
81.186251669485841	131.9071287855289	-0.00010308442581049319	3.647609199560544e-006	-1	
80.585280097409296	131.06598930039942	-0.0001061148543818133	3.6934249036965837e-006	-1	
69.452179691474726	126.84987440271404	-0.00011566041228018166	4.6505785901268165e-006	-1	
72.393358176441239	127.75513461947419	-0.00012111641613124079	5.1584299187132965e-006	-1	
73.959176576117954	128.31581308140551	-0.00012093146505955998	5.0153124516695232e-006	-1	
78.24922535718153	129.16637007475063	-0.00011591990280597658	4.2141041871119211e-006	-1	
77.101183833670149	129.16615169790941	-0.00011758616669566986	4.4423832632726184e-006	-1	
79.182644277621606	130.07356569561915	-0.00011149887948048884	3.773180166619334e-006	-1	
78.543063509165123	129.9725285367642	-0.00011304762581608369	3.9306710447048524e-006	-1	
79.759211243552016	130.35602098059559	-0.0001094939721274847	3.7433204372721861e-006	-1	
75.363691959951808	129.20659034594127	-0.00011850046904057883	4.6240303467279493e-006	-1	
129.50194200182503	138.49820170628141	-6.832273808076022e-005	3.220999464945237e-006	-1	
139.31134991787042	133.57605922907328	-6.6787666390997176e-005	3.2044399658095638e-006	-1	
143.13017766996455	126.73462364138551	-6.6697726959615987e-005	3.2186348681540218e-006	-1	
138.2820149836821	140.57837896233599	-6.58433694299045e-005	3.1700396281640668e-006	-1	
133.27945271507565	142.12365704554807	-6.6588854230933284e-005	3.1797274663935206e-006	-1	
143.26924890156317	121.07690640997806	-6.7040977265034977e-005	3.2376301170526973e-006	-1	
147.28597888372519	117.09005485412303	-6.6273524544630639e-005	3.232572155258263e-006	-1	
151.96610847634491	107.68873697752632	-6.5264196468041655e-005	3.2358404154964775e-006	-1	
150.83777350900397	94.267522749921412	-6.4430404380176444e-005	3.2514564029216872e-006	-1	
153.9047909296049	98.703222080135134	-6.4394481325336827e-005	3.241408974442588e-006	-1	
151.54865474821111	113.34650310796296	-6.5458833220821843e-005	3.2265907072293685e-006	-1	
-117.59715367317597	344.43337544056573	-2.0928258215786132e-005	1.6265825812012371e-006	-1	
-112.07189442307555	345.42689949166157	-2.1140729737620731e-005	1.6366033966175785e-006	-1	
-106.52607223965813	344.04457698299342	-2.1313725895088522e-005	1.6449311844300894e-006	-1	
-101.12284253861166	342.18122838281556	-2.1481525062450109e-005	1.6530556821848483e-006	-1	
-73.389285482255715	329.26892623931042	-2.2439325975165697e-005	1.7000544219977531e-006	-1	
-79.105504840801458	335.34835052935239	-2.2308777435831231e-005	1.6927962040844211e-006	-1	
-74.094276876533172	334.27728440211928	-2.2538305573013013e-005	1.7036659654021549e-006	-1	
-94.397671783559034	346.78286096248655	-2.1864824965094033e-005	1.6705276238713884e-006	-1	
-81.324699345316247	339.58016959967	-2.2302415279766105e-005	1.6918230134154989e-006	-1	
-84.04667532187635	343.63223664865228	-2.2265399643188857e-005	1.6895257544762438e-006	-1	
-86.518193014826437	349.89396139739324	-2.2281896381045754e-005	1.6895347547492135e-006	-1	
-68.438468172317883	328.23448324107449	-2.2679407055531918e-005	1.711446523104694e-006	-1	
-61.829740319429689	325.46263533336185	-2.2979253649407835e-005	1.7259777067763462e-006	-1	
-56.331286345671217	325.27861111719216	-2.3304527057518268e-005	1.7409837090039237e-006	-1	
-47.42323023671743	319.83164788467786	-2.3716373939398863e-005	1.7613632220170692e-006	-1	
-193.4157238503922	344.86853944293256	-1.9592587194012602e-005	1.5618771443393378e-006	-1	
-187.32166246750853	350.47021832787448	-1.9733291967818339e-005	1.5686332517900314e-006	-1	
-200	343.63967909955028	-1.95573368298598e-005	1.5601776160209874e-006	-1	
-132.01696335197454	351.23684487789785	-2.0634805408507136e-005	1.612121149993934e-006	-1	
-136.20915240818294	356.8316585088096	-2.0628990339750026e-005	1.6115842410795392e-006	-1	
-138.47504992048175	361.3294957932527	-2.0646433379420009e-005	1.6122557694083861e-006	-1	
-123.894825488252	354.1365128477064	-2.0925592327397096e-005	1.6257903598151282e-006	-1	
-116.42771251623032	353.79029471227039	-2.1160199397263814e-005	1.6368960441645457e-006	-1	
-165.32702543708646	353.16392608107873	-1.999112376985337e-005	1.5810960588231658e-006	-1	
-161.34422437584323	355.97590182926001	-2.0099793055003214e-005	1.5862736787299719e-006	-1	
-155.9451458298453	359.41350350729277	-2.0246910923491967e-005	1.5932594422743973e-006	-1	
-150.30002962871637	361.14325015590498	-2.0380778090720616e-005	1.5996195634598733e-006	-1	
-144.30221378894464	364.98175895702394	-2.0565036366187402e-005	1.6082910735349371e-006	-1	
-169.97633148713612	354.63153132594965	-1.9959382929945324e-005	1.5795253571402469e-006	-1	
-175.92909988326278	357.08303952120571	-1.9937642203168362e-005	1.5784298126369736e-006	-1	
-182.22027213363091	355.71684197856013	-1.9862378489874534e-005	1.5748102812903403e-006	-1	
-41.987231320744705	321.89113954817378	-2.4146153602582699e-005	1.7801774675267946e-006	-1	
-35.494432274850674	314.27361989143282	-2.4386871240012606e-005	1.7936311448386767e-006	-1	
-36.344052871006646	320.49610294977288	-2.4504403208234292e-005	1.7966999792271136e-006	-1	
-26.21283600107715	311.77987433158961	-2.5021591510328751e-005	1.8229588687238204e-006	-1	
-29.419264587699534	315.86531337377693	-2.4889846442263738e-005	1.8154854158690574e-006	-1	
0.90632520225141189	290.56627057075269	-2.6857487242466497e-005	1.9142380406611687e-006	-1	
44.163417631789756	267.82162754863515	-3.1840777054799839e-005	2.1307729239441001e-006	-1	
37.151359647657486	274.96426186429534	-3.0854706243357964e-005	2.0872056773891348e-006	-1	
42.558417582542617	273.25922045116272	-3.1575418270601682e-005	2.115718619501279e-006	-1	
26.49046967599789	285.28488566016489	-2.9582318973251721e-005	2.0295602900314535e-006	-1	
19.712748615008998	289.73846591329436	-2.8855593183109993e-005	1.9973952219893456e-006	-1	
14.191262019152928	290.34375316854312	-2.8258397443516299e-005	1.972787259048059e-006	-1	
32.118605648432123	281.44787266726297	-3.0230784139820144e-005	2.0578171003601485e-006	-1	
11.308037192851833	295.09140537680207	-2.8035837586870414e-005	1.9605196883012299e-006	-1	
5.3947457231191258	293.79583207990567	-2.7396584886645416e-005	1.9348007468229129e-006	-1	
61.343551197207361	250.91070076822365	-3.4861541864303472e-005	2.255240688491029e-006	-1	
53.060105052740525	263.2384321970618	-3.3185087048920143e-005	2.1835564252239605e-006	-1	
49.881170499596529	267.90955091698163	-3.2639106155339141e-005	2.1594167861118771e-006	-1	
61.437966357338709	257.32574665783989	-3.4622817482646729e-005	2.2391928731195815e-006	-1	
59.164749012112537	262.9965210134983	-3.4089452325284133e-005	2.2148360352530087e-006	-1	
67.493283854997927	241.24137621366117	-3.640560831012268e-005	2.318170670208209e-006	-1	
68.827438722781196	248.88019523313292	-3.6192933770239789e-005	2.3003075408973705e-006	-1	
72.340130209766571	216.53433471044212	-3.9473668309796507e-005	2.4557522095376876e-006	-1	
71.891289564288371	237.51449061678986	-3.7460382308144307e-005	2.355763326985448e-006	-1	
73.39172636366861	231.9484489458909	-3.8190284120293561e-005	2.3865425636265628e-006	-1	
75.341773410613186	225.68549010415188	-3.9170385634195705e-005	2.4257357238203637e-006	-1	
74.751575683789824	212.07264896897308	-4.0605294166339022e-005	2.4958721398849554e-006	-1	
82.328300660823089	205.77537489565532	-4.3497386096516324e-005	2.5786419717502489e-006	-1	
79.667258749915945	213.32075510356916	-4.1623304680622018e-005	2.5161294769551026e-006	-1	
83.336780847213376	194.13062784390945	-4.621743639044303e-005	2.6694809913634447e-006	-1	
85.497893052208411	198.85021223559741	-4.5689661280997316e-005	2.6439021067467582e-006	-1	
85.847124230935151	189.58716452958109	-4.813887715495073e-005	2.7191433413565983e-006	-1	
84.368463075537036	177.18630867164742	-5.1918877392419596e-005	2.8252833469097937e-006	-1	
86.528342616312102	180.8710814462537	-5.1181199601364981e-005	2.8000233786797077e-006	-1	
89.730405889290324	185.63917180695131	-5.0410471891623162e-005	2.7708508866095816e-006	-1	
83.165403797429434	157.57314132592737	-6.2902589866111415e-005	3.0336407742069394e-006	-1	
82.11467940729942	152.15996234928312	-6.7661700354479056e-005	3.0976304250686689e-006	-1	
86.177104676082948	173.29921800372634	-5.4229694603659203e-005	2.872781866832887e-006	-1	
89.322021561166622	160.19637177014249	-6.2867560956501918e-005	3.0359846115252553e-006	-1	
90.966099774015092	172.58140230842307	-5.5927107564050333e-005	2.9005000104943965e-006	-1	
95.912008964433682	165.43207584143929	-6.0683693598183067e-005	2.9961047853751376e-006	-1	
-17.462723957967043	307.0696522184445	-2.560405715685823e-005	1.8506867782546448e-006	-1	
-21.038935729698387	312.23015472241798	-2.5448268011282446e-005	1.8415840542431665e-006	-1	
-6.926466895770421	300.82479300144973	-2.6367723165929625e-005	1.8869878404304048e-006	-1	
-12.301317407196663	309.56588817436415	-2.6111959838911702e-005	1.871578061354019e-006	-1	
-4.2367622501099955	297.04838589377499	-2.6522579506265601e-005	1.8957990919299982e-006	-1	
0.15986858666225601	295.5768564143126	-2.6913620559238193e-005	1.9133675427842966e-006	-1	
55.2184327462871	132.81944504532322	-3.2201105776279803e-005	2.722961437815748e-006	-1	
54.682922819484482	133.4716045066593	-3.0834413720979428e-005	2.7332114029614722e-006	-1	
57.052860283983492	130.909156252549	-3.9980018584852848e-005	3.1735597215659564e-006	-1	
56.508830698892488	131.90027411715388	-3.7406881907631735e-005	2.9655148352569025e-006	-1	
56.165721512144458	132.44940811975999	-3.6098686964533706e-005	2.882086757370402e-006	-1	
55.853836698220221	132.91028249614783	-3.5086079978677309e-005	2.8421482853855249e-006	-1	
58.720897102351195	130.8697756872302	-4.9434455356455106e-005	2.9781153431014413e-006	-1	
57.80352576867994	131.39373886693335	-4.4262054398798994e-005	3.0797446597102361e-006	-1	
65.56735369710421	136.31815340007512	-7.2832222289418748e-005	2.7381162951007584e-006	-1	
66.98075737186717	136.6376044600074	-7.6402939179778047e-005	2.7824013893022947e-006	-1	
74.074575188963664	137.97871084355302	-8.5997149457577591e-005	3.1167922475273817e-006	-1	
70.811225451918119	135.56478830936666	-8.8468578197912069e-005	2.9483889484220991e-006	-1	
80.275343241793792	142.6839703997058	-7.9739760387178844e-005	3.225629717548615e-006	-1	
76.931515697520851	137.48036510523235	-8.9388704827623341e-005	3.2371915456107191e-006	-1	
80.590821093217457	138.70581458202952	-8.7404280032113226e-005	3.3244815121977733e-006	-1	
56.581745265763551	134.39604029138033	-3.9650956330021861e-005	2.8793190260854532e-006	-1	
57.235328453243177	134.57207404551957	-4.2446538918743886e-005	2.8914815735133466e-006	-1	
58.437538558195293	134.5820024428541	-4.7528055763925266e-005	2.8802954501690551e-006	-1	
55.933354839959506	133.81917901524668	-3.6437574977351169e-005	2.8647470015039791e-006	-1	
55.490093315762451	133.40098623870239	-3.406240894867193e-005	2.831927643722295e-006	-1	
59.152018859213349	133.83487436591875	-5.0769468681337048e-005	2.8773538991697606e-006	-1	
60.662168570679533	133.98070518147301	-5.7430853357091808e-005	2.7950010255986699e-006	-1	
64.529897785518628	135.30649923038993	-7.1336102739861306e-005	2.681616624259813e-006	-1	
63.797646922442794	134.05931709985421	-7.0816642811214964e-005	2.62939258618236e-006	-1	
62.093871355584476	133.47866343669273	-6.4292486231975202e-005	2.7060317167096856e-006	-1	
155.65609840657802	91.845587658358056	-6.3544391106938868e-005	3.2435064749178796e-006	-1	
161.14126534887981	88.251979900933662	-6.2616144149810711e-005	3.2377985746591355e-006	-1	
166.27737320116643	81.267558460397169	-6.151240777141813e-005	3.2377573967835785e-006	-1	
168.49246725475047	74.90015025583412	-6.0731834830596551e-005	3.2413231463844497e-006	-1	
169.98014035142455	68.162344275016466	-5.9921052702916092e-005	3.2455612400577578e-006	-1	
164.5383189873202	62.720449314284132	-5.934295146276341e-005	3.2514763948199231e-006	-1	
160.22184460704551	59.405420608768623	-5.8912373968875243e-005	3.2548228204997777e-006	-1	
166.98575502577413	0	-5.4387224619682032e-005	3.2864473505770476e-006	-1	
157.841200573489	18.820490730233807	-5.4119043792795583e-005	3.2877138016033287e-006	-1	
165.21154564778834	25.333457824091372	-5.5209600464992452e-005	3.2784854008234681e-006	-1	
162.47212908318753	20.964488409538426	-5.4692316362141302e-005	3.282897063374851e-006	-1	
162.4668675753791	11.987930542304319	-5.4213479291402157e-005	3.2876686789887525e-006	-1	
167.63770981280624	5.7779879341298468	-5.4484656019968703e-005	3.2855314547351087e-006	-1	
167.00241783962809	34.481801482861478	-5.6113587933583772e-005	3.271140569967603e-006	-1	
168.61424691820352	29.208237937081442	-5.5735306639017713e-005	3.2742619555088659e-006	-1	
167.74197045851332	39.946371673994662	-5.6682419022814273e-005	3.2668869294394622e-006	-1	
165.65063726933505	50.174673854698462	-5.7763273305692004e-005	3.2597860786691622e-006	-1	
166.48015978674269	44.861458304444476	-5.7165474677538784e-005	3.2635382349201426e-006	-1	
167.28631533395409	54.872744488970277	-5.8358160310129496e-005	3.2560266805600921e-006	-1	
61.237819253877923	130.64480505422114	-6.3511406430491525e-005	2.7353637748291231e-006	-1	
59.952400426710959	131.36340415734875	-5.5911963560089411e-005	2.8559828928236477e-006	-1	
64.217019453651474	130.38892728814008	-8.0402414418098938e-005	2.4193445572466226e-006	-1	
62.617989731163114	131.15843496561794	-7.0288392807779537e-005	2.6072306870695391e-006	-1	
67.326031038829029	128.35959826984748	-0.00010294472466885826	3.3371912380057202e-006	-1	
65.771002224726828	129.04590299693308	-9.2813634411342193e-005	2.2472512071227154e-006	-1	
65.211439106761816	130.74563042946872	-8.5127830598957912e-005	2.2739997249565755e-006	-1	
65.866553408092471	130.13805802039309	-9.0475487006871601e-005	2.1751889003381566e-006	-1	
81.158383861758708	135.29357156592229	-9.4804455307208855e-005	3.4553480408502821e-006	-1	
80.471771368467742	132.65425686246425	-0.00010198888553613715	3.5557350620721638e-006	-1	
79.86204327282762	133.69343999976579	-9.9700341612349503e-005	3.4715393024636474e-006	-1	
89.623680484241831	153.51099353504236	-6.8202269224587335e-005	3.1306520197236948e-006	-1	
97.797523714237329	157.22931013555171	-6.5967075579929617e-005	3.1038525538199806e-006	-1	
108.8730795651405	158.32819773675715	-6.4966479869759788e-005	3.0969435889487096e-006	-1	
101.83611328262035	162.47572180831312	-6.2900625955734698e-005	3.0443626571312397e-006	-1	
121.5367403413015	149.41858098364409	-6.6988119593949439e-005	3.165635842103585e-006	-1	
117.85966319244309	154.48980544198807	-6.567306570962663e-005	3.1259227955072129e-006	-1	
128.29718859240768	143.73317803569265	-6.7312130956648217e-005	3.1885200220348093e-006	-1	
80.162296648721735	132.04925049161207	-0.00010404952062848683	3.5706602965120479e-006	-1	
79.880814523288777	130.98587565778263	-0.00010751401086670427	3.6480562331340449e-006	-1	
79.960123020322726	131.40045689198769	-0.00010618175587101101	3.6048681747129611e-006	-1	
69.576995012499339	129.45452320510122	-0.0001088618432026732	3.9736725113560838e-006	-1	
71.742942762299876	130.46806123212622	-0.00011066752331621618	3.9452759435457863e-006	-1	
73.40010105627627	130.35695701742716	-0.00011357016875884761	4.1270108069933258e-006	-1	
77.88597916221903	129.94372747471701	-0.00011414114018505591	4.0431976150212936e-006	-1	
77.304966151140874	130.25196962163159	-0.00011381126028657665	3.9956422702388774e-006	-1	
76.252962269403426	130.48796671535212	-0.00011376497958114534	3.9867031397813446e-006	-1	
78.752810022861226	130.58512829748992	-0.00011078650518134412	3.7151269387710036e-006	-1	
79.230419869304427	130.61964320734916	-0.00010980244797716693	3.6454864321204125e-006	-1	
78.199954322416829	130.52166253936994	-0.00011184798450050028	3.7967930303473874e-006	-1	
79.473959181370489	130.87346494561822	-0.00010856513825621929	3.6178443136211598e-006	-1	
75.019058573688085	130.72775927555728	-0.0001129295513135667	3.9085929025542865e-006	-1	
149.02423387030746	131.67048976793137	-6.5044117684494985e-005	3.1769560075177752e-006	-1	
144.55131907241733	137.92314569344006	-6.5091621776401868e-005	3.1629118645028048e-006	-1	
150.2356912465967	124.07871501248597	-6.5430855194304751e-005	3.2016696195489381e-006	-1	
143.59025007909267	144.66338188064847	-6.4143782552029808e-005	3.1291969729924715e-006	-1	
137.89082970537737	148.18207710394489	-6.4336655850807923e-005	3.1234861809915402e-006	-1	
132.14664102876426	147.13309142372154	-6.5600537443870504e-005	3.1486345622043908e-006	-1	
152.79820514278046	118.88032719382623	-6.5185550884621835e-005	3.2092451248813059e-006	-1	
156.87977226730359	110.89557152157911	-6.4561945651071291e-005	3.2167777552928423e-006	-1	
156.96157894249103	105.40233198037765	-6.4382262414960063e-005	3.2263246328994202e-006	-1	
162.05832541604897	103.35158860945114	-6.3640585734480918e-005	3.2189266920432436e-006	-1	
163.13938629597919	97.027010747445701	-6.3156585436567933e-005	3.2258445373686103e-006	-1	
158.13774630714371	116.62666050698121	-6.4381613796298014e-005	3.2004087657512621e-006	-1	
-107.7595887647786	350.91172718555259	-2.1412293311780962e-005	1.6489613680801588e-006	-1	
-100.8364416500215	351.77737662365331	-2.1699272673007163e-005	1.6623204881244232e-006	-1	
-68.360322257679698	333.97582511298083	-2.2838751008948319e-005	1.717587643881913e-006	-1	
-75.571632149586279	339.62376112872022	-2.2593800292682857e-005	1.7052913366614797e-006	-1	
-70.82942902412664	342.1083803075457	-2.2899929814740284e-005	1.7189505683950257e-006	-1	
-93.852868591265164	354.13278974628599	-2.2035176449022306e-005	1.6777161861425183e-006	-1	
-79.169885741887043	343.84513093914876	-2.2507052813845091e-005	1.7006666270841566e-006	-1	
-81.800309176734146	348.13750206230935	-2.2469641973968696e-005	1.69838678703356e-006	-1	
-88.530935950072376	354.87641116991369	-2.2284699205588653e-005	1.6891578947071298e-006	-1	
-82.608781658024895	353.18032270883509	-2.2527602949868778e-005	1.7004792463811167e-006	-1	
-61.09346050797442	332.54738822358445	-2.3215817899584517e-005	1.7351755271720034e-006	-1	
-55.860365038534425	333.95568761201491	-2.3563689402702881e-005	1.7506875569087799e-006	-1	
-51.656864679013772	329.37623857813526	-2.3708768205552092e-005	1.7583306235892827e-006	-1	
-45.837488323925236	326.24626424626513	-2.4002112182166661e-005	1.7724337097538311e-006	-1	
-200	349.88488253866115	-1.968864786043714e-005	1.5664652453394376e-006	-1	
-194.92369194094283	353.00748425821655	-1.9755145297201025e-005	1.5696491543022146e-006	-1	
-189.53755222735597	355.80987477110784	-1.9822685151424224e-005	1.5728859799991059e-006	-1	
-131.18582385559571	357.19360052948502	-2.0768887388004964e-005	1.6182106580517801e-006	-1	
-130.29240432651156	363.14133390449496	-2.0889675191628312e-005	1.623694206924928e-006	-1	
-138.36928135338499	368.45957115472004	-2.0750390332501892e-005	1.6169740459310844e-006	-1	
-125.68974674067682	359.63631768503558	-2.0968195713537085e-005	1.6275344411366628e-006	-1	
-119.91066397551155	359.36836630048003	-2.1143585803196049e-005	1.6357999324694119e-006	-1	
-112.33386290306585	357.55404330059707	-2.1369868956401129e-005	1.6465098937310634e-006	-1	
-166.0772855503597	357.98129275429676	-2.0066436331816866e-005	1.5846232209574896e-006	-1	
-161.82793205630526	360.87377537766753	-2.0173535572829427e-005	1.5897128847311992e-006	-1	
-153.93798329957121	364.20484762634464	-2.0356864327531252e-005	1.5984131156835023e-006	-1	
-158.67186439212827	364.65033139015605	-2.0280929507959513e-005	1.5947838206370388e-006	-1	
-150.3455068319644	368.26405604344814	-2.0481997150746121e-005	1.6042853209605789e-006	-1	
-144.34212000475279	370.78871335464243	-2.0638952637778572e-005	1.6116687406527925e-006	-1	
-169.88893562510987	363.29677640699634	-2.0102456179300055e-005	1.5862681115568884e-006	-1	
-174.83037181510613	364.87416760087319	-2.0070636026327643e-005	1.5847251749520476e-006	-1	
-179.43363607029954	362.48337007804037	-1.9993133602715442e-005	1.5810296772911896e-006	-1	
-188.32595416172333	361.46267305929354	-1.9920598627586804e-005	1.5775489950824806e-006	-1	
-38.416641951191671	329.09818167536696	-2.4577301994826663e-005	1.7973339624383638e-006	-1	
-30.3458400179756	324.14410331179261	-2.503348869505685e-005	1.8189724942832673e-006	-1	
-24.146116181479684	316.54439588530522	-2.5313790190742114e-005	1.8339357774916918e-006	-1	
-23.607672465253955	321.83375553803631	-2.5485871117975582e-005	1.8395711608093859e-006	-1	
41.50157147260753	279.33373139347742	-3.1400042423701085e-005	2.1038410209358361e-006	-1	
36.876101376005174	283.41069512569567	-3.0815748541112418e-005	2.078631124536709e-006	-1	
47.38101436285686	277.2274487283297	-3.2171031361558723e-005	2.1339452597162078e-006	-1	
52.080495454324165	273.11415894566835	-3.2851257147060082e-005	2.16201615363561e-006	-1	
25.464996716811701	291.18895490902617	-2.9517477836416884e-005	2.0227371444099633e-006	-1	
31.349824167295033	290.05827619099477	-3.0171474040406974e-005	2.0490607433150789e-006	-1	
21.265666147789577	295.46391119622342	-2.9096569882270389e-005	2.0033119550571677e-006	-1	
15.590919236705139	298.75932524116308	-2.853828996555943e-005	1.9787888889475698e-006	-1	
10.163334022419114	300.28838818120147	-2.8010105440543569e-005	1.9563666708435402e-006	-1	
5.633309913818314	303.08085253963418	-2.7612109940764692e-005	1.9383259223549385e-006	-1	
68.527176996390168	256.0729813011007	-3.57677362035703e-005	2.277822125197427e-006	-1	
56.327664287811437	268.54900230641562	-3.3527036504537497e-005	2.189889721506465e-006	-1	
65.252666625351353	262.48421443941703	-3.498618795877072e-005	2.2454026524573216e-006	-1	
63.961541095829944	267.453592615665	-3.4612271481069667e-005	2.2280508112969167e-006	-1	
73.8202186293328	242.94692682287135	-3.7402734442863736e-005	2.3454564661589683e-006	-1	
77.181439601017686	247.68522633203645	-3.761536385320955e-005	2.3452681887139476e-006	-1	
73.620034215935618	252.5863220458881	-3.6733828010342171e-005	2.3122680466872819e-006	-1	
80.505805942066118	221.6407274469976	-4.0700878334862822e-005	2.4739419244049378e-006	-1	
76.731115539156164	237.37578934722274	-3.8348306581687317e-005	2.3814665195154778e-006	-1	
78.533654563494665	232.88201514562772	-3.9082743253449424e-005	2.409515798862611e-006	-1	
82.33887097274409	229.2999348086955	-4.0161177815500067e-005	2.4449168166281606e-006	-1	
89.939671224189667	206.04226802577435	-4.5206577292980042e-005	2.6138844326562976e-006	-1	
87.439467059735108	211.42162779810494	-4.367604463657246e-005	2.5676264738426669e-006	-1	
85.786119997837787	217.76162653118973	-4.2314892117754353e-005	2.5218606204400313e-006	-1	
90.160257100618281	193.06040621776151	-4.8276602332369003e-005	2.7101992716841967e-006	-1	
91.612120246773372	200.35091961867579	-4.6784981136059317e-005	2.6610864252551645e-006	-1	
93.162910266344042	189.16342107733871	-5.0119547457740395e-005	2.754893532963621e-006	-1	
88.623843536463951	176.81974740268979	-5.3393325489766943e-005	2.8481560966456183e-006	-1	
91.087987322825185	180.989706019023	-5.2396302073462717e-005	2.8186125019628134e-006	-1	
94.505162404049798	184.42241252061208	-5.1940404000051919e-005	2.8005458801523246e-006	-1	
93.095088632729002	176.52433375278008	-5.466309306306992e-005	2.8689785088311985e-006	-1	
95.795248142262153	172.222153845798	-5.7134418750797715e-005	2.921491894354354e-006	-1	
100.24558210195305	168.9026379976892	-5.9413592787700574e-005	2.9689797163814668e-006	-1	
-18.991179895079416	317.92321977256944	-2.5758055077206779e-005	1.8527836030944647e-006	-1	
-13.067726424189736	316.69155723693837	-2.6215389692432324e-005	1.8730086079438002e-006	-1	
-4.2876520539593503	306.98141681391246	-2.6759285394603375e-005	1.9005590275663324e-006	-1	
-0.25864865477173798	301.6302961698903	-2.7015675784102531e-005	1.9141372270788563e-006	-1	
-6.5176103600333111	313.7832034213348	-2.670933408738157e-005	1.8952989854802943e-006	-1	
57.148411467349135	132.00131127600901	-4.0760396366686098e-005	3.1619502769360417e-006	-1	
56.71857721258872	132.51287387787974	-3.8804187827631381e-005	3.0120181818691362e-006	-1	
56.464595609647617	132.91882435489583	-3.7878717741575692e-005	2.9506054703192377e-006	-1	
56.297263812040413	133.3303679707455	-3.749051898967984e-005	2.9349675353169465e-006	-1	
58.750749502789979	131.92581376027229	-4.9294755408240117e-005	2.9646445145075971e-006	-1	
57.72497843327951	132.28376656098541	-4.3913996020997197e-005	3.0701646275733557e-006	-1	
65.921611769888685	134.91306972093273	-7.7245511523958062e-005	2.6449384851611015e-006	-1	
67.089448922976374	134.61671465123919	-8.1976258780959378e-005	2.6563561484729233e-006	-1	
68.782432825423783	134.47520055130323	-8.7321478310395156e-005	2.7681255335265415e-006	-1	
73.37936151101178	135.06269706502414	-9.4140162872847279e-005	3.11572495091913e-006	-1	
75.159883554763866	135.18433002381749	-9.5337193226534449e-005	3.210750394534992e-006	-1	
69.761232067710267	133.51522374659748	-9.3423657915631808e-005	2.8269737083688957e-006	-1	
72.041574319879928	133.88143555452129	-9.6672892143754541e-005	3.046285000117656e-006	-1	
79.118450787193609	135.57569388481255	-9.4832982449075953e-005	3.3719465625276037e-006	-1	
76.968649333993682	133.75899940963464	-0.00010064286199613162	3.3324924702897148e-006	-1	
56.534759274871163	133.7207987181547	-3.8919629443844274e-005	2.9252090156984385e-006	-1	
57.027922753571296	133.88703683861607	-4.1214673355791131e-005	2.9395198802894198e-006	-1	
57.454019789290669	133.8905557415568	-4.3109413534732719e-005	2.9449963921425436e-006	-1	
58.128063838449265	133.97699607200192	-4.6129042446509698e-005	2.9216052107129173e-006	-1	
59.868768609055181	132.68751715233685	-5.465241184240035e-005	2.8532280300324222e-006	-1	
58.551047287136861	132.99373488078928	-4.8104549200388297e-005	2.9503652324028258e-006	-1	
61.32558857668473	132.1148332098104	-6.2337503502794725e-005	2.7394551983447582e-006	-1	
65.140694556018346	133.99555228319869	-7.6496044755247462e-005	2.5636585470724558e-006	-1	
64.866446829110956	133.24352934718681	-7.7144842451268202e-005	2.4963005169804897e-006	-1	
63.82572926198165	132.98807394351556	-7.3038507923316648e-005	2.5581751565008989e-006	-1	
168.71209334925518	86.647199450122159	-6.1887196222807045e-005	3.2306078675958405e-006	-1	
167.64014929787871	92.454034674972021	-6.2425689444321687e-005	3.225151390654494e-006	-1	
172.90705932354848	82.491401108965547	-6.129364156802509e-005	3.2313703218079063e-006	-1	
173.99098362006302	73.776998044584801	-6.0428415938154875e-005	3.2390995529768006e-006	-1	
172.15427696844722	61.613731395312001	-5.9161317626383926e-005	3.2497347218338654e-006	-1	
177.68651783886568	69.553471088721608	-5.9927919356600069e-005	3.2412470174023273e-006	-1	
175.20094378221765	0	-5.4969099500709038e-005	3.2813006200580505e-006	-1	
173.4518074944618	5.6976277483929172	-5.4898969131793291e-005	3.281888169025561e-006	-1	
170.28455396015184	24.407777791683273	-5.5482962757729254e-005	3.276494168868993e-006	-1	
170.85708075607224	19.357376194791044	-5.5213135993278536e-005	3.2789073395147814e-006	-1	
167.01189076973125	15.274268599663445	-5.4743524304884902e-005	3.2829620541266013e-006	-1	
170.46826668367765	10.857174622178128	-5.4829080184169024e-005	3.2824009880613026e-006	-1	
172.23399634673137	32.738513849125674	-5.6207020512105841e-005	3.2705717913160961e-006	-1	
173.91146476148029	27.968657073706993	-5.5917606774354347e-005	3.2729658002955102e-006	-1	
175.53454210162135	36.568896553290571	-5.666523855955308e-005	3.2670050326854248e-006	-1	
174.48946534579173	42.569662309614515	-5.717457052096009e-005	3.26315913320902e-006	-1	
172.33752070656479	48.267952347647686	-5.7693471569824122e-005	3.2595580695516924e-006	-1	
173.53814558807903	56.068180090420263	-5.8542172846613165e-005	3.2534774161881397e-006	-1	
64.370999665183049	131.43410558488304	-7.8942624683648251e-005	2.4203741574171505e-006	-1	
66.723809914764217	130.17471326838921	-9.4868117419184971e-005	2.6551799093536183e-006	-1	
67.854372187158432	129.97514289073857	-0.00010061306314402239	3.2078008484727254e-006	-1	
65.962104591458115	131.2302130438531	-8.7938057593425699e-005	2.1306964538625154e-006	-1	
65.443344818787651	131.60849700131382	-8.4096867559123502e-005	2.2542840320824102e-006	-1	
66.574423772399697	131.01964883155728	-9.1627949462924239e-005	2.4528565270201723e-006	-1	
79.269561263515641	132.64432846512972	-0.00010327188360261085	3.4756526886102668e-006	-1	
78.660486672416638	133.60438002293222	-0.00010071515591768222	3.4133266013468776e-006	-1	
109.28677680842463	164.23783479228496	-6.2115393358902509e-005	3.0319272098287528e-006	-1	
117.17507163550594	160.71632519749622	-6.3236416717872031e-005	3.0652599978292209e-006	-1	
105.79624276882018	169.02439176525945	-5.9824610551027103e-005	2.9782712040238538e-006	-1	
124.09178506589082	155.1213676479957	-6.4570455186265823e-005	3.1069255087573788e-006	-1	
128.8524589487086	151.07340353436834	-6.5094291721995299e-005	3.1284783718400155e-006	-1	
79.488252599563126	131.96281016116694	-0.00010515206625393807	3.5147469619889262e-006	-1	
79.530079974699518	131.22072180717123	-0.00010740872610792842	3.5649510633384475e-006	-1	
79.504136962149872	131.49698894135392	-0.00010658682880365734	3.5363470142161556e-006	-1	
70.176035596020284	131.1514688832988	-0.00010434620234533537	3.3797305172955667e-006	-1	
68.919238128911672	131.12958443907198	-0.00010073267092395873	3.161349811070214e-006	-1	
71.066962155811169	132.03818680196792	-0.00010276764519326122	2.9915375409330202e-006	-1	
72.681303148367107	131.89695026605409	-0.00010622995191035817	3.1774941840349648e-006	-1	
74.295644140923045	131.75571373014026	-0.00010838429680246506	3.2972390884202891e-006	-1	
77.252665556559535	130.8916994649334	-0.00011158979047395098	3.7115621824034697e-006	-1	
77.888069508492649	130.982536915758	-0.00011064230178818646	3.6307038422171538e-006	-1	
76.717155629756945	131.54385892626948	-0.00010942065283686748	3.3862854523176372e-006	-1	
75.909985133478983	131.6144771942264	-0.00010938563571522536	3.3675646668138959e-006	-1	
78.941783692970674	131.0251185205943	-0.00010905392871137863	3.5634996413370744e-006	-1	
78.498828419920059	130.99107877450592	-0.00010984616124858636	3.5927941552739468e-006	-1	
79.278195460987234	131.16572071907913	-0.00010802519799163198	3.5204527858054883e-006	-1	
151.49665950856834	138.16537548751427	-6.3911164826224858e-005	3.1410634542516828e-006	-1	
156.72676505128433	132.45638180246627	-6.3762121300761879e-005	3.1521200205312828e-006	-1	
150.27950834058331	145.00752223261145	-6.3116969730699315e-005	3.1101540740599432e-006	-1	
158.49179316817703	124.91772883058566	-6.4055193754121968e-005	3.1752091002672898e-006	-1	
145.68552888209808	152.84019305376572	-6.2294139640671581e-005	3.0757626245771541e-006	-1	
133.83402024689357	151.89093329236411	-6.408335081518955e-005	3.1089487490970582e-006	-1	
137.08491272713496	155.75305783135724	-6.2686507792038414e-005	3.0744080957319051e-006	-1	
161.74168140868682	109.92744460790431	-6.3887606048254665e-005	3.207649003670604e-006	-1	
166.69296807076356	102.20515105351453	-6.3093083134994915e-005	3.21270793013742e-006	-1	
165.63704871608067	106.86125091530528	-6.3355304777519024e-005	3.2059748245641697e-006	-1	
169.52029733122879	97.700027923240256	-6.2610804478151777e-005	3.2156272089076629e-006	-1	
164.15018322043284	118.24497531713789	-6.356247934942952e-005	3.1824394203408224e-006	-1	
-106.28147750357479	356.82584796322118	-2.1579645420834417e-005	1.6563573781613559e-006	-1	
-100.12073979138687	358.00990907175731	-2.1840766909459624e-005	1.6684064004388057e-006	-1	
-66.259488116937064	339.31956997844441	-2.3085326756075305e-005	1.7278897252744689e-006	-1	
-70.654638772861446	347.45919999381516	-2.302226562645053e-005	1.7237402714198905e-006	-1	
-76.176769140557724	348.6315187221806	-2.2759523599251826e-005	1.7115975101726686e-006	-1	
-64.294878480837554	345.63683725857089	-2.3332132076448627e-005	1.7380629389923048e-006	-1	
-94.359239701941647	360.31915155461928	-2.2118505574111493e-005	1.6810687577918654e-006	-1	
-84.185770604712587	358.03797375517991	-2.2537029158636298e-005	1.7004427933544396e-006	-1	
-87.161563251144202	364.13102159000783	-2.249190441320575e-005	1.6979047075931163e-006	-1	
-77.86659732312242	357.40462906524829	-2.2833433163901395e-005	1.7139905053726036e-006	-1	
-60.704520074298827	341.05614913904537	-2.3441024512084079e-005	1.7437381224443812e-006	-1	
-55.146983260417798	339.32780840350665	-2.3731088531213749e-005	1.7571481910103597e-006	-1	
-50.669827830005488	335.51354474493934	-2.3921390032602112e-005	1.7664752836698311e-006	-1	
-45.430242182208382	332.84141633400242	-2.4194120733856793e-005	1.7793261987985039e-006	-1	
-200	356.13008597777207	-1.9806431142897198e-005	1.5720927019514459e-006	-1	
-194.39555622926196	358.94386511522595	-1.9860299946192984e-005	1.5746657297750415e-006	-1	
-130.28464155472798	370.75318510303487	-2.0990991135554242e-005	1.6282313054923886e-006	-1	
-125.11357651230351	365.16745101910686	-2.1069679669942083e-005	1.6320870472047579e-006	-1	
-134.74550241857207	374.60101950845512	-2.0913741690962588e-005	1.6245230782325715e-006	-1	
-140.60275801697929	375.23162724154986	-2.077351914776677e-005	1.6179310057451378e-006	-1	
-115.00342531878049	362.43244924925921	-2.1355966269288939e-005	1.6455998451679289e-006	-1	
-119.60608290461523	365.93746546871859	-2.1252074263654981e-005	1.6405980706151594e-006	-1	
-109.22434255361523	362.16449786470366	-2.1555502379136219e-005	1.6549106294862623e-006	-1	
-163.39754435719473	365.53847854520387	-2.022025271945692e-005	1.5918749069007005e-006	-1	
-155.48281895144129	368.70168749351802	-2.0389856632336616e-005	1.5999075348967759e-006	-1	
-160.24776639146347	369.17162528981021	-2.0315510915149083e-005	1.596367527804475e-006	-1	
-155.43063568770586	373.85734205972011	-2.0449869982083119e-005	1.6026879765845325e-006	-1	
-148.00867918179861	375.29189619384641	-2.060871248141592e-005	1.6101750382818648e-006	-1	
-166.74304152194927	368.99224536157539	-2.0218576662426461e-005	1.5917542511196357e-006	-1	
-175.02756465416277	370.27449824532425	-2.0138233610381039e-005	1.5879103242378098e-006	-1	
-179.28093936009412	367.53845045481802	-2.0065919108174058e-005	1.5844751877602145e-006	-1	
-187.17759154895637	366.97183273107902	-2.0005012723431398e-005	1.5815606385459263e-006	-1	
-193.88339393632592	365.49536513453916	-1.9960085950195954e-005	1.5794150517915618e-006	-1	
-31.707820759855228	331.03115438829195	-2.5093485732119886e-005	1.8195815352861408e-006	-1	
-35.87678986782533	336.63154382680688	-2.4917119366565394e-005	1.8104477283254815e-006	-1	
-25.091971095971626	328.80063908658951	-2.5528316713460616e-005	1.8391879263726318e-006	-1	
-19.450947075312879	327.61841134775142	-2.5932378721660307e-005	1.8570183945156728e-006	-1	
-15.481512500075038	323.43960726272496	-2.6159241017608433e-005	1.8681415787558888e-006	-1	
46.112407776381772	282.94531267247584	-3.193883054144789e-005	2.1209633475620921e-006	-1	
45.726545899870835	288.78949280036971	-3.1838545479703442e-005	2.1130458364224206e-006	-1	
38.632413965081184	290.49160270299643	-3.1005931035179974e-005	2.080751409781561e-006	-1	
55.789162262339694	282.09260422251174	-3.3139786842759015e-005	2.1649240956575911e-006	-1	
60.935011095882587	278.4494299775875	-3.3866515713703591e-005	2.1931748728816511e-006	-1	
30.220536448124257	300.0603666991687	-3.008041175854405e-005	2.0393587734533335e-006	-1	
34.680272752313385	295.49909751580725	-3.0553545272480512e-005	2.0603393491085565e-006	-1	
20.839297113617967	301.26339996939413	-2.9106884354422018e-005	2.0002757577344108e-006	-1	
15.934741456315299	304.38769099102666	-2.8645555618051457e-005	1.98004633174544e-006	-1	
10.54784244070154	305.59603633211458	-2.8131791105061558e-005	1.9584920016232431e-006	-1	
7.1784913473280643	309.96939347249685	-2.7878011961081112e-005	1.9459257214855641e-006	-1	
0.36125741764431396	311.80376077327281	-2.728025426126814e-005	1.9202106033567469e-006	-1	
70.625387734135089	261.18647138577467	-3.5813590158136428e-005	2.2737103754179277e-006	-1	
63.030228873063905	272.50278880271088	-3.4311501058714468e-005	2.2133563491316838e-006	-1	
69.00999649880869	266.26920942511777	-3.5350520391221209e-005	2.2537125477317255e-006	-1	
67.68782439477468	270.98580684579849	-3.4977436988250334e-005	2.2370809252254102e-006	-1	
79.398326808669182	242.31543119929628	-3.8388502159673421e-005	2.3751724901537086e-006	-1	
79.668379933436327	252.93540884715318	-3.7610553885746764e-005	2.3388137020336627e-006	-1	
83.669681079025537	247.22134554418525	-3.8648178569261787e-005	2.3763060795192995e-006	-1	
80.946050724374572	258.55334998080133	-3.7412946519997112e-005	2.3267860233448709e-006	-1	
76.127591071192668	261.71185465893791	-3.6552841457636464e-005	2.2967666638657575e-006	-1	
85.027008989668374	224.2695364045575	-4.1264019442569201e-005	2.4828175605598485e-006	-1	
81.567062804130018	237.13752990968422	-3.9212011460021947e-005	2.4061584134297063e-006	-1	
85.222491177035565	233.54069917693272	-4.0206447951685972e-005	2.4390268940964663e-006	-1	
88.31121107651785	228.33966296103313	-4.1346415749713465e-005	2.4775766208209042e-006	-1	
96.365272860728979	214.47760733340559	-4.4842323909318179e-005	2.5875362944425099e-006	-1	
95.789891405624104	205.06070995165859	-4.6572633313515319e-005	2.6452954447689669e-006	-1	
93.046624549838384	219.00903875299664	-4.3499035599661726e-005	2.5474611663888755e-006	-1	
90.188336758399686	223.42537457367547	-4.2327777710685663e-005	2.5108719968127646e-006	-1	
95.151456141231108	193.66321046371988	-4.9230506952234126e-005	2.7261477302644066e-006	-1	
97.495749588063148	198.11065119487083	-4.8513065072672539e-005	2.7010407996798108e-006	-1	
98.538497453375911	189.94791882351393	-5.0953624828938973e-005	2.7679999314938429e-006	-1	
96.877872118242152	178.92638517545123	-5.4464813176779337e-005	2.8590927441794971e-006	-1	
99.426462155143156	184.17825745509177	-5.2975593932800138e-005	2.8195454376741487e-006	-1	
101.95718411754345	175.07685828433532	-5.6818317433290405e-005	2.9101444366630711e-006	-1	
-8.1315125415961731	318.97859075654463	-2.6674609796998028e-005	1.8917253253751859e-006	-1	
-1.2248092314720493	319.23421843185349	-2.7269487541047447e-005	1.9166869020894542e-006	-1	
57.196187059031956	132.54738878773901	-4.1209068597548077e-005	3.1389218622057922e-006	-1	
56.90755088269821	132.95286410098416	-4.0002631977428012e-005	3.0329063683732138e-006	-1	
56.700849060179394	133.29505883676705	-3.9292134269167896e-005	2.9869203986914832e-006	-1	
57.439726371098025	132.80121052600805	-4.2564832981301761e-005	3.0818926297954655e-006	-1	
57.846581713016334	132.91362123817248	-4.462789717746221e-005	3.0220107025807348e-006	-1	
66.32291634002064	133.77701312663109	-8.1715226018887308e-005	2.5236955244104514e-006	-1	
67.746859886768235	133.57823432302109	-8.7353467739230542e-005	2.6033076101403398e-006	-1	
66.936002189675222	133.49016019130343	-8.4851058701674873e-005	2.5159047919634009e-006	-1	
68.440169939181501	133.14862004388746	-9.1145510022004633e-005	2.647690921824992e-006	-1	
73.616869198713459	133.29389989654084	-0.00010114493121247563	3.1826506942279015e-006	-1	
75.838022028807814	132.98357351437329	-0.00010357396334973793	3.3092917293956954e-006	-1	
69.45262116325523	132.17942333788176	-9.8208147410126225e-005	2.7597230418149711e-006	-1	
77.832733041821399	132.69583476019349	-0.00010419570155269502	3.3954163921433725e-006	-1	
77.075354190292217	132.39313931445764	-0.00010573178203535343	3.3727104157985751e-006	-1	
56.919915158157259	133.47484098000075	-4.0449939907450005e-005	2.9844413775078626e-006	-1	
57.202339093084269	133.49825668603927	-4.1769406587895872e-005	2.995679916404667e-006	-1	
57.469904151877408	133.42473452174377	-4.2986058758957049e-005	3.0007779433865124e-006	-1	
57.92589021005027	133.32820247237754	-4.5107912380715379e-005	2.9803826076453023e-006	-1	
65.989203005234742	133.14382396904492	-8.2220940518149373e-005	2.4162877962042923e-006	-1	
65.426849736055601	132.67195354828536	-8.1112398316574187e-005	2.3702540101189296e-006	-1	
64.753110511922316	132.45112465814972	-7.8530623732232864e-005	2.4286989685953504e-006	-1	
174.12493379971338	87.915904375675368	-6.1672878200169339e-005	3.2241945122563778e-006	-1	
173.23391624310551	93.544978421063732	-6.2111409612453279e-005	3.2175909040253233e-006	-1	
179.72143129494364	81.963413599868204	-6.0978045319019748e-005	3.2275211172673667e-006	-1	
179.04680989661364	76.212931904644378	-6.0510159920896338e-005	3.2341339699424385e-006	-1	
177.49604427425334	60.19168219683025	-5.8981877563782625e-005	3.2491875098173886e-006	-1	
181.54339009690801	63.956744435906927	-5.9334765066673877e-005	3.2449122731185067e-006	-1	
184.44964814032735	68.876063259837352	-5.9763921605907952e-005	3.2395898356876835e-006	-1	
183.4161325386612	0	-5.5363719110946102e-005	3.2778856486331258e-006	-1	
179.30853816043944	4.5925731711893363	-5.5208979798772258e-005	3.2792130154812132e-006	-1	
178.91650763100193	11.872963996948673	-5.5350161904124524e-005	3.2779560877874978e-006	-1	
177.80517799537208	24.169173576152392	-5.5850581740025539e-005	3.2736163812792036e-006	-1	
176.05362782241065	16.871649570614192	-5.538941866728552e-005	3.2775439112845452e-006	-1	
178.6029996693492	30.723031377286873	-5.6307338702496552e-005	3.2698400921821851e-006	-1	
180.57192945514106	42.245616870944701	-5.7283606006680831e-005	3.2619877802916771e-006	-1	
184.26830024699095	34.418903484415054	-5.6740139816334775e-005	3.2662743816517068e-006	-1	
181.82864636187867	48.803041859340404	-5.7898207371147476e-005	3.2570343223382725e-006	-1	
179.13573392988192	54.912655799329869	-5.8459858607632791e-005	3.2529637248660261e-006	-1	
67.216524279715884	130.87718382293721	-9.4990568975540087e-005	2.734984516195847e-006	-1	
67.842236084718564	131.07985122844957	-9.6922700133116079e-005	2.8892622319145283e-006	-1	
66.009880183140936	131.7762905555831	-8.6565463656526932e-005	2.130747291316598e-006	-1	
66.474240611633746	131.6593639252886	-8.9152190200590022e-005	2.3263435345298083e-006	-1	
65.43296208299968	132.24989895860341	-8.2314049326999691e-005	2.309374679748105e-006	-1	
65.814116462757639	132.06854632904404	-8.4689288369426132e-005	2.2081642297371999e-006	-1	
67.007676478486616	131.50085996974622	-9.2062667110111225e-005	2.532298910073386e-006	-1	
79.06215556384376	131.95929125822622	-0.00010569465585746873	3.4740831492192097e-006	-1	
78.615978076035844	132.46829471099053	-0.00010443361821072858	3.4379211131262456e-006	-1	
113.41015326743261	168.49138884912577	-6.0283898063425436e-005	2.9911147500191895e-006	-1	
119.14837468523497	166.47093242066612	-6.0955865554789763e-005	3.010679519825596e-006	-1	
127.38965665258235	160.42929306961301	-6.243994678105906e-005	3.0557641883251608e-006	-1	
108.25868740852255	174.12327349762236	-5.7842486699291938e-005	2.9321635189719484e-006	-1	
130.6933468135191	155.44224535305543	-6.3555675374064031e-005	3.0896283408615493e-006	-1	
79.236571903356733	131.57051110564942	-0.00010675716992886325	3.4923238018569854e-006	-1	
79.291572991448845	131.31862659193712	-0.00010750901472791049	3.4942459546947165e-006	-1	
68.645450666977268	132.25004160583867	-9.5455537290612609e-005	2.6240956989068121e-006	-1	
68.00483003723771	131.70078023502651	-9.5347716379116869e-005	2.7344392478212944e-006	-1	
77.524326126034907	131.47324065831256	-0.00010915945555678652	3.3977278476429789e-006	-1	
78.331496622312869	131.40262239035565	-0.00010861164253198807	3.4154905858594079e-006	-1	
78.735081870451864	131.36731325637717	-0.00010821042918805749	3.4322692998287136e-006	-1	
79.138667118590845	131.33200412239873	-0.00010772117596947679	3.4648120949039005e-006	-1	
155.84067361426162	142.46746625853817	-6.2772958059241927e-005	3.1103711556255016e-006	-1	
159.78093281122571	137.77146601172262	-6.2848370400320176e-005	3.1231357880577952e-006	-1	
160.96634335288203	129.4730462357895	-6.3440674549084412e-005	3.1535504987419526e-006	-1	
151.37980402247277	150.91641672676468	-6.2001582108885445e-005	3.0757447907538103e-006	-1	
156.2783692355612	147.58781364878874	-6.2008585583332888e-005	3.0843175604595404e-006	-1	
164.80764918016493	124.43658891723015	-6.3274592981413407e-005	3.1626813129586365e-006	-1	
142.71317399092879	158.21758178598489	-6.1495959644359101e-005	3.047720640300036e-006	-1	
151.51970631190704	159.57521802800144	-6.0425918977932731e-005	3.0264038551103761e-006	-1	
132.96631836522107	159.60268370648279	-6.2121081595738382e-005	3.0536239935193557e-006	-1	
140.80277512795533	164.05723754303131	-6.03108241542016e-005	3.0116083922972574e-006	-1	
166.32071286692852	111.82689219193496	-6.336286671636855e-005	3.1942972514639267e-006	-1	
171.41000332701995	102.94258579489573	-6.2700888176299752e-005	3.2045392708395163e-006	-1	
170.44218640325931	108.28801009841162	-6.2914596013756254e-005	3.1952371313692323e-006	-1	
178.25183624270241	96.246989851885942	-6.1963966521968826e-005	3.2086856345934038e-006	-1	
176.93976472805525	101.7496915644804	-6.2269835849148843e-005	3.200347906940473e-006	-1	
170.35943045421135	118.70713248831224	-6.2901487134469074e-005	3.169978139725198e-006	-1	
-99.191994518892088	364.21427222085981	-2.1973591007076707e-005	1.6741526996849278e-006	-1	
-66.706602503234706	351.79728725435882	-2.3316846983272518e-005	1.7364994058932762e-006	-1	
-72.161276242196962	353.95425871171614	-2.3064089886124902e-005	1.7248196220719193e-006	-1	
-55.742790895201608	347.21136135311258	-2.385615007940652e-005	1.7613631151845913e-006	-1	
-60.992655897459471	353.12273270881121	-2.3657728863644932e-005	1.751634277580098e-006	-1	
-90.529506288554742	370.01638763544753	-2.2417047745443001e-005	1.6941329571741602e-006	-1	
-80.432555044202232	363.64421205946746	-2.2801603322373957e-005	1.7120099137556406e-006	-1	
-84.54848288970031	369.53272344849819	-2.2682160045058306e-005	1.7061989628880924e-006	-1	
-72.66185397626117	359.56870395173598	-2.3130072205742156e-005	1.7272098039791718e-006	-1	
-75.111524154076733	364.34384499684131	-2.3074508051102524e-005	1.7242828320186795e-006	-1	
-49.738490458314821	343.70085168082016	-2.4153350339454621e-005	1.7752029534796042e-006	-1	
-45.89136037426389	338.94279783847969	-2.4298419094496564e-005	1.7825897966761685e-006	-1	
-200	362.37528941688294	-1.9907683678145924e-005	1.5769181574920222e-006	-1	
-123.59460418628117	374.38412698333605	-2.1228488907129578e-005	1.6392287397306452e-006	-1	
-129.5678280216311	377.41114354439617	-2.1081438176066276e-005	1.6323107446416516e-006	-1	
-137.15642273193748	379.72493086682914	-2.0897948274178063e-005	1.6237020839055954e-006	-1	
-144.6048973282787	381.86955305170829	-2.0738312523251558e-005	1.6161979372508316e-006	-1	
-111.68420429692219	371.56565537057475	-2.1591809151918029e-005	1.6561828360863009e-006	-1	
-117.05907789926111	375.42725534919316	-2.1449449833519142e-005	1.6494637447996254e-006	-1	
-105.59092816260481	368.13759619287754	-2.1774761687313599e-005	1.6647756379152426e-006	-1	
-162.12540055814708	373.57617470770305	-2.0337232394012344e-005	1.5973530609078562e-006	-1	
-154.54676273566437	379.23393150078567	-2.0516798117171414e-005	1.6057997980093676e-006	-1	
-159.95280563762162	379.91484673436929	-2.0429757923821862e-005	1.6016867659818825e-006	-1	
-150.85961315220786	383.24564851004055	-2.0617515428280165e-005	1.6105122626053892e-006	-1	
-168.6208157686776	375.22193076287761	-2.0263879355053552e-005	1.5938605780035612e-006	-1	
-180.73850044331118	376.01111155019623	-2.0149258119489005e-005	1.5884059689060722e-006	-1	
-175.86200060086549	378.91287200323688	-2.0218500845220191e-005	1.5916866628881217e-006	-1	
-183.10159649677891	370.85201846300646	-2.0077732594841312e-005	1.5850185375458806e-006	-1	
-189.36387334731373	372.15736538238878	-2.0058275167575822e-005	1.5840830920784955e-006	-1	
-200	368.6204928559938	-1.9993676121621496e-005	1.5810081408436356e-006	-1	
-195.08785374106432	371.60960792715304	-2.0034178558608713e-005	1.5829335279114859e-006	-1	
-26.585468107487003	335.29760457721522	-2.554706354507196e-005	1.8382364636501631e-006	-1	
-37.407283397142528	342.19108793256146	-2.4920659227192022e-005	1.8093789045898285e-006	-1	
-27.726901113180578	341.86557417240215	-2.5581108949061952e-005	1.8381723088472519e-006	-1	
-20.341913075580226	333.31270621318424	-2.5971600749802629e-005	1.8570501275728391e-006	-1	
-14.06515129639018	329.07390068208667	-2.6377821755024689e-005	1.8756551179725332e-006	-1	
-6.9060783314116154	324.27906628342157	-2.6873356270494157e-005	1.8982188886433467e-006	-1	
51.277018016728796	286.22113428600204	-3.2518527693262468e-005	2.1396394942523363e-006	-1	
43.918963732464363	296.89044833477891	-3.1559099878469936e-005	2.0976318686351197e-006	-1	
52.030606065710984	295.13144506022763	-3.2467321069354838e-005	2.1322082955255757e-006	-1	
38.978628156041047	298.32617513889966	-3.1013441266075975e-005	2.0762445641070849e-006	-1	
58.249722123143819	286.61186442933501	-3.3330795667809635e-005	2.1685814515656715e-006	-1	
66.746431579307185	276.00405255040221	-3.4663666313102231e-005	2.2224619912224865e-006	-1	
65.159005330984513	284.43045483639781	-3.4194058603559578e-005	2.2003221601999703e-006	-1	
26.001966471538971	304.3429212868769	-2.9660220363543189e-005	2.0205537616262263e-006	-1	
33.227453579700814	304.09424894899234	-3.039855554935875e-005	2.0495252439156924e-006	-1	
22.436841911977769	309.18301357100336	-2.9332799609782697e-005	2.0052391740729807e-006	-1	
14.712744454006584	311.55171520720069	-2.860602680323999e-005	1.9749616064577103e-006	-1	
4.9466541911986992	316.66704117558692	-2.7772028713236474e-005	1.9386000858402708e-006	-1	
11.483506306267023	318.06236345670413	-2.8380117790400192e-005	1.9629917260440617e-006	-1	
72.533998905110792	270.2723484259684	-3.5631029322329204e-005	2.2593348028173634e-006	-1	
84.176846913405612	241.86451275850496	-3.9198280214315218e-005	2.3989739638474911e-006	-1	
86.103843159214051	254.93432862045125	-3.8371879497769205e-005	2.3595482933325521e-006	-1	
89.135507455267359	248.91603328153212	-3.9293332694157974e-005	2.393146165176648e-006	-1	
88.78583816210859	243.20420731361639	-3.9779881045897676e-005	2.4137026225364326e-006	-1	
83.920481753342997	263.48756372617783	-3.7474664907138294e-005	2.3241173051201634e-006	-1	
78.821484292376056	267.87723881877713	-3.6562263390408977e-005	2.2915238927361613e-006	-1	
87.335253264728692	238.25036678033285	-4.005515960160136e-005	2.4279024185993382e-006	-1	
90.326094150964494	234.04327712512816	-4.09978951712797e-005	2.4594650477943359e-006	-1	
94.453465876393381	229.37752400190351	-4.2224824696172769e-005	2.4985113826396605e-006	-1	
101.61541367549252	212.48178200362651	-4.6091693811952873e-005	2.6197192538458924e-006	-1	
100.87256644557598	217.82896554491191	-4.4994874530821895e-005	2.5851187143045617e-006	-1	
102.70444845237985	205.62984658945001	-4.7650984169160453e-005	2.6670585730821976e-006	-1	
95.421018031855851	223.96655649329196	-4.3137400341783423e-005	2.5300239113086189e-006	-1	
102.97466126371997	193.50687060586048	-5.068028615378005e-005	2.7544754383976406e-006	-1	
104.60193942553794	198.956425901969	-4.9505303557012386e-005	2.719340623574822e-006	-1	
104.5083150223228	187.05092956554668	-5.2820531282034201e-005	2.8101004917216236e-006	-1	
106.53066085289692	179.51550427414477	-5.5663617725359266e-005	2.8799569360697938e-006	-1	
0.29240441511328008	326.66424493154278	-2.7508753451414688e-005	1.9240202337916808e-006	-1	
6.874214687977962	323.6464337809544	-2.8034117474271677e-005	1.9467463995033733e-006	-1	
57.243962650714771	133.09346629946899	-4.1714429397504357e-005	3.0876345788452611e-006	-1	
57.104434308318382	133.25974970278858	-4.1152688541377737e-005	3.0396243277544776e-006	-1	
57.495847164427062	133.14846738756108	-4.2985465897064474e-005	3.0388487442349426e-006	-1	
66.408215618463686	133.06636755238489	-8.4186910977245011e-005	2.4053319615599971e-006	-1	
67.474371198618414	132.80947091829685	-8.9181178544743293e-005	2.4761448299119104e-006	-1	
66.865019889113071	132.81701802314006	-8.6852813175801843e-005	2.3938737809575325e-006	-1	
67.838280170699292	132.32065987379559	-9.2404393191259274e-005	2.4780090009954021e-006	-1	
77.967587650231977	131.89143343485688	-0.00010710084053175788	3.408847564924207e-006	-1	
57.257340181176382	133.24637217232697	-4.1872689971170945e-005	3.0542050627146428e-006	-1	
65.892670955868567	132.68783791087208	-8.3169463012295499e-005	2.3169774948900223e-006	-1	
66.168938090051242	132.71378092342175	-8.4314894085180342e-005	2.306843290908983e-006	-1	
65.81914879157307	132.42027285207897	-8.3652089825205736e-005	2.261100908609409e-006	-1	
179.68208960446879	87.753198223632694	-6.1401605582685537e-005	3.2202221284602005e-006	-1	
181.9024226404006	92.494390497109578	-6.1599778355930508e-005	3.2118866499048699e-006	-1	
185.18253640473992	80.040009134357604	-6.0680836620981723e-005	3.2272757967467831e-006	-1	
188.01943235146587	85.734223210810157	-6.1013212068633914e-005	3.2187591257467034e-006	-1	
187.6621086275286	73.246969939955164	-6.0098451469928729e-005	3.2342042929145019e-006	-1	
185.58135157961138	59.914356457172104	-5.8942877248147536e-005	3.2474703948592474e-006	-1	
187.21204014881457	64.672593648685492	-5.9365041380601533e-005	3.242906870469236e-006	-1	
190.02245012412368	68.362963837626978	-5.9666609441310264e-005	3.238756803322758e-006	-1	
187.52372691688296	0	-5.5498096643961466e-005	3.2767331743203709e-006	-1	
185.46992972777207	4.556325926749702	-5.5461385832418549e-005	3.2770452425710566e-006	-1	
185.42686907188858	11.172507349256096	-5.5584930220895458e-005	3.2759734229276722e-006	-1	
181.74203987597602	17.779893244780574	-5.5684880544647713e-005	3.2750865916846558e-006	-1	
184.27788103083589	22.394476635360132	-5.5987417691665568e-005	3.2725332785733551e-006	-1	
184.45018891246741	27.657097676744485	-5.6289837806042122e-005	3.2699976898245396e-006	-1	
187.58994320363749	39.356342231838525	-5.7176417944515513e-005	3.2626110180153523e-006	-1	
187.516744312849	45.306657789721612	-5.7655301523367394e-005	3.258597635964538e-006	-1	
189.4371970438217	29.448727526878375	-5.6509675532257036e-005	3.2681534155469673e-006	-1	
191.03204019853828	34.502108863561595	-5.6870338973365954e-005	3.2651141288807096e-006	-1	
187.74118041797084	52.04681962877698	-5.8237354679511697e-005	3.253535193159564e-006	-1	
67.394853056879057	131.90057439919801	-9.2285258655905777e-005	2.5376439558472345e-006	-1	
66.057655774823743	132.32236806731308	-8.5100160880964145e-005	2.1694970815043866e-006	-1	
66.364541376628139	132.12548464169288	-8.7143398778184359e-005	2.2523293807389421e-006	-1	
66.794856223889539	132.01504365988126	-8.9412001036431687e-005	2.3728426384626598e-006	-1	
78.954147968429709	131.5470953996109	-0.00010724652549215533	3.45879922988014e-006	-1	
78.568992085143648	131.79305313776473	-0.00010685972492970393	3.4362328644036074e-006	-1	
117.2048481467187	172.23566431496204	-5.8910322040847538e-005	2.9590436471487415e-006	-1	
113.55634652827591	176.12253245411523	-5.7399810497754852e-005	2.9212986668160543e-006	-1	
125.51171607429661	166.50933646491768	-6.0621550077202424e-005	3.006991799950721e-006	-1	
122.53484643057806	172.13355513320101	-5.8923182324349925e-005	2.9615000086034533e-006	-1	
131.76553690242918	165.11091053324299	-6.0687581398982516e-005	3.0136452560736826e-006	-1	
161.85996656732038	143.53823976299557	-6.1977188388582328e-005	3.0938029055669448e-006	-1	
167.5020356863798	138.24601157827041	-6.2011061998006365e-005	3.1073198395746216e-006	-1	
166.01388755677527	130.65482996749347	-6.2781240557252036e-005	3.1391371380038752e-006	-1	
157.13325647529845	152.65522942619296	-6.1151587999157134e-005	3.0567790933974096e-006	-1	
161.22203333694677	148.99128082205019	-6.1329689862257118e-005	3.069085844714794e-006	-1	
169.91175287827804	126.67259111124963	-6.2649900676091315e-005	3.1464510092202649e-006	-1	
146.53027879574705	162.6986326143026	-6.0204525075776107e-005	3.0140957775887039e-006	-1	
157.06245766172449	158.33466958325599	-6.0224342656416606e-005	3.0264439970421384e-006	-1	
152.03752947689185	165.94923383866694	-5.9176709731064484e-005	2.988701369304455e-006	-1	
141.6737414367517	170.54311266685178	-5.8741673990994884e-005	2.9677522770701777e-006	-1	
134.70168831085616	170.80695169738121	-5.8987626372594684e-005	2.9697663910671003e-006	-1	
171.02910534948003	113.6885431029495	-6.290128815708672e-005	3.1820328225694895e-006	-1	
175.39549159145025	111.12546388642848	-6.2555389006826507e-005	3.182393223616617e-006	-1	
182.16345995180973	103.92092761951072	-6.2042837845642759e-005	3.1913379274726523e-006	-1	
186.49392108452147	98.748620992419049	-6.170192150954296e-005	3.1983160553196121e-006	-1	
180.63838779772658	109.26946467454944	-6.2203150825922634e-005	3.1809967853413824e-006	-1	
175.84063693099671	116.88456346214234	-6.24906968527836e-005	3.1673551919601272e-006	-1	
175.3821726059887	125.61141799840422	-6.2244530747775152e-005	3.1420044858752982e-006	-1	
178.51821522788265	121.40069969197911	-6.2190236863454739e-005	3.1512823431484423e-006	-1	
-96.090219469672846	372.76493714160739	-2.2209717411985301e-005	1.6845340129117641e-006	-1	
-102.29542039096756	374.30356994419327	-2.197378931486404e-005	1.6736710890085807e-006	-1	
-67.732421844775828	357.17866857508642	-2.3352556160195167e-005	1.7374637822964615e-006	-1	
-46.777640062154568	350.66979232417782	-2.4461777659166451e-005	1.7876881795784458e-006	-1	
-52.538775000265701	355.5832527121284	-2.4190454465198053e-005	1.7749962506488788e-006	-1	
-60.892949357187781	358.36354617232428	-2.3746929856671844e-005	1.7549792007427683e-006	-1	
-55.841418674691212	359.60091110693969	-2.4054644192571401e-005	1.7685030854538523e-006	-1	
-90.350428892548905	375.11671510757935	-2.2479362218401489e-005	1.6967142091830222e-006	-1	
-85.267597957235949	375.57523306771702	-2.2712608279825119e-005	1.707258096169677e-006	-1	
-78.574628568969018	370.09808748879612	-2.2973014218905623e-005	1.7193013878182644e-006	-1	
-69.744910812212737	364.39198250462243	-2.3351271758779983e-005	1.73670431155586e-006	-1	
-72.505409496962287	372.97367068193358	-2.3307096836377142e-005	1.7341112636745602e-006	-1	
-42.803033432545526	344.22500598955412	-2.4603178978075448e-005	1.7950088134895356e-006	-1	
-122.00899470436205	379.82038000694706	-2.1327615926681197e-005	1.6437165779902744e-006	-1	
-126.90484809243893	382.66601244426715	-2.1201598803969191e-005	1.6378151861609192e-006	-1	
-132.76210369084615	383.29662017736189	-2.10402434848065e-005	1.6303007309655551e-006	-1	
-139.50416563955284	385.57793646683513	-2.0881229098672235e-005	1.6228567159465167e-006	-1	
-145.65363492950786	386.97564844212172	-2.0747512535810468e-005	1.6165892089223157e-006	-1	
-111.57647739402454	377.38698045062142	-2.1655673589011688e-005	1.6589434537995357e-006	-1	
-115.36247494274784	382.32408987232571	-2.1564672338844692e-005	1.654629884296006e-006	-1	
-155.42814726846254	386.97598228684473	-2.0555005172193158e-005	1.6075523548599936e-006	-1	
-161.06521756174735	385.60789255507615	-2.045260805270222e-005	1.6027364795448461e-006	-1	
-169.7519478184096	380.98005679265486	-2.0300321308052243e-005	1.5955595122957031e-006	-1	
-150.15127613103871	389.6106596972258	-2.0666176192076718e-005	1.6127628806149824e-006	-1	
-186.4948084371666	377.87475188970558	-2.0129388762478474e-005	1.5874550773384676e-006	-1	
-181.72635580827085	381.599009743446	-2.0189224479083884e-005	1.5902902882299201e-006	-1	
-173.95526617502301	385.07488156078426	-2.0280878519722466e-005	1.5946269720410014e-006	-1	
-193.41227446202566	377.11019188319472	-2.0093887380067548e-005	1.5857669250185459e-006	-1	
-200	374.86569629510473	-2.0064040142455864e-005	1.5843494043492256e-006	-1	
-17.85361267619318	339.37324761427965	-2.6258238546526931e-005	1.8677819501632672e-006	-1	
-37.404422503717448	347.95745012396094	-2.5019957163898544e-005	1.8126014144791204e-006	-1	
-30.516530002148556	348.16675192082135	-2.5488896288913751e-005	1.8329050664271335e-006	-1	
-24.560698509607182	347.03539586757574	-2.5886192331022113e-005	1.8502086356380589e-006	-1	
-14.847217913294966	334.59781389477826	-2.6412021664160467e-005	1.8755263732250869e-006	-1	
-9.6270959800819149	332.45456783281497	-2.6784316992317056e-005	1.891877499821871e-006	-1	
-2.4077929224159398	333.43028472015345	-2.7376710409138553e-005	1.916443991317861e-006	-1	
54.780147709622575	290.41188035490899	-3.2852288932316315e-005	2.1490282009571662e-006	-1	
43.792790541888444	302.53767678836834	-3.1499750055973715e-005	2.0923482332889706e-006	-1	
50.807978345131275	301.27962814230443	-3.2246377988476506e-005	2.1208011923562364e-006	-1	
57.213742530566343	295.69877231183648	-3.301870530312393e-005	2.1519204742949903e-006	-1	
38.212469614421323	303.41353478343513	-3.0915567888240859e-005	2.0697597590632898e-006	-1	
60.153489998119142	291.39242250593958	-3.3434459262570606e-005	2.1692797915197964e-006	-1	
71.254994398308654	278.40027284326027	-3.5122764946011244e-005	2.2361701350902425e-006	-1	
72.043258594302799	287.59030653248271	-3.4866971118140345e-005	2.2214815531547908e-006	-1	
66.627614030378354	290.31001198746884	-3.4184356243896568e-005	2.1963218274140345e-006	-1	
30.995009198056234	308.60312338996698	-3.0175110898824586e-005	2.0386454402949656e-006	-1	
38.829058397086648	309.14614142585191	-3.0954852457506408e-005	2.0685052003482754e-006	-1	
19.503902632157917	313.65886487091751	-2.9082461014946579e-005	1.9931988446590317e-006	-1	
24.683482956645495	314.41200765654946	-2.957808261327274e-005	2.012612724901573e-006	-1	
16.281214439192276	317.29496050156496	-2.8810643820044918e-005	1.9807583221385254e-006	-1	
13.220809631607114	324.19076818176666	-2.85947463041706e-005	1.969437855209954e-006	-1	
17.424774136647812	321.92949754962086	-2.8951692941327115e-005	1.9846667620064097e-006	-1	
78.051071744488382	275.3051049892195	-3.6074620537048314e-005	2.2700168757730275e-006	-1	
92.66953452945323	253.41690843435032	-3.9368393602089283e-005	2.3905921960304954e-006	-1	
90.48505166065145	258.92809996302714	-3.8636431517290007e-005	2.3637483605552746e-006	-1	
98.120003429689191	245.49940001617159	-4.0844796792108148e-005	2.4409932210149991e-006	-1	
93.169466756040393	239.23129143376474	-4.0829987659969066e-005	2.447863754993354e-006	-1	
91.819983075206608	264.7041847605592	-3.8360148291411037e-005	2.3504678444050851e-006	-1	
86.989598745397473	269.81381486315354	-3.7442594290021699e-005	2.3180336916108696e-006	-1	
100.06714077473916	232.07772838350743	-4.2704611379065602e-005	2.5071282580455068e-006	-1	
100.86789986921633	223.22749979545193	-4.4102135071134343e-005	2.5549814905734295e-006	-1	
105.99043591093903	216.11094168981182	-4.6045130520579896e-005	2.6126768852407622e-006	-1	
109.77879381443339	207.34659008216789	-4.8278973491385276e-005	2.6778722489785669e-006	-1	
107.27140946382811	221.64905746553211	-4.5262988924242044e-005	2.5857196812825577e-006	-1	
108.64740963997001	193.9138263786746	-5.1356118473318572e-005	2.7673663982767975e-006	-1	
113.62994377146748	202.91746287028877	-4.973770813975502e-005	2.7174375907500373e-006	-1	
114.28131535830119	197.08443287667166	-5.1208895901340048e-005	2.7588766219444881e-006	-1	
111.04020960107594	185.88233135429522	-5.3977280491657151e-005	2.835449068808471e-006	-1	
4.8434274182313537	332.73016783416529	-2.7961297187532645e-005	1.9408298776423669e-006	-1	
12.424832838069278	330.15827290554432	-2.8575623864233514e-005	1.9667026630552695e-006	-1	
66.443005276121212	132.64167855294315	-8.5734627198090355e-005	2.3025942591679609e-006	-1	
67.031109674421316	132.39127814175254	-8.9071242624777977e-005	2.3347874288020244e-006	-1	
66.627524426282335	132.42658727573098	-8.7278483790878696e-005	2.2693097804485132e-006	-1	
66.071033305285354	132.47527394017106	-8.4662578302024374e-005	2.2098928423071361e-006	-1	
66.223939178143354	132.46189640970945	-8.5399382484555638e-005	2.2135836803770664e-006	-1	
187.11727613803262	92.031696253831797	-6.1397553190243784e-005	3.2096956754289574e-006	-1	
192.34089121811579	81.065492566954887	-6.0632520862467196e-005	3.2238309202962458e-006	-1	
193.97126987184947	86.908973943545092	-6.0985459999414956e-005	3.2153951193179651e-006	-1	
195.07780171476375	76.678820202718683	-6.029251237482065e-005	3.228841505146341e-006	-1	
192.93492264030414	71.973329498226889	-5.9944793010479691e-005	3.2345361995381224e-006	-1	
192.92518080003279	56.360320900449693	-5.8627524233520281e-005	3.2494532005672885e-006	-1	
192.22671897116285	64.281489200842117	-5.9312203411445359e-005	3.2424715289140616e-006	-1	
191.63132129510473	0	-5.5597424397460449e-005	3.2758834547735496e-006	-1	
190.33176123379832	3.3984039726517778	-5.5582266360013585e-005	3.2760125127645761e-006	-1	
191.48035195317451	8.5021036641211936	-5.5677751391594001e-005	3.2751942512908156e-006	-1	
189.83801192779163	16.103788069354991	-5.5856049791260533e-005	3.2736696189167537e-006	-1	
189.35590862342696	21.002174225616692	-5.6048778090139285e-005	3.2720320902257172e-006	-1	
192.26888101517915	24.969692641052859	-5.6303174754484253e-005	3.2698893449152374e-006	-1	
194.04556847976397	40.286475038116016	-5.7311538375012473e-005	3.2613201175624409e-006	-1	
194.06529448619375	46.992515741783357	-5.7840165380714571e-005	3.2567028499861638e-006	-1	
194.84330332950748	29.731889131536231	-5.6594505761906836e-005	3.2674264383593417e-006	-1	
200	37.624710583117036	-5.7141151340330344e-005	3.2627482444060568e-006	-1	
119.95951425148414	176.86513648759922	-5.7410561286844721e-005	2.9218937277462984e-006	-1	
117.03309944569487	185.58280775452761	-5.4559448074211033e-005	2.8485295638393424e-006	-1	
128.97174040249234	171.08513365007121	-5.9106198542421557e-005	2.9695320425092083e-006	-1	
128.33956755057491	176.78689177512911	-5.7502766736735727e-005	2.9265835083331147e-006	-1	
168.51170451857664	144.97605640005958	-6.12276740252292e-005	3.0772869739287888e-006	-1	
174.17610460796908	140.68550021284588	-6.1263985325350011e-005	3.0884321241448685e-006	-1	
174.0898311921699	133.58008976262749	-6.1865909427661316e-005	3.1161341179421214e-006	-1	
162.0994762760848	156.73946074182305	-6.0121843249434942e-005	3.0289512704779517e-006	-1	
165.36913030974947	152.58908602749437	-6.0502865484346908e-005	3.0459542718321632e-006	-1	
148.19717250001688	171.06273329353903	-5.8331728859500831e-005	2.9605418581895447e-006	-1	
161.41901551055386	161.97904287361288	-5.9335903098438371e-005	3.0023170299430813e-006	-1	
155.90787004326401	170.69357505601837	-5.8085693607773441e-005	2.9584434037123263e-006	-1	
140.82434550469463	177.03184790443521	-5.7262997430136289e-005	2.9253515487573105e-006	-1	
135.25879615198295	179.52049832061172	-5.6739937515709393e-005	2.9084007606983145e-006	-1	
180.83656448021188	116.97434569898621	-6.2164202500968017e-005	3.1615973611872942e-006	-1	
187.74577030253903	110.30729236483504	-6.1887282769054413e-005	3.1731776368636074e-006	-1	
187.94668396863779	104.36390253544985	-6.1813853641445711e-005	3.1864626466669251e-006	-1	
192.99665121234531	96.954143254670441	-6.1481170451277214e-005	3.1990503715818524e-006	-1	
184.34472928965087	113.41623769094693	-6.2019049063425364e-005	3.1678058436923492e-006	-1	
179.96777254370963	130.4442307749982	-6.1691634775848993e-005	3.1207440962860531e-006	-1	
183.68668891409001	122.32362533220207	-6.1870770338163337e-005	3.143575480124202e-006	-1	
-94.056760006809	378.62506496302575	-2.2350441461046329e-005	1.6907214063487583e-006	-1	
-108.17928315005638	382.11545822279481	-2.1818165005073326e-005	1.6662955946811161e-006	-1	
-100.83198209005332	381.52760948865637	-2.2094768217528184e-005	1.6789778660937601e-006	-1	
-64.768364369912689	361.89302568532042	-2.3583649944208206e-005	1.7473247536649779e-006	-1	
-46.490947864457638	356.84020063570659	-2.4575501294293837e-005	1.7917871662180743e-006	-1	
-40.934988586139362	353.49019287190987	-2.4877143819097198e-005	1.8054561167039561e-006	-1	
-47.747487807192236	362.88811254970778	-2.4578715990811108e-005	1.7911979448089009e-006	-1	
-59.404478455407563	363.38953080501727	-2.390091736672344e-005	1.7612942318793321e-006	-1	
-53.479046375073111	365.39241106873084	-2.4267247161568372e-005	1.7772712200167318e-006	-1	
-88.31696942968513	380.9768429289976	-2.2619282860357663e-005	1.7028263294694313e-006	-1	
-82.314335237421133	381.81174589536943	-2.2901266971778458e-005	1.7155055741727482e-006	-1	
-78.270138907413198	377.29808260999425	-2.306011383485127e-005	1.7228216443839361e-006	-1	
-64.022932158863782	369.58226533444349	-2.371853893045846e-005	1.752670214778067e-006	-1	
-72.995032385680446	378.32556101246257	-2.3330640661163093e-005	1.7348753171168326e-006	-1	
-66.598634372406735	376.21239972355863	-2.3645700787072745e-005	1.749000614175156e-006	-1	
-121.72717369549795	385.4761364802082	-2.1375544150825074e-005	1.6458438150256763e-006	-1	
-128.4145910520528	391.62273882897352	-2.1203987500486405e-005	1.6378339044629134e-006	-1	
-134.43143944784333	389.46636377867162	-2.1028949827786108e-005	1.6297163211893791e-006	-1	
-141.03379385957018	390.3135787959414	-2.0867131964453737e-005	1.6221662116598027e-006	-1	
-144.84143399850811	393.51794259130628	-2.0790915632872256e-005	1.618590452346977e-006	-1	
-111.64267529689819	386.633831662018	-2.1719307833156962e-005	1.6616775081349815e-006	-1	
-114.86751226926948	391.3254422810603	-2.1628985619736895e-005	1.6574654427058908e-006	-1	
-159.53992913453612	391.20447420992764	-2.050238255721936e-005	1.6050640646209281e-006	-1	
-153.00748425821664	394.88198132920729	-2.0626506249165383e-005	1.6108878709304788e-006	-1	
-167.40998858515604	386.360642452089	-2.0366289385915284e-005	1.5986605372682701e-006	-1	
-189.70755228007442	383.00178943930746	-2.0153473291903717e-005	1.588591514945349e-006	-1	
-177.87753700463043	388.73020051451601	-2.0263578522422407e-005	1.5938024657999449e-006	-1	
-183.17245391975467	389.57247124072643	-2.02263006547743e-005	1.5920378353923849e-006	-1	
-172.9259209537002	390.11141969203135	-2.0317373625380084e-005	1.5963435424518506e-006	-1	
-200	381.11089973421559	-2.0118632875398788e-005	1.5869381766491392e-006	-1	
-195.14656442640955	383.65004310993771	-2.0141549027839375e-005	1.588024625760031e-006	-1	
-14.493374656716208	344.8848613310617	-2.6586630343200572e-005	1.8804601149796747e-006	-1	
-8.8879562424525194	341.68355383074373	-2.6969444524895621e-005	1.8972919772702148e-006	-1	
-19.01731625984635	349.4895369637232	-2.6316198478048656e-005	1.8680649587285105e-006	-1	
-34.455650580070106	353.8209715334587	-2.5305124093351377e-005	1.8239974593873742e-006	-1	
-29.745122291916363	353.62105860083574	-2.5618766316935571e-005	1.8375526544430755e-006	-1	
-25.607165652105	351.36133366598909	-2.5872743721596646e-005	1.8488325229728747e-006	-1	
-6.5458227840590366	336.85188337737088	-2.7089621512465734e-005	1.9035185069120765e-006	-1	
4.5127952070309014	338.47107105100901	-2.7990963537009397e-005	1.9404690679624471e-006	-1	
-1.2030954013355226	339.10026256194868	-2.7538287151348573e-005	1.9216298033503923e-006	-1	
51.248783808713796	307.5326805407048	-3.2210444385823534e-005	2.1164895572102362e-006	-1	
44.374874977397809	308.15624302816542	-3.1514423078444603e-005	2.0901846721166184e-006	-1	
56.011184405976934	304.77557156894107	-3.2729876574472992e-005	2.1368563499459873e-006	-1	
59.393942283725039	300.43517314580924	-3.3157170356491922e-005	2.1544549878335556e-006	-1	
62.343000541674357	296.04369118830118	-3.3561912039615285e-005	2.1712071173510134e-006	-1	
76.893425885649904	281.77193193293124	-3.5638795651821399e-005	2.2512059161165416e-006	-1	
79.616361061764295	287.75069590896186	-3.5680938432197711e-005	2.2490338180461998e-006	-1	
75.71371428055717	293.15218271581148	-3.5058487549416104e-005	2.2250100290527995e-006	-1	
67.476919311889176	296.31040233672474	-3.4097931280285156e-005	2.1900419158571062e-006	-1	
35.466556725269498	313.66604882393244	-3.0612116483348477e-005	2.0533537713251194e-006	-1	
31.298710395666305	317.60741834461055	-3.0213102459859072e-005	2.0362317828339814e-006	-1	
41.171020020936041	314.2697335380924	-3.1159066156195977e-005	2.0740992609403896e-006	-1	
20.934220517463224	318.69369030387384	-2.9250065053876107e-005	1.9978271697341128e-006	-1	
26.296654164703408	319.86979601665968	-2.9750631099614233e-005	2.0172373950737035e-006	-1	
18.133325601281321	328.24573478657402	-2.9054896154488046e-005	1.986640239134066e-006	-1	
23.638781638072619	324.67340225581819	-2.9524232580656971e-005	2.0065636586034433e-006	-1	
85.919291619341976	276.76330226978422	-3.6908095703206414e-005	2.2960603717118806e-006	-1	
83.204106543009758	282.50727171180142	-3.6305694206253238e-005	2.2728094435636921e-006	-1	
100.64802390057758	253.1951082769433	-4.03821425587614e-005	2.4202774257443536e-006	-1	
100.41489172119392	259.67548222071866	-3.9763719495761146e-005	2.3966999335551275e-006	-1	
97.376777632002273	264.342260320023	-3.9031988970957942e-005	2.3711505570179371e-006	-1	
100.00588831773729	238.92091768175723	-4.1837657000105964e-005	2.4755308051140527e-006	-1	
104.27213976462747	249.69840086582755	-4.1159546219598106e-005	2.4456536532369482e-006	-1	
107.9163578206695	244.91116645548473	-4.2113443858300911e-005	2.4767981612570044e-006	-1	
95.314606912173844	269.51491988444184	-3.8415316015794341e-005	2.3485814367339954e-006	-1	
91.484731868831545	274.06328501341306	-3.7685596814604893e-005	2.3226762874393919e-006	-1	
104.98985887305575	235.5436597442401	-4.2907141087813844e-005	2.5080856111307232e-006	-1	
106.48112392783419	228.1967184287133	-4.4131720695396429e-005	2.5487518545746891e-006	-1	
111.64301735470413	216.71089386297717	-4.6678171784142232e-005	2.6267445577972769e-006	-1	
116.40921494464284	208.08700594453896	-4.8908566168677275e-005	2.6911733942074185e-006	-1	
111.61569708016863	225.49492478633198	-4.5182130754435655e-005	2.578671060586816e-006	-1	
115.06657996986378	221.11359984590337	-4.630402862927962e-005	2.6119377220126083e-006	-1	
114.40719071277444	190.97808776606792	-5.2821854436967442e-005	2.8031227065108281e-006	-1	
120.04023692353137	201.95648116496918	-5.0595345044160791e-005	2.7383410019208515e-006	-1	
120.07367559371744	193.25717624804969	-5.2689051435130077e-005	2.7972472706507625e-006	-1	
13.382713664565108	336.10193810526664	-2.8700086972860886e-005	1.9700287984106952e-006	-1	
9.5100673726432259	339.39177684932764	-2.8403707435594862e-005	1.9571063101448033e-006	-1	
17.862113990653739	333.44617314169147	-2.9060205747631144e-005	1.9852675148595593e-006	-1	
195.02155021196009	92.080741110272541	-6.1247321953287006e-005	3.2070880553615049e-006	-1	
200	81.341134656893217	-6.0603051853329562e-005	3.222618820513116e-006	-1	
200	87.586338096004113	-6.0990141074567966e-005	3.2138033772476414e-006	-1	
200	75.095931217782336	-6.016113947140862e-005	3.2304466185080046e-006	-1	
200	68.850727778671455	-5.9673523808398541e-005	3.2373497552851037e-006	-1	
200	56.360320900449693	-5.8631069365679963e-005	3.2490970819031864e-006	-1	
200	62.605524339560574	-5.9158897277269939e-005	3.2435354092555163e-006	-1	
200	50.115117461338805	-5.8108766360777775e-005	3.2541037646124874e-006	-1	
193.60674266513476	1.8133164234357795	-5.5634137784524692e-005	3.2755697672387707e-006	-1	
195.73891567332652	0	-5.5657541110336354e-005	3.2753700369928689e-006	-1	
193.80331256618518	4.4875950765821413	-5.5656983714584587e-005	3.2753743309198759e-006	-1	
195.59559201638254	9.4631947020138494	-5.5759327347981064e-005	3.2745012852357569e-006	-1	
195.41255107532024	6.9539735582365552	-5.5710740504950205e-005	3.2749155734710658e-006	-1	
193.96147264267213	13.360443813042552	-5.5841597805189888e-005	3.273799423286763e-006	-1	
194.78973453446702	16.200272277104393	-5.5941727923565004e-005	3.2729490823814642e-006	-1	
193.85357543147668	19.002773361431796	-5.603619613884812e-005	3.2721466360327405e-006	-1	
196.96405204465279	20.960858510467041	-5.6150625337579654e-005	3.2711795829973321e-006	-1	
200	25.134303704895274	-5.6364664632151491e-005	3.2693670764256751e-006	-1	
200	43.869914022227917	-5.7606327053654507e-005	3.2586833940541821e-006	-1	
200	31.379507144006155	-5.6720947474889113e-005	3.2663406767067695e-006	-1	
121.79373038154355	181.93029681420245	-5.5910853023902984e-005	2.8832939807615434e-006	-1	
122.54517873886537	187.83844881905725	-5.4289105769766848e-005	2.8401034141770375e-006	-1	
130.89206986470748	183.77495739591404	-5.5642512778700713e-005	2.877095822661284e-006	-1	
173.16747601911069	149.93959608347257	-6.0337559397227476e-005	3.049798852588987e-006	-1	
176.901203656679	145.66453052100988	-6.0607285562949051e-005	3.0649641248404369e-006	-1	
179.27611724306675	137.07034721432592	-6.127302362550896e-005	3.09740850990716e-006	-1	
167.839049685037	161.67631350258227	-5.903961983283646e-005	2.9983816135534967e-006	-1	
170.58812075976041	155.14901097276586	-5.9821517294522724e-005	3.0280572693946705e-006	-1	
145.52346845647733	180.16439324261023	-5.6475225029524851e-005	2.9049340488724018e-006	-1	
151.17022723551707	180.0710545955734	-5.6392266531456375e-005	2.9049986325026368e-006	-1	
155.7708057785251	176.81481047656035	-5.692305074055888e-005	2.9231370399726863e-006	-1	
164.24337046139578	167.00356183491024	-5.8361353532814635e-005	2.9732962038970001e-006	-1	
161.8323896769669	172.23901246860899	-5.7569933256785651e-005	2.9464764052670817e-006	-1	
140.60219387560707	182.45594058006321	-5.6014139611886223e-005	2.8899116021295753e-006	-1	
136.75118925597369	185.97457918340987	-5.5185654151110586e-005	2.8655188751634933e-006	-1	
185.40765895221023	117.97276291839879	-6.1913019634830723e-005	3.1549008343267187e-006	-1	
189.13197513841567	114.70172715956033	-6.1830327134209854e-005	3.1614852326482863e-006	-1	
192.31511670146787	110.90201456779749	-6.1763079541805025e-005	3.1696402162143941e-006	-1	
194.36076275645328	103.30955477491661	-6.1646123438703716e-005	3.1862537234138656e-006	-1	
200	100.07674497422587	-6.1523400848949981e-005	3.192119001453873e-006	-1	
200	93.831541535114994	-6.1299886641069155e-005	3.2036784727766489e-006	-1	
188.03871181531585	129.2285409164345	-6.1400592638757284e-005	3.1187072602605321e-006	-1	
185.52701314532678	136.9944492566961	-6.0995194855491959e-005	3.0928265293879168e-006	-1	
192.1375697796849	121.93495701111398	-6.1589848417077867e-005	3.1397347208510101e-006	-1	
-96.343572548518523	382.6458600152252	-2.2284977165271718e-005	1.6876193523501478e-006	-1	
-103.93519517831052	385.25083529534299	-2.1998496990441821e-005	1.6744899026084827e-006	-1	
-99.199771301538178	386.28432578199579	-2.2191160462221498e-005	1.6832600755653887e-006	-1	
-41.868434668948019	359.10658856331611	-2.4895234275380265e-005	1.8054620273777262e-006	-1	
-37.138857402278866	357.89874044988426	-2.5183049600545814e-005	1.8181188074818545e-006	-1	
-42.920961546005771	364.14606568442156	-2.4890329099744984e-005	1.8046548040742621e-006	-1	
-46.097726049856611	367.99131848835174	-2.4735866571550421e-005	1.7975439325008369e-006	-1	
-58.068726473000666	369.20427165986882	-2.4045474666620948e-005	1.7671686774598404e-006	-1	
-52.376635613026501	371.38880953913616	-2.4395820366171861e-005	1.7823882513612845e-006	-1	
-89.367111863451171	385.98466104719876	-2.2605032774115027e-005	1.7020370451937634e-006	-1	
-84.531583657998027	387.65759511955349	-2.2831897630917511e-005	1.712220783724404e-006	-1	
-76.96734846794547	384.66453623054048	-2.3175958681838593e-005	1.7277223059340073e-006	-1	
-60.614088080102611	373.74164094287369	-2.3947635432800629e-005	1.7625188085973593e-006	-1	
-69.770075326842147	382.62464378112554	-2.3526495505431013e-005	1.7434086505501663e-006	-1	
-60.439688817687944	378.94127272008006	-2.4000457072980593e-005	1.7645415847474423e-006	-1	
-64.385806611296772	382.60445596801657	-2.3810316716236293e-005	1.7559822024008618e-006	-1	
-121.78146706266222	393.76728294872709	-2.14090167768689e-005	1.6473109791922155e-006	-1	
-124.90406878221766	400	-2.1321515917157558e-005	1.6432486189988744e-006	-1	
-131.14927222132854	400	-2.1140746461808937e-005	1.6348735588223744e-006	-1	
-134.27187394088398	395.19480692287686	-2.1050646119769504e-005	1.6306977510745837e-006	-1	
-139.67478511304975	395.1009753731613	-2.0914033014119772e-005	1.6243350083969243e-006	-1	
-149.8848825386612	400	-2.0693869005979792e-005	1.6140391898719318e-006	-1	
-143.63967909955034	400	-2.0826241508595593e-005	1.6202315823872403e-006	-1	
-108.58777790236829	392.18777465303748	-2.1853590198824226e-005	1.6677654755320787e-006	-1	
-112.41366190399589	400	-2.1729113286348135e-005	1.6620231592083622e-006	-1	
-118.65886534310678	400	-2.1517737393809761e-005	1.6523047349067427e-006	-1	
-156.13008597777207	400	-2.0576628767599246e-005	1.6085419308306958e-006	-1	
-163.57050266466877	394.75993451682029	-2.0450752373382023e-005	1.602627925166217e-006	-1	
-168.62049285599386	392.92025518519341	-2.0377633206150445e-005	1.5991840964794177e-006	-1	
-193.35736361395348	388.82709308093212	-2.0173875723720388e-005	1.5895552609211451e-006	-1	
-189.39974649485117	389.86914270593218	-2.019253609174992e-005	1.5904388846816121e-006	-1	
-177.98829801466016	394.09054538336142	-2.0280744209855036e-005	1.5946098418365845e-006	-1	
-188.12756914419532	393.3558585968712	-2.0209878658265628e-005	1.5912590913223683e-006	-1	
-184.23350145377105	396.47166473551471	-2.0238562566159077e-005	1.5926153244628418e-006	-1	
-173.10620060453203	395.09188760276351	-2.0330204239566462e-005	1.5969450157203804e-006	-1	
-200	387.35610317332646	-2.0158011966713942e-005	1.5888037640276057e-006	-1	
-197.10179669587674	390.47870489288192	-2.0174033303190982e-005	1.5895623816872347e-006	-1	
-8.4650060938980971	347.14165281166328	-2.7065258426445939e-005	1.9001041759648176e-006	-1	
-12.824690223985904	351.04893798863895	-2.6783865047130055e-005	1.8875325295196974e-006	-1	
-3.6558350237697721	344.52600663300717	-2.7405086991299183e-005	1.914812797404842e-006	-1	
-21.623295610099092	353.34567506919484	-2.6177611733791881e-005	1.8614912468961665e-006	-1	
-16.936062108384863	353.70467906391912	-2.6514573519883274e-005	1.8757133252394654e-006	-1	
-31.254700916142824	360.3582243454378	-2.5599430876342618e-005	1.8357347676010589e-006	-1	
-25.570282146107534	355.81189216162244	-2.5931112927790132e-005	1.8505911134047907e-006	-1	
2.2486768729050479	343.75700101396961	-2.7857279623591478e-005	1.9336985697920224e-006	-1	
49.731210369557601	312.50930217820098	-3.1999739611471592e-005	2.1065430769652644e-006	-1	
56.035458320094946	310.27843628725697	-3.2641688137758616e-005	2.1312457323888206e-006	-1	
62.052273474374516	307.58586745269008	-3.3276214786737554e-005	2.1555018412052502e-006	-1	
64.670186685512206	300.79243817462668	-3.3689486346038111e-005	2.173365012717746e-006	-1	
82.419716236833708	293.88675845015956	-3.5709211261131235e-005	2.2468427450413837e-006	-1	
87.077694056391479	289.00687050271796	-3.6392349774648271e-005	2.272114199464652e-006	-1	
75.572613734258866	299.81452481594948	-3.4810882865967129e-005	2.2132720147089746e-006	-1	
70.044068722709923	301.0378296529143	-3.4223389285246299e-005	2.1921759205125708e-006	-1	
37.303764631853277	319.10020044435151	-3.0771745527089628e-005	2.057362336020752e-006	-1	
36.793060089646012	324.69259715217146	-3.0709263976631265e-005	2.0529879979843476e-006	-1	
31.654744483095723	326.95830516393033	-3.024436595380395e-005	2.0341563654692638e-006	-1	
43.388143806169673	320.22687912081562	-3.1331097217352714e-005	2.0783655821303865e-006	-1	
49.214767964330441	317.68647122200389	-3.1896991893985202e-005	2.1006832597757733e-006	-1	
24.469736853123464	331.1834805436668	-2.9617723328017479e-005	2.0081719640951096e-006	-1	
88.128744326710134	283.36434276475762	-3.6784841889567248e-005	2.2880449993167355e-006	-1	
91.133870783745948	279.36986619483156	-3.732239473045849e-005	2.3078037562868738e-006	-1	
104.90194343782082	258.0893667125888	-4.0404247992907075e-005	2.4168053820254653e-006	-1	
107.09768411211961	253.86703105515414	-4.1052627054343778e-005	2.4389981893908481e-006	-1	
104.01646779477318	262.76540439404346	-3.9887531254295539e-005	2.3980551499178587e-006	-1	
100.98515248190822	268.77819162372265	-3.9076480803279192e-005	2.3693816230594982e-006	-1	
109.30455866402525	249.88797548436531	-4.1711258961529847e-005	2.4610599468936255e-006	-1	
111.01006899920048	235.59754582656552	-4.3632221833457072e-005	2.5272027047162813e-006	-1	
113.76264944303604	241.68250249215333	-4.3153541345663105e-005	2.508293311143067e-006	-1	
113.06395394260956	247.3247498480562	-4.239927002742811e-005	2.4825146372564689e-006	-1	
97.598456425247605	275.00487431008969	-3.8273859132839053e-005	2.3406245914472394e-006	-1	
113.90929914262249	230.70188427076747	-4.4663332198433721e-005	2.5594088988347462e-006	-1	
120.41485965699874	213.42231385051343	-4.8260699288119356e-005	2.6689536538777566e-006	-1	
123.07332294657387	208.40380959315669	-4.9485008376137293e-005	2.7043606015245197e-006	-1	
117.37591985278537	226.19016859429635	-4.5717915967735047e-005	2.5913627889352425e-006	-1	
122.68974542834289	220.70935444845463	-4.7159961813201627e-005	2.6336192964167379e-006	-1	
126.82302908070312	204.13854102590335	-5.0670823566511104e-005	2.7376593784214521e-006	-1	
125.01108570492335	198.13788437207467	-5.1869162996553166e-005	2.7726867387283697e-006	-1	
126.93072555384724	192.17080787477769	-5.3396463377178352e-005	2.8152102997352322e-006	-1	
14.048077048023039	340.80944275114553	-2.8783070210637883e-005	1.972158294699064e-006	-1	
21.264223295678537	337.38873158764761	-2.9363907410900779e-005	1.9963317799283342e-006	-1	
10.821323856933764	344.30105731561468	-2.8542375214533226e-005	1.9615918323050767e-006	-1	
195.9683646796843	3.0834138610634718	-5.5670168957157517e-005	3.2752621758544063e-006	-1	
197.79271286243741	0	-5.5673620836853281e-005	3.2752328757259233e-006	-1	
197.19034225495278	1.1956155793544778	-5.5671721726641717e-005	3.2752490490497453e-006	-1	
196.38275534504211	4.5627648230576927	-5.5687570933489197e-005	3.2751136195112434e-006	-1	
197.74872954295427	8.1617748903648408	-5.5749109893259956e-005	3.2745889581404579e-006	-1	
197.52100996524007	11.082595966895786	-5.5811504916450967e-005	3.2740576241099061e-006	-1	
197.56986827129438	5.5379375219237437	-5.5707178413521269e-005	3.2749464346145066e-006	-1	
197.14917744778498	14.421667393336891	-5.5902043560002083e-005	3.2732875669899999e-006	-1	
197.52086777313508	17.327799406006672	-5.6003233736592221e-005	3.2724287511321786e-006	-1	
200	18.889100265784393	-5.6068633244254125e-005	3.2718745954562541e-006	-1	
133.81660299959466	190.28726485538633	-5.4126276628065279e-005	2.835314353172032e-006	-1	
178.95011823207332	151.22199916037451	-5.9896253835718141e-005	3.0391802874793573e-006	-1	
182.51643329429103	146.49284432131671	-6.0268757763647619e-005	3.0571680796551593e-006	-1	
172.34940601215334	165.3466232545891	-5.8298832751244335e-005	2.9769291408532973e-006	-1	
174.00237001511749	159.85368727034708	-5.9022436640168607e-005	3.0028907964051644e-006	-1	
147.60945439116298	185.41256049337372	-5.535194040740564e-005	2.8729938273549661e-006	-1	
156.05821467736908	182.44382858080004	-5.5866464265528362e-005	2.8911427481360074e-006	-1	
161.49023779365336	183.49264598634662	-5.5595713291583919e-005	2.8849353828706515e-006	-1	
164.94105238415821	179.16843834239808	-5.6295703567260017e-005	2.9080322481540465e-006	-1	
169.11504036872694	170.08408192002344	-5.7686644744757179e-005	2.9545600134788474e-006	-1	
141.6438483386631	187.78370640446869	-5.483714077180127e-005	2.8565202866715131e-006	-1	
194.7774506380604	116.19795735423897	-6.1681367512508864e-005	3.1553095365327778e-006	-1	
200	112.56715185244765	-6.1674876415522287e-005	3.1640838704003163e-006	-1	
200	106.32194841333676	-6.1647814665138762e-005	3.1789137062759071e-006	-1	
194.38100340596495	128.18016045022486	-6.1300015087564118e-005	3.1195439897020719e-006	-1	
191.89873062739417	134.76610117484802	-6.0957167089472012e-005	3.0976112527736498e-006	-1	
190.53103010734603	141.37622327149793	-6.0477473940163479e-005	3.073274856379451e-006	-1	
200	125.05755873066941	-6.139082947831868e-005	3.1287181368049709e-006	-1	
200	118.81235529155853	-6.1588513345133621e-005	3.1473434397874112e-006	-1	
-94.290871893459752	387.37664833272561	-2.2399168765211723e-005	1.6926897152382468e-006	-1	
-102.66543700432294	389.92844751294922	-2.207036323955734e-005	1.6776952377872331e-006	-1	
-96.800653306218678	393.90025482855765	-2.2317007120734395e-005	1.6888737504826619e-006	-1	
-38.155672302300644	362.67303470617054	-2.517477020517592e-005	1.8171528909099323e-006	-1	
-40.871172648823894	369.19446613279587	-2.5070021977529553e-005	1.8119353706380165e-006	-1	
-46.597441287219766	373.33123509722543	-2.4755692899778179e-005	1.7979484145813988e-006	-1	
-55.828934740578028	375.78342771883774	-2.4235243627510328e-005	1.7750401261546407e-006	-1	
-52.008538230735439	379.86210504353988	-2.4485318367896502e-005	1.7857450853962567e-006	-1	
-89.982870282494304	393.21078597725244	-2.2606601840383248e-005	1.7019813626055787e-006	-1	
-80.703435822077196	390.56222419488932	-2.3023527049844346e-005	1.7207574606018126e-006	-1	
-84.310246427996915	394.95365393455484	-2.2866414505776492e-005	1.7136558640955578e-006	-1	
-72.038069393626472	386.92319232306903	-2.3434957771544586e-005	1.7391947916426179e-006	-1	
-75.959896701727601	389.79383462399147	-2.3250013282562817e-005	1.7308955548417453e-006	-1	
-67.06224449818825	386.8009378034638	-2.3691763077073386e-005	1.7505842455764059e-006	-1	
-57.665717417143938	385.88654265476862	-2.4197961781008739e-005	1.7729022261970373e-006	-1	
-62.311905055539718	386.87888373386755	-2.3946275413357116e-005	1.7618135355639538e-006	-1	
-137.39447566043944	400	-2.097484276149917e-005	1.6271625740726537e-006	-1	
-106.16845846488502	400	-2.1956363405081229e-005	1.6724247372989714e-006	-1	
-162.37528941688296	400	-2.0474540594707136e-005	1.6037438681855585e-006	-1	
-168.62049285599386	400	-2.0387929612001939e-005	1.5996656315737908e-006	-1	
-193.99873589100483	392.86902854362864	-2.0187368769164746e-005	1.5901936484306018e-006	-1	
-191.47874115484302	394.95124854002012	-2.0200314130231304e-005	1.5908062383533407e-006	-1	
-181.11089973421559	400	-2.0262545646631316e-005	1.5937486740342534e-006	-1	
-174.86569629510473	400	-2.0316705108190653e-005	1.5963066084772549e-006	-1	
-188.91740403310422	396.98239741010781	-2.0213483216368856e-005	1.5914291979169751e-006	-1	
-187.35610317332649	400	-2.0222836986242701e-005	1.5918715297445736e-006	-1	
-200	393.60130661243744	-2.0182742517354203e-005	1.5899745915396249e-006	-1	
-197.44813142052601	394.72491215931439	-2.0186498537130018e-005	1.5901523616931503e-006	-1	
-6.5571347748738944	352.27290590849276	-2.7259512344189153e-005	1.9072023990479756e-006	-1	
-10.713308275115933	356.89628973158381	-2.6995321487848212e-005	1.8953915132947909e-006	-1	
0.10518484278260277	350.35128442649386	-2.7747235151260809e-005	1.9277723707046293e-006	-1	
-21.418445901060245	357.99529506002426	-2.6243029338909434e-005	1.8635368417919406e-006	-1	
-16.7451412029883	358.40176230521934	-2.6576057447477349e-005	1.8775594413348683e-006	-1	
-25.121694250931654	362.19964316980753	-2.6030921592822486e-005	1.8539394400218974e-006	-1	
-32.31468852705909	368.64224306767863	-2.5611730656810262e-005	1.8353057040107986e-006	-1	
6.0696746064066129	350.54688851058489	-2.8207285857237132e-005	1.9466104679927502e-006	-1	
54.041173724498179	315.42375031551569	-3.2374807450262718e-005	2.1193562892657478e-006	-1	
59.323665347853272	314.71004119295776	-3.2882092067816534e-005	2.1383396744683453e-006	-1	
66.650720387801883	313.67302112037646	-3.3582462344998175e-005	2.1642181763513466e-006	-1	
70.10697131842069	306.41694374268644	-3.4081927873073685e-005	2.1848765198023076e-006	-1	
82.239313763629482	300.59676972656229	-3.5426080369942143e-005	2.2341843585032209e-006	-1	
89.477586940868264	298.31430293750316	-3.6193768443955194e-005	2.261240548160814e-006	-1	
93.031686855413056	284.33788405854085	-3.7229892277897746e-005	2.3020264198630494e-006	-1	
93.434269261528414	290.98208948755155	-3.6910244807839132e-005	2.2883156124732916e-006	-1	
77.998319049541124	307.94106985064747	-3.4780186280742339e-005	2.2089117960285757e-006	-1	
39.568858857405999	329.5742629813704	-3.0937618158426179e-005	2.0602502953114847e-006	-1	
32.026876737162404	332.67702211197337	-3.0273617089359961e-005	2.0335724475696055e-006	-1	
46.902772545644822	325.52316142035966	-3.1612202698996437e-005	2.0873010183876404e-006	-1	
53.968595242943927	324.33178252292419	-3.2255997065384577e-005	2.1119037110627254e-006	-1	
57.112500881373123	319.78047476834507	-3.2598135157288582e-005	2.126124522132648e-006	-1	
28.507560843738595	337.19992180007677	-2.9972890506158176e-005	2.0205300288560823e-006	-1	
96.387462038369662	280.19611450215433	-3.7811640728083302e-005	2.3229829656442871e-006	-1	
108.75603217071171	262.52982260927013	-4.0398181130554886e-005	2.4133883316022207e-006	-1	
109.44608356986383	257.7703621264908	-4.0913938808489166e-005	2.4319403308813335e-006	-1	
111.58787969553273	253.82366139540423	-4.1529774885153054e-005	2.4527052519726453e-006	-1	
106.37935462039181	266.88070937670278	-3.9779519967083807e-005	2.391989796914455e-006	-1	
106.48794019742733	275.80551506209923	-3.9089588632529036e-005	2.3655584666917601e-006	-1	
117.09012529543446	235.89188066254184	-4.4256694873773902e-005	2.5434368100847795e-006	-1	
117.80990318752458	245.04806980891524	-4.3146988066328446e-005	2.5051549983019704e-006	-1	
119.72481453374949	240.29115073427704	-4.3932326876722019e-005	2.530671393766783e-006	-1	
115.81245297518254	252.30158455451917	-4.2116418625475669e-005	2.4705723498195248e-006	-1	
103.15954361988069	280.93942989982412	-3.841822354010215e-005	2.3418260398096473e-006	-1	
122.8774755074316	234.00500624045108	-4.509325391282891e-005	2.567293713238571e-006	-1	
126.82692226045837	215.41919074411638	-4.8454824327072856e-005	2.6715382453195511e-006	-1	
128.58364971188331	209.7782589311247	-4.9655713846030008e-005	2.7070826886746064e-006	-1	
124.04467788110502	227.33937450169137	-4.6194250750776275e-005	2.6023584522633564e-006	-1	
131.61086865637523	222.33966392948054	-4.7628329765699101e-005	2.6440086514105943e-006	-1	
132.92617657359369	207.33400792986816	-5.0424412931576042e-005	2.7286208446805738e-006	-1	
131.78446364183117	202.48340033047756	-5.1336403622373775e-005	2.7557213565951826e-006	-1	
132.81146554435691	197.35499017544717	-5.2487263857315297e-005	2.788823668469375e-006	-1	
18.033759733471545	347.72958473397711	-2.9135822970417092e-005	1.9847799213346728e-006	-1	
24.994656446345001	344.63675210718947	-2.9690584629502058e-005	2.0075913939476457e-006	-1	
12.011977150347452	351.09683357544401	-2.8673815809763275e-005	1.9654837789095667e-006	-1	
197.28132727684084	3.3166639540778062	-5.5682253377647409e-005	3.275159113166349e-006	-1	
198.81961145699282	0	-5.5677511769912712e-005	3.2751997330483052e-006	-1	
198.43603318355576	0.70510454711081205	-5.5676818501119075e-005	3.2752056287984633e-006	-1	
198.0467233959256	2.2246725766790236	-5.5680328311031955e-005	3.2751756154114041e-006	-1	
200	9.5212951071180658	-5.5781526285952034e-005	3.2743130472565279e-006	-1	
200	6.3986933875626244	-5.5725695775992647e-005	3.2747886614668839e-006	-1	
200	12.643896826673508	-5.5858339290769782e-005	3.2736595725853633e-006	-1	
200	4.8373925277849033	-5.5705959756385758e-005	3.2749569548085547e-006	-1	
198.59492466081369	3.5463121638312889	-5.5690678022500887e-005	3.2750872944053866e-006	-1	
200	15.76649854622895	-5.5953759447300617e-005	3.2728489661208197e-006	-1	
136.62660168737466	194.29222471167691	-5.3314377779415618e-005	2.8122950712845728e-006	-1	
180.54832642840054	157.8719912645262	-5.9030154824943809e-005	3.0081027453898657e-006	-1	
188.31682137051524	154.57626873250706	-5.9214285494694745e-005	3.0194476228635319e-006	-1	
189.12105664415199	147.87638512379496	-5.991860017388578e-005	3.0478445691583694e-006	-1	
174.77199605547912	170.54620912310349	-5.7450548045368101e-005	2.949867968281941e-006	-1	
180.15364864208175	164.69994072751098	-5.8141951776926401e-005	2.9762311234799317e-006	-1	
147.71555268626093	191.83124662506009	-5.4058978440095285e-005	2.8349677620898657e-006	-1	
155.99861529002138	187.87696078328685	-5.4843073676207567e-005	2.8602526235984408e-006	-1	
162.4201653090787	188.94628036188729	-5.4624471160841344e-005	2.8552875609592925e-006	-1	
168.04147347363997	185.18166134562125	-5.5230542778201235e-005	2.87569561434213e-006	-1	
170.8438480687727	179.93085455070431	-5.605678506716808e-005	2.9028439772455749e-006	-1	
175.42915332889172	176.18383748188216	-5.6566143684547943e-005	2.9211111602583172e-006	-1	
142.10259062809726	196.49416764686165	-5.3006824690524285e-005	2.8035627514446819e-006	-1	
200	131.30276216978029	-6.108421913743758e-005	3.1082355374719793e-006	-1	
200	137.54796560889119	-6.0673011324655399e-005	3.0859664861135536e-006	-1	
194.48636831704533	145.63719202573446	-6.0041395971022535e-005	3.0554290715928148e-006	-1	
-99.923255025774125	400	-2.2198965970444973e-005	1.6834806797299052e-006	-1	
-93.678051586663244	400	-2.2456044469857433e-005	1.695141025957163e-006	-1	
-36.813699644193065	375.67839534670424	-2.5379764681663773e-005	1.8247357205693364e-006	-1	
-42.100470697102267	376.15089023520954	-2.5053087252438763e-005	1.8106249464713903e-006	-1	
-46.749240572905471	378.71255731493858	-2.4788570652001805e-005	1.7990064426739677e-006	-1	
-52.356565875818376	385.20366715538307	-2.4495647183806524e-005	1.7859511567554176e-006	-1	
-87.432848147552363	400	-2.2729001800278248e-005	1.7074574489525626e-006	-1	
-78.065042988886034	394.57849973034712	-2.3160938575620424e-005	1.7268454775561115e-006	-1	
-81.187644708441482	400	-2.3017049518771618e-005	1.7203844453455393e-006	-1	
-71.701062824201927	394.52306819772633	-2.3477292942375743e-005	1.7409251215417262e-006	-1	
-64.783782232646786	392.73365325430814	-2.3833556757574682e-005	1.7567111262980768e-006	-1	
-54.631324918343985	390.04916819602568	-2.4385301067515046e-005	1.7809768009214152e-006	-1	
-58.472705510293061	393.48119156151955	-2.4179438881726937e-005	1.7718979580487867e-006	-1	
-195.36471118421787	396.54009719081887	-2.019273425903345e-005	1.5904474645673366e-006	-1	
-192.10447657038566	398.15974799823908	-2.0202774539608924e-005	1.5909225364979447e-006	-1	
-190.47870489288192	400	-2.0209090548686976e-005	1.5912213228590567e-006	-1	
-200	395.16260747221509	-2.0186142065761278e-005	1.5901354805580626e-006	-1	
-197.40216619101773	396.77539370026187	-2.0190135616252537e-005	1.590324477086851e-006	-1	
-198.57570586021865	396.4381439693862	-2.0188767154738458e-005	1.5902597144863725e-006	-1	
-1.9814041976606023	355.62705954702778	-2.7629596743701656e-005	1.9219694181836107e-006	-1	
-5.9456150725071621	359.02552736646277	-2.736161486135369e-005	1.9103180042933155e-006	-1	
-10.036496414093925	361.78322400810731	-2.7085117114417125e-005	1.8984172115249908e-006	-1	
-14.78980265370919	362.86800460918653	-2.6754265471201799e-005	1.8844214818668658e-006	-1	
7.5219815232485896	356.33517009646005	-2.8352887428666158e-005	1.9515204379566426e-006	-1	
-19.767684947036496	362.38619254175944	-2.6400931911416811e-005	1.8696093661986798e-006	-1	
-26.417020228043103	370.26093669002552	-2.6015292928693723e-005	1.8523598569541205e-006	-1	
-21.122115420513644	367.2004394285587	-2.6348385619789649e-005	1.866806966469119e-006	-1	
-30.6865093179693	374.63976339580483	-2.5765454154996113e-005	1.841336540852803e-006	-1	
65.845580128975342	321.02916789385705	-3.335953155124397e-005	2.1536671903034021e-006	-1	
71.063303920566526	319.61358109025701	-3.3847073230465599e-005	2.1717794124787328e-006	-1	
75.524710607960131	312.35364572249046	-3.442417740644205e-005	2.1947818635935851e-006	-1	
86.249271095696557	305.97980219690754	-3.5590699191383051e-005	2.2377579645964513e-006	-1	
90.625698306437826	303.31037897424176	-3.6082993822194574e-005	2.2555634088562867e-006	-1	
95.733532851386045	303.74507626438458	-3.6506040832037891e-005	2.269727106534576e-006	-1	
97.541751642186298	296.22004012393541	-3.7017860545225615e-005	2.2896486066588785e-006	-1	
98.616870962385292	285.03814072949729	-3.7729908783914954e-005	2.3178391979711206e-006	-1	
99.279425819472294	290.62792265505971	-3.7470636242216205e-005	2.3068242230805456e-006	-1	
80.583298804847601	312.36945715323839	-3.4872862489649397e-005	2.2106130988084421e-006	-1	
44.700400792066318	330.20012453436095	-3.1383869438909188e-005	2.0771880769925843e-006	-1	
41.610798320048062	337.7000366106974	-3.1077111633544037e-005	2.0634191420069857e-006	-1	
35.751423694714788	337.03247339827402	-3.0585170709276948e-005	2.0445407494972028e-006	-1	
51.277527953288498	329.92027558133418	-3.1958128516489586e-005	2.0990683902897563e-006	-1	
61.098320924694519	323.61606905378454	-3.2895113669661543e-005	2.1358470889475191e-006	-1	
58.100697480296766	330.18592337935945	-3.2541996799075511e-005	2.1208873543338516e-006	-1	
32.249699561786905	342.31639737187561	-3.0284575920710207e-005	2.0315359112213249e-006	-1	
111.39035857328702	266.72971978014345	-4.0279011302747873e-005	2.4071230014259683e-006	-1	
113.20538595660291	260.34302981405818	-4.1037424806220826e-005	2.4337111748394831e-006	-1	
114.92296592797729	256.45654261593324	-4.1590484610283122e-005	2.4524847991044411e-006	-1	
112.06481733205233	271.69742185020817	-3.9926088100942201e-005	2.3935424941780351e-006	-1	
112.67112441751382	277.01115598329631	-3.9557141145884091e-005	2.3794223755204179e-006	-1	
111.9170955930245	282.9712036388882	-3.9054977380058203e-005	2.3609408145511018e-006	-1	
121.23767989177369	249.89378341069775	-4.2897112894948015e-005	2.4943959332022937e-006	-1	
123.00954151632673	244.22888272064773	-4.3736947033660771e-005	2.5220681020491356e-006	-1	
125.16956563672174	239.08818958698041	-4.4588638307877692e-005	2.549415038561124e-006	-1	
119.89815233405271	255.34893384685077	-4.2168832094546762e-005	2.4698673038036631e-006	-1	
103.88744732626728	287.01441644570758	-3.8091071303524688e-005	2.3285137181529286e-006	-1	
129.73189241146224	227.721071754398	-4.6615487774190437e-005	2.6129515094926085e-006	-1	
132.17477677973369	232.87106378063314	-4.6032327596623456e-005	2.5932243923368756e-006	-1	
133.23760501163892	213.4178884624491	-4.9294043828263128e-005	2.6946389527575861e-006	-1	
135.34830296866943	218.41193069016029	-4.8550523387458889e-005	2.6712654937596012e-006	-1	
137.2280192873107	227.31968856709514	-4.7220037667427268e-005	2.6292327519554308e-006	-1	
136.74703946580919	204.13511604974622	-5.1262982747950995e-005	2.7526857811555893e-006	-1	
138.49065587159947	210.09907831824424	-5.0210532104201116e-005	2.7210242273084638e-006	-1	
137.65627073354187	199.07506672570889	-5.233238279133111e-005	2.7839074676995084e-006	-1	
17.173994404774891	353.26015170845596	-2.9086527170912344e-005	1.9817345787182101e-006	-1	
23.862239161872449	351.46777439279077	-2.9609440890823528e-005	2.002966992006804e-006	-1	
31.493329300462001	348.61003133721812	-3.021798793688842e-005	2.0275796601213034e-006	-1	
13.528994010150752	358.50465843293227	-2.8822657446227595e-005	1.970214574979339e-006	-1	
199.33306075427055	0	-5.5678606842272245e-005	3.2751904311052452e-006	-1	
199.20642233353846	0.4797042991112262	-5.5678672290104478e-005	3.2751898634817506e-006	-1	
199.18935901616535	0.98224152431233058	-5.5679491439236283e-005	3.2751828521878084e-006	-1	
198.95926613086175	1.5993322515229627	-5.5680896893015262e-005	3.2751708264070267e-006	-1	
199.15296376793324	2.2287962511842552	-5.5683928383895722e-005	3.2751449424935102e-006	-1	
200	3.2760916680071825	-5.5691111922198925e-005	3.2750836314143802e-006	-1	
186.94269321715419	163.2716592867788	-5.8178562697605027e-005	2.9805672820001127e-006	-1	
194.17437784685961	152.34842935075829	-5.936383212505197e-005	3.0274886248915641e-006	-1	
194.11583558132364	158.61507191177776	-5.8649576672954662e-005	3.0000443892791127e-006	-1	
180.08957356945595	172.53066838863469	-5.7031244505606466e-005	2.9382343277468304e-006	-1	
187.78334353372546	170.15819841478128	-5.7237145778748354e-005	2.9478558808456864e-006	-1	
151.90466397259954	196.09189019423391	-5.3282865188027445e-005	2.8125143669227429e-006	-1	
146.71890838133052	199.06000002045224	-5.2617250199493185e-005	2.7922568561095969e-006	-1	
159.14714044851351	194.57362940655798	-5.3630101389693678e-005	2.8240818952630815e-006	-1	
171.5679588978042	189.84150742706225	-5.4438846342454001e-005	2.8515996702096735e-006	-1	
168.87671872499561	195.02875055630005	-5.3589720570561591e-005	2.8243983371938107e-006	-1	
175.76796308276357	182.09572120817458	-5.5644111353658517e-005	2.8911661738435355e-006	-1	
180.91685948575525	180.5393079767685	-5.5822456934499442e-005	2.8983887759389306e-006	-1	
142.28873552927675	201.935318067053	-5.1931711252386165e-005	2.7718968828042548e-006	-1	
200	143.79316904800208	-6.0166044804381064e-005	3.0620633750145348e-006	-1	
200	150.03837248711295	-5.9571415163459921e-005	3.0366775413705437e-006	-1	
-39.05149088121653	380.45285939552758	-2.5269795440447879e-005	1.819697735697303e-006	-1	
-33.92407251515381	379.94442193028522	-2.5590490240913305e-005	1.8334776213292605e-006	-1	
-43.616966601303083	383.0909738781279	-2.5003550991164164e-005	1.8080801067648512e-006	-1	
-49.50894881900588	390.59345886325104	-2.4683363372173738e-005	1.7939359277633909e-006	-1	
-74.942441269330601	400	-2.3319916123132448e-005	1.7338999774334018e-006	-1	
-68.69723783021972	400	-2.3637462569247436e-005	1.7479870479385504e-006	-1	
-62.452034391108832	400	-2.396846460342797e-005	1.7625874632307951e-006	-1	
-52.584243742182828	395.1596268058646	-2.4515149353391299e-005	1.7865384255162726e-006	-1	
-56.206830951997944	400	-2.4313135465407066e-005	1.7776961772645224e-006	-1	
-194.38195704232626	398.82315609639818	-2.0197094242345068e-005	1.5906537570778228e-006	-1	
-196.90736945142314	397.89168619000208	-2.0191929664160633e-005	1.5904093735479537e-006	-1	
-195.78216377595254	398.63931439754242	-2.0194176524284336e-005	1.5905156948413424e-006	-1	
-193.60130661243738	400	-2.0199194821896972e-005	1.5907531485818667e-006	-1	
-200	396.72390833199279	-2.0188740842951229e-005	1.5902584674511861e-006	-1	
-198.06770956497624	397.7991049649961	-2.0190676949451368e-005	1.5903500912429618e-006	-1	
-199.15296376793322	397.77120374881565	-2.0190040391122821e-005	1.5903199667133663e-006	-1	
-1.2212874763473938	361.24932595090104	-2.7724386766926761e-005	1.9249918310278868e-006	-1	
-5.836064065441791	364.92296831992923	-2.7410317401912292e-005	1.9115215952039616e-006	-1	
-11.523261261396399	366.48744883342187	-2.701285636617607e-005	1.8947934696970217e-006	-1	
-16.274570140602847	367.49175013394466	-2.6686065353558697e-005	1.8809968878581775e-006	-1	
8.6295040795212934	362.66963028868878	-2.846682192574483e-005	1.9551922201089264e-006	-1	
3.2928805531132435	364.81162658152078	-2.8078082837185856e-005	1.9390358668108641e-006	-1	
-23.178482713054617	373.71824400052407	-2.625623075469919e-005	1.8622583953117821e-006	-1	
-18.952621141328223	371.57740466703348	-2.6528822041804301e-005	1.8739642639925414e-006	-1	
-28.093771720261334	379.86248611354699	-2.5967091145074324e-005	1.8495318047523463e-006	-1	
-23.598021757151077	378.42081470019156	-2.6256120861850751e-005	1.8618852544643706e-006	-1	
69.497571651876044	325.0155805017697	-3.3597939884090997e-005	2.1611990718392714e-006	-1	
65.139075389845402	328.57038366271507	-3.3162698550765997e-005	2.144305259026718e-006	-1	
76.271398540815284	324.05101944758644	-3.418722655748263e-005	2.1827669144355546e-006	-1	
77.970686555689824	316.78159854633122	-3.4518348149162376e-005	2.1966793010594489e-006	-1	
93.442168925453586	310.15641839938445	-3.6045232975641625e-005	2.2519812541426515e-006	-1	
87.912971812971278	314.12928083148631	-3.544243652184473e-005	2.2299577803637646e-006	-1	
102.463463214252	299.92357637279173	-3.7244166628663427e-005	2.2957370850811314e-006	-1	
100.24949643224336	310.03012972850399	-3.6595438118669149e-005	2.2707830816984082e-006	-1	
107.37795801984834	296.21046900146985	-3.7846863966017133e-005	2.3169014971017257e-006	-1	
108.22584023925381	290.62817535997277	-3.8241590888042409e-005	2.3318303632226379e-006	-1	
83.281746915572413	316.72963057075498	-3.4971583080481258e-005	2.2127191412628664e-006	-1	
46.811219919737738	334.91911467219188	-3.153340281898418e-005	2.0816194673338891e-006	-1	
46.05239899232167	341.57948181724936	-3.142482940054592e-005	2.075878000563546e-006	-1	
39.221949454414045	344.91737493050732	-3.0850693401962094e-005	2.0530297765868135e-006	-1	
53.466180757350145	335.72397239669459	-3.2086751497202782e-005	2.1024130146613785e-006	-1	
65.647959928063642	334.94329245059686	-3.3104040518187479e-005	2.1405727108716323e-006	-1	
59.678779782328171	337.23279420417907	-3.2583912883587871e-005	2.1207201707420902e-006	-1	
115.73836963001497	263.90882576384485	-4.093837556703987e-005	2.4284863009883104e-006	-1	
116.16373583296036	268.26198216336445	-4.0581104272620259e-005	2.415266490458134e-006	-1	
117.79446772222893	260.04833775318076	-4.1494821875241223e-005	2.4472623567705726e-006	-1	
117.22710827362818	273.09532419069939	-4.026002871994691e-005	2.4029541463359676e-006	-1	
118.62067019677885	277.84400203480703	-3.9986070209338546e-005	2.3922717618959723e-006	-1	
117.78684381999534	283.62472551328409	-3.9481965590796356e-005	2.3740619008493468e-006	-1	
113.85753671501125	291.03425584808321	-3.8668953400863719e-005	2.3453870360714244e-006	-1	
127.28789378363103	248.67661204542785	-4.3554140906457329e-005	2.5136803835183196e-006	-1	
125.30004391261521	254.44110867300458	-4.2732029480044562e-005	2.4865734376807931e-006	-1	
132.33303093330221	245.12229278420992	-4.4383112226618662e-005	2.5392449997737164e-006	-1	
131.36005219423035	239.00822453122561	-4.5107938608203157e-005	2.5635502775597226e-006	-1	
122.38615163981414	259.79743206704563	-4.1920643202037752e-005	2.4598132439275583e-006	-1	
138.13567813590717	233.22149349232177	-4.6398713841474252e-005	2.6028315087991661e-006	-1	
140.68212731250665	219.38446424077173	-4.8705649819817444e-005	2.6746276624672919e-006	-1	
141.83313248452473	224.60486106606245	-4.7925686719381459e-005	2.6500814546137924e-006	-1	
145.53211792903727	228.46424736453045	-4.753961176491945e-005	2.6370352862061159e-006	-1	
142.78412267181261	207.13117313703094	-5.0966853989224612e-005	2.7430685385131288e-006	-1	
143.62504739625197	212.93716776904844	-4.9964431663294544e-005	2.7126051478911898e-006	-1	
19.905648500410663	358.14527538973783	-2.9312006168667566e-005	1.9899455055110578e-006	-1	
25.953229742728521	357.21768119718837	-2.978020326993901e-005	2.0087531088798647e-006	-1	
30.861906855826188	354.2903305129355	-3.0164339204287523e-005	2.0244132104597139e-006	-1	
39.779591160286941	350.7791660062756	-3.0876548007284618e-005	2.05288596761662e-006	-1	
36.421350843331872	355.61587778822656	-3.0598575103357271e-005	2.0412161071713591e-006	-1	
17.081378096392502	364.78455017366872	-2.9111028998239878e-005	1.980937973710506e-006	-1	
199.84651005154825	0	-5.5679086116436546e-005	3.2751863873814628e-006	-1	
199.67712266936709	0.32287733063290819	-5.5679102240500361e-005	3.2751862401000567e-006	-1	
199.62942442695442	0.73897777086838601	-5.5679544118071387e-005	3.2751824402494777e-006	-1	
199.55775758582647	1.3244655932850313	-5.5680810109743071e-005	3.2751716009784839e-006	-1	
200	1.7147908082294616	-5.5682290460101127e-005	3.2751589571948443e-006	-1	
193.45944380927097	165.65138108489018	-5.7780073219102425e-005	2.9681342862140508e-006	-1	
200	156.28357592622382	-5.8892833748059665e-005	3.0098882332098217e-006	-1	
200	162.52877936533471	-5.8144697286483752e-005	2.9819639066962612e-006	-1	
186.98724155322802	176.68336467244566	-5.6324456943669736e-005	2.9165681311240004e-006	-1	
193.16083789890129	174.42542729195799	-5.6596770456376918e-005	2.9268291659891645e-006	-1	
155.38723054216325	200.94714168941198	-5.2453201981732738e-005	2.7877664282446515e-006	-1	
147.1824972853405	204.32108077408657	-5.1645632255917967e-005	2.7631656138051863e-006	-1	
161.8805608576495	200.48194235319104	-5.263212663270992e-005	2.7937308099707378e-006	-1	
177.86271343593998	187.05007053714846	-5.4846627550932101e-005	2.8660014383833177e-006	-1	
175.84337010219687	193.82536535411199	-5.3787318243961909e-005	2.8317162551021773e-006	-1	
167.48757850863853	203.7896760289774	-5.2148104468135466e-005	2.7791535871986592e-006	-1	
172.60670659654664	200.11077518223757	-5.2781813519947684e-005	2.7994783721917983e-006	-1	
187.58621691622383	183.22956979969592	-5.5363480375951851e-005	2.8846325550465808e-006	-1	
-37.824885434007811	385.68880318418542	-2.5372380967496011e-005	1.8238413230386926e-006	-1	
-31.582762575166665	384.53432340217074	-2.5762637814752106e-005	1.8405787376117846e-006	-1	
-42.304666278924138	390.1864119859232	-2.5112352472327983e-005	1.81250599551716e-006	-1	
-47.277509202879926	395.41500714440804	-2.4825410349305568e-005	1.8000053136327963e-006	-1	
-49.961627512887063	400	-2.4670794280364834e-005	1.7932751257473489e-006	-1	
-195.16260747221509	400	-2.0195675394530764e-005	1.5905866180517578e-006	-1	
-197.13288271319294	398.66368859294289	-2.0192222637152033e-005	1.5904232355196305e-006	-1	
-197.91469966343692	398.47499254716638	-2.0191314839371943e-005	1.5903802769431634e-006	-1	
-196.72390833199282	400	-2.0193093604558801e-005	1.5904644492331244e-006	-1	
-200	398.28520919177049	-2.0190342587876502e-005	1.5903342673539439e-006	-1	
-198.97649917309954	398.39295394501312	-2.0190594834733866e-005	1.590346204411411e-006	-1	
-199.55775758582647	398.67553440671492	-2.0190614682631443e-005	1.5903471435916778e-006	-1	
-7.2951892026160996	370.73804440700144	-2.73389299149339e-005	1.9078932408943423e-006	-1	
2.3622784056251005	370.48627885493875	-2.8034752255936934e-005	1.9366039163721846e-006	-1	
-12.464790670872107	373.77438706285864	-2.6991044592994915e-005	1.893125044975871e-006	-1	
10.989997414208613	368.6512741560951	-2.866439388567476e-005	1.9624430049607994e-006	-1	
-19.307977167301239	376.44959639366323	-2.6534043450276377e-005	1.8737503203885111e-006	-1	
-24.508526222469186	383.31214542628811	-2.6218630145190485e-005	1.8599938514870838e-006	-1	
-19.085334686763066	382.58805311683591	-2.6578357027656712e-005	1.8751903176511049e-006	-1	
71.279542879754871	330.35015581028438	-3.3641207886371175e-005	2.1614007635295469e-006	-1	
80.021714110157561	329.77380215173599	-3.4356067994363965e-005	2.1874426872667963e-006	-1	
83.268940555187328	322.0409297351718	-3.4815017473417202e-005	2.2057273731329435e-006	-1	
96.972963667166354	316.94600493606487	-3.6066856466303867e-005	2.2508235119896334e-006	-1	
91.546575182484176	320.69090737493667	-3.5515735270490788e-005	2.2307411184807504e-006	-1	
107.81519060704007	302.97291063759121	-3.7515161863968784e-005	2.3037464532786522e-006	-1	
108.08051730068009	309.5899893047669	-3.7212790092680444e-005	2.2917312775296242e-006	-1	
104.48355254828827	315.47765500980535	-3.6688169834657891e-005	2.2724889804274366e-006	-1	
113.52340659789623	299.3207798322963	-3.8142886126015191e-005	2.3255187126216397e-006	-1	
50.76454735365985	341.24894015682929	-3.1814621309972618e-005	2.0908249888559534e-006	-1	
49.105517641885314	345.67174700135513	-3.1647420081179949e-005	2.0835407439500501e-006	-1	
45.466692342887008	349.25324365341669	-3.1335367621998866e-005	2.0708889597672533e-006	-1	
55.480341266437144	340.97528391124376	-3.2200931541678874e-005	2.1055236679197469e-006	-1	
72.767814717995577	336.39907351540143	-3.3648159412423305e-005	2.1602972634264877e-006	-1	
63.932878057232728	342.0051707357776	-3.2865575534499187e-005	2.130244189542733e-006	-1	
59.303611259780027	344.79773523491912	-3.2467664086872813e-005	2.1148016650608696e-006	-1	
120.36784289635634	264.83311343106419	-4.1255576492035428e-005	2.4373124078934463e-006	-1	
120.90946011923447	269.78893023565803	-4.0845051980285567e-005	2.4223476598996928e-006	-1	
125.08196545539928	272.51723898587113	-4.0931415592191688e-005	2.4235925299372503e-006	-1	
123.25230729091395	280.04308447643649	-4.0168583629079993e-005	2.3968981008442422e-006	-1	
119.34580860845716	289.25337181142464	-3.9204786404969003e-005	2.363122222636e-006	-1	
123.41994153955596	285.16752830143184	-3.9790571264644716e-005	2.3830994759119144e-006	-1	
118.6789739226091	296.75159686991282	-3.8670211187946682e-005	2.3434633027971293e-006	-1	
135.51007320602315	254.98969876365786	-4.3436100295580687e-005	2.506344312237316e-006	-1	
130.09320735387598	260.51939106153685	-4.2448423286760891e-005	2.4747213727669089e-006	-1	
138.35156818544195	248.62964841395092	-4.4371102974357827e-005	2.5366574059258932e-006	-1	
142.2841776390672	244.28782599340224	-4.5162517848579453e-005	2.5614920923819708e-006	-1	
139.99227903933894	238.8967185139611	-4.5728794614782197e-005	2.5806166096477252e-006	-1	
125.71709984374785	265.73705319378388	-4.1601132118898738e-005	2.4470205250670984e-006	-1	
144.12416131171756	234.40371088113977	-4.6591823423464391e-005	2.6072741030506096e-006	-1	
146.70212091869499	218.23703056037886	-4.9204404099917799e-005	2.6888110036158059e-006	-1	
146.90997005177206	223.44134180202147	-4.8377703615232343e-005	2.6630839616356793e-006	-1	
148.95321947339346	231.32963814535898	-4.7290717491481839e-005	2.6284231867659665e-006	-1	
150.15149421779839	227.03097117284588	-4.7979643760470654e-005	2.6499973095385676e-006	-1	
149.48949857261567	212.77924228270885	-5.0231564227497e-005	2.7200718040603788e-006	-1	
23.72834245542985	362.89004132143918	-2.9613464285622466e-005	2.0012885997412e-006	-1	
29.757473136066519	362.00948691870195	-3.0074761267440335e-005	2.0196944404774476e-006	-1	
41.952266913410419	355.87191245558273	-3.1029799064063632e-005	2.0579569845697138e-006	-1	
38.941587611426307	361.04121778557129	-3.0781605545493362e-005	2.0475592882270012e-006	-1	
34.610130858814117	363.9971699546017	-3.0444762742245786e-005	2.0339886000447908e-006	-1	
21.874284911326786	368.34336260693254	-2.9478822355273943e-005	1.9952349513192715e-006	-1	
17.231067218610086	371.75170118719461	-2.9136298452302118e-005	1.9811425754215936e-006	-1	
200	0	-5.5679114530663999e-005	3.2751861774084191e-006	-1	
200	0.15348994845174077	-5.5679142947308613e-005	3.2751859329002616e-006	-1	
200	0.54381516339617098	-5.5679428178947607e-005	3.2751834569759977e-006	-1	
200	0.93414037834060115	-5.5680043831322559e-005	3.2751781763353632e-006	-1	
200	168.77398280444561	-5.7340409741312199e-005	2.9531591182079344e-006	-1	
195.05028230466465	181.02517636106947	-5.5646216529551581e-005	2.8949691440257986e-006	-1	
200	175.01918624355648	-5.6493967121714353e-005	2.9237222508101147e-006	-1	
153.17491295189143	207.23032586724415	-5.1303946601236083e-005	2.7526631447943607e-006	-1	
159.83710788356737	210.35200886968596	-5.0943867046595393e-005	2.7415094039218008e-006	-1	
165.48880132464282	209.2001560028344	-5.1242517389589852e-005	2.7508369665581418e-006	-1	
181.75724165035854	191.89939062632769	-5.4080168888977921e-005	2.8419213505180322e-006	-1	
177.99650744603576	203.38030582491385	-5.2298385970867436e-005	2.7846230250203292e-006	-1	
182.98760704427261	198.65881212319667	-5.3041832322429039e-005	2.8087278546472123e-006	-1	
170.35217552676067	207.64822281306678	-5.1564206417529997e-005	2.7610148227615632e-006	-1	
175.15770768246205	207.61416313366126	-5.1620885077032169e-005	2.7630134107825168e-006	-1	
187.7177224564546	193.67588264724441	-5.3797711817233269e-005	2.8334696057898784e-006	-1	
192.79519517222215	188.4740826284534	-5.4565454746473594e-005	2.8589424414430914e-006	-1	
-38.655081804572177	394.48598977659287	-2.5346369496404781e-005	1.8224672794165256e-006	-1	
-33.293539191796981	392.73679086713543	-2.5679419906279513e-005	1.8367425354363507e-006	-1	
-28.567050842093671	389.44294679632873	-2.5973969738412648e-005	1.8493704920220291e-006	-1	
-43.716424073776182	400	-2.5042650991230945e-005	1.8093521901830955e-006	-1	
-197.77120374881579	399.15296376793327	-2.0191777498953654e-005	1.5904021703487104e-006	-1	
-198.3929539450132	398.97649917309974	-2.0191239005616646e-005	1.5903766879593214e-006	-1	
-198.28520919177055	400	-2.0191482612673719e-005	1.5903882157518724e-006	-1	
-200	399.06585962165934	-2.0190748330895038e-005	1.5903534681560394e-006	-1	
-199.03647259179169	399.03647259179172	-2.01909156275404e-005	1.5903613850006525e-006	-1	
-199.62942442695442	399.26102222913158	-2.0190835909974684e-005	1.5903576126163954e-006	-1	
-0.22345449102426862	375.39952945063806	-2.7867126759999655e-005	1.9292398572087845e-006	-1	
-5.977517635937911	378.900467989253	-2.7469735094460289e-005	1.9125852655151683e-006	-1	
5.3286435892556945	375.41543340943491	-2.8268412756094082e-005	1.9456674868726331e-006	-1	
-14.233985249533678	379.33882816008565	-2.6895322921815294e-005	1.888679704092589e-006	-1	
-9.9550420797169856	381.95824304206081	-2.7202669838769851e-005	1.901295376116173e-006	-1	
12.951017729964134	377.25122629881344	-2.883017551355123e-005	1.9683147920379222e-006	-1	
-22.346634423889711	387.79325672870573	-2.6377836431210757e-005	1.8665031552820111e-006	-1	
-14.120602845013931	384.7544534213157	-2.6923765470475989e-005	1.889535953441392e-006	-1	
-17.368803379685069	388.6149074156819	-2.6713917213190049e-005	1.8805877214081101e-006	-1	
78.800049957349003	334.84456507705784	-3.4149466247085544e-005	2.178873702211727e-006	-1	
85.018654350110168	328.52695358443083	-3.4779128609178124e-005	2.2028759209936133e-006	-1	
83.8508849233381	333.54296371972214	-3.4565629764518026e-005	2.1941748595259021e-006	-1	
89.964717916478435	327.09150999135835	-3.5198261790589855e-005	2.2180735269443573e-006	-1	
101.51616561023326	320.24196558423881	-3.6284465741320456e-005	2.2575416502009057e-006	-1	
95.918157484449154	325.62641691707171	-3.5687168645717121e-005	2.2356002743327918e-006	-1	
113.77184997316607	306.20400927631977	-3.7786198119354967e-005	2.3117757646165555e-006	-1	
111.38147044832368	315.33105511687978	-3.7181179938935946e-005	2.2892604848920867e-006	-1	
108.07485827260528	322.10215233219873	-3.6674922669825527e-005	2.2705735718725806e-006	-1	
119.67158727629918	302.42568659989814	-3.8402952983559514e-005	2.333104631183586e-006	-1	
54.152974167840483	346.44074013783325	-3.2044462312001344e-005	2.0985092334134709e-006	-1	
52.388965086900974	352.61654754317902	-3.1858397225908815e-005	2.090347167290638e-006	-1	
47.427534618557672	356.69533815478871	-3.1450235486841248e-005	2.0740742139675676e-006	-1	
69.039237889879317	345.31468156218585	-3.3218671689350908e-005	2.1427567064967661e-006	-1	
74.388372852130161	342.41390101098835	-3.3671100643155454e-005	2.1599778872556824e-006	-1	
65.92651831960778	350.54332856953192	-3.2915799862590718e-005	2.1306204120297524e-006	-1	
58.789346599751553	352.08041170636034	-3.2356243315800247e-005	2.1093397486143941e-006	-1	
127.73032025239092	277.54600104296952	-4.0692087528615198e-005	2.414045161918356e-006	-1	
133.18737786310527	275.95768331939973	-4.1201457243048743e-005	2.4302048852014264e-006	-1	
133.52536589220352	269.88833409921853	-4.1770178826789865e-005	2.449987223162694e-006	-1	
131.5016119452259	281.79801114705151	-4.0602849550456745e-005	2.4096023131496623e-006	-1	
123.9786601357674	292.69275592116185	-3.9299941277465407e-005	2.364967881575301e-006	-1	
130.86021037121427	289.59671271159243	-3.9967121287514698e-005	2.3870790844480799e-006	-1	
124.14011830339658	298.58366607876985	-3.8929672742895563e-005	2.3512959807504077e-006	-1	
136.80422866074315	261.6754654904816	-4.2797618339893824e-005	2.4842875253676433e-006	-1	
141.26866938452056	254.95537799742223	-4.3811662913486655e-005	2.5171392384935968e-006	-1	
145.57569796104488	249.13372457017104	-4.4748241578885137e-005	2.5470220427689137e-006	-1	
148.28511804060739	243.75256968987162	-4.556678170602906e-005	2.5731319532928169e-006	-1	
149.78326341116136	237.91704525225728	-4.6413028513298931e-005	2.6001736471125054e-006	-1	
151.51004030309042	220.65131862303659	-4.9018558215922532e-005	2.6823526877482117e-006	-1	
153.62365001552465	215.91346771690246	-4.9858908790283678e-005	2.7082068799218156e-006	-1	
153.23569153764868	232.58456169782235	-4.730941731047922e-005	2.6282180405335667e-006	-1	
154.95538466754911	226.46922880697716	-4.8266239962448554e-005	2.6582818658641318e-006	-1	
27.631103059550021	368.53121155675046	-2.9912563801428525e-005	2.0124641344666558e-006	-1	
43.3694774437012	365.06361745334186	-3.1106946333804596e-005	2.0596880242561217e-006	-1	
35.62331639702861	369.14232552955758	-3.0514024696104438e-005	2.0361013840474904e-006	-1	
22.679378054334194	374.30707291829606	-2.9544325646356747e-005	1.9972370709129644e-006	-1	
20.960139676570648	380.07406824057665	-2.9421928782370869e-005	1.9918807977021904e-006	-1	
200	187.50959312177821	-5.4701452790687116e-005	2.8636314558578016e-006	-1	
158.62900192391118	215.25394680757103	-5.0120721704603409e-005	2.7159930180369465e-006	-1	
167.09367084493226	214.74026408856844	-5.0403349008297792e-005	2.7245457801912185e-006	-1	
172.48488648220885	211.95471132945136	-5.0923949245381063e-005	2.7409196795135012e-006	-1	
180.19320684030299	208.4066781429089	-5.154577817239708e-005	2.7607993774897825e-006	-1	
185.0268913919713	205.81334041657161	-5.196487246112138e-005	2.7743544342954503e-006	-1	
191.29815034903419	201.81118264295378	-5.2580133757813048e-005	2.7943600744619414e-006	-1	
178.33489821950144	213.5677435346411	-5.0754623479817222e-005	2.7356136012131277e-006	-1	
194.81065649216546	196.87739828044457	-5.3316733653363534e-005	2.8182784149517707e-006	-1	
200	193.75479656088913	-5.377908396088838e-005	2.8334275745127079e-006	-1	
-37.471220634665301	400	-2.5424399431832207e-005	1.8257653008289861e-006	-1	
-31.226017195554416	400	-2.5818021084142627e-005	1.8425680320355256e-006	-1	
-28.103415475998972	395.18525845018172	-2.601559754889567e-005	1.8509955727174409e-006	-1	
-21.547421926643661	394.35332015320211	-2.6444840827900324e-005	1.8691363298746782e-006	-1	
-198.675534406715	399.55775758582649	-2.0191214607324638e-005	1.5903755333159784e-006	-1	
-199.0658596216594	400	-2.0191081152489341e-005	1.5903692179959067e-006	-1	
-200	399.45618483660382	-2.0190857226924313e-005	1.5903586214121035e-006	-1	
-199.26102222913161	399.62942442695442	-2.0190993936799799e-005	1.5903650907988248e-006	-1	
-199.67712266936709	399.67712266936707	-2.0190914896054195e-005	1.590361350462041e-006	-1	
2.3340882369611791	380.32751293513581	-2.8066122220865273e-005	1.9370193527390902e-006	-1	
-5.3156472678114852	383.87727295110881	-2.753241414946928e-005	1.9148488265921711e-006	-1	
-0.45007787061935067	384.34510577055948	-2.7877704162139125e-005	1.9290405354894108e-006	-1	
8.1221517287522325	380.44456845428431	-2.8484226444907568e-005	1.9540530914860201e-006	-1	
-8.026385410950974	387.94412453863572	-2.7353406643264082e-005	1.9072454554988103e-006	-1	
13.023585321720498	383.0949250654362	-2.8844457649039576e-005	1.9684812348688862e-006	-1	
-12.495835742182955	389.92184970970754	-2.7048564071759065e-005	1.8945170017506111e-006	-1	
-15.613008597777208	394.96260546520097	-2.6843932522428116e-005	1.8858561314234011e-006	-1	
82.320281222317178	338.69334043919798	-3.4338253707299515e-005	2.1849966033563437e-006	-1	
89.727162387644782	333.21796963592652	-3.5012894593212737e-005	2.2102435303503449e-006	-1	
87.291135849831861	337.67016635647946	-3.4726228385504064e-005	2.199175427959211e-006	-1	
94.305847901216879	331.42100544249428	-3.5395558754098595e-005	2.2241734311721528e-006	-1	
102.54594721003053	325.75953663919739	-3.6159640921817535e-005	2.252053404647145e-006	-1	
99.135695547560587	330.49040721673788	-3.5765878068364364e-005	2.2374067416577344e-006	-1	
118.84057618144874	309.3821255634324	-3.7968797173004616e-005	2.3170461925279072e-006	-1	
116.99244824894009	315.07218985604135	-3.756759076631283e-005	2.3023456110337533e-006	-1	
116.33728520760805	323.92073305395985	-3.7139219866430568e-005	2.2861309365113703e-006	-1	
107.92354072076769	329.63597902110098	-3.6390235300532804e-005	2.2593695355770099e-006	-1	
126.46460572489086	304.13960691608418	-3.8743545816129949e-005	2.3437949210377095e-006	-1	
125.47375502708955	309.50566527467635	-3.8381454732664118e-005	2.330648270307734e-006	-1	
56.179527359243927	359.39632585458781	-3.2101078610708996e-005	2.0986070661603037e-006	-1	
50.209089623384109	363.21228991099036	-3.1629360946327201e-005	2.0800759777899855e-006	-1	
69.836062459938589	354.04772600316892	-3.3166122974033423e-005	2.1394561907241726e-006	-1	
74.598336778524654	351.83727806833485	-3.354377214305313e-005	2.1537946218524462e-006	-1	
80.035573122685719	344.13788971905376	-3.4064185495635051e-005	2.1740890083373495e-006	-1	
79.698548164618174	349.66944284050896	-3.3946374285022873e-005	2.168946841025179e-006	-1	
63.88036476890305	358.38101334981229	-3.2682415887765798e-005	2.1207440978033397e-006	-1	
136.91674191118148	280.93831592494774	-4.1011019891337422e-005	2.4224787526719594e-006	-1	
138.82100372616944	273.67437530265249	-4.1755231768808453e-005	2.4478961809084289e-006	-1	
141.66890624238914	266.44088541878966	-4.2616878402956492e-005	2.4766997154082278e-006	-1	
138.18235946022102	286.27319367824833	-4.0657891847797314e-005	2.4097549108667793e-006	-1	
129.90549457550102	297.36328594702474	-3.9372342481934653e-005	2.3658713621574954e-006	-1	
136.94776159087596	294.51330321924235	-3.9976917088493408e-005	2.3859328470335659e-006	-1	
142.68594825019832	260.53694842866315	-4.3285166174023662e-005	2.4990497496849545e-006	-1	
146.87826678142315	256.25730921936281	-4.398448026233571e-005	2.5214328356393289e-006	-1	
150.235944190374	251.96246620121039	-4.4655104976459957e-005	2.5428726403941601e-006	-1	
151.97906377072724	247.21154334823575	-4.5315087343843105e-005	2.5641472773629943e-006	-1	
156.33381865517276	242.70882991856544	-4.6077240813810895e-005	2.5881153324595234e-006	-1	
157.30686371955392	236.8749053984246	-4.688969242928133e-005	2.614122137457686e-006	-1	
156.84777235365576	219.97790031863374	-4.9322285406271946e-005	2.6912176217607453e-006	-1	
159.57057213231062	231.4107388356237	-4.7724390485447538e-005	2.6404991917257845e-006	-1	
161.02090742875012	225.43021720204197	-4.8633905871480137e-005	2.6691826543395837e-006	-1	
29.290812124449442	375.18701412118429	-3.0035927278788344e-005	2.016686650946969e-006	-1	
41.231005721567485	370.39728892628744	-3.0931850785374632e-005	2.0522973584796978e-006	-1	
48.905546758558891	371.95635393718078	-3.1496052906488812e-005	2.074014867112861e-006	-1	
35.116399023743341	376.75914939146764	-3.0467511999479029e-005	2.0335647275035394e-006	-1	
29.159608713124978	380.45290439383979	-3.0025672910553899e-005	2.0158746349993639e-006	-1	
25.21401573875649	383.94276266881388	-2.9735988205873403e-005	2.0041702223638921e-006	-1	
16.60455104808592	387.36401465212225	-2.9109523559028148e-005	1.9789254441644813e-006	-1	
22.139003538488293	388.8014207242561	-2.9512984159426064e-005	1.9950359858085911e-006	-1	
163.14395233403761	219.65416389446503	-4.955985405524273e-005	2.6981926989454779e-006	-1	
171.7659814042687	217.98029725202787	-5.0004247289980002e-005	2.7118531213822782e-006	-1	
185.13806743167342	211.82194592958055	-5.1073384621142028e-005	2.745853125972924e-006	-1	
191.28360497942589	208.70290497287158	-5.1560526775846543e-005	2.7615715741793418e-006	-1	
200	206.24520343911087	-5.1934210321539293e-005	2.7736802089438031e-006	-1	
200	200	-5.2855157772667504e-005	2.8034031688187947e-006	-1	
177.26965734527832	219.40783078913162	-4.9881441852486239e-005	2.7078654227133517e-006	-1	
185.16906230405752	217.83149995967725	-5.0197894854579089e-005	2.7178917467208807e-006	-1	
-24.980813756443531	400	-2.6222220511181916e-005	1.8596996523758655e-006	-1	
-18.73561031733265	400	-2.6636156808636843e-005	1.8771197209640067e-006	-1	
-199.45618483660382	400	-2.0190972518495153e-005	1.5903640772910944e-006	-1	
-200	399.84651005154831	-2.0190909250160273e-005	1.5903610833309625e-006	-1	
-199.84651005154825	400	-2.0190920525905994e-005	1.5903616169598996e-006	-1	
5.9639689896388814	385.81649811169427	-2.8338515173146613e-005	1.947810739849795e-006	-1	
-3.1613813816898717	388.4122259282023	-2.7694393710400053e-005	1.9213120861883341e-006	-1	
1.893497514659586	388.84471729275646	-2.8052639128998967e-005	1.9360006410833585e-006	-1	
-9.9836425713997361	394.95957305732207	-2.7228617274390833e-005	1.9018742984348185e-006	-1	
-3.1226017195554405	394.62677777756625	-2.7705380721386227e-005	1.9215877607925311e-006	-1	
11.019221875088968	388.412634394527	-2.8706106958411277e-005	1.9626147253991012e-006	-1	
-12.490406878221766	400	-2.7058956260638295e-005	1.8947822911081878e-006	-1	
85.910765230439992	343.55041575513559	-3.4500872101964963e-005	2.1900776220857857e-006	-1	
93.855380759715317	336.31901735541362	-3.5229890846317047e-005	2.2174238701953319e-006	-1	
91.2874694344126	340.79836053398554	-3.4939672704180316e-005	2.2063269266144801e-006	-1	
99.018585138334473	336.32112226507178	-3.5587370854041246e-005	2.2301195150858779e-006	-1	
103.86395894648416	333.50190840097127	-3.599460493249166e-005	2.2449175967231368e-006	-1	
122.52399508877815	314.09644774822954	-3.7965977211195379e-005	2.3158984095749234e-006	-1	
120.34100040818916	319.5818773772636	-3.7574139893093674e-005	2.3016804537859221e-006	-1	
118.09451935071084	329.71551809324939	-3.7022521543942676e-005	2.281208540343385e-006	-1	
121.68901707556024	324.8424295868387	-3.7425124201712644e-005	2.2957252544925486e-006	-1	
109.52117348772326	335.37807251469593	-3.6301770612705412e-005	2.2554100499307507e-006	-1	
130.86723381729558	310.33437146672986	-3.8650862355331008e-005	2.3393626190504709e-006	-1	
133.88186480111929	305.79565937723231	-3.9078370154532542e-005	2.3543037281539398e-006	-1	
131.52687591218782	315.74295535778924	-3.8402667303838579e-005	2.3301209170772493e-006	-1	
55.052642669811753	366.68463695456592	-3.1972071228182096e-005	2.0928233764577474e-006	-1	
60.990131216142061	366.17138276141964	-3.2409923562818834e-005	2.1095479620645371e-006	-1	
69.20544713849749	359.27665758612267	-3.3063337934213014e-005	2.1349470222544633e-006	-1	
74.041609369482401	357.19076783389642	-3.3435076395864584e-005	2.1490696091394463e-006	-1	
78.900526454477927	354.87544434913457	-3.3811307376400556e-005	2.1632825535680006e-006	-1	
83.915226637168601	353.26545290959535	-3.4184711186809567e-005	2.1772123970517301e-006	-1	
87.625443135303314	348.96509052093626	-3.4516529598039413e-005	2.1898774383060361e-006	-1	
69.138249829684582	364.54304968171675	-3.3009168929300597e-005	2.1323373450643831e-006	-1	
142.14098421769242	279.27398400313666	-4.1451906524777757e-005	2.4365655321519526e-006	-1	
147.25007768171318	270.25994865097823	-4.2546141731353889e-005	2.4729829647298365e-006	-1	
145.18503418334996	275.04441340530138	-4.1988269230633791e-005	2.4543765251148162e-006	-1	
151.64482193966876	265.11981815518851	-4.3276690124389768e-005	2.4967503312444676e-006	-1	
142.52059842667484	293.71540248700268	-4.0333249810838629e-005	2.3974145302112967e-006	-1	
146.09529827143751	289.36630177572926	-4.0837782788724156e-005	2.414432938560538e-006	-1	
146.37663557201969	283.43523259820029	-4.1324458179993321e-005	2.4312744531778383e-006	-1	
137.96974709980677	302.04134890746923	-3.9531678361621289e-005	2.3698177847207e-006	-1	
142.81676761924388	299.33727404248299	-3.9958152929554931e-005	2.3841177026693994e-006	-1	
154.39711703800839	258.17099812514016	-4.4144604701021491e-005	2.525189659262702e-006	-1	
155.55948335226961	250.78790035592326	-4.5042967810199711e-005	2.5545878857416198e-006	-1	
163.27400632149363	247.45065260254862	-4.5748592048758702e-005	2.5764342713125229e-006	-1	
161.9522201203757	240.64781796253646	-4.6558318559273047e-005	2.6028349259629387e-006	-1	
164.84748807535686	229.52432173297078	-4.8160136674732783e-005	2.6538018439590682e-006	-1	
167.20090858055684	237.77284409221161	-4.7103266312683419e-005	2.6197723102357496e-006	-1	
166.98832791713903	224.34540136990327	-4.8959872213692896e-005	2.6790269977142657e-006	-1	
41.118809445075883	376.14259350335038	-3.0911485029359391e-005	2.0509875859703102e-006	-1	
55.474000963726844	372.62935370919223	-3.1973052938388462e-005	2.0922948678146475e-006	-1	
48.599801374672253	379.14089752176852	-3.145216997840159e-005	2.0717675218983598e-006	-1	
33.934875730998868	382.67633408843255	-3.0375382998418682e-005	2.029545867711488e-006	-1	
27.85157297736232	389.05212172299969	-2.9929068685759016e-005	2.0115933988853641e-006	-1	
11.33782808817387	394.25925968609255	-2.8733096884628427e-005	1.9635399858610831e-006	-1	
18.73561031733265	395.76006641965989	-2.9268153300185817e-005	1.9850388393472945e-006	-1	
24.479956036915848	394.01833954524943	-2.9684197685033079e-005	2.0017159471093115e-006	-1	
172.99860926075476	223.53087644978902	-4.9211994424480173e-005	2.6867090973745553e-006	-1	
190.18637132538436	214.1548800308087	-5.0761914460568498e-005	2.7359499313252796e-006	-1	
200	212.49040687822176	-5.1025109356837266e-005	2.7444437695094219e-006	-1	
179.80998894371331	224.77328255297886	-4.9151904539514258e-005	2.6845468423890166e-006	-1	
188.31754281847887	225.2458433585887	-4.9177226703460821e-005	2.685195756258863e-006	-1	
193.33296648218075	218.74038901489712	-5.0118180907146289e-005	2.7153233945991179e-006	-1	
-200	400	-2.0190914888104946e-005	1.5903613502040757e-006	-1	
6.5625238790577143	390.87089622722516	-2.8388431299616654e-005	1.9496289227327348e-006	-1	
2.3114809181506306	394.27416304161812	-2.8088279683221972e-005	1.9373092805415906e-006	-1	
-6.2452034391108828	400	-2.7489833482138495e-005	1.9126466023660169e-006	-1	
0	400	-2.7927082735127426e-005	1.9306490456654144e-006	-1	
98.835655518614658	342.50767942928496	-3.5414159201327648e-005	2.2230539270415442e-006	-1	
95.169005381643586	347.49392346311424	-3.5058288827684299e-005	2.2096637663825292e-006	-1	
104.6864623545428	340.48901349344908	-3.5844318513111642e-005	2.2386069210432911e-006	-1	
126.24379073083209	319.47020644336732	-3.7924912774685078e-005	2.3135141143361811e-006	-1	
114.17529822245918	339.10140316087211	-3.6467998808491158e-005	2.2607267282322033e-006	-1	
122.73445891388936	333.60632345143802	-3.7145366312269455e-005	2.2849208295114376e-006	-1	
127.6579502988331	331.29183892349914	-3.7497884074166335e-005	2.2973069939092228e-006	-1	
127.01768167573194	325.88927822157677	-3.7682006580626583e-005	2.3043090676307436e-006	-1	
109.76753828863725	342.09736220416545	-3.6117431910946834e-005	2.2480598009413213e-006	-1	
135.58608453031761	313.05840438653689	-3.8757807862007605e-005	2.3423591668655636e-006	-1	
139.13588721521566	309.72930699819847	-3.9124764831341564e-005	2.3550197396146707e-006	-1	
136.33145230414391	317.86760550569301	-3.8544444414680507e-005	2.3344874952162936e-006	-1	
132.05011977698484	322.31448714263138	-3.8110163536621717e-005	2.3192834152966522e-006	-1	
61.758743058716291	374.6540848365234	-3.2414336963302366e-005	2.1089614580768151e-006	-1	
67.523014655961518	372.65924527781868	-3.2833969804876192e-005	2.1250227858775943e-006	-1	
73.231429508468324	361.96165245838898	-3.3324276039435939e-005	2.1444042954695474e-006	-1	
77.983894298017333	360.85521699034507	-3.3669151498751145e-005	2.1573569505140903e-006	-1	
87.379880242455116	358.73373867303235	-3.4337768714246819e-005	2.1822289164670632e-006	-1	
91.114906269496061	353.4464374358642	-3.4671686038435276e-005	2.1949769657851766e-006	-1	
73.523228940284142	366.96020639719791	-3.3295823557050347e-005	2.1428592521028301e-006	-1	
154.00338350541406	270.61713075880095	-4.283586089146456e-005	2.4814967748929669e-006	-1	
150.39287075615204	274.86016936475295	-4.2268723198650267e-005	2.4629222692048184e-006	-1	
151.43911812777748	280.3323303055102	-4.1826850357714557e-005	2.4476695816376027e-006	-1	
156.84009105642417	265.35059975715581	-4.3483161612705312e-005	2.5027538760542041e-006	-1	
149.27158594059964	295.62066442036519	-4.0517111226436791e-005	2.4027568922171449e-006	-1	
155.21975165655653	288.66615672500865	-4.1298174224215672e-005	2.428961914430217e-006	-1	
142.59646447068954	305.10714654613793	-3.9573397035907334e-005	2.3705131120997734e-006	-1	
150.53286361480005	302.52102919887164	-4.0097724706148206e-005	2.3879097798842851e-006	-1	
159.29307867136544	260.76508636122469	-4.4067908573891351e-005	2.5218333613041208e-006	-1	
160.32244951727498	255.32081140917757	-4.4710620238500212e-005	2.5429044820843757e-006	-1	
167.51035535264842	250.91493844789184	-4.5469793810874206e-005	2.566844913830586e-006	-1	
171.69070683588978	243.85889864630502	-4.6448456715628702e-005	2.5982121579001304e-006	-1	
170.95024558352472	230.99808118847571	-4.811848332849458e-005	2.6519698401285712e-006	-1	
172.63448271786973	236.35505726381399	-4.7434444435380201e-005	2.6299356375869434e-006	-1	
44.686797414624714	385.17410121195354	-3.1156557893111982e-005	2.0599534200154979e-006	-1	
38.921430083727834	385.60146201833277	-3.0737338668502937e-005	2.0435791741504719e-006	-1	
57.418081339970762	378.93950987439285	-3.2087771232826903e-005	2.0962226317013598e-006	-1	
54.192672216629724	383.20994341831482	-3.184386663332155e-005	2.086619543351461e-006	-1	
49.777900990881392	386.23478418937867	-3.1521769961205408e-005	2.0740645774854277e-006	-1	
34.420657927205774	389.22984288506626	-3.0407784104560654e-005	2.0305068029475374e-006	-1	
30.248771087998179	394.30722627521436	-3.0103145044572984e-005	2.0183415502173897e-006	-1	
12.490406878221766	400	-2.8817424318965278e-005	1.9668985255417197e-006	-1	
6.2452034391108828	400	-2.8370407101249719e-005	1.9487528831623209e-006	-1	
24.980813756443531	400	-2.972057410122182e-005	2.0031189004229967e-006	-1	
178.49152252774871	231.57034900996143	-4.819118091114737e-005	2.6538727186316139e-006	-1	
200	218.73561031733266	-5.0131881277622978e-005	2.7157647561449489e-006	-1	
184.40091817930687	229.95612297734428	-4.8494711248162946e-005	2.6633865537351704e-006	-1	
194.19950588334126	226.90889684745216	-4.8985001879460664e-005	2.6789598834267868e-006	-1	
192.63237684279866	232.81714049286097	-4.8184765371579955e-005	2.6532455358221263e-006	-1	
200	224.98081375644352	-4.926151217043531e-005	2.6878222837626921e-006	-1	
104.99813738111342	350.88054306730362	-3.5607895505990183e-005	2.2290004023570677e-006	-1	
98.228453256987791	354.57142253071981	-3.5111381336731902e-005	2.2107899093591867e-006	-1	
110.16002341663696	347.41244203871122	-3.6002219706515322e-005	2.2433955881542731e-006	-1	
120.19939891024735	340.86303386994291	-3.6758235512567831e-005	2.2706591580571336e-006	-1	
116.11827619804366	345.63142660331619	-3.63904554327941e-005	2.2572939950029992e-006	-1	
126.47578519107037	340.85268468407622	-3.7093756970611687e-005	2.2823419933652985e-006	-1	
131.40951368356869	335.23181077847414	-3.7538868032881968e-005	2.2982652611221758e-006	-1	
131.71987658177525	328.07123152412862	-3.7838354655064552e-005	2.3093189858447737e-006	-1	
141.22312905613171	315.95198782170928	-3.8879752214027176e-005	2.3459037083843575e-006	-1	
145.69451705403199	309.97972618905203	-3.9417539517073329e-005	2.3645408396609504e-006	-1	
138.20578903198401	322.77524795271364	-3.8393639981872167e-005	2.3287420776657924e-006	-1	
66.740998576824637	378.17308211757666	-3.2747143041866387e-005	2.1213680476275349e-006	-1	
75.718289818721075	371.51073292382637	-3.3408521242583597e-005	2.1467089319555506e-006	-1	
72.254261271370652	378.95913574451816	-3.3121351820745588e-005	2.1354432892614602e-006	-1	
78.512306592727441	366.53618686288257	-3.3643439631171328e-005	2.1558558344267713e-006	-1	
83.638474396486615	364.03118349091221	-3.4016525549019289e-005	2.1698941131937104e-006	-1	
90.116448869164742	363.71991827592626	-3.4446153672508077e-005	2.1857465209502942e-006	-1	
93.818768193893803	359.40209168159146	-3.4747978589396221e-005	2.1971546916342159e-006	-1	
159.07060659450866	273.79620431670963	-4.2742106047254798e-005	2.4775654619700579e-006	-1	
158.65262768234717	282.08438146634228	-4.1976972428020471e-005	2.4517317396848441e-006	-1	
162.03544063005674	265.57956296615475	-4.3662576425391126e-005	2.5079900916591074e-006	-1	
155.59208583190807	296.73660346658227	-4.0700515043530408e-005	2.4082961079869313e-006	-1	
162.65614905053584	287.58901811450505	-4.1659815709318046e-005	2.4404659710246763e-006	-1	
161.53061349274438	294.30186979482596	-4.1096372458373348e-005	2.4213050260759499e-006	-1	
150.73166275929495	308.72622920233488	-3.9710598506168729e-005	2.3742761970095086e-006	-1	
154.80519185907394	305.50901733100716	-4.0072815676185583e-005	2.3865432340734296e-006	-1	
158.87562728918707	302.25134682681511	-4.043641019253649e-005	2.3987938447064987e-006	-1	
164.48891519199861	260.99377220156242	-4.423347650201859e-005	2.5266021806569062e-006	-1	
166.81763736249854	256.34338862433583	-4.4821050050314868e-005	2.5456848812464291e-006	-1	
171.77792053608434	254.34069631107155	-4.5191303417764792e-005	2.5573167011307035e-006	-1	
173.77903628450704	249.37977689777924	-4.5824599591444549e-005	2.5777922951946929e-006	-1	
177.09390311083467	244.4958364315905	-4.6493056022691237e-005	2.599240195142107e-006	-1	
177.54774664576877	239.07419039245246	-4.7185422884510866e-005	2.6215862570644436e-006	-1	
46.128769893714491	389.93994629628617	-3.1254644497782789e-005	2.0635836340943762e-006	-1	
42.384873548625954	393.22259829665751	-3.0982249046347282e-005	2.0528882710457264e-006	-1	
65.524446947424224	383.60759662915018	-3.2639419922126602e-005	2.1169949216819076e-006	-1	
57.8884674470752	387.08046848354854	-3.2095691607427059e-005	2.0961115947356537e-006	-1	
50.916032702044376	391.30913540020543	-3.1594981018023655e-005	2.0767132725393993e-006	-1	
36.829325485920201	394.36470921401565	-3.0580343018270121e-005	2.0371417962753445e-006	-1	
31.226017195554416	400	-3.0173693009890465e-005	2.0210780974462361e-006	-1	
183.89196294703498	236.06084633082858	-4.7677949479068717e-005	2.6371466800600123e-006	-1	
200	231.22601719555439	-4.8416450791140776e-005	2.6606527163276414e-006	-1	
200	237.47122063466529	-4.7600900263905563e-005	2.6343667890499434e-006	-1	
191.79806899680423	239.40134779047173	-4.7326989456777058e-005	2.6256005878796348e-006	-1	
105.55247857719624	356.98178919636479	-3.5513702715437011e-005	2.225067504938291e-006	-1	
110.66778777723884	353.61042296336399	-3.5882955633149883e-005	2.2385838738873427e-006	-1	
100.11899616218453	361.15930946787319	-3.511357955880843e-005	2.2102941569873963e-006	-1	
118.37110604696707	352.06113322526051	-3.6348344915631434e-005	2.2552449125054706e-006	-1	
122.71876925452541	347.31957973138577	-3.6702082462748498e-005	2.2680966226398802e-006	-1	
128.19377633103576	348.13172354531122	-3.6954895946058906e-005	2.2768865134983424e-006	-1	
132.94920463054072	345.29955445597295	-3.7266038725400537e-005	2.2879455735688938e-006	-1	
137.2539523380315	336.84229489614358	-3.7755922581339842e-005	2.3055636028711957e-006	-1	
135.94106050149909	331.08007905512807	-3.7919390251235279e-005	2.3117142887007719e-006	-1	
143.94948328076367	322.89664132483733	-3.8648379219149958e-005	2.3372418828155453e-006	-1	
148.53565796612011	319.43661795357872	-3.9015447806650747e-005	2.3498919424225457e-006	-1	
149.23467482395083	313.45819065847223	-3.9370425929813376e-005	2.3624365654611023e-006	-1	
140.97782835582845	327.55832346347665	-3.8303461830390956e-005	2.3251119798893655e-006	-1	
79.711586216629286	376.41716424801103	-3.3638113307260512e-005	2.1549607836638242e-006	-1	
84.490323758308747	372.2719076855978	-3.3985484732951831e-005	2.1681312213581489e-006	-1	
73.634240642576898	384.67053390519766	-3.3186838338404336e-005	2.1376398017325606e-006	-1	
79.177010427672869	382.72063259379883	-3.356285506274648e-005	2.1518276997341833e-006	-1	
92.351188587713366	369.65618852598936	-3.4516441239305645e-005	2.1878926959084667e-006	-1	
95.680333095231745	364.90059062672015	-3.4783939004308576e-005	2.1980199181624639e-006	-1	
166.06580199333868	281.69805259232822	-4.2265997341295477e-005	2.4606896003027482e-006	-1	
164.80127974142243	271.22079396647013	-4.3194786937799538e-005	2.4920364578310596e-006	-1	
168.11571562049872	265.8833912280241	-4.3830506645254862e-005	2.5128607476752027e-006	-1	
170.16438725708539	285.62521375295495	-4.20509150961575e-005	2.4530492408322352e-006	-1	
169.33252494054074	291.24028285600701	-4.1572304340095579e-005	2.4368846816028462e-006	-1	
169.25062567909188	297.11814128076924	-4.1120727303742689e-005	2.4214950645774396e-006	-1	
165.5284684552567	301.66802839493215	-4.0690696269864618e-005	2.4070122124769149e-006	-1	
155.54483002916407	310.66981156076957	-3.977734800962529e-005	2.3761400885773929e-006	-1	
160.91974002245996	311.07100452980347	-3.9936301581018769e-005	2.3812415714105885e-006	-1	
165.57015903640371	308.34626303212252	-4.0250566232461556e-005	2.3918132587314084e-006	-1	
173.1105064060292	262.40285670285641	-4.4336530224940963e-005	2.529109552827239e-006	-1	
176.84147687765198	256.06568409060384	-4.5117173976884862e-005	2.5544720489801511e-006	-1	
179.68087205120335	249.2820469816468	-4.596013456367509e-005	2.5817864762768511e-006	-1	
186.06242619317874	242.74054783674302	-4.6853902262749079e-005	2.6104649031418061e-006	-1	
47.334034313830685	395.31360815773581	-3.1336615752971912e-005	2.0666435741862114e-006	-1	
37.471220634665301	400	-3.0625927697543539e-005	2.0388803291214173e-006	-1	
43.716424073776182	400	-3.1076091657297392e-005	2.0564777557372389e-006	-1	
63.293650222540712	388.83387436806777	-3.2469213511816433e-005	2.1103199272978057e-006	-1	
70.828991875661529	389.83338112068714	-3.2981105057622895e-005	2.1297092605551529e-006	-1	
58.498658404989257	394.13069097246449	-3.2127023295153789e-005	2.0971230171000301e-006	-1	
49.961627512887063	400	-3.1521984408694532e-005	2.0737782235944429e-006	-1	
56.206830951997944	400	-3.1963143995801162e-005	2.0907776754917615e-006	-1	
200	243.71642407377621	-4.6816462701961002e-005	2.6089991103818233e-006	-1	
193.28015210749138	245.8706047008761	-4.6533292022461439e-005	2.5998791124275855e-006	-1	
110.94073327510695	359.89712962237024	-3.5770649435571562e-005	2.2340906531090532e-006	-1	
103.57164436665254	367.0799198375301	-3.5226886493344713e-005	2.2140002960562486e-006	-1	
115.87843297009528	357.13836238112077	-3.6096190234870562e-005	2.2459139611166408e-006	-1	
121.50883520081729	357.67710693056847	-3.6381233822518357e-005	2.2560255413549706e-006	-1	
124.8038807013274	352.1237043675826	-3.6680207026826042e-005	2.2669616095237912e-006	-1	
131.92229746823321	352.22237266150393	-3.7018196377010712e-005	2.2788330286165244e-006	-1	
138.39836563911845	342.64032340324661	-3.7597932774376862e-005	2.2996474927245328e-006	-1	
141.82524221004593	347.64246119191415	-3.7581147343275999e-005	2.2987367966545525e-006	-1	
138.92068942670144	352.27197329130757	-3.732177559170254e-005	2.2894486308437851e-006	-1	
144.45803213917387	342.85317874683477	-3.7840482181328296e-005	2.3079847187460137e-006	-1	
141.76952799779232	333.02963272466036	-3.8101634419857841e-005	2.3177140534561568e-006	-1	
148.38537222754937	326.54734663012346	-3.8657164248768733e-005	2.3371209234604287e-006	-1	
153.40700524041574	316.1459575748504	-3.9382045210155881e-005	2.3624278561573066e-006	-1	
153.67285177502089	321.79049807780189	-3.909062740743689e-005	2.3521056156407695e-006	-1	
83.753903460876202	380.98811592527397	-3.3870197643378937e-005	2.1633758106882304e-006	-1	
89.878247657483783	375.34416036186758	-3.4303675293834828e-005	2.1797322358686901e-006	-1	
78.938785570814275	390.89631839673456	-3.3514847557488336e-005	2.1497716888489989e-006	-1	
83.064145444971189	385.83309247047998	-3.3800390907148849e-005	2.1605970353799956e-006	-1	
98.418970646314477	370.36084567288327	-3.4879124130308506e-005	2.2011399050556647e-006	-1	
171.31137870089768	278.73892010773579	-4.2682264462168496e-005	2.4742242003019805e-006	-1	
173.46425407798935	268.23469754557402	-4.3742135970863592e-005	2.5094219062863155e-006	-1	
175.0174132735348	273.86703289989191	-4.3231799294886239e-005	2.4923054345549767e-006	-1	
175.31461296329655	283.23854848090303	-4.2380931183599153e-005	2.4638095626747119e-006	-1	
178.5493623091491	288.05860941139235	-4.2042951066791051e-005	2.4522308844016095e-006	-1	
178.7243177085052	293.86084874740385	-4.1583301601599704e-005	2.4366759647231353e-006	-1	
174.64530531928338	297.40277517256123	-4.122819318173222e-005	2.4248308574293806e-006	-1	
172.18464170058402	302.21200790016576	-4.0829285673523477e-005	2.4113367465009444e-006	-1	
159.28533267210241	316.2070853165057	-3.958362178460135e-005	2.3690380037738645e-006	-1	
165.46123356772691	313.49124928440051	-3.9929215347243737e-005	2.3806803503820877e-006	-1	
170.22875056109635	311.01853711371825	-4.0202851112232442e-005	2.3898944140427011e-006	-1	
178.44228040140516	261.27502607743367	-4.4576519176843025e-005	2.5366159761554089e-006	-1	
181.56039831262839	254.05480619090733	-4.5437127621035239e-005	2.5646271958220896e-006	-1	
182.39670255674613	258.69937561246132	-4.4929593134495854e-005	2.547972181863884e-006	-1	
186.27097137517291	249.44330799229877	-4.6041796297408683e-005	2.5841125053469768e-006	-1	
65.574636110664272	394.03844316963404	-3.2616535263484598e-005	2.1158039259961445e-006	-1	
74.365775012046583	394.3178537628757	-3.3208288870880244e-005	2.1381955215110314e-006	-1	
62.452034391108832	400	-3.2397724761706665e-005	2.1074159421548744e-006	-1	
200	249.96162751288708	-4.606501248443364e-005	2.5846009270718516e-006	-1	
194.12265259351358	252.05119515951515	-4.5805714102151305e-005	2.5762054750637541e-006	-1	
110.71378433885997	367.03579925951857	-3.563437158002475e-005	2.2287487265869611e-006	-1	
117.83033052934066	366.43009279037562	-3.6022768942754178e-005	2.2427525463851619e-006	-1	
107.16966135204461	371.41997920838531	-3.5375795056448119e-005	2.2191757757561279e-006	-1	
122.17442786720223	363.10627881931117	-3.6304228324079949e-005	2.2529868874602106e-006	-1	
127.56596944080368	356.57321771860825	-3.6704711653914658e-005	2.2675469663585268e-006	-1	
133.17709135141229	359.10753370083813	-3.69039282506191e-005	2.2744505152226902e-006	-1	
144.58133825002614	352.36186197676699	-3.7545371883786719e-005	2.2972413112500109e-006	-1	
149.96375977822518	350.60670854485284	-3.7792431434382767e-005	2.3059013380895668e-006	-1	
141.93386239439917	357.36604988997061	-3.731030904380283e-005	2.2888133378844583e-006	-1	
151.70513340428579	344.3272033137514	-3.8058125002479478e-005	2.3153881419498784e-006	-1	
148.81627970636171	338.48604825974365	-3.8167968451689159e-005	2.3195157580362257e-006	-1	
151.25997043366522	332.82084515857679	-3.8487662828315413e-005	2.3308193030584546e-006	-1	
155.45334092607877	327.340357721636	-3.8881318278352928e-005	2.3445493172488797e-006	-1	
159.21584860115527	322.88899616832629	-3.922199648973276e-005	2.3563410533825679e-006	-1	
88.647558310319113	380.94681146273717	-3.4181560962509717e-005	2.1749421817665027e-006	-1	
87.97739785714495	386.64375631013581	-3.4106999467347679e-005	2.1719812851487156e-006	-1	
94.255110353400681	379.73864934140084	-3.4534185599049935e-005	2.188019746480996e-006	-1	
81.187644708441482	400	-3.3647356903492916e-005	2.1546386236972268e-006	-1	
84.340863663690342	390.6463258656778	-3.3863378712785576e-005	2.1628180902255611e-006	-1	
84.38157464309694	395.82075417246688	-3.3854830990554774e-005	2.1624241942918542e-006	-1	
106.25651200357187	376.98307185880037	-3.5260597288880544e-005	2.2147444051439213e-006	-1	
100.70897708046743	380.33453981550241	-3.4912536415945144e-005	2.2018976665838372e-006	-1	
177.3286589039939	278.4842065162602	-4.2847795823480688e-005	2.479338460382896e-006	-1	
179.25689753973089	269.66764756510645	-4.3726753758947966e-005	2.5084893030848376e-006	-1	
182.25326452233588	276.93230185688253	-4.3081034999546104e-005	2.4868568894117657e-006	-1	
181.47220082229077	283.04327236088233	-4.2520219877774577e-005	2.4681373766300606e-006	-1	
184.7442452013108	288.30950918879086	-4.2121981798250479e-005	2.4546264293032626e-006	-1	
179.81735515072921	299.23936411399427	-4.119773573956639e-005	2.423542412302535e-006	-1	
185.89980990272446	293.89376643698233	-4.1690783623931493e-005	2.4400394270101296e-006	-1	
178.08995686362445	304.44889898348703	-4.0801543716790325e-005	2.4100974665776391e-006	-1	
176.89786233193863	310.65013591824464	-4.0370900160413529e-005	2.3953773337353904e-006	-1	
165.51008280772754	318.63715659464305	-3.9635303080523985e-005	2.3704479064786767e-006	-1	
172.6558700296483	315.80942584614388	-3.9973359309784222e-005	2.3818385987284367e-006	-1	
182.63916349093074	264.75151686417007	-4.4285633875287071e-005	2.5267828051981793e-006	-1	
186.29213278394445	256.03534609960053	-4.5281685857209976e-005	2.5593211748995678e-006	-1	
187.19666338106396	261.5380069030407	-4.4689171401794876e-005	2.5398615177866082e-006	-1	
68.69723783021972	400	-3.2823806124700731e-005	2.1236151274308787e-006	-1	
74.942441269330601	400	-3.3241424475846009e-005	2.139399679994542e-006	-1	
200	256.20683095199792	-4.5348563013703611e-005	2.5612328529088595e-006	-1	
192.01158286559865	257.92085358997332	-4.5128319981257276e-005	2.5541202607968916e-006	-1	
114.84310696447049	373.44230206943837	-3.5765443218550485e-005	2.2331905366751586e-006	-1	
119.49442744269085	371.28139142678469	-3.603255115211222e-005	2.2428955613469748e-006	-1	
122.99600473080058	367.90245257690503	-3.6257799216590866e-005	2.2511082358800328e-006	-1	
110.74906068067251	378.82246254760503	-3.5486872807289644e-005	2.2229079092266073e-006	-1	
127.55921422315505	364.06700609372552	-3.6543942374295703e-005	2.2614731771226244e-006	-1	
133.47294117209105	364.22992107098611	-3.6806550175750715e-005	2.2707928499366153e-006	-1	
141.09902654547284	363.22539087950673	-3.7141570790886706e-005	2.2826630465848798e-006	-1	
147.47095838399187	359.45635984984432	-3.7462213210838777e-005	2.294055972857444e-006	-1	
153.94807937125685	355.87111035035036	-3.7771777694930347e-005	2.304979208609028e-006	-1	
158.3012423840641	348.43650360409333	-3.8126454218669832e-005	2.3175360562352729e-006	-1	
154.98252233498974	338.69486012020673	-3.8373909143469472e-005	2.3265229894490066e-006	-1	
158.1534999690696	332.50564811287717	-3.8731888107941699e-005	2.3390899899461169e-006	-1	
163.64061284268004	325.99926268307377	-3.9198065787654031e-005	2.3552484728612724e-006	-1	
93.10888942774136	388.10998328106967	-3.4414932909786693e-005	2.1833522106282191e-006	-1	
88.973773756008157	393.4357860399079	-3.4144841858104431e-005	2.1732437096278715e-006	-1	
97.067138495420977	384.53027776418571	-3.4669908053175177e-005	2.1928533894440647e-006	-1	
87.432848147552363	400	-3.4042354489662224e-005	2.1693908185861916e-006	-1	
105.94081242735363	384.16016134552035	-3.5180181616667572e-005	2.2115784436361437e-006	-1	
101.60942869447425	386.8734986537811	-3.4920498607569482e-005	2.2020063470774159e-006	-1	
188.8314055899327	272.63329299805679	-4.3575552593110961e-005	2.5030422727825238e-006	-1	
187.72651757391125	267.12801172717263	-4.4110430298045021e-005	2.5207836046672124e-006	-1	
189.97550122243595	281.56621969424657	-4.2757797355495985e-005	2.4757861758687056e-006	-1	
190.52310972778807	290.55544986710777	-4.2000714346342927e-005	2.4503810469557051e-006	-1	
185.38148034984681	299.57272701685486	-4.1256879819948199e-005	2.4253588379206289e-006	-1	
193.703619650192	300.01306306304713	-4.1298859122676486e-005	2.4266142685729626e-006	-1	
194.48012592013771	294.48833603318053	-4.1715442496857911e-005	2.4407024778572001e-006	-1	
183.25446286315062	308.08267204661797	-4.0639834961240998e-005	2.4043909251956665e-006	-1	
182.09941777112442	314.8401946607791	-4.0203759087686583e-005	2.3894609321079729e-006	-1	
172.46387627628303	321.21348365416878	-3.966473786266013e-005	2.3711498275863497e-006	-1	
169.01321992717573	325.37685646406362	-3.9368618840777355e-005	2.3609735313650011e-006	-1	
180.97675232748259	320.37920930073017	-3.9867234639643899e-005	2.3778902611489133e-006	-1	
193.47209476929174	263.76329766004852	-4.4508172826396235e-005	2.5337365757422327e-006	-1	
200	262.45203439110878	-4.4666898747431128e-005	2.5388921067875961e-006	-1	
120.77660533941689	378.22646141402544	-3.6007441268268998e-005	2.2417667319783789e-006	-1	
115.59743582113633	378.57831050580972	-3.5744348952000252e-005	2.2322519045708081e-006	-1	
124.46609038704693	372.54110749176238	-3.6257067098202132e-005	2.2509135461103499e-006	-1	
127.76449775970926	368.94349626582863	-3.6464937660581119e-005	2.2584667201516604e-006	-1	
113.04606091056743	383.0991600662569	-3.5571832625794065e-005	2.2258807854087974e-006	-1	
137.67009876697452	367.18123393307974	-3.6924301579469101e-005	2.274859208058047e-006	-1	
132.89552475762008	369.32825116725752	-3.6686821944601487e-005	2.2663631661031089e-006	-1	
148.97780508232594	365.17334771255878	-3.7385549121152244e-005	2.2911979504363212e-006	-1	
142.84608807126446	368.2037652783784	-3.7106837652804623e-005	2.2812939698013903e-006	-1	
154.23429160766281	362.46707969115789	-3.761434255412429e-005	2.2992922137999563e-006	-1	
160.21835152288335	357.93809272416939	-3.7900552698837103e-005	2.3093981783230209e-006	-1	
161.21070558185042	352.79366877085869	-3.8073212384373231e-005	2.3155360742231321e-006	-1	
164.06062919217968	345.94955413751336	-3.8370427048747588e-005	2.3260228590690538e-006	-1	
161.74394822790342	340.32107176760792	-3.851600456616767e-005	2.3312681700148506e-006	-1	
163.80740033887338	331.40522960092937	-3.8946837186275887e-005	2.3464056907458415e-006	-1	
165.54957707241337	336.89543274127095	-3.875415277102073e-005	2.3395432522540358e-006	-1	
95.684849316398484	392.78400274202886	-3.4551675503914884e-005	2.1883201030725937e-006	-1	
93.678051586663244	400	-3.4422209318290406e-005	2.1834838273784707e-006	-1	
112.2677942362089	388.66446930475661	-3.5494047369106233e-005	2.2229390406022621e-006	-1	
108.12615534948364	392.46252055092384	-3.5257189991970349e-005	2.2142434481902173e-006	-1	
103.04585674532956	395.16599750977917	-3.4970241536205762e-005	2.203705632798923e-006	-1	
192.67933935579356	268.99751407610586	-4.3966663541136389e-005	2.5158936862516163e-006	-1	
194.26278499687712	274.52748047346296	-4.3435356675732237e-005	2.4982678782895671e-006	-1	
195.09852716138354	284.3102464279969	-4.2550145415707359e-005	2.4687522325183858e-006	-1	
200	287.43284814755236	-4.2300373465255437e-005	2.4603419479072428e-006	-1	
189.31721129253197	304.53101533292096	-4.0949122542971901e-005	2.4147987421992603e-006	-1	
200	299.9232550257741	-4.131846306808816e-005	2.4272486656481675e-006	-1	
195.46021140777376	306.06011659267654	-4.0887499874026656e-005	2.4126128131617695e-006	-1	
200	293.67805158666323	-4.1792579508031008e-005	2.4432691840842793e-006	-1	
189.52304632954369	310.85811838376384	-4.0532966357055002e-005	2.4005935140393141e-006	-1	
186.01478512361817	318.51705406441448	-4.0036399590782074e-005	2.3836180248593705e-006	-1	
176.90493243315666	324.29856430227204	-3.9587324662673541e-005	2.3683140527207712e-006	-1	
173.95621117069544	329.57159058237738	-3.927154929473626e-005	2.3574116663397206e-006	-1	
169.23313431766056	333.33885859443853	-3.8996668192318246e-005	2.3479428346853794e-006	-1	
183.20114550757233	325.57470117930239	-3.9620514182271817e-005	2.3693151731732786e-006	-1	
200	268.69723783021971	-4.4021567456162345e-005	2.5176325267812912e-006	-1	
127.4839420741971	377.2532281098558	-3.6332541895392257e-005	2.2534849411694362e-006	-1	
122.00664558850102	384.89148580435671	-3.600478603170754e-005	2.2415255278617171e-006	-1	
117.02677853634714	386.49290550375952	-3.5748673001165495e-005	2.2322258568188138e-006	-1	
133.01326801099407	376.39412147517066	-3.6586613557790375e-005	2.262599260447288e-006	-1	
137.13411299741782	372.38882063226117	-3.6814488539979572e-005	2.2708220243219591e-006	-1	
147.85855558791189	370.97867438415619	-3.7235086962990545e-005	2.2857647050935077e-006	-1	
153.89768267817914	369.96423851598564	-3.7449029459579423e-005	2.2933330985659782e-006	-1	
142.25408282024776	373.44647120309037	-3.6996705842216269e-005	2.2772715032491127e-006	-1	
161.44978273828727	364.53042255165889	-3.7772498891368812e-005	2.304784579508991e-006	-1	
166.72122861482941	360.38469055798578	-3.7997545552219084e-005	2.3127136941717993e-006	-1	
166.31311943425354	351.60403131829116	-3.8237976816514103e-005	2.3212658596292956e-006	-1	
169.79554337131967	343.91053872892155	-3.8579128606637788e-005	2.33324340381491e-006	-1	
170.38544118207344	338.57835637406936	-3.8798244660214916e-005	2.3409456997133489e-006	-1	
99.923255025774125	400	-3.4787503450401299e-005	2.1969644512727084e-006	-1	
115.53626362355133	393.23562602932338	-3.5642796442433165e-005	2.2282968859286314e-006	-1	
106.16845846488502	400	-3.513784550339863e-005	2.2098323862774367e-006	-1	
112.41366190399589	400	-3.5470625855367454e-005	2.2219932200086004e-006	-1	
200	274.94244126933057	-4.3412068735490475e-005	2.4974478799352918e-006	-1	
200	281.18764470844144	-4.2840196010456004e-005	2.478402651273436e-006	-1	
200	312.41366190399583	-4.0476814546656236e-005	2.398596476465302e-006	-1	
194.4656629006586	313.62857902704366	-4.0391899672188792e-005	2.3957075878048366e-006	-1	
192.23074224067977	318.83530932432444	-4.0072604693421534e-005	2.3847720580088546e-006	-1	
187.99573711577835	323.39646497653223	-3.9788690494356929e-005	2.3750452523107395e-006	-1	
183.27733998577295	331.99848657491231	-3.9307949421847322e-005	2.3584683069042669e-006	-1	
177.77179851304874	334.25571872614614	-3.9123774538663991e-005	2.3521638192667242e-006	-1	
175.73752856797478	338.94619969153598	-3.8887572685264135e-005	2.3439495598873327e-006	-1	
188.51803163235843	329.18046688763906	-3.9499296937182947e-005	2.3650330680875344e-006	-1	
130.85450239312266	381.71986360669007	-3.6435575507564692e-005	2.2570921856754782e-006	-1	
120.79996384767188	389.68266941140996	-3.5915910493936747e-005	2.2382406589289388e-006	-1	
127.86277153920359	387.30106824054883	-3.625653132964881e-005	2.2505677536207001e-006	-1	
138.67382630847248	377.38501905070154	-3.6804533719058507e-005	2.2703625239894958e-006	-1	
151.94798907820748	375.53681763239655	-3.7298440184930967e-005	2.2879344233185854e-006	-1	
143.80797442113166	378.78891327581596	-3.6977849892394798e-005	2.2765103753103857e-006	-1	
159.92852939251796	377.04869044681323	-3.7503257806224085e-005	2.295153390588625e-006	-1	
163.1413879246376	371.0199300280542	-3.7683600495362357e-005	2.3015706700749533e-006	-1	
170.68117732012533	366.09363596714996	-3.7948794377567411e-005	2.3109229559808092e-006	-1	
171.03541201767152	353.99687532359553	-3.8267800240283386e-005	2.3222259712406487e-006	-1	
173.46223176219257	358.70179781017572	-3.8180377163614309e-005	2.3190984502780598e-006	-1	
175.03758839812619	350.53157102283694	-3.8452442200414981e-005	2.3286765625504657e-006	-1	
178.22578755079286	343.41245462498307	-3.8756808728784122e-005	2.3393197939673662e-006	-1	
118.65886534310678	400	-3.578483292014706e-005	2.2334236116473524e-006	-1	
124.30391739461687	393.1660342675508	-3.6066356226370182e-005	2.2436504742964348e-006	-1	
200	318.65886534310675	-4.0106619664905866e-005	2.3859032494761453e-006	-1	
193.91277542495018	324.82781912061358	-3.9753150938199992e-005	2.373760156152905e-006	-1	
188.163665911149	335.39405763784828	-3.9206902503108227e-005	2.354895057597408e-006	-1	
180.84387462520272	338.69302812925429	-3.8980518994370364e-005	2.3471058728320647e-006	-1	
194.09670854224126	333.51435281711292	-3.9329179996505814e-005	2.3590961808495233e-006	-1	
139.75184709884755	382.59733782582941	-3.6788870100997228e-005	2.2697237321980348e-006	-1	
135.12042731964198	387.37491493882379	-3.6563397019648238e-005	2.2615949960467911e-006	-1	
131.14927222132854	392.71394288658399	-3.6371188955177075e-005	2.2546468190600141e-006	-1	
155.05077777572637	380.55953058865629	-3.732273369714276e-005	2.2887372605806795e-006	-1	
149.04204147185115	380.67592374645403	-3.7135885106756215e-005	2.2821057737208774e-006	-1	
147.8654854605133	387.51347615674689	-3.7033208005305921e-005	2.2783913812525344e-006	-1	
166.32603690210124	379.44458480989243	-3.7623635539175949e-005	2.2993840080346246e-006	-1	
160.06083381298518	383.87883741994148	-3.7423123241614597e-005	2.292268883684475e-006	-1	
171.66484257175932	373.92983005748289	-3.781678378467176e-005	2.3062214175408743e-006	-1	
178.21380488418222	363.7202297377296	-3.8132764145534921e-005	2.3173678840456568e-006	-1	
179.27109986285879	370.54988810935936	-3.8002688836602843e-005	2.3127627572158532e-006	-1	
181.11654401349904	356.21317756617094	-3.8370492891966628e-005	2.3257222619219807e-006	-1	
183.2751410210756	349.35808004670281	-3.8612844637168037e-005	2.3342130821864915e-006	-1	
185.67510455972965	341.09856002418098	-3.8942958654916539e-005	2.3457321240342022e-006	-1	
124.90406878221766	400	-3.6081048042518134e-005	2.2441554860166155e-006	-1	
200	324.90406878221762	-3.9764484386095884e-005	2.374129336590116e-006	-1	
200	331.14927222132849	-3.9454582243384222e-005	2.3634213626974798e-006	-1	
193.16608938761294	340.51707737999482	-3.9024133541184165e-005	2.3485040904963332e-006	-1	
200	337.39447566043941	-3.9172678879807036e-005	2.3536495888466239e-006	-1	
141.66050511473492	388.60075125577509	-3.680899056406715e-005	2.270381783795247e-006	-1	
140.51707737999487	394.79562988637713	-3.6737854379882222e-005	2.2678011595096455e-006	-1	
131.14927222132854	400	-3.6356070286531155e-005	2.2540777367245366e-006	-1	
137.39447566043944	400	-3.6608877261189451e-005	2.2631637817889871e-006	-1	
154.72737196456481	386.48833196355667	-3.7254859928686079e-005	2.2862844982666637e-006	-1	
153.00748425821664	392.17140009083306	-3.7167428651191479e-005	2.2831495761212964e-006	-1	
146.55004770940698	394.13277335365325	-3.6953948444037585e-005	2.2755312700449861e-006	-1	
171.39649438913673	381.21296676785806	-3.7705837474902149e-005	2.3022749530847792e-006	-1	
165.76093472265859	387.09938888866452	-3.753218130008003e-005	2.2961169667894375e-006	-1	
161.40836823900563	392.85166943315403	-3.739398560752768e-005	2.291201588161813e-006	-1	
179.73019991973646	375.98632425891401	-3.7914432009042048e-005	2.3096373492324425e-006	-1	
176.72404005087594	380.53919299337832	-3.7804656674293724e-005	2.3057590719771862e-006	-1	
184.97556514580461	365.14876195978519	-3.8183831292785019e-005	2.3191281131938699e-006	-1	
183.75376765848247	372.90893584623393	-3.801264012512109e-005	2.3130958895974824e-006	-1	
188.40830091369511	360.04963960261694	-3.834231739429133e-005	2.3246882117655916e-006	-1	
188.83084578914074	353.91725185445853	-3.8521032322915069e-005	2.330956157334046e-006	-1	
190.38325702347444	348.29667063512892	-3.8717875783194042e-005	2.33783560623206e-006	-1	
200	343.63967909955028	-3.8921162817511612e-005	2.344901444833535e-006	-1	
143.63967909955034	400	-3.6842905922889084e-005	2.2715521247346833e-006	-1	
156.13008597777207	400	-3.7237622514042182e-005	2.285635019119908e-006	-1	
149.8848825386612	400	-3.7051910971778936e-005	2.279018504897807e-006	-1	
172.28130250938401	386.50955325987701	-3.7667895101577464e-005	2.3009176690219677e-006	-1	
168.62049285599383	392.98887353719107	-3.7557056361370967e-005	2.2969844483477046e-006	-1	
162.37528941688296	400	-3.7401280838591575e-005	2.2914532187923315e-006	-1	
182.27023165721494	380.81476599958069	-3.7877545077309775e-005	2.3083245114607936e-006	-1	
186.47155101901328	377.1836370516981	-3.7970944736969892e-005	2.3116167265451728e-006	-1	
179.70168433039271	387.07616794801288	-3.7780926231801436e-005	2.3049079071280474e-006	-1	
188.96583020393825	371.91565730505147	-3.8078262043557247e-005	2.3153970001757924e-006	-1	
192.74031024406867	365.13001671244933	-3.8244669811462041e-005	2.3212454987390701e-006	-1	
194.66261969789542	359.25268769732742	-3.8399364769924054e-005	2.3266729970285949e-006	-1	
194.57684358983477	352.34818215479766	-3.860147588995247e-005	2.3337530920827489e-006	-1	
200	349.88488253866115	-3.8696157756739201e-005	2.3370525172733965e-006	-1	
177.98829801466016	393.62344960248726	-3.7716403830367329e-005	2.3026223996934763e-006	-1	
168.62049285599386	400	-3.7540380466549978e-005	2.296388288616136e-006	-1	
174.86569629510473	400	-3.7653017237842264e-005	2.3003773171781956e-006	-1	
186.09090742101793	384.84448292808338	-3.7871300169980835e-005	2.3080974391482427e-006	-1	
192.2142750158134	382.26837600143773	-3.7944791479280886e-005	2.3106872413346864e-006	-1	
194.09952387063697	377.98829801466013	-3.8009431201716004e-005	2.312965304064419e-006	-1	
185.08622253887515	393.79810331569729	-3.7799709472248442e-005	2.3055656786348789e-006	-1	
194.92340422725098	371.74309457554926	-3.8114741164324373e-005	2.316673636220195e-006	-1	
200	368.6204928559938	-3.8185995064476436e-005	2.319177259247204e-006	-1	
200	362.37528941688294	-3.8328493168956041e-005	2.3241824152081892e-006	-1	
200	356.13008597777207	-3.8497938132245811e-005	2.3301218560908905e-006	-1	
181.11089973421559	400	-3.7743131116924414e-005	2.3035652790126621e-006	-1	
189.10871399077507	390.76265841602157	-3.7850261509106103e-005	2.3073511254630684e-006	-1	
192.39433954361786	386.94179098229898	-3.7898595739099811e-005	2.3090569709004244e-006	-1	
196.45827227949113	384.233501453771	-3.7938698690441693e-005	2.3104709296665917e-006	-1	
200	381.11089973421559	-3.7978849883376919e-005	2.3118860547094776e-006	-1	
200	374.86569629510473	-3.8069086324901814e-005	2.31506471260631e-006	-1	
187.35610317332649	400	-3.7807715684420268e-005	2.3058476339776093e-006	-1	
190.47870489288192	397.61084703107446	-3.7832279176556831e-005	2.3067152545490988e-006	-1	
194.05562974290478	391.72306862052068	-3.7872277264570989e-005	2.3081275837905174e-006	-1	
197.0545384721502	388.91740403310422	-3.7899036038437463e-005	2.3090717111301704e-006	-1	
200	387.35610317332646	-3.791379532490076e-005	2.3095923161080598e-006	-1	
193.60130661243738	400	-3.7848114683976563e-005	2.3072743663322913e-006	-1	
194.4102877619485	397.57411078795042	-3.7852737678473078e-005	2.3074375627506722e-006	-1	
198.14795788195875	392.06666394315289	-3.7881760946421643e-005	2.3084620447576201e-006	-1	
196.622561861816	394.92869911081897	-3.7867098386397555e-005	2.3079445501193978e-006	-1	
200	390.47870489288192	-3.7891723292698609e-005	2.3088135800906693e-006	-1	
195.16260747221509	400	-3.7853740135563784e-005	2.3074729534720328e-006	-1	
196.6716488034269	397.25262321545529	-3.7860673785739564e-005	2.3077177273631349e-006	-1	
196.45362176287989	398.59484296625328	-3.785823072817258e-005	2.3076314796336142e-006	-1	
200	393.60130661243744	-3.7875676791415356e-005	2.3082472969488525e-006	-1	
198.79957586383745	394.38195704232623	-3.7872190895090689e-005	2.3081242655136558e-006	-1	
197.97628617589837	396.86920311140119	-3.7863891778866104e-005	2.3078313222685337e-006	-1	
198.81768757240826	395.81377587387578	-3.7867566410036415e-005	2.3079610319495006e-006	-1	
196.72390833199282	400	-3.7858184297170213e-005	2.3076298397587641e-006	-1	
197.77543493919424	398.0468182899362	-3.7861511834821687e-005	2.3077473069234893e-006	-1	
197.77120374881579	399.15296376793327	-3.7860417254812956e-005	2.3077086661542073e-006	-1	
200	395.16260747221509	-3.7869916468717843e-005	2.3080439813008135e-006	-1	
198.76195169811987	397.16239608582453	-3.7864200197768887e-005	2.3078422066106076e-006	-1	
198.48032779507093	397.95228241327322	-3.78625638501744e-005	2.3077844430069835e-006	-1	
200	396.72390833199279	-3.7865628539782901e-005	2.307892625058235e-006	-1	
198.28520919177055	400	-3.7860937716830434e-005	2.3077270388842782e-006	-1	
198.40063286865956	398.95934405420689	-3.7861396123135645e-005	2.3077432211084485e-006	-1	
198.675534406715	399.55775758582649	-3.7861405913492836e-005	2.3077435666732677e-006	-1	
199.18829616608386	397.88451991709962	-3.7863249855963793e-005	2.3078086587598618e-006	-1	
198.91826656181331	398.51265782924582	-3.7862299667102525e-005	2.3077751168003382e-006	-1	
200	398.28520919177049	-3.7862895181536073e-005	2.3077961385642912e-006	-1	
199.0658596216594	400	-3.786163873206045e-005	2.307751785396896e-006	-1	
199.0177907092619	399.18909568147808	-3.7861820161628149e-005	2.3077581899693208e-006	-1	
199.26102222913161	399.62942442695442	-3.7861792158849837e-005	2.3077572015130595e-006	-1	
199.62842238212772	398.67553440671492	-3.786246700272219e-005	2.3077810237779515e-006	-1	
200	399.06585962165934	-3.7862206839335269e-005	2.3077718399685176e-006	-1	
199.45618483660382	400	-3.7861825296331311e-005	2.3077583713413289e-006	-1	
199.52062464819585	399.20355272844648	-3.7862055844974645e-005	2.3077665098068295e-006	-1	
199.67712266936709	399.67712266936707	-3.786192174214181e-005	2.3077617759739605e-006	-1	
200	399.45618483660382	-3.7862024151519541e-005	2.3077653911230248e-006	-1	
199.84651005154825	400	-3.7861913054078649e-005	2.3077614693628626e-006	-1	
200	399.84651005154831	-3.7861932502579659e-005	2.3077621559657995e-006	-1	
200	400	-3.7861922778565313e-005	2.3077618127587515e-006	-1	
13596
1	0	2	1	-1	-1	-1
4	1	2	1	-1	-1	-1
3	1	4	1	-1	-1	-1
2	5	4	1	-1	-1	-1
3	4	7	1	-1	-1	-1
3	7	6	1	-1	-1	-1
8	4	5	1	-1	-1	-1
4	8	7	1	-1	-1	-1
5	9	8	1	-1	-1	-1
6	7	11	1	-1	-1	-1
11	10	6	1	-1	-1	-1
7	8	12	1	-1	-1	-1
13	8	9	1	-1	-1	-1
12	11	7	1	-1	-1	-1
12	8	13	1	-1	-1	-1
13	9	14	1	-1	-1	-1
16	10	11	1	-1	-1	-1
17	11	12	1	-1	-1	-1
15	10	16	1	-1	-1	-1
12	13	17	1	-1	-1	-1
11	17	16	1	-1	-1	-1
14	19	13	1	-1	-1	-1
13	18	17	1	-1	-1	-1
13	19	18	1	-1	-1	-1
16	17	18	1	-1	-1	-1
14	20	19	1	-1	-1	-1
22	15	16	1	-1	-1	-1
16	18	22	1	-1	-1	-1
15	22	21	1	-1	-1	-1
19	23	18	1	-1	-1	-1
24	19	20	1	-1	-1	-1
22	18	23	1	-1	-1	-1
23	19	24	1	-1	-1	-1
24	20	25	1	-1	-1	-1
21	22	27	1	-1	-1	-1
27	22	23	1	-1	-1	-1
27	26	21	1	-1	-1	-1
28	23	24	1	-1	-1	-1
29	24	25	1	-1	-1	-1
23	28	27	1	-1	-1	-1
28	24	29	1	-1	-1	-1
30	29	25	1	-1	-1	-1
27	33	26	1	-1	-1	-1
30	25	31	1	-1	-1	-1
27	28	33	1	-1	-1	-1
32	26	33	1	-1	-1	-1
34	28	29	1	-1	-1	-1
29	30	35	1	-1	-1	-1
34	33	28	1	-1	-1	-1
31	36	30	1	-1	-1	-1
35	34	29	1	-1	-1	-1
35	30	36	1	-1	-1	-1
33	40	32	1	-1	-1	-1
31	38	36	1	-1	-1	-1
31	37	38	1	-1	-1	-1
40	33	34	1	-1	-1	-1
41	34	35	1	-1	-1	-1
32	40	39	1	-1	-1	-1
42	35	36	1	-1	-1	-1
41	40	34	1	-1	-1	-1
36	38	43	1	-1	-1	-1
42	41	35	1	-1	-1	-1
45	38	37	1	-1	-1	-1
43	42	36	1	-1	-1	-1
37	44	45	1	-1	-1	-1
43	38	46	1	-1	-1	-1
40	48	39	1	-1	-1	-1
40	41	48	1	-1	-1	-1
38	45	46	1	-1	-1	-1
41	42	51	1	-1	-1	-1
48	47	39	1	-1	-1	-1
42	43	52	1	-1	-1	-1
48	41	49	1	-1	-1	-1
49	41	50	1	-1	-1	-1
41	51	50	1	-1	-1	-1
43	46	53	1	-1	-1	-1
47	48	49	1	-1	-1	-1
52	51	42	1	-1	-1	-1
56	45	44	1	-1	-1	-1
45	56	46	1	-1	-1	-1
52	43	54	1	-1	-1	-1
54	43	53	1	-1	-1	-1
49	58	47	1	-1	-1	-1
55	56	44	1	-1	-1	-1
57	53	46	1	-1	-1	-1
49	50	59	1	-1	-1	-1
46	56	57	1	-1	-1	-1
51	60	50	1	-1	-1	-1
62	51	52	1	-1	-1	-1
49	59	58	1	-1	-1	-1
54	62	52	1	-1	-1	-1
63	54	53	1	-1	-1	-1
61	59	50	1	-1	-1	-1
61	50	60	1	-1	-1	-1
51	62	60	1	-1	-1	-1
57	63	53	1	-1	-1	-1
56	55	68	1	-1	-1	-1
64	62	54	1	-1	-1	-1
57	56	68	1	-1	-1	-1
54	63	65	1	-1	-1	-1
65	64	54	1	-1	-1	-1
70	58	59	1	-1	-1	-1
67	66	55	1	-1	-1	-1
66	68	55	1	-1	-1	-1
57	69	63	1	-1	-1	-1
71	59	61	1	-1	-1	-1
72	61	60	1	-1	-1	-1
68	69	57	1	-1	-1	-1
62	72	60	1	-1	-1	-1
62	64	72	1	-1	-1	-1
70	59	71	1	-1	-1	-1
63	75	65	1	-1	-1	-1
71	61	73	1	-1	-1	-1
65	77	64	1	-1	-1	-1
75	63	69	1	-1	-1	-1
61	72	74	1	-1	-1	-1
61	74	73	1	-1	-1	-1
72	64	76	1	-1	-1	-1
79	66	67	1	-1	-1	-1
66	80	68	1	-1	-1	-1
64	77	76	1	-1	-1	-1
69	68	80	1	-1	-1	-1
75	78	65	1	-1	-1	-1
65	78	77	1	-1	-1	-1
84	70	71	1	-1	-1	-1
80	66	79	1	-1	-1	-1
69	83	75	1	-1	-1	-1
67	82	79	1	-1	-1	-1
73	85	71	1	-1	-1	-1
82	67	81	1	-1	-1	-1
72	86	74	1	-1	-1	-1
83	69	80	1	-1	-1	-1
74	87	73	1	-1	-1	-1
76	86	72	1	-1	-1	-1
84	71	85	1	-1	-1	-1
89	78	75	1	-1	-1	-1
76	77	90	1	-1	-1	-1
85	73	87	1	-1	-1	-1
89	75	83	1	-1	-1	-1
78	92	77	1	-1	-1	-1
88	74	86	1	-1	-1	-1
87	74	88	1	-1	-1	-1
93	80	79	1	-1	-1	-1
76	90	86	1	-1	-1	-1
82	93	79	1	-1	-1	-1
83	80	94	1	-1	-1	-1
81	95	82	1	-1	-1	-1
91	90	77	1	-1	-1	-1
92	78	89	1	-1	-1	-1
92	91	77	1	-1	-1	-1
94	80	93	1	-1	-1	-1
100	84	85	1	-1	-1	-1
83	99	89	1	-1	-1	-1
82	97	93	1	-1	-1	-1
96	95	81	1	-1	-1	-1
101	85	87	1	-1	-1	-1
95	97	82	1	-1	-1	-1
98	83	94	1	-1	-1	-1
86	104	88	1	-1	-1	-1
88	104	87	1	-1	-1	-1
90	103	86	1	-1	-1	-1
89	99	92	1	-1	-1	-1
99	83	98	1	-1	-1	-1
103	90	91	1	-1	-1	-1
102	100	85	1	-1	-1	-1
85	101	102	1	-1	-1	-1
92	107	91	1	-1	-1	-1
104	86	103	1	-1	-1	-1
105	101	87	1	-1	-1	-1
106	87	104	1	-1	-1	-1
106	105	87	1	-1	-1	-1
111	94	93	1	-1	-1	-1
99	108	92	1	-1	-1	-1
103	91	107	1	-1	-1	-1
97	111	93	1	-1	-1	-1
112	98	94	1	-1	-1	-1
95	96	113	1	-1	-1	-1
95	113	97	1	-1	-1	-1
108	109	92	1	-1	-1	-1
107	92	110	1	-1	-1	-1
109	110	92	1	-1	-1	-1
98	118	99	1	-1	-1	-1
111	112	94	1	-1	-1	-1
100	102	120	1	-1	-1	-1
102	101	121	1	-1	-1	-1
113	96	115	1	-1	-1	-1
97	117	111	1	-1	-1	-1
114	115	96	1	-1	-1	-1
113	116	97	1	-1	-1	-1
99	119	108	1	-1	-1	-1
105	121	101	1	-1	-1	-1
118	98	112	1	-1	-1	-1
103	123	104	1	-1	-1	-1
116	117	97	1	-1	-1	-1
107	123	103	1	-1	-1	-1
124	106	104	1	-1	-1	-1
105	106	125	1	-1	-1	-1
119	99	118	1	-1	-1	-1
110	123	107	1	-1	-1	-1
115	116	113	1	-1	-1	-1
122	120	102	1	-1	-1	-1
128	109	108	1	-1	-1	-1
102	121	122	1	-1	-1	-1
109	129	110	1	-1	-1	-1
121	105	125	1	-1	-1	-1
124	104	123	1	-1	-1	-1
131	112	111	1	-1	-1	-1
108	119	128	1	-1	-1	-1
124	126	106	1	-1	-1	-1
106	127	125	1	-1	-1	-1
111	117	131	1	-1	-1	-1
106	126	127	1	-1	-1	-1
112	132	118	1	-1	-1	-1
115	114	134	1	-1	-1	-1
110	130	123	1	-1	-1	-1
109	128	129	1	-1	-1	-1
116	115	137	1	-1	-1	-1
130	110	129	1	-1	-1	-1
116	137	117	1	-1	-1	-1
112	131	132	1	-1	-1	-1
118	139	119	1	-1	-1	-1
114	133	134	1	-1	-1	-1
141	120	122	1	-1	-1	-1
135	115	134	1	-1	-1	-1
122	121	142	1	-1	-1	-1
115	135	136	1	-1	-1	-1
131	117	138	1	-1	-1	-1
128	119	140	1	-1	-1	-1
136	137	115	1	-1	-1	-1
143	121	125	1	-1	-1	-1
132	139	118	1	-1	-1	-1
123	144	124	1	-1	-1	-1
138	117	137	1	-1	-1	-1
126	124	145	1	-1	-1	-1
143	125	127	1	-1	-1	-1
130	144	123	1	-1	-1	-1
140	119	139	1	-1	-1	-1
146	127	126	1	-1	-1	-1
129	128	148	1	-1	-1	-1
142	141	122	1	-1	-1	-1
142	121	143	1	-1	-1	-1
129	149	130	1	-1	-1	-1
145	124	144	1	-1	-1	-1
132	131	151	1	-1	-1	-1
140	148	128	1	-1	-1	-1
143	127	147	1	-1	-1	-1
145	146	126	1	-1	-1	-1
146	147	127	1	-1	-1	-1
151	131	138	1	-1	-1	-1
154	134	133	1	-1	-1	-1
134	154	135	1	-1	-1	-1
139	132	152	1	-1	-1	-1
150	144	130	1	-1	-1	-1
136	135	155	1	-1	-1	-1
148	149	129	1	-1	-1	-1
156	137	136	1	-1	-1	-1
130	149	150	1	-1	-1	-1
138	137	158	1	-1	-1	-1
152	132	151	1	-1	-1	-1
160	140	139	1	-1	-1	-1
154	133	153	1	-1	-1	-1
154	155	135	1	-1	-1	-1
162	141	142	1	-1	-1	-1
163	142	143	1	-1	-1	-1
159	151	138	1	-1	-1	-1
155	157	136	1	-1	-1	-1
140	161	148	1	-1	-1	-1
136	157	156	1	-1	-1	-1
137	156	158	1	-1	-1	-1
139	152	160	1	-1	-1	-1
165	145	144	1	-1	-1	-1
147	164	143	1	-1	-1	-1
158	159	138	1	-1	-1	-1
146	145	167	1	-1	-1	-1
150	166	144	1	-1	-1	-1
140	160	161	1	-1	-1	-1
147	146	168	1	-1	-1	-1
162	142	163	1	-1	-1	-1
148	172	149	1	-1	-1	-1
143	164	163	1	-1	-1	-1
150	149	173	1	-1	-1	-1
166	165	144	1	-1	-1	-1
165	167	145	1	-1	-1	-1
152	151	176	1	-1	-1	-1
147	169	164	1	-1	-1	-1
161	171	148	1	-1	-1	-1
168	146	167	1	-1	-1	-1
170	147	168	1	-1	-1	-1
147	170	169	1	-1	-1	-1
176	151	159	1	-1	-1	-1
154	153	179	1	-1	-1	-1
179	155	154	1	-1	-1	-1
177	160	152	1	-1	-1	-1
171	172	148	1	-1	-1	-1
150	175	166	1	-1	-1	-1
155	180	157	1	-1	-1	-1
181	156	157	1	-1	-1	-1
149	172	174	1	-1	-1	-1
181	158	156	1	-1	-1	-1
173	149	174	1	-1	-1	-1
173	175	150	1	-1	-1	-1
177	161	160	1	-1	-1	-1
158	183	159	1	-1	-1	-1
152	176	177	1	-1	-1	-1
153	178	179	1	-1	-1	-1
187	162	163	1	-1	-1	-1
155	179	180	1	-1	-1	-1
163	164	188	1	-1	-1	-1
161	186	171	1	-1	-1	-1
157	180	182	1	-1	-1	-1
184	176	159	1	-1	-1	-1
182	181	157	1	-1	-1	-1
189	165	166	1	-1	-1	-1
165	189	167	1	-1	-1	-1
188	164	169	1	-1	-1	-1
181	183	158	1	-1	-1	-1
161	177	185	1	-1	-1	-1
167	191	168	1	-1	-1	-1
183	184	159	1	-1	-1	-1
192	170	168	1	-1	-1	-1
190	166	175	1	-1	-1	-1
161	185	186	1	-1	-1	-1
194	169	170	1	-1	-1	-1
188	187	163	1	-1	-1	-1
171	196	172	1	-1	-1	-1
172	197	174	1	-1	-1	-1
166	190	189	1	-1	-1	-1
174	198	173	1	-1	-1	-1
173	198	175	1	-1	-1	-1
191	167	189	1	-1	-1	-1
169	193	188	1	-1	-1	-1
191	192	168	1	-1	-1	-1
171	186	196	1	-1	-1	-1
176	201	177	1	-1	-1	-1
169	194	193	1	-1	-1	-1
170	192	195	1	-1	-1	-1
194	170	195	1	-1	-1	-1
179	178	203	1	-1	-1	-1
184	201	176	1	-1	-1	-1
205	180	179	1	-1	-1	-1
202	185	177	1	-1	-1	-1
190	175	200	1	-1	-1	-1
172	196	197	1	-1	-1	-1
182	180	205	1	-1	-1	-1
182	207	181	1	-1	-1	-1
206	183	181	1	-1	-1	-1
197	199	174	1	-1	-1	-1
174	199	198	1	-1	-1	-1
184	183	206	1	-1	-1	-1
198	200	175	1	-1	-1	-1
202	177	201	1	-1	-1	-1
186	185	211	1	-1	-1	-1
204	203	178	1	-1	-1	-1
203	205	179	1	-1	-1	-1
188	213	187	1	-1	-1	-1
215	189	190	1	-1	-1	-1
212	196	186	1	-1	-1	-1
207	206	181	1	-1	-1	-1
184	209	201	1	-1	-1	-1
182	205	208	1	-1	-1	-1
193	214	188	1	-1	-1	-1
215	191	189	1	-1	-1	-1
208	207	182	1	-1	-1	-1
200	198	199	1	-1	-1	-1
202	211	185	1	-1	-1	-1
216	192	191	1	-1	-1	-1
184	206	210	1	-1	-1	-1
216	195	192	1	-1	-1	-1
209	184	210	1	-1	-1	-1
194	217	193	1	-1	-1	-1
200	215	190	1	-1	-1	-1
194	195	219	1	-1	-1	-1
211	212	186	1	-1	-1	-1
188	214	213	1	-1	-1	-1
197	196	222	1	-1	-1	-1
224	199	197	1	-1	-1	-1
216	191	215	1	-1	-1	-1
193	218	214	1	-1	-1	-1
226	200	199	1	-1	-1	-1
193	217	218	1	-1	-1	-1
212	222	196	1	-1	-1	-1
217	194	219	1	-1	-1	-1
228	202	201	1	-1	-1	-1
195	216	220	1	-1	-1	-1
195	221	219	1	-1	-1	-1
220	221	195	1	-1	-1	-1
230	203	204	1	-1	-1	-1
201	209	228	1	-1	-1	-1
205	203	230	1	-1	-1	-1
229	211	202	1	-1	-1	-1
197	222	223	1	-1	-1	-1
227	215	200	1	-1	-1	-1
223	224	197	1	-1	-1	-1
208	205	234	1	-1	-1	-1
199	224	225	1	-1	-1	-1
235	206	207	1	-1	-1	-1
199	225	226	1	-1	-1	-1
210	206	235	1	-1	-1	-1
237	207	208	1	-1	-1	-1
226	227	200	1	-1	-1	-1
238	209	210	1	-1	-1	-1
216	215	227	1	-1	-1	-1
202	228	229	1	-1	-1	-1
211	239	212	1	-1	-1	-1
227	220	216	1	-1	-1	-1
204	232	230	1	-1	-1	-1
204	231	232	1	-1	-1	-1
205	230	233	1	-1	-1	-1
241	213	214	1	-1	-1	-1
233	234	205	1	-1	-1	-1
222	212	239	1	-1	-1	-1
242	214	218	1	-1	-1	-1
209	238	228	1	-1	-1	-1
236	235	207	1	-1	-1	-1
218	217	243	1	-1	-1	-1
237	208	234	1	-1	-1	-1
207	237	236	1	-1	-1	-1
217	219	244	1	-1	-1	-1
229	240	211	1	-1	-1	-1
235	238	210	1	-1	-1	-1
221	244	219	1	-1	-1	-1
247	221	220	1	-1	-1	-1
211	240	239	1	-1	-1	-1
227	246	220	1	-1	-1	-1
222	249	223	1	-1	-1	-1
214	242	241	1	-1	-1	-1
224	223	251	1	-1	-1	-1
225	224	252	1	-1	-1	-1
244	243	217	1	-1	-1	-1
226	225	253	1	-1	-1	-1
242	218	245	1	-1	-1	-1
245	218	243	1	-1	-1	-1
227	226	254	1	-1	-1	-1
249	222	239	1	-1	-1	-1
220	246	247	1	-1	-1	-1
248	244	221	1	-1	-1	-1
257	229	228	1	-1	-1	-1
248	221	247	1	-1	-1	-1
259	230	232	1	-1	-1	-1
238	256	228	1	-1	-1	-1
259	233	230	1	-1	-1	-1
249	250	223	1	-1	-1	-1
231	261	232	1	-1	-1	-1
251	223	250	1	-1	-1	-1
246	227	254	1	-1	-1	-1
251	252	224	1	-1	-1	-1
240	229	258	1	-1	-1	-1
249	239	240	1	-1	-1	-1
234	233	262	1	-1	-1	-1
253	225	252	1	-1	-1	-1
237	234	263	1	-1	-1	-1
255	226	253	1	-1	-1	-1
226	255	254	1	-1	-1	-1
235	236	265	1	-1	-1	-1
264	238	235	1	-1	-1	-1
236	237	267	1	-1	-1	-1
257	228	256	1	-1	-1	-1
229	257	258	1	-1	-1	-1
231	260	261	1	-1	-1	-1
259	232	261	1	-1	-1	-1
242	271	241	1	-1	-1	-1
233	259	262	1	-1	-1	-1
271	242	245	1	-1	-1	-1
234	262	263	1	-1	-1	-1
270	249	240	1	-1	-1	-1
243	244	272	1	-1	-1	-1
273	245	243	1	-1	-1	-1
238	268	256	1	-1	-1	-1
235	265	264	1	-1	-1	-1
248	274	244	1	-1	-1	-1
267	237	263	1	-1	-1	-1
265	236	266	1	-1	-1	-1
258	269	240	1	-1	-1	-1
236	267	266	1	-1	-1	-1
249	270	250	1	-1	-1	-1
238	264	268	1	-1	-1	-1
246	277	247	1	-1	-1	-1
279	248	247	1	-1	-1	-1
246	254	278	1	-1	-1	-1
269	270	240	1	-1	-1	-1
251	250	280	1	-1	-1	-1
251	281	252	1	-1	-1	-1
278	254	255	1	-1	-1	-1
283	253	252	1	-1	-1	-1
272	273	243	1	-1	-1	-1
272	244	274	1	-1	-1	-1
271	245	275	1	-1	-1	-1
284	255	253	1	-1	-1	-1
245	273	276	1	-1	-1	-1
276	275	245	1	-1	-1	-1
250	270	280	1	-1	-1	-1
256	286	257	1	-1	-1	-1
246	278	277	1	-1	-1	-1
274	248	279	1	-1	-1	-1
287	258	257	1	-1	-1	-1
279	247	277	1	-1	-1	-1
268	286	256	1	-1	-1	-1
259	289	262	1	-1	-1	-1
290	259	261	1	-1	-1	-1
261	260	292	1	-1	-1	-1
251	280	282	1	-1	-1	-1
282	281	251	1	-1	-1	-1
287	269	258	1	-1	-1	-1
283	252	281	1	-1	-1	-1
278	255	285	1	-1	-1	-1
263	262	293	1	-1	-1	-1
253	283	284	1	-1	-1	-1
267	263	293	1	-1	-1	-1
264	265	294	1	-1	-1	-1
284	285	255	1	-1	-1	-1
266	296	265	1	-1	-1	-1
295	268	264	1	-1	-1	-1
297	266	267	1	-1	-1	-1
288	257	286	1	-1	-1	-1
287	257	288	1	-1	-1	-1
270	269	298	1	-1	-1	-1
290	289	259	1	-1	-1	-1
292	290	261	1	-1	-1	-1
260	291	292	1	-1	-1	-1
289	293	262	1	-1	-1	-1
272	300	273	1	-1	-1	-1
300	272	274	1	-1	-1	-1
298	280	270	1	-1	-1	-1
295	286	268	1	-1	-1	-1
273	301	276	1	-1	-1	-1
295	264	294	1	-1	-1	-1
303	275	276	1	-1	-1	-1
274	279	302	1	-1	-1	-1
299	269	287	1	-1	-1	-1
265	296	294	1	-1	-1	-1
297	267	293	1	-1	-1	-1
266	297	296	1	-1	-1	-1
305	277	278	1	-1	-1	-1
277	306	279	1	-1	-1	-1
298	269	299	1	-1	-1	-1
295	288	286	1	-1	-1	-1
307	278	285	1	-1	-1	-1
310	282	280	1	-1	-1	-1
281	282	311	1	-1	-1	-1
301	273	300	1	-1	-1	-1
311	283	281	1	-1	-1	-1
300	274	302	1	-1	-1	-1
283	311	284	1	-1	-1	-1
276	301	304	1	-1	-1	-1
285	284	314	1	-1	-1	-1
303	276	304	1	-1	-1	-1
309	280	298	1	-1	-1	-1
305	306	277	1	-1	-1	-1
279	308	302	1	-1	-1	-1
305	278	307	1	-1	-1	-1
288	316	287	1	-1	-1	-1
279	306	308	1	-1	-1	-1
289	290	319	1	-1	-1	-1
310	280	309	1	-1	-1	-1
288	295	318	1	-1	-1	-1
293	289	319	1	-1	-1	-1
299	287	316	1	-1	-1	-1
290	292	321	1	-1	-1	-1
312	282	310	1	-1	-1	-1
282	312	311	1	-1	-1	-1
323	292	291	1	-1	-1	-1
307	285	315	1	-1	-1	-1
284	311	313	1	-1	-1	-1
314	284	313	1	-1	-1	-1
315	285	314	1	-1	-1	-1
324	297	293	1	-1	-1	-1
294	296	326	1	-1	-1	-1
327	295	294	1	-1	-1	-1
296	297	328	1	-1	-1	-1
288	317	316	1	-1	-1	-1
288	318	317	1	-1	-1	-1
299	329	298	1	-1	-1	-1
290	320	319	1	-1	-1	-1
321	320	290	1	-1	-1	-1
300	333	301	1	-1	-1	-1
292	323	321	1	-1	-1	-1
298	329	309	1	-1	-1	-1
322	323	291	1	-1	-1	-1
311	312	313	1	-1	-1	-1
334	300	302	1	-1	-1	-1
293	319	325	1	-1	-1	-1
301	333	304	1	-1	-1	-1
295	327	318	1	-1	-1	-1
325	324	293	1	-1	-1	-1
336	303	304	1	-1	-1	-1
335	302	308	1	-1	-1	-1
316	331	299	1	-1	-1	-1
294	326	327	1	-1	-1	-1
328	297	324	1	-1	-1	-1
338	305	307	1	-1	-1	-1
339	306	305	1	-1	-1	-1
328	326	296	1	-1	-1	-1
340	308	306	1	-1	-1	-1
329	299	330	1	-1	-1	-1
310	309	341	1	-1	-1	-1
299	331	330	1	-1	-1	-1
307	315	338	1	-1	-1	-1
310	343	312	1	-1	-1	-1
332	333	300	1	-1	-1	-1
334	332	300	1	-1	-1	-1
312	344	313	1	-1	-1	-1
334	302	335	1	-1	-1	-1
345	314	313	1	-1	-1	-1
333	337	304	1	-1	-1	-1
314	346	315	1	-1	-1	-1
337	336	304	1	-1	-1	-1
329	342	309	1	-1	-1	-1
348	316	317	1	-1	-1	-1
305	338	339	1	-1	-1	-1
317	318	349	1	-1	-1	-1
340	335	308	1	-1	-1	-1
319	320	352	1	-1	-1	-1
339	340	306	1	-1	-1	-1
341	309	342	1	-1	-1	-1
310	341	343	1	-1	-1	-1
321	353	320	1	-1	-1	-1
319	351	325	1	-1	-1	-1
327	350	318	1	-1	-1	-1
348	331	316	1	-1	-1	-1
354	321	323	1	-1	-1	-1
344	312	343	1	-1	-1	-1
315	347	338	1	-1	-1	-1
322	354	323	1	-1	-1	-1
330	342	329	1	-1	-1	-1
344	345	313	1	-1	-1	-1
314	345	346	1	-1	-1	-1
324	325	358	1	-1	-1	-1
346	347	315	1	-1	-1	-1
357	328	324	1	-1	-1	-1
360	327	326	1	-1	-1	-1
348	317	349	1	-1	-1	-1
328	360	326	1	-1	-1	-1
318	350	349	1	-1	-1	-1
352	351	319	1	-1	-1	-1
331	362	330	1	-1	-1	-1
347	339	338	1	-1	-1	-1
353	352	320	1	-1	-1	-1
332	364	333	1	-1	-1	-1
355	353	321	1	-1	-1	-1
321	354	355	1	-1	-1	-1
332	334	365	1	-1	-1	-1
354	322	356	1	-1	-1	-1
342	330	362	1	-1	-1	-1
337	333	364	1	-1	-1	-1
334	335	366	1	-1	-1	-1
325	351	359	1	-1	-1	-1
327	360	350	1	-1	-1	-1
324	358	357	1	-1	-1	-1
336	337	369	1	-1	-1	-1
325	359	358	1	-1	-1	-1
348	363	331	1	-1	-1	-1
335	340	368	1	-1	-1	-1
328	357	361	1	-1	-1	-1
339	368	340	1	-1	-1	-1
361	360	328	1	-1	-1	-1
372	341	342	1	-1	-1	-1
362	331	363	1	-1	-1	-1
343	341	373	1	-1	-1	-1
347	371	339	1	-1	-1	-1
343	373	344	1	-1	-1	-1
364	332	365	1	-1	-1	-1
365	334	366	1	-1	-1	-1
344	376	345	1	-1	-1	-1
377	346	345	1	-1	-1	-1
366	335	367	1	-1	-1	-1
368	367	335	1	-1	-1	-1
347	346	378	1	-1	-1	-1
337	364	370	1	-1	-1	-1
369	337	370	1	-1	-1	-1
380	348	349	1	-1	-1	-1
339	371	368	1	-1	-1	-1
342	362	374	1	-1	-1	-1
381	349	350	1	-1	-1	-1
352	383	351	1	-1	-1	-1
373	341	372	1	-1	-1	-1
372	342	375	1	-1	-1	-1
352	353	385	1	-1	-1	-1
380	363	348	1	-1	-1	-1
342	374	375	1	-1	-1	-1
382	350	360	1	-1	-1	-1
373	376	344	1	-1	-1	-1
355	385	353	1	-1	-1	-1
351	384	359	1	-1	-1	-1
354	387	355	1	-1	-1	-1
387	354	356	1	-1	-1	-1
371	347	379	1	-1	-1	-1
376	377	345	1	-1	-1	-1
346	377	378	1	-1	-1	-1
379	347	378	1	-1	-1	-1
391	357	358	1	-1	-1	-1
361	357	391	1	-1	-1	-1
358	359	392	1	-1	-1	-1
381	380	349	1	-1	-1	-1
350	382	381	1	-1	-1	-1
394	360	361	1	-1	-1	-1
351	383	384	1	-1	-1	-1
386	383	352	1	-1	-1	-1
363	396	362	1	-1	-1	-1
352	385	386	1	-1	-1	-1
399	364	365	1	-1	-1	-1
389	385	355	1	-1	-1	-1
355	387	388	1	-1	-1	-1
362	396	374	1	-1	-1	-1
365	366	401	1	-1	-1	-1
355	388	389	1	-1	-1	-1
370	364	399	1	-1	-1	-1
356	390	387	1	-1	-1	-1
367	401	366	1	-1	-1	-1
384	392	359	1	-1	-1	-1
394	382	360	1	-1	-1	-1
367	368	402	1	-1	-1	-1
397	363	380	1	-1	-1	-1
358	393	391	1	-1	-1	-1
371	404	368	1	-1	-1	-1
358	392	393	1	-1	-1	-1
370	406	369	1	-1	-1	-1
361	391	395	1	-1	-1	-1
361	395	394	1	-1	-1	-1
373	372	409	1	-1	-1	-1
375	409	372	1	-1	-1	-1
396	363	398	1	-1	-1	-1
379	408	371	1	-1	-1	-1
363	397	398	1	-1	-1	-1
376	373	410	1	-1	-1	-1
374	411	375	1	-1	-1	-1
386	385	389	1	-1	-1	-1
400	399	365	1	-1	-1	-1
400	365	401	1	-1	-1	-1
377	376	415	1	-1	-1	-1
377	415	378	1	-1	-1	-1
401	367	403	1	-1	-1	-1
402	403	367	1	-1	-1	-1
378	416	379	1	-1	-1	-1
402	368	404	1	-1	-1	-1
370	399	407	1	-1	-1	-1
417	380	381	1	-1	-1	-1
369	406	405	1	-1	-1	-1
382	418	381	1	-1	-1	-1
374	396	412	1	-1	-1	-1
406	370	407	1	-1	-1	-1
408	404	371	1	-1	-1	-1
384	383	420	1	-1	-1	-1
386	420	383	1	-1	-1	-1
373	409	410	1	-1	-1	-1
397	380	417	1	-1	-1	-1
382	394	419	1	-1	-1	-1
392	384	421	1	-1	-1	-1
412	411	374	1	-1	-1	-1
375	413	409	1	-1	-1	-1
389	423	386	1	-1	-1	-1
375	411	413	1	-1	-1	-1
425	388	387	1	-1	-1	-1
376	410	414	1	-1	-1	-1
424	387	390	1	-1	-1	-1
408	379	416	1	-1	-1	-1
427	389	388	1	-1	-1	-1
415	376	414	1	-1	-1	-1
396	398	412	1	-1	-1	-1
378	415	416	1	-1	-1	-1
391	393	429	1	-1	-1	-1
393	392	430	1	-1	-1	-1
391	429	395	1	-1	-1	-1
418	417	381	1	-1	-1	-1
382	419	418	1	-1	-1	-1
395	433	394	1	-1	-1	-1
420	422	384	1	-1	-1	-1
384	422	421	1	-1	-1	-1
386	423	420	1	-1	-1	-1
397	436	398	1	-1	-1	-1
425	387	424	1	-1	-1	-1
438	399	400	1	-1	-1	-1
425	426	388	1	-1	-1	-1
400	401	439	1	-1	-1	-1
428	423	389	1	-1	-1	-1
388	426	427	1	-1	-1	-1
403	439	401	1	-1	-1	-1
430	392	421	1	-1	-1	-1
399	438	407	1	-1	-1	-1
389	427	428	1	-1	-1	-1
394	433	419	1	-1	-1	-1
402	441	403	1	-1	-1	-1
437	412	398	1	-1	-1	-1
404	442	402	1	-1	-1	-1
417	435	397	1	-1	-1	-1
429	393	431	1	-1	-1	-1
430	432	393	1	-1	-1	-1
445	405	406	1	-1	-1	-1
431	393	432	1	-1	-1	-1
404	408	444	1	-1	-1	-1
395	429	434	1	-1	-1	-1
445	406	407	1	-1	-1	-1
434	433	395	1	-1	-1	-1
410	409	449	1	-1	-1	-1
436	397	435	1	-1	-1	-1
398	436	437	1	-1	-1	-1
413	449	409	1	-1	-1	-1
448	408	416	1	-1	-1	-1
410	450	414	1	-1	-1	-1
411	412	452	1	-1	-1	-1
452	413	411	1	-1	-1	-1
440	438	400	1	-1	-1	-1
400	439	440	1	-1	-1	-1
441	402	442	1	-1	-1	-1
415	414	456	1	-1	-1	-1
403	443	439	1	-1	-1	-1
403	441	443	1	-1	-1	-1
415	457	416	1	-1	-1	-1
442	404	444	1	-1	-1	-1
407	438	447	1	-1	-1	-1
458	417	418	1	-1	-1	-1
418	419	459	1	-1	-1	-1
407	446	445	1	-1	-1	-1
407	447	446	1	-1	-1	-1
448	444	408	1	-1	-1	-1
453	412	437	1	-1	-1	-1
422	420	461	1	-1	-1	-1
423	462	420	1	-1	-1	-1
464	421	422	1	-1	-1	-1
449	451	410	1	-1	-1	-1
458	435	417	1	-1	-1	-1
459	419	433	1	-1	-1	-1
410	451	450	1	-1	-1	-1
421	463	430	1	-1	-1	-1
449	413	454	1	-1	-1	-1
452	412	453	1	-1	-1	-1
428	467	423	1	-1	-1	-1
424	469	425	1	-1	-1	-1
454	413	452	1	-1	-1	-1
455	414	450	1	-1	-1	-1
470	426	425	1	-1	-1	-1
416	457	448	1	-1	-1	-1
440	439	443	1	-1	-1	-1
471	427	426	1	-1	-1	-1
456	414	455	1	-1	-1	-1
472	428	427	1	-1	-1	-1
456	457	415	1	-1	-1	-1
473	429	431	1	-1	-1	-1
429	473	434	1	-1	-1	-1
418	460	458	1	-1	-1	-1
430	474	432	1	-1	-1	-1
418	459	460	1	-1	-1	-1
432	476	431	1	-1	-1	-1
420	462	461	1	-1	-1	-1
433	434	478	1	-1	-1	-1
421	464	463	1	-1	-1	-1
422	461	466	1	-1	-1	-1
480	436	435	1	-1	-1	-1
464	422	465	1	-1	-1	-1
467	462	423	1	-1	-1	-1
422	466	465	1	-1	-1	-1
437	436	481	1	-1	-1	-1
440	483	438	1	-1	-1	-1
424	468	469	1	-1	-1	-1
470	425	469	1	-1	-1	-1
470	471	426	1	-1	-1	-1
428	472	467	1	-1	-1	-1
475	430	463	1	-1	-1	-1
440	443	485	1	-1	-1	-1
438	483	447	1	-1	-1	-1
486	441	442	1	-1	-1	-1
471	472	427	1	-1	-1	-1
486	443	441	1	-1	-1	-1
433	479	459	1	-1	-1	-1
482	453	437	1	-1	-1	-1
444	487	442	1	-1	-1	-1
435	458	480	1	-1	-1	-1
430	475	474	1	-1	-1	-1
476	473	431	1	-1	-1	-1
445	446	490	1	-1	-1	-1
489	444	448	1	-1	-1	-1
477	432	474	1	-1	-1	-1
447	491	446	1	-1	-1	-1
478	434	473	1	-1	-1	-1
477	476	432	1	-1	-1	-1
433	478	479	1	-1	-1	-1
449	495	451	1	-1	-1	-1
496	450	451	1	-1	-1	-1
436	480	481	1	-1	-1	-1
449	454	495	1	-1	-1	-1
494	448	457	1	-1	-1	-1
482	437	481	1	-1	-1	-1
496	455	450	1	-1	-1	-1
453	498	452	1	-1	-1	-1
452	498	454	1	-1	-1	-1
484	483	440	1	-1	-1	-1
440	485	484	1	-1	-1	-1
456	455	500	1	-1	-1	-1
443	486	485	1	-1	-1	-1
501	457	456	1	-1	-1	-1
442	487	486	1	-1	-1	-1
444	488	487	1	-1	-1	-1
460	502	458	1	-1	-1	-1
444	489	488	1	-1	-1	-1
459	503	460	1	-1	-1	-1
493	447	483	1	-1	-1	-1
476	478	473	1	-1	-1	-1
490	446	491	1	-1	-1	-1
462	505	461	1	-1	-1	-1
491	447	492	1	-1	-1	-1
494	489	448	1	-1	-1	-1
505	466	461	1	-1	-1	-1
492	447	493	1	-1	-1	-1
482	499	453	1	-1	-1	-1
507	463	464	1	-1	-1	-1
462	467	506	1	-1	-1	-1
464	465	508	1	-1	-1	-1
509	465	466	1	-1	-1	-1
458	502	480	1	-1	-1	-1
479	503	459	1	-1	-1	-1
495	497	451	1	-1	-1	-1
451	497	496	1	-1	-1	-1
463	507	475	1	-1	-1	-1
472	506	467	1	-1	-1	-1
498	495	454	1	-1	-1	-1
512	469	468	1	-1	-1	-1
499	498	453	1	-1	-1	-1
512	470	469	1	-1	-1	-1
496	500	455	1	-1	-1	-1
457	501	494	1	-1	-1	-1
513	471	470	1	-1	-1	-1
471	514	472	1	-1	-1	-1
456	500	501	1	-1	-1	-1
483	484	493	1	-1	-1	-1
474	475	516	1	-1	-1	-1
460	504	502	1	-1	-1	-1
460	503	504	1	-1	-1	-1
477	474	516	1	-1	-1	-1
478	476	519	1	-1	-1	-1
506	505	462	1	-1	-1	-1
476	477	521	1	-1	-1	-1
478	519	479	1	-1	-1	-1
508	507	464	1	-1	-1	-1
510	466	505	1	-1	-1	-1
509	508	465	1	-1	-1	-1
510	509	466	1	-1	-1	-1
480	526	481	1	-1	-1	-1
481	526	482	1	-1	-1	-1
512	468	511	1	-1	-1	-1
472	515	506	1	-1	-1	-1
512	513	470	1	-1	-1	-1
471	513	514	1	-1	-1	-1
485	530	484	1	-1	-1	-1
475	507	517	1	-1	-1	-1
514	515	472	1	-1	-1	-1
486	531	485	1	-1	-1	-1
487	531	486	1	-1	-1	-1
479	524	503	1	-1	-1	-1
525	480	502	1	-1	-1	-1
530	493	484	1	-1	-1	-1
518	516	475	1	-1	-1	-1
475	517	518	1	-1	-1	-1
535	487	488	1	-1	-1	-1
529	499	482	1	-1	-1	-1
536	488	489	1	-1	-1	-1
522	477	516	1	-1	-1	-1
476	520	519	1	-1	-1	-1
521	520	476	1	-1	-1	-1
520	479	519	1	-1	-1	-1
490	491	538	1	-1	-1	-1
537	489	494	1	-1	-1	-1
523	521	477	1	-1	-1	-1
491	492	538	1	-1	-1	-1
477	522	523	1	-1	-1	-1
479	520	524	1	-1	-1	-1
492	493	541	1	-1	-1	-1
480	525	526	1	-1	-1	-1
482	526	527	1	-1	-1	-1
495	545	497	1	-1	-1	-1
527	528	482	1	-1	-1	-1
482	528	529	1	-1	-1	-1
501	544	494	1	-1	-1	-1
498	546	495	1	-1	-1	-1
496	497	548	1	-1	-1	-1
496	547	500	1	-1	-1	-1
500	544	501	1	-1	-1	-1
499	549	498	1	-1	-1	-1
532	530	485	1	-1	-1	-1
485	531	533	1	-1	-1	-1
533	532	485	1	-1	-1	-1
531	487	534	1	-1	-1	-1
487	535	534	1	-1	-1	-1
502	504	551	1	-1	-1	-1
552	504	503	1	-1	-1	-1
535	488	536	1	-1	-1	-1
489	537	536	1	-1	-1	-1
505	506	553	1	-1	-1	-1
543	493	530	1	-1	-1	-1
553	510	505	1	-1	-1	-1
538	492	539	1	-1	-1	-1
507	508	555	1	-1	-1	-1
539	492	540	1	-1	-1	-1
541	540	492	1	-1	-1	-1
508	509	557	1	-1	-1	-1
554	506	515	1	-1	-1	-1
544	537	494	1	-1	-1	-1
542	541	493	1	-1	-1	-1
499	529	549	1	-1	-1	-1
558	509	510	1	-1	-1	-1
493	543	542	1	-1	-1	-1
525	502	551	1	-1	-1	-1
503	524	552	1	-1	-1	-1
507	556	517	1	-1	-1	-1
562	512	511	1	-1	-1	-1
545	495	546	1	-1	-1	-1
513	512	563	1	-1	-1	-1
548	497	545	1	-1	-1	-1
514	513	564	1	-1	-1	-1
496	548	547	1	-1	-1	-1
498	549	546	1	-1	-1	-1
564	515	514	1	-1	-1	-1
544	500	550	1	-1	-1	-1
547	550	500	1	-1	-1	-1
534	533	531	1	-1	-1	-1
518	567	516	1	-1	-1	-1
568	518	517	1	-1	-1	-1
516	567	522	1	-1	-1	-1
551	504	552	1	-1	-1	-1
520	521	570	1	-1	-1	-1
553	506	554	1	-1	-1	-1
520	570	524	1	-1	-1	-1
521	523	571	1	-1	-1	-1
555	556	507	1	-1	-1	-1
523	522	573	1	-1	-1	-1
508	557	555	1	-1	-1	-1
553	560	510	1	-1	-1	-1
558	557	509	1	-1	-1	-1
559	558	510	1	-1	-1	-1
526	525	577	1	-1	-1	-1
560	559	510	1	-1	-1	-1
526	578	527	1	-1	-1	-1
511	561	562	1	-1	-1	-1
527	580	528	1	-1	-1	-1
554	515	566	1	-1	-1	-1
512	562	563	1	-1	-1	-1
528	581	529	1	-1	-1	-1
565	513	563	1	-1	-1	-1
556	568	517	1	-1	-1	-1
565	564	513	1	-1	-1	-1
566	515	564	1	-1	-1	-1
584	530	532	1	-1	-1	-1
524	574	552	1	-1	-1	-1
533	585	532	1	-1	-1	-1
551	575	525	1	-1	-1	-1
534	586	533	1	-1	-1	-1
518	569	567	1	-1	-1	-1
569	518	568	1	-1	-1	-1
535	587	534	1	-1	-1	-1
543	530	584	1	-1	-1	-1
535	536	588	1	-1	-1	-1
529	583	549	1	-1	-1	-1
573	522	567	1	-1	-1	-1
570	521	572	1	-1	-1	-1
537	590	536	1	-1	-1	-1
521	571	572	1	-1	-1	-1
573	571	523	1	-1	-1	-1
560	553	554	1	-1	-1	-1
524	570	574	1	-1	-1	-1
540	592	539	1	-1	-1	-1
537	544	591	1	-1	-1	-1
593	540	541	1	-1	-1	-1
575	576	525	1	-1	-1	-1
542	594	541	1	-1	-1	-1
576	577	525	1	-1	-1	-1
595	542	543	1	-1	-1	-1
577	578	526	1	-1	-1	-1
578	579	527	1	-1	-1	-1
527	579	580	1	-1	-1	-1
545	546	599	1	-1	-1	-1
582	528	580	1	-1	-1	-1
581	528	582	1	-1	-1	-1
599	548	545	1	-1	-1	-1
598	544	550	1	-1	-1	-1
583	529	581	1	-1	-1	-1
601	546	549	1	-1	-1	-1
548	602	547	1	-1	-1	-1
603	550	547	1	-1	-1	-1
584	532	585	1	-1	-1	-1
586	585	533	1	-1	-1	-1
534	587	586	1	-1	-1	-1
551	552	605	1	-1	-1	-1
535	589	587	1	-1	-1	-1
588	589	535	1	-1	-1	-1
588	536	590	1	-1	-1	-1
591	590	537	1	-1	-1	-1
560	554	608	1	-1	-1	-1
611	555	557	1	-1	-1	-1
584	596	543	1	-1	-1	-1
556	555	612	1	-1	-1	-1
540	593	592	1	-1	-1	-1
593	541	594	1	-1	-1	-1
566	609	554	1	-1	-1	-1
557	558	615	1	-1	-1	-1
594	542	595	1	-1	-1	-1
597	591	544	1	-1	-1	-1
606	575	551	1	-1	-1	-1
583	601	549	1	-1	-1	-1
607	552	574	1	-1	-1	-1
595	543	596	1	-1	-1	-1
558	559	617	1	-1	-1	-1
618	559	560	1	-1	-1	-1
556	614	568	1	-1	-1	-1
597	544	598	1	-1	-1	-1
622	562	561	1	-1	-1	-1
546	600	599	1	-1	-1	-1
600	546	601	1	-1	-1	-1
622	563	562	1	-1	-1	-1
548	599	604	1	-1	-1	-1
565	563	623	1	-1	-1	-1
550	603	598	1	-1	-1	-1
603	547	602	1	-1	-1	-1
564	565	624	1	-1	-1	-1
564	624	566	1	-1	-1	-1
604	602	548	1	-1	-1	-1
551	605	606	1	-1	-1	-1
627	567	569	1	-1	-1	-1
605	552	607	1	-1	-1	-1
568	628	569	1	-1	-1	-1
573	567	627	1	-1	-1	-1
608	554	609	1	-1	-1	-1
570	572	630	1	-1	-1	-1
570	630	574	1	-1	-1	-1
571	631	572	1	-1	-1	-1
571	573	631	1	-1	-1	-1
610	555	611	1	-1	-1	-1
610	612	555	1	-1	-1	-1
556	612	613	1	-1	-1	-1
557	615	611	1	-1	-1	-1
556	613	614	1	-1	-1	-1
634	576	575	1	-1	-1	-1
620	560	608	1	-1	-1	-1
577	576	635	1	-1	-1	-1
616	615	558	1	-1	-1	-1
616	558	617	1	-1	-1	-1
577	637	578	1	-1	-1	-1
578	638	579	1	-1	-1	-1
559	619	617	1	-1	-1	-1
559	618	619	1	-1	-1	-1
639	580	579	1	-1	-1	-1
618	560	620	1	-1	-1	-1
626	609	566	1	-1	-1	-1
640	582	580	1	-1	-1	-1
600	604	599	1	-1	-1	-1
581	582	641	1	-1	-1	-1
622	561	621	1	-1	-1	-1
583	581	642	1	-1	-1	-1
563	622	623	1	-1	-1	-1
568	614	628	1	-1	-1	-1
607	574	630	1	-1	-1	-1
625	565	623	1	-1	-1	-1
565	625	624	1	-1	-1	-1
584	585	646	1	-1	-1	-1
575	606	634	1	-1	-1	-1
626	566	624	1	-1	-1	-1
585	586	647	1	-1	-1	-1
587	649	586	1	-1	-1	-1
569	629	627	1	-1	-1	-1
584	646	596	1	-1	-1	-1
589	650	587	1	-1	-1	-1
628	629	569	1	-1	-1	-1
589	588	651	1	-1	-1	-1
645	601	583	1	-1	-1	-1
588	590	651	1	-1	-1	-1
627	633	573	1	-1	-1	-1
572	632	630	1	-1	-1	-1
590	591	653	1	-1	-1	-1
633	631	573	1	-1	-1	-1
631	632	572	1	-1	-1	-1
655	592	593	1	-1	-1	-1
597	654	591	1	-1	-1	-1
593	594	657	1	-1	-1	-1
576	634	636	1	-1	-1	-1
657	594	595	1	-1	-1	-1
576	636	635	1	-1	-1	-1
577	635	637	1	-1	-1	-1
659	595	596	1	-1	-1	-1
578	637	638	1	-1	-1	-1
598	661	597	1	-1	-1	-1
638	639	579	1	-1	-1	-1
640	580	639	1	-1	-1	-1
603	663	598	1	-1	-1	-1
581	641	642	1	-1	-1	-1
664	600	601	1	-1	-1	-1
582	640	643	1	-1	-1	-1
644	641	582	1	-1	-1	-1
604	600	665	1	-1	-1	-1
644	582	643	1	-1	-1	-1
642	645	583	1	-1	-1	-1
602	666	603	1	-1	-1	-1
667	602	604	1	-1	-1	-1
648	646	585	1	-1	-1	-1
605	669	606	1	-1	-1	-1
647	648	585	1	-1	-1	-1
605	607	669	1	-1	-1	-1
649	647	586	1	-1	-1	-1
587	650	649	1	-1	-1	-1
673	608	609	1	-1	-1	-1
589	652	650	1	-1	-1	-1
651	652	589	1	-1	-1	-1
590	653	651	1	-1	-1	-1
611	677	610	1	-1	-1	-1
612	610	676	1	-1	-1	-1
591	654	653	1	-1	-1	-1
596	646	660	1	-1	-1	-1
608	674	620	1	-1	-1	-1
655	593	656	1	-1	-1	-1
611	615	678	1	-1	-1	-1
612	680	613	1	-1	-1	-1
593	657	656	1	-1	-1	-1
613	680	614	1	-1	-1	-1
630	672	607	1	-1	-1	-1
601	645	664	1	-1	-1	-1
626	675	609	1	-1	-1	-1
595	658	657	1	-1	-1	-1
606	671	634	1	-1	-1	-1
595	659	658	1	-1	-1	-1
682	615	616	1	-1	-1	-1
662	654	597	1	-1	-1	-1
659	596	660	1	-1	-1	-1
683	616	617	1	-1	-1	-1
684	617	619	1	-1	-1	-1
662	597	661	1	-1	-1	-1
685	619	618	1	-1	-1	-1
598	663	661	1	-1	-1	-1
681	628	614	1	-1	-1	-1
620	685	618	1	-1	-1	-1
665	600	664	1	-1	-1	-1
666	663	603	1	-1	-1	-1
621	689	622	1	-1	-1	-1
689	623	622	1	-1	-1	-1
667	666	602	1	-1	-1	-1
665	668	604	1	-1	-1	-1
690	625	623	1	-1	-1	-1
667	604	668	1	-1	-1	-1
691	624	625	1	-1	-1	-1
691	626	624	1	-1	-1	-1
670	606	669	1	-1	-1	-1
671	606	670	1	-1	-1	-1
607	672	669	1	-1	-1	-1
629	694	627	1	-1	-1	-1
628	695	629	1	-1	-1	-1
660	646	648	1	-1	-1	-1
633	627	694	1	-1	-1	-1
674	608	673	1	-1	-1	-1
653	652	651	1	-1	-1	-1
675	673	609	1	-1	-1	-1
698	630	632	1	-1	-1	-1
677	676	610	1	-1	-1	-1
631	701	632	1	-1	-1	-1
631	633	700	1	-1	-1	-1
611	678	677	1	-1	-1	-1
676	679	612	1	-1	-1	-1
680	612	679	1	-1	-1	-1
634	704	636	1	-1	-1	-1
682	678	615	1	-1	-1	-1
680	681	614	1	-1	-1	-1
636	706	635	1	-1	-1	-1
637	635	705	1	-1	-1	-1
705	638	637	1	-1	-1	-1
687	620	674	1	-1	-1	-1
616	683	682	1	-1	-1	-1
684	683	617	1	-1	-1	-1
638	709	639	1	-1	-1	-1
684	619	686	1	-1	-1	-1
639	711	640	1	-1	-1	-1
686	619	685	1	-1	-1	-1
620	687	685	1	-1	-1	-1
640	711	643	1	-1	-1	-1
626	693	675	1	-1	-1	-1
712	642	641	1	-1	-1	-1
644	712	641	1	-1	-1	-1
621	688	689	1	-1	-1	-1
672	630	698	1	-1	-1	-1
645	642	714	1	-1	-1	-1
715	644	643	1	-1	-1	-1
623	689	690	1	-1	-1	-1
628	681	695	1	-1	-1	-1
692	625	690	1	-1	-1	-1
691	625	692	1	-1	-1	-1
671	704	634	1	-1	-1	-1
691	693	626	1	-1	-1	-1
720	648	647	1	-1	-1	-1
649	720	647	1	-1	-1	-1
696	629	695	1	-1	-1	-1
697	694	629	1	-1	-1	-1
649	650	722	1	-1	-1	-1
696	697	629	1	-1	-1	-1
723	650	652	1	-1	-1	-1
645	719	664	1	-1	-1	-1
721	660	648	1	-1	-1	-1
725	652	653	1	-1	-1	-1
699	631	700	1	-1	-1	-1
703	633	694	1	-1	-1	-1
631	699	701	1	-1	-1	-1
702	698	632	1	-1	-1	-1
654	726	653	1	-1	-1	-1
632	701	702	1	-1	-1	-1
703	700	633	1	-1	-1	-1
727	655	656	1	-1	-1	-1
657	728	656	1	-1	-1	-1
726	654	662	1	-1	-1	-1
657	658	730	1	-1	-1	-1
706	705	635	1	-1	-1	-1
659	730	658	1	-1	-1	-1
704	708	636	1	-1	-1	-1
636	707	706	1	-1	-1	-1
660	732	659	1	-1	-1	-1
707	636	708	1	-1	-1	-1
709	638	705	1	-1	-1	-1
661	734	662	1	-1	-1	-1
639	709	710	1	-1	-1	-1
663	734	661	1	-1	-1	-1
710	711	639	1	-1	-1	-1
737	663	666	1	-1	-1	-1
664	738	665	1	-1	-1	-1
642	712	713	1	-1	-1	-1
714	642	713	1	-1	-1	-1
716	643	711	1	-1	-1	-1
737	666	667	1	-1	-1	-1
717	712	644	1	-1	-1	-1
668	665	740	1	-1	-1	-1
715	643	716	1	-1	-1	-1
715	717	644	1	-1	-1	-1
668	741	667	1	-1	-1	-1
714	718	645	1	-1	-1	-1
645	718	719	1	-1	-1	-1
670	669	744	1	-1	-1	-1
672	743	669	1	-1	-1	-1
671	670	745	1	-1	-1	-1
721	648	720	1	-1	-1	-1
722	720	649	1	-1	-1	-1
722	650	723	1	-1	-1	-1
674	673	749	1	-1	-1	-1
749	673	675	1	-1	-1	-1
652	724	723	1	-1	-1	-1
652	725	724	1	-1	-1	-1
726	725	653	1	-1	-1	-1
677	755	676	0	-1	-1	-1
754	679	676	0	-1	-1	-1
727	656	728	1	-1	-1	-1
674	750	687	1	-1	-1	-1
677	678	757	0	-1	-1	-1
743	672	698	1	-1	-1	-1
660	721	733	1	-1	-1	-1
729	728	657	1	-1	-1	-1
730	729	657	1	-1	-1	-1
679	759	680	1	-1	-1	-1
678	682	758	0	-1	-1	-1
659	731	730	1	-1	-1	-1
738	664	719	1	-1	-1	-1
753	675	693	1	-1	-1	-1
761	681	680	1	-1	-1	-1
732	731	659	1	-1	-1	-1
726	662	735	1	-1	-1	-1
671	748	704	1	-1	-1	-1
733	732	660	1	-1	-1	-1
763	682	683	0	-1	-1	-1
734	735	662	1	-1	-1	-1
764	683	684	0	-1	-1	-1
663	736	734	1	-1	-1	-1
765	684	686	0	-1	-1	-1
737	736	663	1	-1	-1	-1
685	766	686	1	-1	-1	-1
762	695	681	1	-1	-1	-1
766	685	687	1	-1	-1	-1
738	739	665	1	-1	-1	-1
739	740	665	1	-1	-1	-1
737	667	742	1	-1	-1	-1
770	689	688	1	-1	-1	-1
689	770	690	1	-1	-1	-1
740	741	668	1	-1	-1	-1
667	741	742	1	-1	-1	-1
695	762	696	1	-1	-1	-1
692	690	771	1	-1	-1	-1
669	743	744	1	-1	-1	-1
691	692	773	1	-1	-1	-1
773	693	691	1	-1	-1	-1
746	670	744	1	-1	-1	-1
746	745	670	1	-1	-1	-1
747	671	745	1	-1	-1	-1
671	747	748	1	-1	-1	-1
697	777	694	1	-1	-1	-1
697	696	779	1	-1	-1	-1
749	751	674	1	-1	-1	-1
694	777	703	1	-1	-1	-1
751	750	674	1	-1	-1	-1
752	749	675	1	-1	-1	-1
752	675	753	1	-1	-1	-1
783	698	702	1	-1	-1	-1
700	785	699	1	-1	-1	-1
701	699	784	1	-1	-1	-1
676	755	754	0	-1	-1	-1
784	702	701	1	-1	-1	-1
677	756	755	0	-1	-1	-1
785	700	703	1	-1	-1	-1
677	757	756	0	-1	-1	-1
760	679	754	0	-1	-1	-1
757	678	758	0	-1	-1	-1
760	759	679	0	-1	-1	-1
787	708	704	1	-1	-1	-1
706	789	705	1	-1	-1	-1
680	759	761	1	-1	-1	-1
709	705	788	1	-1	-1	-1
763	758	682	0	-1	-1	-1
791	706	707	1	-1	-1	-1
761	762	681	1	-1	-1	-1
687	750	768	1	-1	-1	-1
708	792	707	1	-1	-1	-1
763	683	764	0	-1	-1	-1
765	764	684	0	-1	-1	-1
709	795	710	1	-1	-1	-1
711	710	796	1	-1	-1	-1
686	767	765	0	-1	-1	-1
767	686	766	0	-1	-1	-1
693	775	753	1	-1	-1	-1
768	766	687	1	-1	-1	-1
712	797	713	1	-1	-1	-1
698	782	743	1	-1	-1	-1
711	796	716	1	-1	-1	-1
714	713	798	1	-1	-1	-1
712	717	797	1	-1	-1	-1
688	769	770	1	-1	-1	-1
770	772	690	1	-1	-1	-1
718	714	800	1	-1	-1	-1
690	772	771	1	-1	-1	-1
715	716	802	1	-1	-1	-1
717	715	801	1	-1	-1	-1
778	696	762	1	-1	-1	-1
774	692	771	1	-1	-1	-1
692	774	773	1	-1	-1	-1
704	748	787	1	-1	-1	-1
718	805	719	1	-1	-1	-1
776	693	773	1	-1	-1	-1
693	776	775	1	-1	-1	-1
807	721	720	1	-1	-1	-1
807	720	722	1	-1	-1	-1
696	778	779	1	-1	-1	-1
809	722	723	1	-1	-1	-1
777	697	780	1	-1	-1	-1
780	697	779	1	-1	-1	-1
724	810	723	1	-1	-1	-1
724	725	811	1	-1	-1	-1
782	698	781	1	-1	-1	-1
733	721	808	1	-1	-1	-1
781	698	783	1	-1	-1	-1
806	738	719	1	-1	-1	-1
726	812	725	1	-1	-1	-1
777	786	703	1	-1	-1	-1
784	699	785	1	-1	-1	-1
813	727	728	1	-1	-1	-1
783	702	784	1	-1	-1	-1
743	782	744	1	-1	-1	-1
815	728	729	1	-1	-1	-1
726	735	812	1	-1	-1	-1
703	786	785	1	-1	-1	-1
816	729	730	1	-1	-1	-1
731	817	730	1	-1	-1	-1
818	731	732	1	-1	-1	-1
789	788	705	1	-1	-1	-1
732	733	819	1	-1	-1	-1
789	706	790	1	-1	-1	-1
791	790	706	1	-1	-1	-1
787	794	708	1	-1	-1	-1
734	821	735	1	-1	-1	-1
707	792	791	1	-1	-1	-1
821	734	736	1	-1	-1	-1
709	788	795	1	-1	-1	-1
793	792	708	1	-1	-1	-1
794	793	708	1	-1	-1	-1
737	826	736	1	-1	-1	-1
795	796	710	1	-1	-1	-1
827	739	738	1	-1	-1	-1
742	826	737	1	-1	-1	-1
799	713	797	1	-1	-1	-1
739	830	740	1	-1	-1	-1
713	799	798	1	-1	-1	-1
772	770	769	1	-1	-1	-1
741	740	832	1	-1	-1	-1
800	714	798	1	-1	-1	-1
741	832	742	1	-1	-1	-1
801	797	717	1	-1	-1	-1
716	796	804	1	-1	-1	-1
802	801	715	1	-1	-1	-1
804	803	716	1	-1	-1	-1
802	716	803	1	-1	-1	-1
746	744	835	1	-1	-1	-1
718	800	805	1	-1	-1	-1
836	745	746	1	-1	-1	-1
837	747	745	1	-1	-1	-1
719	805	806	1	-1	-1	-1
747	840	748	1	-1	-1	-1
721	807	808	1	-1	-1	-1
722	809	807	1	-1	-1	-1
842	751	749	1	-1	-1	-1
809	723	810	1	-1	-1	-1
843	749	752	1	-1	-1	-1
810	724	811	1	-1	-1	-1
751	844	750	1	-1	-1	-1
811	725	812	1	-1	-1	-1
753	847	752	1	-1	-1	-1
813	728	814	1	-1	-1	-1
814	728	815	1	-1	-1	-1
755	850	754	0	-1	-1	-1
816	815	729	1	-1	-1	-1
744	782	835	1	-1	-1	-1
808	820	733	1	-1	-1	-1
844	768	750	1	-1	-1	-1
817	816	730	1	-1	-1	-1
756	852	755	0	-1	-1	-1
754	851	760	0	-1	-1	-1
731	818	817	1	-1	-1	-1
853	756	757	0	-1	-1	-1
819	818	732	1	-1	-1	-1
757	758	854	0	-1	-1	-1
812	735	824	1	-1	-1	-1
819	733	820	1	-1	-1	-1
738	806	828	1	-1	-1	-1
856	761	759	1	-1	-1	-1
748	841	787	1	-1	-1	-1
758	763	855	0	-1	-1	-1
760	857	759	0	-1	-1	-1
849	753	775	1	-1	-1	-1
735	821	823	1	-1	-1	-1
823	822	735	1	-1	-1	-1
735	822	824	1	-1	-1	-1
821	736	825	1	-1	-1	-1
762	761	860	1	-1	-1	-1
826	825	736	1	-1	-1	-1
861	763	764	0	-1	-1	-1
765	861	764	0	-1	-1	-1
827	738	828	1	-1	-1	-1
767	862	765	0	-1	-1	-1
829	739	827	1	-1	-1	-1
767	766	863	0	-1	-1	-1
739	829	830	1	-1	-1	-1
766	768	864	0	-1	-1	-1
778	762	860	1	-1	-1	-1
740	830	831	1	-1	-1	-1
833	826	742	1	-1	-1	-1
831	832	740	1	-1	-1	-1
769	867	772	1	-1	-1	-1
742	832	834	1	-1	-1	-1
834	833	742	1	-1	-1	-1
772	869	771	1	-1	-1	-1
771	868	774	1	-1	-1	-1
745	836	837	1	-1	-1	-1
774	871	773	1	-1	-1	-1
776	773	871	1	-1	-1	-1
836	746	838	1	-1	-1	-1
746	835	839	1	-1	-1	-1
839	838	746	1	-1	-1	-1
837	840	747	1	-1	-1	-1
873	775	776	1	-1	-1	-1
748	840	841	1	-1	-1	-1
780	875	777	1	-1	-1	-1
843	842	749	1	-1	-1	-1
778	877	779	1	-1	-1	-1
780	779	878	1	-1	-1	-1
875	786	777	1	-1	-1	-1
751	842	845	1	-1	-1	-1
845	844	751	1	-1	-1	-1
752	846	843	1	-1	-1	-1
781	882	782	1	-1	-1	-1
783	881	781	1	-1	-1	-1
846	752	847	1	-1	-1	-1
753	848	847	1	-1	-1	-1
783	784	883	1	-1	-1	-1
753	849	848	1	-1	-1	-1
784	785	883	1	-1	-1	-1
850	851	754	0	-1	-1	-1
785	786	885	1	-1	-1	-1
852	850	755	0	-1	-1	-1
853	852	756	0	-1	-1	-1
757	854	853	0	-1	-1	-1
789	889	788	1	-1	-1	-1
758	855	854	0	-1	-1	-1
888	794	787	1	-1	-1	-1
760	851	858	0	-1	-1	-1
789	790	891	1	-1	-1	-1
857	856	759	0	-1	-1	-1
788	890	795	1	-1	-1	-1
791	893	790	1	-1	-1	-1
857	760	859	0	-1	-1	-1
859	760	858	0	-1	-1	-1
792	894	791	1	-1	-1	-1
860	761	856	1	-1	-1	-1
866	768	844	0	-1	-1	-1
763	861	855	0	-1	-1	-1
895	792	793	1	-1	-1	-1
897	793	794	1	-1	-1	-1
862	861	765	0	-1	-1	-1
900	796	795	1	-1	-1	-1
766	864	863	0	-1	-1	-1
865	862	767	0	-1	-1	-1
863	865	767	0	-1	-1	-1
799	797	901	1	-1	-1	-1
775	873	849	1	-1	-1	-1
866	864	768	0	-1	-1	-1
835	782	882	1	-1	-1	-1
796	900	804	1	-1	-1	-1
902	797	801	1	-1	-1	-1
799	904	798	4	-1	-1	-1
800	798	903	4	-1	-1	-1
869	868	771	1	-1	-1	-1
870	772	867	1	-1	-1	-1
801	802	907	1	-1	-1	-1
869	772	870	1	-1	-1	-1
805	800	906	4	-1	-1	-1
908	802	803	1	-1	-1	-1
872	774	868	1	-1	-1	-1
860	876	778	1	-1	-1	-1
841	887	787	1	-1	-1	-1
872	871	774	1	-1	-1	-1
803	804	910	1	-1	-1	-1
776	871	874	1	-1	-1	-1
912	806	805	4	-1	-1	-1
874	873	776	1	-1	-1	-1
914	808	807	1	-1	-1	-1
807	809	914	1	-1	-1	-1
778	876	877	1	-1	-1	-1
779	877	878	1	-1	-1	-1
809	810	916	1	-1	-1	-1
880	875	780	1	-1	-1	-1
780	878	879	1	-1	-1	-1
810	811	918	1	-1	-1	-1
780	879	880	1	-1	-1	-1
812	919	811	1	-1	-1	-1
915	820	808	1	-1	-1	-1
781	881	882	1	-1	-1	-1
828	806	913	4	-1	-1	-1
920	813	814	1	-1	-1	-1
886	786	875	1	-1	-1	-1
884	881	783	1	-1	-1	-1
921	814	815	1	-1	-1	-1
884	783	883	1	-1	-1	-1
922	815	816	1	-1	-1	-1
883	785	885	1	-1	-1	-1
824	919	812	1	-1	-1	-1
835	882	839	1	-1	-1	-1
923	816	817	1	-1	-1	-1
786	886	885	1	-1	-1	-1
818	924	817	1	-1	-1	-1
888	787	887	1	-1	-1	-1
927	818	819	1	-1	-1	-1
819	820	928	1	-1	-1	-1
890	788	889	1	-1	-1	-1
789	891	889	1	-1	-1	-1
821	929	823	1	-1	-1	-1
892	891	790	1	-1	-1	-1
929	821	825	1	-1	-1	-1
893	892	790	1	-1	-1	-1
822	823	931	1	-1	-1	-1
930	824	822	1	-1	-1	-1
894	893	791	1	-1	-1	-1
794	888	898	1	-1	-1	-1
894	792	895	1	-1	-1	-1
795	890	899	1	-1	-1	-1
793	896	895	1	-1	-1	-1
825	826	934	1	-1	-1	-1
896	793	897	1	-1	-1	-1
794	898	897	1	-1	-1	-1
936	827	828	1	-1	-1	-1
829	827	936	1	-1	-1	-1
795	899	900	1	-1	-1	-1
826	833	935	1	-1	-1	-1
829	939	830	1	-1	-1	-1
901	797	902	1	-1	-1	-1
830	940	831	1	-1	-1	-1
831	942	832	1	-1	-1	-1
798	904	903	4	-1	-1	-1
799	901	905	4	-1	-1	-1
799	905	904	4	-1	-1	-1
832	943	834	1	-1	-1	-1
903	906	800	4	-1	-1	-1
907	902	801	1	-1	-1	-1
833	834	944	1	-1	-1	-1
900	911	804	1	-1	-1	-1
907	802	909	1	-1	-1	-1
836	946	837	1	-1	-1	-1
909	802	908	1	-1	-1	-1
803	910	908	1	-1	-1	-1
836	838	947	1	-1	-1	-1
805	906	912	4	-1	-1	-1
948	840	837	1	-1	-1	-1
911	910	804	1	-1	-1	-1
949	838	839	1	-1	-1	-1
912	913	806	4	-1	-1	-1
953	841	840	1	-1	-1	-1
808	914	915	1	-1	-1	-1
916	914	809	1	-1	-1	-1
955	842	843	1	-1	-1	-1
842	955	845	1	-1	-1	-1
917	916	810	1	-1	-1	-1
846	956	843	1	-1	-1	-1
810	918	917	1	-1	-1	-1
957	844	845	0	-1	-1	-1
918	811	919	1	-1	-1	-1
847	959	846	1	-1	-1	-1
847	848	960	1	-1	-1	-1
921	920	814	1	-1	-1	-1
961	848	849	1	-1	-1	-1
921	815	922	1	-1	-1	-1
923	922	816	1	-1	-1	-1
915	928	820	1	-1	-1	-1
923	817	925	1	-1	-1	-1
925	817	924	1	-1	-1	-1
957	866	844	0	-1	-1	-1
924	818	926	1	-1	-1	-1
926	818	927	1	-1	-1	-1
839	882	952	1	-1	-1	-1
819	928	927	1	-1	-1	-1
824	932	919	1	-1	-1	-1
857	964	856	0	-1	-1	-1
913	937	828	4	-1	-1	-1
860	856	964	1	-1	-1	-1
887	841	953	1	-1	-1	-1
966	857	859	0	-1	-1	-1
931	930	822	1	-1	-1	-1
823	929	931	1	-1	-1	-1
963	849	873	1	-1	-1	-1
968	859	858	0	-1	-1	-1
933	824	930	1	-1	-1	-1
934	929	825	1	-1	-1	-1
933	932	824	1	-1	-1	-1
826	935	934	1	-1	-1	-1
863	864	971	0	-1	-1	-1
971	865	863	0	-1	-1	-1
828	937	936	4	-1	-1	-1
866	971	864	0	-1	-1	-1
936	938	829	1	-1	-1	-1
876	860	970	1	-1	-1	-1
829	938	939	1	-1	-1	-1
941	830	939	1	-1	-1	-1
867	973	870	1	-1	-1	-1
940	830	941	1	-1	-1	-1
974	868	869	1	-1	-1	-1
935	833	944	1	-1	-1	-1
940	942	831	1	-1	-1	-1
974	869	870	1	-1	-1	-1
974	872	868	1	-1	-1	-1
942	943	832	1	-1	-1	-1
872	977	871	1	-1	-1	-1
871	976	874	1	-1	-1	-1
834	943	945	1	-1	-1	-1
834	945	944	1	-1	-1	-1
978	873	874	1	-1	-1	-1
836	947	946	1	-1	-1	-1
837	946	948	1	-1	-1	-1
981	877	876	1	-1	-1	-1
980	875	880	1	-1	-1	-1
838	950	947	1	-1	-1	-1
950	838	949	1	-1	-1	-1
877	983	878	1	-1	-1	-1
951	949	839	1	-1	-1	-1
878	983	879	1	-1	-1	-1
875	980	886	1	-1	-1	-1
952	951	839	1	-1	-1	-1
948	954	840	1	-1	-1	-1
984	880	879	1	-1	-1	-1
953	840	954	1	-1	-1	-1
882	881	987	1	-1	-1	-1
881	884	987	1	-1	-1	-1
843	956	955	1	-1	-1	-1
884	883	988	1	-1	-1	-1
885	988	883	1	-1	-1	-1
958	845	955	0	-1	-1	-1
845	958	957	0	-1	-1	-1
956	846	959	1	-1	-1	-1
885	886	993	1	-1	-1	-1
959	847	960	1	-1	-1	-1
932	918	919	1	-1	-1	-1
960	848	961	1	-1	-1	-1
888	887	995	1	-1	-1	-1
961	849	962	1	-1	-1	-1
963	962	849	1	-1	-1	-1
890	889	998	1	-1	-1	-1
998	889	891	1	-1	-1	-1
891	892	1000	1	-1	-1	-1
888	997	898	1	-1	-1	-1
857	965	964	0	-1	-1	-1
893	1002	892	4	-1	-1	-1
890	999	899	1	-1	-1	-1
857	967	965	0	-1	-1	-1
857	966	967	0	-1	-1	-1
1004	893	894	4	-1	-1	-1
964	970	860	1	-1	-1	-1
1005	894	895	4	-1	-1	-1
966	859	969	0	-1	-1	-1
866	957	972	0	-1	-1	-1
968	969	859	0	-1	-1	-1
895	896	1006	4	-1	-1	-1
896	897	1007	1	-1	-1	-1
898	1010	897	1	-1	-1	-1
971	866	972	0	-1	-1	-1
1012	900	899	1	-1	-1	-1
978	963	873	1	-1	-1	-1
1013	901	902	4	-1	-1	-1
870	973	975	1	-1	-1	-1
870	975	974	1	-1	-1	-1
905	901	1013	4	-1	-1	-1
952	882	987	1	-1	-1	-1
977	872	974	1	-1	-1	-1
900	1012	911	1	-1	-1	-1
903	904	1016	4	-1	-1	-1
902	907	1014	4	-1	-1	-1
1015	906	903	4	-1	-1	-1
977	976	871	1	-1	-1	-1
905	1017	904	4	-1	-1	-1
970	982	876	1	-1	-1	-1
979	874	976	1	-1	-1	-1
874	979	978	1	-1	-1	-1
953	996	887	1	-1	-1	-1
1020	907	909	4	-1	-1	-1
1019	912	906	4	-1	-1	-1
1021	909	908	1	-1	-1	-1
981	876	982	1	-1	-1	-1
1021	908	910	1	-1	-1	-1
877	981	983	1	-1	-1	-1
911	1023	910	1	-1	-1	-1
986	980	880	1	-1	-1	-1
879	983	985	1	-1	-1	-1
985	984	879	1	-1	-1	-1
913	912	1024	4	-1	-1	-1
984	986	880	1	-1	-1	-1
915	914	1026	1	-1	-1	-1
916	1026	914	1	-1	-1	-1
916	917	1026	1	-1	-1	-1
980	994	886	1	-1	-1	-1
884	989	987	1	-1	-1	-1
884	988	990	1	-1	-1	-1
884	991	989	1	-1	-1	-1
917	918	1030	1	-1	-1	-1
885	992	988	1	-1	-1	-1
991	884	990	1	-1	-1	-1
993	992	885	1	-1	-1	-1
1028	928	915	1	-1	-1	-1
1032	920	921	1	-1	-1	-1
993	886	994	1	-1	-1	-1
937	913	1025	4	-1	-1	-1
921	922	1034	1	-1	-1	-1
887	996	995	1	-1	-1	-1
922	923	1034	1	-1	-1	-1
997	888	995	1	-1	-1	-1
918	932	1031	1	-1	-1	-1
1035	923	925	1	-1	-1	-1
1037	925	924	1	-1	-1	-1
926	1037	924	1	-1	-1	-1
999	890	998	1	-1	-1	-1
891	1001	998	1	-1	-1	-1
1001	891	1000	1	-1	-1	-1
1040	926	927	1	-1	-1	-1
892	1003	1000	4	-1	-1	-1
1041	927	928	1	-1	-1	-1
932	933	1031	1	-1	-1	-1
1003	892	1002	4	-1	-1	-1
1004	1002	893	4	-1	-1	-1
1042	931	929	1	-1	-1	-1
1004	894	1005	4	-1	-1	-1
1042	929	934	1	-1	-1	-1
1010	898	997	1	-1	-1	-1
930	931	1044	1	-1	-1	-1
930	1043	933	1	-1	-1	-1
1005	895	1006	4	-1	-1	-1
899	999	1011	1	-1	-1	-1
1008	1006	896	4	-1	-1	-1
1008	896	1007	4	-1	-1	-1
1007	897	1009	1	-1	-1	-1
1047	934	935	1	-1	-1	-1
1009	897	1010	1	-1	-1	-1
936	937	1048	4	-1	-1	-1
1048	938	936	4	-1	-1	-1
1011	1012	899	1	-1	-1	-1
944	1047	935	1	-1	-1	-1
938	1051	939	1	-1	-1	-1
902	1014	1013	4	-1	-1	-1
1052	941	939	1	-1	-1	-1
1053	940	941	1	-1	-1	-1
903	1016	1015	4	-1	-1	-1
942	940	1053	1	-1	-1	-1
905	1013	1018	4	-1	-1	-1
1016	904	1017	4	-1	-1	-1
942	1055	943	1	-1	-1	-1
1015	1019	906	4	-1	-1	-1
905	1018	1017	4	-1	-1	-1
1020	1014	907	4	-1	-1	-1
943	1056	945	1	-1	-1	-1
1057	944	945	1	-1	-1	-1
911	1012	1023	1	-1	-1	-1
909	1022	1020	4	-1	-1	-1
1021	1022	909	4	-1	-1	-1
1023	1021	910	1	-1	-1	-1
1061	946	947	1	-1	-1	-1
912	1019	1024	4	-1	-1	-1
1062	948	946	1	-1	-1	-1
994	980	986	1	-1	-1	-1
950	1064	947	1	-1	-1	-1
1025	913	1024	4	-1	-1	-1
949	1065	950	1	-1	-1	-1
954	948	1062	1	-1	-1	-1
949	951	1066	1	-1	-1	-1
1027	915	1026	1	-1	-1	-1
915	1027	1028	1	-1	-1	-1
988	992	990	1	-1	-1	-1
951	952	1069	1	-1	-1	-1
1026	917	1029	1	-1	-1	-1
917	1030	1029	1	-1	-1	-1
1030	918	1031	1	-1	-1	-1
953	954	1073	1	-1	-1	-1
1033	1032	921	1	-1	-1	-1
1034	1033	921	1	-1	-1	-1
955	956	1077	0	-1	-1	-1
958	955	1077	0	-1	-1	-1
1036	1034	923	1	-1	-1	-1
956	959	1078	0	-1	-1	-1
1036	923	1035	1	-1	-1	-1
1079	957	958	0	-1	-1	-1
928	1028	1041	1	-1	-1	-1
1038	1035	925	1	-1	-1	-1
960	1081	959	0	-1	-1	-1
925	1037	1039	1	-1	-1	-1
925	1039	1038	1	-1	-1	-1
1037	926	1040	1	-1	-1	-1
960	961	1083	0	-1	-1	-1
962	1084	961	0	-1	-1	-1
1041	1040	927	1	-1	-1	-1
1079	972	957	0	-1	-1	-1
1031	933	1045	1	-1	-1	-1
962	963	1086	1	-1	-1	-1
952	987	1072	1	-1	-1	-1
937	1025	1049	4	-1	-1	-1
1042	1044	931	1	-1	-1	-1
1043	930	1044	1	-1	-1	-1
1090	964	965	0	-1	-1	-1
933	1043	1046	1	-1	-1	-1
953	1073	996	1	-1	-1	-1
964	1089	970	1	-1	-1	-1
1091	965	967	0	-1	-1	-1
1047	1042	934	1	-1	-1	-1
1045	933	1046	1	-1	-1	-1
967	966	1094	0	-1	-1	-1
966	969	1093	0	-1	-1	-1
978	1087	963	1	-1	-1	-1
968	1097	969	0	-1	-1	-1
1049	1048	937	4	-1	-1	-1
1048	1050	938	4	-1	-1	-1
1051	938	1050	4	-1	-1	-1
1051	1052	939	1	-1	-1	-1
1054	941	1052	1	-1	-1	-1
1072	987	989	1	-1	-1	-1
973	1100	975	1	-1	-1	-1
1053	941	1054	1	-1	-1	-1
1058	1047	944	1	-1	-1	-1
942	1053	1055	1	-1	-1	-1
974	975	1101	1	-1	-1	-1
1099	982	970	1	-1	-1	-1
974	1101	977	1	-1	-1	-1
943	1055	1056	1	-1	-1	-1
976	977	1103	1	-1	-1	-1
979	976	1103	1	-1	-1	-1
1057	1058	944	1	-1	-1	-1
1056	1059	945	1	-1	-1	-1
1105	978	979	1	-1	-1	-1
945	1060	1057	1	-1	-1	-1
1060	945	1059	1	-1	-1	-1
1062	946	1061	1	-1	-1	-1
947	1063	1061	1	-1	-1	-1
981	1108	983	1	-1	-1	-1
1109	981	982	1	-1	-1	-1
947	1064	1063	1	-1	-1	-1
983	1111	985	1	-1	-1	-1
1065	949	1066	1	-1	-1	-1
1064	950	1067	1	-1	-1	-1
1027	1026	1029	1	-1	-1	-1
1113	984	985	0	-1	-1	-1
984	1112	986	0	-1	-1	-1
1068	950	1065	1	-1	-1	-1
1068	1067	950	1	-1	-1	-1
951	1070	1066	1	-1	-1	-1
951	1069	1070	1	-1	-1	-1
954	1062	1074	1	-1	-1	-1
1071	1069	952	1	-1	-1	-1
1071	952	1072	1	-1	-1	-1
986	1117	994	1	-1	-1	-1
991	1118	989	1	-1	-1	-1
1119	990	992	1	-1	-1	-1
990	1120	991	1	-1	-1	-1
1075	1073	954	1	-1	-1	-1
1117	993	994	1	-1	-1	-1
1074	1076	954	1	-1	-1	-1
1075	954	1076	1	-1	-1	-1
993	1123	992	1	-1	-1	-1
1078	1077	956	0	-1	-1	-1
1080	958	1077	0	-1	-1	-1
996	1125	995	1	-1	-1	-1
997	995	1124	1	-1	-1	-1
1080	1079	958	0	-1	-1	-1
1078	959	1081	0	-1	-1	-1
1081	960	1082	0	-1	-1	-1
1128	999	998	1	-1	-1	-1
960	1083	1082	0	-1	-1	-1
1001	1128	998	1	-1	-1	-1
1083	961	1084	0	-1	-1	-1
962	1085	1084	0	-1	-1	-1
1130	1001	1000	4	-1	-1	-1
1130	1000	1003	4	-1	-1	-1
1086	1085	962	0	-1	-1	-1
1010	997	1127	1	-1	-1	-1
1003	1002	1132	4	-1	-1	-1
963	1088	1086	1	-1	-1	-1
1088	963	1087	1	-1	-1	-1
1132	1002	1004	4	-1	-1	-1
1129	1011	999	1	-1	-1	-1
964	1090	1089	0	-1	-1	-1
1004	1005	1135	4	-1	-1	-1
1005	1006	1136	4	-1	-1	-1
965	1092	1090	0	-1	-1	-1
1091	1092	965	0	-1	-1	-1
1136	1006	1008	4	-1	-1	-1
1008	1007	1137	4	-1	-1	-1
1003	1132	1018	4	-1	-1	-1
1093	1094	966	0	-1	-1	-1
1007	1009	1137	4	-1	-1	-1
1133	1003	1018	4	-1	-1	-1
967	1096	1091	0	-1	-1	-1
1094	1095	967	0	-1	-1	-1
1098	970	1089	1	-1	-1	-1
967	1095	1096	0	-1	-1	-1
1009	1010	1140	1	-1	-1	-1
1093	969	1097	0	-1	-1	-1
1012	1011	1142	1	-1	-1	-1
1018	1132	1017	4	-1	-1	-1
1017	1134	1016	4	-1	-1	-1
1098	1099	970	1	-1	-1	-1
1014	1143	1013	4	-1	-1	-1
978	1106	1087	1	-1	-1	-1
1143	1018	1013	4	-1	-1	-1
1100	1102	975	1	-1	-1	-1
1142	1023	1012	1	-1	-1	-1
1146	1015	1016	4	-1	-1	-1
1102	1101	975	1	-1	-1	-1
1020	1144	1014	4	-1	-1	-1
1145	1019	1015	4	-1	-1	-1
1072	989	1118	1	-1	-1	-1
1104	977	1101	1	-1	-1	-1
977	1104	1103	1	-1	-1	-1
1022	1021	1142	4	-1	-1	-1
1021	1023	1142	4	-1	-1	-1
1105	1106	978	1	-1	-1	-1
979	1103	1107	1	-1	-1	-1
1019	1147	1024	4	-1	-1	-1
1107	1105	979	1	-1	-1	-1
1099	1110	982	1	-1	-1	-1
1020	1022	1149	4	-1	-1	-1
1073	1126	996	1	-1	-1	-1
1109	1108	981	1	-1	-1	-1
1024	1150	1025	4	-1	-1	-1
982	1110	1109	1	-1	-1	-1
983	1108	1111	1	-1	-1	-1
1027	1153	1028	1	-1	-1	-1
1153	1027	1029	1	-1	-1	-1
984	1113	1112	0	-1	-1	-1
985	1111	1114	0	-1	-1	-1
1114	1113	985	0	-1	-1	-1
1030	1153	1029	1	-1	-1	-1
1115	986	1112	0	-1	-1	-1
1030	1031	1156	1	-1	-1	-1
986	1115	1116	0	-1	-1	-1
1116	1117	986	0	-1	-1	-1
1028	1154	1041	1	-1	-1	-1
1033	1158	1032	1	-1	-1	-1
1034	1159	1033	1	-1	-1	-1
1025	1152	1049	4	-1	-1	-1
990	1119	1120	1	-1	-1	-1
1036	1159	1034	1	-1	-1	-1
991	1121	1118	1	-1	-1	-1
1160	1036	1035	1	-1	-1	-1
1122	991	1120	1	-1	-1	-1
1031	1045	1157	1	-1	-1	-1
1038	1160	1035	1	-1	-1	-1
1123	1119	992	1	-1	-1	-1
993	1117	1123	1	-1	-1	-1
1122	1121	991	1	-1	-1	-1
1077	1078	1080	0	-1	-1	-1
1039	1037	1162	1	-1	-1	-1
1040	1162	1037	1	-1	-1	-1
1039	1164	1038	1	-1	-1	-1
1125	1124	995	1	-1	-1	-1
1126	1125	996	1	-1	-1	-1
997	1124	1127	1	-1	-1	-1
1041	1167	1040	1	-1	-1	-1
1168	1044	1042	1	-1	-1	-1
1044	1169	1043	1	-1	-1	-1
1047	1168	1042	1	-1	-1	-1
1129	999	1128	1	-1	-1	-1
1001	1131	1128	4	-1	-1	-1
1043	1170	1046	1	-1	-1	-1
1046	1171	1045	1	-1	-1	-1
1001	1130	1131	4	-1	-1	-1
1130	1003	1133	4	-1	-1	-1
1004	1134	1132	4	-1	-1	-1
1048	1049	1176	4	-1	-1	-1
1134	1004	1135	4	-1	-1	-1
1050	1048	1175	4	-1	-1	-1
1075	1126	1073	1	-1	-1	-1
1005	1136	1135	4	-1	-1	-1
1127	1140	1010	1	-1	-1	-1
1050	1177	1051	4	-1	-1	-1
1047	1058	1174	1	-1	-1	-1
1051	1178	1052	1	-1	-1	-1
1142	1011	1129	1	-1	-1	-1
1008	1139	1136	4	-1	-1	-1
1017	1132	1134	4	-1	-1	-1
1008	1137	1138	4	-1	-1	-1
1016	1134	1135	4	-1	-1	-1
1179	1054	1052	1	-1	-1	-1
1138	1139	1008	4	-1	-1	-1
1137	1009	1141	4	-1	-1	-1
1054	1181	1053	1	-1	-1	-1
1055	1053	1181	1	-1	-1	-1
1141	1009	1140	4	-1	-1	-1
1022	1142	1129	4	-1	-1	-1
1055	1182	1056	1	-1	-1	-1
1143	1133	1018	4	-1	-1	-1
1135	1146	1016	4	-1	-1	-1
1184	1059	1056	1	-1	-1	-1
1129	1149	1022	4	-1	-1	-1
1057	1185	1058	1	-1	-1	-1
1014	1144	1143	4	-1	-1	-1
1185	1057	1060	1	-1	-1	-1
1146	1145	1015	4	-1	-1	-1
1059	1188	1060	1	-1	-1	-1
1104	1101	1102	1	-1	-1	-1
1019	1145	1148	4	-1	-1	-1
1020	1149	1144	4	-1	-1	-1
1148	1147	1019	4	-1	-1	-1
1062	1061	1192	1	-1	-1	-1
1193	1061	1063	1	-1	-1	-1
1024	1147	1150	4	-1	-1	-1
1064	1195	1063	1	-1	-1	-1
1150	1151	1025	4	-1	-1	-1
1064	1067	1197	1	-1	-1	-1
1025	1151	1152	4	-1	-1	-1
1066	1198	1065	1	-1	-1	-1
1074	1062	1194	1	-1	-1	-1
1065	1198	1068	1	-1	-1	-1
1070	1200	1066	1	-1	-1	-1
1153	1155	1028	1	-1	-1	-1
1028	1155	1154	1	-1	-1	-1
1068	1202	1067	1	-1	-1	-1
1030	1156	1153	1	-1	-1	-1
1204	1070	1069	1	-1	-1	-1
1156	1031	1157	1	-1	-1	-1
1069	1071	1205	1	-1	-1	-1
1158	1033	1159	1	-1	-1	-1
1072	1208	1071	1	-1	-1	-1
1161	1159	1036	1	-1	-1	-1
1036	1160	1161	1	-1	-1	-1
1074	1211	1076	1	-1	-1	-1
1160	1038	1163	1	-1	-1	-1
1154	1167	1041	1	-1	-1	-1
1076	1214	1075	1	-1	-1	-1
1163	1038	1164	1	-1	-1	-1
1165	1039	1162	1	-1	-1	-1
1040	1166	1162	1	-1	-1	-1
1039	1165	1164	1	-1	-1	-1
1157	1045	1171	1	-1	-1	-1
1166	1040	1167	1	-1	-1	-1
1217	1080	1078	0	-1	-1	-1
1217	1078	1081	0	-1	-1	-1
1080	1217	1079	0	-1	-1	-1
1176	1049	1152	4	-1	-1	-1
1218	1081	1082	0	-1	-1	-1
1169	1044	1168	1	-1	-1	-1
1170	1043	1169	1	-1	-1	-1
1082	1083	1219	0	-1	-1	-1
1083	1084	1220	0	-1	-1	-1
1172	1171	1046	1	-1	-1	-1
1046	1170	1173	1	-1	-1	-1
1174	1168	1047	1	-1	-1	-1
1085	1220	1084	0	-1	-1	-1
1172	1046	1173	1	-1	-1	-1
1085	1086	1221	0	-1	-1	-1
1131	1130	1133	4	-1	-1	-1
1222	1086	1088	0	-1	-1	-1
1223	1088	1087	1	-1	-1	-1
1175	1048	1176	4	-1	-1	-1
1210	1072	1118	1	-1	-1	-1
1175	1177	1050	4	-1	-1	-1
1225	1089	1090	0	-1	-1	-1
1128	1149	1129	4	-1	-1	-1
1177	1178	1051	4	-1	-1	-1
1144	1131	1133	4	-1	-1	-1
1149	1128	1131	4	-1	-1	-1
1227	1090	1092	0	-1	-1	-1
1180	1052	1178	1	-1	-1	-1
1180	1179	1052	1	-1	-1	-1
1092	1091	1229	0	-1	-1	-1
1212	1126	1075	1	-1	-1	-1
1098	1089	1226	1	-1	-1	-1
1181	1054	1179	1	-1	-1	-1
1228	1091	1096	0	-1	-1	-1
1138	1137	1141	4	-1	-1	-1
1223	1087	1106	1	-1	-1	-1
1174	1058	1186	1	-1	-1	-1
1231	1094	1093	0	-1	-1	-1
1181	1183	1055	1	-1	-1	-1
1055	1183	1182	1	-1	-1	-1
1143	1144	1133	4	-1	-1	-1
1231	1095	1094	0	-1	-1	-1
1097	1231	1093	0	-1	-1	-1
1182	1184	1056	1	-1	-1	-1
1095	1232	1096	0	-1	-1	-1
1131	1144	1149	4	-1	-1	-1
1187	1058	1185	1	-1	-1	-1
1187	1186	1058	1	-1	-1	-1
1059	1184	1189	1	-1	-1	-1
1099	1098	1237	1	-1	-1	-1
1190	1185	1060	1	-1	-1	-1
1189	1188	1059	1	-1	-1	-1
1191	1060	1188	1	-1	-1	-1
1100	1239	1102	1	-1	-1	-1
1190	1060	1191	1	-1	-1	-1
1193	1192	1061	1	-1	-1	-1
1102	1240	1104	1	-1	-1	-1
1099	1238	1110	1	-1	-1	-1
1240	1103	1104	1	-1	-1	-1
1192	1194	1062	1	-1	-1	-1
1241	1107	1103	1	-1	-1	-1
1063	1196	1193	1	-1	-1	-1
1105	1242	1106	1	-1	-1	-1
1196	1063	1195	1	-1	-1	-1
1107	1243	1105	1	-1	-1	-1
1064	1197	1195	1	-1	-1	-1
1199	1198	1066	1	-1	-1	-1
1247	1108	1109	1	-1	-1	-1
1200	1199	1066	1	-1	-1	-1
1197	1067	1201	1	-1	-1	-1
1108	1247	1111	1	-1	-1	-1
1109	1110	1248	1	-1	-1	-1
1198	1203	1068	1	-1	-1	-1
1202	1201	1067	1	-1	-1	-1
1203	1202	1068	1	-1	-1	-1
1250	1114	1111	0	-1	-1	-1
1207	1200	1070	1	-1	-1	-1
1252	1112	1113	0	-1	-1	-1
1204	1069	1205	1	-1	-1	-1
1115	1112	1251	0	-1	-1	-1
1211	1074	1194	1	-1	-1	-1
1204	1206	1070	1	-1	-1	-1
1113	1114	1253	0	-1	-1	-1
1207	1070	1206	1	-1	-1	-1
1071	1208	1205	1	-1	-1	-1
1255	1116	1115	0	-1	-1	-1
1116	1256	1117	0	-1	-1	-1
1208	1072	1209	1	-1	-1	-1
1209	1072	1210	1	-1	-1	-1
1259	1120	1119	1	-1	-1	-1
1259	1123	1117	1	-1	-1	-1
1121	1260	1118	1	-1	-1	-1
1213	1212	1075	1	-1	-1	-1
1123	1259	1119	1	-1	-1	-1
1214	1213	1075	1	-1	-1	-1
1076	1211	1216	1	-1	-1	-1
1120	1262	1122	1	-1	-1	-1
1215	1214	1076	1	-1	-1	-1
1122	1263	1121	1	-1	-1	-1
1216	1215	1076	1	-1	-1	-1
1125	1266	1124	1	-1	-1	-1
1124	1265	1127	1	-1	-1	-1
1217	1081	1218	0	-1	-1	-1
1126	1268	1125	1	-1	-1	-1
1082	1219	1218	0	-1	-1	-1
1220	1219	1083	0	-1	-1	-1
1085	1221	1220	0	-1	-1	-1
1086	1222	1221	0	-1	-1	-1
1088	1224	1222	0	-1	-1	-1
1224	1088	1223	0	-1	-1	-1
1140	1127	1269	1	-1	-1	-1
1226	1089	1225	0	-1	-1	-1
1135	1136	1270	4	-1	-1	-1
1090	1227	1225	0	-1	-1	-1
1139	1271	1136	4	-1	-1	-1
1091	1228	1229	0	-1	-1	-1
1230	1227	1092	0	-1	-1	-1
1138	1272	1139	4	-1	-1	-1
1229	1230	1092	0	-1	-1	-1
1146	1135	1270	4	-1	-1	-1
1273	1138	1141	4	-1	-1	-1
1140	1275	1141	4	-1	-1	-1
1228	1096	1234	0	-1	-1	-1
1231	1233	1095	0	-1	-1	-1
1233	1232	1095	0	-1	-1	-1
1226	1236	1098	1	-1	-1	-1
1234	1096	1232	0	-1	-1	-1
1235	1231	1097	0	-1	-1	-1
1276	1145	1146	4	-1	-1	-1
1276	1148	1145	4	-1	-1	-1
1098	1236	1237	1	-1	-1	-1
1148	1277	1147	4	-1	-1	-1
1106	1244	1223	1	-1	-1	-1
1237	1238	1099	1	-1	-1	-1
1150	1147	1278	4	-1	-1	-1
1150	1280	1151	4	-1	-1	-1
1240	1102	1239	1	-1	-1	-1
1152	1151	1281	4	-1	-1	-1
1240	1241	1103	1	-1	-1	-1
1118	1260	1210	1	-1	-1	-1
1243	1242	1105	1	-1	-1	-1
1153	1284	1155	1	-1	-1	-1
1244	1106	1242	1	-1	-1	-1
1156	1284	1153	1	-1	-1	-1
1154	1155	1285	1	-1	-1	-1
1107	1241	1246	1	-1	-1	-1
1245	1243	1107	1	-1	-1	-1
1249	1110	1238	1	-1	-1	-1
1245	1107	1246	1	-1	-1	-1
1156	1157	1288	1	-1	-1	-1
1248	1247	1109	1	-1	-1	-1
1212	1268	1126	1	-1	-1	-1
1286	1167	1154	1	-1	-1	-1
1248	1110	1249	1	-1	-1	-1
1158	1159	1291	1	-1	-1	-1
1247	1250	1111	0	-1	-1	-1
1152	1283	1176	4	-1	-1	-1
1159	1161	1292	1	-1	-1	-1
1160	1293	1161	1	-1	-1	-1
1251	1112	1252	0	-1	-1	-1
1293	1160	1163	1	-1	-1	-1
1114	1250	1253	0	-1	-1	-1
1289	1157	1171	1	-1	-1	-1
1113	1254	1252	0	-1	-1	-1
1113	1253	1254	0	-1	-1	-1
1165	1162	1294	1	-1	-1	-1
1115	1251	1255	0	-1	-1	-1
1162	1166	1294	1	-1	-1	-1
1164	1296	1163	1	-1	-1	-1
1164	1165	1297	1	-1	-1	-1
1257	1116	1255	0	-1	-1	-1
1256	1116	1257	0	-1	-1	-1
1256	1258	1117	0	-1	-1	-1
1166	1167	1299	1	-1	-1	-1
1259	1117	1258	0	-1	-1	-1
1169	1168	1300	1	-1	-1	-1
1300	1170	1169	1	-1	-1	-1
1259	1261	1120	1	-1	-1	-1
1300	1168	1174	1	-1	-1	-1
1262	1120	1261	1	-1	-1	-1
1173	1170	1301	1	-1	-1	-1
1260	1121	1263	1	-1	-1	-1
1172	1302	1171	1	-1	-1	-1
1264	1122	1262	1	-1	-1	-1
1173	1304	1172	1	-1	-1	-1
1122	1264	1263	1	-1	-1	-1
1124	1266	1265	1	-1	-1	-1
1267	1266	1125	1	-1	-1	-1
1175	1308	1177	4	-1	-1	-1
1176	1309	1175	4	-1	-1	-1
1125	1268	1267	1	-1	-1	-1
1269	1127	1265	1	-1	-1	-1
1310	1178	1177	4	-1	-1	-1
1186	1307	1174	1	-1	-1	-1
1310	1180	1178	4	-1	-1	-1
1179	1180	1312	1	-1	-1	-1
1313	1181	1179	1	-1	-1	-1
1270	1136	1271	4	-1	-1	-1
1183	1181	1313	1	-1	-1	-1
1183	1315	1182	1	-1	-1	-1
1182	1315	1184	1	-1	-1	-1
1138	1273	1272	4	-1	-1	-1
1269	1275	1140	4	-1	-1	-1
1274	1271	1139	4	-1	-1	-1
1139	1272	1274	4	-1	-1	-1
1273	1141	1275	4	-1	-1	-1
1185	1319	1187	1	-1	-1	-1
1184	1318	1189	1	-1	-1	-1
1270	1276	1146	4	-1	-1	-1
1187	1320	1186	1	-1	-1	-1
1185	1190	1319	1	-1	-1	-1
1188	1189	1322	1	-1	-1	-1
1233	1231	1235	0	-1	-1	-1
1277	1278	1147	4	-1	-1	-1
1191	1188	1323	1	-1	-1	-1
1276	1279	1148	4	-1	-1	-1
1279	1277	1148	4	-1	-1	-1
1190	1191	1327	1	-1	-1	-1
1278	1280	1150	4	-1	-1	-1
1280	1282	1151	4	-1	-1	-1
1282	1281	1151	4	-1	-1	-1
1193	1330	1192	1	-1	-1	-1
1281	1283	1152	4	-1	-1	-1
1194	1192	1330	1	-1	-1	-1
1332	1193	1196	1	-1	-1	-1
1334	1196	1195	1	-1	-1	-1
1286	1154	1285	1	-1	-1	-1
1287	1155	1284	1	-1	-1	-1
1334	1195	1197	1	-1	-1	-1
1287	1285	1155	1	-1	-1	-1
1156	1288	1284	1	-1	-1	-1
1197	1201	1336	1	-1	-1	-1
1289	1288	1157	1	-1	-1	-1
1338	1198	1199	1	-1	-1	-1
1333	1211	1194	1	-1	-1	-1
1203	1198	1338	1	-1	-1	-1
1340	1199	1200	1	-1	-1	-1
1158	1291	1290	1	-1	-1	-1
1291	1159	1292	1	-1	-1	-1
1202	1342	1201	5	-1	-1	-1
1292	1161	1293	1	-1	-1	-1
1207	1341	1200	1	-1	-1	-1
1344	1202	1203	5	-1	-1	-1
1295	1293	1163	1	-1	-1	-1
1286	1299	1167	1	-1	-1	-1
1296	1295	1163	1	-1	-1	-1
1346	1204	1205	1	-1	-1	-1
1204	1346	1206	1	-1	-1	-1
1165	1294	1298	1	-1	-1	-1
1297	1296	1164	1	-1	-1	-1
1299	1294	1166	1	-1	-1	-1
1298	1297	1165	1	-1	-1	-1
1347	1205	1208	1	-1	-1	-1
1207	1206	1348	1	-1	-1	-1
1302	1289	1171	1	-1	-1	-1
1309	1176	1283	4	-1	-1	-1
1209	1351	1208	1	-1	-1	-1
1209	1210	1352	1	-1	-1	-1
1300	1301	1170	1	-1	-1	-1
1302	1172	1303	1	-1	-1	-1
1173	1301	1305	1	-1	-1	-1
1172	1304	1303	1	-1	-1	-1
1174	1306	1300	1	-1	-1	-1
1213	1356	1212	1	-1	-1	-1
1354	1216	1211	1	-1	-1	-1
1173	1305	1304	1	-1	-1	-1
1357	1213	1214	1	-1	-1	-1
1307	1306	1174	1	-1	-1	-1
1215	1359	1214	1	-1	-1	-1
1216	1360	1215	1	-1	-1	-1
1309	1308	1175	4	-1	-1	-1
1311	1177	1308	4	-1	-1	-1
1177	1311	1310	4	-1	-1	-1
1312	1313	1179	1	-1	-1	-1
1180	1310	1314	4	-1	-1	-1
1312	1180	1314	4	-1	-1	-1
1223	1362	1224	0	-1	-1	-1
1313	1316	1183	1	-1	-1	-1
1307	1186	1320	1	-1	-1	-1
1363	1226	1225	0	-1	-1	-1
1183	1317	1315	1	-1	-1	-1
1316	1317	1183	1	-1	-1	-1
1364	1225	1227	0	-1	-1	-1
1315	1318	1184	1	-1	-1	-1
1353	1210	1260	1	-1	-1	-1
1230	1367	1227	0	-1	-1	-1
1368	1229	1228	0	-1	-1	-1
1236	1226	1365	1	-1	-1	-1
1319	1321	1187	1	-1	-1	-1
1321	1320	1187	1	-1	-1	-1
1362	1223	1244	0	-1	-1	-1
1230	1229	1370	0	-1	-1	-1
1234	1368	1228	0	-1	-1	-1
1189	1318	1325	1	-1	-1	-1
1322	1323	1188	1	-1	-1	-1
1355	1268	1212	1	-1	-1	-1
1189	1324	1322	1	-1	-1	-1
1326	1319	1190	1	-1	-1	-1
1372	1232	1233	0	-1	-1	-1
1372	1234	1232	0	-1	-1	-1
1189	1325	1324	1	-1	-1	-1
1373	1233	1235	0	-1	-1	-1
1323	1328	1191	1	-1	-1	-1
1326	1190	1327	1	-1	-1	-1
1191	1329	1327	1	-1	-1	-1
1236	1375	1237	1	-1	-1	-1
1191	1328	1329	1	-1	-1	-1
1237	1376	1238	1	-1	-1	-1
1330	1193	1331	1	-1	-1	-1
1332	1331	1193	1	-1	-1	-1
1378	1240	1239	1	-1	-1	-1
1330	1333	1194	1	-1	-1	-1
1379	1241	1240	1	-1	-1	-1
1332	1196	1335	1	-1	-1	-1
1377	1249	1238	1	-1	-1	-1
1334	1335	1196	1	-1	-1	-1
1243	1380	1242	1	-1	-1	-1
1379	1246	1241	1	-1	-1	-1
1380	1244	1242	1	-1	-1	-1
1337	1334	1197	1	-1	-1	-1
1245	1381	1243	1	-1	-1	-1
1337	1197	1336	1	-1	-1	-1
1383	1245	1246	1	-1	-1	-1
1199	1339	1338	1	-1	-1	-1
1339	1199	1340	1	-1	-1	-1
1247	1248	1385	0	-1	-1	-1
1201	1343	1336	5	-1	-1	-1
1295	1292	1293	1	-1	-1	-1
1200	1341	1340	1	-1	-1	-1
1250	1247	1385	0	-1	-1	-1
1386	1248	1249	0	-1	-1	-1
1345	1203	1338	5	-1	-1	-1
1343	1201	1342	5	-1	-1	-1
1344	1342	1202	5	-1	-1	-1
1388	1253	1250	0	-1	-1	-1
1344	1203	1345	5	-1	-1	-1
1390	1251	1252	0	-1	-1	-1
1255	1251	1389	0	-1	-1	-1
1207	1350	1341	1	-1	-1	-1
1252	1254	1392	0	-1	-1	-1
1211	1333	1354	1	-1	-1	-1
1346	1205	1347	1	-1	-1	-1
1393	1254	1253	0	-1	-1	-1
1349	1206	1346	1	-1	-1	-1
1206	1349	1348	1	-1	-1	-1
1350	1207	1348	1	-1	-1	-1
1347	1208	1351	1	-1	-1	-1
1395	1257	1255	0	-1	-1	-1
1256	1257	1396	0	-1	-1	-1
1396	1258	1256	0	-1	-1	-1
1352	1351	1209	1	-1	-1	-1
1352	1210	1353	1	-1	-1	-1
1258	1399	1259	0	-1	-1	-1
1259	1399	1261	0	-1	-1	-1
1212	1356	1355	1	-1	-1	-1
1263	1401	1260	1	-1	-1	-1
1402	1262	1261	0	-1	-1	-1
1356	1213	1358	1	-1	-1	-1
1358	1213	1357	1	-1	-1	-1
1403	1264	1262	0	-1	-1	-1
1359	1357	1214	1	-1	-1	-1
1354	1361	1216	1	-1	-1	-1
1405	1263	1264	1	-1	-1	-1
1359	1215	1360	1	-1	-1	-1
1360	1216	1361	1	-1	-1	-1
1265	1266	1407	1	-1	-1	-1
1407	1269	1265	1	-1	-1	-1
1267	1408	1266	1	-1	-1	-1
1409	1267	1268	1	-1	-1	-1
1363	1225	1364	0	-1	-1	-1
1270	1271	1411	4	-1	-1	-1
1269	1410	1275	4	-1	-1	-1
1363	1365	1226	0	-1	-1	-1
1366	1364	1227	0	-1	-1	-1
1274	1412	1271	4	-1	-1	-1
1411	1276	1270	4	-1	-1	-1
1272	1273	1414	4	-1	-1	-1
1272	1414	1274	4	-1	-1	-1
1367	1366	1227	0	-1	-1	-1
1273	1275	1415	4	-1	-1	-1
1229	1368	1369	0	-1	-1	-1
1229	1369	1370	0	-1	-1	-1
1230	1371	1367	0	-1	-1	-1
1230	1370	1371	0	-1	-1	-1
1276	1417	1279	4	-1	-1	-1
1419	1278	1277	1	-1	-1	-1
1279	1418	1277	1	-1	-1	-1
1365	1375	1236	1	-1	-1	-1
1368	1234	1374	0	-1	-1	-1
1372	1233	1373	0	-1	-1	-1
1278	1420	1280	1	-1	-1	-1
1372	1374	1234	0	-1	-1	-1
1280	1422	1282	1	-1	-1	-1
1423	1281	1282	4	-1	-1	-1
1244	1382	1362	0	-1	-1	-1
1375	1376	1237	1	-1	-1	-1
1281	1424	1283	4	-1	-1	-1
1238	1376	1377	1	-1	-1	-1
1379	1240	1378	1	-1	-1	-1
1284	1428	1287	1	-1	-1	-1
1430	1286	1285	1	-1	-1	-1
1284	1288	1429	1	-1	-1	-1
1285	1287	1430	1	-1	-1	-1
1243	1381	1380	1	-1	-1	-1
1382	1244	1380	0	-1	-1	-1
1288	1289	1429	1	-1	-1	-1
1246	1379	1384	1	-1	-1	-1
1381	1245	1383	1	-1	-1	-1
1377	1387	1249	0	-1	-1	-1
1383	1246	1384	1	-1	-1	-1
1353	1260	1401	1	-1	-1	-1
1435	1290	1291	1	-1	-1	-1
1299	1286	1431	1	-1	-1	-1
1283	1426	1309	4	-1	-1	-1
1436	1291	1292	1	-1	-1	-1
1386	1385	1248	0	-1	-1	-1
1429	1289	1302	1	-1	-1	-1
1387	1386	1249	0	-1	-1	-1
1250	1385	1388	0	-1	-1	-1
1295	1437	1292	1	-1	-1	-1
1298	1294	1438	1	-1	-1	-1
1296	1439	1295	1	-1	-1	-1
1390	1389	1251	0	-1	-1	-1
1294	1299	1438	1	-1	-1	-1
1409	1268	1355	1	-1	-1	-1
1252	1391	1390	0	-1	-1	-1
1297	1440	1296	1	-1	-1	-1
1388	1393	1253	0	-1	-1	-1
1392	1391	1252	0	-1	-1	-1
1298	1441	1297	1	-1	-1	-1
1255	1389	1395	0	-1	-1	-1
1392	1254	1394	0	-1	-1	-1
1254	1393	1394	0	-1	-1	-1
1446	1301	1300	1	-1	-1	-1
1257	1397	1396	0	-1	-1	-1
1395	1398	1257	0	-1	-1	-1
1446	1300	1306	1	-1	-1	-1
1397	1257	1398	0	-1	-1	-1
1447	1305	1301	1	-1	-1	-1
1303	1448	1302	1	-1	-1	-1
1396	1400	1258	0	-1	-1	-1
1258	1400	1399	0	-1	-1	-1
1304	1450	1303	1	-1	-1	-1
1304	1305	1451	1	-1	-1	-1
1402	1261	1399	0	-1	-1	-1
1307	1453	1306	1	-1	-1	-1
1262	1402	1403	0	-1	-1	-1
1401	1263	1404	1	-1	-1	-1
1263	1405	1404	1	-1	-1	-1
1455	1308	1309	4	-1	-1	-1
1406	1264	1403	0	-1	-1	-1
1456	1311	1308	4	-1	-1	-1
1406	1405	1264	0	-1	-1	-1
1311	1458	1310	4	-1	-1	-1
1453	1307	1320	1	-1	-1	-1
1408	1407	1266	1	-1	-1	-1
1458	1314	1310	4	-1	-1	-1
1409	1408	1267	1	-1	-1	-1
1313	1312	1460	1	-1	-1	-1
1407	1410	1269	4	-1	-1	-1
1314	1461	1312	4	-1	-1	-1
1316	1313	1462	1	-1	-1	-1
1413	1411	1271	4	-1	-1	-1
1271	1412	1413	4	-1	-1	-1
1317	1464	1315	1	-1	-1	-1
1318	1315	1464	1	-1	-1	-1
1465	1317	1316	1	-1	-1	-1
1410	1415	1275	4	-1	-1	-1
1274	1416	1412	4	-1	-1	-1
1273	1415	1414	4	-1	-1	-1
1416	1274	1414	4	-1	-1	-1
1276	1411	1417	4	-1	-1	-1
1319	1468	1321	1	-1	-1	-1
1325	1318	1467	1	-1	-1	-1
1470	1320	1321	1	-1	-1	-1
1418	1419	1277	1	-1	-1	-1
1319	1326	1469	1	-1	-1	-1
1323	1322	1472	1	-1	-1	-1
1421	1279	1417	1	-1	-1	-1
1420	1278	1419	1	-1	-1	-1
1418	1279	1421	1	-1	-1	-1
1322	1324	1473	1	-1	-1	-1
1420	1422	1280	1	-1	-1	-1
1475	1324	1325	1	-1	-1	-1
1323	1474	1328	1	-1	-1	-1
1423	1424	1281	4	-1	-1	-1
1425	1282	1422	1	-1	-1	-1
1282	1425	1423	1	-1	-1	-1
1327	1478	1326	1	-1	-1	-1
1283	1424	1427	4	-1	-1	-1
1426	1283	1427	4	-1	-1	-1
1327	1329	1480	1	-1	-1	-1
1481	1329	1328	1	-1	-1	-1
1378	1384	1379	1	-1	-1	-1
1284	1429	1428	1	-1	-1	-1
1330	1331	1484	1	-1	-1	-1
1430	1431	1286	1	-1	-1	-1
1333	1330	1484	1	-1	-1	-1
1287	1432	1430	1	-1	-1	-1
1486	1331	1332	1	-1	-1	-1
1434	1287	1428	1	-1	-1	-1
1433	1432	1287	1	-1	-1	-1
1434	1433	1287	1	-1	-1	-1
1332	1335	1487	1	-1	-1	-1
1490	1335	1334	1	-1	-1	-1
1334	1337	1490	1	-1	-1	-1
1435	1291	1436	1	-1	-1	-1
1292	1437	1436	1	-1	-1	-1
1492	1337	1336	5	-1	-1	-1
1437	1295	1439	1	-1	-1	-1
1492	1336	1343	5	-1	-1	-1
1339	1494	1338	5	-1	-1	-1
1339	1340	1495	1	-1	-1	-1
1299	1431	1445	1	-1	-1	-1
1440	1439	1296	1	-1	-1	-1
1489	1354	1333	1	-1	-1	-1
1338	1494	1345	5	-1	-1	-1
1297	1441	1440	1	-1	-1	-1
1341	1498	1340	1	-1	-1	-1
1298	1438	1444	1	-1	-1	-1
1302	1449	1429	1	-1	-1	-1
1298	1442	1441	1	-1	-1	-1
1438	1299	1445	1	-1	-1	-1
1298	1443	1442	1	-1	-1	-1
1343	1342	1499	5	-1	-1	-1
1499	1342	1344	5	-1	-1	-1
1443	1298	1444	1	-1	-1	-1
1498	1341	1350	1	-1	-1	-1
1344	1345	1503	5	-1	-1	-1
1426	1457	1309	4	-1	-1	-1
1447	1301	1446	1	-1	-1	-1
1347	1505	1346	1	-1	-1	-1
1302	1448	1449	1	-1	-1	-1
1505	1349	1346	1	-1	-1	-1
1448	1303	1450	1	-1	-1	-1
1402	1399	1400	0	-1	-1	-1
1347	1351	1506	1	-1	-1	-1
1452	1305	1447	1	-1	-1	-1
1304	1451	1450	1	-1	-1	-1
1507	1350	1348	1	-1	-1	-1
1446	1306	1453	1	-1	-1	-1
1508	1348	1349	1	-1	-1	-1
1452	1451	1305	1	-1	-1	-1
1511	1351	1352	1	-1	-1	-1
1455	1454	1308	4	-1	-1	-1
1308	1454	1456	4	-1	-1	-1
1515	1352	1353	1	-1	-1	-1
1457	1455	1309	4	-1	-1	-1
1459	1311	1456	4	-1	-1	-1
1459	1458	1311	4	-1	-1	-1
1518	1355	1356	1	-1	-1	-1
1354	1517	1361	1	-1	-1	-1
1460	1312	1461	4	-1	-1	-1
1519	1356	1358	1	-1	-1	-1
1460	1462	1313	1	-1	-1	-1
1458	1463	1314	4	-1	-1	-1
1358	1357	1521	1	-1	-1	-1
1521	1357	1359	1	-1	-1	-1
1463	1461	1314	4	-1	-1	-1
1413	1417	1411	4	-1	-1	-1
1523	1359	1360	1	-1	-1	-1
1462	1465	1316	1	-1	-1	-1
1470	1453	1320	1	-1	-1	-1
1360	1361	1525	1	-1	-1	-1
1464	1317	1466	1	-1	-1	-1
1317	1465	1466	1	-1	-1	-1
1467	1318	1464	1	-1	-1	-1
1526	1363	1364	0	-1	-1	-1
1365	1363	1526	0	-1	-1	-1
1468	1319	1469	1	-1	-1	-1
1364	1366	1527	0	-1	-1	-1
1468	1471	1321	1	-1	-1	-1
1321	1471	1470	1	-1	-1	-1
1530	1366	1367	0	-1	-1	-1
1473	1472	1322	1	-1	-1	-1
1375	1365	1528	1	-1	-1	-1
1467	1476	1325	1	-1	-1	-1
1472	1474	1323	1	-1	-1	-1
1367	1371	1532	0	-1	-1	-1
1401	1516	1353	1	-1	-1	-1
1369	1368	1534	0	-1	-1	-1
1473	1324	1475	1	-1	-1	-1
1326	1477	1469	1	-1	-1	-1
1536	1370	1369	0	-1	-1	-1
1368	1374	1534	0	-1	-1	-1
1476	1475	1325	1	-1	-1	-1
1371	1370	1537	0	-1	-1	-1
1477	1326	1478	1	-1	-1	-1
1518	1409	1355	1	-1	-1	-1
1328	1474	1481	1	-1	-1	-1
1479	1478	1327	1	-1	-1	-1
1540	1372	1373	0	-1	-1	-1
1372	1540	1374	0	-1	-1	-1
1327	1480	1479	1	-1	-1	-1
1329	1482	1480	1	-1	-1	-1
1481	1483	1329	1	-1	-1	-1
1416	1519	1358	1	-1	-1	-1
1482	1329	1483	1	-1	-1	-1
1375	1543	1376	1	-1	-1	-1
1416	1358	1521	1	-1	-1	-1
1544	1377	1376	1	-1	-1	-1
1331	1485	1484	1	-1	-1	-1
1331	1486	1485	1	-1	-1	-1
1484	1488	1333	1	-1	-1	-1
1487	1486	1332	1	-1	-1	-1
1449	1428	1429	1	-1	-1	-1
1546	1380	1381	0	-1	-1	-1
1382	1380	1546	0	-1	-1	-1
1377	1545	1387	0	-1	-1	-1
1489	1333	1488	1	-1	-1	-1
1547	1381	1383	0	-1	-1	-1
1428	1449	1434	1	-1	-1	-1
1491	1487	1335	1	-1	-1	-1
1383	1384	1547	0	-1	-1	-1
1335	1490	1491	1	-1	-1	-1
1385	1386	1548	0	-1	-1	-1
1337	1493	1490	5	-1	-1	-1
1388	1385	1548	0	-1	-1	-1
1337	1492	1493	5	-1	-1	-1
1550	1386	1387	0	-1	-1	-1
1444	1438	1445	1	-1	-1	-1
1496	1494	1339	5	-1	-1	-1
1496	1339	1495	5	-1	-1	-1
1553	1389	1390	1	-1	-1	-1
1495	1340	1497	1	-1	-1	-1
1552	1393	1388	0	-1	-1	-1
1497	1340	1498	1	-1	-1	-1
1500	1492	1343	5	-1	-1	-1
1555	1390	1391	1	-1	-1	-1
1389	1554	1395	1	-1	-1	-1
1392	1557	1391	0	-1	-1	-1
1345	1494	1504	5	-1	-1	-1
1343	1499	1501	5	-1	-1	-1
1500	1343	1501	5	-1	-1	-1
1392	1394	1558	0	-1	-1	-1
1344	1502	1499	5	-1	-1	-1
1410	1520	1415	4	-1	-1	-1
1394	1393	1559	0	-1	-1	-1
1521	1413	1412	1	-1	-1	-1
1414	1415	1519	4	-1	-1	-1
1519	1416	1414	4	-1	-1	-1
1416	1521	1412	1	-1	-1	-1
1502	1344	1503	5	-1	-1	-1
1417	1413	1522	1	-1	-1	-1
1345	1504	1503	5	-1	-1	-1
1562	1398	1395	1	-1	-1	-1
1397	1563	1396	0	-1	-1	-1
1506	1505	1347	1	-1	-1	-1
1498	1350	1510	1	-1	-1	-1
1564	1397	1398	0	-1	-1	-1
1400	1396	1563	0	-1	-1	-1
1421	1417	1522	1	-1	-1	-1
1354	1489	1517	1	-1	-1	-1
1508	1507	1348	1	-1	-1	-1
1509	1349	1505	1	-1	-1	-1
1508	1349	1509	1	-1	-1	-1
1510	1350	1507	1	-1	-1	-1
1402	1400	1566	0	-1	-1	-1
1513	1506	1351	1	-1	-1	-1
1404	1567	1401	1	-1	-1	-1
1351	1511	1512	1	-1	-1	-1
1402	1569	1403	0	-1	-1	-1
1513	1351	1512	1	-1	-1	-1
1511	1352	1514	1	-1	-1	-1
1570	1406	1403	0	-1	-1	-1
1459	1463	1458	4	-1	-1	-1
1352	1515	1514	1	-1	-1	-1
1404	1405	1573	1	-1	-1	-1
1353	1516	1515	1	-1	-1	-1
1406	1574	1405	0	-1	-1	-1
1408	1576	1407	4	-1	-1	-1
1576	1408	1409	1	-1	-1	-1
1410	1407	1576	4	-1	-1	-1
1520	1518	1356	1	-1	-1	-1
1356	1519	1520	1	-1	-1	-1
1521	1359	1522	1	-1	-1	-1
1361	1517	1525	1	-1	-1	-1
1359	1523	1522	1	-1	-1	-1
1360	1524	1523	1	-1	-1	-1
1360	1525	1524	1	-1	-1	-1
1419	1418	1577	1	-1	-1	-1
1578	1418	1421	1	-1	-1	-1
1527	1526	1364	0	-1	-1	-1
1420	1419	1579	1	-1	-1	-1
1365	1526	1528	0	-1	-1	-1
1366	1529	1527	0	-1	-1	-1
1420	1581	1422	1	-1	-1	-1
1529	1366	1530	0	-1	-1	-1
1422	1583	1425	1	-1	-1	-1
1530	1367	1533	0	-1	-1	-1
1367	1532	1531	0	-1	-1	-1
1367	1531	1533	0	-1	-1	-1
1584	1423	1425	1	-1	-1	-1
1585	1424	1423	4	-1	-1	-1
1586	1427	1424	4	-1	-1	-1
1535	1369	1534	0	-1	-1	-1
1536	1369	1535	0	-1	-1	-1
1427	1588	1426	4	-1	-1	-1
1539	1532	1371	0	-1	-1	-1
1538	1370	1536	0	-1	-1	-1
1538	1537	1370	0	-1	-1	-1
1528	1543	1375	1	-1	-1	-1
1537	1539	1371	0	-1	-1	-1
1374	1542	1534	0	-1	-1	-1
1430	1590	1431	1	-1	-1	-1
1590	1430	1432	1	-1	-1	-1
1520	1519	1415	4	-1	-1	-1
1373	1541	1540	0	-1	-1	-1
1432	1433	1591	1	-1	-1	-1
1521	1522	1413	1	-1	-1	-1
1540	1542	1374	0	-1	-1	-1
1593	1433	1434	1	-1	-1	-1
1376	1543	1544	1	-1	-1	-1
1421	1522	1523	1	-1	-1	-1
1431	1590	1445	1	-1	-1	-1
1544	1545	1377	0	-1	-1	-1
1596	1435	1436	1	-1	-1	-1
1437	1596	1436	1	-1	-1	-1
1457	1426	1588	4	-1	-1	-1
1597	1437	1439	1	-1	-1	-1
1547	1546	1381	0	-1	-1	-1
1440	1598	1439	1	-1	-1	-1
1434	1449	1594	1	-1	-1	-1
1440	1441	1600	1	-1	-1	-1
1386	1549	1548	0	-1	-1	-1
1442	1600	1441	1	-1	-1	-1
1551	1387	1545	0	-1	-1	-1
1549	1386	1550	0	-1	-1	-1
1493	1492	1500	5	-1	-1	-1
1401	1568	1516	1	-1	-1	-1
1442	1443	1601	1	-1	-1	-1
1388	1548	1552	0	-1	-1	-1
1550	1387	1551	0	-1	-1	-1
1444	1602	1443	1	-1	-1	-1
1603	1444	1445	1	-1	-1	-1
1504	1494	1496	5	-1	-1	-1
1553	1554	1389	1	-1	-1	-1
1555	1553	1390	1	-1	-1	-1
1447	1446	1605	1	-1	-1	-1
1556	1555	1391	1	-1	-1	-1
1409	1518	1576	1	-1	-1	-1
1552	1559	1393	0	-1	-1	-1
1391	1557	1556	1	-1	-1	-1
1453	1605	1446	1	-1	-1	-1
1447	1606	1452	1	-1	-1	-1
1608	1449	1448	1	-1	-1	-1
1520	1410	1576	4	-1	-1	-1
1448	1450	1608	1	-1	-1	-1
1558	1557	1392	0	-1	-1	-1
1451	1609	1450	1	-1	-1	-1
1554	1562	1395	1	-1	-1	-1
1560	1394	1559	0	-1	-1	-1
1451	1452	1610	1	-1	-1	-1
1561	1558	1394	0	-1	-1	-1
1394	1560	1561	0	-1	-1	-1
1613	1454	1455	4	-1	-1	-1
1421	1523	1578	1	-1	-1	-1
1456	1454	1614	4	-1	-1	-1
1564	1563	1397	0	-1	-1	-1
1562	1565	1398	1	-1	-1	-1
1457	1615	1455	4	-1	-1	-1
1564	1398	1565	1	-1	-1	-1
1563	1566	1400	0	-1	-1	-1
1456	1617	1459	4	-1	-1	-1
1612	1453	1470	1	-1	-1	-1
1568	1401	1567	1	-1	-1	-1
1402	1566	1569	0	-1	-1	-1
1463	1459	1620	4	-1	-1	-1
1621	1462	1460	1	-1	-1	-1
1567	1404	1572	1	-1	-1	-1
1569	1571	1403	0	-1	-1	-1
1622	1460	1461	4	-1	-1	-1
1570	1403	1571	0	-1	-1	-1
1463	1623	1461	4	-1	-1	-1
1465	1462	1621	1	-1	-1	-1
1573	1572	1404	1	-1	-1	-1
1570	1575	1406	0	-1	-1	-1
1405	1574	1573	0	-1	-1	-1
1464	1466	1624	1	-1	-1	-1
1406	1575	1574	0	-1	-1	-1
1464	1624	1467	1	-1	-1	-1
1466	1465	1625	1	-1	-1	-1
1472	1613	1474	1	-1	-1	-1
1473	1614	1472	1	-1	-1	-1
1468	1469	1628	1	-1	-1	-1
1471	1468	1627	1	-1	-1	-1
1467	1626	1476	1	-1	-1	-1
1474	1615	1481	1	-1	-1	-1
1470	1471	1630	1	-1	-1	-1
1418	1578	1577	1	-1	-1	-1
1629	1469	1477	1	-1	-1	-1
1419	1577	1580	1	-1	-1	-1
1579	1419	1580	1	-1	-1	-1
1475	1633	1473	1	-1	-1	-1
1579	1582	1420	1	-1	-1	-1
1481	1619	1483	1	-1	-1	-1
1581	1420	1582	1	-1	-1	-1
1476	1634	1475	1	-1	-1	-1
1583	1422	1581	1	-1	-1	-1
1478	1637	1477	1	-1	-1	-1
1584	1585	1423	1	-1	-1	-1
1583	1587	1425	1	-1	-1	-1
1585	1586	1424	4	-1	-1	-1
1639	1478	1479	1	-1	-1	-1
1584	1425	1587	1	-1	-1	-1
1640	1479	1480	1	-1	-1	-1
1586	1589	1427	4	-1	-1	-1
1589	1588	1427	4	-1	-1	-1
1642	1480	1482	1	-1	-1	-1
1482	1483	1645	1	-1	-1	-1
1591	1590	1432	1	-1	-1	-1
1518	1520	1576	1	-1	-1	-1
1592	1591	1433	1	-1	-1	-1
1485	1647	1484	1	-1	-1	-1
1593	1592	1433	1	-1	-1	-1
1488	1484	1647	1	-1	-1	-1
1486	1648	1485	1	-1	-1	-1
1594	1593	1434	1	-1	-1	-1
1486	1487	1649	1	-1	-1	-1
1542	1540	1541	0	-1	-1	-1
1524	1578	1523	1	-1	-1	-1
1435	1596	1595	1	-1	-1	-1
1488	1650	1489	1	-1	-1	-1
1649	1487	1491	1	-1	-1	-1
1437	1597	1596	1	-1	-1	-1
1490	1653	1491	5	-1	-1	-1
1597	1439	1598	1	-1	-1	-1
1653	1490	1493	5	-1	-1	-1
1440	1599	1598	1	-1	-1	-1
1590	1603	1445	1	-1	-1	-1
1440	1600	1599	1	-1	-1	-1
1601	1600	1442	1	-1	-1	-1
1601	1443	1602	1	-1	-1	-1
1496	1495	1656	5	-1	-1	-1
1495	1497	1656	5	-1	-1	-1
1500	1655	1493	5	-1	-1	-1
1602	1444	1604	1	-1	-1	-1
1444	1603	1604	1	-1	-1	-1
1449	1608	1594	1	-1	-1	-1
1497	1498	1659	1	-1	-1	-1
1517	1489	1651	1	-1	-1	-1
1496	1658	1504	5	-1	-1	-1
1607	1447	1605	1	-1	-1	-1
1607	1606	1447	1	-1	-1	-1
1501	1499	1661	5	-1	-1	-1
1661	1499	1502	5	-1	-1	-1
1662	1500	1501	5	-1	-1	-1
1588	1618	1457	4	-1	-1	-1
1608	1450	1609	1	-1	-1	-1
1498	1510	1659	1	-1	-1	-1
1452	1606	1611	1	-1	-1	-1
1612	1605	1453	1	-1	-1	-1
1665	1502	1503	5	-1	-1	-1
1609	1451	1610	1	-1	-1	-1
1503	1504	1666	5	-1	-1	-1
1611	1610	1452	1	-1	-1	-1
1669	1505	1506	1	-1	-1	-1
1613	1614	1454	4	-1	-1	-1
1455	1615	1613	4	-1	-1	-1
1456	1614	1616	4	-1	-1	-1
1509	1505	1669	1	-1	-1	-1
1507	1508	1672	1	-1	-1	-1
1507	1671	1510	1	-1	-1	-1
1456	1616	1617	4	-1	-1	-1
1670	1506	1513	1	-1	-1	-1
1457	1619	1615	4	-1	-1	-1
1509	1674	1508	1	-1	-1	-1
1566	1563	1564	0	-1	-1	-1
1457	1618	1619	4	-1	-1	-1
1459	1617	1620	4	-1	-1	-1
1472	1614	1613	1	-1	-1	-1
1512	1511	1677	1	-1	-1	-1
1615	1474	1613	1	-1	-1	-1
1460	1622	1621	4	-1	-1	-1
1614	1473	1616	1	-1	-1	-1
1678	1511	1514	1	-1	-1	-1
1463	1620	1623	4	-1	-1	-1
1512	1681	1513	1	-1	-1	-1
1622	1461	1623	4	-1	-1	-1
1625	1465	1621	1	-1	-1	-1
1630	1612	1470	1	-1	-1	-1
1515	1685	1514	1	-1	-1	-1
1615	1619	1481	1	-1	-1	-1
1466	1625	1624	1	-1	-1	-1
1515	1516	1686	1	-1	-1	-1
1467	1624	1626	1	-1	-1	-1
1633	1616	1473	1	-1	-1	-1
1627	1468	1628	1	-1	-1	-1
1628	1469	1629	1	-1	-1	-1
1525	1517	1688	1	-1	-1	-1
1627	1632	1471	1	-1	-1	-1
1630	1471	1631	1	-1	-1	-1
1631	1471	1632	1	-1	-1	-1
1635	1476	1626	1	-1	-1	-1
1689	1524	1525	1	-1	-1	-1
1636	1629	1477	1	-1	-1	-1
1633	1475	1634	1	-1	-1	-1
1692	1526	1527	0	-1	-1	-1
1634	1476	1635	1	-1	-1	-1
1692	1528	1526	0	-1	-1	-1
1619	1646	1483	1	-1	-1	-1
1693	1527	1529	0	-1	-1	-1
1637	1636	1477	1	-1	-1	-1
1637	1478	1638	1	-1	-1	-1
1638	1478	1639	1	-1	-1	-1
1696	1529	1530	0	-1	-1	-1
1641	1639	1479	1	-1	-1	-1
1640	1641	1479	1	-1	-1	-1
1530	1533	1697	0	-1	-1	-1
1699	1531	1532	0	-1	-1	-1
1533	1531	1698	0	-1	-1	-1
1640	1480	1643	1	-1	-1	-1
1694	1543	1528	1	-1	-1	-1
1480	1642	1643	1	-1	-1	-1
1482	1644	1642	1	-1	-1	-1
1699	1532	1539	0	-1	-1	-1
1702	1535	1534	0	-1	-1	-1
1482	1645	1644	1	-1	-1	-1
1687	1516	1568	1	-1	-1	-1
1536	1535	1703	0	-1	-1	-1
1645	1483	1646	1	-1	-1	-1
1701	1534	1542	0	-1	-1	-1
1696	1530	1551	0	-1	-1	-1
1530	1697	1551	0	-1	-1	-1
1648	1647	1485	1	-1	-1	-1
1538	1536	1706	0	-1	-1	-1
1707	1537	1538	0	-1	-1	-1
1539	1537	1707	0	-1	-1	-1
1649	1648	1486	1	-1	-1	-1
1488	1647	1650	1	-1	-1	-1
1652	1489	1650	1	-1	-1	-1
1651	1489	1652	1	-1	-1	-1
1578	1524	1690	1	-1	-1	-1
1551	1545	1696	0	-1	-1	-1
1541	1711	1542	0	-1	-1	-1
1649	1491	1654	5	-1	-1	-1
1550	1697	1549	0	-1	-1	-1
1700	1548	1549	0	-1	-1	-1
1491	1653	1654	5	-1	-1	-1
1551	1697	1550	0	-1	-1	-1
1544	1543	1712	1	-1	-1	-1
1552	1548	1700	0	-1	-1	-1
1493	1655	1653	5	-1	-1	-1
1544	1713	1545	0	-1	-1	-1
1496	1656	1657	5	-1	-1	-1
1658	1496	1657	5	-1	-1	-1
1656	1497	1660	5	-1	-1	-1
1660	1497	1659	5	-1	-1	-1
1662	1655	1500	5	-1	-1	-1
1715	1554	1553	1	-1	-1	-1
1555	1716	1553	1	-1	-1	-1
1552	1714	1559	0	-1	-1	-1
1662	1501	1663	5	-1	-1	-1
1661	1664	1501	5	-1	-1	-1
1661	1502	1665	5	-1	-1	-1
1664	1663	1501	5	-1	-1	-1
1555	1556	1718	1	-1	-1	-1
1504	1658	1668	5	-1	-1	-1
1720	1556	1557	1	-1	-1	-1
1717	1562	1554	1	-1	-1	-1
1665	1503	1667	5	-1	-1	-1
1721	1557	1558	0	-1	-1	-1
1667	1503	1666	5	-1	-1	-1
1666	1504	1668	5	-1	-1	-1
1722	1558	1561	0	-1	-1	-1
1723	1560	1559	0	-1	-1	-1
1669	1506	1670	1	-1	-1	-1
1659	1510	1676	1	-1	-1	-1
1560	1725	1561	0	-1	-1	-1
1507	1672	1671	1	-1	-1	-1
1675	1509	1669	1	-1	-1	-1
1508	1673	1672	1	-1	-1	-1
1562	1727	1565	1	-1	-1	-1
1508	1674	1673	1	-1	-1	-1
1651	1688	1517	1	-1	-1	-1
1565	1728	1564	1	-1	-1	-1
1676	1510	1671	1	-1	-1	-1
1675	1674	1509	1	-1	-1	-1
1564	1729	1566	0	-1	-1	-1
1566	1729	1569	0	-1	-1	-1
1567	1731	1568	1	-1	-1	-1
1616	1633	1617	4	-1	-1	-1
1683	1670	1513	1	-1	-1	-1
1677	1511	1679	1	-1	-1	-1
1511	1678	1679	1	-1	-1	-1
1680	1512	1677	1	-1	-1	-1
1567	1572	1731	1	-1	-1	-1
1617	1633	1620	4	-1	-1	-1
1571	1569	1733	0	-1	-1	-1
1682	1512	1680	1	-1	-1	-1
1682	1681	1512	1	-1	-1	-1
1571	1735	1570	0	-1	-1	-1
1685	1678	1514	1	-1	-1	-1
1634	1623	1620	4	-1	-1	-1
1681	1684	1513	1	-1	-1	-1
1513	1684	1683	1	-1	-1	-1
1575	1570	1735	0	-1	-1	-1
1635	1622	1623	4	-1	-1	-1
1619	1618	1646	4	-1	-1	-1
1572	1573	1739	1	-1	-1	-1
1685	1515	1686	1	-1	-1	-1
1620	1633	1634	4	-1	-1	-1
1741	1573	1574	0	-1	-1	-1
1516	1687	1686	1	-1	-1	-1
1575	1742	1574	0	-1	-1	-1
1635	1623	1634	4	-1	-1	-1
1578	1744	1577	1	-1	-1	-1
1744	1580	1577	1	-1	-1	-1
1524	1689	1690	1	-1	-1	-1
1745	1579	1580	5	-1	-1	-1
1525	1688	1691	1	-1	-1	-1
1689	1525	1691	1	-1	-1	-1
1582	1579	1746	5	-1	-1	-1
1581	1582	1748	1	-1	-1	-1
1693	1692	1527	0	-1	-1	-1
1581	1748	1583	1	-1	-1	-1
1694	1528	1692	0	-1	-1	-1
1529	1695	1693	0	-1	-1	-1
1695	1529	1696	0	-1	-1	-1
1751	1587	1583	1	-1	-1	-1
1585	1584	1753	1	-1	-1	-1
1752	1584	1587	1	-1	-1	-1
1585	1754	1586	4	-1	-1	-1
1698	1531	1699	0	-1	-1	-1
1697	1533	1700	0	-1	-1	-1
1586	1755	1589	4	-1	-1	-1
1533	1698	1700	0	-1	-1	-1
1757	1588	1589	4	-1	-1	-1
1534	1701	1702	0	-1	-1	-1
1535	1702	1703	0	-1	-1	-1
1590	1591	1760	1	-1	-1	-1
1703	1705	1536	0	-1	-1	-1
1592	1761	1591	1	-1	-1	-1
1536	1705	1704	0	-1	-1	-1
1697	1700	1549	0	-1	-1	-1
1536	1704	1706	0	-1	-1	-1
1593	1762	1592	1	-1	-1	-1
1710	1699	1539	0	-1	-1	-1
1712	1543	1694	1	-1	-1	-1
1593	1594	1764	1	-1	-1	-1
1706	1708	1538	0	-1	-1	-1
1760	1603	1590	1	-1	-1	-1
1713	1696	1545	0	-1	-1	-1
1538	1709	1707	0	-1	-1	-1
1542	1711	1701	0	-1	-1	-1
1709	1538	1708	0	-1	-1	-1
1707	1710	1539	0	-1	-1	-1
1766	1595	1596	1	-1	-1	-1
1766	1596	1597	1	-1	-1	-1
1597	1598	1767	1	-1	-1	-1
1757	1618	1588	4	-1	-1	-1
1768	1598	1599	1	-1	-1	-1
1552	1700	1714	0	-1	-1	-1
1608	1764	1594	1	-1	-1	-1
1760	1604	1603	1	-1	-1	-1
1769	1599	1600	1	-1	-1	-1
1544	1712	1713	0	-1	-1	-1
1601	1770	1600	1	-1	-1	-1
1656	1660	1657	5	-1	-1	-1
1601	1602	1771	1	-1	-1	-1
1604	1773	1602	1	-1	-1	-1
1716	1715	1553	1	-1	-1	-1
1715	1717	1554	1	-1	-1	-1
1732	1687	1568	1	-1	-1	-1
1607	1605	1775	1	-1	-1	-1
1776	1606	1607	1	-1	-1	-1
1555	1719	1716	1	-1	-1	-1
1719	1555	1718	1	-1	-1	-1
1605	1612	1775	1	-1	-1	-1
1611	1606	1776	1	-1	-1	-1
1720	1718	1556	1	-1	-1	-1
1608	1609	1779	1	-1	-1	-1
1559	1714	1724	0	-1	-1	-1
1720	1557	1721	1	-1	-1	-1
1609	1610	1780	1	-1	-1	-1
1722	1721	1558	0	-1	-1	-1
1611	1781	1610	1	-1	-1	-1
1559	1724	1723	0	-1	-1	-1
1717	1727	1562	1	-1	-1	-1
1725	1560	1723	0	-1	-1	-1
1561	1726	1722	0	-1	-1	-1
1744	1578	1690	1	-1	-1	-1
1561	1725	1726	0	-1	-1	-1
1775	1612	1630	1	-1	-1	-1
1664	1691	1663	5	-1	-1	-1
1646	1618	1757	4	-1	-1	-1
1729	1564	1728	1	-1	-1	-1
1730	1565	1727	1	-1	-1	-1
1728	1565	1730	1	-1	-1	-1
1622	1783	1621	4	-1	-1	-1
1625	1621	1783	4	-1	-1	-1
1732	1568	1731	1	-1	-1	-1
1624	1625	1783	1	-1	-1	-1
1569	1729	1734	0	-1	-1	-1
1783	1626	1624	1	-1	-1	-1
1733	1569	1734	0	-1	-1	-1
1627	1628	1784	1	-1	-1	-1
1783	1622	1635	4	-1	-1	-1
1737	1571	1733	0	-1	-1	-1
1629	1785	1628	1	-1	-1	-1
1691	1688	1663	5	-1	-1	-1
1627	1784	1632	1	-1	-1	-1
1572	1740	1731	1	-1	-1	-1
1689	1691	1664	5	-1	-1	-1
1571	1737	1736	0	-1	-1	-1
1571	1738	1735	0	-1	-1	-1
1783	1635	1626	1	-1	-1	-1
1738	1571	1736	0	-1	-1	-1
1786	1630	1631	1	-1	-1	-1
1629	1636	1785	1	-1	-1	-1
1631	1632	1787	1	-1	-1	-1
1572	1739	1740	1	-1	-1	-1
1735	1743	1575	0	-1	-1	-1
1741	1739	1573	0	-1	-1	-1
1741	1574	1742	0	-1	-1	-1
1742	1575	1743	0	-1	-1	-1
1792	1636	1637	1	-1	-1	-1
1638	1793	1637	1	-1	-1	-1
1745	1746	1579	5	-1	-1	-1
1794	1638	1639	1	-1	-1	-1
1580	1744	1747	5	-1	-1	-1
1745	1580	1747	5	-1	-1	-1
1794	1639	1641	1	-1	-1	-1
1640	1795	1641	1	-1	-1	-1
1749	1582	1746	5	-1	-1	-1
1640	1643	1795	1	-1	-1	-1
1748	1582	1749	5	-1	-1	-1
1692	1693	1694	0	-1	-1	-1
1750	1583	1748	1	-1	-1	-1
1642	1799	1643	1	-1	-1	-1
1583	1750	1751	1	-1	-1	-1
1798	1642	1644	1	-1	-1	-1
1752	1753	1584	1	-1	-1	-1
1644	1645	1801	1	-1	-1	-1
1585	1753	1754	1	-1	-1	-1
1645	1646	1802	1	-1	-1	-1
1587	1751	1756	1	-1	-1	-1
1586	1754	1755	4	-1	-1	-1
1587	1756	1752	1	-1	-1	-1
1648	1804	1647	1	-1	-1	-1
1804	1650	1647	1	-1	-1	-1
1804	1648	1649	5	-1	-1	-1
1758	1589	1755	4	-1	-1	-1
1695	1696	1713	0	-1	-1	-1
1759	1757	1589	4	-1	-1	-1
1758	1759	1589	4	-1	-1	-1
1804	1652	1650	1	-1	-1	-1
1804	1649	1654	5	-1	-1	-1
1652	1805	1651	5	-1	-1	-1
1652	1804	1654	5	-1	-1	-1
1805	1652	1654	5	-1	-1	-1
1700	1698	1714	0	-1	-1	-1
1761	1760	1591	1	-1	-1	-1
1805	1654	1653	5	-1	-1	-1
1805	1653	1655	5	-1	-1	-1
1761	1592	1763	1	-1	-1	-1
1762	1763	1592	1	-1	-1	-1
1713	1712	1695	0	-1	-1	-1
1593	1764	1762	1	-1	-1	-1
1724	1698	1699	0	-1	-1	-1
1657	1807	1658	5	-1	-1	-1
1662	1806	1655	5	-1	-1	-1
1808	1657	1660	5	-1	-1	-1
1766	1765	1595	1	-1	-1	-1
1659	1810	1660	5	-1	-1	-1
1767	1766	1597	1	-1	-1	-1
1806	1662	1663	5	-1	-1	-1
1768	1767	1598	1	-1	-1	-1
1724	1699	1710	0	-1	-1	-1
1809	1668	1658	5	-1	-1	-1
1768	1599	1769	1	-1	-1	-1
1664	1661	1811	5	-1	-1	-1
1714	1698	1724	0	-1	-1	-1
1665	1811	1661	5	-1	-1	-1
1774	1604	1760	1	-1	-1	-1
1770	1769	1600	1	-1	-1	-1
1770	1601	1772	1	-1	-1	-1
1771	1772	1601	1	-1	-1	-1
1688	1651	1806	5	-1	-1	-1
1810	1659	1676	5	-1	-1	-1
1813	1665	1667	5	-1	-1	-1
1773	1771	1602	1	-1	-1	-1
1666	1668	1814	5	-1	-1	-1
1666	1815	1667	5	-1	-1	-1
1608	1778	1764	1	-1	-1	-1
1604	1774	1773	1	-1	-1	-1
1688	1806	1663	5	-1	-1	-1
1670	1819	1669	1	-1	-1	-1
1775	1777	1607	1	-1	-1	-1
1607	1777	1776	1	-1	-1	-1
1669	1819	1675	1	-1	-1	-1
1671	1672	1821	1	-1	-1	-1
1689	1664	1811	5	-1	-1	-1
1608	1779	1778	1	-1	-1	-1
1822	1672	1673	1	-1	-1	-1
1821	1676	1671	1	-1	-1	-1
1609	1780	1779	1	-1	-1	-1
1611	1776	1782	1	-1	-1	-1
1674	1823	1673	1	-1	-1	-1
1780	1610	1781	1	-1	-1	-1
1820	1670	1683	1	-1	-1	-1
1824	1674	1675	1	-1	-1	-1
1611	1782	1781	1	-1	-1	-1
1827	1677	1679	1	-1	-1	-1
1677	1827	1680	1	-1	-1	-1
1678	1828	1679	0	-1	-1	-1
1689	1811	1690	5	-1	-1	-1
1775	1630	1786	1	-1	-1	-1
1685	1829	1678	0	-1	-1	-1
1831	1682	1680	1	-1	-1	-1
1832	1681	1682	1	-1	-1	-1
1681	1832	1684	1	-1	-1	-1
1628	1785	1784	1	-1	-1	-1
1835	1683	1684	1	-1	-1	-1
1646	1757	1802	4	-1	-1	-1
1632	1784	1789	1	-1	-1	-1
1631	1788	1786	1	-1	-1	-1
1787	1788	1631	1	-1	-1	-1
1787	1632	1790	1	-1	-1	-1
1686	1839	1685	0	-1	-1	-1
1790	1632	1789	1	-1	-1	-1
1636	1791	1785	1	-1	-1	-1
1841	1686	1687	1	-1	-1	-1
1792	1791	1636	1	-1	-1	-1
1637	1793	1792	1	-1	-1	-1
1638	1794	1793	1	-1	-1	-1
1843	1694	1693	0	-1	-1	-1
1796	1794	1641	1	-1	-1	-1
1695	1843	1693	0	-1	-1	-1
1797	1641	1795	1	-1	-1	-1
1796	1641	1797	1	-1	-1	-1
1800	1795	1643	1	-1	-1	-1
1642	1798	1799	1	-1	-1	-1
1799	1800	1643	1	-1	-1	-1
1798	1644	1801	1	-1	-1	-1
1744	1690	1812	5	-1	-1	-1
1701	1845	1702	0	-1	-1	-1
1712	1694	1843	1	-1	-1	-1
1803	1801	1645	1	-1	-1	-1
1712	1843	1695	0	-1	-1	-1
1803	1645	1802	1	-1	-1	-1
1846	1703	1702	0	-1	-1	-1
1703	1847	1705	0	-1	-1	-1
1844	1701	1711	0	-1	-1	-1
1706	1704	1848	0	-1	-1	-1
1704	1705	1849	0	-1	-1	-1
1842	1687	1732	1	-1	-1	-1
1805	1806	1651	5	-1	-1	-1
1706	1851	1708	0	-1	-1	-1
1805	1655	1806	5	-1	-1	-1
1709	1853	1707	0	-1	-1	-1
1852	1710	1707	0	-1	-1	-1
1854	1709	1708	0	-1	-1	-1
1657	1808	1807	5	-1	-1	-1
1658	1807	1809	5	-1	-1	-1
1808	1660	1810	5	-1	-1	-1
1812	1811	1665	5	-1	-1	-1
1716	1858	1715	1	-1	-1	-1
1857	1717	1715	1	-1	-1	-1
1856	1724	1710	0	-1	-1	-1
1812	1665	1813	5	-1	-1	-1
1859	1716	1719	1	-1	-1	-1
1809	1817	1668	5	-1	-1	-1
1761	1774	1760	1	-1	-1	-1
1814	1815	1666	5	-1	-1	-1
1667	1816	1813	5	-1	-1	-1
1815	1816	1667	5	-1	-1	-1
1719	1718	1862	1	-1	-1	-1
1718	1720	1861	1	-1	-1	-1
1818	1814	1668	5	-1	-1	-1
1724	1856	1723	0	-1	-1	-1
1668	1817	1818	5	-1	-1	-1
1744	1812	1747	5	-1	-1	-1
1727	1717	1860	1	-1	-1	-1
1720	1721	1865	1	-1	-1	-1
1722	1866	1721	0	-1	-1	-1
1670	1820	1819	1	-1	-1	-1
1676	1826	1810	5	-1	-1	-1
1690	1811	1812	5	-1	-1	-1
1822	1821	1672	1	-1	-1	-1
1726	1867	1722	0	-1	-1	-1
1725	1723	1868	0	-1	-1	-1
1823	1822	1673	1	-1	-1	-1
1825	1675	1819	1	-1	-1	-1
1823	1674	1824	1	-1	-1	-1
1870	1726	1725	0	-1	-1	-1
1676	1821	1826	5	-1	-1	-1
1825	1824	1675	1	-1	-1	-1
1727	1871	1730	1	-1	-1	-1
1730	1872	1728	1	-1	-1	-1
1728	1873	1729	1	-1	-1	-1
1829	1828	1678	0	-1	-1	-1
1830	1827	1679	0	-1	-1	-1
1874	1734	1729	1	-1	-1	-1
1830	1679	1828	0	-1	-1	-1
1831	1680	1827	1	-1	-1	-1
1820	1683	1836	1	-1	-1	-1
1732	1731	1876	1	-1	-1	-1
1733	1734	1878	0	-1	-1	-1
1876	1731	1740	1	-1	-1	-1
1834	1682	1831	1	-1	-1	-1
1833	1832	1682	1	-1	-1	-1
1733	1878	1737	0	-1	-1	-1
1834	1833	1682	1	-1	-1	-1
1685	1839	1829	0	-1	-1	-1
1735	1738	1880	0	-1	-1	-1
1736	1737	1881	0	-1	-1	-1
1836	1683	1835	1	-1	-1	-1
1838	1684	1832	1	-1	-1	-1
1882	1738	1736	0	-1	-1	-1
1684	1837	1835	1	-1	-1	-1
1880	1743	1735	0	-1	-1	-1
1684	1838	1837	1	-1	-1	-1
1840	1839	1686	0	-1	-1	-1
1739	1886	1740	1	-1	-1	-1
1741	1887	1739	0	-1	-1	-1
1840	1686	1841	0	-1	-1	-1
1687	1842	1841	1	-1	-1	-1
1747	1812	1813	5	-1	-1	-1
1742	1889	1741	0	-1	-1	-1
1890	1742	1743	0	-1	-1	-1
1891	1746	1745	5	-1	-1	-1
1745	1747	1892	5	-1	-1	-1
1746	1895	1749	5	-1	-1	-1
1844	1845	1701	0	-1	-1	-1
1845	1846	1702	0	-1	-1	-1
1896	1748	1749	5	-1	-1	-1
1896	1750	1748	5	-1	-1	-1
1846	1847	1703	0	-1	-1	-1
1750	1898	1751	1	-1	-1	-1
1848	1704	1849	0	-1	-1	-1
1847	1850	1705	0	-1	-1	-1
1705	1850	1849	0	-1	-1	-1
1706	1848	1851	0	-1	-1	-1
1752	1900	1753	1	-1	-1	-1
1751	1899	1756	1	-1	-1	-1
1756	1901	1752	1	-1	-1	-1
1753	1903	1754	1	-1	-1	-1
1903	1755	1754	4	-1	-1	-1
1853	1852	1707	0	-1	-1	-1
1851	1854	1708	0	-1	-1	-1
1855	1853	1709	0	-1	-1	-1
1854	1855	1709	0	-1	-1	-1
1905	1758	1755	4	-1	-1	-1
1710	1852	1856	0	-1	-1	-1
1908	1757	1759	4	-1	-1	-1
1758	1909	1759	4	-1	-1	-1
1715	1858	1857	1	-1	-1	-1
1716	1859	1858	1	-1	-1	-1
1717	1857	1860	1	-1	-1	-1
1761	1763	1912	1	-1	-1	-1
1914	1763	1762	1	-1	-1	-1
1862	1718	1861	1	-1	-1	-1
1764	1915	1762	1	-1	-1	-1
1864	1859	1719	1	-1	-1	-1
1719	1862	1863	1	-1	-1	-1
1865	1861	1720	1	-1	-1	-1
1719	1863	1864	1	-1	-1	-1
1911	1774	1761	1	-1	-1	-1
1868	1723	1856	0	-1	-1	-1
1766	1919	1765	1	-1	-1	-1
1842	1732	1877	1	-1	-1	-1
1866	1865	1721	1	-1	-1	-1
1747	1813	1892	5	-1	-1	-1
1767	1920	1766	1	-1	-1	-1
1866	1722	1867	0	-1	-1	-1
1920	1767	1768	1	-1	-1	-1
1778	1915	1764	1	-1	-1	-1
1768	1769	1921	1	-1	-1	-1
1860	1871	1727	1	-1	-1	-1
1773	1774	1911	1	-1	-1	-1
1869	1725	1868	0	-1	-1	-1
1769	1770	1923	1	-1	-1	-1
1726	1870	1867	0	-1	-1	-1
1869	1870	1725	0	-1	-1	-1
1923	1770	1772	1	-1	-1	-1
1908	1802	1757	4	-1	-1	-1
1772	1771	1925	1	-1	-1	-1
1773	1926	1771	1	-1	-1	-1
1836	1818	1817	1	-1	-1	-1
1728	1872	1873	1	-1	-1	-1
1871	1875	1730	1	-1	-1	-1
1729	1873	1874	1	-1	-1	-1
1730	1875	1872	1	-1	-1	-1
1775	1930	1777	1	-1	-1	-1
1877	1732	1876	1	-1	-1	-1
1932	1776	1777	1	-1	-1	-1
1874	1879	1734	1	-1	-1	-1
1931	1782	1776	1	-1	-1	-1
1818	1836	1835	1	-1	-1	-1
1879	1878	1734	1	-1	-1	-1
1779	1934	1778	1	-1	-1	-1
1775	1786	1930	1	-1	-1	-1
1935	1779	1780	1	-1	-1	-1
1883	1737	1878	0	-1	-1	-1
1937	1780	1781	1	-1	-1	-1
1882	1736	1881	0	-1	-1	-1
1737	1883	1881	0	-1	-1	-1
1781	1782	1939	1	-1	-1	-1
1880	1738	1885	0	-1	-1	-1
1882	1884	1738	0	-1	-1	-1
1876	1740	1888	1	-1	-1	-1
1788	1930	1786	1	-1	-1	-1
1738	1884	1885	0	-1	-1	-1
1941	1784	1785	1	-1	-1	-1
1739	1887	1886	0	-1	-1	-1
1880	1890	1743	0	-1	-1	-1
1908	1803	1802	4	-1	-1	-1
1740	1886	1888	1	-1	-1	-1
1789	1784	1941	1	-1	-1	-1
1941	1785	1791	1	-1	-1	-1
1887	1741	1889	0	-1	-1	-1
1787	1942	1788	1	-1	-1	-1
1790	1942	1787	1	-1	-1	-1
1892	1813	1816	5	-1	-1	-1
1890	1889	1742	0	-1	-1	-1
1789	1945	1790	1	-1	-1	-1
1745	1893	1891	5	-1	-1	-1
1745	1892	1893	5	-1	-1	-1
1746	1891	1894	5	-1	-1	-1
1792	1950	1791	1	-1	-1	-1
1746	1894	1895	5	-1	-1	-1
1793	1951	1792	1	-1	-1	-1
1895	1896	1749	5	-1	-1	-1
1953	1793	1794	1	-1	-1	-1
1896	1897	1750	5	-1	-1	-1
1796	1953	1794	1	-1	-1	-1
1898	1750	1897	5	-1	-1	-1
1797	1795	1955	1	-1	-1	-1
1899	1751	1898	1	-1	-1	-1
1795	1800	1954	1	-1	-1	-1
1957	1796	1797	1	-1	-1	-1
1902	1900	1752	1	-1	-1	-1
1902	1752	1901	1	-1	-1	-1
1900	1904	1753	1	-1	-1	-1
1961	1799	1798	1	-1	-1	-1
1801	1960	1798	1	-1	-1	-1
1903	1753	1904	1	-1	-1	-1
1906	1756	1899	1	-1	-1	-1
1799	1963	1800	1	-1	-1	-1
1903	1905	1755	4	-1	-1	-1
1756	1907	1901	1	-1	-1	-1
1964	1801	1803	1	-1	-1	-1
1907	1756	1906	1	-1	-1	-1
1905	1909	1758	4	-1	-1	-1
1910	1908	1759	4	-1	-1	-1
1909	1910	1759	4	-1	-1	-1
1808	1965	1807	5	-1	-1	-1
1807	1965	1809	5	-1	-1	-1
1810	1966	1808	5	-1	-1	-1
1761	1913	1911	1	-1	-1	-1
1761	1912	1913	1	-1	-1	-1
1915	1914	1762	1	-1	-1	-1
1912	1763	1917	1	-1	-1	-1
1809	1967	1817	5	-1	-1	-1
1763	1914	1916	1	-1	-1	-1
1917	1763	1916	1	-1	-1	-1
1815	1814	1968	5	-1	-1	-1
1818	1968	1814	5	-1	-1	-1
1816	1815	1970	5	-1	-1	-1
1826	1966	1810	5	-1	-1	-1
1919	1918	1765	1	-1	-1	-1
1920	1919	1766	1	-1	-1	-1
1819	1820	1971	1	-1	-1	-1
1920	1768	1922	1	-1	-1	-1
1921	1922	1768	1	-1	-1	-1
1929	1773	1911	1	-1	-1	-1
1921	1769	1924	1	-1	-1	-1
1821	1822	1972	5	-1	-1	-1
1825	1819	1971	1	-1	-1	-1
1769	1923	1924	1	-1	-1	-1
1822	1823	1972	1	-1	-1	-1
1972	1826	1821	5	-1	-1	-1
1973	1823	1824	1	-1	-1	-1
1967	1836	1817	1	-1	-1	-1
1803	1908	1910	4	-1	-1	-1
1968	1818	1835	1	-1	-1	-1
1925	1771	1926	1	-1	-1	-1
1825	1973	1824	1	-1	-1	-1
1928	1923	1772	1	-1	-1	-1
1927	1772	1925	1	-1	-1	-1
1820	1836	1971	1	-1	-1	-1
1772	1927	1928	1	-1	-1	-1
1934	1915	1778	1	-1	-1	-1
1773	1929	1926	1	-1	-1	-1
1976	1827	1830	0	-1	-1	-1
1827	1976	1831	0	-1	-1	-1
1830	1828	1977	0	-1	-1	-1
1829	1978	1828	0	-1	-1	-1
1932	1931	1776	1	-1	-1	-1
1933	1777	1930	1	-1	-1	-1
1968	1835	1837	1	-1	-1	-1
1932	1777	1933	1	-1	-1	-1
1982	1834	1831	0	-1	-1	-1
1829	1839	1979	0	-1	-1	-1
1934	1779	1935	1	-1	-1	-1
1833	1984	1832	1	-1	-1	-1
1780	1936	1935	1	-1	-1	-1
1933	1930	1788	1	-1	-1	-1
1834	1986	1833	1	-1	-1	-1
1983	1838	1832	1	-1	-1	-1
1937	1936	1780	1	-1	-1	-1
1782	1931	1940	1	-1	-1	-1
1937	1781	1938	1	-1	-1	-1
1939	1938	1781	1	-1	-1	-1
1939	1782	1940	1	-1	-1	-1
1837	1838	1988	1	-1	-1	-1
1943	1933	1788	1	-1	-1	-1
1991	1839	1840	0	-1	-1	-1
1788	1942	1943	1	-1	-1	-1
1841	1993	1840	0	-1	-1	-1
1789	1941	1944	1	-1	-1	-1
1803	1910	1964	4	-1	-1	-1
1970	1892	1816	5	-1	-1	-1
1841	1842	1995	1	-1	-1	-1
1944	1945	1789	1	-1	-1	-1
1942	1790	1949	1	-1	-1	-1
1947	1790	1945	1	-1	-1	-1
1941	1791	1950	1	-1	-1	-1
1948	1946	1790	1	-1	-1	-1
1949	1790	1946	1	-1	-1	-1
1790	1947	1948	1	-1	-1	-1
1997	1845	1844	0	-1	-1	-1
1845	1998	1846	0	-1	-1	-1
1846	1999	1847	0	-1	-1	-1
1792	1951	1950	1	-1	-1	-1
1793	1952	1951	1	-1	-1	-1
1952	1793	1953	1	-1	-1	-1
1847	2001	1850	0	-1	-1	-1
2002	1848	1849	0	-1	-1	-1
2003	1851	1848	0	-1	-1	-1
2005	1849	1850	0	-1	-1	-1
1795	1954	1955	1	-1	-1	-1
1796	1956	1953	1	-1	-1	-1
1957	1956	1796	1	-1	-1	-1
1797	1955	1959	1	-1	-1	-1
1797	1958	1957	1	-1	-1	-1
2008	1854	1851	0	-1	-1	-1
1852	1853	2009	0	-1	-1	-1
1959	1958	1797	1	-1	-1	-1
1877	1996	1842	1	-1	-1	-1
1954	1800	1963	1	-1	-1	-1
1852	2009	1856	0	-1	-1	-1
1855	2010	1853	0	-1	-1	-1
1798	1960	1961	1	-1	-1	-1
1855	1854	2012	0	-1	-1	-1
1961	1962	1799	1	-1	-1	-1
1799	1962	1963	1	-1	-1	-1
1964	1960	1801	1	-1	-1	-1
2016	1857	1858	1	-1	-1	-1
2015	1860	1857	1	-1	-1	-1
1868	1856	2009	0	-1	-1	-1
1859	2017	1858	1	-1	-1	-1
1808	1966	1965	5	-1	-1	-1
2017	1859	1864	1	-1	-1	-1
1967	1809	1965	5	-1	-1	-1
1862	1861	2020	1	-1	-1	-1
2009	1869	1868	0	-1	-1	-1
1861	1865	2021	1	-1	-1	-1
2022	1863	1862	1	-1	-1	-1
2019	1871	1860	1	-1	-1	-1
1863	2024	1864	1	-1	-1	-1
1815	1968	1969	5	-1	-1	-1
1913	1929	1911	1	-1	-1	-1
1969	1970	1815	5	-1	-1	-1
1892	1970	1893	5	-1	-1	-1
2027	1865	1866	1	-1	-1	-1
1922	1919	1920	1	-1	-1	-1
2028	1866	1867	0	-1	-1	-1
2019	1875	1871	1	-1	-1	-1
1870	2029	1867	0	-1	-1	-1
1826	1975	1966	5	-1	-1	-1
1823	1973	1972	1	-1	-1	-1
2030	1870	1869	0	-1	-1	-1
1974	1825	1971	1	-1	-1	-1
1975	1826	1972	5	-1	-1	-1
1975	1973	1825	1	-1	-1	-1
1967	1971	1836	1	-1	-1	-1
1968	1837	1969	1	-1	-1	-1
1825	1974	1975	1	-1	-1	-1
1928	1924	1923	1	-1	-1	-1
2032	1873	1872	1	-1	-1	-1
1875	2031	1872	1	-1	-1	-1
1873	2033	1874	1	-1	-1	-1
1977	1828	1978	0	-1	-1	-1
1978	1829	1979	0	-1	-1	-1
1980	1976	1830	0	-1	-1	-1
1874	2034	1879	1	-1	-1	-1
1830	1977	1981	0	-1	-1	-1
1831	1976	1982	0	-1	-1	-1
1877	1876	2037	1	-1	-1	-1
1981	1980	1830	0	-1	-1	-1
1988	1969	1837	1	-1	-1	-1
1879	2040	1878	1	-1	-1	-1
1983	1832	1984	1	-1	-1	-1
2040	1883	1878	1	-1	-1	-1
1888	2037	1876	1	-1	-1	-1
1985	1984	1833	1	-1	-1	-1
1987	1834	1982	0	-1	-1	-1
1985	1833	1986	1	-1	-1	-1
2042	1882	1881	0	-1	-1	-1
2041	1880	1885	0	-1	-1	-1
1883	2043	1881	0	-1	-1	-1
1834	1987	1986	0	-1	-1	-1
1979	1839	1992	0	-1	-1	-1
1983	1989	1838	1	-1	-1	-1
1890	1880	2041	0	-1	-1	-1
1884	1882	2045	0	-1	-1	-1
1885	1884	2047	0	-1	-1	-1
1990	1988	1838	1	-1	-1	-1
1990	1838	1989	1	-1	-1	-1
1992	1839	1991	0	-1	-1	-1
1888	1886	2050	1	-1	-1	-1
1887	2051	1886	0	-1	-1	-1
1991	1840	1994	0	-1	-1	-1
1993	1994	1840	0	-1	-1	-1
2052	1887	1889	0	-1	-1	-1
1995	1993	1841	0	-1	-1	-1
1890	2054	1889	0	-1	-1	-1
1842	1996	1995	1	-1	-1	-1
1942	1949	1943	1	-1	-1	-1
1845	1997	1998	0	-1	-1	-1
2056	1894	1891	5	-1	-1	-1
1893	2057	1891	5	-1	-1	-1
2000	1846	1998	0	-1	-1	-1
1999	1846	2000	0	-1	-1	-1
1847	1999	2001	0	-1	-1	-1
2060	1895	1894	5	-1	-1	-1
1896	1895	2061	5	-1	-1	-1
1848	2002	2003	0	-1	-1	-1
1897	1896	2062	5	-1	-1	-1
2002	1849	2004	0	-1	-1	-1
2005	1850	2001	0	-1	-1	-1
1898	1897	2063	5	-1	-1	-1
2005	2004	1849	0	-1	-1	-1
2006	1851	2003	0	-1	-1	-1
1899	1898	2064	1	-1	-1	-1
1851	2006	2007	0	-1	-1	-1
1851	2007	2008	0	-1	-1	-1
2067	1900	1902	1	-1	-1	-1
1906	1899	2065	1	-1	-1	-1
2067	1904	1900	1	-1	-1	-1
1901	2068	1902	1	-1	-1	-1
2011	2009	1853	0	-1	-1	-1
2011	1853	2010	0	-1	-1	-1
2008	2012	1854	0	-1	-1	-1
1901	1907	2068	1	-1	-1	-1
2070	1903	1904	1	-1	-1	-1
1903	2070	1905	4	-1	-1	-1
2014	2010	1855	0	-1	-1	-1
1855	2012	2013	0	-1	-1	-1
2013	2014	1855	0	-1	-1	-1
1907	1906	2073	1	-1	-1	-1
2072	1909	1905	4	-1	-1	-1
2016	2015	1857	1	-1	-1	-1
2011	1869	2009	0	-1	-1	-1
2016	1858	2018	1	-1	-1	-1
1858	2017	2018	1	-1	-1	-1
1910	1909	2075	4	-1	-1	-1
2015	2019	1860	1	-1	-1	-1
1913	1912	2076	1	-1	-1	-1
1861	2021	2020	1	-1	-1	-1
2020	2022	1862	1	-1	-1	-1
1965	1966	1974	5	-1	-1	-1
1917	2076	1912	1	-1	-1	-1
1974	1967	1965	5	-1	-1	-1
1864	2026	2017	1	-1	-1	-1
1914	1915	2078	1	-1	-1	-1
1863	2022	2023	1	-1	-1	-1
2079	1916	1914	1	-1	-1	-1
2011	2030	1869	0	-1	-1	-1
1863	2023	2024	1	-1	-1	-1
2039	1996	1877	1	-1	-1	-1
1967	1974	1971	1	-1	-1	-1
1864	2024	2025	1	-1	-1	-1
2027	2021	1865	1	-1	-1	-1
2080	1917	1916	1	-1	-1	-1
1864	2025	2026	1	-1	-1	-1
1975	1974	1966	5	-1	-1	-1
1929	1913	2077	1	-1	-1	-1
2083	1918	1919	1	-1	-1	-1
1972	1973	1975	1	-1	-1	-1
2027	1866	2028	1	-1	-1	-1
1970	2058	1893	5	-1	-1	-1
2083	1919	1922	1	-1	-1	-1
2028	1867	2029	0	-1	-1	-1
1915	1934	2078	1	-1	-1	-1
1922	1921	2084	1	-1	-1	-1
1870	2030	2029	0	-1	-1	-1
2084	1921	1924	1	-1	-1	-1
2019	2036	1875	1	-1	-1	-1
2077	1926	1929	1	-1	-1	-1
1907	1959	2068	1	-1	-1	-1
2032	1872	2031	1	-1	-1	-1
2032	2033	1873	1	-1	-1	-1
1924	1928	2086	1	-1	-1	-1
1982	1976	1980	0	-1	-1	-1
2087	1925	1926	1	-1	-1	-1
1927	1925	2087	1	-1	-1	-1
1907	2074	1959	1	-1	-1	-1
1875	2035	2031	1	-1	-1	-1
2034	1874	2033	1	-1	-1	-1
2090	1928	1927	1	-1	-1	-1
2036	2035	1875	1	-1	-1	-1
2075	1964	1910	4	-1	-1	-1
1877	2037	2038	1	-1	-1	-1
2034	2040	1879	1	-1	-1	-1
1877	2038	2039	1	-1	-1	-1
1931	1932	2093	1	-1	-1	-1
2094	1932	1933	1	-1	-1	-1
1940	1931	2093	1	-1	-1	-1
1934	1935	2096	1	-1	-1	-1
1881	2043	2042	0	-1	-1	-1
2096	1935	1936	1	-1	-1	-1
2044	1882	2042	0	-1	-1	-1
2046	1883	2040	1	-1	-1	-1
1937	2097	1936	1	-1	-1	-1
2095	1933	1943	1	-1	-1	-1
1882	2044	2045	0	-1	-1	-1
2046	2043	1883	1	-1	-1	-1
2098	1937	1938	1	-1	-1	-1
2048	2041	1885	0	-1	-1	-1
1884	2045	2047	0	-1	-1	-1
1938	1939	2100	1	-1	-1	-1
2037	1888	2053	1	-1	-1	-1
1955	1954	2069	1	-1	-1	-1
1939	1940	2101	1	-1	-1	-1
2047	2049	1885	0	-1	-1	-1
2049	2048	1885	0	-1	-1	-1
2068	1959	1955	1	-1	-1	-1
2041	2055	1890	0	-1	-1	-1
1886	2051	2050	0	-1	-1	-1
1944	1941	2103	1	-1	-1	-1
2052	2051	1887	0	-1	-1	-1
2074	1958	1959	1	-1	-1	-1
2050	2053	1888	1	-1	-1	-1
1941	1950	2103	1	-1	-1	-1
1944	2105	1945	1	-1	-1	-1
2052	1889	2054	0	-1	-1	-1
1943	1949	2104	1	-1	-1	-1
1945	2105	1947	1	-1	-1	-1
1969	2058	1970	5	-1	-1	-1
2055	2054	1890	0	-1	-1	-1
1946	2106	1949	1	-1	-1	-1
2107	1946	1948	1	-1	-1	-1
1891	2057	2056	5	-1	-1	-1
1947	2109	1948	1	-1	-1	-1
2058	2057	1893	5	-1	-1	-1
2056	2059	1894	5	-1	-1	-1
1894	2059	2060	5	-1	-1	-1
2113	1950	1951	1	-1	-1	-1
1969	1988	2058	1	-1	-1	-1
2061	1895	2060	5	-1	-1	-1
1951	1952	2114	1	-1	-1	-1
2062	1896	2061	5	-1	-1	-1
2062	2063	1897	5	-1	-1	-1
1952	1953	2118	1	-1	-1	-1
2063	2064	1898	5	-1	-1	-1
1956	2118	1953	1	-1	-1	-1
2066	1899	2064	1	-1	-1	-1
2066	2065	1899	1	-1	-1	-1
1956	1957	2120	1	-1	-1	-1
1957	1958	2121	1	-1	-1	-1
1954	1963	2119	1	-1	-1	-1
2067	1902	2069	1	-1	-1	-1
2068	2069	1902	1	-1	-1	-1
2067	2071	1904	1	-1	-1	-1
1961	1960	2123	1	-1	-1	-1
2065	2073	1906	1	-1	-1	-1
2071	2070	1904	1	-1	-1	-1
2072	1905	2070	4	-1	-1	-1
2125	1962	1961	1	-1	-1	-1
1960	1964	2124	1	-1	-1	-1
2127	1963	1962	1	-1	-1	-1
2074	1907	2073	1	-1	-1	-1
2072	2075	1909	4	-1	-1	-1
2026	2018	2017	1	-1	-1	-1
1913	2076	2077	1	-1	-1	-1
2078	2079	1914	1	-1	-1	-1
2081	2076	1917	1	-1	-1	-1
1916	2079	2080	1	-1	-1	-1
2081	1917	2080	1	-1	-1	-1
2128	1977	1978	0	-1	-1	-1
2083	2082	1918	1	-1	-1	-1
1977	2128	1981	0	-1	-1	-1
1978	1979	2129	0	-1	-1	-1
1922	2085	2083	1	-1	-1	-1
2085	1922	2084	1	-1	-1	-1
2069	2068	1955	1	-1	-1	-1
2131	1980	1981	0	-1	-1	-1
1926	2077	2089	1	-1	-1	-1
2131	1982	1980	0	-1	-1	-1
2086	2084	1924	1	-1	-1	-1
1979	1992	2130	0	-1	-1	-1
2088	2087	1926	1	-1	-1	-1
1926	2089	2088	1	-1	-1	-1
1982	2134	1987	0	-1	-1	-1
2136	1983	1984	1	-1	-1	-1
1927	2087	2091	1	-1	-1	-1
1985	2137	1984	1	-1	-1	-1
2086	1928	2092	1	-1	-1	-1
2135	1989	1983	1	-1	-1	-1
2091	2090	1927	1	-1	-1	-1
2096	2078	1934	1	-1	-1	-1
1985	1986	2138	1	-1	-1	-1
1928	2090	2092	1	-1	-1	-1
2139	1986	1987	0	-1	-1	-1
2094	2093	1932	1	-1	-1	-1
2141	1988	1990	1	-1	-1	-1
2094	1933	2095	1	-1	-1	-1
2143	1990	1989	1	-1	-1	-1
2038	2037	2053	1	-1	-1	-1
2096	1936	2097	1	-1	-1	-1
1991	2147	1992	0	-1	-1	-1
1994	2146	1991	0	-1	-1	-1
2099	2097	1937	1	-1	-1	-1
2098	2099	1937	1	-1	-1	-1
2093	2102	1940	1	-1	-1	-1
2100	2098	1938	1	-1	-1	-1
1995	2149	1993	0	-1	-1	-1
1993	2150	1994	0	-1	-1	-1
1939	2101	2100	1	-1	-1	-1
2069	1954	2119	1	-1	-1	-1
2104	2095	1943	1	-1	-1	-1
2102	2101	1940	1	-1	-1	-1
2153	1995	1996	1	-1	-1	-1
2154	1998	1997	0	-1	-1	-1
2103	2105	1944	1	-1	-1	-1
2000	1998	2155	0	-1	-1	-1
2122	1958	2074	1	-1	-1	-1
1999	2000	2156	0	-1	-1	-1
1999	2156	2001	0	-1	-1	-1
2106	1946	2107	1	-1	-1	-1
2108	1947	2105	1	-1	-1	-1
1964	2075	2124	4	-1	-1	-1
2001	2158	2005	0	-1	-1	-1
2109	1947	2108	1	-1	-1	-1
2104	1949	2112	1	-1	-1	-1
1948	2110	2107	1	-1	-1	-1
2113	2103	1950	1	-1	-1	-1
1949	2106	2112	1	-1	-1	-1
2111	1948	2109	1	-1	-1	-1
2110	1948	2111	1	-1	-1	-1
2160	2004	2005	0	-1	-1	-1
2161	2007	2006	0	-1	-1	-1
2007	2162	2008	0	-1	-1	-1
1951	2114	2115	1	-1	-1	-1
2116	2113	1951	1	-1	-1	-1
1951	2115	2116	1	-1	-1	-1
2163	2012	2008	0	-1	-1	-1
1952	2117	2114	1	-1	-1	-1
1988	2141	2058	1	-1	-1	-1
2166	2011	2010	0	-1	-1	-1
1952	2118	2117	1	-1	-1	-1
2153	1996	2039	1	-1	-1	-1
2014	2165	2010	0	-1	-1	-1
2168	2013	2012	0	-1	-1	-1
1956	2120	2118	1	-1	-1	-1
2169	2014	2013	0	-1	-1	-1
2121	2120	1957	1	-1	-1	-1
1958	2122	2121	1	-1	-1	-1
2016	2173	2015	1	-1	-1	-1
2019	2015	2172	1	-1	-1	-1
2124	2123	1960	1	-1	-1	-1
2167	2030	2011	0	-1	-1	-1
2016	2018	2174	1	-1	-1	-1
2022	2164	2023	1	-1	-1	-1
2123	2125	1961	1	-1	-1	-1
2119	1963	2127	1	-1	-1	-1
1962	2125	2126	1	-1	-1	-1
2127	1962	2126	1	-1	-1	-1
2020	2021	2176	1	-1	-1	-1
2176	2022	2020	1	-1	-1	-1
2018	2026	2175	1	-1	-1	-1
2021	2027	2177	1	-1	-1	-1
2024	2023	2178	1	-1	-1	-1
2036	2019	2172	1	-1	-1	-1
2025	2024	2180	1	-1	-1	-1
2182	2026	2025	1	-1	-1	-1
2146	2041	2048	0	-1	-1	-1
2128	1978	2129	0	-1	-1	-1
2130	2129	1979	0	-1	-1	-1
2028	2183	2027	1	-1	-1	-1
2132	1981	2128	0	-1	-1	-1
2029	2184	2028	0	-1	-1	-1
2185	2029	2030	0	-1	-1	-1
2131	1981	2133	0	-1	-1	-1
1981	2132	2133	0	-1	-1	-1
2134	1982	2131	0	-1	-1	-1
2041	2151	2055	0	-1	-1	-1
2032	2031	2186	1	-1	-1	-1
2035	2186	2031	1	-1	-1	-1
2187	2033	2032	1	-1	-1	-1
2034	2033	2187	1	-1	-1	-1
2136	2135	1983	1	-1	-1	-1
2069	2119	2067	1	-1	-1	-1
2058	2141	2057	1	-1	-1	-1
2071	2067	2119	1	-1	-1	-1
1984	2137	2136	1	-1	-1	-1
2137	1985	2138	1	-1	-1	-1
2140	1987	2134	0	-1	-1	-1
2191	2035	2036	1	-1	-1	-1
2139	2138	1986	0	-1	-1	-1
2040	2034	2190	1	-1	-1	-1
2135	2142	1989	1	-1	-1	-1
2088	2091	2087	1	-1	-1	-1
2139	1987	2140	0	-1	-1	-1
2130	1992	2148	0	-1	-1	-1
2194	2039	2038	1	-1	-1	-1
1989	2142	2143	1	-1	-1	-1
2141	1990	2145	1	-1	-1	-1
2143	2144	1990	1	-1	-1	-1
2144	2145	1990	1	-1	-1	-1
1991	2146	2147	0	-1	-1	-1
2043	2199	2042	0	-1	-1	-1
2040	2198	2046	1	-1	-1	-1
2044	2042	2199	0	-1	-1	-1
2195	2038	2053	1	-1	-1	-1
2148	1992	2147	0	-1	-1	-1
2200	2043	2046	1	-1	-1	-1
2045	2044	2201	0	-1	-1	-1
2151	2146	1994	0	-1	-1	-1
2149	2150	1993	0	-1	-1	-1
2152	1994	2150	0	-1	-1	-1
2045	2205	2047	0	-1	-1	-1
2152	2151	1994	0	-1	-1	-1
2149	1995	2153	0	-1	-1	-1
2206	2049	2047	0	-1	-1	-1
2049	2207	2048	0	-1	-1	-1
2154	2155	1998	0	-1	-1	-1
2157	2000	2155	0	-1	-1	-1
2050	2051	2212	0	-1	-1	-1
2157	2156	2000	0	-1	-1	-1
2053	2050	2211	1	-1	-1	-1
2159	2001	2156	0	-1	-1	-1
2052	2213	2051	0	-1	-1	-1
2158	2001	2159	0	-1	-1	-1
2054	2214	2052	0	-1	-1	-1
2214	2054	2055	0	-1	-1	-1
2160	2005	2158	0	-1	-1	-1
2057	2217	2056	5	-1	-1	-1
2007	2161	2162	0	-1	-1	-1
2056	2217	2059	5	-1	-1	-1
2008	2162	2164	0	-1	-1	-1
2163	2008	2164	0	-1	-1	-1
2059	2219	2060	5	-1	-1	-1
2151	2041	2146	0	-1	-1	-1
2048	2147	2146	0	-1	-1	-1
2165	2166	2010	0	-1	-1	-1
2060	2221	2061	5	-1	-1	-1
2163	2168	2012	0	-1	-1	-1
2011	2166	2167	0	-1	-1	-1
2061	2222	2062	5	-1	-1	-1
2062	2223	2063	5	-1	-1	-1
2164	2022	2163	1	-1	-1	-1
2014	2171	2165	0	-1	-1	-1
2168	2170	2013	0	-1	-1	-1
2224	2064	2063	5	-1	-1	-1
2170	2169	2013	0	-1	-1	-1
2224	2066	2064	5	-1	-1	-1
2014	2169	2171	0	-1	-1	-1
2065	2066	2226	1	-1	-1	-1
2172	2015	2173	1	-1	-1	-1
2022	2176	2163	1	-1	-1	-1
2016	2174	2173	1	-1	-1	-1
2227	2073	2065	1	-1	-1	-1
2164	2178	2023	1	-1	-1	-1
2174	2018	2175	1	-1	-1	-1
2070	2071	2229	1	-1	-1	-1
2072	2070	2229	4	-1	-1	-1
2021	2177	2176	1	-1	-1	-1
2072	2232	2075	4	-1	-1	-1
2073	2233	2074	1	-1	-1	-1
2024	2178	2179	1	-1	-1	-1
2185	2030	2167	0	-1	-1	-1
2179	2180	2024	1	-1	-1	-1
2182	2175	2026	1	-1	-1	-1
2077	2076	2234	1	-1	-1	-1
2025	2180	2181	1	-1	-1	-1
2183	2177	2027	1	-1	-1	-1
2181	2182	2025	1	-1	-1	-1
2153	2039	2196	1	-1	-1	-1
2234	2076	2081	1	-1	-1	-1
2078	2236	2079	1	-1	-1	-1
2184	2183	2028	1	-1	-1	-1
2080	2079	2238	1	-1	-1	-1
2029	2185	2184	0	-1	-1	-1
2192	2036	2172	1	-1	-1	-1
2081	2080	2239	1	-1	-1	-1
2077	2235	2089	1	-1	-1	-1
2147	2048	2208	0	-1	-1	-1
2032	2186	2188	1	-1	-1	-1
2032	2188	2187	1	-1	-1	-1
2083	2243	2082	1	-1	-1	-1
2078	2096	2236	1	-1	-1	-1
2187	2189	2034	1	-1	-1	-1
2085	2243	2083	1	-1	-1	-1
2035	2191	2186	1	-1	-1	-1
2084	2244	2085	1	-1	-1	-1
2190	2034	2189	1	-1	-1	-1
2084	2086	2244	1	-1	-1	-1
2057	2141	2218	1	-1	-1	-1
2036	2193	2191	1	-1	-1	-1
2215	2055	2151	0	-1	-1	-1
2192	2193	2036	1	-1	-1	-1
2071	2119	2231	1	-1	-1	-1
2247	2086	2092	1	-1	-1	-1
2088	2089	2249	1	-1	-1	-1
2088	2248	2091	1	-1	-1	-1
2038	2195	2194	1	-1	-1	-1
2040	2190	2198	1	-1	-1	-1
2074	2233	2122	1	-1	-1	-1
2236	2096	2097	1	-1	-1	-1
2197	2039	2194	1	-1	-1	-1
2124	2075	2232	4	-1	-1	-1
2039	2197	2196	1	-1	-1	-1
2090	2091	2251	1	-1	-1	-1
2090	2252	2092	1	-1	-1	-1
2094	2254	2093	1	-1	-1	-1
2200	2199	2043	1	-1	-1	-1
2198	2200	2046	1	-1	-1	-1
2255	2094	2095	1	-1	-1	-1
2203	2044	2199	0	-1	-1	-1
2202	2201	2044	0	-1	-1	-1
2254	2102	2093	1	-1	-1	-1
2202	2044	2203	0	-1	-1	-1
2204	2045	2201	0	-1	-1	-1
2097	2099	2256	1	-1	-1	-1
2095	2104	2255	1	-1	-1	-1
2205	2045	2204	0	-1	-1	-1
2099	2098	2259	1	-1	-1	-1
2258	2098	2100	1	-1	-1	-1
2047	2205	2206	0	-1	-1	-1
2053	2211	2195	1	-1	-1	-1
2261	2100	2101	1	-1	-1	-1
2208	2048	2207	0	-1	-1	-1
2102	2261	2101	1	-1	-1	-1
2049	2206	2209	0	-1	-1	-1
2210	2207	2049	0	-1	-1	-1
2049	2209	2210	0	-1	-1	-1
2264	2105	2103	1	-1	-1	-1
2212	2211	2050	0	-1	-1	-1
2212	2051	2213	0	-1	-1	-1
2127	2231	2119	1	-1	-1	-1
2266	2108	2105	1	-1	-1	-1
2214	2213	2052	0	-1	-1	-1
2113	2264	2103	1	-1	-1	-1
2267	2106	2107	1	-1	-1	-1
2112	2265	2104	1	-1	-1	-1
2216	2214	2055	0	-1	-1	-1
2110	2268	2107	1	-1	-1	-1
2106	2267	2112	1	-1	-1	-1
2269	2109	2108	1	-1	-1	-1
2215	2216	2055	0	-1	-1	-1
2111	2109	2270	1	-1	-1	-1
2271	2110	2111	1	-1	-1	-1
2057	2218	2217	1	-1	-1	-1
2116	2264	2113	1	-1	-1	-1
2217	2220	2059	5	-1	-1	-1
2220	2219	2059	5	-1	-1	-1
2219	2221	2060	5	-1	-1	-1
2274	2115	2114	1	-1	-1	-1
2221	2222	2061	5	-1	-1	-1
2218	2141	2145	1	-1	-1	-1
2273	2114	2117	1	-1	-1	-1
2116	2115	2275	1	-1	-1	-1
2222	2223	2062	5	-1	-1	-1
2176	2168	2163	1	-1	-1	-1
2225	2063	2223	5	-1	-1	-1
2063	2225	2224	5	-1	-1	-1
2118	2281	2117	1	-1	-1	-1
2152	2215	2151	0	-1	-1	-1
2226	2227	2065	1	-1	-1	-1
2066	2224	2228	5	-1	-1	-1
2226	2066	2228	5	-1	-1	-1
2283	2118	2120	1	-1	-1	-1
2284	2120	2121	1	-1	-1	-1
2122	2285	2121	1	-1	-1	-1
2229	2071	2230	1	-1	-1	-1
2231	2230	2071	1	-1	-1	-1
2233	2073	2227	1	-1	-1	-1
2229	2232	2072	4	-1	-1	-1
2287	2123	2124	1	-1	-1	-1
2125	2123	2287	1	-1	-1	-1
2126	2125	2288	1	-1	-1	-1
2126	2289	2127	1	-1	-1	-1
2235	2077	2234	1	-1	-1	-1
2291	2128	2129	0	-1	-1	-1
2128	2290	2132	0	-1	-1	-1
2292	2129	2130	0	-1	-1	-1
2236	2237	2079	1	-1	-1	-1
2237	2238	2079	1	-1	-1	-1
2234	2081	2240	1	-1	-1	-1
2239	2080	2238	1	-1	-1	-1
2293	2131	2133	0	-1	-1	-1
2293	2134	2131	0	-1	-1	-1
2294	2133	2132	0	-1	-1	-1
2081	2239	2241	1	-1	-1	-1
2241	2240	2081	1	-1	-1	-1
2188	2186	2191	1	-1	-1	-1
2082	2243	2242	1	-1	-1	-1
2298	2135	2136	1	-1	-1	-1
2292	2130	2148	0	-1	-1	-1
2296	2140	2134	0	-1	-1	-1
2136	2137	2299	1	-1	-1	-1
2245	2243	2085	1	-1	-1	-1
2135	2297	2142	1	-1	-1	-1
2235	2250	2089	1	-1	-1	-1
2246	2085	2244	1	-1	-1	-1
2300	2137	2138	1	-1	-1	-1
2085	2246	2245	1	-1	-1	-1
2247	2244	2086	1	-1	-1	-1
2301	2138	2139	0	-1	-1	-1
2139	2140	2302	0	-1	-1	-1
2248	2088	2249	1	-1	-1	-1
2250	2249	2089	1	-1	-1	-1
2236	2097	2257	1	-1	-1	-1
2305	2143	2142	1	-1	-1	-1
2247	2092	2252	1	-1	-1	-1
2248	2253	2091	1	-1	-1	-1
2143	2306	2144	1	-1	-1	-1
2252	2090	2251	1	-1	-1	-1
2091	2253	2251	1	-1	-1	-1
2307	2145	2144	1	-1	-1	-1
2255	2254	2094	1	-1	-1	-1
2147	2311	2148	0	-1	-1	-1
2097	2256	2257	1	-1	-1	-1
2149	2314	2150	0	-1	-1	-1
2099	2260	2256	1	-1	-1	-1
2259	2098	2258	1	-1	-1	-1
2153	2314	2149	0	-1	-1	-1
2150	2315	2152	0	-1	-1	-1
2260	2099	2259	1	-1	-1	-1
2263	2102	2254	1	-1	-1	-1
2258	2100	2262	1	-1	-1	-1
2100	2261	2262	1	-1	-1	-1
2265	2255	2104	1	-1	-1	-1
2317	2155	2154	0	-1	-1	-1
2263	2261	2102	1	-1	-1	-1
2157	2155	2317	0	-1	-1	-1
2157	2318	2156	0	-1	-1	-1
2319	2159	2156	0	-1	-1	-1
2105	2264	2266	1	-1	-1	-1
2159	2321	2158	0	-1	-1	-1
2160	2158	2321	0	-1	-1	-1
2122	2233	2286	1	-1	-1	-1
2107	2268	2267	1	-1	-1	-1
2232	2287	2124	4	-1	-1	-1
2266	2269	2108	1	-1	-1	-1
2161	2324	2162	0	-1	-1	-1
2289	2231	2127	1	-1	-1	-1
2269	2270	2109	1	-1	-1	-1
2110	2271	2268	1	-1	-1	-1
2265	2112	2272	1	-1	-1	-1
2267	2272	2112	1	-1	-1	-1
2162	2325	2164	0	-1	-1	-1
2271	2111	2270	1	-1	-1	-1
2264	2116	2278	1	-1	-1	-1
2166	2165	2327	0	-1	-1	-1
2114	2273	2274	1	-1	-1	-1
2167	2166	2328	0	-1	-1	-1
2171	2326	2165	0	-1	-1	-1
2196	2314	2153	0	-1	-1	-1
2276	2115	2274	1	-1	-1	-1
2147	2208	2311	0	-1	-1	-1
2115	2277	2275	1	-1	-1	-1
2164	2325	2178	1	-1	-1	-1
2168	2330	2170	1	-1	-1	-1
2277	2115	2276	1	-1	-1	-1
2169	2170	2331	0	-1	-1	-1
2116	2275	2279	1	-1	-1	-1
2331	2171	2169	0	-1	-1	-1
2117	2282	2273	1	-1	-1	-1
2145	2309	2218	1	-1	-1	-1
2279	2278	2116	1	-1	-1	-1
2330	2168	2176	1	-1	-1	-1
2280	2117	2281	1	-1	-1	-1
2280	2282	2117	1	-1	-1	-1
2173	2334	2172	1	-1	-1	-1
2185	2167	2329	0	-1	-1	-1
2118	2283	2281	1	-1	-1	-1
2173	2174	2336	1	-1	-1	-1
2330	2176	2177	1	-1	-1	-1
2316	2215	2152	0	-1	-1	-1
2175	2336	2174	1	-1	-1	-1
2283	2120	2284	1	-1	-1	-1
2284	2121	2285	1	-1	-1	-1
2122	2286	2285	1	-1	-1	-1
2175	2182	2338	1	-1	-1	-1
2178	2340	2179	1	-1	-1	-1
2192	2172	2334	1	-1	-1	-1
2183	2339	2177	1	-1	-1	-1
2288	2125	2287	1	-1	-1	-1
2341	2180	2179	1	-1	-1	-1
2126	2288	2289	1	-1	-1	-1
2342	2181	2180	1	-1	-1	-1
2182	2181	2343	1	-1	-1	-1
2235	2234	2240	1	-1	-1	-1
2291	2290	2128	0	-1	-1	-1
2345	2183	2184	1	-1	-1	-1
2292	2291	2129	0	-1	-1	-1
2184	2185	2346	0	-1	-1	-1
2132	2290	2294	0	-1	-1	-1
2295	2293	2133	0	-1	-1	-1
2187	2188	2347	1	-1	-1	-1
2295	2133	2294	0	-1	-1	-1
2189	2187	2347	1	-1	-1	-1
2296	2134	2293	0	-1	-1	-1
2349	2188	2191	1	-1	-1	-1
2350	2190	2189	1	-1	-1	-1
2298	2297	2135	1	-1	-1	-1
2257	2237	2236	1	-1	-1	-1
2136	2299	2298	1	-1	-1	-1
2353	2191	2193	1	-1	-1	-1
2299	2137	2300	1	-1	-1	-1
2354	2193	2192	1	-1	-1	-1
2140	2296	2303	0	-1	-1	-1
2190	2351	2198	1	-1	-1	-1
2138	2301	2300	0	-1	-1	-1
2301	2139	2302	0	-1	-1	-1
2304	2142	2297	1	-1	-1	-1
2302	2140	2303	0	-1	-1	-1
2194	2195	2357	1	-1	-1	-1
2215	2316	2216	0	-1	-1	-1
2197	2194	2357	1	-1	-1	-1
2231	2289	2230	1	-1	-1	-1
2142	2304	2305	1	-1	-1	-1
2312	2292	2148	0	-1	-1	-1
2360	2196	2197	1	-1	-1	-1
2305	2306	2143	1	-1	-1	-1
2306	2308	2144	1	-1	-1	-1
2308	2307	2144	1	-1	-1	-1
2200	2198	2362	1	-1	-1	-1
2199	2200	2363	1	-1	-1	-1
2145	2307	2310	1	-1	-1	-1
2211	2358	2195	1	-1	-1	-1
2309	2145	2310	1	-1	-1	-1
2363	2203	2199	1	-1	-1	-1
2202	2364	2201	0	-1	-1	-1
2204	2201	2364	0	-1	-1	-1
2203	2366	2202	0	-1	-1	-1
2311	2313	2148	0	-1	-1	-1
2313	2312	2148	0	-1	-1	-1
2205	2204	2369	0	-1	-1	-1
2150	2314	2315	0	-1	-1	-1
2371	2206	2205	0	-1	-1	-1
2316	2152	2315	0	-1	-1	-1
2206	2371	2209	0	-1	-1	-1
2373	2208	2207	0	-1	-1	-1
2207	2210	2372	0	-1	-1	-1
2156	2318	2319	0	-1	-1	-1
2375	2210	2209	0	-1	-1	-1
2317	2320	2157	0	-1	-1	-1
2212	2377	2211	0	-1	-1	-1
2318	2157	2320	0	-1	-1	-1
2322	2159	2319	0	-1	-1	-1
2159	2322	2321	0	-1	-1	-1
2213	2378	2212	0	-1	-1	-1
2378	2213	2214	0	-1	-1	-1
2323	2324	2161	0	-1	-1	-1
2378	2214	2216	0	-1	-1	-1
2266	2264	2278	1	-1	-1	-1
2324	2325	2162	0	-1	-1	-1
2218	2380	2217	1	-1	-1	-1
2380	2220	2217	1	-1	-1	-1
2165	2326	2327	0	-1	-1	-1
2219	2220	2382	5	-1	-1	-1
2327	2328	2166	0	-1	-1	-1
2219	2383	2221	5	-1	-1	-1
2328	2329	2167	0	-1	-1	-1
2221	2385	2222	5	-1	-1	-1
2333	2326	2171	0	-1	-1	-1
2387	2223	2222	5	-1	-1	-1
2332	2170	2330	1	-1	-1	-1
2170	2332	2331	1	-1	-1	-1
2333	2171	2331	0	-1	-1	-1
2390	2225	2223	5	-1	-1	-1
2225	2391	2224	5	-1	-1	-1
2334	2173	2335	1	-1	-1	-1
2178	2325	2340	1	-1	-1	-1
2391	2228	2224	5	-1	-1	-1
2336	2335	2173	1	-1	-1	-1
2339	2330	2177	1	-1	-1	-1
2227	2226	2393	1	-1	-1	-1
2175	2337	2336	1	-1	-1	-1
2228	2394	2226	5	-1	-1	-1
2337	2175	2338	1	-1	-1	-1
2233	2227	2395	1	-1	-1	-1
2398	2229	2230	1	-1	-1	-1
2398	2232	2229	4	-1	-1	-1
2346	2185	2329	0	-1	-1	-1
2341	2179	2340	1	-1	-1	-1
2342	2180	2341	1	-1	-1	-1
2182	2343	2338	1	-1	-1	-1
2345	2339	2183	1	-1	-1	-1
2344	2181	2342	1	-1	-1	-1
2344	2343	2181	1	-1	-1	-1
2359	2314	2196	0	-1	-1	-1
2235	2240	2399	1	-1	-1	-1
2237	2400	2238	1	-1	-1	-1
2345	2184	2346	1	-1	-1	-1
2401	2239	2238	1	-1	-1	-1
2239	2402	2241	1	-1	-1	-1
2334	2354	2192	1	-1	-1	-1
2347	2188	2348	1	-1	-1	-1
2296	2293	2295	0	-1	-1	-1
2399	2250	2235	1	-1	-1	-1
2241	2403	2240	1	-1	-1	-1
2188	2349	2348	1	-1	-1	-1
2350	2189	2347	1	-1	-1	-1
2243	2407	2242	1	-1	-1	-1
2350	2352	2190	1	-1	-1	-1
2311	2208	2374	0	-1	-1	-1
2190	2352	2351	1	-1	-1	-1
2191	2353	2349	1	-1	-1	-1
2400	2237	2257	1	-1	-1	-1
2243	2245	2407	1	-1	-1	-1
2247	2408	2244	1	-1	-1	-1
2408	2246	2244	1	-1	-1	-1
2246	2409	2245	1	-1	-1	-1
2353	2193	2355	1	-1	-1	-1
2356	2193	2354	1	-1	-1	-1
2356	2355	2193	1	-1	-1	-1
2218	2309	2381	1	-1	-1	-1
2358	2357	2195	1	-1	-1	-1
2414	2248	2249	1	-1	-1	-1
2379	2216	2316	0	-1	-1	-1
2198	2351	2362	1	-1	-1	-1
2252	2413	2247	1	-1	-1	-1
2249	2250	2415	1	-1	-1	-1
2395	2286	2233	1	-1	-1	-1
2357	2361	2197	1	-1	-1	-1
2414	2253	2248	1	-1	-1	-1
2359	2196	2360	0	-1	-1	-1
2232	2398	2287	4	-1	-1	-1
2289	2398	2230	1	-1	-1	-1
2361	2360	2197	1	-1	-1	-1
2252	2251	2417	1	-1	-1	-1
2251	2253	2418	1	-1	-1	-1
2363	2200	2362	1	-1	-1	-1
2254	2255	2419	1	-1	-1	-1
2365	2364	2202	0	-1	-1	-1
2363	2367	2203	1	-1	-1	-1
2366	2365	2202	0	-1	-1	-1
2422	2257	2256	1	-1	-1	-1
2203	2367	2366	1	-1	-1	-1
2368	2204	2364	0	-1	-1	-1
2254	2419	2263	1	-1	-1	-1
2422	2256	2260	1	-1	-1	-1
2259	2258	2423	1	-1	-1	-1
2421	2255	2265	1	-1	-1	-1
2368	2369	2204	0	-1	-1	-1
2260	2259	2424	1	-1	-1	-1
2423	2258	2262	1	-1	-1	-1
2205	2369	2370	0	-1	-1	-1
2358	2211	2377	0	-1	-1	-1
2205	2370	2371	0	-1	-1	-1
2427	2262	2261	1	-1	-1	-1
2427	2261	2263	1	-1	-1	-1
2373	2207	2372	0	-1	-1	-1
2208	2373	2374	0	-1	-1	-1
2375	2209	2371	0	-1	-1	-1
2421	2265	2272	1	-1	-1	-1
2372	2210	2376	0	-1	-1	-1
2210	2375	2376	0	-1	-1	-1
2269	2266	2430	1	-1	-1	-1
2267	2268	2432	1	-1	-1	-1
2212	2378	2377	0	-1	-1	-1
2272	2267	2433	1	-1	-1	-1
2378	2216	2379	0	-1	-1	-1
2268	2271	2434	1	-1	-1	-1
2287	2398	2288	4	-1	-1	-1
2288	2398	2289	1	-1	-1	-1
2269	2436	2270	1	-1	-1	-1
2431	2266	2278	1	-1	-1	-1
2380	2218	2381	1	-1	-1	-1
2270	2439	2271	1	-1	-1	-1
2382	2383	2219	5	-1	-1	-1
2380	2384	2220	1	-1	-1	-1
2220	2384	2382	1	-1	-1	-1
2314	2359	2315	0	-1	-1	-1
2279	2431	2278	1	-1	-1	-1
2221	2383	2386	5	-1	-1	-1
2443	2274	2273	1	-1	-1	-1
2385	2221	2386	5	-1	-1	-1
2385	2388	2222	5	-1	-1	-1
2445	2276	2274	1	-1	-1	-1
2388	2387	2222	5	-1	-1	-1
2273	2282	2443	1	-1	-1	-1
2446	2275	2277	1	-1	-1	-1
2387	2389	2223	5	-1	-1	-1
2276	2447	2277	1	-1	-1	-1
2275	2446	2279	1	-1	-1	-1
2332	2330	2339	1	-1	-1	-1
2223	2389	2390	5	-1	-1	-1
2392	2225	2390	5	-1	-1	-1
2392	2391	2225	5	-1	-1	-1
2393	2226	2394	5	-1	-1	-1
2393	2396	2227	1	-1	-1	-1
2391	2397	2228	5	-1	-1	-1
2456	2280	2281	1	-1	-1	-1
2280	2455	2282	1	-1	-1	-1
2396	2395	2227	1	-1	-1	-1
2397	2394	2228	5	-1	-1	-1
2457	2281	2283	1	-1	-1	-1
2459	2283	2284	1	-1	-1	-1
2285	2460	2284	1	-1	-1	-1
2286	2461	2285	1	-1	-1	-1
2401	2238	2400	1	-1	-1	-1
2403	2399	2240	1	-1	-1	-1
2401	2402	2239	1	-1	-1	-1
2291	2465	2290	0	-1	-1	-1
2464	2294	2290	0	-1	-1	-1
2405	2241	2402	1	-1	-1	-1
2403	2241	2404	1	-1	-1	-1
2405	2404	2241	1	-1	-1	-1
2291	2292	2467	0	-1	-1	-1
2464	2295	2294	0	-1	-1	-1
2406	2242	2407	1	-1	-1	-1
2295	2470	2296	0	-1	-1	-1
2410	2407	2245	1	-1	-1	-1
2410	2245	2409	1	-1	-1	-1
2399	2416	2250	1	-1	-1	-1
2411	2409	2246	1	-1	-1	-1
2412	2246	2408	1	-1	-1	-1
2471	2297	2298	1	-1	-1	-1
2413	2408	2247	1	-1	-1	-1
2303	2296	2470	0	-1	-1	-1
2411	2246	2412	1	-1	-1	-1
2473	2298	2299	1	-1	-1	-1
2312	2467	2292	0	-1	-1	-1
2299	2300	2473	1	-1	-1	-1
2472	2304	2297	1	-1	-1	-1
2300	2301	2474	0	-1	-1	-1
2415	2414	2249	1	-1	-1	-1
2302	2475	2301	0	-1	-1	-1
2400	2257	2422	1	-1	-1	-1
2303	2476	2302	0	-1	-1	-1
2416	2415	2250	1	-1	-1	-1
2413	2252	2417	1	-1	-1	-1
2253	2414	2418	1	-1	-1	-1
2417	2251	2418	1	-1	-1	-1
2479	2305	2304	1	-1	-1	-1
2306	2305	2480	1	-1	-1	-1
2308	2478	2307	0	-1	-1	-1
2419	2255	2420	1	-1	-1	-1
2306	2480	2308	1	-1	-1	-1
2421	2420	2255	1	-1	-1	-1
2310	2307	2481	0	-1	-1	-1
2309	2310	2482	1	-1	-1	-1
2425	2259	2423	1	-1	-1	-1
2484	2313	2311	0	-1	-1	-1
2424	2259	2425	1	-1	-1	-1
2422	2260	2426	1	-1	-1	-1
2426	2260	2424	1	-1	-1	-1
2429	2263	2419	1	-1	-1	-1
2486	2312	2313	0	-1	-1	-1
2262	2428	2423	1	-1	-1	-1
2428	2262	2427	1	-1	-1	-1
2263	2429	2427	1	-1	-1	-1
2316	2315	2489	0	-1	-1	-1
2431	2430	2266	1	-1	-1	-1
2491	2319	2318	0	-1	-1	-1
2318	2320	2491	0	-1	-1	-1
2491	2322	2319	0	-1	-1	-1
2433	2267	2432	1	-1	-1	-1
2377	2378	2379	0	-1	-1	-1
2272	2442	2421	1	-1	-1	-1
2268	2435	2432	1	-1	-1	-1
2438	2269	2430	1	-1	-1	-1
2434	2435	2268	1	-1	-1	-1
2492	2324	2323	0	-1	-1	-1
2437	2436	2269	1	-1	-1	-1
2324	2494	2325	0	-1	-1	-1
2463	2286	2395	1	-1	-1	-1
2438	2437	2269	1	-1	-1	-1
2434	2271	2440	1	-1	-1	-1
2436	2439	2270	1	-1	-1	-1
2442	2272	2433	1	-1	-1	-1
2495	2327	2326	0	-1	-1	-1
2441	2271	2439	1	-1	-1	-1
2328	2327	2496	0	-1	-1	-1
2271	2441	2440	1	-1	-1	-1
2497	2329	2328	0	-1	-1	-1
2333	2495	2326	0	-1	-1	-1
2494	2340	2325	1	-1	-1	-1
2443	2444	2274	1	-1	-1	-1
2498	2331	2332	1	-1	-1	-1
2498	2333	2331	1	-1	-1	-1
2445	2274	2444	1	-1	-1	-1
2315	2359	2489	0	-1	-1	-1
2431	2279	2453	1	-1	-1	-1
2332	2339	2498	1	-1	-1	-1
2448	2276	2445	1	-1	-1	-1
2484	2311	2374	0	-1	-1	-1
2334	2335	2501	1	-1	-1	-1
2497	2346	2329	0	-1	-1	-1
2447	2276	2449	1	-1	-1	-1
2381	2309	2482	1	-1	-1	-1
2276	2448	2449	1	-1	-1	-1
2446	2277	2450	1	-1	-1	-1
2503	2335	2336	1	-1	-1	-1
2451	2277	2447	1	-1	-1	-1
2336	2337	2503	1	-1	-1	-1
2279	2446	2452	1	-1	-1	-1
2451	2450	2277	1	-1	-1	-1
2392	2397	2391	5	-1	-1	-1
2505	2337	2338	1	-1	-1	-1
2345	2498	2339	1	-1	-1	-1
2282	2458	2443	1	-1	-1	-1
2279	2452	2453	1	-1	-1	-1
2379	2316	2490	0	-1	-1	-1
2343	2506	2338	1	-1	-1	-1
2334	2500	2354	1	-1	-1	-1
2340	2507	2341	1	-1	-1	-1
2280	2454	2455	1	-1	-1	-1
2454	2280	2456	1	-1	-1	-1
2345	2346	2499	1	-1	-1	-1
2342	2341	2508	1	-1	-1	-1
2344	2506	2343	1	-1	-1	-1
2281	2457	2456	1	-1	-1	-1
2458	2282	2455	1	-1	-1	-1
2344	2342	2509	1	-1	-1	-1
2283	2459	2457	1	-1	-1	-1
2284	2460	2459	1	-1	-1	-1
2462	2460	2285	1	-1	-1	-1
2285	2461	2462	1	-1	-1	-1
2347	2348	2513	1	-1	-1	-1
2489	2359	2360	0	-1	-1	-1
2512	2350	2347	1	-1	-1	-1
2463	2461	2286	1	-1	-1	-1
2348	2349	2515	1	-1	-1	-1
2349	2353	2517	1	-1	-1	-1
2350	2518	2352	1	-1	-1	-1
2464	2290	2466	0	-1	-1	-1
2465	2466	2290	0	-1	-1	-1
2352	2520	2351	1	-1	-1	-1
2407	2410	2406	1	-1	-1	-1
2468	2465	2291	0	-1	-1	-1
2291	2467	2468	0	-1	-1	-1
2469	2295	2464	0	-1	-1	-1
2389	2387	2455	5	-1	-1	-1
2355	2523	2353	1	-1	-1	-1
2519	2362	2351	1	-1	-1	-1
2388	2458	2387	5	-1	-1	-1
2390	2389	2454	5	-1	-1	-1
2469	2470	2295	0	-1	-1	-1
2524	2356	2354	1	-1	-1	-1
2355	2356	2525	1	-1	-1	-1
2297	2471	2472	1	-1	-1	-1
2473	2471	2298	1	-1	-1	-1
2528	2357	2358	1	-1	-1	-1
2528	2361	2357	1	-1	-1	-1
2473	2300	2474	0	-1	-1	-1
2475	2474	2301	0	-1	-1	-1
2361	2530	2360	1	-1	-1	-1
2478	2303	2470	0	-1	-1	-1
2302	2477	2475	0	-1	-1	-1
2396	2463	2395	1	-1	-1	-1
2302	2476	2477	0	-1	-1	-1
2304	2472	2479	1	-1	-1	-1
2362	2531	2363	1	-1	-1	-1
2303	2478	2476	0	-1	-1	-1
2364	2365	2532	0	-1	-1	-1
2367	2363	2531	1	-1	-1	-1
2308	2476	2478	0	-1	-1	-1
2358	2377	2529	0	-1	-1	-1
2479	2480	2305	1	-1	-1	-1
2476	2308	2480	0	-1	-1	-1
2312	2485	2467	0	-1	-1	-1
2533	2368	2364	0	-1	-1	-1
2365	2366	2534	0	-1	-1	-1
2478	2481	2307	0	-1	-1	-1
2366	2367	2535	1	-1	-1	-1
2483	2310	2481	0	-1	-1	-1
2537	2369	2368	0	-1	-1	-1
2310	2483	2482	0	-1	-1	-1
2370	2369	2538	0	-1	-1	-1
2370	2540	2371	0	-1	-1	-1
2485	2312	2486	0	-1	-1	-1
2484	2488	2313	0	-1	-1	-1
2379	2529	2377	0	-1	-1	-1
2487	2486	2313	0	-1	-1	-1
2542	2373	2372	0	-1	-1	-1
2375	2371	2541	0	-1	-1	-1
2488	2487	2313	0	-1	-1	-1
2543	2372	2376	0	-1	-1	-1
2546	2374	2373	0	-1	-1	-1
2489	2490	2316	0	-1	-1	-1
2547	2376	2375	0	-1	-1	-1
2455	2454	2389	5	-1	-1	-1
2493	2492	2323	0	-1	-1	-1
2387	2458	2455	5	-1	-1	-1
2380	2381	2549	1	-1	-1	-1
2494	2324	2492	0	-1	-1	-1
2549	2384	2380	1	-1	-1	-1
2551	2383	2382	5	-1	-1	-1
2495	2496	2327	0	-1	-1	-1
2384	2552	2382	1	-1	-1	-1
2496	2497	2328	0	-1	-1	-1
2553	2386	2383	5	-1	-1	-1
2386	2555	2385	5	-1	-1	-1
2333	2499	2495	1	-1	-1	-1
2388	2385	2555	5	-1	-1	-1
2499	2333	2498	1	-1	-1	-1
2500	2334	2501	1	-1	-1	-1
2502	2501	2335	1	-1	-1	-1
2503	2502	2335	1	-1	-1	-1
2340	2494	2507	1	-1	-1	-1
2497	2499	2346	1	-1	-1	-1
2390	2560	2392	5	-1	-1	-1
2499	2498	2345	1	-1	-1	-1
2503	2337	2504	1	-1	-1	-1
2337	2505	2504	1	-1	-1	-1
2338	2506	2505	1	-1	-1	-1
2563	2393	2394	5	-1	-1	-1
2397	2392	2561	5	-1	-1	-1
2396	2393	2562	1	-1	-1	-1
2397	2564	2394	5	-1	-1	-1
2507	2508	2341	1	-1	-1	-1
2509	2342	2508	1	-1	-1	-1
2506	2344	2511	1	-1	-1	-1
2510	2344	2509	1	-1	-1	-1
2344	2510	2511	1	-1	-1	-1
2565	2399	2403	1	-1	-1	-1
2400	2566	2401	1	-1	-1	-1
2402	2401	2567	1	-1	-1	-1
2512	2347	2513	1	-1	-1	-1
2513	2348	2514	1	-1	-1	-1
2405	2402	2568	1	-1	-1	-1
2569	2403	2404	1	-1	-1	-1
2514	2348	2515	1	-1	-1	-1
2500	2524	2354	1	-1	-1	-1
2530	2489	2360	0	-1	-1	-1
2405	2570	2404	1	-1	-1	-1
2516	2515	2349	1	-1	-1	-1
2512	2518	2350	1	-1	-1	-1
2399	2565	2416	1	-1	-1	-1
2517	2516	2349	1	-1	-1	-1
2566	2400	2422	1	-1	-1	-1
2406	2410	2573	1	-1	-1	-1
2520	2519	2351	1	-1	-1	-1
2518	2522	2352	1	-1	-1	-1
2353	2523	2517	1	-1	-1	-1
2352	2521	2520	1	-1	-1	-1
2408	2574	2412	1	-1	-1	-1
2575	2410	2409	1	-1	-1	-1
2409	2411	2575	1	-1	-1	-1
2413	2574	2408	1	-1	-1	-1
2352	2522	2521	1	-1	-1	-1
2490	2529	2379	0	-1	-1	-1
2412	2576	2411	1	-1	-1	-1
2390	2454	2559	5	-1	-1	-1
2388	2558	2458	5	-1	-1	-1
2523	2355	2526	1	-1	-1	-1
2374	2546	2484	0	-1	-1	-1
2526	2355	2525	1	-1	-1	-1
2356	2524	2527	1	-1	-1	-1
2356	2527	2525	1	-1	-1	-1
2413	2417	2579	1	-1	-1	-1
2414	2415	2580	1	-1	-1	-1
2362	2519	2531	1	-1	-1	-1
2414	2581	2418	1	-1	-1	-1
2466	2483	2464	0	-1	-1	-1
2381	2482	2550	1	-1	-1	-1
2416	2582	2415	1	-1	-1	-1
2426	2566	2422	1	-1	-1	-1
2528	2358	2529	0	-1	-1	-1
2469	2464	2483	0	-1	-1	-1
2417	2418	2584	1	-1	-1	-1
2530	2361	2528	1	-1	-1	-1
2470	2469	2481	0	-1	-1	-1
2463	2396	2562	1	-1	-1	-1
2586	2419	2420	1	-1	-1	-1
2420	2421	2587	1	-1	-1	-1
2478	2470	2481	0	-1	-1	-1
2533	2364	2532	0	-1	-1	-1
2534	2532	2365	0	-1	-1	-1
2483	2481	2469	0	-1	-1	-1
2480	2477	2476	0	-1	-1	-1
2586	2429	2419	1	-1	-1	-1
2531	2536	2367	1	-1	-1	-1
2534	2366	2535	1	-1	-1	-1
2425	2423	2588	1	-1	-1	-1
2479	2477	2480	0	-1	-1	-1
2367	2536	2535	1	-1	-1	-1
2533	2537	2368	0	-1	-1	-1
2589	2426	2424	1	-1	-1	-1
2424	2425	2590	1	-1	-1	-1
2428	2588	2423	1	-1	-1	-1
2537	2538	2369	0	-1	-1	-1
2443	2558	2444	1	-1	-1	-1
2538	2539	2370	0	-1	-1	-1
2539	2540	2370	0	-1	-1	-1
2587	2421	2442	1	-1	-1	-1
2428	2427	2596	1	-1	-1	-1
2427	2429	2596	1	-1	-1	-1
2541	2371	2540	0	-1	-1	-1
2543	2542	2372	0	-1	-1	-1
2431	2598	2430	1	-1	-1	-1
2458	2558	2443	1	-1	-1	-1
2542	2544	2373	0	-1	-1	-1
2373	2544	2545	0	-1	-1	-1
2547	2375	2541	0	-1	-1	-1
2546	2373	2545	0	-1	-1	-1
2433	2432	2599	1	-1	-1	-1
2438	2430	2598	1	-1	-1	-1
2435	2599	2432	1	-1	-1	-1
2548	2543	2376	0	-1	-1	-1
2454	2456	2559	1	-1	-1	-1
2435	2434	2601	1	-1	-1	-1
2376	2547	2548	0	-1	-1	-1
2442	2433	2600	1	-1	-1	-1
2440	2601	2434	1	-1	-1	-1
2436	2437	2603	1	-1	-1	-1
2603	2439	2436	1	-1	-1	-1
2437	2438	2605	1	-1	-1	-1
2381	2550	2549	1	-1	-1	-1
2431	2453	2598	1	-1	-1	-1
2552	2551	2382	1	-1	-1	-1
2551	2553	2383	5	-1	-1	-1
2549	2554	2384	1	-1	-1	-1
2441	2439	2608	1	-1	-1	-1
2495	2497	2496	1	-1	-1	-1
2609	2440	2441	1	-1	-1	-1
2384	2554	2552	1	-1	-1	-1
2495	2499	2497	1	-1	-1	-1
2553	2556	2386	5	-1	-1	-1
2556	2555	2386	5	-1	-1	-1
2555	2557	2388	5	-1	-1	-1
2388	2557	2558	5	-1	-1	-1
2445	2444	2615	1	-1	-1	-1
2490	2489	2530	0	-1	-1	-1
2445	2616	2448	1	-1	-1	-1
2390	2559	2560	5	-1	-1	-1
2617	2446	2450	1	-1	-1	-1
2392	2560	2561	5	-1	-1	-1
2449	2618	2447	1	-1	-1	-1
2617	2452	2446	1	-1	-1	-1
2618	2451	2447	1	-1	-1	-1
2620	2449	2448	1	-1	-1	-1
2393	2563	2562	5	-1	-1	-1
2563	2394	2564	5	-1	-1	-1
2397	2561	2564	5	-1	-1	-1
2451	2622	2450	1	-1	-1	-1
2453	2452	2626	1	-1	-1	-1
2401	2566	2567	1	-1	-1	-1
2569	2565	2403	1	-1	-1	-1
2568	2402	2567	1	-1	-1	-1
2457	2630	2456	1	-1	-1	-1
2404	2571	2569	1	-1	-1	-1
2570	2571	2404	1	-1	-1	-1
2572	2405	2568	1	-1	-1	-1
2457	2459	2630	1	-1	-1	-1
2490	2528	2529	0	-1	-1	-1
2570	2405	2572	1	-1	-1	-1
2530	2528	2490	0	-1	-1	-1
2460	2631	2459	1	-1	-1	-1
2460	2462	2632	1	-1	-1	-1
2633	2462	2461	1	-1	-1	-1
2461	2463	2633	1	-1	-1	-1
2573	2410	2575	1	-1	-1	-1
2566	2426	2567	1	-1	-1	-1
2575	2411	2577	1	-1	-1	-1
2578	2412	2574	1	-1	-1	-1
2565	2583	2416	1	-1	-1	-1
2577	2411	2576	1	-1	-1	-1
2579	2574	2413	1	-1	-1	-1
2576	2412	2578	1	-1	-1	-1
2636	2466	2465	0	-1	-1	-1
2465	2468	2635	0	-1	-1	-1
2638	2468	2467	0	-1	-1	-1
2414	2580	2581	1	-1	-1	-1
2415	2582	2580	1	-1	-1	-1
2584	2579	2417	1	-1	-1	-1
2582	2416	2583	1	-1	-1	-1
2472	2471	2641	0	-1	-1	-1
2418	2581	2585	1	-1	-1	-1
2473	2641	2471	0	-1	-1	-1
2483	2466	2637	0	-1	-1	-1
2584	2418	2585	1	-1	-1	-1
2567	2426	2594	1	-1	-1	-1
2641	2473	2474	0	-1	-1	-1
2467	2485	2638	0	-1	-1	-1
2475	2642	2474	0	-1	-1	-1
2587	2586	2420	1	-1	-1	-1
2472	2642	2479	0	-1	-1	-1
2477	2642	2475	0	-1	-1	-1
2479	2642	2477	0	-1	-1	-1
2637	2482	2483	0	-1	-1	-1
2424	2590	2589	1	-1	-1	-1
2425	2588	2591	1	-1	-1	-1
2425	2592	2590	1	-1	-1	-1
2593	2425	2591	1	-1	-1	-1
2593	2592	2425	1	-1	-1	-1
2595	2426	2589	1	-1	-1	-1
2429	2586	2596	1	-1	-1	-1
2428	2597	2588	1	-1	-1	-1
2594	2426	2595	1	-1	-1	-1
2485	2486	2644	0	-1	-1	-1
2488	2484	2643	0	-1	-1	-1
2558	2614	2444	1	-1	-1	-1
2486	2487	2645	0	-1	-1	-1
2646	2487	2488	0	-1	-1	-1
2597	2428	2596	1	-1	-1	-1
2600	2433	2599	1	-1	-1	-1
2492	2493	2648	0	-1	-1	-1
2648	2494	2492	0	-1	-1	-1
2602	2599	2435	1	-1	-1	-1
2435	2601	2602	1	-1	-1	-1
2587	2442	2612	1	-1	-1	-1
2607	2438	2598	1	-1	-1	-1
2559	2456	2629	1	-1	-1	-1
2437	2604	2603	1	-1	-1	-1
2437	2605	2604	1	-1	-1	-1
2606	2605	2438	1	-1	-1	-1
2609	2601	2440	1	-1	-1	-1
2603	2608	2439	1	-1	-1	-1
2438	2607	2606	1	-1	-1	-1
2651	2507	2494	1	-1	-1	-1
2652	2500	2501	1	-1	-1	-1
2613	2442	2600	1	-1	-1	-1
2501	2502	2653	1	-1	-1	-1
2562	2633	2463	1	-1	-1	-1
2608	2610	2441	1	-1	-1	-1
2503	2654	2502	1	-1	-1	-1
2441	2611	2609	1	-1	-1	-1
2503	2504	2654	1	-1	-1	-1
2610	2611	2441	1	-1	-1	-1
2656	2504	2505	1	-1	-1	-1
2442	2613	2612	1	-1	-1	-1
2657	2505	2506	1	-1	-1	-1
2550	2482	2637	0	-1	-1	-1
2614	2615	2444	1	-1	-1	-1
2546	2643	2484	0	-1	-1	-1
2507	2659	2508	1	-1	-1	-1
2506	2511	2658	1	-1	-1	-1
2500	2652	2524	1	-1	-1	-1
2445	2615	2616	1	-1	-1	-1
2660	2509	2508	1	-1	-1	-1
2453	2628	2598	1	-1	-1	-1
2510	2509	2662	1	-1	-1	-1
2619	2448	2616	1	-1	-1	-1
2663	2511	2510	1	-1	-1	-1
2448	2619	2620	1	-1	-1	-1
2449	2621	2618	1	-1	-1	-1
2622	2617	2450	1	-1	-1	-1
2513	2664	2512	1	-1	-1	-1
2621	2449	2620	1	-1	-1	-1
2618	2623	2451	1	-1	-1	-1
2513	2514	2667	1	-1	-1	-1
2617	2625	2452	1	-1	-1	-1
2518	2512	2664	1	-1	-1	-1
2622	2451	2623	1	-1	-1	-1
2515	2668	2514	1	-1	-1	-1
2515	2516	2669	1	-1	-1	-1
2624	2452	2625	1	-1	-1	-1
2452	2624	2626	1	-1	-1	-1
2517	2670	2516	1	-1	-1	-1
2627	2453	2626	1	-1	-1	-1
2627	2628	2453	1	-1	-1	-1
2523	2672	2517	1	-1	-1	-1
2519	2520	2674	1	-1	-1	-1
2522	2518	2673	1	-1	-1	-1
2629	2456	2630	1	-1	-1	-1
2583	2565	2569	1	-1	-1	-1
2677	2520	2521	1	-1	-1	-1
2630	2459	2631	1	-1	-1	-1
2521	2522	2678	1	-1	-1	-1
2460	2632	2631	1	-1	-1	-1
2675	2531	2519	1	-1	-1	-1
2575	2577	2573	1	-1	-1	-1
2462	2634	2632	1	-1	-1	-1
2568	2567	2594	1	-1	-1	-1
2680	2523	2526	1	-1	-1	-1
2634	2462	2633	1	-1	-1	-1
2558	2557	2614	5	-1	-1	-1
2527	2524	2681	1	-1	-1	-1
2526	2525	2682	1	-1	-1	-1
2525	2527	2682	1	-1	-1	-1
2635	2636	2465	0	-1	-1	-1
2636	2637	2466	0	-1	-1	-1
2531	2675	2536	1	-1	-1	-1
2635	2468	2640	0	-1	-1	-1
2468	2638	2639	0	-1	-1	-1
2640	2468	2639	0	-1	-1	-1
2559	2629	2560	5	-1	-1	-1
2560	2629	2561	5	-1	-1	-1
2533	2532	2687	0	-1	-1	-1
2688	2532	2534	0	-1	-1	-1
2472	2641	2642	0	-1	-1	-1
2642	2641	2474	0	-1	-1	-1
2537	2533	2689	0	-1	-1	-1
2690	2534	2535	1	-1	-1	-1
2563	2634	2562	5	-1	-1	-1
2691	2535	2536	1	-1	-1	-1
2692	2538	2537	0	-1	-1	-1
2644	2638	2485	0	-1	-1	-1
2538	2692	2539	0	-1	-1	-1
2539	2693	2540	0	-1	-1	-1
2644	2486	2645	0	-1	-1	-1
2540	2695	2541	0	-1	-1	-1
2647	2488	2643	0	-1	-1	-1
2646	2645	2487	0	-1	-1	-1
2647	2646	2488	0	-1	-1	-1
2697	2542	2543	0	-1	-1	-1
2542	2697	2544	0	-1	-1	-1
2541	2696	2547	0	-1	-1	-1
2545	2544	2700	0	-1	-1	-1
2543	2548	2699	0	-1	-1	-1
2493	2650	2648	0	-1	-1	-1
2493	2649	2650	0	-1	-1	-1
2651	2494	2648	0	-1	-1	-1
2545	2702	2546	0	-1	-1	-1
2547	2704	2548	0	-1	-1	-1
2706	2549	2550	1	-1	-1	-1
2653	2652	2501	1	-1	-1	-1
2549	2705	2554	1	-1	-1	-1
2502	2654	2653	1	-1	-1	-1
2551	2707	2553	5	-1	-1	-1
2708	2551	2552	1	-1	-1	-1
2504	2655	2654	1	-1	-1	-1
2655	2504	2656	1	-1	-1	-1
2552	2554	2710	1	-1	-1	-1
2651	2659	2507	1	-1	-1	-1
2657	2656	2505	1	-1	-1	-1
2553	2711	2556	5	-1	-1	-1
2506	2658	2657	1	-1	-1	-1
2637	2636	2550	0	-1	-1	-1
2713	2555	2556	5	-1	-1	-1
2713	2557	2555	5	-1	-1	-1
2508	2659	2660	1	-1	-1	-1
2633	2562	2634	5	-1	-1	-1
2509	2660	2661	1	-1	-1	-1
2509	2661	2662	1	-1	-1	-1
2511	2663	2658	1	-1	-1	-1
2607	2598	2628	1	-1	-1	-1
2663	2510	2662	1	-1	-1	-1
2716	2564	2561	5	-1	-1	-1
2513	2666	2664	1	-1	-1	-1
2717	2563	2564	5	-1	-1	-1
2513	2665	2666	1	-1	-1	-1
2667	2665	2513	1	-1	-1	-1
2667	2514	2668	1	-1	-1	-1
2515	2669	2668	1	-1	-1	-1
2673	2518	2664	1	-1	-1	-1
2669	2516	2671	1	-1	-1	-1
2524	2652	2681	1	-1	-1	-1
2670	2671	2516	1	-1	-1	-1
2718	2572	2568	1	-1	-1	-1
2670	2517	2672	1	-1	-1	-1
2571	2719	2569	1	-1	-1	-1
2571	2570	2720	1	-1	-1	-1
2721	2570	2572	1	-1	-1	-1
2617	2622	2625	1	-1	-1	-1
2674	2675	2519	1	-1	-1	-1
2520	2676	2674	1	-1	-1	-1
2583	2569	2719	1	-1	-1	-1
2676	2520	2677	1	-1	-1	-1
2673	2679	2522	1	-1	-1	-1
2577	2724	2573	1	-1	-1	-1
2680	2672	2523	1	-1	-1	-1
2678	2677	2521	1	-1	-1	-1
2725	2578	2574	1	-1	-1	-1
2725	2574	2579	1	-1	-1	-1
2726	2577	2576	1	-1	-1	-1
2678	2522	2679	1	-1	-1	-1
2568	2594	2718	1	-1	-1	-1
2578	2727	2576	1	-1	-1	-1
2614	2557	2713	5	-1	-1	-1
2680	2526	2683	1	-1	-1	-1
2526	2682	2683	1	-1	-1	-1
2546	2702	2643	0	-1	-1	-1
2706	2550	2636	0	-1	-1	-1
2580	2732	2581	1	-1	-1	-1
2685	2682	2527	1	-1	-1	-1
2527	2681	2686	1	-1	-1	-1
2579	2584	2731	1	-1	-1	-1
2733	2580	2582	1	-1	-1	-1
2527	2684	2685	1	-1	-1	-1
2686	2684	2527	1	-1	-1	-1
2734	2585	2581	1	-1	-1	-1
2582	2583	2736	1	-1	-1	-1
2536	2675	2691	1	-1	-1	-1
2561	2629	2716	5	-1	-1	-1
2585	2737	2584	1	-1	-1	-1
2687	2532	2688	0	-1	-1	-1
2718	2594	2595	1	-1	-1	-1
2687	2689	2533	0	-1	-1	-1
2738	2586	2587	1	-1	-1	-1
2534	2690	2688	1	-1	-1	-1
2634	2563	2717	5	-1	-1	-1
2535	2691	2690	1	-1	-1	-1
2689	2692	2537	0	-1	-1	-1
2588	2741	2591	1	-1	-1	-1
2739	2596	2586	1	-1	-1	-1
2590	2743	2589	1	-1	-1	-1
2593	2591	2741	1	-1	-1	-1
2539	2692	2694	0	-1	-1	-1
2539	2694	2693	0	-1	-1	-1
2590	2592	2744	1	-1	-1	-1
2588	2597	2742	1	-1	-1	-1
2595	2589	2743	1	-1	-1	-1
2693	2695	2540	0	-1	-1	-1
2592	2593	2745	1	-1	-1	-1
2739	2597	2596	1	-1	-1	-1
2541	2695	2696	0	-1	-1	-1
2697	2543	2698	0	-1	-1	-1
2612	2740	2587	1	-1	-1	-1
2699	2698	2543	0	-1	-1	-1
2544	2697	2701	0	-1	-1	-1
2701	2700	2544	0	-1	-1	-1
2696	2704	2547	0	-1	-1	-1
2700	2703	2545	0	-1	-1	-1
2651	2648	2650	0	-1	-1	-1
2545	2703	2702	0	-1	-1	-1
2599	2751	2600	1	-1	-1	-1
2699	2548	2704	0	-1	-1	-1
2602	2751	2599	1	-1	-1	-1
2753	2602	2601	1	-1	-1	-1
2706	2705	2549	1	-1	-1	-1
2604	2755	2603	1	-1	-1	-1
2609	2753	2601	1	-1	-1	-1
2600	2752	2613	1	-1	-1	-1
2604	2605	2756	1	-1	-1	-1
2603	2755	2608	1	-1	-1	-1
2551	2708	2707	1	-1	-1	-1
2758	2605	2606	1	-1	-1	-1
2552	2709	2708	1	-1	-1	-1
2552	2710	2709	1	-1	-1	-1
2553	2707	2711	5	-1	-1	-1
2705	2712	2554	1	-1	-1	-1
2759	2606	2607	1	-1	-1	-1
2629	2630	2716	1	-1	-1	-1
2554	2712	2710	1	-1	-1	-1
2716	2630	2631	1	-1	-1	-1
2762	2610	2608	1	-1	-1	-1
2717	2631	2632	1	-1	-1	-1
2714	2556	2711	5	-1	-1	-1
2634	2717	2632	1	-1	-1	-1
2611	2763	2609	1	-1	-1	-1
2715	2713	2556	5	-1	-1	-1
2610	2764	2611	1	-1	-1	-1
2714	2715	2556	5	-1	-1	-1
2766	2612	2613	1	-1	-1	-1
2607	2628	2760	1	-1	-1	-1
2717	2564	2716	5	-1	-1	-1
2615	2614	2769	1	-1	-1	-1
2616	2615	2770	1	-1	-1	-1
2673	2664	2666	1	-1	-1	-1
2616	2770	2619	1	-1	-1	-1
2720	2570	2721	1	-1	-1	-1
2772	2618	2621	1	-1	-1	-1
2719	2571	2722	1	-1	-1	-1
2774	2620	2619	1	-1	-1	-1
2571	2720	2722	1	-1	-1	-1
2723	2572	2718	1	-1	-1	-1
2618	2773	2623	1	-1	-1	-1
2721	2572	2723	1	-1	-1	-1
2620	2777	2621	1	-1	-1	-1
2622	2623	2779	1	-1	-1	-1
2622	2780	2625	1	-1	-1	-1
2728	2724	2577	1	-1	-1	-1
2726	2576	2727	1	-1	-1	-1
2577	2726	2728	1	-1	-1	-1
2625	2782	2624	1	-1	-1	-1
2626	2624	2781	1	-1	-1	-1
2725	2729	2578	1	-1	-1	-1
2579	2730	2725	1	-1	-1	-1
2578	2729	2727	1	-1	-1	-1
2627	2626	2784	1	-1	-1	-1
2719	2736	2583	1	-1	-1	-1
2731	2730	2579	1	-1	-1	-1
2785	2628	2627	1	-1	-1	-1
2580	2733	2732	1	-1	-1	-1
2735	2581	2732	1	-1	-1	-1
2735	2734	2581	1	-1	-1	-1
2736	2733	2582	1	-1	-1	-1
2699	2676	2677	0	-1	-1	-1
2584	2737	2731	1	-1	-1	-1
2698	2677	2678	0	-1	-1	-1
2585	2734	2737	1	-1	-1	-1
2787	2636	2635	0	-1	-1	-1
2718	2595	2748	1	-1	-1	-1
2788	2635	2640	0	-1	-1	-1
2738	2739	2586	1	-1	-1	-1
2716	2631	2717	1	-1	-1	-1
2738	2587	2740	1	-1	-1	-1
2638	2789	2639	0	-1	-1	-1
2640	2639	2792	0	-1	-1	-1
2588	2742	2741	1	-1	-1	-1
2791	2638	2644	0	-1	-1	-1
2698	2699	2677	0	-1	-1	-1
2694	2692	2689	0	-1	-1	-1
2590	2744	2743	1	-1	-1	-1
2676	2699	2704	0	-1	-1	-1
2593	2741	2746	1	-1	-1	-1
2744	2592	2745	1	-1	-1	-1
2647	2643	2794	0	-1	-1	-1
2644	2645	2796	0	-1	-1	-1
2747	2745	2593	1	-1	-1	-1
2597	2739	2750	1	-1	-1	-1
2747	2593	2746	1	-1	-1	-1
2595	2743	2749	1	-1	-1	-1
2797	2645	2646	0	-1	-1	-1
2750	2742	2597	1	-1	-1	-1
2798	2646	2647	0	-1	-1	-1
2749	2748	2595	1	-1	-1	-1
2614	2713	2769	5	-1	-1	-1
2649	2802	2650	0	-1	-1	-1
2600	2751	2752	1	-1	-1	-1
2803	2651	2650	0	-1	-1	-1
2751	2602	2754	1	-1	-1	-1
2602	2753	2754	1	-1	-1	-1
2652	2653	2805	1	-1	-1	-1
2659	2651	2803	1	-1	-1	-1
2807	2653	2654	1	-1	-1	-1
2604	2756	2755	1	-1	-1	-1
2654	2655	2807	1	-1	-1	-1
2605	2757	2756	1	-1	-1	-1
2766	2740	2612	1	-1	-1	-1
2808	2655	2656	1	-1	-1	-1
2758	2757	2605	1	-1	-1	-1
2809	2656	2657	1	-1	-1	-1
2758	2606	2759	1	-1	-1	-1
2755	2761	2608	1	-1	-1	-1
2763	2753	2609	1	-1	-1	-1
2810	2657	2658	1	-1	-1	-1
2759	2607	2760	1	-1	-1	-1
2636	2787	2706	0	-1	-1	-1
2608	2761	2762	1	-1	-1	-1
2812	2660	2659	1	-1	-1	-1
2752	2767	2613	1	-1	-1	-1
2663	2811	2658	1	-1	-1	-1
2813	2661	2660	1	-1	-1	-1
2610	2762	2764	1	-1	-1	-1
2681	2652	2804	1	-1	-1	-1
2765	2763	2611	1	-1	-1	-1
2816	2662	2661	1	-1	-1	-1
2611	2764	2765	1	-1	-1	-1
2795	2643	2702	0	-1	-1	-1
2662	2817	2663	1	-1	-1	-1
2768	2766	2613	1	-1	-1	-1
2768	2613	2767	1	-1	-1	-1
2665	2819	2666	1	-1	-1	-1
2820	2665	2667	1	-1	-1	-1
2771	2615	2769	1	-1	-1	-1
2771	2770	2615	1	-1	-1	-1
2668	2826	2667	1	-1	-1	-1
2666	2823	2673	1	-1	-1	-1
2772	2773	2618	1	-1	-1	-1
2770	2775	2619	1	-1	-1	-1
2668	2669	2828	1	-1	-1	-1
2669	2671	2828	1	-1	-1	-1
2775	2774	2619	1	-1	-1	-1
2621	2777	2772	1	-1	-1	-1
2671	2670	2829	1	-1	-1	-1
2776	2620	2774	1	-1	-1	-1
2804	2686	2681	1	-1	-1	-1
2829	2670	2672	1	-1	-1	-1
2620	2776	2777	1	-1	-1	-1
2786	2760	2628	1	-1	-1	-1
2773	2779	2623	1	-1	-1	-1
2779	2778	2622	1	-1	-1	-1
2778	2780	2622	1	-1	-1	-1
2833	2675	2674	1	-1	-1	-1
2672	2680	2831	1	-1	-1	-1
2676	2834	2674	1	-1	-1	-1
2729	2725	2730	1	-1	-1	-1
2673	2832	2679	1	-1	-1	-1
2625	2780	2782	1	-1	-1	-1
2781	2624	2783	1	-1	-1	-1
2783	2624	2782	1	-1	-1	-1
2748	2723	2718	1	-1	-1	-1
2626	2781	2784	1	-1	-1	-1
2678	2679	2836	0	-1	-1	-1
2785	2627	2784	1	-1	-1	-1
2628	2785	2786	1	-1	-1	-1
2691	2675	2835	1	-1	-1	-1
2683	2838	2680	1	-1	-1	-1
2682	2840	2683	1	-1	-1	-1
2839	2682	2685	1	-1	-1	-1
2788	2787	2635	0	-1	-1	-1
2685	2684	2842	1	-1	-1	-1
2698	2678	2836	0	-1	-1	-1
2679	2832	2701	0	-1	-1	-1
2686	2843	2684	1	-1	-1	-1
2676	2704	2834	0	-1	-1	-1
2679	2701	2836	0	-1	-1	-1
2638	2790	2789	0	-1	-1	-1
2790	2638	2791	0	-1	-1	-1
2789	2792	2639	0	-1	-1	-1
2640	2793	2788	0	-1	-1	-1
2688	2847	2687	0	-1	-1	-1
2689	2687	2847	0	-1	-1	-1
2793	2640	2792	0	-1	-1	-1
2848	2688	2690	1	-1	-1	-1
2746	2741	2742	1	-1	-1	-1
2796	2791	2644	0	-1	-1	-1
2850	2690	2691	1	-1	-1	-1
2697	2698	2836	0	-1	-1	-1
2795	2794	2643	0	-1	-1	-1
2689	2849	2694	0	-1	-1	-1
2697	2836	2701	0	-1	-1	-1
2743	2744	2749	1	-1	-1	-1
2693	2694	2851	0	-1	-1	-1
2797	2796	2645	0	-1	-1	-1
2695	2693	2852	0	-1	-1	-1
2646	2798	2797	0	-1	-1	-1
2800	2647	2794	0	-1	-1	-1
2798	2647	2799	0	-1	-1	-1
2695	2854	2696	0	-1	-1	-1
2799	2647	2800	0	-1	-1	-1
2649	2801	2802	0	-1	-1	-1
2704	2696	2854	0	-1	-1	-1
2650	2802	2803	0	-1	-1	-1
2701	2855	2700	0	-1	-1	-1
2855	2703	2700	0	-1	-1	-1
2652	2805	2804	1	-1	-1	-1
2702	2703	2856	0	-1	-1	-1
2805	2653	2806	1	-1	-1	-1
2806	2653	2807	1	-1	-1	-1
2807	2655	2808	1	-1	-1	-1
2859	2705	2706	1	-1	-1	-1
2809	2808	2656	1	-1	-1	-1
2659	2803	2812	1	-1	-1	-1
2707	2708	2860	1	-1	-1	-1
2809	2657	2810	1	-1	-1	-1
2859	2712	2705	1	-1	-1	-1
2707	2860	2711	5	-1	-1	-1
2861	2708	2709	1	-1	-1	-1
2810	2658	2811	1	-1	-1	-1
2863	2709	2710	1	-1	-1	-1
2660	2812	2814	1	-1	-1	-1
2865	2710	2712	1	-1	-1	-1
2814	2813	2660	1	-1	-1	-1
2813	2815	2661	1	-1	-1	-1
2866	2714	2711	5	-1	-1	-1
2811	2663	2818	1	-1	-1	-1
2816	2661	2815	1	-1	-1	-1
2662	2816	2817	1	-1	-1	-1
2869	2713	2715	5	-1	-1	-1
2818	2663	2817	1	-1	-1	-1
2714	2870	2715	5	-1	-1	-1
2821	2819	2665	1	-1	-1	-1
2822	2665	2820	1	-1	-1	-1
2821	2665	2822	1	-1	-1	-1
2824	2666	2819	1	-1	-1	-1
2825	2820	2667	1	-1	-1	-1
2719	2722	2872	1	-1	-1	-1
2823	2666	2824	1	-1	-1	-1
2721	2875	2720	1	-1	-1	-1
2826	2825	2667	1	-1	-1	-1
2720	2876	2722	1	-1	-1	-1
2826	2668	2827	1	-1	-1	-1
2877	2721	2723	1	-1	-1	-1
2668	2828	2827	1	-1	-1	-1
2719	2873	2736	1	-1	-1	-1
2673	2823	2832	1	-1	-1	-1
2671	2830	2828	1	-1	-1	-1
2830	2671	2829	1	-1	-1	-1
2829	2672	2831	1	-1	-1	-1
2727	2880	2726	1	-1	-1	-1
2728	2726	2880	1	-1	-1	-1
2686	2804	2846	1	-1	-1	-1
2729	2881	2727	1	-1	-1	-1
2834	2833	2674	1	-1	-1	-1
2730	2884	2729	1	-1	-1	-1
2833	2835	2675	1	-1	-1	-1
2730	2731	2884	1	-1	-1	-1
2680	2837	2831	1	-1	-1	-1
2879	2723	2748	1	-1	-1	-1
2732	2733	2886	1	-1	-1	-1
2869	2769	2713	5	-1	-1	-1
2787	2859	2706	0	-1	-1	-1
2856	2795	2702	0	-1	-1	-1
2886	2735	2732	1	-1	-1	-1
2737	2885	2731	1	-1	-1	-1
2680	2838	2837	1	-1	-1	-1
2887	2733	2736	1	-1	-1	-1
2735	2888	2734	1	-1	-1	-1
2888	2737	2734	1	-1	-1	-1
2682	2839	2840	1	-1	-1	-1
2838	2683	2841	1	-1	-1	-1
2841	2683	2840	1	-1	-1	-1
2891	2739	2738	1	-1	-1	-1
2844	2839	2685	1	-1	-1	-1
2740	2891	2738	1	-1	-1	-1
2684	2843	2842	1	-1	-1	-1
2842	2844	2685	1	-1	-1	-1
2843	2686	2845	1	-1	-1	-1
2879	2748	2749	1	-1	-1	-1
2850	2691	2835	1	-1	-1	-1
2686	2846	2845	1	-1	-1	-1
2739	2891	2750	1	-1	-1	-1
2893	2746	2742	1	-1	-1	-1
2745	2894	2744	1	-1	-1	-1
2847	2688	2848	1	-1	-1	-1
2847	2849	2689	0	-1	-1	-1
2750	2893	2742	1	-1	-1	-1
2744	2894	2749	1	-1	-1	-1
2747	2895	2745	1	-1	-1	-1
2848	2690	2850	1	-1	-1	-1
2701	2832	2855	0	-1	-1	-1
2896	2747	2746	1	-1	-1	-1
2704	2854	2834	0	-1	-1	-1
2852	2693	2851	0	-1	-1	-1
2694	2849	2853	0	-1	-1	-1
2853	2851	2694	0	-1	-1	-1
2766	2892	2740	1	-1	-1	-1
2695	2852	2854	0	-1	-1	-1
2752	2751	2900	1	-1	-1	-1
2751	2754	2900	1	-1	-1	-1
2753	2902	2754	1	-1	-1	-1
2869	2771	2769	5	-1	-1	-1
2703	2855	2857	0	-1	-1	-1
2756	2905	2755	1	-1	-1	-1
2703	2858	2856	0	-1	-1	-1
2703	2857	2858	0	-1	-1	-1
2906	2756	2757	1	-1	-1	-1
2903	2753	2763	1	-1	-1	-1
2767	2752	2901	1	-1	-1	-1
2905	2761	2755	1	-1	-1	-1
2758	2907	2757	1	-1	-1	-1
2768	2892	2766	1	-1	-1	-1
2759	2910	2758	1	-1	-1	-1
2862	2860	2708	1	-1	-1	-1
2708	2861	2862	1	-1	-1	-1
2912	2759	2760	1	-1	-1	-1
2787	2788	2859	0	-1	-1	-1
2864	2861	2709	1	-1	-1	-1
2863	2864	2709	1	-1	-1	-1
2762	2761	2913	1	-1	-1	-1
2860	2866	2711	5	-1	-1	-1
2865	2863	2710	1	-1	-1	-1
2712	2859	2868	1	-1	-1	-1
2764	2762	2915	1	-1	-1	-1
2712	2867	2865	1	-1	-1	-1
2763	2765	2916	1	-1	-1	-1
2765	2764	2917	1	-1	-1	-1
2712	2868	2867	1	-1	-1	-1
2866	2870	2714	5	-1	-1	-1
2871	2869	2715	5	-1	-1	-1
2921	2768	2767	1	-1	-1	-1
2870	2871	2715	5	-1	-1	-1
2786	2912	2760	1	-1	-1	-1
2923	2770	2771	1	-1	-1	-1
2873	2719	2872	1	-1	-1	-1
2923	2775	2770	1	-1	-1	-1
2874	2720	2875	1	-1	-1	-1
2773	2772	2924	1	-1	-1	-1
2876	2872	2722	1	-1	-1	-1
2720	2874	2876	1	-1	-1	-1
2777	2925	2772	1	-1	-1	-1
2875	2721	2878	1	-1	-1	-1
2878	2721	2877	1	-1	-1	-1
2774	2775	2927	1	-1	-1	-1
2928	2776	2774	1	-1	-1	-1
2779	2773	2926	1	-1	-1	-1
2723	2879	2877	1	-1	-1	-1
2777	2776	2931	1	-1	-1	-1
2790	2791	2908	1	-1	-1	-1
2880	2727	2882	1	-1	-1	-1
2778	2779	2932	1	-1	-1	-1
2881	2882	2727	1	-1	-1	-1
2780	2778	2933	1	-1	-1	-1
2880	2883	2728	1	-1	-1	-1
2884	2881	2729	1	-1	-1	-1
2780	2934	2782	1	-1	-1	-1
2873	2887	2736	1	-1	-1	-1
2884	2731	2885	1	-1	-1	-1
2783	2936	2781	1	-1	-1	-1
2781	2936	2784	1	-1	-1	-1
2782	2937	2783	1	-1	-1	-1
2733	2887	2886	1	-1	-1	-1
2784	2940	2785	1	-1	-1	-1
2886	2889	2735	1	-1	-1	-1
2737	2888	2885	1	-1	-1	-1
2771	2869	2871	5	-1	-1	-1
2941	2786	2785	1	-1	-1	-1
2890	2888	2735	1	-1	-1	-1
2735	2889	2890	1	-1	-1	-1
2868	2859	2788	0	-1	-1	-1
2879	2749	2894	1	-1	-1	-1
2891	2740	2892	1	-1	-1	-1
2790	2946	2789	0	-1	-1	-1
2788	2793	2944	0	-1	-1	-1
2789	2945	2792	0	-1	-1	-1
2894	2745	2895	1	-1	-1	-1
2949	2793	2792	0	-1	-1	-1
2791	2796	2947	0	-1	-1	-1
2896	2746	2893	1	-1	-1	-1
2896	2897	2747	1	-1	-1	-1
2794	2795	2951	0	-1	-1	-1
2891	2899	2750	1	-1	-1	-1
2797	2947	2796	0	-1	-1	-1
2898	2895	2747	1	-1	-1	-1
2747	2897	2898	1	-1	-1	-1
2750	2899	2893	1	-1	-1	-1
2798	2954	2797	0	-1	-1	-1
2800	2794	2951	0	-1	-1	-1
2798	2799	2955	0	-1	-1	-1
2752	2900	2901	1	-1	-1	-1
2956	2799	2800	0	-1	-1	-1
2904	2900	2754	1	-1	-1	-1
2903	2902	2753	1	-1	-1	-1
2902	2904	2754	1	-1	-1	-1
2802	2801	2959	0	-1	-1	-1
2959	2803	2802	0	-1	-1	-1
2771	2871	2923	5	-1	-1	-1
2756	2906	2905	1	-1	-1	-1
2961	2804	2805	1	-1	-1	-1
2908	2906	2757	1	-1	-1	-1
2907	2908	2757	1	-1	-1	-1
2806	2962	2805	1	-1	-1	-1
2907	2758	2909	1	-1	-1	-1
2803	2960	2812	1	-1	-1	-1
2963	2806	2807	1	-1	-1	-1
2910	2909	2758	1	-1	-1	-1
2807	2808	2964	1	-1	-1	-1
2759	2911	2910	1	-1	-1	-1
2761	2905	2914	1	-1	-1	-1
2808	2809	2964	1	-1	-1	-1
2912	2911	2759	1	-1	-1	-1
2763	2916	2903	1	-1	-1	-1
2922	2892	2768	1	-1	-1	-1
2810	2966	2809	1	-1	-1	-1
2967	2810	2811	1	-1	-1	-1
2913	2761	2914	1	-1	-1	-1
2767	2901	2921	1	-1	-1	-1
2913	2915	2762	1	-1	-1	-1
2968	2814	2812	1	-1	-1	-1
2811	2818	2967	1	-1	-1	-1
2969	2813	2814	1	-1	-1	-1
2969	2815	2813	1	-1	-1	-1
2764	2915	2918	1	-1	-1	-1
2943	2868	2788	0	-1	-1	-1
2917	2764	2918	1	-1	-1	-1
2919	2765	2917	1	-1	-1	-1
2765	2920	2916	1	-1	-1	-1
2816	2815	2971	1	-1	-1	-1
2795	2856	2953	0	-1	-1	-1
2919	2920	2765	1	-1	-1	-1
2908	2907	2790	1	-1	-1	-1
2816	2972	2817	1	-1	-1	-1
2817	2974	2818	1	-1	-1	-1
2922	2768	2921	1	-1	-1	-1
2846	2804	2961	1	-1	-1	-1
2977	2819	2821	1	-1	-1	-1
2978	2822	2820	1	-1	-1	-1
2824	2819	2977	1	-1	-1	-1
2925	2924	2772	1	-1	-1	-1
2979	2821	2822	1	-1	-1	-1
2978	2820	2825	1	-1	-1	-1
2773	2924	2926	1	-1	-1	-1
2923	2929	2775	1	-1	-1	-1
2927	2928	2774	1	-1	-1	-1
2823	2824	2983	1	-1	-1	-1
2929	2927	2775	1	-1	-1	-1
2925	2777	2931	1	-1	-1	-1
2776	2928	2930	1	-1	-1	-1
2826	2985	2825	1	-1	-1	-1
2776	2930	2931	1	-1	-1	-1
2779	2926	2932	1	-1	-1	-1
2983	2832	2823	1	-1	-1	-1
2912	2786	2942	1	-1	-1	-1
2827	2987	2826	1	-1	-1	-1
2946	2790	2907	1	-1	-1	-1
2778	2932	2933	1	-1	-1	-1
2989	2827	2828	1	-1	-1	-1
2883	2880	2882	1	-1	-1	-1
2948	2908	2791	1	-1	-1	-1
2933	2935	2780	1	-1	-1	-1
2828	2830	2990	1	-1	-1	-1
2780	2935	2934	1	-1	-1	-1
2829	2991	2830	1	-1	-1	-1
2992	2829	2831	1	-1	-1	-1
2926	2864	2863	1	-1	-1	-1
2937	2782	2934	1	-1	-1	-1
2865	2926	2863	1	-1	-1	-1
2783	2938	2936	1	-1	-1	-1
2939	2783	2937	1	-1	-1	-1
2940	2784	2936	1	-1	-1	-1
2938	2783	2939	1	-1	-1	-1
2833	2834	2996	1	-1	-1	-1
2837	2995	2831	1	-1	-1	-1
2835	2833	2996	1	-1	-1	-1
2932	2865	2867	1	-1	-1	-1
2940	2941	2785	1	-1	-1	-1
2868	2933	2867	1	-1	-1	-1
2941	2942	2786	1	-1	-1	-1
2855	2832	2983	0	-1	-1	-1
2838	2999	2837	1	-1	-1	-1
2944	2943	2788	0	-1	-1	-1
2841	3001	2838	1	-1	-1	-1
2946	2945	2789	0	-1	-1	-1
2839	3002	2840	1	-1	-1	-1
2835	2998	2850	1	-1	-1	-1
2854	2996	2834	0	-1	-1	-1
2840	3003	2841	1	-1	-1	-1
2844	3002	2839	1	-1	-1	-1
2947	2948	2791	1	-1	-1	-1
2949	2944	2793	0	-1	-1	-1
2945	2950	2792	0	-1	-1	-1
2792	2950	2949	0	-1	-1	-1
2843	3008	2842	1	-1	-1	-1
2842	3007	2844	1	-1	-1	-1
2848	2850	2998	1	-1	-1	-1
3010	2843	2845	1	-1	-1	-1
2954	2947	2797	0	-1	-1	-1
2951	2795	2952	0	-1	-1	-1
2851	2997	2852	0	-1	-1	-1
2952	2795	2953	0	-1	-1	-1
2997	2851	2853	0	-1	-1	-1
2996	2854	2852	0	-1	-1	-1
3013	2845	2846	1	-1	-1	-1
2955	2954	2798	0	-1	-1	-1
2951	2957	2800	0	-1	-1	-1
2955	2799	2956	0	-1	-1	-1
2847	2848	3015	1	-1	-1	-1
2847	3015	2849	1	-1	-1	-1
2956	2800	2957	0	-1	-1	-1
2926	2924	2864	1	-1	-1	-1
2853	2849	3015	1	-1	-1	-1
2801	2958	2959	0	-1	-1	-1
2803	2959	2960	0	-1	-1	-1
2926	2865	2932	1	-1	-1	-1
2914	2905	2906	1	-1	-1	-1
2805	2962	2961	1	-1	-1	-1
2857	2855	3016	0	-1	-1	-1
2856	2858	3017	0	-1	-1	-1
2962	2806	2963	1	-1	-1	-1
2932	2867	2933	1	-1	-1	-1
3019	2858	2857	0	-1	-1	-1
2807	2964	2963	1	-1	-1	-1
2964	2809	2965	1	-1	-1	-1
2812	2960	2968	1	-1	-1	-1
2966	2965	2809	1	-1	-1	-1
2966	2810	2967	1	-1	-1	-1
3022	2860	2862	1	-1	-1	-1
2861	3023	2862	1	-1	-1	-1
2860	3022	2866	5	-1	-1	-1
3023	2861	2864	1	-1	-1	-1
2968	2969	2814	1	-1	-1	-1
2969	2970	2815	1	-1	-1	-1
2815	2970	2971	1	-1	-1	-1
2816	2971	2972	1	-1	-1	-1
2976	2967	2818	1	-1	-1	-1
3025	2870	2866	5	-1	-1	-1
2946	2907	2909	1	-1	-1	-1
2972	2973	2817	1	-1	-1	-1
2817	2973	2974	1	-1	-1	-1
2974	2975	2818	1	-1	-1	-1
2871	2870	3027	5	-1	-1	-1
2976	2818	2975	1	-1	-1	-1
3028	2873	2872	1	-1	-1	-1
3028	2872	2876	1	-1	-1	-1
2980	2977	2821	1	-1	-1	-1
2979	2980	2821	1	-1	-1	-1
2981	2822	2978	1	-1	-1	-1
2875	3032	2874	1	-1	-1	-1
2982	2979	2822	1	-1	-1	-1
2874	3033	2876	1	-1	-1	-1
2981	2982	2822	1	-1	-1	-1
2984	2824	2977	1	-1	-1	-1
2878	3034	2875	1	-1	-1	-1
2985	2978	2825	1	-1	-1	-1
2887	2873	3030	1	-1	-1	-1
3036	2878	2877	1	-1	-1	-1
2824	2984	2983	1	-1	-1	-1
2877	2879	3036	1	-1	-1	-1
2985	2826	2986	1	-1	-1	-1
2986	2826	2988	1	-1	-1	-1
2826	2987	2988	1	-1	-1	-1
3039	2882	2881	1	-1	-1	-1
3030	2886	2887	1	-1	-1	-1
2827	2989	2987	1	-1	-1	-1
3040	2881	2884	1	-1	-1	-1
3030	2889	2886	1	-1	-1	-1
3041	2883	2882	1	-1	-1	-1
2990	2989	2828	1	-1	-1	-1
2864	2924	3023	1	-1	-1	-1
2879	2894	3038	1	-1	-1	-1
2884	2885	3043	1	-1	-1	-1
2829	2992	2991	1	-1	-1	-1
2993	2990	2830	1	-1	-1	-1
2992	2831	2994	1	-1	-1	-1
2993	2830	2991	1	-1	-1	-1
3045	2885	2888	1	-1	-1	-1
2995	2994	2831	1	-1	-1	-1
3027	2923	2871	5	-1	-1	-1
2846	2961	3014	1	-1	-1	-1
2890	3045	2888	1	-1	-1	-1
2889	3046	2890	1	-1	-1	-1
2856	3017	2953	0	-1	-1	-1
2868	3026	2933	1	-1	-1	-1
3038	2894	2895	1	-1	-1	-1
2835	2996	2997	1	-1	-1	-1
2997	2998	2835	1	-1	-1	-1
2837	2999	2995	1	-1	-1	-1
2892	3051	2891	1	-1	-1	-1
3000	2999	2838	1	-1	-1	-1
3026	2868	2943	0	-1	-1	-1
3001	3000	2838	1	-1	-1	-1
2899	2891	3051	1	-1	-1	-1
3053	2896	2893	1	-1	-1	-1
2899	3052	2893	1	-1	-1	-1
2840	3002	3003	1	-1	-1	-1
2997	2996	2852	0	-1	-1	-1
3005	3001	2841	1	-1	-1	-1
2898	3054	2895	1	-1	-1	-1
2997	2853	2998	1	-1	-1	-1
3003	3004	2841	1	-1	-1	-1
3055	2897	2896	1	-1	-1	-1
3005	2841	3004	1	-1	-1	-1
2898	2897	3056	1	-1	-1	-1
2855	2983	3016	0	-1	-1	-1
2842	3006	3007	1	-1	-1	-1
3006	2842	3008	1	-1	-1	-1
3011	3002	2844	1	-1	-1	-1
3059	2901	2900	1	-1	-1	-1
2843	3009	3008	1	-1	-1	-1
2998	3015	2848	1	-1	-1	-1
2844	3007	3011	1	-1	-1	-1
3010	3009	2843	1	-1	-1	-1
3059	2900	2904	1	-1	-1	-1
2922	3051	2892	1	-1	-1	-1
2998	2853	3015	1	-1	-1	-1
2845	3012	3010	1	-1	-1	-1
2903	3062	2902	1	-1	-1	-1
2904	2902	3062	1	-1	-1	-1
2845	3013	3012	1	-1	-1	-1
2925	3023	2924	1	-1	-1	-1
2846	3014	3013	1	-1	-1	-1
2923	3027	2929	5	-1	-1	-1
2908	3068	2906	1	-1	-1	-1
2901	3060	2921	1	-1	-1	-1
2916	3063	2903	1	-1	-1	-1
2914	2906	3067	1	-1	-1	-1
3069	2909	2910	1	-1	-1	-1
3016	3018	2857	0	-1	-1	-1
2911	3070	2910	1	-1	-1	-1
2857	3018	3019	0	-1	-1	-1
2935	2933	3026	1	-1	-1	-1
3020	3017	2858	0	-1	-1	-1
2911	2912	3072	1	-1	-1	-1
3021	2858	3019	0	-1	-1	-1
2920	3063	2916	1	-1	-1	-1
2858	3021	3020	0	-1	-1	-1
2913	2914	3073	1	-1	-1	-1
2913	3074	2915	1	-1	-1	-1
2915	3074	2918	1	-1	-1	-1
3024	3022	2862	1	-1	-1	-1
2862	3023	3024	1	-1	-1	-1
3076	2917	2918	1	-1	-1	-1
3077	2919	2917	1	-1	-1	-1
3025	2866	3022	5	-1	-1	-1
2920	2919	3079	1	-1	-1	-1
3025	3027	2870	5	-1	-1	-1
2909	3069	2946	1	-1	-1	-1
2908	2948	3068	1	-1	-1	-1
2912	2942	3072	1	-1	-1	-1
2922	2921	3083	1	-1	-1	-1
2873	3028	3031	1	-1	-1	-1
3029	3030	2873	1	-1	-1	-1
3031	3029	2873	1	-1	-1	-1
2874	3032	3033	1	-1	-1	-1
3028	2876	3035	1	-1	-1	-1
2875	3034	3032	1	-1	-1	-1
2928	2927	3087	1	-1	-1	-1
2931	3086	2925	1	-1	-1	-1
3087	2927	2929	1	-1	-1	-1
3033	3035	2876	1	-1	-1	-1
2930	2928	3088	1	-1	-1	-1
3037	3034	2878	1	-1	-1	-1
2930	3090	2931	1	-1	-1	-1
3037	2878	3036	1	-1	-1	-1
3038	3036	2879	1	-1	-1	-1
2946	3069	2945	0	-1	-1	-1
2935	3091	2934	1	-1	-1	-1
3040	3039	2881	1	-1	-1	-1
2937	2934	3091	1	-1	-1	-1
2882	3039	3042	1	-1	-1	-1
3069	2950	2945	0	-1	-1	-1
2882	3042	3041	1	-1	-1	-1
2889	3030	3047	1	-1	-1	-1
2936	2938	3093	1	-1	-1	-1
3044	3040	2884	1	-1	-1	-1
2940	2936	3093	1	-1	-1	-1
2937	3094	2939	1	-1	-1	-1
3043	3044	2884	1	-1	-1	-1
3023	2925	3024	1	-1	-1	-1
3045	3043	2885	1	-1	-1	-1
3096	2938	2939	1	-1	-1	-1
2940	3099	2941	1	-1	-1	-1
2889	3047	3046	1	-1	-1	-1
2890	3048	3045	1	-1	-1	-1
2941	3100	2942	1	-1	-1	-1
3049	2890	3046	1	-1	-1	-1
2895	3054	3038	1	-1	-1	-1
3050	3048	2890	1	-1	-1	-1
3049	3050	2890	1	-1	-1	-1
2943	2944	3102	0	-1	-1	-1
2949	3103	2944	0	-1	-1	-1
3052	3053	2893	1	-1	-1	-1
3104	2948	2947	1	-1	-1	-1
3103	2949	2950	0	-1	-1	-1
3055	2896	3053	1	-1	-1	-1
2954	3104	2947	1	-1	-1	-1
2899	3051	3058	1	-1	-1	-1
3056	2897	3055	1	-1	-1	-1
2952	3106	2951	0	-1	-1	-1
3052	2899	3058	1	-1	-1	-1
3054	2898	3057	1	-1	-1	-1
3057	2898	3056	1	-1	-1	-1
2953	3108	2952	0	-1	-1	-1
3106	2957	2951	0	-1	-1	-1
2954	2955	3111	1	-1	-1	-1
2901	3059	3061	1	-1	-1	-1
3060	2901	3061	1	-1	-1	-1
2955	2956	3112	1	-1	-1	-1
3113	2956	2957	0	-1	-1	-1
3064	3059	2904	1	-1	-1	-1
2903	3063	3062	1	-1	-1	-1
3062	3065	2904	1	-1	-1	-1
2922	3058	3051	1	-1	-1	-1
2959	2958	3117	0	-1	-1	-1
2904	3066	3064	1	-1	-1	-1
2925	3086	3024	1	-1	-1	-1
3065	3066	2904	1	-1	-1	-1
2959	3117	2960	0	-1	-1	-1
2906	3068	3067	1	-1	-1	-1
2961	2962	3119	1	-1	-1	-1
2929	3027	3089	5	-1	-1	-1
2962	2963	3121	1	-1	-1	-1
2960	3118	2968	1	-1	-1	-1
2964	3122	2963	1	-1	-1	-1
3069	2910	3070	1	-1	-1	-1
2965	3123	2964	1	-1	-1	-1
2911	3071	3070	1	-1	-1	-1
2935	3026	3092	1	-1	-1	-1
3072	3071	2911	1	-1	-1	-1
2966	3124	2965	1	-1	-1	-1
3075	2914	3067	1	-1	-1	-1
3125	2966	2967	1	-1	-1	-1
3073	3074	2913	1	-1	-1	-1
2914	3075	3073	1	-1	-1	-1
2968	3126	2969	1	-1	-1	-1
3082	2921	3060	1	-1	-1	-1
2920	3080	3063	1	-1	-1	-1
3084	3058	2922	1	-1	-1	-1
3126	2970	2969	1	-1	-1	-1
2976	3125	2967	1	-1	-1	-1
2971	2970	3128	1	-1	-1	-1
2917	3076	3077	1	-1	-1	-1
3074	3078	2918	1	-1	-1	-1
2943	3101	3026	0	-1	-1	-1
3076	2918	3078	1	-1	-1	-1
3131	2972	2971	1	-1	-1	-1
2919	3077	3079	1	-1	-1	-1
2972	3132	2973	1	-1	-1	-1
3017	3109	2953	0	-1	-1	-1
2974	2973	3133	1	-1	-1	-1
3081	2920	3079	1	-1	-1	-1
3081	3080	2920	1	-1	-1	-1
3083	2921	3082	1	-1	-1	-1
2974	3137	2975	1	-1	-1	-1
3069	3070	2950	0	-1	-1	-1
3138	2976	2975	1	-1	-1	-1
3083	3085	2922	1	-1	-1	-1
3084	2922	3085	1	-1	-1	-1
3035	3031	3028	1	-1	-1	-1
3014	2961	3119	1	-1	-1	-1
3140	2977	2980	1	-1	-1	-1
2981	2978	3141	1	-1	-1	-1
3140	2984	2977	1	-1	-1	-1
2980	2979	3142	1	-1	-1	-1
3088	2928	3087	1	-1	-1	-1
2979	2982	3142	1	-1	-1	-1
2978	2985	3141	1	-1	-1	-1
3089	3087	2929	5	-1	-1	-1
3030	3029	3047	1	-1	-1	-1
3090	3086	2931	1	-1	-1	-1
3144	2982	2981	1	-1	-1	-1
2930	3088	3090	1	-1	-1	-1
3100	3072	2942	1	-1	-1	-1
2983	2984	3147	1	-1	-1	-1
3092	3091	2935	1	-1	-1	-1
2985	2986	3148	1	-1	-1	-1
2948	3105	3068	1	-1	-1	-1
3091	3094	2937	1	-1	-1	-1
3070	3103	2950	0	-1	-1	-1
2986	2988	3149	1	-1	-1	-1
2988	2987	3150	1	-1	-1	-1
3093	2938	3095	1	-1	-1	-1
3151	2987	2989	1	-1	-1	-1
3096	3095	2938	1	-1	-1	-1
2939	3094	3097	1	-1	-1	-1
3093	3098	2940	1	-1	-1	-1
3153	2989	2990	1	-1	-1	-1
3097	3096	2939	1	-1	-1	-1
2993	3153	2990	1	-1	-1	-1
2992	3154	2991	1	-1	-1	-1
3098	3099	2940	1	-1	-1	-1
2991	3155	2993	1	-1	-1	-1
3099	3100	2941	1	-1	-1	-1
3025	3089	3027	5	-1	-1	-1
2992	2994	3156	1	-1	-1	-1
3016	2983	3147	0	-1	-1	-1
3102	3101	2943	0	-1	-1	-1
3103	3102	2944	0	-1	-1	-1
2994	2995	3160	1	-1	-1	-1
3161	2995	2999	1	-1	-1	-1
3105	2948	3104	1	-1	-1	-1
3162	2999	3000	1	-1	-1	-1
2952	3107	3106	0	-1	-1	-1
3164	3000	3001	1	-1	-1	-1
2952	3108	3107	0	-1	-1	-1
3104	2954	3110	1	-1	-1	-1
2953	3109	3108	0	-1	-1	-1
3166	3003	3002	1	-1	-1	-1
3001	3005	3165	1	-1	-1	-1
3004	3003	3166	1	-1	-1	-1
2954	3111	3110	1	-1	-1	-1
3005	3004	3168	1	-1	-1	-1
2955	3112	3111	1	-1	-1	-1
3115	2957	3106	0	-1	-1	-1
3167	3002	3011	1	-1	-1	-1
3114	3112	2956	1	-1	-1	-1
3114	2956	3113	1	-1	-1	-1
3115	3113	2957	0	-1	-1	-1
3172	3007	3006	1	-1	-1	-1
3006	3008	3173	1	-1	-1	-1
3065	3062	3063	1	-1	-1	-1
3117	2958	3116	0	-1	-1	-1
3174	3011	3007	1	-1	-1	-1
3175	3008	3009	1	-1	-1	-1
3118	2960	3117	0	-1	-1	-1
3177	3009	3010	1	-1	-1	-1
3178	3010	3012	1	-1	-1	-1
2962	3120	3119	1	-1	-1	-1
3120	2962	3121	1	-1	-1	-1
3013	3181	3012	1	-1	-1	-1
3121	2963	3122	1	-1	-1	-1
3065	3063	3080	1	-1	-1	-1
2964	3123	3122	1	-1	-1	-1
3013	3014	3183	1	-1	-1	-1
3124	3123	2965	1	-1	-1	-1
3118	3127	2968	1	-1	-1	-1
3125	3124	2966	1	-1	-1	-1
3016	3184	3018	0	-1	-1	-1
3101	3092	3026	0	-1	-1	-1
3127	3126	2968	1	-1	-1	-1
3185	3017	3020	0	-1	-1	-1
3019	3018	3186	0	-1	-1	-1
3126	3129	2970	1	-1	-1	-1
2970	3129	3128	1	-1	-1	-1
3019	3188	3021	0	-1	-1	-1
2971	3128	3130	1	-1	-1	-1
3189	3020	3021	0	-1	-1	-1
3130	3131	2971	1	-1	-1	-1
3132	2972	3131	1	-1	-1	-1
3022	3024	3191	1	-1	-1	-1
3025	3022	3191	5	-1	-1	-1
3132	3134	2973	1	-1	-1	-1
2976	3139	3125	1	-1	-1	-1
2973	3135	3133	1	-1	-1	-1
3135	2973	3134	1	-1	-1	-1
3103	3070	3071	0	-1	-1	-1
2974	3133	3136	1	-1	-1	-1
3136	3137	2974	1	-1	-1	-1
3138	2975	3137	1	-1	-1	-1
3193	3029	3031	1	-1	-1	-1
3138	3139	2976	1	-1	-1	-1
3194	3031	3035	1	-1	-1	-1
3195	3032	3034	1	-1	-1	-1
3033	3032	3196	1	-1	-1	-1
2980	3143	3140	1	-1	-1	-1
2980	3142	3143	1	-1	-1	-1
3035	3033	3197	1	-1	-1	-1
3141	3145	2981	1	-1	-1	-1
3034	3037	3198	1	-1	-1	-1
3047	3029	3193	1	-1	-1	-1
2981	3145	3144	1	-1	-1	-1
3142	2982	3146	1	-1	-1	-1
2984	3140	3147	1	-1	-1	-1
3146	2982	3144	1	-1	-1	-1
3036	3200	3037	1	-1	-1	-1
3038	3199	3036	1	-1	-1	-1
3148	3141	2985	1	-1	-1	-1
3102	3103	3071	0	-1	-1	-1
3040	3202	3039	1	-1	-1	-1
2986	3149	3148	1	-1	-1	-1
3202	3042	3039	1	-1	-1	-1
3042	3203	3041	1	-1	-1	-1
3202	3040	3044	1	-1	-1	-1
2987	3151	3150	1	-1	-1	-1
3149	2988	3152	1	-1	-1	-1
3150	3152	2988	1	-1	-1	-1
3054	3199	3038	1	-1	-1	-1
2989	3153	3151	1	-1	-1	-1
3206	3044	3043	1	-1	-1	-1
3045	3206	3043	1	-1	-1	-1
3155	2991	3154	1	-1	-1	-1
3208	3045	3048	1	-1	-1	-1
3047	3209	3046	1	-1	-1	-1
3086	3192	3024	1	-1	-1	-1
2992	3156	3154	1	-1	-1	-1
3157	3153	2993	1	-1	-1	-1
3209	3049	3046	1	-1	-1	-1
3191	3089	3025	5	-1	-1	-1
3050	3208	3048	1	-1	-1	-1
3158	2993	3155	1	-1	-1	-1
3157	2993	3158	1	-1	-1	-1
3050	3049	3210	1	-1	-1	-1
2994	3159	3156	1	-1	-1	-1
3199	3054	3057	1	-1	-1	-1
3185	3109	3017	0	-1	-1	-1
3160	3159	2994	1	-1	-1	-1
3119	3183	3014	1	-1	-1	-1
2995	3161	3160	1	-1	-1	-1
3052	3213	3053	1	-1	-1	-1
3110	3105	3104	1	-1	-1	-1
2999	3162	3161	1	-1	-1	-1
3215	3055	3053	1	-1	-1	-1
3213	3052	3058	1	-1	-1	-1
3000	3163	3162	1	-1	-1	-1
3163	3000	3164	1	-1	-1	-1
3055	3216	3056	1	-1	-1	-1
3001	3165	3164	1	-1	-1	-1
3057	3056	3217	1	-1	-1	-1
3166	3002	3167	1	-1	-1	-1
3166	3169	3004	1	-1	-1	-1
3005	3170	3165	1	-1	-1	-1
3220	3061	3059	1	-1	-1	-1
3168	3004	3169	1	-1	-1	-1
3221	3060	3061	1	-1	-1	-1
3170	3005	3168	1	-1	-1	-1
3220	3059	3064	1	-1	-1	-1
3147	3184	3016	0	-1	-1	-1
3171	3172	3006	1	-1	-1	-1
3171	3006	3173	1	-1	-1	-1
3167	3011	3174	1	-1	-1	-1
3223	3064	3066	1	-1	-1	-1
3007	3172	3174	1	-1	-1	-1
3213	3058	3084	1	-1	-1	-1
3066	3065	3224	1	-1	-1	-1
3008	3175	3173	1	-1	-1	-1
3009	3176	3175	1	-1	-1	-1
3068	3227	3067	1	-1	-1	-1
3009	3177	3176	1	-1	-1	-1
3082	3060	3221	1	-1	-1	-1
3179	3177	3010	1	-1	-1	-1
3178	3179	3010	1	-1	-1	-1
3086	3090	3192	1	-1	-1	-1
3065	3080	3224	1	-1	-1	-1
3075	3067	3227	1	-1	-1	-1
3178	3012	3180	1	-1	-1	-1
3071	3072	3228	1	-1	-1	-1
3180	3012	3181	1	-1	-1	-1
3073	3229	3074	1	-1	-1	-1
3181	3013	3182	1	-1	-1	-1
3229	3073	3075	1	-1	-1	-1
3013	3183	3182	1	-1	-1	-1
3074	3229	3078	1	-1	-1	-1
3127	3129	3126	1	-1	-1	-1
3077	3076	3231	1	-1	-1	-1
3232	3076	3078	1	-1	-1	-1
3187	3018	3184	0	-1	-1	-1
3186	3018	3187	0	-1	-1	-1
3077	3235	3079	1	-1	-1	-1
3186	3188	3019	0	-1	-1	-1
3189	3185	3020	0	-1	-1	-1
3081	3079	3236	1	-1	-1	-1
3081	3237	3080	1	-1	-1	-1
3190	3021	3188	0	-1	-1	-1
3228	3072	3100	1	-1	-1	-1
3189	3021	3190	0	-1	-1	-1
3068	3105	3227	1	-1	-1	-1
3102	3071	3228	0	-1	-1	-1
3240	3083	3082	1	-1	-1	-1
3191	3024	3192	1	-1	-1	-1
3083	3241	3085	1	-1	-1	-1
3084	3085	3243	1	-1	-1	-1
3194	3193	3031	1	-1	-1	-1
3087	3245	3088	5	-1	-1	-1
3089	3245	3087	5	-1	-1	-1
3032	3195	3196	1	-1	-1	-1
3245	3090	3088	1	-1	-1	-1
3197	3033	3196	1	-1	-1	-1
3194	3035	3197	1	-1	-1	-1
3195	3034	3198	1	-1	-1	-1
3092	3246	3091	1	-1	-1	-1
3091	3246	3094	1	-1	-1	-1
3141	3148	3145	1	-1	-1	-1
3200	3036	3199	1	-1	-1	-1
3201	3198	3037	1	-1	-1	-1
3095	3248	3093	1	-1	-1	-1
3200	3201	3037	1	-1	-1	-1
3248	3098	3093	1	-1	-1	-1
3247	3092	3101	0	-1	-1	-1
3249	3097	3094	1	-1	-1	-1
3250	3095	3096	1	-1	-1	-1
3227	3105	3110	1	-1	-1	-1
3096	3097	3251	1	-1	-1	-1
3202	3204	3042	1	-1	-1	-1
3047	3193	3209	1	-1	-1	-1
3252	3099	3098	1	-1	-1	-1
3205	3203	3042	1	-1	-1	-1
3205	3042	3204	1	-1	-1	-1
3099	3253	3100	1	-1	-1	-1
3207	3202	3044	1	-1	-1	-1
3206	3207	3044	1	-1	-1	-1
3255	3101	3102	0	-1	-1	-1
3208	3206	3045	1	-1	-1	-1
3209	3210	3049	1	-1	-1	-1
3107	3256	3106	0	-1	-1	-1
3050	3212	3208	1	-1	-1	-1
3210	3211	3050	1	-1	-1	-1
3107	3108	3258	0	-1	-1	-1
3050	3211	3212	1	-1	-1	-1
3199	3057	3218	1	-1	-1	-1
3259	3108	3109	0	-1	-1	-1
3106	3257	3115	0	-1	-1	-1
3053	3213	3214	1	-1	-1	-1
3111	3261	3110	1	-1	-1	-1
3053	3214	3215	1	-1	-1	-1
3262	3111	3112	1	-1	-1	-1
3055	3215	3216	1	-1	-1	-1
3112	3114	3262	1	-1	-1	-1
3217	3056	3216	1	-1	-1	-1
3113	3264	3114	1	-1	-1	-1
3115	3265	3113	0	-1	-1	-1
3057	3217	3219	1	-1	-1	-1
3219	3218	3057	1	-1	-1	-1
3269	3117	3116	0	-1	-1	-1
3220	3222	3061	1	-1	-1	-1
3222	3221	3061	1	-1	-1	-1
3117	3270	3118	0	-1	-1	-1
3223	3220	3064	1	-1	-1	-1
3119	3120	3272	1	-1	-1	-1
3273	3120	3121	1	-1	-1	-1
3225	3223	3066	1	-1	-1	-1
3066	3224	3226	1	-1	-1	-1
3118	3271	3127	1	-1	-1	-1
3066	3226	3225	1	-1	-1	-1
3122	3275	3121	1	-1	-1	-1
3123	3275	3122	1	-1	-1	-1
3123	3124	3275	1	-1	-1	-1
3245	3089	3191	5	-1	-1	-1
3124	3125	3277	1	-1	-1	-1
3245	3192	3090	1	-1	-1	-1
3230	3075	3227	1	-1	-1	-1
3229	3075	3230	1	-1	-1	-1
3279	3129	3127	1	-1	-1	-1
3128	3129	3280	1	-1	-1	-1
3130	3128	3281	1	-1	-1	-1
3229	3232	3078	1	-1	-1	-1
3242	3213	3084	1	-1	-1	-1
3076	3233	3231	1	-1	-1	-1
3224	3080	3237	1	-1	-1	-1
3277	3125	3139	1	-1	-1	-1
3076	3232	3233	1	-1	-1	-1
3077	3231	3234	1	-1	-1	-1
3221	3240	3082	1	-1	-1	-1
3130	3283	3131	1	-1	-1	-1
3077	3234	3235	1	-1	-1	-1
3284	3132	3131	1	-1	-1	-1
3235	3236	3079	1	-1	-1	-1
3132	3284	3134	1	-1	-1	-1
3135	3285	3133	1	-1	-1	-1
3109	3185	3260	0	-1	-1	-1
3285	3136	3133	1	-1	-1	-1
3134	3287	3135	1	-1	-1	-1
3239	3081	3236	1	-1	-1	-1
3238	3237	3081	1	-1	-1	-1
3081	3239	3238	1	-1	-1	-1
3291	3137	3136	1	-1	-1	-1
3240	3241	3083	1	-1	-1	-1
3137	3292	3138	1	-1	-1	-1
3084	3243	3242	1	-1	-1	-1
3138	3293	3139	1	-1	-1	-1
3241	3244	3085	1	-1	-1	-1
3243	3085	3244	1	-1	-1	-1
3272	3183	3119	1	-1	-1	-1
3140	3143	3295	1	-1	-1	-1
3296	3143	3142	1	-1	-1	-1
3253	3228	3100	1	-1	-1	-1
3140	3295	3147	1	-1	-1	-1
3146	3296	3142	1	-1	-1	-1
3102	3228	3255	0	-1	-1	-1
3092	3247	3246	0	-1	-1	-1
3298	3146	3144	1	-1	-1	-1
3299	3144	3145	1	-1	-1	-1
3094	3246	3249	1	-1	-1	-1
3248	3095	3250	1	-1	-1	-1
3148	3301	3145	1	-1	-1	-1
3251	3097	3249	1	-1	-1	-1
3251	3250	3096	1	-1	-1	-1
3098	3248	3252	1	-1	-1	-1
3301	3148	3149	1	-1	-1	-1
3227	3110	3261	1	-1	-1	-1
3255	3247	3101	0	-1	-1	-1
3149	3152	3303	1	-1	-1	-1
3254	3099	3252	1	-1	-1	-1
3150	3151	3305	1	-1	-1	-1
3152	3150	3304	1	-1	-1	-1
3253	3099	3254	1	-1	-1	-1
3151	3153	3307	1	-1	-1	-1
3199	3218	3200	1	-1	-1	-1
3157	3307	3153	1	-1	-1	-1
3308	3155	3154	1	-1	-1	-1
3156	3308	3154	1	-1	-1	-1
3106	3256	3257	0	-1	-1	-1
3258	3256	3107	0	-1	-1	-1
3158	3155	3309	1	-1	-1	-1
3156	3159	3310	1	-1	-1	-1
3108	3259	3258	0	-1	-1	-1
3184	3147	3295	0	-1	-1	-1
3260	3259	3109	0	-1	-1	-1
3245	3191	3192	1	-1	-1	-1
3313	3157	3158	1	-1	-1	-1
3160	3315	3159	2	-1	-1	-1
3111	3263	3261	1	-1	-1	-1
3262	3263	3111	1	-1	-1	-1
3317	3160	3161	2	-1	-1	-1
3257	3267	3115	0	-1	-1	-1
3318	3161	3162	2	-1	-1	-1
3262	3114	3266	1	-1	-1	-1
3265	3264	3113	1	-1	-1	-1
3264	3266	3114	1	-1	-1	-1
3162	3163	3319	2	-1	-1	-1
3163	3164	3320	1	-1	-1	-1
3115	3268	3265	0	-1	-1	-1
3267	3268	3115	0	-1	-1	-1
3165	3323	3164	1	-1	-1	-1
3117	3269	3270	0	-1	-1	-1
3166	3167	3324	1	-1	-1	-1
3323	3165	3170	1	-1	-1	-1
3270	3271	3118	0	-1	-1	-1
3166	3324	3169	1	-1	-1	-1
3272	3120	3273	1	-1	-1	-1
3167	3174	3325	1	-1	-1	-1
3170	3168	3328	1	-1	-1	-1
3329	3168	3169	1	-1	-1	-1
3187	3184	3295	0	-1	-1	-1
3121	3274	3273	1	-1	-1	-1
3214	3213	3242	1	-1	-1	-1
3121	3275	3274	1	-1	-1	-1
3276	3275	3124	1	-1	-1	-1
3173	3332	3171	1	-1	-1	-1
3127	3271	3278	1	-1	-1	-1
3334	3172	3171	1	-1	-1	-1
3124	3277	3276	1	-1	-1	-1
3335	3174	3172	1	-1	-1	-1
3173	3175	3336	1	-1	-1	-1
3278	3279	3127	1	-1	-1	-1
3280	3281	3128	1	-1	-1	-1
3279	3282	3129	1	-1	-1	-1
3176	3339	3175	1	-1	-1	-1
3282	3280	3129	1	-1	-1	-1
3177	3340	3176	1	-1	-1	-1
3281	3283	3130	1	-1	-1	-1
3177	3179	3341	1	-1	-1	-1
3284	3131	3283	1	-1	-1	-1
3178	3343	3179	1	-1	-1	-1
3178	3180	3344	1	-1	-1	-1
3284	3286	3134	1	-1	-1	-1
3287	3134	3286	1	-1	-1	-1
3180	3181	3347	1	-1	-1	-1
3135	3288	3285	1	-1	-1	-1
3277	3139	3293	1	-1	-1	-1
3285	3290	3136	1	-1	-1	-1
3135	3287	3289	1	-1	-1	-1
3348	3181	3182	1	-1	-1	-1
3289	3288	3135	1	-1	-1	-1
3182	3183	3350	1	-1	-1	-1
3290	3291	3136	1	-1	-1	-1
3292	3137	3291	1	-1	-1	-1
3138	3292	3294	1	-1	-1	-1
3189	3351	3185	0	-1	-1	-1
3293	3138	3294	1	-1	-1	-1
3187	3353	3186	0	-1	-1	-1
3186	3353	3188	0	-1	-1	-1
3190	3188	3354	0	-1	-1	-1
3190	3355	3189	0	-1	-1	-1
3143	3297	3295	1	-1	-1	-1
3228	3253	3255	0	-1	-1	-1
3296	3297	3143	1	-1	-1	-1
3299	3298	3144	1	-1	-1	-1
3302	3296	3146	1	-1	-1	-1
3357	3193	3194	1	-1	-1	-1
3299	3145	3300	1	-1	-1	-1
3146	3298	3302	1	-1	-1	-1
3145	3301	3300	1	-1	-1	-1
3197	3359	3194	1	-1	-1	-1
3360	3196	3195	1	-1	-1	-1
3149	3303	3301	1	-1	-1	-1
3195	3198	3361	1	-1	-1	-1
3196	3362	3197	1	-1	-1	-1
3209	3193	3357	1	-1	-1	-1
3150	3305	3304	1	-1	-1	-1
3304	3303	3152	1	-1	-1	-1
3306	3305	3151	1	-1	-1	-1
3198	3201	3364	1	-1	-1	-1
3151	3307	3306	1	-1	-1	-1
3201	3200	3365	1	-1	-1	-1
3308	3309	3155	1	-1	-1	-1
3204	3202	3368	1	-1	-1	-1
3311	3308	3156	1	-1	-1	-1
3202	3207	3367	1	-1	-1	-1
3157	3312	3307	1	-1	-1	-1
3203	3205	3369	1	-1	-1	-1
3311	3156	3310	1	-1	-1	-1
3295	3297	3187	0	-1	-1	-1
3370	3205	3204	1	-1	-1	-1
3158	3309	3314	1	-1	-1	-1
3312	3157	3313	1	-1	-1	-1
3365	3200	3218	1	-1	-1	-1
3371	3207	3206	1	-1	-1	-1
3314	3313	3158	1	-1	-1	-1
3208	3371	3206	1	-1	-1	-1
3159	3316	3310	2	-1	-1	-1
3159	3315	3316	2	-1	-1	-1
3317	3315	3160	2	-1	-1	-1
3209	3374	3210	1	-1	-1	-1
3212	3373	3208	1	-1	-1	-1
3317	3161	3318	2	-1	-1	-1
3185	3352	3260	0	-1	-1	-1
3211	3210	3376	1	-1	-1	-1
3162	3319	3318	2	-1	-1	-1
3212	3211	3377	1	-1	-1	-1
3321	3319	3163	2	-1	-1	-1
3321	3163	3320	2	-1	-1	-1
3272	3350	3183	1	-1	-1	-1
3320	3164	3322	1	-1	-1	-1
3379	3215	3214	1	-1	-1	-1
3217	3216	3382	1	-1	-1	-1
3322	3164	3323	1	-1	-1	-1
3326	3324	3167	1	-1	-1	-1
3381	3216	3215	1	-1	-1	-1
3325	3327	3167	1	-1	-1	-1
3219	3217	3383	1	-1	-1	-1
3326	3167	3327	1	-1	-1	-1
3219	3384	3218	1	-1	-1	-1
3324	3330	3169	1	-1	-1	-1
3323	3170	3331	1	-1	-1	-1
3329	3328	3168	1	-1	-1	-1
3329	3169	3330	1	-1	-1	-1
3386	3222	3220	1	-1	-1	-1
3331	3170	3328	1	-1	-1	-1
3223	3386	3220	1	-1	-1	-1
3221	3222	3387	1	-1	-1	-1
3333	3171	3332	1	-1	-1	-1
3214	3242	3380	1	-1	-1	-1
3297	3353	3187	0	-1	-1	-1
3325	3174	3338	1	-1	-1	-1
3223	3225	3389	1	-1	-1	-1
3171	3333	3334	1	-1	-1	-1
3224	3390	3226	1	-1	-1	-1
3334	3335	3172	1	-1	-1	-1
3391	3225	3226	1	-1	-1	-1
3173	3337	3332	1	-1	-1	-1
3173	3336	3337	1	-1	-1	-1
3335	3338	3174	1	-1	-1	-1
3221	3388	3240	1	-1	-1	-1
3339	3336	3175	1	-1	-1	-1
3227	3393	3230	1	-1	-1	-1
3237	3390	3224	1	-1	-1	-1
3394	3229	3230	1	-1	-1	-1
3176	3340	3339	1	-1	-1	-1
3232	3229	3395	1	-1	-1	-1
3340	3177	3342	1	-1	-1	-1
3341	3342	3177	1	-1	-1	-1
3233	3397	3231	1	-1	-1	-1
3231	3397	3234	1	-1	-1	-1
3232	3398	3233	1	-1	-1	-1
3242	3243	3380	1	-1	-1	-1
3345	3341	3179	1	-1	-1	-1
3238	3390	3237	1	-1	-1	-1
3344	3343	3178	1	-1	-1	-1
3179	3343	3346	1	-1	-1	-1
3400	3235	3234	1	-1	-1	-1
3179	3346	3345	1	-1	-1	-1
3347	3344	3180	1	-1	-1	-1
3235	3400	3236	1	-1	-1	-1
3401	3239	3236	1	-1	-1	-1
3181	3348	3347	1	-1	-1	-1
3349	3348	3182	1	-1	-1	-1
3238	3239	3402	1	-1	-1	-1
3227	3261	3393	1	-1	-1	-1
3350	3349	3182	1	-1	-1	-1
3241	3240	3404	1	-1	-1	-1
3185	3351	3352	0	-1	-1	-1
3241	3404	3244	1	-1	-1	-1
3405	3243	3244	1	-1	-1	-1
3353	3354	3188	0	-1	-1	-1
3356	3351	3189	0	-1	-1	-1
3355	3190	3354	0	-1	-1	-1
3355	3356	3189	0	-1	-1	-1
3246	3247	3408	0	-1	-1	-1
3246	3408	3249	0	-1	-1	-1
3409	3248	3250	1	-1	-1	-1
3194	3358	3357	1	-1	-1	-1
3248	3409	3252	1	-1	-1	-1
3410	3251	3249	0	-1	-1	-1
3255	3408	3247	0	-1	-1	-1
3251	3409	3250	0	-1	-1	-1
3359	3358	3194	1	-1	-1	-1
3409	3254	3252	1	-1	-1	-1
3361	3360	3195	1	-1	-1	-1
3261	3263	3393	1	-1	-1	-1
3197	3362	3359	1	-1	-1	-1
3253	3254	3411	0	-1	-1	-1
3196	3360	3362	1	-1	-1	-1
3253	3411	3255	0	-1	-1	-1
3363	3361	3198	1	-1	-1	-1
3256	3412	3257	0	-1	-1	-1
3364	3363	3198	1	-1	-1	-1
3258	3413	3256	0	-1	-1	-1
3364	3201	3366	1	-1	-1	-1
3366	3201	3365	1	-1	-1	-1
3259	3416	3258	0	-1	-1	-1
3202	3367	3368	1	-1	-1	-1
3419	3259	3260	0	-1	-1	-1
3267	3257	3414	0	-1	-1	-1
3209	3357	3375	1	-1	-1	-1
3204	3368	3370	1	-1	-1	-1
3369	3205	3370	1	-1	-1	-1
3207	3372	3367	1	-1	-1	-1
3421	3263	3262	1	-1	-1	-1
3207	3371	3372	1	-1	-1	-1
3266	3422	3262	1	-1	-1	-1
3208	3373	3371	1	-1	-1	-1
3264	3265	3425	1	-1	-1	-1
3266	3264	3424	1	-1	-1	-1
3209	3375	3374	1	-1	-1	-1
3268	3426	3265	0	-1	-1	-1
3374	3376	3210	1	-1	-1	-1
3378	3373	3212	1	-1	-1	-1
3267	3428	3268	0	-1	-1	-1
3376	3377	3211	1	-1	-1	-1
3378	3212	3377	1	-1	-1	-1
3218	3384	3365	1	-1	-1	-1
3269	3431	3270	0	-1	-1	-1
3379	3214	3380	1	-1	-1	-1
3432	3271	3270	0	-1	-1	-1
3379	3381	3215	1	-1	-1	-1
3382	3216	3381	1	-1	-1	-1
3272	3273	3434	1	-1	-1	-1
3326	3330	3324	1	-1	-1	-1
3271	3433	3278	1	-1	-1	-1
3383	3217	3382	1	-1	-1	-1
3274	3436	3273	1	-1	-1	-1
3219	3383	3385	1	-1	-1	-1
3275	3438	3274	1	-1	-1	-1
3385	3384	3219	1	-1	-1	-1
3275	3276	3438	1	-1	-1	-1
3440	3276	3277	1	-1	-1	-1
3387	3222	3386	1	-1	-1	-1
3221	3387	3388	1	-1	-1	-1
3223	3389	3386	1	-1	-1	-1
3278	3442	3279	1	-1	-1	-1
3442	3282	3279	1	-1	-1	-1
3281	3280	3444	1	-1	-1	-1
3389	3225	3391	1	-1	-1	-1
3282	3443	3280	1	-1	-1	-1
3226	3390	3392	1	-1	-1	-1
3283	3281	3445	1	-1	-1	-1
3391	3226	3392	1	-1	-1	-1
3441	3277	3293	1	-1	-1	-1
3283	3447	3284	1	-1	-1	-1
3284	3447	3286	1	-1	-1	-1
3395	3229	3394	1	-1	-1	-1
3230	3393	3396	1	-1	-1	-1
3230	3396	3394	1	-1	-1	-1
3285	3288	3449	1	-1	-1	-1
3451	3287	3286	1	-1	-1	-1
3450	3290	3285	1	-1	-1	-1
3398	3232	3395	1	-1	-1	-1
3243	3405	3380	1	-1	-1	-1
3287	3453	3289	1	-1	-1	-1
3399	3397	3233	1	-1	-1	-1
3390	3238	3402	1	-1	-1	-1
3398	3399	3233	1	-1	-1	-1
3234	3397	3400	1	-1	-1	-1
3404	3240	3388	1	-1	-1	-1
3289	3455	3288	1	-1	-1	-1
3260	3352	3420	0	-1	-1	-1
3401	3236	3400	1	-1	-1	-1
3291	3290	3458	1	-1	-1	-1
3459	3292	3291	1	-1	-1	-1
3401	3403	3239	1	-1	-1	-1
3403	3402	3239	1	-1	-1	-1
3292	3460	3294	1	-1	-1	-1
3461	3293	3294	1	-1	-1	-1
3263	3396	3393	1	-1	-1	-1
3244	3406	3405	1	-1	-1	-1
3244	3404	3407	1	-1	-1	-1
3434	3350	3272	1	-1	-1	-1
3297	3296	3463	1	-1	-1	-1
3407	3406	3244	1	-1	-1	-1
3465	3298	3299	1	-1	-1	-1
3464	3296	3302	1	-1	-1	-1
3465	3302	3298	1	-1	-1	-1
3299	3300	3466	1	-1	-1	-1
3249	3408	3410	0	-1	-1	-1
3468	3300	3301	1	-1	-1	-1
3410	3409	3251	0	-1	-1	-1
3409	3410	3254	0	-1	-1	-1
3303	3469	3301	1	-1	-1	-1
3411	3408	3255	0	-1	-1	-1
3411	3254	3410	0	-1	-1	-1
3304	3472	3303	1	-1	-1	-1
3412	3256	3413	0	-1	-1	-1
3305	3473	3304	1	-1	-1	-1
3396	3263	3423	1	-1	-1	-1
3257	3412	3415	0	-1	-1	-1
3474	3305	3306	1	-1	-1	-1
3415	3414	3257	0	-1	-1	-1
3258	3417	3413	0	-1	-1	-1
3307	3476	3306	1	-1	-1	-1
3416	3417	3258	0	-1	-1	-1
3416	3259	3418	0	-1	-1	-1
3477	3309	3308	1	-1	-1	-1
3307	3312	3476	1	-1	-1	-1
3418	3259	3419	0	-1	-1	-1
3477	3308	3311	1	-1	-1	-1
3260	3420	3419	0	-1	-1	-1
3479	3311	3310	2	-1	-1	-1
3478	3314	3309	1	-1	-1	-1
3262	3422	3421	1	-1	-1	-1
3479	3310	3316	2	-1	-1	-1
3312	3313	3481	1	-1	-1	-1
3263	3421	3423	1	-1	-1	-1
3428	3267	3414	0	-1	-1	-1
3313	3314	3482	1	-1	-1	-1
3425	3424	3264	1	-1	-1	-1
3297	3463	3353	0	-1	-1	-1
3316	3315	3483	2	-1	-1	-1
3483	3315	3317	2	-1	-1	-1
3422	3266	3427	1	-1	-1	-1
3426	3425	3265	1	-1	-1	-1
3373	3372	3371	1	-1	-1	-1
3266	3424	3427	1	-1	-1	-1
3317	3318	3487	2	-1	-1	-1
3268	3429	3426	0	-1	-1	-1
3318	3319	3488	2	-1	-1	-1
3268	3428	3429	0	-1	-1	-1
3488	3319	3321	2	-1	-1	-1
3269	3430	3431	0	-1	-1	-1
3321	3320	3489	2	-1	-1	-1
3320	3322	3489	2	-1	-1	-1
3270	3431	3432	0	-1	-1	-1
3432	3433	3271	0	-1	-1	-1
3322	3323	3492	1	-1	-1	-1
3434	3273	3435	1	-1	-1	-1
3436	3435	3273	1	-1	-1	-1
3325	3494	3327	1	-1	-1	-1
3331	3492	3323	1	-1	-1	-1
3274	3437	3436	1	-1	-1	-1
3438	3437	3274	1	-1	-1	-1
3327	3497	3326	1	-1	-1	-1
3495	3330	3326	1	-1	-1	-1
3442	3278	3433	1	-1	-1	-1
3276	3439	3438	1	-1	-1	-1
3440	3439	3276	1	-1	-1	-1
3325	3338	3494	1	-1	-1	-1
3329	3501	3328	1	-1	-1	-1
3441	3440	3277	1	-1	-1	-1
3328	3500	3331	1	-1	-1	-1
3329	3330	3503	1	-1	-1	-1
3280	3443	3444	1	-1	-1	-1
3445	3281	3444	1	-1	-1	-1
3282	3442	3446	1	-1	-1	-1
3333	3332	3505	1	-1	-1	-1
3443	3282	3446	1	-1	-1	-1
3334	3333	3506	1	-1	-1	-1
3505	3332	3337	1	-1	-1	-1
3445	3448	3283	1	-1	-1	-1
3334	3509	3335	1	-1	-1	-1
3447	3283	3448	1	-1	-1	-1
3335	3509	3338	1	-1	-1	-1
3510	3337	3336	1	-1	-1	-1
3285	3449	3450	1	-1	-1	-1
3390	3402	3392	1	-1	-1	-1
3396	3395	3394	1	-1	-1	-1
3286	3447	3452	1	-1	-1	-1
3336	3339	3511	1	-1	-1	-1
3286	3452	3451	1	-1	-1	-1
3454	3287	3451	1	-1	-1	-1
3449	3288	3455	1	-1	-1	-1
3515	3339	3340	1	-1	-1	-1
3453	3287	3454	1	-1	-1	-1
3293	3461	3441	1	-1	-1	-1
3457	3290	3450	1	-1	-1	-1
3289	3453	3456	1	-1	-1	-1
3516	3340	3342	1	-1	-1	-1
3455	3289	3456	1	-1	-1	-1
3518	3342	3341	1	-1	-1	-1
3341	3345	3517	1	-1	-1	-1
3457	3458	3290	1	-1	-1	-1
3520	3343	3344	1	-1	-1	-1
3459	3291	3458	1	-1	-1	-1
3343	3520	3346	1	-1	-1	-1
3460	3292	3459	1	-1	-1	-1
3521	3344	3347	1	-1	-1	-1
3522	3345	3346	1	-1	-1	-1
3395	3396	3423	1	-1	-1	-1
3460	3462	3294	1	-1	-1	-1
3294	3462	3461	1	-1	-1	-1
3348	3525	3347	1	-1	-1	-1
3296	3464	3463	1	-1	-1	-1
3527	3348	3349	1	-1	-1	-1
3350	3528	3349	1	-1	-1	-1
3411	3410	3408	0	-1	-1	-1
3466	3465	3299	1	-1	-1	-1
3529	3352	3351	0	-1	-1	-1
3466	3300	3467	1	-1	-1	-1
3467	3300	3468	1	-1	-1	-1
3351	3356	3529	0	-1	-1	-1
3464	3302	3470	1	-1	-1	-1
3465	3470	3302	1	-1	-1	-1
3301	3469	3468	1	-1	-1	-1
3354	3353	3531	0	-1	-1	-1
3532	3355	3354	0	-1	-1	-1
3469	3303	3471	1	-1	-1	-1
3356	3355	3533	0	-1	-1	-1
3471	3303	3472	1	-1	-1	-1
3473	3472	3304	1	-1	-1	-1
3536	3358	3359	1	-1	-1	-1
3357	3358	3535	1	-1	-1	-1
3473	3305	3475	1	-1	-1	-1
3475	3305	3474	1	-1	-1	-1
3306	3476	3474	1	-1	-1	-1
3538	3359	3362	1	-1	-1	-1
3539	3360	3361	1	-1	-1	-1
3360	3538	3362	1	-1	-1	-1
3477	3478	3309	1	-1	-1	-1
3361	3363	3541	1	-1	-1	-1
3535	3375	3357	1	-1	-1	-1
3311	3480	3477	2	-1	-1	-1
3481	3476	3312	1	-1	-1	-1
3364	3542	3363	1	-1	-1	-1
3311	3479	3480	2	-1	-1	-1
3364	3366	3542	1	-1	-1	-1
3482	3314	3478	1	-1	-1	-1
3365	3543	3366	1	-1	-1	-1
3482	3481	3313	1	-1	-1	-1
3479	3316	3484	2	-1	-1	-1
3367	3546	3368	1	-1	-1	-1
3545	3367	3372	1	-1	-1	-1
3316	3483	3485	2	-1	-1	-1
3484	3316	3485	2	-1	-1	-1
3370	3368	3547	1	-1	-1	-1
3317	3486	3483	2	-1	-1	-1
3370	3548	3369	1	-1	-1	-1
3486	3317	3487	2	-1	-1	-1
3543	3365	3384	1	-1	-1	-1
3318	3488	3487	2	-1	-1	-1
3549	3372	3373	1	-1	-1	-1
3551	3374	3375	1	-1	-1	-1
3321	3491	3488	2	-1	-1	-1
3321	3489	3490	2	-1	-1	-1
3374	3551	3376	1	-1	-1	-1
3378	3550	3373	1	-1	-1	-1
3352	3530	3420	0	-1	-1	-1
3490	3491	3321	2	-1	-1	-1
3489	3322	3493	2	-1	-1	-1
3376	3553	3377	1	-1	-1	-1
3493	3322	3492	2	-1	-1	-1
3377	3556	3378	1	-1	-1	-1
3434	3528	3350	1	-1	-1	-1
3558	3379	3380	1	-1	-1	-1
3496	3495	3326	1	-1	-1	-1
3379	3557	3381	1	-1	-1	-1
3496	3326	3497	1	-1	-1	-1
3327	3494	3499	1	-1	-1	-1
3498	3497	3327	1	-1	-1	-1
3382	3381	3559	1	-1	-1	-1
3499	3498	3327	1	-1	-1	-1
3383	3382	3560	1	-1	-1	-1
3492	3331	3504	1	-1	-1	-1
3503	3330	3495	1	-1	-1	-1
3328	3501	3500	1	-1	-1	-1
3383	3561	3385	1	-1	-1	-1
3384	3385	3562	1	-1	-1	-1
3329	3502	3501	1	-1	-1	-1
3502	3329	3503	1	-1	-1	-1
3504	3331	3500	1	-1	-1	-1
3563	3387	3386	1	-1	-1	-1
3389	3563	3386	1	-1	-1	-1
3387	3564	3388	1	-1	-1	-1
3380	3405	3558	1	-1	-1	-1
3507	3333	3505	1	-1	-1	-1
3514	3494	3338	1	-1	-1	-1
3333	3507	3506	1	-1	-1	-1
3531	3353	3463	0	-1	-1	-1
3334	3506	3508	1	-1	-1	-1
3568	3389	3391	1	-1	-1	-1
3508	3509	3334	1	-1	-1	-1
3569	3391	3392	1	-1	-1	-1
3337	3513	3505	1	-1	-1	-1
3511	3510	3336	1	-1	-1	-1
3404	3388	3565	1	-1	-1	-1
3337	3510	3512	1	-1	-1	-1
3514	3338	3509	1	-1	-1	-1
3513	3337	3512	1	-1	-1	-1
3398	3395	3572	1	-1	-1	-1
3571	3392	3402	1	-1	-1	-1
3339	3515	3511	1	-1	-1	-1
3574	3397	3399	1	-1	-1	-1
3573	3400	3397	1	-1	-1	-1
3340	3516	3515	1	-1	-1	-1
3575	3399	3398	1	-1	-1	-1
3341	3517	3518	1	-1	-1	-1
3565	3407	3404	1	-1	-1	-1
3342	3519	3516	1	-1	-1	-1
3400	3577	3401	1	-1	-1	-1
3519	3342	3518	1	-1	-1	-1
3403	3401	3578	1	-1	-1	-1
3402	3403	3579	1	-1	-1	-1
3344	3521	3520	1	-1	-1	-1
3345	3523	3517	1	-1	-1	-1
3395	3423	3572	1	-1	-1	-1
3345	3522	3523	1	-1	-1	-1
3520	3524	3346	1	-1	-1	-1
3580	3405	3406	1	-1	-1	-1
3522	3346	3524	1	-1	-1	-1
3525	3521	3347	1	-1	-1	-1
3407	3582	3406	1	-1	-1	-1
3526	3525	3348	1	-1	-1	-1
3348	3527	3526	1	-1	-1	-1
3527	3349	3528	1	-1	-1	-1
3413	3585	3412	0	-1	-1	-1
3352	3529	3530	0	-1	-1	-1
3586	3415	3412	0	-1	-1	-1
3531	3532	3354	0	-1	-1	-1
3413	3417	3588	0	-1	-1	-1
3589	3414	3415	0	-1	-1	-1
3356	3534	3529	0	-1	-1	-1
3532	3533	3355	0	-1	-1	-1
3533	3534	3356	0	-1	-1	-1
3416	3593	3417	0	-1	-1	-1
3418	3593	3416	0	-1	-1	-1
3358	3536	3535	1	-1	-1	-1
3419	3595	3418	1	-1	-1	-1
3536	3359	3537	1	-1	-1	-1
3428	3414	3590	0	-1	-1	-1
3538	3537	3359	1	-1	-1	-1
3420	3596	3419	1	-1	-1	-1
3538	3360	3539	1	-1	-1	-1
3361	3540	3539	1	-1	-1	-1
3598	3421	3422	1	-1	-1	-1
3361	3541	3540	1	-1	-1	-1
3423	3421	3598	1	-1	-1	-1
3480	3479	3484	2	-1	-1	-1
3542	3541	3363	1	-1	-1	-1
3427	3600	3422	1	-1	-1	-1
3601	3424	3425	1	-1	-1	-1
3424	3601	3427	1	-1	-1	-1
3542	3366	3544	1	-1	-1	-1
3426	3602	3425	1	-1	-1	-1
3544	3366	3543	1	-1	-1	-1
3546	3367	3545	1	-1	-1	-1
3603	3426	3429	0	-1	-1	-1
3368	3546	3547	1	-1	-1	-1
3535	3552	3375	1	-1	-1	-1
3428	3605	3429	0	-1	-1	-1
3370	3547	3548	1	-1	-1	-1
3545	3372	3549	1	-1	-1	-1
3431	3430	3607	0	-1	-1	-1
3432	3431	3608	0	-1	-1	-1
3549	3373	3550	1	-1	-1	-1
3490	3489	3493	2	-1	-1	-1
3432	3608	3433	0	-1	-1	-1
3552	3551	3375	1	-1	-1	-1
3435	3610	3434	1	-1	-1	-1
3553	3376	3551	1	-1	-1	-1
3612	3435	3436	1	-1	-1	-1
3378	3556	3550	1	-1	-1	-1
3433	3609	3442	1	-1	-1	-1
3554	3377	3553	1	-1	-1	-1
3377	3554	3555	1	-1	-1	-1
3437	3613	3436	1	-1	-1	-1
3377	3555	3556	1	-1	-1	-1
3384	3562	3543	1	-1	-1	-1
3614	3437	3438	1	-1	-1	-1
3438	3439	3614	1	-1	-1	-1
3557	3379	3558	1	-1	-1	-1
3440	3615	3439	1	-1	-1	-1
3381	3557	3559	1	-1	-1	-1
3442	3609	3446	1	-1	-1	-1
3440	3441	3616	1	-1	-1	-1
3382	3559	3560	1	-1	-1	-1
3383	3560	3561	1	-1	-1	-1
3444	3443	3617	1	-1	-1	-1
3443	3446	3617	1	-1	-1	-1
3444	3618	3445	1	-1	-1	-1
3385	3561	3562	1	-1	-1	-1
3445	3618	3448	1	-1	-1	-1
3563	3564	3387	1	-1	-1	-1
3620	3447	3448	1	-1	-1	-1
3441	3461	3616	1	-1	-1	-1
3566	3388	3564	1	-1	-1	-1
3563	3389	3567	1	-1	-1	-1
3566	3565	3388	1	-1	-1	-1
3447	3620	3452	1	-1	-1	-1
3568	3567	3389	1	-1	-1	-1
3452	3623	3451	1	-1	-1	-1
3454	3451	3623	1	-1	-1	-1
3568	3391	3569	1	-1	-1	-1
3392	3570	3569	1	-1	-1	-1
3453	3454	3626	1	-1	-1	-1
3570	3392	3571	1	-1	-1	-1
3453	3627	3456	1	-1	-1	-1
3558	3405	3580	1	-1	-1	-1
3574	3573	3397	1	-1	-1	-1
3575	3398	3572	1	-1	-1	-1
3457	3630	3458	1	-1	-1	-1
3530	3597	3420	1	-1	-1	-1
3631	3459	3458	1	-1	-1	-1
3574	3399	3576	1	-1	-1	-1
3400	3573	3577	1	-1	-1	-1
3460	3459	3631	1	-1	-1	-1
3576	3399	3575	1	-1	-1	-1
3402	3579	3571	1	-1	-1	-1
3631	3462	3460	1	-1	-1	-1
3583	3407	3565	1	-1	-1	-1
3462	3633	3461	1	-1	-1	-1
3577	3578	3401	1	-1	-1	-1
3463	3464	3636	1	-1	-1	-1
3578	3579	3403	1	-1	-1	-1
3406	3582	3581	1	-1	-1	-1
3580	3406	3581	1	-1	-1	-1
3638	3465	3466	1	-1	-1	-1
3464	3470	3637	1	-1	-1	-1
3434	3610	3528	1	-1	-1	-1
3470	3465	3638	1	-1	-1	-1
3584	3582	3407	1	-1	-1	-1
3466	3467	3641	1	-1	-1	-1
3583	3584	3407	1	-1	-1	-1
3467	3468	3643	2	-1	-1	-1
3469	3645	3468	2	-1	-1	-1
3412	3585	3586	0	-1	-1	-1
3587	3585	3413	0	-1	-1	-1
3469	3471	3646	2	-1	-1	-1
3588	3587	3413	0	-1	-1	-1
3471	3472	3649	2	-1	-1	-1
3414	3589	3590	0	-1	-1	-1
3598	3572	3423	1	-1	-1	-1
3592	3415	3586	0	-1	-1	-1
3415	3591	3589	0	-1	-1	-1
3472	3473	3650	2	-1	-1	-1
3415	3592	3591	0	-1	-1	-1
3588	3417	3593	0	-1	-1	-1
3651	3473	3475	2	-1	-1	-1
3652	3475	3474	1	-1	-1	-1
3476	3652	3474	1	-1	-1	-1
3418	3594	3593	1	-1	-1	-1
3595	3594	3418	1	-1	-1	-1
3477	3654	3478	2	-1	-1	-1
3481	3652	3476	1	-1	-1	-1
3419	3596	3595	1	-1	-1	-1
3654	3477	3480	2	-1	-1	-1
3653	3482	3478	2	-1	-1	-1
3596	3420	3597	1	-1	-1	-1
3652	3481	3482	2	-1	-1	-1
3598	3422	3599	1	-1	-1	-1
3655	3480	3484	2	-1	-1	-1
3600	3599	3422	1	-1	-1	-1
3428	3590	3605	0	-1	-1	-1
3485	3483	3656	2	-1	-1	-1
3656	3483	3486	2	-1	-1	-1
3657	3484	3485	2	-1	-1	-1
3425	3602	3601	1	-1	-1	-1
3531	3463	3636	0	-1	-1	-1
3658	3486	3487	2	-1	-1	-1
3427	3604	3600	1	-1	-1	-1
3603	3602	3426	1	-1	-1	-1
3601	3604	3427	1	-1	-1	-1
3487	3488	3659	2	-1	-1	-1
3603	3429	3605	0	-1	-1	-1
3491	3661	3488	2	-1	-1	-1
3430	3606	3607	0	-1	-1	-1
3490	3662	3491	2	-1	-1	-1
3431	3607	3608	0	-1	-1	-1
3663	3490	3493	2	-1	-1	-1
3609	3433	3608	0	-1	-1	-1
3492	3665	3493	2	-1	-1	-1
3611	3610	3435	1	-1	-1	-1
3611	3435	3612	1	-1	-1	-1
3666	3499	3494	1	-1	-1	-1
3495	3496	3668	1	-1	-1	-1
3612	3436	3613	1	-1	-1	-1
3504	3665	3492	2	-1	-1	-1
3497	3669	3496	1	-1	-1	-1
3437	3614	3613	1	-1	-1	-1
3667	3503	3495	1	-1	-1	-1
3671	3497	3498	1	-1	-1	-1
3614	3439	3615	1	-1	-1	-1
3499	3672	3498	1	-1	-1	-1
3616	3615	3440	1	-1	-1	-1
3609	3619	3446	1	-1	-1	-1
3514	3666	3494	1	-1	-1	-1
3501	3674	3500	1	-1	-1	-1
3674	3504	3500	1	-1	-1	-1
3501	3502	3675	1	-1	-1	-1
3444	3617	3618	1	-1	-1	-1
3676	3502	3503	1	-1	-1	-1
3446	3619	3617	1	-1	-1	-1
3622	3448	3618	1	-1	-1	-1
3448	3621	3620	1	-1	-1	-1
3678	3507	3505	1	-1	-1	-1
3622	3621	3448	1	-1	-1	-1
3506	3507	3679	1	-1	-1	-1
3680	3508	3506	1	-1	-1	-1
3505	3513	3678	1	-1	-1	-1
3452	3620	3625	1	-1	-1	-1
3452	3624	3623	1	-1	-1	-1
3509	3508	3683	1	-1	-1	-1
3625	3624	3452	1	-1	-1	-1
3511	3684	3510	3	-1	-1	-1
3623	3628	3454	1	-1	-1	-1
3627	3453	3626	1	-1	-1	-1
3514	3509	3683	1	-1	-1	-1
3510	3685	3512	3	-1	-1	-1
3454	3628	3626	1	-1	-1	-1
3616	3461	3634	1	-1	-1	-1
3687	3513	3512	3	-1	-1	-1
3627	3629	3456	1	-1	-1	-1
3686	3511	3515	3	-1	-1	-1
3631	3458	3630	1	-1	-1	-1
3691	3515	3516	3	-1	-1	-1
3461	3633	3632	1	-1	-1	-1
3519	3692	3516	3	-1	-1	-1
3632	3634	3461	1	-1	-1	-1
3631	3635	3462	1	-1	-1	-1
3517	3693	3518	1	-1	-1	-1
3462	3635	3633	1	-1	-1	-1
3519	3518	3694	1	-1	-1	-1
3523	3693	3517	1	-1	-1	-1
3637	3636	3464	1	-1	-1	-1
3521	3697	3520	1	-1	-1	-1
3697	3524	3520	1	-1	-1	-1
3698	3521	3525	1	-1	-1	-1
3523	3522	3699	1	-1	-1	-1
3466	3640	3638	1	-1	-1	-1
3524	3700	3522	1	-1	-1	-1
3639	3466	3641	1	-1	-1	-1
3466	3639	3642	1	-1	-1	-1
3642	3640	3466	1	-1	-1	-1
3641	3467	3644	2	-1	-1	-1
3643	3644	3467	2	-1	-1	-1
3637	3470	3647	1	-1	-1	-1
3526	3704	3525	1	-1	-1	-1
3638	3648	3470	1	-1	-1	-1
3468	3645	3643	2	-1	-1	-1
3526	3527	3706	1	-1	-1	-1
3469	3646	3645	2	-1	-1	-1
3528	3707	3527	1	-1	-1	-1
3648	3647	3470	1	-1	-1	-1
3646	3471	3649	2	-1	-1	-1
3529	3709	3530	0	-1	-1	-1
3472	3650	3649	2	-1	-1	-1
3529	3534	3709	0	-1	-1	-1
3651	3650	3473	2	-1	-1	-1
3532	3531	3711	0	-1	-1	-1
3712	3533	3532	0	-1	-1	-1
3475	3653	3651	2	-1	-1	-1
3652	3653	3475	2	-1	-1	-1
3713	3534	3533	0	-1	-1	-1
3646	3649	3485	2	-1	-1	-1
3478	3654	3653	2	-1	-1	-1
3536	3715	3535	1	-1	-1	-1
3653	3652	3482	2	-1	-1	-1
3646	3485	3656	2	-1	-1	-1
3537	3716	3536	1	-1	-1	-1
3480	3655	3654	2	-1	-1	-1
3657	3485	3649	2	-1	-1	-1
3538	3717	3537	1	-1	-1	-1
3717	3538	3539	1	-1	-1	-1
3657	3655	3484	2	-1	-1	-1
3539	3540	3719	1	-1	-1	-1
3486	3658	3656	2	-1	-1	-1
3720	3540	3541	1	-1	-1	-1
3715	3552	3535	1	-1	-1	-1
3542	3721	3541	1	-1	-1	-1
3658	3487	3660	2	-1	-1	-1
3660	3487	3659	2	-1	-1	-1
3542	3544	3721	1	-1	-1	-1
3659	3488	3661	2	-1	-1	-1
3544	3543	3722	1	-1	-1	-1
3490	3663	3662	2	-1	-1	-1
3661	3491	3664	2	-1	-1	-1
3546	3545	3725	1	-1	-1	-1
3491	3662	3664	2	-1	-1	-1
3546	3726	3547	1	-1	-1	-1
3549	3725	3545	1	-1	-1	-1
3663	3493	3665	2	-1	-1	-1
3727	3548	3547	1	-1	-1	-1
3609	3608	3607	0	-1	-1	-1
3562	3722	3543	1	-1	-1	-1
3549	3550	3729	1	-1	-1	-1
3495	3668	3667	1	-1	-1	-1
3670	3668	3496	1	-1	-1	-1
3551	3552	3731	1	-1	-1	-1
3496	3669	3670	1	-1	-1	-1
3556	3729	3550	1	-1	-1	-1
3619	3609	3607	0	-1	-1	-1
3553	3551	3732	1	-1	-1	-1
3710	3597	3530	1	-1	-1	-1
3497	3671	3669	1	-1	-1	-1
3666	3673	3499	1	-1	-1	-1
3734	3554	3553	1	-1	-1	-1
3671	3498	3672	1	-1	-1	-1
3735	3555	3554	1	-1	-1	-1
3499	3673	3672	1	-1	-1	-1
3707	3528	3610	1	-1	-1	-1
3504	3677	3665	2	-1	-1	-1
3676	3503	3667	1	-1	-1	-1
3555	3736	3556	1	-1	-1	-1
3675	3674	3501	1	-1	-1	-1
3675	3502	3676	1	-1	-1	-1
3558	3738	3557	1	-1	-1	-1
3559	3557	3739	1	-1	-1	-1
3674	3677	3504	2	-1	-1	-1
3559	3739	3560	1	-1	-1	-1
3560	3740	3561	1	-1	-1	-1
3561	3740	3562	1	-1	-1	-1
3679	3680	3506	1	-1	-1	-1
3507	3678	3681	1	-1	-1	-1
3621	3625	3620	1	-1	-1	-1
3681	3679	3507	1	-1	-1	-1
3743	3564	3563	1	-1	-1	-1
3680	3682	3508	1	-1	-1	-1
3690	3666	3514	1	-1	-1	-1
3567	3743	3563	1	-1	-1	-1
3744	3566	3564	1	-1	-1	-1
3683	3508	3682	1	-1	-1	-1
3745	3565	3566	1	-1	-1	-1
3738	3558	3580	1	-1	-1	-1
3636	3711	3531	0	-1	-1	-1
3685	3510	3684	3	-1	-1	-1
3513	3688	3678	3	-1	-1	-1
3686	3684	3511	3	-1	-1	-1
3568	3747	3567	1	-1	-1	-1
3687	3512	3685	3	-1	-1	-1
3568	3569	3748	1	-1	-1	-1
3683	3689	3514	1	-1	-1	-1
3513	3687	3688	3	-1	-1	-1
3750	3569	3570	1	-1	-1	-1
3750	3570	3571	1	-1	-1	-1
3686	3515	3691	3	-1	-1	-1
3690	3514	3689	1	-1	-1	-1
3745	3583	3565	1	-1	-1	-1
3691	3516	3692	3	-1	-1	-1
3572	3753	3575	1	-1	-1	-1
3571	3579	3751	1	-1	-1	-1
3754	3573	3574	1	-1	-1	-1
3573	3754	3577	1	-1	-1	-1
3576	3755	3574	1	-1	-1	-1
3695	3518	3693	1	-1	-1	-1
3694	3518	3695	1	-1	-1	-1
3756	3576	3575	1	-1	-1	-1
3696	3692	3519	3	-1	-1	-1
3696	3519	3694	3	-1	-1	-1
3759	3578	3577	1	-1	-1	-1
3698	3697	3521	1	-1	-1	-1
3693	3523	3701	1	-1	-1	-1
3578	3761	3579	1	-1	-1	-1
3700	3699	3522	1	-1	-1	-1
3702	3524	3697	1	-1	-1	-1
3699	3701	3523	1	-1	-1	-1
3753	3572	3598	1	-1	-1	-1
3581	3763	3580	1	-1	-1	-1
3700	3524	3702	1	-1	-1	-1
3581	3582	3763	1	-1	-1	-1
3703	3698	3525	1	-1	-1	-1
3584	3764	3582	1	-1	-1	-1
3703	3525	3704	1	-1	-1	-1
3766	3584	3583	1	-1	-1	-1
3704	3526	3705	1	-1	-1	-1
3706	3705	3526	1	-1	-1	-1
3586	3585	3769	0	-1	-1	-1
3769	3585	3587	0	-1	-1	-1
3708	3706	3527	1	-1	-1	-1
3708	3527	3707	1	-1	-1	-1
3588	3771	3587	1	-1	-1	-1
3643	3645	3658	2	-1	-1	-1
3646	3656	3645	2	-1	-1	-1
3592	3586	3770	0	-1	-1	-1
3709	3710	3530	1	-1	-1	-1
3774	3590	3589	0	-1	-1	-1
3773	3588	3593	1	-1	-1	-1
3589	3591	3775	0	-1	-1	-1
3711	3712	3532	0	-1	-1	-1
3650	3657	3649	2	-1	-1	-1
3651	3655	3650	2	-1	-1	-1
3709	3534	3714	0	-1	-1	-1
3712	3713	3533	0	-1	-1	-1
3651	3653	3654	2	-1	-1	-1
3658	3645	3656	2	-1	-1	-1
3651	3654	3655	2	-1	-1	-1
3773	3593	3594	1	-1	-1	-1
3592	3777	3591	0	-1	-1	-1
3714	3534	3713	0	-1	-1	-1
3650	3655	3657	2	-1	-1	-1
3536	3716	3715	1	-1	-1	-1
3780	3594	3595	1	-1	-1	-1
3537	3717	3716	1	-1	-1	-1
3605	3590	3776	0	-1	-1	-1
3595	3596	3782	1	-1	-1	-1
3718	3717	3539	1	-1	-1	-1
3718	3539	3719	1	-1	-1	-1
3783	3596	3597	1	-1	-1	-1
3720	3719	3540	1	-1	-1	-1
3598	3599	3784	1	-1	-1	-1
3541	3721	3720	1	-1	-1	-1
3785	3599	3600	1	-1	-1	-1
3605	3776	3603	0	-1	-1	-1
3544	3723	3721	1	-1	-1	-1
3786	3600	3604	1	-1	-1	-1
3544	3722	3724	1	-1	-1	-1
3544	3724	3723	1	-1	-1	-1
3602	3788	3601	1	-1	-1	-1
3601	3787	3604	1	-1	-1	-1
3602	3603	3789	1	-1	-1	-1
3725	3726	3546	1	-1	-1	-1
3733	3552	3715	1	-1	-1	-1
3547	3726	3728	1	-1	-1	-1
3727	3547	3728	1	-1	-1	-1
3549	3730	3725	1	-1	-1	-1
3793	3607	3606	0	-1	-1	-1
3549	3729	3730	1	-1	-1	-1
3551	3731	3732	1	-1	-1	-1
3794	3610	3611	1	-1	-1	-1
3552	3733	3731	1	-1	-1	-1
3553	3732	3734	1	-1	-1	-1
3619	3607	3793	0	-1	-1	-1
3612	3796	3611	1	-1	-1	-1
3556	3736	3729	1	-1	-1	-1
3734	3735	3554	1	-1	-1	-1
3798	3612	3613	1	-1	-1	-1
3614	3799	3613	1	-1	-1	-1
3562	3742	3722	1	-1	-1	-1
3555	3735	3737	1	-1	-1	-1
3737	3736	3555	1	-1	-1	-1
3614	3615	3800	1	-1	-1	-1
3616	3801	3615	1	-1	-1	-1
3557	3738	3739	1	-1	-1	-1
3802	3617	3619	1	-1	-1	-1
3803	3618	3617	1	-1	-1	-1
3741	3560	3739	1	-1	-1	-1
3740	3560	3741	1	-1	-1	-1
3803	3622	3618	1	-1	-1	-1
3562	3740	3742	1	-1	-1	-1
3622	3804	3621	1	-1	-1	-1
3621	3804	3625	1	-1	-1	-1
3634	3801	3616	1	-1	-1	-1
3564	3743	3744	1	-1	-1	-1
3808	3623	3624	1	-1	-1	-1
3566	3744	3746	1	-1	-1	-1
3566	3746	3745	1	-1	-1	-1
3567	3747	3743	1	-1	-1	-1
3623	3807	3628	1	-1	-1	-1
3625	3810	3624	1	-1	-1	-1
3568	3749	3747	1	-1	-1	-1
3748	3749	3568	1	-1	-1	-1
3812	3627	3626	1	-1	-1	-1
3626	3628	3813	1	-1	-1	-1
3750	3748	3569	1	-1	-1	-1
3814	3629	3627	1	-1	-1	-1
3752	3750	3571	1	-1	-1	-1
3752	3571	3751	1	-1	-1	-1
3631	3630	3816	1	-1	-1	-1
3763	3738	3580	1	-1	-1	-1
3754	3574	3755	1	-1	-1	-1
3633	3818	3632	1	-1	-1	-1
3817	3635	3631	1	-1	-1	-1
3756	3575	3753	1	-1	-1	-1
3634	3632	3819	1	-1	-1	-1
3820	3633	3635	1	-1	-1	-1
3755	3576	3757	1	-1	-1	-1
3759	3577	3754	1	-1	-1	-1
3576	3756	3758	1	-1	-1	-1
3597	3710	3783	1	-1	-1	-1
3758	3757	3576	1	-1	-1	-1
3579	3762	3751	1	-1	-1	-1
3766	3583	3745	1	-1	-1	-1
3637	3824	3636	1	-1	-1	-1
3578	3759	3760	1	-1	-1	-1
3578	3760	3761	1	-1	-1	-1
3762	3579	3761	1	-1	-1	-1
3825	3638	3640	1	-1	-1	-1
3826	3642	3639	1	-1	-1	-1
3827	3639	3641	1	-1	-1	-1
3598	3756	3753	1	-1	-1	-1
3637	3647	3824	1	-1	-1	-1
3765	3763	3582	1	-1	-1	-1
3582	3764	3765	1	-1	-1	-1
3638	3825	3648	1	-1	-1	-1
3829	3640	3642	1	-1	-1	-1
3795	3707	3610	1	-1	-1	-1
3830	3641	3644	2	-1	-1	-1
3584	3767	3764	1	-1	-1	-1
3584	3766	3768	1	-1	-1	-1
3767	3584	3768	1	-1	-1	-1
3644	3643	3832	2	-1	-1	-1
3769	3770	3586	0	-1	-1	-1
3772	3769	3587	1	-1	-1	-1
3834	3647	3648	1	-1	-1	-1
3587	3771	3772	1	-1	-1	-1
3771	3588	3773	1	-1	-1	-1
3643	3658	3832	2	-1	-1	-1
3775	3774	3589	0	-1	-1	-1
3598	3784	3756	1	-1	-1	-1
3776	3590	3774	0	-1	-1	-1
3592	3770	3779	0	-1	-1	-1
3591	3778	3775	0	-1	-1	-1
3778	3591	3777	0	-1	-1	-1
3780	3773	3594	1	-1	-1	-1
3779	3777	3592	0	-1	-1	-1
3832	3658	3660	2	-1	-1	-1
3780	3595	3781	1	-1	-1	-1
3659	3661	3837	2	-1	-1	-1
3659	3838	3660	2	-1	-1	-1
3782	3781	3595	1	-1	-1	-1
3596	3783	3782	1	-1	-1	-1
3664	3840	3661	2	-1	-1	-1
3662	3663	3842	2	-1	-1	-1
3785	3784	3599	1	-1	-1	-1
3662	3842	3664	2	-1	-1	-1
3790	3603	3776	0	-1	-1	-1
3663	3665	3843	2	-1	-1	-1
3711	3636	3824	0	-1	-1	-1
3785	3600	3786	1	-1	-1	-1
3788	3787	3601	1	-1	-1	-1
3710	3642	3826	1	-1	-1	-1
3788	3602	3789	1	-1	-1	-1
3846	3667	3668	1	-1	-1	-1
3791	3786	3604	1	-1	-1	-1
3787	3791	3604	1	-1	-1	-1
3790	3789	3603	1	-1	-1	-1
3642	3710	3831	1	-1	-1	-1
3666	3845	3673	1	-1	-1	-1
3668	3670	3847	1	-1	-1	-1
3677	3843	3665	2	-1	-1	-1
3669	3849	3670	1	-1	-1	-1
3846	3676	3667	1	-1	-1	-1
3669	3671	3849	1	-1	-1	-1
3851	3671	3672	1	-1	-1	-1
3606	3792	3793	0	-1	-1	-1
3672	3673	3853	1	-1	-1	-1
3795	3610	3794	1	-1	-1	-1
3666	3690	3845	1	-1	-1	-1
3611	3797	3794	1	-1	-1	-1
3674	3675	3854	2	-1	-1	-1
3611	3796	3797	1	-1	-1	-1
3854	3675	3676	1	-1	-1	-1
3677	3674	3854	2	-1	-1	-1
3798	3796	3612	1	-1	-1	-1
3708	3707	3795	1	-1	-1	-1
3798	3613	3799	1	-1	-1	-1
3800	3799	3614	1	-1	-1	-1
3793	3802	3619	0	-1	-1	-1
3678	3855	3681	3	-1	-1	-1
3680	3679	3856	1	-1	-1	-1
3801	3800	3615	1	-1	-1	-1
3856	3679	3681	1	-1	-1	-1
3682	3680	3857	1	-1	-1	-1
3855	3678	3688	3	-1	-1	-1
3803	3617	3802	1	-1	-1	-1
3682	3859	3683	1	-1	-1	-1
3685	3684	3860	3	-1	-1	-1
3860	3684	3686	3	-1	-1	-1
3689	3683	3859	1	-1	-1	-1
3804	3622	3805	1	-1	-1	-1
3803	3806	3622	1	-1	-1	-1
3687	3685	3861	3	-1	-1	-1
3805	3622	3806	1	-1	-1	-1
3688	3687	3861	3	-1	-1	-1
3807	3623	3808	1	-1	-1	-1
3804	3811	3625	1	-1	-1	-1
3686	3691	3864	3	-1	-1	-1
3808	3624	3809	1	-1	-1	-1
3624	3810	3809	1	-1	-1	-1
3689	3866	3690	1	-1	-1	-1
3811	3810	3625	1	-1	-1	-1
3813	3628	3807	1	-1	-1	-1
3710	3709	3831	1	-1	-1	-1
3626	3813	3812	1	-1	-1	-1
3691	3692	3869	3	-1	-1	-1
3812	3814	3627	1	-1	-1	-1
3831	3709	3714	1	-1	-1	-1
3869	3692	3696	3	-1	-1	-1
3822	3801	3634	1	-1	-1	-1
3815	3629	3814	1	-1	-1	-1
3695	3693	3870	1	-1	-1	-1
3694	3695	3871	3	-1	-1	-1
3696	3694	3871	3	-1	-1	-1
3816	3817	3631	1	-1	-1	-1
3701	3870	3693	1	-1	-1	-1
3818	3819	3632	1	-1	-1	-1
3875	3697	3698	1	-1	-1	-1
3633	3820	3818	1	-1	-1	-1
3821	3634	3819	1	-1	-1	-1
3702	3697	3875	1	-1	-1	-1
3635	3817	3823	1	-1	-1	-1
3634	3821	3822	1	-1	-1	-1
3703	3876	3698	1	-1	-1	-1
3878	3699	3700	1	-1	-1	-1
3699	3877	3701	1	-1	-1	-1
3635	3823	3820	1	-1	-1	-1
3880	3700	3702	1	-1	-1	-1
3704	3884	3703	1	-1	-1	-1
3827	3826	3639	1	-1	-1	-1
3640	3828	3825	1	-1	-1	-1
3704	3705	3885	1	-1	-1	-1
3640	3829	3828	1	-1	-1	-1
3756	3784	3758	1	-1	-1	-1
3641	3830	3827	2	-1	-1	-1
3888	3705	3706	1	-1	-1	-1
3642	3831	3829	1	-1	-1	-1
3706	3708	3891	1	-1	-1	-1
3835	3824	3647	1	-1	-1	-1
3833	3830	3644	2	-1	-1	-1
3832	3833	3644	2	-1	-1	-1
3648	3825	3836	1	-1	-1	-1
3835	3647	3834	1	-1	-1	-1
3893	3712	3711	0	-1	-1	-1
3834	3648	3836	1	-1	-1	-1
3783	3710	3826	1	-1	-1	-1
3895	3713	3712	0	-1	-1	-1
3714	3713	3896	0	-1	-1	-1
3716	3898	3715	1	-1	-1	-1
3660	3839	3832	2	-1	-1	-1
3716	3717	3899	1	-1	-1	-1
3837	3838	3659	2	-1	-1	-1
3900	3717	3718	1	-1	-1	-1
3838	3839	3660	2	-1	-1	-1
3718	3719	3901	1	-1	-1	-1
3841	3837	3661	2	-1	-1	-1
3720	3902	3719	1	-1	-1	-1
3661	3840	3841	2	-1	-1	-1
3733	3715	3898	1	-1	-1	-1
3721	3904	3720	1	-1	-1	-1
3663	3843	3842	2	-1	-1	-1
3664	3844	3840	2	-1	-1	-1
3904	3721	3723	1	-1	-1	-1
3844	3664	3842	2	-1	-1	-1
3724	3722	3905	1	-1	-1	-1
3724	3906	3723	1	-1	-1	-1
3726	3725	3908	1	-1	-1	-1
3670	3844	3847	1	-1	-1	-1
3848	3846	3668	1	-1	-1	-1
3908	3725	3730	1	-1	-1	-1
3847	3848	3668	1	-1	-1	-1
3728	3726	3909	1	-1	-1	-1
3844	3670	3849	1	-1	-1	-1
3728	3910	3727	1	-1	-1	-1
3677	3848	3843	2	-1	-1	-1
3742	3905	3722	1	-1	-1	-1
3671	3850	3849	1	-1	-1	-1
3912	3730	3729	1	-1	-1	-1
3673	3845	3853	1	-1	-1	-1
3851	3850	3671	1	-1	-1	-1
3851	3672	3852	1	-1	-1	-1
3676	3846	3854	1	-1	-1	-1
3672	3853	3852	1	-1	-1	-1
3729	3736	3912	1	-1	-1	-1
3914	3732	3731	1	-1	-1	-1
3914	3731	3733	1	-1	-1	-1
3848	3677	3854	2	-1	-1	-1
3732	3915	3734	1	-1	-1	-1
3734	3917	3735	1	-1	-1	-1
3737	3735	3918	1	-1	-1	-1
3919	3736	3737	1	-1	-1	-1
3856	3857	3680	1	-1	-1	-1
3681	3855	3858	3	-1	-1	-1
3892	3708	3795	1	-1	-1	-1
3856	3681	3858	3	-1	-1	-1
3859	3682	3857	1	-1	-1	-1
3922	3739	3738	1	-1	-1	-1
3793	3806	3802	0	-1	-1	-1
3690	3867	3845	1	-1	-1	-1
3739	3923	3741	1	-1	-1	-1
3924	3740	3741	1	-1	-1	-1
3740	3924	3742	1	-1	-1	-1
3685	3860	3862	3	-1	-1	-1
3861	3685	3862	3	-1	-1	-1
3688	3865	3855	3	-1	-1	-1
3686	3863	3860	3	-1	-1	-1
3802	3806	3803	1	-1	-1	-1
3863	3686	3864	3	-1	-1	-1
3689	3859	3866	1	-1	-1	-1
3743	3927	3744	1	-1	-1	-1
3861	3865	3688	3	-1	-1	-1
3927	3746	3744	1	-1	-1	-1
3928	3743	3747	1	-1	-1	-1
3929	3745	3746	1	-1	-1	-1
3801	3822	3800	1	-1	-1	-1
3738	3763	3922	1	-1	-1	-1
3691	3869	3864	3	-1	-1	-1
3868	3690	3866	1	-1	-1	-1
3867	3690	3868	1	-1	-1	-1
3930	3747	3749	1	-1	-1	-1
3749	3748	3931	1	-1	-1	-1
3824	3893	3711	0	-1	-1	-1
3748	3750	3931	1	-1	-1	-1
3872	3695	3870	3	-1	-1	-1
3750	3752	3935	1	-1	-1	-1
3871	3695	3872	3	-1	-1	-1
3752	3751	3936	1	-1	-1	-1
3696	3874	3869	3	-1	-1	-1
3766	3745	3929	1	-1	-1	-1
3696	3871	3873	3	-1	-1	-1
3897	3831	3714	1	-1	-1	-1
3874	3696	3873	3	-1	-1	-1
3755	3939	3754	1	-1	-1	-1
3698	3876	3875	1	-1	-1	-1
3936	3751	3762	1	-1	-1	-1
3759	3754	3939	1	-1	-1	-1
3870	3701	3881	1	-1	-1	-1
3755	3757	3941	1	-1	-1	-1
3699	3878	3877	1	-1	-1	-1
3757	3758	3942	1	-1	-1	-1
3879	3878	3700	1	-1	-1	-1
3702	3875	3882	1	-1	-1	-1
3700	3880	3879	1	-1	-1	-1
3881	3701	3877	1	-1	-1	-1
3703	3883	3876	1	-1	-1	-1
3945	3760	3759	1	-1	-1	-1
3882	3880	3702	1	-1	-1	-1
3947	3761	3760	1	-1	-1	-1
3883	3703	3884	1	-1	-1	-1
3761	3948	3762	1	-1	-1	-1
3884	3704	3886	1	-1	-1	-1
3704	3885	3887	1	-1	-1	-1
3763	3765	3949	1	-1	-1	-1
3704	3887	3886	1	-1	-1	-1
3889	3885	3705	1	-1	-1	-1
3764	3950	3765	1	-1	-1	-1
3764	3767	3950	1	-1	-1	-1
3889	3705	3888	1	-1	-1	-1
3890	3888	3706	1	-1	-1	-1
3784	3944	3758	1	-1	-1	-1
3766	3952	3768	1	-1	-1	-1
3706	3891	3890	1	-1	-1	-1
3768	3953	3767	1	-1	-1	-1
3708	3892	3891	1	-1	-1	-1
3769	3955	3770	1	-1	-1	-1
3772	3955	3769	1	-1	-1	-1
3712	3893	3894	0	-1	-1	-1
3957	3771	3773	1	-1	-1	-1
3712	3894	3895	0	-1	-1	-1
3771	3958	3772	1	-1	-1	-1
3832	3839	3833	2	-1	-1	-1
3895	3896	3713	0	-1	-1	-1
3779	3770	3956	1	-1	-1	-1
3897	3714	3896	1	-1	-1	-1
3775	3961	3774	0	-1	-1	-1
3773	3780	3957	1	-1	-1	-1
3776	3774	3960	0	-1	-1	-1
3785	3944	3784	1	-1	-1	-1
3899	3898	3716	1	-1	-1	-1
3962	3775	3778	0	-1	-1	-1
3900	3899	3717	1	-1	-1	-1
3718	3901	3900	1	-1	-1	-1
3777	3965	3778	0	-1	-1	-1
3777	3779	3965	0	-1	-1	-1
3902	3901	3719	1	-1	-1	-1
3720	3903	3902	1	-1	-1	-1
3720	3904	3903	1	-1	-1	-1
3781	3968	3780	1	-1	-1	-1
3849	3841	3840	1	-1	-1	-1
3776	3964	3790	0	-1	-1	-1
3842	3843	3847	2	-1	-1	-1
3904	3723	3906	1	-1	-1	-1
3847	3844	3842	2	-1	-1	-1
3844	3849	3840	1	-1	-1	-1
3971	3781	3782	1	-1	-1	-1
3907	3724	3905	1	-1	-1	-1
3724	3907	3906	1	-1	-1	-1
3783	3972	3782	1	-1	-1	-1
3848	3847	3843	2	-1	-1	-1
3849	3850	3841	1	-1	-1	-1
3726	3908	3909	1	-1	-1	-1
3898	3914	3733	1	-1	-1	-1
3974	3785	3786	1	-1	-1	-1
3909	3911	3728	1	-1	-1	-1
3846	3848	3854	1	-1	-1	-1
3728	3911	3910	1	-1	-1	-1
3913	3908	3730	1	-1	-1	-1
3835	3893	3824	0	-1	-1	-1
3788	3977	3787	1	-1	-1	-1
3976	3786	3791	1	-1	-1	-1
3978	3788	3789	1	-1	-1	-1
3791	3787	3977	1	-1	-1	-1
3912	3913	3730	1	-1	-1	-1
3897	3829	3831	1	-1	-1	-1
3790	3979	3789	1	-1	-1	-1
3732	3914	3916	1	-1	-1	-1
3916	3915	3732	1	-1	-1	-1
3917	3734	3915	1	-1	-1	-1
3912	3736	3919	1	-1	-1	-1
3983	3793	3792	0	-1	-1	-1
3918	3735	3917	1	-1	-1	-1
3794	3984	3795	1	-1	-1	-1
3905	3742	3926	1	-1	-1	-1
3797	3984	3794	1	-1	-1	-1
3737	3918	3920	1	-1	-1	-1
3737	3921	3919	1	-1	-1	-1
3737	3920	3921	1	-1	-1	-1
3986	3797	3796	1	-1	-1	-1
3796	3798	3986	1	-1	-1	-1
3826	3972	3783	1	-1	-1	-1
3806	3793	3983	0	-1	-1	-1
3739	3922	3923	1	-1	-1	-1
3798	3799	3989	1	-1	-1	-1
3990	3799	3800	1	-1	-1	-1
3741	3923	3925	1	-1	-1	-1
3741	3925	3924	1	-1	-1	-1
3742	3924	3926	1	-1	-1	-1
3928	3927	3743	1	-1	-1	-1
3804	3805	3993	1	-1	-1	-1
3927	3929	3746	1	-1	-1	-1
3930	3928	3747	1	-1	-1	-1
3995	3805	3806	0	-1	-1	-1
3992	3811	3804	1	-1	-1	-1
3808	3996	3807	1	-1	-1	-1
3932	3930	3749	1	-1	-1	-1
3990	3800	3822	1	-1	-1	-1
3749	3931	3933	1	-1	-1	-1
3933	3932	3749	1	-1	-1	-1
3998	3808	3809	1	-1	-1	-1
3931	3750	3934	1	-1	-1	-1
3871	3872	3873	3	-1	-1	-1
3813	3807	3997	1	-1	-1	-1
3935	3934	3750	1	-1	-1	-1
4000	3809	3810	1	-1	-1	-1
3811	4001	3810	1	-1	-1	-1
3972	3826	3827	1	-1	-1	-1
3938	3935	3752	1	-1	-1	-1
3752	3936	3937	1	-1	-1	-1
3752	3937	3938	1	-1	-1	-1
3814	3812	4003	1	-1	-1	-1
4004	3812	3813	1	-1	-1	-1
3815	3814	4003	1	-1	-1	-1
3939	3755	3940	1	-1	-1	-1
3949	3922	3763	1	-1	-1	-1
3941	3940	3755	1	-1	-1	-1
3817	3816	4006	1	-1	-1	-1
3942	3941	3757	1	-1	-1	-1
3758	3943	3942	1	-1	-1	-1
3759	3939	3945	1	-1	-1	-1
3819	3818	4008	1	-1	-1	-1
3943	3758	3944	1	-1	-1	-1
3762	3948	3936	1	-1	-1	-1
4008	3818	3820	1	-1	-1	-1
4007	3823	3817	1	-1	-1	-1
3929	3952	3766	1	-1	-1	-1
3821	3819	4009	1	-1	-1	-1
3945	3946	3760	1	-1	-1	-1
3760	3946	3947	1	-1	-1	-1
3820	3823	4011	1	-1	-1	-1
3947	3948	3761	1	-1	-1	-1
3822	3821	4013	1	-1	-1	-1
3951	3949	3765	1	-1	-1	-1
3950	3951	3765	1	-1	-1	-1
3828	4014	3825	1	-1	-1	-1
3950	3767	3953	1	-1	-1	-1
3827	3830	4015	2	-1	-1	-1
3795	3985	3892	1	-1	-1	-1
3768	3952	3954	1	-1	-1	-1
3829	4017	3828	1	-1	-1	-1
4014	3836	3825	1	-1	-1	-1
3953	3768	3954	1	-1	-1	-1
3955	3956	3770	1	-1	-1	-1
3833	4018	3830	2	-1	-1	-1
3955	3772	3959	1	-1	-1	-1
3958	3771	3957	1	-1	-1	-1
3772	3958	3959	1	-1	-1	-1
4021	3835	3834	1	-1	-1	-1
4021	3834	3836	1	-1	-1	-1
3839	4020	3833	2	-1	-1	-1
3960	3774	3961	0	-1	-1	-1
3838	3837	4024	2	-1	-1	-1
3963	3961	3775	0	-1	-1	-1
3963	3775	3962	0	-1	-1	-1
3964	3776	3960	0	-1	-1	-1
3841	4024	3837	2	-1	-1	-1
3779	3956	3967	1	-1	-1	-1
3785	3973	3944	1	-1	-1	-1
3838	4026	3839	2	-1	-1	-1
3966	3962	3778	0	-1	-1	-1
3969	3957	3780	1	-1	-1	-1
3965	3966	3778	0	-1	-1	-1
3779	3967	3965	1	-1	-1	-1
4024	3841	3850	1	-1	-1	-1
3780	3968	3969	1	-1	-1	-1
3781	3970	3968	1	-1	-1	-1
3781	3971	3970	1	-1	-1	-1
3782	3972	3971	1	-1	-1	-1
3853	3845	4027	1	-1	-1	-1
3850	3851	4028	1	-1	-1	-1
3974	3973	3785	1	-1	-1	-1
3852	4029	3851	1	-1	-1	-1
3790	3964	3980	0	-1	-1	-1
3786	3975	3974	1	-1	-1	-1
4030	3852	3853	1	-1	-1	-1
3976	3975	3786	1	-1	-1	-1
3867	4027	3845	1	-1	-1	-1
4017	3829	3897	1	-1	-1	-1
3977	3788	3978	1	-1	-1	-1
3789	3979	3978	1	-1	-1	-1
4033	3858	3855	3	-1	-1	-1
4034	3857	3856	3	-1	-1	-1
4034	3856	3858	3	-1	-1	-1
3981	3976	3791	1	-1	-1	-1
3791	3977	3981	1	-1	-1	-1
3979	3790	3980	1	-1	-1	-1
3835	4022	3893	0	-1	-1	-1
3857	4034	3859	1	-1	-1	-1
4033	3855	3865	3	-1	-1	-1
3862	3860	4035	3	-1	-1	-1
3983	3792	3982	0	-1	-1	-1
4035	3860	3863	3	-1	-1	-1
4036	3861	3862	3	-1	-1	-1
4033	3868	3858	3	-1	-1	-1
3859	4034	3866	1	-1	-1	-1
3868	4034	3858	3	-1	-1	-1
4036	3865	3861	3	-1	-1	-1
3795	3984	3985	1	-1	-1	-1
4039	3863	3864	3	-1	-1	-1
3987	3984	3797	1	-1	-1	-1
3868	4033	3867	3	-1	-1	-1
4034	3868	3866	1	-1	-1	-1
3987	3797	3986	1	-1	-1	-1
3798	3988	3986	1	-1	-1	-1
3864	3869	4040	3	-1	-1	-1
3988	3798	3989	1	-1	-1	-1
3799	3991	3989	1	-1	-1	-1
3799	3990	3991	1	-1	-1	-1
3995	3806	3983	0	-1	-1	-1
3869	3874	4043	3	-1	-1	-1
3870	4044	3872	3	-1	-1	-1
3992	3804	3993	1	-1	-1	-1
4045	3873	3872	3	-1	-1	-1
3993	3805	3994	0	-1	-1	-1
3873	4046	3874	3	-1	-1	-1
3805	3995	3994	0	-1	-1	-1
4044	3870	3881	3	-1	-1	-1
3934	3933	3931	1	-1	-1	-1
3876	4048	3875	1	-1	-1	-1
3807	3996	3997	1	-1	-1	-1
3998	3996	3808	1	-1	-1	-1
4050	3877	3878	1	-1	-1	-1
3875	4048	3882	1	-1	-1	-1
4002	3811	3992	1	-1	-1	-1
3809	3999	3998	1	-1	-1	-1
3809	4000	3999	1	-1	-1	-1
4051	3878	3879	1	-1	-1	-1
3876	3883	4049	1	-1	-1	-1
4050	3881	3877	1	-1	-1	-1
3893	4022	3894	0	-1	-1	-1
3896	4017	3897	1	-1	-1	-1
4000	3810	4001	1	-1	-1	-1
4052	3879	3880	1	-1	-1	-1
4001	3811	4002	1	-1	-1	-1
3972	3827	4015	2	-1	-1	-1
4004	3813	3997	1	-1	-1	-1
4053	3880	3882	1	-1	-1	-1
4003	3812	4004	1	-1	-1	-1
3948	3937	3936	1	-1	-1	-1
3884	4056	3883	1	-1	-1	-1
4003	4005	3815	1	-1	-1	-1
3822	4013	3990	1	-1	-1	-1
3886	4058	3884	1	-1	-1	-1
3817	4006	4007	1	-1	-1	-1
3887	3885	4059	1	-1	-1	-1
4059	3885	3889	1	-1	-1	-1
4061	3886	3887	1	-1	-1	-1
3819	4008	4010	1	-1	-1	-1
4009	3819	4010	1	-1	-1	-1
4008	3820	4012	1	-1	-1	-1
3888	4063	3889	1	-1	-1	-1
4063	3888	3890	1	-1	-1	-1
4011	3823	4007	1	-1	-1	-1
4013	3821	4009	1	-1	-1	-1
4012	3820	4011	1	-1	-1	-1
3890	3891	4065	1	-1	-1	-1
4066	3891	3892	1	-1	-1	-1
4068	3895	3894	0	-1	-1	-1
3828	4016	4014	1	-1	-1	-1
3896	3895	4069	0	-1	-1	-1
3828	4017	4016	1	-1	-1	-1
3830	4019	4015	2	-1	-1	-1
3830	4018	4019	2	-1	-1	-1
4071	3898	3899	1	-1	-1	-1
3900	4071	3899	1	-1	-1	-1
3833	4020	4018	2	-1	-1	-1
3901	4072	3900	1	-1	-1	-1
4014	4023	3836	1	-1	-1	-1
3835	4021	4022	0	-1	-1	-1
3902	4075	3901	1	-1	-1	-1
4075	3902	3903	1	-1	-1	-1
4023	4021	3836	1	-1	-1	-1
4070	3914	3898	1	-1	-1	-1
3903	3904	4077	1	-1	-1	-1
4020	3839	4026	2	-1	-1	-1
3838	4024	4025	2	-1	-1	-1
3904	3906	4078	1	-1	-1	-1
3838	4025	4026	2	-1	-1	-1
4079	3907	3905	1	-1	-1	-1
3907	4080	3906	1	-1	-1	-1
3908	4081	3909	1	-1	-1	-1
4028	4024	3850	1	-1	-1	-1
3908	3913	4082	1	-1	-1	-1
3909	4083	3911	1	-1	-1	-1
3910	3911	4084	1	-1	-1	-1
4028	3851	4029	1	-1	-1	-1
3905	3926	4079	1	-1	-1	-1
3852	4031	4029	1	-1	-1	-1
4087	3913	3912	1	-1	-1	-1
3853	4027	4032	1	-1	-1	-1
3852	4030	4031	1	-1	-1	-1
4030	3853	4032	1	-1	-1	-1
4086	3912	3919	1	-1	-1	-1
4088	3916	3914	1	-1	-1	-1
3917	3915	4089	1	-1	-1	-1
3915	3916	4090	1	-1	-1	-1
3921	4086	3919	1	-1	-1	-1
3917	4092	3918	1	-1	-1	-1
4092	3920	3918	1	-1	-1	-1
3921	3920	4094	1	-1	-1	-1
4035	4038	3862	3	-1	-1	-1
4036	3862	4037	3	-1	-1	-1
4027	3867	4042	3	-1	-1	-1
4038	4037	3862	3	-1	-1	-1
4035	3863	4039	3	-1	-1	-1
4033	3865	4042	3	-1	-1	-1
4033	4042	3867	3	-1	-1	-1
3922	4097	3923	1	-1	-1	-1
4036	4042	3865	3	-1	-1	-1
3892	3985	4067	1	-1	-1	-1
4039	3864	4041	3	-1	-1	-1
3923	4097	3925	1	-1	-1	-1
4041	3864	4040	3	-1	-1	-1
4098	3926	3924	1	-1	-1	-1
4099	3924	3925	1	-1	-1	-1
4040	3869	4043	3	-1	-1	-1
3984	3987	3985	1	-1	-1	-1
3928	4102	3927	1	-1	-1	-1
3927	4102	3929	1	-1	-1	-1
3983	3982	3995	0	-1	-1	-1
3928	3930	4103	1	-1	-1	-1
4045	3872	4044	3	-1	-1	-1
4047	4043	3874	3	-1	-1	-1
3873	4045	4046	3	-1	-1	-1
3932	4103	3930	1	-1	-1	-1
3874	4046	4047	3	-1	-1	-1
3922	3949	4097	1	-1	-1	-1
4105	3932	3933	1	-1	-1	-1
4049	4048	3876	1	-1	-1	-1
3933	3934	4107	1	-1	-1	-1
3935	4109	3934	1	-1	-1	-1
3881	4054	4044	3	-1	-1	-1
4051	4050	3878	1	-1	-1	-1
4069	4017	3896	1	-1	-1	-1
4052	4051	3879	1	-1	-1	-1
3929	4102	3952	1	-1	-1	-1
4110	3935	3938	1	-1	-1	-1
3894	4022	4068	0	-1	-1	-1
3881	4050	4054	3	-1	-1	-1
3882	4048	4055	1	-1	-1	-1
4052	3880	4053	1	-1	-1	-1
4111	3938	3937	1	-1	-1	-1
4057	4049	3883	1	-1	-1	-1
4055	4053	3882	1	-1	-1	-1
3939	3940	4114	1	-1	-1	-1
3948	4111	3937	1	-1	-1	-1
4057	3883	4056	1	-1	-1	-1
3940	3941	4116	1	-1	-1	-1
3939	4114	3945	1	-1	-1	-1
4056	3884	4058	1	-1	-1	-1
4117	3941	3942	1	-1	-1	-1
3949	3951	4101	1	-1	-1	-1
4118	3942	3943	1	-1	-1	-1
4058	3886	4060	1	-1	-1	-1
4111	3948	3947	1	-1	-1	-1
4119	3943	3944	1	-1	-1	-1
4060	3886	4061	1	-1	-1	-1
3954	3952	4102	1	-1	-1	-1
4059	4062	3887	1	-1	-1	-1
4061	3887	4062	1	-1	-1	-1
4120	3946	3945	1	-1	-1	-1
4064	4059	3889	1	-1	-1	-1
4121	3947	3946	1	-1	-1	-1
4063	4064	3889	1	-1	-1	-1
4063	3890	4065	1	-1	-1	-1
3891	4066	4065	1	-1	-1	-1
3950	4123	3951	1	-1	-1	-1
3892	4067	4066	1	-1	-1	-1
3950	3953	4123	1	-1	-1	-1
4069	3895	4068	0	-1	-1	-1
3953	3954	4126	1	-1	-1	-1
4119	3944	3973	1	-1	-1	-1
3956	3955	4128	1	-1	-1	-1
4071	4070	3898	1	-1	-1	-1
3955	3959	4129	1	-1	-1	-1
4073	4071	3900	1	-1	-1	-1
4072	4073	3900	1	-1	-1	-1
3957	4131	3958	1	-1	-1	-1
4072	3901	4074	1	-1	-1	-1
3959	3958	4132	1	-1	-1	-1
4075	4074	3901	1	-1	-1	-1
3956	4130	3967	1	-1	-1	-1
4076	4075	3903	1	-1	-1	-1
4135	3960	3961	0	-1	-1	-1
3903	4077	4076	1	-1	-1	-1
3969	4131	3957	1	-1	-1	-1
4135	3964	3960	0	-1	-1	-1
3904	4078	4077	1	-1	-1	-1
3963	4135	3961	0	-1	-1	-1
4136	3963	3962	0	-1	-1	-1
3962	3966	4136	0	-1	-1	-1
3906	4080	4078	1	-1	-1	-1
3907	4079	4080	1	-1	-1	-1
3965	4139	3966	1	-1	-1	-1
4139	3965	3967	1	-1	-1	-1
4081	3908	4082	1	-1	-1	-1
4088	3914	4070	1	-1	-1	-1
4083	3909	4081	1	-1	-1	-1
4024	4028	4025	1	-1	-1	-1
4085	3911	4083	1	-1	-1	-1
4085	4084	3911	1	-1	-1	-1
3969	3968	4144	1	-1	-1	-1
3970	4143	3968	1	-1	-1	-1
3913	4087	4082	1	-1	-1	-1
3980	3964	4138	0	-1	-1	-1
3912	4086	4087	1	-1	-1	-1
4147	3970	3971	2	-1	-1	-1
3971	3972	4148	2	-1	-1	-1
4090	4089	3915	1	-1	-1	-1
4088	4091	3916	1	-1	-1	-1
3973	3974	4149	1	-1	-1	-1
4032	4027	4037	3	-1	-1	-1
4091	4090	3916	1	-1	-1	-1
3917	4089	4092	1	-1	-1	-1
4150	3974	3975	1	-1	-1	-1
4030	4032	4038	3	-1	-1	-1
4016	4017	4069	1	-1	-1	-1
3975	3976	4151	1	-1	-1	-1
4079	3926	4098	1	-1	-1	-1
4086	3921	4096	1	-1	-1	-1
4093	3920	4092	1	-1	-1	-1
4027	4042	4037	3	-1	-1	-1
4093	4094	3920	1	-1	-1	-1
4038	4032	4037	3	-1	-1	-1
3978	4153	3977	1	-1	-1	-1
3981	4152	3976	1	-1	-1	-1
4153	3978	3979	1	-1	-1	-1
4094	4095	3921	1	-1	-1	-1
3981	3977	4153	1	-1	-1	-1
4096	3921	4095	1	-1	-1	-1
4154	3979	3980	1	-1	-1	-1
4042	4036	4037	3	-1	-1	-1
4098	3924	4099	1	-1	-1	-1
4101	3925	4097	1	-1	-1	-1
4099	3925	4100	1	-1	-1	-1
4100	3925	4101	1	-1	-1	-1
3985	3987	4159	1	-1	-1	-1
3986	4160	3987	1	-1	-1	-1
3928	4104	4102	1	-1	-1	-1
4160	3986	3988	1	-1	-1	-1
3995	3982	4158	0	-1	-1	-1
4148	3972	4015	2	-1	-1	-1
4103	4104	3928	1	-1	-1	-1
3989	4162	3988	1	-1	-1	-1
4106	4103	3932	1	-1	-1	-1
3991	4162	3989	1	-1	-1	-1
4105	4106	3932	1	-1	-1	-1
3990	4163	3991	1	-1	-1	-1
4105	3933	4108	1	-1	-1	-1
4158	3994	3995	0	-1	-1	-1
4101	4097	3949	1	-1	-1	-1
3933	4107	4108	1	-1	-1	-1
3993	4165	3992	1	-1	-1	-1
4107	3934	4109	1	-1	-1	-1
3994	4166	3993	0	-1	-1	-1
4110	4109	3935	1	-1	-1	-1
4002	3992	4165	1	-1	-1	-1
4112	4110	3938	1	-1	-1	-1
3997	3996	4167	1	-1	-1	-1
4113	3938	4111	1	-1	-1	-1
4112	3938	4113	1	-1	-1	-1
3996	3998	4169	1	-1	-1	-1
4163	3990	4013	1	-1	-1	-1
4115	4114	3940	1	-1	-1	-1
4172	3998	3999	1	-1	-1	-1
4116	4115	3940	1	-1	-1	-1
3997	4171	4004	1	-1	-1	-1
4000	4173	3999	1	-1	-1	-1
3941	4117	4116	1	-1	-1	-1
4124	4101	3951	1	-1	-1	-1
4000	4001	4175	1	-1	-1	-1
4117	3942	4118	1	-1	-1	-1
4175	4001	4002	1	-1	-1	-1
3945	4114	4120	1	-1	-1	-1
4122	4111	3947	1	-1	-1	-1
4119	4118	3943	1	-1	-1	-1
3954	4102	4127	1	-1	-1	-1
4003	4004	4178	1	-1	-1	-1
4177	4005	4003	1	-1	-1	-1
3946	4120	4121	1	-1	-1	-1
4122	3947	4121	1	-1	-1	-1
4181	4007	4006	1	-1	-1	-1
4007	4181	4011	1	-1	-1	-1
4125	3951	4123	1	-1	-1	-1
4010	4008	4182	1	-1	-1	-1
4124	3951	4125	1	-1	-1	-1
4123	3953	4126	1	-1	-1	-1
4182	4008	4012	1	-1	-1	-1
4010	4183	4009	1	-1	-1	-1
4184	4013	4009	1	-1	-1	-1
4127	4126	3954	1	-1	-1	-1
4186	4012	4011	1	-1	-1	-1
3985	4159	4067	1	-1	-1	-1
3955	4129	4128	1	-1	-1	-1
4128	4130	3956	1	-1	-1	-1
4014	4016	4191	1	-1	-1	-1
4131	4133	3958	1	-1	-1	-1
3959	4134	4129	1	-1	-1	-1
4133	4132	3958	1	-1	-1	-1
4132	4134	3959	1	-1	-1	-1
4192	4015	4019	2	-1	-1	-1
4014	4191	4023	1	-1	-1	-1
4193	4019	4018	2	-1	-1	-1
4020	4193	4018	2	-1	-1	-1
3963	4137	4135	0	-1	-1	-1
3963	4136	4137	0	-1	-1	-1
4135	4138	3964	0	-1	-1	-1
4195	4022	4021	0	-1	-1	-1
4130	4142	3967	1	-1	-1	-1
4021	4023	4195	0	-1	-1	-1
4020	4026	4193	2	-1	-1	-1
4119	3973	4149	1	-1	-1	-1
3966	4141	4136	0	-1	-1	-1
3966	4139	4140	1	-1	-1	-1
4131	3969	4145	1	-1	-1	-1
3966	4140	4141	1	-1	-1	-1
4025	4197	4026	2	-1	-1	-1
3967	4142	4139	1	-1	-1	-1
4196	4025	4028	1	-1	-1	-1
4198	4028	4029	1	-1	-1	-1
3968	4143	4144	1	-1	-1	-1
4145	3969	4144	1	-1	-1	-1
4143	3970	4146	2	-1	-1	-1
4199	4029	4031	1	-1	-1	-1
4030	4200	4031	3	-1	-1	-1
4147	4146	3970	2	-1	-1	-1
4147	3971	4148	2	-1	-1	-1
4030	4038	4200	3	-1	-1	-1
4086	4096	4087	1	-1	-1	-1
3974	4150	4149	1	-1	-1	-1
4138	4155	3980	0	-1	-1	-1
4038	4035	4200	3	-1	-1	-1
4039	4200	4035	3	-1	-1	-1
4151	4150	3975	1	-1	-1	-1
4016	4069	4191	1	-1	-1	-1
4151	3976	4152	1	-1	-1	-1
4202	4039	4041	3	-1	-1	-1
4040	4204	4041	3	-1	-1	-1
4022	4195	4068	0	-1	-1	-1
4154	4153	3979	1	-1	-1	-1
4040	4043	4203	3	-1	-1	-1
4154	3980	4155	1	-1	-1	-1
3981	4156	4152	1	-1	-1	-1
4153	4157	3981	1	-1	-1	-1
3981	4157	4156	1	-1	-1	-1
4047	4206	4043	3	-1	-1	-1
4044	4208	4045	3	-1	-1	-1
4045	4209	4046	3	-1	-1	-1
4046	4209	4047	3	-1	-1	-1
4054	4208	4044	3	-1	-1	-1
3987	4161	4159	1	-1	-1	-1
4211	4048	4049	1	-1	-1	-1
4160	4161	3987	1	-1	-1	-1
3988	4162	4160	1	-1	-1	-1
4106	4104	4103	1	-1	-1	-1
4051	4212	4050	3	-1	-1	-1
4055	4048	4211	1	-1	-1	-1
4051	4052	4212	1	-1	-1	-1
4212	4054	4050	3	-1	-1	-1
4049	4057	4211	1	-1	-1	-1
3991	4164	4162	1	-1	-1	-1
4158	4166	3994	0	-1	-1	-1
4163	4164	3991	1	-1	-1	-1
4213	4052	4053	1	-1	-1	-1
4056	4207	4057	1	-1	-1	-1
4053	4055	4213	1	-1	-1	-1
4166	4165	3993	0	-1	-1	-1
4191	4069	4068	0	-1	-1	-1
4058	4216	4056	1	-1	-1	-1
4168	4167	3996	1	-1	-1	-1
4169	4168	3996	1	-1	-1	-1
3997	4167	4170	1	-1	-1	-1
4060	4217	4058	1	-1	-1	-1
4170	4171	3997	1	-1	-1	-1
4169	3998	4172	1	-1	-1	-1
4059	4220	4062	1	-1	-1	-1
4059	4064	4219	1	-1	-1	-1
4060	4061	4221	1	-1	-1	-1
4165	4176	4002	1	-1	-1	-1
3999	4173	4172	1	-1	-1	-1
4061	4062	4223	1	-1	-1	-1
4122	4113	4111	1	-1	-1	-1
4000	4174	4173	1	-1	-1	-1
4174	4000	4175	1	-1	-1	-1
4063	4225	4064	1	-1	-1	-1
4002	4176	4175	1	-1	-1	-1
4179	4004	4171	1	-1	-1	-1
4065	4227	4063	1	-1	-1	-1
4192	4148	4015	2	-1	-1	-1
4003	4178	4177	1	-1	-1	-1
4229	4065	4066	1	-1	-1	-1
4004	4179	4178	1	-1	-1	-1
4180	4005	4177	1	-1	-1	-1
4067	4231	4066	1	-1	-1	-1
4189	4163	4013	1	-1	-1	-1
4232	4070	4071	1	-1	-1	-1
4073	4232	4071	1	-1	-1	-1
4183	4184	4009	1	-1	-1	-1
4010	4182	4185	1	-1	-1	-1
4010	4185	4183	1	-1	-1	-1
4011	4181	4186	1	-1	-1	-1
4073	4072	4234	1	-1	-1	-1
4074	4234	4072	1	-1	-1	-1
4187	4182	4012	1	-1	-1	-1
4074	4075	4236	1	-1	-1	-1
4012	4186	4188	1	-1	-1	-1
4187	4012	4188	1	-1	-1	-1
4013	4184	4190	1	-1	-1	-1
4075	4076	4238	1	-1	-1	-1
4233	4088	4070	1	-1	-1	-1
4077	4239	4076	1	-1	-1	-1
4013	4190	4189	1	-1	-1	-1
4077	4078	4240	1	-1	-1	-1
4241	4078	4080	1	-1	-1	-1
4079	4242	4080	1	-1	-1	-1
4019	4194	4192	2	-1	-1	-1
4194	4019	4193	2	-1	-1	-1
4082	4245	4081	1	-1	-1	-1
4244	4083	4081	1	-1	-1	-1
4191	4195	4023	0	-1	-1	-1
4233	4091	4088	1	-1	-1	-1
4083	4244	4085	1	-1	-1	-1
4141	4137	4136	0	-1	-1	-1
4087	4246	4082	1	-1	-1	-1
4197	4193	4026	2	-1	-1	-1
4084	4085	4248	1	-1	-1	-1
4197	4025	4196	1	-1	-1	-1
4098	4243	4079	1	-1	-1	-1
4028	4198	4196	1	-1	-1	-1
4029	4199	4198	1	-1	-1	-1
4096	4246	4087	1	-1	-1	-1
4250	4089	4090	1	-1	-1	-1
4031	4201	4199	3	-1	-1	-1
4031	4200	4201	3	-1	-1	-1
4089	4251	4092	1	-1	-1	-1
4091	4252	4090	1	-1	-1	-1
4093	4092	4251	1	-1	-1	-1
4201	4200	4039	3	-1	-1	-1
4093	4255	4094	1	-1	-1	-1
4201	4039	4202	3	-1	-1	-1
4094	4256	4095	1	-1	-1	-1
4203	4204	4040	3	-1	-1	-1
4041	4205	4202	3	-1	-1	-1
4096	4095	4258	1	-1	-1	-1
4204	4205	4041	3	-1	-1	-1
4207	4203	4043	3	-1	-1	-1
4068	4195	4191	0	-1	-1	-1
4043	4206	4207	3	-1	-1	-1
4231	4067	4159	1	-1	-1	-1
4260	4098	4099	1	-1	-1	-1
4099	4100	4261	1	-1	-1	-1
4045	4208	4209	3	-1	-1	-1
4100	4101	4262	1	-1	-1	-1
4047	4210	4206	3	-1	-1	-1
4157	4153	4154	1	-1	-1	-1
4210	4047	4209	3	-1	-1	-1
4263	4102	4104	1	-1	-1	-1
4057	4207	4206	1	-1	-1	-1
4104	4106	4263	1	-1	-1	-1
4210	4057	4206	1	-1	-1	-1
4105	4264	4106	1	-1	-1	-1
4054	4214	4208	3	-1	-1	-1
4052	4213	4212	1	-1	-1	-1
4265	4105	4108	1	-1	-1	-1
4210	4211	4057	1	-1	-1	-1
4216	4207	4056	1	-1	-1	-1
4214	4054	4212	3	-1	-1	-1
4211	4215	4055	1	-1	-1	-1
4108	4107	4267	1	-1	-1	-1
4214	4213	4055	1	-1	-1	-1
4267	4107	4109	1	-1	-1	-1
4215	4214	4055	1	-1	-1	-1
4101	4124	4262	1	-1	-1	-1
4109	4110	4270	1	-1	-1	-1
4216	4058	4217	1	-1	-1	-1
4127	4102	4263	1	-1	-1	-1
4271	4110	4112	1	-1	-1	-1
4219	4218	4059	1	-1	-1	-1
4059	4218	4220	1	-1	-1	-1
4113	4273	4112	1	-1	-1	-1
4221	4217	4060	1	-1	-1	-1
4114	4115	4275	1	-1	-1	-1
4061	4222	4221	1	-1	-1	-1
4061	4223	4222	1	-1	-1	-1
4224	4062	4220	1	-1	-1	-1
4116	4276	4115	1	-1	-1	-1
4122	4274	4113	1	-1	-1	-1
4224	4223	4062	1	-1	-1	-1
4120	4114	4275	1	-1	-1	-1
4116	4117	4277	1	-1	-1	-1
4228	4219	4064	1	-1	-1	-1
4117	4118	4278	1	-1	-1	-1
4063	4226	4225	1	-1	-1	-1
4164	4163	4189	1	-1	-1	-1
4226	4063	4227	1	-1	-1	-1
4064	4225	4228	1	-1	-1	-1
4280	4118	4119	1	-1	-1	-1
4229	4227	4065	1	-1	-1	-1
4120	4283	4121	1	-1	-1	-1
4229	4066	4230	1	-1	-1	-1
4231	4230	4066	1	-1	-1	-1
4285	4122	4121	1	-1	-1	-1
4123	4286	4125	1	-1	-1	-1
4233	4070	4232	1	-1	-1	-1
4126	4286	4123	1	-1	-1	-1
4125	4287	4124	1	-1	-1	-1
4235	4232	4073	1	-1	-1	-1
4234	4235	4073	1	-1	-1	-1
4127	4290	4126	1	-1	-1	-1
4237	4234	4074	1	-1	-1	-1
4236	4237	4074	1	-1	-1	-1
4128	4129	4291	1	-1	-1	-1
4281	4119	4149	1	-1	-1	-1
4238	4236	4075	1	-1	-1	-1
4291	4130	4128	1	-1	-1	-1
4076	4239	4238	1	-1	-1	-1
4185	4182	4187	1	-1	-1	-1
4129	4134	4291	1	-1	-1	-1
4240	4239	4077	1	-1	-1	-1
4133	4131	4293	1	-1	-1	-1
4240	4078	4241	1	-1	-1	-1
4132	4133	4296	1	-1	-1	-1
4295	4134	4132	1	-1	-1	-1
4241	4080	4242	1	-1	-1	-1
4243	4242	4079	1	-1	-1	-1
4292	4142	4130	1	-1	-1	-1
4137	4298	4135	0	-1	-1	-1
4244	4081	4245	1	-1	-1	-1
4131	4145	4294	1	-1	-1	-1
4299	4138	4135	0	-1	-1	-1
4247	4245	4082	1	-1	-1	-1
4247	4082	4246	1	-1	-1	-1
4298	4137	4141	0	-1	-1	-1
4252	4091	4233	1	-1	-1	-1
4249	4085	4244	1	-1	-1	-1
4139	4301	4140	1	-1	-1	-1
4249	4248	4085	1	-1	-1	-1
4142	4301	4139	1	-1	-1	-1
4302	4141	4140	1	-1	-1	-1
4251	4089	4250	1	-1	-1	-1
4144	4143	4305	1	-1	-1	-1
4090	4253	4250	1	-1	-1	-1
4138	4300	4155	0	-1	-1	-1
4143	4146	4306	2	-1	-1	-1
4090	4252	4253	1	-1	-1	-1
4144	4307	4145	1	-1	-1	-1
4093	4251	4254	1	-1	-1	-1
4098	4260	4243	1	-1	-1	-1
4259	4246	4096	1	-1	-1	-1
4255	4093	4254	1	-1	-1	-1
4146	4147	4309	2	-1	-1	-1
4310	4147	4148	2	-1	-1	-1
4094	4255	4257	1	-1	-1	-1
4257	4256	4094	1	-1	-1	-1
4256	4258	4095	1	-1	-1	-1
4149	4150	4312	1	-1	-1	-1
4096	4258	4259	1	-1	-1	-1
4151	4314	4150	1	-1	-1	-1
4316	4151	4152	1	-1	-1	-1
4261	4260	4099	1	-1	-1	-1
4261	4100	4262	1	-1	-1	-1
4204	4203	4216	3	-1	-1	-1
4152	4156	4317	1	-1	-1	-1
4207	4216	4203	3	-1	-1	-1
4155	4319	4154	1	-1	-1	-1
4157	4154	4318	1	-1	-1	-1
4209	4208	4215	3	-1	-1	-1
4105	4265	4264	1	-1	-1	-1
4215	4210	4209	3	-1	-1	-1
4157	4321	4156	1	-1	-1	-1
4106	4266	4263	1	-1	-1	-1
4211	4210	4215	1	-1	-1	-1
4264	4266	4106	1	-1	-1	-1
4214	4215	4208	3	-1	-1	-1
4204	4216	4217	3	-1	-1	-1
4212	4213	4214	1	-1	-1	-1
4265	4108	4269	1	-1	-1	-1
4268	4108	4267	1	-1	-1	-1
4161	4325	4159	1	-1	-1	-1
4108	4268	4269	1	-1	-1	-1
4109	4270	4267	1	-1	-1	-1
4323	4166	4158	0	-1	-1	-1
4160	4162	4326	1	-1	-1	-1
4327	4161	4160	1	-1	-1	-1
4148	4192	4310	2	-1	-1	-1
4271	4270	4110	1	-1	-1	-1
4162	4164	4328	1	-1	-1	-1
4272	4271	4112	1	-1	-1	-1
4273	4272	4112	1	-1	-1	-1
4273	4113	4274	1	-1	-1	-1
4165	4166	4330	0	-1	-1	-1
4167	4168	4331	1	-1	-1	-1
4275	4115	4276	1	-1	-1	-1
4170	4167	4331	1	-1	-1	-1
4276	4116	4277	1	-1	-1	-1
4169	4332	4168	1	-1	-1	-1
4330	4176	4165	0	-1	-1	-1
4117	4279	4277	1	-1	-1	-1
4287	4262	4124	1	-1	-1	-1
4278	4279	4117	1	-1	-1	-1
4172	4334	4169	1	-1	-1	-1
4278	4118	4280	1	-1	-1	-1
4170	4336	4171	1	-1	-1	-1
4275	4284	4120	1	-1	-1	-1
4127	4263	4290	1	-1	-1	-1
4285	4274	4122	1	-1	-1	-1
4119	4282	4280	1	-1	-1	-1
4282	4119	4281	1	-1	-1	-1
4189	4329	4164	1	-1	-1	-1
4172	4173	4339	1	-1	-1	-1
4283	4120	4284	1	-1	-1	-1
4171	4337	4179	1	-1	-1	-1
4173	4174	4341	1	-1	-1	-1
4121	4283	4285	1	-1	-1	-1
4342	4174	4175	1	-1	-1	-1
4342	4175	4176	1	-1	-1	-1
4286	4288	4125	1	-1	-1	-1
4345	4177	4178	1	-1	-1	-1
4180	4177	4344	1	-1	-1	-1
4125	4289	4287	1	-1	-1	-1
4126	4290	4286	1	-1	-1	-1
4288	4289	4125	1	-1	-1	-1
4324	4231	4159	1	-1	-1	-1
4179	4346	4178	1	-1	-1	-1
4348	4186	4181	1	-1	-1	-1
4291	4292	4130	1	-1	-1	-1
4183	4349	4184	1	-1	-1	-1
4292	4291	4134	1	-1	-1	-1
4294	4293	4131	1	-1	-1	-1
4183	4185	4350	1	-1	-1	-1
4292	4134	4295	1	-1	-1	-1
4295	4132	4296	1	-1	-1	-1
4133	4293	4297	1	-1	-1	-1
4185	4187	4352	1	-1	-1	-1
4184	4351	4190	1	-1	-1	-1
4133	4297	4296	1	-1	-1	-1
4186	4353	4188	1	-1	-1	-1
4188	4354	4187	1	-1	-1	-1
4298	4299	4135	0	-1	-1	-1
4301	4142	4292	1	-1	-1	-1
4189	4190	4356	1	-1	-1	-1
4300	4138	4299	0	-1	-1	-1
4245	4249	4244	1	-1	-1	-1
4281	4149	4312	1	-1	-1	-1
4141	4304	4298	0	-1	-1	-1
4301	4303	4140	1	-1	-1	-1
4194	4358	4192	2	-1	-1	-1
4302	4140	4303	1	-1	-1	-1
4294	4145	4307	1	-1	-1	-1
4304	4141	4302	1	-1	-1	-1
4194	4193	4360	2	-1	-1	-1
4197	4360	4193	2	-1	-1	-1
4246	4259	4247	1	-1	-1	-1
4306	4305	4143	2	-1	-1	-1
4197	4196	4362	1	-1	-1	-1
4362	4196	4198	1	-1	-1	-1
4308	4144	4305	1	-1	-1	-1
4308	4307	4144	1	-1	-1	-1
4363	4198	4199	1	-1	-1	-1
4309	4306	4146	2	-1	-1	-1
4199	4201	4364	3	-1	-1	-1
4202	4364	4201	3	-1	-1	-1
4309	4147	4311	2	-1	-1	-1
4147	4310	4311	2	-1	-1	-1
4202	4205	4365	3	-1	-1	-1
4312	4150	4313	1	-1	-1	-1
4155	4300	4320	0	-1	-1	-1
4204	4366	4205	3	-1	-1	-1
4313	4150	4314	1	-1	-1	-1
4151	4315	4314	1	-1	-1	-1
4316	4315	4151	1	-1	-1	-1
4152	4317	4316	1	-1	-1	-1
4204	4217	4366	3	-1	-1	-1
4318	4154	4319	1	-1	-1	-1
4321	4317	4156	1	-1	-1	-1
4320	4319	4155	1	-1	-1	-1
4318	4322	4157	1	-1	-1	-1
4157	4322	4321	1	-1	-1	-1
4217	4221	4366	3	-1	-1	-1
4218	4219	4368	1	-1	-1	-1
4220	4218	4367	1	-1	-1	-1
4159	4325	4324	1	-1	-1	-1
4287	4261	4262	1	-1	-1	-1
4325	4161	4327	1	-1	-1	-1
4222	4370	4221	3	-1	-1	-1
4160	4326	4327	1	-1	-1	-1
4220	4369	4224	1	-1	-1	-1
4368	4219	4228	1	-1	-1	-1
4162	4328	4326	1	-1	-1	-1
4223	4372	4222	1	-1	-1	-1
4166	4323	4330	0	-1	-1	-1
4373	4223	4224	1	-1	-1	-1
4329	4328	4164	1	-1	-1	-1
4377	4225	4226	1	-1	-1	-1
4376	4228	4225	1	-1	-1	-1
4226	4227	4379	1	-1	-1	-1
4168	4333	4331	1	-1	-1	-1
4168	4332	4333	1	-1	-1	-1
4332	4169	4334	1	-1	-1	-1
4227	4229	4380	1	-1	-1	-1
4335	4170	4331	1	-1	-1	-1
4336	4170	4335	1	-1	-1	-1
4229	4230	4382	1	-1	-1	-1
4231	4383	4230	1	-1	-1	-1
4338	4171	4336	1	-1	-1	-1
4334	4172	4340	1	-1	-1	-1
4171	4338	4337	1	-1	-1	-1
4330	4343	4176	0	-1	-1	-1
4385	4233	4232	1	-1	-1	-1
4172	4339	4340	1	-1	-1	-1
4235	4385	4232	1	-1	-1	-1
4173	4341	4339	1	-1	-1	-1
4387	4235	4234	1	-1	-1	-1
4341	4174	4342	1	-1	-1	-1
4387	4234	4237	1	-1	-1	-1
4176	4343	4342	0	-1	-1	-1
4359	4310	4192	2	-1	-1	-1
4389	4237	4236	1	-1	-1	-1
4346	4179	4337	1	-1	-1	-1
4390	4236	4238	1	-1	-1	-1
4345	4344	4177	1	-1	-1	-1
4238	4239	4390	1	-1	-1	-1
4346	4345	4178	1	-1	-1	-1
4252	4233	4386	1	-1	-1	-1
4347	4180	4344	1	-1	-1	-1
4239	4240	4394	1	-1	-1	-1
4356	4329	4189	1	-1	-1	-1
4240	4241	4395	1	-1	-1	-1
4242	4396	4241	1	-1	-1	-1
4242	4243	4397	1	-1	-1	-1
4183	4350	4349	1	-1	-1	-1
4351	4184	4349	1	-1	-1	-1
4348	4353	4186	1	-1	-1	-1
4350	4185	4352	1	-1	-1	-1
4247	4399	4245	1	-1	-1	-1
4354	4352	4187	1	-1	-1	-1
4245	4399	4249	1	-1	-1	-1
4353	4355	4188	1	-1	-1	-1
4354	4188	4355	1	-1	-1	-1
4357	4190	4351	1	-1	-1	-1
4248	4249	4401	1	-1	-1	-1
4299	4298	4304	0	-1	-1	-1
4398	4243	4260	1	-1	-1	-1
4357	4356	4190	1	-1	-1	-1
4251	4250	4404	1	-1	-1	-1
4259	4400	4247	1	-1	-1	-1
4253	4403	4250	1	-1	-1	-1
4192	4358	4359	2	-1	-1	-1
4251	4405	4254	1	-1	-1	-1
4253	4252	4406	1	-1	-1	-1
4194	4361	4358	2	-1	-1	-1
4405	4255	4254	1	-1	-1	-1
4360	4361	4194	2	-1	-1	-1
4362	4360	4197	1	-1	-1	-1
4260	4261	4398	1	-1	-1	-1
4409	4257	4255	1	-1	-1	-1
4362	4198	4363	1	-1	-1	-1
4257	4411	4256	1	-1	-1	-1
4411	4258	4256	1	-1	-1	-1
4363	4199	4364	3	-1	-1	-1
4258	4413	4259	1	-1	-1	-1
4365	4364	4202	3	-1	-1	-1
4366	4365	4205	3	-1	-1	-1
4324	4384	4231	1	-1	-1	-1
4263	4266	4416	1	-1	-1	-1
4264	4265	4417	1	-1	-1	-1
4266	4264	4417	1	-1	-1	-1
4269	4418	4265	1	-1	-1	-1
4368	4367	4218	1	-1	-1	-1
4267	4420	4268	1	-1	-1	-1
4369	4220	4367	1	-1	-1	-1
4366	4221	4370	3	-1	-1	-1
4267	4270	4422	1	-1	-1	-1
4423	4269	4268	1	-1	-1	-1
4222	4371	4370	3	-1	-1	-1
4287	4415	4261	1	-1	-1	-1
4371	4222	4372	3	-1	-1	-1
4270	4271	4425	1	-1	-1	-1
4271	4272	4425	1	-1	-1	-1
4373	4372	4223	1	-1	-1	-1
4375	4224	4369	1	-1	-1	-1
4290	4263	4416	1	-1	-1	-1
4224	4374	4373	1	-1	-1	-1
4426	4272	4273	1	-1	-1	-1
4224	4375	4374	1	-1	-1	-1
4274	4428	4273	1	-1	-1	-1
4368	4228	4381	1	-1	-1	-1
4225	4377	4376	1	-1	-1	-1
4311	4310	4359	2	-1	-1	-1
4226	4378	4377	1	-1	-1	-1
4431	4275	4276	1	-1	-1	-1
4226	4379	4378	1	-1	-1	-1
4277	4432	4276	1	-1	-1	-1
4376	4381	4228	1	-1	-1	-1
4227	4380	4379	1	-1	-1	-1
4274	4285	4430	1	-1	-1	-1
4433	4277	4279	1	-1	-1	-1
4431	4284	4275	1	-1	-1	-1
4279	4278	4434	1	-1	-1	-1
4229	4382	4380	1	-1	-1	-1
4382	4230	4383	1	-1	-1	-1
4278	4280	4434	1	-1	-1	-1
4323	4343	4330	0	-1	-1	-1
4231	4384	4383	1	-1	-1	-1
4437	4280	4282	1	-1	-1	-1
4333	4335	4331	1	-1	-1	-1
4282	4281	4439	1	-1	-1	-1
4233	4385	4386	1	-1	-1	-1
4284	4441	4283	1	-1	-1	-1
4235	4388	4385	1	-1	-1	-1
4285	4283	4441	1	-1	-1	-1
4235	4387	4388	1	-1	-1	-1
4389	4236	4390	1	-1	-1	-1
4391	4387	4237	1	-1	-1	-1
4286	4444	4288	1	-1	-1	-1
4389	4392	4237	1	-1	-1	-1
4286	4290	4445	1	-1	-1	-1
4393	4391	4237	1	-1	-1	-1
4237	4392	4393	1	-1	-1	-1
4446	4287	4289	1	-1	-1	-1
4390	4239	4394	1	-1	-1	-1
4289	4288	4447	1	-1	-1	-1
4240	4395	4394	1	-1	-1	-1
4312	4438	4281	1	-1	-1	-1
4396	4395	4241	1	-1	-1	-1
4396	4242	4397	1	-1	-1	-1
4292	4295	4448	1	-1	-1	-1
4293	4294	4450	1	-1	-1	-1
4243	4398	4397	1	-1	-1	-1
4451	4297	4293	1	-1	-1	-1
4301	4292	4449	1	-1	-1	-1
4386	4406	4252	1	-1	-1	-1
4295	4296	4453	1	-1	-1	-1
4247	4400	4399	1	-1	-1	-1
4297	4454	4296	1	-1	-1	-1
4402	4249	4399	1	-1	-1	-1
4249	4402	4401	1	-1	-1	-1
4452	4294	4307	1	-1	-1	-1
4301	4449	4303	1	-1	-1	-1
4300	4299	4456	0	-1	-1	-1
4404	4250	4403	1	-1	-1	-1
4304	4456	4299	0	-1	-1	-1
4405	4251	4404	1	-1	-1	-1
4403	4253	4407	1	-1	-1	-1
4304	4302	4458	1	-1	-1	-1
4253	4406	4407	1	-1	-1	-1
4303	4459	4302	1	-1	-1	-1
4405	4410	4255	1	-1	-1	-1
4413	4400	4259	1	-1	-1	-1
4408	4409	4255	1	-1	-1	-1
4461	4305	4306	2	-1	-1	-1
4255	4410	4408	1	-1	-1	-1
4414	4398	4261	1	-1	-1	-1
4461	4308	4305	2	-1	-1	-1
4320	4300	4457	0	-1	-1	-1
4412	4257	4409	1	-1	-1	-1
4309	4463	4306	2	-1	-1	-1
4308	4464	4307	1	-1	-1	-1
4257	4412	4411	1	-1	-1	-1
4413	4258	4411	1	-1	-1	-1
4311	4466	4309	2	-1	-1	-1
4415	4414	4261	1	-1	-1	-1
4313	4469	4312	1	-1	-1	-1
4470	4313	4314	1	-1	-1	-1
4471	4314	4315	1	-1	-1	-1
4265	4418	4417	1	-1	-1	-1
4370	4365	4366	3	-1	-1	-1
4419	4416	4266	1	-1	-1	-1
4266	4417	4419	1	-1	-1	-1
4473	4315	4316	1	-1	-1	-1
4317	4474	4316	1	-1	-1	-1
4420	4267	4421	1	-1	-1	-1
4421	4267	4422	1	-1	-1	-1
4268	4420	4423	1	-1	-1	-1
4418	4269	4424	1	-1	-1	-1
4475	4317	4321	1	-1	-1	-1
4319	4476	4318	1	-1	-1	-1
4476	4319	4320	1	-1	-1	-1
4476	4322	4318	1	-1	-1	-1
4269	4423	4424	1	-1	-1	-1
4422	4270	4425	1	-1	-1	-1
4478	4321	4322	1	-1	-1	-1
4427	4425	4272	1	-1	-1	-1
4426	4427	4272	1	-1	-1	-1
4273	4429	4426	1	-1	-1	-1
4429	4273	4428	1	-1	-1	-1
4325	4482	4324	1	-1	-1	-1
4325	4327	4483	1	-1	-1	-1
4428	4274	4430	1	-1	-1	-1
4327	4326	4485	1	-1	-1	-1
4359	4467	4311	2	-1	-1	-1
4276	4432	4431	1	-1	-1	-1
4485	4326	4328	1	-1	-1	-1
4277	4433	4432	1	-1	-1	-1
4328	4329	4486	1	-1	-1	-1
4480	4343	4323	0	-1	-1	-1
4279	4435	4433	1	-1	-1	-1
4287	4446	4415	1	-1	-1	-1
4434	4436	4279	1	-1	-1	-1
4435	4279	4436	1	-1	-1	-1
4416	4445	4290	1	-1	-1	-1
4280	4437	4434	1	-1	-1	-1
4489	4332	4334	1	-1	-1	-1
4333	4332	4490	1	-1	-1	-1
4431	4442	4284	1	-1	-1	-1
4438	4439	4281	1	-1	-1	-1
4285	4443	4430	1	-1	-1	-1
4333	4491	4335	1	-1	-1	-1
4282	4440	4437	1	-1	-1	-1
4282	4439	4440	1	-1	-1	-1
4334	4340	4489	1	-1	-1	-1
4335	4492	4336	1	-1	-1	-1
4388	4387	4391	1	-1	-1	-1
4284	4442	4441	1	-1	-1	-1
4338	4336	4493	1	-1	-1	-1
4285	4441	4443	1	-1	-1	-1
4338	4496	4337	1	-1	-1	-1
4488	4329	4356	1	-1	-1	-1
4445	4444	4286	1	-1	-1	-1
4498	4340	4339	0	-1	-1	-1
4341	4498	4339	0	-1	-1	-1
4495	4346	4337	1	-1	-1	-1
4447	4288	4444	1	-1	-1	-1
4289	4447	4446	1	-1	-1	-1
4501	4341	4342	0	-1	-1	-1
4501	4342	4343	0	-1	-1	-1
4449	4292	4448	1	-1	-1	-1
4481	4384	4324	1	-1	-1	-1
4502	4344	4345	1	-1	-1	-1
4344	4502	4347	1	-1	-1	-1
4293	4450	4451	1	-1	-1	-1
4345	4346	4503	1	-1	-1	-1
4452	4450	4294	1	-1	-1	-1
4295	4453	4448	1	-1	-1	-1
4488	4356	4357	1	-1	-1	-1
4296	4454	4453	1	-1	-1	-1
4451	4455	4297	1	-1	-1	-1
4506	4349	4350	1	-1	-1	-1
4297	4455	4454	1	-1	-1	-1
4506	4351	4349	1	-1	-1	-1
4505	4353	4348	1	-1	-1	-1
4350	4352	4508	1	-1	-1	-1
4460	4303	4449	1	-1	-1	-1
4456	4457	4300	0	-1	-1	-1
4352	4354	4508	1	-1	-1	-1
4357	4351	4506	1	-1	-1	-1
4353	4509	4355	1	-1	-1	-1
4304	4458	4456	1	-1	-1	-1
4438	4312	4468	1	-1	-1	-1
4458	4302	4459	1	-1	-1	-1
4354	4355	4510	1	-1	-1	-1
4303	4460	4459	1	-1	-1	-1
4464	4452	4307	1	-1	-1	-1
4306	4462	4461	2	-1	-1	-1
4462	4306	4463	2	-1	-1	-1
4516	4359	4358	2	-1	-1	-1
4308	4461	4465	2	-1	-1	-1
4361	4517	4358	2	-1	-1	-1
4464	4308	4465	2	-1	-1	-1
4466	4463	4309	2	-1	-1	-1
4360	4518	4361	1	-1	-1	-1
4518	4360	4362	1	-1	-1	-1
4467	4466	4311	2	-1	-1	-1
4520	4362	4363	1	-1	-1	-1
4521	4363	4364	3	-1	-1	-1
4312	4469	4468	1	-1	-1	-1
4521	4364	4365	3	-1	-1	-1
4317	4460	4474	1	-1	-1	-1
4470	4469	4313	1	-1	-1	-1
4317	4475	4460	1	-1	-1	-1
4320	4457	4477	0	-1	-1	-1
4314	4472	4470	1	-1	-1	-1
4365	4370	4522	3	-1	-1	-1
4471	4472	4314	1	-1	-1	-1
4523	4369	4367	1	-1	-1	-1
4367	4368	4524	1	-1	-1	-1
4315	4473	4471	1	-1	-1	-1
4473	4316	4474	1	-1	-1	-1
4371	4522	4370	3	-1	-1	-1
4369	4526	4375	1	-1	-1	-1
4371	4372	4528	3	-1	-1	-1
4476	4320	4477	1	-1	-1	-1
4373	4529	4372	1	-1	-1	-1
4381	4525	4368	1	-1	-1	-1
4475	4321	4478	1	-1	-1	-1
4373	4374	4529	1	-1	-1	-1
4322	4476	4479	1	-1	-1	-1
4374	4375	4530	1	-1	-1	-1
4322	4479	4478	1	-1	-1	-1
4376	4377	4534	1	-1	-1	-1
4481	4324	4482	1	-1	-1	-1
4325	4484	4482	1	-1	-1	-1
4377	4378	4536	1	-1	-1	-1
4483	4484	4325	1	-1	-1	-1
4381	4376	4535	1	-1	-1	-1
4327	4485	4483	1	-1	-1	-1
4379	4538	4378	1	-1	-1	-1
4379	4380	4539	1	-1	-1	-1
4487	4485	4328	1	-1	-1	-1
4539	4380	4382	1	-1	-1	-1
4487	4328	4486	1	-1	-1	-1
4488	4486	4329	1	-1	-1	-1
4383	4540	4382	1	-1	-1	-1
4434	4437	4436	1	-1	-1	-1
4541	4383	4384	1	-1	-1	-1
4489	4490	4332	1	-1	-1	-1
4542	4386	4385	1	-1	-1	-1
4491	4333	4490	1	-1	-1	-1
4542	4385	4388	1	-1	-1	-1
4491	4492	4335	1	-1	-1	-1
4494	4336	4492	1	-1	-1	-1
4493	4336	4494	1	-1	-1	-1
4480	4501	4343	0	-1	-1	-1
4388	4391	4545	1	-1	-1	-1
4546	4389	4390	1	-1	-1	-1
4392	4389	4546	1	-1	-1	-1
4495	4337	4496	1	-1	-1	-1
4497	4338	4493	1	-1	-1	-1
4489	4340	4500	0	-1	-1	-1
4545	4391	4393	1	-1	-1	-1
4547	4390	4394	1	-1	-1	-1
4497	4496	4338	1	-1	-1	-1
4548	4393	4392	1	-1	-1	-1
4543	4406	4386	1	-1	-1	-1
4498	4499	4340	0	-1	-1	-1
4500	4340	4499	0	-1	-1	-1
4501	4498	4341	0	-1	-1	-1
4395	4551	4394	1	-1	-1	-1
4516	4467	4359	2	-1	-1	-1
4395	4396	4552	1	-1	-1	-1
4495	4503	4346	1	-1	-1	-1
4554	4396	4397	1	-1	-1	-1
4503	4502	4345	1	-1	-1	-1
4557	4397	4398	1	-1	-1	-1
4502	4504	4347	1	-1	-1	-1
4399	4400	4558	1	-1	-1	-1
4357	4513	4488	1	-1	-1	-1
4402	4399	4558	1	-1	-1	-1
4507	4506	4350	1	-1	-1	-1
4402	4560	4401	1	-1	-1	-1
4507	4350	4508	1	-1	-1	-1
4505	4509	4353	1	-1	-1	-1
4404	4403	4562	1	-1	-1	-1
4557	4398	4414	1	-1	-1	-1
4448	4473	4449	1	-1	-1	-1
4562	4403	4407	1	-1	-1	-1
4559	4400	4413	1	-1	-1	-1
4563	4405	4404	1	-1	-1	-1
4471	4448	4453	1	-1	-1	-1
4354	4510	4508	1	-1	-1	-1
4511	4355	4509	1	-1	-1	-1
4510	4355	4511	1	-1	-1	-1
4406	4564	4407	1	-1	-1	-1
4563	4410	4405	1	-1	-1	-1
4357	4506	4515	1	-1	-1	-1
4409	4408	4565	1	-1	-1	-1
4565	4408	4410	1	-1	-1	-1
4460	4449	4474	1	-1	-1	-1
4357	4512	4514	1	-1	-1	-1
4513	4357	4514	1	-1	-1	-1
4512	4357	4515	1	-1	-1	-1
4412	4409	4566	1	-1	-1	-1
4517	4516	4358	2	-1	-1	-1
4413	4411	4568	1	-1	-1	-1
4473	4448	4471	1	-1	-1	-1
4412	4569	4411	1	-1	-1	-1
4475	4459	4460	1	-1	-1	-1
4449	4473	4474	1	-1	-1	-1
4453	4472	4471	1	-1	-1	-1
4361	4519	4517	1	-1	-1	-1
4518	4519	4361	1	-1	-1	-1
4415	4570	4414	1	-1	-1	-1
4518	4362	4520	1	-1	-1	-1
4520	4363	4521	3	-1	-1	-1
4481	4541	4384	1	-1	-1	-1
4365	4522	4521	3	-1	-1	-1
4416	4419	4573	1	-1	-1	-1
4418	4574	4417	1	-1	-1	-1
4419	4417	4574	1	-1	-1	-1
4523	4367	4524	1	-1	-1	-1
4418	4424	4574	1	-1	-1	-1
4525	4524	4368	1	-1	-1	-1
4420	4421	4577	1	-1	-1	-1
4523	4526	4369	1	-1	-1	-1
4371	4527	4522	3	-1	-1	-1
4423	4420	4577	1	-1	-1	-1
4422	4578	4421	1	-1	-1	-1
4528	4527	4371	3	-1	-1	-1
4579	4422	4425	1	-1	-1	-1
4423	4580	4424	1	-1	-1	-1
4372	4529	4528	3	-1	-1	-1
4579	4425	4427	1	-1	-1	-1
4476	4477	4479	1	-1	-1	-1
4532	4375	4526	1	-1	-1	-1
4572	4415	4446	1	-1	-1	-1
4529	4374	4531	1	-1	-1	-1
4445	4416	4573	1	-1	-1	-1
4374	4530	4531	1	-1	-1	-1
4583	4427	4426	1	-1	-1	-1
4429	4583	4426	1	-1	-1	-1
4375	4533	4530	1	-1	-1	-1
4533	4375	4532	1	-1	-1	-1
4525	4381	4535	1	-1	-1	-1
4428	4585	4429	1	-1	-1	-1
4430	4585	4428	1	-1	-1	-1
4376	4534	4535	1	-1	-1	-1
4377	4537	4534	1	-1	-1	-1
4377	4536	4537	1	-1	-1	-1
4431	4432	4589	1	-1	-1	-1
4538	4536	4378	1	-1	-1	-1
4433	4589	4432	1	-1	-1	-1
4379	4539	4538	1	-1	-1	-1
4591	4433	4435	1	-1	-1	-1
4430	4443	4587	1	-1	-1	-1
4488	4487	4486	1	-1	-1	-1
4588	4442	4431	1	-1	-1	-1
4539	4382	4540	1	-1	-1	-1
4592	4435	4436	1	-1	-1	-1
4540	4383	4541	1	-1	-1	-1
4437	4593	4436	1	-1	-1	-1
4440	4594	4437	1	-1	-1	-1
4386	4542	4543	1	-1	-1	-1
4438	4595	4439	1	-1	-1	-1
4388	4544	4542	1	-1	-1	-1
4595	4440	4439	1	-1	-1	-1
4388	4545	4544	1	-1	-1	-1
4441	4442	4597	1	-1	-1	-1
4441	4597	4443	1	-1	-1	-1
4390	4547	4546	1	-1	-1	-1
4548	4392	4546	1	-1	-1	-1
4549	4545	4393	1	-1	-1	-1
4445	4599	4444	1	-1	-1	-1
4447	4444	4600	1	-1	-1	-1
4393	4548	4550	1	-1	-1	-1
4551	4547	4394	1	-1	-1	-1
4550	4549	4393	1	-1	-1	-1
4447	4603	4446	1	-1	-1	-1
4553	4551	4395	1	-1	-1	-1
4395	4552	4553	1	-1	-1	-1
4595	4438	4468	1	-1	-1	-1
4552	4396	4555	1	-1	-1	-1
4396	4554	4555	1	-1	-1	-1
4451	4450	4606	1	-1	-1	-1
4450	4452	4605	1	-1	-1	-1
4556	4554	4397	1	-1	-1	-1
4557	4556	4397	1	-1	-1	-1
4455	4451	4607	1	-1	-1	-1
4543	4564	4406	1	-1	-1	-1
4559	4558	4400	1	-1	-1	-1
4453	4454	4610	1	-1	-1	-1
4454	4455	4611	1	-1	-1	-1
4561	4402	4558	1	-1	-1	-1
4561	4560	4402	1	-1	-1	-1
4452	4464	4609	1	-1	-1	-1
4457	4456	4613	1	-1	-1	-1
4456	4458	4613	1	-1	-1	-1
4506	4507	4515	1	-1	-1	-1
4404	4562	4563	1	-1	-1	-1
4458	4459	4615	1	-1	-1	-1
4564	4562	4407	1	-1	-1	-1
4610	4472	4453	1	-1	-1	-1
4462	4616	4461	2	-1	-1	-1
4568	4559	4413	1	-1	-1	-1
4565	4566	4409	1	-1	-1	-1
4410	4563	4567	1	-1	-1	-1
4567	4565	4410	1	-1	-1	-1
4616	4465	4461	2	-1	-1	-1
4414	4571	4557	1	-1	-1	-1
4618	4462	4463	2	-1	-1	-1
4412	4566	4569	1	-1	-1	-1
4477	4457	4614	1	-1	-1	-1
4569	4568	4411	1	-1	-1	-1
4620	4463	4466	2	-1	-1	-1
4459	4475	4615	1	-1	-1	-1
4465	4621	4464	2	-1	-1	-1
4570	4571	4414	1	-1	-1	-1
4467	4623	4466	2	-1	-1	-1
4415	4572	4570	1	-1	-1	-1
4522	4520	4521	3	-1	-1	-1
4468	4469	4628	1	-1	-1	-1
4419	4575	4573	1	-1	-1	-1
4615	4475	4478	1	-1	-1	-1
4574	4576	4419	1	-1	-1	-1
4469	4470	4631	1	-1	-1	-1
4479	4477	4614	1	-1	-1	-1
4575	4419	4576	1	-1	-1	-1
4478	4479	4614	1	-1	-1	-1
4470	4472	4634	1	-1	-1	-1
4577	4421	4578	1	-1	-1	-1
4578	4422	4579	1	-1	-1	-1
4582	4574	4424	1	-1	-1	-1
4581	4423	4577	1	-1	-1	-1
4581	4580	4423	1	-1	-1	-1
4580	4582	4424	1	-1	-1	-1
4584	4579	4427	1	-1	-1	-1
4427	4583	4584	1	-1	-1	-1
4583	4429	4586	1	-1	-1	-1
4482	4636	4481	1	-1	-1	-1
4586	4429	4585	1	-1	-1	-1
4587	4585	4430	1	-1	-1	-1
4484	4637	4482	1	-1	-1	-1
4484	4483	4640	1	-1	-1	-1
4640	4483	4485	1	-1	-1	-1
4589	4588	4431	1	-1	-1	-1
4516	4626	4467	2	-1	-1	-1
4589	4433	4590	1	-1	-1	-1
4487	4640	4485	1	-1	-1	-1
4591	4590	4433	1	-1	-1	-1
4635	4501	4480	0	-1	-1	-1
4641	4487	4488	1	-1	-1	-1
4592	4591	4435	1	-1	-1	-1
4601	4445	4573	1	-1	-1	-1
4572	4446	4602	1	-1	-1	-1
4490	4489	4642	0	-1	-1	-1
4436	4593	4592	1	-1	-1	-1
4593	4437	4594	1	-1	-1	-1
4490	4644	4491	1	-1	-1	-1
4492	4491	4644	1	-1	-1	-1
4442	4588	4597	1	-1	-1	-1
4598	4587	4443	1	-1	-1	-1
4596	4594	4440	1	-1	-1	-1
4642	4489	4500	0	-1	-1	-1
4492	4645	4494	1	-1	-1	-1
4440	4595	4596	1	-1	-1	-1
4493	4494	4646	1	-1	-1	-1
4501	4635	4498	0	-1	-1	-1
4497	4493	4646	1	-1	-1	-1
4597	4598	4443	1	-1	-1	-1
4649	4495	4496	1	-1	-1	-1
4513	4641	4488	1	-1	-1	-1
4444	4599	4600	1	-1	-1	-1
4496	4497	4651	1	-1	-1	-1
4601	4599	4445	1	-1	-1	-1
4495	4648	4503	1	-1	-1	-1
4498	4652	4499	0	-1	-1	-1
4446	4603	4602	1	-1	-1	-1
4604	4447	4600	1	-1	-1	-1
4499	4653	4500	0	-1	-1	-1
4648	4502	4503	1	-1	-1	-1
4636	4541	4481	1	-1	-1	-1
4604	4603	4447	1	-1	-1	-1
4605	4606	4450	1	-1	-1	-1
4504	4502	4655	1	-1	-1	-1
4606	4607	4451	1	-1	-1	-1
4452	4608	4605	1	-1	-1	-1
4609	4608	4452	1	-1	-1	-1
4505	4658	4509	1	-1	-1	-1
4612	4455	4607	1	-1	-1	-1
4508	4659	4507	1	-1	-1	-1
4611	4610	4454	1	-1	-1	-1
4612	4611	4455	1	-1	-1	-1
4509	4658	4511	1	-1	-1	-1
4508	4510	4661	1	-1	-1	-1
4510	4511	4662	1	-1	-1	-1
4507	4660	4515	1	-1	-1	-1
4613	4614	4457	1	-1	-1	-1
4613	4458	4615	1	-1	-1	-1
4514	4512	4664	1	-1	-1	-1
4595	4468	4629	1	-1	-1	-1
4665	4512	4515	1	-1	-1	-1
4514	4666	4513	1	-1	-1	-1
4609	4464	4621	2	-1	-1	-1
4617	4616	4462	2	-1	-1	-1
4617	4462	4618	2	-1	-1	-1
4463	4619	4618	2	-1	-1	-1
4516	4517	4668	2	-1	-1	-1
4620	4619	4463	2	-1	-1	-1
4616	4622	4465	2	-1	-1	-1
4669	4517	4519	1	-1	-1	-1
4614	4615	4478	1	-1	-1	-1
4518	4670	4519	1	-1	-1	-1
4622	4621	4465	2	-1	-1	-1
4520	4671	4518	1	-1	-1	-1
4624	4620	4466	2	-1	-1	-1
4623	4624	4466	2	-1	-1	-1
4623	4467	4625	2	-1	-1	-1
4520	4522	4673	3	-1	-1	-1
4472	4610	4634	1	-1	-1	-1
4467	4626	4625	2	-1	-1	-1
4522	4527	4673	3	-1	-1	-1
4524	4675	4523	1	-1	-1	-1
4627	4468	4628	1	-1	-1	-1
4674	4526	4523	1	-1	-1	-1
4627	4629	4468	1	-1	-1	-1
4525	4677	4524	1	-1	-1	-1
4469	4632	4628	1	-1	-1	-1
4631	4630	4469	1	-1	-1	-1
4632	4469	4630	1	-1	-1	-1
4574	4582	4576	1	-1	-1	-1
4633	4631	4470	1	-1	-1	-1
4634	4633	4470	1	-1	-1	-1
4528	4682	4527	3	-1	-1	-1
4532	4526	4680	1	-1	-1	-1
4535	4679	4525	1	-1	-1	-1
4683	4528	4529	3	-1	-1	-1
4531	4683	4529	3	-1	-1	-1
4530	4684	4531	1	-1	-1	-1
4533	4685	4530	1	-1	-1	-1
4601	4573	4575	1	-1	-1	-1
4687	4533	4532	1	-1	-1	-1
4638	4636	4482	1	-1	-1	-1
4482	4637	4639	1	-1	-1	-1
4534	4689	4535	1	-1	-1	-1
4482	4639	4638	1	-1	-1	-1
4640	4637	4484	1	-1	-1	-1
4690	4534	4537	1	-1	-1	-1
4537	4536	4691	1	-1	-1	-1
4691	4536	4538	1	-1	-1	-1
4640	4487	4641	1	-1	-1	-1
4694	4538	4539	1	-1	-1	-1
4694	4539	4540	1	-1	-1	-1
4490	4642	4643	0	-1	-1	-1
4643	4644	4490	0	-1	-1	-1
4541	4696	4540	1	-1	-1	-1
4644	4645	4492	1	-1	-1	-1
4542	4698	4543	1	-1	-1	-1
4698	4542	4544	1	-1	-1	-1
4498	4635	4652	0	-1	-1	-1
4647	4494	4645	1	-1	-1	-1
4647	4646	4494	1	-1	-1	-1
4700	4544	4545	1	-1	-1	-1
4649	4648	4495	1	-1	-1	-1
4646	4651	4497	1	-1	-1	-1
4702	4546	4547	1	-1	-1	-1
4649	4496	4650	1	-1	-1	-1
4549	4701	4545	1	-1	-1	-1
4702	4548	4546	1	-1	-1	-1
4642	4500	4654	0	-1	-1	-1
4650	4496	4651	1	-1	-1	-1
4551	4703	4547	1	-1	-1	-1
4550	4548	4704	1	-1	-1	-1
4653	4499	4652	0	-1	-1	-1
4705	4549	4550	1	-1	-1	-1
4502	4648	4655	1	-1	-1	-1
4699	4564	4543	1	-1	-1	-1
4654	4500	4653	0	-1	-1	-1
4668	4626	4516	2	-1	-1	-1
4553	4708	4551	1	-1	-1	-1
4553	4552	4710	1	-1	-1	-1
4656	4504	4655	1	-1	-1	-1
4552	4555	4710	1	-1	-1	-1
4505	4657	4658	1	-1	-1	-1
4641	4513	4666	1	-1	-1	-1
4712	4555	4554	1	-1	-1	-1
4712	4554	4556	1	-1	-1	-1
4507	4659	4660	1	-1	-1	-1
4556	4557	4714	1	-1	-1	-1
4661	4659	4508	1	-1	-1	-1
4663	4511	4658	1	-1	-1	-1
4559	4715	4558	1	-1	-1	-1
4510	4662	4661	1	-1	-1	-1
4561	4558	4715	1	-1	-1	-1
4511	4663	4662	1	-1	-1	-1
4560	4561	4717	1	-1	-1	-1
4665	4515	4660	1	-1	-1	-1
4512	4665	4664	1	-1	-1	-1
4615	4614	4613	1	-1	-1	-1
4714	4557	4571	1	-1	-1	-1
4559	4568	4716	1	-1	-1	-1
4719	4563	4562	1	-1	-1	-1
4667	4514	4664	1	-1	-1	-1
4564	4720	4562	1	-1	-1	-1
4666	4514	4667	1	-1	-1	-1
4567	4563	4721	1	-1	-1	-1
4517	4669	4668	1	-1	-1	-1
4565	4723	4566	1	-1	-1	-1
4617	4622	4616	2	-1	-1	-1
4611	4634	4610	1	-1	-1	-1
4565	4567	4725	1	-1	-1	-1
4670	4518	4671	1	-1	-1	-1
4519	4672	4669	1	-1	-1	-1
4726	4569	4566	1	-1	-1	-1
4672	4519	4670	1	-1	-1	-1
4671	4520	4673	3	-1	-1	-1
4727	4568	4569	1	-1	-1	-1
4730	4571	4570	1	-1	-1	-1
4572	4730	4570	1	-1	-1	-1
4674	4523	4675	1	-1	-1	-1
4636	4697	4541	1	-1	-1	-1
4675	4524	4676	1	-1	-1	-1
4676	4524	4678	1	-1	-1	-1
4677	4678	4524	1	-1	-1	-1
4526	4674	4680	1	-1	-1	-1
4679	4677	4525	1	-1	-1	-1
4527	4681	4673	3	-1	-1	-1
4734	4575	4576	1	-1	-1	-1
4682	4681	4527	3	-1	-1	-1
4737	4577	4578	1	-1	-1	-1
4682	4528	4683	3	-1	-1	-1
4582	4736	4576	1	-1	-1	-1
4581	4577	4738	1	-1	-1	-1
4739	4578	4579	1	-1	-1	-1
4684	4530	4685	1	-1	-1	-1
4680	4687	4532	1	-1	-1	-1
4531	4686	4683	3	-1	-1	-1
4684	4686	4531	3	-1	-1	-1
4740	4580	4581	1	-1	-1	-1
4584	4739	4579	1	-1	-1	-1
4582	4580	4741	1	-1	-1	-1
4679	4535	4689	1	-1	-1	-1
4688	4685	4533	1	-1	-1	-1
4602	4733	4572	1	-1	-1	-1
4687	4688	4533	1	-1	-1	-1
4601	4575	4735	1	-1	-1	-1
4745	4584	4583	1	-1	-1	-1
4534	4690	4689	1	-1	-1	-1
4583	4586	4745	1	-1	-1	-1
4585	4748	4586	1	-1	-1	-1
4537	4692	4690	1	-1	-1	-1
4691	4692	4537	1	-1	-1	-1
4587	4749	4585	1	-1	-1	-1
4538	4695	4691	1	-1	-1	-1
4693	4538	4694	1	-1	-1	-1
4695	4538	4693	1	-1	-1	-1
4696	4694	4540	1	-1	-1	-1
4589	4754	4588	1	-1	-1	-1
4735	4600	4599	1	-1	-1	-1
4541	4697	4696	1	-1	-1	-1
4589	4590	4755	1	-1	-1	-1
4735	4599	4601	1	-1	-1	-1
4587	4598	4751	1	-1	-1	-1
4756	4590	4591	1	-1	-1	-1
4588	4753	4597	1	-1	-1	-1
4654	4643	4642	0	-1	-1	-1
4591	4592	4757	1	-1	-1	-1
4699	4543	4698	1	-1	-1	-1
4698	4544	4700	1	-1	-1	-1
4592	4593	4758	1	-1	-1	-1
4594	4758	4593	1	-1	-1	-1
4701	4700	4545	1	-1	-1	-1
4594	4596	4760	1	-1	-1	-1
4595	4761	4596	1	-1	-1	-1
4702	4547	4703	1	-1	-1	-1
4702	4704	4548	1	-1	-1	-1
4705	4701	4549	1	-1	-1	-1
4764	4598	4597	1	-1	-1	-1
4550	4704	4706	1	-1	-1	-1
4705	4550	4707	1	-1	-1	-1
4550	4706	4707	1	-1	-1	-1
4551	4709	4703	1	-1	-1	-1
4551	4708	4709	1	-1	-1	-1
4600	4765	4604	1	-1	-1	-1
4603	4766	4602	1	-1	-1	-1
4711	4708	4553	1	-1	-1	-1
4604	4767	4603	1	-1	-1	-1
4711	4553	4710	1	-1	-1	-1
4555	4713	4710	1	-1	-1	-1
4663	4658	4657	1	-1	-1	-1
4555	4712	4713	1	-1	-1	-1
4770	4606	4605	1	-1	-1	-1
4712	4556	4714	1	-1	-1	-1
4608	4770	4605	1	-1	-1	-1
4606	4771	4607	1	-1	-1	-1
4722	4564	4699	1	-1	-1	-1
4629	4761	4595	1	-1	-1	-1
4559	4716	4715	1	-1	-1	-1
4774	4608	4609	1	-1	-1	-1
4607	4773	4612	1	-1	-1	-1
4718	4561	4715	1	-1	-1	-1
4717	4561	4718	1	-1	-1	-1
4611	4612	4776	1	-1	-1	-1
4720	4719	4562	1	-1	-1	-1
4721	4563	4719	1	-1	-1	-1
4775	4609	4621	2	-1	-1	-1
4720	4564	4722	1	-1	-1	-1
4716	4568	4727	1	-1	-1	-1
4565	4724	4723	1	-1	-1	-1
4721	4725	4567	1	-1	-1	-1
4618	4778	4617	2	-1	-1	-1
4725	4724	4565	1	-1	-1	-1
4723	4726	4566	1	-1	-1	-1
4731	4714	4571	1	-1	-1	-1
4618	4619	4781	2	-1	-1	-1
4622	4617	4779	2	-1	-1	-1
4620	4782	4619	2	-1	-1	-1
4611	4776	4634	1	-1	-1	-1
4726	4728	4569	1	-1	-1	-1
4727	4569	4729	1	-1	-1	-1
4569	4728	4729	1	-1	-1	-1
4622	4784	4621	2	-1	-1	-1
4624	4783	4620	2	-1	-1	-1
4624	4623	4785	2	-1	-1	-1
4625	4785	4623	2	-1	-1	-1
4730	4732	4571	1	-1	-1	-1
4732	4731	4571	1	-1	-1	-1
4733	4730	4572	1	-1	-1	-1
4788	4625	4626	2	-1	-1	-1
4735	4575	4734	1	-1	-1	-1
4627	4628	4791	1	-1	-1	-1
4734	4576	4736	1	-1	-1	-1
4627	4793	4629	1	-1	-1	-1
4577	4737	4738	1	-1	-1	-1
4578	4739	4737	1	-1	-1	-1
4794	4628	4632	1	-1	-1	-1
4630	4631	4797	1	-1	-1	-1
4796	4632	4630	1	-1	-1	-1
4581	4738	4742	1	-1	-1	-1
4580	4740	4741	1	-1	-1	-1
4736	4582	4744	1	-1	-1	-1
4581	4742	4740	1	-1	-1	-1
4631	4633	4799	1	-1	-1	-1
4743	4582	4741	1	-1	-1	-1
4739	4584	4746	1	-1	-1	-1
4582	4743	4744	1	-1	-1	-1
4634	4804	4633	1	-1	-1	-1
4745	4747	4584	1	-1	-1	-1
4747	4746	4584	1	-1	-1	-1
4805	4636	4638	1	-1	-1	-1
4745	4586	4750	1	-1	-1	-1
4749	4748	4585	1	-1	-1	-1
4639	4637	4806	1	-1	-1	-1
4637	4640	4806	1	-1	-1	-1
4750	4586	4748	1	-1	-1	-1
4790	4626	4668	2	-1	-1	-1
4807	4638	4639	1	-1	-1	-1
4587	4752	4749	1	-1	-1	-1
4809	4640	4641	1	-1	-1	-1
4751	4752	4587	1	-1	-1	-1
4753	4588	4754	1	-1	-1	-1
4644	4643	4810	0	-1	-1	-1
4754	4589	4755	1	-1	-1	-1
4644	4811	4645	0	-1	-1	-1
4600	4735	4765	1	-1	-1	-1
4766	4733	4602	1	-1	-1	-1
4756	4755	4590	1	-1	-1	-1
4647	4645	4812	0	-1	-1	-1
4591	4757	4756	1	-1	-1	-1
4654	4810	4643	0	-1	-1	-1
4646	4647	4813	1	-1	-1	-1
4757	4592	4759	1	-1	-1	-1
4758	4759	4592	1	-1	-1	-1
4702	4703	4704	1	-1	-1	-1
4813	4651	4646	1	-1	-1	-1
4758	4594	4760	1	-1	-1	-1
4815	4648	4649	1	-1	-1	-1
4598	4764	4751	1	-1	-1	-1
4597	4753	4764	1	-1	-1	-1
4666	4809	4641	1	-1	-1	-1
4649	4650	4817	1	-1	-1	-1
4815	4655	4648	1	-1	-1	-1
4650	4651	4818	1	-1	-1	-1
4763	4760	4596	1	-1	-1	-1
4762	4596	4761	1	-1	-1	-1
4762	4763	4596	1	-1	-1	-1
4655	4815	4656	1	-1	-1	-1
4711	4709	4708	1	-1	-1	-1
4603	4767	4766	1	-1	-1	-1
4697	4636	4805	1	-1	-1	-1
4765	4769	4604	1	-1	-1	-1
4604	4768	4767	1	-1	-1	-1
4657	4820	4663	1	-1	-1	-1
4821	4660	4659	1	-1	-1	-1
4604	4769	4768	1	-1	-1	-1
4661	4821	4659	1	-1	-1	-1
4661	4662	4823	1	-1	-1	-1
4770	4771	4606	1	-1	-1	-1
4822	4665	4660	1	-1	-1	-1
4662	4663	4824	1	-1	-1	-1
4607	4771	4772	1	-1	-1	-1
4773	4607	4772	1	-1	-1	-1
4770	4608	4774	1	-1	-1	-1
4826	4664	4665	1	-1	-1	-1
4667	4664	4826	1	-1	-1	-1
4609	4775	4774	2	-1	-1	-1
4666	4667	4828	1	-1	-1	-1
4612	4773	4777	1	-1	-1	-1
4612	4777	4776	1	-1	-1	-1
4832	4668	4669	1	-1	-1	-1
4672	4833	4669	1	-1	-1	-1
4617	4778	4779	2	-1	-1	-1
4834	4670	4671	1	-1	-1	-1
4618	4780	4778	2	-1	-1	-1
4670	4834	4672	1	-1	-1	-1
4835	4671	4673	3	-1	-1	-1
4618	4781	4780	2	-1	-1	-1
4775	4621	4784	2	-1	-1	-1
4782	4781	4619	2	-1	-1	-1
4622	4779	4784	2	-1	-1	-1
4795	4761	4629	1	-1	-1	-1
4620	4783	4782	2	-1	-1	-1
4674	4675	4839	1	-1	-1	-1
4673	4681	4835	3	-1	-1	-1
4840	4675	4676	1	-1	-1	-1
4838	4680	4674	1	-1	-1	-1
4624	4787	4783	2	-1	-1	-1
4785	4786	4624	2	-1	-1	-1
4841	4676	4678	1	-1	-1	-1
4730	4733	4732	1	-1	-1	-1
4842	4678	4677	1	-1	-1	-1
4624	4786	4787	2	-1	-1	-1
4679	4842	4677	1	-1	-1	-1
4789	4785	4625	2	-1	-1	-1
4788	4789	4625	2	-1	-1	-1
4790	4788	4626	2	-1	-1	-1
4792	4627	4791	1	-1	-1	-1
4848	4681	4682	3	-1	-1	-1
4793	4627	4792	1	-1	-1	-1
4628	4794	4791	1	-1	-1	-1
4679	4689	4845	1	-1	-1	-1
4776	4804	4634	1	-1	-1	-1
4687	4680	4847	1	-1	-1	-1
4683	4850	4682	3	-1	-1	-1
4795	4629	4793	1	-1	-1	-1
4683	4686	4850	3	-1	-1	-1
4684	4685	4851	1	-1	-1	-1
4686	4684	4852	3	-1	-1	-1
4796	4630	4798	1	-1	-1	-1
4798	4630	4797	1	-1	-1	-1
4632	4801	4794	1	-1	-1	-1
4854	4685	4688	1	-1	-1	-1
4631	4799	4797	1	-1	-1	-1
4800	4632	4796	1	-1	-1	-1
4856	4688	4687	1	-1	-1	-1
4801	4632	4800	1	-1	-1	-1
4633	4803	4799	1	-1	-1	-1
4689	4690	4857	1	-1	-1	-1
4633	4802	4803	1	-1	-1	-1
4802	4633	4804	1	-1	-1	-1
4692	4858	4690	1	-1	-1	-1
4860	4692	4691	1	-1	-1	-1
4748	4749	4750	1	-1	-1	-1
4691	4695	4861	1	-1	-1	-1
4862	4695	4693	1	-1	-1	-1
4638	4807	4805	1	-1	-1	-1
4694	4863	4693	1	-1	-1	-1
4808	4639	4806	1	-1	-1	-1
4863	4694	4696	1	-1	-1	-1
4639	4808	4807	1	-1	-1	-1
4640	4809	4806	1	-1	-1	-1
4863	4696	4697	1	-1	-1	-1
4644	4810	4811	0	-1	-1	-1
4699	4698	4869	1	-1	-1	-1
4700	4868	4698	1	-1	-1	-1
4645	4811	4812	0	-1	-1	-1
4870	4700	4701	1	-1	-1	-1
4647	4812	4814	0	-1	-1	-1
4813	4647	4814	0	-1	-1	-1
4870	4701	4705	1	-1	-1	-1
4872	4704	4703	1	-1	-1	-1
4649	4816	4815	1	-1	-1	-1
4816	4649	4817	1	-1	-1	-1
4872	4706	4704	1	-1	-1	-1
4651	4813	4818	1	-1	-1	-1
4871	4703	4709	1	-1	-1	-1
4873	4705	4707	1	-1	-1	-1
4817	4650	4818	1	-1	-1	-1
4707	4706	4874	1	-1	-1	-1
4816	4656	4815	1	-1	-1	-1
4832	4790	4668	1	-1	-1	-1
4869	4722	4699	1	-1	-1	-1
4819	4656	4816	0	-1	-1	-1
4711	4876	4709	1	-1	-1	-1
4877	4711	4710	1	-1	-1	-1
4877	4710	4713	1	-1	-1	-1
4822	4660	4821	1	-1	-1	-1
4712	4879	4713	1	-1	-1	-1
4666	4829	4809	1	-1	-1	-1
4714	4879	4712	1	-1	-1	-1
4821	4661	4823	1	-1	-1	-1
4825	4663	4820	1	-1	-1	-1
4823	4662	4824	1	-1	-1	-1
4824	4663	4825	1	-1	-1	-1
4882	4715	4716	1	-1	-1	-1
4827	4665	4822	1	-1	-1	-1
4882	4718	4715	1	-1	-1	-1
4795	4762	4761	1	-1	-1	-1
4665	4827	4826	1	-1	-1	-1
4717	4718	4884	1	-1	-1	-1
4829	4666	4828	1	-1	-1	-1
4826	4831	4667	1	-1	-1	-1
4714	4731	4879	1	-1	-1	-1
4719	4720	4886	1	-1	-1	-1
4667	4830	4828	1	-1	-1	-1
4721	4719	4886	1	-1	-1	-1
4727	4883	4716	1	-1	-1	-1
4831	4830	4667	1	-1	-1	-1
4720	4722	4887	1	-1	-1	-1
4832	4669	4833	1	-1	-1	-1
4721	4888	4725	1	-1	-1	-1
4723	4724	4892	1	-1	-1	-1
4883	4727	4729	1	-1	-1	-1
4834	4671	4835	3	-1	-1	-1
4723	4891	4726	1	-1	-1	-1
4836	4672	4834	1	-1	-1	-1
4837	4833	4672	1	-1	-1	-1
4894	4724	4725	1	-1	-1	-1
4672	4836	4837	1	-1	-1	-1
4726	4896	4728	1	-1	-1	-1
4838	4674	4839	1	-1	-1	-1
4728	4897	4729	1	-1	-1	-1
4840	4839	4675	1	-1	-1	-1
4676	4841	4840	1	-1	-1	-1
4678	4842	4843	1	-1	-1	-1
4678	4843	4841	1	-1	-1	-1
4731	4732	4900	1	-1	-1	-1
4838	4846	4680	1	-1	-1	-1
4844	4842	4679	1	-1	-1	-1
4835	4681	4849	3	-1	-1	-1
4802	4781	4782	1	-1	-1	-1
4733	4901	4732	1	-1	-1	-1
4803	4782	4783	1	-1	-1	-1
4679	4845	4844	1	-1	-1	-1
4866	4697	4805	1	-1	-1	-1
4903	4735	4734	1	-1	-1	-1
4680	4846	4847	1	-1	-1	-1
4734	4736	4903	1	-1	-1	-1
4849	4681	4848	3	-1	-1	-1
4738	4737	4905	1	-1	-1	-1
4850	4848	4682	3	-1	-1	-1
4739	4905	4737	1	-1	-1	-1
4744	4904	4736	1	-1	-1	-1
4738	4906	4742	1	-1	-1	-1
4684	4851	4852	3	-1	-1	-1
4782	4803	4802	1	-1	-1	-1
4851	4685	4853	1	-1	-1	-1
4740	4909	4741	1	-1	-1	-1
4856	4687	4847	1	-1	-1	-1
4909	4740	4742	1	-1	-1	-1
4845	4689	4857	1	-1	-1	-1
4850	4686	4855	3	-1	-1	-1
4853	4685	4854	1	-1	-1	-1
4852	4855	4686	3	-1	-1	-1
4746	4908	4739	1	-1	-1	-1
4743	4741	4911	1	-1	-1	-1
4688	4856	4854	1	-1	-1	-1
4914	4744	4743	1	-1	-1	-1
4902	4733	4766	1	-1	-1	-1
4903	4765	4735	1	-1	-1	-1
4859	4857	4690	1	-1	-1	-1
4690	4858	4859	1	-1	-1	-1
4745	4916	4747	1	-1	-1	-1
4692	4860	4858	1	-1	-1	-1
4747	4917	4746	1	-1	-1	-1
4750	4916	4745	1	-1	-1	-1
4861	4860	4691	1	-1	-1	-1
4750	4749	4920	1	-1	-1	-1
4693	4864	4862	1	-1	-1	-1
4864	4693	4863	1	-1	-1	-1
4752	4920	4749	1	-1	-1	-1
4861	4695	4865	1	-1	-1	-1
4695	4862	4865	1	-1	-1	-1
4922	4752	4751	1	-1	-1	-1
4866	4863	4697	1	-1	-1	-1
4754	4925	4753	1	-1	-1	-1
4698	4868	4867	1	-1	-1	-1
4867	4869	4698	1	-1	-1	-1
4754	4755	4926	1	-1	-1	-1
4903	4769	4765	1	-1	-1	-1
4922	4751	4764	1	-1	-1	-1
4756	4927	4755	1	-1	-1	-1
4868	4700	4870	1	-1	-1	-1
4929	4756	4757	1	-1	-1	-1
4753	4925	4764	1	-1	-1	-1
4806	4809	4829	1	-1	-1	-1
4871	4872	4703	1	-1	-1	-1
4931	4757	4759	1	-1	-1	-1
4873	4870	4705	1	-1	-1	-1
4932	4759	4758	1	-1	-1	-1
4932	4758	4760	1	-1	-1	-1
4706	4872	4874	1	-1	-1	-1
4817	4819	4816	0	-1	-1	-1
4760	4763	4932	1	-1	-1	-1
4707	4875	4873	1	-1	-1	-1
4876	4871	4709	1	-1	-1	-1
4707	4874	4875	1	-1	-1	-1
4934	4763	4762	1	-1	-1	-1
4711	4878	4876	1	-1	-1	-1
4711	4877	4878	1	-1	-1	-1
4713	4880	4877	1	-1	-1	-1
4938	4766	4767	1	-1	-1	-1
4938	4767	4768	1	-1	-1	-1
4713	4879	4881	1	-1	-1	-1
4713	4881	4880	1	-1	-1	-1
4941	4768	4769	1	-1	-1	-1
4883	4882	4716	1	-1	-1	-1
4869	4890	4722	1	-1	-1	-1
4771	4770	4944	1	-1	-1	-1
4885	4718	4882	1	-1	-1	-1
4884	4718	4885	1	-1	-1	-1
4944	4772	4771	1	-1	-1	-1
4774	4944	4770	1	-1	-1	-1
4773	4772	4945	1	-1	-1	-1
4762	4795	4935	1	-1	-1	-1
4887	4886	4720	1	-1	-1	-1
4888	4721	4886	1	-1	-1	-1
4775	4946	4774	2	-1	-1	-1
4773	4947	4777	1	-1	-1	-1
4722	4889	4887	1	-1	-1	-1
4889	4722	4890	1	-1	-1	-1
4776	4777	4949	1	-1	-1	-1
4892	4891	4723	1	-1	-1	-1
4948	4775	4784	2	-1	-1	-1
4895	4725	4888	1	-1	-1	-1
4778	4951	4779	2	-1	-1	-1
4731	4899	4879	1	-1	-1	-1
4724	4893	4892	1	-1	-1	-1
4780	4951	4778	2	-1	-1	-1
4729	4898	4883	1	-1	-1	-1
4893	4724	4894	1	-1	-1	-1
4726	4891	4896	1	-1	-1	-1
4725	4895	4894	1	-1	-1	-1
4781	4953	4780	1	-1	-1	-1
4952	4784	4779	2	-1	-1	-1
4849	4834	4835	3	-1	-1	-1
4849	4836	4834	3	-1	-1	-1
4897	4728	4896	1	-1	-1	-1
4898	4729	4897	1	-1	-1	-1
4954	4783	4787	1	-1	-1	-1
4955	4786	4785	2	-1	-1	-1
4949	4804	4776	1	-1	-1	-1
4787	4786	4956	2	-1	-1	-1
4955	4785	4789	2	-1	-1	-1
4900	4899	4731	1	-1	-1	-1
4901	4900	4732	1	-1	-1	-1
4788	4959	4789	2	-1	-1	-1
4781	4802	4953	1	-1	-1	-1
4902	4901	4733	1	-1	-1	-1
4790	4958	4788	2	-1	-1	-1
4783	4954	4803	1	-1	-1	-1
4736	4904	4903	1	-1	-1	-1
4963	4792	4791	1	-1	-1	-1
4963	4791	4794	1	-1	-1	-1
4965	4793	4792	1	-1	-1	-1
4907	4738	4905	1	-1	-1	-1
4799	4954	4797	1	-1	-1	-1
4907	4906	4738	1	-1	-1	-1
4798	4797	4957	1	-1	-1	-1
4739	4908	4905	1	-1	-1	-1
4795	4793	4967	1	-1	-1	-1
4799	4803	4954	1	-1	-1	-1
4963	4794	4801	1	-1	-1	-1
4953	4802	4804	1	-1	-1	-1
4910	4741	4909	1	-1	-1	-1
4912	4742	4906	1	-1	-1	-1
4968	4796	4798	1	-1	-1	-1
4741	4910	4911	1	-1	-1	-1
4915	4904	4744	1	-1	-1	-1
4909	4742	4913	1	-1	-1	-1
4800	4796	4969	1	-1	-1	-1
4742	4912	4913	1	-1	-1	-1
4911	4914	4743	1	-1	-1	-1
4746	4918	4908	1	-1	-1	-1
4800	4972	4801	1	-1	-1	-1
4744	4914	4915	1	-1	-1	-1
4746	4917	4918	1	-1	-1	-1
4747	4916	4919	1	-1	-1	-1
4919	4917	4747	1	-1	-1	-1
4790	4832	4962	1	-1	-1	-1
4916	4750	4921	1	-1	-1	-1
4805	4807	4975	1	-1	-1	-1
4808	4806	4976	1	-1	-1	-1
4750	4920	4921	1	-1	-1	-1
4807	4808	4978	1	-1	-1	-1
4864	4863	4866	1	-1	-1	-1
4923	4920	4752	1	-1	-1	-1
4922	4924	4752	1	-1	-1	-1
4923	4752	4924	1	-1	-1	-1
4754	4926	4925	1	-1	-1	-1
4939	4902	4766	1	-1	-1	-1
4982	4813	4814	0	-1	-1	-1
4926	4755	4928	1	-1	-1	-1
4928	4755	4927	1	-1	-1	-1
4976	4806	4829	1	-1	-1	-1
4813	4982	4818	0	-1	-1	-1
4922	4764	4925	1	-1	-1	-1
4756	4930	4927	1	-1	-1	-1
4769	4903	4942	1	-1	-1	-1
4756	4929	4930	1	-1	-1	-1
4757	4931	4929	1	-1	-1	-1
4983	4817	4818	0	-1	-1	-1
4819	4817	4983	0	-1	-1	-1
4933	4931	4759	1	-1	-1	-1
4759	4932	4933	1	-1	-1	-1
4822	4821	4985	1	-1	-1	-1
4820	4984	4825	1	-1	-1	-1
4823	4986	4821	1	-1	-1	-1
4936	4932	4763	1	-1	-1	-1
4762	4935	4934	1	-1	-1	-1
4937	4763	4934	1	-1	-1	-1
4823	4824	4988	1	-1	-1	-1
4822	4987	4827	1	-1	-1	-1
4763	4937	4936	1	-1	-1	-1
4824	4825	4989	1	-1	-1	-1
4766	4938	4939	1	-1	-1	-1
4827	4991	4826	1	-1	-1	-1
4938	4768	4940	1	-1	-1	-1
4866	4805	4975	1	-1	-1	-1
4826	4991	4831	1	-1	-1	-1
4941	4940	4768	1	-1	-1	-1
4829	4828	4994	1	-1	-1	-1
4828	4830	4994	1	-1	-1	-1
4769	4943	4941	1	-1	-1	-1
4942	4943	4769	1	-1	-1	-1
4995	4830	4831	1	-1	-1	-1
4881	4879	4899	1	-1	-1	-1
4772	4944	4946	1	-1	-1	-1
4998	4832	4833	1	-1	-1	-1
4945	4772	4946	1	-1	-1	-1
4774	4946	4944	2	-1	-1	-1
4773	4945	4947	1	-1	-1	-1
4946	4775	4948	2	-1	-1	-1
4833	4837	4999	1	-1	-1	-1
4950	4777	4947	1	-1	-1	-1
4836	5001	4837	1	-1	-1	-1
4949	4777	4950	1	-1	-1	-1
4839	5003	4838	1	-1	-1	-1
4779	4951	4952	2	-1	-1	-1
4948	4784	4952	2	-1	-1	-1
4780	4953	4951	1	-1	-1	-1
4849	5000	4836	3	-1	-1	-1
5006	4839	4840	1	-1	-1	-1
4838	5004	4846	1	-1	-1	-1
4841	5007	4840	1	-1	-1	-1
5010	4841	4843	1	-1	-1	-1
5011	4843	4842	1	-1	-1	-1
4844	5011	4842	1	-1	-1	-1
4956	4786	4955	2	-1	-1	-1
4935	4795	4967	1	-1	-1	-1
4957	4954	4787	1	-1	-1	-1
4787	4956	4957	1	-1	-1	-1
4845	5013	4844	1	-1	-1	-1
4788	4958	4959	2	-1	-1	-1
4961	4955	4789	2	-1	-1	-1
4804	4949	4953	1	-1	-1	-1
4846	5015	4847	1	-1	-1	-1
4960	4789	4959	2	-1	-1	-1
4954	4957	4797	1	-1	-1	-1
4960	4961	4789	2	-1	-1	-1
4790	4962	4958	1	-1	-1	-1
5017	4849	4848	3	-1	-1	-1
4845	4857	5014	1	-1	-1	-1
5018	4848	4850	3	-1	-1	-1
4856	4847	5016	1	-1	-1	-1
4964	4792	4963	1	-1	-1	-1
4965	4792	4964	1	-1	-1	-1
4852	4851	5020	3	-1	-1	-1
4851	4853	5020	3	-1	-1	-1
4965	4966	4793	1	-1	-1	-1
5019	4850	4855	3	-1	-1	-1
4798	4957	4971	1	-1	-1	-1
4966	4967	4793	1	-1	-1	-1
4852	5021	4855	3	-1	-1	-1
5022	4853	4854	1	-1	-1	-1
4909	4913	4910	1	-1	-1	-1
4796	4968	4969	1	-1	-1	-1
5024	4854	4856	1	-1	-1	-1
4798	4970	4968	1	-1	-1	-1
4973	4963	4801	1	-1	-1	-1
4798	4971	4970	1	-1	-1	-1
4972	4800	4969	1	-1	-1	-1
4857	4859	5026	1	-1	-1	-1
4859	4858	5027	1	-1	-1	-1
5028	4858	4860	1	-1	-1	-1
4974	4801	4972	1	-1	-1	-1
4973	4801	4974	1	-1	-1	-1
4903	4904	4942	1	-1	-1	-1
4861	5031	4860	1	-1	-1	-1
4861	4865	5032	1	-1	-1	-1
4807	4977	4975	1	-1	-1	-1
5033	4862	4864	1	-1	-1	-1
4865	4862	5033	1	-1	-1	-1
4978	4977	4807	1	-1	-1	-1
5034	4864	4866	1	-1	-1	-1
4808	4979	4978	1	-1	-1	-1
4981	4808	4976	1	-1	-1	-1
4980	4979	4808	1	-1	-1	-1
4808	4981	4980	1	-1	-1	-1
5038	4867	4868	1	-1	-1	-1
4869	4867	5037	1	-1	-1	-1
4870	5039	4868	1	-1	-1	-1
4818	4982	4983	0	-1	-1	-1
4873	5040	4870	1	-1	-1	-1
5041	4872	4871	1	-1	-1	-1
4928	4927	4930	1	-1	-1	-1
4976	4829	4981	1	-1	-1	-1
5041	4871	4876	1	-1	-1	-1
4872	5042	4874	1	-1	-1	-1
4985	4821	4986	1	-1	-1	-1
4873	4875	5044	1	-1	-1	-1
4998	4962	4832	1	-1	-1	-1
4987	4822	4985	1	-1	-1	-1
4875	4874	5045	1	-1	-1	-1
4890	4869	5037	1	-1	-1	-1
4988	4986	4823	1	-1	-1	-1
4825	4984	4990	1	-1	-1	-1
4824	4989	4988	1	-1	-1	-1
5048	4876	4878	1	-1	-1	-1
4878	4877	5049	1	-1	-1	-1
4994	4981	4829	1	-1	-1	-1
4989	4825	4990	1	-1	-1	-1
4827	4987	4992	1	-1	-1	-1
5049	4877	4880	1	-1	-1	-1
4993	4991	4827	1	-1	-1	-1
4881	5050	4880	1	-1	-1	-1
4827	4992	4993	1	-1	-1	-1
5052	4882	4883	1	-1	-1	-1
4882	5052	4885	1	-1	-1	-1
4997	4831	4991	1	-1	-1	-1
4994	4830	4996	1	-1	-1	-1
4996	4830	4995	1	-1	-1	-1
4997	4995	4831	1	-1	-1	-1
4885	5054	4884	1	-1	-1	-1
5055	4886	4887	1	-1	-1	-1
4886	5055	4888	1	-1	-1	-1
4833	4999	4998	1	-1	-1	-1
4899	5051	4881	1	-1	-1	-1
4889	5055	4887	1	-1	-1	-1
4883	4898	5053	1	-1	-1	-1
5001	4836	5000	3	-1	-1	-1
4890	5058	4889	1	-1	-1	-1
4837	5002	4999	1	-1	-1	-1
4946	4948	4945	1	-1	-1	-1
5002	4837	5001	1	-1	-1	-1
4948	4947	4945	1	-1	-1	-1
5057	4895	4888	1	-1	-1	-1
5060	4891	4892	1	-1	-1	-1
5004	4838	5003	1	-1	-1	-1
5061	4892	4893	1	-1	-1	-1
5060	4896	4891	1	-1	-1	-1
5003	4839	5005	1	-1	-1	-1
4952	4947	4948	1	-1	-1	-1
4952	4950	4947	1	-1	-1	-1
5062	4893	4894	1	-1	-1	-1
5006	5005	4839	1	-1	-1	-1
4899	4900	5051	1	-1	-1	-1
4949	4950	4953	1	-1	-1	-1
4895	5063	4894	1	-1	-1	-1
4951	4950	4952	1	-1	-1	-1
4951	4953	4950	1	-1	-1	-1
4840	5008	5006	1	-1	-1	-1
5007	5008	4840	1	-1	-1	-1
5007	4841	5009	1	-1	-1	-1
5065	4897	4896	1	-1	-1	-1
5010	5009	4841	1	-1	-1	-1
4898	4897	5066	1	-1	-1	-1
5004	5015	4846	1	-1	-1	-1
5012	5010	4843	1	-1	-1	-1
5011	5012	4843	1	-1	-1	-1
5000	4849	5017	3	-1	-1	-1
5011	4844	5013	1	-1	-1	-1
4900	4901	5069	1	-1	-1	-1
4901	4902	5069	1	-1	-1	-1
5013	4845	5014	1	-1	-1	-1
4975	5034	4866	1	-1	-1	-1
5015	5016	4847	1	-1	-1	-1
4848	5018	5017	3	-1	-1	-1
4957	4956	4971	1	-1	-1	-1
4905	5074	4907	1	-1	-1	-1
4905	4908	5074	1	-1	-1	-1
4850	5019	5018	3	-1	-1	-1
4907	5075	4906	1	-1	-1	-1
5073	4904	4915	1	-1	-1	-1
4912	4906	5075	1	-1	-1	-1
4852	5020	5021	3	-1	-1	-1
4856	5016	5024	1	-1	-1	-1
4853	5023	5020	3	-1	-1	-1
4857	5026	5014	1	-1	-1	-1
4853	5022	5023	3	-1	-1	-1
4855	5025	5019	3	-1	-1	-1
5078	4911	4910	1	-1	-1	-1
5077	4910	4913	1	-1	-1	-1
4854	5024	5022	1	-1	-1	-1
5074	4908	4918	1	-1	-1	-1
4973	4964	4963	1	-1	-1	-1
5021	5025	4855	3	-1	-1	-1
5079	4914	4911	1	-1	-1	-1
5080	4913	4912	1	-1	-1	-1
5081	4915	4914	1	-1	-1	-1
4902	4939	5071	1	-1	-1	-1
5027	4858	5028	1	-1	-1	-1
4859	5030	5026	1	-1	-1	-1
4859	5027	5029	1	-1	-1	-1
4859	5029	5030	1	-1	-1	-1
4916	5083	4919	1	-1	-1	-1
4918	4917	5084	1	-1	-1	-1
4942	4904	5073	1	-1	-1	-1
4921	5083	4916	1	-1	-1	-1
4860	5031	5028	1	-1	-1	-1
4919	5084	4917	1	-1	-1	-1
5032	5031	4861	1	-1	-1	-1
4920	5088	4921	1	-1	-1	-1
4923	5088	4920	1	-1	-1	-1
5033	4864	5035	1	-1	-1	-1
4864	5034	5035	1	-1	-1	-1
4865	5036	5032	1	-1	-1	-1
5033	5036	4865	1	-1	-1	-1
4924	4922	5090	1	-1	-1	-1
4922	4925	5090	1	-1	-1	-1
4923	4924	5092	1	-1	-1	-1
4926	5090	4925	1	-1	-1	-1
5038	5037	4867	1	-1	-1	-1
4926	4928	5094	1	-1	-1	-1
5039	5038	4868	1	-1	-1	-1
4870	5040	5039	1	-1	-1	-1
4930	5095	4928	1	-1	-1	-1
5041	5043	4872	1	-1	-1	-1
5097	4930	4929	1	-1	-1	-1
5043	5042	4872	1	-1	-1	-1
5040	4873	5044	1	-1	-1	-1
4929	4931	5097	1	-1	-1	-1
4943	4942	5073	1	-1	-1	-1
4874	5042	5045	1	-1	-1	-1
4933	5099	4931	1	-1	-1	-1
5100	4933	4932	1	-1	-1	-1
5048	5041	4876	1	-1	-1	-1
5044	4875	5047	1	-1	-1	-1
5046	4875	5045	1	-1	-1	-1
5100	4932	4936	1	-1	-1	-1
5047	4875	5046	1	-1	-1	-1
4934	4935	5103	1	-1	-1	-1
4934	5103	4937	1	-1	-1	-1
5048	4878	5049	1	-1	-1	-1
4936	4937	5105	1	-1	-1	-1
4880	5050	5049	1	-1	-1	-1
4993	4997	4991	1	-1	-1	-1
5051	5050	4881	1	-1	-1	-1
4890	5037	5059	1	-1	-1	-1
5109	4939	4938	1	-1	-1	-1
4940	5109	4938	1	-1	-1	-1
5053	5052	4883	1	-1	-1	-1
5054	4885	5052	1	-1	-1	-1
4941	5111	4940	1	-1	-1	-1
4941	4943	5113	1	-1	-1	-1
5055	5056	4888	1	-1	-1	-1
4888	5056	5057	1	-1	-1	-1
4889	5058	5055	1	-1	-1	-1
4967	5104	4935	1	-1	-1	-1
5058	4890	5059	1	-1	-1	-1
5060	4892	5061	1	-1	-1	-1
4893	5062	5061	1	-1	-1	-1
5057	5064	4895	1	-1	-1	-1
5067	5053	4898	1	-1	-1	-1
5062	4894	5063	1	-1	-1	-1
4900	5068	5051	1	-1	-1	-1
5060	5065	4896	1	-1	-1	-1
4895	5064	5063	1	-1	-1	-1
4956	4955	5116	2	-1	-1	-1
5066	4897	5065	1	-1	-1	-1
5115	4955	4961	2	-1	-1	-1
4898	5066	5067	1	-1	-1	-1
4959	4958	5117	2	-1	-1	-1
5118	4960	4959	2	-1	-1	-1
4962	5117	4958	1	-1	-1	-1
5068	4900	5070	1	-1	-1	-1
5070	4900	5069	1	-1	-1	-1
4960	5119	4961	2	-1	-1	-1
4971	4956	5116	1	-1	-1	-1
5072	5069	4902	1	-1	-1	-1
5072	4902	5071	1	-1	-1	-1
4965	4964	5124	1	-1	-1	-1
5125	4966	4965	1	-1	-1	-1
5076	4907	5074	1	-1	-1	-1
5075	4907	5076	1	-1	-1	-1
4964	4973	5123	1	-1	-1	-1
4966	5127	4967	1	-1	-1	-1
5078	4910	5077	1	-1	-1	-1
5075	5080	4912	1	-1	-1	-1
5130	4968	4970	1	-1	-1	-1
5079	4911	5078	1	-1	-1	-1
5131	4969	4968	1	-1	-1	-1
4913	5080	5077	1	-1	-1	-1
5082	5073	4915	1	-1	-1	-1
4969	5132	4972	1	-1	-1	-1
5081	4914	5079	1	-1	-1	-1
5133	4970	4971	1	-1	-1	-1
5074	4918	5085	1	-1	-1	-1
4915	5081	5082	1	-1	-1	-1
5104	4967	5008	1	-1	-1	-1
4998	5121	4962	1	-1	-1	-1
4974	4972	5136	1	-1	-1	-1
5137	4973	4974	1	-1	-1	-1
5084	5085	4918	1	-1	-1	-1
5086	4919	5083	1	-1	-1	-1
5084	4919	5087	1	-1	-1	-1
5140	4975	4977	1	-1	-1	-1
5086	5087	4919	1	-1	-1	-1
5089	5083	4921	1	-1	-1	-1
4978	5141	4977	1	-1	-1	-1
5089	4921	5088	1	-1	-1	-1
5142	4978	4979	1	-1	-1	-1
4980	5143	4979	1	-1	-1	-1
4923	5091	5088	1	-1	-1	-1
4967	5127	5008	1	-1	-1	-1
4923	5092	5091	1	-1	-1	-1
4980	4981	5145	1	-1	-1	-1
5090	5093	4924	1	-1	-1	-1
4924	5093	5092	1	-1	-1	-1
4926	5094	5090	1	-1	-1	-1
4928	5096	5094	1	-1	-1	-1
5095	5096	4928	1	-1	-1	-1
4985	4986	5148	1	-1	-1	-1
4985	5148	4987	1	-1	-1	-1
5071	4939	5110	1	-1	-1	-1
4981	4994	5146	1	-1	-1	-1
5147	4990	4984	1	-1	-1	-1
4988	5148	4986	1	-1	-1	-1
4930	5098	5095	1	-1	-1	-1
5098	4930	5097	1	-1	-1	-1
4931	5099	5097	1	-1	-1	-1
5151	4988	4989	1	-1	-1	-1
4987	5149	4992	1	-1	-1	-1
4989	4990	5151	1	-1	-1	-1
5073	5114	4943	1	-1	-1	-1
4933	5102	5099	1	-1	-1	-1
5100	5101	4933	1	-1	-1	-1
5059	5037	5038	1	-1	-1	-1
5146	4994	4996	1	-1	-1	-1
5101	5102	4933	1	-1	-1	-1
4993	4992	5153	1	-1	-1	-1
5005	5006	5129	1	-1	-1	-1
5127	5006	5008	1	-1	-1	-1
4936	5105	5100	1	-1	-1	-1
5104	5103	4935	1	-1	-1	-1
4997	4993	5155	1	-1	-1	-1
5103	5106	4937	1	-1	-1	-1
5156	4996	4995	1	-1	-1	-1
5105	4937	5107	1	-1	-1	-1
5034	4975	5140	1	-1	-1	-1
5157	4995	4997	1	-1	-1	-1
4937	5106	5108	1	-1	-1	-1
5108	5107	4937	1	-1	-1	-1
4999	5159	4998	1	-1	-1	-1
4939	5109	5110	1	-1	-1	-1
4940	5112	5109	1	-1	-1	-1
5161	4999	5002	1	-1	-1	-1
5112	4940	5111	1	-1	-1	-1
5000	5163	5001	3	-1	-1	-1
4941	5113	5111	1	-1	-1	-1
5002	5001	5164	1	-1	-1	-1
5113	4943	5114	1	-1	-1	-1
5003	5167	5004	1	-1	-1	-1
5167	5003	5005	1	-1	-1	-1
5017	5163	5000	3	-1	-1	-1
5008	5007	5170	1	-1	-1	-1
5007	5009	5170	1	-1	-1	-1
5115	5116	4955	2	-1	-1	-1
5004	5168	5015	1	-1	-1	-1
5010	5171	5009	1	-1	-1	-1
5012	5172	5010	1	-1	-1	-1
5117	5118	4959	2	-1	-1	-1
5120	5115	4961	2	-1	-1	-1
5118	5119	4960	2	-1	-1	-1
5174	5011	5013	1	-1	-1	-1
5011	5175	5012	1	-1	-1	-1
5119	5120	4961	2	-1	-1	-1
5117	4962	5122	1	-1	-1	-1
5013	5014	5176	1	-1	-1	-1
5121	5122	4962	1	-1	-1	-1
5015	5177	5016	1	-1	-1	-1
5034	5140	5035	1	-1	-1	-1
5123	5124	4964	1	-1	-1	-1
5072	5070	5069	1	-1	-1	-1
5124	5126	4965	1	-1	-1	-1
5018	5180	5017	3	-1	-1	-1
5014	5026	5176	1	-1	-1	-1
4965	5126	5125	1	-1	-1	-1
5024	5016	5178	1	-1	-1	-1
5125	5128	4966	1	-1	-1	-1
5019	5182	5018	3	-1	-1	-1
5134	4971	5116	1	-1	-1	-1
4966	5129	5127	1	-1	-1	-1
4966	5128	5129	1	-1	-1	-1
5183	5021	5020	3	-1	-1	-1
5182	5019	5025	3	-1	-1	-1
5023	5183	5020	3	-1	-1	-1
4968	5130	5131	1	-1	-1	-1
5186	5023	5022	3	-1	-1	-1
5185	5025	5021	3	-1	-1	-1
5131	5132	4969	1	-1	-1	-1
5026	5030	5176	1	-1	-1	-1
5137	5123	4973	1	-1	-1	-1
5022	5024	5187	1	-1	-1	-1
5130	4970	5133	1	-1	-1	-1
5074	5085	5076	1	-1	-1	-1
5134	5133	4971	1	-1	-1	-1
4972	5132	5135	1	-1	-1	-1
4972	5135	5136	1	-1	-1	-1
5027	5028	5191	1	-1	-1	-1
5192	5029	5027	1	-1	-1	-1
4974	5136	5139	1	-1	-1	-1
5137	4974	5138	1	-1	-1	-1
5139	5138	4974	1	-1	-1	-1
5028	5031	5193	1	-1	-1	-1
5029	5195	5030	1	-1	-1	-1
5193	5031	5032	1	-1	-1	-1
4977	5141	5140	1	-1	-1	-1
5141	4978	5142	1	-1	-1	-1
5127	5129	5006	1	-1	-1	-1
5142	4979	5143	1	-1	-1	-1
5036	5197	5032	1	-1	-1	-1
5033	5035	5199	1	-1	-1	-1
5144	5143	4980	1	-1	-1	-1
5036	5033	5198	1	-1	-1	-1
5145	5144	4980	1	-1	-1	-1
5082	5114	5073	1	-1	-1	-1
5146	5145	4981	1	-1	-1	-1
5039	5203	5038	1	-1	-1	-1
5160	5121	4998	1	-1	-1	-1
5170	5104	5008	1	-1	-1	-1
5096	5090	5094	1	-1	-1	-1
5204	5039	5040	1	-1	-1	-1
5150	4987	5148	1	-1	-1	-1
5149	4987	5150	1	-1	-1	-1
5148	4988	5151	1	-1	-1	-1
5040	5044	5204	1	-1	-1	-1
5041	5205	5043	1	-1	-1	-1
5152	4990	5147	1	-1	-1	-1
5206	5042	5043	1	-1	-1	-1
5152	5151	4990	1	-1	-1	-1
5045	5042	5206	1	-1	-1	-1
5205	5041	5048	1	-1	-1	-1
5149	5154	4992	1	-1	-1	-1
5047	5208	5044	1	-1	-1	-1
5153	4992	5154	1	-1	-1	-1
5059	5038	5203	1	-1	-1	-1
5045	5209	5046	1	-1	-1	-1
5146	4996	5158	1	-1	-1	-1
5155	4993	5153	1	-1	-1	-1
5167	5005	5129	1	-1	-1	-1
5047	5046	5210	1	-1	-1	-1
4995	5157	5156	1	-1	-1	-1
5157	4997	5155	1	-1	-1	-1
5158	4996	5156	1	-1	-1	-1
5048	5049	5213	1	-1	-1	-1
5050	5213	5049	1	-1	-1	-1
5215	5050	5051	1	-1	-1	-1
5160	4998	5159	1	-1	-1	-1
4999	5162	5159	1	-1	-1	-1
5162	4999	5161	1	-1	-1	-1
5052	5217	5054	1	-1	-1	-1
5218	5052	5053	1	-1	-1	-1
5161	5002	5165	1	-1	-1	-1
5163	5164	5001	3	-1	-1	-1
5055	5220	5056	1	-1	-1	-1
5110	5109	5112	1	-1	-1	-1
5166	5002	5164	1	-1	-1	-1
5166	5165	5002	1	-1	-1	-1
5058	5220	5055	1	-1	-1	-1
5056	5221	5057	1	-1	-1	-1
5068	5216	5051	1	-1	-1	-1
5219	5053	5067	1	-1	-1	-1
5167	5169	5004	1	-1	-1	-1
5169	5168	5004	1	-1	-1	-1
5224	5058	5059	1	-1	-1	-1
5057	5222	5064	1	-1	-1	-1
5061	5226	5060	1	-1	-1	-1
5009	5171	5170	1	-1	-1	-1
5062	5227	5061	1	-1	-1	-1
5060	5226	5065	1	-1	-1	-1
5062	5063	5228	1	-1	-1	-1
5010	5173	5171	1	-1	-1	-1
5172	5173	5010	1	-1	-1	-1
5063	5064	5230	1	-1	-1	-1
5172	5012	5175	1	-1	-1	-1
5017	5180	5163	3	-1	-1	-1
5168	5177	5015	1	-1	-1	-1
5011	5174	5175	1	-1	-1	-1
5066	5065	5232	1	-1	-1	-1
5013	5176	5174	1	-1	-1	-1
5115	5134	5116	2	-1	-1	-1
5067	5066	5234	1	-1	-1	-1
5134	5115	5120	2	-1	-1	-1
5016	5177	5179	1	-1	-1	-1
5179	5178	5016	1	-1	-1	-1
5236	5068	5070	1	-1	-1	-1
5201	5035	5140	1	-1	-1	-1
5170	5103	5104	1	-1	-1	-1
5072	5237	5070	1	-1	-1	-1
5103	5170	5106	1	-1	-1	-1
5181	5180	5018	3	-1	-1	-1
5182	5181	5018	3	-1	-1	-1
5071	5238	5072	1	-1	-1	-1
5108	5106	5171	1	-1	-1	-1
5183	5184	5021	3	-1	-1	-1
5184	5185	5021	3	-1	-1	-1
5240	5075	5076	1	-1	-1	-1
5189	5024	5178	1	-1	-1	-1
5183	5023	5188	3	-1	-1	-1
5080	5075	5241	1	-1	-1	-1
5187	5186	5022	3	-1	-1	-1
5186	5188	5023	3	-1	-1	-1
5025	5190	5182	3	-1	-1	-1
5078	5077	5244	1	-1	-1	-1
5185	5190	5025	3	-1	-1	-1
5187	5024	5189	1	-1	-1	-1
5030	5196	5176	1	-1	-1	-1
5077	5080	5245	1	-1	-1	-1
5246	5079	5078	1	-1	-1	-1
5076	5085	5243	1	-1	-1	-1
5079	5247	5081	1	-1	-1	-1
5027	5191	5192	1	-1	-1	-1
5082	5081	5248	1	-1	-1	-1
5028	5193	5191	1	-1	-1	-1
5192	5194	5029	1	-1	-1	-1
5195	5029	5194	1	-1	-1	-1
5083	5250	5086	1	-1	-1	-1
5071	5110	5238	1	-1	-1	-1
5251	5085	5084	1	-1	-1	-1
5030	5195	5196	1	-1	-1	-1
5084	5087	5251	1	-1	-1	-1
5250	5083	5089	1	-1	-1	-1
5032	5197	5193	1	-1	-1	-1
5086	5252	5087	1	-1	-1	-1
5199	5198	5033	1	-1	-1	-1
5088	5254	5089	1	-1	-1	-1
5254	5088	5091	1	-1	-1	-1
5035	5200	5199	1	-1	-1	-1
5202	5197	5036	1	-1	-1	-1
5202	5036	5198	1	-1	-1	-1
5201	5200	5035	1	-1	-1	-1
5090	5257	5093	1	-1	-1	-1
5091	5092	5258	1	-1	-1	-1
5257	5090	5096	1	-1	-1	-1
5093	5259	5092	1	-1	-1	-1
5114	5082	5249	1	-1	-1	-1
5039	5204	5203	1	-1	-1	-1
5106	5170	5171	1	-1	-1	-1
5151	5150	5148	1	-1	-1	-1
5145	5146	5158	1	-1	-1	-1
5173	5108	5171	1	-1	-1	-1
5262	5096	5095	1	-1	-1	-1
5098	5261	5095	1	-1	-1	-1
5043	5205	5207	1	-1	-1	-1
5208	5204	5044	1	-1	-1	-1
5207	5206	5043	1	-1	-1	-1
5097	5264	5098	1	-1	-1	-1
5264	5097	5099	1	-1	-1	-1
5206	5209	5045	1	-1	-1	-1
5210	5046	5209	1	-1	-1	-1
5213	5205	5048	1	-1	-1	-1
5208	5047	5211	1	-1	-1	-1
5266	5099	5102	1	-1	-1	-1
5267	5101	5100	1	-1	-1	-1
5047	5210	5212	1	-1	-1	-1
5211	5047	5212	1	-1	-1	-1
5102	5101	5268	1	-1	-1	-1
5267	5100	5105	1	-1	-1	-1
5214	5213	5050	1	-1	-1	-1
5215	5214	5050	1	-1	-1	-1
5107	5267	5105	1	-1	-1	-1
5216	5215	5051	1	-1	-1	-1
5201	5140	5141	1	-1	-1	-1
5108	5271	5107	1	-1	-1	-1
5059	5203	5225	1	-1	-1	-1
5052	5218	5217	1	-1	-1	-1
5219	5218	5053	1	-1	-1	-1
5274	5110	5112	1	-1	-1	-1
5221	5056	5220	1	-1	-1	-1
5112	5111	5275	1	-1	-1	-1
5222	5057	5221	1	-1	-1	-1
5111	5113	5276	1	-1	-1	-1
5113	5114	5276	1	-1	-1	-1
5058	5223	5220	1	-1	-1	-1
5058	5224	5223	1	-1	-1	-1
5225	5224	5059	1	-1	-1	-1
5117	5278	5118	2	-1	-1	-1
5061	5227	5226	1	-1	-1	-1
5279	5119	5118	2	-1	-1	-1
5064	5222	5231	1	-1	-1	-1
5278	5117	5122	1	-1	-1	-1
5227	5062	5229	1	-1	-1	-1
5120	5119	5280	2	-1	-1	-1
5062	5228	5229	1	-1	-1	-1
5068	5236	5216	1	-1	-1	-1
5067	5235	5219	1	-1	-1	-1
5230	5228	5063	1	-1	-1	-1
5232	5065	5226	1	-1	-1	-1
5230	5064	5231	1	-1	-1	-1
5282	5122	5121	1	-1	-1	-1
5123	5284	5124	1	-1	-1	-1
5232	5233	5066	1	-1	-1	-1
5066	5233	5234	1	-1	-1	-1
5134	5120	5281	2	-1	-1	-1
5234	5235	5067	1	-1	-1	-1
5124	5286	5126	1	-1	-1	-1
5125	5126	5287	1	-1	-1	-1
5288	5128	5125	1	-1	-1	-1
5237	5236	5070	1	-1	-1	-1
5123	5137	5284	1	-1	-1	-1
5291	5129	5128	1	-1	-1	-1
5239	5237	5072	1	-1	-1	-1
5281	5133	5134	1	-1	-1	-1
5239	5072	5238	1	-1	-1	-1
5272	5108	5173	1	-1	-1	-1
5294	5131	5130	1	-1	-1	-1
5183	5188	5184	3	-1	-1	-1
5133	5293	5130	1	-1	-1	-1
5075	5240	5241	1	-1	-1	-1
5076	5242	5240	1	-1	-1	-1
5131	5296	5132	1	-1	-1	-1
5243	5242	5076	1	-1	-1	-1
5282	5121	5160	1	-1	-1	-1
5135	5132	5296	1	-1	-1	-1
5244	5077	5245	1	-1	-1	-1
5245	5080	5241	1	-1	-1	-1
5078	5244	5246	1	-1	-1	-1
5136	5135	5297	1	-1	-1	-1
5247	5079	5246	1	-1	-1	-1
5299	5139	5136	1	-1	-1	-1
5137	5138	5300	1	-1	-1	-1
5248	5081	5247	1	-1	-1	-1
5302	5138	5139	1	-1	-1	-1
5082	5248	5249	1	-1	-1	-1
5243	5085	5251	1	-1	-1	-1
5142	5303	5141	1	-1	-1	-1
5129	5291	5167	1	-1	-1	-1
5252	5086	5250	1	-1	-1	-1
5143	5305	5142	1	-1	-1	-1
5253	5251	5087	1	-1	-1	-1
5087	5252	5253	1	-1	-1	-1
5306	5143	5144	1	-1	-1	-1
5250	5089	5256	1	-1	-1	-1
5144	5145	5307	1	-1	-1	-1
5255	5089	5254	1	-1	-1	-1
5255	5256	5089	1	-1	-1	-1
5162	5139	5299	1	-1	-1	-1
5254	5091	5258	1	-1	-1	-1
5162	5302	5139	1	-1	-1	-1
5092	5259	5258	1	-1	-1	-1
5152	5147	5310	1	-1	-1	-1
5307	5145	5158	1	-1	-1	-1
5093	5257	5260	1	-1	-1	-1
5149	5150	5312	1	-1	-1	-1
5259	5093	5260	1	-1	-1	-1
5150	5151	5313	1	-1	-1	-1
5311	5154	5149	1	-1	-1	-1
5096	5263	5257	1	-1	-1	-1
5151	5152	5314	1	-1	-1	-1
5261	5262	5095	1	-1	-1	-1
5159	5299	5160	1	-1	-1	-1
5159	5162	5299	1	-1	-1	-1
5273	5238	5110	1	-1	-1	-1
5096	5262	5263	1	-1	-1	-1
5206	5207	5209	1	-1	-1	-1
5154	5315	5153	1	-1	-1	-1
5315	5155	5153	1	-1	-1	-1
5098	5265	5261	1	-1	-1	-1
5169	5167	5291	1	-1	-1	-1
5264	5265	5098	1	-1	-1	-1
5264	5099	5266	1	-1	-1	-1
5318	5157	5155	1	-1	-1	-1
5319	5156	5157	1	-1	-1	-1
5156	5319	5158	1	-1	-1	-1
5267	5268	5101	1	-1	-1	-1
5266	5102	5269	1	-1	-1	-1
5276	5114	5249	1	-1	-1	-1
5268	5269	5102	1	-1	-1	-1
5162	5161	5321	1	-1	-1	-1
5267	5107	5270	1	-1	-1	-1
5141	5304	5201	1	-1	-1	-1
5161	5165	5321	1	-1	-1	-1
5271	5270	5107	1	-1	-1	-1
5322	5164	5163	3	-1	-1	-1
5272	5271	5108	1	-1	-1	-1
5322	5166	5164	3	-1	-1	-1
5324	5165	5166	1	-1	-1	-1
5110	5274	5273	1	-1	-1	-1
5111	5276	5275	1	-1	-1	-1
5112	5277	5274	1	-1	-1	-1
5223	5221	5220	1	-1	-1	-1
5275	5277	5112	1	-1	-1	-1
5327	5168	5169	1	-1	-1	-1
5323	5163	5180	3	-1	-1	-1
5327	5177	5168	1	-1	-1	-1
5173	5172	5329	1	-1	-1	-1
5279	5118	5278	2	-1	-1	-1
5172	5175	5330	1	-1	-1	-1
5279	5280	5119	2	-1	-1	-1
5280	5281	5120	2	-1	-1	-1
5174	5332	5175	1	-1	-1	-1
5283	5278	5122	1	-1	-1	-1
5174	5176	5333	1	-1	-1	-1
5122	5282	5283	1	-1	-1	-1
5179	5177	5334	1	-1	-1	-1
5179	5335	5178	1	-1	-1	-1
5284	5285	5124	1	-1	-1	-1
5124	5285	5286	1	-1	-1	-1
5181	5337	5180	3	-1	-1	-1
5125	5287	5288	1	-1	-1	-1
5289	5126	5286	1	-1	-1	-1
5178	5335	5189	1	-1	-1	-1
5182	5340	5181	3	-1	-1	-1
5126	5290	5287	1	-1	-1	-1
5176	5196	5333	1	-1	-1	-1
5290	5126	5289	1	-1	-1	-1
5281	5293	5133	1	-1	-1	-1
5288	5292	5128	1	-1	-1	-1
5291	5128	5292	1	-1	-1	-1
5185	5184	5342	3	-1	-1	-1
5182	5190	5341	3	-1	-1	-1
5184	5188	5343	3	-1	-1	-1
5130	5293	5294	1	-1	-1	-1
5186	5187	5346	3	-1	-1	-1
5345	5190	5185	3	-1	-1	-1
5131	5294	5295	1	-1	-1	-1
5186	5347	5188	3	-1	-1	-1
5300	5284	5137	1	-1	-1	-1
5296	5131	5295	1	-1	-1	-1
5348	5187	5189	1	-1	-1	-1
5135	5296	5298	1	-1	-1	-1
5297	5135	5298	1	-1	-1	-1
5297	5299	5136	1	-1	-1	-1
5192	5191	5349	1	-1	-1	-1
5350	5191	5193	1	-1	-1	-1
5192	5351	5194	1	-1	-1	-1
5138	5301	5300	1	-1	-1	-1
5282	5160	5297	1	-1	-1	-1
5301	5138	5302	1	-1	-1	-1
5352	5193	5197	1	-1	-1	-1
5194	5353	5195	1	-1	-1	-1
5195	5354	5196	1	-1	-1	-1
5303	5304	5141	1	-1	-1	-1
5238	5273	5239	1	-1	-1	-1
5303	5142	5305	1	-1	-1	-1
5352	5197	5202	1	-1	-1	-1
5199	5356	5198	1	-1	-1	-1
5305	5143	5306	1	-1	-1	-1
5356	5199	5200	1	-1	-1	-1
5299	5297	5160	1	-1	-1	-1
5198	5356	5202	1	-1	-1	-1
5308	5306	5144	1	-1	-1	-1
5201	5357	5200	1	-1	-1	-1
5307	5308	5144	1	-1	-1	-1
5147	5309	5310	1	-1	-1	-1
5203	5204	5361	1	-1	-1	-1
5312	5311	5149	1	-1	-1	-1
5204	5208	5362	1	-1	-1	-1
5205	5363	5207	1	-1	-1	-1
5150	5313	5312	1	-1	-1	-1
5310	5314	5152	1	-1	-1	-1
5331	5272	5173	1	-1	-1	-1
5313	5151	5314	1	-1	-1	-1
5311	5316	5154	1	-1	-1	-1
5363	5205	5213	1	-1	-1	-1
5365	5209	5207	1	-1	-1	-1
5365	5210	5209	1	-1	-1	-1
5307	5158	5320	1	-1	-1	-1
5154	5316	5315	1	-1	-1	-1
5302	5162	5321	1	-1	-1	-1
5367	5208	5211	1	-1	-1	-1
5210	5365	5212	1	-1	-1	-1
5315	5317	5155	1	-1	-1	-1
5328	5169	5291	1	-1	-1	-1
5361	5225	5203	1	-1	-1	-1
5318	5155	5317	1	-1	-1	-1
5212	5368	5211	1	-1	-1	-1
5318	5319	5157	1	-1	-1	-1
5319	5320	5158	1	-1	-1	-1
5213	5214	5371	1	-1	-1	-1
5214	5215	5373	1	-1	-1	-1
5268	5267	5270	1	-1	-1	-1
5374	5215	5216	1	-1	-1	-1
5163	5323	5322	3	-1	-1	-1
5217	5218	5375	1	-1	-1	-1
5165	5325	5321	1	-1	-1	-1
5218	5219	5376	1	-1	-1	-1
5166	5322	5326	3	-1	-1	-1
5324	5325	5165	1	-1	-1	-1
5324	5166	5326	3	-1	-1	-1
5377	5222	5221	1	-1	-1	-1
5221	5223	5378	1	-1	-1	-1
5328	5327	5169	1	-1	-1	-1
5378	5223	5224	1	-1	-1	-1
5374	5216	5236	1	-1	-1	-1
5225	5381	5224	1	-1	-1	-1
5235	5376	5219	1	-1	-1	-1
5330	5329	5172	1	-1	-1	-1
5173	5329	5331	1	-1	-1	-1
5231	5222	5380	1	-1	-1	-1
5175	5332	5330	1	-1	-1	-1
5384	5226	5227	1	-1	-1	-1
5327	5334	5177	1	-1	-1	-1
5332	5174	5333	1	-1	-1	-1
5229	5384	5227	1	-1	-1	-1
5338	5323	5180	3	-1	-1	-1
5228	5385	5229	1	-1	-1	-1
5226	5384	5232	1	-1	-1	-1
5385	5228	5230	1	-1	-1	-1
5230	5231	5388	1	-1	-1	-1
5336	5179	5334	1	-1	-1	-1
5336	5335	5179	1	-1	-1	-1
5390	5233	5232	1	-1	-1	-1
5180	5337	5338	3	-1	-1	-1
5337	5181	5339	3	-1	-1	-1
5233	5391	5234	1	-1	-1	-1
5181	5340	5339	3	-1	-1	-1
5392	5235	5234	1	-1	-1	-1
5182	5341	5340	3	-1	-1	-1
5298	5283	5282	1	-1	-1	-1
5201	5304	5359	1	-1	-1	-1
5394	5236	5237	1	-1	-1	-1
5343	5342	5184	3	-1	-1	-1
5342	5344	5185	3	-1	-1	-1
5189	5335	5348	1	-1	-1	-1
5239	5396	5237	1	-1	-1	-1
5345	5185	5344	3	-1	-1	-1
5341	5190	5345	3	-1	-1	-1
5297	5298	5282	1	-1	-1	-1
5343	5188	5347	3	-1	-1	-1
5186	5346	5347	3	-1	-1	-1
5240	5399	5241	1	-1	-1	-1
5399	5240	5242	1	-1	-1	-1
5187	5348	5346	3	-1	-1	-1
5333	5196	5354	1	-1	-1	-1
5241	5401	5245	1	-1	-1	-1
5402	5242	5243	1	-1	-1	-1
5350	5349	5191	1	-1	-1	-1
5349	5351	5192	1	-1	-1	-1
5404	5244	5245	1	-1	-1	-1
5246	5244	5404	1	-1	-1	-1
5350	5193	5352	1	-1	-1	-1
5251	5403	5243	1	-1	-1	-1
5353	5194	5351	1	-1	-1	-1
5406	5247	5246	1	-1	-1	-1
5407	5248	5247	1	-1	-1	-1
5355	5195	5353	1	-1	-1	-1
5354	5195	5355	1	-1	-1	-1
5248	5408	5249	1	-1	-1	-1
5273	5398	5239	1	-1	-1	-1
5328	5291	5292	1	-1	-1	-1
5252	5250	5411	1	-1	-1	-1
5360	5352	5202	1	-1	-1	-1
5356	5200	5358	1	-1	-1	-1
5358	5200	5357	1	-1	-1	-1
5251	5253	5412	1	-1	-1	-1
5256	5411	5250	1	-1	-1	-1
5357	5201	5359	1	-1	-1	-1
5360	5202	5356	1	-1	-1	-1
5252	5413	5253	1	-1	-1	-1
5339	5290	5289	1	-1	-1	-1
5254	5415	5255	1	-1	-1	-1
5362	5361	5204	1	-1	-1	-1
5255	5416	5256	1	-1	-1	-1
5415	5254	5258	1	-1	-1	-1
5276	5249	5410	1	-1	-1	-1
5364	5365	5207	1	-1	-1	-1
5366	5207	5363	1	-1	-1	-1
5362	5208	5367	1	-1	-1	-1
5257	5420	5260	1	-1	-1	-1
5364	5207	5366	1	-1	-1	-1
5259	5421	5258	1	-1	-1	-1
5314	5312	5313	1	-1	-1	-1
5263	5420	5257	1	-1	-1	-1
5422	5259	5260	1	-1	-1	-1
5398	5273	5274	1	-1	-1	-1
5371	5363	5213	1	-1	-1	-1
5365	5370	5212	1	-1	-1	-1
5424	5262	5261	1	-1	-1	-1
5211	5369	5367	1	-1	-1	-1
5211	5368	5369	1	-1	-1	-1
5370	5368	5212	1	-1	-1	-1
5261	5265	5425	1	-1	-1	-1
5426	5263	5262	1	-1	-1	-1
5264	5428	5265	1	-1	-1	-1
5214	5372	5371	1	-1	-1	-1
5264	5266	5428	1	-1	-1	-1
5373	5372	5214	1	-1	-1	-1
5410	5275	5276	1	-1	-1	-1
5277	5275	5410	1	-1	-1	-1
5374	5373	5215	1	-1	-1	-1
5430	5266	5269	1	-1	-1	-1
5431	5269	5268	1	-1	-1	-1
5361	5383	5225	1	-1	-1	-1
5376	5375	5218	1	-1	-1	-1
5431	5268	5270	1	-1	-1	-1
5290	5339	5340	1	-1	-1	-1
5271	5431	5270	1	-1	-1	-1
5377	5221	5378	1	-1	-1	-1
5272	5433	5271	1	-1	-1	-1
5222	5377	5379	1	-1	-1	-1
5222	5379	5380	1	-1	-1	-1
5378	5224	5382	1	-1	-1	-1
5434	5274	5277	1	-1	-1	-1
5381	5382	5224	1	-1	-1	-1
5381	5225	5383	1	-1	-1	-1
5279	5278	5436	2	-1	-1	-1
5279	5437	5280	2	-1	-1	-1
5278	5283	5436	1	-1	-1	-1
5281	5280	5438	2	-1	-1	-1
5386	5384	5229	1	-1	-1	-1
5380	5388	5231	1	-1	-1	-1
5229	5385	5386	1	-1	-1	-1
5385	5230	5387	1	-1	-1	-1
5235	5393	5376	1	-1	-1	-1
5389	5232	5384	1	-1	-1	-1
5236	5395	5374	1	-1	-1	-1
5387	5230	5388	1	-1	-1	-1
5285	5284	5441	1	-1	-1	-1
5390	5232	5389	1	-1	-1	-1
5293	5281	5438	1	-1	-1	-1
5286	5285	5442	1	-1	-1	-1
5233	5390	5391	1	-1	-1	-1
5234	5391	5392	1	-1	-1	-1
5444	5289	5286	1	-1	-1	-1
5393	5235	5392	1	-1	-1	-1
5287	5445	5288	1	-1	-1	-1
5283	5298	5440	1	-1	-1	-1
5287	5290	5445	1	-1	-1	-1
5300	5441	5284	1	-1	-1	-1
5394	5395	5236	1	-1	-1	-1
5292	5288	5446	1	-1	-1	-1
5394	5237	5396	1	-1	-1	-1
5396	5239	5397	1	-1	-1	-1
5397	5239	5398	1	-1	-1	-1
5433	5272	5331	1	-1	-1	-1
5294	5293	5450	1	-1	-1	-1
5451	5295	5294	1	-1	-1	-1
5241	5399	5400	1	-1	-1	-1
5241	5400	5401	1	-1	-1	-1
5242	5402	5399	1	-1	-1	-1
5295	5453	5296	1	-1	-1	-1
5298	5296	5453	1	-1	-1	-1
5243	5403	5402	1	-1	-1	-1
5245	5401	5405	1	-1	-1	-1
5245	5405	5404	1	-1	-1	-1
5454	5300	5301	1	-1	-1	-1
5246	5404	5406	1	-1	-1	-1
5456	5301	5302	1	-1	-1	-1
5407	5247	5406	1	-1	-1	-1
5407	5408	5248	1	-1	-1	-1
5304	5303	5457	1	-1	-1	-1
5457	5303	5305	1	-1	-1	-1
5403	5251	5412	1	-1	-1	-1
5292	5448	5328	1	-1	-1	-1
5409	5410	5249	1	-1	-1	-1
5249	5408	5409	1	-1	-1	-1
5305	5306	5460	1	-1	-1	-1
5308	5460	5306	1	-1	-1	-1
5289	5447	5339	1	-1	-1	-1
5340	5445	5290	1	-1	-1	-1
5413	5252	5411	1	-1	-1	-1
5308	5307	5461	1	-1	-1	-1
5414	5412	5253	1	-1	-1	-1
5456	5302	5321	1	-1	-1	-1
5414	5253	5413	1	-1	-1	-1
5309	5465	5310	1	-1	-1	-1
5419	5411	5256	1	-1	-1	-1
5417	5255	5415	1	-1	-1	-1
5416	5255	5417	1	-1	-1	-1
5320	5461	5307	1	-1	-1	-1
5256	5416	5418	1	-1	-1	-1
5467	5311	5312	1	-1	-1	-1
5310	5466	5314	1	-1	-1	-1
5256	5418	5419	1	-1	-1	-1
5415	5258	5421	1	-1	-1	-1
5314	5468	5312	1	-1	-1	-1
5316	5311	5467	1	-1	-1	-1
5315	5316	5469	1	-1	-1	-1
5363	5371	5366	1	-1	-1	-1
5315	5469	5317	1	-1	-1	-1
5259	5422	5421	1	-1	-1	-1
5456	5321	5325	1	-1	-1	-1
5260	5420	5423	1	-1	-1	-1
5423	5422	5260	1	-1	-1	-1
5317	5470	5318	1	-1	-1	-1
5434	5398	5274	1	-1	-1	-1
5361	5362	5383	1	-1	-1	-1
5318	5472	5319	1	-1	-1	-1
5420	5263	5427	1	-1	-1	-1
5424	5261	5425	1	-1	-1	-1
5473	5320	5319	1	-1	-1	-1
5426	5262	5424	1	-1	-1	-1
5426	5427	5263	1	-1	-1	-1
5323	5474	5322	3	-1	-1	-1
5425	5265	5429	1	-1	-1	-1
5304	5458	5359	1	-1	-1	-1
5265	5428	5429	1	-1	-1	-1
5435	5277	5410	1	-1	-1	-1
5338	5337	5447	3	-1	-1	-1
5474	5326	5322	3	-1	-1	-1
5337	5339	5447	3	-1	-1	-1
5430	5428	5266	1	-1	-1	-1
5324	5476	5325	1	-1	-1	-1
5445	5340	5341	1	-1	-1	-1
5326	5477	5324	3	-1	-1	-1
5269	5432	5430	1	-1	-1	-1
5431	5432	5269	1	-1	-1	-1
5341	5345	5446	1	-1	-1	-1
5433	5431	5271	1	-1	-1	-1
5475	5323	5338	3	-1	-1	-1
5328	5482	5327	1	-1	-1	-1
5449	5345	5344	1	-1	-1	-1
5483	5329	5330	1	-1	-1	-1
5481	5334	5327	1	-1	-1	-1
5483	5331	5329	1	-1	-1	-1
5435	5434	5277	1	-1	-1	-1
5485	5330	5332	1	-1	-1	-1
5333	5487	5332	1	-1	-1	-1
5436	5437	5279	2	-1	-1	-1
5438	5280	5437	2	-1	-1	-1
5387	5386	5385	1	-1	-1	-1
5336	5334	5488	1	-1	-1	-1
5436	5283	5439	1	-1	-1	-1
5386	5389	5384	1	-1	-1	-1
5489	5335	5336	1	-1	-1	-1
5440	5439	5283	1	-1	-1	-1
5443	5285	5441	1	-1	-1	-1
5285	5443	5442	1	-1	-1	-1
5286	5442	5444	1	-1	-1	-1
5335	5489	5348	1	-1	-1	-1
5354	5487	5333	1	-1	-1	-1
5492	5342	5343	3	-1	-1	-1
5342	5492	5344	3	-1	-1	-1
5445	5446	5288	1	-1	-1	-1
5447	5289	5444	1	-1	-1	-1
5438	5450	5293	1	-1	-1	-1
5347	5493	5343	3	-1	-1	-1
5494	5347	5346	3	-1	-1	-1
5292	5446	5449	1	-1	-1	-1
5348	5495	5346	3	-1	-1	-1
5292	5449	5448	1	-1	-1	-1
5453	5440	5298	1	-1	-1	-1
5450	5451	5294	1	-1	-1	-1
5441	5300	5454	1	-1	-1	-1
5497	5349	5350	1	-1	-1	-1
5351	5349	5496	1	-1	-1	-1
5487	5354	5355	1	-1	-1	-1
5451	5452	5295	1	-1	-1	-1
5453	5295	5452	1	-1	-1	-1
5352	5498	5350	1	-1	-1	-1
5353	5351	5499	1	-1	-1	-1
5355	5353	5502	1	-1	-1	-1
5455	5454	5301	1	-1	-1	-1
5455	5301	5456	1	-1	-1	-1
5352	5360	5501	1	-1	-1	-1
5304	5457	5458	1	-1	-1	-1
5356	5358	5506	1	-1	-1	-1
5305	5459	5457	1	-1	-1	-1
5356	5506	5360	1	-1	-1	-1
5357	5507	5358	1	-1	-1	-1
5359	5507	5357	1	-1	-1	-1
5305	5460	5459	1	-1	-1	-1
5463	5460	5308	1	-1	-1	-1
5308	5461	5462	1	-1	-1	-1
5446	5445	5341	1	-1	-1	-1
5462	5463	5308	1	-1	-1	-1
5465	5309	5464	1	-1	-1	-1
5449	5446	5345	1	-1	-1	-1
5310	5465	5466	1	-1	-1	-1
5362	5367	5512	1	-1	-1	-1
5419	5413	5411	1	-1	-1	-1
5364	5366	5513	1	-1	-1	-1
5364	5514	5365	1	-1	-1	-1
5467	5312	5468	1	-1	-1	-1
5468	5314	5466	1	-1	-1	-1
5514	5370	5365	1	-1	-1	-1
5331	5486	5433	1	-1	-1	-1
5366	5371	5515	1	-1	-1	-1
5469	5316	5467	1	-1	-1	-1
5367	5369	5517	1	-1	-1	-1
5461	5320	5473	1	-1	-1	-1
5368	5518	5369	1	-1	-1	-1
5518	5368	5370	1	-1	-1	-1
5383	5362	5512	1	-1	-1	-1
5317	5469	5471	1	-1	-1	-1
5482	5328	5448	1	-1	-1	-1
5371	5372	5515	1	-1	-1	-1
5471	5470	5317	1	-1	-1	-1
5456	5325	5478	1	-1	-1	-1
5472	5318	5470	1	-1	-1	-1
5472	5473	5319	1	-1	-1	-1
5373	5522	5372	1	-1	-1	-1
5423	5420	5427	1	-1	-1	-1
5374	5523	5373	1	-1	-1	-1
5475	5474	5323	3	-1	-1	-1
5338	5447	5490	3	-1	-1	-1
5376	5524	5375	1	-1	-1	-1
5476	5324	5477	3	-1	-1	-1
5378	5525	5377	1	-1	-1	-1
5476	5479	5325	1	-1	-1	-1
5474	5480	5326	3	-1	-1	-1
5479	5478	5325	1	-1	-1	-1
5377	5526	5379	1	-1	-1	-1
5480	5477	5326	3	-1	-1	-1
5382	5525	5378	1	-1	-1	-1
5492	5449	5344	1	-1	-1	-1
5379	5527	5380	1	-1	-1	-1
5327	5482	5481	1	-1	-1	-1
5395	5523	5374	1	-1	-1	-1
5382	5381	5529	1	-1	-1	-1
5529	5381	5383	1	-1	-1	-1
5524	5376	5393	1	-1	-1	-1
5388	5380	5528	1	-1	-1	-1
5432	5431	5433	1	-1	-1	-1
5484	5483	5330	1	-1	-1	-1
5484	5330	5485	1	-1	-1	-1
5483	5486	5331	1	-1	-1	-1
5488	5334	5481	1	-1	-1	-1
5338	5491	5475	3	-1	-1	-1
5332	5487	5485	1	-1	-1	-1
5386	5387	5532	1	-1	-1	-1
5389	5386	5532	1	-1	-1	-1
5388	5533	5387	1	-1	-1	-1
5336	5488	5489	1	-1	-1	-1
5390	5389	5536	1	-1	-1	-1
5338	5490	5491	3	-1	-1	-1
5391	5390	5539	1	-1	-1	-1
5392	5391	5539	1	-1	-1	-1
5540	5393	5392	1	-1	-1	-1
5359	5458	5509	1	-1	-1	-1
5492	5343	5493	3	-1	-1	-1
5395	5394	5543	1	-1	-1	-1
5495	5348	5489	3	-1	-1	-1
5543	5394	5396	1	-1	-1	-1
5493	5347	5494	3	-1	-1	-1
5495	5494	5346	3	-1	-1	-1
5396	5397	5546	1	-1	-1	-1
5397	5398	5547	1	-1	-1	-1
5497	5496	5349	1	-1	-1	-1
5350	5498	5497	1	-1	-1	-1
5487	5355	5504	1	-1	-1	-1
5500	5351	5496	1	-1	-1	-1
5400	5399	5549	1	-1	-1	-1
5399	5402	5549	1	-1	-1	-1
5351	5500	5499	1	-1	-1	-1
5400	5550	5401	1	-1	-1	-1
5501	5498	5352	1	-1	-1	-1
5499	5503	5353	1	-1	-1	-1
5403	5553	5402	1	-1	-1	-1
5401	5552	5405	1	-1	-1	-1
5353	5503	5502	1	-1	-1	-1
5505	5355	5502	1	-1	-1	-1
5505	5504	5355	1	-1	-1	-1
5406	5404	5556	1	-1	-1	-1
5557	5404	5405	1	-1	-1	-1
5412	5554	5403	1	-1	-1	-1
5407	5406	5558	1	-1	-1	-1
5358	5508	5506	1	-1	-1	-1
5501	5360	5511	1	-1	-1	-1
5507	5508	5358	1	-1	-1	-1
5408	5407	5559	1	-1	-1	-1
5408	5559	5409	1	-1	-1	-1
5359	5510	5507	1	-1	-1	-1
5506	5511	5360	1	-1	-1	-1
5509	5510	5359	1	-1	-1	-1
5560	5410	5409	1	-1	-1	-1
5412	5414	5554	1	-1	-1	-1
5398	5434	5548	1	-1	-1	-1
5447	5444	5490	1	-1	-1	-1
5414	5413	5562	1	-1	-1	-1
5478	5455	5456	1	-1	-1	-1
5513	5514	5364	1	-1	-1	-1
5419	5562	5413	1	-1	-1	-1
5516	5513	5366	1	-1	-1	-1
5563	5417	5415	1	-1	-1	-1
5367	5517	5512	1	-1	-1	-1
5366	5515	5516	1	-1	-1	-1
5564	5416	5417	1	-1	-1	-1
5564	5418	5416	1	-1	-1	-1
5421	5563	5415	1	-1	-1	-1
5419	5418	5567	1	-1	-1	-1
5520	5370	5514	1	-1	-1	-1
5560	5435	5410	1	-1	-1	-1
5369	5519	5517	1	-1	-1	-1
5518	5519	5369	1	-1	-1	-1
5522	5515	5372	1	-1	-1	-1
5370	5521	5518	1	-1	-1	-1
5521	5370	5520	1	-1	-1	-1
5569	5421	5422	1	-1	-1	-1
5570	5422	5423	1	-1	-1	-1
5548	5434	5435	1	-1	-1	-1
5373	5523	5522	1	-1	-1	-1
5427	5571	5423	1	-1	-1	-1
5424	5425	5572	1	-1	-1	-1
5424	5573	5426	1	-1	-1	-1
5383	5512	5531	1	-1	-1	-1
5426	5575	5427	1	-1	-1	-1
5429	5574	5425	1	-1	-1	-1
5377	5525	5526	1	-1	-1	-1
5475	5480	5474	3	-1	-1	-1
5527	5379	5526	1	-1	-1	-1
5576	5429	5428	1	-1	-1	-1
5430	5576	5428	1	-1	-1	-1
5528	5380	5527	1	-1	-1	-1
5382	5530	5525	1	-1	-1	-1
5578	5430	5432	1	-1	-1	-1
5382	5529	5530	1	-1	-1	-1
5531	5529	5383	1	-1	-1	-1
5579	5432	5433	1	-1	-1	-1
5535	5388	5528	1	-1	-1	-1
5532	5387	5534	1	-1	-1	-1
5534	5387	5533	1	-1	-1	-1
5582	5437	5436	2	-1	-1	-1
5535	5533	5388	1	-1	-1	-1
5389	5532	5536	1	-1	-1	-1
5582	5436	5439	1	-1	-1	-1
5541	5524	5393	1	-1	-1	-1
5437	5583	5438	2	-1	-1	-1
5544	5523	5395	1	-1	-1	-1
5440	5584	5439	1	-1	-1	-1
5390	5536	5538	1	-1	-1	-1
5537	5390	5538	1	-1	-1	-1
5537	5539	5390	1	-1	-1	-1
5443	5441	5585	1	-1	-1	-1
5583	5450	5438	1	-1	-1	-1
5442	5443	5586	1	-1	-1	-1
5392	5539	5540	1	-1	-1	-1
5442	5586	5444	1	-1	-1	-1
5488	5495	5489	1	-1	-1	-1
5393	5540	5542	1	-1	-1	-1
5393	5542	5541	1	-1	-1	-1
5504	5485	5487	1	-1	-1	-1
5440	5453	5584	1	-1	-1	-1
5441	5454	5585	1	-1	-1	-1
5395	5543	5545	1	-1	-1	-1
5544	5395	5545	1	-1	-1	-1
5451	5450	5583	1	-1	-1	-1
5543	5396	5546	1	-1	-1	-1
5589	5448	5449	1	-1	-1	-1
5452	5584	5453	1	-1	-1	-1
5547	5546	5397	1	-1	-1	-1
5548	5547	5398	1	-1	-1	-1
5452	5451	5590	1	-1	-1	-1
5579	5433	5486	1	-1	-1	-1
5400	5549	5551	1	-1	-1	-1
5454	5455	5591	1	-1	-1	-1
5550	5400	5551	1	-1	-1	-1
5550	5552	5401	1	-1	-1	-1
5553	5549	5402	1	-1	-1	-1
5594	5458	5457	1	-1	-1	-1
5459	5594	5457	1	-1	-1	-1
5403	5555	5553	1	-1	-1	-1
5555	5403	5554	1	-1	-1	-1
5405	5552	5557	1	-1	-1	-1
5460	5596	5459	1	-1	-1	-1
5556	5404	5557	1	-1	-1	-1
5482	5448	5589	1	-1	-1	-1
5406	5556	5558	1	-1	-1	-1
5460	5463	5598	1	-1	-1	-1
5462	5461	5599	1	-1	-1	-1
5490	5444	5588	1	-1	-1	-1
5559	5407	5558	1	-1	-1	-1
5462	5600	5463	1	-1	-1	-1
5593	5455	5478	1	-1	-1	-1
5559	5561	5409	1	-1	-1	-1
5414	5562	5554	1	-1	-1	-1
5561	5560	5409	1	-1	-1	-1
5449	5492	5589	1	-1	-1	-1
5464	5603	5465	1	-1	-1	-1
5473	5599	5461	1	-1	-1	-1
5466	5465	5604	1	-1	-1	-1
5466	5605	5468	1	-1	-1	-1
5468	5605	5467	1	-1	-1	-1
5469	5467	5607	1	-1	-1	-1
5417	5563	5566	1	-1	-1	-1
5417	5565	5564	1	-1	-1	-1
5469	5607	5471	1	-1	-1	-1
5565	5417	5566	1	-1	-1	-1
5562	5419	5568	1	-1	-1	-1
5471	5608	5470	1	-1	-1	-1
5564	5567	5418	1	-1	-1	-1
5479	5593	5478	1	-1	-1	-1
5472	5470	5609	1	-1	-1	-1
5421	5569	5563	1	-1	-1	-1
5419	5567	5568	1	-1	-1	-1
5612	5473	5472	1	-1	-1	-1
5569	5422	5570	1	-1	-1	-1
5458	5595	5509	1	-1	-1	-1
5548	5435	5580	1	-1	-1	-1
5570	5423	5571	1	-1	-1	-1
5615	5476	5477	3	-1	-1	-1
5480	5475	5613	3	-1	-1	-1
5490	5588	5491	3	-1	-1	-1
5572	5573	5424	1	-1	-1	-1
5479	5476	5614	1	-1	-1	-1
5574	5572	5425	1	-1	-1	-1
5575	5571	5427	1	-1	-1	-1
5480	5616	5477	3	-1	-1	-1
5573	5575	5426	1	-1	-1	-1
5492	5493	5589	1	-1	-1	-1
5435	5560	5581	1	-1	-1	-1
5475	5491	5613	3	-1	-1	-1
5577	5574	5429	1	-1	-1	-1
5482	5618	5481	1	-1	-1	-1
5577	5429	5576	1	-1	-1	-1
5576	5430	5578	1	-1	-1	-1
5617	5488	5481	1	-1	-1	-1
5619	5483	5484	1	-1	-1	-1
5620	5486	5483	1	-1	-1	-1
5432	5579	5578	1	-1	-1	-1
5485	5621	5484	1	-1	-1	-1
5581	5580	5435	1	-1	-1	-1
5488	5617	5495	1	-1	-1	-1
5536	5532	5534	1	-1	-1	-1
5437	5582	5583	2	-1	-1	-1
5618	5493	5494	1	-1	-1	-1
5584	5582	5439	1	-1	-1	-1
5495	5617	5494	1	-1	-1	-1
5504	5623	5485	1	-1	-1	-1
5587	5443	5585	1	-1	-1	-1
5586	5443	5587	1	-1	-1	-1
5624	5496	5497	1	-1	-1	-1
5588	5444	5586	1	-1	-1	-1
5624	5500	5496	1	-1	-1	-1
5497	5498	5626	1	-1	-1	-1
5590	5451	5583	1	-1	-1	-1
5626	5498	5501	1	-1	-1	-1
5627	5499	5500	1	-1	-1	-1
5452	5590	5584	1	-1	-1	-1
5503	5499	5627	1	-1	-1	-1
5454	5592	5585	1	-1	-1	-1
5504	5505	5623	1	-1	-1	-1
5503	5630	5502	1	-1	-1	-1
5454	5591	5592	1	-1	-1	-1
5502	5630	5505	1	-1	-1	-1
5593	5591	5455	1	-1	-1	-1
5511	5629	5501	1	-1	-1	-1
5594	5595	5458	1	-1	-1	-1
5508	5635	5506	1	-1	-1	-1
5459	5597	5594	1	-1	-1	-1
5636	5508	5507	1	-1	-1	-1
5511	5506	5635	1	-1	-1	-1
5597	5459	5596	1	-1	-1	-1
5636	5507	5510	1	-1	-1	-1
5596	5460	5598	1	-1	-1	-1
5510	5509	5637	1	-1	-1	-1
5462	5599	5600	1	-1	-1	-1
5598	5463	5601	1	-1	-1	-1
5463	5600	5601	1	-1	-1	-1
5602	5603	5464	1	-1	-1	-1
5604	5465	5603	1	-1	-1	-1
5517	5643	5512	1	-1	-1	-1
5645	5514	5513	1	-1	-1	-1
5513	5516	5645	1	-1	-1	-1
5604	5605	5466	1	-1	-1	-1
5647	5516	5515	1	-1	-1	-1
5605	5606	5467	1	-1	-1	-1
5645	5520	5514	1	-1	-1	-1
5467	5606	5607	1	-1	-1	-1
5522	5646	5515	1	-1	-1	-1
5599	5473	5612	1	-1	-1	-1
5486	5620	5579	1	-1	-1	-1
5593	5479	5614	1	-1	-1	-1
5651	5517	5519	1	-1	-1	-1
5512	5644	5531	1	-1	-1	-1
5608	5609	5470	1	-1	-1	-1
5607	5610	5471	1	-1	-1	-1
5519	5518	5652	1	-1	-1	-1
5618	5482	5589	1	-1	-1	-1
5471	5611	5608	1	-1	-1	-1
5521	5652	5518	1	-1	-1	-1
5491	5588	5613	3	-1	-1	-1
5471	5610	5611	1	-1	-1	-1
5612	5472	5609	1	-1	-1	-1
5520	5653	5521	1	-1	-1	-1
5569	5566	5563	1	-1	-1	-1
5493	5618	5589	1	-1	-1	-1
5523	5655	5522	1	-1	-1	-1
5560	5561	5581	1	-1	-1	-1
5644	5529	5531	1	-1	-1	-1
5476	5615	5614	3	-1	-1	-1
5656	5526	5525	1	-1	-1	-1
5615	5477	5616	3	-1	-1	-1
5480	5613	5616	3	-1	-1	-1
5525	5530	5656	1	-1	-1	-1
5527	5526	5658	1	-1	-1	-1
5527	5659	5528	1	-1	-1	-1
5481	5618	5617	1	-1	-1	-1
5530	5529	5661	1	-1	-1	-1
5523	5544	5655	1	-1	-1	-1
5619	5620	5483	1	-1	-1	-1
5528	5660	5535	1	-1	-1	-1
5622	5619	5484	1	-1	-1	-1
5484	5621	5622	1	-1	-1	-1
5494	5617	5618	1	-1	-1	-1
5623	5621	5485	1	-1	-1	-1
5533	5663	5534	1	-1	-1	-1
5663	5533	5535	1	-1	-1	-1
5534	5665	5536	1	-1	-1	-1
5536	5665	5538	1	-1	-1	-1
5638	5509	5595	1	-1	-1	-1
5668	5537	5538	1	-1	-1	-1
5539	5537	5667	1	-1	-1	-1
5540	5539	5667	1	-1	-1	-1
5624	5497	5625	1	-1	-1	-1
5497	5626	5625	1	-1	-1	-1
5670	5542	5540	1	-1	-1	-1
5624	5628	5500	1	-1	-1	-1
5542	5671	5541	1	-1	-1	-1
5628	5627	5500	1	-1	-1	-1
5583	5582	5590	2	-1	-1	-1
5590	5582	5584	1	-1	-1	-1
5501	5629	5626	1	-1	-1	-1
5672	5545	5543	1	-1	-1	-1
5627	5631	5503	1	-1	-1	-1
5546	5672	5543	1	-1	-1	-1
5505	5634	5623	1	-1	-1	-1
5544	5545	5674	1	-1	-1	-1
5632	5630	5503	1	-1	-1	-1
5631	5632	5503	1	-1	-1	-1
5630	5633	5505	1	-1	-1	-1
5546	5547	5676	1	-1	-1	-1
5677	5547	5548	1	-1	-1	-1
5505	5633	5634	1	-1	-1	-1
5636	5635	5508	1	-1	-1	-1
5549	5679	5551	1	-1	-1	-1
5641	5629	5511	1	-1	-1	-1
5679	5549	5553	1	-1	-1	-1
5680	5552	5550	1	-1	-1	-1
5550	5551	5681	1	-1	-1	-1
5638	5637	5509	1	-1	-1	-1
5510	5639	5636	1	-1	-1	-1
5511	5635	5640	1	-1	-1	-1
5510	5637	5639	1	-1	-1	-1
5552	5683	5557	1	-1	-1	-1
5555	5684	5553	1	-1	-1	-1
5640	5642	5511	1	-1	-1	-1
5555	5554	5685	1	-1	-1	-1
5511	5642	5641	1	-1	-1	-1
5557	5688	5556	1	-1	-1	-1
5512	5643	5644	1	-1	-1	-1
5562	5685	5554	1	-1	-1	-1
5558	5556	5688	1	-1	-1	-1
5678	5548	5580	1	-1	-1	-1
5558	5690	5559	1	-1	-1	-1
5647	5515	5646	1	-1	-1	-1
5648	5645	5516	1	-1	-1	-1
5643	5517	5650	1	-1	-1	-1
5647	5649	5516	1	-1	-1	-1
5559	5692	5561	1	-1	-1	-1
5516	5649	5648	1	-1	-1	-1
5520	5645	5653	1	-1	-1	-1
5650	5517	5651	1	-1	-1	-1
5651	5519	5652	1	-1	-1	-1
5522	5655	5646	1	-1	-1	-1
5565	5696	5564	1	-1	-1	-1
5695	5562	5568	1	-1	-1	-1
5521	5654	5652	1	-1	-1	-1
5564	5697	5567	1	-1	-1	-1
5653	5654	5521	1	-1	-1	-1
5698	5565	5566	1	-1	-1	-1
5644	5661	5529	1	-1	-1	-1
5566	5569	5699	1	-1	-1	-1
5693	5581	5561	1	-1	-1	-1
5701	5568	5567	1	-1	-1	-1
5699	5569	5570	1	-1	-1	-1
5656	5657	5526	1	-1	-1	-1
5526	5657	5658	1	-1	-1	-1
5571	5702	5570	1	-1	-1	-1
5658	5659	5527	1	-1	-1	-1
5660	5528	5659	1	-1	-1	-1
5656	5530	5662	1	-1	-1	-1
5704	5573	5572	1	-1	-1	-1
5571	5575	5703	1	-1	-1	-1
5575	5573	5703	1	-1	-1	-1
5572	5574	5705	1	-1	-1	-1
5661	5662	5530	1	-1	-1	-1
5705	5574	5577	1	-1	-1	-1
5707	5577	5576	1	-1	-1	-1
5535	5660	5666	1	-1	-1	-1
5707	5576	5578	1	-1	-1	-1
5534	5663	5664	1	-1	-1	-1
5534	5664	5665	1	-1	-1	-1
5666	5663	5535	1	-1	-1	-1
5710	5578	5579	1	-1	-1	-1
5655	5544	5673	1	-1	-1	-1
5538	5665	5669	1	-1	-1	-1
5537	5668	5667	1	-1	-1	-1
5711	5580	5581	1	-1	-1	-1
5538	5669	5668	1	-1	-1	-1
5540	5667	5670	1	-1	-1	-1
5671	5542	5670	1	-1	-1	-1
5585	5713	5587	1	-1	-1	-1
5714	5586	5587	1	-1	-1	-1
5588	5586	5714	1	-1	-1	-1
5585	5592	5713	1	-1	-1	-1
5674	5673	5544	1	-1	-1	-1
5672	5675	5545	1	-1	-1	-1
5675	5674	5545	1	-1	-1	-1
5546	5676	5672	1	-1	-1	-1
5591	5716	5592	1	-1	-1	-1
5676	5547	5677	1	-1	-1	-1
5591	5593	5716	1	-1	-1	-1
5677	5548	5678	1	-1	-1	-1
5718	5595	5594	1	-1	-1	-1
5579	5620	5710	1	-1	-1	-1
5597	5718	5594	1	-1	-1	-1
5681	5680	5550	1	-1	-1	-1
5640	5635	5636	1	-1	-1	-1
5551	5679	5682	1	-1	-1	-1
5597	5596	5719	1	-1	-1	-1
5598	5719	5596	1	-1	-1	-1
5682	5681	5551	1	-1	-1	-1
5613	5588	5714	3	-1	-1	-1
5552	5680	5683	1	-1	-1	-1
5553	5684	5679	1	-1	-1	-1
5598	5601	5722	1	-1	-1	-1
5614	5716	5593	1	-1	-1	-1
5724	5600	5599	1	-1	-1	-1
5600	5724	5601	1	-1	-1	-1
5687	5684	5555	1	-1	-1	-1
5555	5685	5686	1	-1	-1	-1
5555	5686	5687	1	-1	-1	-1
5689	5557	5683	1	-1	-1	-1
5603	5602	5726	1	-1	-1	-1
5612	5723	5599	1	-1	-1	-1
5688	5557	5689	1	-1	-1	-1
5604	5603	5727	1	-1	-1	-1
5688	5691	5558	1	-1	-1	-1
5728	5605	5604	1	-1	-1	-1
5690	5558	5691	1	-1	-1	-1
5605	5729	5606	1	-1	-1	-1
5690	5692	5559	1	-1	-1	-1
5729	5607	5606	1	-1	-1	-1
5562	5695	5685	1	-1	-1	-1
5714	5616	5613	3	-1	-1	-1
5615	5717	5614	3	-1	-1	-1
5715	5615	5616	3	-1	-1	-1
5694	5561	5692	1	-1	-1	-1
5607	5730	5610	1	-1	-1	-1
5561	5694	5693	1	-1	-1	-1
5609	5608	5731	1	-1	-1	-1
5731	5608	5611	1	-1	-1	-1
5638	5595	5718	1	-1	-1	-1
5732	5612	5609	1	-1	-1	-1
5611	5610	5733	1	-1	-1	-1
5564	5696	5697	1	-1	-1	-1
5698	5696	5565	1	-1	-1	-1
5698	5566	5699	1	-1	-1	-1
5697	5700	5567	1	-1	-1	-1
5701	5695	5568	1	-1	-1	-1
5567	5700	5701	1	-1	-1	-1
5580	5711	5678	1	-1	-1	-1
5699	5570	5702	1	-1	-1	-1
5735	5620	5619	1	-1	-1	-1
5735	5619	5622	1	-1	-1	-1
5703	5702	5571	1	-1	-1	-1
5621	5737	5622	1	-1	-1	-1
5705	5704	5572	1	-1	-1	-1
5623	5737	5621	1	-1	-1	-1
5573	5706	5703	1	-1	-1	-1
5704	5706	5573	1	-1	-1	-1
5581	5693	5712	1	-1	-1	-1
5625	5739	5624	1	-1	-1	-1
5577	5708	5705	1	-1	-1	-1
5739	5628	5624	1	-1	-1	-1
5741	5625	5626	1	-1	-1	-1
5707	5709	5577	1	-1	-1	-1
5737	5623	5634	1	-1	-1	-1
5709	5708	5577	1	-1	-1	-1
5710	5707	5578	1	-1	-1	-1
5741	5626	5629	1	-1	-1	-1
5627	5628	5742	1	-1	-1	-1
5742	5631	5627	1	-1	-1	-1
5581	5712	5711	1	-1	-1	-1
5630	5632	5744	1	-1	-1	-1
5633	5630	5744	1	-1	-1	-1
5632	5631	5745	1	-1	-1	-1
5629	5641	5741	1	-1	-1	-1
5634	5633	5747	1	-1	-1	-1
5715	5587	5713	1	-1	-1	-1
5714	5587	5715	1	-1	-1	-1
5717	5713	5592	1	-1	-1	-1
5749	5636	5639	1	-1	-1	-1
5749	5640	5636	1	-1	-1	-1
5592	5716	5717	1	-1	-1	-1
5638	5751	5637	1	-1	-1	-1
5637	5750	5639	1	-1	-1	-1
5749	5642	5640	1	-1	-1	-1
5718	5597	5720	1	-1	-1	-1
5720	5597	5719	1	-1	-1	-1
5641	5642	5754	1	-1	-1	-1
5598	5721	5719	1	-1	-1	-1
5598	5722	5721	1	-1	-1	-1
5756	5644	5643	1	-1	-1	-1
5682	5679	5684	1	-1	-1	-1
5715	5616	5714	3	-1	-1	-1
5599	5723	5724	1	-1	-1	-1
5717	5615	5715	3	-1	-1	-1
5614	5717	5716	3	-1	-1	-1
5601	5724	5722	1	-1	-1	-1
5643	5650	5756	1	-1	-1	-1
5645	5648	5759	1	-1	-1	-1
5647	5646	5760	1	-1	-1	-1
5603	5726	5727	1	-1	-1	-1
5725	5726	5602	1	-1	-1	-1
5759	5653	5645	1	-1	-1	-1
5762	5649	5647	1	-1	-1	-1
5728	5604	5727	1	-1	-1	-1
5763	5648	5649	1	-1	-1	-1
5655	5761	5646	1	-1	-1	-1
5757	5661	5644	1	-1	-1	-1
5605	5728	5729	1	-1	-1	-1
5730	5607	5729	1	-1	-1	-1
5765	5650	5651	1	-1	-1	-1
5620	5736	5710	1	-1	-1	-1
5612	5732	5723	1	-1	-1	-1
5767	5651	5652	1	-1	-1	-1
5609	5731	5732	1	-1	-1	-1
5733	5610	5730	1	-1	-1	-1
5652	5654	5767	1	-1	-1	-1
5653	5768	5654	1	-1	-1	-1
5731	5611	5734	1	-1	-1	-1
5662	5661	5757	1	-1	-1	-1
5611	5733	5734	1	-1	-1	-1
5656	5771	5657	1	-1	-1	-1
5658	5657	5772	1	-1	-1	-1
5662	5771	5656	1	-1	-1	-1
5655	5673	5761	1	-1	-1	-1
5658	5773	5659	1	-1	-1	-1
5736	5620	5735	1	-1	-1	-1
5774	5660	5659	1	-1	-1	-1
5738	5735	5622	1	-1	-1	-1
5622	5737	5738	1	-1	-1	-1
5660	5775	5666	1	-1	-1	-1
5664	5663	5778	1	-1	-1	-1
5739	5625	5740	1	-1	-1	-1
5740	5625	5741	1	-1	-1	-1
5666	5779	5663	1	-1	-1	-1
5638	5718	5752	1	-1	-1	-1
5738	5737	5634	1	-1	-1	-1
5665	5664	5780	1	-1	-1	-1
5743	5628	5739	1	-1	-1	-1
5628	5743	5742	1	-1	-1	-1
5669	5665	5780	1	-1	-1	-1
5667	5668	5781	1	-1	-1	-1
5670	5667	5781	1	-1	-1	-1
5745	5631	5742	1	-1	-1	-1
5668	5669	5782	1	-1	-1	-1
5748	5738	5634	1	-1	-1	-1
5744	5632	5746	1	-1	-1	-1
5745	5746	5632	1	-1	-1	-1
5747	5633	5744	1	-1	-1	-1
5671	5670	5785	1	-1	-1	-1
5747	5748	5634	1	-1	-1	-1
5754	5741	5641	1	-1	-1	-1
5675	5672	5789	1	-1	-1	-1
5672	5676	5788	1	-1	-1	-1
5673	5674	5790	1	-1	-1	-1
5751	5750	5637	1	-1	-1	-1
5639	5753	5749	1	-1	-1	-1
5674	5675	5792	1	-1	-1	-1
5752	5751	5638	1	-1	-1	-1
5639	5750	5753	1	-1	-1	-1
5717	5715	5713	1	-1	-1	-1
5676	5677	5793	1	-1	-1	-1
5749	5755	5642	1	-1	-1	-1
5677	5678	5793	1	-1	-1	-1
5754	5642	5755	1	-1	-1	-1
5680	5681	5796	1	-1	-1	-1
5758	5644	5756	1	-1	-1	-1
5644	5758	5757	1	-1	-1	-1
5680	5797	5683	1	-1	-1	-1
5681	5682	5799	1	-1	-1	-1
5800	5682	5684	1	-1	-1	-1
5646	5761	5760	1	-1	-1	-1
5762	5647	5760	1	-1	-1	-1
5683	5797	5689	1	-1	-1	-1
5763	5759	5648	1	-1	-1	-1
5684	5687	5800	1	-1	-1	-1
5650	5765	5756	1	-1	-1	-1
5685	5801	5686	1	-1	-1	-1
5649	5762	5764	1	-1	-1	-1
5803	5687	5686	1	-1	-1	-1
5763	5649	5764	1	-1	-1	-1
5653	5759	5768	1	-1	-1	-1
5695	5801	5685	1	-1	-1	-1
5688	5689	5805	1	-1	-1	-1
5766	5765	5651	1	-1	-1	-1
5794	5678	5711	1	-1	-1	-1
5766	5651	5767	1	-1	-1	-1
5806	5691	5688	1	-1	-1	-1
5808	5690	5691	1	-1	-1	-1
5692	5690	5808	1	-1	-1	-1
5769	5767	5654	1	-1	-1	-1
5768	5770	5654	1	-1	-1	-1
5770	5769	5654	1	-1	-1	-1
5692	5808	5694	1	-1	-1	-1
5757	5776	5662	1	-1	-1	-1
5810	5693	5694	1	-1	-1	-1
5771	5772	5657	1	-1	-1	-1
5658	5772	5773	1	-1	-1	-1
5773	5774	5659	1	-1	-1	-1
5701	5812	5695	1	-1	-1	-1
5815	5697	5696	1	-1	-1	-1
5698	5814	5696	1	-1	-1	-1
5660	5774	5775	1	-1	-1	-1
5777	5771	5662	1	-1	-1	-1
5697	5816	5700	1	-1	-1	-1
5698	5699	5817	1	-1	-1	-1
5712	5693	5810	1	-1	-1	-1
5777	5662	5776	1	-1	-1	-1
5817	5699	5702	1	-1	-1	-1
5779	5666	5775	1	-1	-1	-1
5778	5663	5779	1	-1	-1	-1
5820	5701	5700	1	-1	-1	-1
5778	5780	5664	1	-1	-1	-1
5790	5761	5673	1	-1	-1	-1
5823	5702	5703	1	-1	-1	-1
5668	5783	5781	1	-1	-1	-1
5823	5703	5706	1	-1	-1	-1
5704	5705	5824	1	-1	-1	-1
5783	5668	5782	1	-1	-1	-1
5780	5784	5669	1	-1	-1	-1
5704	5824	5706	1	-1	-1	-1
5784	5782	5669	1	-1	-1	-1
5786	5670	5781	1	-1	-1	-1
5825	5705	5708	1	-1	-1	-1
5670	5786	5785	1	-1	-1	-1
5828	5709	5707	1	-1	-1	-1
5710	5828	5707	1	-1	-1	-1
5829	5708	5709	1	-1	-1	-1
5672	5788	5787	1	-1	-1	-1
5789	5672	5787	1	-1	-1	-1
5831	5711	5712	1	-1	-1	-1
5674	5791	5790	1	-1	-1	-1
5792	5675	5789	1	-1	-1	-1
5792	5791	5674	1	-1	-1	-1
5676	5793	5788	1	-1	-1	-1
5795	5793	5678	1	-1	-1	-1
5794	5795	5678	1	-1	-1	-1
5834	5718	5720	1	-1	-1	-1
5680	5796	5797	1	-1	-1	-1
5736	5828	5710	1	-1	-1	-1
5719	5835	5720	1	-1	-1	-1
5798	5796	5681	1	-1	-1	-1
5835	5719	5721	1	-1	-1	-1
5799	5798	5681	1	-1	-1	-1
5721	5722	5837	1	-1	-1	-1
5799	5682	5800	1	-1	-1	-1
5724	5838	5722	1	-1	-1	-1
5724	5723	5840	1	-1	-1	-1
5801	5802	5686	1	-1	-1	-1
5768	5759	5763	1	-1	-1	-1
5687	5804	5800	1	-1	-1	-1
5803	5686	5802	1	-1	-1	-1
5725	5842	5726	1	-1	-1	-1
5807	5689	5797	1	-1	-1	-1
5804	5687	5803	1	-1	-1	-1
5841	5723	5732	1	-1	-1	-1
5844	5727	5726	1	-1	-1	-1
5806	5688	5805	1	-1	-1	-1
5689	5807	5805	1	-1	-1	-1
5847	5728	5727	1	-1	-1	-1
5718	5834	5752	1	-1	-1	-1
5728	5849	5729	1	-1	-1	-1
5806	5809	5691	1	-1	-1	-1
5809	5808	5691	1	-1	-1	-1
5849	5730	5729	1	-1	-1	-1
5813	5801	5695	1	-1	-1	-1
5811	5694	5808	1	-1	-1	-1
5851	5733	5730	1	-1	-1	-1
5810	5694	5811	1	-1	-1	-1
5731	5852	5732	1	-1	-1	-1
5731	5734	5852	1	-1	-1	-1
5813	5695	5812	1	-1	-1	-1
5733	5853	5734	1	-1	-1	-1
5696	5814	5815	1	-1	-1	-1
5735	5854	5736	1	-1	-1	-1
5854	5735	5738	1	-1	-1	-1
5816	5697	5815	1	-1	-1	-1
5698	5818	5814	1	-1	-1	-1
5701	5821	5812	1	-1	-1	-1
5698	5817	5819	1	-1	-1	-1
5818	5698	5819	1	-1	-1	-1
5700	5816	5820	1	-1	-1	-1
5711	5832	5794	1	-1	-1	-1
5740	5858	5739	1	-1	-1	-1
5739	5857	5743	1	-1	-1	-1
5741	5859	5740	1	-1	-1	-1
5822	5817	5702	1	-1	-1	-1
5820	5821	5701	1	-1	-1	-1
5856	5738	5748	1	-1	-1	-1
5742	5743	5861	1	-1	-1	-1
5823	5822	5702	1	-1	-1	-1
5860	5745	5742	1	-1	-1	-1
5744	5862	5747	1	-1	-1	-1
5744	5746	5864	1	-1	-1	-1
5825	5824	5705	1	-1	-1	-1
5859	5741	5754	1	-1	-1	-1
5706	5826	5823	1	-1	-1	-1
5833	5712	5810	1	-1	-1	-1
5745	5865	5746	1	-1	-1	-1
5827	5706	5824	1	-1	-1	-1
5827	5826	5706	1	-1	-1	-1
5748	5747	5867	1	-1	-1	-1
5708	5829	5825	1	-1	-1	-1
5830	5709	5828	1	-1	-1	-1
5830	5829	5709	1	-1	-1	-1
5749	5753	5869	1	-1	-1	-1
5751	5871	5750	1	-1	-1	-1
5755	5749	5869	1	-1	-1	-1
5753	5750	5870	1	-1	-1	-1
5711	5831	5832	1	-1	-1	-1
5752	5872	5751	1	-1	-1	-1
5712	5833	5831	1	-1	-1	-1
5793	5795	5788	1	-1	-1	-1
5754	5755	5875	1	-1	-1	-1
5720	5836	5834	1	-1	-1	-1
5835	5836	5720	1	-1	-1	-1
5878	5758	5756	1	-1	-1	-1
5721	5837	5835	1	-1	-1	-1
5736	5830	5828	1	-1	-1	-1
5757	5758	5879	1	-1	-1	-1
5837	5722	5838	1	-1	-1	-1
5878	5756	5765	1	-1	-1	-1
5839	5840	5723	1	-1	-1	-1
5760	5761	5881	1	-1	-1	-1
5724	5840	5838	1	-1	-1	-1
5881	5762	5760	1	-1	-1	-1
5723	5841	5839	1	-1	-1	-1
5843	5842	5725	1	-1	-1	-1
5762	5884	5764	1	-1	-1	-1
5844	5726	5842	1	-1	-1	-1
5757	5879	5776	1	-1	-1	-1
5763	5764	5885	1	-1	-1	-1
5768	5763	5885	1	-1	-1	-1
5813	5802	5801	1	-1	-1	-1
5846	5727	5844	1	-1	-1	-1
5845	5727	5846	1	-1	-1	-1
5727	5845	5847	1	-1	-1	-1
5766	5888	5765	1	-1	-1	-1
5736	5855	5830	1	-1	-1	-1
5767	5889	5766	1	-1	-1	-1
5848	5728	5847	1	-1	-1	-1
5769	5889	5767	1	-1	-1	-1
5728	5848	5849	1	-1	-1	-1
5732	5852	5841	1	-1	-1	-1
5890	5770	5768	1	-1	-1	-1
5809	5811	5808	1	-1	-1	-1
5850	5730	5849	1	-1	-1	-1
5770	5891	5769	1	-1	-1	-1
5730	5850	5851	1	-1	-1	-1
5882	5761	5790	1	-1	-1	-1
5771	5894	5772	1	-1	-1	-1
5851	5853	5733	1	-1	-1	-1
5772	5897	5773	1	-1	-1	-1
5771	5777	5894	1	-1	-1	-1
5898	5774	5773	1	-1	-1	-1
5736	5854	5855	1	-1	-1	-1
5898	5775	5774	1	-1	-1	-1
5854	5738	5856	1	-1	-1	-1
5775	5899	5779	1	-1	-1	-1
5776	5901	5777	1	-1	-1	-1
5857	5739	5858	1	-1	-1	-1
5859	5858	5740	1	-1	-1	-1
5817	5822	5819	1	-1	-1	-1
5874	5752	5834	1	-1	-1	-1
5778	5779	5904	1	-1	-1	-1
5861	5743	5857	1	-1	-1	-1
5780	5778	5905	1	-1	-1	-1
5861	5860	5742	1	-1	-1	-1
5862	5744	5863	1	-1	-1	-1
5784	5780	5906	1	-1	-1	-1
5860	5865	5745	1	-1	-1	-1
5863	5744	5864	1	-1	-1	-1
5908	5781	5783	1	-1	-1	-1
5748	5868	5856	1	-1	-1	-1
5907	5786	5781	1	-1	-1	-1
5909	5783	5782	1	-1	-1	-1
5784	5909	5782	1	-1	-1	-1
5746	5866	5864	1	-1	-1	-1
5747	5862	5867	1	-1	-1	-1
5865	5866	5746	1	-1	-1	-1
5867	5868	5748	1	-1	-1	-1
5786	5913	5785	1	-1	-1	-1
5754	5876	5859	1	-1	-1	-1
5788	5915	5787	1	-1	-1	-1
5750	5871	5870	1	-1	-1	-1
5753	5870	5869	1	-1	-1	-1
5787	5916	5789	1	-1	-1	-1
5871	5751	5872	1	-1	-1	-1
5873	5872	5752	1	-1	-1	-1
5874	5873	5752	1	-1	-1	-1
5789	5918	5792	1	-1	-1	-1
5795	5917	5788	1	-1	-1	-1
5877	5755	5869	1	-1	-1	-1
5790	5791	5920	1	-1	-1	-1
5791	5792	5921	1	-1	-1	-1
5754	5875	5876	1	-1	-1	-1
5755	5877	5875	1	-1	-1	-1
5922	5795	5794	1	-1	-1	-1
5796	5923	5797	1	-1	-1	-1
5758	5878	5880	1	-1	-1	-1
5879	5758	5880	1	-1	-1	-1
5798	5924	5796	1	-1	-1	-1
5925	5798	5799	1	-1	-1	-1
5882	5881	5761	1	-1	-1	-1
5799	5800	5926	1	-1	-1	-1
5762	5881	5883	1	-1	-1	-1
5923	5807	5797	1	-1	-1	-1
5883	5884	5762	1	-1	-1	-1
5887	5878	5765	1	-1	-1	-1
5926	5800	5804	1	-1	-1	-1
5803	5802	5927	1	-1	-1	-1
5884	5886	5764	1	-1	-1	-1
5764	5886	5885	1	-1	-1	-1
5803	5929	5804	1	-1	-1	-1
5765	5888	5887	1	-1	-1	-1
5806	5805	5931	1	-1	-1	-1
5768	5885	5890	1	-1	-1	-1
5805	5807	5931	1	-1	-1	-1
5802	5813	5928	1	-1	-1	-1
5888	5766	5889	1	-1	-1	-1
5836	5874	5834	1	-1	-1	-1
5933	5809	5806	1	-1	-1	-1
5794	5832	5922	1	-1	-1	-1
5889	5769	5891	1	-1	-1	-1
5770	5890	5892	1	-1	-1	-1
5809	5933	5811	1	-1	-1	-1
5770	5893	5891	1	-1	-1	-1
5770	5892	5893	1	-1	-1	-1
5776	5879	5901	1	-1	-1	-1
5811	5936	5810	1	-1	-1	-1
5894	5895	5772	1	-1	-1	-1
5812	5937	5813	1	-1	-1	-1
5772	5895	5896	1	-1	-1	-1
5772	5896	5897	1	-1	-1	-1
5856	5855	5854	1	-1	-1	-1
5898	5773	5897	1	-1	-1	-1
5814	5939	5815	1	-1	-1	-1
5812	5821	5938	1	-1	-1	-1
5818	5940	5814	1	-1	-1	-1
5941	5816	5815	1	-1	-1	-1
5900	5775	5898	1	-1	-1	-1
5777	5903	5894	1	-1	-1	-1
5899	5775	5900	1	-1	-1	-1
5820	5816	5942	1	-1	-1	-1
5936	5833	5810	1	-1	-1	-1
5819	5943	5818	1	-1	-1	-1
5902	5777	5901	1	-1	-1	-1
5777	5902	5903	1	-1	-1	-1
5899	5904	5779	1	-1	-1	-1
5822	5944	5819	1	-1	-1	-1
5905	5778	5904	1	-1	-1	-1
5821	5820	5947	1	-1	-1	-1
5822	5823	5944	1	-1	-1	-1
5780	5905	5906	1	-1	-1	-1
5920	5882	5790	1	-1	-1	-1
5908	5907	5781	1	-1	-1	-1
5948	5823	5826	1	-1	-1	-1
5824	5825	5949	1	-1	-1	-1
5827	5824	5949	1	-1	-1	-1
5783	5910	5908	1	-1	-1	-1
5784	5906	5912	1	-1	-1	-1
5911	5783	5909	1	-1	-1	-1
5950	5825	5829	1	-1	-1	-1
5910	5783	5911	1	-1	-1	-1
5951	5826	5827	1	-1	-1	-1
5784	5912	5909	1	-1	-1	-1
5786	5907	5914	1	-1	-1	-1
5913	5786	5914	1	-1	-1	-1
5830	5954	5829	1	-1	-1	-1
5877	5869	5870	1	-1	-1	-1
5787	5915	5916	1	-1	-1	-1
5956	5832	5831	1	-1	-1	-1
5917	5915	5788	1	-1	-1	-1
5831	5833	5957	1	-1	-1	-1
5789	5916	5919	1	-1	-1	-1
5918	5789	5919	1	-1	-1	-1
5918	5921	5792	1	-1	-1	-1
5920	5791	5921	1	-1	-1	-1
5795	5922	5917	1	-1	-1	-1
5955	5830	5855	1	-1	-1	-1
5923	5796	5924	1	-1	-1	-1
5959	5842	5843	1	-1	-1	-1
5959	5844	5842	1	-1	-1	-1
5924	5798	5925	1	-1	-1	-1
5925	5799	5926	1	-1	-1	-1
5962	5846	5844	1	-1	-1	-1
5963	5845	5846	1	-1	-1	-1
5847	5845	5964	1	-1	-1	-1
5927	5802	5928	1	-1	-1	-1
5929	5803	5927	1	-1	-1	-1
5930	5926	5804	1	-1	-1	-1
5847	5966	5848	1	-1	-1	-1
5804	5929	5930	1	-1	-1	-1
5848	5967	5849	1	-1	-1	-1
5807	5923	5935	1	-1	-1	-1
5955	5855	5856	1	-1	-1	-1
5849	5967	5850	1	-1	-1	-1
5968	5851	5850	1	-1	-1	-1
5806	5931	5932	1	-1	-1	-1
5806	5932	5933	1	-1	-1	-1
5807	5934	5931	1	-1	-1	-1
5934	5807	5935	1	-1	-1	-1
5813	5937	5928	1	-1	-1	-1
5936	5811	5933	1	-1	-1	-1
5858	5970	5857	1	-1	-1	-1
5937	5812	5938	1	-1	-1	-1
5970	5861	5857	1	-1	-1	-1
5971	5858	5859	1	-1	-1	-1
5894	5903	5895	1	-1	-1	-1
5969	5856	5868	1	-1	-1	-1
5939	5814	5940	1	-1	-1	-1
5860	5861	5973	1	-1	-1	-1
5939	5941	5815	1	-1	-1	-1
5860	5972	5865	1	-1	-1	-1
5942	5816	5941	1	-1	-1	-1
5974	5862	5863	1	-1	-1	-1
5943	5940	5818	1	-1	-1	-1
5864	5975	5863	1	-1	-1	-1
5867	5862	5974	1	-1	-1	-1
5859	5876	5971	1	-1	-1	-1
5947	5938	5821	1	-1	-1	-1
5866	5977	5864	1	-1	-1	-1
5819	5946	5943	1	-1	-1	-1
5945	5819	5944	1	-1	-1	-1
5978	5866	5865	1	-1	-1	-1
5947	5820	5942	1	-1	-1	-1
5819	5945	5946	1	-1	-1	-1
5832	5958	5922	1	-1	-1	-1
5868	5867	5979	1	-1	-1	-1
5823	5948	5944	1	-1	-1	-1
5980	5870	5871	1	-1	-1	-1
5949	5825	5950	1	-1	-1	-1
5948	5826	5951	1	-1	-1	-1
5872	5982	5871	1	-1	-1	-1
5957	5833	5936	1	-1	-1	-1
5872	5873	5982	1	-1	-1	-1
5980	5877	5870	1	-1	-1	-1
5952	5827	5949	1	-1	-1	-1
5827	5952	5951	1	-1	-1	-1
5950	5829	5953	1	-1	-1	-1
5984	5876	5875	1	-1	-1	-1
5877	5983	5875	1	-1	-1	-1
5954	5953	5829	1	-1	-1	-1
5955	5954	5830	1	-1	-1	-1
5957	5956	5831	1	-1	-1	-1
5988	5880	5878	1	-1	-1	-1
5958	5832	5956	1	-1	-1	-1
5879	5880	5989	1	-1	-1	-1
5887	5988	5878	1	-1	-1	-1
5991	5881	5882	1	-1	-1	-1
5881	5991	5883	1	-1	-1	-1
5884	5883	5992	1	-1	-1	-1
5959	5843	5961	1	-1	-1	-1
5886	5884	5993	1	-1	-1	-1
5843	5960	5961	1	-1	-1	-1
5885	5886	5994	1	-1	-1	-1
5844	5959	5962	1	-1	-1	-1
5890	5885	5994	1	-1	-1	-1
5879	5989	5901	1	-1	-1	-1
5888	5996	5887	1	-1	-1	-1
5845	5963	5964	1	-1	-1	-1
5846	5962	5965	1	-1	-1	-1
5889	5997	5888	1	-1	-1	-1
5965	5963	5846	1	-1	-1	-1
5994	5892	5890	1	-1	-1	-1
5964	5966	5847	1	-1	-1	-1
5889	5891	5999	1	-1	-1	-1
5955	5856	5969	1	-1	-1	-1
5966	5967	5848	1	-1	-1	-1
5850	5967	5968	1	-1	-1	-1
5891	5893	6001	1	-1	-1	-1
6002	5893	5892	1	-1	-1	-1
5991	5882	5920	1	-1	-1	-1
5896	6004	5897	1	-1	-1	-1
5934	5932	5931	1	-1	-1	-1
5898	5897	6004	1	-1	-1	-1
5970	5858	5971	1	-1	-1	-1
5900	5898	6004	1	-1	-1	-1
5970	5973	5861	1	-1	-1	-1
5860	5973	5972	1	-1	-1	-1
5902	5901	6005	1	-1	-1	-1
5974	5863	5975	1	-1	-1	-1
5864	5976	5975	1	-1	-1	-1
5904	6006	5905	1	-1	-1	-1
5972	5978	5865	1	-1	-1	-1
5868	5979	5969	1	-1	-1	-1
5977	5976	5864	1	-1	-1	-1
5906	5905	6007	1	-1	-1	-1
5867	5974	5979	1	-1	-1	-1
5866	5978	5977	1	-1	-1	-1
5908	6008	5907	1	-1	-1	-1
5906	6007	5912	1	-1	-1	-1
6009	5908	5910	1	-1	-1	-1
5907	6008	5914	1	-1	-1	-1
6010	5911	5909	1	-1	-1	-1
5876	5985	5971	1	-1	-1	-1
6011	5909	5912	1	-1	-1	-1
5981	5980	5871	1	-1	-1	-1
5911	6012	5910	1	-1	-1	-1
5981	5871	5982	1	-1	-1	-1
6014	5913	5914	1	-1	-1	-1
5983	5984	5875	1	-1	-1	-1
5877	5980	5987	1	-1	-1	-1
5985	5876	5984	1	-1	-1	-1
5983	5877	5986	1	-1	-1	-1
6016	5916	5915	1	-1	-1	-1
5915	5917	6016	1	-1	-1	-1
5987	5986	5877	1	-1	-1	-1
6017	5919	5916	1	-1	-1	-1
5919	6019	5918	1	-1	-1	-1
6018	5917	5922	1	-1	-1	-1
5990	5880	5988	1	-1	-1	-1
5918	6019	5921	1	-1	-1	-1
5880	5990	5989	1	-1	-1	-1
5920	5921	6021	1	-1	-1	-1
5992	5883	5991	1	-1	-1	-1
5884	5992	5993	1	-1	-1	-1
5887	5996	5988	1	-1	-1	-1
6024	5923	5924	1	-1	-1	-1
5925	6025	5924	1	-1	-1	-1
5995	5886	5993	1	-1	-1	-1
5886	5995	5994	1	-1	-1	-1
5925	5926	6027	1	-1	-1	-1
5995	5892	5994	1	-1	-1	-1
5996	5888	5998	1	-1	-1	-1
5923	6024	5935	1	-1	-1	-1
6027	5926	5930	1	-1	-1	-1
5998	5888	5997	1	-1	-1	-1
5928	6029	5927	1	-1	-1	-1
5927	6028	5929	1	-1	-1	-1
6000	5997	5889	1	-1	-1	-1
5929	6027	5930	1	-1	-1	-1
5889	5999	6000	1	-1	-1	-1
6002	5892	5995	1	-1	-1	-1
5999	5891	6001	1	-1	-1	-1
5928	5937	6030	1	-1	-1	-1
5989	6005	5901	1	-1	-1	-1
5893	6003	6001	1	-1	-1	-1
6003	5893	6002	1	-1	-1	-1
6033	5933	5932	1	-1	-1	-1
5932	5934	6033	1	-1	-1	-1
6034	5936	5933	1	-1	-1	-1
5958	6023	5922	1	-1	-1	-1
5934	5935	6035	1	-1	-1	-1
5937	5938	6030	1	-1	-1	-1
6007	5905	6006	1	-1	-1	-1
5941	5939	6040	1	-1	-1	-1
5939	5940	6041	1	-1	-1	-1
5947	6039	5938	1	-1	-1	-1
6009	6008	5908	1	-1	-1	-1
6042	5940	5943	1	-1	-1	-1
5942	5941	6043	1	-1	-1	-1
6011	5912	6007	1	-1	-1	-1
6010	5909	6011	1	-1	-1	-1
5957	5936	6038	1	-1	-1	-1
5946	6042	5943	1	-1	-1	-1
6012	6009	5910	1	-1	-1	-1
5991	5920	6022	1	-1	-1	-1
5942	6044	5947	1	-1	-1	-1
5944	6045	5945	1	-1	-1	-1
6013	5911	6010	1	-1	-1	-1
6012	5911	6013	1	-1	-1	-1
6046	5946	5945	1	-1	-1	-1
5948	6045	5944	1	-1	-1	-1
6015	5914	6008	1	-1	-1	-1
6015	6014	5914	1	-1	-1	-1
5981	5987	5980	1	-1	-1	-1
6017	5916	6016	1	-1	-1	-1
5948	5951	6050	1	-1	-1	-1
5950	6051	5949	1	-1	-1	-1
6016	5917	6018	1	-1	-1	-1
6051	5952	5949	1	-1	-1	-1
6052	5950	5953	1	-1	-1	-1
5951	5952	6053	1	-1	-1	-1
6017	6020	5919	1	-1	-1	-1
5919	6020	6019	1	-1	-1	-1
6019	6021	5921	1	-1	-1	-1
5954	6056	5953	1	-1	-1	-1
6018	5922	6023	1	-1	-1	-1
6021	6022	5920	1	-1	-1	-1
5954	5955	6057	1	-1	-1	-1
5956	5957	6058	1	-1	-1	-1
6058	5958	5956	1	-1	-1	-1
5924	6025	6024	1	-1	-1	-1
5988	5996	5990	1	-1	-1	-1
5925	6026	6025	1	-1	-1	-1
6027	6026	5925	1	-1	-1	-1
5959	5961	6061	1	-1	-1	-1
5969	6057	5955	1	-1	-1	-1
5962	5959	6061	1	-1	-1	-1
6063	5961	5960	1	-1	-1	-1
6029	6028	5927	1	-1	-1	-1
6061	5965	5962	1	-1	-1	-1
5929	6032	6027	1	-1	-1	-1
6029	5928	6031	1	-1	-1	-1
5928	6030	6031	1	-1	-1	-1
6028	6032	5929	1	-1	-1	-1
5963	6065	5964	1	-1	-1	-1
6066	5963	5965	1	-1	-1	-1
5935	6024	6037	1	-1	-1	-1
6067	5966	5964	1	-1	-1	-1
6033	6034	5933	1	-1	-1	-1
6035	6033	5934	1	-1	-1	-1
5966	6070	5967	1	-1	-1	-1
5992	5991	6022	1	-1	-1	-1
5968	5967	6070	1	-1	-1	-1
6036	6035	5935	1	-1	-1	-1
6039	6030	5938	1	-1	-1	-1
6036	5935	6037	1	-1	-1	-1
5936	6034	6038	1	-1	-1	-1
6073	5970	5971	1	-1	-1	-1
5973	5970	6072	1	-1	-1	-1
5979	6071	5969	1	-1	-1	-1
6041	6040	5939	1	-1	-1	-1
5972	5973	6076	1	-1	-1	-1
6042	6041	5940	1	-1	-1	-1
6043	5941	6040	1	-1	-1	-1
5978	5972	6075	1	-1	-1	-1
6078	5974	5975	1	-1	-1	-1
6044	5942	6043	1	-1	-1	-1
6078	5975	5976	1	-1	-1	-1
6077	5979	5974	1	-1	-1	-1
6074	5971	5985	1	-1	-1	-1
6080	5976	5977	1	-1	-1	-1
5947	6049	6039	1	-1	-1	-1
5946	6048	6042	1	-1	-1	-1
5978	6081	5977	1	-1	-1	-1
6047	5945	6045	1	-1	-1	-1
6046	5945	6047	1	-1	-1	-1
6049	5947	6044	1	-1	-1	-1
6046	6048	5946	1	-1	-1	-1
6023	5958	6060	1	-1	-1	-1
5948	6050	6045	1	-1	-1	-1
5983	6084	5984	1	-1	-1	-1
5950	6052	6051	1	-1	-1	-1
5986	6084	5983	1	-1	-1	-1
6038	6059	5957	1	-1	-1	-1
6085	5985	5984	1	-1	-1	-1
6050	5951	6053	1	-1	-1	-1
5952	6051	6054	1	-1	-1	-1
5952	6054	6053	1	-1	-1	-1
6055	6052	5953	1	-1	-1	-1
5953	6056	6055	1	-1	-1	-1
5989	5990	6087	1	-1	-1	-1
5954	6057	6056	1	-1	-1	-1
6058	5957	6059	1	-1	-1	-1
6088	5990	5996	1	-1	-1	-1
5992	6090	5993	1	-1	-1	-1
5958	6058	6060	1	-1	-1	-1
5993	6091	5995	1	-1	-1	-1
5989	6087	6005	1	-1	-1	-1
5960	6062	6063	1	-1	-1	-1
6037	6024	6025	1	-1	-1	-1
5961	6064	6061	1	-1	-1	-1
5996	5998	6093	1	-1	-1	-1
5961	6063	6064	1	-1	-1	-1
6092	6002	5995	1	-1	-1	-1
5998	5997	6094	1	-1	-1	-1
5997	6000	6094	1	-1	-1	-1
6065	5963	6066	1	-1	-1	-1
5999	6096	6000	1	-1	-1	-1
6061	6069	5965	1	-1	-1	-1
5964	6065	6067	1	-1	-1	-1
6096	5999	6001	1	-1	-1	-1
6071	6057	5969	1	-1	-1	-1
6066	5965	6068	1	-1	-1	-1
6097	6001	6003	1	-1	-1	-1
5965	6069	6068	1	-1	-1	-1
6089	5992	6022	1	-1	-1	-1
5966	6067	6070	1	-1	-1	-1
6099	6003	6002	1	-1	-1	-1
5970	6073	6072	1	-1	-1	-1
6009	6100	6008	1	-1	-1	-1
6074	6073	5971	1	-1	-1	-1
5973	6072	6076	1	-1	-1	-1
6101	6009	6012	1	-1	-1	-1
6100	6015	6008	1	-1	-1	-1
6075	5972	6076	1	-1	-1	-1
6012	6013	6102	1	-1	-1	-1
6078	6077	5974	1	-1	-1	-1
6014	6015	6103	1	-1	-1	-1
6079	6078	5976	1	-1	-1	-1
6083	6071	5979	1	-1	-1	-1
6075	6082	5978	1	-1	-1	-1
6079	5976	6080	1	-1	-1	-1
6081	6080	5977	1	-1	-1	-1
5979	6077	6083	1	-1	-1	-1
6016	6107	6017	1	-1	-1	-1
6016	6018	6106	1	-1	-1	-1
6081	5978	6082	1	-1	-1	-1
6050	6047	6045	1	-1	-1	-1
5985	6086	6074	1	-1	-1	-1
6017	6109	6020	1	-1	-1	-1
6020	6111	6019	1	-1	-1	-1
6111	6021	6019	1	-1	-1	-1
6023	6110	6018	1	-1	-1	-1
6085	5984	6084	1	-1	-1	-1
6021	6112	6022	1	-1	-1	-1
6085	6086	5985	1	-1	-1	-1
5990	6088	6087	1	-1	-1	-1
6115	6025	6026	1	-1	-1	-1
6027	6117	6026	1	-1	-1	-1
6089	6090	5992	1	-1	-1	-1
6090	6091	5993	1	-1	-1	-1
6118	6028	6029	1	-1	-1	-1
6032	6117	6027	1	-1	-1	-1
6115	6037	6025	1	-1	-1	-1
5996	6093	6088	1	-1	-1	-1
6092	5995	6091	1	-1	-1	-1
6032	6028	6118	1	-1	-1	-1
6031	6121	6029	1	-1	-1	-1
6122	6031	6030	1	-1	-1	-1
5998	6095	6093	1	-1	-1	-1
5998	6094	6095	1	-1	-1	-1
6094	6000	6096	1	-1	-1	-1
6030	6039	6122	1	-1	-1	-1
6002	6092	6098	1	-1	-1	-1
6060	6110	6023	1	-1	-1	-1
6035	6125	6033	1	-1	-1	-1
6096	6001	6097	1	-1	-1	-1
6069	6061	6064	1	-1	-1	-1
6033	6127	6034	1	-1	-1	-1
6003	6099	6097	1	-1	-1	-1
6035	6036	6128	1	-1	-1	-1
6098	6099	6002	1	-1	-1	-1
6038	6034	6127	1	-1	-1	-1
6129	6036	6037	1	-1	-1	-1
6100	6009	6101	1	-1	-1	-1
6039	6049	6122	1	-1	-1	-1
6040	6041	6133	1	-1	-1	-1
6040	6132	6043	1	-1	-1	-1
6102	6101	6012	1	-1	-1	-1
6041	6042	6134	1	-1	-1	-1
6104	6015	6100	1	-1	-1	-1
6044	6043	6135	1	-1	-1	-1
6103	6015	6105	1	-1	-1	-1
6042	6048	6134	1	-1	-1	-1
6105	6015	6104	1	-1	-1	-1
6022	6114	6089	1	-1	-1	-1
6131	6059	6038	1	-1	-1	-1
6016	6106	6107	1	-1	-1	-1
6049	6044	6137	1	-1	-1	-1
6139	6046	6047	1	-1	-1	-1
6017	6107	6108	1	-1	-1	-1
6046	6138	6048	1	-1	-1	-1
6017	6108	6109	1	-1	-1	-1
6110	6106	6018	1	-1	-1	-1
6050	6140	6047	1	-1	-1	-1
6109	6111	6020	1	-1	-1	-1
6113	6021	6111	1	-1	-1	-1
6021	6113	6112	1	-1	-1	-1
6050	6053	6143	1	-1	-1	-1
6051	6052	6145	1	-1	-1	-1
6022	6112	6114	1	-1	-1	-1
6053	6054	6143	1	-1	-1	-1
6146	6054	6051	1	-1	-1	-1
6145	6052	6055	1	-1	-1	-1
6026	6116	6115	1	-1	-1	-1
6117	6116	6026	1	-1	-1	-1
6056	6148	6055	1	-1	-1	-1
6057	6150	6056	1	-1	-1	-1
6118	6029	6119	1	-1	-1	-1
6120	6119	6029	1	-1	-1	-1
6152	6058	6059	1	-1	-1	-1
6151	6060	6058	1	-1	-1	-1
6029	6121	6120	1	-1	-1	-1
6117	6032	6124	1	-1	-1	-1
6124	6032	6118	1	-1	-1	-1
6121	6031	6123	1	-1	-1	-1
6122	6123	6031	1	-1	-1	-1
6057	6071	6150	1	-1	-1	-1
6115	6129	6037	1	-1	-1	-1
6063	6062	6156	1	-1	-1	-1
6125	6126	6033	1	-1	-1	-1
6158	6064	6063	1	-1	-1	-1
6126	6127	6033	1	-1	-1	-1
6128	6125	6035	1	-1	-1	-1
6159	6069	6064	1	-1	-1	-1
6128	6036	6130	1	-1	-1	-1
6129	6130	6036	1	-1	-1	-1
6131	6038	6127	1	-1	-1	-1
6069	6160	6068	1	-1	-1	-1
6083	6150	6071	1	-1	-1	-1
6132	6040	6133	1	-1	-1	-1
6161	6072	6073	1	-1	-1	-1
6041	6134	6133	1	-1	-1	-1
6073	6074	6162	1	-1	-1	-1
6072	6161	6076	1	-1	-1	-1
6132	6135	6043	1	-1	-1	-1
6142	6122	6049	1	-1	-1	-1
6044	6135	6136	1	-1	-1	-1
6076	6164	6075	1	-1	-1	-1
6137	6044	6136	1	-1	-1	-1
6164	6082	6075	1	-1	-1	-1
6166	6077	6078	1	-1	-1	-1
6086	6162	6074	1	-1	-1	-1
6141	6134	6048	1	-1	-1	-1
6046	6139	6138	1	-1	-1	-1
6154	6110	6060	1	-1	-1	-1
6079	6168	6078	1	-1	-1	-1
6139	6047	6140	1	-1	-1	-1
6077	6167	6083	1	-1	-1	-1
6138	6141	6048	1	-1	-1	-1
6049	6137	6142	1	-1	-1	-1
6080	6169	6079	1	-1	-1	-1
6081	6171	6080	1	-1	-1	-1
6050	6144	6140	1	-1	-1	-1
6171	6081	6082	1	-1	-1	-1
6050	6143	6144	1	-1	-1	-1
6051	6145	6146	1	-1	-1	-1
6059	6131	6153	1	-1	-1	-1
6147	6143	6054	1	-1	-1	-1
6085	6174	6086	1	-1	-1	-1
6147	6054	6146	1	-1	-1	-1
6149	6145	6055	1	-1	-1	-1
6149	6055	6148	1	-1	-1	-1
6148	6056	6150	1	-1	-1	-1
6090	6089	6176	1	-1	-1	-1
6091	6090	6178	1	-1	-1	-1
6092	6091	6178	1	-1	-1	-1
6058	6152	6151	1	-1	-1	-1
6059	6153	6152	1	-1	-1	-1
6151	6154	6060	1	-1	-1	-1
6179	6098	6092	1	-1	-1	-1
6094	6180	6095	1	-1	-1	-1
6096	6180	6094	1	-1	-1	-1
6062	6155	6156	1	-1	-1	-1
6097	6181	6096	1	-1	-1	-1
6063	6156	6157	1	-1	-1	-1
6063	6157	6158	1	-1	-1	-1
6182	6097	6099	1	-1	-1	-1
6183	6099	6098	1	-1	-1	-1
6177	6089	6114	1	-1	-1	-1
6158	6159	6064	1	-1	-1	-1
6101	6185	6100	1	-1	-1	-1
6122	6142	6123	1	-1	-1	-1
6069	6159	6160	1	-1	-1	-1
6186	6104	6100	1	-1	-1	-1
6188	6101	6102	1	-1	-1	-1
6163	6161	6073	1	-1	-1	-1
6105	6189	6103	1	-1	-1	-1
6162	6163	6073	1	-1	-1	-1
6190	6105	6104	1	-1	-1	-1
6161	6165	6076	1	-1	-1	-1
6107	6106	6192	1	-1	-1	-1
6165	6164	6076	1	-1	-1	-1
6083	6173	6150	1	-1	-1	-1
6193	6108	6107	1	-1	-1	-1
6110	6192	6106	1	-1	-1	-1
6166	6167	6077	1	-1	-1	-1
6108	6194	6109	1	-1	-1	-1
6166	6078	6168	1	-1	-1	-1
6109	6195	6111	1	-1	-1	-1
6168	6079	6170	1	-1	-1	-1
6079	6169	6170	1	-1	-1	-1
6082	6164	6172	1	-1	-1	-1
6195	6113	6111	1	-1	-1	-1
6169	6080	6171	1	-1	-1	-1
6083	6167	6173	1	-1	-1	-1
6086	6175	6162	1	-1	-1	-1
6198	6112	6113	1	-1	-1	-1
6198	6114	6112	1	-1	-1	-1
6172	6171	6082	1	-1	-1	-1
6116	6202	6115	1	-1	-1	-1
6144	6143	6147	1	-1	-1	-1
6086	6174	6175	1	-1	-1	-1
6116	6117	6205	1	-1	-1	-1
6149	6146	6145	1	-1	-1	-1
6176	6089	6177	1	-1	-1	-1
6118	6119	6206	1	-1	-1	-1
6090	6176	6178	1	-1	-1	-1
6206	6119	6120	1	-1	-1	-1
6117	6124	6205	1	-1	-1	-1
6115	6203	6129	1	-1	-1	-1
6120	6121	6208	1	-1	-1	-1
6092	6178	6179	1	-1	-1	-1
6118	6207	6124	1	-1	-1	-1
6123	6210	6121	1	-1	-1	-1
6181	6180	6096	1	-1	-1	-1
6183	6098	6179	1	-1	-1	-1
6182	6181	6097	1	-1	-1	-1
6154	6196	6110	1	-1	-1	-1
6130	6129	6203	1	-1	-1	-1
6126	6125	6213	1	-1	-1	-1
6184	6182	6099	1	-1	-1	-1
6128	6213	6125	1	-1	-1	-1
6099	6183	6184	1	-1	-1	-1
6215	6127	6126	1	-1	-1	-1
6148	6150	6173	1	-1	-1	-1
6187	6100	6185	1	-1	-1	-1
6215	6131	6127	1	-1	-1	-1
6186	6100	6187	1	-1	-1	-1
6216	6128	6130	1	-1	-1	-1
6185	6101	6188	1	-1	-1	-1
6123	6142	6211	1	-1	-1	-1
6104	6186	6190	1	-1	-1	-1
6219	6132	6133	1	-1	-1	-1
6105	6191	6189	1	-1	-1	-1
6105	6190	6191	1	-1	-1	-1
6132	6220	6135	1	-1	-1	-1
6133	6134	6221	1	-1	-1	-1
6137	6211	6142	1	-1	-1	-1
6200	6177	6114	1	-1	-1	-1
6107	6192	6193	1	-1	-1	-1
6222	6136	6135	1	-1	-1	-1
6194	6108	6193	1	-1	-1	-1
6221	6134	6141	1	-1	-1	-1
6136	6224	6137	1	-1	-1	-1
6195	6109	6194	1	-1	-1	-1
6215	6153	6131	1	-1	-1	-1
6110	6197	6192	1	-1	-1	-1
6110	6196	6197	1	-1	-1	-1
6226	6138	6139	1	-1	-1	-1
6227	6141	6138	1	-1	-1	-1
6113	6195	6199	1	-1	-1	-1
6139	6140	6228	1	-1	-1	-1
6199	6198	6113	1	-1	-1	-1
6140	6144	6229	1	-1	-1	-1
6198	6201	6114	1	-1	-1	-1
6114	6201	6200	1	-1	-1	-1
6115	6202	6203	1	-1	-1	-1
6144	6147	6231	1	-1	-1	-1
6202	6116	6204	1	-1	-1	-1
6147	6146	6232	1	-1	-1	-1
6205	6204	6116	1	-1	-1	-1
6146	6149	6232	1	-1	-1	-1
6206	6207	6118	1	-1	-1	-1
6148	6235	6149	1	-1	-1	-1
6120	6209	6206	1	-1	-1	-1
6208	6209	6120	1	-1	-1	-1
6210	6208	6121	1	-1	-1	-1
6151	6152	6237	1	-1	-1	-1
6124	6212	6205	1	-1	-1	-1
6151	6237	6154	1	-1	-1	-1
6124	6207	6212	1	-1	-1	-1
6123	6211	6210	1	-1	-1	-1
6152	6153	6239	1	-1	-1	-1
6130	6203	6217	1	-1	-1	-1
6213	6214	6126	1	-1	-1	-1
6214	6215	6126	1	-1	-1	-1
6155	6244	6156	1	-1	-1	-1
6235	6148	6173	1	-1	-1	-1
6128	6216	6213	1	-1	-1	-1
6156	6245	6157	1	-1	-1	-1
6246	6158	6157	1	-1	-1	-1
6159	6158	6246	1	-1	-1	-1
6130	6218	6216	1	-1	-1	-1
6130	6217	6218	1	-1	-1	-1
6159	6247	6160	1	-1	-1	-1
6132	6219	6220	1	-1	-1	-1
6163	6248	6161	1	-1	-1	-1
6133	6221	6219	1	-1	-1	-1
6137	6225	6211	1	-1	-1	-1
6162	6249	6163	1	-1	-1	-1
6165	6161	6248	1	-1	-1	-1
6220	6222	6135	1	-1	-1	-1
6164	6165	6251	1	-1	-1	-1
6223	6136	6222	1	-1	-1	-1
6193	6192	6197	1	-1	-1	-1
6223	6224	6136	1	-1	-1	-1
6249	6162	6175	1	-1	-1	-1
6166	6253	6167	1	-1	-1	-1
6224	6225	6137	1	-1	-1	-1
6253	6166	6168	1	-1	-1	-1
6172	6164	6251	1	-1	-1	-1
6138	6226	6227	1	-1	-1	-1
6221	6141	6230	1	-1	-1	-1
6154	6242	6196	1	-1	-1	-1
6170	6255	6168	1	-1	-1	-1
6139	6228	6226	1	-1	-1	-1
6167	6254	6173	1	-1	-1	-1
6170	6169	6257	1	-1	-1	-1
6171	6256	6169	1	-1	-1	-1
6140	6229	6228	1	-1	-1	-1
6227	6230	6141	1	-1	-1	-1
6256	6171	6172	1	-1	-1	-1
6229	6144	6231	1	-1	-1	-1
6240	6153	6215	1	-1	-1	-1
6233	6147	6232	1	-1	-1	-1
6234	6231	6147	1	-1	-1	-1
6177	6261	6176	1	-1	-1	-1
6234	6147	6233	1	-1	-1	-1
6261	6178	6176	1	-1	-1	-1
6232	6149	6236	1	-1	-1	-1
6263	6179	6178	1	-1	-1	-1
6149	6235	6236	1	-1	-1	-1
6183	6179	6264	1	-1	-1	-1
6237	6152	6238	1	-1	-1	-1
6152	6239	6238	1	-1	-1	-1
6265	6184	6183	1	-1	-1	-1
6242	6154	6237	1	-1	-1	-1
6153	6241	6239	1	-1	-1	-1
6153	6240	6241	1	-1	-1	-1
6266	6187	6185	1	-1	-1	-1
6200	6262	6177	1	-1	-1	-1
6266	6185	6188	1	-1	-1	-1
6267	6186	6187	1	-1	-1	-1
6155	6243	6244	1	-1	-1	-1
6268	6190	6186	1	-1	-1	-1
6156	6244	6245	1	-1	-1	-1
6211	6225	6210	1	-1	-1	-1
6246	6157	6245	1	-1	-1	-1
6189	6191	6270	1	-1	-1	-1
6271	6191	6190	1	-1	-1	-1
6246	6247	6159	1	-1	-1	-1
6273	6194	6193	1	-1	-1	-1
6250	6248	6163	1	-1	-1	-1
6235	6173	6254	1	-1	-1	-1
6249	6250	6163	1	-1	-1	-1
6197	6274	6193	1	-1	-1	-1
6275	6195	6194	1	-1	-1	-1
6248	6252	6165	1	-1	-1	-1
6252	6251	6165	1	-1	-1	-1
6275	6199	6195	1	-1	-1	-1
6276	6197	6196	1	-1	-1	-1
6254	6167	6253	1	-1	-1	-1
6199	6277	6198	1	-1	-1	-1
6255	6253	6168	1	-1	-1	-1
6201	6198	6277	1	-1	-1	-1
6200	6201	6278	1	-1	-1	-1
6256	6257	6169	1	-1	-1	-1
6258	6255	6170	1	-1	-1	-1
6260	6172	6251	1	-1	-1	-1
6202	6280	6203	1	-1	-1	-1
6257	6259	6170	1	-1	-1	-1
6202	6204	6280	1	-1	-1	-1
6259	6258	6170	1	-1	-1	-1
6172	6260	6256	1	-1	-1	-1
6282	6204	6205	1	-1	-1	-1
6207	6206	6283	1	-1	-1	-1
6209	6283	6206	1	-1	-1	-1
6282	6205	6212	1	-1	-1	-1
6203	6280	6217	1	-1	-1	-1
6177	6262	6261	1	-1	-1	-1
6263	6178	6261	1	-1	-1	-1
6209	6208	6285	1	-1	-1	-1
6284	6212	6207	1	-1	-1	-1
6285	6208	6210	1	-1	-1	-1
6263	6264	6179	1	-1	-1	-1
6183	6264	6265	1	-1	-1	-1
6242	6276	6196	1	-1	-1	-1
6213	6289	6214	1	-1	-1	-1
6216	6289	6213	1	-1	-1	-1
6215	6214	6291	1	-1	-1	-1
6268	6186	6267	1	-1	-1	-1
6269	6187	6266	1	-1	-1	-1
6267	6187	6269	1	-1	-1	-1
6288	6210	6225	1	-1	-1	-1
6218	6292	6216	1	-1	-1	-1
6271	6190	6268	1	-1	-1	-1
6217	6294	6218	1	-1	-1	-1
6272	6270	6191	1	-1	-1	-1
6191	6271	6272	1	-1	-1	-1
6296	6220	6219	1	-1	-1	-1
6219	6221	6296	1	-1	-1	-1
6220	6297	6222	1	-1	-1	-1
6278	6262	6200	1	-1	-1	-1
6193	6274	6273	1	-1	-1	-1
6273	6275	6194	1	-1	-1	-1
6298	6223	6222	1	-1	-1	-1
6299	6224	6223	1	-1	-1	-1
6291	6240	6215	1	-1	-1	-1
6197	6276	6274	1	-1	-1	-1
6296	6221	6230	1	-1	-1	-1
6225	6224	6300	1	-1	-1	-1
6199	6275	6277	1	-1	-1	-1
6226	6303	6227	1	-1	-1	-1
6279	6201	6277	1	-1	-1	-1
6303	6226	6228	1	-1	-1	-1
6278	6201	6279	1	-1	-1	-1
6304	6230	6227	1	-1	-1	-1
6307	6228	6229	1	-1	-1	-1
6281	6280	6204	1	-1	-1	-1
6229	6231	6307	1	-1	-1	-1
6282	6281	6204	1	-1	-1	-1
6234	6309	6231	1	-1	-1	-1
6207	6283	6284	1	-1	-1	-1
6233	6232	6311	1	-1	-1	-1
6232	6236	6310	1	-1	-1	-1
6282	6212	6284	1	-1	-1	-1
6233	6311	6234	1	-1	-1	-1
6283	6209	6287	1	-1	-1	-1
6209	6285	6286	1	-1	-1	-1
6287	6209	6286	1	-1	-1	-1
6285	6210	6288	1	-1	-1	-1
6235	6314	6236	1	-1	-1	-1
6217	6280	6293	1	-1	-1	-1
6315	6237	6238	1	-1	-1	-1
6290	6214	6289	1	-1	-1	-1
6239	6316	6238	1	-1	-1	-1
6242	6237	6315	1	-1	-1	-1
6290	6291	6214	1	-1	-1	-1
6316	6239	6241	1	-1	-1	-1
6216	6292	6289	1	-1	-1	-1
6241	6240	6317	1	-1	-1	-1
6235	6254	6314	1	-1	-1	-1
6293	6294	6217	1	-1	-1	-1
6295	6292	6218	1	-1	-1	-1
6295	6218	6294	1	-1	-1	-1
6243	6323	6244	1	-1	-1	-1
6245	6244	6324	1	-1	-1	-1
6220	6296	6297	1	-1	-1	-1
6225	6302	6288	1	-1	-1	-1
6245	6325	6246	1	-1	-1	-1
6297	6298	6222	1	-1	-1	-1
6246	6325	6247	1	-1	-1	-1
6298	6299	6223	1	-1	-1	-1
6301	6224	6299	1	-1	-1	-1
6248	6250	6326	1	-1	-1	-1
6300	6224	6301	1	-1	-1	-1
6248	6326	6252	1	-1	-1	-1
6225	6300	6302	1	-1	-1	-1
6251	6252	6327	1	-1	-1	-1
6304	6227	6303	1	-1	-1	-1
6230	6308	6296	1	-1	-1	-1
6254	6253	6329	1	-1	-1	-1
6228	6305	6303	1	-1	-1	-1
6330	6253	6255	1	-1	-1	-1
6251	6327	6260	1	-1	-1	-1
6276	6242	6321	1	-1	-1	-1
6228	6306	6305	1	-1	-1	-1
6307	6306	6228	1	-1	-1	-1
6230	6304	6308	1	-1	-1	-1
6255	6258	6331	1	-1	-1	-1
6257	6256	6332	1	-1	-1	-1
6231	6309	6307	1	-1	-1	-1
6240	6291	6317	1	-1	-1	-1
6260	6332	6256	1	-1	-1	-1
6333	6259	6257	1	-1	-1	-1
6259	6335	6258	1	-1	-1	-1
6311	6232	6310	1	-1	-1	-1
6309	6234	6312	1	-1	-1	-1
6311	6313	6234	1	-1	-1	-1
6312	6234	6313	1	-1	-1	-1
6310	6236	6314	1	-1	-1	-1
6261	6262	6340	1	-1	-1	-1
6261	6339	6263	1	-1	-1	-1
6339	6264	6263	1	-1	-1	-1
6316	6315	6238	1	-1	-1	-1
6342	6265	6264	1	-1	-1	-1
6318	6241	6317	1	-1	-1	-1
6241	6319	6316	1	-1	-1	-1
6242	6315	6320	1	-1	-1	-1
6241	6318	6319	1	-1	-1	-1
6343	6268	6267	1	-1	-1	-1
6269	6343	6267	1	-1	-1	-1
6278	6341	6262	1	-1	-1	-1
6344	6271	6268	1	-1	-1	-1
6242	6320	6321	1	-1	-1	-1
6270	6272	6346	1	-1	-1	-1
6323	6243	6322	1	-1	-1	-1
6272	6271	6347	1	-1	-1	-1
6244	6323	6324	1	-1	-1	-1
6245	6324	6325	1	-1	-1	-1
6349	6273	6274	1	-1	-1	-1
6314	6254	6329	1	-1	-1	-1
6275	6273	6350	1	-1	-1	-1
6308	6297	6296	1	-1	-1	-1
6276	6351	6274	1	-1	-1	-1
6297	6308	6298	1	-1	-1	-1
6352	6277	6275	1	-1	-1	-1
6252	6326	6328	1	-1	-1	-1
6328	6327	6252	1	-1	-1	-1
6277	6352	6279	1	-1	-1	-1
6278	6279	6355	1	-1	-1	-1
6253	6330	6329	1	-1	-1	-1
6255	6331	6330	1	-1	-1	-1
6358	6280	6281	1	-1	-1	-1
6282	6359	6281	1	-1	-1	-1
6332	6334	6257	1	-1	-1	-1
6331	6258	6335	1	-1	-1	-1
6334	6333	6257	1	-1	-1	-1
6327	6338	6260	1	-1	-1	-1
6361	6282	6284	1	-1	-1	-1
6336	6259	6333	1	-1	-1	-1
6337	6332	6260	1	-1	-1	-1
6336	6335	6259	1	-1	-1	-1
6363	6284	6283	1	-1	-1	-1
6293	6280	6358	1	-1	-1	-1
6287	6362	6283	1	-1	-1	-1
6337	6260	6338	1	-1	-1	-1
6285	6364	6286	1	-1	-1	-1
6285	6288	6364	1	-1	-1	-1
6287	6286	6365	1	-1	-1	-1
6339	6261	6340	1	-1	-1	-1
6341	6340	6262	1	-1	-1	-1
6342	6264	6339	1	-1	-1	-1
6368	6290	6289	1	-1	-1	-1
6292	6368	6289	1	-1	-1	-1
6291	6290	6369	1	-1	-1	-1
6354	6276	6321	1	-1	-1	-1
6292	6295	6368	1	-1	-1	-1
6344	6268	6343	1	-1	-1	-1
6302	6367	6288	1	-1	-1	-1
6269	6345	6343	1	-1	-1	-1
6293	6371	6294	1	-1	-1	-1
6295	6294	6373	1	-1	-1	-1
6344	6347	6271	1	-1	-1	-1
6272	6348	6346	1	-1	-1	-1
6348	6272	6347	1	-1	-1	-1
6273	6349	6350	1	-1	-1	-1
6298	6375	6299	1	-1	-1	-1
6278	6355	6341	1	-1	-1	-1
6349	6274	6351	1	-1	-1	-1
6299	6378	6301	1	-1	-1	-1
6317	6291	6370	1	-1	-1	-1
6353	6275	6350	1	-1	-1	-1
6352	6275	6353	1	-1	-1	-1
6379	6300	6301	1	-1	-1	-1
6354	6351	6276	1	-1	-1	-1
6302	6300	6379	1	-1	-1	-1
6298	6308	6377	1	-1	-1	-1
6279	6352	6356	1	-1	-1	-1
6304	6303	6382	1	-1	-1	-1
6304	6377	6308	1	-1	-1	-1
6279	6357	6355	1	-1	-1	-1
6383	6303	6305	1	-1	-1	-1
6279	6356	6357	1	-1	-1	-1
6305	6306	6384	1	-1	-1	-1
6385	6306	6307	1	-1	-1	-1
6358	6281	6360	1	-1	-1	-1
6359	6360	6281	1	-1	-1	-1
6386	6307	6309	1	-1	-1	-1
6361	6359	6282	1	-1	-1	-1
6332	6337	6334	1	-1	-1	-1
6309	6312	6386	1	-1	-1	-1
6363	6361	6284	1	-1	-1	-1
6310	6387	6311	1	-1	-1	-1
6362	6363	6283	1	-1	-1	-1
6387	6313	6311	1	-1	-1	-1
6388	6310	6314	1	-1	-1	-1
6313	6389	6312	1	-1	-1	-1
6366	6362	6287	1	-1	-1	-1
6365	6286	6364	1	-1	-1	-1
6365	6366	6287	1	-1	-1	-1
6364	6288	6367	1	-1	-1	-1
6391	6315	6316	1	-1	-1	-1
6293	6358	6372	1	-1	-1	-1
6391	6316	6319	1	-1	-1	-1
6320	6315	6391	1	-1	-1	-1
6392	6318	6317	1	-1	-1	-1
6369	6290	6368	1	-1	-1	-1
6392	6319	6318	1	-1	-1	-1
6369	6370	6291	1	-1	-1	-1
6329	6388	6314	1	-1	-1	-1
6321	6320	6394	1	-1	-1	-1
6293	6372	6371	1	-1	-1	-1
6295	6374	6368	1	-1	-1	-1
6373	6294	6371	1	-1	-1	-1
6373	6374	6295	1	-1	-1	-1
6388	6329	6330	1	-1	-1	-1
6298	6376	6375	1	-1	-1	-1
6381	6367	6302	1	-1	-1	-1
6396	6327	6328	1	-1	-1	-1
6298	6377	6376	1	-1	-1	-1
6378	6299	6375	1	-1	-1	-1
6331	6398	6330	1	-1	-1	-1
6380	6301	6378	1	-1	-1	-1
6379	6301	6380	1	-1	-1	-1
6396	6338	6327	1	-1	-1	-1
6352	6353	6356	1	-1	-1	-1
6379	6381	6302	1	-1	-1	-1
6377	6304	6382	1	-1	-1	-1
6331	6335	6399	1	-1	-1	-1
6383	6382	6303	1	-1	-1	-1
6401	6333	6334	1	-1	-1	-1
6400	6336	6333	1	-1	-1	-1
6399	6335	6336	1	-1	-1	-1
6395	6354	6321	1	-1	-1	-1
6384	6383	6305	1	-1	-1	-1
6337	6402	6334	1	-1	-1	-1
6385	6384	6306	1	-1	-1	-1
6307	6386	6385	1	-1	-1	-1
6392	6317	6370	1	-1	-1	-1
6338	6404	6337	1	-1	-1	-1
6406	6339	6340	1	-1	-1	-1
6387	6310	6388	1	-1	-1	-1
6342	6339	6406	1	-1	-1	-1
6386	6312	6389	1	-1	-1	-1
6340	6341	6408	1	-1	-1	-1
6390	6313	6387	1	-1	-1	-1
6313	6390	6389	1	-1	-1	-1
6410	6344	6343	1	-1	-1	-1
6345	6410	6343	1	-1	-1	-1
6347	6344	6410	1	-1	-1	-1
6391	6319	6393	1	-1	-1	-1
6393	6319	6392	1	-1	-1	-1
6391	6394	6320	1	-1	-1	-1
6355	6409	6341	1	-1	-1	-1
6346	6348	6412	1	-1	-1	-1
6413	6348	6347	1	-1	-1	-1
6394	6395	6321	1	-1	-1	-1
6369	6368	6374	1	-1	-1	-1
6415	6350	6349	1	-1	-1	-1
6397	6388	6330	1	-1	-1	-1
6415	6349	6351	1	-1	-1	-1
6350	6416	6353	1	-1	-1	-1
6355	6357	6409	1	-1	-1	-1
6354	6418	6351	1	-1	-1	-1
6330	6398	6397	1	-1	-1	-1
6331	6399	6398	1	-1	-1	-1
6419	6356	6353	1	-1	-1	-1
6376	6378	6375	1	-1	-1	-1
6333	6401	6400	1	-1	-1	-1
6357	6356	6421	1	-1	-1	-1
6402	6401	6334	1	-1	-1	-1
6336	6403	6399	1	-1	-1	-1
6403	6336	6400	1	-1	-1	-1
6338	6396	6405	1	-1	-1	-1
6423	6358	6360	1	-1	-1	-1
6402	6337	6404	1	-1	-1	-1
6359	6424	6360	1	-1	-1	-1
6424	6359	6361	1	-1	-1	-1
6404	6338	6405	1	-1	-1	-1
6363	6426	6361	1	-1	-1	-1
6363	6362	6427	1	-1	-1	-1
6407	6406	6340	1	-1	-1	-1
6358	6423	6372	1	-1	-1	-1
6362	6366	6427	1	-1	-1	-1
6408	6407	6340	1	-1	-1	-1
6409	6408	6341	1	-1	-1	-1
6430	6365	6364	1	-1	-1	-1
6367	6429	6364	1	-1	-1	-1
6431	6366	6365	1	-1	-1	-1
6345	6411	6410	1	-1	-1	-1
6395	6420	6354	1	-1	-1	-1
6413	6347	6410	1	-1	-1	-1
6348	6414	6412	1	-1	-1	-1
6369	6435	6370	1	-1	-1	-1
6413	6414	6348	1	-1	-1	-1
6369	6374	6435	1	-1	-1	-1
6437	6373	6371	1	-1	-1	-1
6438	6371	6372	1	-1	-1	-1
6433	6367	6381	1	-1	-1	-1
6350	6415	6417	1	-1	-1	-1
6350	6417	6416	1	-1	-1	-1
6415	6351	6418	1	-1	-1	-1
6441	6374	6373	1	-1	-1	-1
6416	6419	6353	1	-1	-1	-1
6357	6422	6409	1	-1	-1	-1
6418	6354	6420	1	-1	-1	-1
6377	6443	6376	1	-1	-1	-1
6419	6421	6356	1	-1	-1	-1
6376	6442	6378	1	-1	-1	-1
6436	6392	6370	1	-1	-1	-1
6422	6357	6421	1	-1	-1	-1
6380	6378	6445	1	-1	-1	-1
6382	6444	6377	1	-1	-1	-1
6380	6446	6379	1	-1	-1	-1
6446	6381	6379	1	-1	-1	-1
6360	6425	6423	1	-1	-1	-1
6424	6425	6360	1	-1	-1	-1
6361	6426	6424	1	-1	-1	-1
6383	6448	6382	1	-1	-1	-1
6383	6384	6449	1	-1	-1	-1
6363	6428	6426	1	-1	-1	-1
6428	6363	6427	1	-1	-1	-1
6451	6384	6385	1	-1	-1	-1
6364	6429	6430	1	-1	-1	-1
6452	6385	6386	1	-1	-1	-1
6366	6432	6427	1	-1	-1	-1
6431	6365	6430	1	-1	-1	-1
6389	6453	6386	1	-1	-1	-1
6454	6387	6388	1	-1	-1	-1
6432	6366	6431	1	-1	-1	-1
6429	6367	6434	1	-1	-1	-1
6454	6390	6387	1	-1	-1	-1
6411	6413	6410	1	-1	-1	-1
6390	6455	6389	1	-1	-1	-1
6423	6439	6372	1	-1	-1	-1
6434	6367	6433	1	-1	-1	-1
6454	6388	6397	1	-1	-1	-1
6391	6393	6457	1	-1	-1	-1
6436	6370	6435	1	-1	-1	-1
6394	6391	6457	1	-1	-1	-1
6458	6393	6392	1	-1	-1	-1
6438	6437	6371	1	-1	-1	-1
6395	6394	6461	1	-1	-1	-1
6440	6438	6372	1	-1	-1	-1
6435	6374	6441	1	-1	-1	-1
6372	6439	6440	1	-1	-1	-1
6441	6373	6437	1	-1	-1	-1
6433	6381	6446	1	-1	-1	-1
6397	6398	6465	1	-1	-1	-1
6376	6443	6442	1	-1	-1	-1
6466	6398	6399	1	-1	-1	-1
6444	6443	6377	1	-1	-1	-1
6445	6378	6442	1	-1	-1	-1
6466	6399	6403	1	-1	-1	-1
6400	6401	6467	1	-1	-1	-1
6403	6400	6467	1	-1	-1	-1
6401	6402	6468	1	-1	-1	-1
6447	6380	6445	1	-1	-1	-1
6446	6380	6447	1	-1	-1	-1
6382	6448	6444	1	-1	-1	-1
6404	6470	6402	1	-1	-1	-1
6420	6395	6463	1	-1	-1	-1
6404	6405	6470	1	-1	-1	-1
6448	6383	6449	1	-1	-1	-1
6449	6384	6450	1	-1	-1	-1
6451	6450	6384	1	-1	-1	-1
6459	6392	6436	1	-1	-1	-1
6385	6452	6451	1	-1	-1	-1
6408	6473	6407	1	-1	-1	-1
6473	6408	6409	1	-1	-1	-1
6386	6453	6452	1	-1	-1	-1
6453	6389	6455	1	-1	-1	-1
6475	6413	6411	1	-1	-1	-1
6454	6456	6390	1	-1	-1	-1
6390	6456	6455	1	-1	-1	-1
6414	6476	6412	1	-1	-1	-1
6475	6414	6413	1	-1	-1	-1
6409	6422	6474	1	-1	-1	-1
6459	6458	6392	1	-1	-1	-1
6417	6415	6478	1	-1	-1	-1
6393	6460	6457	1	-1	-1	-1
6418	6478	6415	1	-1	-1	-1
6393	6458	6460	1	-1	-1	-1
6461	6394	6457	1	-1	-1	-1
6416	6417	6479	1	-1	-1	-1
6419	6416	6479	1	-1	-1	-1
6420	6478	6418	1	-1	-1	-1
6454	6397	6465	1	-1	-1	-1
6395	6461	6462	1	-1	-1	-1
6395	6462	6464	1	-1	-1	-1
6481	6421	6419	1	-1	-1	-1
6395	6464	6463	1	-1	-1	-1
6481	6422	6421	1	-1	-1	-1
6466	6465	6398	1	-1	-1	-1
6425	6485	6423	1	-1	-1	-1
6425	6424	6486	1	-1	-1	-1
6486	6424	6426	1	-1	-1	-1
6401	6468	6467	1	-1	-1	-1
6402	6469	6468	1	-1	-1	-1
6466	6403	6471	1	-1	-1	-1
6469	6402	6470	1	-1	-1	-1
6428	6488	6426	1	-1	-1	-1
6472	6403	6467	1	-1	-1	-1
6489	6428	6427	1	-1	-1	-1
6471	6403	6472	1	-1	-1	-1
6423	6485	6439	1	-1	-1	-1
6489	6427	6432	1	-1	-1	-1
6430	6429	6490	1	-1	-1	-1
6431	6430	6491	1	-1	-1	-1
6429	6434	6490	1	-1	-1	-1
6432	6431	6492	1	-1	-1	-1
6474	6473	6409	1	-1	-1	-1
6433	6495	6434	1	-1	-1	-1
6440	6439	6485	1	-1	-1	-1
6477	6414	6475	1	-1	-1	-1
6463	6483	6420	1	-1	-1	-1
6414	6477	6476	1	-1	-1	-1
6435	6498	6436	1	-1	-1	-1
6465	6456	6454	1	-1	-1	-1
6446	6496	6433	1	-1	-1	-1
6441	6499	6435	1	-1	-1	-1
6480	6417	6478	1	-1	-1	-1
6438	6501	6437	1	-1	-1	-1
6417	6480	6479	1	-1	-1	-1
6441	6437	6500	1	-1	-1	-1
6460	6461	6457	1	-1	-1	-1
6419	6479	6482	1	-1	-1	-1
6440	6502	6438	1	-1	-1	-1
6484	6474	6422	1	-1	-1	-1
6420	6483	6478	1	-1	-1	-1
6481	6419	6482	1	-1	-1	-1
6484	6422	6481	1	-1	-1	-1
6442	6443	6506	1	-1	-1	-1
6498	6459	6436	1	-1	-1	-1
6506	6445	6442	1	-1	-1	-1
6507	6443	6444	1	-1	-1	-1
6485	6425	6487	1	-1	-1	-1
6487	6425	6486	1	-1	-1	-1
6488	6486	6426	1	-1	-1	-1
6448	6509	6444	1	-1	-1	-1
6445	6510	6447	1	-1	-1	-1
6428	6489	6488	1	-1	-1	-1
6513	6446	6447	1	-1	-1	-1
6509	6448	6449	1	-1	-1	-1
6430	6490	6491	1	-1	-1	-1
6450	6515	6449	1	-1	-1	-1
6432	6494	6489	1	-1	-1	-1
6431	6491	6493	1	-1	-1	-1
6431	6493	6492	1	-1	-1	-1
6516	6450	6451	1	-1	-1	-1
6492	6494	6432	1	-1	-1	-1
6452	6516	6451	1	-1	-1	-1
6497	6490	6434	1	-1	-1	-1
6453	6518	6452	1	-1	-1	-1
6495	6433	6496	1	-1	-1	-1
6518	6453	6455	1	-1	-1	-1
6497	6434	6495	1	-1	-1	-1
6504	6440	6485	1	-1	-1	-1
6455	6456	6519	1	-1	-1	-1
6499	6498	6435	1	-1	-1	-1
6501	6500	6437	1	-1	-1	-1
6459	6522	6458	1	-1	-1	-1
6460	6458	6522	1	-1	-1	-1
6502	6501	6438	1	-1	-1	-1
6482	6479	6480	1	-1	-1	-1
6521	6456	6465	1	-1	-1	-1
6502	6440	6503	1	-1	-1	-1
6499	6441	6505	1	-1	-1	-1
6525	6461	6460	1	-1	-1	-1
6505	6441	6500	1	-1	-1	-1
6504	6503	6440	1	-1	-1	-1
6461	6526	6462	1	-1	-1	-1
6521	6465	6466	1	-1	-1	-1
6526	6464	6462	1	-1	-1	-1
6464	6528	6463	1	-1	-1	-1
6446	6513	6496	1	-1	-1	-1
6508	6506	6443	1	-1	-1	-1
6507	6508	6443	1	-1	-1	-1
6507	6444	6509	1	-1	-1	-1
6445	6506	6512	1	-1	-1	-1
6511	6510	6445	1	-1	-1	-1
6467	6468	6531	1	-1	-1	-1
6466	6471	6530	1	-1	-1	-1
6445	6512	6511	1	-1	-1	-1
6469	6532	6468	1	-1	-1	-1
6472	6467	6531	1	-1	-1	-1
6514	6447	6510	1	-1	-1	-1
6463	6527	6483	1	-1	-1	-1
6449	6515	6509	1	-1	-1	-1
6513	6447	6514	1	-1	-1	-1
6471	6472	6533	1	-1	-1	-1
6504	6485	6487	1	-1	-1	-1
6523	6459	6498	1	-1	-1	-1
6450	6516	6515	1	-1	-1	-1
6517	6516	6452	1	-1	-1	-1
6517	6452	6518	1	-1	-1	-1
6476	6477	6536	1	-1	-1	-1
6455	6520	6518	1	-1	-1	-1
6519	6520	6455	1	-1	-1	-1
6478	6537	6480	1	-1	-1	-1
6519	6456	6521	1	-1	-1	-1
6537	6478	6483	1	-1	-1	-1
6538	6482	6480	1	-1	-1	-1
6482	6539	6481	1	-1	-1	-1
6539	6484	6481	1	-1	-1	-1
6524	6522	6459	1	-1	-1	-1
6524	6459	6523	1	-1	-1	-1
6522	6525	6460	1	-1	-1	-1
6461	6525	6526	1	-1	-1	-1
6486	6541	6487	1	-1	-1	-1
6541	6486	6488	1	-1	-1	-1
6521	6466	6530	1	-1	-1	-1
6527	6463	6528	1	-1	-1	-1
6526	6529	6464	1	-1	-1	-1
6488	6489	6543	1	-1	-1	-1
6499	6523	6498	1	-1	-1	-1
6464	6529	6528	1	-1	-1	-1
6491	6490	6544	1	-1	-1	-1
6489	6494	6543	1	-1	-1	-1
6508	6512	6506	1	-1	-1	-1
6544	6493	6491	1	-1	-1	-1
6492	6493	6546	1	-1	-1	-1
6494	6492	6545	1	-1	-1	-1
6490	6497	6544	1	-1	-1	-1
6531	6468	6532	1	-1	-1	-1
6487	6542	6504	1	-1	-1	-1
6530	6471	6533	1	-1	-1	-1
6472	6531	6535	1	-1	-1	-1
6472	6534	6533	1	-1	-1	-1
6550	6495	6496	1	-1	-1	-1
6535	6534	6472	1	-1	-1	-1
6550	6497	6495	1	-1	-1	-1
6483	6527	6537	1	-1	-1	-1
6537	6538	6480	1	-1	-1	-1
6501	6556	6500	1	-1	-1	-1
6499	6505	6555	1	-1	-1	-1
6540	6482	6538	1	-1	-1	-1
6513	6551	6496	1	-1	-1	-1
6501	6502	6557	1	-1	-1	-1
6505	6500	6556	1	-1	-1	-1
6540	6539	6482	1	-1	-1	-1
6558	6502	6503	1	-1	-1	-1
6504	6559	6503	1	-1	-1	-1
6541	6542	6487	1	-1	-1	-1
6543	6541	6488	1	-1	-1	-1
6499	6554	6523	1	-1	-1	-1
6562	6508	6507	1	-1	-1	-1
6509	6561	6507	1	-1	-1	-1
6512	6508	6563	1	-1	-1	-1
6546	6545	6492	1	-1	-1	-1
6493	6544	6548	1	-1	-1	-1
6493	6547	6546	1	-1	-1	-1
6494	6549	6543	1	-1	-1	-1
6510	6511	6565	1	-1	-1	-1
6564	6509	6515	1	-1	-1	-1
6547	6493	6548	1	-1	-1	-1
6545	6549	6494	1	-1	-1	-1
6512	6566	6511	1	-1	-1	-1
6510	6565	6514	1	-1	-1	-1
6553	6544	6497	1	-1	-1	-1
6514	6567	6513	1	-1	-1	-1
6550	6496	6551	1	-1	-1	-1
6531	6532	6535	1	-1	-1	-1
6550	6552	6497	1	-1	-1	-1
6570	6515	6516	1	-1	-1	-1
6497	6552	6553	1	-1	-1	-1
6517	6570	6516	1	-1	-1	-1
6542	6559	6504	1	-1	-1	-1
6518	6572	6517	1	-1	-1	-1
6499	6555	6554	1	-1	-1	-1
6572	6518	6520	1	-1	-1	-1
6520	6519	6573	1	-1	-1	-1
6521	6573	6519	1	-1	-1	-1
6501	6557	6556	1	-1	-1	-1
6557	6502	6558	1	-1	-1	-1
6559	6558	6503	1	-1	-1	-1
6505	6560	6555	1	-1	-1	-1
6522	6524	6575	1	-1	-1	-1
6556	6560	6505	1	-1	-1	-1
6522	6576	6525	1	-1	-1	-1
6521	6530	6573	1	-1	-1	-1
6577	6524	6523	1	-1	-1	-1
6561	6562	6507	1	-1	-1	-1
6580	6526	6525	1	-1	-1	-1
6513	6567	6551	1	-1	-1	-1
6563	6508	6562	1	-1	-1	-1
6564	6561	6509	1	-1	-1	-1
6581	6529	6526	1	-1	-1	-1
6582	6527	6528	1	-1	-1	-1
6529	6584	6528	1	-1	-1	-1
6566	6512	6563	1	-1	-1	-1
6565	6511	6566	1	-1	-1	-1
6553	6548	6544	1	-1	-1	-1
6583	6537	6527	1	-1	-1	-1
6568	6514	6565	1	-1	-1	-1
6515	6569	6564	1	-1	-1	-1
6533	6585	6530	1	-1	-1	-1
6568	6567	6514	1	-1	-1	-1
6535	6532	6586	1	-1	-1	-1
6534	6587	6533	1	-1	-1	-1
6523	6554	6577	1	-1	-1	-1
6570	6569	6515	1	-1	-1	-1
6588	6534	6535	1	-1	-1	-1
6583	6538	6537	1	-1	-1	-1
6517	6571	6570	1	-1	-1	-1
6571	6517	6572	1	-1	-1	-1
6538	6583	6540	1	-1	-1	-1
6574	6572	6520	1	-1	-1	-1
6520	6573	6574	1	-1	-1	-1
6522	6575	6576	1	-1	-1	-1
6591	6542	6541	1	-1	-1	-1
6591	6541	6543	1	-1	-1	-1
6524	6579	6575	1	-1	-1	-1
6577	6578	6524	1	-1	-1	-1
6580	6525	6576	1	-1	-1	-1
6524	6578	6579	1	-1	-1	-1
6549	6593	6543	1	-1	-1	-1
6546	6594	6545	1	-1	-1	-1
6581	6526	6580	1	-1	-1	-1
6585	6573	6530	1	-1	-1	-1
6595	6549	6545	1	-1	-1	-1
6597	6546	6547	1	-1	-1	-1
6583	6527	6582	1	-1	-1	-1
6547	6548	6598	1	-1	-1	-1
6542	6592	6559	1	-1	-1	-1
6529	6581	6584	1	-1	-1	-1
6528	6584	6582	1	-1	-1	-1
6548	6553	6598	1	-1	-1	-1
6599	6550	6551	1	-1	-1	-1
6599	6552	6550	1	-1	-1	-1
6533	6587	6585	1	-1	-1	-1
6553	6552	6601	1	-1	-1	-1
6589	6587	6534	1	-1	-1	-1
6590	6535	6586	1	-1	-1	-1
6588	6589	6534	1	-1	-1	-1
6554	6555	6602	1	-1	-1	-1
6535	6590	6588	1	-1	-1	-1
6555	6560	6603	1	-1	-1	-1
6567	6600	6551	1	-1	-1	-1
6605	6556	6557	1	-1	-1	-1
6556	6605	6560	1	-1	-1	-1
6557	6558	6606	1	-1	-1	-1
6591	6592	6542	1	-1	-1	-1
6558	6559	6608	1	-1	-1	-1
6591	6543	6593	1	-1	-1	-1
6609	6562	6561	1	-1	-1	-1
6573	6585	6574	1	-1	-1	-1
6602	6577	6554	1	-1	-1	-1
6595	6545	6594	1	-1	-1	-1
6564	6609	6561	1	-1	-1	-1
6609	6563	6562	1	-1	-1	-1
6568	6600	6567	1	-1	-1	-1
6594	6546	6596	1	-1	-1	-1
6593	6549	6595	1	-1	-1	-1
6563	6610	6566	1	-1	-1	-1
6546	6597	6596	1	-1	-1	-1
6597	6547	6598	1	-1	-1	-1
6566	6612	6565	1	-1	-1	-1
6569	6611	6564	1	-1	-1	-1
6568	6565	6612	1	-1	-1	-1
6551	6600	6599	1	-1	-1	-1
6552	6599	6601	1	-1	-1	-1
6601	6598	6553	1	-1	-1	-1
6569	6570	6618	1	-1	-1	-1
6608	6559	6592	1	-1	-1	-1
6570	6571	6619	1	-1	-1	-1
6604	6602	6555	1	-1	-1	-1
6603	6604	6555	1	-1	-1	-1
6621	6571	6572	1	-1	-1	-1
6557	6606	6605	1	-1	-1	-1
6605	6603	6560	1	-1	-1	-1
6572	6574	6623	1	-1	-1	-1
6606	6558	6607	1	-1	-1	-1
6608	6607	6558	1	-1	-1	-1
6575	6624	6576	1	-1	-1	-1
6579	6624	6575	1	-1	-1	-1
6580	6576	6625	1	-1	-1	-1
6623	6574	6585	1	-1	-1	-1
6609	6610	6563	1	-1	-1	-1
6577	6627	6578	1	-1	-1	-1
6568	6615	6600	1	-1	-1	-1
6611	6609	6564	1	-1	-1	-1
6627	6579	6578	1	-1	-1	-1
6566	6610	6613	1	-1	-1	-1
6581	6580	6629	1	-1	-1	-1
6612	6566	6614	1	-1	-1	-1
6566	6613	6614	1	-1	-1	-1
6581	6630	6584	1	-1	-1	-1
6568	6612	6617	1	-1	-1	-1
6611	6569	6618	1	-1	-1	-1
6616	6615	6568	1	-1	-1	-1
6568	6617	6616	1	-1	-1	-1
6587	6631	6585	1	-1	-1	-1
6602	6626	6577	1	-1	-1	-1
6589	6631	6587	1	-1	-1	-1
6618	6570	6619	1	-1	-1	-1
6632	6589	6588	1	-1	-1	-1
6620	6619	6571	1	-1	-1	-1
6588	6590	6632	1	-1	-1	-1
6620	6571	6621	1	-1	-1	-1
6572	6622	6621	1	-1	-1	-1
6623	6622	6572	1	-1	-1	-1
6592	6591	6635	1	-1	-1	-1
6636	6591	6593	1	-1	-1	-1
6625	6576	6624	1	-1	-1	-1
6638	6593	6595	1	-1	-1	-1
6639	6595	6594	1	-1	-1	-1
6639	6594	6596	1	-1	-1	-1
6577	6626	6627	1	-1	-1	-1
6579	6628	6624	1	-1	-1	-1
6604	6626	6602	1	-1	-1	-1
6580	6625	6629	1	-1	-1	-1
6597	6641	6596	1	-1	-1	-1
6628	6579	6627	1	-1	-1	-1
6608	6592	6637	1	-1	-1	-1
6597	6598	6643	1	-1	-1	-1
6631	6623	6585	1	-1	-1	-1
6630	6581	6629	1	-1	-1	-1
6598	6601	6643	1	-1	-1	-1
6612	6614	6617	1	-1	-1	-1
6644	6601	6599	1	-1	-1	-1
6599	6600	6646	1	-1	-1	-1
6589	6632	6633	1	-1	-1	-1
6634	6631	6589	1	-1	-1	-1
6603	6648	6604	1	-1	-1	-1
6633	6634	6589	1	-1	-1	-1
6605	6649	6603	1	-1	-1	-1
6649	6605	6606	1	-1	-1	-1
6615	6646	6600	1	-1	-1	-1
6636	6635	6591	1	-1	-1	-1
6606	6607	6649	1	-1	-1	-1
6635	6637	6592	1	-1	-1	-1
6593	6638	6636	1	-1	-1	-1
6607	6608	6653	1	-1	-1	-1
6639	6638	6595	1	-1	-1	-1
6610	6609	6654	1	-1	-1	-1
6640	6639	6596	1	-1	-1	-1
6611	6655	6609	1	-1	-1	-1
6596	6641	6640	1	-1	-1	-1
6613	6610	6654	1	-1	-1	-1
6650	6626	6604	1	-1	-1	-1
6641	6597	6642	1	-1	-1	-1
6643	6642	6597	1	-1	-1	-1
6611	6618	6656	1	-1	-1	-1
6614	6613	6658	1	-1	-1	-1
6645	6644	6599	1	-1	-1	-1
6599	6646	6645	1	-1	-1	-1
6614	6660	6617	1	-1	-1	-1
6601	6647	6643	1	-1	-1	-1
6615	6616	6661	1	-1	-1	-1
6601	6644	6647	1	-1	-1	-1
6662	6616	6617	1	-1	-1	-1
6637	6653	6608	1	-1	-1	-1
6603	6649	6648	1	-1	-1	-1
6618	6619	6664	1	-1	-1	-1
6619	6620	6664	1	-1	-1	-1
6648	6651	6604	1	-1	-1	-1
6650	6604	6651	1	-1	-1	-1
6621	6665	6620	1	-1	-1	-1
6652	6649	6607	1	-1	-1	-1
6621	6622	6666	1	-1	-1	-1
6667	6622	6623	1	-1	-1	-1
6653	6652	6607	1	-1	-1	-1
6624	6668	6625	1	-1	-1	-1
6655	6654	6609	1	-1	-1	-1
6668	6624	6628	1	-1	-1	-1
6623	6631	6667	1	-1	-1	-1
6611	6656	6655	1	-1	-1	-1
6661	6646	6615	1	-1	-1	-1
6629	6625	6669	1	-1	-1	-1
6626	6671	6627	1	-1	-1	-1
6613	6654	6657	1	-1	-1	-1
6628	6627	6673	1	-1	-1	-1
6629	6669	6630	1	-1	-1	-1
6613	6657	6658	1	-1	-1	-1
6659	6614	6658	1	-1	-1	-1
6631	6634	6667	1	-1	-1	-1
6659	6660	6614	1	-1	-1	-1
6656	6618	6664	1	-1	-1	-1
6662	6661	6616	1	-1	-1	-1
6660	6663	6617	1	-1	-1	-1
6663	6662	6617	1	-1	-1	-1
6634	6633	6676	1	-1	-1	-1
6626	6650	6672	1	-1	-1	-1
6664	6620	6665	1	-1	-1	-1
6678	6635	6636	1	-1	-1	-1
6637	6635	6679	1	-1	-1	-1
6621	6666	6665	1	-1	-1	-1
6638	6680	6636	1	-1	-1	-1
6667	6666	6622	1	-1	-1	-1
6639	6682	6638	1	-1	-1	-1
6640	6682	6639	1	-1	-1	-1
6668	6670	6625	1	-1	-1	-1
6670	6669	6625	1	-1	-1	-1
6640	6641	6683	1	-1	-1	-1
6642	6684	6641	1	-1	-1	-1
6672	6671	6626	1	-1	-1	-1
6679	6653	6637	1	-1	-1	-1
6628	6674	6668	1	-1	-1	-1
6671	6673	6627	1	-1	-1	-1
6688	6642	6643	1	-1	-1	-1
6628	6673	6675	1	-1	-1	-1
6628	6675	6674	1	-1	-1	-1
6634	6677	6667	1	-1	-1	-1
6647	6688	6643	1	-1	-1	-1
6645	6689	6644	1	-1	-1	-1
6689	6647	6644	1	-1	-1	-1
6690	6645	6646	1	-1	-1	-1
6634	6676	6677	1	-1	-1	-1
6649	6692	6648	1	-1	-1	-1
6651	6648	6692	1	-1	-1	-1
6678	6679	6635	1	-1	-1	-1
6652	6693	6649	1	-1	-1	-1
6636	6680	6678	1	-1	-1	-1
6694	6650	6651	1	-1	-1	-1
6646	6661	6690	1	-1	-1	-1
6680	6638	6681	1	-1	-1	-1
6638	6682	6681	1	-1	-1	-1
6696	6652	6653	1	-1	-1	-1
6683	6682	6640	1	-1	-1	-1
6655	6697	6654	1	-1	-1	-1
6657	6654	6697	1	-1	-1	-1
6698	6655	6656	1	-1	-1	-1
6685	6641	6684	1	-1	-1	-1
6683	6641	6686	1	-1	-1	-1
6670	6668	6674	1	-1	-1	-1
6685	6686	6641	1	-1	-1	-1
6687	6684	6642	1	-1	-1	-1
6694	6672	6650	1	-1	-1	-1
6701	6658	6657	1	-1	-1	-1
6687	6642	6688	1	-1	-1	-1
6656	6664	6698	1	-1	-1	-1
6659	6658	6703	1	-1	-1	-1
6704	6660	6659	1	-1	-1	-1
6645	6690	6691	1	-1	-1	-1
6647	6689	6688	1	-1	-1	-1
6679	6696	6653	1	-1	-1	-1
6691	6689	6645	1	-1	-1	-1
6662	6705	6661	1	-1	-1	-1
6704	6663	6660	1	-1	-1	-1
6706	6662	6663	1	-1	-1	-1
6649	6693	6692	1	-1	-1	-1
6664	6665	6708	1	-1	-1	-1
6695	6651	6692	1	-1	-1	-1
6709	6665	6666	1	-1	-1	-1
6695	6694	6651	1	-1	-1	-1
6696	6693	6652	1	-1	-1	-1
6711	6666	6667	1	-1	-1	-1
6697	6655	6699	1	-1	-1	-1
6655	6698	6699	1	-1	-1	-1
6700	6657	6697	1	-1	-1	-1
6677	6711	6667	1	-1	-1	-1
6712	6671	6672	1	-1	-1	-1
6690	6661	6705	1	-1	-1	-1
6673	6671	6712	1	-1	-1	-1
6687	6685	6684	1	-1	-1	-1
6701	6657	6700	1	-1	-1	-1
6658	6701	6702	1	-1	-1	-1
6673	6714	6675	1	-1	-1	-1
6703	6658	6702	1	-1	-1	-1
6704	6659	6703	1	-1	-1	-1
6676	6715	6677	1	-1	-1	-1
6708	6698	6664	1	-1	-1	-1
6706	6705	6662	1	-1	-1	-1
6704	6707	6663	1	-1	-1	-1
6678	6717	6679	1	-1	-1	-1
6678	6680	6718	1	-1	-1	-1
6706	6663	6707	1	-1	-1	-1
6672	6694	6713	1	-1	-1	-1
6680	6681	6720	1	-1	-1	-1
6665	6710	6708	1	-1	-1	-1
6665	6709	6710	1	-1	-1	-1
6721	6681	6682	1	-1	-1	-1
6682	6683	6721	1	-1	-1	-1
6711	6709	6666	1	-1	-1	-1
6691	6690	6705	1	-1	-1	-1
6686	6722	6683	1	-1	-1	-1
6696	6679	6719	1	-1	-1	-1
6685	6723	6686	1	-1	-1	-1
6724	6685	6687	1	-1	-1	-1
6712	6672	6713	1	-1	-1	-1
6673	6712	6714	1	-1	-1	-1
6688	6727	6687	1	-1	-1	-1
6677	6716	6711	1	-1	-1	-1
6728	6688	6689	1	-1	-1	-1
6716	6677	6715	1	-1	-1	-1
6691	6729	6689	1	-1	-1	-1
6718	6717	6678	1	-1	-1	-1
6679	6717	6719	1	-1	-1	-1
6693	6731	6692	1	-1	-1	-1
6680	6720	6718	1	-1	-1	-1
6695	6692	6732	1	-1	-1	-1
6693	6696	6733	1	-1	-1	-1
6681	6721	6720	1	-1	-1	-1
6735	6694	6695	1	-1	-1	-1
6691	6705	6730	1	-1	-1	-1
6683	6722	6721	1	-1	-1	-1
6724	6723	6685	1	-1	-1	-1
6722	6686	6725	1	-1	-1	-1
6723	6725	6686	1	-1	-1	-1
6699	6739	6697	1	-1	-1	-1
6739	6700	6697	1	-1	-1	-1
6699	6698	6740	1	-1	-1	-1
6687	6726	6724	1	-1	-1	-1
6727	6726	6687	1	-1	-1	-1
6713	6694	6734	1	-1	-1	-1
6688	6728	6727	1	-1	-1	-1
6700	6742	6701	1	-1	-1	-1
6729	6728	6689	1	-1	-1	-1
6740	6698	6708	1	-1	-1	-1
6743	6702	6701	1	-1	-1	-1
6703	6702	6744	1	-1	-1	-1
6691	6730	6729	1	-1	-1	-1
6696	6719	6737	1	-1	-1	-1
6746	6704	6703	1	-1	-1	-1
6731	6732	6692	1	-1	-1	-1
6733	6731	6693	1	-1	-1	-1
6707	6704	6747	1	-1	-1	-1
6705	6706	6748	1	-1	-1	-1
6732	6735	6695	1	-1	-1	-1
6749	6706	6707	1	-1	-1	-1
6694	6736	6734	1	-1	-1	-1
6694	6735	6736	1	-1	-1	-1
6738	6733	6696	1	-1	-1	-1
6750	6708	6710	1	-1	-1	-1
6709	6751	6710	1	-1	-1	-1
6738	6696	6737	1	-1	-1	-1
6711	6751	6709	1	-1	-1	-1
6712	6713	6753	1	-1	-1	-1
6716	6751	6711	1	-1	-1	-1
6714	6712	6753	1	-1	-1	-1
6699	6741	6739	1	-1	-1	-1
6740	6741	6699	1	-1	-1	-1
6739	6742	6700	1	-1	-1	-1
6705	6748	6730	1	-1	-1	-1
6743	6701	6742	1	-1	-1	-1
6716	6715	6755	1	-1	-1	-1
6743	6745	6702	1	-1	-1	-1
6745	6744	6702	1	-1	-1	-1
6757	6717	6718	1	-1	-1	-1
6757	6719	6717	1	-1	-1	-1
6703	6744	6746	1	-1	-1	-1
6704	6746	6747	1	-1	-1	-1
6759	6718	6720	1	-1	-1	-1
6740	6708	6750	1	-1	-1	-1
6754	6713	6734	1	-1	-1	-1
6721	6761	6720	1	-1	-1	-1
6749	6748	6706	1	-1	-1	-1
6749	6707	6747	1	-1	-1	-1
6721	6722	6761	1	-1	-1	-1
6722	6725	6763	1	-1	-1	-1
6764	6723	6724	1	-1	-1	-1
6752	6750	6710	1	-1	-1	-1
6723	6764	6725	1	-1	-1	-1
6752	6710	6751	1	-1	-1	-1
6760	6737	6719	1	-1	-1	-1
6766	6724	6726	1	-1	-1	-1
6727	6767	6726	1	-1	-1	-1
6713	6754	6753	1	-1	-1	-1
6742	6739	6741	1	-1	-1	-1
6728	6767	6727	1	-1	-1	-1
6716	6756	6751	1	-1	-1	-1
6728	6729	6768	1	-1	-1	-1
6716	6755	6756	1	-1	-1	-1
6729	6730	6769	1	-1	-1	-1
6731	6770	6732	1	-1	-1	-1
6718	6758	6757	1	-1	-1	-1
6731	6733	6770	1	-1	-1	-1
6718	6759	6758	1	-1	-1	-1
6757	6760	6719	1	-1	-1	-1
6735	6732	6771	1	-1	-1	-1
6761	6759	6720	1	-1	-1	-1
6771	6736	6735	1	-1	-1	-1
6773	6734	6736	1	-1	-1	-1
6733	6738	6772	1	-1	-1	-1
6722	6762	6761	1	-1	-1	-1
6763	6762	6722	1	-1	-1	-1
6748	6769	6730	1	-1	-1	-1
6737	6774	6738	1	-1	-1	-1
6725	6764	6763	1	-1	-1	-1
6724	6765	6764	1	-1	-1	-1
6765	6724	6766	1	-1	-1	-1
6776	6741	6740	1	-1	-1	-1
6766	6726	6767	1	-1	-1	-1
6756	6752	6751	1	-1	-1	-1
6742	6741	6778	1	-1	-1	-1
6778	6743	6742	1	-1	-1	-1
6728	6768	6767	1	-1	-1	-1
6768	6729	6769	1	-1	-1	-1
6750	6777	6740	1	-1	-1	-1
6743	6779	6745	1	-1	-1	-1
6745	6780	6744	1	-1	-1	-1
6780	6746	6744	1	-1	-1	-1
6774	6737	6760	1	-1	-1	-1
6732	6770	6771	1	-1	-1	-1
6772	6770	6733	1	-1	-1	-1
6783	6747	6746	1	-1	-1	-1
6750	6752	6777	1	-1	-1	-1
6747	6784	6749	1	-1	-1	-1
6771	6773	6736	1	-1	-1	-1
6785	6748	6749	1	-1	-1	-1
6775	6772	6738	1	-1	-1	-1
6775	6738	6774	1	-1	-1	-1
6777	6776	6740	1	-1	-1	-1
6778	6741	6776	1	-1	-1	-1
6752	6756	6788	1	-1	-1	-1
6779	6743	6778	1	-1	-1	-1
6756	6755	6789	1	-1	-1	-1
6769	6748	6786	1	-1	-1	-1
6790	6757	6758	1	-1	-1	-1
6780	6745	6781	1	-1	-1	-1
6745	6779	6782	1	-1	-1	-1
6745	6782	6781	1	-1	-1	-1
6757	6791	6760	1	-1	-1	-1
6792	6758	6759	1	-1	-1	-1
6746	6780	6783	1	-1	-1	-1
6761	6793	6759	1	-1	-1	-1
6783	6784	6747	1	-1	-1	-1
6762	6793	6761	1	-1	-1	-1
6777	6752	6788	1	-1	-1	-1
6748	6785	6786	1	-1	-1	-1
6784	6787	6749	1	-1	-1	-1
6795	6762	6763	1	-1	-1	-1
6787	6785	6749	1	-1	-1	-1
6764	6797	6763	1	-1	-1	-1
6764	6765	6799	1	-1	-1	-1
6774	6760	6794	1	-1	-1	-1
6801	6765	6766	1	-1	-1	-1
6756	6789	6788	1	-1	-1	-1
6766	6767	6803	1	-1	-1	-1
6767	6768	6803	1	-1	-1	-1
6791	6757	6790	1	-1	-1	-1
6790	6758	6792	1	-1	-1	-1
6768	6769	6804	1	-1	-1	-1
6759	6793	6792	1	-1	-1	-1
6760	6791	6794	1	-1	-1	-1
6771	6770	6806	1	-1	-1	-1
6772	6806	6770	1	-1	-1	-1
6771	6807	6773	1	-1	-1	-1
6762	6796	6793	1	-1	-1	-1
6775	6806	6772	1	-1	-1	-1
6762	6795	6796	1	-1	-1	-1
6795	6763	6798	1	-1	-1	-1
6809	6775	6774	1	-1	-1	-1
6797	6798	6763	1	-1	-1	-1
6804	6769	6786	1	-1	-1	-1
6799	6797	6764	1	-1	-1	-1
6800	6799	6765	1	-1	-1	-1
6811	6776	6777	1	-1	-1	-1
6765	6801	6800	1	-1	-1	-1
6778	6776	6812	1	-1	-1	-1
6802	6801	6766	1	-1	-1	-1
6779	6778	6813	1	-1	-1	-1
6803	6802	6766	1	-1	-1	-1
6814	6782	6779	1	-1	-1	-1
6805	6803	6768	1	-1	-1	-1
6815	6780	6781	1	-1	-1	-1
6811	6777	6788	1	-1	-1	-1
6808	6774	6794	1	-1	-1	-1
6805	6768	6804	1	-1	-1	-1
6783	6780	6815	1	-1	-1	-1
6781	6782	6816	1	-1	-1	-1
6806	6807	6771	1	-1	-1	-1
6784	6783	6819	1	-1	-1	-1
6774	6808	6809	1	-1	-1	-1
6820	6787	6784	1	-1	-1	-1
6775	6810	6806	1	-1	-1	-1
6821	6786	6785	1	-1	-1	-1
6787	6821	6785	1	-1	-1	-1
6810	6775	6809	1	-1	-1	-1
6812	6776	6811	1	-1	-1	-1
6825	6788	6789	1	-1	-1	-1
6812	6813	6778	1	-1	-1	-1
6779	6813	6814	1	-1	-1	-1
6826	6790	6792	1	-1	-1	-1
6827	6791	6790	1	-1	-1	-1
6792	6793	6826	1	-1	-1	-1
6791	6828	6794	1	-1	-1	-1
6823	6804	6786	1	-1	-1	-1
6817	6815	6781	1	-1	-1	-1
6816	6817	6781	1	-1	-1	-1
6818	6782	6814	1	-1	-1	-1
6818	6816	6782	1	-1	-1	-1
6783	6815	6819	1	-1	-1	-1
6793	6796	6829	1	-1	-1	-1
6795	6830	6796	1	-1	-1	-1
6819	6820	6784	1	-1	-1	-1
6830	6795	6798	1	-1	-1	-1
6788	6825	6811	1	-1	-1	-1
6797	6831	6798	1	-1	-1	-1
6832	6797	6799	1	-1	-1	-1
6821	6822	6786	1	-1	-1	-1
6828	6808	6794	1	-1	-1	-1
6786	6822	6823	1	-1	-1	-1
6824	6787	6820	1	-1	-1	-1
6823	6805	6804	1	-1	-1	-1
6787	6824	6821	1	-1	-1	-1
6800	6834	6799	1	-1	-1	-1
6800	6801	6835	1	-1	-1	-1
6802	6836	6801	1	-1	-1	-1
6803	6837	6802	1	-1	-1	-1
6826	6827	6790	1	-1	-1	-1
6803	6805	6837	1	-1	-1	-1
6827	6828	6791	1	-1	-1	-1
6793	6829	6826	1	-1	-1	-1
6811	6825	6812	1	-1	-1	-1
6815	6817	6819	1	-1	-1	-1
6806	6839	6807	1	-1	-1	-1
6796	6830	6829	1	-1	-1	-1
6839	6806	6810	1	-1	-1	-1
6840	6809	6808	1	-1	-1	-1
6832	6831	6797	1	-1	-1	-1
6809	6841	6810	1	-1	-1	-1
6830	6798	6833	1	-1	-1	-1
6831	6833	6798	1	-1	-1	-1
6799	6834	6832	1	-1	-1	-1
6823	6838	6805	1	-1	-1	-1
6844	6813	6812	1	-1	-1	-1
6835	6834	6800	1	-1	-1	-1
6813	6844	6814	1	-1	-1	-1
6835	6801	6836	1	-1	-1	-1
6837	6836	6802	1	-1	-1	-1
6808	6828	6840	1	-1	-1	-1
6845	6817	6816	1	-1	-1	-1
6843	6812	6825	1	-1	-1	-1
6837	6805	6838	1	-1	-1	-1
6817	6846	6819	1	-1	-1	-1
6820	6819	6847	1	-1	-1	-1
6810	6841	6839	1	-1	-1	-1
6840	6842	6809	1	-1	-1	-1
6824	6820	6848	1	-1	-1	-1
6822	6821	6849	1	-1	-1	-1
6824	6849	6821	1	-1	-1	-1
6809	6842	6841	1	-1	-1	-1
6850	6823	6822	1	-1	-1	-1
6844	6812	6843	1	-1	-1	-1
6826	6853	6827	1	-1	-1	-1
6829	6853	6826	1	-1	-1	-1
6846	6817	6845	1	-1	-1	-1
6828	6827	6854	1	-1	-1	-1
6847	6819	6846	1	-1	-1	-1
6823	6851	6838	1	-1	-1	-1
6856	6829	6830	1	-1	-1	-1
6847	6848	6820	1	-1	-1	-1
6833	6856	6830	1	-1	-1	-1
6832	6857	6831	1	-1	-1	-1
6850	6822	6849	1	-1	-1	-1
6831	6858	6833	1	-1	-1	-1
6840	6828	6854	1	-1	-1	-1
6852	6824	6848	1	-1	-1	-1
6850	6851	6823	1	-1	-1	-1
6849	6824	6852	1	-1	-1	-1
6834	6860	6832	1	-1	-1	-1
6838	6851	6837	1	-1	-1	-1
6861	6834	6835	1	-1	-1	-1
6835	6836	6862	1	-1	-1	-1
6853	6855	6827	1	-1	-1	-1
6855	6854	6827	1	-1	-1	-1
6837	6864	6836	1	-1	-1	-1
6856	6853	6829	1	-1	-1	-1
6857	6858	6831	1	-1	-1	-1
6856	6833	6858	1	-1	-1	-1
6842	6840	6866	1	-1	-1	-1
6859	6857	6832	1	-1	-1	-1
6859	6832	6860	1	-1	-1	-1
6865	6837	6851	1	-1	-1	-1
6834	6861	6860	1	-1	-1	-1
6835	6863	6861	1	-1	-1	-1
6845	6868	6846	1	-1	-1	-1
6835	6862	6863	1	-1	-1	-1
6840	6854	6867	1	-1	-1	-1
6846	6868	6847	1	-1	-1	-1
6836	6864	6862	1	-1	-1	-1
6869	6848	6847	1	-1	-1	-1
6837	6865	6864	1	-1	-1	-1
6852	6848	6869	1	-1	-1	-1
6849	6871	6850	1	-1	-1	-1
6870	6849	6852	1	-1	-1	-1
6850	6871	6851	1	-1	-1	-1
6867	6866	6840	1	-1	-1	-1
6855	6867	6854	1	-1	-1	-1
6856	6873	6853	1	-1	-1	-1
6874	6855	6853	1	-1	-1	-1
6868	6869	6847	1	-1	-1	-1
6871	6865	6851	1	-1	-1	-1
6856	6858	6873	1	-1	-1	-1
6863	6862	6864	1	-1	-1	-1
6871	6849	6870	1	-1	-1	-1
6859	6876	6857	1	-1	-1	-1
6858	6857	6877	1	-1	-1	-1
6872	6852	6869	1	-1	-1	-1
6852	6872	6870	1	-1	-1	-1
6855	6875	6867	1	-1	-1	-1
6860	6879	6859	1	-1	-1	-1
6853	6873	6874	1	-1	-1	-1
6860	6861	6881	1	-1	-1	-1
6855	6874	6875	1	-1	-1	-1
6882	6861	6863	1	-1	-1	-1
6878	6873	6858	1	-1	-1	-1
6857	6876	6877	1	-1	-1	-1
6884	6863	6864	1	-1	-1	-1
6878	6858	6877	1	-1	-1	-1
6885	6864	6865	1	-1	-1	-1
6859	6880	6876	1	-1	-1	-1
6880	6859	6879	1	-1	-1	-1
6867	6887	6866	1	-1	-1	-1
6860	6881	6879	1	-1	-1	-1
6886	6865	6871	1	-1	-1	-1
6861	6883	6881	1	-1	-1	-1
6869	6868	6888	1	-1	-1	-1
6861	6882	6883	1	-1	-1	-1
6871	6870	6886	1	-1	-1	-1
6867	6875	6887	1	-1	-1	-1
6882	6863	6884	1	-1	-1	-1
6869	6889	6872	1	-1	-1	-1
6870	6872	6890	1	-1	-1	-1
6864	6885	6884	1	-1	-1	-1
6865	6886	6885	1	-1	-1	-1
6892	6874	6873	1	-1	-1	-1
6874	6893	6875	1	-1	-1	-1
6878	6892	6873	1	-1	-1	-1
6869	6888	6889	1	-1	-1	-1
6870	6890	6886	1	-1	-1	-1
6876	6896	6877	1	-1	-1	-1
6896	6878	6877	1	-1	-1	-1
6891	6872	6889	1	-1	-1	-1
6896	6876	6880	1	-1	-1	-1
6872	6891	6890	1	-1	-1	-1
6875	6894	6887	1	-1	-1	-1
6879	6900	6880	1	-1	-1	-1
6874	6892	6893	1	-1	-1	-1
6881	6899	6879	1	-1	-1	-1
6875	6893	6895	1	-1	-1	-1
6875	6895	6894	1	-1	-1	-1
6883	6902	6881	1	-1	-1	-1
6898	6892	6878	1	-1	-1	-1
6904	6883	6882	1	-1	-1	-1
6884	6904	6882	1	-1	-1	-1
6896	6897	6878	1	-1	-1	-1
6897	6898	6878	1	-1	-1	-1
6884	6885	6907	1	-1	-1	-1
6901	6896	6880	1	-1	-1	-1
6879	6899	6900	1	-1	-1	-1
6885	6886	6908	1	-1	-1	-1
6880	6900	6901	1	-1	-1	-1
6881	6903	6899	1	-1	-1	-1
6892	6898	6893	1	-1	-1	-1
6890	6908	6886	1	-1	-1	-1
6881	6902	6903	1	-1	-1	-1
6902	6883	6905	1	-1	-1	-1
6891	6909	6890	1	-1	-1	-1
6904	6905	6883	1	-1	-1	-1
6901	6897	6896	1	-1	-1	-1
6884	6906	6904	1	-1	-1	-1
6884	6907	6906	1	-1	-1	-1
6895	6893	6910	1	-1	-1	-1
6908	6907	6885	1	-1	-1	-1
6898	6910	6893	1	-1	-1	-1
6898	6897	6912	1	-1	-1	-1
6909	6908	6890	1	-1	-1	-1
6901	6911	6897	1	-1	-1	-1
6900	6899	6913	1	-1	-1	-1
6901	6900	6914	1	-1	-1	-1
6903	6913	6899	1	-1	-1	-1
6898	6912	6910	1	-1	-1	-1
6897	6911	6912	1	-1	-1	-1
6902	6916	6903	1	-1	-1	-1
6902	6905	6917	1	-1	-1	-1
6900	6913	6914	1	-1	-1	-1
6901	6915	6911	1	-1	-1	-1
6919	6905	6904	1	-1	-1	-1
6906	6920	6904	1	-1	-1	-1
6901	6914	6915	1	-1	-1	-1
6903	6918	6913	1	-1	-1	-1
6921	6906	6907	1	-1	-1	-1
6917	6916	6902	1	-1	-1	-1
6903	6916	6918	1	-1	-1	-1
6922	6907	6908	1	-1	-1	-1
6908	6909	6923	1	-1	-1	-1
6919	6917	6905	1	-1	-1	-1
6919	6904	6920	1	-1	-1	-1
6920	6906	6921	1	-1	-1	-1
6921	6907	6922	1	-1	-1	-1
6913	6924	6914	1	-1	-1	-1
6923	6922	6908	1	-1	-1	-1
6925	6915	6914	1	-1	-1	-1
6913	6918	6924	1	-1	-1	-1
6927	6916	6917	1	-1	-1	-1
6916	6927	6918	1	-1	-1	-1
6914	6924	6926	1	-1	-1	-1
6919	6929	6917	1	-1	-1	-1
6914	6926	6925	1	-1	-1	-1
6920	6931	6919	1	-1	-1	-1
6928	6927	6917	1	-1	-1	-1
6930	6924	6918	1	-1	-1	-1
6921	6933	6920	1	-1	-1	-1
6917	6929	6928	1	-1	-1	-1
6927	6930	6918	1	-1	-1	-1
6922	6934	6921	1	-1	-1	-1
6922	6923	6934	1	-1	-1	-1
6919	6931	6929	1	-1	-1	-1
6920	6932	6931	1	-1	-1	-1
6920	6933	6932	1	-1	-1	-1
6935	6926	6924	1	-1	-1	-1
6933	6921	6934	1	-1	-1	-1
6935	6924	6930	1	-1	-1	-1
6937	6927	6928	1	-1	-1	-1
6930	6927	6936	1	-1	-1	-1
6928	6929	6938	1	-1	-1	-1
6937	6936	6927	1	-1	-1	-1
6929	6931	6940	1	-1	-1	-1
6937	6928	6938	1	-1	-1	-1
6940	6931	6932	1	-1	-1	-1
6930	6941	6935	1	-1	-1	-1
6939	6938	6929	1	-1	-1	-1
6930	6936	6942	1	-1	-1	-1
6940	6939	6929	1	-1	-1	-1
6930	6942	6941	1	-1	-1	-1
6943	6936	6937	1	-1	-1	-1
6944	6937	6938	1	-1	-1	-1
6942	6936	6943	1	-1	-1	-1
6939	6945	6938	1	-1	-1	-1
6943	6937	6944	1	-1	-1	-1
6945	6944	6938	1	-1	-1	-1
6941	6942	6946	1	-1	-1	-1
6947	6942	6943	1	-1	-1	-1
6947	6946	6942	1	-1	-1	-1
6948	6943	6944	1	-1	-1	-1
6947	6943	6949	1	-1	-1	-1
6945	6950	6944	1	-1	-1	-1
6949	6943	6948	1	-1	-1	-1
6950	6948	6944	1	-1	-1	-1
6946	6947	6951	1	-1	-1	-1
6952	6947	6949	1	-1	-1	-1
6953	6951	6947	1	-1	-1	-1
6954	6948	6950	1	-1	-1	-1
6948	6955	6949	1	-1	-1	-1
6947	6952	6953	1	-1	-1	-1
6949	6956	6952	1	-1	-1	-1
6955	6948	6954	1	-1	-1	-1
6957	6949	6955	1	-1	-1	-1
6953	6958	6951	1	-1	-1	-1
6956	6949	6957	1	-1	-1	-1
6959	6953	6952	1	-1	-1	-1
6956	6959	6952	1	-1	-1	-1
6961	6955	6954	1	-1	-1	-1
6953	6960	6958	1	-1	-1	-1
6953	6959	6960	1	-1	-1	-1
6961	6957	6955	1	-1	-1	-1
6957	6962	6956	1	-1	-1	-1
6956	6963	6959	1	-1	-1	-1
6963	6956	6962	1	-1	-1	-1
6964	6957	6961	1	-1	-1	-1
6962	6957	6964	1	-1	-1	-1
6958	6960	6965	1	-1	-1	-1
6959	6966	6960	1	-1	-1	-1
6963	6966	6959	1	-1	-1	-1
6967	6965	6960	1	-1	-1	-1
6960	6966	6967	1	-1	-1	-1
6962	6968	6963	1	-1	-1	-1
6964	6968	6962	1	-1	-1	-1
6969	6966	6963	1	-1	-1	-1
6968	6969	6963	1	-1	-1	-1
6968	6964	6970	1	-1	-1	-1
6965	6967	6971	1	-1	-1	-1
6967	6966	6972	1	-1	-1	-1
6972	6966	6969	1	-1	-1	-1
6974	6969	6968	1	-1	-1	-1
6973	6971	6967	1	-1	-1	-1
6974	6968	6970	1	-1	-1	-1
6972	6973	6967	1	-1	-1	-1
6969	6974	6972	1	-1	-1	-1
6975	6974	6970	1	-1	-1	-1
6973	6976	6971	1	-1	-1	-1
6973	6972	6977	1	-1	-1	-1
6977	6972	6974	1	-1	-1	-1
6975	6977	6974	1	-1	-1	-1
6976	6973	6978	1	-1	-1	-1
6977	6978	6973	1	-1	-1	-1
6975	6979	6977	1	-1	-1	-1
6977	6979	6978	1	-1	-1	-1
6978	6980	6976	1	-1	-1	-1
6979	6981	6978	1	-1	-1	-1
6981	6980	6978	1	-1	-1	-1
6982	6980	6981	1	-1	-1	-1
6
1	0	0
1	0	0
1	0.53230599829416958	0
1	-0.79845899744125204	0
1	0	0
1	0	0
0
0
