[Format]      =  4.0
[Frequency]   =  12500
[Precision]   =  1e-008
[MinAngle]    =  30
[DoSmartMesh] =  1
[Depth]       =  1
[LengthUnits] =  millimeters
[ProblemType] =  planar
[Coordinates] =  cartesian
[ACSolver]    =  0
[PrevType]    =  0
[PrevSoln]    =  ""
[Comment]     =  "Add comments here."
[PointProps]   = 0
[BdryProps]   = 1
  <BeginBdry>
    <BdryName> = "coil"
    <BdryType> = 0
    <A_0> = 0
    <A_1> = 0
    <A_2> = 0
    <Phi> = 0
    <c0> = 0
    <c0i> = 0
    <c1> = 0
    <c1i> = 0
    <Mu_ssd> = 0
    <Sigma_ssd> = 0
    <innerangle> = 0
    <outerangle> = 0
  <EndBdry>
[BlockProps]  = 4
  <BeginBlock>
    <BlockName> = "Air"
    <Mu_x> = 1
    <Mu_y> = 1
    <H_c> = 0
    <H_cAngle> = 0
    <J_re> = 0
    <J_im> = 0
    <Sigma> = 0
    <d_lam> = 0
    <Phi_h> = 0
    <Phi_hx> = 0
    <Phi_hy> = 0
    <LamType> = 0
    <LamFill> = 1
    <NStrands> = 0
    <WireD> = 0
    <BHPoints> = 0
  <EndBlock>
  <BeginBlock>
    <BlockName> = "1018 Steel"
    <Mu_x> = 529
    <Mu_y> = 529
    <H_c> = 0
    <H_cAngle> = 0
    <J_re> = 0
    <J_im> = 0
    <Sigma> = 5.7999999999999998
    <d_lam> = 0
    <Phi_h> = 20
    <Phi_hx> = 0
    <Phi_hy> = 0
    <LamType> = 0
    <LamFill> = 1
    <NStrands> = 0
    <WireD> = 0
    <BHPoints> = 13
      0	0
      0.25030000000000002	238.73249999999999
      0.92500000000000004	795.77499999999998
      1.25	1591.55
      1.3899999999999999	2387.3249999999998
      1.5249999999999999	3978.875
      1.71	7957.75
      1.8700000000000001	15915.5
      1.9550000000000001	23873.25
      2.02	39788.75
      2.1099999999999999	79577.5
      2.2250000000000001	159155
      2.4300000000000002	318310
  <EndBlock>
  <BeginBlock>
    <BlockName> = "Copper"
    <Mu_x> = 1
    <Mu_y> = 1
    <H_c> = 0
    <H_cAngle> = 0
    <J_re> = 0
    <J_im> = 0
    <Sigma> = 58
    <d_lam> = 0
    <Phi_h> = 0
    <Phi_hx> = 0
    <Phi_hy> = 0
    <LamType> = 0
    <LamFill> = 1
    <NStrands> = 0
    <WireD> = 0
    <BHPoints> = 0
  <EndBlock>
  <BeginBlock>
    <BlockName> = "18 AWG"
    <Mu_x> = 1
    <Mu_y> = 1
    <H_c> = 0
    <H_cAngle> = 0
    <J_re> = 0
    <J_im> = 0
    <Sigma> = 58
    <d_lam> = 0
    <Phi_h> = 0
    <Phi_hx> = 0
    <Phi_hy> = 0
    <LamType> = 3
    <LamFill> = 1
    <NStrands> = 1
    <WireD> = 1.0239652968433499
    <BHPoints> = 0
  <EndBlock>
[CircuitProps]  = 1
  <BeginCircuit>
    <CircuitName> = "Tx_Pulse"
    <TotalAmps_re> = 2.5
    <TotalAmps_im> = 0
    <CircuitType> = 1
  <EndCircuit>
[NumPoints] = 26
-30	0	0	0
30	0	0	0
-30	20	0	0
30	20	0	0
-10	20	0	0
10	20	0	0
-10	130	0	0
10	130	0	0
-35	130	0	0
35	130	0	0
-35	150	0	0
35	150	0	0
-54.725696769032339	107.26445919754994	0	0
-34.874773736205896	109.70184606565289	0	0
-49.850923032826444	67.562613131897052	0	0
-30	70	0	0
33.486229709906326	109.84778792366981	0	0
53.410123671741232	108.10467306871666	0	0
30	70	0	0
49.923893961834906	68.256885145046837	0	0
-350	-17	0	0
352	-9	0	0
-72.599999999999994	104.90000000000001	0	0
-88.700000000000003	102.7	0	0
-82.099999999999994	62.700000000000003	0	0
-66.200000000000003	65.099999999999994	0	0
[NumSegments] = 24
0	2	-1	0	0	0
4	2	-1	0	0	0
8	6	-1	0	0	0
4	6	-1	0	0	0
7	5	-1	0	0	0
5	3	-1	0	0	0
3	1	-1	0	0	0
10	8	-1	0	0	0
11	9	-1	0	0	0
10	11	-1	0	0	0
7	9	-1	0	0	0
0	1	-1	0	0	0
12	13	-1	0	0	0
15	14	-1	0	0	0
12	14	-1	0	0	0
13	15	-1	0	0	0
16	18	-1	0	0	0
17	19	-1	0	0	0
18	19	-1	0	0	0
16	17	-1	0	0	0
23	22	-1	0	0	0
22	25	-1	0	0	0
25	24	-1	0	0	0
24	23	-1	0	0	0
[NumArcSegments] = 2
20	21	180	1	0	0	0	1
21	20	180	1	0	0	0	1
[NumHoles] = 0
[NumBlockLabels] = 6
99	46	1	-1	0	0	0	1	0
-42	86	4	-1	1	0	0	-1000	0
41	89	3	-1	0	0	0	1	0
-1	85	2	-1	0	0	0	1	0
-74.900000000000006	87.099999999999994	4	-1	1	0	0	1000	0
-63.5	96.400000000000006	1	-1	0	0	0	1	0
[Solution]
6950
-350	-17	0.00025046509694291865	-2.2265076267351576e-005	-1	
-350.01635062564458	-10.873596121139226	0.00025193634082365686	-2.2340882759504654e-005	-1	
-349.87673137414419	-23.125185440112077	0.00024896673462975524	-2.2187406151444534e-005	-1	
-343.75013765502899	-13.920096120404468	0.00025121304335986043	-2.2303966219852211e-005	-1	
-340.11618292519051	-19.864922464387885	0.00024974528425083441	-2.2228521187609995e-005	-1	
-349.92577827051474	-4.7478399654986791	0.00025338190021858208	-2.2414821598237055e-005	-1	
-344.69151729923271	-7.8887787769068822	0.00025267294848882493	-2.2378843268849648e-005	-1	
-349.64658229689252	-29.247286650654221	0.00024745914134147097	-2.2108748132120442e-005	-1	
-343.508014294487	-25.951141914988604	0.0002482284230873467	-2.2149278692001657e-005	-1	
-339.19958348082253	-5.8083276701377544	0.00025323003415776452	-2.2408049630814215e-005	-1	
-334.54916907234383	-9.3948663501004361	0.00025240662488664118	-2.2366844938041516e-005	-1	
-336.80385416005561	-25.699111408529561	0.00024825985352529338	-2.2151718853207271e-005	-1	
-330.50011245367119	-18.262823924603573	0.00025020018890046586	-2.2254241241167919e-005	-1	
-349.72831052382929	1.3754025022548877	0.00025480095856909353	-2.2486833960789387e-005	-1	
-343.57223607752928	-1.8879293304318705	0.00025411131516891989	-2.2452225143673969e-005	-1	
-349.3096228738836	-35.364438780291579	0.00024592112744749496	-2.2028001448144376e-005	-1	
-339.66880182429441	-31.765523640273933	0.00024671830318894681	-2.2070558270905274e-005	-1	
-331.36745365549569	-0.46115476518868803	0.00025467566423681854	-2.2483376011325335e-005	-1	
-339.76411383166874	3.9468621996227271	0.00025554311443905036	-2.2525050457279277e-005	-1	
-321.7630542742819	-8.9151688332529275	0.00025277425150019891	-2.23901117777877e-005	-1	
-329.95958685063317	-32.641123799861681	0.00024641372501602428	-2.205650537047845e-005	-1	
-322.78154915431099	-27.201292842351041	0.00024786572574707615	-2.2135047839698237e-005	-1	
-321.01712509490551	-18.36937381222485	0.00025027075701801585	-2.2261180002302827e-005	-1	
-349.42400753617687	7.4942660831486174	0.0002562040931782242	-2.2557528704553327e-005	-1	
-348.86595574622174	-41.474778485227276	0.00024437543288636989	-2.1946428750769984e-005	-1	
-342.84616098591795	-37.96640873811775	0.00024516267350321869	-2.1988291221365423e-005	-1	
-333.33140700995995	-41.788055518060659	0.00024401172253275599	-2.1928717508052356e-005	-1	
-336.2807479023665	9.6805734137372816	0.00025695861552302773	-2.2596626907207873e-005	-1	
-316.44563437969271	6.8084914236938499	0.00025698234365423062	-2.260607077407178e-005	-1	
-342.97452630765048	10.130699113115437	0.00025690966821521801	-2.2593245360194014e-005	-1	
-313.16546637493485	-3.0617456060816011	0.00025456976246343577	-2.2486167193937773e-005	-1	
-309.20998775069853	-12.681271063015389	0.00025208163686232549	-2.2361264223273745e-005	-1	
-321.6925897654362	-40.88351537703695	0.00024409076621583004	-2.1936205216735198e-005	-1	
-316.38779964879507	-33.576864445893918	0.00024609234320414349	-2.2044290477502164e-005	-1	
-314.08875246399265	-24.845179153051571	0.00024857499610840252	-2.21761765063994e-005	-1	
-349.01296200119532	13.606886912061	0.00025756757836112147	-2.2625650121855135e-005	-1	
-348.31571605921198	-47.576444496794998	0.00024281540247967774	-2.1863643760296133e-005	-1	
-343.33205109703425	-44.05138164951461	0.00024360160823764498	-2.1905581351083397e-005	-1	
-337.50311034938056	-46.581020695135912	0.00024282146106782807	-2.186473798708546e-005	-1	
-327.7313885291486	-50.874169470214795	0.00024143372355273405	-2.1792459138546241e-005	-1	
-338.96509257920712	15.829034696058576	0.00025828616499732471	-2.2662145781805458e-005	-1	
-328.42230158855193	18.300570816888815	0.00025923134572060515	-2.2712082377649534e-005	-1	
-318.59193537962722	16.558571149537244	0.00025926954815032647	-2.2718623643352514e-005	-1	
-305.11472766801211	5.0939162954481176	0.00025713948306306159	-2.2622314091457312e-005	-1	
-308.84688068471348	18.72757360130219	0.00026039635080520599	-2.2781044865149008e-005	-1	
-301.60713747913672	-8.1647336785855504	0.00025363870409759022	-2.2447246933766885e-005	-1	
-304.70324828580277	-22.908089135172062	0.00024925079111095681	-2.2217208482374513e-005	-1	
-296.22874784307766	-18.433399351238368	0.00025078760346671457	-2.2304071368963411e-005	-1	
-320.081433254491	-55.856700605655377	0.00023984007764729062	-2.1709130149664309e-005	-1	
-310.93919899213853	-43.111691903109183	0.00024330209143796688	-2.1898748223096974e-005	-1	
-303.21880438506412	-32.375741046905425	0.00024645434222058012	-2.207091531251406e-005	-1	
-348.49529912733647	19.711403025473274	0.00025890975285078848	-2.2692106950771209e-005	-1	
-347.65907142119329	-53.667578188419455	0.00024124360574084451	-2.1779763185026453e-005	-1	
-342.81723709016308	-50.064651118083944	0.00024203510648590509	-2.1822248498992646e-005	-1	
-337.52993298789704	-55.483666097737299	0.00024046136997680139	-2.1738445976305443e-005	-1	
-333.62591070156799	-60.939662108744926	0.00023887798607156156	-2.1653822073101711e-005	-1	
-325.26974877087554	-63.368612101562363	0.00023791742148852784	-2.1603663510966679e-005	-1	
-343.01017983420229	22.228923532516927	0.00025957971453585259	-2.2725361495196868e-005	-1	
-337.08789202129117	24.531559196670869	0.0002602633555179489	-2.2759753804562844e-005	-1	
-332.01083691486718	28.352440690138661	0.00026127572101808513	-2.2810150799554518e-005	-1	
-320.43829128162412	26.817368286420525	0.00026152370015254743	-2.2827289470639116e-005	-1	
-295.64480117444566	8.5524083167247582	0.00025869521265960881	-2.2709374959859662e-005	-1	
-295.76211455779395	-1.5286091133203286	0.00025583453989858534	-2.2564739120015161e-005	-1	
-299.3722500079765	17.368419418499023	0.0002607450658206457	-2.2807095311085739e-005	-1	
-302.78668131612113	27.269788837150777	0.00026289516805054822	-2.2907587053503888e-005	-1	
-313.25686113027075	34.794253557234086	0.00026375773496621071	-2.2939040325225938e-005	-1	
-292.97039580197782	-10.064506138319906	0.00025346169440064974	-2.2445993423906992e-005	-1	
-294.47808663068548	-28.034520525275948	0.00024785944415896613	-2.2152122626487395e-005	-1	
-282.56830515983057	-22.305333632848264	0.00024998168339104143	-2.2275778235604295e-005	-1	
-284.05292405411109	-11.129367283714261	0.00025355554218532521	-2.2460568214938895e-005	-1	
-311.12414162180215	-54.091945997542403	0.00024010131904493858	-2.1726849488848288e-005	-1	
-313.43097223558084	-65.997715478764192	0.00023669040323180156	-2.1540668871171781e-005	-1	
-301.67599337535546	-53.533519547787378	0.00024000965383847646	-2.1727022514337702e-005	-1	
-300.91636072785258	-42.175370519996491	0.00024346021734417852	-2.1913087326021253e-005	-1	
-347.87117659972654	25.805954928641505	0.0002602110866841419	-2.2755954461019807e-005	-1	
-346.89622185248345	-59.74632414177205	0.00023965036554958463	-2.1694347737164011e-005	-1	
-340.2670003837784	-61.89108752207153	0.00023886193454688174	-2.1652202046047067e-005	-1	
-335.84105113460538	-67.272310476229734	0.00023726468279556241	-2.156616408073242e-005	-1	
-331.74899555837487	-72.588734428975343	0.00023566098303758252	-2.1479585429140927e-005	-1	
-322.47274139841909	-78.987359548927486	0.00023345090578002345	-2.1360707132319699e-005	-1	
-342.26351489729439	28.217824486389109	0.00026086103174062752	-2.2787816845686144e-005	-1	
-340.52310564429689	34.068803905648352	0.00026211728765800817	-2.2848505902935729e-005	-1	
-336.12594289842588	39.473574670901804	0.00026336007157747536	-2.2908292203342992e-005	-1	
-326.81094507659071	36.598449173911902	0.00026324104992893376	-2.2905981586843513e-005	-1	
-287.55786614966922	6.0411039493549996	0.00025861573476426426	-2.2714999165249727e-005	-1	
-289.8187173429323	16.780252629967677	0.00026146937408123421	-2.2854329724805075e-005	-1	
-286.66967423805647	-2.3800766596019161	0.00025615991152051201	-2.2591350370372351e-005	-1	
-293.65231521991814	32.394124261689981	0.00026501923548555398	-2.3020432384099445e-005	-1	
-303.44802629908986	39.152050810101869	0.0002655276705747601	-2.3031478715082959e-005	-1	
-313.49856076140497	45.524827583389403	0.000265923875603333	-2.3039377850533425e-005	-1	
-286.46841696751704	-33.610498857913797	0.00024615897577398305	-2.2069258344740299e-005	-1	
-271.97992205296993	-18.433323782579535	0.00025172519797224998	-2.2380804943102562e-005	-1	
-273.08112629511413	-28.396290395714647	0.00024813973275490518	-2.2189740384255004e-005	-1	
-270.16748807991735	-5.0899660299068579	0.00025650148949359541	-2.2632113787839055e-005	-1	
-279.53780923527529	3.3237790128764222	0.00025849340642988833	-2.2719985931084357e-005	-1	
-299.01122776920704	-62.61527982049374	0.00023712758517223275	-2.1571993751057084e-005	-1	
-313.16643522650986	-75.823550829865809	0.00023385992210434229	-2.1385962784322976e-005	-1	
-305.57988237306773	-70.702822434653015	0.00023496612794014332	-2.1450099812410452e-005	-1	
-293.42402992744121	-48.898387981056366	0.00024125441497334265	-2.18002293455818e-005	-1	
-347.14078453213335	31.888686162016747	0.00026147450008590166	-2.2817203674352383e-005	-1	
-346.02739972445096	-65.810830711949251	0.0002380589696574118	-2.1608604199107287e-005	-1	
-345.05286968873247	-71.859250591501592	0.00023644727095052572	-2.1521346332639094e-005	-1	
-338.35283540011216	-73.771350947112097	0.0002356489831841244	-2.1478242080465157e-005	-1	
-333.74178034689254	-78.994832404415519	0.00023403498392100098	-2.1390504225502738e-005	-1	
-329.46667702014753	-84.16520705524492	0.00023241901160868649	-2.1302513735639204e-005	-1	
-310.65653434093747	-85.327098468549465	0.00023096650639562287	-2.1227228180499037e-005	-1	
-321.948276321077	-92.559774449692441	0.00022967429831244321	-2.1152312047871277e-005	-1	
-346.30434540905622	37.957743866740572	0.00026269879364544907	-2.2875820180338204e-005	-1	
-345.3621140179547	44.011279349043839	0.00026389138902873293	-2.2932218480452605e-005	-1	
-338.67238142928801	45.959115361326575	0.00026449700386581081	-2.2961101219052568e-005	-1	
-332.06232319012321	44.81176512746849	0.00026457035506256127	-2.2965906541386176e-005	-1	
-325.9646775033392	50.263250719962436	0.00026592926505984835	-2.3030853657523106e-005	-1	
-278.4758568490048	14.790729133058713	0.00026209816789428593	-2.2902286770896507e-005	-1	
-281.3015289144376	25.954700886341094	0.00026489945494315853	-2.3034472244765503e-005	-1	
-293.56026620454963	43.006025476670473	0.00026743175356687459	-2.3132598479606945e-005	-1	
-276.58933111098071	37.552467541885314	0.00026852506206917346	-2.3214882190028539e-005	-1	
-301.57039412332995	48.945805822708181	0.00026771497165997601	-2.3133492001621783e-005	-1	
-321.06241724441406	56.508670059917534	0.00026735238997274187	-2.3097285844591194e-005	-1	
-308.1389266272555	59.801102399838108	0.00026897184977882273	-2.3179301306891661e-005	-1	
-277.40849638223551	-37.437707466420335	0.00024490937653756818	-2.2012044461246881e-005	-1	
-283.38037891285785	-50.111498931455152	0.00024066918770814061	-2.177732056000986e-005	-1	
-261.46729995343992	-26.848482106399612	0.00024904028124279746	-2.2254692960181093e-005	-1	
-259.92957528961489	-12.423394007167534	0.00025460976790068948	-2.2551122125300962e-005	-1	
-267.59503112262598	-36.785337676292073	0.00024517488417597876	-2.2038523475764236e-005	-1	
-268.70210442845973	5.9908586825563841	0.00026042852102346742	-2.2835414141827834e-005	-1	
-258.93218196947782	0.59878785861992423	0.00025962958513063149	-2.2813406066480259e-005	-1	
-293.37512008954974	-69.955712110773007	0.00023458878362052793	-2.1436574294655738e-005	-1	
-286.28885362186293	-59.80104684391199	0.00023753371668303275	-2.1603642716804795e-005	-1	
-299.13348273798692	-77.200635546803909	0.00023267021127686117	-2.1326952403756147e-005	-1	
-343.97292859661735	-77.889741373141391	0.00023483976099180362	-2.1433920075196207e-005	-1	
-342.78790540862394	-83.900466110957879	0.00023321416643835443	-2.1345115442634422e-005	-1	
-336.02522125980789	-85.577573842132637	0.00023240865805620556	-2.1301231139650468e-005	-1	
-331.23467826284542	-90.636949795041033	0.00023078300828715818	-2.1212083459714213e-005	-1	
-307.06904125403082	-98.247815636943969	0.00022701073715373216	-2.1008180372695254e-005	-1	
-299.51031217608789	-89.19070168693051	0.00022908463457378794	-2.1127572110521229e-005	-1	
-328.00312211918373	-99.858634500259569	0.00022810961786169098	-2.106437529535925e-005	-1	
-322.54427283979288	-102.02440882331165	0.00022713809491878577	-2.1011019817431708e-005	-1	
-344.31437737163816	50.047448643376725	0.00026502956263350431	-2.2985206424328498e-005	-1	
-334.08927353665467	51.207134919511908	0.00026565043334342601	-2.3014982687212558e-005	-1	
-328.87809519321894	57.906023479309646	0.00026709571457562362	-2.3081780501718948e-005	-1	
-270.45802938610791	19.198128132077851	0.00026443881270198154	-2.3032521117617885e-005	-1	
-268.99137844182303	28.229166730653716	0.00026733687621628666	-2.3176671605767147e-005	-1	
-282.75618115621614	47.49455578005977	0.0002698849331561033	-2.3263938033555627e-005	-1	
-292.74410200268829	53.586894836668016	0.00026964753235840977	-2.3232485035047147e-005	-1	
-272.56636077392801	46.931446241252551	0.00027147193240345573	-2.3359328204757576e-005	-1	
-259.69265742115925	35.857181554927259	0.00027121598714623216	-2.3384667089267904e-005	-1	
-320.6434515907834	64.437218865291641	0.00026868408697128531	-2.3155118095218694e-005	-1	
-301.87889409755718	67.44952713514806	0.00027085820595609594	-2.3266472091114458e-005	-1	
-311.24794318080944	70.597117877317729	0.00027036800635077234	-2.32333990529925e-005	-1	
-273.88528423417932	-46.620117983513552	0.00024165754744628396	-2.1840757456233025e-005	-1	
-270.15143311152951	-55.740732182218196	0.00023830206559675835	-2.1662036020144174e-005	-1	
-252.42263092304256	-23.110666823835295	0.00025084309568478697	-2.236615173053732e-005	-1	
-250.95110530217511	-39.483362653392675	0.00024409241064459397	-2.2005818238840165e-005	-1	
-247.10519671582128	-14.894694914932849	0.00025459358108428812	-2.2575039599751463e-005	-1	
-244.77381786867241	-4.0172934565875114	0.00025939032131828765	-2.2831269378263137e-005	-1	
-263.93372125219491	-47.870688276584396	0.00024099235012157386	-2.181725439631151e-005	-1	
-262.27217207230115	15.111263417001606	0.00026433392943799418	-2.3044499309048502e-005	-1	
-250.45538172234268	16.426172536232066	0.00026666424934714163	-2.3189030832455886e-005	-1	
-245.00115100056121	5.861283166234756	0.00026347809371647641	-2.304158385797128e-005	-1	
-284.67025240940444	-73.097834746194607	0.00023310018289394622	-2.1360833094195255e-005	-1	
-274.22158972604564	-64.71631420797209	0.00023533650682122073	-2.1494536600627659e-005	-1	
-288.14347298107759	-86.034649549838036	0.00022921857932903147	-2.1142210254087376e-005	-1	
-341.4981610942948	-89.889593879968757	0.00023159452112511369	-2.1256235507880956e-005	-1	
-340.10408852224214	-95.855300333837576	0.00022995806261942573	-2.1166025789875356e-005	-1	
-333.28699380215403	-97.29537214314476	0.00022914720855800289	-2.1121422985886561e-005	-1	
-305.95573092609084	-109.33420035647069	0.00022379628618202842	-2.082781477829443e-005	-1	
-298.493600386011	-101.05990317553372	0.00022550687632613079	-2.0927428977067303e-005	-1	
-291.76226014996809	-95.048656962623667	0.00022673173338668461	-2.1000094942256058e-005	-1	
-332.7088576934766	-103.37227457549938	0.0002275137028503138	-2.1030738632762132e-005	-1	
-330.14148913551628	-108.91046951790715	0.00022587426371851587	-2.0939447440981873e-005	-1	
-315.61178123379443	-114.89370379569533	0.0002231115462579273	-2.0786457536181953e-005	-1	
-325.00969143470189	-113.62334969848997	0.00022423377027309087	-2.0847985770799687e-005	-1	
-343.1614546208387	56.064413074098489	0.00026612853257238032	-2.3035483024536952e-005	-1	
-337.36492348146754	57.978364819262396	0.00026668020146112208	-2.3060848805844563e-005	-1	
-335.12119055403485	63.655392834242548	0.00026770807983906794	-2.3106590142961702e-005	-1	
-330.26970352952515	68.656358829890664	0.00026871871756831421	-2.315120469088674e-005	-1	
-257.39523499664278	25.038198229042571	0.00026838299365501033	-2.3255627516680562e-005	-1	
-280.98439807228198	61.632640907488536	0.00027285104888895794	-2.3394036700995019e-005	-1	
-272.60308002460999	56.671140022232443	0.00027346968355667674	-2.3445192840433736e-005	-1	
-292.38123461937192	70.184645531309343	0.00027244247614202063	-2.3347629615004293e-005	-1	
-263.89386778506622	52.310795377917096	0.00027444946074851395	-2.3517469107522052e-005	-1	
-250.74537019673437	43.832051195859698	0.00027555167591736691	-2.3615615351125757e-005	-1	
-246.31677484419561	28.61949477844675	0.00027191898853683492	-2.3460126590671572e-005	-1	
-325.75629316688247	73.620068066205192	0.00026969250644309854	-2.3193473424645925e-005	-1	
-299.93752675221509	78.565959307457831	0.0002725663199063787	-2.333412201183975e-005	-1	
-316.39745560093411	80.58222959202746	0.00027124900809468984	-2.3261189915254509e-005	-1	
-262.31040650303527	-61.711121557511127	0.00023575415786594034	-2.1531719168323053e-005	-1	
-242.85641187201736	-25.175794912793421	0.00025029936790474318	-2.2355692919780099e-005	-1	
-243.39985864504882	-44.926618546885763	0.00024166725316590086	-2.1887413307712567e-005	-1	
-254.6307517330435	-51.619326691802989	0.00023928528052736769	-2.1737456600000226e-005	-1	
-237.85858017113333	-37.447006680396342	0.00024490418986961368	-2.2074812827519209e-005	-1	
-237.03689744598478	-10.163676036513971	0.0002574885834309213	-2.2750449394384912e-005	-1	
-235.46310587517817	-0.70842678958090843	0.00026203879094098065	-2.2992321149162801e-005	-1	
-238.60072087823951	15.513738189008134	0.00026860697452828837	-2.3320090981261753e-005	-1	
-233.56002690040941	7.6601920139289126	0.00026615688442215203	-2.3210260191698051e-005	-1	
-278.31347459698162	-81.739120284100679	0.0002298240645295577	-2.1184047902683155e-005	-1	
-259.19328021395506	-73.59350315113258	0.00023117956639688952	-2.1281044483998358e-005	-1	
-268.18223610396802	-78.212302100267536	0.00023025221150980218	-2.1218179297603121e-005	-1	
-275.49824652324122	-96.344643108003254	0.0002248583496496795	-2.0906241400386771e-005	-1	
-338.6061123404761	-101.79576826058738	0.0002283279022000416	-2.1075802857526887e-005	-1	
-297.2870323640343	-109.65002987137645	0.00022291785197741821	-2.0781612576981714e-005	-1	
-300.37201353981044	-119.52996623020685	0.00022042756637935461	-2.0638527790763369e-005	-1	
-290.20795099546149	-104.63677842950642	0.00022370037098959331	-2.0829790933066857e-005	-1	
-337.00468884705288	-107.70918813614109	0.0002266948613186835	-2.0985009947669553e-005	-1	
-335.30030585108193	-113.59375867552004	0.00022505851206569959	-2.0893632313786774e-005	-1	
-321.1427349923726	-122.59714888195877	0.00022155371115121193	-2.0697414141070909e-005	-1	
-315.54610641576397	-124.37685741118018	0.00022057503534314918	-2.0642736199385731e-005	-1	
-333.49348252413455	-119.44768738153276	0.00022341334077945579	-2.0801413298139418e-005	-1	
-326.59253957280305	-120.40871475943722	0.00022259708825025421	-2.0755753834314568e-005	-1	
-341.90369695699485	62.060339815555885	0.00026717419373845525	-2.3082454037563853e-005	-1	
-340.5414875052752	68.033402450379626	0.00026816282584346584	-2.3125732415985197e-005	-1	
-339.07524120787491	73.981781525828794	0.00026910629116197086	-2.3166023050460627e-005	-1	
-332.2411999769925	75.339156821468535	0.00026959230889746054	-2.3187137313542806e-005	-1	
-281.62149067888163	72.653623358569561	0.00027440820809594051	-2.3450823400239702e-005	-1	
-271.92623766991949	67.374417900488766	0.00027551101179964425	-2.3528909485921805e-005	-1	
-261.25634241428963	68.456826393693291	0.00027809106896682672	-2.3673503821874095e-005	-1	
-289.00755541036312	80.16207258226666	0.00027416866768327123	-2.3417028890298915e-005	-1	
-250.79956424203218	65.263189485839717	0.00028034463349068355	-2.3816032750491193e-005	-1	
-246.7171208409969	55.120350518353909	0.00027949457067841406	-2.380580710870375e-005	-1	
-238.0106771839603	51.479114395137287	0.00028140808740877371	-2.3935502784576492e-005	-1	
-238.8881945388195	42.08279996073847	0.00027839366365811104	-2.3795858992991088e-005	-1	
-231.27510146587909	26.373073943606297	0.00027487097354826601	-2.3657474414568479e-005	-1	
-232.23139672119558	35.609197724067897	0.00027820176480396967	-2.3815745364440977e-005	-1	
-327.21813715102076	80.167761908339486	0.00027048376590763784	-2.322419113713424e-005	-1	
-293.13497703000507	89.852023703721542	0.00027454585057796934	-2.3412602984612357e-005	-1	
-306.93505248174063	87.4191285182971	0.00027283383733051178	-2.3329334053226487e-005	-1	
-323.71490609738572	88.352209770183592	0.00027167605345262958	-2.3270839075230764e-005	-1	
-318.00207223383683	91.13414312457553	0.00027232015951370481	-2.3297119418914889e-005	-1	
-250.15466550485047	-63.484657410985299	0.00023433553872691045	-2.1470590894418969e-005	-1	
-233.22139608283592	-25.035017166746279	0.00025074035021559058	-2.2400748978901034e-005	-1	
-234.51490715781972	-46.661870766130491	0.00024058852542069965	-2.1846175826209638e-005	-1	
-240.23318140924218	-53.68004736552777	0.00023777562856877219	-2.1679156337380863e-005	-1	
-225.49672041358258	-30.795462760309658	0.00024802781817200091	-2.2272993639200596e-005	-1	
-225.6189456904784	-44.983975427801049	0.00024098199405428339	-2.1888073010680622e-005	-1	
-229.53603887741565	-16.13156334814223	0.00025525262292051002	-2.2650697975712856e-005	-1	
-228.08951771144652	-6.725223751554263	0.00026008560098014755	-2.2910259756823746e-005	-1	
-227.14290952671638	1.9614118922789965	0.00026455873859417743	-2.3146989060098574e-005	-1	
-227.57190767229648	13.808193182810495	0.00027023835637448072	-2.3438177317145381e-005	-1	
-270.52026917262077	-87.811053032248239	0.00022717114843998911	-2.1042107213284172e-005	-1	
-249.08797494679513	-73.461453226336104	0.00023037649879938696	-2.1250475438856394e-005	-1	
-253.95457507804088	-82.23587552358191	0.00022754505591906346	-2.1083183070242581e-005	-1	
-260.80194404564247	-91.024279718703525	0.00022512095318464814	-2.0936616344930782e-005	-1	
-269.14189637827724	-104.24293200237663	0.00022165055558698765	-2.07291164945894e-005	-1	
-278.36548483773817	-108.45144368168378	0.00022136165463431548	-2.0704675323355482e-005	-1	
-285.70837639503372	-118.49522878794673	0.00021917647079488595	-2.0574228832415571e-005	-1	
-292.5942675967587	-125.331994961294	0.0002179935178046935	-2.0502507836103086e-005	-1	
-305.8454218540864	-131.72748950858863	0.00021767496172545527	-2.0479500172361914e-005	-1	
-325.59190848966125	-126.43048542660516	0.00022096332844768972	-2.0663538171908583e-005	-1	
-322.64446896238258	-131.77609902707701	0.00021932648174660574	-2.0570872398569768e-005	-1	
-317.19641816026808	-136.11952275683146	0.00021769101059143027	-2.0478179151009273e-005	-1	
-331.58476924209918	-125.26919109078719	0.00022177923892925151	-2.070945494257454e-005	-1	
-337.50540469761972	79.90366510801374	0.00026998328885765904	-2.3202250472359151e-005	-1	
-278.72892037379432	82.886108150834247	0.00027611163233352137	-2.3516028640780817e-005	-1	
-261.26035651623391	77.238640136112338	0.00027924861440497081	-2.3709771443712211e-005	-1	
-268.09630303339361	82.75136214380386	0.00027820962495383019	-2.3633061930244443e-005	-1	
-254.2931228329409	72.850917018349108	0.0002805318262155743	-2.379835745191274e-005	-1	
-283.17302453765598	92.074736275780751	0.00027611932567091983	-2.3490259784444435e-005	-1	
-240.52866784602233	69.011817723667193	0.00028432498397381765	-2.4032872916479212e-005	-1	
-245.98972989144855	76.026720821624139	0.00028347290853341576	-2.3955197123422654e-005	-1	
-231.93746456798129	58.70246889144191	0.00028548741014904891	-2.4146186270528874e-005	-1	
-231.08897943779129	46.093567638508773	0.00028226893029917593	-2.4012440870285211e-005	-1	
-218.86913765580877	30.578063212209816	0.00028060506844854941	-2.3993597673698726e-005	-1	
-217.52820625236669	18.673135760791098	0.00027519054495754494	-2.3727195689558706e-005	-1	
-224.33659458415619	40.497201643905498	0.00028277068920674734	-2.4071784448074329e-005	-1	
-335.83245616191817	85.797249333828788	0.00027080550617564273	-2.3234886028783862e-005	-1	
-329.96774840053547	87.221905796586299	0.00027122134295535626	-2.3251575804029462e-005	-1	
-300.853569428105	101.5475097068276	0.00027454336756421071	-2.3384745766752838e-005	-1	
-290.27176551327142	103.5692785773214	0.00027579310149970706	-2.3442331766242337e-005	-1	
-311.32430445974171	98.236463069459106	0.00027343395175703506	-2.3338061231085102e-005	-1	
-328.09206562712149	92.958303385388604	0.00027194115677024126	-2.3277915215676903e-005	-1	
-325.2672130890976	98.369698092017785	0.0002726111881997465	-2.3301102417281303e-005	-1	
-319.91955972774866	102.83614978944701	0.00027325711526252105	-2.3322793543060955e-005	-1	
-241.32453952130399	-67.585987185408058	0.00023198821425737863	-2.1354380442628182e-005	-1	
-222.31019625329725	-22.029417517211225	0.00025266021201405983	-2.2531515517326793e-005	-1	
-227.36586608569311	-59.065065579726749	0.00023441135085008416	-2.1518963655924551e-005	-1	
-219.87128335496956	-37.938705208921192	0.00024427777168174373	-2.2083641418841552e-005	-1	
-211.07625471626329	-35.632425515475788	0.00024528134484069042	-2.2163342573533862e-005	-1	
-212.98371169289504	-22.148460252016726	0.00025290100323174347	-2.2571422985756031e-005	-1	
-216.83133319830111	-56.124293978955926	0.00023482381450927838	-2.1568133756423862e-005	-1	
-211.37964230204176	-46.601302353790651	0.00023921411988955487	-2.1827897063494484e-005	-1	
-221.18184476565406	-13.271650453496505	0.00025740536837987521	-2.2788157670397323e-005	-1	
-218.44673195400196	-3.7334091135946883	0.00026289180971514754	-2.3086509283930294e-005	-1	
-219.46690392064383	6.1366536576927144	0.00026808455421711494	-2.335454503452255e-005	-1	
-242.85115383447609	-81.32124621984282	0.0002266874876811869	-2.1051664880754849e-005	-1	
-247.93271415001684	-91.609226100554977	0.00022344508574747603	-2.085811970404776e-005	-1	
-254.68367551910589	-98.276595637738296	0.00022193884014091317	-2.0761946656179847e-005	-1	
-266.08583893629242	-113.33531726655823	0.00021841896130968136	-2.0545800862361888e-005	-1	
-259.27643760728591	-106.57935616383259	0.0002197276176260241	-2.0628870943618393e-005	-1	
-272.61944221188423	-120.35834973965657	0.00021708603897558368	-2.0462816316394487e-005	-1	
-279.46644501583972	-131.66807875206644	0.00021466195529354275	-2.0316866975110613e-005	-1	
-293.66294488016382	-134.9764129434717	0.00021546064452650758	-2.0356009934350552e-005	-1	
-308.07206484885944	-143.69315431128342	0.00021480403913484527	-2.0313845674456135e-005	-1	
-329.57474741753163	-131.05649651685928	0.00022014685484220806	-2.0617183242562887e-005	-1	
-327.4640293225512	-136.80784079045338	0.00021851462740089656	-2.0524518848570901e-005	-1	
-325.25325790233666	-142.52147199638924	0.00021687576225923772	-2.0431125742341244e-005	-1	
-318.3020874201402	-142.99877291410789	0.00021606285335936241	-2.0384891517963365e-005	-1	
-273.26427539459013	94.5237440457975	0.00027797982597912389	-2.3583192161067485e-005	-1	
-253.33872390613922	81.029155339912393	0.00028171489062299519	-2.3835681791782124e-005	-1	
-254.17084071089755	90.163356399627403	0.00028213548853755707	-2.3825934902650182e-005	-1	
-260.59474910679398	96.710069185231447	0.00028071843855138006	-2.3724256583946332e-005	-1	
-280.31040579185623	101.76253864415597	0.00027706257757962173	-2.3512387037053856e-005	-1	
-236.67999367922278	77.641142981775474	0.00028700234545731668	-2.4150976434851269e-005	-1	
-224.06993697942923	69.574150304751413	0.00029120030616730757	-2.443225442767339e-005	-1	
-245.32129703254813	84.908064692437037	0.00028449044782664587	-2.3977921170725474e-005	-1	
-218.77582725776352	61.322154067834504	0.00029196437413945994	-2.4518584508872223e-005	-1	
-223.72342001453251	51.806773228967572	0.0002869886616047126	-2.4269122179621154e-005	-1	
-206.93090467747601	31.580055231802721	0.00028563440105141695	-2.4302952077236147e-005	-1	
-213.02319454103824	41.035134683283658	0.00028765880296786076	-2.4368784310634642e-005	-1	
-208.48030204170843	17.407385193692914	0.00027716605005108076	-2.3865518340877601e-005	-1	
-206.98399656127071	8.3947404646153974	0.00027209339985750539	-2.360833899223288e-005	-1	
-334.05690519710038	91.660738960426286	0.0002715639472942611	-2.3263663475817239e-005	-1	
-297.12896312249399	111.87836784184114	0.00027536536906506358	-2.3399799031767442e-005	-1	
-304.60951286736906	111.86701603313132	0.0002747726440804017	-2.3372892595511073e-005	-1	
-290.06521043676111	114.34051148994808	0.00027609701744258432	-2.3427799062861917e-005	-1	
-314.9120254007388	107.30088745790017	0.00027384507858811116	-2.3340916688535199e-005	-1	
-332.17929265319054	97.492347912065114	0.00027225131017620297	-2.3287990997663409e-005	-1	
-330.2001904691582	103.2902998241665	0.00027286736179222112	-2.3307899735225301e-005	-1	
-328.12020149870068	109.05282858441201	0.00027341888862931178	-2.3323751245612729e-005	-1	
-321.18171350700783	109.68841620838582	0.00027371523041489523	-2.3332991215994835e-005	-1	
-234.00798907852908	-74.009391300221324	0.00022857984970876325	-2.1175833739469123e-005	-1	
-218.50225777720732	-66.933203813673316	0.00022981123946025733	-2.1280456325355072e-005	-1	
-204.44784484789764	-28.23749950287802	0.00024939916856991131	-2.2409088182869473e-005	-1	
-195.90374516151073	-42.564102440417194	0.00023997473395076456	-2.1921523945720041e-005	-1	
-203.19699861759605	-18.385792451661825	0.00025557048660750271	-2.2746628092792534e-005	-1	
-212.49730500328843	-11.674643835525456	0.00025905698164160407	-2.290243486980624e-005	-1	
-206.59685692663265	-68.040959880528291	0.00022751904119041138	-2.1183382652958104e-005	-1	
-205.89405104034321	-56.10480653019323	0.00023351018817741243	-2.1525925703013462e-005	-1	
-208.84730225905074	-0.80207769028281284	0.0002660852120648925	-2.3286850022767611e-005	-1	
-235.17132393238148	-89.846795934747419	0.00022240150745844533	-2.0819336353290423e-005	-1	
-237.74204855302551	-99.490188926657197	0.00021919670854574164	-2.0628580214807142e-005	-1	
-243.64623615087126	-107.5365683783761	0.00021723494353331925	-2.0504625084796362e-005	-1	
-257.05057922389005	-115.6324339635122	0.00021648686201544652	-2.0443087059199297e-005	-1	
-262.62869951430326	-123.10218879320148	0.00021495230025660625	-2.0347226696379906e-005	-1	
-247.43833325961319	-116.40271802343634	0.00021483904595433309	-2.0358566246802269e-005	-1	
-263.85882778629878	-133.38957800696525	0.00021206899273150666	-2.0176814795562595e-005	-1	
-272.32027752238889	-138.49119569786038	0.00021178576759438774	-2.0153502281294334e-005	-1	
-284.40411911407841	-142.59356269745109	0.0002122796378191466	-2.0175222318739975e-005	-1	
-299.93836715726769	-150.60406131389556	0.00021210385372571236	-2.0159420449997417e-005	-1	
-310.55848280070217	-149.54066230268825	0.0002136000159540603	-2.0244017908845103e-005	-1	
-322.94310657927878	-148.1956497072523	0.00021524806455731679	-2.0338015073163059e-005	-1	
-316.88383633658793	-148.93607435470506	0.00021443399468100985	-2.0291440207303934e-005	-1	
-272.8960283453406	108.62366886395954	0.00027835477686552517	-2.3558015463796002e-005	-1	
-245.75234296155102	93.80409025701212	0.00028466726760514069	-2.3952003628886803e-005	-1	
-254.16675526531299	106.37148454914364	0.00028223183216446714	-2.3770079743552342e-005	-1	
-263.94495821805253	113.50386051180593	0.00027986692608036488	-2.361910712467058e-005	-1	
-279.62939810998148	117.04179460570687	0.0002772982672684779	-2.3477855533890241e-005	-1	
-227.30625777290996	78.828839243922204	0.00029105173385762296	-2.4379355903193393e-005	-1	
-233.05631027978259	86.626034802919676	0.00028906743718307777	-2.422930186184807e-005	-1	
-214.3087063891823	70.491438156602825	0.00029638874778424573	-2.47320817389249e-005	-1	
-215.84459722506617	80.574690553290196	0.00029688593972326864	-2.4707320374848011e-005	-1	
-213.0092069838999	52.282993482349596	0.00029207082259463289	-2.4573746361217035e-005	-1	
-208.93565121071762	62.200981021961255	0.00029762471922729992	-2.4851643327314668e-005	-1	
-201.47323006233214	23.269776973435732	0.00028302288262645908	-2.4197944726874603e-005	-1	
-200.88279924056522	38.431803895878055	0.00029221799283667572	-2.466671704900858e-005	-1	
-203.58980701522484	47.160958954621179	0.00029517500205243229	-2.4792114082131538e-005	-1	
-194.4921378616144	16.190844241635649	0.00028077562493978404	-2.4113718124575994e-005	-1	
-200.34530743145041	3.1689997767407219	0.0002701614150387346	-2.3533115537303916e-005	-1	
-295.91137081770268	119.25916876914062	0.0002756199871945196	-2.3392457279635011e-005	-1	
-303.43787269687471	120.57162832762778	0.00027511236979056795	-2.3367548205924546e-005	-1	
-310.52113990537691	118.25277409643554	0.00027465823505781967	-2.3354954981025929e-005	-1	
-315.68144087531152	113.96551665326993	0.00027419670490833964	-2.3344599906042779e-005	-1	
-285.17337686463793	126.28665312053376	0.00027649843081474441	-2.3410476127531266e-005	-1	
-325.93995932660766	114.77817887071843	0.0002738882000058164	-2.3334716018420475e-005	-1	
-224.08455969911009	-77.388300980484829	0.00022589397933265538	-2.1043755441940372e-005	-1	
-225.9639540963127	-87.701368321264567	0.00022190077702822434	-2.080906124877291e-005	-1	
-213.60712312101361	-77.727128410986424	0.0002241306054156285	-2.096816944973385e-005	-1	
-194.79116601534358	-25.920324058561221	0.0002506063516501438	-2.2508823554039104e-005	-1	
-184.52093806154573	-42.240753369455852	0.0002386745880071504	-2.1894585761912812e-005	-1	
-189.97829002879067	-50.641709402861807	0.00023427087132206936	-2.1624683520140971e-005	-1	
-186.23681854908315	-30.983373290183724	0.00024660798254655207	-2.232428156689099e-005	-1	
-194.16185297065937	-11.618715430443711	0.00026061197182852223	-2.3049786640290164e-005	-1	
-201.95167495462815	-7.1663291290732989	0.00026296566087811573	-2.3146324228997405e-005	-1	
-202.20098212497521	-75.199878459308891	0.00022327310853533395	-2.0952171758581803e-005	-1	
-196.40005466495899	-68.342747807955732	0.00022551204501090281	-2.1102547801044302e-005	-1	
-189.69382773110459	-60.65559146581856	0.00022834092401888327	-2.1289690903509736e-005	-1	
-228.97672066791657	-96.662493056914116	0.0002188681705971973	-2.0625819791523314e-005	-1	
-232.69440918416393	-108.09977604065509	0.00021528526422094193	-2.0408013190845296e-005	-1	
-238.83586986350659	-120.7600375583542	0.00021202172155120267	-2.0204336616466372e-005	-1	
-249.54857878399929	-129.88350337772579	0.00021093224712885982	-2.0124723072743017e-005	-1	
-255.58736881757844	-136.1929252220867	0.00021000642959231454	-2.0062934795865944e-005	-1	
-262.27742996766824	-142.32797394832016	0.00020926983971122706	-2.0012766889754361e-005	-1	
-269.62192897623578	-147.99601288831212	0.00020879182189384183	-1.997876717894914e-005	-1	
-283.82207774052	-154.56887283041809	0.00020904438286622261	-1.998571656905453e-005	-1	
-302.43398259773141	-161.99842120248778	0.00020956946392415937	-2.0010975003832154e-005	-1	
-307.83292392154959	-158.01586987623287	0.00021118854034214867	-2.0104581125195395e-005	-1	
-314.5360166631292	-154.49594718996116	0.0002128127979724459	-2.0198137396805883e-005	-1	
-320.53427904784951	-153.8286455135449	0.00021362488613929276	-2.0244775532888381e-005	-1	
-244.81754697963893	103.53057952169934	0.00028488003945025572	-2.3924003023391314e-005	-1	
-228.66565310904804	95.262092469825348	0.00029101030846061476	-2.4298574970575129e-005	-1	
-235.09840034693045	104.53885809222737	0.00028804044525097556	-2.4091225512554459e-005	-1	
-245.68998115935258	114.29653044280734	0.00028390272107031066	-2.3825636610456333e-005	-1	
-254.77535999181634	117.95991205019115	0.00028145719610203862	-2.3683538905840004e-005	-1	
-262.763633019172	123.63018253501993	0.00027948301178849311	-2.3561460590827438e-005	-1	
-273.74354244182916	126.85618098353176	0.00027767606634562293	-2.3461760703498346e-005	-1	
-218.06403210663194	91.383400736702754	0.00029609371461646923	-2.4604594703140513e-005	-1	
-205.42184694989362	75.496902057319616	0.00030273610268042797	-2.5077306768023955e-005	-1	
-207.40636090310562	88.525402916542077	0.00030225495810921887	-2.4971504240251399e-005	-1	
-199.05681761495211	62.100740115490652	0.00030395121045170381	-2.5231577860324637e-005	-1	
-196.30221352832885	53.107360848506858	0.00030235963194725595	-2.519198196901693e-005	-1	
-191.95381264934883	26.138161371256732	0.00028887869786423348	-2.4547608969509887e-005	-1	
-191.88515824321473	36.829151215336722	0.00029612287952199273	-2.4919770038210963e-005	-1	
-188.04434402648477	48.604438952185646	0.00030572487404547559	-2.5427934481017086e-005	-1	
-192.43368815705756	6.133260149305821	0.00027401316793202314	-2.3767870112268821e-005	-1	
-184.48619880624386	18.48723196601647	0.00028600393241321056	-2.4434385812984452e-005	-1	
-194.21656806092898	-2.6464204855897946	0.00026711067233760213	-2.3395521607591608e-005	-1	
-298.00252778529023	126.60749124211051	0.00027548726124227183	-2.3366578082271366e-005	-1	
-305.75071388719351	129.04474944767435	0.00027511153055942211	-2.3347321800881517e-005	-1	
-311.05749446820431	124.94019559258945	0.00027482822412612588	-2.33477388873394e-005	-1	
-316.70368513529826	120.85765738830563	0.00027450380822078272	-2.334564597615476e-005	-1	
-323.66012807576527	120.46460668592582	0.00027428230464853235	-2.3340980034824565e-005	-1	
-284.81922843813567	139.36589701877344	0.00027592394586368628	-2.3339115522595618e-005	-1	
-274.73795155337245	138.91439321164401	0.00027668945622848099	-2.3369886293137628e-005	-1	
-295.32509143148366	134.2759950076198	0.00027553496969586752	-2.3344922115049088e-005	-1	
-213.7300459643848	-85.9699404274252	0.00022055943328960588	-2.0760479565437225e-005	-1	
-218.10527719461351	-92.956814667441392	0.00021844588080422597	-2.0625498136678462e-005	-1	
-206.21594463217423	-82.579167487070507	0.00022059849692330772	-2.0784005698474546e-005	-1	
-187.04316198657983	-17.080336892220362	0.0002568587798556609	-2.2876493109393981e-005	-1	
-173.90980852785495	-44.370539634641567	0.00023514122397098395	-2.1746480264316429e-005	-1	
-176.74159814921191	-33.924821513970578	0.00024327189755912672	-2.218340686859196e-005	-1	
-173.77806671955213	-55.192494338487101	0.00022791839847723387	-2.1338208342447313e-005	-1	
-180.29693060369434	-62.11636167441052	0.00022531895399847282	-2.1157379743108724e-005	-1	
-179.26629393071502	-23.896546451599825	0.00025139195486879591	-2.2614134559575543e-005	-1	
-185.6924318886324	-5.4033309517701742	0.00026614755088581195	-2.3378868014930287e-005	-1	
-197.38825665678831	-82.085479671790054	0.0002189716241627821	-2.071664564293218e-005	-1	
-186.33675234949061	-70.014812048439069	0.00022241589408416619	-2.0961416440752357e-005	-1	
-222.75924709264785	-103.45733368830979	0.00021523159842593058	-2.0424522016036764e-005	-1	
-225.08168180841324	-115.99319726861722	0.00021114769377699556	-2.0176230624594391e-005	-1	
-236.82268342488101	-137.30828439283877	0.00020647819679477753	-1.987479878013853e-005	-1	
-226.62377210843036	-128.64877059500841	0.00020723249240638396	-1.9937190845196721e-005	-1	
-243.59075742950367	-144.5594579541974	0.00020556628902014136	-1.9810562756741467e-005	-1	
-253.50906603166507	-144.67563979996908	0.00020722080855298901	-1.9898817689425689e-005	-1	
-260.99869757554018	-151.57734836111121	0.0002065154913909805	-1.9849639504204585e-005	-1	
-276.97727087339132	-161.80708302506446	0.00020623446844884804	-1.9822699311245373e-005	-1	
-267.1511428077053	-163.44728883742849	0.00020434463255232239	-1.9715421973673167e-005	-1	
-293.1080808741886	-168.32476832025878	0.0002068340295403241	-1.9852534146623375e-005	-1	
-308.45602759370007	-164.95549011457206	0.00020957686846486079	-2.001082231350491e-005	-1	
-302.58381037612702	-168.70564373652579	0.00020796262308169712	-1.9917044189090283e-005	-1	
-315.4235602029014	-164.96424101913215	0.00021038452435973747	-2.0057483991461483e-005	-1	
-318.02750906024977	-159.41874355017634	0.00021200825321271582	-2.0151504725165804e-005	-1	
-219.8208021206797	102.27687888375296	0.00029450760621555394	-2.4456297802182394e-005	-1	
-231.10539636602277	112.82104742471817	0.000288561403903675	-2.4078717730783205e-005	-1	
-238.26721785111263	118.58707326115649	0.00028550907989906461	-2.3889665569350086e-005	-1	
-247.35145576183385	124.35132185670068	0.00028237432017103563	-2.3701937870253043e-005	-1	
-254.43314816174649	131.67996163394537	0.00028003079066077471	-2.3553011335557475e-005	-1	
-264.91041289082477	136.62190915472141	0.00027791797784358597	-2.3432403154275174e-005	-1	
-206.92476935568388	97.93004384142364	0.00030198510203485285	-2.4897786504096523e-005	-1	
-192.54810360346497	72.677884051074088	0.00031178725806569062	-2.5631086535985516e-005	-1	
-195.03888988712367	83.613202501606352	0.00031109286864649784	-2.5514146779236087e-005	-1	
-191.53155429222852	92.165506615781439	0.00031375338263332607	-2.5606079120503127e-005	-1	
-197.5870762596368	99.149342405574259	0.00030807917064557824	-2.5231401328510934e-005	-1	
-190.66986674691898	59.751052929594572	0.00030938180174568092	-2.5574271404413198e-005	-1	
-181.83514787210444	29.58991460685408	0.00029650270621477473	-2.4999668033038154e-005	-1	
-179.77502156688178	39.427967256066623	0.00030548762400934329	-2.5480131441577664e-005	-1	
-182.32526783406266	57.255127506445426	0.00031517201142119657	-2.5943718829984095e-005	-1	
-176.25888529677576	48.844345862101598	0.00031535525851474007	-2.6016630567000206e-005	-1	
-181.82583256510171	7.3867777256914628	0.00027752464655747203	-2.3999288365145315e-005	-1	
-173.81027641788279	14.447143596160043	0.00028632379238397371	-2.4501790596091101e-005	-1	
-170.57953054767091	23.603519706128758	0.00029674847371771691	-2.5071039005207587e-005	-1	
-311.83858376175243	131.86381363188931	0.00027494877043126475	-2.3337578669180214e-005	-1	
-306.05335407285969	135.74681565163752	0.00027509210631165409	-2.3328775417652676e-005	-1	
-318.80450629682849	131.71377872283944	0.00027481103038025405	-2.3337978262795877e-005	-1	
-321.28140220485767	126.11037988903598	0.00027458925061242865	-2.3342106734347005e-005	-1	
-287.26338738397266	150.7810775589852	0.00027499229228637349	-2.3257414980702756e-005	-1	
-295.07300977635288	144.9462400177452	0.00027516182507015809	-2.3294067542565637e-005	-1	
-278.81318073525222	154.00848962224219	0.00027495703378278261	-2.3233491162724525e-005	-1	
-271.00995579399898	148.29192204034973	0.00027598050675336203	-2.3295870304119407e-005	-1	
-301.18213051422748	143.19859367169579	0.00027509384355640053	-2.3303030137900273e-005	-1	
-201.83628280676501	-90.259686020658108	0.00021629422462032474	-2.054358743185212e-005	-1	
-207.58886703343165	-97.574763653865901	0.00021449711692210206	-2.0419004511450487e-005	-1	
-175.64399432485774	-14.210508299645603	0.00025922591358318737	-2.3052607585015054e-005	-1	
-165.83690780473924	-36.575308584044961	0.00023910545455304734	-2.2009789447745696e-005	-1	
-164.83489082618365	-45.747324295484262	0.00023180892946957104	-2.1609132863194892e-005	-1	
-164.29553493024719	-25.459485498045115	0.00024818355546424894	-2.2514185279788238e-005	-1	
-164.31139402063866	-54.911145462935274	0.00022530044533058719	-2.1241231126754131e-005	-1	
-171.10855026244266	-64.567726993970339	0.00022132351842974672	-2.0971014296689886e-005	-1	
-176.71937998247273	-72.538918580680871	0.00021849887008322492	-2.0775090740380552e-005	-1	
-166.67496857851683	-16.511062774298999	0.00025674220859894537	-2.2961873883383133e-005	-1	
-172.38539956406049	2.3891651629822981	0.00027475003178636069	-2.3893875205446198e-005	-1	
-192.58732131797473	-89.230464254649718	0.0002145606715081225	-2.0471596756442446e-005	-1	
-184.54030206720051	-82.754112391604551	0.00021551320338394174	-2.0561093074166753e-005	-1	
-215.13974552420882	-111.35200992516461	0.00021080086023897595	-2.0177250052213537e-005	-1	
-214.46874064576369	-123.05769007356862	0.00020656001716605113	-1.9921201216676989e-005	-1	
-228.91777325947595	-143.90381884943116	0.00020299991146838098	-1.9675138618141268e-005	-1	
-213.90960285610703	-132.81468843852326	0.00020324329113541548	-1.971864007300041e-005	-1	
-218.99495548620683	-141.16039636470219	0.00020175753790157709	-1.9616250940635503e-005	-1	
-231.09209601367144	-153.96667133030405	0.0002005609428160694	-1.952171019051933e-005	-1	
-241.57545357178608	-154.27155835061342	0.00020247078860278751	-1.962480461268446e-005	-1	
-252.39758636322861	-153.39647370868354	0.00020461542853992255	-1.9743381034418424e-005	-1	
-257.78454462092844	-160.34406407128637	0.00020366920764476834	-1.968140832698995e-005	-1	
-280.99485471091378	-170.92311768815415	0.00020454100247201454	-1.9720381678843419e-005	-1	
-273.55203242586862	-177.81965775700704	0.00020176941747403603	-1.9557655124644836e-005	-1	
-260.30700653073296	-169.8834745067019	0.00020163451859814849	-1.9556651534507485e-005	-1	
-297.21731781620224	-176.87162080705255	0.00020533665610226006	-1.9763498597016546e-005	-1	
-291.3966714603506	-177.65244721132535	0.00020437505592328013	-1.9707588585432224e-005	-1	
-312.72322566385134	-170.46344870816293	0.00020877751245028519	-1.9964063215762168e-005	-1	
-309.92732799115896	-175.91469150533447	0.00020716452698651619	-1.9869923934125658e-005	-1	
-302.96434521673166	-175.66278255026953	0.00020636290566849791	-1.9823231615923309e-005	-1	
-209.80511860194193	106.8956888022776	0.0002988751546740702	-2.4668170717512231e-005	-1	
-220.07858510383292	116.58004608629564	0.00029212771026866901	-2.4246913994061704e-005	-1	
-230.39712516444467	121.98822217137725	0.00028728432261110792	-2.3963443852994436e-005	-1	
-237.31650451897312	127.10777258494048	0.00028436111080688852	-2.3787814969417303e-005	-1	
-243.00383929080311	133.56856435391296	0.00028182653165742825	-2.362888339847635e-005	-1	
-253.5347353915428	140.99309593214636	0.00027874698737866799	-2.3446704679223172e-005	-1	
-261.5609382748367	145.80159707472677	0.00027706588639414651	-2.3349468529616098e-005	-1	
-182.84059498322841	78.294776636253843	0.00032166760693263255	-2.6178593522211626e-005	-1	
-182.53632293504859	67.623237300514845	0.0003194371588091279	-2.6126719057611197e-005	-1	
-182.85767794875298	88.970639198399226	0.00032207583932211209	-2.6112734857770497e-005	-1	
-183.36022388890365	105.36789679988651	0.00031806877843047374	-2.5735121417557523e-005	-1	
-192.82975998057458	107.64894437610099	0.00030957873737678541	-2.5247923979234027e-005	-1	
-200.79440313458187	113.2560605034642	0.00030255578358383788	-2.482262290736487e-005	-1	
-171.86362849269506	33.227865648200954	0.00030558895927174968	-2.5535549318965398e-005	-1	
-166.42562398253781	42.343456329044614	0.00031869514915372276	-2.6270235761136665e-005	-1	
-173.91893012714726	62.612451458029355	0.00032640771243563405	-2.6590450535909901e-005	-1	
-166.69832682249074	55.740019466244668	0.00032996128088731198	-2.6861702337749671e-005	-1	
-162.34835134619695	18.453312788118652	0.0002946631345125598	-2.4996798693986856e-005	-1	
-164.02142771921066	7.2635818682952999	0.00028140769046913007	-2.4283974515412635e-005	-1	
-161.83317872935271	29.755695713096955	0.00030855516857134738	-2.5746269888843045e-005	-1	
-316.23019483816546	137.27309633777006	0.00027493847949832507	-2.3328325054152354e-005	-1	
-313.55925198907681	142.78663931182803	0.00027497217142173299	-2.3312947622655973e-005	-1	
-307.53625331795701	143.17125622641737	0.00027500070651597877	-2.3306019859095244e-005	-1	
-289.22258200565818	160.3307941766964	0.00027419062188217797	-2.3188991225271265e-005	-1	
-294.92933419426009	156.80343511612796	0.00027448183382667375	-2.3223453657106788e-005	-1	
-300.97133588283424	153.33344911703784	0.00027470220051009923	-2.3253783605319832e-005	-1	
-270.54910183606302	157.68642123934862	0.00027475556147837666	-2.3197916853433004e-005	-1	
-278.28368788120844	163.03854047202438	0.00027390821881267204	-2.3148212260008577e-005	-1	
-261.31765045384924	155.88383782980571	0.00027545104169376727	-2.3226429759956349e-005	-1	
-304.69295139283895	148.4947961507458	0.00027488900178643049	-2.3282137760387057e-005	-1	
-191.31876512475466	-97.744602496504498	0.00021057268437801218	-2.0234919185518275e-005	-1	
-195.36158830014907	-108.30969337556499	0.00020736047281774868	-2.0024517296610539e-005	-1	
-204.69265025353835	-114.70475767018506	0.0002072431491996835	-1.9988741125671523e-005	-1	
-163.52842124012727	-2.4045569313939552	0.00027072672440464239	-2.3720605981708446e-005	-1	
-157.28281537504773	-40.281539617319346	0.00023362981358693627	-2.1759375611916285e-005	-1	
-156.49014189274038	-49.570259363234754	0.00022617523499670347	-2.1343997044021735e-005	-1	
-153.03674609237629	-23.151698972763104	0.00024766747338490194	-2.2552872995458712e-005	-1	
-161.38236111827689	-63.917688386555298	0.00021845956880723263	-2.0860563918012242e-005	-1	
-165.56457561501	-74.430361656971826	0.00021384044906963933	-2.0558416184505612e-005	-1	
-172.66294220223222	-82.45454282617348	0.00021212826544213747	-2.0413307204669915e-005	-1	
-158.96554238864078	-11.382639863478676	0.00026112390769652947	-2.3234320218422025e-005	-1	
-184.38774190147976	-91.850899754593001	0.00021122148113612	-2.0302249278065288e-005	-1	
-175.34222894046621	-92.827378225286253	0.00020806128840025	-2.015042457235415e-005	-1	
-206.17900817736358	-127.47715616125704	0.00020318039221586351	-1.9733486474075465e-005	-1	
-221.66984891475536	-158.57264586273476	0.00019735427663314741	-1.9337085645260877e-005	-1	
-207.90414878759478	-140.52482291157489	0.00019945659162303762	-1.9496576727547088e-005	-1	
-211.23534971482528	-151.1226079265069	0.0001971300629025493	-1.9342560092975646e-005	-1	
-237.05761854922864	-162.59257897322442	0.00019940803535017422	-1.9442515736394175e-005	-1	
-251.1760777537537	-167.67150094970322	0.00020064242431447175	-1.950355768821139e-005	-1	
-282.11646608714938	-183.26101278581919	0.00020175670114746182	-1.9553935489132889e-005	-1	
-263.44688647971606	-178.73829473373661	0.00019996605011234208	-1.9453910799592242e-005	-1	
-273.48468557963906	-187.38634134321336	0.0001995128000081184	-1.9421768073994765e-005	-1	
-253.84844233687735	-177.15775656252654	0.00019874021974857615	-1.9385401099185761e-005	-1	
-300.9332464654666	-181.41931122605365	0.00020476908918642673	-1.972960401561972e-005	-1	
-297.10232910723454	-186.17189544171049	0.00020317659462471983	-1.9635775911656544e-005	-1	
-290.98281882300068	-189.50328871176575	0.00020158674331547007	-1.9541992799788521e-005	-1	
-307.03671884233978	-181.31630890928344	0.00020556690922319022	-1.9776338150860335e-005	-1	
-209.91827865252631	117.92449273624655	0.00029627095839001655	-2.4455998661874952e-005	-1	
-222.8073219028262	125.17108133656568	0.0002890686832165703	-2.4036062777038737e-005	-1	
-214.77196543017064	126.95118031495157	0.0002914738824549998	-2.4146070158974593e-005	-1	
-229.77854516040935	131.26310359432233	0.00028541674234409974	-2.3816118391999889e-005	-1	
-234.68729311072318	139.15678842406905	0.0002823411226248008	-2.3620242114675006e-005	-1	
-242.85742275535497	144.95697550842959	0.00027949073345822338	-2.345496642150195e-005	-1	
-252.90081989105815	150.32796428152537	0.00027712153228798026	-2.3322703113969182e-005	-1	
-173.07863130634209	73.972925361084762	0.00033184791785630178	-2.6827276676366865e-005	-1	
-166.01143642948304	82.907197910248811	0.00034265555241928645	-2.7396555471338261e-005	-1	
-175.96337462116924	97.388266836979014	0.00032808479434050068	-2.6380317766620988e-005	-1	
-184.51904987303766	121.35357891266254	0.00030949448051797497	-2.510761824360246e-005	-1	
-192.3798375212867	116.7482953783782	0.00030636764168121624	-2.4993721633945179e-005	-1	
-173.1409711279702	120.3355072214754	0.0003186589485834616	-2.5582727574936273e-005	-1	
-167.64159175821311	110.32281665176129	0.00033092325822890853	-2.6369858782605725e-005	-1	
-199.38677281699285	121.74796120218829	0.00030024670068428316	-2.4632483656374794e-005	-1	
-150.66311723559841	42.05242947226516	0.00033355018392830689	-2.7172213925597282e-005	-1	
-156.54680157129476	51.396143139877459	0.00033838548971723515	-2.7412500749157222e-005	-1	
-164.09193287692526	65.707881440133562	0.00034031911459350532	-2.7423315856997192e-005	-1	
-146.37881632493071	23.661221364073235	0.00030905843008682821	-2.5824272244435561e-005	-1	
-154.75513457867135	10.065683699433638	0.00028653645231443986	-2.4594202891363699e-005	-1	
-153.51650538699931	-1.3148884044470905	0.00027232861198182639	-2.3850776364262345e-005	-1	
-145.65374360642116	33.524755810915565	0.00032530349080174721	-2.6721020267739798e-005	-1	
-310.79249134462839	148.25272816641254	0.00027491933556486001	-2.3292570794432593e-005	-1	
-294.98242944503113	163.77077091490784	0.00027399898800692764	-2.3177910139675179e-005	-1	
-288.82300761570326	167.02778027427635	0.00027354339652369377	-2.3133927758132787e-005	-1	
-301.92587484608305	164.3496950906212	0.0002741441427358058	-2.3195079200310617e-005	-1	
-304.97491672833939	159.03589838486286	0.00027450105309519238	-2.3233383182465097e-005	-1	
-307.93075568691472	153.66969787790731	0.00027476134209391618	-2.326597491813214e-005	-1	
-262.33797553148861	165.91726717092115	0.00027358274478404024	-2.3093139138954743e-005	-1	
-282.99662877044062	170.35382778382308	0.00027304977977054694	-2.3087706292377507e-005	-1	
-274.85366528735153	172.95149486004283	0.00027246922316660576	-2.3033855938122776e-005	-1	
-251.25429490821702	161.97580058291388	0.00027475603706610336	-2.314889523297581e-005	-1	
-185.6927873611898	-105.95348744929183	0.00020565341652621489	-1.9954095201536639e-005	-1	
-180.61765919507951	-99.311458998451414	0.00020689600057097827	-2.0052736235810978e-005	-1	
-183.96540063423905	-115.36227244597256	0.00020155910786364862	-1.9704107931296306e-005	-1	
-192.68328258634654	-119.30024581908329	0.00020257258444195914	-1.9735911784656599e-005	-1	
-147.84544329876394	-33.405311996818185	0.00023623279626814488	-2.1968844570017001e-005	-1	
-143.5640896095781	-46.088878242943821	0.00022341715036591439	-2.1288359671719454e-005	-1	
-147.73106567044317	-57.327949307814492	0.00021709670331202964	-2.0883128978284904e-005	-1	
-141.73505653397564	-25.239285585954761	0.00024176771559210303	-2.2314323028804918e-005	-1	
-142.60361645798724	-13.729830104255237	0.00025514767410973906	-2.3012063717577424e-005	-1	
-154.67644896603792	-72.673707844475018	0.00021059945839922673	-2.0435045906727685e-005	-1	
-155.68913989842858	-82.902625792960833	0.00020566652858532489	-2.0119781535592439e-005	-1	
-162.4826533184941	-90.616540540531687	0.00020459073322617215	-2.0005781748920961e-005	-1	
-167.26634857596963	-104.18449516713046	0.0002004743082559906	-1.971443845982986e-005	-1	
-199.14001786716094	-133.69840686435109	0.00019940655552724926	-1.9516355196551192e-005	-1	
-213.61432369643126	-163.52412491936931	0.0001942703359963125	-1.9156778998064999e-005	-1	
-232.04595514555308	-170.62585025093085	0.00019632957238865313	-1.9258160683567886e-005	-1	
-219.70702494249815	-170.7551430300866	0.00019375173595557869	-1.9113576184856891e-005	-1	
-199.82459704159135	-151.21786389619587	0.00019432761736121231	-1.9190910394136157e-005	-1	
-191.72996240600648	-142.7610610910113	0.00019468424946650432	-1.9236303752450784e-005	-1	
-204.33649780610375	-161.69913775773901	0.0001926033926471401	-1.9068948089724805e-005	-1	
-241.85883660896965	-170.75337076298234	0.00019818651590581307	-1.9362017830798885e-005	-1	
-283.77077374386653	-193.97742476694037	0.00019955666122451325	-1.9421798015989636e-005	-1	
-263.156790742373	-189.22447586704217	0.00019745426259964346	-1.9301333605057269e-005	-1	
-270.68165244822075	-196.53341605048772	0.00019700885364575156	-1.9271259600966662e-005	-1	
-246.4864803541299	-183.51619557209702	0.00019591795254516751	-1.9217802124595151e-005	-1	
-304.0522787249426	-186.66665553502193	0.00020397666506194155	-1.9682782740421689e-005	-1	
-300.97491672833803	-191.96410161513785	0.00020239242351996307	-1.9589179628339989e-005	-1	
-297.80557024680127	-197.20703349623761	0.00020080687316027159	-1.9495146324232637e-005	-1	
-291.70507174195359	-196.99046358866642	0.00020001992516511372	-1.9448525699504257e-005	-1	
-206.07562982191766	127.3174877643401	0.00029484569414492997	-2.4312199852331861e-005	-1	
-219.87632728320392	132.86165846414482	0.00028783807949522746	-2.392408858544918e-005	-1	
-212.25732824633261	134.57604335527813	0.00028968439895724491	-2.4000142533828877e-005	-1	
-224.66848095092283	139.02798030976402	0.00028456860189766519	-2.3723775784414054e-005	-1	
-223.02601447741003	148.29721431137813	0.00028185514949420685	-2.3529485232563207e-005	-1	
-229.47133380034742	155.15828229811774	0.0002785379030422287	-2.3334373370108872e-005	-1	
-239.89357997605583	160.06631343134788	0.00027593669748468601	-2.3196486610521479e-005	-1	
-157.81412630117057	78.56787186572133	0.00035482036471260587	-2.8195252332671139e-005	-1	
-165.63554600018387	93.964259037620195	0.00034186250124603748	-2.7218928636106623e-005	-1	
-155.92837225889943	88.656653895394228	0.00035813221983011889	-2.8263093899497573e-005	-1	
-191.93192966590325	124.78590490494443	0.0003029645189154324	-2.474192268374687e-005	-1	
-190.28325121443069	132.54870070629349	0.00029946098279781701	-2.4484121820966713e-005	-1	
-182.72150404949977	134.95683672891602	0.00030159930827686692	-2.4550617166283818e-005	-1	
-169.98217067049333	132.26491712306449	0.00031090519849384857	-2.501393249653016e-005	-1	
-161.99866854232059	122.8546814884085	0.00032623230352910406	-2.5903529531269093e-005	-1	
-156.12492577230208	110.42932980018215	0.00034496557014038459	-2.7115857914652805e-005	-1	
-155.74335455203644	98.918493866780437	0.00035436058280832977	-2.7865628912976207e-005	-1	
-197.8701684257687	130.22107820294462	0.00029720202846678003	-2.4402343342555736e-005	-1	
-141.15750058844978	41.901117894743173	0.00034436786963997206	-2.7809796863709201e-005	-1	
-145.72542114747984	53.591695960357661	0.00035655464202370148	-2.8521919760519784e-005	-1	
-154.65684085843191	69.846794381057009	0.00035715192946876817	-2.8439187423930932e-005	-1	
-140.13617517642683	16.491209193438713	0.00029917601619342497	-2.5302199161798174e-005	-1	
-136.68538637555369	29.355390054506163	0.00032442996136547328	-2.6661046093637063e-005	-1	
-143.31109398901114	3.8717484523130921	0.00027883731571937245	-2.4233447486810166e-005	-1	
-298.78455880783974	169.60946936122986	0.00027367911175282057	-2.315065304190828e-005	-1	
-295.55192548890534	174.81361901849345	0.00027310014636584915	-2.3099530001582925e-005	-1	
-288.63291400954745	173.99272475786796	0.00027284687882780885	-2.3076098401983224e-005	-1	
-254.11220399694835	171.49393681064117	0.00027246546781373686	-2.2997778948349687e-005	-1	
-268.63779634038031	178.81824027465535	0.0002713115918786207	-2.2941424959203768e-005	-1	
-282.36357634617866	177.03278931331425	0.00027217607037276068	-2.3019730025991417e-005	-1	
-275.824000815734	180.11606754214577	0.00027142420058363069	-2.2957694620013337e-005	-1	
-237.42022199075407	171.31773490724902	0.0002727288767865003	-2.2975203927784208e-005	-1	
-176.39828090788643	-109.51011053217904	0.00020140996185013721	-1.9727542479038374e-005	-1	
-180.10021114779269	-123.85429267251449	0.00019737622861340032	-1.9452237500406948e-005	-1	
-186.33874727676078	-130.79221485870917	0.00019690464119004081	-1.9397703472964858e-005	-1	
-137.13978858474727	-34.344466870971189	0.00023038201870550468	-2.1738264697967234e-005	-1	
-133.15074116179724	-44.155794051507769	0.00021934716585242893	-2.1159856898902053e-005	-1	
-136.03454383829094	-57.635433574456172	0.0002109134199073399	-2.0627390023647646e-005	-1	
-144.44446654623397	-68.557438866160112	0.00020839354101629575	-2.03855533860245e-005	-1	
-131.53620444295686	-25.174248798358754	0.00023675644972882142	-2.2134702477100099e-005	-1	
-133.59437574848766	-16.090997222118432	0.00024868499068909092	-2.2737661601998165e-005	-1	
-133.40737618151675	-1.3055444705236301	0.00026924303118876713	-2.3783248591249967e-005	-1	
-146.30387906455459	-78.710587577301013	0.00020364709069281927	-2.0067987374407241e-005	-1	
-149.70840940051721	-93.276461736654099	0.00019820258899042652	-1.9685621563361994e-005	-1	
-157.42949003163568	-100.4332922608971	0.00019834895907844456	-1.9637405098586063e-005	-1	
-168.91570626008792	-114.62642920067944	0.00019703766914456599	-1.9482045589205616e-005	-1	
-160.22046732621888	-112.06548016556556	0.000194853219653042	-1.9388120249463732e-005	-1	
-207.53943140458793	-169.91182864443439	0.00019123430678297658	-1.8974222909359731e-005	-1	
-237.19697687787374	-179.38910859733357	0.00019518499303358176	-1.918092698681917e-005	-1	
-220.97377668829711	-183.02955768794783	0.00019103255507178524	-1.8939251912662903e-005	-1	
-211.45574198737535	-177.8092704236345	0.00019018331527624065	-1.8899593060117152e-005	-1	
-188.78079098132773	-154.08991855667153	0.00019065995309956575	-1.8982838348475295e-005	-1	
-182.05514586398587	-146.29077442893319	0.00019092637249057304	-1.902292794253963e-005	-1	
-179.11705214786559	-137.13747752684941	0.0001927803931186448	-1.9155903782686919e-005	-1	
-197.25509792058082	-169.19178445356005	0.00018891002701555191	-1.884542820443637e-005	-1	
-287.63067348326751	-201.53603982959893	0.00019845093964088843	-1.935493555498449e-005	-1	
-281.34519812278756	-204.54259711849491	0.00019688464491736396	-1.9261367232450176e-005	-1	
-251.90660999812087	-194.88329902891644	0.00019425785343624098	-1.9111573825320079e-005	-1	
-261.31835397719243	-203.25037268869238	0.00019401466918667832	-1.909200623174596e-005	-1	
-270.75100499224101	-209.86958408925864	0.00019412573434397101	-1.9095994642555404e-005	-1	
-236.284203840993	-189.51306864840947	0.00019262278621713107	-1.902180705202596e-005	-1	
-242.854532736664	-199.35581780434234	0.00019162710915860201	-1.8954457954762435e-005	-1	
-294.54520469397278	-202.39385413048078	0.00019923926669438964	-1.9401817987040589e-005	-1	
-204.25402972181431	135.21569113141879	0.0002922520798866927	-2.4117022730226643e-005	-1	
-216.90491314257031	141.14539541392864	0.00028585659676366704	-2.3767125649941394e-005	-1	
-208.88997748276779	141.86458816101256	0.00028770238849970352	-2.3843375314585192e-005	-1	
-214.05072347411334	154.35752721599172	0.00028098891422494637	-2.3430344453700156e-005	-1	
-227.55623848274993	166.13509252116296	0.00027483652161893878	-2.3083873350332072e-005	-1	
-148.91078294390326	81.167125782339028	0.00037231646513436763	-2.9264827711981294e-005	-1	
-147.80704198484807	93.642816787603351	0.00037220386553955625	-2.9033802186783781e-005	-1	
-196.3381968631879	138.75623723362455	0.00029329456519410521	-2.4127802493563725e-005	-1	
-190.36399984094709	145.87858325485931	0.0002910096361953296	-2.3934584369981351e-005	-1	
-174.76857194552625	148.65669639224791	0.00029392824345734038	-2.3990613476947416e-005	-1	
-168.63882541742333	141.55187855170757	0.00030284381051625211	-2.4480372596683056e-005	-1	
-159.61884741137919	138.96494488102135	0.00030981423959036203	-2.4796287608255094e-005	-1	
-149.93056930801376	118.28798663683756	0.00034419659008520375	-2.6861108844927384e-005	-1	
-149.37052737401353	128.27872696551901	0.00033062162858305206	-2.5927357278559034e-005	-1	
-147.24667390133922	103.09301027350041	0.00036637918812571348	-2.845593196516179e-005	-1	
-131.94605692908775	39.549746221349025	0.00035065750864615361	-2.8140994749075824e-005	-1	
-133.17890092262954	53.938602272289529	0.00037966677863455366	-2.9939377068353086e-005	-1	
-142.83498850686166	68.033974657488898	0.0003788759852668678	-2.9851777590165881e-005	-1	
-131.67601274637641	20.827716393156567	0.00030930491319252018	-2.5827360236324225e-005	-1	
-132.40108546488599	10.964181946314234	0.00028985672106363877	-2.4825237388997803e-005	-1	
-125.47347982159181	28.531197914399744	0.00032858535409174356	-2.6799374028018622e-005	-1	
-292.22895958070399	179.96055882801264	0.00027241182333721537	-2.3042276809009617e-005	-1	
-251.96614471163105	181.19738934842027	0.00027012643956298728	-2.2834528410324731e-005	-1	
-273.02692360403256	188.54722971860178	0.00026985574572524566	-2.2842437721811013e-005	-1	
-266.71962415872213	189.31768260358263	0.00026920037308600554	-2.2791456723528743e-005	-1	
-288.81667329084166	185.04872098206187	0.00027160222582342866	-2.2977973398392621e-005	-1	
-281.93052548287335	183.98685676973173	0.00027123373613511365	-2.2947961346758122e-005	-1	
-279.30709313061351	189.51423264423994	0.00027021637783102384	-2.2871914997880203e-005	-1	
-236.75916376076904	183.58897049537788	0.00026887672684969185	-2.2722559520048556e-005	-1	
-224.19521290305468	176.75871995254761	0.00027096748353834245	-2.2824980725136146e-005	-1	
-170.79747119867784	-124.57062132144259	0.00019417673026314675	-1.9285061684508564e-005	-1	
-169.84021247540684	-134.24166716455565	0.00019075279567442463	-1.9061424154528943e-005	-1	
-126.39494030947375	-34.141266785478933	0.00022395149525381041	-2.1502146677767204e-005	-1	
-122.56754012936715	-43.742882083588754	0.00021269470738343677	-2.0910027392612336e-005	-1	
-127.52916774373185	-52.406757146816723	0.00020931921524798433	-2.0637588246738367e-005	-1	
-133.91773500820966	-67.964186894778678	0.00020314045058570634	-2.0165084403791337e-005	-1	
-123.39729078850645	-68.660087890104961	0.00019622857619553362	-1.9858592392090526e-005	-1	
-118.58826504249794	-15.9107077238868	0.00023927478355500158	-2.239327724533268e-005	-1	
-115.52352811658757	-25.236140851499339	0.00022512254655935167	-2.1706852900043589e-005	-1	
-126.48285397993504	-10.077031271467828	0.00025288965901702152	-2.3004268961924041e-005	-1	
-122.83072296305296	2.3031111123348609	0.0002709530093738372	-2.3900741912038208e-005	-1	
-138.22977785912769	-85.141196676628468	0.0001964022870540806	-1.9674684952022603e-005	-1	
-129.31483930501236	-78.249421347758414	0.00019493694082402713	-1.9681775706663037e-005	-1	
-149.48726679112772	-107.3438927603403	0.00019233380240233193	-1.9293728590553984e-005	-1	
-138.90620792257624	-102.29055974421016	0.00018950795828608452	-1.9191884690017106e-005	-1	
-162.41040596683555	-120.93885410495619	0.00019250153981844115	-1.9217336404998234e-005	-1	
-152.36267507166522	-118.71169855441856	0.00018944858530707521	-1.9074008712334823e-005	-1	
-200.65747933597464	-178.92367941555301	0.00018739176855270292	-1.8738561635015959e-005	-1	
-221.61916963814767	-195.4764587152784	0.0001883252974759774	-1.8765777592973088e-005	-1	
-209.46125240286918	-192.73293438624515	0.00018630290005349612	-1.8651980924179047e-005	-1	
-183.78794008402409	-164.3127924421205	0.00018659507796580131	-1.8728450897827885e-005	-1	
-172.91147049571416	-160.97541025617451	0.00018429342852199063	-1.8610119629247026e-005	-1	
-172.08872531649916	-143.69627778405319	0.00018867759821202562	-1.8910926099597359e-005	-1	
-167.21691136867571	-152.587402728954	0.00018470732509220011	-1.8661284099531071e-005	-1	
-188.59932099945107	-172.0580040212248	0.00018598399076222587	-1.867398401673069e-005	-1	
-192.03233233155606	-180.05030531414747	0.0001849911584781854	-1.8599379277494983e-005	-1	
-291.19481320878378	-207.52298356205637	0.00019767798125613738	-1.9308430506077387e-005	-1	
-287.75541635293672	-212.59285940845248	0.00019611513955423724	-1.921459392649521e-005	-1	
-280.87503457518562	-211.49425400567807	0.00019533855444195066	-1.916805857423146e-005	-1	
-250.63589495169182	-205.78962919592502	0.0001916416523702105	-1.8950480821112109e-005	-1	
-261.27115762883159	-214.77368112168094	0.00019157092118480461	-1.8941943794969159e-005	-1	
-271.85829312511066	-216.12654316948232	0.00019299779551539806	-1.9027006591047674e-005	-1	
-232.86802529113004	-200.84349921654601	0.00018942419144209177	-1.882399010124801e-005	-1	
-231.96465215370046	-211.15816977727454	0.00018707704862742903	-1.8676187748309862e-005	-1	
-244.67603913482301	-215.01149847948994	0.00018865078178856732	-1.876713723836883e-005	-1	
-200.60937141137509	148.40562235416252	0.00028677153732507973	-2.3730935525242263e-005	-1	
-203.65910784219636	161.21419705468981	0.00027920105237663084	-2.3267165525421206e-005	-1	
-214.24483490818093	167.76721004131625	0.00027509463035650672	-2.3053035838397819e-005	-1	
-136.56302867128457	78.217541232780292	0.00040136968837488243	-3.1213120045461128e-005	-1	
-139.26398498171756	89.419784364198478	0.00039424791694803868	-3.0507795547438254e-005	-1	
-137.78022784619429	103.17405590840757	0.00038606407007096469	-2.9555590332594512e-005	-1	
-185.73727448319681	155.03723594787627	0.00028596512450675891	-2.3586078388147652e-005	-1	
-169.18972496763351	156.83578985305152	0.00028752939844865218	-2.3555910528482877e-005	-1	
-178.01664098751473	161.79588411986362	0.00028200155670469448	-2.3294065014937537e-005	-1	
-159.77569758363748	153.77030590158873	0.00029250165304981146	-2.3757440986535181e-005	-1	
-149.9993374126386	150.22053657182121	0.00029865648268465874	-2.3993663529477228e-005	-1	
-143.97300183873148	141.74342857213685	0.00031343054840364044	-2.4750420532388404e-005	-1	
-140.0318683430574	116.82365795469232	0.00036005363812831342	-2.763953039308957e-005	-1	
-139.33350618878339	130.8690903572768	0.00033499272310266503	-2.5938576974938585e-005	-1	
-125.22517407383994	47.372837997681188	0.00037907737634477166	-2.9774650954360666e-005	-1	
-114.49100165891056	35.064790694125513	0.00035385743259368018	-2.7959257205293618e-005	-1	
-126.58463820041291	60.187828251182793	0.0004072372560150416	-3.1707699137942404e-005	-1	
-130.87603979057735	68.195387091230387	0.00040908739215104507	-3.1850402866152563e-005	-1	
-121.06371441226059	15.089184285484102	0.00029622834601078762	-2.5113467086485868e-005	-1	
-113.38309477081413	24.392931305179566	0.00031867530544162141	-2.612320580178328e-005	-1	
-255.24373296903258	193.37218560629788	0.00026739412440421957	-2.2656212105539642e-005	-1	
-241.94366378956383	194.73083660003996	0.00026581808274647793	-2.253445667923905e-005	-1	
-275.66601185020011	194.32744054258819	0.00026911396657252972	-2.2791200534812225e-005	-1	
-271.23328351449311	198.52433273018778	0.00026791627732316995	-2.27050832624503e-005	-1	
-264.72284348936751	201.00642014159328	0.00026668236168334762	-2.2616951891701504e-005	-1	
-285.31610603477776	190.07655557715898	0.00027068201420523373	-2.2907488806596554e-005	-1	
-281.72832411920928	195.0425310861805	0.00026963697919471486	-2.2829981372110303e-005	-1	
-231.54450124036154	194.71675174956545	0.00026480272213736365	-2.2452027951328671e-005	-1	
-221.88256163024832	190.87101344876154	0.00026533970101789219	-2.2465686089662878e-005	-1	
-212.82930193181116	179.33520313349794	0.00026975560314531765	-2.271498690732127e-005	-1	
-156.67610096562586	-128.05575950484908	0.00018810580684611489	-1.8951312685912982e-005	-1	
-155.80330939227733	-142.57462723914077	0.00018349801508471384	-1.8635208376089641e-005	-1	
-116.16029912260049	-35.587685897470529	0.00021459435204483848	-2.1129504968487686e-005	-1	
-116.96533139544589	-52.703804631121223	0.00020141113186698733	-2.0314961336499466e-005	-1	
-106.91099144189872	-49.449096702626854	0.00019501624558871197	-2.0120022484008376e-005	-1	
-116.09074990109116	-62.330846762538464	0.00019465886201248703	-1.9881273772842621e-005	-1	
-119.23251186292184	-77.850677626659092	0.00018880091863979423	-1.9405549389311179e-005	-1	
-115.69339577490328	-6.5311529708002798	0.00025088847379258476	-2.2977052790839504e-005	-1	
-107.33374990716764	-15.808500861005585	0.00022848511895371497	-2.2001845152123973e-005	-1	
-106.25349433095452	-32.51926920916204	0.00020779589497133655	-2.0945692913757076e-005	-1	
-112.76642933276727	4.4423846870328596	0.00026855468824942404	-2.3791778796821513e-005	-1	
-128.25388600360932	-88.833730660463544	0.00018948125409673811	-1.9312410402477692e-005	-1	
-138.81228071920231	-116.09161732768555	0.00018460714677772787	-1.8841094409344608e-005	-1	
-122.37003619109679	-97.695645629507794	0.00018261657353937146	-1.8890920391373749e-005	-1	
-126.34819326447517	-110.65723792054487	0.00018036369425329909	-1.8663237942175177e-005	-1	
-148.85138209894541	-134.87104950048797	0.00018308321585789052	-1.8649124786531887e-005	-1	
-139.53550299334415	-130.30062287302064	0.00018062784776789532	-1.8542889002907537e-005	-1	
-194.01650868471344	-188.73136775225419	0.00018356500266412679	-1.8499835443629076e-005	-1	
-215.16215648986434	-206.66826457115678	0.00018459163634324346	-1.8533212626164895e-005	-1	
-195.9292029161181	-200.42045849866932	0.0001815472989552064	-1.8361950216931339e-005	-1	
-204.22549382744123	-208.44665160002791	0.00018183407988855426	-1.8367604332896601e-005	-1	
-175.27052244729157	-171.85529251583466	0.00018237139900442297	-1.846946909591064e-005	-1	
-160.62298601427872	-160.28849501178536	0.0001806393859779442	-1.8407187903328746e-005	-1	
-164.05835729407116	-172.10699439087031	0.00017899613115583818	-1.8275934425658676e-005	-1	
-150.02494220190829	-152.90901640292594	0.0001788141397114269	-1.8332730861604022e-005	-1	
-183.3504834047904	-179.51369933576814	0.00018284822265444788	-1.8477438019253209e-005	-1	
-284.22806180003204	-217.60193733637337	0.00019456802585969958	-1.9121350677345817e-005	-1	
-278.15753095600348	-216.96034571843276	0.00019379441267818707	-1.9074720416593626e-005	-1	
-261.13963733672279	-226.43739562908365	0.00018920302785675668	-1.8795749362650591e-005	-1	
-267.29608326400273	-223.77141437844364	0.00019072790226950379	-1.8888665005857936e-005	-1	
-274.6191864923627	-221.84957486216507	0.00019226167576921654	-1.8981768563429109e-005	-1	
-236.3784212094061	-220.52444729423314	0.00018602165007523708	-1.8606426902831734e-005	-1	
-216.12644521619791	-217.26714861335842	0.00018266593298011931	-1.8407561742728426e-005	-1	
-226.43517014262346	-219.91221686938943	0.00018422869037408156	-1.8499017940435914e-005	-1	
-250.62963941588634	-230.50372745466271	0.00018662968533998149	-1.8638653505490316e-005	-1	
-191.43439363884738	163.57130531797603	0.00027931588305864843	-2.3211673581605554e-005	-1	
-199.62035363397521	173.1471162439494	0.00027294746325365766	-2.2862938196860494e-005	-1	
-130.33384231136836	85.674738374920892	0.00042201540430531094	-3.2454244142181614e-005	-1	
-125.05889830479143	77.553914321779885	0.00043902420041539456	-3.386537529215666e-005	-1	
-129.43017780303933	95.316118360741484	0.00041776398473828617	-3.1792951832699942e-005	-1	
-127.39906403070091	105.83989260224523	0.00040716730685392449	-3.0515524233686644e-005	-1	
-164.35261089257739	165.47427530295516	0.00027940600640145109	-2.3047513494610962e-005	-1	
-184.64698309323543	173.59532352197755	0.00027269310402505827	-2.2780621210213222e-005	-1	
-173.52641966078701	174.06335370927982	0.00027190095795262992	-2.2676045670222467e-005	-1	
-149.19520279837926	167.67252967438412	0.00027554897380559359	-2.2706119926964249e-005	-1	
-140.11486245079882	163.04582913646556	0.00027990307984842666	-2.2844509156302572e-005	-1	
-139.93796934323342	152.85624388857795	0.00029544946542100191	-2.3669974865854074e-005	-1	
-132.54742271836443	138.70495967131109	0.00032307862538829494	-2.5029706324287043e-005	-1	
-125.2603592176589	116.3423298986537	0.00038656746239100015	-2.8702450830680022e-005	-1	
-129.60294957380216	127.2958502678394	0.00035169149554120524	-2.6632123463838381e-005	-1	
-118.71130054222988	55.654873331362012	0.00041684234065593147	-3.2176070901391981e-005	-1	
-115.03525204070002	45.780192320385126	0.00038928477565721624	-3.0092850077543187e-005	-1	
-105.40922073306814	40.777696758916861	0.00037972672341460593	-2.8901103932227851e-005	-1	
-97.509999392248702	33.342123964117455	0.00034264510015147873	-2.6456441853178427e-005	-1	
-121.7078409595716	67.955096624615251	0.00043946204820864113	-3.3960648499281768e-005	-1	
-110.96208565700942	14.572085650228308	0.00029020020817954598	-2.4750252871317715e-005	-1	
-99.473803708641043	20.544109783147853	0.00029635621004864911	-2.4713585997851801e-005	-1	
-253.72824111964238	205.44854091951441	0.0002642869055637566	-2.244921246192678e-005	-1	
-232.73057762220449	205.04806352127085	0.00026144419290683948	-2.2242732115589379e-005	-1	
-245.54842658965697	210.24699378806005	0.00026184742009356649	-2.2283392378383183e-005	-1	
-278.05442041726332	199.94513482487991	0.00026847577521427294	-2.2745974094522332e-005	-1	
-274.29551403559736	204.78287341266582	0.00026719376735441844	-2.2655235270741856e-005	-1	
-270.45274997350867	209.55427322750018	0.00026579300396860307	-2.255782171767416e-005	-1	
-263.68535360105733	207.89628240220986	0.00026512700601224066	-2.2511088583261852e-005	-1	
-217.08492940891219	200.04079431209692	0.00026101506774027592	-2.2188730915013008e-005	-1	
-204.77933135829474	187.76254978315427	0.00026522841911311233	-2.241366944821155e-005	-1	
-148.24289771563943	-142.40876024936995	0.0001807907637214143	-1.8488091164455572e-005	-1	
-107.12506896116219	-65.944902417027578	0.00018555211436950737	-1.9432714519656417e-005	-1	
-98.192395624168896	-60.517711443722888	0.00018045376861286038	-1.9311034930686587e-005	-1	
-97.423352853439226	-46.939299454326381	0.00018719194065092937	-1.9869724687025895e-005	-1	
-110.78753792268434	-83.372881747601923	0.0001807461164938669	-1.8959270943525031e-005	-1	
-104.10995083697674	-3.7436766822252565	0.00024350255236577287	-2.2717434426287545e-005	-1	
-96.818997000167073	-25.450482525697019	0.00020367515739223277	-2.0965903872626803e-005	-1	
-94.042559921397284	-10.330994662783382	0.00021863455580551174	-2.1758664940251665e-005	-1	
-95.485720547876085	-37.318491314609631	0.00019155884819494281	-2.0260087905549043e-005	-1	
-103.16182656185745	8.1326561292226263	0.0002667652260305637	-2.3676252777051947e-005	-1	
-113.68254918165698	-94.593240779586793	0.00017846879341251647	-1.8718292427197643e-005	-1	
-130.97274096145216	-122.50484954944152	0.00017906914382563141	-1.8507724273277851e-005	-1	
-114.67245524887041	-103.76479639300879	0.00017617506104972228	-1.8507286183785326e-005	-1	
-120.98325778965894	-118.11190488040783	0.00017544688425276397	-1.8346565045300995e-005	-1	
-113.07779080719047	-113.43663120707966	0.00017254345547998307	-1.8228826047355686e-005	-1	
-142.01846230827238	-138.11414263681658	0.00017952443517021036	-1.8439953902592848e-005	-1	
-129.49146301794173	-132.52451754781271	0.00017571121601929159	-1.8262658247599069e-005	-1	
-134.70640181511229	-140.04810677842843	0.00017606700697823634	-1.8239624013359647e-005	-1	
-177.6295855440369	-188.95604721802806	0.00017927721675679026	-1.8249650771739005e-005	-1	
-185.07304927489039	-196.49717585480374	0.00017967193868000415	-1.8258030286308462e-005	-1	
-186.58002096506891	-205.67934043033816	0.00017824017003015744	-1.8157464353770451e-005	-1	
-193.64450890353879	-211.73542168263427	0.00017877690543686371	-1.8180845841012898e-005	-1	
-205.70539588505071	-219.42768709382264	0.00018003731804549546	-1.8247416925927623e-005	-1	
-196.83372788478553	-220.03637827514865	0.00017796262314358362	-1.8121489161965441e-005	-1	
-169.96331676669612	-181.64153448904196	0.00017868200586015123	-1.8231921574983805e-005	-1	
-153.04556037036633	-169.98701675555813	0.00017597203747353354	-1.8108337637966194e-005	-1	
-158.92253366878501	-180.69019998885813	0.00017562860749879909	-1.8056276083388587e-005	-1	
-138.3093408308269	-153.31352694195922	0.0001744301221820148	-1.8083736863969144e-005	-1	
-141.26370196107689	-160.87329893293011	0.00017390723781035092	-1.8022432218488692e-005	-1	
-140.7352476801405	-145.56798769657073	0.00017714990635528695	-1.8271962772776794e-005	-1	
-280.61382401643675	-222.54869153215807	0.00019303077288487252	-1.9028308488886228e-005	-1	
-266.34214194004358	-230.67334042767484	0.00018921583171062082	-1.8795952150135475e-005	-1	
-259.77682825811388	-233.00641640082327	0.00018769993728833648	-1.8703136300699995e-005	-1	
-273.12912861465696	-232.24922085373311	0.00018997699667243123	-1.88422978244223e-005	-1	
-276.91380393399174	-227.43161516655832	0.00019150513910417023	-1.8935552850156101e-005	-1	
-238.24237302455629	-230.31059829965798	0.00018447029429896866	-1.8507493885591879e-005	-1	
-212.63149608072939	-226.62225183233687	0.00018016423093804196	-1.8248474879247625e-005	-1	
-229.43892583267706	-235.3561097730244	0.00018188933008787901	-1.834773240165017e-005	-1	
-219.38612576598473	-233.97803890866797	0.00018019464068142578	-1.8245001897046562e-005	-1	
-252.7109334030678	-239.75590184858379	0.00018524406992147152	-1.8551779638059402e-005	-1	
-246.86382211332423	-239.20735518798924	0.00018434225896169138	-1.8496515633873616e-005	-1	
-192.02181438846537	183.1954144713246	0.00026679040085713642	-2.2462913231955111e-005	-1	
-120.83225575260616	87.730193589107657	0.00045961648301650297	-3.5031520680122448e-005	-1	
-114.26973632870175	75.314461075050048	0.00048647146887320538	-3.7570095051416385e-005	-1	
-113.37886078366954	103.94452333942152	0.00046080879503970778	-3.3463682803210322e-005	-1	
-163.10770607041593	177.97952408774279	0.00026718045349897546	-2.2349337384496377e-005	-1	
-178.49668689374371	184.02239115997412	0.00026465961681933778	-2.2284221368500789e-005	-1	
-169.71991073304983	188.79243399669912	0.00025943265799016488	-2.1947660565219062e-005	-1	
-137.45296172287274	173.35296363527709	0.00026486783802471311	-2.2032796109870862e-005	-1	
-146.59027313329156	177.26441402558004	0.00026383992615277034	-2.2054959749247279e-005	-1	
-130.23154642630462	165.53158919235364	0.00027249335105924462	-2.2332427154721322e-005	-1	
-124.56489231234892	157.16292788148019	0.00028433411593001013	-2.2817922267483115e-005	-1	
-124.65878899408906	147.05666030158309	0.00030550186915291193	-2.3872408735405711e-005	-1	
-121.63261998139849	135.97407276256081	0.00033357492105706244	-2.5200244272710626e-005	-1	
-116.08850213839939	118.3300403460953	0.00039828945621592113	-2.872144023141417e-005	-1	
-114.20417691312036	127.52369432863176	0.00036435169448238063	-2.6461424728057933e-005	-1	
-113.16647114461904	64.614645906909786	0.00046408148715261873	-3.5540695322997017e-005	-1	
-104.70381236271552	57.974868422698073	0.00046787300204748495	-3.4872309863692133e-005	-1	
-99.603827776480927	49.941912666326843	0.00043431070273825374	-3.1469456319343314e-005	-1	
-88.150603066564699	31.79661914227211	0.0003199330927146741	-2.4664151207779431e-005	-1	
-88.680443926781663	47.553951874096384	0.00042048787442944616	-2.8357582646039996e-005	-1	
-88.298093867306946	10.054538737819627	0.00024654171198695352	-2.2731470520897621e-005	-1	
-84.37862320484524	20.686745892933452	0.00026692171268754086	-2.3015085153851282e-005	-1	
-254.98528261030899	211.18521770701435	0.00026310438802070645	-2.2372135344411997e-005	-1	
-222.75061103267925	208.70117581356104	0.00025855076207808686	-2.2047378371779743e-005	-1	
-235.31112382683548	218.63728385788781	0.00025758004283151149	-2.2002851774374978e-005	-1	
-242.16800185582153	221.03487271949035	0.00025824167116718827	-2.2050226095465271e-005	-1	
-249.14722277012959	219.02099981313376	0.00026013637152466439	-2.2175852793198807e-005	-1	
-266.52729877415624	214.25788085477777	0.00026428829054839378	-2.2454803540438654e-005	-1	
-260.52963618787237	213.12164670918747	0.00026353625333500172	-2.2403298287567866e-005	-1	
-206.58277987311143	200.20923189262433	0.00025942947723274842	-2.2068413570388218e-005	-1	
-212.13160543944491	209.127418419338	0.00025641736546048576	-2.1898794320207272e-005	-1	
-198.67253403769084	195.00138297625685	0.00026074836387103377	-2.2127052510019285e-005	-1	
-97.868894047199149	-71.114954399986061	0.00017561590372378188	-1.8901336019461337e-005	-1	
-90.288765214998676	-53.67814412104881	0.00017566108949604642	-1.9256113198149174e-005	-1	
-88.945312664935628	-65.389929783576846	0.00016952069892816691	-1.8731263849655422e-005	-1	
-83.59010210856728	-38.377510038862006	0.00017521076133295566	-1.9653958324351149e-005	-1	
-98.32389813620253	-83.57187563165698	0.00017150269301851505	-1.8511558184447956e-005	-1	
-104.69975689548906	-92.494005410324831	0.00017334166059890157	-1.8484303945663303e-005	-1	
-95.808922997766686	1.5696389130610078	0.00024141571532564239	-2.2661215615535882e-005	-1	
-89.640403710079369	-18.954042543658858	0.00020024913805134201	-2.1020800260092577e-005	-1	
-87.890120812509139	-28.102520211571466	0.00018861991306307708	-2.0410441530235116e-005	-1	
-86.322489665633285	-1.1035555126104555	0.00021873678574920759	-2.1882914960038891e-005	-1	
-80.046412959802041	-17.653552040691235	0.00018402464774097525	-2.0619667037358596e-005	-1	
-104.87481927409893	-103.45873650002136	0.00017033952295479311	-1.8206585090382344e-005	-1	
-122.01806743563111	-127.23789858674017	0.00017360919960863563	-1.8181070920454216e-005	-1	
-107.46425241036343	-125.07000180313653	0.00016682876053183596	-1.7820718243427612e-005	-1	
-100.52631755187853	-116.48747434939972	0.0001647756661893953	-1.7777127268866198e-005	-1	
-119.18034692766835	-135.91642900950578	0.00017026267130466406	-1.793831578384214e-005	-1	
-126.61607408939777	-141.21543925260781	0.00017238811510220266	-1.8027723705554535e-005	-1	
-132.29837433297143	-147.85947486987013	0.00017329249090315899	-1.8044586198734006e-005	-1	
-169.04377502538696	-195.16552635614991	0.00017571216215459369	-1.8026231572169596e-005	-1	
-171.49731098483332	-205.12331364833202	0.00017449563158381058	-1.7934237217170313e-005	-1	
-179.34094563807099	-211.5256126081664	0.00017534521822106132	-1.7974728417159162e-005	-1	
-183.19820772879774	-221.50838099410043	0.00017453254878423106	-1.791133210822606e-005	-1	
-201.74164192428643	-226.61259463004299	0.00017786028760795479	-1.8108332906693115e-005	-1	
-192.04562884381858	-227.52978241712867	0.00017554480098890026	-1.7965948715420776e-005	-1	
-159.83534331360735	-190.65086669343651	0.0001739589266924654	-1.7932557186142701e-005	-1	
-143.77642723619124	-169.79736792799403	0.00017292206854320347	-1.7932334122064533e-005	-1	
-140.90078019788621	-178.61118945148465	0.00017027514848767575	-1.7747604623239037e-005	-1	
-149.67219597798405	-184.49537478819701	0.00017202098589749011	-1.7833116138298465e-005	-1	
-129.72796462672125	-156.21559473997627	0.00017051693484983836	-1.7845942113579176e-005	-1	
-135.15945657391745	-167.40783935059164	0.0001703807595189211	-1.779218501930785e-005	-1	
-269.26095090719758	-237.00004110432099	0.00018846838090555047	-1.8749866904730211e-005	-1	
-265.3104490960153	-241.68262877245141	0.00018695792478962746	-1.8656952371029125e-005	-1	
-258.58259430403854	-239.87084591109925	0.00018620639433162932	-1.861081520136256e-005	-1	
-236.55981506327811	-242.58458160693144	0.00018190055229772069	-1.8345472966857039e-005	-1	
-201.78561991947137	-234.81822121802821	0.00017643350857104081	-1.8013766324007064e-005	-1	
-227.22126952246245	-244.66245013463026	0.00017981314896367689	-1.821585265565195e-005	-1	
-216.74458766161777	-244.13020255690213	0.00017789347808960936	-1.8097442366777245e-005	-1	
-255.30861528720499	-245.02293732428754	0.00018471970932839061	-1.8518757655929973e-005	-1	
-250.50678526250749	-248.7919442155557	0.00018323682374502497	-1.842665732352811e-005	-1	
-243.79471720187158	-250.66136380141813	0.00018175752990821789	-1.8334668445413581e-005	-1	
-189.60711698146602	197.74216627838172	0.00025761400409367937	-2.1916020667917256e-005	-1	
-107.73165384281616	95.422712793016956	0.00051787868789442376	-3.8448187972256685e-005	-1	
-105.6812107254534	86.613745342883732	0.00054896131336841037	-4.2394418539038924e-005	-1	
-100.35940222220614	77.243108294065223	0.00058386738261639133	-4.6337447750614628e-005	-1	
-102.74708609224834	67.286658973720563	0.00052756775757315411	-4.0361551606858187e-005	-1	
-108.438118909761	112.89445467754035	0.00043799777825612564	-3.0421214065918348e-005	-1	
-103.20716816788149	102.92037952551762	0.0005137138497240954	-3.5811588856258568e-005	-1	
-149.16512198616351	186.86441701264394	0.00025476039851503974	-2.1588436062530239e-005	-1	
-159.75469312140461	188.0999411146623	0.00025719034095143464	-2.1777796532845038e-005	-1	
-180.02761587730069	200.8907889144858	0.00025354798000030748	-2.1650424588322252e-005	-1	
-170.16913684977374	198.77157746370915	0.00025227262077392586	-2.1544776734098483e-005	-1	
-123.02164086399046	173.12759800231157	0.00025616941962139779	-2.145612858196664e-005	-1	
-131.84926805606071	182.40400525215497	0.0002506018636298363	-2.1263018218973028e-005	-1	
-138.58523514700363	192.09549009645926	0.00024429720008414276	-2.0980460905093289e-005	-1	
-115.92862245037129	165.42232851691995	0.00026237459442949381	-2.1643615246451038e-005	-1	
-115.1461088179371	153.4979615148246	0.00028578377611846107	-2.2652565117437725e-005	-1	
-111.09997030286742	139.93058042015505	0.00032020237375215342	-2.4016626318508807e-005	-1	
-104.772475239063	128.8161876169155	0.00036159699853734699	-2.5379967180862541e-005	-1	
-100.13402356314157	120.50280675117762	0.0004072690354237846	-2.6959584746743089e-005	-1	
-95.486688344793606	60.337673070123486	0.00051932354060136958	-3.7166502951147103e-005	-1	
-89.920455826490453	55.53252794116365	0.0004924329037577685	-3.2607961391815998e-005	-1	
-79.053707952845713	29.107124017612065	0.0002811264649561938	-2.270532791828451e-005	-1	
-81.666905254604856	38.721108106720088	0.00034094503617595806	-2.4078266575773353e-005	-1	
-85.16607369272252	54.823374645359387	0.00048781654454817084	-2.9702667376502343e-005	-1	
-78.937486656016802	49.664559474486985	0.00041140345194617256	-2.4323699573136234e-005	-1	
-77.477368586608833	6.2164667211558875	0.00021024787650734568	-2.1643581574869283e-005	-1	
-74.039033740111989	20.042037014303677	0.0002314464933071949	-2.1628936260710562e-005	-1	
-255.81494535591185	216.99910398058864	0.00026186194884043982	-2.2291005347691837e-005	-1	
-220.47332889370531	219.08187658988786	0.0002542895031310655	-2.178231206400416e-005	-1	
-231.77409288381142	228.7073923898277	0.00025367230585519765	-2.1755738488367264e-005	-1	
-238.12426439148743	228.93310407292986	0.00025513310387402472	-2.1851048179820222e-005	-1	
-247.6316476591598	225.82170707941304	0.0002581149903817839	-2.2044773001206872e-005	-1	
-244.17584202448779	230.87063654815665	0.00025601859000211986	-2.1909622087012515e-005	-1	
-258.43314270858002	223.45600957546114	0.00026089800310298789	-2.2228013438333455e-005	-1	
-254.26690340070368	227.94772882975428	0.0002590147564506157	-2.2104284523596809e-005	-1	
-262.52035616800202	218.89226353005049	0.00026265779557699015	-2.2344926246683673e-005	-1	
-199.22248844763004	207.70253731965971	0.00025435099756459698	-2.1748683093104799e-005	-1	
-203.13720009476668	218.49631697531606	0.00025029776339536235	-2.1515255286377358e-005	-1	
-211.69441451083139	222.07093101747725	0.00025104151165129639	-2.1573055139730108e-005	-1	
-88.507603754562581	-75.889279722327402	0.00016581568238706139	-1.8354842076106487e-005	-1	
-79.354261928982453	-58.535549144916622	0.00016157829783318667	-1.8532342807553389e-005	-1	
-76.081063024027685	-44.896191651175172	0.00016169640305564042	-1.8947621296695281e-005	-1	
-78.918852765886712	-71.590001561551034	0.0001579819079844061	-1.8050017024935527e-005	-1	
-78.587354361508076	-28.567998696521329	0.00017317847140149259	-1.9928091781695491e-005	-1	
-69.561280952924008	-37.388108028760719	0.00015432301924053524	-1.8965515873234195e-005	-1	
-90.790596312795699	-89.26067349291813	0.00016423038476275837	-1.8059916808823518e-005	-1	
-93.970113986717081	-98.149077445825284	0.00016449508998797851	-1.7954871186056361e-005	-1	
-71.752408776249254	-11.153643411418562	0.00017188503080508826	-2.0577320655313973e-005	-1	
-68.622450587306616	-1.0917012867015004	0.00017414284596391089	-2.0865194656980785e-005	-1	
-68.895914616324163	-23.340189072817939	0.0001581882944012589	-1.9731850749423005e-005	-1	
-88.903341960514808	-109.1687370554028	0.00015904793585899061	-1.7529996283891741e-005	-1	
-110.05041239147752	-135.79877126411432	0.00016597344428042701	-1.7696201625118519e-005	-1	
-95.305390853659063	-124.20415478533239	0.0001604306416079128	-1.7462824604508506e-005	-1	
-99.380150795530227	-132.58279214200377	0.00016125843619923988	-1.7445834163162772e-005	-1	
-87.165244924641641	-119.67168781989426	0.00015645580682127109	-1.7272344254697506e-005	-1	
-112.85163242609023	-146.58534488864788	0.00016530638898141367	-1.7591991644066176e-005	-1	
-119.66272591798958	-154.25179955944751	0.00016684135007450515	-1.7641560691168217e-005	-1	
-161.75202055381263	-202.37716162056225	0.00017236382752152489	-1.7810964459862645e-005	-1	
-164.43599183803474	-212.37933242253754	0.00017137900023024013	-1.7732603765449592e-005	-1	
-165.26147757935507	-222.70239862872322	0.00016991311685284223	-1.7626257900473852e-005	-1	
-180.69818874553121	-231.91434277411238	0.00017220424059701431	-1.775567111326627e-005	-1	
-187.54972212455607	-238.83356891015586	0.00017266349850467676	-1.7777267925840323e-005	-1	
-152.59938905942155	-200.07533539954329	0.00017016113313034759	-1.7682730862513106e-005	-1	
-140.68542168843319	-189.17125538766786	0.00016839115181698159	-1.7602860077217286e-005	-1	
-130.88374072509822	-175.26151901027129	0.00016743675202036677	-1.75890122965408e-005	-1	
-131.04280846747054	-192.27705347878003	0.00016477169567602254	-1.7374116008753466e-005	-1	
-143.22575743103357	-198.978021716418	0.00016756126725225612	-1.7527428481061582e-005	-1	
-120.42764900914662	-164.47825615200352	0.00016538954512602499	-1.7509118108924568e-005	-1	
-261.27882654223112	-246.29555749655935	0.00018546514375336319	-1.8564782747455262e-005	-1	
-235.7610547479924	-253.39847089482993	0.00017987253529503673	-1.8217006848613523e-005	-1	
-204.50979008438426	-247.11325042776801	0.00017494418396774171	-1.791282242383675e-005	-1	
-190.1230782504455	-248.22489672974274	0.00017173843995515087	-1.7711978241417999e-005	-1	
-222.43243384904454	-252.94454065147983	0.0001775063045490583	-1.8069598047344024e-005	-1	
-211.79812963347919	-257.3830582630128	0.00017474477375839791	-1.7895220268000468e-005	-1	
-257.16731131713016	-250.83742213386901	0.00018398296522735116	-1.847286700356628e-005	-1	
-252.97715582807905	-255.30683918841385	0.00018250987462195583	-1.8381114627834648e-005	-1	
-248.70963643703078	-259.70244723246287	0.00018103846652388532	-1.8289114691401864e-005	-1	
-242.81421094268742	-258.11911442690354	0.00018030780673846997	-1.8243480214176009e-005	-1	
-187.74524742517116	207.38069100932563	0.00025177895980596276	-2.1569868691014283e-005	-1	
-100.79495133475443	92.394230908653554	0.00058039128580468415	-4.4054011135783222e-005	-1	
-100.30299064193923	96.8734047855516	0.00056677959028251222	-4.1260597968193619e-005	-1	
-98.375518267568253	88.592735469202509	0.00061358585692721282	-4.8416104565392036e-005	-1	
-96.4079323655222	82.816380674222401	0.00063503208745639293	-5.1778478114148165e-005	-1	
-93.528089402174899	77.15013406870365	0.00065363735490345644	-5.40248579065816e-005	-1	
-95.344507373113345	72.603462973111547	0.00060973416094657943	-4.826081220597394e-005	-1	
-93.634535488945573	67.453984892743108	0.00058903382731614483	-4.4455375598503871e-005	-1	
-101.70244803114191	113.61349233212161	0.0004511897490107871	-2.978339256118311e-005	-1	
-98.463837335948767	107.66389754770448	0.00050518682885022567	-3.2775039623289313e-005	-1	
-96.553493649707605	102.0667015919979	0.00056396420029628284	-3.7526128505497597e-005	-1	
-153.99281912061659	197.07024460083503	0.0002476914544562828	-2.1230350990452128e-005	-1	
-173.03862519787054	208.15953538083954	0.00024693715190359774	-2.1251949076214561e-005	-1	
-180.73525861007505	214.25293766132393	0.0002458401643771434	-2.1208907036069423e-005	-1	
-156.54960400241976	208.06699082188018	0.00024044404165201485	-2.0840103864277656e-005	-1	
-115.07772919441888	179.95228520719454	0.00023953539876560103	-2.0601403275847173e-005	-1	
-117.1108715986198	190.77509340302976	0.00022916605396074483	-2.01175937712224e-005	-1	
-128.0948250515977	197.50376405104493	0.00023203877876790298	-2.0301967402542047e-005	-1	
-144.44129869978406	203.08971584275548	0.00023798911635083562	-2.06692716368732e-005	-1	
-104.31335602204108	162.61369151928025	0.00025360151963650413	-2.1032913119462822e-005	-1	
-108.38201892230356	171.2096134627283	0.00024457726092144509	-2.0748368824194122e-005	-1	
-101.58232490839708	149.43978055453837	0.0002802646249179458	-2.1930292023033039e-005	-1	
-98.846649194369363	136.26683329743918	0.000321601343335367	-2.3166045195962317e-005	-1	
-92.698736096125401	125.88183092586763	0.00036528609762200416	-2.3768879593865046e-005	-1	
-91.367854426031556	116.80184442977219	0.00043467658678011419	-2.5606189931757928e-005	-1	
-95.024789725253811	112.47544273584447	0.00047328473821149836	-2.8797773922441021e-005	-1	
-88.253714437595747	61.662985341241779	0.00056628828928241874	-3.7533871210204809e-005	-1	
-85.064830586301568	59.629287431110306	0.00055079356822575632	-3.2967479578980354e-005	-1	
-69.247634628170786	30.867355864455686	0.00024289965910501173	-2.0501340340525201e-005	-1	
-72.379496837697303	45.120553287558195	0.0003321969040336016	-2.0849418484782428e-005	-1	
-81.073749806893602	57.345265421010872	0.00051565598597096086	-2.759292577986195e-005	-1	
-75.19272661742923	52.586540221009045	0.00042026731983552562	-2.2049034520922272e-005	-1	
-62.475811993298699	6.6024055182813157	0.00016191868386201971	-2.0784902895222858e-005	-1	
-64.393732610982653	16.261702906605858	0.00018382837517194497	-2.0586785287788781e-005	-1	
-222.16069413217767	231.71377071535346	0.0002502701284128617	-2.1537814699783087e-005	-1	
-234.79194421555661	238.50678526250817	0.00025156692674256349	-2.1625633753074146e-005	-1	
-227.97337449420985	239.9398568565843	0.00024925495678396241	-2.1479031572349517e-005	-1	
-239.82663689395872	235.05499526794617	0.00025384239833270802	-2.1770318400655996e-005	-1	
-250.02290732122549	232.36605307173286	0.00025702172186276679	-2.1974755661726457e-005	-1	
-245.70244723246375	236.70963643703146	0.00025490244389237814	-2.1838474696338261e-005	-1	
-191.69139600522442	216.36932987279201	0.00024815566768816513	-2.1367056007321292e-005	-1	
-197.68481283426226	226.34978377549061	0.0002453027170003775	-2.1209521855216859e-005	-1	
-212.09525320363312	231.33608684213962	0.0002475888633398513	-2.1364985049217424e-005	-1	
-203.21025961671012	234.15202098505375	0.00024379546709231897	-2.1126992100773289e-005	-1	
-81.768143322034391	-86.484273035790878	0.00015770400578831088	-1.7757568196340089e-005	-1	
-70.725243326432292	-66.823961757391913	0.00015045906714539252	-1.7786528278260809e-005	-1	
-67.403943855904487	-57.945936025945905	0.00014775668913358876	-1.7908637855050671e-005	-1	
-66.472427127909867	-47.456073318692106	0.00014769400314013905	-1.8276825103852541e-005	-1	
-70.958607537226968	-75.848873864218859	0.00014976887130661832	-1.7534814171064675e-005	-1	
-73.183342006676014	-84.398674523765621	0.00015081947187086509	-1.7419537384603674e-005	-1	
-56.549602674100477	-43.928680812824624	0.00013322348077440496	-1.7778866800133343e-005	-1	
-57.962814105062748	-29.434347526100357	0.00013466367403054964	-1.8732958476307714e-005	-1	
-84.137407271782834	-100.30272427830306	0.00015722932126675403	-1.7530487053424098e-005	-1	
-61.23398668996343	-10.519518502256785	0.00014510366867538985	-2.0253992949425235e-005	-1	
-76.582163583753044	-120.82552723661505	0.0001499924701712887	-1.6874030089754681e-005	-1	
-71.986509569169911	-110.39876785336347	0.00014791678387831648	-1.6862106733689587e-005	-1	
-102.01932749408414	-143.5252633278298	0.00016085434533369875	-1.734812978547395e-005	-1	
-86.143077862729839	-130.26829720992961	0.00015457382416041973	-1.7067233830028952e-005	-1	
-91.17105575979167	-140.52227653502268	0.00015601649471532069	-1.7078041904392951e-005	-1	
-103.25481197695282	-152.79457301451393	0.00016006909025826892	-1.7247032333650591e-005	-1	
-108.97387275689209	-160.19314502338335	0.00016144707856847673	-1.7292128052245802e-005	-1	
-154.54520866998391	-209.31020698863648	0.000169196033403385	-1.7604711051220036e-005	-1	
-151.58625819870025	-218.86268665169573	0.00016689908457128886	-1.7445797110443227e-005	-1	
-169.25900772938627	-233.54346142747369	0.00016921256618291679	-1.7568295910345247e-005	-1	
-157.99042781766087	-231.54107868961393	0.00016672529307622629	-1.7415300747489543e-005	-1	
-181.57707630173684	-246.52425820571054	0.00017012039820021681	-1.761180372214863e-005	-1	
-173.11775968769928	-244.4346929111525	0.00016850433685892759	-1.7512205157307559e-005	-1	
-144.57696568405711	-210.10982400833512	0.000166240961217614	-1.7421549664626913e-005	-1	
-120.63387861305344	-177.63983787321814	0.00016339355050430521	-1.7336928270621961e-005	-1	
-121.30717363211797	-188.14044489124731	0.000162114879814848	-1.7223466667310742e-005	-1	
-134.89409106127252	-205.63724970313586	0.0001640317550048847	-1.7294270938182142e-005	-1	
-127.26699022140333	-200.745973557761	0.00016235507926500294	-1.7202069693708225e-005	-1	
-111.6365768932656	-173.53937527333343	0.00016062089921455884	-1.7183584202238036e-005	-1	
-237.82170707941248	-261.63164765915889	0.00017885591974156138	-1.8152162869941707e-005	-1	
-231.02099981313319	-263.14722277012862	0.00017740766239243371	-1.806093384462188e-005	-1	
-201.94037346107592	-256.65785004873084	0.0001729053910553475	-1.7779883776455054e-005	-1	
-192.82012546596212	-256.94186431681845	0.00017098410593454477	-1.7658848700410567e-005	-1	
-184.05652875379909	-254.87761898055538	0.00016943807630129804	-1.7562358920455693e-005	-1	
-219.50002383062599	-265.95450449530261	0.00017486123275934717	-1.7899958840455746e-005	-1	
-209.15996254293825	-268.60040817907878	0.00017251172382518314	-1.7750481014508726e-005	-1	
-244.36605307173224	-264.02290732122458	0.00017958641690827515	-1.8197967379007546e-005	-1	
-96.667501783994979	94.202319443182958	0.00061548703279755337	-4.6343363500895461e-005	-1	
-94.266339851077717	99.015344710897438	0.00060959754987511866	-4.1969619637323233e-005	-1	
-92.599080648612812	87.584012958492721	0.00068519193103599443	-5.6966317411956619e-005	-1	
-93.189389063870223	91.3293056860701	0.00066885951487537416	-5.3355856639833484e-005	-1	
-90.518586395348677	84.414277117369252	0.00071563433540358309	-6.1883179994060621e-005	-1	
-89.237174016761941	79.508022414632507	0.00072138130947651147	-6.298611771502685e-005	-1	
-89.398833084772946	74.519386159489073	0.00068825831407201793	-5.7342711217293955e-005	-1	
-89.363572526415965	70.800625554293063	0.00065692177730714821	-5.1717801665539107e-005	-1	
-88.211876304747648	67.264523242604625	0.00063181963210371718	-4.6301597046857885e-005	-1	
-92.076791251204071	108.88310587751043	0.00051914871751610478	-2.9824915743980043e-005	-1	
-93.534327783141748	104.39618410633237	0.000563181922980801	-3.4419712909170476e-005	-1	
-92.790713639578044	101.44755870881525	0.00060178968383527815	-3.8289590567180674e-005	-1	
-170.06394119676293	217.51469290635612	0.00024006121753308496	-2.0853713325683134e-005	-1	
-176.82523380938665	224.70414661876779	0.00023882181494881027	-2.0795642336495673e-005	-1	
-186.47446623483563	226.77673825150555	0.00024134074936753134	-2.0958788007378637e-005	-1	
-158.56904848987702	219.56785500233465	0.0002338156884084186	-2.0474856424442314e-005	-1	
-144.12043587371502	216.17716672390509	0.0002281911176076883	-2.0133591458144988e-005	-1	
-104.06883905605902	179.68548340599946	0.00022673835395338289	-1.9946344082301136e-005	-1	
-108.49684524181875	196.22231574917578	0.00021481453405590236	-1.9390244522229707e-005	-1	
-120.08563982234479	207.59213330034203	0.00021682471581653927	-1.9491374404950833e-005	-1	
-132.98290807884297	209.42135132638734	0.00022567455522094329	-1.9977707046354901e-005	-1	
-96.902652444492873	157.27993993487226	0.00025257350780384706	-2.0769252383976857e-005	-1	
-95.10907934876856	166.5392204596701	0.0002315504301661207	-2.0022694842913542e-005	-1	
-94.409394657321613	176.52115052717414	0.00021601767283727614	-1.9426474048208623e-005	-1	
-92.306894302147668	149.22010894122789	0.00026177544350109903	-2.0801953716380283e-005	-1	
-85.237345089747876	140.00287191717644	0.00027058128253515797	-2.029255549575722e-005	-1	
-85.525722291750739	131.60592681529141	0.00030762860350976246	-2.0984828881247165e-005	-1	
-82.292613582909098	118.54339481052918	0.00038756738244628911	-2.0985586750398343e-005	-1	
-90.557508430131733	111.19521738966621	0.00049427331103447643	-2.7613313964005162e-005	-1	
-86.204270628161026	114.47196680159355	0.0004484662605732088	-2.3793798386943685e-005	-1	
-85.866047835981448	64.596235348699977	0.00061875983808007504	-4.1180130629712039e-005	-1	
-84.573504490532628	62.535316787571389	0.00059641857188799208	-3.5999354565180444e-005	-1	
-82.381257137386044	60.052460548255198	0.00056090593237383807	-3.0211348316647402e-005	-1	
-83.097335067487734	61.502680963245503	0.00058524100220998883	-3.2252344721208314e-005	-1	
-56.485066937976022	21.472393512663707	0.00015543438500217777	-1.9393377479987828e-005	-1	
-61.631319517179541	35.635788503449646	0.00021265715264101034	-1.8306111430875622e-005	-1	
-63.723662635324033	44.374684656768437	0.00025640697989169002	-1.7715310800248326e-005	-1	
-70.146624549645892	50.224927899620994	0.00035336474836194023	-1.91581743986844e-005	-1	
-80.61091042332319	60.315831121560691	0.00056551154925986826	-2.8054915845231453e-005	-1	
-76.329834251831343	57.198284517631798	0.0004908083058427421	-2.3180869965957761e-005	-1	
-78.165962425562697	59.929610388362548	0.00054960655991917354	-2.5356550730328636e-005	-1	
-71.537591314509257	55.619885758035153	0.00042083552522100535	-1.8777777487007829e-005	-1	
-51.039336781715349	-4.231255668967961	0.00011545923995375566	-2.0600497703724472e-005	-1	
-52.631451224782339	6.8650965747080095	0.00012365875104618866	-2.0763632636823286e-005	-1	
-49.375318664388139	15.215415903173092	0.00011477523018262161	-2.0025865803960527e-005	-1	
-217.84859655451271	243.81221474079993	0.00024499016086918212	-2.1211649363326806e-005	-1	
-236.83742213386986	245.16731131713087	0.00025031333126077212	-2.1547210746711212e-005	-1	
-241.30683918841473	240.97715582807973	0.00025266734187925265	-2.1696013397219061e-005	-1	
-232.29555749656018	249.27882654223185	0.00024783944551444486	-2.1391922562169063e-005	-1	
-225.87084591110008	246.58259430403925	0.00024663940872981756	-2.1316332785562379e-005	-1	
-193.94305606505469	235.14777922332101	0.00024027407168252234	-2.0906458168300702e-005	-1	
-209.7381989621347	244.87119017973828	0.00024200072519337267	-2.1024778384333406e-005	-1	
-200.04889645108054	242.92005263827514	0.00023933471329110612	-2.0856973865551073e-005	-1	
-74.131332939407272	-99.207830458825725	0.00015020915212262019	-1.7144664212544873e-005	-1	
-61.366069497024931	-68.326039082991983	0.00014045909024602447	-1.720750063685994e-005	-1	
-54.18043171832803	-61.665006566513867	0.00013195846159118728	-1.6945276621078631e-005	-1	
-50.506418252091528	-52.581814973129539	0.00012605625726094347	-1.6976218895079266e-005	-1	
-64.60979358692569	-82.267289464294265	0.00014347807315240075	-1.7041923582625168e-005	-1	
-66.679818467192135	-92.249910273785858	0.00014499596735196121	-1.694628373901971e-005	-1	
-47.449889525191018	-32.558628720472107	0.00011535778357702842	-1.7734696680936184e-005	-1	
-46.023146730356238	-43.026864150804769	0.00011677350048218615	-1.6982564228293622e-005	-1	
-43.693627906897397	-22.25458995605986	0.00010233046780851437	-1.8325458000403941e-005	-1	
-50.302953161163821	-15.417032382229255	0.00011569831151890197	-1.9498843950121995e-005	-1	
-67.543538346566422	-121.99940678986444	0.00014459353226008951	-1.6525673703490054e-005	-1	
-73.945252669595391	-135.90656353714476	0.0001475493569370367	-1.6587453924807931e-005	-1	
-63.038464192041296	-114.07608386030556	0.00014198717002391923	-1.64476365260703e-005	-1	
-62.279207061437958	-104.43172293302305	0.00014149198301265233	-1.654261354507517e-005	-1	
-93.840223814163096	-149.97931961741975	0.00015615300974372917	-1.7025143089817464e-005	-1	
-83.71603059855606	-149.17370725936667	0.00015154261832999447	-1.6742896006881805e-005	-1	
-96.635416282840254	-159.39988334937556	0.00015634824692510195	-1.698465387569508e-005	-1	
-102.25650638819381	-170.41215460797693	0.00015738841708834816	-1.6996887245522475e-005	-1	
-144.46351906173641	-231.15177125398932	0.0001632648189234026	-1.7198011507244803e-005	-1	
-138.90878667134899	-219.78528434308225	0.00016326473033058538	-1.7217033100415483e-005	-1	
-161.21654095130552	-242.52209066050014	0.00016597038999331492	-1.7354136997732007e-005	-1	
-151.12585436758044	-239.52222885359197	0.0001638909360548302	-1.7226003774731495e-005	-1	
-176.18277392292052	-259.24405013253005	0.00016710615915839565	-1.7411237392175456e-005	-1	
-163.64242291308125	-259.27488235340712	0.00016431064734343545	-1.7232485256246051e-005	-1	
-111.84467452141371	-183.42481543283617	0.0001594206688423988	-1.7072127559824806e-005	-1	
-111.65959150411176	-192.46481879881927	0.00015826082788137418	-1.6969495617204703e-005	-1	
-118.53100149546827	-198.341862384753	0.00015984630215580062	-1.7052224303176007e-005	-1	
-127.84797839209209	-213.64438890070886	0.00016085889585366588	-1.7077835280061307e-005	-1	
-121.02326681249373	-207.31203535650161	0.00015955807636738135	-1.7010339416204914e-005	-1	
-96.567483336011719	-178.84760267981423	0.00015426357162570681	-1.6765104051849754e-005	-1	
-239.94772882975369	-268.26690340070274	0.00017814336208289372	-1.8106951583415305e-005	-1	
-235.45600957546057	-272.43314270857906	0.00017670128493841157	-1.8015644299158398e-005	-1	
-228.99910398058807	-269.81494535591088	0.00017598417915749262	-1.7970329834082328e-005	-1	
-196.84790381531118	-265.12945182263297	0.00017060764828930511	-1.7630829336834117e-005	-1	
-185.59779391970474	-265.4084827403554	0.00016826783870686787	-1.7481689495687227e-005	-1	
-219.1714226983031	-272.30018375261034	0.00017382690781467752	-1.7833229270760926e-005	-1	
-202.86957190162713	-276.41545384279641	0.00017016954833477479	-1.7599060874843247e-005	-1	
-210.95081155752433	-275.64015735505296	0.00017181072374747002	-1.7704197560675554e-005	-1	
-92.330385699172709	95.443649459427363	0.00065972825745543983	-4.926859015483289e-005	-1	
-91.669863183900731	100.17786205035424	0.00062741429633650782	-4.0683631070183025e-005	-1	
-90.945697431676209	98.479416338579711	0.00065356426229099028	-4.4734535097231148e-005	-1	
-89.45765874835611	89.707017924326593	0.00072952309300533828	-6.1926386007142025e-005	-1	
-89.603167777154411	93.521274743477562	0.00071185604979606709	-5.6845989710377491e-005	-1	
-86.222038480331548	87.682051395948861	0.00078904664942453082	-7.1559265092778712e-005	-1	
-85.399999999999991	82.700000000000003	0.00079874483354572679	-7.4422570065395212e-005	-1	
-84.577961519668435	77.717948604051145	0.00078747300183764377	-7.2275839623356229e-005	-1	
-83.755923039336878	72.735897208102287	0.00075197133253386474	-6.3978749914989932e-005	-1	
-85.769574346348179	69.844800869843638	0.00068983276703120573	-5.3832381601984789e-005	-1	
-84.748373996692123	66.472801541673007	0.00065597579595779863	-4.5607302096021361e-005	-1	
-91.089403189135794	106.29870173923524	0.00055520291347403846	-3.1218553470604063e-005	-1	
-89.426850788958362	108.08818733979614	0.00053695436557870855	-2.8686556737667377e-005	-1	
-91.2226137434848	102.73185757839778	0.00060161734594524775	-3.5409227015379123e-005	-1	
-90.686359687895802	104.34066545005358	0.00058459204493229941	-3.2750821928789986e-005	-1	
-90.770570054984333	101.6130300603039	0.00062054784843119817	-3.7238211361882225e-005	-1	
-164.21596487950788	229.78844051509756	0.00023066077214583023	-2.0305560577514607e-005	-1	
-178.30219455757705	234.46231803685302	0.00023458606630344449	-2.0552243606678099e-005	-1	
-152.65395964162536	229.50623167400991	0.00022491032219406295	-1.9961732385332547e-005	-1	
-140.98256053624527	227.76611923845783	0.00021905974071380428	-1.9618662611734288e-005	-1	
-130.56590624686578	222.22149465414364	0.00021527678233792223	-1.9402720373271317e-005	-1	
-98.723583938737278	192.15896871226283	0.00020637863356701058	-1.8987434714533162e-005	-1	
-91.972578743250963	186.38927075654132	0.00020157851403964836	-1.8790203186592014e-005	-1	
-110.00048150836712	206.30263118778859	0.0002082779403547838	-1.9043662638202092e-005	-1	
-100.53654100043028	202.58684540568211	0.00020057479935193463	-1.8668240377347159e-005	-1	
-120.39403831180817	225.58544006482373	0.00020547605981059859	-1.8856644070098687e-005	-1	
-109.62321000038418	220.45104452954911	0.00019896784018629297	-1.851791835951746e-005	-1	
-87.772140707777396	157.31442042444797	0.00023215381352449294	-1.979075014771719e-005	-1	
-85.382777195971215	168.89029106100827	0.00020761590561025773	-1.9053899394667292e-005	-1	
-85.147129578807693	180.70783349530717	0.00019454939957608855	-1.853204666793541e-005	-1	
-82.78542783084643	149.20323659449758	0.00023406286699650857	-1.9492727794637344e-005	-1	
-77.292696512413556	133.28197424047818	0.00026105979792837123	-1.8715418233154218e-005	-1	
-74.880768461926408	138.98836358795955	0.00022849603079477701	-1.8260145670339579e-005	-1	
-78.382028424915418	127.18331600360503	0.00029792284779976496	-1.9022059268185098e-005	-1	
-80.775273665899576	113.10508014071979	0.00044229131536985424	-2.0247501631638091e-005	-1	
-76.689091948837472	117.85192379298358	0.00035294064657007861	-1.8050497580046364e-005	-1	
-87.861334431936228	109.28140752351079	0.00052204161094357698	-2.6875930057148168e-005	-1	
-83.989714882000442	109.49366298239768	0.00051445346075882552	-2.3715464393612614e-005	-1	
-84.410102494849085	65.000204964821378	0.00063671159816981661	-4.1401003741290344e-005	-1	
-84.438519777573305	64.10112735081286	0.00062196521122527949	-3.9029799508764418e-005	-1	
-83.749838490266129	63.253034182068234	0.00061281786219738693	-3.6102549585663153e-005	-1	
-83.487888013821347	62.657712881673028	0.00060392387481745591	-3.4405420720541725e-005	-1	
-82.100849104924052	61.537670587122228	0.00058864861183015652	-3.0391719254003488e-005	-1	
-81.306420192658422	61.115100217413655	0.00058149540370681376	-2.9062342138705185e-005	-1	
-82.494029565334671	61.964275133411689	0.00059577896513819846	-3.1317421641120353e-005	-1	
-82.863291452033053	62.225363668811696	0.00059922481662089708	-3.2409389469106441e-005	-1	
-47.386418995015596	24.101631982166793	0.00011113159192753152	-1.7985582756457383e-005	-1	
-52.72595732262193	34.435484422693179	0.00014965138104127025	-1.6468095026793233e-005	-1	
-54.958219923878268	48.506655962720124	0.00017689965347920399	-1.4239418202459352e-005	-1	
-60.709077406102217	52.522817059296578	0.00025433528916494986	-1.4807053629469102e-005	-1	
-66.735333375895252	55.126825917491104	0.00035233881767900594	-1.5886247258470311e-005	-1	
-80.728900409339886	61.368752433922694	0.0005869985649464203	-2.8310679132868166e-005	-1	
-79.736647027947726	61.720812226145597	0.00059351032522540639	-2.7293733731309388e-005	-1	
-76.288221931597079	60.489147033340686	0.00054833160907030688	-2.3355121819145218e-005	-1	
-74.149295919176041	60.113621323325255	0.00051959903344631802	-2.0594528326917673e-005	-1	
-78.440267641855854	62.296086839156253	0.00060271772277326703	-2.6229955123572784e-005	-1	
-76.935858005914412	62.33835176375711	0.0005946391938951971	-2.4704800700798853e-005	-1	
-68.884816043494382	57.824316858571592	0.00041263498137667485	-1.5672679518333602e-005	-1	
-70.607816512009478	58.941369151363631	0.00045463262917304267	-1.6617674986658794e-005	-1	
-41.566807466474707	3.6945527351085405	7.6010769954055766e-005	-2.2378787705832712e-005	-1	
-40.410469123703344	-7.7937033982717256	8.1708269011258444e-005	-2.0676542933359969e-005	-1	
-41.725634841442172	10.545023034563885	7.5240926113283451e-005	-2.1639614408116277e-005	-1	
-40.81235637530871	17.862283669798494	7.3621585567646989e-005	-1.9868369405018764e-005	-1	
-221.93655354588179	251.24996274005329	0.00024399301173398392	-2.1152009617211257e-005	-1	
-214.42172516179482	251.57675208190744	0.00024134878234056005	-2.0987822918372833e-005	-1	
-227.6826287724522	253.31044909601604	0.00024527467017082186	-2.1231959943651821e-005	-1	
-190.78169289942531	243.91581087654225	0.0002354366600128454	-2.0616743056199287e-005	-1	
-181.2275327171601	243.56439825359661	0.00023173426975790372	-2.0388573930403381e-005	-1	
-207.82992058580015	252.8247083776894	0.0002386056432483956	-2.0818444758137697e-005	-1	
-199.65073088601008	252.79583033115679	0.00023558323692503546	-2.0631853290267403e-005	-1	
-55.195550740401714	-78.627843028062671	0.00013488154091779376	-1.6604086722561667e-005	-1	
-49.518128320428247	-70.282759840897342	0.00012847227805327054	-1.6427767070354816e-005	-1	
-40.270923197805004	-55.156975113455502	0.00011430532261847619	-1.606431573744775e-005	-1	
-54.146156602760591	-94.351274994274831	0.00013518821586700153	-1.6296390703347169e-005	-1	
-37.392689032013962	-36.933035473806243	0.00010081286337643607	-1.6351104182788966e-005	-1	
-37.830826811448006	-14.76707119432513	8.1507370728048064e-005	-1.9025403561045985e-005	-1	
-34.234498468383237	-21.27466947073108	8.126706337958147e-005	-1.7268981623080243e-005	-1	
-63.642631384384359	-132.22205489037975	0.00014215052702899926	-1.6270827212696672e-005	-1	
-58.44828686196081	-122.59197730518147	0.00013918510013462125	-1.6169863594723745e-005	-1	
-73.275882440352902	-149.5118617989464	0.00014652469761942662	-1.642214099320447e-005	-1	
-62.885562979514589	-150.58531583130923	0.00014148541030917442	-1.6083509982949318e-005	-1	
-57.908547556510122	-141.18289029480613	0.0001391158805388701	-1.5994919389369225e-005	-1	
-53.883236583786832	-114.63632646488709	0.00013612905033789983	-1.60554215621271e-005	-1	
-47.600546325238511	-107.9535226034772	0.00013157312568232342	-1.5837706421943417e-005	-1	
-78.759967343887169	-157.49382732122476	0.00014861592841175508	-1.6508246068402052e-005	-1	
-85.885137030606415	-165.50711416575317	0.00015114231832154471	-1.6626209979293084e-005	-1	
-133.48029422418404	-231.21260014232897	0.00016031711609931806	-1.7010210864065844e-005	-1	
-139.2207343722894	-245.54343825343184	0.00016013779007322264	-1.6978104597199025e-005	-1	
-125.7518142224401	-222.64792346360298	0.00015916123645475251	-1.6951843645783896e-005	-1	
-151.78533357817028	-250.02871322098699	0.00016271218592504931	-1.7138560224307893e-005	-1	
-178.495142488352	-274.37494254430044	0.00016558805538686934	-1.7305172251611454e-005	-1	
-165.13268225702689	-271.72640760791325	0.00016308229799074248	-1.7144681154241315e-005	-1	
-152.50955978891321	-265.04729196589659	0.00016106924962979994	-1.7018506125838125e-005	-1	
-96.680933516420382	-189.02153488508708	0.000153317910202567	-1.6666974863977608e-005	-1	
-104.30219723464795	-197.72073604930372	0.00015516328718345924	-1.6756856401895665e-005	-1	
-111.8599261687795	-208.95781110088245	0.00015648003184528085	-1.681025620699571e-005	-1	
-118.84539383170964	-216.50309667695839	0.00015782378563984484	-1.6878652583669811e-005	-1	
-82.511714870328248	-174.31258567489033	0.0001490922992006389	-1.6452997596330699e-005	-1	
-87.09233664661221	-182.55480683864931	0.00015030027941717974	-1.649644461592958e-005	-1	
-230.89226353004992	-276.52035616800106	0.00017527584223606444	-1.7925045953854002e-005	-1	
-225.12164670918693	-274.5296361878714	0.0001745631486434264	-1.787974090939793e-005	-1	
-189.84077642810371	-275.83153077582409	0.00016770027199823609	-1.744077404676021e-005	-1	
-220.57415253410554	-278.49760038767204	0.00017315541491970548	-1.7789704450705629e-005	-1	
-208.33632286299468	-282.4172996377448	0.00017035469934046241	-1.760978331392636e-005	-1	
-199.99991177801996	-284.00969967730373	0.00016857287310671307	-1.7494775724759549e-005	-1	
-215.24324245942253	-281.50021244063896	0.00017174983007444539	-1.7699513855936989e-005	-1	
-89.073210037202983	96.167561643171325	0.00070177150505235293	-5.2443887199814068e-005	-1	
-89.980781870531487	100.05360560051773	0.00064947931411342744	-4.1010697770547697e-005	-1	
-89.144150109868363	98.074989435632887	0.00068325023525300863	-4.7393812654046065e-005	-1	
-88.882962768494977	99.397507283260396	0.00067246141684347061	-4.3473415491493006e-005	-1	
-87.044076960663119	92.664102791897733	0.00076100444992834319	-6.4370742500763126e-005	-1	
-87.455096200828891	95.155128489872169	0.00073773449971539437	-5.8308750380517967e-005	-1	
-81.872536640641385	86.595571953561858	0.00082369701009369115	-9.6684338465454053e-005	-1	
-83.808616312460742	90.639109926249333	0.00080514181964041304	-8.8457800916354502e-005	-1	
-78.594424849228204	81.793990734716672	0.00082744185573045443	-0.00010387915305185747	-1	
-80.487043136251032	74.426459956674947	0.00079056698070664093	-8.7583642138844192e-005	-1	
-82.933884559005307	67.753845812153429	0.00069668496952216192	-5.0488503577210403e-005	-1	
-81.064379058587946	69.900816909959502	0.00073900774459630342	-6.9276977120942459e-005	-1	
-82.728374938922428	66.508332963166211	0.00067855202513592905	-4.5924556994323585e-005	-1	
-83.633096680524233	65.453426833748765	0.00065121659224634499	-4.2295050197491353e-005	-1	
-89.644932058066985	104.9167273092428	0.00058340378901217246	-3.1137816318768878e-005	-1	
-89.006963333014497	106.16508817561638	0.00056738190545059172	-2.9627632472099205e-005	-1	
-87.834960127771808	106.9303877052501	0.00055923484550287825	-2.8165476255777527e-005	-1	
-90.167676447510956	103.27399887570687	0.00060411958438347441	-3.3482646106239334e-005	-1	
-90.046499407981216	102.57834876917973	0.00061540682164635564	-3.4463653154923957e-005	-1	
-89.653352998917796	103.75782150420585	0.00060145099435663339	-3.2167302258769899e-005	-1	
-89.619300613668216	101.97455071676615	0.00062883292330223313	-3.5235583517568307e-005	-1	
-89.266444326447044	100.911347846469	0.00064788328132819113	-3.8195309298337569e-005	-1	
-156.35171456295575	239.69771056608502	0.00022165877342509457	-1.9778068120810716e-005	-1	
-167.18924655094577	243.05506418024137	0.00022556390872759092	-2.0014154367696148e-005	-1	
-145.56168404407097	238.64183421566779	0.00021607057958262889	-1.9448799031278392e-005	-1	
-130.78919541334366	239.1461673254243	0.00020623020375692345	-1.888190483526352e-005	-1	
-121.13046460380019	236.27378429256785	0.00020056749592946405	-1.856563640952337e-005	-1	
-89.79869520901687	197.84876543998595	0.00018952835560427425	-1.8178795566316009e-005	-1	
-83.965493816950172	190.23011397551636	0.00018556809685936457	-1.8072434200520745e-005	-1	
-102.2948139966287	212.93557337921555	0.00019601430747603229	-1.8391619341766146e-005	-1	
-92.410253951704789	209.29125183652565	0.00018678207112693673	-1.7948513925540696e-005	-1	
-111.93280360877908	232.15739056026607	0.0001951584755831349	-1.8274081424615187e-005	-1	
-97.859782639031636	222.44967824811866	0.00018651532116610261	-1.7849401964566478e-005	-1	
-76.06684288593641	166.9033701917852	0.0001860612456644709	-1.8290996728343025e-005	-1	
-70.571975393560194	159.12256574425763	0.00017667771359603982	-1.7955434586482357e-005	-1	
-77.652004542869776	175.74932687818915	0.00018295414317536895	-1.8142844571671964e-005	-1	
-74.734391298603768	184.25015515324304	0.00017207713407322201	-1.7613905382473192e-005	-1	
-72.592424432803398	149.02639954216011	0.00019651356714695401	-1.8106478759197633e-005	-1	
-72.694509418946225	129.13023342977647	0.00024737760638276574	-1.7307560456225705e-005	-1	
-67.479063489271084	132.1197958830839	0.00019884507545954845	-1.6119980685589023e-005	-1	
-65.939386833406914	141.16918789206039	0.00017436489393137935	-1.6706007540583726e-005	-1	
-73.728514232169616	123.20830857768473	0.00028625703480797968	-1.7215930161114727e-005	-1	
-77.166418584576107	111.60680049822759	0.00043201901142807042	-1.6928091043765603e-005	-1	
-81.367516870419124	108.30672477560854	0.00052595401562401404	-2.1478479461766425e-005	-1	
-71.355898686090669	113.79221838948486	0.0003300457527013509	-1.4372973884414436e-005	-1	
-70.42900740383061	118.05378308371805	0.00028190683098838282	-1.5357225447162599e-005	-1	
-86.5034286996177	107.36201131326362	0.0005545646612053586	-2.6847527992889785e-005	-1	
-84.846436163277872	106.31109724990947	0.00057604481346040651	-2.6065901966841661e-005	-1	
-83.799830213300581	64.339360171891713	0.00063090283838782056	-3.8910529542149881e-005	-1	
-83.389867577181221	63.794741155021981	0.00062468658859794095	-3.6804057319342708e-005	-1	
-83.107589611152363	63.150360523854445	0.00061507232213078779	-3.45118125195721e-005	-1	
-82.728252470652677	62.656972331599086	0.00060807302383573568	-3.2504146142688953e-005	-1	
-81.586894649222486	61.80680462589855	0.00059528916459388652	-2.9437411347365075e-005	-1	
-81.946979295047768	62.097050954110721	0.00060038828977331774	-3.0018006110925798e-005	-1	
-81.144059490269598	61.843632928979957	0.00059682410072374199	-2.8759350035258232e-005	-1	
-82.413190365161853	62.269301987882102	0.00060210900588428197	-3.1191936992524097e-005	-1	
-41.817442734822897	30.397726963121578	8.4594279206023166e-005	-1.5218666153405635e-005	-1	
-38.431230479757112	22.704361304358436	6.5379722670876942e-005	-1.7965485097810288e-005	-1	
-45.888058601082861	43.845177132262627	9.86007052917301e-005	-1.237992709881546e-005	-1	
-57.407354033302234	55.07960460458257	0.0002105891694140797	-1.3541918729948085e-005	-1	
-50.701502069183739	52.835615013018725	0.00011959700798384857	-1.2377562501446252e-005	-1	
-60.288386015767379	58.102549277949301	0.0002649603991787987	-1.2791699091643968e-005	-1	
-63.534186868207897	57.352842877539594	0.00031908294405486785	-1.3469103315984046e-005	-1	
-66.97077486005962	58.56794498300669	0.0003894351067310611	-1.377507386522336e-005	-1	
-80.580291233050232	61.981764554346697	0.00060028233066849383	-2.8068813515534173e-005	-1	
-79.482888133290601	62.530795086436108	0.00061202874285168243	-2.7144644490814144e-005	-1	
-80.226889500881711	62.455314765370744	0.0006112073850859525	-2.7657678643822944e-005	-1	
-75.115267161797092	62.058595257321052	0.00057127674062486624	-2.2185068499793598e-005	-1	
-71.685033803735777	60.884363408611669	0.00050178622572243559	-1.6928954843286776e-005	-1	
-73.273794978706377	62.100961794590987	0.0005492594760880059	-1.92076171935707e-005	-1	
-78.089024940610543	63.305430197643688	0.00062682314516213089	-2.6405106648560794e-005	-1	
-79.073781175763173	63.156787747054615	0.00062698848057032549	-2.7042253231183113e-005	-1	
-76.119512470305267	63.602715098821854	0.00062011618985800094	-2.4550030911748981e-005	-1	
-68.678944331118927	59.867391325491191	0.00043605711455523314	-1.377581895032344e-005	-1	
-70.389832327793229	61.152275452572383	0.00048569319556694446	-1.4740853249623936e-005	-1	
-37.343992782953023	7.2195345604376922	5.2825863948739538e-005	-2.34611355993957e-005	-1	
-36.088906626367084	4.1948157721354349	4.9827408705999697e-005	-2.4508672893525506e-005	-1	
-35.611993114845518	-0.44970356218530028	5.5240820161765833e-005	-2.3717128753868837e-005	-1	
-33.180377991060006	-4.7185140454647403	5.3419006182410227e-005	-2.2115823564288564e-005	-1	
-32.713863630211151	-9.372712967429262	6.0254597972395188e-005	-1.9718716209683093e-005	-1	
-36.922494516950429	14.12270467311164	5.003089879437376e-005	-2.1744292933937453e-005	-1	
-36.230435386910095	10.299170080183565	4.4486135831840554e-005	-2.2883901336171621e-005	-1	
-35.418755879675039	17.70559913618964	4.5331933309953861e-005	-2.0935536442488502e-005	-1	
-223.00004110432178	257.26095090719838	0.00024259278190705223	-2.1065847304070563e-005	-1	
-218.24922085373387	261.12912861465776	0.00023979619936873823	-2.0893515883142504e-005	-1	
-211.97442400465238	258.10034804463106	0.00023843725934565257	-2.0809523957250607e-005	-1	
-185.94237969225182	251.88159042532237	0.00023038727118531013	-2.0312912093740797e-005	-1	
-170.59356229281053	256.68384013454101	0.00022148882519583039	-1.9776745504406819e-005	-1	
-205.05690058048557	258.93368886009489	0.00023555908101497271	-2.0632998253383935e-005	-1	
-196.70180899597378	260.42497430497116	0.00023175014052018698	-2.0400365865006407e-005	-1	
-45.381159613004982	-80.983955405264368	0.00012643673493362162	-1.5993284992568367e-005	-1	
-39.386445969885102	-71.201649699040487	0.00011862843796219753	-1.5721770990045394e-005	-1	
-28.533596983935805	-53.597556915489761	9.9914736030077644e-005	-1.5004997500920677e-005	-1	
-27.545151567233415	-41.798421886805329	9.0596291901316606e-005	-1.5020832458601787e-005	-1	
-29.738114917306845	-67.975963148310598	0.00010831630441228326	-1.5039930103401097e-005	-1	
-44.811950692989612	-98.343369954289713	0.00012859151320996536	-1.577975957421265e-005	-1	
-38.6407475547893	-90.466343144131585	0.00012270708213084065	-1.5516491368164275e-005	-1	
-27.320671480667489	-30.816819646750009	7.9717075030436165e-005	-1.5241888073195533e-005	-1	
-26.218848246297377	-12.346161732327868	5.0120018256787413e-005	-1.671118606119861e-005	-1	
-19.33807416736726	-22.148960987804493	5.6654089990656857e-005	-1.366770922687278e-005	-1	
-52.635169520805398	-131.94342209675182	0.00013614314521007983	-1.5871529149630977e-005	-1	
-44.886308562334172	-116.79992129269102	0.0001307763100297959	-1.5662513827852222e-005	-1	
-43.408293837679764	-125.93454382872417	0.00013069271575099313	-1.5552248328279468e-005	-1	
-68.30378733057519	-158.6982273630417	0.00014383650015504981	-1.6189272347879916e-005	-1	
-54.124455730675159	-152.34242591920219	0.00013741637277901557	-1.5795731339315341e-005	-1	
-61.322663870990581	-165.51294701114026	0.00014064510617695512	-1.5936132976855345e-005	-1	
-49.055201665692628	-144.98395465736388	0.00013480381211560289	-1.5668164446695759e-005	-1	
-32.561377950422248	-106.65368856746326	0.00012167777346328748	-1.5143032729250044e-005	-1	
-74.532566822189239	-166.20680876600937	0.00014625001684530974	-1.6306902558647072e-005	-1	
-122.49725188415962	-231.30040072954296	0.00015728122267010043	-1.6814864797696411e-005	-1	
-128.61325284746215	-241.05875859236221	0.00015789337445684903	-1.6839191799920688e-005	-1	
-128.02504201312487	-252.56028127313502	0.00015654834837585147	-1.6736125198438436e-005	-1	
-139.62942247081349	-258.87834803104653	0.00015874141103171534	-1.6872740977453332e-005	-1	
-110.79939264925702	-221.45088445421771	0.00015491053153528523	-1.6680232642779931e-005	-1	
-173.84626530452687	-284.82640175824599	0.00016332601585655052	-1.7154164009613503e-005	-1	
-185.7614603255555	-288.21901065570836	0.00016528140983675371	-1.7280581009217141e-005	-1	
-164.03691383992896	-287.42149180139631	0.000161004424931809	-1.7001245321290499e-005	-1	
-154.68332561418703	-283.48852144919067	0.00015947254891550045	-1.6902355143646491e-005	-1	
-147.33844073834049	-275.80223029254842	0.00015869710058931085	-1.6855795507850491e-005	-1	
-138.89101948735504	-269.34719506471919	0.00015746375353471552	-1.6779442034265829e-005	-1	
-85.881271677697924	-193.1600208071994	0.000149118215855592	-1.6379717626411088e-005	-1	
-90.912312279237938	-202.57415232015995	0.000150189957996994	-1.6420066459977247e-005	-1	
-99.512117217085887	-211.13340923710189	0.00015234816555921232	-1.6537319217959247e-005	-1	
-73.65422339736547	-177.54695584171949	0.00014540675735236853	-1.6195947912595361e-005	-1	
-76.078678651687724	-191.68143411390278	0.00014564588937931793	-1.6154797688887066e-005	-1	
-226.25788085477723	-280.52729877415527	0.00017386170897100255	-1.7834786669115831e-005	-1	
-221.55427322749964	-284.45274997350771	0.00017245784637856635	-1.7744809012999958e-005	-1	
-216.78287341266531	-288.2955140355964	0.0001710643124833964	-1.7655088828144668e-005	-1	
-211.9451348248794	-292.05442041726235	0.00016967442695337221	-1.7565228764934749e-005	-1	
-206.32744054258765	-289.66601185019914	0.00016898422551123513	-1.7520653578748859e-005	-1	
-200.89467324155925	-292.44953910628823	0.00016761198823297052	-1.7431414924708083e-005	-1	
-193.94922270297258	-293.00388922549126	0.00016624238419916802	-1.7342210061651908e-005	-1	
-87.86611544099469	97.646154187846591	0.00070824325217551062	-5.0517514703947267e-005	-1	
-88.905535996241056	100.35334915290794	0.00066029277026206316	-4.0090192375355254e-005	-1	
-88.071625061077583	98.891667036833809	0.00069099282223188975	-4.5942648337596935e-005	-1	
-88.277134681160462	100.13717988582101	0.00067232118330400319	-4.1029306558725402e-005	-1	
-84.895206852141484	94.298088296104694	0.00077254352230294091	-7.6960912141552876e-005	-1	
-86.249198592164589	96.633523531602677	0.00073870984519413196	-6.3928636552032793e-005	-1	
-77.995856073011879	88.847227257723986	0.00080102068745106043	-9.3951193330916958e-005	-1	
-80.786027699522094	93.376446828058633	0.00078718767751335321	-8.8738374174395708e-005	-1	
-75.998994416483569	77.217844512553654	0.00078264972203037088	-9.0325668082581444e-005	-1	
-73.848875720993505	87.662169202647902	0.00073773551696497853	-6.7882478284311297e-005	-1	
-73.858082190153752	79.503918335497517	0.00075646272154745217	-7.8798514077328151e-005	-1	
-76.814246456907441	74.193773945357435	0.00077079762192062474	-8.6486932620276984e-005	-1	
-78.280784559089994	71.480954682810463	0.00075692668335255802	-8.0670257581626559e-005	-1	
-81.38234796735648	67.071783243853361	0.00069682349688423943	-5.4545331371208123e-005	-1	
-79.509368668308511	68.875189665853796	0.00072720922688370099	-6.8150139497354074e-005	-1	
-82.522865318839536	65.262820114178993	0.00065870286060692952	-4.0785002624124513e-005	-1	
-81.500646415638869	65.617386357125596	0.00067144380650646369	-4.6055681844933798e-005	-1	
-83.126736374587836	64.447174460541419	0.00063840543657881106	-3.8398937028615284e-005	-1	
-88.822367434806765	104.77536399391593	0.00059122484020106606	-3.0331119936823797e-005	-1	
-88.993194992490999	103.95840983859564	0.00060370220110225476	-3.1045865930917098e-005	-1	
-87.6994341497672	105.53722310892897	0.00058424921188648992	-2.8824818452917056e-005	-1	
-89.492235108894207	103.06810583622268	0.00061376547468480107	-3.2686837355132971e-005	-1	
-89.309920109264638	102.51110418082401	0.0006243807730804857	-3.3268839949423573e-005	-1	
-89.12878662011795	103.2819047138108	0.00061390814642095796	-3.1710754772443811e-005	-1	
-88.889434186799022	101.74463761472218	0.00064108900510239557	-3.4828930823272558e-005	-1	
-89.059795786207602	102.24018253780002	0.00063147865624809622	-3.3408603533910487e-005	-1	
-88.379889491201908	100.75993631031463	0.00066233954292355091	-3.8408532516931777e-005	-1	
-88.482644301243354	101.38269273480823	0.00065191240247592405	-3.5791374472605522e-005	-1	
-155.55199952071189	250.50974503315203	0.00021629114514313188	-1.9464189766210245e-005	-1	
-141.92180118601118	248.86963691919249	0.00020910745610843614	-1.904152457958328e-005	-1	
-132.96334159308557	255.00174072494659	0.00020082600327274094	-1.8555187900766162e-005	-1	
-120.91821511377761	250.14819078277716	0.00019445220906284539	-1.8193495380466842e-005	-1	
-113.35668818666522	242.68549742987076	0.00019172182171222442	-1.8054119878380399e-005	-1	
-78.062094785676308	197.79450215269424	0.00017215942374876843	-1.7389731876846263e-005	-1	
-83.798904545540196	215.36004646092752	0.00017355871780673748	-1.7236815216490561e-005	-1	
-103.15794021424907	238.70449672937326	0.00018473121364037372	-1.7676332269722216e-005	-1	
-92.242132672947648	230.58936739923772	0.00017755505298589882	-1.7323745711762261e-005	-1	
-69.006151028285188	173.29720449529475	0.00016331483519903885	-1.7569818441310418e-005	-1	
-60.619889119575859	161.76278639710605	0.00014202423407424497	-1.7292770252002405e-005	-1	
-62.839259655946869	152.32404431516571	0.00015139387484592174	-1.72343466029657e-005	-1	
-66.114335506384975	191.08153856799447	0.00015336153568929107	-1.6727144508012077e-005	-1	
-56.94097121309099	180.90007406489295	0.00013454327250002468	-1.6378405303508401e-005	-1	
-67.41844408453322	124.73215103002214	0.00021757361798403364	-1.5344003669692477e-005	-1	
-60.312915483971182	133.91626295857876	0.00014246901150177294	-1.4577798333328796e-005	-1	
-61.561923536056931	127.69617452030006	0.00015350060818950464	-1.3912626936673315e-005	-1	
-57.249167281581514	144.12590635647535	0.00012499165545984964	-1.6003754210007858e-005	-1	
-73.486263860801628	110.29335537406706	0.00040322670751044353	-1.3306611995981522e-005	-1	
-76.790138556153963	107.71744448144135	0.00049611677098208959	-1.4965958872889941e-005	-1	
-81.962018830665784	105.49046624025713	0.0005888349147244456	-2.3672945977537656e-005	-1	
-79.910749867489173	105.82427142904766	0.00056915830399915945	-2.0329754807095809e-005	-1	
-68.752626506730081	114.02764247761635	0.00028710092743185992	-1.387628117388101e-005	-1	
-70.137639480746174	111.8108453279176	0.00033015989817121829	-1.3056667942668848e-005	-1	
-66.099833749435462	117.52622591870616	0.00022561976446725936	-1.4169890087390235e-005	-1	
-86.450364315202037	105.18084987985876	0.00059594675085251393	-2.7983558288463094e-005	-1	
-83.794643045970744	104.51035464006405	0.0006159272998338813	-2.6448725546429585e-005	-1	
-85.303759107825755	104.40298290364207	0.00061641397436965181	-2.7635242205477817e-005	-1	
-82.705104931459601	63.633473157720566	0.00062685208454848367	-3.4830772832923318e-005	-1	
-82.485446227961575	63.134045341617444	0.00061876453819805963	-3.2646958180535125e-005	-1	
-82.412106317306268	62.787016249793766	0.00061239447276253858	-3.1588883044016398e-005	-1	
-82.394221217983173	62.584288542655493	0.0006084458547200392	-3.1279599061273145e-005	-1	
-81.529349454983773	62.065017086053636	0.00060092361949495268	-2.9225875646779097e-005	-1	
-81.718205340621893	62.250269828055352	0.00060439165171376761	-2.9441760881935049e-005	-1	
-81.925497621894337	62.431497463037935	0.0006075491187199387	-2.9713249172814562e-005	-1	
-82.119387606347601	62.384437982018753	0.000605709909847846	-3.0305807582299453e-005	-1	
-81.122659133895922	62.188530252437197	0.00060447881141562662	-2.8576031208482856e-005	-1	
-35.688524633444366	40.958730836553791	4.3049750465862631e-005	-9.7922615241563843e-006	-1	
-33.959166289032638	27.414138536858385	4.8050171124005376e-005	-1.4739580132647054e-005	-1	
-31.19942646231744	34.033097078293551	3.6082172756792681e-005	-1.0670006398527132e-005	-1	
-33.394008575456596	23.772012426730353	4.3249007923468317e-005	-1.6966991388380314e-005	-1	
-33.679874080118338	20.719897700288403	4.0946296811886671e-005	-1.9421347293672955e-005	-1	
-41.378517853898579	53.122952600457587	2.8063737863107557e-005	-8.5027513509361892e-006	-1	
-36.257928110032722	49.192331812094103	1.8300958429898706e-005	-7.3874754650539808e-006	-1	
-55.935803129273836	58.987683124658204	0.00018253079118732296	-1.2984632335276642e-005	-1	
-51.496126685031086	58.854593753098051	0.00010573210049746792	-1.2666712788843776e-005	-1	
-46.433922355340059	57.153866596660812	4.6306143269129769e-005	-1.0415080771275257e-005	-1	
-59.679624761715502	61.377712265662133	0.00025936797345975637	-1.1690500189974792e-005	-1	
-62.577290951729168	60.522920541753393	0.00032042432355052278	-1.1104403654673371e-005	-1	
-64.54858432045269	60.504991351358704	0.00036194173987196454	-1.091084675250302e-005	-1	
-66.078753457774781	61.538374827519576	0.00040509217440747036	-9.7629766006799593e-006	-1	
-80.803684062057471	62.490980666515789	0.00061187458186981556	-2.8074413450228148e-005	-1	
-80.058537410915818	63.008145296465536	0.00062485574149661672	-2.7485430103226009e-005	-1	
-80.550915528492141	62.933824071171003	0.00062283929053986791	-2.7664384668622667e-005	-1	
-74.150000000000006	63.900000000000006	0.00060429517869162218	-2.1225810657701731e-005	-1	
-71.273047478599381	62.136782803468975	0.00051874938899684417	-1.5464286647429774e-005	-1	
-72.18048752969473	64.197284901178151	0.00058025864345906939	-1.6744953070744976e-005	-1	
-77.420953557553332	64.45679178319044	0.00064667671100518886	-3.6494428103650843e-005	-1	
-78.743149598612447	64.302679802668735	0.00064964549067168082	-3.746838393296617e-005	-1	
-79.919347969905658	64.105339400581556	0.00064740088768882426	-3.7087437254090837e-005	-1	
-75.274922055426487	64.679956108725136	0.00063302184761762615	-3.2974006879021597e-005	-1	
-76.620711888411179	65.674273645966579	0.0006641760993930237	-4.5782761726247497e-005	-1	
-68.31220136122046	61.975367736938779	0.00045886160519673514	-1.0697666342200775e-005	-1	
-69.983418293115733	62.410906200250238	0.00050010144625605129	-1.2777608612140089e-005	-1	
-34.114861079044701	6.6746736170985015	3.4456428587635756e-005	-2.5218784018538681e-005	-1	
-32.992538614462028	4.1804177375133822	3.3553977196088495e-005	-2.7162027733916531e-005	-1	
-33.54944166302721	2.423144282124079	4.0740987609618285e-005	-2.6300202793265689e-005	-1	
-32.40961190995678	-1.4968854584139959	4.4540493641217486e-005	-2.4528171951555624e-005	-1	
-32.381951581595587	0.50876761562559458	4.0205704849601711e-005	-2.627408482222657e-005	-1	
-30.452484778077078	-5.2781593969878227	4.5534216441361485e-005	-2.1481883057260595e-005	-1	
-30.715185477993913	-2.5058692528681772	4.0234921331345127e-005	-2.3928992545945558e-005	-1	
-28.010111192593097	-7.3143206703778478	4.3064332606409503e-005	-1.929318706904372e-005	-1	
-33.071145249525969	14.637943882701618	2.6248255349478256e-005	-2.2723611493003869e-005	-1	
-32.1573913027134	11.240904355628501	1.5508555065670935e-005	-2.277182657532768e-005	-1	
-32.343955965953946	8.7590956443715005	1.9061779214223052e-005	-2.4533309367816379e-005	-1	
-33.061301898046807	18.716694327858221	3.4744968633578509e-005	-2.1314446284726682e-005	-1	
-32.904418524993005	17.197651866327224	3.0603187405510352e-005	-2.2382160063094056e-005	-1	
-213.43161516655903	264.9138039339926	0.00023691522346985805	-2.0716884608425688e-005	-1	
-183.92644194898642	261.75031583488681	0.00022582739153145941	-2.0040546685558538e-005	-1	
-158.76657895089642	263.85660759915561	0.0002126797570974105	-1.9250770456402284e-005	-1	
-178.72965615797975	270.37870871169162	0.00022040836437966734	-1.971527595466172e-005	-1	
-169.50432877485102	272.57594569269867	0.00021514663794901132	-1.9398987534015936e-005	-1	
-208.54869153215876	268.61382401643766	0.00023391015585718804	-2.0533498401088119e-005	-1	
-202.96034571843339	266.15753095600428	0.00023243215105211813	-2.0443217954613342e-005	-1	
-197.49425400567867	268.87503457518659	0.00022930752947996217	-2.0253526141524172e-005	-1	
-190.54259711849548	269.34519812278847	0.00022615137738004367	-2.006217898201674e-005	-1	
-33.968161069219995	-79.811965289013372	0.00011632774474618926	-1.529201668647447e-005	-1	
-17.219317191377097	-57.088070422500664	9.1144991059040532e-005	-1.3935638135449011e-005	-1	
-13.012447231409922	-47.906870243839251	8.0277492735079711e-005	-1.3323562576194603e-005	-1	
-17.02537603866557	-38.639260305531295	7.5544382398066859e-005	-1.3584896203187717e-005	-1	
-21.847296917553038	-76.484971249513038	0.00010540298606624974	-1.448632629678993e-005	-1	
-13.166617326923644	-68.783411055864107	9.4844838388399586e-005	-1.3776154146713235e-005	-1	
-34.805724296254503	-98.261316080740002	0.00012159026989189702	-1.5276568789133578e-005	-1	
-27.008315184011899	-90.27832962321213	0.00011410565967477821	-1.4860534791309547e-005	-1	
-24.832820495587242	-7.1879668455714807	3.4610770014163823e-005	-1.7447379078448347e-005	-1	
-19.428044078325193	-10.172658111558755	3.2954268842875353e-005	-1.3266444612807738e-005	-1	
-8.097173176708413	-13.951376401060358	2.9975356519759122e-005	-9.1597839497732717e-006	-1	
-9.5559474289780635	-23.756848522910065	4.8675003198060832e-005	-1.1301907274952499e-005	-1	
-40.721299036422124	-140.14909264107015	0.0001304319052636888	-1.5397866687705024e-005	-1	
-32.3579293438872	-119.45966986405146	0.00012367842613694022	-1.5115219426815443e-005	-1	
-32.843115817995795	-131.29863185526773	0.00012557538858198232	-1.5125924430672854e-005	-1	
-45.31957836099059	-153.86511124173555	0.00013341332706134253	-1.5505738594569651e-005	-1	
-51.333182467650047	-162.42027918935437	0.00013634110857407294	-1.5658125211727168e-005	-1	
-63.656388914662237	-179.94861373503647	0.00014137446922871265	-1.5913950286345763e-005	-1	
-53.378204550515882	-180.23771779360126	0.0001373836118893186	-1.5637460518846245e-005	-1	
-36.582936548732405	-149.16526706933976	0.00012915277227351703	-1.5233545690051569e-005	-1	
-23.137452713660117	-112.9085774228659	0.00011732635140305956	-1.4711106936260203e-005	-1	
-26.233460508016364	-99.670322830483002	0.00011613569377927413	-1.4829356369524685e-005	-1	
-114.18762723022373	-236.36305223632888	0.00015446302491410157	-1.6622691851300904e-005	-1	
-114.30367312776974	-246.09274059300938	0.0001535924651141175	-1.6550441979806872e-005	-1	
-118.23547949698752	-255.54034374121608	0.00015377206150416311	-1.6549785887564125e-005	-1	
-122.84510212857393	-264.71543804533053	0.00015409474660243094	-1.6561183397110801e-005	-1	
-105.79263329893163	-230.42949292311613	0.0001526183041492631	-1.6512283718470166e-005	-1	
-94.652672253353558	-223.68507056531081	0.00014984632168109924	-1.6343015945884847e-005	-1	
-179.87129551705715	-295.65140422745509	0.00016322250465508265	-1.7144420529023273e-005	-1	
-169.04429847630769	-296.24668118131478	0.00016102538763011583	-1.6999774170634752e-005	-1	
-185.37719699811774	-297.69460337446748	0.00016403497577615152	-1.7197411203439563e-005	-1	
-159.48616421026966	-295.83675461633231	0.00015914969669490335	-1.6875808514034013e-005	-1	
-149.50422243689215	-292.61107813995818	0.00015742381359715559	-1.676248840665378e-005	-1	
-137.46508727826873	-279.74472912407714	0.00015609474162301936	-1.668121681382175e-005	-1	
-129.13703754340617	-273.22041509688074	0.00015480339714497968	-1.6600313197667749e-005	-1	
-78.857336586602727	-201.19753146123543	0.00014618024723521715	-1.6158200149817784e-005	-1	
-88.266210409074418	-214.41542205072386	0.00014851855068009632	-1.6276525824336402e-005	-1	
-66.330810497029603	-189.87696325445961	0.00014216191063795797	-1.5926635010755428e-005	-1	
-62.116626473479755	-199.00259517391365	0.00014045013073725338	-1.5776057765808436e-005	-1	
-207.04253108618005	-295.72832411920831	0.00016830257873142712	-1.747618989499568e-005	-1	
-202.07655557715853	-299.31610603477679	0.00016693955075234765	-1.7387306779640202e-005	-1	
-197.04872098206147	-302.8166732908407	0.00016557845316668792	-1.7298210877932076e-005	-1	
-191.01903619307672	-299.32532848058486	0.00016490091275113414	-1.7253949458438417e-005	-1	
-86.78755549091737	98.463827547759806	0.00071130589932838874	-5.4580473502010383e-005	-1	
-87.474757823972212	99.629861099106634	0.00068873343967068253	-4.6813055113883943e-005	-1	
-87.560413374806345	100.57529438544466	0.0006746633174678949	-4.2648957731710536e-005	-1	
-83.037593651199373	96.935270660336855	0.00075346734056883026	-7.5030046235035797e-005	-1	
-84.780761975540258	99.649459640409191	0.00071047132781950099	-5.7058493262064381e-005	-1	
-73.531534147277483	91.96346005069789	0.00069776860601104493	-5.3259370356174114e-005	-1	
-77.717381964231777	94.159603354389603	0.00075446825788621499	-7.8781773895942572e-005	-1	
-79.973522923708302	96.382157912645184	0.00075118731844814345	-7.7371071576811849e-005	-1	
-73.827347076864214	74.96094697010254	0.00073689401712966572	-7.5164698697754276e-005	-1	
-70.197111869861033	89.957039440698253	0.00061292963719523116	-1.2016268839796543e-005	-1	
-69.400000000000006	85	0.0006179677301549161	-1.3207444427505713e-005	-1	
-71.250789789205328	75.783493654101022	0.00068376568295470562	-5.298987972053032e-005	-1	
-68.602888130138979	80.042960559301733	0.00060302589317032186	-1.086958139253718e-005	-1	
-75.400044047540675	71.453307944521015	0.00073406018857047155	-7.5698341422153739e-005	-1	
-77.658122042797828	68.668176407186138	0.00071915120271690534	-6.7765244113040504e-005	-1	
-80.431994083232695	65.964492712005338	0.00068086925018443476	-5.0107174505137059e-005	-1	
-78.928453330116156	67.105300989246771	0.00070073080972549065	-5.9042497673107431e-005	-1	
-81.707002534897768	64.55528190899328	0.00065113490777857718	-3.9493961042882112e-005	-1	
-82.317355698756643	64.017307265191775	0.00063726524168090405	-3.5319028266900246e-005	-1	
-80.712244288817459	64.876393244390016	0.00066088661079520528	-4.2783910950470533e-005	-1	
-88.148626207607791	104.28274963650044	0.00060449256057469624	-2.9816678357690686e-005	-1	
-88.247887488705715	103.49571329889613	0.00061832994666923566	-3.0080334517679538e-005	-1	
-88.709794240317322	103.32934045688162	0.00061713575231934256	-3.0844864723011042e-005	-1	
-87.356041353493097	104.24976103751831	0.00061030842721454168	-2.9065841400325404e-005	-1	
-89.025656236409986	102.71343167736958	0.00062435213372042547	-3.2086573643573314e-005	-1	
-88.961038678639227	102.51601464246153	0.00062828817328308695	-3.230593328377212e-005	-1	
-88.808864419393998	103.00721479856885	0.00062180837370914876	-3.1134341872615873e-005	-1	
-88.787510995044741	102.13202844051906	0.00063648702436195227	-3.3113532105644329e-005	-1	
-88.585399111284786	102.00544915930183	0.00064106425480995384	-3.3161408142213673e-005	-1	
-88.797299194047454	102.37030500074003	0.00063258650746536235	-3.2214438287969239e-005	-1	
-87.88736668962585	101.34907424799665	0.00065948444820753955	-3.794797676701301e-005	-1	
-88.210637192455124	101.85005510546432	0.00064797234909075036	-3.4682536418231527e-005	-1	
-144.99218884624804	259.28258150650731	0.0002066648430758278	-1.8894694216057546e-005	-1	
-133.21643925037691	267.76711207140028	0.00019632491344505679	-1.8279664547531803e-005	-1	
-122.98606818629668	262.96872129497251	0.0001912729177362141	-1.7987851994377944e-005	-1	
-109.36894238869253	260.12120136986869	0.00018250998931637144	-1.7482041559712997e-005	-1	
-108.04915469090093	251.88868001744879	0.00018416916475592993	-1.7599121740130742e-005	-1	
-68.468195871727701	204.5823597750865	0.00015563328831735398	-1.6510079279224352e-005	-1	
-72.798860168937921	215.50770893279321	0.00015954331713985352	-1.6528357343833507e-005	-1	
-74.47367757131957	226.38050834975553	0.00015966074805273298	-1.639592824264077e-005	-1	
-82.389733350252442	229.72753318986568	0.00016759345005116404	-1.6792793468185908e-005	-1	
-99.275152455145161	248.75758630822205	0.00017806901552105671	-1.7261829544483621e-005	-1	
-92.354475572639146	240.47875108535172	0.00017448664628059394	-1.7097508186410497e-005	-1	
-59.57252439969718	171.34017198752767	0.000138699244086828	-1.6989300881282321e-005	-1	
-51.760015469824999	165.70208793133185	0.00011449442077338879	-1.6855149037108518e-005	-1	
-52.686681987559581	156.1878709477356	0.00011100962512703196	-1.7231304560200127e-005	-1	
-53.580387265576235	148.75586819808717	0.0001095990866274998	-1.6762065918690885e-005	-1	
-56.70435902328903	191.16156986486723	0.00013582967660819348	-1.5977834212193599e-005	-1	
-57.797749029627603	201.73803269646697	0.00013914428122543471	-1.5777015542631128e-005	-1	
-49.192496696908883	185.49359078847601	0.00011973934441585682	-1.5515600060706012e-005	-1	
-44.04035742335244	171.33998783214358	9.7941014691341191e-005	-1.5921607788445114e-005	-1	
-59.443610680048856	119.97402863777364	0.00012832823650966286	-1.2580789278999776e-005	-1	
-55.386024269618957	129.91935612252138	0.00010067354665604177	-1.2278783156214456e-005	-1	
-55.20950947541543	137.6851843435403	0.00010977680238861783	-1.4358193994343696e-005	-1	
-55.612895045934749	124.92248956894763	9.0997091799785584e-005	-1.1341422400817254e-005	-1	
-51.910372335006478	139.9858130564898	9.2261642122151393e-005	-1.4660222632370232e-005	-1	
-48.591221168293444	145.59284510074102	8.2007791463675566e-005	-1.6525095456942391e-005	-1	
-71.120149652480237	109.70260709115448	0.00037106726970256962	-1.1784170894246439e-005	-1	
-74.028929831347213	107.31840736243963	0.00046199292126810834	-1.0357102665881377e-005	-1	
-72.241946032273034	107.53718499307098	0.0004245942857687145	-9.2461083080658165e-006	-1	
-77.812108262609982	105.33450720909478	0.00056142743883129777	-1.6427401554195782e-005	-1	
-76.295038330583949	105.38367107744708	0.00054070443160923092	-1.2620313037675188e-005	-1	
-75.056373742932365	106.0786393963305	0.00050499039412439488	-1.0225375020030227e-005	-1	
-82.644476204241641	103.52746287892352	0.00064116437854917123	-2.6575898865390156e-005	-1	
-80.650000000000006	103.8	0.00062720203665776546	-2.3601335085994752e-005	-1	
-78.65552379575837	104.07253712107649	0.0006044763618362573	-1.9185196262496411e-005	-1	
-66.294089688765439	113.13992221998014	0.00025025333480708519	-1.3457989224272326e-005	-1	
-68.740466157957414	109.95130199510754	0.00032103429711285888	-1.2069995446656127e-005	-1	
-61.06758378995638	115.68364239975631	0.00014998938570688405	-1.3327451724515144e-005	-1	
-86.524712802219469	103.88406553676359	0.00062288703361517046	-2.8599191565919125e-005	-1	
-84.638952408483277	103.254925757847	0.00064646013071104568	-2.8207240784885072e-005	-1	
-85.636190510604095	103.11865719730875	0.00064564795832748579	-2.861244422482964e-005	-1	
-82.214600888715196	63.394550840698173	0.00062579565268172763	-3.2528796148507849e-005	-1	
-82.249239456215193	62.909052250947838	0.00061580358227525985	-3.1091359920258539e-005	-1	
-82.163223483694466	63.083172628451365	0.0006198762394073183	-3.1189375444609296e-005	-1	
-82.221050635740028	62.716901154695755	0.00061207132494288906	-3.0578525274814697e-005	-1	
-82.176368336205272	62.59497860007486	0.00060980553635749904	-3.037367277079801e-005	-1	
-81.444070894932452	62.315442107077672	0.0006066409820767786	-2.8919217267183041e-005	-1	
-81.64289037510666	62.515111670531098	0.00061053634309760215	-2.8997488899381029e-005	-1	
-81.889607647149987	62.62776215812579	0.0006120403175924377	-2.9303104733149284e-005	-1	
-82.046609502592858	62.590052920776685	0.00061040209765385854	-2.9832550000337891e-005	-1	
-81.242723453420453	62.512562192464721	0.00061165338589032857	-2.847530608075083e-005	-1	
-30.156766695960624	47.083766302953535	6.9386653239685752e-006	-5.6382506246859081e-006	-1	
-31.424155110955311	24.738656492382312	3.6281693833576226e-005	-1.5682269186032273e-005	-1	
-29.708207497216133	27.018609065436323	3.1824816994908221e-005	-1.3341987183870227e-005	-1	
-23.386588406984885	31.277171918735135	1.6532843716812097e-005	-8.066312801794912e-006	-1	
-20.614753423870116	36.954816532397487	9.3935830131715854e-006	-5.1778927809283503e-006	-1	
-31.958086218425841	21.380028239293704	3.4520547694304536e-005	-1.8916053771446947e-005	-1	
-30.853064349765695	22.620029870310429	3.1702078785477344e-005	-1.7383687657673835e-005	-1	
-31.888025119592047	20.284463351781195	3.256990108389117e-005	-2.0235709709600433e-005	-1	
-35.402228330928672	55.590612596409578	-2.4108366022349017e-005	-4.8077238783844769e-006	-1	
-39.674364077796135	59.360038636851307	-3.993764534145136e-005	-5.8099991624750614e-006	-1	
-29.712741296525138	55.889700876649691	-3.9105513022679296e-005	-2.1926630757183667e-006	-1	
-56.859944458660685	63.740924029401178	0.0001916613523191443	-1.2949173969265381e-005	-1	
-53.180920053207345	63.728829576594293	0.00010501976913495376	-1.4671562524241828e-005	-1	
-50.11207241357863	63.822601133344079	4.0025541415193681e-005	-1.458418672811943e-005	-1	
-46.915764641077629	62.472345095993198	2.040645789355121e-007	-1.1616595201604366e-005	-1	
-43.114232549658112	61.336933071178883	-3.3014746276069213e-005	-7.9601071699575838e-006	-1	
-60.53657443104715	63.607661514569052	0.00028453440730038512	-1.0310685672444259e-005	-1	
-62.549605843758251	62.321294179821116	0.00032950797490003921	-9.6405598619613727e-006	-1	
-64.209433524910352	61.628555934751937	0.00036397965834194851	-9.5788818885541809e-006	-1	
-65.220261082255192	62.224918479253915	0.00039276727328103428	-8.5268979149374168e-006	-1	
-67.231111692743625	62.702476314535204	0.00044572353284581497	-8.1748284558897324e-006	-1	
-66.365278956136081	63.151125556107637	0.00043105120698979689	-6.5556146187925144e-006	-1	
-81.043293646068449	62.859502845876463	0.00062038185921821051	-2.7971252240461998e-005	-1	
-80.803480068970643	63.440870414097894	0.00063282027076139657	-3.2309885852568829e-005	-1	
-73.999069883954135	65.175922235463531	0.00062684380656678838	-3.3296674623180677e-005	-1	
-70.817606033116405	63.374062142361574	0.0005358065934872807	-1.3656009848929961e-005	-1	
-72.746227597688389	65.460779492040075	0.00061258519474947752	-3.0596239947042463e-005	-1	
-71.361926435364396	65.446970159714965	0.00058740503429805218	-2.4157233738145601e-005	-1	
-70.210975059389455	64.49456980235631	0.00054742316259309026	-1.0960997496340462e-005	-1	
-78.076451475467749	65.615357859485869	0.00067216191310577134	-4.7825152927328804e-005	-1	
-79.517165598996996	65.312120522541321	0.00067008742382999268	-4.632934268400257e-005	-1	
-81.348213334346752	64.04681514017463	0.00064320343980131328	-3.6839696992339879e-005	-1	
-75.225305944464068	66.093190185168993	0.00065843950065494451	-4.5392039698614488e-005	-1	
-76.224178190339813	67.253918234313559	0.0006880596367265533	-5.6892432414003072e-005	-1	
-68.806620194821491	63.094519085717138	0.00048793245106437487	-9.5616584032692593e-006	-1	
-68.082931034582302	63.177193365644982	0.00047289412377667659	-8.082049375760384e-006	-1	
-69.589496090928449	63.713597890539724	0.00051710021977523929	-1.0249591958340555e-005	-1	
-31.408756141917529	6.2772869331144996	1.8123917040771142e-005	-2.8015158706118189e-005	-1	
-31.164237548313423	4.4159303996717476	2.2605778231506067e-005	-2.993484933989374e-005	-1	
-31.759124024772646	2.8104398353345106	3.1348641436632547e-005	-2.8724078978931002e-005	-1	
-31.856273501856744	1.7242761476519186	3.5071022260291622e-005	-2.7878232928263943e-005	-1	
-31.618190288912171	-0.4962206656339227	3.9486792873550439e-005	-2.5849840598157707e-005	-1	
-31.189712115201765	-1.123358082545592	3.9159956936473051e-005	-2.532984578084487e-005	-1	
-31.449544558905281	0.82694990234781085	3.593907897305731e-005	-2.750766009386223e-005	-1	
-31.433940843392708	0.24062872661839924	3.7259463217393666e-005	-2.6822489600684446e-005	-1	
-28.958165810095899	-2.9283476762639298	3.4678906335173161e-005	-2.3250687863200467e-005	-1	
-27.160397725488327	-4.2501521883677693	3.2199073137677102e-005	-2.1012565429176307e-005	-1	
-30.162316010173818	-1.1527809272076386	3.5200767967569896e-005	-2.554998816389138e-005	-1	
-29.474625646374655	-1.7328725066529604	3.363163060485174e-005	-2.4829926264635253e-005	-1	
-31.479151313372874	16.649276294154763	2.1055045035429464e-005	-2.3991694249993951e-005	-1	
-30	14.963617422514005	4.7576342766309881e-006	-2.4900776431257235e-005	-1	
-30	12.481808711257003	-3.5738157655951511e-006	-2.1354521555781791e-005	-1	
-30	10.000000000000002	-3.8864667232601684e-006	-2.1780437801874565e-005	-1	
-30	7.518191288743	4.1262733710520983e-006	-2.7599403181484971e-005	-1	
-31.906728018786385	18.353816234615778	2.8534560541285082e-005	-2.2517178743285348e-005	-1	
-151.60696449484661	270.03014331393774	0.0002065037005435387	-1.888216502814676e-005	-1	
-157.26126404369717	277.6065223298553	0.00020707243582023159	-1.8914912620964943e-005	-1	
-178.25452894214246	276.23224337053387	0.00021825158603238522	-1.9585998958907714e-005	-1	
-187.53603982959953	275.63067348326854	0.00022278297924438901	-1.9859252990152472e-005	-1	
-163.11754197118407	281.90410507946029	0.00020879639467546464	-1.9017941878068917e-005	-1	
-170.38060357918002	282.01875555755925	0.00021250618530506527	-1.9240702510653103e-005	-1	
-203.60193733637402	272.22806180003295	0.00023083937860905461	-2.0346743809744901e-005	-1	
-198.59285940845317	275.75541635293769	0.00022766291385479788	-2.0154268663823909e-005	-1	
-193.52298356205702	279.19481320878481	0.00022438881719819004	-1.9956387896350023e-005	-1	
-6.5976928367502818	-58.459243994330379	8.3659339376509202e-005	-1.3043588018127453e-005	-1	
-6.0264899151874882	-40.431714526061576	6.7335602206750983e-005	-1.2173605404270725e-005	-1	
-3.1919274208980788	-50.262625373743688	7.4704740321524619e-005	-1.2435371686929851e-005	-1	
-11.092056504551934	-80.84307074701367	9.9629352168804079e-005	-1.3843669384668894e-005	-1	
-1.346962023873413	-65.615613242061301	8.5037942901810862e-005	-1.2870146587292012e-005	-1	
-18.074125272427825	-94.954902945932133	0.00010959166459119803	-1.438211323251464e-005	-1	
-25.078207371592736	-3.447892514449272	2.3358817947657724e-005	-1.9863150008669538e-005	-1	
-22.007248790379339	-4.5630508947234807	2.0430571795698107e-005	-1.5624407512506926e-005	-1	
-17.997613138398911	-4.1665064817749782	1.3634504398321422e-005	-1.0901354353360793e-005	-1	
-11.222713066885502	-5.911989103964828	1.4262622775457565e-005	-7.303209653228848e-006	-1	
-3.7409043556285004	-6.5066689067207584	1.3239322468952612e-005	-5.8078581178624112e-006	-1	
-0.96736960933914062	-18.8059256910066	3.501535254186996e-005	-9.0299459414514976e-006	-1	
2.6775082816490352	-35.0537996867793	5.5482293404054519e-005	-1.0799603778324412e-005	-1	
-30.375928452245077	-141.42637206484196	0.00012553781029980723	-1.5028480066279077e-005	-1	
-19.399034133613782	-127.93462121110939	0.00011824811752553482	-1.4600115812772267e-005	-1	
-20.541132259061623	-138.21668808813524	0.00012046300568102092	-1.4670696470334311e-005	-1	
-29.155980450876779	-156.21362818517736	0.0001264438043280729	-1.4985024389874002e-005	-1	
-33.414713644884905	-165.52503317481128	0.0001289276429671511	-1.5109264133547025e-005	-1	
-43.81228601663571	-172.31714420150212	0.00013347231671003104	-1.5400498434425679e-005	-1	
-50.195109942114165	-189.30755877393446	0.00013625143444621145	-1.5519315326635027e-005	-1	
-36.629657207035919	-182.44888278913839	0.00013108244874596053	-1.5179076792998243e-005	-1	
-22.589846360761523	-148.35710513682113	0.00012278169042720657	-1.4765329807301373e-005	-1	
-13.546034578083621	-114.17162309769826	0.00011239829415243284	-1.4295199053824514e-005	-1	
-15.383834370406614	-104.6735665516718	0.00011089208160375359	-1.4315450085913382e-005	-1	
-106.65567951740229	-242.52341471103648	0.00015184432127449425	-1.6439953912295904e-005	-1	
-104.74644230425669	-250.74452818670892	0.00015067394431054698	-1.6349792083299563e-005	-1	
-109.22210941879329	-260.38549249069115	0.0001510852921370982	-1.6364916368036853e-005	-1	
-117.7612908309346	-272.97512970833446	0.00015216146281783657	-1.6424007162562661e-005	-1	
-97.717156432128647	-236.7910746921084	0.00014980090464747258	-1.6313621126975002e-005	-1	
-82.806519781962464	-224.2594586581651	0.00014622145583803305	-1.609876515520802e-005	-1	
-89.150570825311746	-235.96860781356057	0.00014740586635794865	-1.6154365759940332e-005	-1	
-180.90945352725791	-305.85227454716369	0.00016223236953087156	-1.7077817610976894e-005	-1	
-173.94225224757088	-305.92078415920184	0.00016090336759360248	-1.6989860193294262e-005	-1	
-165.47391475941984	-306.48536174505819	0.00015921132466989668	-1.6877448254355263e-005	-1	
-186.52315592614636	-303.454498513163	0.00016356477376267548	-1.7165893190338554e-005	-1	
-152.71694139643688	-302.59719786607371	0.00015708685396958452	-1.6736589333119486e-005	-1	
-141.29621942011974	-304.13211619508979	0.00015461462141722786	-1.6570443360071857e-005	-1	
-138.8114887967885	-293.67754677423028	0.00015505955977913194	-1.6604400800142978e-005	-1	
-126.68325058641787	-283.51128558880367	0.000153325943745645	-1.6493868855506374e-005	-1	
-66.383713857044754	-207.25799781647004	0.0001416949971675775	-1.5834980036937787e-005	-1	
-77.136095593421487	-216.09881822001989	0.00014486302432030872	-1.6026520906011531e-005	-1	
-57.101917875915511	-207.71403607626823	0.00013859388622692551	-1.5618566773503379e-005	-1	
-52.068486229660067	-198.73542003616296	0.00013693309448400823	-1.5531831845173931e-005	-1	
-191.96055882801221	-306.22895958070302	0.0001642352813527957	-1.7209952380822708e-005	-1	
-86.453444179322389	100.12625829992825	0.00069184357869662744	-4.8941536164875692e-005	-1	
-86.892124811048348	101.23737193461861	0.00067114688525351921	-4.1541481788856363e-005	-1	
-82.705278978006362	100.97961946177386	0.00069229313961031861	-5.1300010562487063e-005	-1	
-80.730271882439155	99.40238872306125	0.0007124662763765508	-6.2025645231004602e-005	-1	
-84.20992954755107	100.99455729266312	0.00069001941259061732	-4.900822700319552e-005	-1	
-85.886032227429894	100.99243409543671	0.00068277974116132557	-4.5711406923773821e-005	-1	
-73.159581384605929	95.837185225604259	0.00064620783050719664	-3.5644050355625336e-005	-1	
-70.994223739722045	94.914078881396506	0.00059231010605627365	-9.1162393370816226e-006	-1	
-76.534624976651358	97.097460856342337	0.0007003649814084418	-5.9913763108469895e-005	-1	
-77.580515507571917	100.13040690801863	0.00067129921633866788	-4.982199715524425e-005	-1	
-72.079860988058755	73.209028379296029	0.00069105850350302219	-5.9497550167736777e-005	-1	
-67.740278192926297	92.894717289588513	0.00048034457808421364	-1.1594379471968696e-005	-1	
-65.143774370697372	88.227027308567514	0.00040917551871887136	-1.3432722129081297e-005	-1	
-61.939570765404973	84.012180092095619	0.00029751538221732651	-1.4020727705177021e-005	-1	
-69.8147099094341	73.491571953243579	0.00063391646949246378	-3.6102147882759553e-005	-1	
-67.805776260277952	75.085921118603494	0.00057427021110471031	-7.0219443928025948e-006	-1	
-64.739017441252415	77.513210526091314	0.00044232025033049993	-1.0545409531657926e-005	-1	
-75.646093367821152	68.757963725949082	0.00070331092926506438	-6.3995856466531769e-005	-1	
-73.12776862108943	71.18106637945246	0.00069427279780660128	-6.2169372065289203e-005	-1	
-74.070587403439745	69.095774115271581	0.00068791999424021332	-5.9889296794169586e-005	-1	
-81.903433920876097	63.765748874466844	0.0006349800867109681	-3.4697385284781282e-005	-1	
-87.782253766464976	103.57915157438981	0.00062065040380431555	-2.9532108738637047e-005	-1	
-87.923087870012225	103.12755168025433	0.00062857509161823983	-2.953217803534979e-005	-1	
-88.311192444710088	103.00885577118432	0.00062705153062807739	-2.9981292823480178e-005	-1	
-88.608227234094883	103.00799331845849	0.00062395721135885161	-3.059114349220103e-005	-1	
-87.32558113548788	103.45575458406351	0.00062679506460175817	-2.9144073061327829e-005	-1	
-88.808730262762666	102.78023548505008	0.00062569455565171517	-3.1223564382015686e-005	-1	
-88.809204557066266	102.64510673849119	0.00062796040617718065	-3.1393937357718086e-005	-1	
-88.76274202707458	102.53593467532818	0.00063031480399051445	-3.1493229266512599e-005	-1	
-88.679750034297882	102.82053565585414	0.00062650359857570283	-3.0696936685112854e-005	-1	
-88.636776516305531	102.31682737154864	0.0006354376552182014	-3.1891186551079275e-005	-1	
-88.430667612269431	102.19090759867699	0.00063995716960622026	-3.2682383577972543e-005	-1	
-88.662465218815896	102.47251647767204	0.00063257648094735002	-3.1305783316053412e-005	-1	
-87.647509686331119	101.8949261102441	0.00065329144616733763	-3.5651467630777608e-005	-1	
-88.09832646727898	102.23096492619483	0.00064306287644024874	-3.2921083942760802e-005	-1	
-142.86982395564726	273.64054461839777	0.00020024029189696761	-1.8508080867327953e-005	-1	
-124.0084296718418	274.31673845415543	0.00018834562125768825	-1.7800595538891292e-005	-1	
-131.29927539561515	283.0726670219529	0.00019033441882215432	-1.7911349130594259e-005	-1	
-114.04168070235218	269.49459753067839	0.00018305403885428883	-1.7493981651352697e-005	-1	
-103.91320116341137	266.42605149243775	0.00017672770883705682	-1.7126608659621566e-005	-1	
-101.34954463092389	257.83964335220026	0.00017705731347228965	-1.7171404833655831e-005	-1	
-59.862675031466821	212.58629121786942	0.0001429016991040847	-1.5699592193106801e-005	-1	
-66.143064683318499	224.26688508962584	0.00015043910714432739	-1.5915336801912276e-005	-1	
-68.889657289010401	232.91390194437776	0.00015275949160849448	-1.5938724952413268e-005	-1	
-76.407028640682398	237.99364597228569	0.00015973347647411563	-1.6287828476919438e-005	-1	
-84.478113899975682	244.23695910801882	0.00016628627082498489	-1.6612876233877736e-005	-1	
-92.730622462739333	255.38751769757343	0.00017082036655744409	-1.6816527186979187e-005	-1	
-45.547083498322678	158.43720582881113	8.7402049377838448e-005	-1.7605810048573322e-005	-1	
-47.912912083724329	150.42206702287191	8.5809472757663452e-005	-1.7611451868972054e-005	-1	
-47.870198788548549	194.40374126191401	0.00012131427200490175	-1.5112894371306028e-005	-1	
-47.955743384167633	206.74638144780076	0.00012573252772712855	-1.4885531259377582e-005	-1	
-40.344733272352826	183.8035210855202	0.00010169282890030616	-1.468042472205319e-005	-1	
-38.133735763648723	164.02700479260432	7.3173025607025654e-005	-1.6425660995511716e-005	-1	
-35.024128190712744	168.68000460062436	7.3448345601379456e-005	-1.5087831882753687e-005	-1	
-54.856161870926712	119.97804818440149	6.7960133371703201e-005	-1.0572709759233396e-005	-1	
-56.602690019632554	116.37210241222556	7.7861460718669099e-005	-1.1880226877830257e-005	-1	
-50.79683206458148	133.69996542294041	7.4270758056577951e-005	-1.194381352499254e-005	-1	
-49.461386926589164	130.42171469044715	5.6357136201457694e-005	-9.9834636454877296e-006	-1	
-49.31381586844234	136.91415342983561	7.1634971566407186e-005	-1.3041904401388394e-005	-1	
-51.469911725897511	122.1196633322245	3.9916178397581418e-005	-8.6057149302140353e-006	-1	
-47.968836190655914	140.78674449478629	7.1462650700750702e-005	-1.485622584712719e-005	-1	
-44.091519928644026	147.39247140885189	6.4073372198563116e-005	-1.8364540301526266e-005	-1	
-44.507516335451569	142.98337754333181	5.7491319234839168e-005	-1.6431944568332326e-005	-1	
-69.665915910720031	107.74488284987058	0.00036583847851167245	-1.0013466232776596e-005	-1	
-73.934627916220933	106.26941569966888	0.0004809485972532445	-8.1939458903896308e-006	-1	
-73.355143695711206	106.50890837962142	0.00046477278369538676	-7.8937558552964473e-006	-1	
-72.573447014896828	106.05844602686668	0.00045697045931036368	-6.1020446177299727e-006	-1	
-71.594585454737995	106.02462026036713	0.00043525733098657044	-6.3503618732273838e-006	-1	
-76.661047591516734	104.345074242153	0.00057309728500415803	-1.3381187244739487e-005	-1	
-75.237314560786245	105.07729452453162	0.00053152848159409888	-9.2359904442224366e-006	-1	
-75.663809489395916	104.48134280269124	0.00055405602291237256	-1.0050940987836769e-005	-1	
-74.117475440197566	105.66964450283943	0.00049723016434553705	-7.1277675202526738e-006	-1	
-74.51631421442822	105.20850001011014	0.00051539415885977925	-7.1619806084155384e-006	-1	
-83.487805555572805	102.26486209669734	0.00066808589711670049	-3.9258761971060435e-005	-1	
-81.458858733118845	101.82261000048557	0.000673069120636183	-4.4107067605973008e-005	-1	
-79.393810812759327	102.04121743761559	0.00065540081596361568	-4.023757937471992e-005	-1	
-77.505863021212392	103.09334885159434	0.00061275385417391623	-2.7019403729112096e-005	-1	
-60.43810821896971	111.16687382801652	0.00013788528433873195	-1.4232556075177524e-005	-1	
-66.494677223106166	109.12596888087045	0.00027925260053622471	-1.2360756702544805e-005	-1	
-62.958472271793049	108.34923229058164	0.00020100344243202079	-1.3739465023399433e-005	-1	
-57.982548544399087	112.32507196595645	8.7740917243802569e-005	-1.3886702364747326e-005	-1	
-86.633428612724913	102.98238863677051	0.00064263785971609946	-2.8848777348106602e-005	-1	
-85.005491653544681	102.22020744276715	0.00066569108081782015	-3.7891612289603093e-005	-1	
-86.082715251027736	102.00906215923564	0.00066410427164284949	-3.7912311590341371e-005	-1	
-81.9275751918547	63.281982338642543	0.00062527672092618823	-3.206036878043768e-005	-1	
-82.11184607867375	62.771794416204564	0.00061383837095631993	-2.9944869816625393e-005	-1	
-81.97223582156191	62.875700736019517	0.0006168365574051502	-3.0051853612708181e-005	-1	
-82.09999999999998	62.700000000000003	0.00061243734153618287	-2.9777251517326768e-005	-1	
-81.781860822432904	62.748021007934653	0.0006153198693495893	-2.8816160660599035e-005	-1	
-81.535671763644757	62.785181620581923	0.00061721456052993599	-2.8437363333655526e-005	-1	
-82.028049881221079	62.710860395287384	0.0006131642994192288	-2.9422814323825701e-005	-1	
-24.786563890122196	54.076803132237806	-2.7487844572736992e-005	-1.2085325702798764e-006	-1	
-16.514537458721989	44.103430399671744	-1.7043635691114295e-006	-1.6942981171616938e-006	-1	
-29.416719822921358	23.852695440403224	2.7911879259042735e-005	-1.5501433111759971e-005	-1	
-27.669024199693641	24.579407223738656	2.2916642905849894e-005	-1.3763461983474528e-005	-1	
-24.694008985249102	26.506871278446908	1.6936285547867454e-005	-1.0548769406261325e-005	-1	
-20.191768127463206	27.501163424470327	8.9648438567940773e-006	-7.0358578573339162e-006	-1	
-18.447046085617693	31.020192498108997	7.8691838507543926e-006	-5.4751733046435877e-006	-1	
-13.853012268983379	37.237526044043243	2.039141279498874e-006	-2.3804683832557121e-006	-1	
-30.860727147531954	21.348818467634807	3.0085839984342534e-005	-1.8802499263689321e-005	-1	
-31.141689439115478	20.646088678395287	3.0193103113261064e-005	-1.9821754920217812e-005	-1	
-30.136874454875844	21.569739823123559	2.7535204345801974e-005	-1.8231904223273523e-005	-1	
-29.133877958474486	21.981185224774119	2.4152846763212691e-005	-1.7176389286104558e-005	-1	
-31.068420356978763	20.157822687289901	2.9146529348699862e-005	-2.0598738084322137e-005	-1	
-31.204902579171012	19.339799198735552	2.799956262014032e-005	-2.1877211161732703e-005	-1	
-32.372116570952166	60.415354997416607	-7.7149127674605659e-005	-1.1582432235741282e-006	-1	
-36.893851958487687	63.138582485932844	-0.00010129032848244058	-2.1150255039167611e-006	-1	
-39.534138321778656	64.049279300583805	-0.00010416598909654215	-3.4451562710987149e-006	-1	
-28.123006749398812	60.892356785336744	-7.6035612173160118e-005	7.9198497919202082e-007	-1	
-55.005478380775095	67.956307702177099	0.00012236975714625126	-1.5924770130087698e-005	-1	
-59.522022396247124	67.095813082658779	0.00025926935177871305	-1.093580084270026e-005	-1	
-52.348653627302625	66.39536290337827	6.293104061140455e-005	-1.7337219912844638e-005	-1	
-50.980615069787127	65.449795981401195	4.00026160576947e-005	-1.6744416464432592e-005	-1	
-48.20525162995763	64.684377524722308	-7.4532706809914002e-006	-1.4110772098469109e-005	-1	
-49.901878696091764	65.655071602499419	1.3077959053174972e-005	-1.6984027444993102e-005	-1	
-46.719524769677484	65.025255997907493	-3.9185421701561527e-005	-1.2440034615300612e-005	-1	
-44.162808055627323	65.163327734104655	-7.9010900579475987e-005	-8.5614127686996776e-006	-1	
-62.603687690278399	64.805191957596918	0.00034470892538541055	-7.4837265379581103e-006	-1	
-63.694536373614831	63.989169394966936	0.00036939111708231487	-6.9062328068694114e-006	-1	
-64.283355465285027	62.799861267235251	0.00037541133885257797	-7.957036086635262e-006	-1	
-65.313707534593263	63.320189726528966	0.00040646794210754452	-6.3386129252710649e-006	-1	
-66.833970641406339	63.593111736628636	0.00044885490240508728	-5.4118952523285403e-006	-1	
-67.699823058719446	63.796700682824991	0.00047373274976080816	-5.82193807551605e-006	-1	
-65.887572179718788	63.981947803979729	0.00042906412407763716	-4.1748118580677464e-006	-1	
-66.444427490300171	64.106219730173166	0.00044568202302690951	-3.4956411308120725e-006	-1	
-81.331216363159925	63.098827719488717	0.00062432822834427649	-3.0317027198125267e-005	-1	
-81.547439365299212	63.457258413458852	0.00063069765164456486	-3.2968837472106901e-005	-1	
-73.73206269361097	66.432689760181191	0.00064460103564172922	-4.2466836137443276e-005	-1	
-72.479952946623825	66.716803982185866	0.00062864966380266616	-3.8680343584949509e-005	-1	
-69.886405212058591	65.680620818026995	0.00055978792265337207	-1.7962576940343002e-005	-1	
-71.245010876539951	67.068112668646194	0.0006100305881049738	-3.4058616485078283e-005	-1	
-69.226218824236824	64.643212252945375	0.00052744438086056136	-7.5436694454706406e-006	-1	
-74.742609203823761	67.423778106051486	0.00067405819740213658	-5.3316533229097971e-005	-1	
-68.263290060364156	63.882906947084592	0.00048921509900219607	-6.6580281786916032e-006	-1	
-30	5.0363825774859983	1.2762421707638296e-005	-3.2280928340831124e-005	-1	
-30.716391197385438	3.1750260440432476	2.5185792250815411e-005	-3.0843861702343116e-005	-1	
-30	3.7954782218574978	1.8751210895225315e-005	-3.2858097918134067e-005	-1	
-31.186930288362468	1.8821166667391547	3.201032935313471e-005	-2.9026149419537649e-005	-1	
-30.537463232834664	2.2443477773218712	2.8249469439564465e-005	-3.0579481144850476e-005	-1	
-31.011626043541309	1.2171336679607982	3.3383508745330926e-005	-2.8528929750825417e-005	-1	
-30.870544792881386	-0.36235096293115149	3.6498324915098775e-005	-2.6414943398116217e-005	-1	
-30.49458628968182	-0.67861129791838692	3.5654111652030179e-005	-2.6120267307122127e-005	-1	
-30.904230297929452	0.61096760255706095	3.4644680705749982e-005	-2.7812042103336887e-005	-1	
-30.627682156712325	0.064712422958242755	3.4899132647134995e-005	-2.7195391702891354e-005	-1	
-28.703651763021714	-1.6511968459046584	3.0121856452845162e-005	-2.4864860928078198e-005	-1	
-26.858858099139038	-2.0392222690820443	2.3947986606399869e-005	-2.3324559657359863e-005	-1	
-29.615388527712394	-0.96275275847196728	3.2502593880226519e-005	-2.588378428325903e-005	-1	
-29.934009465504261	-0.62069400043187595	3.3278577011866688e-005	-2.6327479890289206e-005	-1	
-29.152744756960971	-1.0192260197064389	3.0534566984876498e-005	-2.5838234350974691e-005	-1	
-30.714619239072153	18.145014868351172	2.2522785115498986e-005	-2.4344945467232709e-005	-1	
-30	17.445426133771008	1.6103171682826408e-005	-2.680909812467056e-005	-1	
-28.404383519195825	16.729726302754994	-3.4905901073612328e-006	8.5019273585786093e-006	-1	
-27.8524595413454	14.627236868444212	1.8516305460974748e-007	5.8716983115402261e-006	-1	
-26.559457586709229	11.47227586712679	1.1080074358834723e-006	5.211051159151626e-006	-1	
-27.992259098046752	8.3782957761055705	2.245005696851451e-007	7.3034506923178422e-006	-1	
-28.589389820946341	6.2772869331144987	-1.9614722816518146e-006	6.7201435488597336e-006	-1	
-156.94127723707581	288.2749468705523	0.00020355147181804549	-1.87024701516415e-005	-1	
-150.93456973266868	286.20248724554438	0.00020086946452345101	-1.8541674928511335e-005	-1	
-177.34812353073872	282.03466037585804	0.00021596995989250364	-1.9449004419181332e-005	-1	
-182.99046358866707	279.70507174195461	0.00021939650889692819	-1.9655252581448799e-005	-1	
-188.39385413048143	282.5452046939738	0.00022106190020408078	-1.9755688608212636e-005	-1	
-166.94291751577802	288.07919298138489	0.00020890740106174275	-1.9024346631593681e-005	-1	
-162.16195003585585	291.89712846026691	0.00020527264011968935	-1.8805675890783883e-005	-1	
-177.96410161513847	288.97491672833905	0.00021419545712349255	-1.9342333237289358e-005	-1	
-172.66665553502256	292.05227872494362	0.00021064977756364217	-1.9129099029724487e-005	-1	
2.2149282750800179	-57.400233126356731	7.721929192967643e-005	-1.2321707255685027e-005	-1	
11.619134597050852	-45.364992702032694	6.1926708588623991e-005	-1.0946134275500966e-005	-1	
5.5806166207579331	-73.852770370130614	8.6037658549697064e-005	-1.2674516257891057e-005	-1	
4.2794594399101138	-83.978375929606102	9.205494753703093e-005	-1.3007314175707347e-005	-1	
-8.5548158777126933	-91.627315822096733	0.00010258564470669541	-1.3842385832682019e-005	-1	
14.035813912842453	-67.193060002405758	7.7871053090315293e-005	-1.195694349081349e-005	-1	
-25.74268211941466	-1.2768231504718988	1.6924896135605144e-005	-2.315978988399747e-005	-1	
-23.900188584919331	-1.9001307391666362	1.3968533642335393e-005	-1.9539312782201426e-005	-1	
-21.522061588907604	-2.2138957543692164	1.0368436256225289e-005	-1.5430321347856853e-005	-1	
-18.704521778142503	0	-1.7580012428373812e-006	-9.504037962705173e-006	-1	
-14.963617422514004	0	-2.0134733292715486e-006	-3.8609313447217957e-006	-1	
-7.4818087112570018	0	-7.4801983465703756e-007	-2.1648711035497927e-006	-1	
0	0	-2.1316998857833671e-007	-3.4348565450251634e-006	-1	
3.7409043556285013	-7.1099277128311771	1.2764258530934172e-005	-5.2864084698948336e-006	-1	
8.9808188130295861	-18.116568822350832	3.0209346809727043e-005	-7.9352323262839225e-006	-1	
10.091686884115155	-28.171512530657864	4.3634529725146834e-005	-9.3899294517748131e-006	-1	
18.603004168465034	-33.638998144146711	4.7668315058541503e-005	-9.5703558628396469e-006	-1	
-8.9342461426706574	-134.30147908380326	0.00011455189774096701	-1.4237224331177923e-005	-1	
-5.9828433231160005	-120.20392980980762	0.00011006055662784242	-1.4020788829062696e-005	-1	
-6.5597632625959506	-146.31857099152802	0.00011568966563268098	-1.422316717670908e-005	-1	
-20.497400463169594	-163.12647759058299	0.00012354696399070162	-1.4721098389309507e-005	-1	
-25.233311473077091	-175.3813213525975	0.00012641496289642675	-1.4869289843300359e-005	-1	
-40.854453706376859	-191.57609305411393	0.00013292121196707327	-1.5272879319634984e-005	-1	
-24.501263928301416	-188.16982652453285	0.0001269971742320028	-1.4852891886042209e-005	-1	
-31.314277769418169	-194.76041649462579	0.00012970008374101299	-1.5026053258220743e-005	-1	
-12.071270335678694	-155.93097218637678	0.00011934996080365742	-1.4443023509145633e-005	-1	
-4.9660790967375057	-111.17168426598867	0.00010715483273878358	-1.3893342938812097e-005	-1	
-4.8911435294656416	-102.08269896967325	0.00010426905912474308	-1.3786185038571567e-005	-1	
-98.766026559924526	-245.52095866008963	0.00014946256278203387	-1.6276275473686571e-005	-1	
-94.193144397995013	-252.01247618741621	0.00014780095175518238	-1.6154516350326525e-005	-1	
-93.646769775582726	-261.76900608655046	0.0001470316154569687	-1.6089324702558445e-005	-1	
-108.20709676407192	-274.64396745078534	0.00014974655722940549	-1.6259720991192311e-005	-1	
-98.742357507220021	-270.10707460209431	0.00014777165470467127	-1.6130161712383664e-005	-1	
-115.32043113833062	-282.36181430082632	0.00015083381543932572	-1.6327006941989411e-005	-1	
-90.905986546930322	-244.39365121816834	0.00014738324416405094	-1.6138024033074491e-005	-1	
-81.330499210072233	-234.08651956720794	0.00014524482742218176	-1.6011598255646662e-005	-1	
-74.540362446369215	-229.774928333714	0.00014345773614462341	-1.5898147781890447e-005	-1	
-82.973073688755036	-241.96038299734909	0.00014531272291019322	-1.6001471495579675e-005	-1	
-186.81361901849306	-309.55192548890437	0.00016290316639631805	-1.7122031869108995e-005	-1	
-181.60946936122949	-312.78455880783878	0.00016158033408233483	-1.7034339055862396e-005	-1	
-176.34969509062083	-315.92587484608208	0.00016026005601649864	-1.6946476767269625e-005	-1	
-171.0649480334859	-312.87064440066257	0.000159604283015597	-1.690288443668191e-005	-1	
-165.33344911703745	-314.97133588283322	0.00015830324897564554	-1.6815784948415505e-005	-1	
-158.37221062850423	-314.6751164635196	0.00015700594824121799	-1.6728800969556512e-005	-1	
-146.51722440750106	-314.40489438109296	0.00015472680817685716	-1.65754430585031e-005	-1	
-130.57259032645734	-300.57627564567218	0.0001526976733854889	-1.6442279603658399e-005	-1	
-135.84468189944354	-314.28443629434508	0.00015262516916540576	-1.6433132566422825e-005	-1	
-121.58476628575215	-293.7308945777807	0.00015133835773281396	-1.6353736041634486e-005	-1	
-63.216219920849944	-215.99451255026841	0.00014042839072419462	-1.572301210301316e-005	-1	
-69.00732146358763	-222.77868900552798	0.0001420495389622515	-1.5817501790663513e-005	-1	
-47.417056705933916	-211.20035852999268	0.00013542559887380395	-1.5384520548950885e-005	-1	
-39.048044319851201	-201.47011942411069	0.00013253346001433159	-1.5208400331235624e-005	-1	
-87.143967701302159	102.3617559008994	0.00065005158615000333	-3.3441663908379323e-005	-1	
-73.509225393041518	98.164984211844001	0.0006233462735394876	-3.023280771324315e-005	-1	
-71.392779674652559	97.392598601745632	0.0005742324066691191	-6.5413741805765005e-006	-1	
-69.026897134611204	96.501737466809431	0.00049376274868037488	-9.1853776895259397e-006	-1	
-74.957167150453316	99.891074208546726	0.00062975067308143411	-3.5666015899714319e-005	-1	
-75.502814361109046	101.74978786684834	0.00060789572601359918	-2.9018693144124548e-005	-1	
-71.011622458590551	71.191701751222851	0.00065100204903563213	-4.6623636480849658e-005	-1	
-64.214714667041008	96.185258417543267	0.00031279185244856533	-1.2887644295924479e-005	-1	
-60.833125215221678	93.752321123517547	0.00019585901815498161	-1.5092553074082105e-005	-1	
-57.09414873237958	89.454012672359269	6.3787448401981904e-005	-1.6410142764760483e-005	-1	
-60.889023208089682	78.785692925611045	0.00027843202648060651	-1.3181077552353348e-005	-1	
-57.735927223208535	80.793292276013815	0.00013981333135389422	-1.5520713643057409e-005	-1	
-56.65699634036028	84.367518305961553	7.3457638583896602e-005	-1.6254746946177149e-005	-1	
-68.897594874051066	71.096438620906923	0.0005928207337648723	-2.4614583397827489e-005	-1	
-67.407220325347438	72.607401398254368	0.0005533832622238331	-4.3961504141588147e-006	-1	
-65.43670187111735	73.664836849056101	0.00047385411162974576	-7.1468143738032416e-006	-1	
-61.872862241275655	74.852026975221577	0.00033150254708664049	-1.0987005257542623e-005	-1	
-71.880650890502224	69.262199930358051	0.00065069594554789916	-4.7891084505555967e-005	-1	
-73.337631354430329	67.595526763504651	0.00065599153274735575	-4.8312363000979421e-005	-1	
-72.174150062948272	67.988053529467663	0.00064118177446961886	-4.4359963395857996e-005	-1	
-87.630666714845702	102.84612007623227	0.00063729339259132732	-2.9124402158048532e-005	-1	
-88.129285765906118	102.77798579596315	0.00063360207156091858	-2.9462269076015426e-005	-1	
-88.517227931629705	102.82917773421367	0.00062824232735883101	-3.0214188399189169e-005	-1	
-88.378595291436326	102.74391865582857	0.00063148954002133076	-2.976557592301533e-005	-1	
-88.700000000000003	102.7	0.00062835337219456109	-3.063964331708192e-005	-1	
-88.688153921326247	102.62820558379545	0.00062969081027489191	-3.0777077853169509e-005	-1	
-88.627904816966534	102.70985151569401	0.00062912725883408974	-3.0307736960881798e-005	-1	
-88.516661986198926	102.41661014003505	0.00063526504585654868	-3.1571793044022202e-005	-1	
-88.282391516012666	102.5105633596241	0.0006364465553406111	-3.1182274645450067e-005	-1	
-88.527104146928608	102.57241470514415	0.00063258983421978692	-3.085859123824789e-005	-1	
-87.827447281047711	102.42763646101398	0.0006426322887948631	-3.2039592341298457e-005	-1	
-140.85774209818044	286.26357619184427	0.00019511377407443011	-1.8196225481002711e-005	-1	
-118.39995328676945	284.23478811577348	0.0001819470143291317	-1.7406379919729336e-005	-1	
-125.18968882645576	295.26395524686632	0.00018333986660366036	-1.7481594758938064e-005	-1	
-133.2013287035268	296.57587959684884	0.00018778101828424633	-1.7750047064718301e-005	-1	
-105.7626903523629	276.84629440225018	0.00017540122965550349	-1.7024511499748449e-005	-1	
-94.37634410608382	271.01412625508561	0.00016859360629747591	-1.6629811735659666e-005	-1	
-51.004671360804096	215.58836851707071	0.00013172989252113764	-1.5002069254182273e-005	-1	
-51.192071634435038	224.93938869014792	0.00013325055878999912	-1.4905256695949836e-005	-1	
-58.969035936001632	231.30532054623745	0.00014225606494926065	-1.5345984552209599e-005	-1	
-63.560418112161869	240.25650919411868	0.000146874412219058	-1.5518895348051436e-005	-1	
-76.699461317879909	248.19344299491834	0.00015848550417977577	-1.6136791668501444e-005	-1	
-84.190546079902987	252.95925843154009	0.00016419746314072148	-1.6442600060460308e-005	-1	
-83.109736980456319	264.55379764906974	0.00016121213058065058	-1.6210747823842045e-005	-1	
-38.197214565024375	158.52699610464828	6.3533967397196045e-005	-1.7954686652620842e-005	-1	
-40.188785413743204	154.52549382288416	6.2278348343854713e-005	-1.9213088815586003e-005	-1	
-43.361577963704846	152.17330810146308	6.9830199602344365e-005	-1.8795900322622941e-005	-1	
-35.620063294882797	195.91445798682847	0.00010302232765464691	-1.3879582165160626e-005	-1	
-32.455242288686364	204.58421880476394	0.00010406372964341137	-1.352675357713665e-005	-1	
-37.664162958146647	212.20314196363225	0.00011421768400207026	-1.3976186481190505e-005	-1	
-30.950500733408898	187.11573395563141	8.879640867569121e-005	-1.3447661089268474e-005	-1	
-29.487059431511284	176.27663345317106	7.3419100287991951e-005	-1.3430054700160935e-005	-1	
-34.586986370622149	163.10067009727868	6.2279229790217214e-005	-1.6087108948517617e-005	-1	
-35.060027778636318	159.4655966384608	5.608903922210422e-005	-1.7331702882924604e-005	-1	
-29.72532744247291	166.87923334875799	5.9011816922096438e-005	-1.4139016107039679e-005	-1	
-52.353580198064918	116.84910420012315	1.708817735407938e-005	-9.2031890958046171e-006	-1	
-53.798526072065989	113.1442347667717	1.1462355976166229e-005	-1.1557534233882069e-005	-1	
-47.316938778736549	134.34856722744865	5.4013300495852362e-005	-1.1230951767532731e-005	-1	
-44.957384023477687	129.22265257252548	2.2832176483063953e-005	-7.0554549996926184e-006	-1	
-46.985177983247887	125.02600584321999	1.5791949700233414e-005	-6.4743253179188303e-006	-1	
-45.07406801224748	131.99499942555747	3.3976397722195409e-005	-8.9035630908155042e-006	-1	
-45.874876330763044	137.26236313131955	5.3043133984778201e-005	-1.2828648226466885e-005	-1	
-48.930055864881879	118.95163353850869	-7.4177348713323377e-006	-6.3702676620426028e-006	-1	
-46.133322462671423	121.8359758822031	-1.0704412187513042e-005	-4.7510813354099511e-006	-1	
-42.82403783284893	138.88715222522268	4.0543587654631338e-005	-1.4064884192776848e-005	-1	
-40.544086857608775	149.40543272489373	5.272562349721626e-005	-2.0487697477130971e-005	-1	
-40.028672514262354	147.03251927202314	4.4764796807763075e-005	-2.0851463243687656e-005	-1	
-40.345792268106621	141.46904121585189	3.3269293634525978e-005	-1.7153598931573346e-005	-1	
-68.318985737011701	106.18725285428098	0.00035206555181627929	-9.5484721757441054e-006	-1	
-70.127217536754884	105.20199661633885	0.00041180244903193762	-6.6279804389456135e-006	-1	
-73.540180127456296	105.78200453082957	0.00048322550513543125	-6.1459979991774536e-006	-1	
-73.094252277121939	105.80565639479106	0.0004733300321367627	-5.5605950708438785e-006	-1	
-72.191311856775869	105.62357427545695	0.00045648327642525821	-4.7514542123514573e-006	-1	
-72.74108272647014	105.50433503847934	0.00047166053588787904	-4.060062198119434e-006	-1	
-71.857628522835839	105.35549499165633	0.00045342861300414318	-4.3013430776706215e-006	-1	
-71.254945251907557	104.96345780484258	0.00044499466525623968	-4.5118848939829429e-006	-1	
-76.014617844859742	103.33150297737437	0.00058485442063926842	-2.0217173656067153e-005	-1	
-74.666571387275098	104.6176113632295	0.00053281282043444393	-6.4644493708075896e-006	-1	
-74.825402777596111	103.50747357134141	0.00056000404268252734	-1.4539076330275807e-005	-1	
-73.578624990655314	105.4339861759526	0.00049156810029483164	-5.0699980591005771e-006	-1	
-73.91140487827667	105.13226808739361	0.00050530680782895018	-5.0018830411974088e-006	-1	
-74.167952336214682	104.68574564349865	0.00052124074044842378	-4.5984124073447539e-006	-1	
-58.030716869709863	109.61050458706499	7.9579507822326309e-005	-1.5723353494412007e-005	-1	
-59.341905017236996	108.51807091666541	0.0001097002230016784	-1.5774160459553107e-005	-1	
-65.349112820952968	106.3792116105315	0.00027279817689169653	-1.2003075700878793e-005	-1	
-60.187531075736125	106.01900696319814	0.00013173282539537894	-1.6045129586593683e-005	-1	
-63.040491517720326	103.76624024614287	0.00022178363650620603	-1.3646817178060328e-005	-1	
-55.630130840040671	110.96959153956662	3.1649653283986133e-005	-1.4411188975108475e-005	-1	
-81.704444481729695	63.069219314335214	0.00062217619269694835	-3.0665613905462312e-005	-1	
-23.685068445772529	61.637966567641826	-6.7592211209926541e-005	2.5503740651387139e-006	-1	
-17.363609953881845	57.027972277140968	-2.522365391020491e-005	1.8577379165916601e-006	-1	
-10	40.670478221857493	-3.9797998148298068e-007	-5.2722458507748333e-007	-1	
-10	47.536382577485995	-3.362836844353605e-007	1.2153681572059688e-006	-1	
-26.046332885595742	23.230126967866646	1.5685313241903654e-005	-1.3448321280365075e-005	-1	
-27.397582273418603	21.609075024947124	1.6902861677512815e-005	-1.6230929800567942e-005	-1	
-23.331041363509197	24.124219071566973	1.0680747194458225e-005	-1.0202497445400288e-005	-1	
-20.829050429490934	24.945956518380754	7.4397296830007643e-006	-7.8003146055602073e-006	-1	
-17.683721448953214	27.167277222181319	5.4614165483696522e-006	-5.517365820220514e-006	-1	
-18.246520834827844	24.7004908534572	4.0988348719041962e-006	-5.8183367032521436e-006	-1	
-15.337476505058358	28.620568017471275	3.6242142629074046e-006	-4.2420434242237177e-006	-1	
-13.514999360965088	32.08809777732187	2.3400134598536748e-006	-3.0769968096357631e-006	-1	
-10	33.804573866228992	-6.7896649395589625e-007	-1.4229204626175817e-006	-1	
-30.506431365060351	20.680055830745363	2.7828555301695416e-005	-1.9648139240616435e-005	-1	
-30.59970274171717	20.31298658003162	2.7696335768055311e-005	-2.0327587786829026e-005	-1	
-29.935287577041755	20.627682156712297	2.5563505650299629e-005	-1.9408880789826184e-005	-1	
-29.279086732044153	20.906846496806452	2.3233650877061062e-005	-1.8548564273920635e-005	-1	
-28.403800335662002	21.179764015296069	2.0047328956731625e-005	-1.7551682708532538e-005	-1	
-30.627682156712304	19.935287577041755	2.7250721356324241e-005	-2.1098135335200441e-005	-1	
-30.434298040000201	18.996556578306635	2.4521343119062417e-005	-2.3309468394166437e-005	-1	
-30.304924635617358	19.514357250404519	2.550680270377705e-005	-2.2265296780251109e-005	-1	
-33.288903006268569	64.284906486808936	-0.00012350557614401473	5.9657248805473471e-007	-1	
-30.927170696959738	64.120224430780056	-0.00011689014126810434	1.5034348560808801e-006	-1	
-34.676298636909657	66.20324770893005	-0.00015469642560972727	1.3694396689497781e-006	-1	
-38.408037414898473	66.605130923021861	-0.00015592558603425813	-4.067479462381237e-007	-1	
-40.894187493971025	66.488694602990194	-0.00013844086217053769	-3.1276466025708216e-006	-1	
-26.743148224635167	64.939387231594509	-0.00010761686141150951	3.6177512951247048e-006	-1	
-53.553666243341951	69.223452876589818	6.9076711025522708e-005	-1.837716888360041e-005	-1	
-51.932315184898648	68.181994226080633	3.231043769228184e-005	-1.9886428582231647e-005	-1	
-55.977763655129785	70.535556959538809	0.00013684759189636861	-1.5737758573069609e-005	-1	
-61.874792554709614	68.708278900421519	0.00033410770811807453	-8.0635961480070958e-006	-1	
-63.359450958033676	66.962590876546869	0.00037697208178870948	-5.5396226597094041e-006	-1	
-60.62999033812067	70.632364317661455	0.00029154997711432277	-1.0395141214609474e-005	-1	
-51.085030708981733	66.542914281880272	2.935501648901643e-005	-1.8500209483741818e-005	-1	
-51.392823467561513	67.234947916782474	2.8580720631265365e-005	-1.9432368193184291e-005	-1	
-50.352485333283376	66.350497529457158	1.3928640127207451e-005	-1.8462384162783569e-005	-1	
-47.986544986147862	65.872747713438855	-3.0031669646555168e-005	-1.5325177300181806e-005	-1	
-49.87738523199463	66.483361184458943	7.697700954559884e-007	-1.8759272856343274e-005	-1	
-49.04951724258602	66.447331287446588	-1.7269988321702686e-005	-1.7856391085260005e-005	-1	
-46.344911914018745	66.5028376860771	-7.1417160028650796e-005	-1.2627619365999956e-005	-1	
-44.85208088734931	68.176393769752394	-0.00013044953164396766	-8.9939277672108282e-006	-1	
-42.388771201881269	68.478850167850453	-0.00016849506800846117	-3.4088131802539708e-006	-1	
-63.965010202143802	64.753765394941752	0.00038265110229901016	-5.5625051741863718e-006	-1	
-63.853105227173664	65.605930016270776	0.00038530278724599281	-4.9938644534942737e-006	-1	
-64.835385284077105	63.813582220675158	0.00039877592828297813	-5.7435802994425359e-006	-1	
-64.733006042182623	64.493101771128096	0.00040223857014187302	-4.6190444861677938e-006	-1	
-65.409764196297076	64.190831732027604	0.00041838692822597192	-4.0876951387760302e-006	-1	
-67.044932251402045	64.201814355910855	0.00046329057366573394	-3.4427464143703653e-006	-1	
-67.921300488355314	64.338943913324485	0.00048867550073787222	-4.5269867772569574e-006	-1	
-67.391235011115469	64.502230607424877	0.00047737217354266651	-2.778897574314406e-006	-1	
-65.792892737909625	64.544590809678027	0.00043323461732519092	-2.3245043789405153e-006	-1	
-66.175616143960923	64.474453665088191	0.00044322345669125368	-2.0424499138986781e-006	-1	
-66.432539550420557	64.561976735197931	0.000451696016916917	-1.4494627264547635e-006	-1	
-66.713255500491115	64.539149278272603	0.000459267762268503	-1.6386531788410481e-006	-1	
-69.338586331243604	66.698669249179659	0.00056148768283480915	-1.9896154756757875e-005	-1	
-68.659511486647844	65.763048872217382	0.00053119287051610635	-1.1432586220738698e-005	-1	
-70.110642723317454	67.818202621684861	0.00059493272477875617	-3.01454622656887e-005	-1	
-68.241462589084193	64.791854703534455	0.00050539514380087589	-4.0366797624436461e-006	-1	
-28.844373256638875	4.4159303996717476	-3.5065085854919753e-006	6.8710802995901126e-006	-1	
-30	2.5545738662289965	2.5076541684679559e-005	-3.2104581507909353e-005	-1	
-29.261530296658968	3.1723814143528895	-5.8180132379552402e-006	8.2352000323933795e-006	-1	
-30.549548262137709	1.623895599507621	3.0615250513907027e-005	-2.9812037220244582e-005	-1	
-30	1.9341216884147461	2.7680491148186255e-005	-3.145641648818486e-005	-1	
-30.434298040000218	1.0034434216933703	3.2279239335803997e-005	-2.9024093030196521e-005	-1	
-30.379556646309833	-0.37955664630982155	3.4735222471281284e-005	-2.6596834639255059e-005	-1	
-30.304924635617354	0.48564274959547715	3.3226347168349776e-005	-2.8242213491596934e-005	-1	
-30.293790453855163	0.13616047578297194	3.3782525294412686e-005	-2.7547675295527405e-005	-1	
-30.312353155302514	-0.066268928230360818	3.4075514437244805e-005	-2.7140292599322465e-005	-1	
-28.531278417025796	-0.89531387086079917	2.7258807179515856e-005	-2.6039709647949581e-005	-1	
-27.696007829203122	-1.0583600990203741	2.3874613435614661e-005	-2.5506188831960684e-005	-1	
-26.990178783456077	-0.75638746090331399	1.952536003126204e-005	-2.5658587693967026e-005	-1	
-29.501304897680562	-0.70981639453119039	3.1484737170185766e-005	-2.6262811311556308e-005	-1	
-29.683135797305045	-0.50022297195650267	3.1949129098446724e-005	-2.6535130113656156e-005	-1	
-30.066268928230357	-0.31235315530256003	3.340916567244813e-005	-2.6764394537982698e-005	-1	
-29.867584753067362	-0.29182563796243499	3.2508702794154647e-005	-2.6806779458891481e-005	-1	
-29.113037830948549	-0.64405580309734489	2.9486072229581838e-005	-2.6421162930418143e-005	-1	
-30	18.686330489399509	2.2385825241811826e-005	-2.4664466037280344e-005	-1	
-29.310465369577535	18.225464876951403	-4.3464351226051556e-006	5.095230218758341e-006	-1	
-27.742594680537032	17.804127869104867	1.573538443881661e-006	-2.9028026416840178e-006	-1	
-26.371997333362994	16.218875505023057	4.3724516209235015e-007	-1.9191396798738602e-006	-1	
-24.983763346149058	13.787047605041653	-2.5050142159167935e-007	-1.4433329325299295e-006	-1	
-23.681247693898076	11.206725501202758	-1.3716010107084895e-007	-2.3815250591109784e-007	-1	
-25.820684137723219	8.1436354891946721	-3.4130642567103566e-009	-2.3519583389887335e-006	-1	
-27.037994530911753	5.034432456305094	4.252369894654022e-007	-8.4593170087356258e-007	-1	
-156.77939639279577	294.62706608645533	0.00020162396666367039	-1.8585908444362506e-005	-1	
-150.95549011457257	296.45602759370109	0.00019793002442041003	-1.8363197985578151e-005	-1	
-144.01586987623338	295.83292392155062	0.0001942254990267763	-1.8139805957049096e-005	-1	
-183.20703349623821	285.80557024680229	0.00021766361166508598	-1.9551010038046471e-005	-1	
-167.316308909284	295.0367188423408	0.00020706858124981998	-1.8913673516847118e-005	-1	
-161.91469150533501	297.92732799115998	0.0002034387943450679	-1.8695147368085382e-005	-1	
11.120571624443706	-56.468004891841751	7.1694750032198711e-005	-1.1653581775592187e-005	-1	
25.181799852864117	-43.839380129702405	5.6126414843713239e-005	-1.0127488699332087e-005	-1	
22.23461589355977	-56.526866669183988	6.7317651228376813e-005	-1.1042105516923394e-005	-1	
13.929067781681365	-80.645815831757631	8.5768639190527706e-005	-1.2431506069252481e-005	-1	
2.2695719757378896	-93.987434343698652	9.757218568958195e-005	-1.3318995743250038e-005	-1	
11.775165458033699	-95.527612727378795	9.3727467695630182e-005	-1.2909247907338009e-005	-1	
27.428062991649593	-68.472004392075661	7.3637036136495028e-005	-1.1370729540527018e-005	-1	
-26.186330489399506	0	1.2821106061284943e-005	-2.6211846458519556e-005	-1	
-24.315878311585255	0	5.8561341623159024e-006	-2.2325673199923284e-005	-1	
-22.445426133771004	0	9.5670669319964939e-007	-1.7828241202439298e-005	-1	
-20.574973955956754	2.1190687581760006	1.9471926459661834e-007	4.0516405208472861e-006	-1	
-16.834069600328252	3.5360406292921009	4.3519759514962068e-007	1.2667474966538906e-006	-1	
-11.518126056775229	6.476070760967187	4.7814532804317806e-007	1.008638444565838e-006	-1	
-3.5682313202859599	3.5661884391549159	1.7579288607145864e-007	1.0343323078372186e-006	-1	
-6.3046435479566281	7.8043511140514692	6.3279994459984206e-008	1.8983633451749872e-007	-1	
1.8154249356194487	4.6376429259736964	1.64218639147207e-007	9.6819580706232366e-007	-1	
7.4818087112570018	0	-6.982226435074618e-007	-1.9766563084745498e-006	-1	
11.222713066885502	-4.1828172113632389	6.8197963829177163e-006	-4.1107560117233715e-006	-1	
13.639054740264218	-9.2993978573794394	1.5608130588204777e-005	-5.9243143404553735e-006	-1	
18.94214632913571	-17.654378497721453	2.843285456152795e-005	-7.7570097969995073e-006	-1	
28.285138625298231	-20.915816348470283	3.295503135525809e-005	-8.2271347959919811e-006	-1	
32.926712842728023	-34.493543190842701	4.685588420638265e-005	-9.2360386433699838e-006	-1	
4.5608784136331479	-134.59464185900012	0.00010889699637843485	-1.3760827118047776e-005	-1	
4.064633126333181	-116.76162747669214	0.00010458554962227665	-1.3587392193040126e-005	-1	
4.9558396060031678	-146.10544281733678	0.00011110291346704576	-1.3845219074811576e-005	-1	
0.31491488708720183	-156.64661688853383	0.00011468389309495645	-1.406427330677761e-005	-1	
-14.886978561951118	-173.73919381286029	0.00012245025434462514	-1.4576730679759528e-005	-1	
-7.7035067544704567	-166.11417444529522	0.00011897707523903211	-1.4348493706629333e-005	-1	
-15.909739743585124	-184.1649862110406	0.00012373533756724844	-1.4624101813068148e-005	-1	
-21.348633516556454	-197.10928709215543	0.0001264722507095114	-1.4777520620499905e-005	-1	
-27.446061933709512	-204.24029859868742	0.00012880162105323651	-1.492622134523047e-005	-1	
5.2146182347243295	-105.91450468975532	0.00010060438208115971	-1.3383861317407532e-005	-1	
-85.36911881580545	-250.57386127753361	0.00014552785887710245	-1.6002038509639874e-005	-1	
-86.011201829953038	-258.75691284478785	0.00014524371436625891	-1.597081446484203e-005	-1	
-87.652083314985887	-269.48600907604407	0.00014507798859793587	-1.594635229780151e-005	-1	
-99.968342461044486	-281.14686014981123	0.00014735285044221937	-1.6091126816972439e-005	-1	
-91.105610000205317	-278.17305201098208	0.00014544506169902148	-1.5962726909811919e-005	-1	
-110.2075109177797	-291.10263256165302	0.00014902854200612306	-1.6198172259030255e-005	-1	
-70.552010373647221	-238.03831531216204	0.00014198278457209557	-1.5779626729862021e-005	-1	
-64.988576205652791	-230.74182870078786	0.00014059478901870426	-1.5698302812786379e-005	-1	
-69.071805629456819	-247.09367342362549	0.00014124767532285341	-1.5712318601864913e-005	-1	
-78.274647940147815	-256.01458947590169	0.00014336596522865504	-1.5845017605715525e-005	-1	
-171.03589838486249	-318.97491672833843	0.00015895829056290355	-1.6859501917354882e-005	-1	
-165.66969787790691	-321.93075568691376	0.00015766596124116222	-1.6772739772146276e-005	-1	
-160.25272816641214	-324.79249134462736	0.00015637560773930709	-1.6685768873258139e-005	-1	
-154.69347563312195	-320.59233676298152	0.00015573368612707288	-1.6642590956001162e-005	-1	
-144.55743744133943	-320.44930162978591	0.00015380573944184412	-1.6512156314560139e-005	-1	
-121.07948592115996	-306.70173005342417	0.00015022222737724909	-1.6271661418390944e-005	-1	
-130.25277409643525	-324.521139905376	0.00015069959461512747	-1.6299559647811256e-005	-1	
-136.94019559258908	-325.05749446820334	0.00015194777545731944	-1.6384978017803684e-005	-1	
-110.96852797968999	-301.20039023759284	0.00014848131894835387	-1.6154942847610337e-005	-1	
-57.390898909566822	-224.87268767226186	0.00013845584860173156	-1.5561826495002065e-005	-1	
-47.492126369559692	-221.02942596084006	0.00013545332726360568	-1.5359253892156861e-005	-1	
-34.614909208378045	-210.29319766946955	0.00013130220598011745	-1.5090115102240389e-005	-1	
-37.759587405162122	-219.6532401735916	0.00013246597557391629	-1.5147874043936166e-005	-1	
-73.462426604579619	100.41747880295237	0.00058722881553875466	-2.0290177529733675e-005	-1	
-71.791335609583072	99.871118322094759	0.00055078655504469027	-3.3985618168979014e-006	-1	
-69.720207833350585	98.93285943619432	0.00048973147775254551	-7.0818854162177005e-006	-1	
-66.861651472543954	100.21650941909208	0.00037367131809113889	-9.8713703002352917e-006	-1	
-74.349715563959165	101.73051703508933	0.00058501569646399361	-2.186744323407762e-005	-1	
-68.315387279337727	69.055541973202494	0.00056045821119483203	-1.6820460694748665e-005	-1	
-61.299053353636758	100.74958604796701	0.00017964632392005814	-1.516921005616507e-005	-1	
-59.574224921833618	97.723404243854404	0.00012915284779380795	-1.6358854381564586e-005	-1	
-56.743814534337353	94.547223163093619	2.7693581933350402e-005	-1.7431217915630629e-005	-1	
-52.895439657540322	92.358211229294838	-0.00012839019192116685	-1.8162664839768572e-005	-1	
-52.288309900929391	87.413536164723496	-0.00013218313758311755	-1.7839375626675329e-005	-1	
-57.202041732300962	77.098140067279004	0.0001406168223096994	-1.5567556189897407e-005	-1	
-54.181023691624979	79.652308295296194	2.1639858557128566e-006	-1.7764122087414225e-005	-1	
-51.681180144318461	82.468861100152139	-0.00012499410629079403	-1.8524917082984596e-005	-1	
-67.008664390416925	70.128881677905241	0.00052726943354090481	-1.1459832541926832e-006	-1	
-65.85582118022576	71.46814576567499	0.00048656243401256011	-4.4393852629876018e-006	-1	
-64.130398298025483	71.849710493674465	0.00042028674007421894	-6.8647079302879864e-006	-1	
-58.25861462923649	72.759113409884776	0.00020301688179703365	-1.3732725789905223e-005	-1	
-109.17937776596827	285.50401980391899	0.00017562493559604233	-1.7023445821300879e-005	-1	
-115.27646542928552	296.80407051011122	0.0001768883037290595	-1.7088145966427669e-005	-1	
-120.4776425446567	301.87486583907184	0.000178894276052536	-1.7207347959338548e-005	-1	
-127.65406427379411	302.99922335304774	0.0001829038962881458	-1.7451551223075447e-005	-1	
-140.0630633211193	301.57068546909346	0.00019045156417863448	-1.7910584361380963e-005	-1	
-134.93607435470557	304.88383633658896	0.00018667793635260578	-1.768102055853608e-005	-1	
-92.835024455261575	283.71402388738738	0.00016496858726709556	-1.6377811690188017e-005	-1	
-101.57703926332427	290.8737880767784	0.00016944816760034676	-1.663936775532108e-005	-1	
-83.372021583098544	277.53853825518752	0.00015934429501691437	-1.6049096956303149e-005	-1	
-40.278528289464276	223.55470383444109	0.00012100769248470917	-1.4147393189777641e-005	-1	
-40.423845272975733	234.55477944629408	0.00012367419525509472	-1.4132706818987352e-005	-1	
-47.797046715257409	238.97093330088737	0.00013150592921857765	-1.4582625811889613e-005	-1	
-66.881971289038688	252.87091510662199	0.00014920210897939417	-1.5550117634842864e-005	-1	
-56.168532417693854	251.00434515826225	0.00013985676315856162	-1.4986827637247529e-005	-1	
-76.651203234191584	257.64835825374223	0.00015706658708269786	-1.599470637014396e-005	-1	
-70.122516806411895	264.48751060779216	0.00015095298461431409	-1.558608597462346e-005	-1	
-70.283714895720536	272.82359257483802	0.00015023517388675751	-1.55032471022324e-005	-1	
-36.739339189875082	154.69172431793424	5.0496567132282968e-005	-1.9874550689508212e-005	-1	
-34.817913225738515	156.19997381302059	4.7716025672531201e-005	-1.8942698529560389e-005	-1	
-38.009005349490195	152.70342963037214	5.0447134508805536e-005	-2.077935469301302e-005	-1	
-39.43086566876606	151.78744402232846	5.3676667204580842e-005	-2.0545295953723141e-005	-1	
-24.953568499249943	195.06929685986424	8.8131144496869223e-005	-1.2695333459707575e-005	-1	
-23.562938976463016	207.05561242879318	9.5424820341155194e-005	-1.2728369082741133e-005	-1	
-29.737004041019041	220.7385396986532	0.0001090205563238271	-1.3369505945936805e-005	-1	
-17.304808733453761	187.58699222820619	7.1680513967555884e-005	-1.1523176035168076e-005	-1	
-20.899935625247046	171.35718907714357	5.3507822297056579e-005	-1.1486539243215661e-005	-1	
-31.577880531873195	161.00715408924211	5.0502483395308311e-005	-1.5827499542089168e-005	-1	
-32.688056060787716	157.20801783264088	4.3914609608867082e-005	-1.7798549509300481e-005	-1	
-25.425343394076858	160.25673326194527	3.6472561790587716e-005	-1.3079036914184428e-005	-1	
-51.436793762762434	112.97955271073577	-3.0963706910769215e-005	-9.268600391717491e-006	-1	
-47.831844810544808	114.12587671161727	-6.8953279674692397e-005	-4.8311364808259397e-006	-1	
-54.069583298020952	110.31397379436048	-7.657204467317531e-006	-1.4281165163766438e-005	-1	
-52.164266494844881	110.72662503669363	-4.2657935667211267e-005	-1.1661373670544299e-005	-1	
-43.019998592619793	135.3137153334157	3.3144412763710242e-005	-1.0841217824034019e-005	-1	
-42.194536899947472	129.47994229006656	9.5798158614376933e-006	-5.4195875096330098e-006	-1	
-42.931567695816021	127.32644835532447	2.6432452154678169e-006	-4.5193423450145544e-006	-1	
-43.847320899355879	124.21844221620259	-9.7984661359122485e-006	-3.7025065278368721e-006	-1	
-41.275394102722359	131.56223118436986	1.3609724348796192e-005	-6.5992130064485313e-006	-1	
-45.051332691236276	117.90442056069904	-5.3726304035456073e-005	-2.6847222174139699e-006	-1	
-42.859846649603824	121.40434515880237	-3.6363578336953371e-005	-1.7543244015542327e-006	-1	
-39.393616899597333	137.86731691508365	2.1487474691484091e-005	-1.3247163897881837e-005	-1	
-38.111567572482869	150.08285629387186	4.4648057346225259e-005	-2.2201961996484659e-005	-1	
-38.157629548209222	148.58028166312991	4.0934735079601224e-005	-2.2738815648222864e-005	-1	
-37.728868248024881	146.25324362301481	3.2189972582814713e-005	-2.3218726983552926e-005	-1	
-38.125476986352787	143.74914808226697	2.7009763700411448e-005	-2.0878002578265735e-005	-1	
-37.851639114615772	139.4922035089082	1.6186361464151783e-005	-1.5680734740507726e-005	-1	
-37.167061597483553	141.62511362309598	1.6241869940047983e-005	-1.9142417435297629e-005	-1	
-69.036995580584403	104.2572544189088	0.00039528378390542979	-7.4506441177790926e-006	-1	
-66.675283251776719	103.71495462404366	0.00033325642669911683	-1.0095629290990893e-005	-1	
-70.919522200392379	104.36478464551438	0.00044633139165268474	-4.2787446688819418e-006	-1	
-70.227703174166962	103.44279928821959	0.00044139676173282047	-4.9668063349077448e-006	-1	
-73.159834386889528	105.54802124936401	0.00048012554940114212	-4.6562098203679613e-006	-1	
-72.284612815545842	105.32557036080932	0.000464528812079398	-3.4681650466586568e-006	-1	
-72.974925736245439	105.35700901887141	0.00048005541665364335	-3.5671670936173382e-006	-1	
-72.770740063904171	105.17074114594422	0.00047932164088783548	-2.3351615620534281e-006	-1	
-72.575885822589242	105.21300288139986	0.00047380572968806485	-2.5950220086254537e-006	-1	
-71.97363945209672	104.94348463493647	0.00046417941591616289	-2.7258301895201209e-006	-1	
-71.600326664122377	104.45094413340207	0.00046354541628395218	-2.6506757378412726e-006	-1	
-73.920292834816578	104.16959842286951	0.00052738000384090875	-6.732125459884867e-006	-1	
-73.94646655445014	102.81097917569177	0.00055550556775429982	-1.3531184013767561e-005	-1	
-73.255197120728852	105.2998623682506	0.00048755870077844116	-3.8089674396714121e-006	-1	
-73.463135389260387	105.10344580805892	0.00049651973019364237	-3.5065218652779791e-006	-1	
-73.669333285154281	104.75387992376776	0.00050919248059193246	-2.833216969742135e-006	-1	
-56.333643256474318	109.43004175516319	3.8051943780419794e-005	-1.6321243392556467e-005	-1	
-57.22087272543444	108.1082469046346	5.3261643835316824e-005	-1.7550292252588564e-005	-1	
-57.829673478438615	106.97538187581183	6.5606053231128959e-005	-1.7960005201668903e-005	-1	
-57.703961977102622	105.46580722085979	5.7694179282319581e-005	-1.8904487899797245e-005	-1	
-59.406513214876504	103.67381265578659	0.00010962817829601198	-1.7168301218676903e-005	-1	
-54.863263658382742	109.46059916568629	2.790949488421668e-006	-1.6165376002278173e-005	-1	
-19.944720651939164	64.413820392795756	-6.3139761241167209e-005	4.6937632074478948e-006	-1	
-24.28758855006442	66.097585369533576	-0.0001019765377440519	5.1078500252163222e-006	-1	
-10	61.268191288742997	-3.324852260161357e-008	3.9136569685523977e-006	-1	
-5.3695925242964764	41.997513075182056	1.259998475305818e-007	-2.3484739172933412e-007	-1	
-6.1073040914956866	37.237526044043243	1.4946264614269562e-007	3.332157288336902e-007	-1	
-4.416454304061757	52.879818036584076	8.0572015054147233e-008	-1.1963270658062245e-006	-1	
-2.0775861292715962	45.513816359613664	2.8452934626832871e-008	8.324376525653157e-009	-1	
-25.584069600328256	21.171001676674159	9.3766018232261346e-006	-1.4595968637264685e-005	-1	
-23.722713066885504	21.407363250284686	5.6148548689616886e-006	-1.1610527228970181e-005	-1	
-26.824973955956757	20.70585416038459	1.2382869103410725e-005	-1.6726614147412012e-005	-1	
-27.755652222678133	20.575359085614785	1.6193032596213288e-005	-1.7771269787399404e-005	-1	
-21.240904355628498	22.344882238601198	3.8483331114997126e-006	-8.0513567466179657e-006	-1	
-18.759095644371499	22.157465182216669	1.3060266218384851e-006	-5.6106875153712063e-006	-1	
-15.945936929721009	25.328287526076178	2.6506165517724099e-006	-4.5664754313375602e-006	-1	
-16.312197126181164	22.971877452452098	1.093045106868442e-006	-4.418899122547745e-006	-1	
-11.992189228331792	28.484965810362532	6.314740790568591e-007	-2.837982623495219e-006	-1	
-13.600350344875002	25.75844858844529	1.1459746062413823e-006	-3.5431152815698807e-006	-1	
-10	30.371621688414745	-8.3134387803437717e-007	-1.896928485871863e-006	-1	
-6.7566349910659138	32.088097777321863	1.7757238869633136e-007	3.9018463437813456e-007	-1	
-30.066268928230361	20.312353155302503	2.5762026526226912e-005	-2.004766104502605e-005	-1	
-30.312353155302503	20.066268928230361	2.640956272620417e-005	-2.0766127923804176e-005	-1	
-29.863839524217042	20.293790453855149	2.4939737164765146e-005	-1.985460814474659e-005	-1	
-29.514357250404519	20.304924635617358	2.3472533798743863e-005	-1.948898804855531e-005	-1	
-29.151669622760199	20.321282336396759	2.1920103109987884e-005	-1.9179877703468218e-005	-1	
-28.841443533853077	20.497470219072053	2.0817425368869401e-005	-1.8721724462967649e-005	-1	
-28.376104400492384	20.369647154303919	1.8591616740010433e-005	-1.8515391595775285e-005	-1	
-30.293790453855149	19.863839524217038	2.6114587159906234e-005	-2.132196337699478e-005	-1	
-30	19.30678266721376	2.4402918835028473e-005	-2.3201334625303036e-005	-1	
-30.112379052162659	19.772121800574446	2.5549356519337736e-005	-2.1654209371921781e-005	-1	
-30	19.617008756120882	2.5098995433917758e-005	-2.230959246315343e-005	-1	
-32.561430274187217	66.537834160856463	-0.00015529003878801695	2.2843204806139189e-006	-1	
-30.656113471011274	66.950485403187983	-0.00015266350969819203	3.2092088083698932e-006	-1	
-29.095565928992269	66.294867657986117	-0.00013501009479327598	3.5298798604477341e-006	-1	
-36.058982552966427	67.838118185064147	-0.00018535026774321625	2.2780003444276648e-006	-1	
-34.24030551864751	68.299560253920674	-0.00019218500078604337	3.1761843350368538e-006	-1	
-39.925461516413222	68.781306565948526	-0.00019631686339705877	9.1163188257253521e-007	-1	
-37.462151830945174	69.083762964046599	-0.00021227997892748322	3.3237725345885582e-006	-1	
-26.694979899322625	67.653954610485684	-0.00013299537854434613	5.5662177344581029e-006	-1	
-53.274397921434812	71.073775406093461	4.2754132358114463e-005	-1.9405204894862227e-005	-1	
-51.772142229353889	69.958019118000024	5.9874728612612618e-006	-2.1581683575445569e-005	-1	
-51.221393019877056	69.008152625125049	8.5545287615189752e-007	-2.2090333985275244e-005	-1	
-50.842455502124494	68.169588707387462	1.0951555190944315e-006	-2.2011453196499666e-005	-1	
-55.171410441939813	73.543750115562332	8.7391219227747952e-005	-1.7208792013943885e-005	-1	
-64.08853316220916	69.300722799848018	0.00041275022699311823	-4.9953740489986861e-006	-1	
-64.53668280960531	66.126918455744061	0.00041020940164671017	-3.0997558597911351e-006	-1	
-64.712647018685828	67.513421498088192	0.00042561790783622702	-2.734493598338477e-006	-1	
-50.464191095185917	66.976740408354885	7.8254097232779855e-006	-1.9998237206116397e-005	-1	
-50.48200520578817	67.550287883251173	-1.9950714593257614e-008	-2.1539311577445568e-005	-1	
-50.088469269360026	66.929249495849291	-8.3778920106311015e-007	-2.007727658084769e-005	-1	
-47.92267450160606	67.079386376287474	-5.2599808152746772e-005	-1.6906549664315258e-005	-1	
-49.710197754150172	66.947496083294425	-1.0331181410510549e-005	-2.0099240198724245e-005	-1	
-48.802031509257915	67.253841274575436	-3.672073759924982e-005	-1.9481718521058331e-005	-1	
-49.331739225512216	67.319146321297083	-2.5535218150806395e-005	-2.093226136791865e-005	-1	
-47.315390572817364	67.873937371654321	-8.0825896422218369e-005	-1.6107479421308039e-005	-1	
-46.799482192654132	69.544882237653113	-0.00012133603354942049	-6.1643167626798083e-006	-1	
-44.762505735248233	70.373712274070812	-0.00017297870300196378	5.3566374324323171e-006	-1	
-41.490744034829525	71.347257735615884	-0.00023154888510334474	1.8752304150917552e-005	-1	
-64.624182841739923	65.226263613250026	0.00040565501647859555	-3.6598198963703273e-006	-1	
-65.441340639128299	64.711346758397028	0.00042496987043755025	-2.5806567116381888e-006	-1	
-66.963758043707244	64.667877726006338	0.00046827066632494624	-1.2583153017737979e-006	-1	
-67.749084471507871	64.866175928828994	0.00049339162394039114	-2.1616702318371096e-006	-1	
-67.256706353931548	64.940497154123534	0.00048100322554136464	-4.6528408528566439e-007	-1	
-66.087508937887236	64.798751623537044	0.00044494869607066294	-5.5991972487753164e-007	-1	
-65.878806177176386	65.084529009185616	0.0004422732513223738	-3.8985398860907045e-008	-1	
-66.287437960124834	64.79135732086705	0.0004506968249946776	-2.3509045575054944e-007	-1	
-66.582172160439455	64.788427627461999	0.00045924234392395871	-1.501618229395204e-007	-1	
-68.766854417973434	67.609255175862685	0.00055765267214866383	-1.8375606332464874e-005	-1	
-68.182531106905216	66.706697488694147	0.00053104424014844122	-1.148835302258163e-005	-1	
-67.326302147244419	66.145097840042723	0.00049982634134054923	-3.9740964028845955e-006	-1	
-67.657591505028037	65.425203723563627	0.00049928323553854396	-4.1175400582130282e-006	-1	
-28.172731083718698	3.4988798357339062	9.4987060899006071e-007	-1.5382116740132369e-006	-1	
-29.518001031462042	2.2443477773218716	-6.598816631947575e-006	6.0486343022489185e-006	-1	
-28.574344768430056	2.4354930794141652	1.6114049041741387e-006	-1.8920571811293244e-006	-1	
-30	1.3136695106004954	3.0288445124241383e-005	-3.0263741109824501e-005	-1	
-29.573735979031607	1.4440151579161822	-1.1547514130484927e-005	9.5050779797150361e-006	-1	
-29.242134192698121	1.7418930836621644	-2.2504619758027565e-006	3.142875764996598e-006	-1	
-30	0.6932173327862452	3.2134992187995894e-005	-2.9084263389320911e-005	-1	
-30.112379052162659	0.22787819942555732	3.3222099868523446e-005	-2.7867829077452774e-005	-1	
-30	0.38299124387911998	3.2817899305991147e-005	-2.8356546437393897e-005	-1	
-30.116684247002734	0.036382577485997346	3.3381083740225425e-005	-2.7401916526240757e-005	-1	
-30.093017402583428	-0.093017402583424849	3.3332352011404623e-005	-2.7130380033393633e-005	-1	
-28.842218126139283	-0.3615478309071839	2.7466781335864482e-005	-2.6931100064926614e-005	-1	
-28.290589189440535	-0.44948077316267265	2.4743373953034784e-005	-2.6875188612819772e-005	-1	
-27.702424301147506	-0.46987666089740726	2.173018946948772e-005	-2.6762273951122752e-005	-1	
-27.121556578306631	0	1.6584675625555142e-005	-2.771987401544255e-005	-1	
-29.431213844158005	-0.44134084059579443	3.0635298313659915e-005	-2.6666187587058732e-005	-1	
-29.590776817084866	-0.23769547840519392	3.1093621533731412e-005	-2.6906689671197152e-005	-1	
-29.963617422514005	-0.11668424700272791	3.2794136110106657e-005	-2.7064666892296435e-005	-1	
-29.810331583914618	-0.10046510114693481	3.2010595899235535e-005	-2.7060752958703202e-005	-1	
-29.225815278347664	-0.28404111067214671	2.9295867070544043e-005	-2.6955186502525997e-005	-1	
-29.61587117729918	18.996556578306635	-7.7378456990225731e-006	5.5705133645630161e-006	-1	
-29.118977928688764	19.161177306858125	3.558559680294587e-006	-2.4823454670074016e-006	-1	
-28.339410763274309	18.915934397298759	1.7616061481561472e-006	-1.7987141588251422e-006	-1	
-27.335133219733663	18.998396829895697	-2.9853382811193214e-006	5.2054883157501388e-006	-1	
-25.584069600328256	18.160712787964709	-1.1623194536578952e-006	3.4780194676866125e-006	-1	
-24.255574209665898	16.490882126585415	1.0431521717039552e-007	-6.5630723399987417e-007	-1	
-21.767939939414777	14.594372492512703	-4.8119915474438082e-008	1.1117033285426466e-007	-1	
-22.157120847566553	8.0930731866543493	7.4082855453377157e-008	5.7106144620045367e-007	-1	
-20.79146189429235	11.145510990541727	4.7134728012505261e-008	-2.2530231180046989e-008	-1	
-24.573440040230391	5.7814065838711599	-1.2714165362514899e-007	9.0898652736999176e-007	-1	
-25.032150689550758	3.2473221880802825	2.1643119833494329e-007	-8.5558232770415242e-007	-1	
-27.109759893670287	2.4898901688675177	6.1142196402994869e-007	-1.1358588606423221e-006	-1	
-156.46344870816344	300.72322566385236	0.00019976908549172931	-1.8473921828778164e-005	-1	
-150.96424101913269	303.42356020290242	0.00019606213248273788	-1.8250019672928159e-005	-1	
-145.41874355017686	306.02750906025079	0.00019230856928156804	-1.8022802191773723e-005	-1	
34.363456401046221	-51.778242034254092	6.0699711920197052e-005	-1.0288440966520301e-005	-1	
31.954853783938191	-78.301547150799991	7.7751302511156582e-005	-1.1556554400982117e-005	-1	
19.471359464209051	-89.73994871471092	8.7954118868650524e-005	-1.2435050213008614e-005	-1	
17.250041027937534	-103.44936722990477	9.4538730478917828e-005	-1.2842839550010753e-005	-1	
42.62232990913099	-58.678351537146973	6.3718542146466896e-005	-1.035881750899901e-005	-1	
39.545788619314187	-70.588606463369942	7.1584457584438139e-005	-1.0996073642186564e-005	-1	
-26.65394353385307	1.0969797823605238	-3.8851922875049368e-006	6.7453132621124712e-006	-1	
-25.25110440049238	1.0468171230473007	-1.8879184058718717e-006	4.8142023056770663e-006	-1	
-23.380652222678126	1.7767046026120954	-6.1641663513048281e-007	3.8106168133266073e-006	-1	
-22.213935171323353	4.7495461483496113	-3.6296837866776638e-008	-1.1839197636596267e-006	-1	
-18.272308174425156	8.1867266109425323	-1.854070064634246e-007	-3.3895330947182063e-007	-1	
-12.494174498328595	11.803337478649803	-7.1922959899398918e-008	-1.6542249821541778e-007	-1	
-9.2934456877540779	11.414009450064047	-1.3228326969318544e-007	-2.9682136616296703e-007	-1	
-1.6373003933791859	8.2268193507533436	-6.7182444824647e-008	-3.7201464223241934e-007	-1	
-6.3598236963418451	12.490450417825034	1.2904794455823825e-008	6.0570860859955588e-008	-1	
2.7418808319864505	9.5310240758321001	-3.7498000366788814e-008	-1.6614000592008649e-007	-1	
6.5752107219096345	6.2708731917032008	7.1923076358208168e-008	1.0931718023220153e-007	-1	
11.222713066885502	4.2385121849271519	2.5608738537236479e-007	8.3175012947456351e-007	-1	
14.963617422514004	0	-7.8825504681935394e-007	-2.8185691271222666e-006	-1	
16.834069600328252	-4.128016880833254	6.9068978260630373e-006	-4.9368127112213915e-006	-1	
19.523724976110806	-7.7756008315406806	1.3744436669472617e-005	-6.3408925642113316e-006	-1	
27.672044976693339	-10.692505829684379	2.053158677688071e-005	-7.5126244949452032e-006	-1	
33.591126282202694	-12.155767446194929	2.4587366913747937e-005	-7.7407114568883609e-006	-1	
40.991069259168697	-22.624885599918549	3.6652659166356868e-005	-8.2985127651949089e-006	-1	
43.00510618246016	-36.740059457387154	4.847620644730876e-005	-9.1587305798901361e-006	-1	
13.090287024535701	-140.06415534947453	0.0001068200445028784	-1.3529412885708198e-005	-1	
17.817129615733908	-130.0863693654417	0.00010263826501266406	-1.3254039360255129e-005	-1	
14.292657204691119	-119.62322699572667	0.00010115083872593342	-1.3237611058509075e-005	-1	
14.303070957103214	-150.19420163384331	0.00010849987505817145	-1.3593138480725805e-005	-1	
5.3999377784257012	-169.08263565578545	0.00011475510821322452	-1.3992447435340574e-005	-1	
14.319816688294514	-160.39657401339474	0.00011036176345958156	-1.3680733769642106e-005	-1	
-5.2262130320464832	-179.94996871400468	0.00011969441377452817	-1.433084309045889e-005	-1	
-11.522015054433972	-197.50231588480625	0.00012331698979713845	-1.453697178366857e-005	-1	
-3.8480530448875805	-191.35193304241199	0.00012036351473290322	-1.4332416860385386e-005	-1	
-15.306246390543906	-212.682343952927	0.00012544525961859755	-1.464756536928341e-005	-1	
-25.228010406216676	-213.35677850213614	0.00012848974180422769	-1.4873893997229625e-005	-1	
20.66785492917661	-112.43162125257309	9.6354589223529458e-005	-1.2882115298116784e-005	-1	
-75.772896310322281	-265.62613567129915	0.00014229990529074103	-1.5758389513146903e-005	-1	
-77.242265610925983	-282.87054926417352	0.00014191800044285302	-1.5713430599149785e-005	-1	
-71.479909833284026	-274.58218661976753	0.00014087712945993439	-1.5648666804148382e-005	-1	
-101.0328159817534	-295.38851985384508	0.00014670060553494013	-1.6035817442579851e-005	-1	
-86.694153233133065	-286.41505484471315	0.00014396532480135364	-1.5853026081645577e-005	-1	
-60.724291838700218	-239.34342131762057	0.00013914973860111151	-1.5579287430173261e-005	-1	
-68.872854106491843	-258.48260719659191	0.00014080217099019887	-1.5663158021087476e-005	-1	
-60.15553966283904	-254.18222725399448	0.00013864019584716971	-1.5517605734933645e-005	-1	
-154.78663931182766	-327.55925198907579	0.00015510116503755141	-1.6599535222428235e-005	-1	
-149.72788773526162	-324.14281861213067	0.00015446400580038669	-1.6556416877546364e-005	-1	
-144.30836096145796	-326.79859961050465	0.00015320589869372052	-1.6470741253438618e-005	-1	
-119.06396957431966	-323.17735265376444	0.00014859613534790554	-1.6155331632610093e-005	-1	
-107.94365565336068	-316.84857238928373	0.00014679261862864985	-1.6032356225142193e-005	-1	
-132.85765738830534	-330.70368513529729	0.00015071351680624574	-1.6299970172295403e-005	-1	
-125.96551665326963	-329.68144087531056	0.00014947536891999968	-1.6214818170510519e-005	-1	
-138.11037988903564	-335.2814022048567	0.00015133690625543353	-1.634259812540027e-005	-1	
-143.71377872283907	-332.80450629682753	0.00015258724569765009	-1.6428294150801602e-005	-1	
-101.14257415250854	-307.1959587385378	0.00014599014856798273	-1.5980399462844601e-005	-1	
-48.579449604850112	-230.79845509359117	0.00013576891205251243	-1.5358114309332346e-005	-1	
-39.8967770423546	-227.80655068343123	0.00013321386660522419	-1.5181560174825082e-005	-1	
-24.082212054348595	-222.75408766638526	0.000128474646907422	-1.4846750032823087e-005	-1	
-33.19063412895369	-232.91259602598618	0.00013135036035162595	-1.503372155708696e-005	-1	
-71.990613577048322	101.11037818226933	0.00053681186352575643	-1.7689992006139091e-006	-1	
-73.224719691918594	101.98427378640214	0.00055429493714102818	-1.1567554254528e-005	-1	
-70.039785610194443	101.18403025312503	0.00046933030384385514	-5.4533491079811482e-006	-1	
-68.926683810528715	102.81886884935233	0.00041119237283989861	-7.0491680716058785e-006	-1	
-66.809386422951661	68.889621817730671	0.00051184398173046331	5.9042991808363274e-007	-1	
-67.693604185676193	67.673893008427413	0.00052824521626245726	-8.9564379923079177e-006	-1	
-57.059367017785561	100.65292545413969	2.9905082902457803e-005	-1.9244935346795707e-005	-1	
-55.840037782459632	98.704450219942316	-1.5938112949212739e-005	-1.9543227378216186e-005	-1	
-53.50256941415126	97.302886293866209	-0.00011013557840450898	-2.0285824734362865e-005	-1	
-48.293493377262728	90.413648570043534	-0.00026877655218423272	3.1405277330602807e-005	-1	
-48.06145193588771	95.718166719209876	-0.00027498051749967807	3.5378225466262176e-005	-1	
-47.313906836347094	85.514705448188337	-0.00027653633111731388	3.438949261974293e-005	-1	
-53.258201552538125	76.00120068757451	-4.2139883577106808e-006	-1.9128431140567675e-005	-1	
-51.074050387707523	77.524186035580783	-0.00010524807958327586	-2.0603336670363547e-005	-1	
-48.572084223810961	80.340999464982701	-0.00020951281374596958	1.3548144921311872e-005	-1	
-65.544672890189418	69.72864511730458	0.00046821542727353872	-2.9240212917854275e-006	-1	
-113.47483498658228	307.3241371203984	0.0001734679714076587	-1.687145540463019e-005	-1	
-107.81501497932457	304.43587442004838	0.00017062432124741585	-1.6697337485528635e-005	-1	
-123.40638366540098	308.52224758689789	0.00017911849980079477	-1.7218680366462981e-005	-1	
-118.14059031248081	311.63764511038028	0.00017532469312170749	-1.6984523872798984e-005	-1	
-128.52147199638972	313.25325790233768	0.00018099858062879751	-1.7333395666180038e-005	-1	
-134.19564970725281	310.9431065792798	0.00018479446996375203	-1.7565665118010566e-005	-1	
-139.82864551354541	308.53427904785053	0.00018855658563491428	-1.7795010938131872e-005	-1	
-82.805094779154089	288.91840250970256	0.00015723244544388836	-1.5888289033211703e-005	-1	
-88.806396762962734	298.60380859057261	0.00015970871517916515	-1.6025024470107615e-005	-1	
-97.827752400587158	303.09394550319018	0.00016468297375803431	-1.6330041572459282e-005	-1	
-73.606453831092665	282.75608696963764	0.0001516282895544159	-1.5553501351533586e-005	-1	
-32.468464840319022	231.30232859384344	0.00011529727905567491	-1.3608464753235245e-005	-1	
-33.984895645787901	240.24744508502968	0.00011894877570654551	-1.3730576961436127e-005	-1	
-40.722144727789811	246.32396927536507	0.00012589848722193732	-1.4131700988448176e-005	-1	
-47.845781490811746	253.62980088051165	0.00013280312714462441	-1.4513535149253407e-005	-1	
-62.07357893532091	260.47254222901802	0.00014469233542670657	-1.5221524870535349e-005	-1	
-54.466119391180726	265.82037020778159	0.00013848788769330034	-1.479291245741639e-005	-1	
-62.659892870002878	269.44815406917894	0.00014467431446698795	-1.5169518012958251e-005	-1	
-64.003603026358732	278.30779190505973	0.00014518564464631052	-1.5161903219505398e-005	-1	
-36.351915941150637	152.36465080216229	4.3579768225107203e-005	-2.1750440734278886e-005	-1	
-34.567691502555093	153.77014185086077	4.0609278222231288e-005	-2.084989637041233e-005	-1	
-32.779885900767567	154.85344535147286	3.7519902214476615e-005	-1.952598509964184e-005	-1	
-37.37656096309685	151.13475805869311	4.4451518295261295e-005	-2.2143407776058215e-005	-1	
-15.025603261779015	199.05977487626316	8.0583672070261297e-005	-1.1715013044970325e-005	-1	
-12.492060926903674	210.47908669918237	8.6997584519062269e-005	-1.1859125702732709e-005	-1	
-18.840498552009723	221.30482765389033	9.8754061807861533e-005	-1.2564113957529882e-005	-1	
-21.992019433348247	229.15675445560873	0.00010502994184441587	-1.2888739448767484e-005	-1	
-11.711086232725799	179.85530755332783	5.6075313729169469e-005	-1.0260841495663236e-005	-1	
-7.4597202809967005	188.39899334292576	6.2953716039646838e-005	-1.0358331149664866e-005	-1	
-17.30944082133723	162.13504316114145	3.0568026661351196e-005	-9.3027827176363936e-006	-1	
-9.0716735149121597	170.65230969991006	4.0154300325418318e-005	-8.7779522509802262e-006	-1	
-30.332073081333959	157.25030836478075	3.7684692882497099e-005	-1.6671207034619151e-005	-1	
-19.646569600328249	154.13918475081226	1.1564595946091965e-005	-8.1589244390033866e-006	-1	
-24.01247395595675	152.45484221751184	9.3453149335354468e-006	-1.1860292115441408e-005	-1	
-27.753825959426294	154.99434256674175	2.4356791425727723e-005	-1.573629606339964e-005	-1	
-50.049398132122619	111.06121148861963	-7.7761757956121155e-005	-8.028069297852665e-006	-1	
-45.191558447253691	113.2151798969663	-0.00011119619482399813	-1.3815508714718956e-006	-1	
-46.317659354133859	110.65932827452808	-0.00013926880882247222	-1.9010675682378034e-006	-1	
-53.187616753370079	109.55219181412897	-3.5086526456163957e-005	-1.4422224710866995e-005	-1	
-54.023003034064523	109.14949663687796	-2.0220071617980751e-005	-1.617423855273944e-005	-1	
-52.33877398633075	109.17869536086772	-5.8750631828706892e-005	-1.3570808953912212e-005	-1	
-50.485391250384829	108.96489894362927	-0.00010054367798998894	-9.8714118008366564e-006	-1	
-39.452401383686492	133.21859521716371	1.139663235521978e-005	-7.4822177665819629e-006	-1	
-39.918566111739935	129.5065410166458	-5.7904072757007549e-008	-3.5128240281510768e-006	-1	
-39.21345367342667	127.4077544073985	-1.2845088751807153e-005	-1.001939032228462e-006	-1	
-41.038996282907497	125.83449262979209	-1.4324684959205058e-005	-1.9110255284812658e-006	-1	
-40.646990190813085	123.4037235459968	-3.2276269490285651e-005	-4.1768941939347977e-007	-1	
-38.885974216092912	130.96430404150834	2.055518613718852e-006	-4.1824481658717833e-006	-1	
-43.113916190815885	115.49976762547439	-9.6833389164738615e-005	-6.941712687828346e-008	-1	
-41.72602315792313	118.25833452954495	-7.1865224147231135e-005	2.9230791774955668e-007	-1	
-39.897663474514793	121.05834157556725	-5.3889931175206121e-005	1.1397816440012995e-006	-1	
-37.637443414476984	137.26238913676656	1.2261064515753622e-005	-1.2462477616990325e-005	-1	
-37.741236191510659	135.4078514622355	9.6436417229810003e-006	-9.8806885422177199e-006	-1	
-36.812272062531179	149.25100177039312	3.7708283793178023e-005	-2.4029279546334319e-005	-1	
-36.569739823123548	150.13687445487582	3.9139964812099279e-005	-2.3587454896252502e-005	-1	
-36.822551644370755	147.88932636990219	3.3613477169967254e-005	-2.4727402225509097e-005	-1	
-36.05329381325911	147.08428324558469	2.7733078883280943e-005	-2.6337317154874207e-005	-1	
-36.375946766245995	145.58406960032826	2.3440240498129684e-005	-2.524569360969058e-005	-1	
-36.349333341235614	143.80717754065222	1.720244742510246e-005	-2.3367564430506347e-005	-1	
-35	140	-4.142455201704686e-007	-1.7105833206631511e-005	-1	
-35	137.518191288743	-1.8051866743667578e-007	-1.2918813536683871e-005	-1	
-35	142.481808711257	4.1671767040656077e-006	-2.2826747057196741e-005	-1	
-71.320933788368819	103.80819960059672	0.00046728009058405413	-2.6918628659779574e-006	-1	
-70.897864657671818	103.25586521658366	0.0004642779811494459	-3.4109801959404119e-006	-1	
-70.351755984962224	102.59279391761034	0.00045837911207631261	-4.5497136511515294e-006	-1	
-72.30755696674953	105.01414626415293	0.00047132809256693813	-2.034342720206123e-006	-1	
-73.05741458310851	105.09322293239701	0.00048768998733636081	-2.3309605772574627e-006	-1	
-72.810727823226841	104.97540756269112	0.00048452205289621647	-1.0827122783708129e-006	-1	
-72.651845217331356	105.01068414016012	0.00047992050314600012	-1.1819970906464944e-006	-1	
-72.523396012631139	105.00336623728204	0.00047692916253832635	-1.3496985277055217e-006	-1	
-72.28854272615736	104.81184155528044	0.00047501526938913558	-1.2247461783499808e-006	-1	
-72.218173584807374	104.46590294074056	0.00048020604861874093	-4.9442575546544706e-007	-1	
-72.003127344381213	103.9688011747116	0.00048407232648020653	-5.7889395900896709e-007	-1	
-73.381729653349552	104.50770383162059	0.00050808884536125969	-2.9623550062176759e-006	-1	
-73.30650426663712	103.55330980002577	0.00052617202911664647	-6.1124547666152093e-006	-1	
-73.169497740547072	104.12049154982728	0.00051139979343706968	-3.3043002285895449e-006	-1	
-72.99800994908658	103.05803494548719	0.00052858245631180441	-5.6023837297349007e-006	-1	
-73.170714234093879	104.82201420403688	0.00049646084235532915	-1.2112212316564819e-006	-1	
-55.394545990108327	108.73909948848137	9.7938615791789417e-006	-1.763316155597767e-005	-1	
-55.953665198197484	108.32780694950168	2.1107876061878301e-005	-1.8212265904173701e-005	-1	
-56.301065561161472	107.20937187942799	2.3227675312729439e-005	-1.9663497679027046e-005	-1	
-56.438967818027322	106.29911916602026	2.2260508950993251e-005	-2.0392024100717364e-005	-1	
-56.285253920918073	104.93487740274931	1.0990757633897364e-005	-2.1206518712830962e-005	-1	
-56.982208632304001	103.19145124624471	2.8904363657305312e-005	-2.0020258361546717e-005	-1	
-54.719844042234108	108.57614819818477	-8.8338360843692556e-006	-1.7992755242688667e-005	-1	
-15.743415141964405	68.335075606362409	-4.6552340882083402e-005	6.6050010310551498e-006	-1	
-21.470292228696479	68.814751821669191	-9.7500783463869178e-005	7.4675152258225466e-006	-1	
-25.383791751795453	68.746388280884233	-0.00013157765819359776	6.9751894652924974e-006	-1	
-10	68.134095644371499	4.9094133956170259e-008	5.7166477921749227e-006	-1	
-3.2322259017260535	64.701143466557255	1.1156869777893607e-008	-1.6872614658022166e-006	-1	
0.64247089690882841	58.34300770929913	-1.4667295007090456e-008	-3.9467440310510462e-007	-1	
-0.36442609782627788	37.518786756701211	-4.5866307534946388e-008	-5.1017917339000069e-009	-1	
-2.9085911048404625	32.870716492571297	-5.2273171558858726e-008	-1.3878711776497828e-007	-1	
3.1558388077442299	51.334288330278554	-1.0777880005135492e-008	3.1942646226589277e-007	-1	
4.1531491345833293	43.570783796586646	2.4015458944754051e-008	-4.1803279629193844e-009	-1	
-26.204521778142507	20	7.102288526454865e-006	-1.7117764473961892e-005	-1	
-24.963617422514005	20	3.5524664304458814e-006	-1.4755165277536869e-005	-1	
-22.481808711257003	20	-2.7501942513371094e-007	-9.5365422405291347e-006	-1	
-27.445426133771011	20	1.3522189018486789e-005	-1.831958213518877e-005	-1	
-28.065878311585259	20	1.6596362299629494e-005	-1.8723942355327208e-005	-1	
-20	20	-2.6311075323028387e-006	-5.1476097933119842e-006	-1	
-17.518191288742997	20	-1.7135897049085247e-006	-3.8932590330748714e-006	-1	
-13.840707230213649	23.38031137697455	2.4043142832702352e-007	-3.4344530709600726e-006	-1	
-14.046555977476061	21.903256489778922	-4.7702198541187969e-007	-3.2335802649912334e-006	-1	
-15.036382577485998	20	-1.577326994200606e-006	-3.0096600842959573e-006	-1	
-11.231883529532531	26.080431466146926	-3.1964036820753729e-007	-2.6910641619904046e-006	-1	
-10	26.938669510600491	-1.0214519168751578e-006	-2.2615457704967294e-006	-1	
-11.507095644193193	24.604501974868633	-4.5532555754750369e-007	-2.7662838619441786e-006	-1	
-8.0529937723484331	28.655145599507616	1.7553506561128548e-007	4.0260252876748229e-007	-1	
-4.2386080466869913	29.175992045717791	-3.3336835779565912e-008	-7.0168227632316606e-008	-1	
-30.093017402583424	20.093017402583424	2.5716306171605402e-005	-2.0547779540326951e-005	-1	
-29.963617422514005	20.116684247002727	2.5238462209046934e-005	-2.0291173139184833e-005	-1	
-30.116684247002727	19.963617422514005	2.5751173554311135e-005	-2.0968681255854101e-005	-1	
-29.772121800574446	20.112379052162659	2.4403698291112413e-005	-1.9984927828173704e-005	-1	
-29.617008756120882	20	2.3610153696226359e-005	-1.9869684669286871e-005	-1	
-29.30678266721376	20	2.221422388821239e-005	-1.965161319860788e-005	-1	
-28.996556578306638	20	2.0778948144093863e-005	-1.9481599363979894e-005	-1	
-28.686330489399509	20	1.9427980570834815e-005	-1.9216790804512938e-005	-1	
-29.554765967871937	19.486517119624999	-5.6397493524268037e-006	4.7215829459765859e-006	-1	
-30	19.927234845028007	2.5545060536427508e-005	-2.1079761131931854e-005	-1	
-29.846933175511275	19.846933175511275	-1.6339236058662256e-005	-1.4321944762761627e-006	-1	
-29.610051675407661	19.740329437342556	-9.4092853234233446e-006	6.4451794473568679e-006	-1	
-31.538080015662338	67.712267383421121	-0.00016920441542026953	3.2456096105315409e-006	-1	
-32.386922782701618	68.08576383668219	-0.00018047263573538848	3.2404884332689863e-006	-1	
-30.702693734967827	68.114962560671714	-0.00016987037824892502	3.697299451520326e-006	-1	
-29.862433110649754	67.803860031864076	-0.00015915487458940071	4.0051549092991068e-006	-1	
-28.392053512557627	67.834417442386552	-0.00014809282214638643	4.8774159158080664e-006	-1	
-34.998842145477127	69.386219362144658	-0.0002174775860482103	4.247633715809358e-006	-1	
-33.065337898310226	68.912468830208482	-0.00019912963872311892	3.6629422686096733e-006	-1	
-33.767187302743103	69.537447561193687	-0.00021570096662025163	4.2678462681099616e-006	-1	
-38.485440276305283	71.395879609058156	-0.00025241805681415583	2.1490748091324682e-005	-1	
-36.055439250751277	70.507123145122875	-0.00023935099528794336	1.3809489650530938e-005	-1	
-27.504824043597853	69.15621229291547	-0.00015508138709642585	6.5305491264481559e-006	-1	
-52.020695483869339	73.643536714256726	-2.7390584443447997e-005	-2.1075669491382611e-005	-1	
-51.557562264144728	71.818194363849699	-2.3633588471613787e-005	-2.2098542114821527e-005	-1	
-50.942407423502715	70.638920574558242	-2.9645120209366673e-005	-2.3317032716611823e-005	-1	
-50.698573519960604	69.727755633622664	-2.5135270846170442e-005	-2.3768262332512585e-005	-1	
-50.417755415281462	69.134833108155789	-2.5441366148945472e-005	-2.4211547810417145e-005	-1	
-50.488172261807918	68.655635016717241	-1.6250615506525859e-005	-2.359678426579857e-005	-1	
-50.274711144681753	68.368143419681687	-1.8198532077313775e-005	-2.3886633952575041e-005	-1	
-50.213891096401753	68.008481593353608	-1.4355856715071518e-005	-2.3411723761343484e-005	-1	
-65.617860412890735	68.184872357610672	0.00046208296089953241	-1.068415073812557e-006	-1	
-65.341805135295829	66.539972255637267	0.00043985116942598713	-7.1145427494868995e-007	-1	
-65.398900700375364	65.852299247079486	0.00043545947160002451	-6.6611660272614075e-007	-1	
-65.783570686075294	67.070064010331848	0.00045956563313281093	4.462192581785215e-007	-1	
-50.152871804303381	67.458771888261381	-7.3481062258458209e-006	-2.1909181223380784e-005	-1	
-50.159185625565001	67.662053226432604	-1.0419774825462942e-005	-2.2648212861981426e-005	-1	
-49.878631728567633	67.244512058876921	-1.096971072466309e-005	-2.1325239577780384e-005	-1	
-48.547045415551381	67.722709172605292	-5.1364484056046641e-005	-1.9977213060734842e-005	-1	
-49.679973426872387	67.287606335315573	-1.659864188747175e-005	-2.1417312866237385e-005	-1	
-49.162872836918403	67.647095073080777	-3.5485555335150834e-005	-2.1776287520852324e-005	-1	
-49.611047841644101	67.478843102688245	-2.1527277459053656e-005	-2.2281066781140536e-005	-1	
-49.470786547601904	67.609288023318513	-2.7291397460763876e-005	-2.2612341901947214e-005	-1	
-48.173648158156922	68.463269506041584	-7.304790566650122e-005	-1.6200307877876819e-005	-1	
-47.941199003587379	70.043358005392861	-0.00010470940200241813	-9.6117857699385129e-006	-1	
-46.570998253145248	71.62494651673066	-0.00015971870024333876	3.8630518081938901e-006	-1	
-43.94520133889332	73.487601673402409	-0.00023526204222241805	2.4254209328320555e-005	-1	
-40.03078978847546	74.010696858358713	-0.00028324097346533892	3.5258195791686067e-005	-1	
-65.589182496799808	65.267030008462726	0.0004354533639820804	-7.3833634580188631e-007	-1	
-66.764328236355226	65.014818379418074	0.00046800847935878293	1.0618798520735251e-006	-1	
-67.052265193001986	65.254237590083989	0.00047974724710421956	-5.5554035388452619e-007	-1	
-66.092781766292816	65.021698698018227	0.00044799508602911219	6.8901260690030071e-007	-1	
-66.218559621371796	64.979192525489296	0.0004512258070793545	9.2536380415115732e-007	-1	
-65.931205484959264	65.281478764204792	0.00044633239020593811	8.3513246473146777e-007	-1	
-66.090571979400451	65.154446430101373	0.00044969141099022921	1.3905415948314577e-006	-1	
-66.379696943495972	64.968880754903751	0.00045591034966733438	1.0751692937241769e-006	-1	
-66.518139177567065	65.051978992065344	0.00046126783645781768	1.6920996411537703e-006	-1	
-67.158852018727714	66.731260085366429	0.00050197268685940144	-3.2739054707084917e-006	-1	
-66.725352640431055	66.042699531248246	0.00048074008119472516	5.8717745568742846e-007	-1	
-66.953037530176402	65.663123516008483	0.00048257751821441353	-7.6322326175236373e-007	-1	
-28.772683893563489	1.0951570975102753	1.9129191719297518e-006	-2.1299832210590301e-006	-1	
-27.834259037963335	0.92703298772232212	-3.3778969250452193e-006	4.8325201578979363e-006	-1	
-29.641467423633838	1.0034434216933703	-1.0588982781541771e-005	7.2248750867212906e-006	-1	
-29.223450362072505	0.9429550800507408	3.4569125718883985e-006	-2.5377264463945139e-006	-1	
-29.732271198431441	0.53810428833268253	-6.7954983357932133e-006	3.4114725081928741e-006	-1	
-30	0.072765154971994692	3.3151155765420183e-005	-2.753267373682847e-005	-1	
-29.846933175511271	0.15306682448872527	-1.5660912695784068e-005	-5.9340759536542211e-007	-1	
-30	0	3.3010198113909362e-005	-2.7282933273361062e-005	-1	
-28.524395711667321	0	2.4941682191408429e-005	-2.7615088591053119e-005	-1	
-28.992008756120882	0	2.7437818557669815e-005	-2.753720904778108e-005	-1	
-28.05678266721376	0	2.1867861141866043e-005	-2.8019061259941402e-005	-1	
-29.459621800574446	0	3.0058989816226282e-005	-2.7236261578397321e-005	-1	
-29.693428322801225	0	3.126700142507147e-005	-2.7174185116498825e-005	-1	
-29.927234845028007	0	3.2547820689835594e-005	-2.7189324440748196e-005	-1	
-29.292630878862774	19.676543062183566	-4.508549675245809e-006	2.864603903969006e-006	-1	
-28.841443533853077	19.560784881788368	-4.5097499099934179e-006	3.4881420611505124e-006	-1	
-27.781981140259287	19.439755981184991	-4.5220496180025998e-006	4.571049290821853e-006	-1	
-28.376104400492384	19.643443281120156	-4.6067448933236695e-006	3.7408501562962312e-006	-1	
-23.722713066885504	18.557108988091265	-5.0351332939739535e-007	3.448126660248335e-006	-1	
-21.240904355628498	17.677764544795622	4.4565141402694075e-007	1.717944713863602e-006	-1	
-19.634729167405425	14.538168419598243	-4.3025425761071467e-008	-6.6793344453702807e-008	-1	
-19.419974356252489	16.661285813129648	3.2921762955136223e-007	4.1814859867218673e-007	-1	
-17.18829855372659	11.918410361143486	5.7325467410766502e-008	1.2869650659721571e-007	-1	
45.987872691453227	-48.456139224989897	5.6841524513802054e-005	-9.762679687552923e-006	-1	
30.09279960608815	-88.961964589225644	8.368471007628089e-005	-1.197498686430529e-005	-1	
41.332577149853144	-85.432384406720772	7.87203792055618e-005	-1.1470741135559579e-005	-1	
25.93003303760149	-98.207875595559031	8.9172928198903107e-005	-1.2384622800598422e-005	-1	
50.815081864391999	-65.656841214292285	6.6607982795066718e-005	-1.0446266180639672e-005	-1	
56.619364436672953	-48.7607943054674	5.6350799373956379e-005	-9.5370066013555167e-006	-1	
48.750222712727606	-76.279839962599013	7.2539399407969702e-005	-1.092146105551013e-005	-1	
-14.162096639683481	14.562735413537482	3.8734002659007881e-008	7.9072011431328654e-008	-1	
-10.585908361084316	14.402329895362683	2.7166281372007967e-008	6.6239539935930139e-008	-1	
-8.658449813052167	14.607330461934502	2.9735177481549174e-008	5.9178024491954396e-008	-1	
0.2840889760564369	12.372472623825322	1.6226142399924123e-008	8.863856360584424e-008	-1	
-4.782279618288328	16.067203538158381	-8.2860432556471501e-010	-5.5211151653607901e-009	-1	
-6.9679109345952073	15.555592022424253	-7.6368738581963502e-009	-2.3965258075577841e-008	-1	
-1.4125407927624756	15.724489641312877	-5.2743659808999867e-009	-2.8019502537654337e-008	-1	
5.8071274904792629	13.6698062960056	4.7071442918486083e-009	1.2086199068324176e-008	-1	
7.6162052541760978	11.194218824101586	5.9882191025659341e-009	5.9904075594701011e-008	-1	
12.607528591150301	10.90848007136259	-8.9768881927778024e-008	-2.9187026341196838e-007	-1	
16.834069600328252	3.5514686678733924	1.1085904317122963e-007	4.4738280677887902e-007	-1	
18.704521778142503	0	-8.4024057212455219e-007	-4.2182310835536604e-006	-1	
21.850160106582365	-3.0686297468313093	6.0759796792914433e-006	-6.2765611774429401e-006	-1	
24.113096568353011	-5.2250037255863573	1.1053739642476731e-005	-6.9939261023737009e-006	-1	
31.824194689966571	-6.5998797072272382	1.7548620822186843e-005	-7.6458882939082672e-006	-1	
28.762325788714467	-4.9652705830237256	1.3545766181274883e-005	-7.6696932182161816e-006	-1	
35.295016174013156	-6.5802230731099387	1.9641152377128331e-005	-7.552309778957183e-006	-1	
43.773922161347599	-10.110201396799058	2.6915662581099713e-005	-7.5201273648691388e-006	-1	
52.28608807736336	-18.569775717205019	3.6173168905169013e-005	-7.9373518520901123e-006	-1	
49.573811738217501	-28.773067869091825	4.2878873895020332e-005	-8.5686311741324313e-006	-1	
53.141243898070996	-38.709719290042869	5.0087579270175017e-005	-9.0825253439374723e-006	-1	
23.216770082243645	-139.71669318437728	0.00010319592919068467	-1.3210778194545726e-005	-1	
31.719524485508312	-128.62034317846059	9.7507433641642058e-005	-1.2790018639031637e-005	-1	
23.418981927082072	-121.29197184021501	9.8181718031996126e-005	-1.293841141634228e-005	-1	
27.051683434476114	-155.2744765473085	0.00010531291750979687	-1.3278287656108184e-005	-1	
29.232502477606211	-146.48538103987144	0.00010276597177450248	-1.3116326534033993e-005	-1	
14.137435140921943	-172.84561588790504	0.00011241919931421824	-1.3780016963430337e-005	-1	
10.350538950563159	-181.5727745108704	0.00011479379472683685	-1.3931462985207082e-005	-1	
22.981416180110394	-169.34020866970246	0.00010911978552105761	-1.3521616647880424e-005	-1	
5.7271875976640212	-190.057236475579	0.00011723608344317732	-1.4090467040979711e-005	-1	
-7.5260741253125696	-206.48838054754663	0.00012271761658433659	-1.4459487099186766e-005	-1	
2.4572664044210093	-205.59562739415648	0.00011969075914439465	-1.4227150508605404e-005	-1	
9.8299140220010734	-198.80532817891566	0.00011689832282602528	-1.4030081023501655e-005	-1	
-6.7594425305988581	-217.76647681148748	0.00012323154668181244	-1.4464727649145191e-005	-1	
-15.110746762196118	-225.77651779846897	0.00012600791420128081	-1.4654265554711681e-005	-1	
29.995152156349384	-114.74762333098745	9.3866018922055531e-005	-1.2600618167117795e-005	-1	
-61.297050647640717	-264.57293072765918	0.0001386746303505155	-1.5505223709067724e-005	-1	
-77.272748770539252	-292.96514040053404	0.00014150131082812042	-1.5675880018279197e-005	-1	
-62.779839011226741	-289.9237415716745	0.00013830562661303124	-1.5452241215954424e-005	-1	
-58.578506915034033	-280.07064481358384	0.00013760753891695787	-1.5411619153115668e-005	-1	
-93.34137359584706	-301.36424661997034	0.00014465538554728468	-1.5890646230308447e-005	-1	
-83.666999208215813	-302.49299662198439	0.00014248063983420236	-1.5738256572064044e-005	-1	
-49.831052375499674	-239.9088619692705	0.00013605995585758021	-1.5359596466878462e-005	-1	
-50.913674814127752	-249.99649531095292	0.00013624114865829314	-1.5354327452578666e-005	-1	
-52.260601628180865	-259.31818476569742	0.00013647243796444005	-1.5356004123136176e-005	-1	
-149.27309633776969	-330.23019483816444	0.0001538379260727118	-1.6513685329357784e-005	-1	
-116.55801031845158	-332.32364610436764	0.00014747504862481275	-1.6076315668427449e-005	-1	
-111.65284453800433	-329.09425567584594	0.00014673949030528068	-1.6025666883773156e-005	-1	
-101.94978203305887	-328.15292201058458	0.00014489733830505737	-1.589746010333213e-005	-1	
-94.522107613938473	-316.97333480185222	0.00014403942879873612	-1.5840618841640696e-005	-1	
-132.4646066859255	-337.66012807576419	0.00015010476572541723	-1.6257803886462806e-005	-1	
-126.77817887071814	-339.93995932660664	0.00014887327517159568	-1.6172705598019249e-005	-1	
-121.68841620838552	-335.1817135070068	0.00014826012104610824	-1.6130421210290147e-005	-1	
-89.389020132258565	-309.51242030248125	0.00014336436915150238	-1.5796466821022877e-005	-1	
-41.466486801672012	-236.08785873751833	0.00013370830681049255	-1.5198592522472001e-005	-1	
-23.038162723419287	-232.16324460982128	0.00012846188814575205	-1.4822735081468273e-005	-1	
-27.400086434851243	-242.21566551224336	0.00012989761045365894	-1.4908013424539148e-005	-1	
-71.09714320551015	102.16583241890743	0.00048888821966696771	-2.9844667209597027e-006	-1	
-72.189891544513586	102.3496380424439	0.00052089419526593552	-4.7925878051227457e-008	-1	
-66.610108455486412	67.6503619575561	0.00049457535750736575	2.2720618121833218e-006	-1	
-55.309145877564468	100.94084761479813	-3.4774452144497003e-005	-2.1236295741670378e-005	-1	
-55.55310758033788	102.69773574380774	-2.2159512306496574e-005	-2.183756663385078e-005	-1	
-53.80613429245674	99.775223826151887	-9.5140399035919488e-005	-2.1911823620782209e-005	-1	
-50.713477511395801	98.918546692937568	-0.00019280719273104122	9.7806688857014973e-006	-1	
-43.971890021840174	92.88193816258449	-0.00035238250111322436	5.8822272968851482e-005	-1	
-42.128021423197858	88.259291986941548	-0.00037463464595647282	6.5033133694255603e-005	-1	
-48.424560996857444	99.858676764992637	-0.00024532992604807554	2.7082836637289669e-005	-1	
-43.698076534699361	100.05325234557489	-0.00032407646059373071	4.9816198247527476e-005	-1	
-44.053736710562823	80.574638191761935	-0.00031261950758824946	4.760969760143953e-005	-1	
-50.77048550940205	75.051848503295105	-9.0137054175071013e-005	-2.2116779180762659e-005	-1	
-48.596776838883045	76.5735516742226	-0.00017235556165121001	4.0374817413903615e-006	-1	
-45.448358319858841	76.270560837437174	-0.00024473475692671974	2.7666999318243612e-005	-1	
-112.4304854266056	313.59190848966233	0.00017155639492363601	-1.6750896561939867e-005	-1	
-106.40871475943763	314.59253957280407	0.0001677822450086081	-1.6515870337312027e-005	-1	
-99.623349698490387	313.00969143470292	0.00016401513974592102	-1.6280870789645584e-005	-1	
-122.80784079045387	315.46402932255228	0.00017721808952089903	-1.7100956531562208e-005	-1	
-117.05649651685974	317.57474741753271	0.00017344324543624672	-1.686755498658921e-005	-1	
-75.870873973843317	297.95938134362399	0.00015143988709986466	-1.5503759229907575e-005	-1	
-81.059568883352753	309.82616192811565	0.00015319343775007144	-1.5598814090578043e-005	-1	
-88.810655451860796	312.24032348597513	0.00015759142863607526	-1.5876357560581924e-005	-1	
-64.384875595144095	288.88402487279541	0.00014468474941592064	-1.5093756336504905e-005	-1	
-24.371304467718755	237.27610425040623	0.00010987718332950402	-1.3121562105002073e-005	-1	
-27.685626838138759	246.77690784375997	0.00011511858873369114	-1.3381905738703029e-005	-1	
-39.592194089481723	256.46520133706366	0.00012628747216366254	-1.4059258376991538e-005	-1	
-46.347102816634553	262.22719368135398	0.00013204458509644162	-1.439799160146895e-005	-1	
-53.921021414180629	281.52394186942632	0.00013786113806226564	-1.4675494281817103e-005	-1	
-43.663164099936225	273.55847608633718	0.00013051711082647611	-1.422809129999513e-005	-1	
-35.484168879161864	151.55965366442103	3.8441772375974905e-005	-2.2923114256257786e-005	-1	
-34.783622906902565	152.14884160551557	3.7180945251861694e-005	-2.2508467409352161e-005	-1	
-36.095467070561625	151.20912523683049	3.9933681215205859e-005	-2.2945684275483367e-005	-1	
-33.82388861967145	152.31343387451346	3.3858057009610066e-005	-2.2460242068604645e-005	-1	
-32.270664472310784	152.8260112881747	2.9596229695222982e-005	-2.1476025695944134e-005	-1	
-30.931417115211509	153.87724942183263	2.8710360068062935e-005	-1.9437281967282375e-005	-1	
-3.0588785086379122	197.24307069116685	6.8679213675298955e-005	-1.0525523413753385e-005	-1	
-1.493168153071855	206.83095366734514	7.5500177445838532e-005	-1.0865212784775233e-005	-1	
-2.5815889423123739	216.48467259157147	8.2896652813773335e-005	-1.1307106166507882e-005	-1	
-13.547751766714171	228.62837775353393	9.7924506455597274e-005	-1.2337754802757474e-005	-1	
-4.8449463670032511	226.19758924566065	9.0024301409002334e-005	-1.172145072549182e-005	-1	
-2.170204913811455	180.05596393944646	4.912282270176142e-005	-9.0549621162577351e-006	-1	
8.5852663626261823	184.57025452939016	4.8582409286140864e-005	-8.6627845008154238e-006	-1	
-13.0977130668855	154.94774380950727	1.1303311759724216e-005	-5.541801145559823e-006	-1	
-4.6339538075550184	158.01607539179813	1.4975755397897679e-005	-5.0127376637677602e-006	-1	
2.7179551323176496	169.46517202986024	3.1760747737756662e-005	-7.056297384268077e-006	-1	
-17.463617422514002	150	-1.3509974609211447e-006	-3.4386082360698902e-006	-1	
-21.829521778142499	150	-1.8495821767886287e-006	-7.4357063780461699e-006	-1	
-27.286902222678126	152.19092925913645	1.2450534033546923e-005	-1.6479894027447887e-005	-1	
-26.195426133771001	150	-4.9803759815143006e-007	-1.5073581040129128e-005	-1	
-29.733401912349215	152.26922574459692	1.9105433022771663e-005	-1.9888702071510428e-005	-1	
-48.666714216065913	109.42634101248579	-0.00012602764483061245	-5.7437573946823107e-006	-1	
-43.831509275061315	110.77576459455976	-0.00016399467130561571	1.5961416319085161e-006	-1	
-40.562888713402337	112.10113146344668	-0.00016068834159238413	3.8033137385913473e-006	-1	
-44.800235252619117	108.48315263160141	-0.0002010027884037141	2.4173393830497873e-006	-1	
-47.263544938087158	108.18069623350334	-0.00017323269991447387	-2.2150951262082317e-006	-1	
-53.285172000859653	108.62995723581336	-4.3843903718312952e-005	-1.6307971177941457e-005	-1	
-54.120673866390675	108.25240342470241	-2.7499002593150994e-005	-1.8486788129868922e-005	-1	
-51.660358870722121	108.35199036734146	-8.5323373510055333e-005	-1.3173474200934674e-005	-1	
-52.568196653692823	108.10904683378376	-6.7887314709938213e-005	-1.5867965299897123e-005	-1	
-50.958509466289236	107.72701163635625	-0.00011128999231507502	-1.1873997879152371e-005	-1	
-49.726854623555212	107.87823983540528	-0.00013479200765605136	-8.3551555136231722e-006	-1	
-37.802385021664882	133.64492694937871	6.4848383569889651e-006	-7.3459527751465256e-006	-1	
-37.705123597539995	131.68572575799089	7.6106484588561071e-007	-4.2441437762624779e-006	-1	
-38.24044239809934	130.1190929420606	-3.3299691829186992e-006	-2.4540241292058996e-006	-1	
-37.357913585012845	128.61566986888951	-1.2758851193864166e-005	3.9040896573660989e-007	-1	
-38.776415629917551	125.00474132450665	-2.7901116493625685e-005	9.1041449698250482e-007	-1	
-37.092157639496243	126.77356837928777	-2.2608167813449542e-005	2.2337016288821233e-006	-1	
-36.732174809673985	123.66812111035699	-4.2226089239330991e-005	3.7373540635006972e-006	-1	
-37.504365896312599	130.88674163396931	-2.5877890381768108e-006	-2.7921046811557612e-006	-1	
-37.809932127954127	114.79211410155393	-0.00012759878690492434	4.8185128240132997e-006	-1	
-38.39287890280206	118.07879309556256	-8.6979084657712584e-005	3.3729669330306113e-006	-1	
-34.688569082811348	120.34360663701617	-7.1077060718877541e-005	6.3245251724106335e-006	-1	
-36.263523170880148	136.01241870069447	4.9432022972951907e-006	-1.0622389398384808e-005	-1	
-36.282560551382616	134.41593039967174	3.3481952729816076e-006	-8.0970531276815099e-006	-1	
-36.056281331626472	148.72939817085526	3.3619425545895415e-005	-2.5499127557064935e-005	-1	
-35.904230297929509	149.38903239744292	3.5086036472722184e-005	-2.5063259707519511e-005	-1	
-35.68005583074536	150.50643136506034	3.6892172402755136e-005	-2.4006250706188394e-005	-1	
-35.627682156712289	149.93528757704175	3.5551891023664267e-005	-2.4734130090626789e-005	-1	
-35.714619239072185	148.14501486835115	3.0548796161815558e-005	-2.6622249899174393e-005	-1	
-35	147.44542613377101	2.5375308353025195e-005	-2.8757474484243436e-005	-1	
-35	146.20452177814252	1.9308103713417461e-005	-2.8982204276335987e-005	-1	
-35	144.96361742251401	1.3519753291406576e-005	-2.8064746323967383e-005	-1	
-32.572877788821188	138.558457692171	1.2982929911511516e-007	3.9362463439796594e-006	-1	
-32.654574458539017	141.24090435562852	-1.8927732707198949e-007	3.1105583254422743e-006	-1	
-33.312323569346042	135.9786487097459	-9.9047711016501299e-008	3.4956897088064772e-006	-1	
-35	135.03638257748599	5.5104372223393514e-007	-9.097279185552785e-006	-1	
-33.593451506444794	143.72271306688549	-2.5394423273057197e-006	7.6714707045522144e-006	-1	
-71.586945750674275	103.15980269330659	0.00048689094743204527	-1.5847576785449599e-006	-1	
-72.479019458844562	104.88260419289441	0.00047841214912902272	-7.0089036295623404e-007	-1	
-72.921404708563671	104.85608134417143	0.00048983882990956884	-5.2226870832848737e-007	-1	
-72.672095183033463	104.890148484306	0.00048304673960596609	-5.4292626358878915e-008	-1	
-72.599999999999994	104.90000000000002	0.0004810500529253514	-1.1912675832935011e-007	-1	
-72.452034701666079	104.69118041604526	0.00048184587515111781	-6.0349938839816587e-009	-1	
-72.488808495711481	104.20852783270576	0.0004931561116558879	1.267945606203386e-006	-1	
-72.538627987577797	104.5183427977494	0.00048793611107530202	1.0157132983934545e-006	-1	
-72.389169511978849	103.58889790261848	0.00050302958080670741	1.1584168871067733e-006	-1	
-73.003799759277115	104.52978351772603	0.00049886618659521697	-1.4052021387056793e-006	-1	
-72.798781276596074	103.84085682380267	0.00050826816495095663	-1.671490238103046e-006	-1	
-72.77620255570244	104.32122678231376	0.00049785948876952487	-5.7598644570837644e-007	-1	
-55.183941011553003	108.07772109113057	-1.3228175497401995e-006	-1.9301286950355628e-005	-1	
-55.462483588860714	107.68456602518789	2.9508230757687046e-006	-2.0053955588816551e-005	-1	
-55.552149455612181	106.54636444261446	-3.1313770452236813e-006	-2.1977005906743888e-005	-1	
-55.341014851902223	107.12374573807431	-5.0565479696870001e-006	-2.1589278439593572e-005	-1	
-55.624903869488243	105.86914600127182	-5.3538235600936126e-006	-2.2294172815071867e-005	-1	
-55.417885448129098	104.22980263588134	-2.1050329344594975e-005	-2.2698742993627728e-005	-1	
-55.210934340206791	105.32826962828118	-2.2093037426451098e-005	-2.3368136287333399e-005	-1	
-54.737961914967386	107.89534916714476	-1.5019826075008119e-005	-2.006888434255618e-005	-1	
-21.167984057741695	73.670468640447865	-0.00011753828174802495	1.1292365320032303e-005	-1	
-10	75	6.0613060245402846e-007	7.9758231661750117e-006	-1	
-24.538165693295326	71.245452234351674	-0.00014246583750403925	9.6276431762172172e-006	-1	
-26.896023290593465	70.289077321738063	-0.00016017449941455795	8.0967839210660869e-006	-1	
0	71.567047822185756	-7.0753546346332072e-008	-1.5897074893419582e-006	-1	
3.8118238094149981	64.63413861708257	2.4377324225490111e-008	7.2027699351434052e-007	-1	
10	61.268191288742997	2.0444373985090094e-008	-1.9356517425060044e-007	-1	
5.7302615938193764	37.237526044043243	3.6610253206415298e-008	6.0663453853944598e-008	-1	
0.98941329997567795	32.395852866032364	6.9614898961026981e-009	6.0461117875605363e-009	-1	
10	47.536382577485995	-5.0020079219792532e-008	-2.1824159805689764e-007	-1	
10	40.670478221857493	-1.1012644322374952e-007	-1.8687375792723095e-007	-1	
-17.515790412420859	17.511637847648647	8.334521261497851e-007	1.7800588617598786e-006	-1	
-15.871940451265209	18.747667352279702	4.7247994037708027e-007	1.0647143057593507e-006	-1	
-12.576080353360819	22.151784728457926	-7.7390028437716152e-007	-2.8479107142164969e-006	-1	
-12.101955201042349	23.088249320509291	-6.1661445673838337e-007	-2.8390972511600574e-006	-1	
-12.776570644705568	21.121462334591111	-1.1363194462150266e-006	-2.7078551010204444e-006	-1	
-13.795478221857497	20	-1.6291077747114406e-006	-2.6334462520576708e-006	-1	
-14.371470795328349	18.62484702581343	3.7034190506184446e-007	6.5471939239147776e-007	-1	
-10	25.222193421693365	-1.1186923209109027e-006	-2.3652097280190781e-006	-1	
-8.3815824906219003	26.080431466146926	1.6619456756586007e-007	3.6476579325063169e-007	-1	
-10.942834714465537	23.076598310559458	-1.0306334736783979e-006	-2.5394946808754579e-006	-1	
-10	23.50571733278624	-1.2985021387506853e-006	-2.3515504971569598e-006	-1	
-4.9365614018325443	25.390007286279292	-2.5955126856726948e-008	-6.1211303030507564e-008	-1	
1.6708993638564806	25.780833586342087	1.1492220969838241e-008	2.6490823996172012e-008	-1	
-30	20	2.5429442759127596e-005	-2.0665826510979377e-005	-1	
-29.927234845028007	20	2.5030008946160974e-005	-2.0369305406660845e-005	-1	
-31.440524768172729	68.634501961736603	-0.00018367438814754448	3.5753788508513179e-006	-1	
-32.157500115339516	69.15541236376616	-0.00019804605948030003	3.6647900978553216e-006	-1	
-30.005852726798256	68.688310999365228	-0.00017270868160818701	4.2582939549452094e-006	-1	
-30.605022902641714	69.012055772847461	-0.00018295316236878456	3.903233557450778e-006	-1	
-29.331150778923945	68.525359709068368	-0.00016448881112844627	4.7090851372564394e-006	-1	
-28.772031570834741	68.936652248048233	-0.00016463015849379849	5.4260784598652962e-006	-1	
-34.515392412753492	70.539963217315446	-0.00023640805543142943	1.240360568132236e-005	-1	
-32.53553246000908	69.688675760242731	-0.00021102837495068217	3.9112923766160331e-006	-1	
-32.760428529310154	70.669493112568745	-0.0002288324141513933	1.0631787131976944e-005	-1	
-37.058767090690303	74.637159503577251	-0.0003019245810339928	3.8444003805927077e-005	-1	
-35.980943615966893	72.045717677144438	-0.00026479781831341328	2.3911989662820158e-005	-1	
-28.424631207870831	70.055087318121991	-0.00017438961826924803	6.864335835246956e-006	-1	
-50.466920631096585	72.579510971009427	-7.1589635767395376e-005	-2.3683603483093525e-005	-1	
-50.315138191943852	71.343342204866588	-6.0470094750077279e-005	-2.4461132681819946e-005	-1	
-50.163355752791119	70.107173438723748	-4.7774380575319651e-005	-2.5193819140605939e-005	-1	
-50.087464533214757	69.489089055652329	-4.1052132791687429e-005	-2.5324945664974445e-005	-1	
-50.011573313638387	68.871004672580909	-3.3914117057889865e-005	-2.5298033527789053e-005	-1	
-49.973627703850205	68.5619624810452	-3.0175146517342883e-005	-2.5163522667073555e-005	-1	
-49.935682094062024	68.25292028950949	-2.6282231363135092e-005	-2.4934553091231535e-005	-1	
-49.990481007369532	67.775639839143466	-1.6844535083702827e-005	-2.3606740432779766e-005	-1	
-49.897736484273842	67.943878097973794	-2.2253356231574341e-005	-2.4511640384644096e-005	-1	
-65.925149336690779	66.17137543938739	0.00045612877101780405	1.5265088801117913e-006	-1	
-65.973512431454552	65.631916393327813	0.0004518393310820448	1.6075455670351903e-006	-1	
-66.410830488021148	66.41110209738153	0.00047551927476820302	3.4166321157728623e-006	-1	
-49.931911128018207	67.458953097149106	-1.3089857365596912e-005	-2.2337353896682185e-005	-1	
-49.971171453975764	67.584504286599625	-1.4161380593376585e-005	-2.2929844063369176e-005	-1	
-49.800591412987977	67.451232552406935	-1.6314429678655893e-005	-2.2407608170016234e-005	-1	
-48.901772653640428	68.066167707549226	-4.9043633390675423e-005	-2.0184623533163451e-005	-1	
-49.395527955133588	68.067106278546603	-3.7020683487325257e-005	-2.2102253778760603e-005	-1	
-49.778700258285404	67.571480973556262	-1.8913402939627489e-005	-2.3261458083434283e-005	-1	
-49.717651298633761	67.733193172884853	-2.3258457127462023e-005	-2.3349659685423014e-005	-1	
-49.640691812933468	67.981282442301804	-2.9429565543779392e-005	-2.3176218005220318e-005	-1	
-49.125891856529918	68.539212835651725	-5.1598041530534758e-005	-2.0212964458260545e-005	-1	
-48.9673989160869	69.337023023265203	-6.8526888832924702e-005	-1.7624038436458229e-005	-1	
-49.139810002821726	70.382956356251256	-8.0029069255344463e-005	-1.6414575978695395e-005	-1	
-48.655969828139796	72.174465117023743	-0.00011861211277485615	-7.8657581384217603e-006	-1	
-47.162154240625156	73.612131571860374	-0.00017490813565702943	7.6566042355146173e-006	-1	
-41.027620234332943	77.211206851981572	-0.00031610380749581038	4.7391728610121246e-005	-1	
-66.687074044215862	65.337090920054223	0.00047029720291439991	9.3150137861750271e-007	-1	
-66.200000000000003	65.099999999999994	0.00045231087218325735	1.9900813486006255e-006	-1	
-66.271950118778918	65.089139604712614	0.00045436070649048857	2.087401860952946e-006	-1	
-66.124959234644194	65.344679855502832	0.00045329241435602263	2.1199969205411099e-006	-1	
-66.211552520555898	65.171842237206974	0.00045374297185013263	2.4723479688929984e-006	-1	
-66.374371038562558	65.227342886328913	0.00045944563176092532	2.1171398010254164e-006	-1	
-66.311191504288516	65.791472167294245	0.00046505639599561205	3.4861881177748079e-006	-1	
-66.537649100032866	65.596143805708707	0.00046938069224201559	1.749320085744791e-006	-1	
-29.039233908990795	0.56287429699923497	-2.6363744046687302e-006	3.2612114051293051e-006	-1	
-28.689473845272264	0.50570822075543009	-1.0161903712639686e-005	9.6210458647170754e-006	-1	
-29.393575050090934	0.55636137374180206	5.6856185039715003e-006	-1.8614988024123422e-006	-1	
-29.576525061687835	0.27074328025851951	-4.9476237449664371e-006	4.3232634535622106e-006	-1	
-29.225815278347664	0.26156473018394272	-1.3176238745355149e-005	4.9925730816854923e-006	-1	
-17.712244226770419	15.464342673537828	-1.0355851517223569e-007	-1.9973841158416741e-007	-1	
36.050817467167434	-98.828535221281697	8.6077055744058427e-005	-1.2037927237095817e-005	-1	
53.0888814576873	-86.193859632618	7.6321405739849572e-005	-1.1140015009306342e-005	-1	
46.659546393898822	-94.322754109263116	8.1232557852008969e-005	-1.1568982756927728e-005	-1	
57.204524857150844	-72.410976689498085	6.9139410883035362e-005	-1.0548061105085498e-005	-1	
60.476959346688808	-63.708419577543523	6.4422546991307122e-005	-1.0130506671448015e-005	-1	
65.193655374530508	-55.053883082825443	5.9531080614063185e-005	-9.6639971169270838e-006	-1	
68.394973181565604	-41.704358078873426	5.2569720238197077e-005	-9.0107112385204495e-006	-1	
61.720425584072963	-35.356241172818677	4.8592884110386441e-005	-8.7803490454878583e-006	-1	
60.539994604080128	-80.912884159749126	7.2574051178174478e-005	-1.0768521652914019e-005	-1	
-12.281039746990745	16.555106670692002	-2.1937964196201713e-009	-1.5122147157773874e-008	-1	
-13.746756376985427	17.27113175197546	-5.3149945851304847e-008	-7.5640692827459634e-008	-1	
-15.4703500559669	17.296730008565401	-1.724917108550866e-007	-3.8155492807653176e-007	-1	
-10.757105033088656	17.13703462519678	4.3295311312411925e-010	-3.1334274498582932e-009	-1	
-8.553231469100778	16.542802183963296	-1.1631647157197741e-008	-2.5219479830245283e-008	-1	
1.9745793637786271	15.727590044570467	-3.700396272716849e-009	-1.7722472169671605e-008	-1	
-6.2963786465133387	17.724380271817523	2.2147999389485513e-009	6.590058904036612e-009	-1	
-3.8279979243479501	18.098970513592175	-1.8403028843110407e-009	-2.022466357325902e-009	-1	
-7.7112081577375511	17.26887376756714	3.3223807000091826e-009	9.6455382236329563e-009	-1	
1.8465551914231719	19.761569216693253	2.0658572157668972e-009	8.6006949522505284e-009	-1	
5.2682404479432243	16.688232449075642	5.3429336592917593e-010	5.1366879992018399e-009	-1	
8.2129712669503832	15.57065121586772	-5.4985744772413349e-009	-2.6167828938795005e-008	-1	
10.594567275107631	14.455913142393078	1.9933442606012676e-008	5.6193266587364599e-008	-1	
17.418464847712158	10.210921490972119	-5.7692162264749756e-009	-2.7130812990974678e-008	-1	
12.967480727975666	14.971327485740824	2.1800845862613359e-008	6.6227059518498451e-008	-1	
20.574973955956754	2.0964237715158283	1.0599184422342413e-007	9.5687935293735075e-007	-1	
20.987124647220998	8.400761779208791	-3.7297600211201113e-008	-2.1023463300513532e-007	-1	
22.445426133771004	0	-1.9884300782338183e-007	-6.3858748638693431e-006	-1	
24.800785135251804	-2.0368147893644193	5.7359167711922625e-006	-7.4458159302047218e-006	-1	
26.490928598479968	-2.9926553892836196	8.9986310630189602e-006	-7.7016034520666296e-006	-1	
31.85654258653032	-3.1291533032921697	1.3688211452909332e-005	-7.7805892653772278e-006	-1	
29.922988028201516	-2.4093787119333134	1.132580656580711e-005	-8.0139891440036171e-006	-1	
28.264657739298904	-2.2026546843747576	9.5455035633618116e-006	-8.1084551076378711e-006	-1	
34.42730862396953	-1.7864701825695373	1.422901524326011e-005	-7.5439534966880321e-006	-1	
38.803865419278097	-2.3867870165925704	1.7972838264336691e-005	-7.2109975075290682e-006	-1	
46.956442963952462	-0.35090425342325027	2.1663773775649835e-005	-6.7805629673889541e-006	-1	
61.014929187789257	-10.333957656247673	3.3740826879475974e-005	-7.3502010988499915e-006	-1	
57.505658992257622	-0.38548153700491206	2.6936575069904705e-005	-6.6845249719544386e-006	-1	
61.872719850904552	-19.986696576420648	3.9391329367266462e-005	-7.9302578838482196e-006	-1	
32.541313677843647	-138.05591249322438	9.9734235254283669e-005	-1.2908111240053897e-005	-1	
36.982450069583805	-120.92263484370491	9.3591343936816356e-005	-1.2493591673884511e-005	-1	
41.496658928024281	-129.65698694231847	9.4828817097010137e-005	-1.2519075056627827e-005	-1	
36.573717899534259	-152.97204944761418	0.0001019880726798585	-1.2997137928170024e-005	-1	
35.426629216667102	-166.1463023571701	0.00010490316794334918	-1.3174142476598979e-005	-1	
40.05924312180192	-143.81664531518518	9.8928764263692058e-005	-1.2782847893161793e-005	-1	
19.68168723875084	-180.43656847662098	0.00011180421791106657	-1.3690786528354254e-005	-1	
16.156765016375225	-190.37233185280206	0.00011412735438224353	-1.3838639369165546e-005	-1	
28.656987359927129	-177.06675629416327	0.00010868262690367692	-1.3444010135393215e-005	-1	
10.274991527517946	-211.86836764266096	0.00011800206296410671	-1.4074517063256109e-005	-1	
4.0626696301197747	-221.03221833854619	0.00012042101498840059	-1.4238278614381547e-005	-1	
18.957545377498896	-208.16093825284548	0.00011528872591842015	-1.3868881700338696e-005	-1	
22.878001559100944	-199.57246939242427	0.00011331276693815087	-1.3737201245795721e-005	-1	
-3.9162797172916939	-228.70720825676833	0.00012306277350083034	-1.44233635394468e-005	-1	
-14.258956960132871	-237.31685978278293	0.00012623369114479378	-1.4644888191387225e-005	-1	
41.781346770955231	-112.95753085076466	8.9565624698858615e-005	-1.2183420579703265e-005	-1	
-52.997512142138149	-270.9280410022123	0.00013646410479815441	-1.534007779404057e-005	-1	
-70.749306681898162	-302.40501254757623	0.00013967408990492522	-1.5540355157233023e-005	-1	
-59.557346330877401	-304.37746362009023	0.00013717461494442497	-1.5360937475615687e-005	-1	
-49.227713304281799	-299.63940270151312	0.00013504120748861656	-1.5210519029623166e-005	-1	
-49.32423445411137	-285.46445129192585	0.00013533038671594059	-1.5242988132565991e-005	-1	
-80.380588221210175	-311.0138996598771	0.00014139245555547651	-1.5657162315093745e-005	-1	
-42.125213864489361	-244.92743505114888	0.00013391558234199664	-1.5196090070147685e-005	-1	
-42.859005645388827	-259.88218752230335	0.00013406226996431363	-1.518190759012404e-005	-1	
-116.37890390903645	-338.19370017290942	0.00014705098999668416	-1.6046303873318373e-005	-1	
-110.36969809201754	-339.26721308909651	0.00014584614587805997	-1.5962227211226427e-005	-1	
-103.56565442029644	-337.76668753052508	0.00014464464075666334	-1.5878276791934482e-005	-1	
-96.970931637033928	-336.53424528189657	0.00014345184724594211	-1.5794673121718264e-005	-1	
-91.238088714247596	-329.98750927819071	0.00014268092734271348	-1.5741541815589641e-005	-1	
-87.689083809463384	-321.79232977170159	0.00014239384405184208	-1.5723484451449461e-005	-1	
-121.05282858441174	-342.1202014986996	0.00014765787694023271	-1.6088400448887553e-005	-1	
-34.900415391093702	-252.77731647783747	0.00013200965928222654	-1.5043986069925279e-005	-1	
-19.433344492484444	-249.73953202405355	0.00012796414603759366	-1.4750740951201693e-005	-1	
-54.109699170762198	102.24756135843757	-7.6629237657245162e-005	-2.3571187334454188e-005	-1	
-54.261481609914931	103.4837301245804	-6.5634418741871041e-005	-2.4326141706120176e-005	-1	
-52.050349583783564	101.00079461885282	-0.00014597577877337208	-3.2943564182933985e-006	-1	
-50.476990442615104	101.38168640257814	-0.00018690262778499607	9.8361391426045245e-006	-1	
-40.671960058473765	96.689821005784751	-0.0003643068418446335	5.9828719581873373e-005	-1	
-37.411789932685238	91.749753749361602	-0.0003875032391966179	6.2946258446435317e-005	-1	
-36.432203391769612	86.850810627506405	-0.00038132711933754878	6.0094575869199146e-005	-1	
-36.664244833096532	81.546292478304295	-0.0003705670698795927	5.942313721804942e-005	-1	
-47.666929678338938	102.62729969397448	-0.00023979501245771534	2.5229021306705361e-005	-1	
-49.374743214086628	102.56726161537955	-0.00020498041978182798	1.5593651763871116e-005	-1	
-44.694906980562678	103.25376233920062	-0.00027860952192485189	3.4726952765296853e-005	-1	
-39.277338449173492	100.99389836011277	-0.00033653543729444404	4.9082817306717464e-005	-1	
-40.780495430139013	103.77685752414753	-0.00030401554529953896	3.9314271824093504e-005	-1	
-49.20071912088045	73.989786273742894	-0.00012618876110070146	-8.1282695829457467e-006	-1	
-111.26919109078763	319.58476924210026	0.00016967867288657872	-1.6633464324508165e-005	-1	
-105.44768738153317	321.49348252413563	0.00016592801021779954	-1.6398770877759244e-005	-1	
-99.593758675520405	323.30030585108301	0.00016217756932204413	-1.6162643180067435e-005	-1	
-94.910469517907515	318.1414891355173	0.00016031048308613339	-1.6045508980587721e-005	-1	
-66.563389550297572	297.9330048683637	0.00014538204134143307	-1.5115644620798609e-005	-1	
-71.028477677811495	309.97163485479393	0.00014700148685018282	-1.5200687165548569e-005	-1	
-75.473318984767502	315.71694549997676	0.00014904183671259812	-1.5326741541454962e-005	-1	
-82.423419949147913	317.82912570975816	0.00015292765791319102	-1.5575365601817218e-005	-1	
-89.372274575499731	320.70885769347768	0.00015661961955796267	-1.5810423041282729e-005	-1	
-50.627217644883785	293.88573473560535	0.00013530361330724237	-1.446531626802502e-005	-1	
-58.287709181393168	302.19247390155601	0.0001397848255837971	-1.4741647699648696e-005	-1	
-12.254581071538261	243.31000580803632	0.00010242488488223459	-1.2474605581812384e-005	-1	
-29.219268900241826	259.73082208074948	0.00011875309539091059	-1.3512964200068448e-005	-1	
-18.869868807356596	256.39139495315021	0.00011067927579369808	-1.2960343366394795e-005	-1	
-38.2285357742606	265.82138578338544	0.00012613358621052685	-1.3978333959104678e-005	-1	
-42.115769551539174	286.45335305095193	0.00012981765628775361	-1.4122587761885825e-005	-1	
-30.81156003295126	271.68536244151551	0.00012140238437655503	-1.3616450178133649e-005	-1	
-29.811030976300191	279.96275266983508	0.00012141833573677373	-1.3574900172012257e-005	-1	
-35.354295515721034	150.86705813539541	3.642475096068129e-005	-2.3819333238317051e-005	-1	
-34.857971578211952	151.23649333634722	3.5250315604979687e-005	-2.3644219672905777e-005	-1	
-34.222995530980199	151.42523671709486	3.3078837649045461e-005	-2.3655917061188672e-005	-1	
-33.257311409593555	151.52149272637098	2.9234698264169465e-005	-2.3665483132636648e-005	-1	
-32.380514984519593	151.88371978460225	2.6855818191650122e-005	-2.2899955940521164e-005	-1	
-31.435858399116956	152.25114238714954	2.4579414421310311e-005	-2.1748884474121495e-005	-1	
8.8046295814011639	196.4577059689374	6.041174922497665e-005	-9.5863035140943924e-006	-1	
8.0798734786317965	208.48498595242461	7.0642251411353086e-005	-1.0307872888826461e-005	-1	
4.3142959757597472	222.25147514851093	8.1796628386583654e-005	-1.1067369410275043e-005	-1	
10.73714540706329	215.96209952633492	7.4145578368915141e-005	-1.04717161371964e-005	-1	
-7.4008281645761764	235.2512838244914	9.5985895929732526e-005	-1.2071933896564658e-005	-1	
1.8575606011898742	233.58270516232096	8.9045773238010214e-005	-1.1516258981748866e-005	-1	
17.372481124600018	188.21443344626474	4.8744814913300542e-005	-8.5157083867946196e-006	-1	
15.87177534630972	178.82065543003239	3.9143512955203075e-005	-7.6724186994053846e-006	-1	
-8.7318087112570009	150	-4.5677181352544899e-007	-2.240777900275512e-006	-1	
4.3659043556285004	158.24505692241792	1.3383496694880404e-005	-4.4511576700808322e-006	-1	
0	150	-4.2260513377445516e-007	-1.8180197570900851e-006	-1	
10.450832353361189	161.17003311895994	1.7047077729574209e-005	-5.0897306680991431e-006	-1	
14.792886122005479	169.60181054499841	2.8164728133201774e-005	-6.5812602502370545e-006	-1	
-19.646569600328249	145.87593708506878	5.1934512217686846e-007	1.5017843921005268e-006	-1	
-14.664217102824015	143.79783142117759	3.1555511883280605e-007	1.0217408159974504e-006	-1	
-24.01247395595675	147.52276867768506	3.819997476705127e-007	3.0643780632165795e-006	-1	
-28.378378311585255	150	4.0821753675860407e-006	-2.0266932394651659e-005	-1	
-27.286902222678126	147.94712084390821	-2.8432195635023234e-007	3.4189813532550025e-006	-1	
-30.561330489399502	150	1.1761060447170986e-005	-2.4685917749360646e-005	-1	
-31.123881494606785	151.28675354220189	1.9613216799340944e-005	-2.3080569382055359e-005	-1	
-42.33692556715107	108.78560902969949	-0.00021706189485507291	5.2190149457800765e-006	-1	
-38.006171999353597	112.23920319964117	-0.00016460549946320719	5.5422644235652612e-006	-1	
-38.380784855013594	110.76162151147284	-0.00019060262793003913	5.9392262498287104e-006	-1	
-39.873615881683023	109.08806542779755	-0.00022281960766284669	6.602079074213033e-006	-1	
-43.234952734202551	105.91720146193198	-0.00025908238209365223	2.4573954725675833e-005	-1	
-46.24025649272879	105.86857958849529	-0.00022567046160449256	1.7061684158377159e-005	-1	
-48.670257518282121	106.75733605242748	-0.00017170291737777897	2.4958254476605171e-006	-1	
-53.158954097060374	107.82925414848997	-5.7172003011057523e-005	-1.7941727382055676e-005	-1	
-53.636402376060964	107.89941386487318	-4.4065700382456085e-005	-1.8805552549220182e-005	-1	
-53.92284418516688	107.68673221019571	-3.9155497461380046e-005	-2.0093008121914588e-005	-1	
-54.280834891979573	107.62629593419523	-3.0223523779271866e-005	-2.0889871204258341e-005	-1	
-52.19016430902326	107.57578343730721	-8.4921411669217469e-005	-1.5846744779219607e-005	-1	
-52.805991730390268	107.50016933778269	-7.0761862965169222e-005	-1.7808359414980721e-005	-1	
-50.210304356278876	106.72449598023474	-0.00014164316887405794	-3.6428148656752387e-006	-1	
-51.965268239722143	106.59496608498124	-0.00010315117926153867	-1.0976323996754958e-005	-1	
-36.228128833203236	132.99221706442009	7.1839050882211266e-007	-5.5870054018887125e-006	-1	
-36.389548235976235	131.58272694549834	-2.7750967695409215e-006	-3.0519139369175557e-006	-1	
-36.681226185514042	130.85327072798924	-4.7821434206563793e-006	-1.9057679516614376e-006	-1	
-37.176977858432352	130.13076785288058	-6.4655170529666541e-006	-1.225057947845525e-006	-1	
-36.563243083524952	129.5053801716692	-1.0840308688074051e-005	6.0581981702912171e-007	-1	
-36.198401793027145	128.89605894330833	-1.4538359172613077e-005	2.11912882906659e-006	-1	
-35.718268077601842	128.02911272031599	-1.971061352503921e-005	3.8702663726310298e-006	-1	
-35.263378427923122	126.42783623457399	-2.8442341292848671e-005	5.1816052499892984e-006	-1	
-34.480526826266995	124.24045655327035	-4.2014284665476752e-005	6.4250097650753597e-006	-1	
-36.52044513907444	112.58008167282647	-0.00015837270971255749	6.4165539000293342e-006	-1	
-34.613624355455201	113.44185806420585	-0.00014262895907709024	7.6254040263336343e-006	-1	
-33.18369952411858	116.90866652751464	-0.00010082264764771046	7.8231885994669758e-006	-1	
-31.514801553888809	123.15927451695886	-4.9132326645312947e-005	9.305750315545641e-006	-1	
-35	133.79547822185748	-4.4712470022051841e-007	-6.7768941956788745e-006	-1	
-35.434298040000208	148.99655657830664	3.2677232543250883e-005	-2.6253594311289608e-005	-1	
-35.304924635617368	149.51435725040452	3.3801788763678569e-005	-2.5686053914733966e-005	-1	
-35.381866097816477	150.3818660978165	3.5596543221708334e-005	-2.4402901256368835e-005	-1	
-35.293790453855145	149.86383952421704	3.4476582988326376e-005	-2.5171495333878877e-005	-1	
-35.312353155302503	150.06626892823036	3.4835723916531335e-005	-2.4865200789784505e-005	-1	
-35	148.06587831158527	2.8045071007170816e-005	-2.8338704559003945e-005	-1	
-35	148.6863304893995	3.0539966955242703e-005	-2.7529593360026268e-005	-1	
-34.392151825778072	147.75565222267812	-7.1099471908415643e-006	6.6693489453466142e-006	-1	
-34.300252455979759	146.82497395595675	-5.0882349828934358e-006	6.179776767976877e-006	-1	
-33.824912388561323	145.58406960032826	-3.0326790496827639e-006	4.949926203489099e-006	-1	
-31.387113438265086	136.1509366947366	-3.8294543682942439e-008	-1.1245166875929339e-006	-1	
-29.412559642651683	138.61922367104745	7.7314029428224365e-009	-8.5557117867736491e-007	-1	
-28.946281249824288	142.88338540373195	-3.8059141943707384e-008	-6.5425389315533034e-008	-1	
-31.800070042469066	144.82486227269393	3.9049682316847181e-007	-1.5076907712202879e-006	-1	
-33.234378938925047	134.04731708799434	-6.8227033878363948e-008	1.5700320388310121e-006	-1	
-72.588447479444099	104.82815776279303	0.00048242165131586753	3.3894614941755628e-007	-1	
-72.729677986301638	104.72501791404451	0.00048810609710919658	-8.6425668837937252e-008	-1	
-55.151328850628346	107.59699942508104	-6.4952381136623939e-006	-2.0757875776226029e-005	-1	
-55.036316755432701	106.21190427061158	-2.1738970334438234e-005	-2.3713065478368063e-005	-1	
-54.970017786510446	106.74402501293511	-1.9456433493194707e-005	-2.3442965581170572e-005	-1	
-55.000745909168678	107.09339742802385	-1.5409781285021719e-005	-2.2667515829315312e-005	-1	
-55.043797842052449	107.29216789329115	-1.2291585249821924e-005	-2.1941118313610295e-005	-1	
-54.413264049067664	104.71989889072326	-5.3083845291579455e-005	-2.5044270970869816e-005	-1	
-54.565046488220403	105.95606765686608	-3.9108331785577438e-005	-2.5237974686222391e-005	-1	
-54.626355262498322	107.57265356969422	-2.1357774339056538e-005	-2.1384232814458197e-005	-1	
-54.829538012668024	107.56640796902687	-1.5758223512270413e-005	-2.1295355951965333e-005	-1	
-25.319183554154794	73.590646541764002	-0.00016850847264816298	1.2577750639304553e-005	-1	
-18.753631813378711	79.595519417976831	-0.00010652603362316028	1.4610805873167066e-005	-1	
-25.151471847193864	79.541054953696218	-0.00019649710106722418	1.925580397640584e-005	-1	
-3.8292074639593277	78.432952177814258	-5.9787977030083581e-008	-3.2791948687097589e-006	-1	
-10	81.865904355628501	-2.7132448188506952e-007	1.3059044908512027e-005	-1	
-27.021734791929301	71.798651976690451	-0.0001755234235319905	1.0096796233561133e-005	-1	
-28.286728951004889	70.965340031529834	-0.00018282072989624708	8.2911836098654666e-006	-1	
3.2322259017260633	78.432952177814258	8.8732382532595897e-009	1.2729926434284693e-006	-1	
10	75	-5.1942635750104039e-008	2.0040692739533429e-007	-1	
10	68.134095644371499	-6.2312122302480576e-008	3.1231633996967118e-007	-1	
16.011651232819545	54.959413007213392	6.9462552283833088e-007	-4.0843735312674943e-007	-1	
18.228377018502002	63.387150588655459	5.1937505863581861e-007	-2.3220592322009351e-007	-1	
10	33.804573866228992	-1.3405832041318515e-007	-2.5760303828667532e-007	-1	
6.8409272090116957	31.872617041683284	2.1508713465244727e-008	4.7587894886900368e-008	-1	
5.5065749534691655	28.639625855888781	-1.6324326981782084e-008	-2.8727764458953495e-008	-1	
16.089494229368746	41.833315824730825	9.7472340959626404e-007	-6.487687417242382e-007	-1	
15.053385216959612	35.720983260596576	7.2576512574619083e-007	-6.5893128605529128e-007	-1	
-11.716472926230063	21.549426310696049	-1.176436548487907e-006	-2.5584204932098114e-006	-1	
-10.910193640395299	22.041216741126373	-1.2633158756936248e-006	-2.4383909849208224e-006	-1	
-11.724573166466371	20.673956308554711	-1.4145339245268731e-006	-2.427667244444078e-006	-1	
-12.554573866228997	20	-1.5949295316003459e-006	-2.4121387157861691e-006	-1	
-12.915716754415262	18.946706186740947	3.4885688658119303e-007	5.5692641167279118e-007	-1	
-9.0215493739988393	24.363955377239805	3.266830426445767e-007	6.8182324669829144e-007	-1	
-7.7163120630315785	23.241090789085224	-8.6403058968423007e-008	-1.7480669451123207e-007	-1	
-10	22.647479288332679	-1.454726578670631e-006	-2.2768133839839367e-006	-1	
-9.2129911440954544	23.076598310559461	2.4721316012191941e-007	4.4674947021998767e-007	-1	
-1.4381621271527962	22.495678990422267	5.8789495454395193e-010	1.1013305696981862e-009	-1	
-5.6776141392007302	21.955520906805877	1.4589905758194343e-008	3.0756142904283593e-008	-1	
4.6323381291159613	23.529966866285221	-3.5606501053545297e-009	-7.6856032311973627e-009	-1	
5.7522934759506903	25.63647979495089	3.1782734344020422e-010	-3.5753662322975997e-010	-1	
2.8282464058836632	22.245714298941436	-3.0197278559897621e-009	-7.6466529298093153e-009	-1	
-31.566742671971969	69.435205049059988	-0.00019851967069406208	3.664565388349273e-006	-1	
-31.089294392971393	69.365045332676758	-0.00019309365236398835	3.6969407545445125e-006	-1	
-31.919705038642071	69.764289859767246	-0.00020765648518867829	3.7403635047031381e-006	-1	
-29.541755757479304	69.186738106419313	-0.00017535358665114173	4.8443290617826709e-006	-1	
-29.987734854064954	69.369110030405196	-0.00018243862199769377	4.3681401231204571e-006	-1	
-30.802852583865448	69.577726987354197	-0.0001939696844932352	3.6975230400254714e-006	-1	
-30.444861877052745	69.638163263354684	-0.00019128884713148829	3.850253728558055e-006	-1	
-29.263213180171597	69.579893172362048	-0.0001777194252684114	5.4183475327141736e-006	-1	
-33.919311068152041	71.639752087068644	-0.00025100600651565446	1.8265360531490095e-005	-1	
-32.267585729827978	70.284209543921463	-0.00021881201617105655	7.4481683552863918e-006	-1	
-32.41435078025647	71.500089105976713	-0.00023841535499344893	1.4356821429349563e-005	-1	
-31.773933538962584	70.868008992613738	-0.00022350298065714166	9.7950224363220198e-006	-1	
-36.301135772169459	77.405782432557771	-0.00033119432661361619	4.7085448882523451e-005	-1	
-35.35095355494294	74.697197582170617	-0.00029890501660725536	3.5793143959350924e-005	-1	
-34.699099573608123	73.11754001460065	-0.00027561807465081232	2.7278820814482723e-005	-1	
-29.173547313420141	70.718094754935521	-0.00019092130404455129	7.0653920018891307e-006	-1	
-29.384681917130113	70.140713459475649	-0.00018632107617489924	5.817942962801657e-006	-1	
-49.547384392972788	69.865783155689329	-6.1388737316623963e-005	-2.055805396020155e-005	-1	
-49.693593626405331	69.223748995425609	-4.7839248043367998e-005	-2.26250910498049e-005	-1	
-49.551241191138935	68.770675686825641	-4.4553417442795132e-005	-2.2261878425323721e-005	-1	
-49.616067057577453	68.304018237053299	-3.5386771457597148e-005	-2.3025682415102546e-005	-1	
-49.859790874485661	67.634835906438084	-1.7997306533218087e-005	-2.3698704578216641e-005	-1	
-66.2613720124222	65.481657202250602	0.00045954283261811672	3.199937226044868e-006	-1	
-49.850923032826451	67.562613131897052	-1.69250277787367e-005	-2.3273589774410857e-005	-1	
45.989648095611599	-104.66521566562595	8.5458601999982044e-005	-1.1865879938452527e-005	-1	
61.893896784539336	-90.720158049682382	7.6465358059115486e-005	-1.1048527662978827e-005	-1	
62.909490650443033	-100.56821579555074	8.0055757542640601e-005	-1.13011043047201e-005	-1	
55.651738938216369	-107.58145100328815	8.4159177420538173e-005	-1.1669831859845172e-005	-1	
66.817407596016835	-74.279493232474053	6.8743423469292458e-005	-1.0394787974911375e-005	-1	
70.315407967645768	-64.302685587218377	6.388339027138083e-005	-9.9576135277444096e-006	-1	
76.809792757090264	-55.960284038684541	5.9743858163109998e-005	-9.5226694557319976e-006	-1	
73.993462220725874	-34.366675836436386	4.9193876567240588e-005	-8.6019219566077692e-006	-1	
79.999908065689084	-44.754063681172028	5.4567017726852498e-005	-9.0145067573855445e-006	-1	
67.291674996536514	-28.020755240158355	4.5031244067378453e-005	-8.3319544916741334e-006	-1	
70.945931691165612	-84.47342663191624	7.2538645834903286e-005	-1.06517376157178e-005	-1	
-12.110673630097969	18.177448355629188	-6.6455357622549913e-008	-1.0958809677311762e-007	-1	
-10.116421404940287	18.089736438836255	-6.5591401486117256e-009	-1.6953641132868426e-008	-1	
-9.3831325320075969	17.681930704487076	3.6561622133625885e-009	1.0689326201021792e-008	-1	
-10.77142892065735	18.285037710268515	3.3496635635487241e-008	7.1403812300801915e-008	-1	
-8.5886371554162668	17.951736532278041	9.9318493353704986e-010	1.3141891633050181e-009	-1	
4.1385750153841965	18.38994989750282	4.5294160063476443e-010	2.204956608258024e-009	-1	
-6.071845785200753	19.193670479855449	-4.391159107608694e-009	-9.2234162456977563e-009	-1	
-7.6313755872964677	18.3778417391934	3.9941490886360007e-010	-4.1703112363265003e-010	-1	
4.4376174138708091	20.410484457392268	-9.1385687587387718e-011	-1.0326221754395354e-009	-1	
7.3145062196487984	18.359413511231644	1.1357064068912618e-009	4.9424223330884598e-009	-1	
6.0020611417195635	19.226254698849722	-2.5256255789141145e-010	-1.8527624773089441e-009	-1	
8.8661776598545963	17.62347181993924	1.9202904382159969e-009	7.9763502509901382e-009	-1	
9.9171437061286021	16.888432427517383	-3.9577024196277966e-009	-6.9647885298173103e-009	-1	
11.419718336869799	16.842370451791826	-6.0330984455314943e-009	-2.450696402979598e-008	-1	
21.009109712419608	11.977069956495782	2.1512296481197197e-008	8.7650438537837832e-008	-1	
18.849758308195518	13.947686131232345	-8.284739990964042e-009	-1.9329906124262312e-008	-1	
13.746756376985436	17.271131751975471	-1.083405413419361e-008	-1.7408371216389901e-008	-1	
16.250851917732966	16.874523013647881	-2.8714842369540254e-008	-4.8744334840701968e-008	-1	
23.380652222678126	2.2439142556633125	-2.8750016660563069e-008	1.5532222858691283e-006	-1	
23.622952897339058	5.8261388077247371	-1.2341168877747677e-008	-4.0479581576364106e-007	-1	
24.619137589256617	7.780474750245931	-1.4005105506826301e-008	-5.9535499797330338e-008	-1	
25.117935436541085	10.46382586604377	-5.2046159241538416e-008	-1.9960729175431727e-007	-1	
24.315878311585255	0	6.1433611682653647e-007	-7.6361265494284319e-006	-1	
26.186330489399506	0	3.4484290039411236e-006	-8.7274089865005447e-006	-1	
27.098418858033781	-1.14842878626163	6.770988286749493e-006	-8.4055686595774651e-006	-1	
32.376484087950409	-1.1325638293389182	1.1933300529500268e-005	-7.8236592738308869e-006	-1	
31.097373221110558	-1.2107241106952529	1.098775489522052e-005	-8.0384959708536489e-006	-1	
30.045648703796246	-1.3937773908784161	1.0310940866847675e-005	-8.1831648076258911e-006	-1	
29.446693110897506	-1.5040418484310183	9.8775214962238224e-006	-8.2502762604481053e-006	-1	
28.74291709008472	-1.1506756121980175	8.768831693982506e-006	-8.4383901062296152e-006	-1	
28.060269072357652	-1.0652817254303817	7.859052933185347e-006	-8.5164812798969605e-006	-1	
33.111567572482613	-0.082856293871304804	1.1426466759605107e-005	-7.7002545218468435e-006	-1	
35.544086857606707	0.59456727510786966	1.2890645863804746e-005	-7.2713113144476911e-006	-1	
39.09151992863643	2.6075285911506985	1.4386790122574429e-005	-6.7314610180508479e-006	-1	
53.698492229262698	9.4528433020689082	2.0567323771206387e-005	-5.8570756158156567e-006	-1	
41.868469853103605	10.725346743032361	1.2496279638848825e-005	-5.6047326558459728e-006	-1	
70.80564669736178	-8.6377864546862746	3.5861830504178972e-005	-7.2509667888856339e-006	-1	
72.993129126503234	-18.330570715127305	4.1086565373605902e-005	-7.7957449451743935e-006	-1	
66.04113932702171	8.5733174128784331	2.6617652340769794e-005	-6.1078194405736433e-006	-1	
75.213403036816189	0.26765177985645217	3.3341544530874389e-005	-6.7542657501189365e-006	-1	
46.30595991809713	-121.0815795358414	9.0985939036458032e-005	-1.2225116761058588e-005	-1	
47.480815723692849	-137.41725653284084	9.5286404568744915e-005	-1.2488831246951739e-005	-1	
56.61840626977753	-133.87658488965835	9.2015110899738129e-005	-1.2194720651309662e-005	-1	
44.05423295480071	-160.83056599730503	0.00010153237276895663	-1.2903836733401343e-005	-1	
50.548210653051349	-153.05105104041525	9.8179387416876923e-005	-1.2644422054849091e-005	-1	
49.446879382054277	-169.41030747479013	0.00010176266071851681	-1.287632177786849e-005	-1	
38.404196400551342	-178.64504064245199	0.00010624618601667754	-1.3226937932174646e-005	-1	
53.644935289059973	-144.32565180615504	9.5393522427943584e-005	-1.2441985963147286e-005	-1	
26.87577481500572	-186.48689049066186	0.00011055801187153447	-1.3559880075384285e-005	-1	
13.567544258926617	-221.90263597013598	0.00011794823467352885	-1.4042019353010489e-005	-1	
21.844580079038256	-217.14964253490939	0.00011538520208178564	-1.3850249155654827e-005	-1	
7.5602591414903575	-231.53631137618251	0.00012019870633444287	-1.4195312957550363e-005	-1	
27.688652814899264	-206.9574684537539	0.00011285712331960513	-1.3674869024311045e-005	-1	
31.023669780579674	-199.52566089106554	0.00011112399852549785	-1.3556461450472218e-005	-1	
-1.0102062344186389	-239.67645215369728	0.00012285904823448833	-1.438382743477169e-005	-1	
-4.8535145472783032	-250.35346278263623	0.00012429063467202909	-1.4473103661830878e-005	-1	
55.52611086353847	-117.47946311460284	8.7496649183536467e-005	-1.1900451414926997e-005	-1	
-38.589272005963998	-268.89529754055013	0.0001329576908025527	-1.508954732845431e-005	-1	
-40.198808535006272	-278.73786680443317	0.00013328302837685777	-1.5101620852547643e-005	-1	
-73.214705107048445	-315.2674156549287	0.0001397081741680781	-1.5535946214947377e-005	-1	
-65.363539890859954	-314.14673463057505	0.00013810763157827321	-1.5422474320857201e-005	-1	
-52.078610284946706	-315.43235797371443	0.0001353113183504078	-1.5220711163417951e-005	-1	
-40.158695742594034	-306.3724157922303	0.00013298051386785299	-1.5056484958302665e-005	-1	
-37.868580976901015	-293.81349717793	0.00013262376918591172	-1.5039409631634298e-005	-1	
-79.499907350099448	-320.10404195578974	0.00014079999697186215	-1.5611552792517568e-005	-1	
-28.410117398686641	-261.24457006822956	0.0001304200517141045	-1.4914195779686394e-005	-1	
-115.29029982416624	-344.20019046915718	0.00014645294936453887	-1.6004450879240822e-005	-1	
-109.49234791206486	-346.17929265318952	0.00014525712998219936	-1.5920770626047299e-005	-1	
-103.66073896042607	-348.05690519709941	0.00014406415218435492	-1.5836971904857239e-005	-1	
-98.915293153711318	-342.95520632964872	0.00014346902557304397	-1.5795268787414564e-005	-1	
-92.167761908339287	-341.21813715101968	0.00014229064057062155	-1.5712152759725481e-005	-1	
-85.620068066204993	-339.75629316688145	0.0001411155131900664	-1.5629123899253032e-005	-1	
-82.552944906979462	-328.39028430370223	0.00014104707027278783	-1.562643167117683e-005	-1	
-8.3388291933919216	-259.21898783573732	0.00012544652016839407	-1.4546253436497926e-005	-1	
-16.147260852419588	-264.67548375123766	0.00012746828483192076	-1.4690190506481206e-005	-1	
-52.662407497393779	103.05266908419402	-0.00011676383462766928	-9.673191153469969e-006	-1	
-53.160840498750325	104.71109969112995	-9.0511419778706873e-005	-1.4655677216803404e-005	-1	
-51.051895585824496	102.89496813917552	-0.00016195841450537612	3.4251829903639402e-006	-1	
-36.153612545221378	96.923459732567238	-0.00035575428209855525	4.9999027852888812e-005	-1	
-32.437386868102948	89.850923032826444	-0.00033931811675253772	3.6042215784552063e-005	-1	
-33.044516624713879	94.7955980973978	-0.00033242374649304428	3.4688118815472493e-005	-1	
-31.830257111492013	84.906247968255087	-0.00033043504468619541	3.4008680396506467e-005	-1	
-34.012219257644134	78.345912504582174	-0.00032607065822406035	4.1781196635325968e-005	-1	
-31.223127354881079	79.961572903683731	-0.00030383276301580172	2.7912813515160862e-005	-1	
-48.744753153064856	105.21874152040685	-0.00019110069594717753	1.0100054219451369e-005	-1	
-50.026597195422937	104.14691918294929	-0.00017533778402946187	7.1266146218215051e-006	-1	
-37.563542528407183	103.65232762568958	-0.0003038460762569609	3.6400375980188318e-005	-1	
-36.128919930149294	100.69090752332734	-0.00032563812605212382	4.0795427228890372e-005	-1	
-38.154698515887091	105.63951268081929	-0.00027977353208897025	2.8764085613014936e-005	-1	
-39.963191033784106	106.89074692347913	-0.00026127800321951459	2.2417574263617215e-005	-1	
-93.709188136141464	325.00468884705396	0.00015847452552972998	-1.5927927542346903e-005	-1	
-67.78027028626984	320.13858240450105	0.0001439878675496899	-1.4994403768481697e-005	-1	
-62.577499734652591	316.4907333769213	0.00014128431993588812	-1.4819381099848817e-005	-1	
-77.448421067140984	322.70723736926789	0.00014934546918682223	-1.5342366999020444e-005	-1	
-71.800294519086179	325.05945926826826	0.00014578021327940019	-1.5109281723999117e-005	-1	
-87.795768260587735	326.60611234047718	0.00015481485799200746	-1.5693987056829582e-005	-1	
-81.855300333837917	328.10408852224316	0.00015116533079727332	-1.5459001707648541e-005	-1	
-39.970589043473197	297.64356828748981	0.0001285193687797044	-1.3999441981991975e-005	-1	
-44.565538770581895	308.06993646905596	0.00013111437991723742	-1.4152330714743347e-005	-1	
-52.87419291741859	313.77190571685077	0.00013576044211844557	-1.4456040137508597e-005	-1	
-10.262721506124723	257.83299686584678	0.00010519789431191687	-1.2539047616973596e-005	-1	
-4.2251867260192775	249.60684649334442	9.8992618755184056e-005	-1.213625920685977e-005	-1	
-23.399729471473009	266.58927181606595	0.00011565895232499603	-1.3244257352571783e-005	-1	
-15.122031397428874	270.82630136534334	0.00011092633103237212	-1.2872816058022059e-005	-1	
-31.719097199594763	290.26102059329298	0.00012325822732823968	-1.3660220004667439e-005	-1	
-22.731173706408299	275.55913274719842	0.00011638805308253618	-1.3242242126470061e-005	-1	
-22.828783696899109	284.5195575059434	0.00011740466135316314	-1.327256719907823e-005	-1	
-34.934339792351849	150.62250008352117	3.4285043790665695e-005	-2.4432216162783859e-005	-1	
-34.425114570547208	150.79439082610514	3.2425183640916732e-005	-2.4532252779550592e-005	-1	
-33.884266732477244	150.85595520026962	3.0105153134673213e-005	-2.4714520152736815e-005	-1	
-33.394902280396636	150.61756688438339	2.7096375749107457e-005	-2.5368849059429997e-005	-1	
-32.471035837155782	150.93937536227776	2.3793186962715018e-005	-2.472762801277838e-005	-1	
13.815314122053945	203.00109662781512	6.3312245420695938e-005	-9.6883964161321922e-006	-1	
19.359480106215766	196.90313431072198	5.590764966308285e-005	-9.0492270512664542e-006	-1	
15.800385450793826	210.3185661624201	6.7760106847332307e-005	-9.9605996237989486e-006	-1	
12.788499871807197	225.25099325351249	7.842188829070522e-005	-1.0701466953333859e-005	-1	
17.660889075386052	217.08083871007381	7.1306626977338209e-005	-1.0167051884770288e-005	-1	
2.8793330026091248	243.13714183400577	9.2285273264148006e-005	-1.1665349453874318e-005	-1	
11.057174042969541	234.31592632712594	8.3907093997432554e-005	-1.1056079513972831e-005	-1	
24.586951065527391	182.01390066893831	4.0791188363863084e-005	-7.8071057468688217e-006	-1	
26.084553501924105	191.05376891887835	4.8860625656833711e-005	-8.4270132618773945e-006	-1	
23.657517510975918	166.23036992862532	2.3214939981803523e-005	-6.3523567027464226e-006	-1	
30.028867006141919	173.77431561681439	3.1775724055404771e-005	-7.1150337575733346e-006	-1	
-3.7073218003906669	146.57127598554663	1.8389213556942095e-007	8.4297837530568109e-007	-1	
-7.4650098132699947	143.19782610496381	2.2073914488787961e-008	2.2876233369982559e-007	-1	
13.0977130668855	154.9590865746479	7.2819108712226018e-006	-3.6635467775963556e-006	-1	
8.7318087112570009	150	-2.8892754022012523e-007	-2.304677048205388e-006	-1	
7.5912265407181101	143.76304957171936	1.592641983026302e-007	9.303393660763365e-007	-1	
2.6829982506839887	141.32374934659811	4.443430730459743e-008	1.4518166670909052e-007	-1	
17.160240144013301	160.41791505198819	1.5343017487747607e-005	-5.1767566927829178e-006	-1	
-22.647646582615486	144.53042761706266	-1.0996498573418536e-007	-5.2107967826003864e-007	-1	
-19.859639420288783	142.33156183379865	-1.3739340424690473e-007	-4.1616156018522793e-007	-1	
-11.06630639543615	139.77323229811611	-8.2530804998178423e-008	-3.1071734049104507e-007	-1	
-16.271903276913374	138.23274381664299	-4.3716514625672187e-008	-1.064715749116223e-007	-1	
-25.93627602786065	144.57256019323449	-5.0459460641590304e-009	-8.8707957451602239e-007	-1	
-29.469854400492377	148.74734123326866	-1.6496631279081057e-006	4.63369004218861e-006	-1	
-29.117586154463812	146.33071734820521	7.8528063294969566e-008	-4.0836513677146907e-007	-1	
-31.107068533853067	149.03019087539127	-3.1103788737539866e-006	5.2770305393088269e-006	-1	
-31.652806578306627	150	1.6117240225301319e-005	-2.6493673746376017e-005	-1	
-36.739151782883887	111.39171148411047	-0.00017790981260062234	6.4891565574029576e-006	-1	
-36.803022267426279	110.18507282126247	-0.00019989975136185817	6.603524232010428e-006	-1	
-37.410306196214975	109.39052182589563	-0.00021746956105243029	6.741253368294136e-006	-1	
-37.926214576378207	107.71957695989684	-0.00024744892545150747	1.745711795759819e-005	-1	
-53.421819151757276	107.42455523825818	-5.5855188273299647e-005	-1.9795858192348609e-005	-1	
-53.729732862440791	107.38674818849591	-4.811838385562345e-005	-2.0755687546713838e-005	-1	
-54.037646573124292	107.34894113873366	-4.0179296565320589e-005	-2.1700481983007903e-005	-1	
-54.51321270044911	107.40377195983942	-2.6314594451322188e-005	-2.2242501208036573e-005	-1	
-54.345560283807799	107.3111340889714	-3.2065925545330941e-005	-2.2554937307238651e-005	-1	
-52.458111039204354	106.98024965362848	-8.602380821546714e-005	-1.4618011651732277e-005	-1	
-53.070433125233905	107.10830868779418	-6.8823496652821504e-005	-1.7625688836950599e-005	-1	
-50.806385700879595	105.62470711048138	-0.00014207369530239142	-1.8258036720020358e-006	-1	
-52.311345988775678	105.76437009157289	-0.00010370525087172357	-1.0501722256495239e-005	-1	
-52.951763230069673	106.39645020493617	-8.0120128764143552e-005	-1.5468708067049141e-005	-1	
-35.46637679011824	131.93412168841473	-3.1132761177938232e-006	-3.1738122126515901e-006	-1	
-35	132.55457386622899	-1.9689302574813217e-006	-4.3288565471144386e-006	-1	
-35.497470219072085	131.15855646614693	-5.6220302571428518e-006	-1.4324187604960633e-006	-1	
-35.906846496806516	130.72091326795581	-6.8568482406767563e-006	-7.6950856603501809e-007	-1	
-36.301438306596673	130.16556180225342	-8.5323449613457626e-006	-8.6993483342088307e-008	-1	
-35.866202783634307	129.64145495593016	-1.2012285724451114e-005	1.746066199907697e-006	-1	
-35.501426272422968	129.32055455123924	-1.4477766577198687e-005	3.1820724772997675e-006	-1	
-35.170491904847559	128.85498523033885	-1.7372489673828655e-005	4.6239226667812216e-006	-1	
-34.727567563811981	128.00388118795431	-2.1856822215613e-005	6.1480307915933379e-006	-1	
-32.937405355640294	125.97719563191356	-3.3133050283236487e-005	9.0207091806454761e-006	-1	
-34.823818072940973	111.60938759505022	-0.00016842946141677956	7.8819682793956329e-006	-1	
-33.745081699245645	111.81466321614913	-0.0001605729350751447	8.8457438090705111e-006	-1	
-31.544776715824984	113.53562962095737	-0.00013053946472717215	9.7576149113480805e-006	-1	
-28.667296886821347	117.01845255467391	-8.8290856038388853e-005	1.0491198078319175e-005	-1	
-29.093352310630898	125.18438304471509	-3.5216119013079952e-005	1.2441455455589525e-005	-1	
-27.011194598323062	121.22169784420622	-5.5046095509489858e-005	1.1410179477842874e-005	-1	
-33.665092455219032	132.43025298866206	2.6793553972712598e-007	1.925333088594384e-006	-1	
-35	149.30678266721375	3.2680876550404193e-005	-2.6471495867596893e-005	-1	
-35.112379052162652	149.77212180057444	3.3916046354801045e-005	-2.5488647262535741e-005	-1	
-35	149.61700875612087	3.3473519608405466e-005	-2.5881521543532159e-005	-1	
-35.06626892823035	150.3123531553025	3.4299060045732165e-005	-2.4743450230876459e-005	-1	
-35.116684247002723	149.96361742251401	3.4146994273353464e-005	-2.51672986858957e-005	-1	
-35.093017402583421	150.09301740258343	3.4151908897901798e-005	-2.5003211369194372e-005	-1	
-34.471895767957179	148.43341363558778	-6.9215293756418249e-006	6.017939363306084e-006	-1	
-34.632304748097035	148.99655657830664	-1.0705034518476368e-005	6.2009941317338757e-006	-1	
-33.588233978808958	148.00155029477278	2.8480860014809875e-006	-3.1179186322623668e-006	-1	
-32.818956987606441	146.73228243770495	1.0507030374639054e-006	-1.311670059121038e-006	-1	
-31.704398072911175	133.36940191328654	1.1322754939355367e-007	-1.0717757451982719e-007	-1	
-29.512759137461479	134.07141722263302	1.1640008924835484e-007	1.802022091785234e-007	-1	
-26.41866507191585	140.44942091767106	1.8868700019539183e-008	3.7210145073210288e-007	-1	
-26.725921866107306	136.95390666013279	1.2964184118852287e-008	-6.9476548374198849e-008	-1	
-31.40547867204625	147.18494901877793	8.044497993393287e-007	-1.4036775549365892e-006	-1	
-32.619052500041882	132.49110893736699	1.5290462919152128e-007	-7.8528165692415675e-007	-1	
-54.640937707796766	106.5741520399375	-3.135039388660709e-005	-2.48744610779148e-005	-1	
-54.809573450468825	107.02399816417859	-2.1816236341144903e-005	-2.359504392359688e-005	-1	
-54.678883317584948	106.8831942314732	-2.7240954847126514e-005	-2.4470392866226843e-005	-1	
-54.837077348522456	107.21412757771148	-1.9078476563759768e-005	-2.2925173010402759e-005	-1	
-54.829356803780279	107.3454472927417	-1.7961511097161111e-005	-2.2328897321719882e-005	-1	
-53.820956608071384	105.57949739289711	-6.4038803516856986e-005	-2.0002227494266666e-005	-1	
-54.219159085398843	106.31223861631511	-4.5941095824849018e-005	-2.2560618637054972e-005	-1	
-53.804530561020627	106.06299461951504	-6.0138384079514326e-005	-1.995424392958071e-005	-1	
-54.703805614329767	107.38470761869927	-2.1146880079233306e-005	-2.2385076231541465e-005	-1	
-27.743488136728189	74.073007951304874	-0.00020462471499904086	1.3933519272564347e-005	-1	
-27.666329751246032	76.611533743410092	-0.00022084736668118502	1.7934042025489318e-005	-1	
-15.764103668751877	85.492847707831146	-7.4334013910503334e-005	1.5498007313084643e-005	-1	
-22.348204088153391	84.888380046935282	-0.00016616576888569767	2.0187431860324721e-005	-1	
-28.885658986571709	78.560008977609954	-0.00025294095030376385	2.2192176277827256e-005	-1	
-27.981882234692243	82.717236034468456	-0.00025296624731327932	2.5479291121281342e-005	-1	
-4.0518157933518522	85.298856533442759	-6.6148565543234387e-009	-3.1559107871968475e-006	-1	
-10	88.731808711257003	5.2030949096556328e-007	1.2887395050607699e-005	-1	
-28.440442848114376	72.329581794800418	-0.0001988481290660943	1.0735848581022134e-005	-1	
-29.100792899544214	71.395313196278096	-0.00019785798341324519	8.5185025307636742e-006	-1	
10	81.865904355628501	1.5153636106516979e-007	-6.8375836053499338e-007	-1	
4.0040664011343816	85.298856533442745	-3.2066134443089545e-010	9.1563283847466908e-007	-1	
15.332923857267996	79.558643628798265	8.2712577277702328e-008	-2.1532410271107429e-007	-1	
20.462752127156158	72.154167726706746	2.3950093615327818e-007	-1.1315603291197453e-007	-1	
23.780050221200828	44.99971984973034	2.3309608440406962e-006	-1.0743181912282081e-006	-1	
24.523849302917739	53.09310168110057	1.9030351584125744e-006	-8.019432296395589e-007	-1	
26.580248962155725	61.824328810554313	1.2688398981057283e-006	-5.0047750635009687e-007	-1	
25.945682982850833	66.942339124573536	6.4675521924200597e-007	-2.7992592830966364e-007	-1	
10	30.371621688414745	-1.5680919835370631e-007	-3.0580088767345079e-007	-1	
15.469402555408912	32.088097777321863	6.8526164782189823e-007	-7.3516995912205686e-007	-1	
8.2122789028088832	28.655145599507616	6.2983894487282837e-008	1.0351089757643092e-007	-1	
7.4155908683892697	26.308333919601296	2.2806648014698798e-008	2.8221850017462499e-008	-1	
20.559459897273904	37.537557662552629	1.8174615280908762e-006	-1.090381370757374e-006	-1	
18.461295147439163	34.395435348894608	1.3218544557065969e-006	-9.7631001104907081e-007	-1	
-11.225563118457558	20.824498107924214	-1.4294812657588826e-006	-2.3747654824865781e-006	-1	
-10.464121511568775	21.208772286454938	-1.4915541585336701e-006	-2.287405468774362e-006	-1	
-10	21.789241243879118	-1.5687416729437566e-006	-2.217572015585791e-006	-1	
-11.313669510600494	20	-1.597331973162884e-006	-2.2631365750533319e-006	-1	
-11.003443421693367	20.352972178965317	-1.5414048035783214e-006	-2.2816071459341785e-006	-1	
-11.85498513164886	19.285380760927836	4.3758901598245564e-007	6.9894909550047989e-007	-1	
-7.7136999313470573	21.838865845155368	-1.8147779149906144e-008	-1.8603387329230641e-008	-1	
-8.8542690624322482	22.2551090880883	3.0272060129737777e-007	4.5889093447268224e-007	-1	
-7.2865758647456911	20.702326619346742	7.3602321830989851e-009	8.6838546674780015e-009	-1	
5.0425344349655061	22.277021276266453	1.5459998950036839e-009	3.9053951525550107e-009	-1	
6.5521141994918519	23.722629209581324	4.8697647357177037e-009	8.2214260454737758e-009	-1	
6.3214028190187506	22.597379383935262	-8.7316418365240619e-010	-1.2793218255372925e-009	-1	
7.4981143269380564	24.51636961769908	-2.7780551976263654e-008	-3.9671245579457562e-008	-1	
-31.303877617275059	69.83990395929176	-0.00020350574699940145	3.5731344291992247e-006	-1	
-30.995963906591555	69.877711009054011	-0.00020112421414717781	3.5270860790801476e-006	-1	
-31.655263643798442	70.15615050975579	-0.00021162138722158509	5.8169210287355513e-006	-1	
-29.574367918403979	69.667459772468888	-0.00018227050201023717	5.021238303799799e-006	-1	
-30.099341506534014	69.691805627855715	-0.00018841618667053556	4.1602107788826917e-006	-1	
-29.896158756364322	69.69805122852307	-0.00018623713175626558	4.4860319467309009e-006	-1	
-30.688050195908048	69.915518058816275	-0.00019852088520652366	3.5090168310199438e-006	-1	
-30.212484068583233	69.860687237710522	-0.00019227803097237478	3.8680732665759829e-006	-1	
-30.380136485224547	69.953325108578525	-0.00019570989738440975	3.5808421078672597e-006	-1	
-33.045414015775393	72.878267475816443	-0.00026228204451246817	2.2193277278461485e-005	-1	
-31.515277028160426	71.46367618316954	-0.00022930432200049918	1.186260605146025e-005	-1	
-31.564856270281993	72.553359506420151	-0.0002441462309821737	1.615031300968619e-005	-1	
-31.3371528206041	71.008147735914164	-0.00022115664453463166	9.5217784104397612e-006	-1	
-31.203548174022089	70.295567706259732	-0.00020950501685101746	5.9422050246610788e-006	-1	
-34.248706326413135	75.882772794964296	-0.00030568618779371461	3.6629332399456448e-005	-1	
-33.673801183206152	74.369491058371082	-0.00028535116058876075	2.9888971839154913e-005	-1	
-29.689380013599671	71.05255492693837	-0.00020172251371332231	7.1553099753649833e-006	-1	
-29.755678982521889	70.520434184614842	-0.00019583813965520338	5.7892587592673903e-006	-1	
-29.724950859863661	70.171061769526105	-0.0001908360197019032	5.1821497771488884e-006	-1	
-29.681898926979891	69.972291304258803	-0.00018761793842601206	5.0391500484075423e-006	-1	
71.337426469645635	-94.722677767752984	7.6444130794006107e-005	-1.0951359524703686e-005	-1	
64.268399044053865	-112.83631509437988	8.4045706009430238e-005	-1.1578961838256228e-005	-1	
76.497206246858482	-111.1602581667095	8.1212964763090971e-005	-1.1268433334569738e-005	-1	
80.478914291379084	-65.515690274445532	6.3784941900622572e-005	-9.8326562852147411e-006	-1	
84.564948402349287	-74.900388799586864	6.7344901690393329e-005	-1.0093398204096533e-005	-1	
88.20125381565741	-53.512667783134518	5.8659520246786367e-005	-9.291126025046274e-006	-1	
82.290065199547044	-30.323034009519802	4.8257854922235458e-005	-8.3628990992718377e-006	-1	
93.572394936712485	-40.264187429699646	5.3540233493366039e-005	-8.7339180267143117e-006	-1	
84.367055502175987	-89.092877163733462	7.267646255595756e-005	-1.0536790460383566e-005	-1	
-11.270601829144733	18.943718668373453	-9.1799347684250938e-008	-1.8653621001706527e-007	-1	
-10.104500136722793	18.773136260048538	3.6204611076042797e-009	9.9509275062242621e-009	-1	
-9.5697231617296925	18.499978395660936	-3.1262301362724098e-010	-1.9188715698157904e-009	-1	
-10.610967602557061	19.095769702070559	-4.3073124530586088e-008	-1.0253362953912432e-007	-1	
-9.084266928263796	18.960423808304007	-8.8860948519861788e-011	7.9494294116190236e-010	-1	
-8.4129194415411757	19.075770504220234	1.8019185970964977e-010	1.8861466494912991e-009	-1	
-7.8186823791087754	19.408778945283341	-3.2936486481680655e-009	-4.8839344391581494e-009	-1	
6.0872485836188233	21.472840942955774	2.7181542489637242e-011	3.3674790433273152e-010	-1	
8.7901940694262528	18.903721417798316	-6.1405567922765467e-010	-2.8382624688594843e-009	-1	
7.8846788605707214	19.825301940368021	-4.2561342823958395e-010	-7.0390941688633987e-010	-1	
7.2105832378984029	20.789130706711678	-9.972286327235967e-011	3.8858405204948205e-010	-1	
9.863125545124138	18.430260176876359	4.3080793024840706e-010	-7.1637306208369284e-010	-1	
10.748998229606737	18.187727937469077	7.1678693357228847e-009	1.3627909625558168e-008	-1	
12.110673630097974	18.177448355629185	-1.417451631678422e-008	-1.0329434423851656e-008	-1	
23.698923689768929	13.122070988073528	2.3690699929270447e-008	1.2196318006201659e-007	-1	
21.49978040292898	14.858973644777706	-3.6076361347329583e-008	-8.8421375870968727e-008	-1	
18.374886376902335	17.832938402517296	7.9755960792646315e-008	1.2696569786381237e-007	-1	
12.915716754415261	18.946706186740947	7.0048193277761392e-008	7.5483562725520779e-008	-1	
14.415930399671748	18.624053233754235	5.7444349766564589e-008	7.0694276649005147e-008	-1	
16.192822459347358	18.650666658764596	1.1198663960525856e-007	1.5300854885897399e-007	-1	
24.962995165744129	4.0894466543685724	5.4329965842595212e-008	-4.1212984831923841e-007	-1	
26.132014573883186	1.8150775789584339	-4.0749662745132976e-007	1.9030457929026931e-006	-1	
25.727812031399015	6.4436992844437775	-7.8677838222801567e-008	-9.7163475822033296e-008	-1	
27.249382685343257	8.7590956443715005	2.878044608277243e-007	1.4542028217569135e-006	-1	
27.719416716359337	11.289336407384287	2.612442130260576e-007	1.0365005027457188e-006	-1	
26.490882126585618	14.255574209666001	-3.0501334041538764e-008	-3.6431193587433e-007	-1	
27.121556578306631	0	5.2609953617634474e-006	-8.9566263121600499e-006	-1	
27.228640589864952	0.85935909514571118	-2.2691625722440005e-006	3.7297929421989387e-006	-1	
27.842558957809267	-0.53334766931371935	6.9217012107887834e-006	-8.7947264423299988e-006	-1	
31.569739823123673	-0.1368744548758459	1.0189154468896077e-005	-8.0323406135049866e-006	-1	
30.68005583074541	-0.50643136506038267	9.9121385847653499e-006	-8.2092380881504883e-006	-1	
30.353724590228602	-0.86842484157179678	1.003160141078114e-005	-8.226135105583751e-006	-1	
29.615388527712636	-0.96275275847262154	9.4896768789085988e-006	-8.3635426089217489e-006	-1	
29.27785093650634	-0.96279851802473759	9.1529570736744558e-006	-8.4283129440344893e-006	-1	
28.670476004487817	-0.74755868253882252	8.2598974141866433e-006	-8.6140854875305177e-006	-1	
29.076272941662609	-0.69206259583105068	8.6803043584741839e-006	-8.5610855573959033e-006	-1	
28.40426289660823	-0.41152723108136352	7.5653714374340867e-006	-8.8219302406309673e-006	-1	
33.15762954820805	1.4197183368697965	9.8969622461196069e-006	-7.6101572542072602e-006	-1	
31.812272062530909	0.74899822960674944	9.3783337654390545e-006	-7.9960732963517449e-006	-1	
35.028672514258737	2.9674807279754991	1.0291740570820432e-005	-7.0403721483119018e-006	-1	
36.052313868767691	8.8497583081954829	7.8089614234057775e-006	-5.8282845574464282e-006	-1	
60.478215680739517	17.55093624592422	2.1073449566654052e-005	-5.3200690845164328e-006	-1	
46.010599103986934	18.533867127719088	1.3161347464491265e-005	-4.7932003426753164e-006	-1	
36.017025158754798	12.487759123832474	6.775027993746561e-006	-5.1989767451662441e-006	-1	
39.21063711389067	16.47624163764608	9.0010399865238482e-006	-4.7807526656999649e-006	-1	
83.798512314769027	-15.224133933216466	4.19307020928403e-005	-7.645076373931497e-006	-1	
78.460529377479972	10.216437568310916	3.0683155438367409e-005	-6.2196639512833293e-006	-1	
72.194716007587729	18.598665849052605	2.5630596195890071e-005	-5.5673022531633787e-006	-1	
85.539582567228109	2.4016483265915802	3.5486716645472883e-005	-6.7570586342374696e-006	-1	
60.480452162477341	-125.38437187948485	8.8715228945902865e-005	-1.1939497816711819e-005	-1	
65.510642486538217	-132.79626392092004	8.9677970393463232e-005	-1.1965577144584233e-005	-1	
62.716265253837349	-146.17855977435624	9.3670119987585259e-005	-1.2258929507603848e-005	-1	
54.007191379292578	-161.50061505459556	9.9108715231760482e-005	-1.2677517137147274e-005	-1	
62.962123997591881	-159.72048542561947	9.662370955176092e-005	-1.245433688714749e-005	-1	
47.705783477168232	-178.54800538157869	0.00010380811165126692	-1.3013979954353877e-005	-1	
59.317328561749875	-169.98222436190525	9.9483170739054455e-005	-1.2665543996425978e-005	-1	
59.337913602414822	-179.86920732895956	0.00010123716131705458	-1.2778451139037264e-005	-1	
48.949135828753811	-187.76662853883738	0.00010495671082165147	-1.307544732433635e-005	-1	
40.286993785238963	-192.46003927814346	0.00010781214457396701	-1.3303165362577597e-005	-1	
19.219650542141636	-229.59379733406274	0.00011710459500245771	-1.3956447486937419e-005	-1	
31.416624078619453	-225.52360321125875	0.00011376674707046401	-1.3698040725468706e-005	-1	
33.176629033282161	-213.85403960666878	0.00011219891407660148	-1.3600421773685607e-005	-1	
16.138925738367909	-240.13110584158639	0.00011860252276789393	-1.4052280749321289e-005	-1	
7.615254959514079	-247.05012111494938	0.00012108307745757226	-1.4232598359795585e-005	-1	
36.04200556354899	-205.94207794262772	0.00011061476514759433	-1.3492606334379825e-005	-1	
1.1327173710072636	-258.20175712051321	0.0001231487092067687	-1.4373125556112137e-005	-1	
-29.953581752479934	-273.88444891112778	0.00013087824501774003	-1.4931362369559952e-005	-1	
-30.804106081333906	-285.08293598289094	0.00013108353256108027	-1.4934421436707361e-005	-1	
-68.613436774092833	-321.72690874172542	0.00013851709399884032	-1.5448562176918449e-005	-1	
-59.467186513737303	-322.49945435823804	0.00013663688390460797	-1.5313382767061445e-005	-1	
-41.068954571490622	-317.63083369522116	0.00013300331878755511	-1.5052010391555667e-005	-1	
-46.400324179845697	-327.51123411858447	0.00013389084029855807	-1.5112822581079707e-005	-1	
-30.841729279515334	-302.91791546633596	0.00013103226383293404	-1.4916009303496224e-005	-1	
-30.908635217612204	-312.85446215878324	0.0001309827936689139	-1.4906318350654736e-005	-1	
-25.139230126957585	-294.78029050626219	0.0001298234184871624	-1.4832846631494357e-005	-1	
-74.484834317025189	-327.51893431140735	0.00013947760507630939	-1.5515157391515287e-005	-1	
-97.797249333828589	-349.83245616191715	0.00014288989404466485	-1.575413250890682e-005	-1	
-91.903665108013541	-351.5054046976187	0.00014171728643116432	-1.5671057177505914e-005	-1	
-87.339156821468336	-346.24119997699142	0.00014113240283841381	-1.5629722719056068e-005	-1	
-76.980318499585863	-335.2407357848586	0.00013965396289568254	-1.5525915652264464e-005	-1	
-80.656358829890493	-344.26970352952412	0.00013997254294790989	-1.5547267255864695e-005	-1	
-3.6312766052952785	-268.55168040533567	0.00012461332981695856	-1.4470181013063148e-005	-1	
-22.2729798251384	-280.09933227159036	0.00012912670507251358	-1.4794858256935139e-005	-1	
-12.421250999783231	-280.84757040353986	0.00012689181492230617	-1.462740816298895e-005	-1	
-51.680282753256179	104.38619172173229	-0.0001333767218330761	-3.6812159861214634e-006	-1	
-53.210419740871991	105.80078301438047	-7.9211919418772911e-005	-1.6057398595590906e-005	-1	
-33.651646381324817	99.740273161969171	-0.00030759557871366642	2.9424356162347073e-005	-1	
-28.068700428672066	92.896940891588386	-0.0002508109009722924	2.7462807163632132e-005	-1	
-27.631548036665627	87.81044652519671	-0.00025176782379867377	2.7335210193582878e-005	-1	
-30.54467307740736	97.612150902253745	-0.0002710718466281355	2.7815658332166732e-005	-1	
-30.919562476575617	77.489235371398053	-0.00028297870881338361	2.321637892673769e-005	-1	
-32.675347185251624	76.26366457869814	-0.00029550187940263154	3.118412846510519e-005	-1	
-35.524977648151889	103.27467292380705	-0.00029407168391142979	3.0516921228327888e-005	-1	
-36.069726940892544	105.0899940805262	-0.00027721668689619227	2.6656601119130035e-005	-1	
-33.955211259630289	102.21261069425483	-0.00028830486631252245	2.5230427754139751e-005	-1	
-36.784497765444961	107.22110119215708	-0.00025128928142307308	1.9184421885880534e-005	-1	
-65.873779086851371	326.20001088690759	0.00014226993822892266	-1.487826090611861e-005	-1	
-59.771350947112381	326.35283540011318	0.00013878682547837964	-1.4647440060094949e-005	-1	
-53.272310476230004	323.84105113460646	0.0001353246481698375	-1.4417317415355948e-005	-1	
-75.889593879969098	329.49816109429588	0.00014757540526252706	-1.5225925918616226e-005	-1	
-69.900466110958206	330.78790540862502	0.00014403760109203093	-1.4994106724276639e-005	-1	
-31.845590538338605	305.63150392467367	0.00012373297102559369	-1.3651289877870067e-005	-1	
-35.33225277331168	318.10492457675082	0.00012557297885855293	-1.3759034581221799e-005	-1	
-42.67191994993086	321.57433443383172	0.00012952136506048085	-1.4026285891729535e-005	-1	
-7.5821020535412913	266.13814467249205	0.00010533984930586964	-1.2488641255015982e-005	-1	
-1.6948459760506225	259.49212604736067	0.00010021824833281522	-1.2144680850272212e-005	-1	
5.3987350582722602	252.40989181637124	9.4009516697531482e-005	-1.1711777102167043e-005	-1	
-12.396723512182088	286.30118397129814	0.00011139316337053884	-1.2832459127038368e-005	-1	
-3.3472735338024941	276.98561974202391	0.00010488298555747602	-1.2392948912125294e-005	-1	
-21.734418608658402	295.04592618717675	0.00011751147378188916	-1.3242781994967022e-005	-1	
-34.866616801833764	150.29233344297066	3.3427297357977627e-005	-2.4943067076855976e-005	-1	
-34.551714317084851	150.27206022381895	3.194007799683851e-005	-2.526926902815746e-005	-1	
-34.10862777834766	150.36000290699218	2.9995611974925064e-005	-2.548948213185615e-005	-1	
-33.835758756120882	150	2.7819872166775784e-005	-2.6391714554883747e-005	-1	
-32.744282667213753	150	2.1532875380709668e-005	-2.7128390855124404e-005	-1	
21.66477158352513	205.51285665639648	6.1737823306944574e-005	-9.445725504356917e-006	-1	
33.623722940677865	196.26173927282014	5.1193150579744728e-005	-8.5147663607179343e-006	-1	
24.230205173150651	214.62444099115223	6.6854783710645527e-005	-9.7682049465605976e-006	-1	
19.876031151715452	231.59595205331144	7.8150768325342221e-005	-1.0575179483074419e-005	-1	
27.142013665617259	223.63131558200479	7.0786863672965661e-005	-9.9963890739630199e-006	-1	
12.096260440309997	245.61154194044266	8.8010068897933697e-005	-1.1278589236749917e-005	-1	
33.032171358268286	185.25879674701628	4.2502662688350511e-005	-7.8776521128188961e-006	-1	
23.316608393909817	157.51928355262785	1.1466006470387653e-005	-5.3953921719459085e-006	-1	
31.074394308050373	161.64897456768929	1.8725002868317835e-005	-6.4812983256197027e-006	-1	
37.067234605178271	166.84852378650837	2.5652064460551637e-005	-6.8009341006103389e-006	-1	
40.240937275039499	179.7920984466117	3.7449212147812589e-005	-7.4515220531346096e-006	-1	
-2.7551762262201187	141.61206212601923	-4.5590460002469711e-008	-2.1684012793811648e-007	-1	
-7.9416272856049757	138.25110844577947	1.6715423866790769e-008	3.9164740147860411e-008	-1	
19.646569600328249	154.08379313714644	5.8916575478692702e-006	-4.078857507304207e-006	-1	
17.463617422514002	150	-7.1650426821375434e-007	-2.1449258881900868e-006	-1	
11.559602283172126	145.84624348555644	1.9807530643800114e-007	8.5618100044259203e-007	-1	
7.7321140336947352	139.28333377378442	-3.877664548581263e-008	-2.0920002219239546e-007	-1	
10.99959437796486	140.85259744155692	-6.1118962823350516e-008	-3.172995274833756e-007	-1	
0.035382837320852012	136.81507785457097	3.2477373989023336e-010	1.0177591690107079e-008	-1	
5.3329481167933634	136.56616260465259	-4.9379019743801471e-009	-8.9508846893168961e-009	-1	
-23.070760531652844	139.65522597685222	3.2126593734951059e-008	1.229006318502826e-007	-1	
-19.742405003668416	138.78272388856166	2.449453754860755e-008	1.3865412724492511e-007	-1	
-12.800055722223053	136.24523505137441	3.4751658946651998e-008	1.3669327552744835e-007	-1	
-10.487668933184317	135.88506692246273	1.2655624198286464e-008	5.8362691271583964e-008	-1	
-16.883783968805471	134.54319348136286	3.5391735210020021e-008	-1.1734829365321539e-007	-1	
-19.616151648542434	135.27118285858111	2.3771726770979108e-008	-1.035338732760582e-007	-1	
-14.678389142026855	134.84927040022711	-4.8743387002083142e-010	-9.329644758355301e-008	-1	
-32.208696731968374	148.87278990825456	-3.3602366382310763e-006	4.6947937453470861e-006	-1	
-35.676179526446113	110.81712791010328	-0.00018432935647104491	7.1871120031529384e-006	-1	
-35.923665259774424	110.0106179229745	-0.00019985985776948734	6.7964021870691342e-006	-1	
-36.178651353480959	109.54175002494466	-0.0002101938040015967	6.5445384561121958e-006	-1	
-36.552048610875417	108.80118969150836	-0.00022475024623493925	1.0718602232408558e-005	-1	
-53.522148595010236	106.96889149129021	-5.8524136835113652e-005	-1.9261204125592603e-005	-1	
-53.984647246142607	107.03045808275895	-4.5222652583588725e-005	-2.1259072286172065e-005	-1	
-54.306662067781168	107.05384269839814	-3.6002703327291493e-005	-2.2489558486516803e-005	-1	
-54.6534739944913	107.27332703920915	-2.3772484292517535e-005	-2.3239983241087865e-005	-1	
-54.555116728044553	107.13118746335725	-2.8137267342254808e-005	-2.3315364337397575e-005	-1	
-53.3885439484282	106.2563114616357	-6.9792693527971324e-005	-1.7613023010626691e-005	-1	
-35	131.3136695106005	-5.2356764189188329e-006	-1.5505303401196021e-006	-1	
-34.533826974511612	131.93346818544592	1.0868418289083069e-006	1.098553254163057e-006	-1	
-35.321282336396777	130.84833037723979	-7.0790243624071395e-006	-4.9409323202107479e-007	-1	
-35	131.00344342169336	-6.501888132140921e-006	-7.3222578142840934e-007	-1	
-35.304924635617368	130.48564274959548	-8.89794543480211e-006	5.8444229359833874e-007	-1	
-35.627682156712289	130.06471242295825	-1.0550005213210693e-005	1.3086441767254778e-006	-1	
-35.380877928365869	129.61912207163411	-1.3486166568716283e-005	3.0116777480689227e-006	-1	
-34.93474751575539	129.37527066278699	-1.5981497544020674e-005	4.9023745715096098e-006	-1	
-34.608273344782205	128.95589429298553	-1.8332371506836155e-005	6.2747676191850996e-006	-1	
-32.841118083719358	128.34446334956127	-2.2406310548145974e-005	1.0733960828777359e-005	-1	
-33.777820572695603	128.9211365179444	-1.9783345900288874e-005	8.8014790650111471e-006	-1	
-31.3181714366719	127.70673580242513	-2.4528806625279384e-005	1.2837233779424676e-005	-1	
-34.848311537037709	110.78109801309087	-0.00018112774417315539	7.9169219349796526e-006	-1	
-34.373211435749134	110.91396166809285	-0.00017646656190262142	8.4646194214956602e-006	-1	
-33.640666060050513	110.72154491566999	-0.00017476365232799753	9.412438504091171e-006	-1	
-32.37704314172931	110.86909629417202	-0.00016467573801230673	1.0573392691024568e-005	-1	
-27.406561370216568	113.04675656008308	-0.00011255946639244428	1.1751532106304151e-005	-1	
-29.720218388256491	109.30815149537247	-0.00016173695416120824	1.335738550479365e-005	-1	
-22.432802654753438	115.07684928275189	-7.2443173433140595e-005	1.1578294748543875e-005	-1	
-26.472167169307678	125.66553674407918	-2.8993144544804462e-005	1.3950237597826991e-005	-1	
-27.160213066885504	128.24016550767436	-1.6450974014290125e-005	1.6834812094404908e-005	-1	
-29.490319600328249	128.52421845216193	-1.8620660524544828e-005	1.6210157433988073e-005	-1	
-21.511090617078239	121.11797170062727	-3.9003723919650949e-005	1.1662478859147953e-005	-1	
-22.432269860628107	124.55476635755505	-2.6615732012669893e-005	1.3031529422796763e-005	-1	
-34.097526693168909	131.52775898005828	-1.1676045048271353e-007	-8.8298157179224349e-007	-1	
-33.444962414913796	131.3826603652401	-7.2211859276008879e-008	-1.1391348706415407e-007	-1	
-34.754368319541328	149.4618957116673	-6.3197885449508495e-006	2.458797447103694e-006	-1	
-35	149.92723484502801	3.3919649657846811e-005	-2.5303437523700109e-005	-1	
-34.846933175511282	149.84693317551128	-1.4577532435149778e-005	-9.2447752539554406e-007	-1	
-34.963617422514005	150.11668424700272	3.3659643608489323e-005	-2.5070586959499514e-005	-1	
-35	150	3.3827571103345421e-005	-2.5170742341016346e-005	-1	
-34.069848366556862	148.8591117702687	3.4969518620706614e-006	-2.3233628445749541e-006	-1	
-34.454512632143661	149.29187228045004	5.2400411708539793e-006	-1.3713231794271606e-006	-1	
-33.290020711667317	149.49584154005842	-5.4377590421509279e-006	5.2385029476466789e-006	-1	
-31.693795917833334	131.99937395650886	2.9409243900413475e-007	-2.0866657022398585e-007	-1	
-30.917017507873588	132.24818790434543	-1.294759127650802e-006	1.6768778469677528e-006	-1	
-29.176422719593592	132.35997228384494	4.5007606716297945e-007	-1.3682108129340998e-006	-1	
-26.600163818518912	133.75503479413649	-5.4646838423160132e-007	1.4578730887308641e-006	-1	
-24.804366716185847	134.39339458099585	1.2063177522760143e-007	-2.272728959426466e-007	-1	
-22.244044923023385	136.3152032647761	1.8597283142532625e-008	-1.7291220779793523e-007	-1	
-32.326734510567874	131.48490158927731	-1.7671182905938894e-006	1.3521349556668521e-006	-1	
-54.21932474080235	106.80872207056488	-4.1045132389734494e-005	-2.2284067411543424e-005	-1	
-54.716828927373129	107.19223642300891	-2.2895301327615034e-005	-2.3676586762780299e-005	-1	
-54.725696769032339	107.26445919754994	-2.1802097099697703e-005	-2.3255741181666199e-005	-1	
-53.746416083311338	106.54326755301172	-5.6986774647697055e-005	-1.9843668020357407e-005	-1	
-29.307811320903227	73.034656561668513	-0.00021817813515960226	1.2178387192285293e-005	-1	
-29.17258918869431	74.566723453742213	-0.00023024244586552364	1.5501237135724437e-005	-1	
-29.416550891467711	76.323611582752321	-0.00024777621820702147	1.9082257936493048e-005	-1	
-15.599507522018818	91.948353182442958	-7.1222166849802492e-005	1.5582755210632275e-005	-1	
-21.969926834358755	93.005897795794354	-0.00015667008169171394	2.0405700023837611e-005	-1	
-3.8924000138959363	92.16476088907126	-1.1434388030290446e-007	-2.9797566512517981e-006	-1	
-10	95.597713066885504	3.9253032169879221e-007	1.1854470046811031e-005	-1	
-29.514762428825563	71.936189569268706	-0.00020960941128651234	9.5080950462376983e-006	-1	
15.515240221154311	86.807820010397279	4.0031121541299474e-008	-2.8705364434369813e-007	-1	
10	88.731808711257003	-2.5898233968149132e-008	-3.3405945869512818e-007	-1	
2.2151999722081257	95.597713066885504	2.8764403331642021e-008	5.7647979945205301e-007	-1	
19.982178488726611	83.04403604585147	6.5999015633495566e-008	-1.7884812947616667e-007	-1	
20.882635430107229	77.836949583014984	1.2592184813495751e-007	-1.4459244434757391e-007	-1	
24.625155323128407	74.181819665277629	1.8539634030724571e-007	-1.1613863693531635e-007	-1	
25.039937757326918	71.456783717147772	3.0133826482294828e-007	-1.5260341187190968e-007	-1	
26.712021194246013	37.419507929504292	3.2539240507081891e-006	-1.6177725494828544e-006	-1	
31.032132159243044	43.447634016446351	4.1103236458427211e-006	-1.6260709989253498e-006	-1	
35.285088562297538	54.114368609682622	3.6816496264471109e-006	-1.2348287092532208e-006	-1	
31.178230922956551	59.108275161517639	2.1203987751380176e-006	-7.6346549124211743e-007	-1	
28.966965141485222	66.396012246207434	7.5222755171152733e-007	-3.1926380149869529e-007	-1	
31.812691904603227	64.410712789539602	1.1885992007779127e-006	-4.5527652726065431e-007	-1	
28.455715058330036	68.168229154960983	5.0158905383576136e-007	-2.3708943197616848e-007	-1	
27.314165843114644	69.377564380623156	3.9829333203714707e-007	-1.9658619653313377e-007	-1	
10	26.938669510600491	-2.2240253468808392e-007	-3.037601175060887e-007	-1	
12.470258166218683	26.727939049416392	2.2169142460036389e-008	-4.8037235581824831e-007	-1	
19.468640185673252	30.160877573176617	1.2550335525594551e-006	-1.1332420076286831e-006	-1	
16.903127258955628	26.537864633449139	5.1482194347844985e-007	-8.5267359908631811e-007	-1	
8.697182741467854	25.053157258185994	8.2160891857407994e-008	1.1929506140145462e-007	-1	
22.207471930493149	33.90412336904474	2.0930846076449013e-006	-1.3473850848413323e-006	-1	
-10.713484125157917	20.727292315954841	-1.5116180704064216e-006	-2.2874744969482821e-006	-1	
-10.240119291354791	20.716443688312165	-1.5617950552161617e-006	-2.2306428803532784e-006	-1	
-10	20.93100319942555	-1.5779714834412692e-006	-2.2156895016127129e-006	-1	
-9.532183758298288	21.22062182635095	3.0894622230425262e-007	5.0748080940316392e-007	-1	
-10.693217332786244	20	-1.6072408049182729e-006	-2.208819224793009e-006	-1	
-11.003443421693367	19.565701959999782	2.9136047388631156e-007	5.3048102159793159e-007	-1	
-10.538104288332681	20.287481138927308	-1.5766376772634104e-006	-2.226322073617604e-006	-1	
-8.6402886696967727	21.054270605534814	-8.8220684053158992e-008	-1.4546924183600518e-007	-1	
-8.5714521555194985	20.149609833723389	2.0782507288307231e-008	4.3327524443799528e-008	-1	
7.7862067854217161	23.678407428069033	-4.6233900249473823e-009	-7.0264126402535943e-009	-1	
7.4388760985557898	22.863214635015765	4.5819056412037934e-009	6.3163043999162707e-009	-1	
7.4001002046035902	21.548742549842945	-6.674848950172784e-010	-1.336448661479552e-009	-1	
8.6876058045605546	23.739454736310517	8.1893500169267985e-008	1.1095031988430073e-007	-1	
-30.741049522889718	70.234001114790971	-0.00020377763365573952	5.0728651722281005e-006	-1	
-30.021891154702573	69.879751578850673	-0.00019033385166344939	4.1524075682980266e-006	-1	
-29.896339965252061	69.919011904808244	-0.00018940534170339984	4.4711650436453908e-006	-1	
-30.419034701251178	70.210616499151783	-0.00019985270670850574	4.6879345040872277e-006	-1	
-30.072222774541039	69.99113215834079	-0.00019263402581963941	3.8482187972697437e-006	-1	
-30.170580040987787	70.133271734192689	-0.00019581387136307997	4.2675060846140242e-006	-1	
-32.063289271638887	74.211790113355875	-0.00026859265625791797	2.320442573699595e-005	-1	
-30.904740160960966	71.684961804652858	-0.00022546425185575834	1.0869922392742939e-005	-1	
-30.921166208011773	71.201464578034901	-0.0002193208188210267	9.2781282862195328e-006	-1	
-30.464215159117408	73.780729072969535	-0.00024395781427425636	1.4416762292551136e-005	-1	
-30.312432719964679	72.544560306826696	-0.00022835224094382167	1.092648965759705e-005	-1	
-30.979280685720994	70.72119164453818	-0.00021333139818914424	7.5319519443150321e-006	-1	
-30.084759061235577	70.690307157612438	-0.00020244758099125052	5.617570608406455e-006	-1	
-30.160650280811943	71.308391540683857	-0.00021149240354418459	7.3546852507914749e-006	-1	
-29.91612331856351	70.240461033371361	-0.00019415669255825184	4.8069222415018859e-006	-1	
-30.046813451447395	70.381264966076742	-0.00019777654319700071	4.7929685955257942e-006	-1	
-29.888619420509887	70.05033161983846	-0.00019117542521359396	4.5482041655788451e-006	-1	
81.580314091317632	-100.53604212131965	7.6936238036860727e-005	-1.0900247949269597e-005	-1	
69.694411032244503	-123.92285135834301	8.6332740448512264e-005	-1.1697067513261911e-005	-1	
83.053349444215499	-118.38204165106458	8.2274036107255334e-005	-1.130078957416303e-005	-1	
88.868075355235675	-110.55094128784198	7.9093265637035273e-005	-1.1015753078971801e-005	-1	
93.519376986476004	-65.419826266593873	6.3319194411841722e-005	-9.6583203191339829e-006	-1	
94.557793650490112	-75.369642655158913	6.689779557027255e-005	-9.9656057282165952e-006	-1	
92.692072612387548	-84.62956458215902	7.0304236710792538e-005	-1.0273062905341322e-005	-1	
97.048016789566816	-56.70261889528139	6.0021176585790586e-005	-9.3237919241280675e-006	-1	
98.249335008330519	-47.861975168781086	5.6731213162556057e-005	-8.997378480216374e-006	-1	
92.116898997100137	-30.543246749631106	4.9562950288883388e-005	-8.3457644149399996e-006	-1	
94.842491601709412	-19.080152984441479	4.5493056511440993e-005	-7.8530046301314859e-006	-1	
101.7377489306167	-28.529692009279096	4.9915180861611588e-005	-8.2575749306554085e-006	-1	
109.07849677838409	-39.835168300676251	5.4551066786926318e-005	-8.6708427301732477e-006	-1	
99.352629592525844	-91.427918743873605	7.1979053557135502e-005	-1.0365289865031283e-005	-1	
95.686812164830897	-100.21099458213094	7.5091627168944223e-005	-1.064886186272648e-005	-1	
-10.064712422958248	19.372317843287671	-2.6246230517216462e-008	-3.148279703992361e-008	-1	
-9.4811980561085996	19.499054862350089	-3.9260897047780415e-010	2.8262483225807371e-009	-1	
-10.485642749595476	19.695075364382646	1.779585097093761e-007	3.5551403695089556e-007	-1	
-8.8591030245568714	19.590486463206201	-1.1169012435227741e-009	-1.0988633691041289e-008	-1	
9.4935686349396224	19.319944169254612	5.5062336519432737e-010	1.5342037432310906e-009	-1	
9.132360012362474	19.645947546235963	-7.3827634627050508e-010	-1.2323026886827142e-009	-1	
8.3130130433079898	20.379229104516597	2.7549046617226642e-009	2.9690193244627565e-009	-1	
7.8948321920171658	20.941974807189936	3.8998825968250575e-009	4.896508217725997e-009	-1	
10.610967602557061	19.095769702070569	-7.6304983105182197e-009	-1.1665552778886393e-008	-1	
10.064712422958248	19.372317843287671	-3.2807363801592215e-009	-1.9127163255304983e-009	-1	
11.270601829144731	18.94371866837345	-1.7259091967394269e-008	-2.5469967272164397e-008	-1	
11.85498513164886	19.285380760927836	8.3009796847189928e-008	8.8592604174120868e-008	-1	
24.002335114832913	16.120037461103706	-2.1826088080184776e-008	-1.0771881518620443e-008	-1	
21.240904355628498	17.801089562218404	1.1286975492860762e-007	2.2437388817388423e-007	-1	
17.518191288742997	20	-3.7556464217112004e-007	-5.2585102217463883e-007	-1	
20	20	-4.6434538362743233e-007	-7.6280590923036064e-007	-1	
13.795478221857497	20	-3.1330243979131135e-007	-3.3860121731488179e-007	-1	
12.554573866228997	20	-3.0130909577229927e-007	-3.0822107740393681e-007	-1	
15.036382577485998	20	-3.1419871563922018e-007	-3.9544675827310608e-007	-1	
27.139423336615955	5.4320268139207988	5.462235336288577e-008	-4.4142306864295021e-007	-1	
27.475299369206869	3.6122793283169878	2.1735572254574007e-007	-5.4598213077543327e-007	-1	
27.577486961532198	1.6519947295425499	4.3025357907473127e-007	-9.13373516553869e-007	-1	
27.339466829689602	7.0907668819768777	1.4064564661241243e-007	7.0753429024145233e-007	-1	
30	10	-1.3252943548698638e-006	-4.5341696599576418e-006	-1	
30	7.5181912887429991	-6.675363960094827e-007	-5.6891276615221227e-006	-1	
28.557108988091287	13.722713066885506	4.3150128512100483e-008	1.3459939104083529e-006	-1	
30	12.481808711257003	-6.4645792509166275e-007	-4.479337150870189e-006	-1	
26.21887550502305	16.371997333362923	2.4202950202516124e-008	-4.8644355526090217e-008	-1	
28.160712787964805	15.584069600328254	-9.0972294948344477e-008	9.048419002468929e-007	-1	
28.05678266721376	0	6.5106734938848018e-006	-9.2153883565492818e-006	-1	
28.094090981918338	0.89035359200758113	-4.9940215280804911e-007	7.5754843409373212e-007	-1	
30.904230297929431	0.61096760255706628	8.7909196953718771e-006	-8.2689879550772845e-006	-1	
30.627682156712339	0.064712422958252774	9.2521791461829283e-006	-8.2943594434705006e-006	-1	
30.381866097816534	-0.38186609781649616	9.5694700346845627e-006	-8.3013002153502507e-006	-1	
29.934009465504431	-0.62069400043200029	9.4538700542520713e-006	-8.3725560835900323e-006	-1	
29.501304897680093	-0.70981639453170442	9.148047245589283e-006	-8.4580142581554636e-006	-1	
28.831023704625494	-0.37076244338453229	8.1075392032770737e-006	-8.749579167668267e-006	-1	
29.431213844157995	-0.44134084059575318	8.8521444832422591e-006	-8.559992331715872e-006	-1	
29.225815278347664	-0.28404111067213988	8.5124958103979878e-006	-8.6778304415906411e-006	-1	
28.524395711667321	0	7.403767465754311e-006	-8.9990244147539656e-006	-1	
31.822551644370808	2.1106736300979758	7.7644156934634928e-006	-7.9178479795704685e-006	-1	
32.728868248024511	3.7467563769854326	7.0777532443521095e-006	-7.3064505683758926e-006	-1	
31.056281331626547	1.2706018291447343	8.0531372291707833e-006	-8.2505462377390404e-006	-1	
33.125476986352112	6.2508519177329491	5.5943439796469946e-006	-6.4788784382096812e-006	-1	
32.167061597482714	8.3748863769023369	2.9261693835453673e-006	-5.7097145064011214e-006	-1	
32.344882238601201	11.240904355628501	2.5216336047338063e-006	-5.0434716797430007e-006	-1	
52.194410494635797	24.448771545493443	1.507284081590306e-005	-4.4598914226932184e-006	-1	
63.960670663334852	27.521706863084201	1.9715265181598953e-005	-4.6961646405604746e-006	-1	
43.744713339546962	23.096648927603749	1.0990786500638708e-005	-4.2011435511835864e-006	-1	
39.246231638455718	20.705649463823452	8.5859849780413564e-006	-4.2455667546422796e-006	-1	
35.268425203479246	16.048081206817553	5.8114801155006745e-006	-4.6788947952389938e-006	-1	
33.240758388377337	14.839064728667305	3.7751789953571053e-006	-4.7413629626742816e-006	-1	
35.723694963902638	18.364518774020347	6.2685535806511288e-006	-4.3754068979426295e-006	-1	
94.539829141458128	-7.3862760888634682	4.1225123037427495e-005	-7.3347034357067983e-006	-1	
83.946013382339231	19.128880183510141	2.9713409542392341e-005	-5.8633024331413258e-006	-1	
77.527989995656611	30.884584159792492	2.4220256291507783e-005	-5.0097784575068772e-006	-1	
95.495024842261387	5.8762841440918319	3.7082755445680528e-005	-6.7483614244567111e-006	-1	
73.125701791881497	-137.51323647821471	8.9326955699990844e-005	-1.188665144143749e-005	-1	
72.852096077173684	-155.16238581824905	9.3514771774623836e-005	-1.2181688606820884e-005	-1	
69.121012299412882	-168.70134922880177	9.7050294822335748e-005	-1.244587781839478e-005	-1	
74.170213194609417	-179.21120773333001	9.7886116891505296e-005	-1.2475144098351034e-005	-1	
63.331283432427306	-188.31071066327942	0.00010172136187719142	-1.2787211198539983e-005	-1	
47.766178439204104	-197.54729420965811	0.00010665750211355864	-1.3186062218898664e-005	-1	
56.242548685406547	-194.389840603408	0.00010423757120907488	-1.2987289561077125e-005	-1	
44.456812197284123	-205.96551616581777	0.00010855560397150911	-1.3319942789452799e-005	-1	
26.851205892338381	-237.54398591861138	0.00011587169343562687	-1.3840848158193241e-005	-1	
38.277145792286319	-236.39861518656957	0.00011314526643069874	-1.3623388418866523e-005	-1	
43.580696374123441	-219.4246513261524	0.00011030402118785565	-1.3428567651136797e-005	-1	
19.593042329075523	-250.5519894162702	0.00011844142720525466	-1.4020477794940481e-005	-1	
10.915015529205505	-259.51983880901531	0.00012091221115590115	-1.4199063472763792e-005	-1	
5.5120452473125692	-267.04778357001408	0.0001224678552670205	-1.4308442200234099e-005	-1	
-17.9613934521525	-288.56138539492969	0.0001282199281437615	-1.4719244546117051e-005	-1	
-66.681044203086444	-329.74480923116278	0.00013784870666036479	-1.5398091834486864e-005	-1	
-54.971565013627099	-330.31838265041313	0.00013552285773082959	-1.52303555565097e-005	-1	
-32.105938277448224	-323.5022782623152	0.00013112857707596389	-1.4912081176080991e-005	-1	
-49.676874507101765	-337.88187820298066	0.00013430626427279527	-1.5140197887478357e-005	-1	
-31.199940877671395	-334.17882691360353	0.00013083299159913318	-1.4886722536567342e-005	-1	
-40.458863431608364	-343.00986278019082	0.00013245149690425077	-1.5003593719084356e-005	-1	
-20.637358524042799	-307.95512334500438	0.00012888213325603596	-1.4753712422818622e-005	-1	
-21.538754048592999	-319.2992906496761	0.00012906276922697546	-1.4761069192080733e-005	-1	
-15.37363822945114	-298.79993112926854	0.00012774531296515752	-1.4675383461770725e-005	-1	
-85.981781525828609	-353.07524120787389	0.0001405621238593163	-1.5588873375531487e-005	-1	
-69.218889003003795	-341.13952745890697	0.00013793448087954624	-1.5401820011375741e-005	-1	
-80.033402450379469	-354.54148750527423	0.000139407977343547	-1.550640691861865e-005	-1	
-75.655392834242392	-349.12119055403383	0.00013883394035518818	-1.5465470571883138e-005	-1	
-1.978083266399242	-281.54943844123306	0.00012458290514875419	-1.4452654286549385e-005	-1	
7.013316109055566	-276.1915369564166	0.00012245770853795704	-1.4296444633826387e-005	-1	
-6.3309097436296335	-291.06811863908877	0.0001257287836999505	-1.453022962076491e-005	-1	
-31.467495216494214	101.26325850997543	-0.00025868244079721263	2.4376372658010395e-005	-1	
-26.989769545823741	96.471166921536138	-0.00022017002732499483	2.4215196068257758e-005	-1	
-27.52365503673099	100.16631913027106	-0.00020906563014534501	2.1962597022490873e-005	-1	
-30.615997598270148	75.016897839112374	-0.00025813463554016014	1.7594199803704785e-005	-1	
-34.258776137935754	104.68494822654051	-0.00026463500205675834	2.0116981760491454e-005	-1	
-34.410558577088487	105.92111699268337	-0.00025072000634204122	1.7100765086978512e-005	-1	
-35.585886766210614	106.88150284129868	-0.00024849679155998099	1.8096908996820087e-005	-1	
-32.705001285163007	103.62092248329321	-0.0002542748246704654	2.1443488339477757e-005	-1	
-35.758297852945439	107.92743617428474	-0.00023415809492484955	1.4257724901375135e-005	-1	
-63.889741373141689	331.97292859661843	0.00014055054914520856	-1.4763617055331526e-005	-1	
-57.859250591501862	333.05286968873349	0.00013711693770710449	-1.4534580530256742e-005	-1	
-51.810830711949514	334.02739972445204	0.00013372001634677619	-1.4306032096482803e-005	-1	
-47.891087522071778	328.26700038377942	0.00013202027479693925	-1.4192175572104856e-005	-1	
-22.632356809245977	304.31003267409312	0.00011845809000310033	-1.3285302306392085e-005	-1	
-25.37853753951806	316.85292370181855	0.00012016012869381792	-1.3383889590089398e-005	-1	
-28.980529257951407	323.16092372670829	0.00012202673407722953	-1.3507800574083561e-005	-1	
-35.569033647925416	326.21981544708103	0.00012545404987340483	-1.3743579369443711e-005	-1	
-42.049481268620603	330.03861572356243	0.00012873764290497562	-1.3967891501583712e-005	-1	
0.95767051272967052	268.56747219341412	0.00010086126516609931	-1.213269772828254e-005	-1	
11.040712384171322	260.69512117029649	9.3418453989275852e-005	-1.1598238644223023e-005	-1	
-7.4145457681361915	298.08426383454531	0.00010978696223375654	-1.2677073535918908e-005	-1	
-0.020318109117248184	289.53964895272298	0.00010497218718575667	-1.2347221741557899e-005	-1	
11.261354614019616	281.39972602432402	9.7932601138638471e-005	-1.184203967453931e-005	-1	
9.1185725714407937	273.34213752012158	9.749876899477993e-005	-1.1844853257000784e-005	-1	
-13.844411279016011	307.37629674796415	0.00011380841527521942	-1.2947240806278778e-005	-1	
-34.790800333914618	150.1065550167506	3.2822305609612363e-005	-2.5257631333610609e-005	-1	
-34.654365822801225	150	3.197146542003702e-005	-2.5566640134239553e-005	-1	
-34.381496800574439	150	3.0569768338855035e-005	-2.5954665349914747e-005	-1	
-34.031266748433517	149.54643876204796	-8.4380086699276785e-006	5.4818110845674898e-006	-1	
30.005387254298022	208.0814454809373	6.054408962244735e-005	-9.2463447022424365e-006	-1	
41.411367324806051	200.8302404417698	5.2790589135246434e-005	-8.5427875592049431e-006	-1	
41.128617621679489	192.39041555640895	4.7086698420492626e-005	-8.125388362816323e-006	-1	
33.196138275251649	215.97591922114546	6.4288308114608485e-005	-9.4733129479685416e-006	-1	
21.440724750024824	247.54942584899953	8.4012025035145121e-005	-1.0917565045629942e-005	-1	
29.856670240244672	234.06494274106251	7.4800043933814135e-005	-1.0233990552870417e-005	-1	
37.908291545819196	223.06811347026411	6.6582528329816129e-005	-9.5835434796992609e-006	-1	
27.203977439863714	154.33178593822595	7.7049480626193494e-006	-5.9395256850305596e-006	-1	
24.01247395595675	152.54057385424059	3.9010301295088888e-006	-4.9133093337140487e-006	-1	
34.943908976663153	157.06951656290607	1.4908996807710017e-005	-6.6572216905509561e-006	-1	
31.655435410097752	155.68181690043144	1.1506134471394406e-005	-6.6038079815472716e-006	-1	
39.342925156952951	159.24782122566799	1.9080378470996591e-005	-6.598263693760641e-006	-1	
44.986157638483775	167.33852878483569	2.7785753392572194e-005	-6.7834050115891264e-006	-1	
48.254839586416146	187.85968139962165	4.3360492941354454e-005	-7.7647725646782216e-006	-1	
52.96360338531985	177.50902593988778	3.6573009230720081e-005	-7.1945474028749047e-006	-1	
-5.112312689186604	135.89899010414996	9.4060291204463175e-009	4.8961367319261956e-008	-1	
-8.3078793345865769	134.79476066265863	-9.0941871510675886e-009	-3.4700804471979336e-008	-1	
21.829521778142499	150	-4.8962902939083741e-007	-3.6837284751386996e-006	-1	
20.610330767401958	146.72443774577758	2.4313261924569763e-007	1.103710550809624e-006	-1	
17.504024865833337	145.12237705783937	7.2380813481768228e-008	1.4434574698706191e-007	-1	
14.176055673576899	141.55622235245161	-6.2987171042520093e-008	-2.2389862006081324e-007	-1	
9.0703713761881577	135.91464210721045	1.7511938919111502e-008	9.4475125838335409e-008	-1	
12.878275389743559	138.57280808141141	1.9569284849400453e-008	8.2632899939674423e-008	-1	
-2.4074089099041052	132.19222651802704	-2.0576648043261558e-009	-1.1269558130075332e-008	-1	
2.3609416052057988	131.66605917470815	-6.3687499104240359e-010	-5.8969069272925537e-009	-1	
5.7851602324448352	132.94054617208835	1.9207997788989586e-009	6.6718477776895885e-009	-1	
7.7656459456314701	133.84007170609689	-2.2883417422862237e-009	-1.7508004400803932e-008	-1	
-12.061916693434586	134.02442337151862	-1.3016258757681386e-008	-1.1076908782237803e-007	-1	
-9.7356453374879592	133.56672463845055	2.1596297710149977e-009	2.293782847335275e-008	-1	
-16.055420153118536	132.47649011341093	-2.0012339455568038e-008	3.2633804056737468e-007	-1	
-18.257754704238614	132.79115071920876	-1.6862768880140815e-007	9.6640823509710395e-007	-1	
-20.81135582502684	132.62611270300641	-5.3845617389628589e-008	2.230422490151617e-007	-1	
-13.681828563327967	132.29326419757521	1.8840594839379829e-008	5.3291136175815922e-007	-1	
-35.015499014882167	110.31696311425551	-0.00018956357437376737	7.6145019529999749e-006	-1	
-35.393957543520123	109.94531287625286	-0.00019821712524774717	7.011457391349323e-006	-1	
-35.562823932113943	109.61736412446918	-0.00020536864296721933	6.5943458665326159e-006	-1	
-35.823924115391911	109.19829149000073	-0.00021402317538485029	8.4976606371705774e-006	-1	
-35.599804912502421	108.72524636189823	-0.00022036820454031606	1.0584094022442734e-005	-1	
-34.565124168095309	131.15855646614693	1.1415383266198194e-006	2.0380341483903029e-007	-1	
-35	130.69321733278625	-7.9391729975417914e-006	1.3805801741544675e-007	-1	
-34.709474481196786	130.65166980565331	1.715340457472944e-006	7.2148929287144805e-007	-1	
-35.112379052162652	130.22787819942556	-1.0646462467371858e-005	1.7326160540586402e-006	-1	
-35.293790453855145	130.13616047578296	-1.09139073860608e-005	1.7677215395110975e-006	-1	
-35	130.38299124387913	-9.6328677403579028e-006	1.1534422608674816e-006	-1	
-35.312353155302503	129.93373107176964	-1.2082685416577089e-005	2.4174076552163122e-006	-1	
-35.06626892823035	129.6876468446975	-1.4281167581312882e-005	3.9636588331224521e-006	-1	
-34.865422056767059	129.70703977180779	-1.5077850528592896e-005	4.8225708469788894e-006	-1	
-34.6385385740587	129.48650332019608	-1.6558507090790338e-005	5.9620337375975518e-006	-1	
-34.250815071005093	129.39465856376293	-1.779247998549275e-005	7.4623440750706743e-006	-1	
-33.284070750914786	129.35131807126237	-1.9129006162446021e-005	1.0760573066171931e-005	-1	
-32.208777222678123	129.09701787742344	-1.9788785268755573e-005	1.3304365440559966e-005	-1	
-33.897866900225488	129.57957087500196	-1.8043945300056988e-005	8.874886419333373e-006	-1	
-31.04372395595675	129.13095757062646	-1.8714222844455556e-005	1.5487610122120888e-005	-1	
-34.637227499672314	110.33520970170066	-0.00018691501212133048	8.1562327170572704e-006	-1	
-34.261505673846408	110.28771878919517	-0.00018517859552791868	8.7506869287489422e-006	-1	
-33.332873301470656	110.02951128076762	-0.0001821565907374622	1.0257097403389525e-005	-1	
-32.793381584133634	109.08246497146934	-0.00019014625809982602	1.1844501132563391e-005	-1	
-25.098060957413431	109.57765740318871	-0.00012101287850381623	1.3609659845362502e-005	-1	
-31.172030525690161	108.04100632096007	-0.00018791412351167177	1.4147469480883955e-005	-1	
-28.747933113903027	106.72890223801085	-0.00017594731252713715	1.5935140651803293e-005	-1	
-17.938972877807132	119.21813013340456	-3.2516821078558014e-005	1.0618924128649246e-005	-1	
-14.93313621036342	115.17580275516757	-2.7688954683945399e-005	9.8745352452098506e-006	-1	
-17.168601419944164	107.20724802628209	-6.3316602458184456e-005	1.2186895587934061e-005	-1	
-24.498072911203838	127.4558083122014	-1.7056254591629372e-005	1.5548758019531121e-005	-1	
-28.713617422514002	130	-9.0534963731391888e-006	2.012725942322811e-005	-1	
-25.606808711257003	130	-4.7930501338439516e-006	1.913484291546294e-005	-1	
-30.267021778142499	130	-1.4746397178025121e-005	1.8171526156565768e-005	-1	
-20.315717020895505	124.46927154966848	-2.2494947534142343e-005	1.2313895869815017e-005	-1	
-18.446756112034326	123.088301833046	-2.2414607033877218e-005	1.1221451661668937e-005	-1	
-20.169893466557244	126.58252514934739	-1.4731568289962194e-005	1.3170458408799478e-005	-1	
-21.723297822185749	127.50900252192091	-1.3543409713160679e-005	1.4501158600428215e-005	-1	
-33.954134336842756	130.94948869119395	-1.7225776617908431e-006	9.1114701550808236e-007	-1	
-33.188687783338146	130.76523258931198	4.0081015646052965e-006	-2.7250541325298212e-006	-1	
-34.517931311687832	149.6306929874803	-7.1858061561926955e-006	5.0908536989362469e-006	-1	
-34.927234845028003	150	3.341332005170784e-005	-2.5207441718965446e-005	-1	
-31.627262285972996	131.18643708648199	1.3087877015941242e-006	-6.9367517886443607e-007	-1	
-30.447706021162325	131.16581788359341	6.649063557717615e-006	-9.2950067130219501e-006	-1	
-27.070636987764118	131.62166780772191	2.9465165935155661e-006	-7.9241128051782105e-006	-1	
-25.073253712399293	132.50657444290789	1.9792180251997498e-007	-1.517441964118206e-006	-1	
-23.258379139266893	133.27880368643443	-3.9305430108175575e-007	1.4892118628451406e-006	-1	
-32.208777222678123	130.69635257254851	5.9816820601215183e-006	-4.8178624343351125e-006	-1	
-15.667451203976789	98.173172850873456	-6.5905936646503983e-005	1.4250307545499944e-005	-1	
-21.822677003576391	99.103867002751855	-0.000138377081899734	1.8058920505727176e-005	-1	
-3.8126921241679721	99.17247435854091	-1.2966004043846581e-007	-2.4118603379403664e-006	-1	
-10	102.46361742251402	7.2396102748414217e-007	9.2306102051653305e-006	-1	
16.076684302486381	93.314924984217669	1.9320185101217274e-008	-2.5398919173241832e-007	-1	
20.945087168746056	88.961043023418156	3.4922132611038996e-008	-1.8002973102173842e-007	-1	
10	102.46361742251402	6.5086628357539173e-009	-3.211496097348248e-007	-1	
3.510309310028755	105.89656960032826	4.0403111714367279e-008	7.0142113030806044e-007	-1	
25.038114940922263	84.580941614224059	4.0495328540397192e-008	-1.0370002377877142e-007	-1	
24.792068409372582	80.855536311786196	6.6390939478039103e-008	-1.0180740244412303e-007	-1	
26.039326309328263	76.956626323435586	1.0089319056252669e-007	-8.7748046840614033e-008	-1	
26.7234786119974	72.394390013036841	2.055505783400433e-007	-1.193461830493192e-007	-1	
27.381347936699125	74.146215406854864	1.2230026134271143e-007	-8.4535713310110701e-008	-1	
28.092867830816772	71.038591892807759	2.2297252060016075e-007	-1.3305971725082555e-007	-1	
26.130962728047411	33.180239132179736	3.0490221143402098e-006	-1.7713635987551032e-006	-1	
32.750261907335222	36.233086696019406	5.0468728853962019e-006	-2.2025027185102535e-006	-1	
30.347927946324837	32.454819787973193	4.3223885585772315e-006	-2.2465018472727722e-006	-1	
39.476559120679006	49.205010844555197	5.5647426627328201e-006	-1.777208501187299e-006	-1	
38.575759706340193	41.454756901683758	6.5406635992524994e-006	-2.2522304784192763e-006	-1	
41.643837182595384	55.285563854778168	4.7920695745196871e-006	-1.4491343776907843e-006	-1	
38.248765593257971	59.860845858783307	2.872390691465091e-006	-9.3474046111209046e-007	-1	
35.29508596508397	62.509729276805004	1.8515932762526559e-006	-6.4663144703352961e-007	-1	
31.011290702653202	66.842506422593118	6.8698415396587903e-007	-2.9883352312836515e-007	-1	
29.553557655550762	68.144737107825307	4.7054462395253547e-007	-2.3151156544169219e-007	-1	
32.535423486106069	66.867035899666803	6.8273066837559613e-007	-2.9607598539104217e-007	-1	
35.064976533838852	66.470519142199578	8.1745278608102669e-007	-3.3288897570814114e-007	-1	
28.58085322548942	69.259169429985675	3.5597221867046075e-007	-1.897841569815077e-007	-1	
29.257385034819453	68.918652697599683	3.6187829995841993e-007	-1.9695594070609529e-007	-1	
28.423668360296634	70.000074182450206	2.8423280286252544e-007	-1.6237758748920722e-007	-1	
11.368547369347294	25.10009116673276	-1.3152570783963939e-007	-3.9530544389601919e-007	-1	
10	25.222193421693365	-2.2669372586129271e-007	-3.219021811545092e-007	-1	
12.488975565967527	24.762409841277471	-6.4269625813070389e-008	-4.5801521094996408e-007	-1	
14.064151441288057	24.826271551711468	6.0384758348630651e-008	-5.6674968596023132e-007	-1	
23.498416623124882	30.129040558371507	2.1516797861731367e-006	-1.5940079627880036e-006	-1	
21.150241691804446	26.052313868770263	1.045028198067561e-006	-1.3449993389311384e-006	-1	
15.540044100973219	23.516054104117721	4.092058551553856e-008	-6.2807325927186926e-007	-1	
18.759095644371499	22.140622672794603	3.8596511665694209e-008	-8.6469635375958745e-007	-1	
-10.229510600615312	20.394604421642079	-1.5861074114812217e-006	-2.2062162671825648e-006	-1	
-10	20.501884177198775	-1.5962299934729556e-006	-2.1941651389987641e-006	-1	
-9.752491248379334	20.716443688312165	1.6662863682006517e-007	5.3103063219521868e-007	-1	
-9.3184907258050025	20.451616850191751	-5.2969333579088083e-008	-1.3926258104736106e-007	-1	
-10.382991243879118	20	-1.6077973104543517e-006	-2.1865411620649469e-006	-1	
-10.153066824488725	20.153066824488725	-1.6046128388017656e-006	-2.1803805757232317e-006	-1	
-9.3577510979810476	19.97351657271042	-9.1648914108923207e-009	1.9496148979364311e-008	-1	
8.3253015574052895	22.975161580086464	-3.2182327721184536e-008	-4.3569222674455109e-008	-1	
8.1540538429384686	21.759647135226977	-2.7246104337383652e-009	-1.5615155892114417e-009	-1	
9.2129911440954544	23.076598310559461	7.5705773934516826e-008	9.6853895409122874e-008	-1	
10	23.50571733278624	-2.529888483753645e-007	-3.1195209675417602e-007	-1	
-30.506372028229993	70.455737126985042	-0.00020431965993247133	5.6697349061163691e-006	-1	
-30	70	-0.00019184040249489926	4.0425168149920366e-006	-1	
-30.00886784165921	70.072222774541032	-0.000192980526232371	4.1054698827174188e-006	-1	
-30.506537683633521	70.952220581234826	-0.00021110044893085523	7.3433462395011422e-006	-1	
83.533184481325094	-128.12406036672698	8.4899789093296728e-005	-1.1495315178332398e-005	-1	
95.166088479671672	-122.66826505031422	8.1625178783131791e-005	-1.1175435658255957e-005	-1	
102.59626924843847	-112.18577623740406	7.7798261379191257e-005	-1.0827734071000847e-005	-1	
106.10006417791659	-65.439581672127531	6.31114615859733e-005	-9.5338461016192619e-006	-1	
101.83051331572798	-82.238754970816728	6.884720317682721e-005	-1.0080286899347419e-005	-1	
105.6347946637639	-52.867485396481015	5.8803458201954127e-005	-9.1294969279498526e-006	-1	
104.62389012620442	-12.976134318398985	4.502898659931598e-005	-7.6533913233809016e-006	-1	
113.47703554542471	-24.669113680242155	5.0049137239797991e-005	-8.1404808708226228e-006	-1	
119.63461257787628	-35.383550685921222	5.3978934542723627e-005	-8.5162185201028435e-006	-1	
120.06167240552391	-46.831961058715152	5.7438730441850995e-005	-8.8757094447154739e-006	-1	
111.22965089028618	-89.70192474325043	7.0575045734093183e-005	-1.0169665182989421e-005	-1	
111.6040252541637	-101.69786297388964	7.3975831677270613e-005	-1.0460033803272046e-005	-1	
-10.136160475782972	19.706209546144841	1.3401259975307023e-007	-1.0576065450022767e-007	-1	
-9.933731071769639	19.687646844697486	1.9846469701837417e-008	-5.0215837669066617e-009	-1	
-9.7026095887037975	19.936467710015588	2.9218271195440032e-008	-1.8742693951585644e-008	-1	
-10.227878199425554	19.887620947837345	-3.9457007408236037e-007	6.0977247118320397e-007	-1	
9.618133902183498	19.618133902183494	-3.9120341702341978e-011	6.0257469390414497e-010	-1	
9.3782718302843744	20.065801388225854	-2.7808833464311949e-009	1.0539888263868471e-009	-1	
9.0131897011906386	20.386852951260352	5.7960297023384559e-009	1.0360607395921594e-008	-1	
8.5913928249971665	21.021732156983724	-2.6736490300155564e-008	-3.0829897119608268e-008	-1	
11.003443421693367	19.565701959999782	5.687728006985225e-008	6.9980476248009065e-008	-1	
10.485642749595476	19.695075364382649	3.5365270502399976e-008	4.6243422034550958e-008	-1	
10.136160475782972	19.706209546144841	1.6536619014880621e-008	-1.9465311368184773e-008	-1	
9.933731071769639	19.687646844697486	3.5471053119571413e-009	-2.3224194064746625e-009	-1	
11.313669510600494	20	-2.9637667073879754e-007	-2.8755792233949599e-007	-1	
25.682871674886975	17.587120263434503	2.9521312786851809e-008	-3.1369592566432174e-007	-1	
23.746995446486235	18.108592696391256	5.4727156137721093e-008	5.152880974962823e-007	-1	
22.481808711257003	20	-3.8790653928526474e-007	-1.2903810827654818e-006	-1	
16.334260505231647	21.648399557639792	-1.4033596628502061e-007	-5.8974804540373725e-007	-1	
21.625113623096496	22.167061597483382	3.0896936542309573e-007	-1.308037903252175e-006	-1	
12.776570644705574	21.121462334591108	-2.4323310925575656e-007	-3.6387766253146054e-007	-1	
14.328522800676771	21.958124374694854	-1.5443534753627083e-007	-4.7590649545670494e-007	-1	
11.724573166466376	20.673956308554715	-2.744306423747053e-007	-3.1640684343515745e-007	-1	
28.690553723900141	6.1079137816672207	-2.0483331063825042e-007	2.5004720803609554e-006	-1	
28.68598135285092	4.4159303996717476	-5.8050698297948414e-007	1.6132149116393185e-006	-1	
29.011088373624396	3.1750260440432467	-1.2944358151625342e-006	2.5186023084909244e-006	-1	
28.67350831432616	2.0574631539562973	-3.5343088098774685e-007	7.7841643542599197e-007	-1	
28.435421273808679	1.3189397009311024	-1.1355048365490277e-007	7.7426181377205082e-008	-1	
31.349333341235404	6.1928224593473535	2.9547752024159793e-006	-6.6295743393041121e-006	-1	
30	5.0363825774859965	1.9614266422142623e-006	-7.6618772190242572e-006	-1	
30	14.963617422514004	1.7363045251065726e-007	-4.7251722840253237e-006	-1	
31.407363250284686	13.722713066885506	1.5300556710179095e-006	-4.7149596318218044e-006	-1	
27.804127869104871	17.74259468053706	1.2379925664004331e-007	-5.5672411008690982e-007	-1	
26.729726302754994	18.404383519195825	-1.7800422980036746e-007	7.2949552670884401e-007	-1	
30	16.204521778142503	7.2396725527665143e-007	-4.7748577759888649e-006	-1	
28.998396829895658	17.335133219733624	-3.6367021733047691e-007	1.3800460943943995e-006	-1	
28.689473845272264	0.50570822075543009	-3.8682673822198113e-006	3.9403233300906494e-006	-1	
28.802577360830991	0.91225944730842246	7.2709561604955182e-007	-5.8089030673483296e-007	-1	
30.434298040000218	1.0034434216933703	7.9216473024013288e-006	-8.4821143085554218e-006	-1	
30.304924635617354	0.4856427495954771	8.5432139480505153e-006	-8.4513379855043055e-006	-1	
30.293790453855163	0.13616047578297197	8.9677788666056753e-006	-8.3997644714321943e-006	-1	
30.312353155302521	-0.066268928230363511	9.201782348154246e-006	-8.365130200862726e-006	-1	
30.066268928230393	-0.31235315530252328	9.286340752792096e-006	-8.3976819632943914e-006	-1	
29.683135797304931	-0.50022297195676391	9.1374394593415373e-006	-8.4688582507688267e-006	-1	
29.86758475306733	-0.29182563796250394	9.1302483059534225e-006	-8.4626876418398991e-006	-1	
28.992008756120882	0	8.0258780229863874e-006	-8.8868933094629033e-006	-1	
29.590776817084862	-0.23769547840520128	8.8666977058125559e-006	-8.5698227952237712e-006	-1	
29.459621800574446	0	8.6068599701223166e-006	-8.6914097780340169e-006	-1	
30.71461923907216	1.8549851316488613	6.8993307912316311e-006	-8.4061290796415529e-006	-1	
31.053293813259046	2.9157167544152554	5.8668392738283084e-006	-8.1038470162371376e-006	-1	
31.375946766245757	4.4159303996717467	4.6382850715190862e-006	-7.4707982345182265e-006	-1	
53.616704910357193	33.916250030882509	1.3700303361663094e-005	-3.7450361671939893e-006	-1	
44.384383258482515	31.382417520114849	1.0058548331782324e-005	-3.4453097492688088e-006	-1	
67.087282957922582	39.273817540870702	1.8096795385675658e-005	-4.05702411337762e-006	-1	
39.209367572189656	25.416962445507004	8.2997492207410604e-006	-3.6822322397536914e-006	-1	
35.482594439544521	22.635466181877611	6.284292183905066e-006	-3.750324849686226e-006	-1	
33.124199694897484	17.035730196009379	4.1071015416617686e-006	-4.490801702215967e-006	-1	
31.171001676674159	15.584069600328254	1.8054206776471483e-006	-4.6760636199482426e-006	-1	
32.946899357745401	18.977166196108328	4.34680730572808e-006	-4.1765992197706227e-006	-1	
33.787185543634251	20.446792043160826	5.1109087848634757e-006	-3.9587575126336951e-006	-1	
104.61734080774481	-1.4464006667999303	4.1438740651628751e-005	-7.1941396214410754e-006	-1	
86.494469401061139	28.150020102228947	2.8136917860962876e-005	-5.4748656075753083e-006	-1	
95.952354294957601	20.607647292194578	3.3035834869045503e-005	-6.098291751557844e-006	-1	
86.28833312434314	38.308949586917301	2.5683237790481012e-005	-4.9829404558170235e-006	-1	
79.792083775491477	46.122084990645689	2.1616487649557163e-005	-4.3200538811730686e-006	-1	
108.58725627775749	12.84262128113002	3.8365198508543231e-005	-6.6965625903708763e-006	-1	
85.482549697884352	-137.26999906051708	8.6911326754792395e-005	-1.1633620653235668e-005	-1	
83.894620146796399	-146.48556735980713	8.9386441266379557e-005	-1.1824261580839916e-005	-1	
86.633860124705649	-157.86192209826288	9.136970918904382e-005	-1.1954016028037585e-005	-1	
82.421901544529561	-168.77907775853637	9.4352128079223531e-005	-1.2188373799164328e-005	-1	
72.351332327741403	-190.72829190673949	0.00010016004506116654	-1.2638129249699127e-005	-1	
84.297917203901591	-184.98885145421008	9.6873703463718015e-005	-1.2358023474165528e-005	-1	
71.266832180110384	-201.25793748423314	0.00010194006368401529	-1.276278411326031e-005	-1	
53.902733616979326	-210.74297836773908	0.00010696539077600104	-1.317101631913402e-005	-1	
64.389982244417709	-209.30520481667634	0.00010448419604834491	-1.2961660421858509e-005	-1	
33.077209815735273	-246.63700580965144	0.00011511260879853237	-1.3763072590422272e-005	-1	
47.383255824372625	-243.01721189626366	0.00011170065485002733	-1.3493470245289364e-005	-1	
48.822015243767538	-231.85222046522625	0.00011037413610173989	-1.3405672397849869e-005	-1	
58.959427906953543	-220.04240950171638	0.00010694754321254337	-1.3145288811038028e-005	-1	
28.035749915436075	-259.74172066813122	0.00011708490861412883	-1.3899416921278387e-005	-1	
17.302409246536364	-269.80709794653416	0.00011996279455686136	-1.4111279290548387e-005	-1	
-58.892508067622927	-338.44072577772255	0.00013605099648215105	-1.5266591622117869e-005	-1	
-17.795142920999403	-330.73694050849451	0.0001282997717200063	-1.4699890002987642e-005	-1	
-50.990221082362062	-347.020550606938	0.00013432427704428105	-1.5139932226854837e-005	-1	
-31.836452086793212	-346.95809507799441	0.00013078665691288236	-1.4880506897293005e-005	-1	
-22.649341231147424	-343.69733977127294	0.00012913671493353508	-1.4758901100615703e-005	-1	
-35.814653226137025	-351.27822581310204	0.00013144469999490398	-1.4928525278272298e-005	-1	
-45.581923715302153	-350.99038713678897	0.00013323273437681733	-1.5059757716923847e-005	-1	
-9.6302523184570692	-308.19282238445697	0.00012663485900197175	-1.4585738922384709e-005	-1	
-10.166928649221717	-319.18940668915803	0.00012681446374077559	-1.4593358142477493e-005	-1	
0.18723609801861762	-301.20412849722021	0.00012454235206283521	-1.4432540364853264e-005	-1	
-65.855041625945432	-346.53027460236007	0.00013710855596255701	-1.5341717610167552e-005	-1	
-74.06033981555575	-355.90369695699383	0.00013826759093246268	-1.5424612565029093e-005	-1	
-69.978364819262282	-351.36492348146658	0.00013769740202818377	-1.5383708490578855e-005	-1	
7.5410555582967076	-291.65707343281582	0.00012281446787776117	-1.4308441677690702e-005	-1	
18.695116041760592	-283.53468455593463	0.00012023075408812349	-1.4117134652666842e-005	-1	
-29.554286327093017	103.72070908198762	-0.00021094080704902059	1.9630780726216352e-005	-1	
-24.825157754971041	104.06522411500309	-0.00015196234932612134	1.700603583661606e-005	-1	
-33.168134504887611	105.44626483370024	-0.00024034595043940157	1.8119052352231867e-005	-1	
-33.783289345529624	106.6255386229917	-0.00023317534860097704	1.5503655417607994e-005	-1	
-34.56234101624122	107.15728575882619	-0.00023517199224501787	1.3756013636299629e-005	-1	
-35.178312376059552	107.39867604186061	-0.00023745942931045706	1.4971972954610116e-005	-1	
-31.451298847597549	106.19068379145649	-0.00021084865860120612	1.6699703619410238e-005	-1	
-35.032103142627008	108.04071020212433	-0.00022663929947321014	1.2316094602560825e-005	-1	
-35.174455577893404	108.49378351072431	-0.00022086067428963443	1.0977985176555642e-005	-1	
-45.746324141772291	334.89622185248453	0.00013040064273015062	-1.4080728471286769e-005	-1	
-20.746975861232777	326.46886412162138	0.00011771588801168473	-1.3201701110393577e-005	-1	
-16.102520775979862	322.13242999876684	0.00011537065057027695	-1.3037924554056489e-005	-1	
-29.963549186565476	330.35806763756756	0.00012235627865241777	-1.3526452684999528e-005	-1	
-24.043023801985168	331.90133058843463	0.00011929089319423756	-1.331038137536673e-005	-1	
-33.576444496795204	336.31571605921306	0.00012396059750261599	-1.3636928436549015e-005	-1	
-39.667578188419682	335.65907142119431	0.00012716009905529608	-1.3858406108080832e-005	-1	
15.562419780060443	267.85192189781526	9.2959838384443306e-005	-1.1515607016655169e-005	-1	
23.238923670200887	258.89456506529251	8.6864898399732348e-005	-1.1070747245404246e-005	-1	
3.6613626045858592	300.32241036038454	0.00010430945598708295	-1.2266793672839597e-005	-1	
0.56220060393679772	311.28680324580881	0.00010670472180843462	-1.2422631608502928e-005	-1	
10.805099441472553	291.86332340540184	9.9825523826754136e-005	-1.1950006705582674e-005	-1	
18.809835802378352	284.94044334346256	9.496868643855349e-005	-1.1597165081132824e-005	-1	
17.659445759557308	276.05363613745851	9.3781415022160656e-005	-1.1539048752108625e-005	-1	
-6.8720335500986174	318.08962248326611	0.00011066875529282625	-1.2703537826154413e-005	-1	
38.629340775977063	209.41970702974533	5.8865717304769977e-005	-9.0213862059060402e-006	-1	
50.263344046057107	199.05228765534184	5.0327911006834024e-005	-8.2593197606742615e-006	-1	
52.706227614406814	209.2477118455345	5.5708934162427435e-005	-8.6386592050536004e-006	-1	
31.141580135487523	244.26582888849035	7.8498252692016271e-005	-1.0461612716856072e-005	-1	
40.124801645697445	234.58891704580779	7.1192589507891712e-005	-9.8827590837779917e-006	-1	
48.121895858669212	228.84081812143535	6.6218554646897294e-005	-9.4580272058505704e-006	-1	
48.921614633638356	219.02477986883667	6.1476345722750252e-005	-9.104691479734001e-006	-1	
27.324354334365353	152.03933131954614	3.8969722384853495e-006	-6.0132320357561282e-006	-1	
30.068580578758883	152.90024125631859	6.7769702753069092e-006	-6.7631371395734623e-006	-1	
26.195426133771001	150	-4.6951277866048214e-007	-5.4013802482937451e-006	-1	
35.402383947967756	154.18330352299077	1.2007252289492869e-005	-6.8623746187060475e-006	-1	
33.306008539423445	154.375208431125	1.0862731103955435e-005	-6.8674804980518072e-006	-1	
36.961518866882486	154.95535589210098	1.3769578255684841e-005	-6.7166212237310909e-006	-1	
31.930705862293504	152.49128442170422	7.4498239628260991e-006	-7.1872662031100144e-006	-1	
44.941349915901299	157.47426936425197	1.9978152334110045e-005	-6.3645493786485858e-006	-1	
41.506057328037734	153.79263393679784	1.5325587748138905e-005	-6.3954091550758459e-006	-1	
53.33919575268677	157.5150153379679	2.3331505827290343e-005	-6.1490841536897674e-006	-1	
62.213334407445871	168.48012074363311	3.2471473519590049e-005	-6.6445981924952526e-006	-1	
60.165896235412404	191.49876698441392	4.5373182014008582e-005	-7.757379384101529e-006	-1	
64.12391229595093	179.6898583450197	3.8940647003076796e-005	-7.1761316696863883e-006	-1	
-7.1139897258755811	133.17424096240478	-1.5888985595557541e-009	-8.3016747678866461e-009	-1	
-8.7846691942404824	132.97287711382106	2.3194767537437133e-009	7.5424425416241497e-009	-1	
24.01247395595675	147.52516024860074	1.1249010111322989e-007	1.0407554431160195e-006	-1	
22.983535772478096	144.26901050955871	-6.1780013917803551e-008	-3.3025616700325267e-007	-1	
21.839770035862756	141.05139884122011	-8.2722309136408406e-009	3.9172418970497824e-009	-1	
17.158764358951721	140.2568212304179	-6.0284116499424646e-009	-8.0885105039435554e-009	-1	
9.2801159974744074	133.47288905004859	-3.7074302377678326e-009	-1.9703514188025849e-008	-1	
10.819876296233476	134.19843019341454	-2.3883622964733181e-009	-1.5084660534622195e-008	-1	
12.218750451392694	135.69324062668076	-7.9242794424986259e-009	-3.770608251956412e-008	-1	
15.100979643313384	136.62692327705807	-1.5359573546071265e-009	-1.0845967788675866e-008	-1	
-0.61149762818581421	128.93684220516286	7.5518638901249806e-009	2.2392181949786274e-008	-1	
-5.7349675755085201	130.74930405978745	5.2276346590981437e-009	1.7387348062907804e-008	-1	
-4.3251904880037673	129.1137876746792	-7.9273682223158692e-009	-1.9061967215221693e-008	-1	
5.9026970181995253	130.76852983916996	9.3425908991422607e-011	1.7782315779880608e-009	-1	
1.1013786260368956	125.93470713397387	6.3067685941197597e-009	3.3762504097982419e-008	-1	
5.6776141392001449	128.04447909319438	-1.7888481152176586e-009	-6.6249769462113224e-009	-1	
7.5799165494584759	131.71159555916307	-1.0418236526898618e-010	1.1556966746191382e-009	-1	
8.8225527330954883	131.98323187474861	1.0852682357376319e-009	7.1896572562956527e-009	-1	
-12.158881916280464	131.65553665043879	3.6834328745273588e-008	1.6967251420995411e-007	-1	
-10.272432436187877	131.99611881204569	-7.655515971277449e-009	-3.2113502589094473e-008	-1	
-9.2846502551625019	131.96936854571925	1.3079746715668491e-009	-3.8875013772828722e-009	-1	
-15.300116620328046	131.28848500361229	5.5313326662926166e-008	-2.701908994054868e-006	-1	
-16.624542556583375	131.28055254211145	2.4278104880062226e-007	-2.8147690164059968e-006	-1	
-18.616489110928747	131.3105609791175	6.1433460814084152e-007	-3.8324268633279158e-006	-1	
-20.108792189873448	131.30953613162887	7.9106700378988626e-007	-3.6149938436992553e-006	-1	
-21.615960541316088	131.35100967010698	8.045551594416458e-007	-3.1435246778090199e-006	-1	
-13.956276044043246	130.86904242937354	-1.5723196243938975e-007	-2.4539127481846434e-006	-1	
-12.79122277732187	130.90298212257665	-2.2239463705913625e-007	-1.4718165012003784e-006	-1	
-35.045723342159953	109.97685286223437	-0.00019548966356978768	7.3643199163286943e-006	-1	
-34.847065040464706	110.01994713867302	-0.00019340277273660435	7.717856326062398e-006	-1	
-35.114648927388238	109.78561609486171	-0.00019929860706120424	7.0407068283576469e-006	-1	
-35.254910221430436	109.65517117423143	-0.00020266334462598626	6.7157583276630788e-006	-1	
-35.330168813898752	109.19735291900334	-0.00021077234492413002	8.5120416616900661e-006	-1	
-35.109629711454893	108.96044096049664	-0.00021294485040537932	9.2587255518524345e-006	-1	
-34.413061662513364	130.72260458791885	2.9293736093804773e-007	-2.1228772325772044e-007	-1	
-34.776415510524807	130.36592486225231	1.9705975364901875e-006	2.4620994027698748e-007	-1	
-34.512188289290592	130.43439248845272	-1.1500603573701603e-006	-7.0640511466014905e-007	-1	
-35	130.07276515497199	-1.1974473488260519e-005	2.6467178069399385e-006	-1	
-35.116684247002723	130.03638257748599	-1.2059379262958464e-005	2.620296608803853e-006	-1	
-34.846933175511282	130.15306682448872	4.7102565379075685e-006	3.0735874930066627e-006	-1	
-35.093017402583421	129.90698259741657	-1.3065032132215687e-005	3.2742283229344433e-006	-1	
-34.963617422514005	129.88331575299728	-1.3933561760943485e-005	4.0280515411804162e-006	-1	
-34.830147072801225	129.90571344118726	-1.4709560162705344e-005	4.8089234815494226e-006	-1	
-34.63597152834766	129.80289840785022	-1.5848666325489212e-005	5.8804749816999605e-006	-1	
-34.344708211667317	129.78189111952369	-1.6853134224180984e-005	7.2031131682695861e-006	-1	
-33.373830489399502	130	-1.7911823383496338e-005	1.1465466638469132e-005	-1	
-32.597128311585251	130	-1.7691975032387637e-005	1.4077078396313386e-005	-1	
-31.820426133771001	130	-1.678451176344497e-005	1.6401510361551463e-005	-1	
-34.150532667213753	130	-1.7144120429447926e-005	8.2019088339674678e-006	-1	
-34.572824964728959	109.80568730928859	-0.0001948539181177925	8.2787399942976254e-006	-1	
-34.243691563244113	109.71417131429881	-0.00019370371770966789	9.0682816577268135e-006	-1	
-33.883241266907845	109.09487049016249	-0.00019979769858209111	1.0448938822810393e-005	-1	
-33.504303749155284	108.25630657242489	-0.0002079735990392239	1.2350014640009335e-005	-1	
-32.95355453967845	107.30644007954993	-0.00021474152114699457	1.4441612757149841e-005	-1	
-12.577284852873927	119.62837831158527	-9.499494908351229e-006	8.6011496763459205e-006	-1	
-16.157152417821823	122.69105233898956	-1.7019052338112083e-005	1.0153770583359152e-005	-1	
-10	116.19542613377101	4.8451629274241262e-007	8.0847968829669393e-006	-1	
-10	109.32952177814251	4.5096241851878089e-007	8.574759335344983e-006	-1	
-22.5	130	-4.5796995360747333e-006	1.702415024973633e-005	-1	
-23.360794993902889	131.52800770619254	2.133980243553718e-006	-7.7994207725855647e-006	-1	
-18.418752095543123	125.41194294391917	-1.5504599053301586e-005	1.1755360094422549e-005	-1	
-20.169893466557244	128.39123336627358	-8.5514516375142862e-006	1.4106139090596379e-005	-1	
-18.616489110928747	127.50900252192091	-9.5152285411270897e-006	1.2568861838397503e-005	-1	
-20.946595644371499	130	-3.5293988525912753e-006	1.581593443336242e-005	-1	
-34.202783403890038	130.50197966556135	-1.3410042011019587e-006	-3.4089055822803275e-007	-1	
-33.896662463456963	130.42080467281349	6.1372791290266465e-006	-2.5859268471446459e-006	-1	
-3.9399940072311614	108.86220555702312	-1.5808154960715039e-007	-2.1886158884582865e-006	-1	
21.888451146716143	96.295025778669512	3.2070578440944052e-008	-1.7370289959104377e-007	-1	
16.292651359808485	100.05082705590996	3.2273611521802412e-008	-2.4695042419859749e-007	-1	
27.466534053229392	92.918971239379957	1.804868829733004e-008	-7.9193569571289656e-008	-1	
26.836591972589254	87.852739885769282	2.2588932452091556e-008	-8.0158304973221467e-008	-1	
10	109.32952177814251	-2.282348014484495e-008	-1.4624838650363266e-007	-1	
16.630515861673629	109.40611945929086	6.8065249912005904e-008	-2.1517205605744054e-007	-1	
6.1104253239828861	112.76247395595675	1.8711318744247076e-009	-2.3633020521524547e-007	-1	
0.53920240343431436	112.97059412160621	3.4587182336565652e-008	6.2201013026570284e-007	-1	
28.278111392553939	82.725784867063865	2.3601220312780261e-008	-4.914483927667275e-008	-1	
28.421659697726778	78.962597209288347	3.7293084993856509e-008	-4.6225017198787331e-008	-1	
29.141937386616078	76.399161871316863	3.6027244274441329e-008	-3.8547980902118665e-008	-1	
28.618796961198676	72.742504549671565	1.057685156568186e-007	-7.8706338556109475e-008	-1	
29.215440019915427	74.51741681996161	4.7229501406327882e-008	-4.5152857131809746e-008	-1	
28.960022630469659	71.698887719289644	1.2182895313964372e-007	-9.2943713626025924e-008	-1	
29.156332212291758	70.799862895062475	1.4905897553158282e-007	-1.1642015145459586e-007	-1	
27.392471408851559	29.09151992864345	3.1534279061153493e-006	-2.1411181396121723e-006	-1	
36.735978503672023	29.415352115220063	6.9186035280890302e-006	-3.0823686978106111e-006	-1	
32.154784773658307	28.358262978385486	4.9167794214707816e-006	-2.7573720060168364e-006	-1	
45.006000099194182	45.87401976487444	7.9320271742296663e-006	-2.3421681413259651e-006	-1	
47.271179224612524	54.395205469044861	6.6185510516851362e-006	-1.8304441860293076e-006	-1	
45.268965201170708	38.603606644579429	9.3706964733453626e-006	-2.9081929189987051e-006	-1	
45.610854080876301	59.374878399008395	4.5121908723341754e-006	-1.309041649376186e-006	-1	
39.360875035122902	64.418460789246424	1.6391865468145486e-006	-5.7150380247256347e-007	-1	
41.75412029206818	62.978718482960673	2.429833957515607e-006	-7.8904650744419119e-007	-1	
31.472294136814	67.959436203362799	4.5606599622771265e-007	-2.2784781080717712e-007	-1	
29.749726966163269	68.949834097597645	3.2632556736178296e-007	-1.8932953022167493e-007	-1	
30.552013016920121	68.742468106828497	3.2417145869242309e-007	-1.8939941767632086e-007	-1	
33.209056659180249	68.234442490617454	3.669403381932551e-007	-1.9758090798546498e-007	-1	
38.537729160593088	67.087339137475254	7.1350382061212638e-007	-2.9864611566783585e-007	-1	
35.017217621253188	69.561050335697857	-2.7798315306824396e-009	-8.1942894303724409e-008	-1	
37.489582301085321	69.344746454110634	-1.2890628582605734e-008	-7.1328861658177808e-008	-1	
29.278323527640637	69.554435600901499	2.668988084340262e-007	-1.6762208815292639e-007	-1	
29.635961014198102	69.429865518692822	2.5431315202756701e-007	-1.6807131909944801e-007	-1	
29.380145923365824	70.119153449234034	1.849023982139433e-007	-1.4076133396248403e-007	-1	
10.823438930716815	24.064598621382121	-1.9644285771397137e-007	-3.5514851244211038e-007	-1	
11.817603711947818	24.019472629730387	-1.4068029396971846e-007	-4.0545539921992111e-007	-1	
12.773881548593979	23.802449192222063	-9.5652597133195901e-008	-4.5432029582199478e-007	-1	
13.584426334416117	23.250558239709587	-8.5749426733831354e-008	-4.8571231600235439e-007	-1	
27.032519272023077	25.028672514261956	2.4396462765136209e-006	-2.3249168305051233e-006	-1	
23.749148082267162	23.125476986352496	9.9354960309934038e-007	-1.775427457202624e-006	-1	
-10	20.287324666085382	-1.6056474321436251e-006	-2.1786923387231725e-006	-1	
-9.7792368386991217	20.389976171801742	1.207597905926854e-007	4.1278117949835714e-007	-1	
-9.6625525916963966	20.139034083202347	9.5309188332065639e-008	-5.9554965666543671e-008	-1	
-10.072765154971993	20	-1.6140686685744973e-006	-2.1614500359515277e-006	-1	
-10	20.072765154971989	-1.6139021724158897e-006	-2.1613035705518504e-006	-1	
8.8542690624322482	22.2551090880883	7.2949932880731762e-008	7.6755449167286177e-008	-1	
10	22.647479288332679	-2.7298210711997917e-007	-2.9676099143020556e-007	-1	
10.942834714465533	23.076598310559461	-2.1864463064147543e-007	-3.4552878203771417e-007	-1	
94.832113769676099	-137.08595828905817	8.532410865526538e-005	-1.1462132053503415e-005	-1	
104.148311969765	-121.16046141418283	8.0013863806789655e-005	-1.099809501026202e-005	-1	
101.01727084702931	-130.01651791550134	8.2664496699809748e-005	-1.122431384840713e-005	-1	
114.24355103852402	-114.79309069235136	7.7223710926150972e-005	-1.0719278096678429e-005	-1	
114.96756081412269	-58.816754876294802	6.0988195286919149e-005	-9.2668820338758428e-006	-1	
114.11442529617462	-76.418596126299775	6.6450071023400108e-005	-9.7830644817139096e-006	-1	
120.84221508373142	-67.923086522945908	6.3799044392235592e-005	-9.4951860914084484e-006	-1	
116.28491215981344	-2.2867221280075611	4.3938895335169596e-005	-7.3674853411220857e-006	-1	
120.57369809396658	-14.192071583017484	4.7918633011742278e-005	-7.8197209748388099e-006	-1	
125.78995342505337	-25.721239408832307	5.1762758041832603e-005	-8.2230515351995552e-006	-1	
131.65659625005839	-36.250337818022231	5.5143793239535151e-005	-8.5535677229769239e-006	-1	
126.0277051425678	-58.407439845187191	6.1077722621546651e-005	-9.2010236411741984e-006	-1	
131.42343290608858	-48.301273308747319	5.8417151626819627e-005	-8.9002640850931433e-006	-1	
120.64330387767762	-84.791400586511131	6.8652151170110019e-005	-9.9453655772232572e-006	-1	
124.20913224609615	-95.300666478285166	7.1338307135147366e-005	-1.0166466044081685e-005	-1	
120.14613812532097	-106.78971146553486	7.4629916524563254e-005	-1.0472520231546595e-005	-1	
-10.036382577485998	19.883315752997269	-3.049443008672844e-007	2.8750444932944155e-007	-1	
-9.9069825974165742	19.906982597416572	-9.9785948065532545e-008	2.3979017346408294e-007	-1	
-9.8833157529972713	20.036382577485991	-2.6399115892852206e-007	3.3494841883264789e-007	-1	
9.6876468446974897	19.933731071769635	4.7800272332748878e-009	-4.2951444205464181e-009	-1	
9.7078835911728376	20.132969499081874	1.5286738780513599e-008	-1.1675734844385213e-008	-1	
9.4960442431802683	20.330191161750186	-5.3859276991807259e-009	-1.8917674648972441e-008	-1	
9.2992758336646943	20.739091295347755	-8.7535182898462724e-009	-1.8652125761768537e-008	-1	
9.532183758298288	21.22062182635095	5.8470856529269095e-008	6.6877468659873991e-008	-1	
10.693217332786244	20	-2.9593507720124468e-007	-2.7975432140118133e-007	-1	
10.227878199425557	19.887620947837345	-4.1281915367468497e-008	1.0045456889720238e-007	-1	
10.382991243879118	20	-2.9529154859680512e-007	-2.765908594016957e-007	-1	
10.036382577485998	19.883315752997269	-3.7071778937280792e-008	5.044859371938091e-008	-1	
9.9069825974165742	19.906982597416572	-7.5539975012078808e-009	3.7810404462711251e-008	-1	
11.003443421693367	20.35297217896532	-2.8842045858412705e-007	-2.9208142534055572e-007	-1	
25.584069600328256	18.911530317446921	-8.4411715220645346e-008	6.2746465916836087e-007	-1	
24.963617422514005	20	4.6441466774550116e-008	-2.0956357644344775e-006	-1	
23.807177540652393	21.349333341235514	3.9107553171978474e-007	-1.7630800536956348e-006	-1	
12.576080353360865	22.151784728457955	-1.9149475966218514e-007	-3.952923233650596e-007	-1	
11.716472926230082	21.549426310696074	-2.4249339766642025e-007	-3.4250256598035031e-007	-1	
11.225563118457554	20.824498107924228	-2.7460681011232119e-007	-3.0876070838754954e-007	-1	
30	3.7954782218574969	3.2560091240514457e-006	-8.3689287992203637e-006	-1	
30	2.5545738662289961	4.867246617981456e-006	-8.8521526315751772e-006	-1	
28.982888969713692	1.3406547386838137	5.7888308557361762e-007	-6.8213068810551271e-007	-1	
29.335461413775022	1.6435201768887897	-2.867492895850121e-006	3.9157358554415149e-006	-1	
28.225464876951403	19.310465369577535	-3.5186415973634573e-007	7.4493197577320154e-007	-1	
28.915934397298752	18.339410763274316	2.3243788017348857e-007	-4.135718750015228e-007	-1	
27.445426133771011	20	9.8344945709686428e-007	-2.9557941516917635e-006	-1	
26.204521778142507	20	4.3498921406048124e-007	-2.5359125446367667e-006	-1	
30.70585416038459	16.824973955956754	1.9187415291000318e-006	-4.6168621400527067e-006	-1	
30	17.445426133771004	1.8770049150943562e-006	-4.6446019581642245e-006	-1	
29.439755981184973	17.781981140259266	-6.7759899203266363e-007	1.1461042717478378e-006	-1	
29.039233908990795	0.56287429699923508	-7.2266629885961638e-007	1.0781529490327101e-006	-1	
29.223450362072505	0.9429550800507408	8.6201317783574593e-007	-9.3102766357582701e-007	-1	
30	0.69321733278624487	8.0908730090434373e-006	-8.6001762679311669e-006	-1	
30	1.3136695106004954	7.1360488638757997e-006	-8.723719329514571e-006	-1	
30.112379052162659	0.22787819942555729	8.7694180579809116e-006	-8.4638988614045925e-006	-1	
30	0.38299124387911987	8.5198476762513349e-006	-8.5243546329355663e-006	-1	
30.116684247002734	0.036382577485997346	8.9983284855631429e-006	-8.4324043672506906e-006	-1	
30.093017402583428	-0.093017402583430261	9.1125964853137686e-006	-8.4234756834706393e-006	-1	
29.963617422514005	-0.11668424700275182	9.0699582876429679e-006	-8.4629505447150791e-006	-1	
29.810331583914618	-0.10046510114693812	8.9637095452491671e-006	-8.5254245423816375e-006	-1	
29.225815278347664	0.26156473018394272	-3.9163056180708509e-006	1.6854300731102582e-006	-1	
29.693428322801225	0	8.824251051320236e-006	-8.5993605439948638e-006	-1	
29.576525061687835	0.27074328025851946	-1.4246298961704193e-006	1.3587932306155931e-006	-1	
52.958899746516224	42.521707685454174	1.1574697265273864e-005	-3.0634253847349141e-006	-1	
70.561018357717742	51.968466274913574	1.6644246535250993e-005	-3.5073756108304844e-006	-1	
59.675211752089439	52.912901245207927	1.1764651527871575e-005	-2.7423691258758112e-006	-1	
34.562163786956461	25.246502991958167	5.8793866145833761e-006	-3.3347934025815815e-006	-1	
32.739283378998174	23.008226473356469	4.7772165378963268e-006	-3.4468196805591015e-006	-1	
32.083235521692615	18.194580178328696	3.5730883344474324e-006	-4.3140016984126953e-006	-1	
31.609075024947117	17.397582273418596	2.9433256725561116e-006	-4.4706610112272297e-006	-1	
31.785345433147171	19.072814390968702	3.6265549989489401e-006	-4.1328306091817953e-006	-1	
32.196094422212802	19.868596533100227	4.0450645233891555e-006	-3.9682083428535148e-006	-1	
32.34617375521038	21.335254777406803	4.3639298741393653e-006	-3.6853421538548396e-006	-1	
115.5527723744507	6.8636887765519461	4.1435553847205849e-005	-7.0380273179151811e-006	-1	
94.722323219034905	32.642014655043575	2.9782398699678585e-005	-5.5487516871411546e-006	-1	
104.04824279684973	27.515171308539994	3.3712868415899275e-005	-6.0405560210441853e-006	-1	
95.387512935496517	49.913122887676558	2.6676584998072784e-005	-4.9242136802939821e-006	-1	
98.611686158461424	41.140581293800288	2.9309901019521533e-005	-5.3653532055621816e-006	-1	
77.537696927382072	60.377907338613497	1.8009395966042069e-005	-3.5668457805741904e-006	-1	
88.094084076827116	57.928334262720632	2.2758856087310814e-005	-4.2985730006137297e-006	-1	
119.19719074618335	16.803787513334882	3.9902098346602548e-005	-6.775124244594175e-006	-1	
114.63532684523325	28.597275750782504	3.6329261100858894e-005	-6.2920289685904193e-006	-1	
92.656481329101268	-145.61766872175735	8.765291677560215e-005	-1.1649815789080573e-005	-1	
95.353435057155991	-165.66537619174889	9.1393467811409169e-005	-1.1915417958000268e-005	-1	
98.820543621693787	-151.9047821672861	8.8023002655918353e-005	-1.1648226465999449e-005	-1	
92.838241468585068	-177.05068939241536	9.3925584911893096e-005	-1.21111677107152e-005	-1	
87.813987384732329	-197.76771358645422	9.8207427861280995e-005	-1.2437907943522618e-005	-1	
97.239633824998421	-187.84787887811783	9.497547262475558e-005	-1.2170913673911632e-005	-1	
76.359059140478138	-210.53795909745946	0.00010219382897334281	-1.2758799311780203e-005	-1	
68.882003326377799	-220.46765219437191	0.0001049278277242699	-1.2971644238095385e-005	-1	
45.018405157539497	-254.02332581742655	0.00011307382493049866	-1.358705342012436e-005	-1	
56.295782231272732	-247.55228560150414	0.0001102284336029115	-1.3364772975496278e-005	-1	
62.33218222550672	-239.57971414837388	0.00010827766079276033	-1.3216398595169456e-005	-1	
64.159178409745991	-229.20454289465317	0.00010685989227395728	-1.3117391944023422e-005	-1	
28.273206383970038	-270.75043985883542	0.00011765362916753424	-1.392973044328896e-005	-1	
45.258897620900889	-264.6888210164617	0.00011377639157154566	-1.3628809119909308e-005	-1	
-57.349241667333644	-349.15880683204153	0.00013544388742396852	-1.5221024308305616e-005	-1	
-9.2592086851572759	-334.04734862890325	0.00012669121139678512	-1.4578558386244845e-005	-1	
-52.022035146258155	-353.64962612482378	0.00013433954989892037	-1.514044189371974e-005	-1	
-28.130359432797647	-356.51845095911409	0.00012998667649439166	-1.4820349725242945e-005	-1	
-21.891434924256739	-353.41645027965859	0.00012891156149239216	-1.4740765264912074e-005	-1	
-15.79075835668748	-350.62520899625127	0.00012784535516376414	-1.4661565070020358e-005	-1	
-7.4694264303794933	-343.02608209653516	0.0001263661941677634	-1.4552048504112445e-005	-1	
-40.10123505140303	-355.29255391738008	0.00013214619850013178	-1.4979781230887576e-005	-1	
-34.220772434998693	-356.93058442673743	0.00013106472310728655	-1.4900053869407351e-005	-1	
-43.888686162016697	-361.14078453213239	0.00013269436740521079	-1.5019849991902699e-005	-1	
-49.957743866740508	-360.3043454090552	0.00013379551437396148	-1.5100495814498773e-005	-1	
4.7761450437095867	-313.7598131942292	0.00012383906861640197	-1.4371481266812532e-005	-1	
-0.40061892899529994	-331.73512832488547	0.00012502665026975591	-1.4453905684039345e-005	-1	
5.1110422787584868	-323.58935455661515	0.00012391156908507536	-1.4372379195812224e-005	-1	
8.0191474641485154	-305.45811582808284	0.00012304448913398296	-1.4315765689016559e-005	-1	
-64.077329578778077	-352.6307142437422	0.00013657094540104304	-1.5302419447312282e-005	-1	
-68.064413074098368	-357.16145462083762	0.00013713679865710613	-1.5343166093997485e-005	-1	
21.012625901811717	-293.37802846096781	0.00012011604261550306	-1.4099373916942263e-005	-1	
16.3782411877031	-302.36606214502933	0.00012131498126644032	-1.4185221343120965e-005	-1	
35.059067131334878	-279.42225499245075	0.00011670142256531143	-1.3845043098459724e-005	-1	
30.749139404463772	-290.64625687519015	0.00011807607758170765	-1.3942717263674425e-005	-1	
-34.027123249071735	107.53670356392728	-0.00022355127690385781	1.326879889350601e-005	-1	
-34.638232235817583	107.77537014189761	-0.00022698846220372155	1.2091725774306758e-005	-1	
-34.714123455393953	108.39345452496903	-0.00021843112390629196	1.0390364912064227e-005	-1	
-34.752069065182141	108.70249671650474	-0.00021400615213499691	9.5547530647656386e-006	-1	
-18.015450704967769	332.20597090653303	0.00011629475155212058	-1.3097663421485279e-005	-1	
-11.951141914988744	331.50801429448802	0.0001133453687269604	-1.2886632417683317e-005	-1	
-5.8649224643880036	328.11618292519159	0.00011042438652243653	-1.2676896028473502e-005	-1	
-27.474778485227461	336.86595574622277	0.00012084608865154536	-1.3419222919626743e-005	-1	
-21.364438780291746	337.30962287388468	0.0001178107369431691	-1.3204793553300997e-005	-1	
24.53585359891359	270.30787641448478	8.9357938455788101e-005	-1.1209077772705506e-005	-1	
33.840282926226699	263.31688177921831	8.3555036665417266e-005	-1.0762811026756969e-005	-1	
37.522495327810816	252.27660447622861	7.8735300520031261e-005	-1.0416447677512202e-005	-1	
12.818994955688726	307.1018267197951	0.00010063892795891467	-1.1975770218388341e-005	-1	
11.102229309637078	319.93910649476925	0.00010233519961252807	-1.2086098049221151e-005	-1	
4.3168397977518955	324.39623653459836	0.00010559931223875017	-1.2325288688793019e-005	-1	
21.358537976025371	295.21206394537592	9.5410575304001794e-005	-1.1600522037906011e-005	-1	
29.388326374429568	285.25286897721725	9.0386642975948795e-005	-1.1231324287282848e-005	-1	
61.376963980145298	203.35426757055075	5.1579358746592358e-005	-8.2343279235388187e-006	-1	
61.633457126645453	216.01594145716419	5.7520022978092531e-005	-8.6951771183891223e-006	-1	
41.372847167876728	243.80781238150448	7.4395793570788233e-005	-1.0090837549428597e-005	-1	
48.64724817473018	238.00878325349942	6.9828465968734229e-005	-9.7124498083552369e-006	-1	
57.970297735002426	228.89683220676048	6.3762487464499583e-005	-9.1980392632397108e-006	-1	
29.469854400492377	151.22283377412106	3.6623587499302697e-006	-6.9574898904804755e-006	-1	
28.378378311585255	150	7.572596420860727e-007	-6.6917222836480347e-006	-1	
31.107068533853063	151.30139822735015	4.9773817950660755e-006	-7.4842387564038431e-006	-1	
27.286902222678126	147.93532062190116	-2.6970778339762014e-009	9.4979109157863772e-007	-1	
35.979621448719826	152.54203467732489	1.0720694443797384e-005	-6.9705481474029199e-006	-1	
34.542003893559034	152.67111546656275	9.784238187029392e-006	-7.1329761385525981e-006	-1	
37.525241872926124	152.41164635720122	1.1656567859028603e-005	-6.7738136912560895e-006	-1	
32.471035837155782	150.93937536227776	5.7432742450868939e-006	-7.820444037484846e-006	-1	
33.257311409593555	151.52149272637098	7.3629447497859575e-006	-7.5171491034911456e-006	-1	
44.207301954144093	152.49261821480806	1.5864751495454511e-005	-6.139845424670749e-006	-1	
48.503233216350466	150.64923488124333	1.6953748936370733e-005	-5.7834726394673235e-006	-1	
41.514953700680209	151.17427672279661	1.3185408843753003e-005	-6.2873030841683178e-006	-1	
39.015584466847038	150.39387485290735	1.0844177899742226e-005	-6.5657975701230969e-006	-1	
61.143850412216665	154.41455721403406	2.4516595879560359e-005	-5.8453183325043418e-006	-1	
71.949100744550393	166.83658686054207	3.3692948147779875e-005	-6.5198179252048985e-006	-1	
73.046250377620268	157.02421648034237	2.9435411627119172e-005	-5.9979910664650012e-006	-1	
72.066978623868408	187.82719342908061	4.361026523294563e-005	-7.4605264529930341e-006	-1	
70.632443340568642	198.28299582779829	4.8558455745847329e-005	-7.8973196529606077e-006	-1	
76.40479059819684	175.64755603105206	3.8455049575846605e-005	-6.9198679108185263e-006	-1	
-8.284577163443096	131.9694238422297	-1.0198107310133417e-010	3.5193307814723908e-009	-1	
-7.3923731703463247	131.5176293905804	-2.28247969965635e-009	-7.3037536664726745e-009	-1	
28.095207739056082	143.32145223010241	-3.0686375366166531e-008	-2.7824575611718722e-007	-1	
25.148620212428796	141.68729378616499	2.2940384909624108e-008	1.3311229124733389e-007	-1	
25.244711570762107	137.74238979457508	5.422380362088765e-009	-5.4062076916882731e-009	-1	
21.88888130297703	136.30368825502134	1.41130785102541e-009	3.5243798269164134e-009	-1	
17.528705460740582	136.10064742883935	4.5032913995168968e-009	5.1927661758713687e-009	-1	
10.433453278118733	132.42491206656672	1.0724092478918874e-009	7.0900587838391257e-009	-1	
11.91735399803804	133.6682795625417	1.8713106343304629e-009	1.1583105749786126e-008	-1	
11.509914315068938	132.51958034076293	9.560715908561397e-011	7.1829202937777422e-010	-1	
13.826562357302418	133.87831108406107	1.3880752209618996e-009	7.9598149396446859e-009	-1	
16.397881228989252	133.88884828110804	-5.6290389634106825e-009	-2.3905439146009545e-009	-1	
-2.7087876024063622	125.86695635707679	-3.7005042131526495e-008	-1.1878418473357658e-007	-1	
-7.0273486125087352	130.13323560213422	6.377670827783633e-009	2.7014694499613592e-008	-1	
-6.4481771893829647	129.50788505880911	-3.8627717012417291e-008	-1.1523351645448135e-007	-1	
-5.8840822060162479	127.61971876933276	1.3456330403000903e-007	3.8089611248990205e-007	-1	
7.2865758647455721	129.29767338065335	1.6819224233708224e-009	1.6766999541913033e-009	-1	
7.8186823791087328	130.59122105471678	-5.0078570094774949e-010	-1.0930751691778175e-009	-1	
2.7835574647119112	122.91526440349246	3.6916847309678683e-009	4.6556800031009916e-008	-1	
4.2449111332692047	124.49770907415723	-4.5940878137730034e-009	-1.1680042428928236e-008	-1	
-0.2981971024325869	123.17667611935735	-1.9858274642480389e-008	-2.0540025433477891e-007	-1	
7.7136999313467696	128.16113415484449	-5.8911546824881713e-009	-8.5735657476095263e-010	-1	
7.6165080187554786	126.12402652673133	1.1730894001888401e-008	5.6567237821455508e-009	-1	
8.4131361002813065	130.9254700400833	-8.2560368807750595e-011	-1.977733815595559e-009	-1	
9.0928221770245869	130.98136680131151	-1.3216433034000185e-010	-1.0063877018159276e-009	-1	
9.6143380182161557	131.31251937303028	-6.006123052856695e-010	-3.3782829994726899e-009	-1	
-11.222179427304317	131.07886348205551	3.7218991056889298e-008	3.9177415964089527e-007	-1	
-11.715929249085208	130.64868192873763	-3.1955691349035929e-007	-1.8930529951134497e-006	-1	
-10.391726655217779	131.04410570701452	2.1051713525854644e-008	-1.6756140256509827e-007	-1	
-9.8295080951524412	131.14501476966112	-6.8145887605501673e-009	2.907775061190122e-008	-1	
-8.7964238279239169	131.11026193438067	1.281663709984008e-009	-5.9571637472547456e-009	-1	
-16.286382577485998	130	-5.1154812880772361e-007	1.127375307539153e-005	-1	
-14.732978221857497	130	3.4716289989636581e-007	9.8944970387337037e-006	-1	
-17.839786933114496	130	-1.3425067941101998e-006	1.2824451137766463e-005	-1	
-19.393191288742997	130	-2.6581755195486737e-006	1.4307105479259338e-005	-1	
-13.179573866228997	130	1.1745645726977338e-006	8.6843626494487654e-006	-1	
-12.402871688414745	130	1.6015503003482942e-006	8.1976243500820137e-006	-1	
-34.925105356044362	109.81322664514302	-0.00019743082518207345	7.353872565363142e-006	-1	
-34.793785641014139	109.80550610040083	-0.00019655343804172195	7.6871485728156149e-006	-1	
-34.946996510746935	109.69297822399369	-0.00019970167666776061	7.0352304985015175e-006	-1	
-35.008045470398578	109.53126602466509	-0.00020284125850277812	7.4213516856210528e-006	-1	
-35.085004956098878	109.28317675524814	-0.00020752810832853794	8.1917049462972914e-006	-1	
-34.790014674970323	109.01153890804046	-0.00020945952107374597	8.7257534142103904e-006	-1	
-34.63597152834766	130.19111990469693	2.8914041834780861e-006	2.2798314779187828e-007	-1	
-34.344708211667317	130.21885997610718	4.2917938389334744e-006	4.9282304880462892e-007	-1	
-35	130	-1.2968600122114636e-005	3.3400530160091245e-006	-1	
-34.927234845028003	130	-1.3856645409488533e-005	4.093980514318561e-006	-1	
-34.733059300574439	130	-1.5173575289765522e-005	5.388865273105298e-006	-1	
-34.538883756120882	130	-1.6038600654491888e-005	6.4036753302406474e-006	-1	
-34.566511143467309	109.60240597111732	-0.00019804465232196432	8.3974094324212292e-006	-1	
-34.754525315056569	109.67995491095031	-0.00019831723372581002	7.7558607362673029e-006	-1	
-34.511805672630594	109.25597760419635	-0.00020300309118840711	8.971776010143098e-006	-1	
-34.450985624350587	108.89631577786825	-0.00020801049189480051	9.7372741545565176e-006	-1	
-34.237524507224421	108.60882418083271	-0.00021028258311010434	1.0710216832867649e-005	-1	
-34.307941353750877	108.12962608939415	-0.00021809477066273971	1.1633280137612245e-005	-1	
-10	123.06133048939951	1.3099240814462446e-006	6.833931467887803e-006	-1	
-12.46220077784125	123.91956853385307	-4.6730505448945231e-006	8.2435225943163324e-006	-1	
-16.47154297211031	126.2151461750895	-9.6418187313738956e-006	1.0808372203611452e-005	-1	
-13.750301578172444	126.18668157460242	-4.6073067793274444e-006	9.1199130139977322e-006	-1	
-7.4195445280591681	119.62837831158527	-2.0854474650039308e-007	-1.8559417851895666e-006	-1	
-4.6938812950789615	114.89326773877328	-1.2237768334066837e-007	-2.5862836197831655e-006	-1	
-17.063084755300245	128.64926542101983	-4.4772593305063715e-006	1.1730331213226489e-005	-1	
28.868150613324332	97.828044285458688	2.3521559174795369e-008	-7.2294751733918152e-008	-1	
26.759956662547147	101.52329359846956	5.8362067274753151e-008	-1.3413352337496332e-007	-1	
24.084081165208673	108.09380719733305	1.459149038585304e-007	-2.3603973936244158e-007	-1	
31.743114854953163	89.923893961834906	-2.1323812603649069e-009	-1.2160878947391816e-009	-1	
32.177308093409522	94.886745386896393	-2.0987150209200115e-009	-1.3063684722237689e-009	-1	
31.308921616496807	84.961042536773419	-2.4159900470151813e-009	-1.5866074130771059e-009	-1	
14.920303938369399	115.8127397051031	3.2330393601303616e-008	-1.4993343356624497e-007	-1	
10	116.19542613377101	-1.0097336310469309e-007	2.453250228986223e-008	-1	
20.814189499326716	114.55067801083537	1.8740947957126543e-007	-3.0042786966138381e-007	-1	
6.7407747043776745	117.91190222267815	2.8471572243295276e-008	1.0448287020965057e-007	-1	
3.2888035855636666	117.82049434460343	-2.0597259617542055e-008	-2.5387004643764672e-007	-1	
-1.809140307093811	119.53317955136352	4.4534648980105465e-008	6.8697029701099881e-007	-1	
30.874728378040448	79.998191111711918	-3.9802227848534079e-009	-3.4304534277447868e-009	-1	
30.657631758812268	77.516765399181168	-3.0422427549131895e-009	-7.9542634927587576e-009	-1	
30.440535139584089	75.035339686650417	-3.5848907605411235e-009	-1.4514984470836847e-008	-1	
29.571967443900544	73.236015109325294	4.3041404906011737e-008	-4.6835619754250306e-008	-1	
29.621031148144063	72.294065389312266	5.1050762690229032e-008	-5.7207067997282625e-008	-1	
30.331986829969999	73.794626830385042	-3.0195291171599081e-009	-2.0144340458229867e-008	-1	
29.772437178684815	71.655714276649746	4.7192498781705131e-008	-6.4603182987540597e-008	-1	
29.603928223776091	71.201628298856292	7.7034205526784179e-008	-8.6117859603978652e-008	-1	
29.752951839307439	70.876038021199292	6.9849840626185447e-008	-9.3958727218120212e-008	-1	
29.737664925174581	70.511590469627421	9.6509900283779334e-008	-1.1351210454076993e-007	-1	
29.405432724893519	25.544086857608502	3.4856432129507324e-006	-2.6746519741026977e-006	-1	
31.790195876058451	24.44091708319759	4.4437769800189528e-006	-3.1313681689577109e-006	-1	
51.712785200325193	51.597714016180703	8.9341111477423003e-006	-2.3230093830523812e-006	-1	
49.866284906361038	58.958016945852876	6.0301494675390883e-006	-1.6189763270592054e-006	-1	
45.518626621698743	63.350481522135041	2.905151790190687e-006	-9.1507418028905579e-007	-1	
47.794510088886604	62.698366406436925	3.7850851601990798e-006	-1.1238301885058557e-006	-1	
40.993759367672439	66.684331377985842	9.1314313190397692e-007	-3.7323917606457869e-007	-1	
44.560394481374459	65.515358157324798	1.7144260356821154e-006	-6.1960781087178666e-007	-1	
31.785643182624543	69.126427495947226	1.9240310831525931e-007	-1.4645348552564158e-007	-1	
30.009760068074026	69.369066304108387	2.3231202527653779e-007	-1.6488519152022952e-007	-1	
30.961773448275899	69.4798987384372	1.4521014977873284e-007	-1.3699984530161156e-007	-1	
30.457218799214413	69.653909140129457	1.3702042502757981e-007	-1.4082165254088591e-007	-1	
32.544852941421055	69.777354217285065	1.8418219321255622e-008	-9.002658687111057e-008	-1	
39.961946980917453	69.128442572523426	-2.005794511153691e-008	-7.9626960487276471e-008	-1	
33.396896458029275	71.304521545293383	-1.8119850789349641e-008	2.0371568381693577e-008	-1	
35.561683546864849	71.691728437416884	-4.3206497563942826e-009	1.800410279552034e-008	-1	
38.96436088730097	71.963762087763811	7.1759317186400633e-011	1.7912595815667601e-008	-1	
29.68305972509436	69.961206616298668	1.6734243855450333e-007	-1.4301922709111236e-007	-1	
29.906759873798734	69.694611160416372	1.825819687652587e-007	-1.5168721278473291e-007	-1	
29.719148442706722	70.161358486758857	1.3504519806741957e-007	-1.3256052547329752e-007	-1	
12.101955201042331	23.088249320509327	-1.6538739860150863e-007	-3.9973687670312205e-007	-1	
28.580281663129945	23.157629548209048	2.6888838801416097e-006	-2.7913342876495902e-006	-1	
26.253243623014761	22.72886824802459	1.5989273208156464e-006	-2.3310493306652184e-006	-1	
25.584069600328256	21.375946766245843	8.773358845493935e-007	-2.2436478830753332e-006	-1	
-9.9025355432896287	20.180044910528682	-5.0578210742091808e-007	4.1495006944534894e-007	-1	
-10	20	-1.6178829510113038e-006	-2.1516327174365844e-006	-1	
10	21.789241243879118	-2.8905741518100455e-007	-2.8385919139479838e-007	-1	
10.910193640395306	22.041216741126377	-2.5076766130022321e-007	-3.237605478750419e-007	-1	
106.8761121484556	-141.38296661978279	8.4508283066260086e-005	-1.1341767043890508e-005	-1	
111.57887951750062	-126.42738428713751	8.0424522087807002e-005	-1.0995005783250197e-005	-1	
121.33253166465715	-122.53902171391741	7.8400698460875503e-005	-1.0786013727540112e-005	-1	
134.8482223539778	-69.384846560048629	6.4146529535922549e-005	-9.4512076287765458e-006	-1	
131.10149107927955	-82.95934422351533	6.7791999228269709e-005	-9.8126842716090085e-006	-1	
127.09715009242694	-5.1168903127103444	4.6506206629161567e-005	-7.5864450335086171e-006	-1	
124.68928743701818	7.7525874766691683	4.3011580699818206e-005	-7.1519717559332537e-006	-1	
131.92155246309105	-17.064362169376416	5.0170162153175364e-005	-7.9922237367569392e-006	-1	
136.82890483619678	-26.46946307199558	5.3055958631139218e-005	-8.2909195280686446e-006	-1	
141.60681547349986	-43.052730687597176	5.7543565816859994e-005	-8.7523539186890183e-006	-1	
148.02824673408045	-36.593362695470752	5.637859887967113e-005	-8.5940670450587809e-006	-1	
137.63654826100856	-58.111968466118974	6.123053494588824e-005	-9.1511791263404061e-006	-1	
143.9258490891819	-51.717114446742265	5.9804558599347644e-005	-8.9753225712595115e-006	-1	
136.50071565434487	-94.06997021661067	7.0378421047842394e-005	-1.0025652645963978e-005	-1	
137.87235341476796	-103.95771851588705	7.2671796238373693e-005	-1.0225844439724752e-005	-1	
129.67092895373602	-109.64855267140837	7.4583370983312931e-005	-1.0426826329427667e-005	-1	
9.8833157529972713	20.036382577485991	-3.3162659319903748e-008	5.6543466406266597e-008	-1	
9.9025355432896287	20.180044910528682	-6.8881739517656298e-008	7.4740369756116687e-008	-1	
9.7792368386991217	20.389976171801742	3.2302671730016615e-008	7.7803002659525415e-008	-1	
9.752491248379334	20.716443688312165	3.8266866493000437e-008	7.1791392557742969e-008	-1	
10	20.93100319942555	-2.9138141942021079e-007	-2.820918157501476e-007	-1	
10.538104288332681	20.287481138927305	-2.918345989956824e-007	-2.8325567467723502e-007	-1	
10.072765154971993	20	-2.9546246818504634e-007	-2.7279776429102066e-007	-1	
10.153066824488725	20.153066824488725	-2.9458998787655252e-007	-2.7583358764073933e-007	-1	
10	20	-2.9575480232989195e-007	-2.7125411084296457e-007	-1	
10.713484125157912	20.727292315954834	-2.8392386762512616e-007	-2.9407109138739494e-007	-1	
10.464121511568775	21.208772286454938	-2.80521806696815e-007	-2.9511346961460111e-007	-1	
29.641467423633838	1.0034434216933703	-2.3451431742053991e-006	1.6830841151562754e-006	-1	
28.996556578306638	19.615871177299177	-7.6424582591493823e-007	8.1402049718938511e-007	-1	
28.686330489399509	20	1.8989299921158611e-006	-3.2660365782275267e-006	-1	
29.161177306858125	19.118977928688764	3.6803984007923486e-007	-3.9750319409827154e-007	-1	
29.643443281120156	18.37610440049238	-6.920821539815752e-007	9.2300290399061524e-007	-1	
29.560784881788361	18.84144353385307	-5.987075215213608e-007	7.7597293668901349e-007	-1	
27.084283245584786	21.053293813259057	1.3324982184428422e-006	-2.6933279602878602e-006	-1	
28.145014868351172	20.714619239072153	1.7688202751532565e-006	-3.0209083013423064e-006	-1	
30.575359085614785	17.75565222267813	2.4119858853580551e-006	-4.4925319380399615e-006	-1	
30	18.065878311585255	2.3195144181703836e-006	-4.503569736341997e-006	-1	
29.393575050090934	0.55636137374180206	1.5205481366947529e-006	-5.2676536413649376e-007	-1	
29.732271198431441	0.53810428833268242	-1.8564267788134956e-006	1.1705605512912343e-006	-1	
30	0.072765154971994692	8.9217947829038966e-006	-8.4618918585276026e-006	-1	
29.846933175511271	0.15306682448872524	-4.5319761483213307e-006	-9.4202418456539939e-008	-1	
30	0	9.0092022714877296e-006	-8.4599598658728995e-006	-1	
29.927234845028007	0	8.9931125776797242e-006	-8.4951561721196623e-006	-1	
65.747377419266726	63.945656071015073	1.1884700894953297e-005	-2.5358726397508292e-006	-1	
58.606594725533341	60.6884077657879	9.2159109383732499e-006	-2.1513048997547319e-006	-1	
54.376748920608264	58.703128842154342	7.8937556348861671e-006	-1.9628583032942549e-006	-1	
31.14095846095184	22.376778195098098	3.8433332482908766e-006	-3.3470379997089545e-006	-1	
31.179764015296065	18.403800335661987	3.0685129019934748e-006	-4.3023010110885597e-006	-1	
31.301214187172963	19.834342851707998	3.5285743118571275e-006	-3.927817775606023e-006	-1	
30.906846496806466	19.279086732044142	3.2034186600381788e-006	-4.0791347681666084e-006	-1	
31.546261029600739	20.484794968346673	3.7786196095419961e-006	-3.7826296160145121e-006	-1	
31.20465680657782	21.090139883115494	3.6840731632274353e-006	-3.6048318813060899e-006	-1	
107.9279609069601	41.888781667001936	3.2053375069150203e-005	-5.6799897377253289e-006	-1	
106.7233634230427	53.817518116438698	2.9901577505462312e-005	-5.3092128400783903e-006	-1	
104.59377606423463	65.616275087390591	2.7848166359984397e-005	-4.9548649567194462e-006	-1	
86.648609595813582	68.668367848694487	2.078978676071736e-005	-3.9118253454166143e-006	-1	
71.99417992467454	71.378356618606148	1.3773337722983287e-005	-2.7632443752368759e-006	-1	
96.310616419543322	71.195874898015362	2.4371564682812033e-005	-4.4324494874904047e-006	-1	
128.23882428871687	22.311619305224408	4.070436510534418e-005	-6.7932607366646283e-006	-1	
127.98670054138825	31.570423528048511	3.8989416118014424e-005	-6.5417086639387033e-006	-1	
121.21115354826441	37.885562874454344	3.6335951768453435e-005	-6.2048947317576753e-006	-1	
104.79642056037456	-164.08228871118681	8.9535372893304927e-005	-1.1737477956553878e-005	-1	
104.47876630795741	-173.651783836899	9.1352466010860043e-005	-1.1876002772193878e-005	-1	
113.3668050233069	-148.03177597714222	8.5044182254284453e-005	-1.1356606902482116e-005	-1	
111.35017629649127	-157.10200025465252	8.7175098333644739e-005	-1.1531018386567717e-005	-1	
85.896966176036827	-214.64883288233437	0.00010091068219563483	-1.2635075306536248e-005	-1	
96.081042838675842	-212.61031959475844	9.8799431574251407e-005	-1.2451693704586055e-005	-1	
99.864944144897052	-201.27746104517911	9.657140689305585e-005	-1.2278417313870336e-005	-1	
110.43267418336613	-184.21612757053956	9.2205570672768646e-005	-1.1919602231000974e-005	-1	
107.80870243636133	-194.3943228597071	9.4223093202482227e-005	-1.2079782365455363e-005	-1	
78.676242763903105	-222.11422686387317	0.00010319037044034835	-1.2817905698955449e-005	-1	
74.003401301286814	-232.95599184977988	0.00010531358692710426	-1.2978487862171482e-005	-1	
60.171870534469768	-256.77052621083266	0.00011022143392650438	-1.3350447401202587e-005	-1	
55.925088514842756	-264.89617645904207	0.00011166392894985518	-1.3457702741801796e-005	-1	
70.325129630962181	-254.95188893734996	0.00010812123214321259	-1.3179110076403696e-005	-1	
77.645463615532506	-247.68492105746009	0.00010609162671685944	-1.3019734148292972e-005	-1	
51.825111709600961	-273.09688006757051	0.00011301261525903059	-1.3557622557447709e-005	-1	
-56.011279349043761	-359.36211401795367	0.00013489782198625335	-1.5180882484260289e-005	-1	
-62.047448643376633	-358.31437737163714	0.00013601710155025483	-1.5262160540737565e-005	-1	
-25.606886912061	-363.0129620011943	0.00012945939470102979	-1.4781039866788527e-005	-1	
-31.711403025473253	-362.4952991273355	0.00013052951256916907	-1.4860373531269321e-005	-1	
-19.494266083148631	-363.42400753617585	0.00012839157917239911	-1.4701584787279045e-005	-1	
-16.123992958411321	-357.32582368331538	0.0001278590248733012	-1.466204837057296e-005	-1	
-9.9971272965947371	-354.00797733354761	0.0001268033668775439	-1.4583192374592065e-005	-1	
-3.9975800123219174	-351.00552585716048	0.00012575079809539405	-1.4504458027519455e-005	-1	
3.2931198667155126	-344.53395523496664	0.00012444053969475223	-1.4406424861968361e-005	-1	
-37.805954928641469	-361.87117659972557	0.00013160743059984886	-1.4939949601192076e-005	-1	
13.440683071372712	-318.35971558065165	0.00012226425119345988	-1.424898476773705e-005	-1	
11.956876730406666	-336.70966122687929	0.00012282296414616828	-1.4285234632779929e-005	-1	
17.882839755463415	-327.10617573270309	0.00012160321691562269	-1.4194798410516501e-005	-1	
29.513907278271109	-302.60568398810034	0.00011877758240947677	-1.3988643028442249e-005	-1	
23.174294345121169	-317.13900563599145	0.00012040686194873122	-1.4106856745551622e-005	-1	
46.001894971296949	-284.00288032286562	0.0001147879853736158	-1.3688788600039189e-005	-1	
41.196743891987552	-296.59615231518427	0.00011632106673403032	-1.3800147283061098e-005	-1	
-15.24728665065437	337.64658229689365	0.00011484843541907353	-1.2993490270640165e-005	-1	
-9.1251854401122063	337.87673137414527	0.00011196033341998351	-1.2785431815765225e-005	-1	
-3.0000000000001101	338.00000000000108	0.00010912882576089608	-1.2579570628019181e-005	-1	
0.079903879593364202	331.75013765503064	0.00010770608494995403	-1.2476583582690583e-005	-1	
37.085366972446096	274.49345731156546	8.5039763088227911e-005	-1.0834424595357012e-005	-1	
46.644479687831158	261.45321179375793	7.820944468418323e-005	-1.0311882590763112e-005	-1	
48.72584296733482	250.26209071905811	7.4161605450740023e-005	-1.0017141852285115e-005	-1	
21.758652875689215	304.5109816286373	9.639544823375098e-005	-1.1656010510491232e-005	-1	
20.784830826840324	317.31400059112622	9.7959885296701319e-005	-1.1757735695368156e-005	-1	
18.095797368524401	324.06191195048262	9.9524479817057076e-005	-1.1870589038638288e-005	-1	
11.997127296594751	328.00797733354761	0.00010231693039325636	-1.207844835106005e-005	-1	
6.111221223093164	332.69151729922999	0.00010501176649970922	-1.2277538053639804e-005	-1	
35.96190567058229	296.2278915910498	8.9491266469397967e-005	-1.1129877477060703e-005	-1	
30.88781620363957	306.32435940081007	9.2801144370247075e-005	-1.1372828731149711e-005	-1	
42.094992664701444	286.73735472137633	8.5599891779337988e-005	-1.0838462071694418e-005	-1	
72.004074112116939	208.74723609198392	5.3085552255039378e-005	-8.2588357569118082e-006	-1	
71.030901183688457	224.50545378355235	5.9493276297990442e-005	-8.7788925600296868e-006	-1	
56.798848387595989	242.23713916192759	6.9049792342571826e-005	-9.5960423840380611e-006	-1	
67.788757062858792	236.4806059331047	6.4410135773840577e-005	-9.1804454385156814e-006	-1	
30.561330489399502	150	2.328535643435425e-006	-7.9175155206827954e-006	-1	
29.469854400492377	148.76534518562121	-4.2531435668364274e-007	1.9500804553448048e-006	-1	
31.652806578306627	150	3.1050489293265997e-006	-8.3673308740753761e-006	-1	
30.04862129861495	146.57923730972962	7.0845361691544574e-008	-3.8023522596428445e-007	-1	
36.19362212281078	151.11458597542861	9.5062803036236875e-006	-7.0687352846396601e-006	-1	
34.955366556819101	151.52502533544342	8.9431447299303165e-006	-7.2733172959398975e-006	-1	
34.230730994804681	151.49319337129174	8.2709572395626794e-006	-7.4158555629607149e-006	-1	
37.166789887425594	150.58761539064608	9.7015442915561017e-006	-6.8924419832455123e-006	-1	
33.394902280396636	150.61756688438339	6.4802226115407935e-006	-7.8752853237943933e-006	-1	
32.744282667213753	150	4.7466615677183668e-006	-8.3958224032358777e-006	-1	
33.884266732477244	150.85595520026962	7.3054728322447175e-006	-7.6700459408189585e-006	-1	
43.97091704691816	149.50415948443805	1.3562903129968825e-005	-5.9359468776971224e-006	-1	
52.883354235755931	144.13219083849003	1.5785976942430096e-005	-5.0778013351621011e-006	-1	
45.575481303550482	147.00487536808299	1.2991577287269637e-005	-5.5649630472579024e-006	-1	
41.147751310403166	148.58178061862725	1.0928993838942348e-005	-6.1101207393988391e-006	-1	
37.384309557351045	149.50251692114804	8.8391300816311539e-006	-6.8419468571959404e-006	-1	
38.540853880091369	147.56496856593265	8.0343921090012805e-006	-6.4116965472794923e-006	-1	
66.014738716898833	146.50648639210485	2.2652938009617421e-005	-5.2889175597214639e-006	-1	
80.781397274459678	162.85662865598499	3.3789952599867868e-005	-6.3440213046171236e-006	-1	
75.184116584498014	145.0280931688655	2.5409062414424605e-005	-5.3307044895986347e-006	-1	
84.823652065787201	153.89847562444416	3.1433507684202887e-005	-5.9531444241685841e-006	-1	
78.831753605884742	193.6025557398618	4.641002623293329e-005	-7.6325572619862363e-006	-1	
86.341519664235747	188.83596323295026	4.4739010717350774e-005	-7.4068913797786803e-006	-1	
80.846219164951833	202.26621079355812	4.9885169874535826e-005	-7.9199603421126443e-006	-1	
89.31498518655404	174.94966236949998	3.9826160446739995e-005	-6.884511877661745e-006	-1	
-7.8788581924216006	130.17110742172534	2.9784462359028768e-009	8.7008526681400425e-009	-1	
31.55401557687409	144.89168676696588	-7.0661808999792634e-009	-2.8340943343911678e-007	-1	
32.722688455830202	141.31633171697737	1.3065687512517694e-007	7.518488636044775e-007	-1	
29.459281589324966	140.12722148544836	-3.1834142799723349e-008	-1.1670191967671649e-007	-1	
24.970165602623126	133.87788874460526	-2.4231963777147471e-008	-3.92074282380509e-008	-1	
27.21521345554919	134.406694038681	8.479391096845052e-009	6.2674073724667229e-008	-1	
18.98605881133907	134.08894662491241	-1.5197892733423284e-008	-1.1882648884577094e-008	-1	
21.191467524941746	132.71968589337266	4.1024850598994771e-008	3.2073629496836867e-008	-1	
10.779248023153203	131.72342883754931	9.0037085802816269e-010	-6.086825415755168e-010	-1	
12.56082842235319	132.63316717124044	1.3783410144028057e-009	-3.5249091399537572e-009	-1	
12.158881916280466	131.65553665043879	-2.5645340550490878e-009	-3.6597390328436191e-010	-1	
13.492813498983013	132.13444255195012	-8.7354142417408487e-009	-6.2727815208506383e-009	-1	
15.509680399671748	131.47578154783807	1.2147660574013042e-008	5.8522235178557343e-009	-1	
17.839786933114496	131.75983449232564	3.4637725352140604e-008	1.9033520573632327e-008	-1	
-5.9839353967405993	125.55524186169808	1.0213744800749068e-007	2.7654531901150767e-007	-1	
-4.0662418216982594	122.7679143722515	8.6874274873202271e-008	4.7523303224273268e-007	-1	
-7.6212846341523317	129.52189049370796	-2.3262461207178176e-008	-1.048193727964627e-007	-1	
-7.4213535245346005	128.85267131514919	6.3298340130737793e-008	1.8379861267216814e-007	-1	
-8.0310369777880517	125.8405674278987	-6.0356155595919262e-007	-1.6224194805262623e-006	-1	
-8.8542690624321896	127.74489091191165	-4.2294818045341057e-007	-1.2275344972624752e-006	-1	
8.5714521555194505	129.85039016627667	8.0609045832114051e-010	3.8277750278153468e-010	-1	
8.6402886696966519	128.9457293944651	-4.4748940915437679e-009	-2.1203917965227371e-009	-1	
8.8591030245568678	130.40951353679387	-7.1024617761109019e-011	4.733430729479995e-010	-1	
1.8655032878570914	120.96671052723433	-4.8211769293282304e-009	-1.1251802644009249e-007	-1	
4.0664407700443803	121.1849765357605	6.6989438373079082e-009	7.8810502176858451e-008	-1	
5.8300944875601113	122.51962683290496	-3.7673883002305241e-009	-2.1671526357709238e-008	-1	
7.9433334361471015	123.9195685338531	1.1628046551077562e-008	1.4104682070310674e-008	-1	
8.8542690624322145	127.74489091191174	2.1445969315287367e-008	6.3393452190756375e-009	-1	
10	126.49428266721375	-6.3541077583342274e-008	-1.8494619371332192e-008	-1	
10	124.77780657830664	-5.7091202446482941e-008	-2.0776439499636001e-008	-1	
9.4811980561086493	130.50094513764989	6.3828732900664138e-011	8.0438475780712184e-010	-1	
10.065252484244615	130.62472933721301	-1.7010167267979463e-010	9.2354860370683067e-010	-1	
10.391726655217775	131.04410570701452	1.0158107173748324e-009	1.9124602822566627e-009	-1	
-10.74918492899493	130.60534143623701	-8.3072407416119572e-008	4.6012733392028752e-007	-1	
-11.102133099774509	130.42042912499804	-3.2229959139725418e-007	-2.3030250504193307e-006	-1	
-11.626169510600494	130	1.8103276843991913e-006	7.8291714003845851e-006	-1	
-10.361461425941348	130.51349667980395	-8.2970496593739226e-008	2.7253527474744902e-007	-1	
-10.065252484244615	130.62472933721301	4.0358081037747202e-008	5.8669276859084015e-009	-1	
-9.4985737275770337	130.67944544876076	-3.309363738353841e-009	-1.2071021964306619e-008	-1	
-9.1292877642453014	130.35672432698379	-4.1084768162401578e-009	3.1538903589119668e-008	-1	
-15.509680399671748	128.52808339352191	-3.144406046577098e-006	1.0486000871611579e-005	-1	
-13.956276044043246	129.12536027852732	-5.3665892799590128e-007	9.346401571133981e-006	-1	
-12.79122277732187	129.02090071170338	2.5092957580936325e-007	8.5717326404779123e-006	-1	
-11.771398345858836	129.28435870378067	1.2225286265955735e-006	7.9938814247782879e-006	-1	
-34.874773736205896	109.7018460656529	-0.00019893669334254959	7.2416816011055633e-006	-1	
-34.865905894546685	109.62962329111186	-0.00020006740342931524	7.2993440549799973e-006	-1	
-34.827960284758504	109.32058109957616	-0.00020481758705981882	7.9558605635922773e-006	-1	
-34.735215761662815	109.48881935840647	-0.00020127080855813218	7.9959094931797823e-006	-1	
-10	124.77780657830664	2.3047021443451662e-006	6.5167578354114374e-006	-1	
-7.247505072868945	123.91956853385307	-3.8619769871144332e-007	-1.3774928949611819e-006	-1	
-11.467152568438923	126.48300517710425	-1.4132516701527574e-007	7.694711200595704e-006	-1	
-13.461818877352673	128.0908784816128	-1.4855939980961533e-006	9.0252180727335338e-006	-1	
-12.430689150875818	127.58946850463296	-8.0917942243504355e-007	8.3743318791667026e-006	-1	
30.616513781274048	101.70652020421308	2.5152171016635916e-008	-5.869795017637516e-008	-1	
32.611501331865881	99.849596811957895	-3.1397257776935149e-009	-2.1361482735912959e-009	-1	
28.161162940297757	107.30880208542206	1.3776285241009723e-007	-1.9432987138498865e-007	-1	
29.828940595693698	103.86592938261181	5.5343636301906966e-008	-1.0054216408451572e-007	-1	
27.88480550731926	109.76513101448455	2.2498242629818133e-007	-2.7442053641313283e-007	-1	
25.389343471241624	112.78056155049126	2.873025804519542e-007	-3.5540388530781493e-007	-1	
36.274393495782888	92.027877655088162	6.604564919884665e-010	6.5802010379641666e-010	-1	
36.214026172805724	87.032320700290043	3.39409922670783e-010	1.9060901693162882e-009	-1	
37.604235612622077	97.168235227087081	4.0081157198858453e-010	2.1247105861064573e-009	-1	
33.90766902119811	82.233262393891621	8.0897899703149892e-010	-4.0976785566201984e-011	-1	
18.705186142669433	118.97983718516159	1.2089908272149412e-007	-2.6976472883558096e-007	-1	
13.590164285856909	120.56527253018004	5.184955956303825e-009	-1.1401716129453724e-007	-1	
10	119.62837831158527	-3.2537503793812789e-008	-2.1775732657759395e-008	-1	
24.865542567446386	117.31688199234996	3.8192547280762126e-007	-4.7841960022419427e-007	-1	
6.028983757491333	120.16507905395281	-3.3149102540061583e-009	3.1528510338910555e-008	-1	
8.0763191762148328	121.34485440049239	8.764250963100155e-009	-1.4400333137586684e-008	-1	
33.100219558765232	78.553276259820066	6.5491612568450876e-010	1.4123181713548781e-009	-1	
31.972279831556989	76.151538993488288	-1.5025828512406709e-009	3.4735156049141941e-009	-1	
32.127698554180292	74.262627212956801	-2.1241239556881103e-009	2.0818574212892013e-009	-1	
30.223438520355909	72.553913974119666	5.1130769026853324e-009	-3.127160968827494e-008	-1	
30.169164365548866	71.933557545986986	7.0898366470730232e-009	-3.9816857232849181e-008	-1	
31.281955832612649	72.610863245717852	-5.9489894169359729e-009	2.4608295459844905e-009	-1	
30.114890210741823	71.313201117854305	9.6336092598686807e-009	-5.6589194161692303e-008	-1	
30.087753133338303	71.003022903787965	1.4485270485602184e-008	-7.1455904976651299e-008	-1	
30.060616055934783	70.692844689721625	2.670776062737589e-008	-9.1264041184498115e-008	-1	
29.907782444930344	70.237387297039675	9.4477247935880684e-008	-1.2564559852238728e-007	-1	
30.033478978531257	70.38266647565527	5.2664463908902027e-008	-1.1450568484949812e-007	-1	
30.082856293871789	23.111567572482816	3.4106896748242891e-006	-3.0667803556989326e-006	-1	
52.057415154603994	62.629721348013717	5.439201662485276e-006	-1.456165427764803e-006	-1	
46.698612331184037	65.40292723536389	2.0994707886659474e-006	-7.443714384246198e-007	-1	
48.648088408359321	65.410423419900809	2.6180893004814786e-006	-8.874079555133472e-007	-1	
50.038223648481981	64.444676417357201	3.7060951387634095e-006	-1.1135201053227985e-006	-1	
43.547834211271322	67.401978941919822	7.2029232508564225e-007	-3.5258460042385297e-007	-1	
42.434311660749579	68.912138690936217	5.08730886338291e-009	-1.3634070045402463e-007	-1	
45.422707989650462	67.475213177192856	7.4200116030076692e-007	-3.9817223745477865e-007	-1	
31.308670601504993	69.88550615807867	3.5344816978851289e-008	-9.8183156473004873e-008	-1	
30.110036818846762	69.695460340119766	1.5969740224743887e-007	-1.477523315535513e-007	-1	
30.690579431546958	69.939582128475479	4.8469822093338808e-008	-1.1711252951763919e-007	-1	
30.217216574317924	69.868187690332078	1.1034780236442544e-007	-1.3836425817515574e-007	-1	
30.38153384656794	69.966620113673883	6.5785853915240527e-008	-1.3012513976109765e-007	-1	
31.827879384023319	70.532249816296414	-3.2778282030977055e-008	-1.6167693515620429e-008	-1	
41.914100604105649	71.386483670719656	-2.6014974161877796e-009	2.3329238186802485e-008	-1	
32.383767838399784	72.0294806941274	6.7705612318928226e-009	9.7016274316042354e-009	-1	
34.052857156537463	73.291626947057026	5.9563633608360682e-009	-4.141734915483447e-009	-1	
37.008541891259114	74.567644743364909	6.4577200994591251e-010	-3.0875254864563305e-009	-1	
40.946171761980651	74.26545711942903	2.7236145946088285e-009	-5.2351851830207735e-009	-1	
29.899229555905492	69.915443557526729	1.4470150159186759e-007	-1.4228823626591492e-007	-1	
29.886930722348914	70.046413833008941	1.2458715332397647e-007	-1.3654931762246929e-007	-1	
30.026074428580003	69.880588821221181	1.3286860728400877e-007	-1.4207005451333358e-007	-1	
27.889326369902133	21.822551644370744	2.0061365782930798e-006	-2.8034447555204983e-006	-1	
29.25100177039316	21.812272062531125	2.7203068925489591e-006	-3.1111356911451464e-006	-1	
119.66235194817604	-141.19790088442022	8.278683180802341e-005	-1.1151753237016065e-005	-1	
124.49971913372518	-132.22671017096442	8.0266486432667102e-005	-1.0927628649540212e-005	-1	
131.56765582347387	-124.88323312975787	7.794962287033297e-005	-1.0707700035229607e-005	-1	
144.4020962726353	-65.766697189279313	6.3268122851405973e-005	-9.3212831144220303e-006	-1	
144.03698506282547	-79.225381286181459	6.6535690772596729e-005	-9.6381855317868111e-006	-1	
134.72951621133797	1.0817343334209566	4.6259331495923924e-005	-7.4914110746417301e-006	-1	
137.8253584322554	-8.2505601872160774	4.8795529546350274e-005	-7.7852056088584057e-006	-1	
137.4863230580109	10.519741331027191	4.4744968862919469e-005	-7.27249469020536e-006	-1	
143.28341109246958	-15.595202732375144	5.1126324575790302e-005	-8.0291428043185502e-006	-1	
147.53984025809262	-23.695630110968537	5.3386896985253746e-005	-8.2661549691156024e-006	-1	
149.50811211197328	-45.580476400959476	5.8558244404675484e-005	-8.819835078707061e-006	-1	
157.11492695842605	-37.218228115025951	5.7083987922690969e-005	-8.6300130678063572e-006	-1	
157.27504500682849	-24.417097706729507	5.4374826535190318e-005	-8.3312313164390024e-006	-1	
149.85656646117349	-60.333717244185948	6.2036746393227661e-005	-9.1752379175765525e-006	-1	
152.77045879734928	-53.207866587975552	6.0454224487010633e-005	-9.0021915744269776e-006	-1	
148.80433757094272	-92.966102605052214	6.9625255689774527e-005	-9.9094844863736267e-006	-1	
139.41843183692913	-116.17039475293015	7.5347212349621836e-005	-1.0455844204102402e-005	-1	
147.23319054040522	-107.42523706420829	7.2922386624780995e-005	-1.0215027148937974e-005	-1	
10	20.072765154971989	-2.9543244836937241e-007	-2.7278201886292551e-007	-1	
10	20.287324666085382	-2.9464631836457954e-007	-2.7558587412251279e-007	-1	
10	20.501884177198775	-2.9362988796136215e-007	-2.7817777207405941e-007	-1	
10.240119291354791	20.716443688312165	-2.8954645941858628e-007	-2.8455269282443386e-007	-1	
10.229510600615312	20.394604421642079	-2.9255013721683962e-007	-2.8016754464708106e-007	-1	
29.30678266721376	20	2.3375685512880749e-006	-3.4298051234059433e-006	-1	
29.486517119624999	19.554765967871937	-5.2212787663430227e-007	7.1877488346305359e-007	-1	
28.996556578306638	20.434298040000201	2.2338504348692725e-006	-3.279391063174184e-006	-1	
29.676543062183569	19.292630878862774	-6.7188317659995231e-007	6.8608834971733396e-007	-1	
30	18.686330489399506	2.6387002953149041e-006	-4.3385012490525404e-006	-1	
30	18.996556578306631	2.7527680602852162e-006	-4.2398149122600352e-006	-1	
28.72939817085528	21.056281331626487	2.2334911591976171e-006	-3.1127851719808864e-006	-1	
30.369647154303916	18.37610440049238	2.6324128901227757e-006	-4.3735245577562011e-006	-1	
59.326042506545896	70.010865871379423	7.1165942998640383e-006	-1.6291960607222266e-006	-1	
58.020780200497285	65.324111518221045	7.5535505086304411e-006	-1.7820421819139588e-006	-1	
63.157784416110601	75.401501332379297	8.4255566737899041e-006	-1.7940959362908637e-006	-1	
54.700117891909507	63.25207051397188	6.4597363175524151e-006	-1.6295976598468529e-006	-1	
30.136874454875844	21.569739823123559	3.1634781588189234e-006	-3.3302063174204759e-006	-1	
30.497470219072053	18.841443533853067	2.8805544410612551e-006	-4.2298576570285916e-006	-1	
30.863238552525054	20.355891101713624	3.3835877127630975e-006	-3.7403085485321468e-006	-1	
30.627682156712304	19.935287577041755	3.2030475435229931e-006	-3.8478854742194108e-006	-1	
30.321282336396767	19.151669622760192	2.9144638152183117e-006	-4.1410765463900166e-006	-1	
30.304924635617358	19.514357250404519	2.9980737543813368e-006	-3.9982837221090618e-006	-1	
30.506431365060351	20.680055830745363	3.2317962820403336e-006	-3.5962929217360757e-006	-1	
118.83719859595404	49.015617339930557	3.405284124190031e-005	-5.8584657656984271e-006	-1	
115.26564850117296	61.450902440621888	3.1607107725546505e-005	-5.4817600799097993e-006	-1	
104.81154555652185	76.437713464228196	2.7137283739318002e-005	-4.8161287090550777e-006	-1	
122.05562857322741	70.677784970373565	3.2850604872433701e-005	-5.6130866135467921e-006	-1	
85.621155060268805	82.750287484270842	1.930153500261181e-005	-3.6198974035260412e-006	-1	
76.131376530310675	79.226973664108755	1.4990348562393078e-005	-2.9167293152760016e-006	-1	
67.282256442429016	79.867488262607964	1.0286960254952601e-005	-2.0978289601055209e-006	-1	
95.735346122125478	82.334624174297318	2.3523830951040745e-005	-4.2732418675317473e-006	-1	
136.98471019652033	19.6483674700929	4.2918589194903829e-005	-7.0289950846192932e-006	-1	
141.96050694465541	27.31810523424722	4.2545651589528454e-005	-6.9405638441179373e-006	-1	
133.35352278920297	39.119346695024923	3.9003055214602976e-005	-6.4936724242243563e-006	-1	
128.07129811813635	46.965881756548853	3.6709929523644081e-005	-6.1879410656557736e-006	-1	
113.60173910641568	-165.78276805538729	8.8509732556762771e-005	-1.1626489398286714e-005	-1	
115.1025687864383	-174.62430496753507	8.9872957058891322e-005	-1.1726708641294254e-005	-1	
122.26974560231501	-149.91665096777641	8.4259848404665797e-005	-1.1261343275312682e-005	-1	
121.86232718476057	-159.00780683030044	8.6089674121980495e-005	-1.1408472679398818e-005	-1	
92.662554534691893	-221.99035655870512	0.00010058844708735383	-1.2590623940350561e-005	-1	
105.57332353487941	-211.77346012768766	9.7071488898895278e-005	-1.2298016549687146e-005	-1	
105.34611411047997	-221.29984991924084	9.8342632481746855e-005	-1.2392511042296621e-005	-1	
111.43452653801717	-204.26013689897232	9.5100157851205015e-005	-1.213512457836304e-005	-1	
121.23405900413623	-183.54220356120578	9.047956656671684e-005	-1.1755452812972075e-005	-1	
125.442168744013	-193.51295579129726	9.1420754214442692e-005	-1.1817050932839254e-005	-1	
87.162176498976947	-230.32204289423802	0.00010255712872876563	-1.2746353917448291e-005	-1	
85.110724701111991	-240.48715501993101	0.00010401771728669134	-1.2854772928772504e-005	-1	
68.310117135489861	-265.06800659463812	0.0001093170462504864	-1.3265475581587452e-005	-1	
61.553660469662631	-272.13361573186967	0.0001110972594765766	-1.3403361324938894e-005	-1	
79.964483466304344	-257.34150092555012	0.00010655149946513753	-1.3045167763670629e-005	-1	
89.200174340986564	-250.01681192088	0.00010424538956580887	-1.2860088115224966e-005	-1	
57.546796808580076	-281.27472139784237	0.00011243974453722107	-1.3503272463018614e-005	-1	
-13.37540250225492	-363.72831052382827	0.00012734013312566781	-1.4623024283033665e-005	-1	
-7.2521600345013715	-363.92577827051372	0.00012628983243605723	-1.4544229352296156e-005	-1	
-4.0967635363541106	-357.71368843068575	0.00012576593276408807	-1.4505022098000395e-005	-1	
1.9105786367004844	-354.18403869530766	0.00012472696107902983	-1.4426810535675399e-005	-1	
12.251048600574862	-348.37986785011213	0.00012290159293139533	-1.4288884354318228e-005	-1	
21.617792671513058	-343.26305446222108	0.00012121615723211978	-1.4160768764068454e-005	-1	
28.992855774955046	-325.12842057651415	0.00011955458896270909	-1.4037595439723164e-005	-1	
29.239491491560337	-335.0089863005955	0.00011973792356640363	-1.4048768320162675e-005	-1	
45.394076802481912	-305.00911359009103	0.00011590877293730531	-1.3762206038162121e-005	-1	
38.895186148972634	-311.80322436695729	0.00011735651705450126	-1.3872296413773752e-005	-1	
55.543076034500672	-291.05224011449565	0.00011337581590612155	-1.3570278183669617e-005	-1	
54.730639637604391	-303.90271610256224	0.00011417687543932543	-1.3625543123351712e-005	-1	
3.1264038788608559	338.01635062564355	0.00010638596550296968	-1.2378342747837269e-005	-1	
50.754357405753197	273.72226333282629	7.9873010397265405e-005	-1.0400482350808386e-005	-1	
59.870543140911082	253.40037669178281	7.1759848003987846e-005	-9.7740308636517357e-006	-1	
60.81670280023534	264.93978580596968	7.4599988554576043e-005	-9.9742291626163798e-006	-1	
26.709598712124453	326.1917705387238	9.6110116129895102e-005	-1.1608484722755388e-005	-1	
30.705339295768272	321.25115507817515	9.4226207004271054e-005	-1.1466105648318966e-005	-1	
18.123992958411336	331.32582368331538	9.9834160703541627e-005	-1.1890297063653017e-005	-1	
24.201680887404038	332.030089828146	9.738917015673782e-005	-1.1704017919887915e-005	-1	
15.375402502254936	337.72831052382827	0.00010114113297936249	-1.1987619196327057e-005	-1	
9.2521600345013848	337.92577827051372	0.0001037357512207796	-1.2181788284019413e-005	-1	
47.24151385680058	296.90278811457176	8.5362532081585972e-005	-1.0795181062278612e-005	-1	
45.698461245709851	308.19179626815304	8.7370755876209387e-005	-1.0939232205715568e-005	-1	
39.283345995968538	315.96305635690834	9.0509394332606848e-005	-1.1180194958163377e-005	-1	
54.290974918152287	286.94831248552782	8.134630421593676e-005	-1.0484180947207249e-005	-1	
82.095838259895913	213.24331997760527	5.3931440517959027e-005	-8.2561150957845167e-006	-1	
86.435910784976926	221.92421655686303	5.6537823940582365e-005	-8.4475192192131367e-006	-1	
77.583984320227742	237.91511775697489	6.2956637453040723e-005	-9.0130479173465839e-006	-1	
85.162552290730062	231.54569009722371	5.9778641713644241e-005	-8.7205332490483736e-006	-1	
71.04182974114913	249.02473234975284	6.7638877682247659e-005	-9.4075841894195545e-006	-1	
31.107068533853067	148.57766874903757	-5.2700677829328793e-007	1.4529532024484986e-006	-1	
32.630368719653319	148.59798486503581	-8.6208077588655445e-007	1.9173918419382715e-006	-1	
32.694275476235369	146.98757226471494	3.5751143258639068e-007	-6.5406303061331925e-007	-1	
35.49764763941053	150.6789846362075	8.6051300384322908e-006	-7.2714347015742968e-006	-1	
35.868558710317735	150.36062126396405	8.5804260865009167e-006	-7.1995875346350837e-006	-1	
34.425114570547208	150.79439082610514	7.8182379544029592e-006	-7.5511635946651738e-006	-1	
34.934339792351849	150.62250008352117	8.1324091852736306e-006	-7.4382903725937513e-006	-1	
36.43017410333163	149.76169125252255	8.396191100822716e-006	-7.081655576902263e-006	-1	
33.835758756120882	150	6.5795419649335112e-006	-8.0209571664706655e-006	-1	
34.10862777834766	150.36000290699218	7.1588656870884818e-006	-7.784030989393379e-006	-1	
33.474023515348428	149.40710340775428	-1.9931929768913372e-006	2.5723647641795509e-006	-1	
51.40819021593299	138.94848957902911	1.2741345331019076e-005	-4.5011163032605638e-006	-1	
60.230739103218177	139.23954167852131	1.7255234586317961e-005	-4.6440459685741619e-006	-1	
46.06214386029891	139.63161182001414	9.7204649205658385e-006	-4.5894920376134336e-006	-1	
42.150375484369782	142.94465099752438	8.2365558699178889e-006	-5.170177224867956e-006	-1	
41.0361710075533	145.78582446756064	8.9006237598311463e-006	-5.7410338321203944e-006	-1	
36.451958223096455	149.17347773172841	7.8268525212609654e-006	-7.0795052016248921e-006	-1	
36.858166076464542	148.27206718235459	7.2382644614580046e-006	-6.915695119591929e-006	-1	
37.971880147700936	145.83146234220479	6.080418040340473e-006	-6.2000531710568916e-006	-1	
36.754481527148279	147.19040146318483	6.0693614420304622e-006	-6.8107526629722715e-006	-1	
66.527620593961998	131.83433196893122	1.745935453054726e-005	-4.1897401374321673e-006	-1	
90.43162469490693	163.70671102606255	3.5981554506667234e-005	-6.4386233459526147e-006	-1	
85.609649911680492	140.82229359032112	2.7488193881645505e-005	-5.3344302163084035e-006	-1	
75.560365481334614	129.252520462853	2.0468392083113966e-005	-4.3552395301991038e-006	-1	
93.97491998288892	146.0979858867824	3.1378984801050959e-005	-5.7595384939378936e-006	-1	
97.859299768232205	155.19316407384463	3.4842306096096606e-005	-6.1857049590690533e-006	-1	
98.9811529972107	195.3097965711375	4.7426074648763092e-005	-7.5654030714526072e-006	-1	
91.804483253227048	201.94423839439054	4.9552975948961805e-005	-7.8108250069613097e-006	-1	
101.11532197972416	185.77220097924871	4.4509404507259703e-005	-7.2636092694053907e-006	-1	
97.77436640814787	170.11291280064685	3.9293246340157851e-005	-6.735494382252666e-006	-1	
-8.3126624674068772	129.6210038087977	-1.583730131250977e-008	-5.1484799045821921e-008	-1	
33.590912673540402	143.72271306688549	-2.0123783488474868e-007	1.6734125944706391e-006	-1	
33.837332171179682	145.58406960032826	-4.2257449971756536e-007	1.1035826059404694e-006	-1	
35	142.481808711257	-1.7961901806355225e-007	-5.1696866981245863e-006	-1	
35	140	-1.0643155407876087e-006	-3.9624429022805597e-006	-1	
32.651778919325125	138.75909564437148	1.9444269271114399e-007	7.9142341371016383e-007	-1	
31.455398089559992	135.09986104569839	-1.8149825281138587e-008	-2.1585080607595043e-007	-1	
24.053404355628505	131.76142383419941	7.5744370791674552e-008	1.1809934494089702e-007	-1	
26.383510889071253	132.05516276348652	5.3847391081913057e-008	1.1831613223020501e-007	-1	
29.826163248277389	132.99427187303979	-1.0990984638695147e-008	1.2100578482724336e-008	-1	
28.560714202105284	131.76063603947557	3.7393964309821166e-008	1.5209615752628431e-007	-1	
22.5	130	-2.1219271069414779e-007	-2.2043695587556242e-007	-1	
19.393191288742997	130	-1.5082287521826808e-007	-8.5871658860276234e-008	-1	
11.222179427304319	131.07886348205551	-3.9759237764733605e-009	-2.4577021549344667e-009	-1	
12.79122277732187	130.90298212257665	1.4109458997140453e-008	7.310844492210571e-009	-1	
11.71592924908521	130.64868192873763	1.6433942737158965e-008	8.0536448531313938e-009	-1	
13.956276044043246	130.86904242937354	2.4231782709591623e-008	1.4930478731651309e-008	-1	
14.732978221857497	130	-8.4142403599463646e-008	-4.8040274510029957e-008	-1	
16.286382577485998	130	-9.790467035432841e-008	-5.7056236215785628e-008	-1	
-8.5913928249976035	128.97826784301634	1.4078770712616865e-007	5.4672942371400293e-007	-1	
-10	126.49428266721375	2.5546198050118964e-006	6.7324333678860241e-006	-1	
-10	128.21075875612087	2.3184016157573361e-006	7.2253334743927024e-006	-1	
-9.5321837582982631	128.77937817364906	-3.8648477259650999e-007	-1.8044400035462672e-006	-1	
9.357751097981053	130.02648342728961	7.7374676158027943e-011	3.2020043492524925e-010	-1	
9.3184907258049829	129.54838314980825	-2.7034563388755401e-009	-2.0433864437677409e-009	-1	
9.5321837582983111	128.77937817364906	1.219992184138775e-008	6.034877019876737e-009	-1	
10	123.06133048939951	-5.0864250524946212e-008	-2.9530090845139342e-008	-1	
10	128.21075875612087	-6.7502815232034349e-008	-2.3776695685541663e-008	-1	
11.52483834592395	126.64832450068197	-5.6242911287467204e-008	-4.5359857718021876e-008	-1	
11.121646934396892	128.12693788941112	-6.4087406806627411e-008	-3.5943912996914368e-008	-1	
12.054865492816228	124.65946873350411	-4.0952834180689541e-008	-6.4634171212952891e-008	-1	
9.9337310717696514	130.3123531553025	3.7671159381474707e-010	-1.1354889920331194e-009	-1	
9.7026095887038064	130.06353228998441	3.7326941695165891e-010	-8.7190844322136072e-010	-1	
10.361461425941346	130.51349667980395	-1.558879767501281e-009	-2.4550216034740719e-009	-1	
10.134577943232946	130.29296022819221	1.9072070635100729e-009	-2.8014088446703072e-009	-1	
10.749184928994932	130.60534143623701	-2.8159597594703989e-009	-3.2618734281126809e-009	-1	
-10.655291788332681	130.21810888047631	2.1280397586489329e-007	-1.4411799762848181e-006	-1	
-10.849467332786244	130	1.993171072396316e-006	7.5482341171397376e-006	-1	
-11.10333753654308	129.57919532718651	1.7285744768157423e-006	7.6900472407133173e-006	-1	
-10.364028471652338	130.19710159214975	3.0930641890071852e-007	-1.3857491608123111e-006	-1	
-10.134577943232946	130.29296022819221	-3.4946857644322808e-007	1.1851639631714816e-008	-1	
-9.6191220716341341	130.38087792836589	1.1218939080984815e-008	-4.1455933821502942e-009	-1	
-9.9337310717696514	130.3123531553025	-1.1477394677379059e-007	2.636887348401494e-008	-1	
-9.3782718302844135	129.93419861177412	5.5565229099768171e-008	4.8209821401054954e-009	-1	
-9.013189701190786	129.61314704873962	3.3006667079880601e-009	-1.9671113748454916e-007	-1	
-11.636085158994026	128.5531688871076	8.1051998171899562e-007	7.9572810234717087e-006	-1	
-11.080631543244518	129.04755687977803	1.4891716624909727e-006	7.7173822327028298e-006	-1	
-11.229179719190711	127.93077337812289	8.8037163040660374e-007	7.7323115959321042e-006	-1	
31.600777588000753	103.78366831668984	2.1403976264856459e-008	-5.0655420188600516e-008	-1	
32.828597951094061	102.33102252448866	-5.9682365079015148e-009	-5.6753920318301395e-009	-1	
35.675559570023168	100.85006634137869	1.0309035895051283e-009	8.9845182214311534e-010	-1	
30.199085968615769	108.7076569632285	1.6402965833620924e-007	-2.0614495773678722e-007	-1	
30.432202074949839	106.33294016517389	8.1325728942569703e-008	-1.2524375859847335e-007	-1	
31.727424615242033	105.5528867149565	3.4596542631394864e-008	-6.9022419003866181e-008	-1	
30.389979784126766	110.2103806808973	2.4673698441243031e-007	-2.7485383284078918e-007	-1	
29.231537219586567	112.03376888102707	3.5920181840775924e-007	-3.755452494311381e-007	-1	
28.710005779834233	114.85260255473776	5.0906914372593255e-007	-5.146721214780492e-007	-1	
41.55290449651531	89.465947835173907	-5.3639820761215086e-010	-4.2390746702579135e-009	-1	
38.375856023294759	81.522378282743873	-3.1797785309308619e-010	1.3099678680695627e-009	-1	
42.395377960062113	84.560955731679442	3.0438272104018748e-010	-6.7518951841309704e-009	-1	
38.109921799976988	101.29375981329176	5.3154140292176078e-010	-1.0031539347785816e-009	-1	
42.858349932081538	100.45762886722117	-1.2354724981043978e-009	3.0773619877921294e-009	-1	
44.607876076786368	96.207243589438932	6.1136526268473866e-010	-6.883600385698497e-009	-1	
36.116842242070149	77.602313482077307	-1.8941402689785599e-011	2.3632740157665846e-010	-1	
22.341795170807476	122.91075674747376	1.9026979729110429e-007	-4.3706505838007353e-007	-1	
18.069639882675361	124.2970859832066	3.4023445740366776e-008	-2.2937632463257097e-007	-1	
14.962766954047908	125.03677120631434	-1.9351439254326457e-008	-1.277136338367034e-007	-1	
29.156299824830985	118.87956324463505	7.3128529331547785e-007	-7.5420141747557731e-007	-1	
26.653110756046576	124.8895991147089	4.0643180014976865e-007	-7.6143127638553719e-007	-1	
33.887778350503162	75.358295481838837	-6.9093346635642125e-010	-1.1424134343264526e-010	-1	
30.775761566190777	72.189731001014437	-1.0888457389241752e-008	-9.3513195775498399e-009	-1	
30.499260947479943	71.592125436498989	-1.5824574718200762e-008	-2.4734195023633269e-008	-1	
31.233137555697386	71.551939784970187	-1.6845842154630305e-008	8.6620198607456525e-009	-1	
30.544303402839045	71.119356131227136	-2.6752833484850097e-008	-3.2104855983001408e-008	-1	
30.38387059770173	70.676374321867669	-1.6823188307169687e-008	-7.042526140535314e-008	-1	
30.292683407557409	70.36581085308265	1.0170435856877183e-008	-1.0359434261465915e-007	-1	
30.006341901127733	70.07248826158893	9.8337534618535308e-008	-1.3519907151616275e-007	-1	
30.165825011787749	70.139143706231081	5.9591874143428256e-008	-1.2829460802371473e-007	-1	
52.668921180018309	65.274954158753232	4.5700709456780537e-006	-1.2725070429544177e-006	-1	
47.943778328326381	66.33892979168904	1.8010026231337508e-006	-7.086053120716397e-007	-1	
47.191139091458524	66.880748786262444	1.2767170797583848e-006	-5.7109338628686683e-007	-1	
48.844634449659949	66.559138539038884	1.900602209541513e-006	-7.630959426010379e-007	-1	
49.601851510546538	66.080134339771135	2.5433835896724905e-006	-8.9806258910908435e-007	-1	
51.046453029471799	65.804314889180404	3.4297449560612926e-006	-1.0684949591561548e-006	-1	
44.906676340581718	68.695834809348995	6.405932392505192e-008	-2.1364281669811894e-007	-1	
44.106217417885517	70.011923045988937	-5.6395289839122135e-008	2.4837548288663596e-008	-1	
46.699430606835968	67.83043872595745	5.8353748476918197e-007	-3.937224097443759e-007	-1	
46.142858680497781	68.58768286855539	6.7015595717376617e-008	-2.5169596235542151e-007	-1	
31.033104049379254	70.295211239835865	-2.0527133888363081e-008	-6.5563141127932506e-008	-1	
30.550333625757105	70.398786800388706	-1.6643508585673965e-008	-8.3154661561417772e-008	-1	
30.07248826158893	69.993658098872274	1.0196536127928718e-007	-1.379019125379856e-007	-1	
30.912234001211313	70.804516199345571	-3.6732562361361594e-008	-2.4808607470631955e-008	-1	
43.98349754091209	74.260311788587799	-1.6951679616156914e-009	-1.2093918396631586e-009	-1	
44.498976934942235	71.501407082596032	1.5560006581637944e-008	3.7610463058119162e-009	-1	
40.636547897254268	77.603280994311092	-1.1349151668215569e-009	-1.3850936684566373e-009	-1	
30	70	1.1306456357220903e-007	-1.3813921276425807e-007	-1	
29.389032397442936	20.904230297929491	2.5985462684464417e-006	-3.2983952161615026e-006	-1	
132.43888694518202	-142.1262559802048	8.1506024584346537e-005	-1.100263098011428e-005	-1	
139.64492686353836	-130.75084758864273	7.8455200478347715e-005	-1.0723157166479784e-005	-1	
154.31926966855869	-68.219692003377389	6.390217482326696e-005	-9.3433359162903894e-006	-1	
156.70564762671526	-80.755272506239578	6.6690964458439056e-005	-9.6059291739238246e-006	-1	
142.98808425173621	1.1146490582919277	4.7489312612273889e-005	-7.5895741993213197e-006	-1	
147.39388320224012	-7.4197436019880012	4.98348249679206e-005	-7.8517612181433185e-006	-1	
146.20543602788118	8.7208095223853288	4.6487865169929104e-005	-7.4417525936582741e-006	-1	
153.29038702005525	-15.505463304444666	5.2168339695495683e-005	-8.097294669531528e-006	-1	
158.59479233631885	-46.205341820514668	5.9120039065949182e-005	-8.84074264095441e-006	-1	
167.12087630503549	-40.185993963893416	5.8252473372880835e-005	-8.7184856354739837e-006	-1	
171.12668978285149	-31.363972282382278	5.6744815314932813e-005	-8.5417607046383036e-006	-1	
166.87693119043638	-22.656839569812707	5.476569619350309e-005	-8.3374292574577567e-006	-1	
162.6589551047023	-14.188474622196683	5.2811847256467919e-005	-8.130480449237647e-006	-1	
157.54889537080743	-60.022924600373372	6.2100606224150623e-005	-9.1520279235957339e-006	-1	
158.82496708426194	-90.788409917837953	6.882699422563694e-005	-9.8017741323638367e-006	-1	
157.57516253577217	-103.31858906574014	7.1507153765759299e-005	-1.0054437669104399e-005	-1	
147.56608717647589	-124.67413579775427	7.6546568712067791e-005	-1.0534573310036422e-005	-1	
156.65462100665729	-120.96049417479044	7.5153307623664284e-005	-1.038561037856968e-005	-1	
162.67779305532707	-113.20717361142634	7.3249237626641254e-005	-1.01985350029442e-005	-1	
29.514357250404519	20.304924635617358	2.5542316078183435e-006	-3.4410178703577194e-006	-1	
29.617008756120882	20	2.5606967292715395e-006	-3.5182866926468975e-006	-1	
29.740329437342556	19.610051675407661	-1.2084161417400478e-006	1.2671650184796081e-006	-1	
30	19.306782667213756	2.8635021322809145e-006	-4.111287564044261e-006	-1	
55.248960731450104	70.795870983297021	4.2838592276431405e-006	-1.1107657373239024e-006	-1	
55.525318164426025	68.33954205422954	5.1597321473594602e-006	-1.3166101162536058e-006	-1	
56.65016700920301	76.581379470246588	4.1917202759293468e-006	-9.9138952828571085e-007	-1	
54.178586452155393	66.070904187686864	5.1092156084496974e-006	-1.3519279878984295e-006	-1	
61.521672525068126	81.809647290056404	6.7371021950088717e-006	-1.4357197168270828e-006	-1	
29.935287577041755	20.627682156712297	2.8872243485201361e-006	-3.4883897033176305e-006	-1	
30.381866097816488	20.381866097816488	3.1247748400990651e-006	-3.6585030782845964e-006	-1	
30.293790453855149	19.863839524217038	3.0422540204746478e-006	-3.8449575849436564e-006	-1	
30.312353155302503	20.066268928230361	3.0613576071013904e-006	-3.7577020843886233e-006	-1	
30.112379052162659	19.772121800574446	2.9713899849521622e-006	-3.8767728015810949e-006	-1	
30	19.617008756120882	2.9359411849610546e-006	-3.9637334853891194e-006	-1	
129.64686224384229	56.292596485387598	3.6027258040225085e-005	-6.0629346463830949e-006	-1	
115.58137590195646	79.987802827950347	3.0445090375317799e-005	-5.2682773305339617e-006	-1	
106.73963574974468	87.088226142135426	2.7523364833219717e-005	-4.8596542063144571e-006	-1	
126.55778596732972	80.714746880079261	3.360255160185418e-005	-5.6920802395809927e-006	-1	
131.57093221595804	72.430060404174355	3.5238701343873823e-005	-5.9162544033548681e-006	-1	
82.837681465523801	92.482805738574655	1.8008993133473094e-005	-3.4268822694123819e-006	-1	
91.418434330507353	98.168120795040267	2.1965030649511104e-005	-4.0652681794156862e-006	-1	
73.878558265268836	93.432383003359774	1.355908392730947e-005	-2.6928883140706572e-006	-1	
69.771821840667485	85.413511422021386	1.1365105351464811e-005	-2.2818482243267831e-006	-1	
101.70981383407586	97.969035550162928	2.5942201435519408e-005	-4.6493859090147726e-006	-1	
151.29183529829101	16.027493386867093	4.5968303597085539e-005	-7.3450915270102818e-006	-1	
145.22859554789821	38.740897099717266	4.1519274935757774e-005	-6.7726775275255457e-006	-1	
151.8627751426572	30.663942151020205	4.3791872040054589e-005	-7.0510184231553335e-006	-1	
140.53704275087645	49.656478141203401	3.9240760339946837e-005	-6.4712616058530551e-006	-1	
124.39641794791079	-169.38642904163663	8.7640416217657949e-005	-1.152371813827924e-005	-1	
131.11289231337571	-154.86766202310324	8.4152543722735106e-005	-1.1223897706891468e-005	-1	
96.823805100217314	-230.71896516778227	0.00010089519920881922	-1.2601017775664184e-005	-1	
116.70662694292758	-220.9232689598872	9.6488992503333441e-005	-1.2226525570349234e-005	-1	
113.03773649200517	-231.68162886715393	9.8339099580350593e-005	-1.2373921650803953e-005	-1	
127.34297018883403	-203.19380564386935	9.2551073593791748e-005	-1.1900184338984857e-005	-1	
125.83986701939421	-214.15666044891373	9.4243640350066604e-005	-1.2034504734029208e-005	-1	
130.06017207951459	-177.75335078704859	8.8311495647295073e-005	-1.1560943988581022e-005	-1	
132.34203333904927	-187.59594188641574	8.9569374521842137e-005	-1.165456704811013e-005	-1	
134.51698380240057	-196.4214036569048	9.0595903852439178e-005	-1.1730942017759895e-005	-1	
99.150010268877665	-240.10477275332542	0.0001015330804523023	-1.2641207520367337e-005	-1	
79.722036433039094	-267.2696733280186	0.00010742351750420932	-1.3106364481489491e-005	-1	
70.290267811159268	-276.52044047396248	0.00010979405630887785	-1.3292672960627241e-005	-1	
91.631367022696693	-261.55103738652019	0.00010488168255885181	-1.2899802052563224e-005	-1	
97.440484274644731	-251.01388608879861	0.00010292969839448423	-1.2746451432150756e-005	-1	
66.190849823373824	-284.98834688045275	0.00011109362698323577	-1.3391131698704516e-005	-1	
-1.1264038788608417	-364.01635062564355	0.00012525520569852471	-1.4466289470319808e-005	-1	
5.0000000000001243	-364.00000000000108	0.00012422156732001805	-1.4388092752676203e-005	-1	
7.9366755069759698	-357.68157264777625	0.00012370743315747926	-1.4349271851207528e-005	-1	
16.819115102021826	-352.79669843087333	0.00012216249425128255	-1.4231956363781362e-005	-1	
31.360995447715084	-349.67628557915799	0.00011966995479010488	-1.4040717791619365e-005	-1	
25.708155950070875	-353.28941277013274	0.00012067229334861647	-1.4117588945254645e-005	-1	
43.109732960845889	-320.25488120611288	0.00011689385604266066	-1.3832218572284299e-005	-1	
38.321081282392711	-328.3950116263681	0.00011798878704352342	-1.3914848379704549e-005	-1	
38.241356270944905	-341.73106667901607	0.00011835224428103681	-1.3939863585887613e-005	-1	
51.593441514237526	-316.10523093923177	0.00011525810645812397	-1.3705198800010371e-005	-1	
71.232046412334967	-292.93170912191607	0.00011069281826461441	-1.3352635605902719e-005	-1	
67.38354170298328	-301.51548855940513	0.00011184210218484224	-1.344007256668359e-005	-1	
65.630358947305638	-310.7577073489901	0.00011261128980478512	-1.3497033315758939e-005	-1	
63.77111145934888	277.96492211322391	7.6655156394925998e-005	-1.010812859539773e-005	-1	
76.173600484768997	259.8694931469085	6.929925400519035e-005	-9.5095329398140041e-006	-1	
72.793466633611757	270.85077848293383	7.2655104292837253e-005	-9.7764574926679701e-006	-1	
30.212991795133306	331.49288936843465	9.5014074772037434e-005	-1.1521826966501083e-005	-1	
36.121146362804524	329.95773656267869	9.2692008216921636e-005	-1.1342355422617677e-005	-1	
41.676083454489671	325.75187622904485	9.0399631680365932e-005	-1.1164557044517714e-005	-1	
21.494266083148645	337.42400753617585	9.8637630602673782e-005	-1.1798471654394602e-005	-1	
27.606886912061015	337.0129620011943	9.6220713795503279e-005	-1.1613973885163366e-005	-1	
57.253537156811632	302.34173156824494	8.2709271950352181e-005	-1.0568281071871276e-005	-1	
57.340082990189316	315.29300741748699	8.4145734408829582e-005	-1.0671438215505355e-005	-1	
51.241041031620739	320.65110467374978	8.6660966881287762e-005	-1.0870452179435597e-005	-1	
65.844663649401866	290.85967580362296	7.8361028951863128e-005	-1.0223863307194743e-005	-1	
93.041480123330686	214.74378594468527	5.3693512878614838e-005	-8.1700171707204116e-006	-1	
95.234495977159995	226.02044574461956	5.690476366760136e-005	-8.4366233523004043e-006	-1	
82.741074057342018	246.36548618916041	6.4428280564644353e-005	-9.1051867650162078e-006	-1	
96.274835133977248	239.85954858095147	6.0515399784476492e-005	-8.7350851351267386e-006	-1	
83.703438321890857	255.18251796112457	6.651962440076123e-005	-9.2651143242086948e-006	-1	
33.784379663914329	148.78422388080858	9.315514950709259e-007	-1.3312138236545389e-006	-1	
34.092290430585031	147.75565222267815	-5.2946963190133647e-007	6.7844697495759327e-007	-1	
34.281081836318101	146.82497395595675	-1.0779122537112758e-006	1.9105696403389817e-006	-1	
35.380143794376323	150.38014379437632	8.2715524887275168e-006	-7.3345967591949343e-006	-1	
35.627682156712289	149.93528757704175	8.0372609319397559e-006	-7.2912673886101075e-006	-1	
34.551714317084851	150.27206022381895	7.5593319740005285e-006	-7.6515020886804244e-006	-1	
34.866616801833764	150.29233344297066	7.8449127840218118e-006	-7.5218435063363557e-006	-1	
35.06626892823035	150.3123531553025	8.004512776192589e-006	-7.4415088856130847e-006	-1	
35.904230297929509	149.38903239744292	7.6700310380962733e-006	-7.2383178249606193e-006	-1	
34.10862777834766	149.68933767728316	-1.987897253328073e-006	1.2978497945882753e-006	-1	
34.381496800574439	150	7.239898539050848e-006	-7.8116912046927984e-006	-1	
34.365471040424268	149.16715031785171	1.3693104596953716e-006	-1.0174370291357325e-006	-1	
53.246470163608372	133.84120234384091	1.1880105675417525e-005	-3.9454598760753735e-006	-1	
47.912341191219049	134.84655013175256	9.3125748766798408e-006	-3.9413880662179142e-006	-1	
57.822131443079712	128.30294562683483	1.2266759561143648e-005	-3.5132963018583276e-006	-1	
43.219364035425983	136.91923219589484	6.9051371940148233e-006	-4.1503241084433223e-006	-1	
40.960625446271273	140.13427501736791	6.0251603531899531e-006	-4.6648629158544287e-006	-1	
39.124676941271694	143.34323176636542	5.5760292299787937e-006	-5.4044621177375304e-006	-1	
36.011626043541241	148.78286633203922	7.0896403198208513e-006	-7.2193442223680402e-006	-1	
36.187419555453808	148.11732753038325	6.5034785838549082e-006	-7.1400804884300301e-006	-1	
36.164237548313451	145.58406960032826	3.883546243834022e-006	-6.5745770899803982e-006	-1	
36.408756141917536	143.72271306688552	2.6851515526661115e-006	-5.7673841878304518e-006	-1	
35.71639119738542	146.82497395595678	4.6345086136157989e-006	-7.1216276885402116e-006	-1	
35.537463232834654	147.75565222267812	5.4915771030435491e-006	-7.38871700909108e-006	-1	
65.759008736210717	122.47134811412309	1.4214580028973327e-005	-3.3915411124227017e-006	-1	
103.40833438976564	162.68486906671242	3.7981548281819408e-005	-6.5197144608994126e-006	-1	
86.869646895007278	129.65121920810148	2.4915645201676643e-005	-4.8287809368908564e-006	-1	
95.948163805918412	136.40690847577838	2.9475405258628754e-005	-5.4195806137440571e-006	-1	
71.35003539745793	118.10245261314159	1.5707721957860882e-005	-3.4312840132770196e-006	-1	
83.239575929172076	118.9329454867364	2.1164312626828595e-005	-4.1732009764225562e-006	-1	
102.26900731134464	145.55813866496135	3.3318489156761668e-005	-5.9138055164863605e-006	-1	
107.58055121094631	153.79363668125967	3.6441144445308998e-005	-6.2825987726307151e-006	-1	
100.83946905574298	204.51881908122417	5.0243221927798356e-005	-7.8210139398727667e-006	-1	
108.65671012622394	193.92994108466797	4.7261658125109281e-005	-7.4959581276016239e-006	-1	
107.47115768359734	171.07598912390594	4.0824828425443195e-005	-6.8223026323320091e-006	-1	
113.6170425962009	183.98929922455523	4.4865995341165627e-005	-7.2248163549836472e-006	-1	
35	144.96361742251401	1.7717646851255703e-006	-6.7132504851956837e-006	-1	
35	146.20452177814252	3.1426414245927462e-006	-7.2514761355173341e-006	-1	
37.277409214555881	141.31645259940046	2.5419155188371916e-006	-4.8395838395253194e-006	-1	
37.345033193663518	138.75909564437148	2.0661844740087558e-006	-4.2129673136454015e-006	-1	
35	137.518191288743	-5.7754195382178323e-007	-3.6908193120748854e-006	-1	
33.59761790365198	136.27728693311448	1.5714431235196773e-008	9.9591509850806581e-007	-1	
33.802241996527705	134.41593039967174	-1.0177618653244194e-007	5.1649741586715622e-007	-1	
32.066719288753475	132.73306493203279	4.2632512206788455e-008	-9.3637917992556011e-008	-1	
25.606808711257003	130	-2.5368653323589085e-007	-5.0412446442220123e-007	-1	
27.160213066885504	130	-2.5386086938965109e-007	-7.0721975153702709e-007	-1	
31.202545718250629	131.68081983534651	2.8659428456007992e-008	-1.1528554141685326e-007	-1	
30.212129150867497	131.1313131292647	-1.416163468104341e-008	2.9367753676487496e-007	-1	
28.713617422514002	130	-8.1326889691764706e-008	-1.0106424161056983e-006	-1	
20.851144034743818	127.14763988798104	-2.2603780355823537e-008	-2.8185561622711223e-007	-1	
24.053404355628505	127.06329977003223	5.8258504749610665e-008	-4.980731743084869e-007	-1	
17.8397869331145	128.24002847482859	-7.3958725658044004e-008	-1.3292362803535987e-007	-1	
11.102133099774511	130.42042912499804	1.9575599888612816e-008	1.0755335739703609e-008	-1	
12.402871688414745	130	-7.2682415724659621e-008	-3.384906772993753e-008	-1	
13.179573866228997	130	-7.4941477062249754e-008	-3.9308766783792908e-008	-1	
11.626169510600494	130	-7.0459294821051671e-008	-3.0495793617323701e-008	-1	
13.956276044043246	129.12993755007079	-7.1624951616056475e-008	-5.6099354242231278e-008	-1	
15.509680399671748	128.52492916683747	-6.9792725841070103e-008	-8.3582003986077453e-008	-1	
-9.2992758336648382	129.26090870465239	-3.1241972974962292e-008	4.7798199214143525e-007	-1	
-10.472230937903808	128.76521959727324	1.8555517481543861e-006	7.4823905289365932e-006	-1	
-10	129.06899680057444	2.1118557877813323e-006	7.3992093048346071e-006	-1	
-9.7524912483793429	129.28355631168785	6.8877078164766669e-008	-1.5252740384599182e-006	-1	
9.6625525916963912	129.86096591679765	1.1624355830163192e-009	-2.7800726712811307e-009	-1	
9.7524912483793447	129.28355631168782	1.2047481302875111e-008	9.674732015991788e-009	-1	
9.7792368386991129	129.61002382819825	8.6271441251214187e-009	7.3709956131699145e-009	-1	
10	129.06899680057444	-6.8145079594415457e-008	-2.6035798474723226e-008	-1	
10.464121511568743	128.79122771354508	-6.7240088537909848e-008	-2.8553632765594363e-008	-1	
12.982046086650397	126.49707918882282	-4.8697792068982069e-008	-7.1353524694107553e-008	-1	
12.457045204110706	127.86481586571827	-6.0360622586356466e-008	-5.2867586216616071e-008	-1	
10.958194281655453	129.04721169781004	-6.7322123908703108e-008	-3.152245303062374e-008	-1	
11.891234568704428	129.10249709241626	-6.769943702616809e-008	-3.8113248234967209e-008	-1	
9.9069825974165759	130.09301740258343	1.2794557163291414e-009	6.7788338755919249e-009	-1	
10.036382577485998	130.11668424700272	-1.435989653632587e-009	1.1904079507666226e-008	-1	
9.8833157529972784	129.96361742251401	-1.0626962961033897e-009	1.1472622233605432e-008	-1	
10.364028471652338	130.19710159214975	8.7730388395311362e-009	1.0298680991529635e-008	-1	
10.655291788332681	130.21810888047631	9.7010285189089777e-009	9.804677353597658e-009	-1	
10.169852927198773	130.09428655881274	-7.6832228940450572e-009	1.7019136029676228e-008	-1	
-10.461116243879118	130	2.0799232074719903e-006	7.4408993209265942e-006	-1	
-10.655291788332681	129.78114002389279	1.9677675771829693e-006	7.5209596608514835e-006	-1	
-10.79715627775165	129.49788650877031	1.8220669675879211e-006	7.5934531341601983e-006	-1	
-10.169852927198777	130.09428655881274	1.9135014530337607e-006	-4.2504023149896836e-007	-1	
-10.266940699425557	130	2.121153338509487e-006	7.3931788238489673e-006	-1	
-10.036382577485998	130.11668424700272	1.0866455564532759e-006	-6.2557337602544971e-007	-1	
-9.687646844697495	130.06626892823036	-1.1220239578502294e-007	2.1525677976289778e-008	-1	
-9.9069825974165759	130.09301740258343	4.7365489473685813e-007	-5.4100768762305247e-007	-1	
-9.7078835911728536	129.86703050091813	-3.6773530816279715e-007	4.7275347956962266e-008	-1	
-9.4960442431803287	129.66980883824985	-9.0017736230747605e-008	3.3294377045934536e-007	-1	
-10.580779979056146	129.25438084208491	1.855768111003967e-006	7.5369858485073782e-006	-1	
33.04569457032224	104.8124482370194	-8.693078463789319e-009	-1.1548335343043726e-008	-1	
34.800825046999087	103.16476348741611	7.7540601353941674e-010	3.6524255010254696e-009	-1	
36.418994370847713	103.21021211242058	4.830864653388716e-010	-2.8960290160978468e-010	-1	
31.476405333726767	107.89336324474782	9.2652705345403828e-008	-1.3700538797651014e-007	-1	
31.609692265755406	109.25975196856243	1.5242349797811899e-007	-1.9518271864098897e-007	-1	
32.178226437405037	107.02336000745845	4.0741362840759242e-008	-8.0884752371716994e-008	-1	
33.154242879936334	106.05316109328477	-9.8868511785298076e-009	-1.8733679333752463e-008	-1	
31.221012663614083	111.19191309686772	3.1897528914152785e-007	-3.2543419846085332e-007	-1	
31.933833208160859	110.12144198485126	2.0761260291388693e-007	-2.4054446208376081e-007	-1	
30.74120249172152	112.82971890995893	4.5534566249045786e-007	-4.3343038703581076e-007	-1	
31.352708517138304	115.47495172069659	7.2212260391319573e-007	-6.3267253928779364e-007	-1	
47.135730175958329	86.076795413628489	1.2192685415630494e-009	2.0423451897166596e-008	-1	
47.196097498935487	91.072352368426621	2.228124390439691e-009	2.2794035227477302e-008	-1	
45.805888059202147	80.936437841561172	3.4707487200046044e-009	2.4198590283173195e-008	-1	
39.426626130831387	103.84436128013365	-3.4655225046440401e-010	-3.1571593279366377e-009	-1	
37.743649799920611	104.14070957742908	-2.719431937782823e-009	3.9111332798546961e-010	-1	
44.041294026707916	103.52556891347042	1.8404673931238988e-009	-4.7704085884511486e-009	-1	
46.624628312427859	100.33753742409874	1.1538762591124214e-009	-8.1598556988639041e-009	-1	
49.502454650543143	95.871410674825029	-1.5669527058207514e-009	3.1554383898394073e-008	-1	
15.933749585774381	126.67148406767481	-3.9121746510999317e-008	-1.2597820004932832e-007	-1	
14.163025683955336	127.36403751235511	-5.36436545850205e-008	-8.2356563327486486e-008	-1	
32.810102631287151	118.25576753855707	1.1173673909448506e-006	-9.1193635822721762e-007	-1	
32.781630293485641	121.3952139137638	1.3080479455661098e-006	-1.1579595248523272e-006	-1	
30.129714008594583	122.81250814628645	8.8882572404286791e-007	-1.0194195893281358e-006	-1	
29.660223511402066	126.45187975016017	6.5099956352880679e-007	-1.1406598309320438e-006	-1	
27.160213066885504	128.24016550767436	8.9654692987811595e-008	-7.9340931158046892e-007	-1	
52.189111008127078	66.912759971847663	3.5050502823755303e-006	-1.0746184192271389e-006	-1	
48.230945110105488	67.220728455328413	1.199342742557978e-006	-6.020029370644954e-007	-1	
47.637940756939493	67.879323271974982	5.9194928025186634e-007	-4.3271536880076616e-007	-1	
49.645453653210531	66.975076546491195	1.8956857227824482e-006	-8.0198507143200434e-007	-1	
49.126687106526013	67.416321204270503	1.2777769590871538e-006	-6.8284551068822112e-007	-1	
50.271532266447018	66.675407710072903	2.4569053572116968e-006	-9.0245996162650968e-007	-1	
50.903945905562757	66.961465100351163	2.639000746795189e-006	-9.3908864359947775e-007	-1	
45.619438372419602	69.72385174178639	-5.9952465655189844e-008	3.582219713961833e-009	-1	
47.379041020413851	68.479530927761772	1.2443324442170602e-007	-2.9849756646341876e-007	-1	
47.362982863919193	69.485673589722452	-8.353126538738941e-008	-2.6205478064801744e-009	-1	
45.300201871766532	76.810913255435096	3.4309332829685349e-009	-1.0119032744689288e-008	-1	
45.666473871825936	73.963963491293327	-8.931557781683e-009	-2.3158939336614297e-009	-1	
45.975654003922095	72.283297168181392	-1.9358773621058198e-009	-1.2095632685828965e-008	-1	
46.431152872932792	70.675675305827681	8.3525984784097702e-009	1.3946170290631798e-008	-1	
139.71613658467999	-150.47298978739587	8.234041929198293e-005	-1.1049577531479814e-005	-1	
143.21996935395867	-140.07234307405002	7.9993439901764461e-005	-1.0843057414606228e-005	-1	
154.97992432507462	-129.84012138311169	7.6993391711347467e-005	-1.0552363536951529e-005	-1	
162.93759667919653	-66.366454375496673	6.3551299583450402e-005	-9.2786647111039998e-006	-1	
167.48156430077816	-73.920420778764608	6.5155146770958419e-005	-9.4230228241721442e-006	-1	
168.53652150656177	-87.495831598972956	6.7910193114515039e-005	-9.6868374523774608e-006	-1	
151.24245401649543	1.379996460068579	4.8557088797119739e-005	-7.6745966198597121e-006	-1	
157.19529838252711	-6.4649403037601756	5.0787080388169381e-005	-7.9161096094130242e-006	-1	
165.61445155107722	-57.96737715460084	6.1841730769907457e-005	-9.0976894039329424e-006	-1	
174.56240304350666	-47.503803490058772	6.0007887767524793e-005	-8.8804232910903551e-006	-1	
180.41984117892468	-34.104765105228964	5.7770157521743199e-005	-8.6254493911990203e-006	-1	
178.65932282739004	-22.948671783327214	5.5693891891491268e-005	-8.402886715236361e-006	-1	
178.34758559644749	-11.65882399994611	5.3743434375473589e-005	-8.1831030236670809e-006	-1	
169.04457770045175	-3.8769889590397515	5.1575728359745421e-005	-7.9621389547122666e-006	-1	
168.64639569935173	-102.20111925678182	7.0826899453384348e-005	-9.9611776970567083e-006	-1	
166.30677548244344	-122.75729557219731	7.4870901777556308e-005	-1.0336277759345207e-005	-1	
177.50442436894483	-111.0494398922648	7.2118760569286617e-005	-1.0060127483059052e-005	-1	
176.10328793960647	-119.85855677772676	7.3787891193635331e-005	-1.0216203265681217e-005	-1	
29.772121800574446	20.112379052162659	2.7060026293105923e-006	-3.5573363393449059e-006	-1	
29.863839524217042	20.293790453855149	2.7952225803441615e-006	-3.5487563262438273e-006	-1	
29.846933175511275	19.846933175511275	-2.3254788806593161e-006	2.5264248739003309e-007	-1	
29.927234845028007	20	2.8239144241482134e-006	-3.6394051726183556e-006	-1	
53.211037703127765	69.397016105488618	3.2003708099133537e-006	-9.6277386929939236e-007	-1	
52.977921596791589	71.771732903542087	2.3907948669486217e-006	-7.4983628951659442e-007	-1	
53.581183076048852	74.238743686104343	2.4197468917916635e-006	-6.9467762944274227e-007	-1	
53.020143887615355	67.894292387818297	3.6243168709099956e-006	-1.0727564708334266e-006	-1	
52.793609890469853	76.398152864507395	1.56716153886424e-006	-4.8007627118918764e-007	-1	
54.541973058426322	80.276628783278568	2.4097032472193642e-006	-5.9997902866971827e-007	-1	
60.935453769908342	87.137286270839141	6.0547418054482614e-006	-1.300493013694641e-006	-1	
55.943589618491195	85.185701829352382	2.9680676240742821e-006	-6.9221831217445941e-007	-1	
30.066268928230361	20.312353155302503	2.9322551830803936e-006	-3.6062729127452074e-006	-1	
30.116684247002727	19.963617422514005	2.9680328433073696e-006	-3.7679619945086494e-006	-1	
30.093017402583424	20.093017402583424	2.9437947095351722e-006	-3.6939445269514093e-006	-1	
30	19.927234845028007	2.9385172768061766e-006	-3.7786393521562926e-006	-1	
138.79692866881786	59.054576454972882	3.7940780662853866e-005	-6.286871528470182e-006	-1	
121.70632520337841	90.587606346008769	3.2156139332264214e-005	-5.496869906042265e-006	-1	
112.85884790945222	97.39581385321749	2.9650351355743876e-005	-5.1650053447508502e-006	-1	
137.97586194311515	79.681842791935566	3.6483466102215976e-005	-6.0639929199417187e-006	-1	
132.73790701916394	89.880037635081464	3.5051770377973477e-005	-5.8750735320834666e-006	-1	
140.40170965266674	68.47672732023355	3.7581136703232188e-005	-6.2183460516427156e-006	-1	
83.063982207298153	104.18104493743581	1.8859006908471537e-005	-3.6430710737226435e-006	-1	
96.763120553830973	108.35536868660758	2.4961290617358507e-005	-4.5643141273997756e-006	-1	
71.544022325179199	102.1339648965315	1.2867249788899167e-005	-2.6570573683242534e-006	-1	
62.11829034113358	96.522694371963198	6.751006597454542e-006	-1.4948516060749447e-006	-1	
109.44872190827461	108.02598716242767	2.9229027419273775e-005	-5.1400850001585484e-006	-1	
159.8906551616131	18.938532395513832	4.6772030134615999e-005	-7.406548056936516e-006	-1	
161.36203019573955	2.8778501664346248	4.9585342574784289e-005	-7.7526803540806613e-006	-1	
165.66948278919619	11.937175212623639	4.863616762520005e-005	-7.6176379408482515e-006	-1	
151.27059175609122	47.278210946659712	4.1638882008076374e-005	-6.7544549156299133e-006	-1	
160.85231170669718	43.085110817975298	4.377528869403149e-005	-7.004395749251119e-006	-1	
161.91183330256143	27.788882110314841	4.5802500426704754e-005	-7.2711006201067277e-006	-1	
154.73752359878424	57.145927475783097	4.1365541852337238e-005	-6.696321035930812e-006	-1	
147.28876045780828	62.455986043103664	3.946856500816298e-005	-6.4607839759366313e-006	-1	
139.77225222654761	-160.13351809001807	8.4080523782217395e-005	-1.1193379757089191e-005	-1	
141.31702432871549	-170.99290297738338	8.5776637443982175e-005	-1.1327936320020823e-005	-1	
108.3168623121765	-239.55837168921082	9.9971712926384874e-005	-1.250580582174455e-005	-1	
126.1711594045682	-224.15092940908852	9.5453662496495782e-005	-1.2127462931137599e-005	-1	
122.55123761066521	-233.05543454936748	9.7042746156139246e-005	-1.225638835197621e-005	-1	
116.03844808327335	-244.52896960960152	9.9282903823538096e-005	-1.243886607278709e-005	-1	
136.8983944345571	-205.64854951745923	9.1571529878717558e-005	-1.1802923551962494e-005	-1	
142.03205432784341	-218.62254336337685	9.2573626971307333e-005	-1.1872916682292606e-005	-1	
139.32694419357011	-181.77956798725893	8.7771028431522745e-005	-1.1494487748016784e-005	-1	
146.873869818782	-188.18244830374073	8.7812404210983118e-005	-1.148144980821615e-005	-1	
143.85967997142322	-198.29899935998478	8.9654221416124455e-005	-1.163621887553473e-005	-1	
105.5907879668585	-252.58532314568717	0.00010174363023403959	-1.26425492378429e-005	-1	
91.903960810571988	-272.38197912728583	0.00010573083316928669	-1.2960321052693126e-005	-1	
85.972466616139798	-281.44845490271615	0.00010741122490740797	-1.3092350895898678e-005	-1	
80.39251696992541	-289.48814063641015	0.00010890775827640757	-1.3209387525937684e-005	-1	
97.788955691804532	-266.77998762831265	0.00010430201846548513	-1.284541065083263e-005	-1	
99.828331186565038	-258.96341763627413	0.00010327804488899272	-1.2766651739845692e-005	-1	
11.125185440112221	-363.87673137414527	0.00012320038570166333	-1.4310549279363447e-005	-1	
13.987879650884143	-358.48525973941253	0.00012268981544676129	-1.4271772194889567e-005	-1	
20.019851425972263	-358.28586147502978	0.00012168127882481173	-1.4194729674714103e-005	-1	
31.963549186565494	-356.35806763756761	0.00011968354776515498	-1.4041251135812039e-005	-1	
37.56903364792543	-352.21981544708103	0.00011869276884582397	-1.3964845976295178e-005	-1	
29.474778485227475	-362.86595574622282	0.00012018331903348761	-1.4079570921243524e-005	-1	
23.36443878029176	-363.30962287388462	0.00012118542421344035	-1.415658455209696e-005	-1	
53.569494214451261	-328.54864671346252	0.00011538306379686722	-1.3710625996129932e-005	-1	
45.835049769798829	-339.41304221331853	0.00011702313231133654	-1.3836698138658696e-005	-1	
47.195086365203665	-347.2353001250259	0.00011700626123366085	-1.3834176183735639e-005	-1	
62.815515918687588	-321.83309497963836	0.00011358415083294778	-1.3570147305790428e-005	-1	
80.370779151110483	-299.27445312979012	0.00010952130012214037	-1.3253463691045294e-005	-1	
74.790829504896109	-307.31413886348417	0.0001109022426798756	-1.3361198303044832e-005	-1	
73.591430576042015	-318.02951564665597	0.00011163697153768141	-1.3415968547623711e-005	-1	
76.253568502860645	281.80712949672329	7.3900126489415832e-005	-9.857670719068092e-006	-1	
88.088540049776796	269.54787355024621	6.8737553103295494e-005	-9.4236457942296863e-006	-1	
86.93906252857299	279.90657172647099	7.0922315808559963e-005	-9.597083782299132e-006	-1	
33.711403025473267	336.49529912733544	9.3881835000839581e-005	-1.1433762362026725e-005	-1	
39.805954928641484	335.87117659972552	9.1620877536465267e-005	-1.1257901190151962e-005	-1	
45.888686162016704	335.14078453213233	8.9421487519942232e-005	-1.108533008540298e-005	-1	
48.068803905648302	328.52310564429587	8.8312492238210686e-005	-1.099866106475427e-005	-1	
66.56310996606598	311.34589118553447	8.085496538606263e-005	-1.040493159305184e-005	-1	
74.19869519983628	302.51537037099735	7.758246289084095e-005	-1.0140539595804656e-005	-1	
64.839373745403194	318.40237346038293	8.2060256202713203e-005	-1.0499282033633302e-005	-1	
59.349241667333644	323.15880683204153	8.4183087573153593e-005	-1.0669691359296671e-005	-1	
54.17243960762729	328.61592670894072	8.6247587366820413e-005	-1.0834175231925841e-005	-1	
79.508462882598636	295.21233585334721	7.5175430848605434e-005	-9.9443412463602623e-006	-1	
104.87590290490667	219.77419509065129	5.4385366857794761e-005	-8.1782903258486318e-006	-1	
104.57645830035311	229.87611440194146	5.7025672697177439e-005	-8.4108379209655273e-006	-1	
93.16900018629002	250.72828613324424	6.3687205914113236e-005	-9.0054627392873763e-006	-1	
110.07151912631556	238.35802146120514	5.8480367818150269e-005	-8.5197972023216963e-006	-1	
104.14257458820829	248.01603032885217	6.1356618164848397e-005	-8.7805372873292352e-006	-1	
90.99223162277228	260.23619844791165	6.619756228837667e-005	-9.2143706783440681e-006	-1	
34.465083256504194	148.63950877076121	-1.9549760681558171e-006	2.329945048430224e-006	-1	
35	147.44542613377101	4.5802421058298851e-006	-7.645015077465686e-006	-1	
35	148.06587831158527	5.3337970270096824e-006	-7.7305326314407471e-006	-1	
35.312353155302503	150.06626892823036	7.9698167671528664e-006	-7.3760745584220696e-006	-1	
35.293790453855145	149.86383952421704	7.7850611629867025e-006	-7.3897726595771987e-006	-1	
35.304924635617368	149.51435725040452	7.4502528683020979e-006	-7.4054095162600955e-006	-1	
34.790800333914618	150.1065550167506	7.6783454220530078e-006	-7.5883565937586659e-006	-1	
34.654365822801225	150	7.5076627340439388e-006	-7.6863823617227915e-006	-1	
34.963617422514005	150.11668424700272	7.8132156247817487e-006	-7.5005377657044139e-006	-1	
35.093017402583421	150.09301740258343	7.8709920308615839e-006	-7.4471182180669978e-006	-1	
35.434298040000208	148.99655657830664	6.9426151068483922e-006	-7.408693869476293e-006	-1	
34.517931311687832	149.6306929874803	-1.5133874844780621e-006	1.5883065346068664e-006	-1	
34.70893549351333	149.11790639023067	-2.7869126277344378e-006	1.8561861641944217e-006	-1	
34.754368319541328	149.4618957116673	-1.1774220434306616e-006	9.5738203555787738e-007	-1	
50.678113778628394	129.05923605909206	9.0878997499483437e-006	-3.283548436526616e-006	-1	
44.377638833377006	131.12822728868494	6.4292589010720896e-006	-3.3131172930549233e-006	-1	
58.007153698407173	121.12139075529413	1.0009758989400855e-005	-2.7749707441052386e-006	-1	
50.765625250269551	123.08866925428937	7.3305244419744381e-006	-2.5518848546172757e-006	-1	
41.654151252510289	133.28462703133965	5.2190768714361451e-006	-3.5523239733726753e-006	-1	
39.300087754924789	136.64053200726403	3.8331192875321967e-006	-3.9993583049891241e-006	-1	
35.549548262137726	148.37610440049238	6.2591141731138645e-006	-7.4069148535259538e-006	-1	
60.869739473472194	116.82013437359362	1.000943283053146e-005	-2.5614924223463727e-006	-1	
64.948061714941389	115.0427859656718	1.1640923950179968e-005	-2.7403434392396387e-006	-1	
114.52989934913288	162.4791469815265	3.966840787130301e-005	-6.6326168214455984e-006	-1	
96.298914036376004	126.45770971498629	2.7503480262911448e-005	-5.0700305952282117e-006	-1	
92.713712168474075	117.58516183922033	2.4655203510129955e-005	-4.6110621267096415e-006	-1	
104.75728113754894	137.62770280047167	3.2170153976571956e-005	-5.7063894511620231e-006	-1	
73.929040749447438	111.49219101319844	1.5559491000879011e-005	-3.2480826275358483e-006	-1	
110.50189319006691	144.41668794640489	3.4941463840545857e-005	-6.0473747008100159e-006	-1	
118.61493573918398	152.08780539394789	3.8074903719898261e-005	-6.4050442174415992e-006	-1	
110.22519562760735	204.92817330787929	5.0243830431553668e-005	-7.7777828017277632e-006	-1	
118.59036469510087	192.67887497914481	4.7260795359875683e-005	-7.4517346513471012e-006	-1	
119.53303225032556	202.30361035965046	4.9595897630531145e-005	-7.680025644326114e-006	-1	
117.22322927745499	171.88693686593803	4.2169395820342271e-005	-6.9107645272819787e-006	-1	
126.62634147007041	187.48597293740559	4.6450096032419739e-005	-7.3380794607601364e-006	-1	
124.78619354203514	178.09677648904557	4.4317378437509529e-005	-7.1158101369496265e-006	-1	
36.407136706874901	136.27728693311451	1.2475029917177732e-006	-3.8114088296562364e-006	-1	
35	135.03638257748599	3.8982291400058711e-007	-3.7871162989931628e-006	-1	
34.331147961722507	133.17502604404325	-2.2146081161981467e-007	5.9459554112225726e-007	-1	
35	133.79547822185748	9.1985130196767874e-007	-3.7182500251994974e-006	-1	
33.301297994027152	132.15875567393161	7.9961973081350281e-008	-1.8779093937896745e-007	-1	
32.572040222065034	131.46868110668026	2.1522330603430012e-008	-2.1467610949847857e-008	-1	
31.280623238323724	130.75554327676593	-1.7220467878590768e-007	5.4449342916309685e-007	-1	
32.208777222678123	130.72792099723432	-1.5438922373823155e-007	3.4338447032258039e-007	-1	
30.267021778142499	130	2.4051742966254449e-007	-1.3542080841061161e-006	-1	
29.490319600328249	128.52421845216193	3.5197300859978816e-007	-1.1656674204573456e-006	-1	
10.849467332786244	130	-6.8946486770588757e-008	-2.7623812597341504e-008	-1	
12.79122277732187	129.18402845041498	-6.9363764205597107e-008	-4.4575895267142338e-008	-1	
11.092120597248011	129.58730376804724	-6.8611637737660638e-008	-3.0306813819366791e-008	-1	
-10.256338144024799	129.28355631168785	2.0083322049678214e-006	7.4545074709686691e-006	-1	
-10	129.49811582280122	2.1144929370889663e-006	7.4009034608401872e-006	-1	
-9.7792368386991129	129.61002382819825	2.2555272822450659e-007	-1.5873876058908638e-006	-1	
9.9025355432896323	129.81995508947131	-5.346137528921042e-009	1.6886189248155365e-008	-1	
10	129.49811582280122	-6.8309646653890821e-008	-2.5939583261449397e-008	-1	
10	129.7126753339146	-6.8300859861611974e-008	-2.5672445457525825e-008	-1	
10.240119291354763	129.28355631168782	-6.8067126592550637e-008	-2.6984576823750904e-008	-1	
10.623071839009434	129.49142859390503	-6.8185100642896872e-008	-2.8428202193653334e-008	-1	
10	130	-6.8180027688593473e-008	-2.4995389821422117e-008	-1	
10.072765154971993	130	-6.8238789376380184e-008	-2.5280181330368297e-008	-1	
10	129.92723484502801	-6.823269160695254e-008	-2.5266270036713084e-008	-1	
10.266940699425557	130	-6.8366174505442229e-008	-2.5824713690531973e-008	-1	
10.461116243879118	130	-6.8523218740503672e-008	-2.6403967471197042e-008	-1	
-10.364028471652338	129.80888009530307	2.0568260101657729e-006	7.4421414468974594e-006	-1	
-10.487907393861239	129.5666121590028	1.9634821778145314e-006	7.4971181821918266e-006	-1	
-10.072765154971993	130	2.1603461858560479e-006	7.3493653364430947e-006	-1	
-10.15306682448872	129.84693317551128	2.1164780549365806e-006	7.3905420729966951e-006	-1	
-10	130	2.1808554954235768e-006	7.326650551826979e-006	-1	
-9.8833157529972784	129.96361742251401	1.091414542299725e-006	-5.9859404065583279e-007	-1	
-9.9025355432896323	129.81995508947131	1.8522859496866299e-006	-5.5220138436344662e-007	-1	
34.628750756741333	105.29905356838391	-1.3662966699622342e-009	3.9160925710461903e-009	-1	
36.171281248886373	104.80995451273623	3.38181167430256e-010	-3.9382302989322282e-010	-1	
32.316570516174032	108.66992133710923	8.136851454250789e-008	-1.346680703471813e-007	-1	
32.60903929678576	108.0547953057949	4.0080811020200858e-008	-9.0788015986141281e-008	-1	
32.528536702742166	109.31721443747783	1.0478787273916133e-007	-1.6328067155958188e-007	-1	
33.26279118955042	107.29387394955015	-8.4634201092854673e-009	-2.9638642805287243e-008	-1	
34.486016823930768	107.02487353561268	-2.2432824326267654e-009	6.6257034792721168e-009	-1	
32.36367064226711	112.30035817953771	4.4976441824690466e-007	-4.060031447760261e-007	-1	
32.506177766177686	111.1432079683656	3.070408550098069e-007	-3.0914118586464036e-007	-1	
32.852888570697232	110.41190100265862	2.0247165454560704e-007	-2.3977017594772439e-007	-1	
32.855101830178583	109.83808121389303	1.2940008219867604e-007	-1.899730698582701e-007	-1	
33.371900023259585	113.65999665135416	6.6296789205306433e-007	-5.3349989827653276e-007	-1	
35.61561358284505	115.40630666227668	1.1119723617887737e-006	-7.6532185544039401e-007	-1	
51.667008816788069	88.180779106881744	-1.4061174636385955e-008	-8.6033840014942154e-008	-1	
51.23281557833171	83.217927681820242	-1.3756243504575396e-008	-8.1095107846648173e-008	-1	
52.101202055244435	93.143630531943245	-1.5266648697705255e-008	-1.0755732878212837e-007	-1	
47.734564101689983	77.254606727288362	-8.2087849658256255e-009	4.0374568570292815e-008	-1	
50.798622339875351	78.255076256758755	-1.8632359779728122e-008	-1.025623074871694e-007	-1	
38.911146736799552	106.60326598612345	9.4815029341486119e-009	-9.1392721401505202e-010	-1	
41.496023067632358	106.71818939800322	8.6280154807564799e-010	2.0173487533271666e-008	-1	
37.434469667821119	105.82137590053748	-4.8365851253656511e-010	-3.1248482001899127e-009	-1	
44.501786535341296	106.78126538394856	-2.8009125012084318e-009	2.8868776589352273e-008	-1	
47.113479934873816	104.69744203120034	-2.2314462332190517e-009	-3.9809466339723083e-009	-1	
50.309904112975893	99.551396808896612	-1.1021746975869669e-008	4.0853333205000726e-008	-1	
49.522345321239172	102.74637758687854	1.6253070370541848e-008	-6.4604276263410317e-009	-1	
52.535395293700788	98.106481957004746	-1.5123977467623676e-008	-1.7568641850326532e-007	-1	
35.327372311432455	120.13201047971361	1.6976975867589083e-006	-1.2325761354049069e-006	-1	
33.033925685302769	124.39149994131193	1.4229031247807804e-006	-1.437999199016303e-006	-1	
35.340760968118566	122.97389472816714	1.9436935888880151e-006	-1.5327877704195931e-006	-1	
31.621836437480795	125.76229308914257	1.0734510392068458e-006	-1.3709082198196464e-006	-1	
31.3181714366719	127.70673580242513	8.453955967797491e-007	-1.4582345578257521e-006	-1	
51.476290463580391	67.983231083865121	2.430143141679837e-006	-8.944240399212338e-007	-1	
48.273960903062992	68.030176436884304	5.0618454749147507e-007	-4.5857635602222073e-007	-1	
48.726388766381362	67.862282799670851	7.2793698630003735e-007	-5.5475985478861279e-007	-1	
47.997132190371886	68.425454957364963	1.4517333780243076e-007	-3.370449343679877e-007	-1	
50.203037812834424	67.366120639803285	1.8879898765838817e-006	-8.273870288943307e-007	-1	
49.804721684605582	67.637231567731163	1.3911898913152972e-006	-7.5824995259785442e-007	-1	
49.05079013713808	68.010762249061585	6.3853725677539254e-007	-5.8873517630709454e-007	-1	
49.413523296421928	67.995447394278273	7.9407857470668598e-007	-6.6662399281383254e-007	-1	
50.557235101043894	67.692772066057927	1.8845355579108573e-006	-8.3333070653729516e-007	-1	
47.764950907569464	69.006341611701231	-7.4772960208266917e-008	-1.248744943519801e-007	-1	
47.874188601197197	70.226165457896045	2.14098091912912e-009	5.2554674443828011e-008	-1	
48.369194344136169	69.474747580071323	-1.1362012461972269e-007	1.8847377803788485e-008	-1	
46.991129300901434	74.894460956277683	1.802938059744305e-008	-3.9188085327449739e-009	-1	
47.238842422857743	73.294718555973134	1.970797681087617e-008	-1.6769988247633481e-009	-1	
47.543455006581063	71.705432748054022	2.7376889612871511e-008	6.3059641055768034e-009	-1	
149.29431593779893	-149.21305473727907	8.112721393173055e-005	-1.0922482433723199e-005	-1	
154.93463495800219	-138.87617899732007	7.8713733682529271e-005	-1.0701861914467e-005	-1	
168.06115440022262	-133.32817010938322	7.6694896707086644e-005	-1.0494581591511197e-005	-1	
177.88795515492333	-64.048676356088109	6.3261756731734529e-005	-9.2061162649143962e-006	-1	
180.56277632428763	-79.8048239389732	6.6254876205858092e-005	-9.4963133705615778e-006	-1	
179.37192031501399	-95.741972896892634	6.9253319422565163e-005	-9.7877711552817395e-006	-1	
183.76665346027389	-43.547655544762804	5.9606278739876705e-005	-8.8130110671559571e-006	-1	
186.7019217018497	-59.2266103955129	6.2511778840354702e-005	-9.1077397954636477e-006	-1	
187.85149536405436	-26.907515306066031	5.6934034787462259e-005	-8.5156339557092502e-006	-1	
195.04135397315963	-33.869872030797353	5.8434629502894551e-005	-8.6618157088472045e-006	-1	
189.30667013037402	-17.00544762397039	5.5431063584830487e-005	-8.3455486710850083e-006	-1	
180.42425342498385	0.2754708002474473	5.2048234018993135e-005	-7.9807292455203999e-006	-1	
191.55748192890445	-0.31687243292738343	5.3092286420729506e-005	-8.0738067147133755e-006	-1	
175.68760801599745	11.42464708899332	4.9887195820216547e-005	-7.7359443011359272e-006	-1	
174.90326372051757	-128.27768803058035	7.5348541243485439e-005	-1.0360055616111482e-005	-1	
184.45224626258886	-116.7187130688054	7.2818426188044796e-005	-1.0110750009790522e-005	-1	
190.80463608346386	-103.24492483545548	7.0247765375896321e-005	-9.8583940999871578e-006	-1	
182.96200347889732	-125.56134072475119	7.4404320126395893e-005	-1.0258803532529196e-005	-1	
29.963617422514005	20.116684247002727	2.8563149767427024e-006	-3.6337909310446116e-006	-1	
30	20	2.9020478799887865e-006	-3.7041136588068633e-006	-1	
51.933718338014238	70.211309823968492	1.9141953223801958e-006	-7.2019580225370206e-007	-1	
51.800431405986451	68.844921100154323	2.2760856099088845e-006	-8.3951190954543646e-007	-1	
51.231897234336223	71.081313061258044	1.0880671126825935e-006	-5.3613902415360671e-007	-1	
51.682699056499501	72.55178635376015	1.2109603246267512e-006	-5.0888703430867467e-007	-1	
51.809346083740962	74.321004752027704	1.07151581575089e-006	-4.343674097243684e-007	-1	
50.581525720647178	75.773650544228019	1.0497111757808583e-008	-1.9172702442140171e-007	-1	
56.573531699151985	90.251933182947369	3.1340468791322781e-006	-7.3851753621303173e-007	-1	
124.44683518122251	103.30187389366749	3.323456815090981e-005	-5.6505185056004769e-006	-1	
146.74975117366333	79.489357230975102	3.8429000431238237e-005	-6.3071477050270854e-006	-1	
143.46483794507773	92.550131968570099	3.7533359946418626e-005	-6.1892990448713857e-006	-1	
135.67430323587647	100.96567819110757	3.5911553638325433e-005	-5.9885683618981163e-006	-1	
148.60576091309542	70.911862796803746	3.9203315599533388e-005	-6.4133141400186662e-006	-1	
102.24214710589779	118.47099810210985	2.8080077866228041e-005	-5.0558521122978126e-006	-1	
63.687197594218361	102.64466908946662	8.2358592175270849e-006	-1.8562976331281333e-006	-1	
65.36979672586854	107.01960220138091	9.9956761637572058e-006	-2.2559156128167597e-006	-1	
59.910454614405126	100.35052979629945	5.4557774221452534e-006	-1.3045862699061387e-006	-1	
55.1320122791873	95.378888201652799	2.0003981809056507e-006	-5.5232972680046226e-007	-1	
58.126158625863063	98.417357138777746	4.0853410366970707e-006	-1.0065413923014915e-006	-1	
114.32263512848048	119.09736926299942	3.1780540875066879e-005	-5.5175687102165979e-006	-1	
121.60632157891555	112.62355826824249	3.3074420912707509e-005	-5.6526905480881407e-006	-1	
170.27498681407786	20.84867625420932	4.7907074423107658e-005	-7.5090710743565303e-006	-1	
164.09797620996108	52.856602289284602	4.3357664601438707e-005	-6.9338804009014928e-006	-1	
168.42646071787266	35.906251131952985	4.5754572516148119e-005	-7.2388480090337814e-006	-1	
175.32008807008063	43.704324748088247	4.5918571257944184e-005	-7.2370215071440114e-006	-1	
156.3733334684083	67.320044528719762	4.0929507996499643e-005	-6.6262582160890609e-006	-1	
151.79344730967134	-165.87031524935256	8.3761210208459634e-005	-1.1137537578108114e-005	-1	
149.24466209152578	-178.57347818519168	8.6077074552465949e-005	-1.1334736893340135e-005	-1	
132.12399854169948	-232.18578304187022	9.5554885949947167e-005	-1.2124388478339318e-005	-1	
128.36606780926485	-243.94135433507969	9.7383739997436929e-005	-1.2272287651058657e-005	-1	
122.55312833733285	-251.59609512313955	9.9020838566450434e-005	-1.2407611999147931e-005	-1	
114.21788566855054	-254.59293526135917	0.00010057983328896981	-1.2539767844373136e-005	-1	
150.85110594456702	-205.61988364434995	8.9773085787174235e-005	-1.1633107279167219e-005	-1	
152.264665437547	-221.26746111650348	9.1584782587356608e-005	-1.1777435656192407e-005	-1	
147.65236820509833	-230.77685827314698	9.3285049672122032e-005	-1.1920730115648547e-005	-1	
157.0117141462992	-185.52423659710544	8.625000211025084e-005	-1.1333733814364237e-005	-1	
153.5774809949441	-195.46355810503505	8.8067078443272286e-005	-1.1489428262359877e-005	-1	
108.20431100916242	-260.89446903047548	0.0001021062128449225	-1.2664620559498869e-005	-1	
98.284027684164982	-281.13859679928277	0.00010537282956045781	-1.2923179953752942e-005	-1	
89.782800145887379	-290.04924651287871	0.00010738597076801615	-1.308404999911192e-005	-1	
105.50375933558537	-269.17573878128587	0.0001032627575254092	-1.2755253273258513e-005	-1	
17.247286650654384	-363.64658229689365	0.00012218791079653983	-1.4233351076443811e-005	-1	
35.576444496795219	-362.31571605921306	0.00011919627184576156	-1.4003408964006539e-005	-1	
41.667578188419697	-361.65907142119437	0.00011821005995235094	-1.3927001245509489e-005	-1	
43.927710778302583	-355.06829089725312	0.00011771927316647624	-1.3889050671546559e-005	-1	
53.380495993645106	-341.88360078602079	0.00011585530446077513	-1.3744750631094517e-005	-1	
66.007594845903213	-339.62233824230378	0.00011375067602815416	-1.3579033414281853e-005	-1	
50.02977396939928	-355.23505223682872	0.00011674863737916899	-1.3813367840085748e-005	-1	
55.272310476229926	-349.84105113460646	0.00011577909211302091	-1.3737760922215027e-005	-1	
74.443096331043549	-328.7781212696022	0.00011198615643845307	-1.3440800341891217e-005	-1	
84.285092856784274	-309.68718503999327	0.00010948309167190518	-1.3245287133757374e-005	-1	
91.494907299593009	-299.29916256782712	0.00010771657859966438	-1.3105822029165653e-005	-1	
87.593501332213478	-321.89156411234552	0.00010960184260509805	-1.3250631612565128e-005	-1	
87.102344427602432	290.32757290194951	7.2531963973756952e-005	-9.7219184268659131e-006	-1	
97.35609899231541	271.22080626627417	6.7141424930174177e-005	-9.2716378524454851e-006	-1	
97.163287272233958	281.92873761209614	6.8994023545658137e-005	-9.4200084838551585e-006	-1	
51.957743866740515	334.3043454090552	8.730686812995431e-005	-1.0917999474256395e-005	-1	
73.665765190785436	319.31269496721046	7.9513625981486924e-005	-1.0289214459179796e-005	-1	
76.935018727447044	313.86406162904063	7.8088857350952916e-005	-1.0173373630366261e-005	-1	
84.592318010938826	307.83071274742736	7.5403265423020933e-005	-9.9510304265187333e-006	-1	
65.878236058705937	325.59166923588663	8.2317839719037161e-005	-1.0517565468352104e-005	-1	
71.994791249840773	325.44323083526257	8.048629430838127e-005	-1.0367505509766084e-005	-1	
58.011279349043768	333.36211401795367	8.5281579725374706e-005	-1.075610798212727e-005	-1	
64.04744864337664	332.31437737163714	8.33128615953231e-005	-1.0597418647680796e-005	-1	
87.547769056226372	299.32299300976001	7.3657422467006368e-005	-9.8088054976317705e-006	-1	
118.44957796555445	216.27830324561572	5.2850253900728266e-005	-7.9929595898811567e-006	-1	
113.48062916528593	225.08465715441787	5.5156026667436073e-005	-8.2179025077723827e-006	-1	
100.51458015963547	262.34892093442568	6.4902356577101392e-005	-9.0826188738341329e-006	-1	
119.82478898869573	233.78855858527021	5.6591468308426639e-005	-8.3293920510177414e-006	-1	
116.9234225128767	244.7759191341413	5.9074519251663833e-005	-8.5542845804058236e-006	-1	
113.95659847713162	253.68299192490554	6.1154454486650074e-005	-8.7392539413344527e-006	-1	
109.19741210054771	261.05900671827999	6.3225866222188574e-005	-8.9237411032723096e-006	-1	
35	148.6863304893995	6.2909232903515523e-006	-7.6046285791110134e-006	-1	
35.116684247002723	149.96361742251401	7.7899727014122475e-006	-7.4380691140856702e-006	-1	
35.112379052162652	149.77212180057444	7.6181454363310866e-006	-7.4414522134874446e-006	-1	
35	149.30678266721375	7.0910423071979522e-006	-7.505938841524073e-006	-1	
35	149.61700875612087	7.4230718034901877e-006	-7.4752388432638935e-006	-1	
34.927234845028003	150	7.7452068444531472e-006	-7.5292475167402287e-006	-1	
34.846933175511282	149.84693317551128	-3.8735292987713341e-006	1.2155760262788318e-008	-1	
35	150	7.7798903216471219e-006	-7.4798420247350932e-006	-1	
44.318257503794797	127.18068943807556	5.6225596112502562e-006	-2.7435060988491179e-006	-1	
40.91119876875922	131.35458481930664	4.5964414289236561e-006	-3.21960143848023e-006	-1	
40.829296447480289	129.02831818103704	4.3272728632708222e-006	-2.8394839978052869e-006	-1	
53.179970624190283	119.27924327240414	7.0920679767447564e-006	-2.2383553355396535e-006	-1	
56.465821042308697	116.189910508556	7.4766123898265632e-006	-2.1305181582504598e-006	-1	
45.468409886015756	120.33279632307611	4.4258418431996053e-006	-1.8798190901793897e-006	-1	
48.343564054716275	117.63074420961576	4.5323601855582031e-006	-1.690574205548718e-006	-1	
39.135853868503162	134.02172317948418	3.6132948265376032e-006	-3.605380444038582e-006	-1	
39.16320193637798	132.45982162982568	3.6450489270352056e-006	-3.3542919997110754e-006	-1	
37.676554845443192	134.5791554434754	2.5566998024469021e-006	-3.668485402805787e-006	-1	
59.290734392010243	112.66099712878891	7.7180286165399828e-006	-2.0341734645833467e-006	-1	
61.646985200342485	109.86773385510838	8.331641819143856e-006	-2.0480352397465869e-006	-1	
126.8121631087498	154.28373922690395	3.9816133223551629e-005	-6.5773045558568774e-006	-1	
130.88981215745767	162.91191959065276	4.1928196314690933e-005	-6.816872268234721e-006	-1	
109.84969363576646	130.33673428499756	3.2149860694435041e-005	-5.6340023962064079e-006	-1	
116.22885872915394	137.09632620845383	3.4831386406623392e-005	-5.9755092687855612e-006	-1	
125.47614853984268	145.9033020653504	3.8176695127006027e-005	-6.3710962493413341e-006	-1	
127.62107650912644	197.00194144013949	4.8516708154447979e-005	-7.5484638787524561e-006	-1	
132.07866818057622	212.62254631302969	5.1718227537883529e-005	-7.8517811896461364e-006	-1	
137.73527936893512	191.13469533353387	4.7706298439771899e-005	-7.4387192286496195e-006	-1	
140.76253060285038	179.84056294845891	4.5856590177728454e-005	-7.2339526326949065e-006	-1	
133.45192929372521	172.76088994724824	4.4026752553055037e-005	-7.051408956341233e-006	-1	
36.172127798400183	134.41593039967174	1.4943500760977101e-006	-3.6766037005419253e-006	-1	
35	132.55457386622899	1.4356966038192045e-006	-3.5354395720081104e-006	-1	
34.242607508218839	132.26701473235391	-4.0176207086309466e-007	8.2203633698678144e-007	-1	
35.704152520293349	133.17502604404325	1.5665111013948225e-006	-3.5556424607665798e-006	-1	
33.47921509932096	131.24036603164706	-2.0106288322061042e-008	2.8753543211810012e-008	-1	
33.969653696850457	131.50423700657731	1.5143001593858956e-007	-2.2940564723559332e-007	-1	
33.188687783338146	130.76523258931198	-2.4927455686736472e-007	4.9028810549047637e-007	-1	
31.820426133771001	130	6.1265018232147208e-007	-1.7080159943987141e-006	-1	
32.597128311585251	130	8.2208717067861419e-007	-1.8916544008791311e-006	-1	
31.04372395595675	129.13095757062646	5.7863353703774004e-007	-1.4867120512299227e-006	-1	
10.654538774880455	129.78152255023744	-6.8525932954737851e-008	-2.770495530519429e-008	-1	
-10.220304521163161	129.61589139246439	2.0616686581510202e-006	7.4310458246833098e-006	-1	
-10	129.7126753339146	2.1325408669735294e-006	7.3807955442483573e-006	-1	
10.229510600615347	129.6053955783579	-6.8266726583767455e-008	-2.6545143051925915e-008	-1	
10.15306682448872	129.84693317551128	-6.8303002964898118e-008	-2.5848424633022268e-008	-1	
10.364028471652338	129.80888009530307	-6.8383391388383267e-008	-2.6592581179433756e-008	-1	
-10	129.92723484502801	2.1614128453327604e-006	7.3481863812025771e-006	-1	
35.866668665161534	106.39924032066038	3.2617473565073743e-009	-2.193166309128837e-009	-1	
32.963559040930505	108.88281537381876	3.8307444078218929e-008	-1.0807596861781228e-007	-1	
33.371339499164506	108.53458680581551	-1.2677235576567627e-008	-5.4771108223335353e-008	-1	
33.139043341568623	109.38952367049514	5.1921925328373524e-008	-1.366882248648113e-007	-1	
34.020875869869087	108.01154052050443	-2.0668356068102439e-008	1.6160475986452337e-009	-1	
34.664078909396267	108.10105276786931	-8.6597764221132866e-009	1.3672986594754835e-008	-1	
35.535935070544298	107.87850761082028	2.2806461645677499e-009	1.060913963648061e-008	-1	
33.138591405293916	111.42926535864497	3.4325379342388303e-007	-3.2836065886156725e-007	-1	
33.808272161195141	112.02453872894424	4.4382858833972568e-007	-3.8448244594611414e-007	-1	
33.207085858906694	110.73855242891369	2.3772450818863845e-007	-2.6205775877833622e-007	-1	
33.139037711468745	110.26155523512774	1.6581970071271542e-007	-2.1794358327408203e-007	-1	
33.181625311661591	109.7376501960143	8.5768010384225395e-008	-1.6684129726306527e-007	-1	
33.180840870322761	109.94102804987109	1.1496691678021023e-007	-1.8646663970072983e-007	-1	
34.762035263381755	112.69424964881658	5.9007899308753101e-007	-4.6051398079664256e-007	-1	
37.891497050043085	114.75419154658918	1.2599516872475706e-006	-7.7146125308742862e-007	-1	
37.799269590843394	118.72979466972683	1.9958288490540572e-006	-1.2305488814014052e-006	-1	
36.711511340557372	112.70174583335269	7.1824460690849565e-007	-4.9759330143059847e-007	-1	
48.609298624737725	74.939909581303269	-4.4773798405133989e-008	5.8351894896547838e-008	-1	
39.303906253853668	108.09275002272899	-3.147016035842822e-008	2.1794578805522588e-008	-1	
37.790685299321716	108.38082132693118	-2.6291749008334395e-008	7.7924864012757449e-009	-1	
36.978970798809684	107.42899776288996	3.7050711613095288e-009	6.7761755572804751e-009	-1	
43.448176690823779	108.97623049619324	-2.8896227392135401e-008	-1.0564223045173213e-007	-1	
40.975812010991646	109.19253437778046	-1.6449034196988429e-008	-1.0313999435249813e-007	-1	
46.936497978003743	106.76919312632461	-1.9014592584247362e-008	3.9758552423126238e-008	-1	
45.920541370655904	108.75992661460603	-2.1939879514858589e-008	-1.5293472642546385e-007	-1	
48.893932272307495	106.06781862102112	2.0632572341240364e-008	1.708757638910817e-008	-1	
49.357266515204259	104.81304612165972	1.9242143754056987e-008	-2.2013222194135903e-008	-1	
51.437843840184421	101.95313407522836	-6.634864480683193e-008	4.9389501873198633e-008	-1	
52.752491912928967	100.5879076695355	2.2645702560491575e-008	-2.3180013417072998e-007	-1	
51.282425117561857	103.84204585575979	-4.1821881890548452e-008	5.1956827326497268e-008	-1	
54.988463974014458	99.142075859428331	1.7955038344884055e-006	-5.6572458870362855e-007	-1	
38.047867878637298	122.92226394857907	2.647576390012354e-006	-1.752612036568811e-006	-1	
33.228728428084224	126.89850082916568	1.4152573765176894e-006	-1.7048500633590947e-006	-1	
34.619064025008512	126.34350865140767	1.8380975419064946e-006	-1.840568670854586e-006	-1	
36.690377105267601	125.32115479997984	2.4472964545957605e-006	-1.9453173959337428e-006	-1	
32.208777222678123	129.09701787742344	8.8619615319756154e-007	-1.7242653676575591e-006	-1	
32.841118083719358	128.34446334956127	1.1792134925587558e-006	-1.7822501745598735e-006	-1	
50.881586968999144	68.787458631238835	1.4648447196631896e-006	-7.3841817941242233e-007	-1	
50.555021841562656	68.26659185482356	1.4615000171866503e-006	-7.7540761517116081e-007	-1	
48.615223360329921	68.371378986968168	1.7379530073350711e-007	-4.2001646256058753e-007	-1	
48.924268945308938	68.344341001769763	2.1347835062513109e-007	-4.9412437765273754e-007	-1	
48.337267316576948	68.753772054449087	-7.0301668967629677e-008	-2.3190956999952224e-007	-1	
50.271085960272472	67.843117833588934	1.5354062191844634e-006	-7.936984644138179e-007	-1	
49.762646092552366	67.976079819966102	1.0146665506397064e-006	-7.3093338115367192e-007	-1	
49.962687345536274	67.939944870141261	1.2024034921730523e-006	-7.5764500106290197e-007	-1	
49.233314530287956	68.317303016571358	3.001931699458585e-007	-5.8796720860954966e-007	-1	
49.687088427995967	68.164794622832744	7.3506523284870842e-007	-7.1641728106975352e-007	-1	
49.542360115266973	68.290265031372954	4.6387402138864763e-007	-6.8723059716646864e-007	-1	
48.746044762344994	70.003620300847402	-9.6261292779748413e-008	4.6831601447815752e-008	-1	
48.924106847810521	71.079799533103952	-8.6313159017686598e-008	3.6078566393060023e-008	-1	
48.825566838914277	69.521012137930441	-1.6228377766936931e-007	-2.1776682594571976e-008	-1	
48.808098184607225	68.796225723620566	-1.3271671211631771e-007	-2.6272251459137863e-007	-1	
48.781372914999608	72.805619500332782	-5.7532848653935191e-008	3.8152511447816893e-008	-1	
160.65588966965771	-158.20420925131012	8.159765715666624e-005	-1.0936086474050581e-005	-1	
163.59074093777687	-146.85966369887294	7.9404532671145339e-005	-1.0741587268662527e-005	-1	
181.19970912257776	-133.6453743633158	7.5868318498816323e-005	-1.0394456058758558e-005	-1	
179.55425477769046	-141.75399701248696	7.7324363504294082e-005	-1.052757914740543e-005	-1	
188.09208791323323	-69.176774430502576	6.4296704648985031e-005	-9.2851121496055949e-006	-1	
189.05223651582082	-89.682831582942029	6.7943633690852691e-005	-9.6415886879480673e-006	-1	
193.57334346502151	-79.195634285097611	6.60531080060534e-005	-9.448218509275947e-006	-1	
191.2133017923214	-50.249652330679929	6.1021720880708857e-005	-8.9437704667959696e-006	-1	
196.32738878329818	-58.441820870417715	6.2531127428242208e-005	-9.0891671812115105e-006	-1	
197.17723079015676	-24.470627795165516	5.7063740264206419e-005	-8.5090199578868558e-006	-1	
210.04595783249911	-41.473361308486723	6.0183040984085452e-005	-8.8204738189806212e-006	-1	
202.14660892158406	-49.116725420580181	6.1141063503288961e-005	-8.9344519601500502e-006	-1	
213.5321353786118	-31.217889012705076	5.8813249198192254e-005	-8.6689858159075427e-006	-1	
206.67583177001774	-22.832231810115328	5.7306967837386016e-005	-8.5177151888001652e-006	-1	
198.5234339268554	-9.021765320760105	5.4872684401992442e-005	-8.2623638022587259e-006	-1	
185.36937282629845	8.9571209442884232	5.1267884022523941e-005	-7.8744493832747746e-006	-1	
203.00337696988865	1.702880359258824	5.374884154508181e-005	-8.126098877597658e-006	-1	
191.45006431214838	16.884948274061522	5.0829666247069013e-005	-7.8077469904588176e-006	-1	
181.13796026193015	21.172098352353565	4.91980104494286e-005	-7.635496281689996e-006	-1	
192.75550122085326	-113.33214481848184	7.1883088594863138e-005	-1.0008613240007602e-005	-1	
194.09123069902932	-123.51908295176699	7.3495452459017274e-005	-1.015606726444536e-005	-1	
200.46078595081443	-90.19927615821895	6.7830178007426541e-005	-9.6097932896179355e-006	-1	
204.47922357048333	-103.32819964795749	6.9861979174723509e-005	-9.798774602292622e-006	-1	
189.20444774265866	-131.15627846892133	7.4984390873926595e-005	-1.0300571655129166e-005	-1	
51.093553155567001	69.434751731607392	1.3964327978020569e-006	-6.8003154238680682e-007	-1	
50.801084374955437	70.049877762921653	9.1671088122337903e-007	-5.587815465609045e-007	-1	
50.147332482190819	70.810799119166518	1.35956953360221e-007	-3.5744381160726387e-007	-1	
50.255880791804913	72.051511975431893	5.868183683045101e-008	-3.065415091891529e-007	-1	
50.364429101419006	73.292224831697268	3.1371668732169104e-008	-2.5921913005172273e-007	-1	
131.18265359264402	114.42804774366937	3.5540853244058681e-005	-5.9607133603803141e-006	-1	
152.94785458785375	87.08048640506864	3.9497221536227586e-005	-6.4330117961506119e-006	-1	
155.31332959991056	77.570162749266601	4.0211431723728529e-005	-6.5269290816333554e-006	-1	
145.10448596323124	101.88174959137564	3.7984246319556136e-005	-6.2467226251087752e-006	-1	
154.56992974612953	102.87462007406056	3.9841365916331944e-005	-6.4730177024523662e-006	-1	
159.24859319368178	94.586645282404064	4.0618501886530622e-005	-6.5668176769499251e-006	-1	
140.08616347227556	109.91816498995092	3.7253434598272867e-005	-6.1641252707679264e-006	-1	
59.275869320572099	102.90360053628449	5.236075916718605e-006	-1.3155721650657944e-006	-1	
60.733549588271764	106.32939060289844	6.8424676034723662e-006	-1.6911518206530477e-006	-1	
57.681307364039917	101.74758786048508	3.905854951790861e-006	-1.0354844522806159e-006	-1	
55.956402415927187	100.79695856375325	2.5406937280082338e-006	-7.4828885701532253e-007	-1	
119.96428249449603	127.85231442632477	3.4302187196069943e-005	-5.8603756218842942e-006	-1	
178.24105652686904	32.441318333209928	4.7491632637859955e-005	-7.4301687659321281e-006	-1	
171.87036921772537	59.609845256516998	4.4066890306422675e-005	-7.0024247361038539e-006	-1	
183.67344253571946	48.659043243466876	4.6595466931169006e-005	-7.3014054411409537e-006	-1	
189.52905121095134	40.910519949341428	4.8013714479943317e-005	-7.4672648324237104e-006	-1	
165.99872822756231	73.495311992644929	4.2276789692088298e-005	-6.7770125974890552e-006	-1	
159.50372265306424	-176.73178968899171	8.466370790937962e-005	-1.1197029816241574e-005	-1	
164.68882323364434	-169.20636870415268	8.2982870870148577e-005	-1.1045843578580819e-005	-1	
138.75413468296358	-240.78369289705691	9.5591872133524646e-005	-1.2116751291652234e-005	-1	
128.82491986003748	-257.98758750907791	9.8736809462700791e-005	-1.23765070610551e-005	-1	
137.73453468546739	-257.09019824779983	9.7396948019044845e-005	-1.2260102367365425e-005	-1	
120.37736043943436	-260.95832540716947	0.00010024624434910904	-1.2504616694137913e-005	-1	
161.857614340423	-216.83155631702422	8.9880687206602645e-005	-1.1625109987727315e-005	-1	
163.77309050360799	-201.35563697024742	8.7693498164344684e-005	-1.1442168270889923e-005	-1	
160.61954630626536	-226.74480707858712	9.1201190960024509e-005	-1.1734960449998091e-005	-1	
149.09595137888579	-244.08968541936517	9.455885195725542e-005	-1.2020902248594938e-005	-1	
158.01045859136732	-236.3883548912336	9.2604285022186526e-005	-1.1852458630954745e-005	-1	
163.53953579495303	-192.09583876734118	8.6466879361822517e-005	-1.1340600797507476e-005	-1	
165.44037958014249	-183.67969106710308	8.5076321492807321e-005	-1.1221227814103529e-005	-1	
114.25661940043835	-267.44911308894564	0.00010175963097646332	-1.2628767831404488e-005	-1	
110.44770134576262	-282.2444776063324	0.00010355625992519506	-1.2770085899282343e-005	-1	
103.50449013990784	-292.29284799441712	0.00010536064524686536	-1.2914953983486903e-005	-1	
47.746324141772305	-360.89622185248447	0.00011723608506831958	-1.3851264570720899e-005	-1	
60.588734428975542	-345.74899555837573	0.00011481647167525866	-1.3662408335542419e-005	-1	
73.665809731492203	-342.49491946010539	0.00011265785689812336	-1.3491816938902534e-005	-1	
66.994832404415845	-347.74178034689356	0.00011387507834495135	-1.3587868246490005e-005	-1	
53.810830711949521	-360.02739972445204	0.00011627211694027355	-1.3775968340905048e-005	-1	
59.859250591501876	-359.05286968873344	0.00011530877495100755	-1.3700442810440116e-005	-1	
61.771350947112396	-352.35283540011312	0.00011482837853053532	-1.3662864911202487e-005	-1	
83.153041331768549	-333.83703461917048	0.000110848036637628	-1.3348439743078212e-005	-1	
95.432344267277315	-315.65637436294355	0.00010807092542540052	-1.3127975904946476e-005	-1	
100.82238089485348	-301.49144279193263	0.00010639192613947839	-1.2995783848663213e-005	-1	
93.052577749526392	-335.69577744903722	0.00010943852082638593	-1.32345648673031e-005	-1	
100.90322029645033	-328.464934805376	0.00010792437666908841	-1.3112984617595789e-005	-1	
95.402186181556516	294.91571293729959	7.1240505799941389e-005	-9.602824336057821e-006	-1	
105.59588292130748	275.7806651927441	6.6369545520343675e-005	-9.1905919458615651e-006	-1	
104.62417422619816	292.7036237372111	6.8965039177643661e-005	-9.4038714656387349e-006	-1	
111.99300854511336	284.02592125957534	6.6404459160493762e-005	-9.1821843561401115e-006	-1	
77.872836639227813	324.07464559363348	7.8716580798173468e-005	-1.0221610286835898e-005	-1	
83.509841476357678	321.73217659732018	7.6996605791559053e-005	-1.0078820715034738e-005	-1	
88.425375677284748	316.79414958664785	7.5304820580739503e-005	-9.9378611659033782e-006	-1	
93.309559044573234	312.19479796723562	7.3675540791546813e-005	-9.8010635814844461e-006	-1	
70.064413074098368	331.16145462083767	8.1426308041913147e-005	-1.0444031530245832e-005	-1	
76.06033981555575	329.90369695699383	7.961877820004593e-005	-1.0295684783091333e-005	-1	
98.433925397780612	303.90164413275568	7.1610126473490142e-005	-9.6278312983489676e-006	-1	
126.61755101385774	219.49616273311557	5.3241059339508039e-005	-8.0086970999640707e-006	-1	
128.89195354605278	227.97540188062442	5.4821353933417462e-005	-8.1499179060336925e-006	-1	
113.34786091893669	268.79394199952662	6.390487198063443e-005	-8.9720522011125408e-006	-1	
126.31160461186769	244.78115699940199	5.8090689819046619e-005	-8.4498642601896174e-006	-1	
121.65912563791285	257.7569821107316	6.0876518386706131e-005	-8.7007480913679152e-006	-1	
35	149.92723484502801	7.7237757225755101e-006	-7.4632865722506593e-006	-1	
40.984292835574841	125.06615383531128	3.8957394463220605e-006	-2.2479542249823624e-006	-1	
39.039157090147853	130.4756642956624	3.572778484705469e-006	-2.9984642737051821e-006	-1	
39.112866293390837	127.08981912728208	3.4160714955257845e-006	-2.4216210472606808e-006	-1	
38.533793788682054	129.20174608433399	3.3023636888944248e-006	-2.7391326682060019e-006	-1	
52.135931350435577	114.89167311445883	4.8293287087182958e-006	-1.5955443229301577e-006	-1	
54.167467469024778	112.29749019114495	4.5174068865256974e-006	-1.4515133768464032e-006	-1	
44.692136260681025	116.46433456466862	3.0136531362386531e-006	-1.3080024696102368e-006	-1	
41.730085506687693	119.0708423014997	2.9714830287780092e-006	-1.4928635048023322e-006	-1	
49.310010534393619	114.33607263234762	3.4969177664275392e-006	-1.2936156702316003e-006	-1	
47.266211551029578	114.37065353864672	2.9018023408071202e-006	-1.1580507311863982e-006	-1	
37.888831231353812	133.08086245117249	2.8599348496985672e-006	-3.4475461485265175e-006	-1	
38.197392538886632	131.95508342843937	3.1240331249951866e-006	-3.2477153400466393e-006	-1	
36.555561238173489	133.56263368411177	1.9668928367459714e-006	-3.5522488321675979e-006	-1	
58.10551618849091	108.96649314034143	5.6342115833519909e-006	-1.556752907975549e-006	-1	
56.215777114008944	110.29483152827088	4.7995649238555216e-006	-1.4524825724336175e-006	-1	
133.9202525060081	149.64782215822555	4.0149752622776551e-005	-6.5867013225169555e-006	-1	
145.52360858923259	154.41366584325925	4.2417084648174372e-005	-6.8273452578229823e-006	-1	
143.6452269896958	166.81619868904522	4.3998076704015895e-005	-7.0191900394099805e-006	-1	
125.51330128105111	136.66626021250718	3.6744853942875009e-005	-6.1755201608710758e-006	-1	
136.11348120805749	136.21988124148214	3.8683278621405226e-005	-6.383441989732605e-006	-1	
137.62382029936506	202.59382237893405	4.9776452723838099e-005	-7.6500483401032788e-006	-1	
138.12031354485487	221.88373301498197	5.3258445080539878e-005	-7.9876971990662527e-006	-1	
144.96994327269633	213.20308612505505	5.1624460587795807e-005	-7.8201340816972624e-006	-1	
150.22569997419072	201.7159143523034	4.9786647520368522e-005	-7.6299950771238638e-006	-1	
150.95068768158481	188.62414595315579	4.7812618205351388e-005	-7.4247942380255382e-006	-1	
151.09463783473163	177.88192419090396	4.6231420826893371e-005	-7.2545994203260526e-006	-1	
35.583199468895543	132.24434777732188	1.7802349036469267e-006	-3.3900697860370897e-006	-1	
35	131.93412168841473	1.6317067083380561e-006	-3.3902095503549456e-006	-1	
34.524609247960527	131.50753552864646	-5.7194858330312888e-007	8.611640531940931e-007	-1	
36.545737440301203	132.62719796717707	2.1571990594306874e-006	-3.3971384610450614e-006	-1	
33.954134336842756	130.94948869119395	9.0064863426807884e-008	-1.5263559574534882e-007	-1	
34.289844213481906	131.05095500052036	1.995973737525124e-007	-1.7399862684921765e-007	-1	
33.896662463456963	130.42080467281349	-4.7305131777356261e-007	6.2777916347251114e-007	-1	
33.373830489399502	130	1.1051854399269425e-006	-2.0581093398396823e-006	-1	
33.284070750914786	129.35131807126237	1.190201923057365e-006	-1.9731031993976427e-006	-1	
33.425613653971546	109.15494323394819	-5.3774806603205316e-009	-9.4561884399012829e-008	-1	
33.783720538757677	108.81106054049845	-3.6875491443637264e-008	-3.6766161072066173e-008	-1	
34.13746769427302	108.48105700546637	-3.1051089772622264e-008	-1.019627253885574e-010	-1	
33.354191275177676	109.63002048346529	4.9236730714479695e-008	-1.4810475594916786e-007	-1	
33.452750731375069	109.46512144801454	1.1175516683522438e-008	-1.2501412708552732e-007	-1	
34.58455683282704	108.58366093078608	-2.69299100942893e-008	8.0449896044683637e-009	-1	
35.040929327605234	108.62992548864533	-2.2350645037233311e-008	9.4618246227210427e-009	-1	
36.047140807821727	108.61899947899467	-3.0122011773370386e-008	7.0110003368445898e-009	-1	
33.764670018530751	111.1295965222253	2.9482917123127976e-007	-2.9335544558430325e-007	-1	
34.565489222081268	111.54553452967782	3.7928480378236764e-007	-3.3560491787996311e-007	-1	
33.605401987135657	110.46744150098549	1.7942050830808242e-007	-2.2623695045531954e-007	-1	
33.447436326204958	110.1647281985754	1.3151038383795368e-007	-1.9917324779588963e-007	-1	
33.366818531127507	109.82171349508982	7.6815163410498926e-008	-1.6755316802818118e-007	-1	
33.401673267433068	109.94855836776431	9.5806870099944022e-008	-1.7902069745874234e-007	-1	
35.466345343414872	111.76574327702767	4.5137501783653613e-007	-3.6652876607933576e-007	-1	
38.849729190366794	112.58931491139168	8.5906729807944621e-007	-5.3305251563437775e-007	-1	
41.656003379671901	115.12595458575295	1.9465185725985194e-006	-9.7309248631751422e-007	-1	
36.21898458028268	111.22392428245413	3.6813719528413577e-007	-3.1025554220329193e-007	-1	
37.98741568209077	110.62945989152382	3.0896467987345441e-007	-2.6411695813617223e-007	-1	
38.503447331159514	109.40883825936766	1.3510936445709267e-008	-1.160568709890055e-007	-1	
37.267264991243451	109.51699020016126	2.1347939933387872e-009	-1.0835501006508766e-007	-1	
44.809227881003913	110.29533604490362	6.2903245883756136e-007	-3.7706907890525123e-007	-1	
42.416364304068786	111.42034169073087	8.5686077519463675e-007	-4.7451150904546561e-007	-1	
39.862289460469896	110.70269412679681	4.1644317216864104e-007	-3.0513565436795297e-007	-1	
47.771637750767866	107.5686377136428	-6.691400397716529e-008	-3.4583765699023166e-009	-1	
47.156723710571974	108.65177467381244	2.1315303578469696e-008	-1.9424832575800144e-007	-1	
46.632337679698324	109.77690528498125	5.816646537329505e-007	-3.7208553135789173e-007	-1	
48.916130836804861	107.40521903582912	-8.2991834044647742e-008	2.4102716024499165e-009	-1	
50.0132272137119	106.80015152342335	-4.7832543629711867e-008	5.8487680085540406e-008	-1	
51.026355833341469	106.07519237458963	3.6329076349482106e-008	5.9938451629912474e-008	-1	
52.969588532157147	103.06933338206626	4.5976087752463756e-008	-3.0165168482011469e-007	-1	
54.268186285125154	101.7055111973998	1.1947785900786659e-006	-4.9935607460710763e-007	-1	
53.07813684177124	104.31004623833162	4.8827555482116469e-008	-3.3522339328183039e-007	-1	
52.128167839128103	105.49380982299849	-1.1117653889751714e-007	-3.9835912459214711e-010	-1	
38.294356431182194	125.66756937970734	3.0023476785511376e-006	-2.1408212172353753e-006	-1	
34.231923771806485	128.00964820543103	1.6608885277510411e-006	-1.9988421265786209e-006	-1	
35.247483154339385	127.9344165642114	2.0171914748341442e-006	-2.1540910663536801e-006	-1	
36.519393081321276	127.52713783833362	2.4651500662253765e-006	-2.2538818382624922e-006	-1	
37.80346732549085	127.23338566041296	2.9205036454249952e-006	-2.3378471798912477e-006	-1	
33.777820572695603	128.9211365179444	1.4280584773712854e-006	-2.0286927136215272e-006	-1	
50.446564630810656	69.221857694897892	7.894038576123679e-007	-6.1418968606583833e-007	-1	
50.271080330172587	68.715149398221541	8.3923039396229558e-007	-6.94280103066885e-007	-1	
50.228498360079648	68.367022872702378	1.0459447830141805e-006	-7.4519825736320128e-007	-1	
50.229282801418442	68.163645018845557	1.2236804945378231e-006	-7.648364303970184e-007	-1	
49.24768971642473	68.639845633332413	-2.7458205152990839e-008	-4.7620698708413883e-007	-1	
49.877480128825979	68.143815867395759	9.1007367160700845e-007	-7.4566380749083115e-007	-1	
50.008450404308164	68.156114700952358	1.0183045986360038e-006	-7.5417704415745587e-007	-1	
49.557805806634576	68.550021381615565	1.6009857637946105e-007	-6.373448764929904e-007	-1	
49.851405700245984	68.263227046174563	7.3236533817355643e-007	-7.5330331687410392e-007	-1	
49.784750255603818	68.422710156834583	4.7478353273516268e-007	-7.3728173223494029e-007	-1	
49.389247801872145	70.093132548212253	-1.5059565991977364e-007	-1.1204154485344302e-007	-1	
49.272655977468155	69.623616063250282	-1.8593060639653731e-007	-1.229697358843563e-007	-1	
49.115957082871489	69.165920924974728	-1.9814749790047309e-007	-1.9324789935385878e-007	-1	
169.5236186302522	-154.44640625283256	8.0178969428792548e-005	-1.0796734913259215e-005	-1	
171.31897893250525	-163.20632479576497	8.1422353077301629e-005	-1.0900601865502168e-005	-1	
189.36127403684432	-140.82122949202332	7.6519850206292945e-005	-1.0439064147233599e-005	-1	
186.76242872926977	-150.32352842775171	7.8172641580187411e-005	-1.0590753205640606e-005	-1	
178.51493638465934	-157.89805880388917	7.998724818167102e-005	-1.0763919360961475e-005	-1	
199.40246655672354	-67.596568699939425	6.4098684810508073e-005	-9.2424204832572122e-006	-1	
206.15844839446135	-82.378735348840891	6.6491582811270054e-005	-9.4694622630539566e-006	-1	
207.2993244388602	-59.850182994814432	6.2929163739091493e-005	-9.1102731252975716e-006	-1	
217.52805970315464	-48.150787429748767	6.1348618657399096e-005	-8.9312580278136656e-006	-1	
221.32940249380681	-38.736583808137574	6.012005285019285e-005	-8.7971566465040624e-006	-1	
224.3586862062285	-25.875284213401546	5.8505976358170626e-005	-8.6211864231715429e-006	-1	
216.1844349981159	-20.476869051419236	5.7453614854129816e-005	-8.5184481300249336e-006	-1	
208.52628625160168	-6.9021849345287167	5.5229139273646709e-005	-8.2843741003343615e-006	-1	
207.50274099496667	12.419392758384035	5.2790098922017273e-005	-8.0075687575089951e-006	-1	
218.33071175791318	3.3050963275588896	5.46066562595197e-005	-8.1994623008346655e-006	-1	
207.19598577479192	22.334312644238754	5.1667115065889487e-005	-7.8768603171238869e-006	-1	
189.29289411536223	28.802052453295072	4.9218247740985707e-005	-7.6172099306480775e-006	-1	
201.30843362713708	30.317824704520667	5.0291391441069191e-005	-7.7233644194495308e-006	-1	
202.30389862347153	-117.12503142526568	7.2118382438534389e-005	-1.0015398465389422e-005	-1	
196.90021203110484	-134.47992868577367	7.5078658884621154e-005	-1.029709307048432e-005	-1	
204.7788050898119	-127.23476175517963	7.3561790197065451e-005	-1.0146379008888094e-005	-1	
210.53764102333531	-91.006996343508817	6.7790729632633635e-005	-9.5902243629155106e-006	-1	
218.30886767407159	-106.72741283007996	6.9992878724190895e-005	-9.7924601432299531e-006	-1	
218.73314069608602	-96.925543898801237	6.8532696108481134e-005	-9.6511697036686215e-006	-1	
212.38887619428468	-114.55111674973506	7.1341068679366305e-005	-9.9283444802598069e-006	-1	
50.038784172576726	69.570086262901143	1.9736548271022222e-007	-4.6807856772887792e-007	-1	
131.94402920470077	126.46392210552904	3.683210182514495e-005	-6.1475869111533992e-006	-1	
140.23114645794234	119.89766951486851	3.7877481632443119e-005	-6.2531765399261224e-006	-1	
163.46755651162161	84.64768045252751	4.1461969806188523e-005	-6.671490344428022e-006	-1	
152.69218398193942	112.20491956805648	3.9780702079998761e-005	-6.469851105464255e-006	-1	
161.4068917116561	109.10467574477074	4.1151405725756783e-005	-6.630819216635115e-006	-1	
170.44076001954323	93.472646431742319	4.2457039622151728e-005	-6.7857408732317538e-006	-1	
170.19963511254068	106.23321164706631	4.2463571407898215e-005	-6.7849179059449873e-006	-1	
58.679229810442202	105.25143081811741	5.1135375406344519e-006	-1.352572125866848e-006	-1	
56.444245253818046	104.62928045137441	3.2026977356883441e-006	-9.7920293642375845e-007	-1	
57.055901046283644	106.90884771517209	4.1956261585461731e-006	-1.2401578651127843e-006	-1	
55.965256276725817	102.71410832356736	2.6181389193885503e-006	-8.1001995322067563e-007	-1	
178.5074719842529	70.6006073791566	4.4364940898410424e-005	-7.0227927493091346e-006	-1	
188.15218910165075	57.276966159994629	4.6493712567405211e-005	-7.2778048492173988e-006	-1	
197.63689605087424	45.728173645491609	4.84927702507938e-005	-7.5106575976514202e-006	-1	
174.77039923428245	82.884021905717404	4.3316920564377673e-005	-6.8915042563396536e-006	-1	
173.1194922476277	-171.85916636771006	8.2575443773887607e-005	-1.0996573409315416e-005	-1	
147.46355606967009	-254.12784621715133	9.5795906906981208e-005	-1.2121655578960665e-005	-1	
134.23170334653403	-266.99046590967754	9.8801628974784153e-005	-1.2374735898192005e-005	-1	
124.52649290258113	-271.00220087156413	0.00010053603387351494	-1.2521245535692289e-005	-1	
148.54608299115176	-266.48525674390714	9.6820460257272668e-005	-1.2202684051828974e-005	-1	
172.30996659584056	-223.1708895266984	8.9434812183212297e-005	-1.1575578094618742e-005	-1	
171.67242579902592	-212.43543780475039	8.8226156551124269e-005	-1.1475570005960475e-005	-1	
177.24937483821836	-203.24011174440159	8.6490658822235719e-005	-1.1323186259082822e-005	-1	
172.79756599186263	-192.39128323520362	8.5529551587514474e-005	-1.124812590124642e-005	-1	
169.7222516311675	-235.11838066401324	9.106550047737746e-005	-1.1713560005298225e-005	-1	
156.88556833519112	-250.29965192791627	9.4207686407227323e-005	-1.1983825450393136e-005	-1	
164.78560772279684	-244.23078102489285	9.2615807153876621e-005	-1.1846094152929054e-005	-1	
173.53312577486449	-180.68766696363576	8.3831120566426733e-005	-1.1102925400289516e-005	-1	
122.64966918036345	-281.70604444556722	0.00010169764375850604	-1.2613166166105794e-005	-1	
116.91051143345504	-290.1749627058494	0.0001031843770902517	-1.2734116442537591e-005	-1	
114.93255857155205	-300.21230351999583	0.00010418826550581606	-1.2813496896083205e-005	-1	
73.783450339915319	-350.98124070967663	0.0001129404692597971	-1.3513606061230896e-005	-1	
79.448421067140998	-348.70723736926783	0.00011200504633649094	-1.3439284617589728e-005	-1	
84.423419949147927	-343.8291257097581	0.0001110720658466386	-1.3365065948019908e-005	-1	
65.889741373141703	-357.97292859661837	0.00011435974802550561	-1.362573967947173e-005	-1	
71.90046611095822	-356.78790540862497	0.00011341147399200376	-1.3550794029080321e-005	-1	
104.03121879661121	-310.51979898625331	0.00010646474155937375	-1.299817844251298e-005	-1	
104.52771256050629	-319.85152935199619	0.00010693330880105604	-1.3033844360632833e-005	-1	
91.116646032206788	-345.76492317841928	0.0001101591782263185	-1.329167874168057e-005	-1	
98.553481179865443	-338.8762939779794	0.00010877483626239562	-1.3180570951911623e-005	-1	
111.90850933916801	-332.33057146493013	0.00010654012496660132	-1.299939618317488e-005	-1	
107.29767791236299	-337.20391898361504	0.00010743852014564065	-1.3072206546689738e-005	-1	
108.11908154158949	305.01217621886309	6.9631316436737461e-005	-9.4542385849997736e-006	-1	
115.63234202405648	299.22551633606247	6.7533684522649832e-005	-9.2716824605487884e-006	-1	
120.99190336283684	277.05296409854697	6.3906762757921231e-005	-8.9598623500908057e-006	-1	
122.58728761873222	288.19287343355927	6.505565819500942e-005	-9.055396484914672e-006	-1	
82.033402450379469	328.54148750527418	7.7882214251334255e-005	-1.0151942523253763e-005	-1	
87.981781525828609	327.07524120787389	7.6216268125517533e-005	-1.0012850644944534e-005	-1	
93.903665108013541	325.5054046976187	7.4607203509506135e-005	-9.87744266590983e-006	-1	
95.141563203650648	318.6487148589697	7.3788398760766641e-005	-9.8088368932392062e-006	-1	
99.881768336580123	313.54214629129501	7.2248059128975875e-005	-9.6781665759701732e-006	-1	
139.65007267911193	234.23711245503597	5.5257293487838093e-005	-8.1723253715018453e-006	-1	
122.04406688237327	266.4620462078588	6.2226885384080718e-005	-8.8154593651991667e-006	-1	
128.73375463791578	252.97160347333067	5.9245918144025183e-005	-8.5471603371553616e-006	-1	
135.79197792786749	246.43091146201945	5.7515470534223503e-005	-8.3832492797431767e-006	-1	
129.53985311002702	261.47456939377486	6.0480607822659619e-005	-8.6539188694041846e-006	-1	
37.899318108813858	129.71472620865791	3.0359416700817753e-006	-2.7979025991635821e-006	-1	
37.93344104800164	130.8977859042387	3.0301373179199618e-006	-3.0394200344398817e-006	-1	
37.436096999613532	128.49836631253282	2.8276309240431074e-006	-2.526437712344762e-006	-1	
37.230857435658265	129.24689255794436	2.7539564983888383e-006	-2.6563223299644007e-006	-1	
50.504627429365783	112.67739828283609	3.068535045961564e-006	-1.1378854881838993e-006	-1	
52.052203524228155	112.14264507459198	3.3673686116135558e-006	-1.2031005720536216e-006	-1	
54.313778474293962	109.84406377354709	3.1707289317214336e-006	-1.1567036224157937e-006	-1	
52.893441852997796	110.19568933793906	2.4908713371540527e-006	-1.0086073766421406e-006	-1	
44.688716979294036	113.14630018455411	1.8207965813659021e-006	-8.2768834555531004e-007	-1	
48.903956251049699	112.33271793523119	2.3743014851845626e-006	-9.518270036898078e-007	-1	
47.45546140092511	111.76305431322362	1.7287519083662245e-006	-7.5901079231023051e-007	-1	
37.141878589376226	131.68408758601697	2.6009199792947875e-006	-3.1935584116105556e-006	-1	
55.924524179220754	108.20565774554782	3.643953226837116e-006	-1.1942435306690479e-006	-1	
54.907033819506786	108.84294262643576	3.0531237459902049e-006	-1.1212016918459253e-006	-1	
145.08886045084577	141.87723363626958	4.0808058288965254e-005	-6.6287103535302201e-006	-1	
155.24107308397507	159.46315545652081	4.4140748738286677e-005	-7.0107213103467356e-006	-1	
154.74376782528012	147.8181676257089	4.2772647613290749e-005	-6.8487457799985429e-006	-1	
158.09623510886715	170.03550199703065	4.566714286968682e-005	-7.1807521213754145e-006	-1	
152.31993607901194	135.65634239193585	4.1290520995500769e-005	-6.6697237049208386e-006	-1	
149.67314909252178	124.65588049189815	3.9947909508924908e-005	-6.5012517168304503e-006	-1	
150.69897674307151	228.50406216882632	5.3815234564632121e-005	-8.0239932440052459e-006	-1	
157.85960284857202	213.81845267606212	5.1546371775636017e-005	-7.797295632749875e-006	-1	
158.77095189138475	223.35136828399359	5.2819737258463294e-005	-7.9205785254036611e-006	-1	
162.857637866685	201.8265440145708	4.996704913519858e-005	-7.6343192013017703e-006	-1	
164.39904955121739	188.92653326238064	4.8357310639329199e-005	-7.4660746396591259e-006	-1	
161.50112275959918	179.39644627466296	4.7041947224555884e-005	-7.328392432107976e-006	-1	
35.356481710869801	131.62389559950762	1.851427719250636e-006	-3.2523238858369964e-006	-1	
36.027119215551615	131.73048800781035	2.0875768028841474e-006	-3.2308903067035507e-006	-1	
35	131.3136695106005	1.8276566554170103e-006	-3.191644972382967e-006	-1	
34.637756799201263	131.00675810131384	-5.7839319943048347e-007	6.586983782669566e-007	-1	
34.202783403890038	130.50197966556135	1.3889181669074178e-007	-4.1871879699474895e-008	-1	
34.413061662513364	130.72260458791885	9.0282813984753886e-008	-8.0058039199233264e-008	-1	
34.344708211667317	130.21885997610718	-6.248255846651055e-007	3.0517390190176979e-007	-1	
34.150532667213753	130	1.4559472052419805e-006	-2.2226284949708433e-006	-1	
33.897866900225488	129.57957087500196	1.3990882499817717e-006	-2.1295766113954558e-006	-1	
33.886783217758342	109.2967290817719	-4.1144916729798785e-008	-7.2285910643699956e-008	-1	
34.294166588869757	108.93875214374187	-4.3625061302038077e-008	-1.6782020878129394e-008	-1	
33.479887808778592	109.77529966208088	5.2729207607249982e-008	-1.5847548698089984e-007	-1	
33.625373416137414	109.68196291188207	1.8060687847320963e-008	-1.4047148967480464e-007	-1	
33.852317865106663	109.55465168710107	-1.9237135015335219e-008	-1.087345649592984e-007	-1	
34.602025487134014	109.30844734509613	-4.1698868629492869e-008	-4.5206201149590031e-008	-1	
35.072856355164284	109.35090101426759	-3.1685477811604926e-008	-5.3221340191069397e-008	-1	
35.645172764171541	109.09833145701562	-3.1437935794600068e-008	-3.1575832153809626e-008	-1	
36.031082651327381	109.62514214095486	1.2991964839374184e-008	-1.0689184692113311e-007	-1	
34.283436565215219	110.68835186444616	2.120275043050253e-007	-2.3894765124399494e-007	-1	
35.179178561635759	110.88394461338825	2.6395516966907412e-007	-2.5967376728077247e-007	-1	
33.647477579188866	110.12859324875055	1.1263594587806237e-007	-1.8872785512063049e-007	-1	
33.996600375319311	110.10922567443838	9.5859982196976096e-008	-1.7580274283270048e-007	-1	
33.532643542915253	109.96085720132089	8.6055817056641859e-008	-1.7533885086126246e-007	-1	
33.486229709906326	109.84778792366981	6.6717926128614791e-008	-1.6568608080810992e-007	-1	
36.710693064905257	110.27423434275919	1.7259811832024301e-007	-1.9834092390221627e-007	-1	
35.772182914801739	110.22534979674164	1.3881068845109919e-007	-1.8093326618413531e-007	-1	
48.392906050488044	108.54362273301882	5.3437753242561241e-008	-2.3632834963185602e-007	-1	
47.871352221541464	109.70112556034601	6.9467708619458347e-007	-4.2642649770390247e-007	-1	
48.363106958793871	110.87321938567982	1.4323322004812078e-006	-6.6546629978600768e-007	-1	
49.629088390404107	108.43547079222522	4.0819106855574557e-008	-2.8709656635327352e-007	-1	
50.865270730320177	108.32731885143161	5.7889881696698876e-008	-3.2382433546976299e-007	-1	
51.582244287717884	107.57242325242025	-1.6015136233530207e-007	-6.0987538673068561e-008	-1	
52.176986116043835	106.55273328374663	-1.4227284744685813e-007	2.9596300076523433e-008	-1	
54.194683651825812	103.58725624875505	1.1199049197480237e-006	-5.3538581297923423e-007	-1	
53.838156227840699	104.86865795939138	8.1677451897671926e-007	-5.1324209684814144e-007	-1	
53.186685151385333	105.550759094597	1.7115927749899055e-007	-3.8936293639404115e-007	-1	
52.634362105550245	105.914942067702	-9.3112837545277472e-008	-1.5747441430859469e-007	-1	
34.608273344782205	128.95589429298553	1.7431941951369175e-006	-2.210933820545331e-006	-1	
35.354989578137108	129.13460334128317	2.028310423129853e-006	-2.3967376418458453e-006	-1	
36.093149802418871	128.79281848134679	2.3135338566596324e-006	-2.4389256949078549e-006	-1	
34.250815071005093	129.39465856376293	1.5668412056894072e-006	-2.1912634614341713e-006	-1	
49.984510017769679	68.949729834768448	3.2644424460373951e-007	-6.1824354551950294e-007	-1	
50.055932396563563	68.474652585251377	7.5030551213464555e-007	-7.3181969497894531e-007	-1	
49.957372940366156	68.639551620702107	4.6837742462004695e-007	-7.1104351547794187e-007	-1	
50.043305140613725	68.282959573626826	9.2002334688875733e-007	-7.5133591919577184e-007	-1	
49.52334045398289	68.807943986944736	-3.39014237133345e-008	-5.1642373391101713e-007	-1	
49.923893961834906	68.256885145046837	8.1644258341517386e-007	-7.5411746978027697e-007	-1	
49.93023586296264	68.329373406635767	7.363241621899711e-007	-7.5630750346630992e-007	-1	
49.626403132983548	69.293612528218205	-7.5336730235940334e-008	-3.710675461365858e-007	-1	
179.02210220077095	-166.11718147927101	8.1191146981095008e-005	-1.0867802365954515e-005	-1	
199.02630842927721	-144.65959873869812	7.6495791676124713e-005	-1.0422690603860105e-005	-1	
196.30604054627554	-154.69683495816798	7.8158614957653504e-005	-1.0575850593606739e-005	-1	
188.24580009939291	-161.4228189353353	7.9740298017004363e-005	-1.0727287733220706e-005	-1	
213.36265812070386	-75.919356269300437	6.5439922762349084e-005	-9.354248068151001e-006	-1	
219.19227711757168	-85.782755333883003	6.6884578807625274e-005	-9.4894338928950037e-006	-1	
218.23055816690407	-58.15460489690647	6.2812719725228127e-005	-9.0817761388096937e-006	-1	
227.54892391272298	-48.540849605781681	6.1601501642829227e-005	-8.944649815021578e-006	-1	
232.65106250228266	-36.162464703727323	6.0087196746567351e-005	-8.7802193166211949e-006	-1	
226.77154698439102	-15.971036670495835	5.7353444385707002e-005	-8.4935531242047618e-006	-1	
236.16234698383721	-19.937003374384091	5.8201935342761421e-005	-8.5753224811247218e-006	-1	
217.96115904383575	-10.843358749363601	5.6283479940944622e-005	-8.3873984189666157e-006	-1	
220.88011540534217	17.795477245226127	5.3191530449847986e-005	-8.0351123089973056e-006	-1	
226.21088187671489	-6.8015194186727754	5.6224594917770451e-005	-8.370334598276899e-006	-1	
235.58726893396624	2.2580104125706661	5.5697327989988392e-005	-8.3018329326713849e-006	-1	
229.17561163514506	10.918327659118253	5.4439605699471798e-005	-8.1676483411408669e-006	-1	
212.57875015001488	30.666514201381545	5.1286548237131443e-005	-7.8242007847550399e-006	-1	
205.97773645618673	39.808080648384291	4.9859115114186939e-005	-7.6632904145214861e-006	-1	
206.28446764371455	-137.83182043722229	7.5068030970329756e-005	-1.0283331193956681e-005	-1	
215.45340405346636	-128.02064304521511	7.3187026136534576e-005	-1.009805350133593e-005	-1	
224.31283491275849	-117.42206038177603	7.1328099427552717e-005	-9.9132549070305335e-006	-1	
227.62636631675792	-103.654814387928	6.9300235651515639e-005	-9.7152635885684451e-006	-1	
228.77185085517803	-92.067885862488851	6.7660679073440694e-005	-9.5544734858226172e-006	-1	
160.195047111333	119.49674540763534	4.1360182678846263e-005	-6.6600360545395196e-006	-1	
175.2675445843827	113.93444885316202	4.332809791933852e-005	-6.8861359472202151e-006	-1	
170.40786607067815	121.76875071502423	4.2934261987719489e-005	-6.8427258825329906e-006	-1	
180.94575722787033	97.491430495390034	4.3931690084458534e-005	-6.9570583090453037e-006	-1	
184.00771826381566	111.00151091098091	4.4387565308606852e-005	-7.0080587877545136e-006	-1	
55.500785029130988	106.17172897073303	2.6171299111249641e-006	-9.2800642810012445e-007	-1	
54.791326710542521	105.3621685190451	1.790224650672496e-006	-7.3260229194216548e-007	-1	
55.367060778378082	107.23982871116559	2.7742450109016751e-006	-1.0090873866699368e-006	-1	
186.13472100415601	81.573702939311346	4.4948178546893373e-005	-7.0813145027731003e-006	-1	
191.39711926407026	69.778535554439344	4.6128085734227548e-005	-7.2239650738785523e-006	-1	
197.69808046926082	55.159143455179311	4.7769181256104353e-005	-7.4203644372481457e-006	-1	
206.02663480062523	50.036214823941613	4.9028214030341497e-005	-7.5624676260864102e-006	-1	
181.40486892995233	-174.47145981728477	8.2203570801499788e-005	-1.0951885932744621e-005	-1	
157.44411068645957	-260.82866009420349	9.5159760914113458e-005	-1.2060529137046651e-005	-1	
140.08436940476398	-278.04190435873755	9.8953546041482049e-005	-1.2380772495108105e-005	-1	
150.06577853132501	-277.11090817066855	9.7556372308344797e-005	-1.2260616616250865e-005	-1	
159.62152658858642	-274.08056807092072	9.6087008457114217e-005	-1.213430275707677e-005	-1	
181.16268769357183	-224.2521266715857	8.8593251200467163e-005	-1.1496063944882483e-005	-1	
186.2889096969017	-216.95407264532113	8.7223011980452276e-005	-1.1375327909763115e-005	-1	
190.64970656715852	-206.33613654186973	8.5536241748615269e-005	-1.1227216666810039e-005	-1	
184.45891670214371	-193.62764145121724	8.4541449236517739e-005	-1.1148803259080198e-005	-1	
184.33475456247425	-182.64992630037571	8.307961387002123e-005	-1.1023512148751159e-005	-1	
178.41753953362209	-238.80043507469722	9.0478291959026627e-005	-1.1656586802305607e-005	-1	
173.3347149316146	-245.86635554972037	9.1784452887594628e-005	-1.1769715644081013e-005	-1	
165.90285165240877	-254.53408435036849	9.3517542421894719e-005	-1.191912207544263e-005	-1	
139.07721464618453	-288.60027714101676	9.9937817724023235e-005	-1.2459924065807467e-005	-1	
132.24767626406182	-296.71514017155619	0.0001014847592538837	-1.2587890173224299e-005	-1	
129.73695175455657	-306.67349040136946	0.00010252508679291862	-1.267210216332807e-005	-1	
112.52734032973834	-315.02103732423689	0.00010548910131548296	-1.2916298055815358e-005	-1	
122.01132093914438	-313.44010738226956	0.00010403979570479562	-1.2796654058069934e-005	-1	
77.889593879969112	-355.49816109429582	0.0001124760212674791	-1.3476598020732422e-005	-1	
83.855300333837917	-354.1040885222431	0.00011154725062533358	-1.3402605953928125e-005	-1	
89.795768260587749	-352.60611234047713	0.00011062025892463828	-1.3328480116095967e-005	-1	
116.54611870411929	-323.75571808878721	0.00010542010486105126	-1.2908751455609102e-005	-1	
95.709188136141464	-351.0046888470539	0.00010970483405506578	-1.3255009570648337e-005	-1	
97.182533056542155	-345.08081855154234	0.00010924722483952104	-1.3218275909405574e-005	-1	
102.98709068482886	-343.42807722175183	0.00010834319337544893	-1.3145294851782674e-005	-1	
114.10963403838041	-338.66810509740912	0.00010655239104034865	-1.2999914909908917e-005	-1	
118.54747784055239	-333.29668725608093	0.00010566435147038041	-1.2927557436974523e-005	-1	
113.26919109078761	-345.58476924210015	0.00010700040778098846	-1.3036213843551179e-005	-1	
107.44768738153319	-347.49348252413557	0.00010789869176375486	-1.3109162480164359e-005	-1	
106.65858793757619	315.16119024813185	7.0871488092948267e-005	-9.5589150653067606e-006	-1	
112.96713960722636	308.3266817424232	6.8946342317049368e-005	-9.3929107108743934e-006	-1	
122.41932597281154	305.84906255813684	6.6913781898275213e-005	-9.2138041762415514e-006	-1	
130.46617510823518	298.58583304893386	6.4830403282873649e-005	-9.0293317072770781e-006	-1	
130.04796117425775	270.58508056450046	6.1693576459361901e-005	-8.7588507171990408e-006	-1	
131.97534060322459	279.50386950323247	6.2562135203807028e-005	-8.831826288557996e-006	-1	
135.08780840996985	291.91140238825216	6.3453684298493687e-005	-8.9066521521639236e-006	-1	
99.797249333828574	323.83245616191715	7.3080505831562886e-005	-9.7478690415410458e-006	-1	
105.66073896042606	322.05690519709935	7.1613408953857222e-005	-9.6222374839739215e-006	-1	
149.98705529718168	240.64543858586509	5.557673511534163e-005	-8.1897702353993469e-006	-1	
136.8941870589168	256.48767072196785	5.892183043673873e-005	-8.5074937417898696e-006	-1	
144.09933580248224	251.28755362927072	5.7505727989510294e-005	-8.3723327300704776e-006	-1	
138.96600809660737	272.5158904172884	6.0800455402290836e-005	-8.6712766984518508e-006	-1	
143.76814969827271	263.87640433614996	5.9162014668241774e-005	-8.5217107534307455e-006	-1	
37.141836175274825	130.01792435617463	2.7095114593600121e-006	-2.8182963408796065e-006	-1	
36.490186613173123	130.76132884596737	2.4029103588279603e-006	-2.9709224761505686e-006	-1	
36.498491202319329	129.50390329497182	2.4625873229273519e-006	-2.6457761503381803e-006	-1	
49.915461372963762	111.14970848412023	1.9670703043460486e-006	-8.3340403212590483e-007	-1	
51.466327634296576	110.10424668176644	1.7529657589424545e-006	-8.0361466355845629e-007	-1	
54.10282306421896	109.04271405193555	2.4634788924573028e-006	-1.0331373651937959e-006	-1	
53.684759117178054	109.30462127453511	2.3155510554684849e-006	-1.0026255898122967e-006	-1	
52.236417850169985	109.26767517713203	1.365412089829122e-006	-7.5751944518007631e-007	-1	
52.880289848599013	109.05871183256328	1.5187975895413114e-006	-8.3840719779920592e-007	-1	
54.725145671162103	108.15171475780886	2.5025939225923451e-006	-1.0156878472946272e-006	-1	
54.131800144100595	108.55023746781526	2.140189890186037e-006	-9.814384615817254e-007	-1	
171.49502178523429	160.69722068802145	4.5725932515136344e-005	-7.1720425873956225e-006	-1	
164.4926603961961	153.60358262521589	4.4425939974746933e-005	-7.0301052259767158e-006	-1	
165.92482888954353	144.46844766429783	4.3786303068175486e-005	-6.9524231602146151e-006	-1	
161.84482717329576	136.17053326711709	4.2631141921569642e-005	-6.8178895817140807e-006	-1	
169.59536086466659	170.48210977148295	4.6548109268347248e-005	-7.2660535993916152e-006	-1	
158.16258819119253	128.11635837934546	4.1545889454611122e-005	-6.6882458515711392e-006	-1	
158.9956512013427	235.08210607882319	5.432654282312155e-005	-8.0646903659833872e-006	-1	
169.3677839032535	213.06950741264276	5.1345149586390655e-005	-7.7684329747711816e-006	-1	
167.03433061923397	228.19116260461385	5.316337384804303e-005	-7.9480698332297978e-006	-1	
174.05312787858381	195.23509267353	4.936338337048907e-005	-7.5642397384893465e-006	-1	
178.41088955781575	205.91259534699935	5.0542202323699906e-005	-7.6826463914312001e-006	-1	
171.14622602717427	181.8849238495784	4.7826776004626462e-005	-7.4042517882390492e-006	-1	
35.274147468987152	131.15855646614693	1.9314674816557544e-006	-3.1116920825542201e-006	-1	
35.798897099128276	131.09093248264551	2.105237450452376e-006	-3.0635420477306021e-006	-1	
35	131.00344342169336	1.8992384617360952e-006	-3.0777810939194724e-006	-1	
34.709474481196786	130.65166980565331	-6.9377658359871624e-007	6.2810904697083037e-007	-1	
34.512188289290592	130.43439248845272	3.5509815434802903e-007	-8.5885102189103709e-008	-1	
34.538883756120882	130	1.6409057297446463e-006	-2.3286913029388922e-006	-1	
34.63597152834766	130.19111990469693	-3.4951579281056273e-007	2.423631232183822e-007	-1	
34.344708211667317	129.78189111952369	1.5709099148452233e-006	-2.2573766861492486e-006	-1	
34.16243395531653	109.46482743538422	-3.5893072172971684e-008	-7.9107911145366912e-008	-1	
33.558717971495248	109.84144602254209	5.685337457542143e-008	-1.6221124050906841e-007	-1	
33.867763556474259	109.8144080373437	2.9391554122524953e-008	-1.4428750216929943e-007	-1	
34.176809141453276	109.78737005214529	1.600715571845168e-008	-1.2779568079330913e-007	-1	
34.794900311411311	109.73329408174848	1.1384955540777842e-008	-1.0867323204845517e-007	-1	
34.485854726432294	109.76033206694689	1.090034871486014e-008	-1.1584817795164808e-007	-1	
35.412991481369346	109.67921811135167	1.3603556610116758e-008	-1.047830928097645e-007	-1	
34.359333534603152	110.09391081965506	8.7628691570669232e-008	-1.6493964218219228e-007	-1	
34.68373490535987	110.24239026904581	1.2207682124530678e-007	-1.8023700329989909e-007	-1	
35.136162768678247	110.07449663183235	9.2968221708140981e-008	-1.5691334187697375e-007	-1	
33.723035243745265	109.93987844588391	6.7910511525974735e-008	-1.6525126329794847e-007	-1	
49.130918882839453	109.86025763601243	9.670345296748714e-007	-5.3620273065932706e-007	-1	
50.597302704481564	109.40808024039102	9.4323924179948737e-007	-5.6692639268670364e-007	-1	
52.101453070236246	108.21916691063799	1.8618767293210068e-007	-4.8305111701364401e-007	-1	
51.624480489116706	108.97824557276944	8.5093175593696632e-007	-5.9633191019019568e-007	-1	
52.377019622361985	107.80946182888077	-1.0987617474039323e-007	-3.8847792198300807e-007	-1	
52.497889670529965	107.30015686937112	-2.2757061104037916e-007	-2.0422068110190023e-007	-1	
52.910862724261278	106.51254763221768	-7.5664965485793368e-008	-2.9506391799594559e-007	-1	
52.865820268902155	106.98531693748954	-1.4594057365679282e-007	-3.2156867229682934e-007	-1	
53.789092523597169	105.8106076794044	8.0520882966127532e-007	-5.5194060708391035e-007	-1	
53.240959306192366	106.17111552272968	2.0108458310910282e-007	-4.3253475827273606e-007	-1	
34.6385385740587	129.48650332019608	1.7256403506540694e-006	-2.3027111199820917e-006	-1	
34.93474751575539	129.37527066278699	1.856527042390645e-006	-2.3598388312446305e-006	-1	
35.381866097816477	129.6181339021835	2.0370819692579987e-006	-2.5269995323258423e-006	-1	
35.68005583074536	129.49356863493966	2.1505753000744969e-006	-2.5439882587247037e-006	-1	
189.93259889836528	-171.63400654651628	8.1071806120870939e-005	-1.0841740722420133e-005	-1	
208.94719747180335	-154.90454088110303	7.7343590788555699e-005	-1.0487381221551247e-005	-1	
197.89211707046098	-165.07424782371891	7.9527572216338019e-005	-1.0695835896847769e-005	-1	
224.32193909764592	-75.537870428427425	6.5363840413285192e-005	-9.3322003793177e-006	-1	
233.55589954091408	-81.45271155144232	6.612931202868802e-005	-9.3981527254581453e-006	-1	
228.88865033240654	-59.162315741648094	6.3062823938504122e-005	-9.0938886618855312e-006	-1	
240.92519504238885	-47.965000983182996	6.175189112012566e-005	-8.946133847937249e-006	-1	
243.22048569446304	-33.735005454666052	6.0056078889160255e-005	-8.7665050824055961e-006	-1	
234.79507858502737	-10.073515578120849	5.7007794860306743e-005	-8.4470886646069139e-006	-1	
245.82124056774495	-16.701666964588302	5.8167760946265682e-005	-8.5628225404375362e-006	-1	
250.53720884966816	-25.73057997301288	5.9322409593243727e-005	-8.6825083463979546e-006	-1	
227.20529793157164	24.339418755002491	5.2994356346403206e-005	-8.0053077557925862e-006	-1	
244.14726683038992	-6.6538095374324975	5.7024079228265368e-005	-8.4402519856718988e-006	-1	
246.07012330796971	8.8004765364026127	5.5546580711732295e-005	-8.2762589159619889e-006	-1	
235.1444465988076	19.889584722926873	5.3913936426436749e-005	-8.1025675370378154e-006	-1	
224.0075411668044	32.86030228588578	5.1992569671289504e-005	-7.8928850719258934e-006	-1	
216.08391947154379	41.383575688491007	5.063840497294919e-005	-7.7427831448154425e-006	-1	
215.41022503889911	-141.83431761779102	7.5142582989965121e-005	-1.0279488056370404e-005	-1	
224.98462689985786	-135.04302206422264	7.3732098709409791e-005	-1.0138890054282708e-005	-1	
232.79534360599561	-126.28039855139792	7.221677694629456e-005	-9.9890690602639471e-006	-1	
234.70405645616003	-115.96218468065487	7.0779952531572411e-005	-9.8507121890326443e-006	-1	
244.84993980143565	-101.21927746256496	6.8571070096307073e-005	-9.6285000216562585e-006	-1	
244.47406487036673	-112.13391381600752	6.9988775582777101e-005	-9.7663011774437694e-006	-1	
240.41343990443394	-91.86184729901187	6.7438223443359803e-005	-9.5212380366895593e-006	-1	
166.91896618801209	129.44091922013237	4.2850392315643789e-005	-6.8370412329585139e-006	-1	
184.18305916047163	123.98563204745112	4.469717774416457e-005	-7.0439525510938235e-006	-1	
176.2977829197155	129.07654461282644	4.3986876589488485e-005	-6.9648964096898118e-006	-1	
193.25929612083854	90.849355270156266	4.5588232726234786e-005	-7.1502478996222727e-006	-1	
193.8494667757486	102.53049371441946	4.5504326059543653e-005	-7.13711710431852e-006	-1	
195.30807949873497	117.39838374674264	4.5735890707276952e-005	-7.161427084377743e-006	-1	
54.450101041271552	106.40578534942699	1.5873739169421195e-006	-7.5305928558060948e-007	-1	
54.253791459449531	107.30481017365416	1.598187604831518e-006	-8.3043983798470948e-007	-1	
201.42422295049465	79.255371071040742	4.6860357241723368e-005	-7.2999779416165721e-006	-1	
203.58493596288071	62.966457167877259	4.7901591774106383e-005	-7.4272793602874107e-006	-1	
212.58045324827819	61.446759247515509	4.8895606066419102e-005	-7.5374188607237069e-006	-1	
218.42577192258631	54.442398991444897	4.9868212641772786e-005	-7.6481847483365415e-006	-1	
167.81170406105522	-265.93000398787166	9.4360076998133466e-005	-1.1987007878128363e-005	-1	
154.06122362122136	-286.30502044905728	9.7795708826432941e-005	-1.2277289047757261e-005	-1	
170.15735603093475	-276.4773300376059	9.5008710764558397e-005	-1.2039262885547194e-005	-1	
169.06103156784988	-288.49465279496093	9.6126773535796622e-005	-1.2132483544010196e-005	-1	
185.18304460117088	-232.21306097185604	8.9041544372646736e-005	-1.1530248708527036e-005	-1	
196.05403235723585	-224.13277229396243	8.7056447483617938e-005	-1.1352806622244237e-005	-1	
202.09286623416224	-214.47405518556468	8.5397313538888072e-005	-1.1205210071806881e-005	-1	
201.97282403984966	-204.45355131398344	8.4255336162953186e-005	-1.1106315170529589e-005	-1	
196.17888794462374	-196.27704763005914	8.3787519446858739e-005	-1.1071053526120276e-005	-1	
194.44074192205065	-186.93882658576655	8.275855360195205e-005	-1.0983604476680165e-005	-1	
181.86633000658867	-247.59085034721906	9.0997909576395007e-005	-1.1697528993610426e-005	-1	
193.52716658866007	-240.88530618347266	8.9076619302079588e-005	-1.1527188535655807e-005	-1	
175.80641556949209	-258.73303543426613	9.2756258120181321e-005	-1.1848675695912128e-005	-1	
144.24940745228776	-297.85997573728849	9.9953357763107588e-005	-1.2457846439844588e-005	-1	
138.97816565078202	-308.702771034492	0.00010141398609997926	-1.2578321925933465e-005	-1	
133.33100485265621	-316.29405479179337	0.00010266092774276438	-1.268128214892448e-005	-1	
126.27919781670279	-324.30590172397086	0.00010410365383022758	-1.2799931955601238e-005	-1	
101.59375867552043	-349.30030585108295	0.00010879731416194645	-1.3181880672739139e-005	-1	
119.05649651685974	-343.57474741753265	0.00010611572692250878	-1.2964080837815201e-005	-1	
124.80784079045385	-341.46402932255216	0.00010523189237105601	-1.289172197978808e-005	-1	
125.40638366540101	-334.52224758689783	0.00010479231741762508	-1.2855800441674893e-005	-1	
111.49234791206486	320.17929265318952	7.0212346410692447e-005	-9.5013819164607379e-006	-1	
112.68561390717188	314.19271593544545	6.9511702630330985e-005	-9.440920019119986e-006	-1	
118.04688395755761	311.27385177633289	6.8200157268815515e-005	-9.326481316251512e-006	-1	
128.77817887071814	313.93995932660664	6.638872606745906e-005	-9.1661752607804943e-006	-1	
123.05282858441174	316.12020149869966	6.7609720426830872e-005	-9.274071196649565e-006	-1	
129.29257637912701	306.99143556670214	6.5769430852980287e-005	-9.1116217345944075e-006	-1	
135.23736346341329	305.60489632996286	6.4644927355462427e-005	-9.011022710573987e-006	-1	
138.94019559258908	299.0574944682034	6.352227477284191e-005	-8.9105452664402921e-006	-1	
143.08197822700478	285.85028020810347	6.1704947692740029e-005	-8.7478642720819019e-006	-1	
143.11656190706555	293.11416433594763	6.2381403249499992e-005	-8.8077567918497742e-006	-1	
158.93441251022102	245.05833160226999	5.5541188484476083e-005	-8.1790728075488074e-006	-1	
161.38028990257803	254.73027606310714	5.6470994290959597e-005	-8.2637573321840173e-006	-1	
156.36118609489711	263.94183115793521	5.7917300387644291e-005	-8.3996886289728403e-006	-1	
148.35550303545801	275.60436390785429	5.9997349144606965e-005	-8.5926778262962478e-006	-1	
36.183153111895471	130.25922120907768	2.3184485577784647e-006	-2.8198625441625926e-006	-1	
35.734072634293199	130.63962674868807	2.1362282894767245e-006	-2.9201859011098784e-006	-1	
53.774162657543094	108.67480755002386	1.8741633694798052e-006	-9.4700393194596848e-007	-1	
53.400363603667138	108.73560676460816	1.5838313480657287e-006	-8.966560714737788e-007	-1	
52.44835022346534	108.62477433027948	7.9317910618635042e-007	-6.7458314507290192e-007	-1	
52.95290487252683	108.45076392858722	8.8757609342898235e-007	-7.8365659864560461e-007	-1	
54.029977748375465	107.98551961948266	1.6450588937799913e-006	-9.0050149683379088e-007	-1	
53.727063946646872	108.14346645241801	1.3848708179964358e-006	-8.8854647972028102e-007	-1	
178.01015320629065	153.87145624260125	4.5697606274959977e-005	-7.1636891572993432e-006	-1	
181.25252189869704	162.73289195926145	4.661982518234398e-005	-7.2657217679745263e-006	-1	
175.16258850717284	144.87538082148922	4.4774301909717951e-005	-7.0591348872712783e-006	-1	
170.88710316993871	136.87654164563966	4.3800713076232949e-005	-6.9477994109547298e-006	-1	
179.34232504869607	176.59979240849003	4.7703810071385405e-005	-7.3856984815197083e-006	-1	
171.6227778664682	242.78758722960049	5.4551714294982964e-005	-8.0784833580429927e-006	-1	
179.26221768494349	218.99397619344327	5.1859734357498313e-005	-7.814345600196854e-006	-1	
177.79505063653994	229.77057379420444	5.2973743260664749e-005	-7.9242399034401385e-006	-1	
185.58184627613153	194.93877813630237	4.9572278757295376e-005	-7.5807566670817098e-006	-1	
179.60300405373221	186.74203810906397	4.864870777859158e-005	-7.486336576247998e-006	-1	
189.70136407449746	212.57386171443346	5.1147742038691082e-005	-7.7401962882069243e-006	-1	
35.328706291125236	130.84833037723979	1.9969627698376906e-006	-2.9974965937148038e-006	-1	
35	130.69321733278625	1.9497861600400584e-006	-2.9522184650444229e-006	-1	
34.776415510524807	130.36592486225231	-6.5811825331337925e-007	5.7028114044217042e-007	-1	
34.733059300574439	130	1.7380649971917392e-006	-2.3981110903350161e-006	-1	
34.63597152834766	129.80289840785022	1.7051084291812752e-006	-2.3461745940926477e-006	-1	
34.846933175511282	130.15306682448872	-1.3813404284166251e-006	2.0217468573904529e-007	-1	
52.719544240194281	108.1650909402412	3.303888524773117e-007	-6.811699048172531e-007	-1	
52.859790045984155	107.70588626832797	-4.5125949926934932e-008	-5.8059872971639087e-007	-1	
53.026253074039538	107.42829874684902	-2.6263024864872119e-008	-5.5485614770885554e-007	-1	
53.295233460999413	106.79147195086237	2.351036247469587e-007	-5.204020575737011e-007	-1	
53.322370538402936	107.1016501649287	2.7617694463031518e-007	-5.9868999809791215e-007	-1	
53.637686493056407	106.44895879206693	6.6809055663765673e-007	-5.7350404126108524e-007	-1	
34.865422056767059	129.70703977180779	1.8195219289039644e-006	-2.4104360129560071e-006	-1	
35.06626892823035	129.6876468446975	1.910456777367182e-006	-2.4704179057957554e-006	-1	
35.312353155302503	129.93373107176964	2.0187487247633122e-006	-2.6199180576078942e-006	-1	
35.627682156712289	130.06471242295825	2.1272400524812902e-006	-2.7111842957397798e-006	-1	
202.34035102956994	-181.6643882444591	8.1409900931575727e-005	-1.0857038384972656e-005	-1	
222.20257263043698	-149.79986945446592	7.5852402075118335e-005	-1.0337858863320562e-005	-1	
214.16813904507268	-162.61307715029213	7.8046599298219074e-005	-1.054542769756607e-005	-1	
207.41916380971105	-169.02643006412524	7.9361642536198186e-005	-1.0670303033403912e-005	-1	
222.62790589810157	-158.72564777893504	7.6999165038709125e-005	-1.0442413341902155e-005	-1	
233.12226354333342	-68.99526692301886	6.4444446656006162e-005	-9.2295985249718592e-006	-1	
245.98937104034562	-82.338574589083635	6.613992089698978e-005	-9.3877373696194753e-006	-1	
242.83242860051232	-68.899662931832566	6.4431650115309033e-005	-9.2189903990744946e-006	-1	
240.77562122532146	-59.87221124896584	6.3263516553207767e-005	-9.1020276582422332e-006	-1	
249.78589087698651	-46.093031555252082	6.1652711098405242e-005	-8.9281083207138097e-006	-1	
253.95225280752243	-54.134028289248775	6.2655980080247877e-005	-9.0286385053702047e-006	-1	
253.29650841015567	-37.744872192364397	6.0734195780218228e-005	-8.8295631939825099e-006	-1	
257.09379405117022	-15.291799292688125	5.8375708944216825e-005	-8.5768093340271838e-006	-1	
262.51273227949042	-22.807603719559022	5.9294526017921161e-005	-8.6713874713520774e-006	-1	
266.03974827478339	-32.71987035100927	6.0406065834376684e-005	-8.7866812446281006e-006	-1	
238.84757291217272	33.255962151227664	5.297278909234162e-005	-7.9923362977303901e-006	-1	
251.82269377801043	0.0067471770958471566	5.6650023866258987e-005	-8.3935027960038732e-006	-1	
259.70890084711044	-6.4028497399485236	5.7561014721702989e-005	-8.487222199515132e-006	-1	
255.33421901514382	12.670175652095171	5.561049395786403e-005	-8.2769614424843099e-006	-1	
244.3107522594903	24.267969721768459	5.404504163196515e-005	-8.1098891062721501e-006	-1	
229.21673207978515	43.266757027885156	5.1533407620936329e-005	-7.8342582624995818e-006	-1	
228.26057998661312	-143.2309293604583	7.4662608149545043e-005	-1.0222411575816339e-005	-1	
236.72165844743381	-135.2245619833993	7.3224458409557237e-005	-1.008081459249243e-005	-1	
242.6671452499879	-127.47438815224534	7.199706998132169e-005	-9.9601909884990446e-006	-1	
254.49491176278249	-97.448528668664409	6.790741601595702e-005	-9.5562439155652338e-006	-1	
253.793472078197	-106.44012614993343	6.9024777724407724e-005	-9.6661247664530863e-006	-1	
250.4446053373195	-121.27848680900044	7.0947055532114155e-005	-9.8541983131119843e-006	-1	
255.17467513734249	-88.455266487960358	6.6792930084303554e-005	-9.4457696690380608e-006	-1	
186.91360733602622	137.66827119946169	4.5513114053619105e-005	-7.1374807008554742e-006	-1	
196.88524904200955	129.75840258823243	4.614733217791645e-005	-7.2073550283259905e-006	-1	
204.39312612229904	94.431969714181506	4.6734423604094364e-005	-7.279168356068379e-006	-1	
203.0840599091581	107.66228297759838	4.645792176986222e-005	-7.2444696503347259e-006	-1	
207.76549398437717	117.13314072020388	4.6904374032645375e-005	-7.293206169847463e-006	-1	
53.806195447965145	106.90304476986036	9.3030631076091493e-007	-6.7995372211213816e-007	-1	
53.657171832433811	107.22863504751739	7.9587177689717886e-007	-7.0963380816568121e-007	-1	
53.672458746566647	107.59308259908927	9.5544346303086588e-007	-7.91424510578894e-007	-1	
211.06495811589059	77.596790911748172	4.7916399963718347e-005	-7.4189776630057027e-006	-1	
215.0765725045521	86.518764497832407	4.7982885718697464e-005	-7.4224120300179784e-006	-1	
216.14583418145335	69.844191700497049	4.8763824660730844e-005	-7.5172643556695766e-006	-1	
225.30350110098644	68.410583415507944	4.9621184960126619e-005	-7.6116970030413044e-006	-1	
231.15678985888289	57.021948230302449	5.0727210460995091e-005	-7.7381316282928697e-006	-1	
179.27727186982389	-268.91463280438279	9.3291226502507368e-005	-1.1891300993457098e-005	-1	
154.4612640806495	-296.58801026659881	9.8542329432340191e-005	-1.2338009998367483e-005	-1	
180.08834896470617	-280.73450625108177	9.4210381862899138e-005	-1.1968043251270425e-005	-1	
178.23903141634952	-292.72707763089232	9.5381760951555687e-005	-1.2067113535772543e-005	-1	
162.65738822776649	-302.81082803043284	9.7983498969159868e-005	-1.228891064866688e-005	-1	
171.92882153037667	-303.91332012163235	9.6953435102044771e-005	-1.2200597211467796e-005	-1	
208.1738775310894	-224.1062736413418	8.589293575465765e-005	-1.1244137475741304e-005	-1	
203.29338734915339	-233.85301346986802	8.7376275525929083e-005	-1.1375397135740031e-005	-1	
211.38712031076582	-207.88807219646529	8.3825297985269494e-005	-1.1061462702460868e-005	-1	
207.33854457412704	-197.96120110156841	8.3017715136832993e-005	-1.0993757461398356e-005	-1	
203.19311500406656	-190.62928581207689	8.2474974414732452e-005	-1.0949908136752939e-005	-1	
194.99632934957364	-250.67890758372462	8.9889102547926374e-005	-1.1595550266082533e-005	-1	
190.38811494100614	-259.4446036524771	9.120427578882311e-005	-1.1709744428669955e-005	-1	
204.96624255776425	-244.62425653424904	8.8295607211221822e-005	-1.1453778682206545e-005	-1	
148.42807421702273	-309.16886357192101	0.00010021069863732784	-1.2476882106585932e-005	-1	
144.68007483006991	-318.98814913780672	0.00010133776936086242	-1.2570229829519067e-005	-1	
132.08242122764921	-326.89399406842739	0.00010347089840017874	-1.2747228313972554e-005	-1	
140.60390554735756	-324.31676307230765	0.0001021956953213349	-1.2641380023797995e-005	-1	
130.52147199638972	-339.25325790233762	0.00010435852601342942	-1.2819962928946605e-005	-1	
131.36753272057109	-333.20783270773694	0.00010392183908309325	-1.2784077148825575e-005	-1	
117.29029982416624	318.20019046915718	6.8878573206141705e-005	-9.3853673086844352e-006	-1	
134.4646066859255	311.66012807576425	6.5227312929645064e-005	-9.062843734689292e-006	-1	
140.11037988903564	309.2814022048567	6.4131661610309236e-005	-8.9645544463689089e-006	-1	
145.71377872283907	306.80450629682753	6.3081090815160122e-005	-8.8696550711332723e-006	-1	
145.86381363188895	299.83858376175147	6.2546243412965911e-005	-8.8215046939745691e-006	-1	
151.90099850949574	291.86214805378779	6.1074742413400428e-005	-8.6874225597537096e-006	-1	
153.7549975386334	285.78445839893158	6.032475756262003e-005	-8.6191079763175098e-006	-1	
151.76277049411962	298.21482598963149	6.159547124822059e-005	-8.7344631276986494e-006	-1	
170.80109332862057	258.49940478151541	5.6144706539623279e-005	-8.2287332022170865e-006	-1	
166.39790338709469	266.99280744329553	5.7305309066891628e-005	-8.338277726572558e-006	-1	
159.74769756197469	273.87036027259671	5.8578188282032788e-005	-8.4579973292521229e-006	-1	
35.304924635617368	130.48564274959548	2.023881685994593e-006	-2.8535732560521294e-006	-1	
53.50336379794247	108.41006190830029	1.35871588119876e-006	-8.8779364230854511e-007	-1	
53.300086852894495	108.40921272859684	1.1441774624735329e-006	-8.5666149567896728e-007	-1	
53.192907097423316	108.23648537838459	8.2017345697414481e-007	-8.3589477836535498e-007	-1	
53.028589825173299	108.13805295504278	5.0183286307470926e-007	-8.0307342506648186e-007	-1	
53.690975229034528	107.94331458195779	1.1837227066982412e-006	-8.5925253394883461e-007	-1	
53.510894115835733	108.18922951118994	1.1500247688471677e-006	-8.7630828454258184e-007	-1	
53.523192949392325	108.05825923570772	1.0398374369076075e-006	-8.6816147543284508e-007	-1	
187.80757725024884	150.36474620443377	4.626244408195287e-005	-7.2226664782338743e-006	-1	
189.94656172145162	159.41954341188222	4.6967076536121773e-005	-7.3006126550350738e-006	-1	
192.55774997212799	170.41147522160742	4.7859146731334416e-005	-7.397420952690377e-006	-1	
195.73649719121363	181.25289741185875	4.8748328426753588e-005	-7.4918315404602274e-006	-1	
184.1481552476865	243.6975462872924	5.4003217412471494e-005	-8.0214147797146827e-006	-1	
180.56366021530303	255.73351319450131	5.5219610824598497e-005	-8.1382969223181355e-006	-1	
194.01239042073971	224.04594518292924	5.2041765009121486e-005	-7.8281836852449491e-006	-1	
188.52715914209219	231.53394613767205	5.2798079532480616e-005	-7.9036815590777203e-006	-1	
195.34458924185947	191.37138275850907	4.9485925776251081e-005	-7.5693889382761296e-006	-1	
198.99425149649085	207.10734361887265	5.0702272524325728e-005	-7.6933784750702561e-006	-1	
200.81763427562345	217.73353070397988	5.1452219358823059e-005	-7.7685856706408833e-006	-1	
35	130.38299124387913	1.972625070307844e-006	-2.8119989385121963e-006	-1	
34.830147072801225	129.90571344118726	1.79787247712495e-006	-2.4339318501952074e-006	-1	
34.927234845028003	130	1.8519138595818712e-006	-2.4980126612389274e-006	-1	
35	130.07276515497199	1.9440107267538853e-006	-2.6345496379896749e-006	-1	
53.117440264183848	107.73886221563403	1.8094798581593568e-007	-7.3201201523154239e-007	-1	
53.349507615806452	107.41182837899504	3.6848424979984472e-007	-6.9648664188701021e-007	-1	
34.963617422514005	129.88331575299728	1.8702767048480861e-006	-2.4919433666812082e-006	-1	
35.093017402583421	129.90698259741657	1.9341758174376593e-006	-2.5540047654291249e-006	-1	
35.293790453855145	130.13616047578296	2.0229470219578396e-006	-2.70368501562522e-006	-1	
35.116684247002723	130.03638257748599	1.9618826709831328e-006	-2.6260623448536452e-006	-1	
212.18747756221691	-191.07429925751507	8.1795518456186401e-005	-1.0882117299361935e-005	-1	
215.51841069631581	-178.22184998856747	7.9957481506062988e-005	-1.0715907597442591e-005	-1	
230.9490420357385	-151.63008802837163	7.5606296890340851e-005	-1.0307540591743675e-005	-1	
225.78716684836596	-169.19500043528572	7.8122998250938137e-005	-1.0542113961223496e-005	-1	
232.64349263064318	-163.11612579366633	7.6946820479393876e-005	-1.0429612977038253e-005	-1	
251.29282598925977	-72.660914916160124	6.4891516383108568e-005	-9.2583599744652312e-006	-1	
249.98359819976372	-63.018666942386972	6.3705421600496404e-005	-9.1392309383021221e-006	-1	
263.18595597064524	-50.83048510239071	6.2344638567092851e-005	-8.9903993710636603e-006	-1	
260.04911718590967	-66.236546673784204	6.4096714035674843e-005	-9.1718306038419391e-006	-1	
268.8843705721348	-42.849085305260438	6.1521718783091677e-005	-8.9016345674720127e-006	-1	
266.35454114792299	-14.990517173558198	5.8597758639059154e-005	-8.5949033636541086e-006	-1	
271.82193334696825	-21.770927189999149	5.9389918904459031e-005	-8.6763270465142798e-006	-1	
276.21476834795817	-30.043709273177022	6.0283673155069587e-005	-8.7685571066177515e-006	-1	
243.1025386455818	42.874985131784875	5.2501619226406998e-005	-7.9353106440378532e-006	-1	
249.36419870420025	33.080125740223473	5.3597013709164401e-005	-8.0558379660094477e-006	-1	
260.99634369248741	4.3793141373977855	5.6583950347280644e-005	-8.3804397992255084e-006	-1	
270.5267361085817	-7.3446603439093492	5.7973238478763791e-005	-8.5257871432702105e-006	-1	
254.34112089460186	22.660761052393269	5.4689787564655145e-005	-8.1753837480809353e-006	-1	
265.25055450203246	18.876956967562911	5.5479807211110497e-005	-8.2571180223252052e-006	-1	
243.70762680155636	54.484529718617551	5.1751083374297964e-005	-7.8483952029032178e-006	-1	
236.9826063695667	-144.53475077976103	7.4399521537307201e-005	-1.0190758887811589e-005	-1	
245.17920239291828	-140.11168364575303	7.3466049938380977e-005	-1.0097318695400258e-005	-1	
251.63772007681879	-131.76471053424504	7.2180168628373638e-005	-9.9713835686903882e-006	-1	
262.31436902342637	-101.94262824980839	6.8287826241552598e-005	-9.588642216399901e-006	-1	
265.76304890848388	-92.945974473917701	6.7169096244654357e-005	-9.4763131082389386e-006	-1	
261.63340840127142	-110.97302507782103	6.9363826551881131e-005	-9.6941754108591699e-006	-1	
259.7562665335854	-120.16164365094312	7.0511576660527546e-005	-9.8064785412828167e-006	-1	
263.61989354906365	-83.270990305059598	6.6075590298294139e-005	-9.3687596748659371e-006	-1	
196.4057047053042	146.14764306838939	4.6696120463135081e-005	-7.2689190107586545e-006	-1	
212.16557551623987	136.52761810567665	4.7544957523482437e-005	-7.3626204143106173e-006	-1	
213.28704539239672	126.79900337172946	4.7458686589409918e-005	-7.3540473225185008e-006	-1	
205.7135743814051	143.89479671629775	4.7299346512784675e-005	-7.3350530344498109e-006	-1	
217.47403062912554	96.807844433483112	4.7924704027793058e-005	-7.4123369806099154e-006	-1	
213.59881286043242	106.63615347555634	4.7439434191825639e-005	-7.3553210985072717e-006	-1	
219.10480193677344	117.30847443283874	4.7831682401259676e-005	-7.397121452022278e-006	-1	
53.502341226810884	107.867285771677	8.5307558375109575e-007	-8.368802363876554e-007	-1	
53.376644693209983	107.72200659306139	5.4261621841500661e-007	-8.0148781998438288e-007	-1	
220.8444402564981	77.834260353234185	4.8803446159785562e-005	-7.5171942857368705e-006	-1	
227.18073736283557	89.122229285501447	4.8910306063747897e-005	-7.524433650034449e-006	-1	
231.25889945534681	78.311701697273577	4.9615174993793123e-005	-7.6061742809842201e-006	-1	
239.9134197443253	66.364508570722791	5.0812550522077714e-005	-7.7417280229912261e-006	-1	
190.62792519271051	-270.97895431461393	9.2211195480684498e-005	-1.1795032923329593e-005	-1	
158.72438702720876	-311.27879507408142	9.9061903111417104e-005	-1.2379297791775567e-005	-1	
188.26568315524179	-291.45611102321294	9.4155105544192319e-005	-1.1960922667257702e-005	-1	
193.49763464605536	-282.15318904489158	9.2841496222579955e-005	-1.1847849426538898e-005	-1	
182.57220923278547	-301.85794129332947	9.5574772609743953e-005	-1.2082483926144715e-005	-1	
167.20571425454216	-310.96482672126314	9.8010441644968594e-005	-1.2290066864985954e-005	-1	
174.66312188344114	-311.94793829817996	9.7198628837681241e-005	-1.2220895320823695e-005	-1	
179.34812353073875	-308.03466037585798	9.6385747833888354e-005	-1.2151647438071425e-005	-1	
217.96094623371008	-223.05843145399652	8.4905162212002878e-005	-1.1152179128644442e-005	-1	
213.89621572916215	-231.32355660227097	8.6117235476134579e-005	-1.1260419263319858e-005	-1	
212.81808699423027	-240.24781319703621	8.7111605152552729e-005	-1.1347534293018951e-005	-1	
223.06593741755665	-204.77942330786794	8.2504377571479624e-005	-1.0937444802732135e-005	-1	
216.20627834854929	-199.05432874191504	8.2407940461255353e-005	-1.0933280198682778e-005	-1	
225.41806634617714	-216.63378775433216	8.3592165822659825e-005	-1.1032519463872666e-005	-1	
202.66695643287039	-256.9426562819138	8.9691549960544491e-005	-1.1575061010484874e-005	-1	
199.06693746810555	-266.03602454417478	9.0886113595583728e-005	-1.167893039550814e-005	-1	
213.15770639699153	-250.08890882393956	8.8022023157978985e-005	-1.1426645459065457e-005	-1	
151.38366096634459	-319.2550112704352	0.00010050263752191813	-1.2500079881043621e-005	-1	
147.5315941893827	-325.06088491567073	0.00010134996843034326	-1.257076024524075e-005	-1	
136.96753386344722	-330.95740377904696	0.00010305904062562825	-1.2712777783467212e-005	-1	
141.82864551354541	-334.53427904785048	0.00010263483915143158	-1.2677482542240461e-005	-1	
147.41874355017686	-332.02750906025074	0.0001017775691039838	-1.2606222406576157e-005	-1	
136.19564970725281	-336.94310657927974	0.00010349244472374041	-1.2748521055064296e-005	-1	
151.27309633776969	304.23019483816449	6.2088857416004887e-005	-8.7793978617901309e-006	-1	
157.13512207835348	295.4648656956129	6.068705332826323e-005	-8.6509001462968867e-006	-1	
162.03798924084609	291.82826314385301	5.9815517210713659e-005	-8.5702734349270571e-006	-1	
165.61289421342508	285.84774128738894	5.8964747077709388e-005	-8.491315569562659e-006	-1	
156.78663931182766	301.55925198907585	6.1153550629223128e-005	-8.6936744010151128e-006	-1	
175.96173610800966	267.23585913048356	5.650186026100484e-005	-8.2603010926729538e-006	-1	
172.57058579243528	277.53529208134904	5.7610392872927156e-005	-8.3644969459929771e-006	-1	
35.112379052162652	130.22787819942556	1.9821337641525592e-006	-2.7309515749267477e-006	-1	
53.384049243161236	108.22408424749547	1.0251082067414188e-006	-8.6742404833802135e-007	-1	
53.337635410152309	108.11101496984439	8.2296411952272814e-007	-8.7138167125619426e-007	-1	
53.244298659953486	107.9655293624856	5.3076421258264882e-007	-8.4678698997315902e-007	-1	
53.410123671741232	108.10467306871666	9.2000368423554674e-007	-8.723812156732969e-007	-1	
53.403781770613499	108.03218480712773	8.2990509962771119e-007	-8.7185190027242292e-007	-1	
199.08110556997059	161.18722995523387	4.7641261868487486e-005	-7.3727781081138113e-006	-1	
203.23425141804293	152.86200859205252	4.7485407685740673e-005	-7.3553030714234347e-006	-1	
207.85392368874614	172.75190876719003	4.867828370159253e-005	-7.4834264227319158e-006	-1	
204.45551614385218	186.95229365127341	4.9388530473139328e-005	-7.558148170941742e-006	-1	
196.3987531531285	246.46086946560322	5.363352278614059e-005	-7.9832224139056823e-006	-1	
192.53624968377898	258.91765655491002	5.4709107046963613e-005	-8.0871247744050828e-006	-1	
186.77669512932653	266.45171568733662	5.5614682496621277e-005	-8.1742886699435347e-006	-1	
202.94722457998353	226.56123026126374	5.201588227211452e-005	-7.8243235073993104e-006	-1	
203.21803628928089	235.63812925575533	5.2625677861758944e-005	-7.8842522448648723e-006	-1	
203.53340570436387	197.32794405631844	5.0043903441883704e-005	-7.6257848711728419e-006	-1	
213.48150714663092	207.88853668011635	5.0742066321855827e-005	-7.6965722806886788e-006	-1	
209.71327111478516	216.10878846087564	5.125206796106017e-005	-7.7479425730516048e-006	-1	
35	130	1.9100147145430152e-006	-2.5619898615723691e-006	-1	
221.69877961233215	-188.80280399938073	8.0789505311537502e-005	-1.0785382475577569e-005	-1	
227.47338142397803	-180.91112918897522	7.9434329384805264e-005	-1.0659551592506414e-005	-1	
240.01732720554571	-157.67659605266715	7.5862899275446914e-005	-1.0324638167347385e-005	-1	
235.17508736401311	-171.92254096939004	7.7852733053451856e-005	-1.0510875615773059e-005	-1	
244.04204376697976	-167.80555018470531	7.6831952920743558e-005	-1.0411750929422161e-005	-1	
267.48908134918133	-74.148062083831121	6.4985416255047008e-005	-9.2570140545486334e-006	-1	
272.65407522760808	-53.385752099796271	6.2680102762401442e-005	-9.0194549556055201e-006	-1	
270.65784561592613	-63.912751516646473	6.3830226488551157e-005	-9.13824118493226e-006	-1	
277.21540060410928	-43.166831846743271	6.1633132705528787e-005	-8.9090109041656139e-006	-1	
277.89492704933809	-14.639681139507896	5.8826679605564636e-005	-8.6137590888108861e-006	-1	
285.38041594855542	-28.293398983831135	6.024536659522592e-005	-8.7606133593522771e-006	-1	
282.19367185376802	-36.479243370834666	6.1002307442394632e-005	-8.8410925182564199e-006	-1	
253.87055617324833	47.256475256619481	5.2811530440408963e-005	-7.9642091536188359e-006	-1	
263.15165816201494	38.664219663948472	5.3873420692672861e-005	-8.0795017036069087e-006	-1	
263.76130972807755	29.338556896006267	5.4588618577557157e-005	-8.1591345600143432e-006	-1	
273.81550426698658	2.3278833086121997	5.7186680662330777e-005	-8.4394536504294606e-006	-1	
273.709439758825	12.543696885111197	5.6311905798592623e-005	-8.3444397571904607e-006	-1	
283.90351252064005	0.71351464443026424	5.7591607353572293e-005	-8.4791421579406904e-006	-1	
286.11283460140612	-8.3172163026485286	5.842821944084696e-005	-8.5679629399058622e-006	-1	
273.5781327546664	25.381906122307836	5.5279562941387404e-005	-8.2313794026790241e-006	-1	
254.96223284400821	59.857028908828291	5.2088180181488151e-005	-7.8811045351544157e-006	-1	
249.15965258575179	67.092562521462142	5.1361764822093019e-005	-7.8003055385877147e-006	-1	
245.00902233452723	-149.60259937442319	7.462420830524787e-005	-1.020612113764823e-005	-1	
258.29411449870253	-144.9458384167641	7.3454206906534175e-005	-1.0088499642473756e-005	-1	
262.18880855984861	-131.52192952022401	7.1749739680998195e-005	-9.9242757827286529e-006	-1	
271.92271409573868	-102.65878262158833	6.8158238386439366e-005	-9.5708110754757009e-006	-1	
273.08846932756273	-81.904815038496295	6.5810366701413777e-005	-9.3370477047638915e-006	-1	
277.02731413247324	-90.622949227356813	6.6725494629611679e-005	-9.4265547332325932e-006	-1	
268.5283491264276	-116.8442742325486	6.9853681195469319e-005	-9.7382912061535045e-006	-1	
221.66133744701344	134.13301068925668	4.8126278579315289e-005	-7.427330754530005e-006	-1	
219.0753458274458	143.90323804574703	4.8145945459140503e-005	-7.4282086976148663e-006	-1	
228.93275602040822	122.96726982408849	4.8525186826971537e-005	-7.4734336658100802e-006	-1	
212.38984213098311	151.20880265253516	4.7965536338646481e-005	-7.4076559634979366e-006	-1	
225.29443813415875	103.91095627524045	4.8419537197714153e-005	-7.465604132501714e-006	-1	
229.58190320263185	112.96785283967822	4.8610296976891982e-005	-7.4848083124603967e-006	-1	
235.13340917397727	96.974507947726948	4.9271295744284236e-005	-7.5619657295348152e-006	-1	
239.30323873136246	86.605525809285098	4.9872239915652658e-005	-7.6312496585092576e-006	-1	
240.97429910353392	76.241261478810898	5.0397987373927857e-005	-7.6923623864100376e-006	-1	
206.7833862689989	-272.04484313046555	9.0608836109740644e-005	-1.1652861834813153e-005	-1	
164.12419841495336	-317.82658284098881	9.88401800088122e-005	-1.2360008157352791e-005	-1	
158.33309892544764	-319.7569069679584	9.9670444501303345e-005	-1.2430002963648251e-005	-1	
189.53603982959956	-301.63067348326854	9.4781706114168275e-005	-1.2014153469940532e-005	-1	
194.48018686650963	-292.78108934885762	9.3579117029795813e-005	-1.1910699071397584e-005	-1	
205.15883392572468	-282.42880663738151	9.163803676744825e-005	-1.1742028312426336e-005	-1	
202.27961985449198	-288.48846082027859	9.2418554123387415e-005	-1.1809833607334785e-005	-1	
185.20703349623824	-311.80557024680223	9.5987930114437483e-005	-1.2117483836054146e-005	-1	
190.3938541304814	-308.54520469397374	9.5182407928142652e-005	-1.2048437345370477e-005	-1	
174.66665553502256	-318.05227872494356	9.7608055526014997e-005	-1.2255558465998197e-005	-1	
169.31630890928398	-321.03671884234075	9.8432372742839167e-005	-1.2325414517048858e-005	-1	
179.96410161513845	-314.974916728339	9.6795046025160771e-005	-1.2186418398257199e-005	-1	
226.60915142335	-227.75877548792459	8.463348704326645e-005	-1.1124372479279393e-005	-1	
221.18317132125776	-236.95690427395499	8.6023360175790424e-005	-1.1248972518813837e-005	-1	
222.66705387879264	-247.53258041253574	8.6898421303025405e-005	-1.1325352890979702e-005	-1	
234.56250205289624	-208.50601270192612	8.2011763368510356e-005	-1.0887466116567299e-005	-1	
230.8471770276731	-192.25698727871548	8.0507013037759329e-005	-1.0754224888901967e-005	-1	
237.72183728348145	-229.05964008798122	8.3841696011344478e-005	-1.1050030820137672e-005	-1	
242.60368639240696	-219.86473949057498	8.2550462158415881e-005	-1.0932752941848748e-005	-1	
209.8963718570208	-263.08422641891178	8.9523512136260988e-005	-1.1558112875103875e-005	-1	
219.3798457089855	-262.8673051850277	8.8586791758427506e-005	-1.1474211090211128e-005	-1	
152.96424101913269	-329.42356020290237	0.00010093335682800804	-1.2535766561541312e-005	-1	
158.46344870816344	-326.7232256638523	0.00010009003608924974	-1.2465099913721384e-005	-1	
162.25272816641217	298.79249134462742	6.0268615721890221e-005	-8.6120177525054744e-006	-1	
167.66969787790694	295.93075568691376	5.9432740973213318e-005	-8.5343704929830725e-006	-1	
173.03589838486249	292.97491672833843	5.8636614993033162e-005	-8.459973549816494e-006	-1	
172.57824221331944	286.02242522764152	5.8230804931001996e-005	-8.4221411404517734e-006	-1	
181.02778027427595	276.82300761570235	5.679420906113725e-005	-8.2865338047129379e-006	-1	
178.2722060731756	283.8220252423738	5.7511823565202938e-005	-8.3542895858733981e-006	-1	
207.50997047927427	163.90301381728898	4.8218064984060144e-005	-7.4344235309038341e-006	-1	
216.76439543196949	178.67524802555843	4.9267962036021295e-005	-7.5456716279267346e-006	-1	
215.70259985513377	160.54115874092207	4.8459201329088286e-005	-7.4606227052929149e-006	-1	
221.95822434544033	169.32075200096668	4.9052394920668742e-005	-7.5238032264085921e-006	-1	
214.60826939698882	189.28167347673084	4.9734430654156252e-005	-7.5939265581497819e-006	-1	
209.43575514068826	246.81731976427272	5.3074575308206077e-005	-7.927564446957714e-006	-1	
206.69906994510563	254.46049143316969	5.3634246867171679e-005	-7.982107977882797e-006	-1	
192.31741677686907	268.3985124147714	5.5341794846732511e-005	-8.1475721682796898e-006	-1	
200.80627267088053	263.55891020768814	5.4493917516169433e-005	-8.0655323348062626e-006	-1	
187.99272475786753	276.63291400954648	5.6193005762710251e-005	-8.2289135041658981e-006	-1	
211.25643747501874	230.22461877506831	5.2059286968596425e-005	-7.8279786507456792e-006	-1	
215.5887963717872	238.8936819157411	5.2407803000960113e-005	-7.8620646598547565e-006	-1	
220.44229191570849	213.82201394101224	5.1028612343084679e-005	-7.7254295389650687e-006	-1	
223.11641645126286	200.00578228599835	5.0365428341792526e-005	-7.6587293291601909e-006	-1	
216.50586188450859	222.07811445011814	5.1501784347474421e-005	-7.7726006548654432e-006	-1	
240.95804278723003	-179.80479670911174	7.839861721211691e-005	-1.0557354061211873e-005	-1	
250.91512595790624	-157.49760565665582	7.5260599823728157e-005	-1.0262153845854643e-005	-1	
254.66165737096765	-174.18652080825254	7.6934602604021267e-005	-1.0416022572414784e-005	-1	
278.62640390632879	-72.007732351944014	6.4678753707452468e-005	-9.2204075253392578e-006	-1	
280.11037453933551	-50.586493255363244	6.2416975604923027e-005	-8.9887629420388837e-006	-1	
280.94176256837846	-60.905476753678521	6.3494377074535481e-005	-9.0989469581058814e-006	-1	
285.41954511768739	-44.649746901158224	6.1838771816139551e-005	-8.9268040430634921e-006	-1	
287.23222690598658	-19.147718132999856	5.9417042538132736e-005	-8.6725762266957983e-006	-1	
290.80864080461834	-37.799956969312106	6.1203503908937706e-005	-8.8588642773098598e-006	-1	
294.56600463082725	-29.935849167990018	6.0496829529482476e-005	-8.7838069143360611e-006	-1	
265.31600217656035	57.858716417986379	5.2733539260613999e-005	-7.9502500792903093e-006	-1	
266.51768279398391	47.382564648540686	5.343747141209058e-005	-8.029192864076801e-006	-1	
271.74857360503097	34.999154049390043	5.4500830272786771e-005	-8.1459648441264988e-006	-1	
282.0752760967971	19.071307521251313	5.6049227678205084e-005	-8.3126495358774843e-006	-1	
288.82067986981525	8.6038042940750969	5.706353497173143e-005	-8.4205166400404843e-006	-1	
293.17105972609664	-0.026603109525527913	5.7859725375456081e-005	-8.5049120726087061e-006	-1	
296.8187999624497	-10.300928660056433	5.878605737379206e-005	-8.6026945925847141e-006	-1	
283.27942393118485	29.61393272770362	5.5303909260195337e-005	-8.2306671967411257e-006	-1	
260.91550959035516	75.609119337687218	5.1586064108837004e-005	-7.8210473442643632e-006	-1	
268.81322743957509	69.434074675197039	5.2277114745765333e-005	-7.8972074779878516e-006	-1	
250.90778321268715	76.201180617761509	5.1015908278967261e-005	-7.7593965877486333e-006	-1	
260.16620387790607	-154.49129047553998	7.4451077391941525e-005	-1.018168740713928e-005	-1	
272.23666749965054	-143.95832248864411	7.2748482194461337e-005	-1.0015228496503234e-005	-1	
272.02699264365702	-132.5970185427793	7.1510187342506754e-005	-9.8967127457024084e-006	-1	
276.05078060669678	-123.55518173260535	7.0372047001996137e-005	-9.7851159265671962e-006	-1	
278.71119134172432	-113.83173226389246	6.923468546709874e-005	-9.6733707903138737e-006	-1	
284.76496788771027	-105.10719936947261	6.8144913025870678e-005	-9.5641063780587228e-006	-1	
284.33460362088647	-82.072672449014277	6.5699819277050968e-005	-9.3209925698058577e-006	-1	
291.62589030717447	-98.142680704395076	6.7268486545093704e-005	-9.4749945315685892e-006	-1	
293.52744428650561	-88.553057711502703	6.6243418918268126e-005	-9.3722535194651114e-006	-1	
232.57159602344663	135.78546550717451	4.8775183345906125e-005	-7.498963873302347e-006	-1	
227.93383282009984	148.76861608398474	4.8719762829748227e-005	-7.4907146918340769e-006	-1	
242.48757847850172	130.94422175366094	4.9275153251494108e-005	-7.5551992616751224e-006	-1	
239.43872222792652	114.77141897234151	4.9215668690172213e-005	-7.5516246186597616e-006	-1	
226.54344450573191	159.5642233325724	4.8915193650238242e-005	-7.5104765819803491e-006	-1	
243.10471521378039	104.80786924060546	4.9601273496244506e-005	-7.5964388996127949e-006	-1	
250.62637785167703	97.315445134164463	5.02253663496715e-005	-7.6669165053211808e-006	-1	
254.8228810096937	88.039595206509958	5.0762656433057853e-005	-7.7281248758914601e-006	-1	
211.77141437844429	-281.29608326400347	9.0877205985730728e-005	-1.1675184330975713e-005	-1	
217.29337936681048	-271.96794376146153	8.9565175913088296e-005	-1.1560117041344418e-005	-1	
163.91469150533501	-323.92732799115993	9.9257052464804313e-005	-1.2395055593466145e-005	-1	
195.52298356205699	-305.19481320878475	9.4387085249495291e-005	-1.1980019092708468e-005	-1	
195.09364125556843	-299.10558914357136	9.39895357809307e-005	-1.1945813666313654e-005	-1	
200.10337845395009	-295.74003178015442	9.3204287279199856e-005	-1.1877872018272754e-005	-1	
209.21063350894772	-287.77597435699533	9.1648761165104606e-005	-1.1742544885851602e-005	-1	
210.54869153215876	-294.6138240164376	9.203795169936527e-005	-1.1776340408907333e-005	-1	
205.60193733637399	-298.22806180003289	9.2818200929114931e-005	-1.1844241064202668e-005	-1	
231.83997274412607	-237.64930348413191	8.5156951753468947e-005	-1.1168919613853631e-005	-1	
232.52446301403552	-249.76430314426082	8.622269167377006e-005	-1.1263303896785902e-005	-1	
228.67789694409154	-262.01806580461266	8.7650924750347548e-005	-1.1390259358873727e-005	-1	
246.59201489540138	-210.73586751084051	8.1337659394932927e-005	-1.082206230605234e-005	-1	
244.26245819855461	-201.04998946771218	8.0503704354057065e-005	-1.0747289894222995e-005	-1	
246.54015152362035	-188.93776931975916	7.9051035936856043e-005	-1.0614178804911756e-005	-1	
245.25119409928786	-236.24903739643253	8.3917146020262847e-005	-1.1055099080555104e-005	-1	
256.7148723160484	-234.0941324240477	8.2828968464673989e-005	-1.0954919502736639e-005	-1	
258.894385437962	-223.0376938761647	8.1638216751928993e-005	-1.0846434000997594e-005	-1	
225.52409155416748	-269.89746928623248	8.8611098405454937e-005	-1.1475335619354109e-005	-1	
178.34969509062083	289.92587484608208	5.7887480911530118e-005	-8.3895914595167771e-006	-1	
183.60946936122949	286.78455880783878	5.7190351030574677e-005	-8.323671109949422e-006	-1	
188.81361901849306	283.55192548890437	5.6529839518367517e-005	-8.2608761322528599e-006	-1	
226.77686260236024	182.44790701072469	4.9669678642022083e-005	-7.5882294564931948e-006	-1	
232.728100825224	169.79388642768498	4.9407289552739089e-005	-7.5624135014767817e-006	-1	
228.04984552519375	191.87379755551865	5.0059572975162999e-005	-7.6281524519161878e-006	-1	
217.50223319522979	245.90110427894763	5.2698544466776422e-005	-7.8904642919016245e-006	-1	
215.00642014159277	252.72284348936665	5.3142658131351609e-005	-7.9338982662918476e-006	-1	
213.12435125537198	260.00551151858144	5.3588635044098385e-005	-7.9773620913517921e-006	-1	
207.74099064012023	262.88342969300385	5.4035325823365541e-005	-8.0208732633559985e-006	-1	
193.56372520079915	274.13753055256626	5.5601650965499026e-005	-8.1722087578919958e-006	-1	
197.98685676973125	269.93052548287238	5.5039611142296057e-005	-8.1181515524684923e-006	-1	
209.04253108618002	269.72832411920831	5.4294033115616442e-005	-8.0458931867540592e-006	-1	
204.07655557715856	273.31610603477679	5.4798719846356554e-005	-8.0947627052362999e-006	-1	
193.96055882801221	280.22895958070302	5.5910858312759779e-005	-8.2017576557052915e-006	-1	
225.88110543157441	236.06772226373252	5.1970565478084922e-005	-7.8188791278526166e-006	-1	
225.66330172031479	242.41816992387044	5.224638065610275e-005	-7.8459910290885339e-006	-1	
228.91999000594788	224.28212708401219	5.1389853873362755e-005	-7.7615601893845045e-006	-1	
229.11429351453768	210.91425444667743	5.0839619268714086e-005	-7.7068265413330949e-006	-1	
235.39903876755994	202.03222823436948	5.04867218242339e-005	-7.6719980135486358e-006	-1	
255.42633915726341	-182.97062628549151	7.7842967437650258e-005	-1.0499565184356675e-005	-1	
263.48288710198216	-169.09966437016465	7.5891732636106319e-005	-1.0315291243642793e-005	-1	
263.03318765654279	-178.51180321448234	7.6917015637562651e-005	-1.0411080497532936e-005	-1	
293.28816570356946	-72.388752384802302	6.4611413085408661e-005	-9.2079580757693188e-006	-1	
290.09633636359308	-54.174493936359802	6.2797376928456805e-005	-9.0239832658015956e-006	-1	
297.79319253894926	-61.478711037339338	6.3500360429951969e-005	-9.0935066780461168e-006	-1	
296.93577858540317	-45.576706025824663	6.1972038770305362e-005	-8.9366385379644745e-006	-1	
300.25988532072216	-18.478253291162336	5.9535999936301646e-005	-8.6811496613347426e-006	-1	
299.10371879688637	-36.933569909894615	6.1172685656679887e-005	-8.8530621100176767e-006	-1	
305.77385632028427	-30.824152991235742	6.0663589341905245e-005	-8.7982016936254339e-006	-1	
275.83174625041778	57.07582512547912	5.323971907204809e-005	-8.0038480386878394e-006	-1	
278.76057282054887	41.830743276982552	5.4303860109608812e-005	-8.1216735856496945e-006	-1	
292.58932192657744	20.503703604764183	5.6235681130895487e-005	-8.3298475540930379e-006	-1	
300.95965143388855	5.6959466766605971	5.755652263966412e-005	-8.4703621488699339e-006	-1	
299.68716315963343	14.746263693097447	5.6838375673874835e-005	-8.3933514154122598e-006	-1	
302.30473897436389	-3.186609475948885	5.8284671307353273e-005	-8.5479133545129046e-006	-1	
305.42505052588041	-11.265017195703436	5.8987245958596727e-005	-8.6218957317397209e-006	-1	
293.662186618634	37.479599535621595	5.50819480652442e-005	-8.2035830102805192e-006	-1	
269.48622511421058	80.809884590876308	5.1775735042345591e-005	-7.8399193381239224e-006	-1	
282.293762430573	64.9328398904144	5.3065532158215627e-005	-7.9825437265538145e-006	-1	
280.42776831739701	77.624824239715522	5.2371571383690678e-005	-7.9047942840257067e-006	-1	
268.14941886536053	-160.04904650780676	7.4673768076985024e-005	-1.019936450464118e-005	-1	
278.01892171340029	-159.52053753236254	7.4148574302064843e-005	-1.0146498731652018e-005	-1	
283.2188779028956	-142.7421535650515	7.217092740072934e-005	-9.9562945833150922e-006	-1	
285.8390312231993	-153.47634234529744	7.3171216878312653e-005	-1.0051358165652375e-005	-1	
281.88938667273015	-131.77308499653714	7.1063360171742305e-005	-9.850008473734283e-006	-1	
288.53730984852507	-117.85827914488759	6.938884850552823e-005	-9.6850324974394518e-006	-1	
296.02831831506847	-106.87167860320515	6.8063456341131809e-005	-9.5525503987098844e-006	-1	
300.28995729354426	-94.877359710113467	6.6768597893643932e-005	-9.4228096856231639e-006	-1	
302.67204577423939	-85.552521440598227	6.5810659296489237e-005	-9.3263027141089694e-006	-1	
240.60922857229036	143.34594248549155	4.922855618009411e-005	-7.5478471353023081e-006	-1	
237.40072347688402	158.79104232332105	4.9307028432802859e-005	-7.5536592598922695e-006	-1	
251.13911287776119	126.34535230899881	4.9719446311577115e-005	-7.6052101140327917e-006	-1	
250.58886096750152	135.74740231405508	4.9638562922882043e-005	-7.5945979014388893e-006	-1	
255.64370012350986	117.64435573526917	5.0035705269975495e-005	-7.641751568835758e-006	-1	
253.47304009707949	107.09033872418433	5.0124261319622045e-005	-7.6535899071175451e-006	-1	
260.65682405224618	99.059629657974781	5.0692070894324118e-005	-7.7176267462163397e-006	-1	
266.97025370940446	90.853380420334815	5.1262681360766485e-005	-7.7817385307518148e-006	-1	
220.24922085373385	-287.1291286146577	9.0502104817025538e-005	-1.1641914278404664e-005	-1	
215.431615166559	-290.91380393399254	9.12695899779668e-005	-1.1709218682094603e-005	-1	
218.67334042767556	-280.34214194004426	9.01201118081865e-005	-1.1608477219889444e-005	-1	
223.93655354588176	-277.24996274005321	8.9365212421604702e-005	-1.1541872735361215e-005	-1	
200.59285940845314	-301.75541635293763	9.3598752859304108e-005	-1.1911933964440886e-005	-1	
242.067759539451	-246.43645209007261	8.510970252651476e-005	-1.1162488607178134e-005	-1	
238.66136380141887	-257.79471720187217	8.6398950190994499e-005	-1.1278014463379798e-005	-1	
233.02293732428825	-269.30861528720561	8.7873849825492113e-005	-1.140958688286824e-005	-1	
236.79194421555655	-264.50678526250812	8.713554729518378e-005	-1.1343760482016855e-005	-1	
256.55316411365175	-210.87215442117605	8.0637174106812986e-005	-1.0755614700104001e-005	-1	
259.99332036847846	-201.32630750063242	7.9452711936127643e-005	-1.0646290205536434e-005	-1	
256.89053508502911	-191.66553154976361	7.8666537353516022e-005	-1.0574988027085906e-005	-1	
248.42193991836055	-246.44040848612357	8.4587653879581809e-005	-1.1114860780758259e-005	-1	
255.15844892721006	-240.61999089010121	8.3535624430327438e-005	-1.1019180584492517e-005	-1	
261.78986903870327	-238.48203519750655	8.2837521676311747e-005	-1.0955332785064977e-005	-1	
262.94744558874743	-231.61132899148942	8.2137086327597363e-005	-1.0891354152624285e-005	-1	
268.3674114213801	-223.48074510807777	8.1006676273223514e-005	-1.0787480745318525e-005	-1	
266.81185819705797	-217.81771870519052	8.0590372392303408e-005	-1.0749417850059212e-005	-1	
229.68262877245218	-279.31044909601599	8.8994779109969352e-005	-1.1508981512558512e-005	-1	
234.29555749656018	-275.2788265422318	8.824584918201505e-005	-1.1442551889351803e-005	-1	
236.235194314338	181.98774046521146	4.9846509943129e-005	-7.6077544560275017e-006	-1	
243.19552154767146	175.56702112635776	4.9814962946995831e-005	-7.6060844349356114e-006	-1	
249.41088103614121	168.05944045617261	4.9817529512189522e-005	-7.6082085358275194e-006	-1	
237.54773436213583	191.36585491569355	5.0144846277563739e-005	-7.6379788635122174e-006	-1	
221.89628240220932	251.68535360105636	5.2786179709953257e-005	-7.8989336169349701e-006	-1	
227.17397774754517	248.5901616511446	5.2446457301418567e-005	-7.8655991189825253e-006	-1	
218.78287341266531	262.2955140355964	5.3394503354952226e-005	-7.9583702764212702e-006	-1	
223.55427322749964	258.45274997350771	5.2993672069175437e-005	-7.9191970219434478e-006	-1	
213.9451348248794	266.05442041726235	5.3824409773917379e-005	-8.0002747977606468e-006	-1	
199.04872098206147	276.8166732908407	5.5334507780135724e-005	-8.1464345265240793e-006	-1	
235.44611280854625	239.76179335294179	5.183811631680388e-005	-7.8058742224238654e-006	-1	
237.35133289198473	233.05979934576177	5.1556068156130485e-005	-7.7781572648456526e-006	-1	
231.65152879329392	244.54343707489619	5.2130923069896815e-005	-7.8346309219691134e-006	-1	
240.81830732348422	221.7198784216402	5.1113607218504336e-005	-7.7346719608182522e-006	-1	
244.88558281927334	213.15297783169669	5.0805286811457416e-005	-7.7044702691303111e-006	-1	
246.2729562122326	202.41476181192218	5.0504826245634245e-005	-7.6749705139910102e-006	-1	
266.42976627759754	-187.30121962781362	7.7628394745922117e-005	-1.0476204341007479e-005	-1	
273.62915280662367	-169.96192572257848	7.5445992167759565e-005	-1.0270253640762021e-005	-1	
278.62233790403508	-180.1285751695041	7.6212801922722028e-005	-1.0341109734817605e-005	-1	
309.99856679425585	-76.17129572616021	6.4813175689873163e-005	-9.2239738994383908e-006	-1	
309.25566866814671	-64.29578575740311	6.3698229536582286e-005	-9.1107999312921543e-006	-1	
305.88433523108279	-52.884661995916652	6.2657786716557154e-005	-9.0049191213750401e-006	-1	
306.93801220064307	-39.794127949576584	6.1461548256129704e-005	-8.8810808700413782e-006	-1	
308.33647327895267	-22.149551905872748	5.9930840321361036e-005	-8.7208207753634374e-006	-1	
316.96140556187288	-32.254493852018591	6.0833584342138375e-005	-8.8137013794134885e-006	-1	
286.1120488127699	55.503575696823852	5.371907099564953e-005	-8.0546816423988088e-006	-1	
293.80341954358784	48.503618174057948	5.4390296602605601e-005	-8.1274078753681631e-006	-1	
301.66743239569371	23.668483050344634	5.6236016751255847e-005	-8.327796497403604e-006	-1	
309.27974243876326	2.4754035024377705	5.7944218650011406e-005	-8.5101468549383083e-006	-1	
308.31507015682064	11.344745081996106	5.7261987995078375e-005	-8.4372333509641644e-006	-1	
310.67686814008943	20.313190783454566	5.6655981779019755e-005	-8.3716361325598208e-006	-1	
313.03675612145571	-7.1347686085836166	5.874590044149015e-005	-8.5947829883187444e-006	-1	
312.49036658589398	-15.206813364274421	5.9388201627056341e-005	-8.6628341556891526e-006	-1	
304.18732314816697	32.946309801488837	5.5658206206682299e-005	-8.2645112033335136e-006	-1	
310.36647644287075	42.597593619689128	5.5188357351461276e-005	-8.2122590502052967e-006	-1	
304.49742271426732	51.184519116871776	5.4524468799740911e-005	-8.1403541808350782e-006	-1	
277.19207057683161	89.205235852969778	5.1756922313320454e-005	-7.835739662398276e-006	-1	
290.94688310928751	70.282030170129858	5.3092251009370325e-005	-7.9837542724395659e-006	-1	
295.77403321538441	59.350996448839908	5.3818533552687633e-005	-8.0637862301375785e-006	-1	
289.03659063745749	87.135690604823395	5.2260949289946453e-005	-7.8906996798874422e-006	-1	
286.43978881953007	-164.69503319720673	7.4274781753661548e-005	-1.0156461347500271e-005	-1	
294.42719135965694	-140.96321305907597	7.1559602201260372e-005	-9.8945895253867986e-006	-1	
299.17192973931157	-153.17544767308249	7.2578380075156212e-005	-9.9919777915259895e-006	-1	
296.98016673505418	-160.80654152070883	7.3411205755368749e-005	-1.0072257111380486e-005	-1	
296.9984526697188	-128.11643012192451	7.0180899058933742e-005	-9.7601874059651391e-006	-1	
304.29280064926621	-114.72500793308033	6.8636583719763035e-005	-9.60720333775865e-006	-1	
306.2984890149969	-101.92192672961838	6.7340471944393602e-005	-9.4784676475125803e-006	-1	
312.0045985986153	-87.904204255671317	6.58872479156958e-005	-9.3320522794519312e-006	-1	
251.97218157185466	148.65764415352362	4.9701491677158789e-005	-7.5992602806788242e-006	-1	
255.13936762944363	159.38572972860413	4.9873457398657593e-005	-7.616287065500346e-006	-1	
260.87124758586287	127.47857852382919	5.0120052787839544e-005	-7.6493266643047531e-006	-1	
259.58310625136943	138.54112263576638	4.9978098002386346e-005	-7.6317304341118687e-006	-1	
267.04655848558127	117.88948053269395	5.0515331826494322e-005	-7.694581740830234e-006	-1	
264.17221133070416	108.36578959904749	5.0603248216258579e-005	-7.7059790351839373e-006	-1	
270.24466450186236	99.904253766860123	5.1099082512532614e-005	-7.7619370309497171e-006	-1	
225.00004110432175	-283.26095090719832	8.9744411753136402e-005	-1.1575235922339665e-005	-1	
245.42576635695107	-256.12455394478496	8.5679196838550536e-005	-1.121312176766224e-005	-1	
243.30683918841473	-266.97715582807967	8.6774400491823034e-005	-1.1311304967541635e-005	-1	
247.70244723246373	-262.70963643703135	8.6043061093578672e-005	-1.1245702134927546e-005	-1	
238.83742213386984	-271.16731131713078	8.7507354871322108e-005	-1.1376820301398396e-005	-1	
268.34850491120233	-207.08380346199476	7.9469005585961077e-005	-1.0646013902736595e-005	-1	
268.77318453179805	-197.52631332827553	7.8512150473821903e-005	-1.0557475351560351e-005	-1	
250.33692630307345	-252.49915844689542	8.4960387726926398e-005	-1.1148232279994435e-005	-1	
254.53745000200522	-248.16556365526901	8.4248101166913643e-005	-1.1083742474599796e-005	-1	
260.43314270857996	-249.45600957546105	8.3898007889918105e-005	-1.1051833199206084e-005	-1	
264.52035616800197	-244.8922635300504	8.3190429400692027e-005	-1.0987402305420873e-005	-1	
268.52729877415618	-240.25788085477771	8.2493549304062127e-005	-1.0923713474578312e-005	-1	
272.45274997350862	-235.55427322750009	8.1797469979279374e-005	-1.0859863996659179e-005	-1	
269.50021244063987	-229.24324245942302	8.1450752170391023e-005	-1.0828117785462909e-005	-1	
274.00551151858235	-225.1243512553724	8.0768180646761042e-005	-1.0765130755546216e-005	-1	
276.8834296930047	-219.74099064012066	8.0088485334806099e-005	-1.0702237113849043e-005	-1	
277.558910207689	-212.80627267088093	7.9410899677443073e-005	-1.0639468600042564e-005	-1	
247.81236445777884	191.69728494129737	5.0242907433457055e-005	-7.6493500103768243e-006	-1	
252.70865145346164	177.23109087280397	5.0019079748251002e-005	-7.6285636015882124e-006	-1	
258.98391903725206	169.89012462323538	5.0038178709361421e-005	-7.6325665564544211e-006	-1	
228.25788085477726	254.52729877415527	5.2627590081216091e-005	-7.8833495444921352e-006	-1	
232.89226353004992	250.52035616800106	5.2296055735511552e-005	-7.8508326411716305e-006	-1	
241.94772882975371	242.26690340070277	5.1723164754542345e-005	-7.7946110530232731e-006	-1	
237.45600957546054	246.43314270857906	5.1994763084576637e-005	-7.8212618048620846e-006	-1	
246.36605307173227	238.02290732122458	5.1477088686955039e-005	-7.7704915197651238e-006	-1	
244.12455394478445	231.42576635695028	5.1348909484463703e-005	-7.7579110041587191e-006	-1	
246.64271270864134	222.47215216360564	5.1045055393803798e-005	-7.728152840638352e-006	-1	
255.53109126748552	209.45591674337953	5.0639093149778453e-005	-7.6890113450228508e-006	-1	
253.93985685658356	215.97337449420908	5.0793932074478979e-005	-7.7039530525165908e-006	-1	
256.06958920697582	197.80389744771216	5.0407547875266985e-005	-7.6666711992735654e-006	-1	
276.09787889610493	-191.37206090366854	7.7466483460386599e-005	-1.0458899019901264e-005	-1	
289.21115816197442	-175.58261539382053	7.5210895356440173e-005	-1.024474134647955e-005	-1	
288.40098450003944	-186.22504426952682	7.6275017336664098e-005	-1.0345397241116381e-005	-1	
319.9138912305263	-69.585580314340874	6.4091792696760331e-005	-9.1491093664444929e-006	-1	
325.76590930360908	-79.686775500578193	6.4923928308675401e-005	-9.2328594757851798e-006	-1	
319.01632515233973	-52.732486168086012	6.2597302082599844e-005	-8.9961811120088113e-006	-1	
315.48426047203776	-43.92286797113313	6.183404276006947e-005	-8.9179644817771817e-006	-1	
316.21152062734643	-22.147230407117188	5.9983601109295083e-005	-8.724886342659288e-006	-1	
324.0531869423487	-22.871554597628087	6.0080756322790577e-005	-8.733983484753271e-006	-1	
324.58085988039147	-41.214227558332247	6.159053805852525e-005	-8.8913838959307815e-006	-1	
333.09799945911993	-31.337547395675269	6.0775383547148523e-005	-8.8056881270111894e-006	-1	
318.18887808538454	2.0030533182170527	5.8100001198430125e-005	-8.5253658590672854e-006	-1	
323.8369011037563	14.972458369149797	5.7237046047247254e-005	-8.4323901158933773e-006	-1	
319.74353042640485	24.517932099048895	5.6522604065909149e-005	-8.3560075489318158e-006	-1	
315.62710257627714	33.62503022632594	5.5856322084542524e-005	-8.2843464164839221e-006	-1	
321.22542377527782	-13.126729101042706	5.9292823898467538e-005	-8.651427903610305e-006	-1	
326.09490255839705	-4.8917945647492616	5.8698670047393227e-005	-8.5879699488612525e-006	-1	
317.55919129848348	50.110644542533151	5.4885245025038434e-005	-8.1784039975887094e-006	-1	
314.86392271887604	59.203165062633119	5.4320123896413841e-005	-8.1166746896666112e-006	-1	
306.7405560151654	64.096968851272678	5.3867973133053676e-005	-8.0676925309699879e-006	-1	
279.81375550143287	100.93990419752953	5.1440228977517532e-005	-7.7989651542771854e-006	-1	
302.7938400403184	74.156571035886373	5.3259424583687395e-005	-8.0006413887649426e-006	-1	
300.03366687298438	84.604231404845834	5.2708370203985147e-005	-7.9394069080707533e-006	-1	
295.24781835230613	94.823802107583958	5.2158257596827879e-005	-7.8781691831308208e-006	-1	
299.89627490316781	-170.90417399475277	7.4241911249003009e-005	-1.0151318284193167e-005	-1	
305.35345905073586	-148.19286664011233	7.185155945247057e-005	-9.9210156536742157e-006	-1	
308.73606175097154	-134.44772173583817	7.0413500429082604e-005	-9.7808066658787979e-006	-1	
306.47295624364534	-156.29513200985883	7.2572552706925172e-005	-9.9905718476442826e-006	-1	
305.41059847678395	-167.08298072435298	7.36298757140646e-005	-1.0092312883495687e-005	-1	
310.25439078301963	-126.65464177162933	6.9621736099558304e-005	-9.7031145342681663e-006	-1	
315.97813695843047	-121.15226518531837	6.8932947587977414e-005	-9.6346540790710409e-006	-1	
318.14989952085	-107.16461145641853	6.7570004938899623e-005	-9.4993929883371204e-006	-1	
318.9832391799626	-99.268855419745293	6.682141141593702e-005	-9.4246325243857907e-006	-1	
324.20564105487256	-93.288559688341309	6.6172115813305251e-005	-9.3589669775693066e-006	-1	
262.4064567657868	150.8820656292832	5.0031758976320569e-005	-7.6355730439172384e-006	-1	
269.72737884225319	158.64262293368063	5.0208830641033946e-005	-7.654021963817519e-006	-1	
270.76169416327917	132.59895515308818	5.0405150202956548e-005	-7.6800462242085744e-006	-1	
272.25588481110765	146.7819538131767	5.0313639035789838e-005	-7.667685187707741e-006	-1	
274.00878001969085	109.85053772355118	5.0964964870505767e-005	-7.745397312660861e-006	-1	
278.13166689183583	120.57381222109598	5.0854826900225306e-005	-7.7315711071677669e-006	-1	
252.02290732122549	-258.36605307173278	8.5321209945957678e-005	-1.1180719512096751e-005	-1	
278.8594036489983	-204.41936594236731	7.8549227918448569e-005	-1.0559373942703418e-005	-1	
256.26690340070365	-253.9477288297542	8.4605969064486066e-005	-1.1116079232336148e-005	-1	
276.29551403559731	-230.78287341266574	8.1110978734857077e-005	-1.0796681075942646e-005	-1	
280.05442041726326	-225.94513482487983	8.043101570617371e-005	-1.0733850803177963e-005	-1	
283.72832411920922	-221.04253108618042	7.9756829526045483e-005	-1.0671308000595392e-005	-1	
287.3161060347777	-216.0765555771589	7.9084802601531165e-005	-1.0608749657600506e-005	-1	
284.73309771860045	-210.54563769934936	7.8750899120761232e-005	-1.0577697289766823e-005	-1	
256.44632662258215	186.13606437392212	5.0209321702501193e-005	-7.6477151799493145e-006	-1	
267.0305053649808	174.49357292814122	5.02029394495489e-005	-7.6502994043004479e-006	-1	
250.70963643703081	233.70244723246287	5.1257519291072783e-005	-7.7490258854019032e-006	-1	
249.05499526794549	227.82663689395784	5.1147954861774905e-005	-7.7383088929097445e-006	-1	
252.50678526250758	222.79194421555576	5.0965696795093701e-005	-7.7206047205929794e-006	-1	
260.58259430403854	213.87084591109925	5.0681058135180228e-005	-7.6933539536099188e-006	-1	
261.77682825811388	207.00641640082327	5.056186363322609e-005	-7.6821030289119996e-006	-1	
259.16731131713016	224.83742213386904	5.0901281408826356e-005	-7.7144797857078648e-006	-1	
263.27882654223112	220.29555749655933	5.0758811000814815e-005	-7.700848978746095e-006	-1	
266.60306110178931	199.52542106884883	5.0438443589205882e-005	-7.6709599833310748e-006	-1	
265.71481222172042	193.23362976049751	5.0364667058710949e-005	-7.664105642691582e-006	-1	
287.63694817650543	-198.05847009514153	7.7431069680554496e-005	-1.0454094354100666e-005	-1	
294.5931976429577	-184.79951968767631	7.5810729102772766e-005	-1.0300946434935673e-005	-1	
299.84774128738985	-177.61289421342539	7.4872976634334071e-005	-1.0211483084965105e-005	-1	
293.8522745471646	-194.90945352725825	7.6787102720333726e-005	-1.0393179629035174e-005	-1	
328.33269446850511	-61.498305633810432	6.3301838246061562e-005	-9.0673200003923255e-006	-1	
331.39023761002716	-71.724209196561617	6.4152130349080954e-005	-9.153935234203605e-006	-1	
330.58023884159115	-88.163671285235964	6.5599251798866093e-005	-9.3007047591347661e-006	-1	
334.91766880246473	-83.045470056405108	6.5080209787074614e-005	-9.2479731788661413e-006	-1	
331.79170537860415	-52.081342393460844	6.247538246157287e-005	-8.9820824356923968e-006	-1	
331.36908127769613	-12.873586924437667	5.9333161005417002e-005	-8.6545743441650031e-006	-1	
336.43514505090462	-22.460725048915304	6.0081202479893606e-005	-8.7328335712481209e-006	-1	
336.82326035572788	-45.710237816377472	6.1922680072095407e-005	-8.9246233476990819e-006	-1	
341.02225744799466	-26.12787840403476	6.036352720834363e-005	-8.7621571777722557e-006	-1	
341.41645027965956	-35.891434924256671	6.1120181463256921e-005	-8.8410598430131646e-006	-1	
328.40332596364448	4.3924475593227488	5.8037735173068507e-005	-8.5175269573873088e-006	-1	
335.33140700995989	15.788055518060659	5.7310208446380896e-005	-8.4393533701376268e-006	-1	
329.7313885291486	24.874169470214802	5.6643833649181716e-005	-8.3682033124022144e-006	-1	
328.71139986877097	43.838237879891587	5.5448498213228981e-005	-8.2389479020743055e-006	-1	
335.62591070156799	34.939662108744933	5.6086564149728673e-005	-8.3076830143753149e-006	-1	
338.30645990302077	-4.5398604241907972	5.8751198027160554e-005	-8.5925978311087599e-006	-1	
329.96616408910324	53.238242264358128	5.4928729890834919e-005	-8.1822788608684489e-006	-1	
324.16183701891191	61.070567481461694	5.4402280026342675e-005	-8.1250182229100102e-006	-1	
314.7535306605543	68.208929861318623	5.3845869264422938e-005	-8.0644477955109371e-006	-1	
285.1511051434594	110.7631955093284	5.132090052986671e-005	-7.7842904612147611e-006	-1	
295.98878059294685	104.67963201492954	5.1830346729081952e-005	-7.8409373126827691e-006	-1	
310.84367362565689	81.365755618566567	5.3123075858484932e-005	-7.9846899456636116e-006	-1	
304.72787794288166	97.619312501719435	5.230495421090155e-005	-7.893705252677708e-006	-1	
314.6733363628087	92.393626811041486	5.2738308895767047e-005	-7.9415284770888698e-006	-1	
305.82826314385392	-174.0379892408464	7.425222083552106e-005	-1.0151942399746579e-005	-1	
312.52113990537691	-144.25277409643547	7.1207999396963567e-005	-9.8578022179971879e-006	-1	
313.05749446820425	-150.94019559258936	7.1808543452146553e-005	-9.9161251593615968e-006	-1	
317.7995330827743	-129.12612837984028	6.9618636393113225e-005	-9.7020020785654281e-006	-1	
317.68144087531147	-139.96551665326987	7.0625060701495502e-005	-9.8005943356709197e-006	-1	
314.72599441199191	-158.27474021743203	7.2414459377303776e-005	-9.9747687709882221e-006	-1	
311.26271477661908	-163.30153628448372	7.3021028831588692e-005	-1.0033468796763467e-005	-1	
312.79249134462833	-174.25272816641248	7.3947101242038396e-005	-1.0122520953482654e-005	-1	
315.55925198907676	-168.78663931182794	7.3328944820610109e-005	-1.0063044031731266e-005	-1	
322.77514093129895	-116.6024613346523	6.8324405021586465e-005	-9.5738198579441428e-006	-1	
323.89230169064876	-123.21768879272625	6.8894323032989404e-005	-9.6301610260305504e-006	-1	
326.71507418635531	-101.07333479397788	6.6820521640845306e-005	-9.4237828827311358e-006	-1	
327.54214629129592	-111.88176833658027	6.7772987739724458e-005	-9.5187462996270631e-006	-1	
332.26970352952509	-94.656358829890593	6.6137365480872773e-005	-9.3548380192910733e-006	-1	
279.81157067325137	151.9063116629452	5.0450952885121007e-005	-7.682302513158636e-006	-1	
275.4141186928822	170.53701945399666	5.0307914852483745e-005	-7.663179066218741e-006	-1	
281.65230263141746	160.84829903030754	5.0423056630186815e-005	-7.677908385501784e-006	-1	
279.34811180137075	134.62517593913338	5.0632953361171548e-005	-7.7050129279070866e-006	-1	
280.05201990284371	143.41930192834985	5.0542114385937156e-005	-7.6936677823400727e-006	-1	
287.55617426618994	128.54868063424755	5.0963218446760436e-005	-7.7424438784573308e-006	-1	
292.19060101699	119.44823156246315	5.1291281871536061e-005	-7.7798416906654035e-006	-1	
287.32532848058577	-205.01903619307706	7.8089882444087682e-005	-1.0515835817447292e-005	-1	
290.81667329084161	-211.04872098206181	7.8423006788139662e-005	-1.0546925948800777e-005	-1	
267.86874195803625	183.72594246361771	5.0284577239201725e-005	-7.6574985862018451e-006	-1	
277.38971843947718	181.63153613148356	5.0345445366934921e-005	-7.6654853680946e-006	-1	
254.97715582807905	229.30683918841385	5.1065904327507979e-005	-7.7303803086802139e-006	-1	
267.3104490960153	215.68262877245138	5.0641925544042739e-005	-7.6898531424340048e-006	-1	
271.26095090719758	211.00004110432099	5.0548583141981431e-005	-7.6813030081214437e-006	-1	
269.16254168171207	205.34132023422191	5.0499701135882363e-005	-7.6767908169402553e-006	-1	
272.86936231788775	200.57855591772253	5.0440818619960628e-005	-7.6718318655980458e-006	-1	
275.77597435699448	195.21063350894707	5.0398383629393458e-005	-7.6686011437599488e-006	-1	
276.48846082027774	188.2796198544913	5.0363967552972013e-005	-7.6662081048554009e-006	-1	
297.55192548890528	-200.81361901849337	7.7112765001808526e-005	-1.0423785853999704e-005	-1	
294.22895958070393	-205.96055882801255	7.7766985248949131e-005	-1.0485378451200705e-005	-1	
297.82202524237471	-190.27220607317591	7.6144739390354357e-005	-1.0332334851207147e-005	-1	
300.94004307355937	-185.1047688004349	7.5508887436388653e-005	-1.0271936473967763e-005	-1	
309.93075568691467	-179.66969787790725	7.4566865539971229e-005	-1.0181932952245324e-005	-1	
306.97491672833934	-185.0358983848628	7.5197143289447153e-005	-1.0242133164879141e-005	-1	
300.78455880783969	-195.6094693612298	7.6467389599436464e-005	-1.0362819313164197e-005	-1	
336.66030427553022	-68.174276622280573	6.3785729169594117e-005	-9.1162032038285032e-006	-1	
335.28929269622154	-59.407623986164865	6.3063148554357186e-005	-9.0422733981187965e-006	-1	
339.59166923588754	-77.878236058705966	6.4566246799106113e-005	-9.1956162735080594e-006	-1	
337.1211905540348	-89.655392834242463	6.560987561280469e-005	-9.3014833015929969e-006	-1	
345.16145462083858	-82.064413074098411	6.4827543854568525e-005	-9.2220780814016272e-006	-1	
343.90369695699479	-88.060339815555807	6.5351598238109568e-005	-9.2752321863130839e-006	-1	
339.75187622904576	-53.676083454489643	6.2552528112608285e-005	-8.9894935264020625e-006	-1	
342.184038695308	-12.089421363302799	5.9314822813498408e-005	-8.65194481025717e-006	-1	
345.71368843068853	-18.096763536354025	5.9761350880174273e-005	-8.6988232118754594e-006	-1	
344.51845095911506	-42.130359432797583	6.1596390986585608e-005	-8.8904494442084038e-006	-1	
344.93058442673833	-48.220772434998658	6.2074752380003218e-005	-8.9399996787877718e-006	-1	
346.54966369657586	-24.14359162117136	6.0210192854076859e-005	-8.7458974524750466e-006	-1	
345.32582368331634	-30.123992958411243	6.0663367145788603e-005	-8.7933167878737824e-006	-1	
351.01296200119526	-39.606886912060943	6.1365918058982561e-005	-8.8664174993709475e-006	-1	
351.42400753617682	-33.49426608314856	6.0897543045996608e-005	-8.8176588209012833e-006	-1	
341.66880182429441	5.7655236402739334	5.8044460274231376e-005	-8.5173975643684331e-006	-1	
344.84616098591789	11.966408738117748	5.7643533345878838e-005	-8.4745824900210225e-006	-1	
339.50311034938056	20.581020695135923	5.7032894592334122e-005	-8.4094454533972745e-006	-1	
339.52993298789704	29.483666097737292	5.6467107911267148e-005	-8.3486031882566028e-006	-1	
335.26063910630853	50.696953582274531	5.5148797824530671e-005	-8.2060534566093587e-006	-1	
337.84105113460544	41.272310476229727	5.5730137166560679e-005	-8.2690559481808077e-006	-1	
342.2670003837784	35.89108752207153	5.6100298785328024e-005	-8.3089912181403437e-006	-1	
346.65931041538346	-6.0436476371577079	5.8890835793340563e-005	-8.6070536606167867e-006	-1	
345.508014294487	-0.048858085011395769	5.8466232072358799e-005	-8.5621027950611209e-006	-1	
338.02522125980789	59.577573842132637	5.4701861005265616e-005	-8.1572466286651137e-006	-1	
333.23467826284542	64.636949795041048	5.4367914215113433e-005	-8.1208371529919835e-006	-1	
328.78173574046019	69.654975838877419	5.4042989998148572e-005	-8.0853225379958315e-006	-1	
320.64370655900831	75.022285415012774	5.363107976024599e-005	-8.0403243472018177e-006	-1	
304.68662274288346	114.7892443902636	5.172342515380894e-005	-7.8280193313527081e-006	-1	
308.89105494044617	108.05424860153353	5.2030457221009807e-005	-7.8624837596591489e-006	-1	
322.04009031863433	84.670375559704041	5.3213759717577266e-005	-7.9940574355105746e-006	-1	
318.34631548984208	103.46470435705366	5.2382772274798555e-005	-7.9016026590095658e-006	-1	
325.12411843706548	90.225948842949848	5.3028443033704389e-005	-7.9733840272893214e-006	-1	
323.29939087816985	98.939626823814237	5.2643679529017424e-005	-7.9306005738740544e-006	-1	
318.7036851352982	-146.85765738830557	7.1217768467682913e-005	-9.8584194979205616e-006	-1	
323.28140220485761	-152.11037988903593	7.1517479467681514e-005	-9.8875081301508373e-006	-1	
320.80450629682844	-157.71377872283938	7.211771406777419e-005	-9.9458815535201683e-006	-1	
323.18171350700771	-135.68841620838572	7.0046268400140085e-005	-9.7436494727116645e-006	-1	
326.19370017291038	-130.37890390903664	6.9469967123155453e-005	-9.68687653797343e-006	-1	
325.66012807576516	-146.46460668592576	7.0927517946284691e-005	-9.8299259722431403e-006	-1	
327.93995932660761	-140.77817887071836	7.0339376442130294e-005	-9.7723129420253078e-006	-1	
318.2301948381654	-163.27309633777	7.2719516461880769e-005	-1.0004212708420306e-005	-1	
329.16119024813281	-118.65858793757636	6.8334672088131825e-005	-9.5745219055094968e-006	-1	
334.17929265319049	-123.49234791206503	6.8619157522412514e-005	-9.6026278396415742e-006	-1	
332.20019046915814	-129.29029982416642	6.9188551533131017e-005	-9.6589921437398275e-006	-1	
335.18648551818831	-101.58974326657351	6.6681313360521173e-005	-9.4093757398469078e-006	-1	
332.64871485897066	-107.14156320365079	6.7225887355197982e-005	-9.4639687876748912e-006	-1	
336.05690519710038	-117.66073896042622	6.8060131531749789e-005	-9.5470933851745952e-006	-1	
337.83245616191812	-111.79724933382872	6.7503450065864481e-005	-9.4915947112704651e-006	-1	
342.5414875052752	-94.033402450379555	6.5878516660090479e-005	-9.3284897650983411e-006	-1	
341.07524120787485	-99.981781525828737	6.6415827613697064e-005	-9.3826095791722898e-006	-1	
288.80022164555055	150.30894322765343	5.0636394424181773e-005	-7.7034112649907812e-006	-1	
284.01389194422745	171.86710979115659	5.0406381659927429e-005	-7.6744492541536618e-006	-1	
283.34519812278756	178.54259711849488	5.0388889011953849e-005	-7.6713490064565607e-006	-1	
290.29325661659186	161.87745135414445	5.0539640744287711e-005	-7.6911386601794448e-006	-1	
289.85794129332845	168.57220923278484	5.0485405386569638e-005	-7.6841186752576614e-006	-1	
287.1451376227036	138.75295099005371	5.0765447686178418e-005	-7.7192172455978438e-006	-1	
297.9755075255049	134.39596263952481	5.1074555815680847e-005	-7.754190559383952e-006	-1	
305.12009388708839	122.71701337940901	5.1503724259723549e-005	-7.8029936819426993e-006	-1	
282.87503457518568	185.49425400567807	5.037895154689952e-005	-7.669045537111307e-006	-1	
275.12912861465696	206.24922085373314	5.0475938113095473e-005	-7.674906433337795e-006	-1	
278.91380393399174	201.43161516655829	5.0426693147527156e-005	-7.67096237842556e-006	-1	
282.61382401643675	196.54869153215805	5.0398648256649526e-005	-7.6692502296965899e-006	-1	
286.22806180003204	191.60193733637334	5.0389178788868559e-005	-7.6695059732077649e-006	-1	
303.92587484608299	-190.34969509062114	7.5828569713104065e-005	-1.0302244513383981e-005	-1	
341.63590992135579	-72.126361185902255	6.4054405399900682e-005	-9.1434148273423107e-006	-1	
342.69498643818281	-66.184745236111794	6.3549829941443611e-005	-9.0918227941734921e-006	-1	
342.52310564429683	-60.068803905648281	6.304840756852019e-005	-9.0404211278427113e-006	-1	
346.3143773716381	-76.047448643376654	6.4312106903568141e-005	-9.1696379663034234e-006	-1	
349.87117659972654	-51.805954928641441	6.2318341656061903e-005	-8.9650961844897278e-006	-1	
349.14078453213335	-57.888686162016683	6.2807893112920788e-005	-9.0155748294045105e-006	-1	
352.01635062564452	-15.126403878860721	5.9546313816373524e-005	-8.676123338799741e-006	-1	
352	-9	5.9108787199407321e-005	-8.630008012329795e-006	-1	
351.92577827051468	-21.252160034501266	5.9988842631793993e-005	-8.7226318780377141e-006	-1	
350.49529912733647	-45.71140302547321	6.1838498172973806e-005	-8.915470109002084e-006	-1	
351.72831052382924	-27.375402502254833	6.0439081966723965e-005	-8.7697949075618866e-006	-1	
351.64658229689257	3.2472866506542211	5.8263427748518688e-005	-8.5404947641255445e-006	-1	
351.3096228738836	9.3644387802915787	5.7850337386803699e-005	-8.4965517736113439e-006	-1	
350.86595574622169	15.474778485227276	5.7447175339809397e-005	-8.4535486091920241e-006	-1	
345.3320510970342	18.051381649514614	5.724562648487835e-005	-8.4320471076374539e-006	-1	
344.81723709016313	24.064651118083948	5.6855825437793838e-005	-8.3902833874812815e-006	-1	
349.65907142119323	27.667578188419455	5.6669259524660831e-005	-8.3701902947831418e-006	-1	
348.89622185248345	33.74632414177205	5.6290761349825684e-005	-8.329458032069947e-006	-1	
340.3528354001121	47.77135094711209	5.5381956419571013e-005	-8.2312483262354949e-006	-1	
340.20001088690663	53.873779086851073	5.5038717561294994e-005	-8.1939384346796922e-006	-1	
347.05286968873241	45.859250591501585	5.5563191603879277e-005	-8.250835872692072e-006	-1	
348.02739972445096	39.810830711949251	5.5923783993387279e-005	-8.2898569651525723e-006	-1	
351.87673137414419	-2.8748145598879229	5.8681810555857245e-005	-8.5848747850981322e-006	-1	
344.78790540862394	57.900466110957893	5.4874053355129935e-005	-8.1759681110188297e-006	-1	
343.4981610942948	63.889593879968771	5.4544863981448788e-005	-8.1400474310552467e-006	-1	
342.10408852224208	69.855300333837576	5.4223365483256946e-005	-8.1048766621787523e-006	-1	
335.28699380215403	71.295372143144746	5.4060598125840212e-005	-8.0870970772010063e-006	-1	
330.32279940016394	76.184478521396755	5.3749529314244538e-005	-8.0529787580607747e-006	-1	
311.89034030676873	118.1274881857172	5.1765561128030424e-005	-7.8324045540527676e-006	-1	
319.19641816026814	110.11952275683147	5.2160007453577708e-005	-7.8765977674111305e-006	-1	
332.14148913551622	82.910469517907146	5.3464837025920521e-005	-8.0215333269167448e-006	-1	
324.64446896238263	105.77609902707704	5.2403603463331124e-005	-7.9037827933589067e-006	-1	
331.3516243753362	88.963493406273997	5.3184205857883309e-005	-7.9905084670090094e-006	-1	
329.59783126713802	94.738322658895669	5.2913232893188505e-005	-7.9604867029864864e-006	-1	
333.58476924209913	99.269191090787189	5.2788354759645492e-005	-7.9465777925026329e-006	-1	
331.57474741753163	105.0564965168593	5.2533671550035673e-005	-7.9182342759323611e-006	-1	
330.12020149870057	-135.05282858441194	6.9760011509535617e-005	-9.7153759719352806e-006	-1	
339.50540469761967	-105.90366510801367	6.6955593316310536e-005	-9.4368027459774287e-006	-1	
299.47260587331994	150.17519483770212	5.0810090532165128e-005	-7.7231127706316818e-006	-1	
297.50529339466777	144.13323277624167	5.0880482610297145e-005	-7.7315538905678475e-006	-1	
296.01875555755828	158.38060357917942	5.0650819115766912e-005	-7.7042537024216564e-006	-1	
289.63067348326757	175.53603982959893	5.0438858697982072e-005	-7.6779158479801935e-006	-1	
289.75541635293672	186.59285940845245	5.0399559951112736e-005	-7.6718592221124248e-006	-1	
293.19481320878378	181.52298356205637	5.0429315832454693e-005	-7.6762796182805077e-006	-1	
296.03466037585702	165.34812353073812	5.0570049274751257e-005	-7.6943930266923777e-006	-1	
296.54520469397278	176.39385413048078	5.0476794144342066e-005	-7.6825813175387585e-006	-1	
299.80557024680127	171.20703349623759	5.0542481008530957e-005	-7.6908350548765542e-006	-1	
306.98814913780575	130.6800748300694	5.1332394919337401e-005	-7.7832920527913186e-006	-1	
307.25501127043424	137.38366096634408	5.1176736557136029e-005	-7.7654126459944356e-006	-1	
312.31676307230668	126.60390554735706	5.1529204353501895e-005	-7.8055537564539155e-006	-1	
347.36211401795464	-70.011279349043775	6.3803746697811749e-005	-9.1177442638330494e-006	-1	
348.30434540905617	-63.957743866740508	6.3302191322302102e-005	-9.0663773111618499e-006	-1	
350.31571605921198	21.576444496794995	5.7053158104497224e-005	-8.4113936470758713e-006	-1	
345.97292859661735	51.889741373141391	5.5213432955490722e-005	-8.2128930917145911e-006	-1	
340.6061123404761	75.79576826058738	5.3915156709277141e-005	-8.0710636404048978e-006	-1	
339.00468884705288	81.709188136141094	5.361583801630783e-005	-8.0381282086139947e-006	-1	
320.30208742014025	116.9987729141079	5.1946242733657081e-005	-7.8525447468900767e-006	-1	
318.88383633658793	122.93607435470506	5.1737632359004308e-005	-7.8290403527684823e-006	-1	
329.46402932255114	110.8078407904534	5.2293095860906692e-005	-7.8913772943000279e-006	-1	
327.25325790233666	116.52147199638925	5.2063343710468012e-005	-7.8656413700668941e-006	-1	
337.30030585108193	87.593758675520021	5.3328047726904001e-005	-8.00637980669553e-006	-1	
335.49348252413455	93.447687381532745	5.3051805914823602e-005	-7.9758168927283296e-006	-1	
305.8265828409879	150.12419841495282	5.0897317091055376e-005	-7.7330689576859261e-006	-1	
303.00312248367339	155.45828828802138	5.0772980393408134e-005	-7.7185462713472519e-006	-1	
307.75690696795749	144.33309892544713	5.1034149276985819e-005	-7.7489327084166209e-006	-1	
302.97491672833803	165.96410161513782	5.0624883316891204e-005	-7.7008680762535416e-006	-1	
306.0522787249426	160.66665553502196	5.0725164678218178e-005	-7.712822847400177e-006	-1	
313.06088491566976	133.53159418938219	5.1355447031145247e-005	-7.785746457614088e-006	-1	
314.72322566385134	144.46344870816293	5.1117827183906575e-005	-7.7584910216326039e-006	-1	
317.4235602029014	138.96424101913217	5.1279344139607458e-005	-7.7769945123501861e-006	-1	
322.53427904784945	127.8286455135449	5.1644884897368185e-005	-7.8185169705224179e-006	-1	
320.02750906024977	133.41874355017634	5.1454273534894e-005	-7.7969169577688546e-006	-1	
324.94310657927872	122.1956497072523	5.1846571246440543e-005	-7.8412809061221275e-006	-1	
311.92732799115896	149.91469150533447	5.0970770823371449e-005	-7.7415381127363186e-006	-1	
309.03671884233978	155.31630890928344	5.0839330790870775e-005	-7.7262554444770199e-006	-1	
13538
0	3	1	5	-1	-1	-1
0	2	4	5	-1	-1	-1
4	3	0	5	-1	-1	-1
6	1	3	5	-1	-1	-1
1	6	5	5	-1	-1	-1
8	4	2	5	-1	-1	-1
2	7	8	5	-1	-1	-1
3	4	10	5	-1	-1	-1
3	9	6	5	-1	-1	-1
9	3	10	5	-1	-1	-1
4	8	11	5	-1	-1	-1
14	5	6	5	-1	-1	-1
12	10	4	5	-1	-1	-1
4	11	12	5	-1	-1	-1
6	9	14	5	-1	-1	-1
7	16	8	5	-1	-1	-1
14	13	5	5	-1	-1	-1
11	8	16	5	-1	-1	-1
9	10	17	5	-1	-1	-1
7	15	16	5	-1	-1	-1
19	10	12	5	-1	-1	-1
14	9	18	5	-1	-1	-1
12	11	21	5	-1	-1	-1
9	17	18	5	-1	-1	-1
18	13	14	5	-1	-1	-1
10	19	17	5	-1	-1	-1
16	20	11	5	-1	-1	-1
21	11	20	5	-1	-1	-1
22	19	12	5	-1	-1	-1
23	13	18	5	-1	-1	-1
12	21	22	5	-1	-1	-1
25	16	15	5	-1	-1	-1
17	27	18	5	-1	-1	-1
20	16	26	5	-1	-1	-1
19	28	17	5	-1	-1	-1
25	15	24	5	-1	-1	-1
16	25	26	5	-1	-1	-1
18	29	23	5	-1	-1	-1
17	28	27	5	-1	-1	-1
31	19	22	5	-1	-1	-1
27	29	18	5	-1	-1	-1
21	20	33	5	-1	-1	-1
34	22	21	5	-1	-1	-1
28	19	30	5	-1	-1	-1
32	20	26	5	-1	-1	-1
19	31	30	5	-1	-1	-1
33	20	32	5	-1	-1	-1
24	37	25	5	-1	-1	-1
31	22	34	5	-1	-1	-1
29	35	23	5	-1	-1	-1
34	21	33	5	-1	-1	-1
38	26	25	5	-1	-1	-1
41	27	28	5	-1	-1	-1
40	29	27	5	-1	-1	-1
26	39	32	5	-1	-1	-1
24	36	37	5	-1	-1	-1
38	25	37	5	-1	-1	-1
30	43	28	5	-1	-1	-1
39	26	38	5	-1	-1	-1
40	35	29	5	-1	-1	-1
31	45	30	5	-1	-1	-1
41	40	27	5	-1	-1	-1
41	28	42	5	-1	-1	-1
46	31	34	5	-1	-1	-1
28	44	42	5	-1	-1	-1
33	32	49	5	-1	-1	-1
28	43	44	5	-1	-1	-1
33	50	34	5	-1	-1	-1
45	43	30	5	-1	-1	-1
48	32	39	5	-1	-1	-1
47	45	31	5	-1	-1	-1
31	46	47	5	-1	-1	-1
51	35	40	5	-1	-1	-1
36	53	37	5	-1	-1	-1
38	37	53	5	-1	-1	-1
49	32	48	5	-1	-1	-1
46	34	50	5	-1	-1	-1
39	38	54	5	-1	-1	-1
50	33	49	5	-1	-1	-1
41	58	40	5	-1	-1	-1
53	36	52	5	-1	-1	-1
39	56	48	5	-1	-1	-1
60	41	42	5	-1	-1	-1
53	54	38	5	-1	-1	-1
60	42	44	5	-1	-1	-1
51	40	57	5	-1	-1	-1
39	54	55	5	-1	-1	-1
43	63	44	5	-1	-1	-1
39	55	56	5	-1	-1	-1
45	62	43	5	-1	-1	-1
57	40	58	5	-1	-1	-1
59	58	41	5	-1	-1	-1
45	47	66	5	-1	-1	-1
52	54	53	5	-1	-1	-1
59	41	60	5	-1	-1	-1
47	46	67	5	-1	-1	-1
43	62	61	5	-1	-1	-1
67	46	50	5	-1	-1	-1
63	43	61	5	-1	-1	-1
48	70	49	5	-1	-1	-1
65	60	44	5	-1	-1	-1
63	64	44	5	-1	-1	-1
73	50	49	5	-1	-1	-1
44	64	65	5	-1	-1	-1
45	66	62	5	-1	-1	-1
71	48	56	5	-1	-1	-1
54	52	75	5	-1	-1	-1
57	74	51	5	-1	-1	-1
68	47	67	5	-1	-1	-1
66	47	69	5	-1	-1	-1
68	69	47	5	-1	-1	-1
76	55	54	5	-1	-1	-1
77	56	55	5	-1	-1	-1
70	48	71	5	-1	-1	-1
73	67	50	5	-1	-1	-1
72	49	70	5	-1	-1	-1
73	49	72	5	-1	-1	-1
58	80	57	5	-1	-1	-1
58	59	81	5	-1	-1	-1
59	60	83	5	-1	-1	-1
75	76	54	5	-1	-1	-1
56	79	71	5	-1	-1	-1
62	84	61	5	-1	-1	-1
65	83	60	5	-1	-1	-1
55	76	77	5	-1	-1	-1
63	61	85	5	-1	-1	-1
80	74	57	5	-1	-1	-1
77	78	56	5	-1	-1	-1
79	56	78	5	-1	-1	-1
66	86	62	5	-1	-1	-1
87	64	63	5	-1	-1	-1
64	88	65	5	-1	-1	-1
58	81	80	5	-1	-1	-1
86	66	69	5	-1	-1	-1
82	81	59	5	-1	-1	-1
59	83	82	5	-1	-1	-1
68	67	90	5	-1	-1	-1
91	69	68	5	-1	-1	-1
67	73	90	5	-1	-1	-1
85	61	84	5	-1	-1	-1
62	86	84	5	-1	-1	-1
63	85	87	5	-1	-1	-1
71	95	70	5	-1	-1	-1
70	95	72	5	-1	-1	-1
83	65	89	5	-1	-1	-1
64	87	88	5	-1	-1	-1
88	89	65	5	-1	-1	-1
73	72	98	5	-1	-1	-1
71	79	96	5	-1	-1	-1
69	94	86	5	-1	-1	-1
90	92	68	5	-1	-1	-1
100	76	75	5	-1	-1	-1
91	68	92	5	-1	-1	-1
93	69	91	5	-1	-1	-1
100	77	76	5	-1	-1	-1
80	99	74	5	-1	-1	-1
69	93	94	5	-1	-1	-1
78	77	102	5	-1	-1	-1
103	79	78	5	-1	-1	-1
80	81	99	5	-1	-1	-1
90	73	98	5	-1	-1	-1
95	71	97	5	-1	-1	-1
86	94	84	5	-1	-1	-1
96	97	71	5	-1	-1	-1
72	95	98	5	-1	-1	-1
82	107	81	5	-1	-1	-1
83	110	82	5	-1	-1	-1
101	77	100	5	-1	-1	-1
79	105	96	5	-1	-1	-1
101	102	77	5	-1	-1	-1
85	84	112	5	-1	-1	-1
78	102	103	5	-1	-1	-1
83	89	111	5	-1	-1	-1
85	113	87	5	-1	-1	-1
79	103	104	5	-1	-1	-1
81	107	99	5	-1	-1	-1
106	79	104	5	-1	-1	-1
87	114	88	5	-1	-1	-1
106	105	79	5	-1	-1	-1
112	84	94	5	-1	-1	-1
88	116	89	5	-1	-1	-1
108	107	82	5	-1	-1	-1
108	82	109	5	-1	-1	-1
92	90	119	5	-1	-1	-1
110	109	82	5	-1	-1	-1
121	91	92	5	-1	-1	-1
83	111	110	5	-1	-1	-1
122	93	91	5	-1	-1	-1
98	120	90	5	-1	-1	-1
113	85	112	5	-1	-1	-1
93	124	94	5	-1	-1	-1
87	113	115	5	-1	-1	-1
114	87	115	5	-1	-1	-1
111	89	117	5	-1	-1	-1
95	97	126	5	-1	-1	-1
88	114	116	5	-1	-1	-1
98	95	127	5	-1	-1	-1
96	128	97	5	-1	-1	-1
89	116	118	5	-1	-1	-1
118	117	89	5	-1	-1	-1
119	90	120	5	-1	-1	-1
128	96	105	5	-1	-1	-1
124	112	94	5	-1	-1	-1
102	101	129	5	-1	-1	-1
91	121	122	5	-1	-1	-1
129	103	102	5	-1	-1	-1
92	119	123	5	-1	-1	-1
121	92	123	5	-1	-1	-1
103	131	104	5	-1	-1	-1
125	93	122	5	-1	-1	-1
125	124	93	5	-1	-1	-1
106	104	132	5	-1	-1	-1
133	105	106	5	-1	-1	-1
98	127	120	5	-1	-1	-1
127	95	126	5	-1	-1	-1
126	97	128	5	-1	-1	-1
109	137	108	5	-1	-1	-1
109	110	138	5	-1	-1	-1
111	138	110	5	-1	-1	-1
103	129	130	5	-1	-1	-1
130	131	103	5	-1	-1	-1
113	112	140	5	-1	-1	-1
134	128	105	5	-1	-1	-1
104	131	132	5	-1	-1	-1
111	117	139	5	-1	-1	-1
113	141	115	5	-1	-1	-1
142	114	115	5	-1	-1	-1
105	133	134	5	-1	-1	-1
132	135	106	5	-1	-1	-1
116	114	143	5	-1	-1	-1
106	136	133	5	-1	-1	-1
124	140	112	5	-1	-1	-1
143	118	116	5	-1	-1	-1
135	136	106	5	-1	-1	-1
146	117	118	5	-1	-1	-1
109	138	137	5	-1	-1	-1
138	111	139	5	-1	-1	-1
120	149	119	5	-1	-1	-1
149	123	119	5	-1	-1	-1
121	151	122	5	-1	-1	-1
113	140	141	5	-1	-1	-1
123	152	121	5	-1	-1	-1
120	127	150	5	-1	-1	-1
114	142	143	5	-1	-1	-1
115	141	145	5	-1	-1	-1
144	142	115	5	-1	-1	-1
122	154	125	5	-1	-1	-1
146	139	117	5	-1	-1	-1
145	144	115	5	-1	-1	-1
156	124	125	5	-1	-1	-1
143	147	118	5	-1	-1	-1
146	118	148	5	-1	-1	-1
127	126	159	5	-1	-1	-1
128	159	126	5	-1	-1	-1
148	118	147	5	-1	-1	-1
120	150	149	5	-1	-1	-1
124	156	140	5	-1	-1	-1
128	134	161	5	-1	-1	-1
162	131	130	5	-1	-1	-1
152	151	121	5	-1	-1	-1
162	132	131	5	-1	-1	-1
151	153	122	5	-1	-1	-1
149	155	123	5	-1	-1	-1
153	154	122	5	-1	-1	-1
152	123	155	5	-1	-1	-1
164	135	132	5	-1	-1	-1
166	134	133	5	-1	-1	-1
136	165	133	5	-1	-1	-1
150	127	160	5	-1	-1	-1
125	154	158	5	-1	-1	-1
156	125	157	5	-1	-1	-1
135	169	136	5	-1	-1	-1
158	157	125	5	-1	-1	-1
160	127	159	5	-1	-1	-1
172	137	138	5	-1	-1	-1
128	161	159	5	-1	-1	-1
139	173	138	5	-1	-1	-1
150	155	149	5	-1	-1	-1
163	132	162	5	-1	-1	-1
176	141	140	5	-1	-1	-1
132	163	164	5	-1	-1	-1
146	175	139	5	-1	-1	-1
145	141	176	5	-1	-1	-1
143	142	177	5	-1	-1	-1
161	134	167	5	-1	-1	-1
142	144	178	5	-1	-1	-1
133	165	166	5	-1	-1	-1
134	166	167	5	-1	-1	-1
164	168	135	5	-1	-1	-1
147	143	179	5	-1	-1	-1
180	144	145	5	-1	-1	-1
170	165	136	5	-1	-1	-1
140	156	176	5	-1	-1	-1
169	135	168	5	-1	-1	-1
136	169	171	5	-1	-1	-1
183	146	148	5	-1	-1	-1
171	170	136	5	-1	-1	-1
148	147	184	5	-1	-1	-1
172	138	173	5	-1	-1	-1
174	173	139	5	-1	-1	-1
174	139	175	5	-1	-1	-1
156	157	176	5	-1	-1	-1
187	151	152	5	-1	-1	-1
151	187	153	5	-1	-1	-1
186	155	150	5	-1	-1	-1
160	186	150	5	-1	-1	-1
189	152	155	5	-1	-1	-1
142	178	177	5	-1	-1	-1
154	153	191	5	-1	-1	-1
143	177	179	5	-1	-1	-1
178	144	180	5	-1	-1	-1
176	182	145	5	-1	-1	-1
146	183	175	5	-1	-1	-1
192	158	154	5	-1	-1	-1
181	180	145	5	-1	-1	-1
157	158	193	5	-1	-1	-1
181	145	182	5	-1	-1	-1
184	147	179	5	-1	-1	-1
160	159	195	5	-1	-1	-1
182	176	157	5	-1	-1	-1
161	195	159	5	-1	-1	-1
148	185	183	5	-1	-1	-1
185	148	184	5	-1	-1	-1
163	199	164	5	-1	-1	-1
161	167	198	5	-1	-1	-1
190	187	152	5	-1	-1	-1
189	188	152	5	-1	-1	-1
188	190	152	5	-1	-1	-1
155	186	189	5	-1	-1	-1
187	191	153	5	-1	-1	-1
199	168	164	5	-1	-1	-1
200	166	165	5	-1	-1	-1
193	182	157	5	-1	-1	-1
202	167	166	5	-1	-1	-1
170	201	165	5	-1	-1	-1
154	191	192	5	-1	-1	-1
203	169	168	5	-1	-1	-1
196	186	160	5	-1	-1	-1
204	171	169	5	-1	-1	-1
192	194	158	5	-1	-1	-1
158	194	193	5	-1	-1	-1
171	205	170	5	-1	-1	-1
160	195	197	5	-1	-1	-1
196	160	197	5	-1	-1	-1
173	209	172	5	-1	-1	-1
198	195	161	5	-1	-1	-1
209	173	174	5	-1	-1	-1
174	175	210	5	-1	-1	-1
165	201	200	5	-1	-1	-1
198	167	202	5	-1	-1	-1
166	200	202	5	-1	-1	-1
177	178	214	5	-1	-1	-1
177	213	179	5	-1	-1	-1
203	168	199	5	-1	-1	-1
183	212	175	5	-1	-1	-1
178	180	215	5	-1	-1	-1
204	169	203	5	-1	-1	-1
170	206	201	5	-1	-1	-1
180	181	218	5	-1	-1	-1
184	179	216	5	-1	-1	-1
205	206	170	5	-1	-1	-1
207	171	204	5	-1	-1	-1
220	181	182	5	-1	-1	-1
171	208	205	5	-1	-1	-1
208	171	207	5	-1	-1	-1
185	223	183	5	-1	-1	-1
174	210	209	5	-1	-1	-1
184	225	185	5	-1	-1	-1
193	221	182	5	-1	-1	-1
210	175	211	5	-1	-1	-1
212	211	175	5	-1	-1	-1
189	186	228	5	-1	-1	-1
177	214	213	5	-1	-1	-1
190	229	187	5	-1	-1	-1
215	214	178	5	-1	-1	-1
191	187	229	5	-1	-1	-1
231	188	189	5	-1	-1	-1
179	213	216	5	-1	-1	-1
190	188	230	5	-1	-1	-1
196	228	186	5	-1	-1	-1
180	217	215	5	-1	-1	-1
218	217	180	5	-1	-1	-1
218	181	219	5	-1	-1	-1
223	212	183	5	-1	-1	-1
192	191	235	5	-1	-1	-1
219	181	220	5	-1	-1	-1
194	192	236	5	-1	-1	-1
237	193	194	5	-1	-1	-1
182	222	220	5	-1	-1	-1
224	184	216	5	-1	-1	-1
182	221	222	5	-1	-1	-1
238	197	195	5	-1	-1	-1
238	195	198	5	-1	-1	-1
197	240	196	5	-1	-1	-1
184	224	225	5	-1	-1	-1
185	226	223	5	-1	-1	-1
227	185	225	5	-1	-1	-1
226	185	227	5	-1	-1	-1
202	243	198	5	-1	-1	-1
244	200	201	5	-1	-1	-1
202	200	244	5	-1	-1	-1
231	189	228	5	-1	-1	-1
230	188	231	5	-1	-1	-1
221	193	237	5	-1	-1	-1
229	190	232	5	-1	-1	-1
190	230	233	5	-1	-1	-1
201	206	246	5	-1	-1	-1
191	229	234	5	-1	-1	-1
232	190	233	5	-1	-1	-1
206	205	248	5	-1	-1	-1
208	247	205	5	-1	-1	-1
234	235	191	5	-1	-1	-1
239	228	196	5	-1	-1	-1
192	235	236	5	-1	-1	-1
250	208	207	5	-1	-1	-1
194	236	237	5	-1	-1	-1
251	211	212	5	-1	-1	-1
240	239	196	5	-1	-1	-1
241	197	238	5	-1	-1	-1
198	241	238	5	-1	-1	-1
241	240	197	5	-1	-1	-1
213	214	252	5	-1	-1	-1
213	252	216	5	-1	-1	-1
198	242	241	5	-1	-1	-1
215	253	214	5	-1	-1	-1
243	242	198	5	-1	-1	-1
223	251	212	5	-1	-1	-1
215	217	255	5	-1	-1	-1
244	243	202	5	-1	-1	-1
201	245	244	5	-1	-1	-1
246	245	201	5	-1	-1	-1
217	218	257	5	-1	-1	-1
259	218	219	5	-1	-1	-1
256	224	216	5	-1	-1	-1
220	260	219	5	-1	-1	-1
248	205	247	5	-1	-1	-1
246	206	249	5	-1	-1	-1
222	260	220	5	-1	-1	-1
248	249	206	5	-1	-1	-1
261	222	221	5	-1	-1	-1
247	208	250	5	-1	-1	-1
265	223	226	5	-1	-1	-1
225	224	266	5	-1	-1	-1
268	227	225	5	-1	-1	-1
221	237	262	5	-1	-1	-1
254	252	214	5	-1	-1	-1
214	253	254	5	-1	-1	-1
226	227	270	5	-1	-1	-1
255	253	215	5	-1	-1	-1
216	252	256	5	-1	-1	-1
258	255	217	5	-1	-1	-1
272	231	228	5	-1	-1	-1
258	217	257	5	-1	-1	-1
229	232	273	5	-1	-1	-1
259	257	218	5	-1	-1	-1
274	230	231	5	-1	-1	-1
229	273	234	5	-1	-1	-1
230	274	233	5	-1	-1	-1
223	264	251	5	-1	-1	-1
219	260	259	5	-1	-1	-1
272	228	239	5	-1	-1	-1
232	233	275	5	-1	-1	-1
221	262	261	5	-1	-1	-1
263	260	222	5	-1	-1	-1
222	261	263	5	-1	-1	-1
224	256	267	5	-1	-1	-1
280	235	234	5	-1	-1	-1
281	236	235	5	-1	-1	-1
264	223	265	5	-1	-1	-1
237	236	282	5	-1	-1	-1
266	224	267	5	-1	-1	-1
268	225	266	5	-1	-1	-1
226	269	265	5	-1	-1	-1
283	239	240	5	-1	-1	-1
241	284	240	5	-1	-1	-1
270	269	226	5	-1	-1	-1
227	268	271	5	-1	-1	-1
242	285	241	5	-1	-1	-1
227	271	270	5	-1	-1	-1
242	243	286	5	-1	-1	-1
243	244	288	5	-1	-1	-1
272	274	231	5	-1	-1	-1
289	244	245	5	-1	-1	-1
262	237	282	5	-1	-1	-1
246	290	245	5	-1	-1	-1
277	273	232	5	-1	-1	-1
275	276	232	5	-1	-1	-1
277	232	276	5	-1	-1	-1
274	278	233	5	-1	-1	-1
291	246	249	5	-1	-1	-1
280	234	273	5	-1	-1	-1
292	248	247	5	-1	-1	-1
279	275	233	5	-1	-1	-1
247	250	292	5	-1	-1	-1
233	278	279	5	-1	-1	-1
248	293	249	5	-1	-1	-1
239	283	272	5	-1	-1	-1
280	281	235	5	-1	-1	-1
236	281	282	5	-1	-1	-1
254	296	252	5	-1	-1	-1
252	296	256	5	-1	-1	-1
298	254	253	5	-1	-1	-1
297	253	255	5	-1	-1	-1
284	283	240	5	-1	-1	-1
258	297	255	5	-1	-1	-1
284	241	285	5	-1	-1	-1
242	287	285	5	-1	-1	-1
287	242	286	5	-1	-1	-1
301	258	257	5	-1	-1	-1
286	243	288	5	-1	-1	-1
302	257	259	5	-1	-1	-1
289	288	244	5	-1	-1	-1
267	256	300	5	-1	-1	-1
259	260	305	5	-1	-1	-1
289	245	290	5	-1	-1	-1
291	290	246	5	-1	-1	-1
263	305	260	5	-1	-1	-1
262	306	261	5	-1	-1	-1
273	277	280	5	-1	-1	-1
275	279	276	5	-1	-1	-1
307	263	261	5	-1	-1	-1
248	292	293	5	-1	-1	-1
295	291	249	5	-1	-1	-1
293	294	249	5	-1	-1	-1
294	295	249	5	-1	-1	-1
265	310	264	5	-1	-1	-1
310	265	269	5	-1	-1	-1
266	267	311	5	-1	-1	-1
268	266	312	5	-1	-1	-1
253	297	298	5	-1	-1	-1
299	296	254	5	-1	-1	-1
254	298	299	5	-1	-1	-1
296	300	256	5	-1	-1	-1
268	314	271	5	-1	-1	-1
262	282	309	5	-1	-1	-1
269	270	315	5	-1	-1	-1
271	316	270	5	-1	-1	-1
297	258	303	5	-1	-1	-1
257	302	301	5	-1	-1	-1
258	301	303	5	-1	-1	-1
274	272	319	5	-1	-1	-1
259	304	302	5	-1	-1	-1
305	304	259	5	-1	-1	-1
274	320	278	5	-1	-1	-1
306	307	261	5	-1	-1	-1
272	283	319	5	-1	-1	-1
276	321	277	5	-1	-1	-1
263	307	305	5	-1	-1	-1
308	306	262	5	-1	-1	-1
276	279	322	5	-1	-1	-1
262	309	308	5	-1	-1	-1
300	313	267	5	-1	-1	-1
280	277	324	5	-1	-1	-1
326	279	278	5	-1	-1	-1
324	281	280	5	-1	-1	-1
311	312	266	5	-1	-1	-1
327	282	281	5	-1	-1	-1
313	311	267	5	-1	-1	-1
310	269	315	5	-1	-1	-1
314	268	312	5	-1	-1	-1
328	283	284	5	-1	-1	-1
298	297	303	5	-1	-1	-1
285	330	284	5	-1	-1	-1
270	316	315	5	-1	-1	-1
330	285	287	5	-1	-1	-1
314	318	271	5	-1	-1	-1
286	331	287	5	-1	-1	-1
316	271	317	5	-1	-1	-1
317	271	318	5	-1	-1	-1
286	288	332	5	-1	-1	-1
289	334	288	5	-1	-1	-1
274	319	320	5	-1	-1	-1
336	289	290	5	-1	-1	-1
282	327	309	5	-1	-1	-1
290	291	337	5	-1	-1	-1
322	321	276	5	-1	-1	-1
323	277	321	5	-1	-1	-1
320	325	278	5	-1	-1	-1
277	323	324	5	-1	-1	-1
338	291	295	5	-1	-1	-1
322	279	326	5	-1	-1	-1
295	294	339	5	-1	-1	-1
278	325	326	5	-1	-1	-1
283	328	319	5	-1	-1	-1
327	281	324	5	-1	-1	-1
299	341	296	5	-1	-1	-1
296	341	300	5	-1	-1	-1
342	299	298	5	-1	-1	-1
284	329	328	5	-1	-1	-1
284	330	329	5	-1	-1	-1
303	342	298	5	-1	-1	-1
286	332	331	5	-1	-1	-1
346	301	302	5	-1	-1	-1
287	333	330	5	-1	-1	-1
287	331	333	5	-1	-1	-1
303	301	347	5	-1	-1	-1
332	288	334	5	-1	-1	-1
348	302	304	5	-1	-1	-1
334	289	335	5	-1	-1	-1
345	313	300	5	-1	-1	-1
305	350	304	5	-1	-1	-1
336	335	289	5	-1	-1	-1
307	350	305	5	-1	-1	-1
337	336	290	5	-1	-1	-1
353	307	306	5	-1	-1	-1
306	308	352	5	-1	-1	-1
337	291	338	5	-1	-1	-1
308	309	355	5	-1	-1	-1
340	338	295	5	-1	-1	-1
340	295	339	5	-1	-1	-1
311	358	312	5	-1	-1	-1
357	311	313	5	-1	-1	-1
344	341	299	5	-1	-1	-1
299	342	343	5	-1	-1	-1
344	299	343	5	-1	-1	-1
345	300	341	5	-1	-1	-1
312	360	314	5	-1	-1	-1
303	347	342	5	-1	-1	-1
360	318	314	5	-1	-1	-1
356	309	327	5	-1	-1	-1
347	301	346	5	-1	-1	-1
302	349	346	5	-1	-1	-1
318	362	317	5	-1	-1	-1
302	348	349	5	-1	-1	-1
320	319	363	5	-1	-1	-1
351	348	304	5	-1	-1	-1
351	304	350	5	-1	-1	-1
366	321	322	5	-1	-1	-1
366	323	321	5	-1	-1	-1
325	320	365	5	-1	-1	-1
328	364	319	5	-1	-1	-1
354	350	307	5	-1	-1	-1
353	306	352	5	-1	-1	-1
307	353	354	5	-1	-1	-1
355	352	308	5	-1	-1	-1
326	368	322	5	-1	-1	-1
323	371	324	5	-1	-1	-1
361	313	345	5	-1	-1	-1
355	309	356	5	-1	-1	-1
327	324	371	5	-1	-1	-1
326	325	373	5	-1	-1	-1
311	357	358	5	-1	-1	-1
359	312	358	5	-1	-1	-1
341	344	345	5	-1	-1	-1
312	359	360	5	-1	-1	-1
361	357	313	5	-1	-1	-1
328	329	375	5	-1	-1	-1
329	330	376	5	-1	-1	-1
333	377	330	5	-1	-1	-1
360	362	318	5	-1	-1	-1
332	378	331	5	-1	-1	-1
378	333	331	5	-1	-1	-1
379	332	334	5	-1	-1	-1
319	364	363	5	-1	-1	-1
363	365	320	5	-1	-1	-1
335	380	334	5	-1	-1	-1
381	335	336	5	-1	-1	-1
327	371	356	5	-1	-1	-1
350	354	351	5	-1	-1	-1
368	367	322	5	-1	-1	-1
336	337	382	5	-1	-1	-1
366	322	369	5	-1	-1	-1
367	369	322	5	-1	-1	-1
337	338	384	5	-1	-1	-1
323	366	370	5	-1	-1	-1
365	372	325	5	-1	-1	-1
338	340	385	5	-1	-1	-1
370	371	323	5	-1	-1	-1
386	340	339	5	-1	-1	-1
328	375	364	5	-1	-1	-1
326	374	368	5	-1	-1	-1
373	325	372	5	-1	-1	-1
343	342	387	5	-1	-1	-1
326	373	374	5	-1	-1	-1
342	347	388	5	-1	-1	-1
344	343	391	5	-1	-1	-1
376	375	329	5	-1	-1	-1
393	345	344	5	-1	-1	-1
376	330	377	5	-1	-1	-1
346	394	347	5	-1	-1	-1
333	378	377	5	-1	-1	-1
378	332	379	5	-1	-1	-1
346	349	394	5	-1	-1	-1
348	395	349	5	-1	-1	-1
380	379	334	5	-1	-1	-1
395	348	351	5	-1	-1	-1
380	335	381	5	-1	-1	-1
393	361	345	5	-1	-1	-1
381	336	382	5	-1	-1	-1
383	382	337	5	-1	-1	-1
351	354	398	5	-1	-1	-1
337	384	383	5	-1	-1	-1
352	399	353	5	-1	-1	-1
354	353	398	5	-1	-1	-1
352	355	399	5	-1	-1	-1
385	384	338	5	-1	-1	-1
386	385	340	5	-1	-1	-1
355	356	402	5	-1	-1	-1
387	342	389	5	-1	-1	-1
342	388	389	5	-1	-1	-1
358	357	405	5	-1	-1	-1
343	387	390	5	-1	-1	-1
405	357	361	5	-1	-1	-1
343	390	391	5	-1	-1	-1
358	407	359	5	-1	-1	-1
392	344	391	5	-1	-1	-1
359	408	360	5	-1	-1	-1
344	392	393	5	-1	-1	-1
394	388	347	5	-1	-1	-1
404	356	371	5	-1	-1	-1
360	409	362	5	-1	-1	-1
396	394	349	5	-1	-1	-1
364	413	363	5	-1	-1	-1
395	396	349	5	-1	-1	-1
413	365	363	5	-1	-1	-1
395	351	397	5	-1	-1	-1
370	404	371	5	-1	-1	-1
351	398	397	5	-1	-1	-1
369	416	366	5	-1	-1	-1
353	399	400	5	-1	-1	-1
366	416	370	5	-1	-1	-1
365	415	372	5	-1	-1	-1
401	398	353	5	-1	-1	-1
414	364	375	5	-1	-1	-1
418	369	367	5	-1	-1	-1
400	401	353	5	-1	-1	-1
367	368	419	5	-1	-1	-1
403	399	355	5	-1	-1	-1
402	403	355	5	-1	-1	-1
356	404	402	5	-1	-1	-1
368	374	420	5	-1	-1	-1
361	393	411	5	-1	-1	-1
390	387	389	5	-1	-1	-1
373	372	423	5	-1	-1	-1
406	358	405	5	-1	-1	-1
406	407	358	5	-1	-1	-1
373	424	374	5	-1	-1	-1
408	359	407	5	-1	-1	-1
375	376	425	5	-1	-1	-1
360	408	409	5	-1	-1	-1
361	412	405	5	-1	-1	-1
426	376	377	5	-1	-1	-1
411	410	361	5	-1	-1	-1
427	377	378	5	-1	-1	-1
410	412	361	5	-1	-1	-1
429	378	379	5	-1	-1	-1
430	379	380	5	-1	-1	-1
413	364	414	5	-1	-1	-1
431	380	381	5	-1	-1	-1
413	415	365	5	-1	-1	-1
381	382	432	5	-1	-1	-1
422	404	370	5	-1	-1	-1
382	383	434	5	-1	-1	-1
418	367	417	5	-1	-1	-1
384	435	383	5	-1	-1	-1
367	419	417	5	-1	-1	-1
369	421	416	5	-1	-1	-1
438	384	385	5	-1	-1	-1
368	420	419	5	-1	-1	-1
422	370	416	5	-1	-1	-1
421	369	418	5	-1	-1	-1
385	386	438	5	-1	-1	-1
372	415	423	5	-1	-1	-1
425	414	375	5	-1	-1	-1
388	439	389	5	-1	-1	-1
420	374	424	5	-1	-1	-1
423	424	373	5	-1	-1	-1
441	390	389	5	-1	-1	-1
394	439	388	5	-1	-1	-1
391	390	442	5	-1	-1	-1
406	405	412	5	-1	-1	-1
391	443	392	5	-1	-1	-1
425	376	426	5	-1	-1	-1
422	402	404	5	-1	-1	-1
393	392	444	5	-1	-1	-1
426	377	428	5	-1	-1	-1
427	428	377	5	-1	-1	-1
378	429	427	5	-1	-1	-1
445	394	396	5	-1	-1	-1
395	447	396	5	-1	-1	-1
429	379	430	5	-1	-1	-1
397	446	395	5	-1	-1	-1
430	380	431	5	-1	-1	-1
433	431	381	5	-1	-1	-1
398	450	397	5	-1	-1	-1
381	432	433	5	-1	-1	-1
393	444	411	5	-1	-1	-1
432	382	434	5	-1	-1	-1
450	398	401	5	-1	-1	-1
399	451	400	5	-1	-1	-1
451	399	403	5	-1	-1	-1
434	383	436	5	-1	-1	-1
400	452	401	5	-1	-1	-1
383	435	436	5	-1	-1	-1
435	384	437	5	-1	-1	-1
384	438	437	5	-1	-1	-1
402	455	403	5	-1	-1	-1
439	440	389	5	-1	-1	-1
389	440	441	5	-1	-1	-1
406	458	407	5	-1	-1	-1
441	442	390	5	-1	-1	-1
407	461	408	5	-1	-1	-1
391	442	443	5	-1	-1	-1
412	459	406	5	-1	-1	-1
409	408	461	5	-1	-1	-1
439	394	445	5	-1	-1	-1
455	402	422	5	-1	-1	-1
392	443	444	5	-1	-1	-1
410	411	464	5	-1	-1	-1
463	412	410	5	-1	-1	-1
395	446	447	5	-1	-1	-1
396	449	445	5	-1	-1	-1
396	447	448	5	-1	-1	-1
450	446	397	5	-1	-1	-1
396	448	449	5	-1	-1	-1
468	413	414	5	-1	-1	-1
413	467	415	5	-1	-1	-1
400	451	452	5	-1	-1	-1
450	401	453	5	-1	-1	-1
415	467	423	5	-1	-1	-1
418	417	470	5	-1	-1	-1
469	416	421	5	-1	-1	-1
454	401	452	5	-1	-1	-1
471	417	419	5	-1	-1	-1
469	422	416	5	-1	-1	-1
414	425	468	5	-1	-1	-1
454	453	401	5	-1	-1	-1
421	418	472	5	-1	-1	-1
451	403	457	5	-1	-1	-1
420	474	419	5	-1	-1	-1
455	456	403	5	-1	-1	-1
456	457	403	5	-1	-1	-1
475	420	424	5	-1	-1	-1
444	465	411	5	-1	-1	-1
459	458	406	5	-1	-1	-1
460	407	458	5	-1	-1	-1
479	424	423	5	-1	-1	-1
460	461	407	5	-1	-1	-1
425	426	480	5	-1	-1	-1
428	481	426	5	-1	-1	-1
463	410	462	5	-1	-1	-1
410	464	462	5	-1	-1	-1
412	466	459	5	-1	-1	-1
482	428	427	5	-1	-1	-1
429	482	427	5	-1	-1	-1
464	411	465	5	-1	-1	-1
466	412	463	5	-1	-1	-1
430	487	429	5	-1	-1	-1
487	430	431	5	-1	-1	-1
467	413	468	5	-1	-1	-1
422	477	455	5	-1	-1	-1
431	433	488	5	-1	-1	-1
489	433	432	5	-1	-1	-1
432	434	489	5	-1	-1	-1
470	417	471	5	-1	-1	-1
470	472	418	5	-1	-1	-1
436	492	434	5	-1	-1	-1
473	471	419	5	-1	-1	-1
494	436	435	5	-1	-1	-1
421	476	469	5	-1	-1	-1
494	435	437	5	-1	-1	-1
474	473	419	5	-1	-1	-1
469	477	422	5	-1	-1	-1
467	478	423	5	-1	-1	-1
476	421	472	5	-1	-1	-1
420	475	474	5	-1	-1	-1
480	468	425	5	-1	-1	-1
440	439	498	5	-1	-1	-1
475	424	479	5	-1	-1	-1
499	441	440	5	-1	-1	-1
478	479	423	5	-1	-1	-1
445	497	439	5	-1	-1	-1
442	441	500	5	-1	-1	-1
442	501	443	5	-1	-1	-1
481	480	426	5	-1	-1	-1
477	456	455	5	-1	-1	-1
502	444	443	5	-1	-1	-1
497	445	449	5	-1	-1	-1
483	481	428	5	-1	-1	-1
428	482	484	5	-1	-1	-1
483	428	484	5	-1	-1	-1
485	482	429	5	-1	-1	-1
447	446	504	5	-1	-1	-1
485	429	486	5	-1	-1	-1
446	450	505	5	-1	-1	-1
448	447	506	5	-1	-1	-1
429	487	486	5	-1	-1	-1
448	507	449	5	-1	-1	-1
431	488	487	5	-1	-1	-1
453	505	450	5	-1	-1	-1
465	444	503	5	-1	-1	-1
433	489	490	5	-1	-1	-1
491	488	433	5	-1	-1	-1
510	452	451	5	-1	-1	-1
491	433	490	5	-1	-1	-1
493	489	434	5	-1	-1	-1
452	511	454	5	-1	-1	-1
451	457	510	5	-1	-1	-1
512	453	454	5	-1	-1	-1
492	493	434	5	-1	-1	-1
496	492	436	5	-1	-1	-1
436	494	495	5	-1	-1	-1
457	456	514	5	-1	-1	-1
436	495	496	5	-1	-1	-1
459	517	458	5	-1	-1	-1
497	498	439	5	-1	-1	-1
517	460	458	5	-1	-1	-1
499	440	498	5	-1	-1	-1
499	500	441	5	-1	-1	-1
501	442	500	5	-1	-1	-1
519	459	466	5	-1	-1	-1
463	462	521	5	-1	-1	-1
443	501	502	5	-1	-1	-1
462	464	520	5	-1	-1	-1
456	477	515	5	-1	-1	-1
502	503	444	5	-1	-1	-1
466	463	522	5	-1	-1	-1
465	523	464	5	-1	-1	-1
449	509	497	5	-1	-1	-1
446	505	504	5	-1	-1	-1
506	447	504	5	-1	-1	-1
507	448	506	5	-1	-1	-1
527	467	468	5	-1	-1	-1
449	507	508	5	-1	-1	-1
508	509	449	5	-1	-1	-1
453	512	505	5	-1	-1	-1
467	527	478	5	-1	-1	-1
471	531	470	5	-1	-1	-1
511	452	510	5	-1	-1	-1
531	472	470	5	-1	-1	-1
469	476	530	5	-1	-1	-1
473	532	471	5	-1	-1	-1
469	530	477	5	-1	-1	-1
468	480	529	5	-1	-1	-1
454	511	513	5	-1	-1	-1
512	454	513	5	-1	-1	-1
474	534	473	5	-1	-1	-1
472	533	476	5	-1	-1	-1
457	516	510	5	-1	-1	-1
535	474	475	5	-1	-1	-1
514	456	515	5	-1	-1	-1
516	457	514	5	-1	-1	-1
459	518	517	5	-1	-1	-1
479	536	475	5	-1	-1	-1
479	478	538	5	-1	-1	-1
529	480	481	5	-1	-1	-1
518	459	519	5	-1	-1	-1
503	525	465	5	-1	-1	-1
521	462	520	5	-1	-1	-1
540	481	483	5	-1	-1	-1
521	522	463	5	-1	-1	-1
541	484	482	5	-1	-1	-1
520	464	524	5	-1	-1	-1
541	482	485	5	-1	-1	-1
542	483	484	5	-1	-1	-1
524	464	523	5	-1	-1	-1
466	526	519	5	-1	-1	-1
465	525	523	5	-1	-1	-1
466	522	526	5	-1	-1	-1
485	486	544	5	-1	-1	-1
545	487	488	5	-1	-1	-1
486	487	545	5	-1	-1	-1
477	530	515	5	-1	-1	-1
528	527	468	5	-1	-1	-1
488	491	545	5	-1	-1	-1
546	490	489	5	-1	-1	-1
529	528	468	5	-1	-1	-1
490	547	491	5	-1	-1	-1
489	493	546	5	-1	-1	-1
531	471	532	5	-1	-1	-1
492	551	493	5	-1	-1	-1
533	472	531	5	-1	-1	-1
510	516	511	5	-1	-1	-1
550	492	496	5	-1	-1	-1
534	532	473	5	-1	-1	-1
527	538	478	5	-1	-1	-1
530	476	537	5	-1	-1	-1
535	534	474	5	-1	-1	-1
496	495	553	5	-1	-1	-1
536	535	475	5	-1	-1	-1
476	533	537	5	-1	-1	-1
497	554	498	5	-1	-1	-1
540	529	481	5	-1	-1	-1
498	555	499	5	-1	-1	-1
536	479	539	5	-1	-1	-1
539	479	538	5	-1	-1	-1
500	499	557	5	-1	-1	-1
501	500	558	5	-1	-1	-1
509	554	497	5	-1	-1	-1
559	502	501	5	-1	-1	-1
540	483	542	5	-1	-1	-1
503	502	560	5	-1	-1	-1
541	543	484	5	-1	-1	-1
542	484	543	5	-1	-1	-1
505	561	504	5	-1	-1	-1
541	485	544	5	-1	-1	-1
504	562	506	5	-1	-1	-1
545	544	486	5	-1	-1	-1
563	507	506	5	-1	-1	-1
505	512	561	5	-1	-1	-1
507	565	508	5	-1	-1	-1
509	508	565	5	-1	-1	-1
548	490	546	5	-1	-1	-1
545	491	549	5	-1	-1	-1
547	490	548	5	-1	-1	-1
549	491	547	5	-1	-1	-1
525	503	560	5	-1	-1	-1
493	552	546	5	-1	-1	-1
551	492	550	5	-1	-1	-1
570	513	511	5	-1	-1	-1
516	569	511	5	-1	-1	-1
513	571	512	5	-1	-1	-1
551	552	493	5	-1	-1	-1
496	553	550	5	-1	-1	-1
573	514	515	5	-1	-1	-1
514	572	516	5	-1	-1	-1
554	556	498	5	-1	-1	-1
556	555	498	5	-1	-1	-1
555	557	499	5	-1	-1	-1
519	576	518	5	-1	-1	-1
500	557	558	5	-1	-1	-1
558	559	501	5	-1	-1	-1
520	577	521	5	-1	-1	-1
515	530	574	5	-1	-1	-1
559	560	502	5	-1	-1	-1
576	519	526	5	-1	-1	-1
578	520	524	5	-1	-1	-1
522	521	580	5	-1	-1	-1
504	561	562	5	-1	-1	-1
581	526	522	5	-1	-1	-1
582	524	523	5	-1	-1	-1
582	523	525	5	-1	-1	-1
554	509	568	5	-1	-1	-1
562	563	506	5	-1	-1	-1
507	564	565	5	-1	-1	-1
507	566	564	5	-1	-1	-1
507	563	567	5	-1	-1	-1
566	507	567	5	-1	-1	-1
574	530	537	5	-1	-1	-1
527	528	586	5	-1	-1	-1
568	509	565	5	-1	-1	-1
571	561	512	5	-1	-1	-1
529	589	528	5	-1	-1	-1
570	511	569	5	-1	-1	-1
587	538	527	5	-1	-1	-1
570	571	513	5	-1	-1	-1
591	531	532	5	-1	-1	-1
531	590	533	5	-1	-1	-1
532	534	592	5	-1	-1	-1
540	589	529	5	-1	-1	-1
572	514	573	5	-1	-1	-1
516	575	569	5	-1	-1	-1
515	574	573	5	-1	-1	-1
516	572	575	5	-1	-1	-1
533	594	537	5	-1	-1	-1
539	538	587	5	-1	-1	-1
534	535	595	5	-1	-1	-1
597	535	536	5	-1	-1	-1
585	525	560	5	-1	-1	-1
597	536	539	5	-1	-1	-1
578	577	520	5	-1	-1	-1
579	521	577	5	-1	-1	-1
579	580	521	5	-1	-1	-1
540	542	599	5	-1	-1	-1
522	580	581	5	-1	-1	-1
576	526	581	5	-1	-1	-1
600	543	541	5	-1	-1	-1
578	524	583	5	-1	-1	-1
544	601	541	5	-1	-1	-1
603	542	543	5	-1	-1	-1
582	584	524	5	-1	-1	-1
583	524	584	5	-1	-1	-1
525	585	582	5	-1	-1	-1
545	606	544	5	-1	-1	-1
606	545	549	5	-1	-1	-1
587	527	586	5	-1	-1	-1
607	548	546	5	-1	-1	-1
588	586	528	5	-1	-1	-1
608	547	548	5	-1	-1	-1
608	549	547	5	-1	-1	-1
546	552	607	5	-1	-1	-1
588	528	589	5	-1	-1	-1
574	537	594	5	-1	-1	-1
550	611	551	5	-1	-1	-1
590	531	591	5	-1	-1	-1
611	550	553	5	-1	-1	-1
551	612	552	5	-1	-1	-1
532	592	591	5	-1	-1	-1
590	593	533	5	-1	-1	-1
594	533	593	5	-1	-1	-1
595	592	534	5	-1	-1	-1
587	598	539	5	-1	-1	-1
554	615	556	5	-1	-1	-1
535	596	595	5	-1	-1	-1
556	616	555	5	-1	-1	-1
596	535	597	5	-1	-1	-1
557	555	616	5	-1	-1	-1
589	540	599	5	-1	-1	-1
618	558	557	5	-1	-1	-1
598	597	539	5	-1	-1	-1
620	559	558	5	-1	-1	-1
615	554	568	5	-1	-1	-1
559	621	560	5	-1	-1	-1
541	602	600	5	-1	-1	-1
541	601	602	5	-1	-1	-1
599	542	604	5	-1	-1	-1
622	562	561	5	-1	-1	-1
562	623	563	5	-1	-1	-1
600	605	543	5	-1	-1	-1
603	604	542	5	-1	-1	-1
544	606	601	5	-1	-1	-1
605	603	543	5	-1	-1	-1
567	563	623	5	-1	-1	-1
622	561	571	5	-1	-1	-1
565	564	625	5	-1	-1	-1
566	627	564	5	-1	-1	-1
625	568	565	5	-1	-1	-1
566	567	629	5	-1	-1	-1
607	609	548	5	-1	-1	-1
548	609	608	5	-1	-1	-1
549	610	606	5	-1	-1	-1
621	585	560	5	-1	-1	-1
549	608	610	5	-1	-1	-1
569	634	570	5	-1	-1	-1
614	607	552	5	-1	-1	-1
551	611	612	5	-1	-1	-1
635	571	570	5	-1	-1	-1
569	575	633	5	-1	-1	-1
613	552	612	5	-1	-1	-1
552	613	614	5	-1	-1	-1
636	572	573	5	-1	-1	-1
637	575	572	5	-1	-1	-1
574	638	573	5	-1	-1	-1
617	556	615	5	-1	-1	-1
617	616	556	5	-1	-1	-1
618	557	616	5	-1	-1	-1
578	639	577	5	-1	-1	-1
639	579	577	5	-1	-1	-1
558	618	619	5	-1	-1	-1
619	620	558	5	-1	-1	-1
620	621	559	5	-1	-1	-1
583	641	578	5	-1	-1	-1
594	638	574	5	-1	-1	-1
624	562	622	5	-1	-1	-1
582	585	642	5	-1	-1	-1
624	623	562	5	-1	-1	-1
643	584	582	5	-1	-1	-1
644	583	584	5	-1	-1	-1
564	626	625	5	-1	-1	-1
615	568	632	5	-1	-1	-1
564	627	626	5	-1	-1	-1
647	587	586	5	-1	-1	-1
623	631	567	5	-1	-1	-1
588	647	586	5	-1	-1	-1
627	566	628	5	-1	-1	-1
629	628	566	5	-1	-1	-1
588	589	648	5	-1	-1	-1
568	625	632	5	-1	-1	-1
567	630	629	5	-1	-1	-1
622	571	635	5	-1	-1	-1
630	567	631	5	-1	-1	-1
590	591	650	5	-1	-1	-1
647	598	587	5	-1	-1	-1
650	593	590	5	-1	-1	-1
592	652	591	5	-1	-1	-1
633	634	569	5	-1	-1	-1
599	649	589	5	-1	-1	-1
635	570	634	5	-1	-1	-1
595	653	592	5	-1	-1	-1
593	655	594	5	-1	-1	-1
633	575	637	5	-1	-1	-1
636	637	572	5	-1	-1	-1
573	638	636	5	-1	-1	-1
657	595	596	5	-1	-1	-1
658	596	597	5	-1	-1	-1
599	604	649	5	-1	-1	-1
646	585	621	5	-1	-1	-1
659	597	598	5	-1	-1	-1
578	640	639	5	-1	-1	-1
640	578	641	5	-1	-1	-1
602	662	600	5	-1	-1	-1
662	605	600	5	-1	-1	-1
582	642	643	5	-1	-1	-1
664	602	601	5	-1	-1	-1
641	583	644	5	-1	-1	-1
606	663	601	5	-1	-1	-1
584	643	645	5	-1	-1	-1
604	603	666	5	-1	-1	-1
646	642	585	5	-1	-1	-1
644	584	645	5	-1	-1	-1
603	605	666	5	-1	-1	-1
624	631	623	5	-1	-1	-1
663	606	610	5	-1	-1	-1
632	625	626	5	-1	-1	-1
648	647	588	5	-1	-1	-1
649	648	589	5	-1	-1	-1
671	609	607	5	-1	-1	-1
594	656	638	5	-1	-1	-1
609	673	608	5	-1	-1	-1
608	672	610	5	-1	-1	-1
607	614	670	5	-1	-1	-1
650	591	651	5	-1	-1	-1
651	591	652	5	-1	-1	-1
653	652	592	5	-1	-1	-1
654	593	650	5	-1	-1	-1
655	593	654	5	-1	-1	-1
677	614	613	5	-1	-1	-1
594	655	656	5	-1	-1	-1
653	595	657	5	-1	-1	-1
660	598	647	5	-1	-1	-1
615	678	617	5	-1	-1	-1
657	596	658	5	-1	-1	-1
617	679	616	5	-1	-1	-1
679	618	616	5	-1	-1	-1
597	659	658	5	-1	-1	-1
618	679	619	5	-1	-1	-1
661	659	598	5	-1	-1	-1
598	660	661	5	-1	-1	-1
681	620	619	5	-1	-1	-1
649	604	668	5	-1	-1	-1
682	621	620	5	-1	-1	-1
678	615	632	5	-1	-1	-1
601	663	664	5	-1	-1	-1
662	602	665	5	-1	-1	-1
622	683	624	5	-1	-1	-1
664	665	602	5	-1	-1	-1
604	666	667	5	-1	-1	-1
605	662	669	5	-1	-1	-1
627	686	626	5	-1	-1	-1
668	604	667	5	-1	-1	-1
631	624	684	5	-1	-1	-1
635	683	622	5	-1	-1	-1
605	669	666	5	-1	-1	-1
627	628	688	5	-1	-1	-1
632	626	685	5	-1	-1	-1
629	689	628	5	-1	-1	-1
610	675	663	5	-1	-1	-1
607	670	671	5	-1	-1	-1
621	682	646	5	-1	-1	-1
630	690	629	5	-1	-1	-1
631	692	630	5	-1	-1	-1
608	673	672	5	-1	-1	-1
609	671	674	5	-1	-1	-1
660	647	648	5	-1	-1	-1
609	674	673	5	-1	-1	-1
676	610	672	5	-1	-1	-1
633	694	634	5	-1	-1	-1
670	614	677	5	-1	-1	-1
610	676	675	5	-1	-1	-1
633	637	693	5	-1	-1	-1
635	634	695	5	-1	-1	-1
668	648	649	5	-1	-1	-1
636	696	637	5	-1	-1	-1
636	638	697	5	-1	-1	-1
678	680	617	5	-1	-1	-1
679	617	680	5	-1	-1	-1
679	681	619	5	-1	-1	-1
640	641	699	5	-1	-1	-1
681	682	620	5	-1	-1	-1
644	699	641	5	-1	-1	-1
643	642	700	5	-1	-1	-1
700	642	646	5	-1	-1	-1
701	645	643	5	-1	-1	-1
683	684	624	5	-1	-1	-1
656	697	638	5	-1	-1	-1
645	704	644	5	-1	-1	-1
678	632	685	5	-1	-1	-1
626	686	685	5	-1	-1	-1
687	686	627	5	-1	-1	-1
664	663	675	5	-1	-1	-1
627	688	687	5	-1	-1	-1
688	628	689	5	-1	-1	-1
631	684	692	5	-1	-1	-1
691	689	629	5	-1	-1	-1
629	690	691	5	-1	-1	-1
710	650	651	5	-1	-1	-1
692	690	630	5	-1	-1	-1
695	683	635	5	-1	-1	-1
710	654	650	5	-1	-1	-1
651	652	712	5	-1	-1	-1
648	708	660	5	-1	-1	-1
713	652	653	5	-1	-1	-1
693	694	633	5	-1	-1	-1
694	695	634	5	-1	-1	-1
653	657	713	5	-1	-1	-1
715	655	654	5	-1	-1	-1
668	709	648	5	-1	-1	-1
656	655	717	5	-1	-1	-1
693	637	698	5	-1	-1	-1
636	697	696	5	-1	-1	-1
637	696	698	5	-1	-1	-1
657	658	719	5	-1	-1	-1
646	682	707	5	-1	-1	-1
721	658	659	5	-1	-1	-1
681	679	680	5	-1	-1	-1
661	721	659	5	-1	-1	-1
685	680	678	5	-1	-1	-1
660	723	661	5	-1	-1	-1
700	702	643	5	-1	-1	-1
644	703	699	5	-1	-1	-1
701	643	702	5	-1	-1	-1
705	645	701	5	-1	-1	-1
704	703	644	5	-1	-1	-1
706	700	646	5	-1	-1	-1
665	725	662	5	-1	-1	-1
704	645	705	5	-1	-1	-1
727	665	664	5	-1	-1	-1
669	662	725	5	-1	-1	-1
666	669	728	5	-1	-1	-1
706	646	707	5	-1	-1	-1
648	709	708	5	-1	-1	-1
729	667	666	5	-1	-1	-1
667	730	668	5	-1	-1	-1
675	726	664	5	-1	-1	-1
656	718	697	5	-1	-1	-1
710	651	711	5	-1	-1	-1
712	711	651	5	-1	-1	-1
734	671	670	5	-1	-1	-1
714	712	652	5	-1	-1	-1
714	652	713	5	-1	-1	-1
710	716	654	5	-1	-1	-1
734	670	677	5	-1	-1	-1
736	674	671	5	-1	-1	-1
673	737	672	5	-1	-1	-1
716	715	654	5	-1	-1	-1
676	672	737	5	-1	-1	-1
738	673	674	5	-1	-1	-1
717	655	715	5	-1	-1	-1
720	713	657	5	-1	-1	-1
717	718	656	5	-1	-1	-1
660	708	723	5	-1	-1	-1
676	740	675	5	-1	-1	-1
719	720	657	5	-1	-1	-1
722	719	658	5	-1	-1	-1
658	721	722	5	-1	-1	-1
680	743	681	5	-1	-1	-1
661	724	721	5	-1	-1	-1
709	668	730	5	-1	-1	-1
681	745	682	5	-1	-1	-1
724	661	723	5	-1	-1	-1
680	685	743	5	-1	-1	-1
684	683	747	5	-1	-1	-1
685	686	743	5	-1	-1	-1
725	665	727	5	-1	-1	-1
664	726	727	5	-1	-1	-1
687	749	686	5	-1	-1	-1
729	666	728	5	-1	-1	-1
746	683	695	5	-1	-1	-1
692	684	748	5	-1	-1	-1
750	687	688	5	-1	-1	-1
733	669	725	5	-1	-1	-1
731	667	729	5	-1	-1	-1
731	730	667	5	-1	-1	-1
752	688	689	5	-1	-1	-1
732	728	669	5	-1	-1	-1
745	707	682	5	-1	-1	-1
732	669	733	5	-1	-1	-1
689	691	754	5	-1	-1	-1
755	691	690	5	-1	-1	-1
690	692	755	5	-1	-1	-1
734	735	671	5	-1	-1	-1
726	675	740	5	-1	-1	-1
736	671	735	5	-1	-1	-1
757	694	693	5	-1	-1	-1
714	713	720	5	-1	-1	-1
738	737	673	5	-1	-1	-1
739	674	736	5	-1	-1	-1
693	698	758	5	-1	-1	-1
760	695	694	5	-1	-1	-1
738	674	739	5	-1	-1	-1
696	697	761	5	-1	-1	-1
742	676	737	5	-1	-1	-1
761	698	696	5	-1	-1	-1
741	740	676	5	-1	-1	-1
742	741	676	5	-1	-1	-1
702	700	763	5	-1	-1	-1
743	744	681	5	-1	-1	-1
766	701	702	5	-1	-1	-1
744	745	681	5	-1	-1	-1
700	706	764	5	-1	-1	-1
701	765	705	5	-1	-1	-1
704	768	703	5	-1	-1	-1
683	746	747	5	-1	-1	-1
718	761	697	5	-1	-1	-1
768	704	705	5	-1	-1	-1
749	743	686	5	-1	-1	-1
684	747	748	5	-1	-1	-1
707	771	706	5	-1	-1	-1
751	749	687	5	-1	-1	-1
687	750	751	5	-1	-1	-1
773	708	709	5	-1	-1	-1
688	752	750	5	-1	-1	-1
753	752	689	5	-1	-1	-1
748	755	692	5	-1	-1	-1
711	775	710	5	-1	-1	-1
753	689	754	5	-1	-1	-1
711	712	776	5	-1	-1	-1
716	710	775	5	-1	-1	-1
760	746	695	5	-1	-1	-1
691	756	754	5	-1	-1	-1
755	756	691	5	-1	-1	-1
773	723	708	5	-1	-1	-1
714	778	712	5	-1	-1	-1
758	757	693	5	-1	-1	-1
757	759	694	5	-1	-1	-1
715	780	717	5	-1	-1	-1
781	715	716	5	-1	-1	-1
714	720	779	5	-1	-1	-1
694	759	760	5	-1	-1	-1
709	730	774	5	-1	-1	-1
717	780	718	5	-1	-1	-1
738	742	737	5	-1	-1	-1
698	762	758	5	-1	-1	-1
724	723	773	5	-1	-1	-1
762	698	761	5	-1	-1	-1
784	720	719	5	-1	-1	-1
707	745	772	5	-1	-1	-1
722	784	719	5	-1	-1	-1
764	763	700	5	-1	-1	-1
785	722	721	5	-1	-1	-1
721	724	785	5	-1	-1	-1
701	766	765	5	-1	-1	-1
767	702	763	5	-1	-1	-1
766	702	767	5	-1	-1	-1
731	774	730	5	-1	-1	-1
769	705	765	5	-1	-1	-1
706	770	764	5	-1	-1	-1
705	769	768	5	-1	-1	-1
727	790	725	5	-1	-1	-1
791	727	726	5	-1	-1	-1
770	706	771	5	-1	-1	-1
725	790	733	5	-1	-1	-1
771	707	772	5	-1	-1	-1
728	794	729	5	-1	-1	-1
732	794	728	5	-1	-1	-1
729	795	731	5	-1	-1	-1
773	709	774	5	-1	-1	-1
791	726	740	5	-1	-1	-1
783	761	718	5	-1	-1	-1
732	733	798	5	-1	-1	-1
775	711	777	5	-1	-1	-1
711	776	777	5	-1	-1	-1
712	778	776	5	-1	-1	-1
736	735	799	5	-1	-1	-1
779	778	714	5	-1	-1	-1
741	791	740	5	-1	-1	-1
782	716	775	5	-1	-1	-1
736	800	739	5	-1	-1	-1
715	781	780	5	-1	-1	-1
782	781	716	5	-1	-1	-1
738	739	802	5	-1	-1	-1
742	738	801	5	-1	-1	-1
783	718	780	5	-1	-1	-1
779	720	784	5	-1	-1	-1
773	788	724	5	-1	-1	-1
804	741	742	5	-1	-1	-1
786	784	722	5	-1	-1	-1
722	785	787	5	-1	-1	-1
722	787	786	5	-1	-1	-1
808	744	743	5	-1	-1	-1
745	744	809	5	-1	-1	-1
785	724	789	5	-1	-1	-1
743	749	808	5	-1	-1	-1
724	788	789	5	-1	-1	-1
731	797	774	5	-1	-1	-1
746	810	747	5	-1	-1	-1
812	748	747	5	-1	-1	-1
808	749	751	5	-1	-1	-1
790	727	792	5	-1	-1	-1
727	791	793	5	-1	-1	-1
727	793	792	5	-1	-1	-1
751	750	814	5	-1	-1	-1
752	814	750	5	-1	-1	-1
755	748	813	5	-1	-1	-1
811	746	760	5	-1	-1	-1
729	794	796	5	-1	-1	-1
729	796	795	5	-1	-1	-1
790	798	733	5	-1	-1	-1
817	752	753	5	-1	-1	-1
731	795	797	5	-1	-1	-1
794	732	798	5	-1	-1	-1
745	809	772	5	-1	-1	-1
819	753	754	5	-1	-1	-1
756	820	754	5	-1	-1	-1
777	776	778	5	-1	-1	-1
756	755	822	5	-1	-1	-1
775	777	782	5	-1	-1	-1
800	736	799	5	-1	-1	-1
773	774	788	5	-1	-1	-1
741	805	791	5	-1	-1	-1
824	757	758	5	-1	-1	-1
757	823	759	5	-1	-1	-1
738	802	801	5	-1	-1	-1
739	800	803	5	-1	-1	-1
803	802	739	5	-1	-1	-1
827	760	759	5	-1	-1	-1
826	758	762	5	-1	-1	-1
801	807	742	5	-1	-1	-1
741	804	806	5	-1	-1	-1
762	761	828	5	-1	-1	-1
741	806	805	5	-1	-1	-1
804	742	807	5	-1	-1	-1
763	764	830	5	-1	-1	-1
767	763	830	5	-1	-1	-1
808	809	744	5	-1	-1	-1
833	765	766	5	-1	-1	-1
770	831	764	5	-1	-1	-1
810	746	811	5	-1	-1	-1
766	767	834	5	-1	-1	-1
769	765	833	5	-1	-1	-1
810	812	747	5	-1	-1	-1
783	828	761	5	-1	-1	-1
748	812	813	5	-1	-1	-1
751	815	808	5	-1	-1	-1
837	770	771	5	-1	-1	-1
771	772	838	5	-1	-1	-1
751	814	816	5	-1	-1	-1
815	751	816	5	-1	-1	-1
752	817	814	5	-1	-1	-1
753	818	817	5	-1	-1	-1
791	805	793	5	-1	-1	-1
813	821	755	5	-1	-1	-1
753	819	818	5	-1	-1	-1
754	820	819	5	-1	-1	-1
777	778	840	5	-1	-1	-1
778	779	840	5	-1	-1	-1
755	821	822	5	-1	-1	-1
811	760	827	5	-1	-1	-1
756	822	820	5	-1	-1	-1
788	774	839	5	-1	-1	-1
782	777	842	5	-1	-1	-1
823	757	824	5	-1	-1	-1
780	781	844	5	-1	-1	-1
843	779	784	5	-1	-1	-1
825	824	758	5	-1	-1	-1
844	783	780	5	-1	-1	-1
782	845	781	5	-1	-1	-1
759	823	827	5	-1	-1	-1
825	758	826	5	-1	-1	-1
797	839	774	5	-1	-1	-1
762	829	826	5	-1	-1	-1
784	786	849	5	-1	-1	-1
762	828	829	5	-1	-1	-1
809	838	772	5	-1	-1	-1
787	785	850	5	-1	-1	-1
787	851	786	5	-1	-1	-1
789	850	785	5	-1	-1	-1
764	832	830	5	-1	-1	-1
832	764	831	5	-1	-1	-1
854	789	788	5	-1	-1	-1
808	815	809	5	-1	-1	-1
836	767	830	5	-1	-1	-1
766	834	833	5	-1	-1	-1
835	834	767	5	-1	-1	-1
836	835	767	5	-1	-1	-1
831	770	837	5	-1	-1	-1
790	792	858	5	-1	-1	-1
790	857	798	5	-1	-1	-1
860	792	793	5	-1	-1	-1
771	838	837	5	-1	-1	-1
794	863	796	5	-1	-1	-1
798	863	794	5	-1	-1	-1
796	864	795	5	-1	-1	-1
864	797	795	5	-1	-1	-1
777	840	841	5	-1	-1	-1
848	828	783	5	-1	-1	-1
793	805	861	5	-1	-1	-1
842	777	841	5	-1	-1	-1
840	779	843	5	-1	-1	-1
800	799	869	5	-1	-1	-1
782	842	847	5	-1	-1	-1
781	846	844	5	-1	-1	-1
846	781	845	5	-1	-1	-1
869	803	800	5	-1	-1	-1
802	870	801	5	-1	-1	-1
782	847	845	5	-1	-1	-1
783	844	848	5	-1	-1	-1
784	849	843	5	-1	-1	-1
873	802	803	5	-1	-1	-1
807	801	871	5	-1	-1	-1
788	839	854	5	-1	-1	-1
874	806	804	5	-1	-1	-1
807	874	804	5	-1	-1	-1
851	849	786	5	-1	-1	-1
806	875	805	5	-1	-1	-1
850	852	787	5	-1	-1	-1
853	851	787	5	-1	-1	-1
853	787	852	5	-1	-1	-1
850	789	855	5	-1	-1	-1
789	854	856	5	-1	-1	-1
789	856	855	5	-1	-1	-1
881	810	811	5	-1	-1	-1
810	881	812	5	-1	-1	-1
868	839	797	5	-1	-1	-1
809	815	880	5	-1	-1	-1
790	858	857	5	-1	-1	-1
828	848	829	5	-1	-1	-1
883	813	812	5	-1	-1	-1
792	859	858	5	-1	-1	-1
860	859	792	5	-1	-1	-1
884	816	814	5	-1	-1	-1
817	884	814	5	-1	-1	-1
860	793	862	5	-1	-1	-1
862	793	861	5	-1	-1	-1
885	815	816	5	-1	-1	-1
813	883	821	5	-1	-1	-1
863	798	857	5	-1	-1	-1
882	811	827	5	-1	-1	-1
817	818	887	5	-1	-1	-1
863	865	796	5	-1	-1	-1
796	865	864	5	-1	-1	-1
819	889	818	5	-1	-1	-1
838	809	880	5	-1	-1	-1
797	864	867	5	-1	-1	-1
866	797	867	5	-1	-1	-1
819	820	891	5	-1	-1	-1
797	866	868	5	-1	-1	-1
892	820	822	5	-1	-1	-1
893	822	821	5	-1	-1	-1
861	805	875	5	-1	-1	-1
801	870	871	5	-1	-1	-1
896	823	824	5	-1	-1	-1
872	870	802	5	-1	-1	-1
827	823	895	5	-1	-1	-1
803	869	873	5	-1	-1	-1
897	824	825	5	-1	-1	-1
802	873	872	5	-1	-1	-1
825	826	897	5	-1	-1	-1
898	826	829	5	-1	-1	-1
807	871	878	5	-1	-1	-1
874	876	806	5	-1	-1	-1
875	806	877	5	-1	-1	-1
806	876	877	5	-1	-1	-1
879	874	807	5	-1	-1	-1
868	854	839	5	-1	-1	-1
878	879	807	5	-1	-1	-1
902	830	832	5	-1	-1	-1
904	832	831	5	-1	-1	-1
830	902	836	5	-1	-1	-1
831	837	903	5	-1	-1	-1
811	882	881	5	-1	-1	-1
883	812	881	5	-1	-1	-1
829	848	900	5	-1	-1	-1
868	856	854	5	-1	-1	-1
836	907	835	5	-1	-1	-1
880	815	885	5	-1	-1	-1
837	838	909	5	-1	-1	-1
884	886	816	5	-1	-1	-1
886	885	816	5	-1	-1	-1
817	888	884	5	-1	-1	-1
817	887	888	5	-1	-1	-1
912	841	840	5	-1	-1	-1
887	818	889	5	-1	-1	-1
840	843	912	5	-1	-1	-1
841	913	842	5	-1	-1	-1
883	893	821	5	-1	-1	-1
890	889	819	5	-1	-1	-1
890	819	891	5	-1	-1	-1
820	892	891	5	-1	-1	-1
882	827	895	5	-1	-1	-1
915	847	842	5	-1	-1	-1
918	844	846	5	-1	-1	-1
822	894	892	5	-1	-1	-1
917	843	849	5	-1	-1	-1
894	822	893	5	-1	-1	-1
848	844	918	5	-1	-1	-1
919	846	845	5	-1	-1	-1
847	920	845	5	-1	-1	-1
896	895	823	5	-1	-1	-1
897	896	824	5	-1	-1	-1
826	899	897	5	-1	-1	-1
849	851	923	5	-1	-1	-1
826	898	899	5	-1	-1	-1
850	924	852	5	-1	-1	-1
923	851	853	5	-1	-1	-1
898	829	901	5	-1	-1	-1
911	838	880	5	-1	-1	-1
850	855	924	5	-1	-1	-1
852	925	853	5	-1	-1	-1
829	900	901	5	-1	-1	-1
903	904	831	5	-1	-1	-1
928	855	856	5	-1	-1	-1
902	832	906	5	-1	-1	-1
905	832	904	5	-1	-1	-1
832	905	906	5	-1	-1	-1
930	857	858	5	-1	-1	-1
836	902	908	5	-1	-1	-1
931	858	859	5	-1	-1	-1
857	930	863	5	-1	-1	-1
837	910	903	5	-1	-1	-1
908	907	836	5	-1	-1	-1
860	932	859	5	-1	-1	-1
868	929	856	5	-1	-1	-1
860	862	933	5	-1	-1	-1
837	909	910	5	-1	-1	-1
934	862	861	5	-1	-1	-1
911	909	838	5	-1	-1	-1
863	936	865	5	-1	-1	-1
866	929	868	5	-1	-1	-1
900	848	918	5	-1	-1	-1
914	841	912	5	-1	-1	-1
913	841	914	5	-1	-1	-1
864	865	939	5	-1	-1	-1
867	864	937	5	-1	-1	-1
915	842	913	5	-1	-1	-1
875	934	861	5	-1	-1	-1
916	912	843	5	-1	-1	-1
940	866	867	5	-1	-1	-1
843	917	916	5	-1	-1	-1
920	847	915	5	-1	-1	-1
942	871	870	5	-1	-1	-1
942	870	872	5	-1	-1	-1
919	845	920	5	-1	-1	-1
921	918	846	5	-1	-1	-1
922	846	919	5	-1	-1	-1
921	846	922	5	-1	-1	-1
849	923	917	5	-1	-1	-1
871	944	878	5	-1	-1	-1
876	874	945	5	-1	-1	-1
879	945	874	5	-1	-1	-1
946	875	877	5	-1	-1	-1
877	876	947	5	-1	-1	-1
925	852	924	5	-1	-1	-1
926	923	853	5	-1	-1	-1
853	925	926	5	-1	-1	-1
924	855	927	5	-1	-1	-1
878	950	879	5	-1	-1	-1
928	927	855	5	-1	-1	-1
856	929	928	5	-1	-1	-1
953	883	881	5	-1	-1	-1
882	954	881	5	-1	-1	-1
880	885	952	5	-1	-1	-1
931	930	858	5	-1	-1	-1
931	859	932	5	-1	-1	-1
933	932	860	5	-1	-1	-1
863	930	936	5	-1	-1	-1
960	886	884	5	-1	-1	-1
933	862	935	5	-1	-1	-1
862	934	935	5	-1	-1	-1
888	959	884	5	-1	-1	-1
961	885	886	5	-1	-1	-1
895	956	882	5	-1	-1	-1
866	940	929	5	-1	-1	-1
957	893	883	5	-1	-1	-1
964	888	887	5	-1	-1	-1
864	938	937	5	-1	-1	-1
900	918	921	5	-1	-1	-1
889	963	887	5	-1	-1	-1
865	936	939	5	-1	-1	-1
864	939	938	5	-1	-1	-1
952	911	880	5	-1	-1	-1
890	966	889	5	-1	-1	-1
867	937	941	5	-1	-1	-1
895	896	956	5	-1	-1	-1
891	967	890	5	-1	-1	-1
941	940	867	5	-1	-1	-1
892	968	891	5	-1	-1	-1
892	894	968	5	-1	-1	-1
875	946	934	5	-1	-1	-1
871	942	943	5	-1	-1	-1
894	893	969	5	-1	-1	-1
871	943	944	5	-1	-1	-1
922	919	920	5	-1	-1	-1
971	896	897	5	-1	-1	-1
947	876	945	5	-1	-1	-1
972	897	899	5	-1	-1	-1
899	898	974	5	-1	-1	-1
949	878	944	5	-1	-1	-1
946	877	948	5	-1	-1	-1
948	877	947	5	-1	-1	-1
898	901	973	5	-1	-1	-1
879	951	945	5	-1	-1	-1
950	878	949	5	-1	-1	-1
977	901	900	5	-1	-1	-1
950	951	879	5	-1	-1	-1
904	903	980	5	-1	-1	-1
902	906	979	5	-1	-1	-1
881	954	953	5	-1	-1	-1
979	908	902	5	-1	-1	-1
982	905	904	5	-1	-1	-1
882	955	954	5	-1	-1	-1
956	955	882	5	-1	-1	-1
980	903	910	5	-1	-1	-1
905	983	906	5	-1	-1	-1
958	883	953	5	-1	-1	-1
883	958	957	5	-1	-1	-1
977	900	921	5	-1	-1	-1
885	961	952	5	-1	-1	-1
907	908	987	5	-1	-1	-1
959	960	884	5	-1	-1	-1
909	988	910	5	-1	-1	-1
909	911	988	5	-1	-1	-1
886	960	962	5	-1	-1	-1
961	886	962	5	-1	-1	-1
959	888	965	5	-1	-1	-1
887	963	964	5	-1	-1	-1
935	934	946	5	-1	-1	-1
941	937	938	5	-1	-1	-1
888	964	965	5	-1	-1	-1
912	991	914	5	-1	-1	-1
963	889	966	5	-1	-1	-1
912	916	991	5	-1	-1	-1
992	913	914	5	-1	-1	-1
970	893	957	5	-1	-1	-1
913	993	915	5	-1	-1	-1
890	967	966	5	-1	-1	-1
971	956	896	5	-1	-1	-1
891	968	967	5	-1	-1	-1
917	997	916	5	-1	-1	-1
915	995	920	5	-1	-1	-1
968	894	969	5	-1	-1	-1
969	893	970	5	-1	-1	-1
920	995	922	5	-1	-1	-1
917	923	998	5	-1	-1	-1
972	971	897	5	-1	-1	-1
922	999	921	5	-1	-1	-1
898	973	974	5	-1	-1	-1
899	975	972	5	-1	-1	-1
974	976	899	5	-1	-1	-1
899	976	975	5	-1	-1	-1
1002	923	926	5	-1	-1	-1
988	911	952	5	-1	-1	-1
978	973	901	5	-1	-1	-1
924	1003	925	5	-1	-1	-1
1003	924	927	5	-1	-1	-1
1004	926	925	5	-1	-1	-1
977	978	901	5	-1	-1	-1
1007	927	928	5	-1	-1	-1
929	1008	928	5	-1	-1	-1
980	981	904	5	-1	-1	-1
982	904	981	5	-1	-1	-1
1009	930	931	5	-1	-1	-1
979	906	985	5	-1	-1	-1
984	905	982	5	-1	-1	-1
983	905	984	5	-1	-1	-1
932	1010	931	5	-1	-1	-1
979	987	908	5	-1	-1	-1
930	1009	936	5	-1	-1	-1
983	986	906	5	-1	-1	-1
933	1011	932	5	-1	-1	-1
986	985	906	5	-1	-1	-1
1008	929	940	5	-1	-1	-1
910	990	980	5	-1	-1	-1
935	1012	933	5	-1	-1	-1
989	910	988	5	-1	-1	-1
936	1014	939	5	-1	-1	-1
989	990	910	5	-1	-1	-1
939	1015	938	5	-1	-1	-1
1013	935	946	5	-1	-1	-1
941	938	1016	5	-1	-1	-1
977	921	1000	5	-1	-1	-1
913	992	993	5	-1	-1	-1
914	991	994	5	-1	-1	-1
940	941	1019	5	-1	-1	-1
914	994	992	5	-1	-1	-1
993	996	915	5	-1	-1	-1
991	916	997	5	-1	-1	-1
996	995	915	5	-1	-1	-1
944	943	1020	5	-1	-1	-1
917	998	997	5	-1	-1	-1
1021	947	945	5	-1	-1	-1
944	1020	949	5	-1	-1	-1
946	948	1022	5	-1	-1	-1
951	1021	945	5	-1	-1	-1
1001	922	995	5	-1	-1	-1
947	1024	948	5	-1	-1	-1
921	999	1000	5	-1	-1	-1
1001	999	922	5	-1	-1	-1
998	923	1002	5	-1	-1	-1
949	1026	950	5	-1	-1	-1
950	1027	951	5	-1	-1	-1
1003	1005	925	5	-1	-1	-1
925	1005	1004	5	-1	-1	-1
926	1006	1002	5	-1	-1	-1
1006	926	1004	5	-1	-1	-1
1007	1003	927	5	-1	-1	-1
954	1031	953	5	-1	-1	-1
961	1030	952	5	-1	-1	-1
1008	1007	928	5	-1	-1	-1
1034	954	955	5	-1	-1	-1
1032	958	953	5	-1	-1	-1
955	956	1036	5	-1	-1	-1
931	1010	1009	5	-1	-1	-1
985	987	979	5	-1	-1	-1
932	1011	1010	5	-1	-1	-1
1038	957	958	5	-1	-1	-1
1011	933	1012	5	-1	-1	-1
936	1009	1014	5	-1	-1	-1
960	959	1041	5	-1	-1	-1
935	1013	1012	5	-1	-1	-1
1041	962	960	5	-1	-1	-1
971	1037	956	5	-1	-1	-1
970	957	1038	5	-1	-1	-1
1042	961	962	5	-1	-1	-1
965	1041	959	5	-1	-1	-1
1008	940	1019	5	-1	-1	-1
938	1015	1017	5	-1	-1	-1
988	952	1030	5	-1	-1	-1
939	1014	1018	5	-1	-1	-1
1017	1016	938	5	-1	-1	-1
1045	964	963	5	-1	-1	-1
939	1018	1015	5	-1	-1	-1
966	1045	963	5	-1	-1	-1
964	1047	965	5	-1	-1	-1
941	1016	1019	5	-1	-1	-1
946	1023	1013	5	-1	-1	-1
966	967	1049	5	-1	-1	-1
1051	967	968	5	-1	-1	-1
968	969	1052	5	-1	-1	-1
1023	946	1022	5	-1	-1	-1
996	1001	995	5	-1	-1	-1
1024	947	1021	5	-1	-1	-1
1053	969	970	5	-1	-1	-1
1026	949	1020	5	-1	-1	-1
1025	1022	948	5	-1	-1	-1
1024	1025	948	5	-1	-1	-1
971	972	1056	5	-1	-1	-1
1029	1021	951	5	-1	-1	-1
950	1026	1027	5	-1	-1	-1
1057	972	975	5	-1	-1	-1
974	973	1058	5	-1	-1	-1
951	1027	1028	5	-1	-1	-1
951	1028	1029	5	-1	-1	-1
974	1059	976	5	-1	-1	-1
973	978	1058	5	-1	-1	-1
976	1060	975	5	-1	-1	-1
1031	1032	953	5	-1	-1	-1
1033	1031	954	5	-1	-1	-1
977	1063	978	5	-1	-1	-1
1034	1033	954	5	-1	-1	-1
955	1035	1034	5	-1	-1	-1
980	1064	981	5	-1	-1	-1
955	1036	1035	5	-1	-1	-1
1065	982	981	5	-1	-1	-1
1036	956	1037	5	-1	-1	-1
1040	958	1032	5	-1	-1	-1
982	1067	984	5	-1	-1	-1
961	1043	1030	5	-1	-1	-1
1064	980	990	5	-1	-1	-1
1068	983	984	5	-1	-1	-1
1039	1038	958	5	-1	-1	-1
983	1068	986	5	-1	-1	-1
1039	958	1040	5	-1	-1	-1
1062	977	1000	5	-1	-1	-1
1042	1043	961	5	-1	-1	-1
988	1070	989	5	-1	-1	-1
1044	962	1041	5	-1	-1	-1
1044	1042	962	5	-1	-1	-1
1071	990	989	5	-1	-1	-1
1018	1017	1015	5	-1	-1	-1
1041	965	1048	5	-1	-1	-1
1045	1046	964	5	-1	-1	-1
964	1046	1047	5	-1	-1	-1
1074	994	991	5	-1	-1	-1
1048	965	1047	5	-1	-1	-1
966	1050	1045	5	-1	-1	-1
993	992	1076	5	-1	-1	-1
997	1074	991	5	-1	-1	-1
994	1075	992	5	-1	-1	-1
1055	970	1038	5	-1	-1	-1
1056	1037	971	5	-1	-1	-1
1049	1050	966	5	-1	-1	-1
993	1077	996	5	-1	-1	-1
967	1051	1049	5	-1	-1	-1
1052	1051	968	5	-1	-1	-1
1053	1052	969	5	-1	-1	-1
1054	1053	970	5	-1	-1	-1
1082	997	998	5	-1	-1	-1
1081	1001	996	5	-1	-1	-1
1055	1054	970	5	-1	-1	-1
1082	998	1002	5	-1	-1	-1
999	1083	1000	5	-1	-1	-1
1083	999	1001	5	-1	-1	-1
972	1057	1056	5	-1	-1	-1
988	1030	1070	5	-1	-1	-1
1058	1059	974	5	-1	-1	-1
975	1060	1057	5	-1	-1	-1
1084	1002	1006	5	-1	-1	-1
1061	976	1059	5	-1	-1	-1
1003	1086	1005	5	-1	-1	-1
1060	976	1061	5	-1	-1	-1
1007	1086	1003	5	-1	-1	-1
1006	1004	1087	5	-1	-1	-1
1087	1004	1005	5	-1	-1	-1
1058	978	1063	5	-1	-1	-1
977	1062	1063	5	-1	-1	-1
1007	1008	1090	5	-1	-1	-1
1091	1009	1010	5	-1	-1	-1
1064	1066	981	5	-1	-1	-1
1065	981	1066	5	-1	-1	-1
1010	1011	1092	5	-1	-1	-1
1009	1091	1014	5	-1	-1	-1
982	1065	1067	5	-1	-1	-1
1011	1012	1093	5	-1	-1	-1
1008	1019	1090	5	-1	-1	-1
1069	984	1067	5	-1	-1	-1
1095	1012	1013	5	-1	-1	-1
984	1069	1068	5	-1	-1	-1
1072	1064	990	5	-1	-1	-1
1014	1097	1018	5	-1	-1	-1
1071	989	1070	5	-1	-1	-1
1013	1023	1095	5	-1	-1	-1
1099	1016	1017	5	-1	-1	-1
1055	1038	1039	5	-1	-1	-1
1041	1048	1044	5	-1	-1	-1
1019	1016	1098	5	-1	-1	-1
1073	990	1071	5	-1	-1	-1
1100	1017	1018	5	-1	-1	-1
1073	1072	990	5	-1	-1	-1
992	1075	1076	5	-1	-1	-1
1030	1043	1070	5	-1	-1	-1
1062	1000	1083	5	-1	-1	-1
1076	1077	993	5	-1	-1	-1
1078	1075	994	5	-1	-1	-1
1079	994	1074	5	-1	-1	-1
1104	1024	1021	5	-1	-1	-1
1022	1105	1023	5	-1	-1	-1
994	1079	1078	5	-1	-1	-1
1105	1022	1025	5	-1	-1	-1
1082	1074	997	5	-1	-1	-1
1077	1080	996	5	-1	-1	-1
1021	1029	1103	5	-1	-1	-1
1108	1025	1024	5	-1	-1	-1
1081	996	1080	5	-1	-1	-1
1083	1001	1081	5	-1	-1	-1
1110	1029	1028	5	-1	-1	-1
1085	1082	1002	5	-1	-1	-1
1002	1084	1085	5	-1	-1	-1
1111	1032	1031	5	-1	-1	-1
1031	1033	1111	5	-1	-1	-1
1006	1087	1084	5	-1	-1	-1
1088	1005	1086	5	-1	-1	-1
1088	1087	1005	5	-1	-1	-1
1113	1033	1034	5	-1	-1	-1
1007	1089	1086	5	-1	-1	-1
1112	1040	1032	5	-1	-1	-1
1116	1034	1035	5	-1	-1	-1
1007	1090	1089	5	-1	-1	-1
1117	1035	1036	5	-1	-1	-1
1118	1036	1037	5	-1	-1	-1
1091	1010	1092	5	-1	-1	-1
1011	1094	1092	5	-1	-1	-1
1011	1093	1094	5	-1	-1	-1
1121	1039	1040	5	-1	-1	-1
1012	1096	1093	5	-1	-1	-1
1091	1097	1014	5	-1	-1	-1
1095	1096	1012	5	-1	-1	-1
1042	1123	1043	5	-1	-1	-1
1042	1044	1123	5	-1	-1	-1
1019	1102	1090	5	-1	-1	-1
1056	1119	1037	5	-1	-1	-1
1016	1099	1098	5	-1	-1	-1
1039	1120	1055	5	-1	-1	-1
1097	1100	1018	5	-1	-1	-1
1101	1099	1017	5	-1	-1	-1
1017	1100	1101	5	-1	-1	-1
1127	1044	1048	5	-1	-1	-1
1045	1128	1046	5	-1	-1	-1
1019	1098	1102	5	-1	-1	-1
1050	1128	1045	5	-1	-1	-1
1130	1047	1046	5	-1	-1	-1
1095	1023	1107	5	-1	-1	-1
1048	1047	1131	5	-1	-1	-1
1021	1103	1104	5	-1	-1	-1
1133	1050	1049	5	-1	-1	-1
1049	1051	1132	5	-1	-1	-1
1023	1105	1106	5	-1	-1	-1
1023	1106	1107	5	-1	-1	-1
1104	1108	1024	5	-1	-1	-1
1052	1135	1051	5	-1	-1	-1
1043	1125	1070	5	-1	-1	-1
1109	1105	1025	5	-1	-1	-1
1029	1110	1103	5	-1	-1	-1
1052	1053	1137	5	-1	-1	-1
1109	1025	1108	5	-1	-1	-1
1138	1053	1054	5	-1	-1	-1
1139	1054	1055	5	-1	-1	-1
1032	1111	1112	5	-1	-1	-1
1056	1057	1142	5	-1	-1	-1
1111	1033	1114	5	-1	-1	-1
1033	1113	1114	5	-1	-1	-1
1143	1057	1060	5	-1	-1	-1
1113	1034	1115	5	-1	-1	-1
1059	1058	1146	5	-1	-1	-1
1034	1116	1115	5	-1	-1	-1
1125	1071	1070	5	-1	-1	-1
1058	1063	1145	5	-1	-1	-1
1035	1117	1116	5	-1	-1	-1
1061	1059	1148	5	-1	-1	-1
1118	1117	1036	5	-1	-1	-1
1150	1060	1061	5	-1	-1	-1
1119	1118	1037	5	-1	-1	-1
1112	1122	1040	5	-1	-1	-1
1062	1154	1063	5	-1	-1	-1
1092	1097	1091	5	-1	-1	-1
1039	1121	1120	5	-1	-1	-1
1040	1122	1121	5	-1	-1	-1
1066	1064	1156	5	-1	-1	-1
1157	1065	1066	5	-1	-1	-1
1124	1043	1123	5	-1	-1	-1
1067	1065	1158	5	-1	-1	-1
1125	1043	1124	5	-1	-1	-1
1156	1064	1072	5	-1	-1	-1
1126	1123	1044	5	-1	-1	-1
1069	1067	1158	5	-1	-1	-1
1127	1126	1044	5	-1	-1	-1
1153	1062	1083	5	-1	-1	-1
1128	1129	1046	5	-1	-1	-1
1073	1071	1161	5	-1	-1	-1
1130	1046	1129	5	-1	-1	-1
1131	1127	1048	5	-1	-1	-1
1073	1162	1072	5	-1	-1	-1
1047	1130	1131	5	-1	-1	-1
1050	1134	1128	5	-1	-1	-1
1120	1139	1055	5	-1	-1	-1
1133	1049	1132	5	-1	-1	-1
1075	1165	1076	5	-1	-1	-1
1056	1141	1119	5	-1	-1	-1
1164	1079	1074	5	-1	-1	-1
1050	1133	1134	5	-1	-1	-1
1167	1077	1076	5	-1	-1	-1
1135	1132	1051	5	-1	-1	-1
1052	1136	1135	5	-1	-1	-1
1078	1165	1075	5	-1	-1	-1
1080	1077	1167	5	-1	-1	-1
1074	1082	1164	5	-1	-1	-1
1137	1136	1052	5	-1	-1	-1
1078	1079	1168	5	-1	-1	-1
1137	1053	1138	5	-1	-1	-1
1080	1170	1081	5	-1	-1	-1
1082	1085	1164	5	-1	-1	-1
1140	1138	1054	5	-1	-1	-1
1139	1140	1054	5	-1	-1	-1
1081	1173	1083	5	-1	-1	-1
1141	1056	1142	5	-1	-1	-1
1142	1057	1144	5	-1	-1	-1
1174	1085	1084	5	-1	-1	-1
1084	1087	1175	5	-1	-1	-1
1143	1144	1057	5	-1	-1	-1
1145	1146	1058	5	-1	-1	-1
1175	1087	1088	5	-1	-1	-1
1088	1086	1178	5	-1	-1	-1
1059	1146	1147	5	-1	-1	-1
1060	1149	1143	5	-1	-1	-1
1089	1178	1086	5	-1	-1	-1
1148	1059	1147	5	-1	-1	-1
1071	1125	1161	5	-1	-1	-1
1089	1090	1180	5	-1	-1	-1
1149	1060	1151	5	-1	-1	-1
1151	1060	1150	5	-1	-1	-1
1148	1152	1061	5	-1	-1	-1
1155	1145	1063	5	-1	-1	-1
1061	1152	1150	5	-1	-1	-1
1092	1094	1182	5	-1	-1	-1
1062	1153	1154	5	-1	-1	-1
1094	1093	1184	5	-1	-1	-1
1063	1154	1155	5	-1	-1	-1
1097	1092	1183	5	-1	-1	-1
1184	1093	1096	5	-1	-1	-1
1090	1102	1181	5	-1	-1	-1
1095	1186	1096	5	-1	-1	-1
1100	1097	1183	5	-1	-1	-1
1065	1157	1158	5	-1	-1	-1
1156	1160	1066	5	-1	-1	-1
1159	1157	1066	5	-1	-1	-1
1160	1159	1066	5	-1	-1	-1
1099	1188	1098	5	-1	-1	-1
1186	1095	1107	5	-1	-1	-1
1188	1102	1098	5	-1	-1	-1
1099	1101	1190	5	-1	-1	-1
1156	1072	1162	5	-1	-1	-1
1100	1191	1101	5	-1	-1	-1
1161	1163	1073	5	-1	-1	-1
1073	1163	1162	5	-1	-1	-1
1104	1103	1194	5	-1	-1	-1
1110	1194	1103	5	-1	-1	-1
1165	1166	1076	5	-1	-1	-1
1105	1197	1106	5	-1	-1	-1
1196	1108	1104	5	-1	-1	-1
1083	1173	1153	5	-1	-1	-1
1076	1166	1167	5	-1	-1	-1
1198	1107	1106	5	-1	-1	-1
1109	1197	1105	5	-1	-1	-1
1165	1078	1168	5	-1	-1	-1
1079	1164	1169	5	-1	-1	-1
1079	1169	1168	5	-1	-1	-1
1108	1199	1109	5	-1	-1	-1
1167	1171	1080	5	-1	-1	-1
1171	1170	1080	5	-1	-1	-1
1081	1170	1172	5	-1	-1	-1
1112	1111	1202	5	-1	-1	-1
1177	1164	1085	5	-1	-1	-1
1172	1173	1081	5	-1	-1	-1
1111	1114	1202	5	-1	-1	-1
1114	1113	1205	5	-1	-1	-1
1084	1175	1174	5	-1	-1	-1
1205	1113	1115	5	-1	-1	-1
1176	1085	1174	5	-1	-1	-1
1203	1122	1112	5	-1	-1	-1
1085	1176	1177	5	-1	-1	-1
1208	1115	1116	5	-1	-1	-1
1117	1209	1116	5	-1	-1	-1
1175	1088	1179	5	-1	-1	-1
1179	1088	1178	5	-1	-1	-1
1118	1211	1117	5	-1	-1	-1
1089	1180	1178	5	-1	-1	-1
1119	1211	1118	5	-1	-1	-1
1180	1090	1181	5	-1	-1	-1
1121	1213	1120	5	-1	-1	-1
1092	1182	1183	5	-1	-1	-1
1122	1215	1121	5	-1	-1	-1
1182	1094	1185	5	-1	-1	-1
1185	1094	1184	5	-1	-1	-1
1124	1123	1218	5	-1	-1	-1
1187	1184	1096	5	-1	-1	-1
1123	1126	1218	5	-1	-1	-1
1124	1219	1125	5	-1	-1	-1
1096	1186	1187	5	-1	-1	-1
1119	1141	1212	5	-1	-1	-1
1127	1220	1126	5	-1	-1	-1
1214	1139	1120	5	-1	-1	-1
1100	1183	1191	5	-1	-1	-1
1099	1189	1188	5	-1	-1	-1
1193	1181	1102	5	-1	-1	-1
1099	1190	1189	5	-1	-1	-1
1222	1127	1131	5	-1	-1	-1
1129	1128	1223	5	-1	-1	-1
1131	1130	1222	5	-1	-1	-1
1188	1193	1102	5	-1	-1	-1
1192	1190	1101	5	-1	-1	-1
1192	1101	1191	5	-1	-1	-1
1130	1129	1225	5	-1	-1	-1
1134	1224	1128	5	-1	-1	-1
1107	1198	1186	5	-1	-1	-1
1194	1195	1104	5	-1	-1	-1
1133	1132	1229	5	-1	-1	-1
1195	1196	1104	5	-1	-1	-1
1229	1132	1135	5	-1	-1	-1
1134	1133	1230	5	-1	-1	-1
1197	1198	1106	5	-1	-1	-1
1196	1199	1108	5	-1	-1	-1
1232	1135	1136	5	-1	-1	-1
1125	1219	1161	5	-1	-1	-1
1233	1136	1137	5	-1	-1	-1
1109	1200	1197	5	-1	-1	-1
1199	1201	1109	5	-1	-1	-1
1138	1235	1137	5	-1	-1	-1
1177	1169	1164	5	-1	-1	-1
1201	1200	1109	5	-1	-1	-1
1138	1140	1236	5	-1	-1	-1
1238	1140	1139	5	-1	-1	-1
1204	1112	1202	5	-1	-1	-1
1204	1203	1112	5	-1	-1	-1
1202	1114	1206	5	-1	-1	-1
1141	1142	1241	5	-1	-1	-1
1206	1114	1205	5	-1	-1	-1
1207	1205	1115	5	-1	-1	-1
1144	1243	1142	5	-1	-1	-1
1115	1208	1207	5	-1	-1	-1
1244	1144	1143	5	-1	-1	-1
1116	1209	1208	5	-1	-1	-1
1209	1117	1210	5	-1	-1	-1
1180	1179	1178	5	-1	-1	-1
1245	1143	1149	5	-1	-1	-1
1117	1211	1210	5	-1	-1	-1
1145	1249	1146	5	-1	-1	-1
1217	1122	1203	5	-1	-1	-1
1119	1212	1211	5	-1	-1	-1
1147	1146	1250	5	-1	-1	-1
1147	1251	1148	5	-1	-1	-1
1120	1213	1214	5	-1	-1	-1
1155	1248	1145	5	-1	-1	-1
1121	1216	1213	5	-1	-1	-1
1216	1121	1215	5	-1	-1	-1
1252	1152	1148	5	-1	-1	-1
1151	1254	1149	5	-1	-1	-1
1217	1215	1122	5	-1	-1	-1
1151	1150	1255	5	-1	-1	-1
1256	1150	1152	5	-1	-1	-1
1124	1218	1219	5	-1	-1	-1
1218	1126	1220	5	-1	-1	-1
1261	1154	1153	5	-1	-1	-1
1127	1221	1220	5	-1	-1	-1
1222	1221	1127	5	-1	-1	-1
1155	1154	1263	5	-1	-1	-1
1223	1128	1224	5	-1	-1	-1
1226	1129	1223	5	-1	-1	-1
1130	1227	1222	5	-1	-1	-1
1129	1226	1225	5	-1	-1	-1
1156	1265	1160	5	-1	-1	-1
1225	1228	1130	5	-1	-1	-1
1156	1162	1266	5	-1	-1	-1
1227	1130	1228	5	-1	-1	-1
1160	1267	1159	5	-1	-1	-1
1153	1173	1262	5	-1	-1	-1
1231	1224	1134	5	-1	-1	-1
1214	1238	1139	5	-1	-1	-1
1268	1163	1161	5	-1	-1	-1
1230	1133	1229	5	-1	-1	-1
1141	1240	1212	5	-1	-1	-1
1163	1270	1162	5	-1	-1	-1
1230	1231	1134	5	-1	-1	-1
1232	1229	1135	5	-1	-1	-1
1234	1232	1136	5	-1	-1	-1
1136	1233	1234	5	-1	-1	-1
1273	1166	1165	5	-1	-1	-1
1137	1235	1233	5	-1	-1	-1
1168	1272	1165	5	-1	-1	-1
1167	1166	1274	5	-1	-1	-1
1138	1237	1235	5	-1	-1	-1
1237	1138	1236	5	-1	-1	-1
1275	1168	1169	5	-1	-1	-1
1171	1167	1274	5	-1	-1	-1
1236	1140	1239	5	-1	-1	-1
1170	1171	1276	5	-1	-1	-1
1239	1140	1238	5	-1	-1	-1
1276	1172	1170	5	-1	-1	-1
1275	1169	1177	5	-1	-1	-1
1277	1173	1172	5	-1	-1	-1
1241	1240	1141	5	-1	-1	-1
1241	1142	1242	5	-1	-1	-1
1142	1243	1242	5	-1	-1	-1
1174	1175	1279	5	-1	-1	-1
1280	1176	1174	5	-1	-1	-1
1245	1244	1143	5	-1	-1	-1
1244	1246	1144	5	-1	-1	-1
1144	1247	1243	5	-1	-1	-1
1175	1179	1281	5	-1	-1	-1
1176	1284	1177	5	-1	-1	-1
1144	1246	1247	5	-1	-1	-1
1248	1249	1145	5	-1	-1	-1
1249	1250	1146	5	-1	-1	-1
1179	1180	1287	5	-1	-1	-1
1149	1253	1245	5	-1	-1	-1
1180	1181	1287	5	-1	-1	-1
1251	1147	1250	5	-1	-1	-1
1161	1219	1269	5	-1	-1	-1
1252	1148	1251	5	-1	-1	-1
1183	1182	1288	5	-1	-1	-1
1254	1253	1149	5	-1	-1	-1
1289	1182	1185	5	-1	-1	-1
1185	1184	1291	5	-1	-1	-1
1181	1193	1287	5	-1	-1	-1
1255	1150	1256	5	-1	-1	-1
1151	1257	1254	5	-1	-1	-1
1187	1291	1184	5	-1	-1	-1
1152	1252	1259	5	-1	-1	-1
1151	1255	1258	5	-1	-1	-1
1183	1290	1191	5	-1	-1	-1
1186	1293	1187	5	-1	-1	-1
1257	1151	1258	5	-1	-1	-1
1264	1248	1155	5	-1	-1	-1
1260	1256	1152	5	-1	-1	-1
1259	1260	1152	5	-1	-1	-1
1295	1188	1189	5	-1	-1	-1
1296	1189	1190	5	-1	-1	-1
1295	1193	1188	5	-1	-1	-1
1186	1198	1292	5	-1	-1	-1
1261	1153	1262	5	-1	-1	-1
1263	1154	1261	5	-1	-1	-1
1192	1297	1190	5	-1	-1	-1
1298	1192	1191	5	-1	-1	-1
1155	1263	1264	5	-1	-1	-1
1156	1266	1265	5	-1	-1	-1
1265	1267	1160	5	-1	-1	-1
1196	1195	1301	5	-1	-1	-1
1199	1196	1302	5	-1	-1	-1
1197	1303	1198	5	-1	-1	-1
1269	1268	1161	5	-1	-1	-1
1270	1266	1162	5	-1	-1	-1
1197	1200	1303	5	-1	-1	-1
1268	1271	1163	5	-1	-1	-1
1271	1270	1163	5	-1	-1	-1
1304	1201	1199	5	-1	-1	-1
1200	1201	1305	5	-1	-1	-1
1273	1165	1272	5	-1	-1	-1
1277	1262	1173	5	-1	-1	-1
1274	1166	1273	5	-1	-1	-1
1204	1202	1308	5	-1	-1	-1
1275	1272	1168	5	-1	-1	-1
1203	1204	1309	5	-1	-1	-1
1308	1202	1206	5	-1	-1	-1
1274	1276	1171	5	-1	-1	-1
1312	1206	1205	5	-1	-1	-1
1207	1312	1205	5	-1	-1	-1
1276	1278	1172	5	-1	-1	-1
1277	1172	1278	5	-1	-1	-1
1309	1217	1203	5	-1	-1	-1
1207	1208	1314	4	-1	-1	-1
1316	1208	1209	4	-1	-1	-1
1279	1280	1174	5	-1	-1	-1
1317	1209	1210	4	-1	-1	-1
1175	1283	1279	5	-1	-1	-1
1285	1275	1177	5	-1	-1	-1
1282	1175	1281	5	-1	-1	-1
1210	1211	1318	5	-1	-1	-1
1175	1282	1283	5	-1	-1	-1
1284	1176	1280	5	-1	-1	-1
1318	1211	1212	5	-1	-1	-1
1281	1179	1286	5	-1	-1	-1
1177	1284	1285	5	-1	-1	-1
1213	1323	1214	5	-1	-1	-1
1213	1216	1322	5	-1	-1	-1
1287	1286	1179	5	-1	-1	-1
1216	1215	1325	5	-1	-1	-1
1326	1215	1217	5	-1	-1	-1
1288	1182	1289	5	-1	-1	-1
1290	1183	1288	5	-1	-1	-1
1291	1289	1185	5	-1	-1	-1
1218	1220	1330	5	-1	-1	-1
1218	1331	1219	5	-1	-1	-1
1186	1292	1293	5	-1	-1	-1
1291	1187	1294	5	-1	-1	-1
1240	1321	1212	5	-1	-1	-1
1332	1220	1221	5	-1	-1	-1
1293	1294	1187	5	-1	-1	-1
1222	1333	1221	5	-1	-1	-1
1324	1238	1214	5	-1	-1	-1
1298	1191	1290	5	-1	-1	-1
1193	1299	1287	5	-1	-1	-1
1295	1189	1296	5	-1	-1	-1
1224	1335	1223	5	-1	-1	-1
1296	1190	1297	5	-1	-1	-1
1334	1222	1227	5	-1	-1	-1
1226	1223	1335	5	-1	-1	-1
1298	1297	1192	5	-1	-1	-1
1193	1295	1300	5	-1	-1	-1
1226	1337	1225	5	-1	-1	-1
1228	1225	1337	5	-1	-1	-1
1224	1231	1336	5	-1	-1	-1
1193	1300	1299	5	-1	-1	-1
1303	1292	1198	5	-1	-1	-1
1339	1227	1228	5	-1	-1	-1
1301	1302	1196	5	-1	-1	-1
1229	1341	1230	5	-1	-1	-1
1342	1229	1232	5	-1	-1	-1
1230	1343	1231	5	-1	-1	-1
1199	1302	1304	5	-1	-1	-1
1200	1306	1303	5	-1	-1	-1
1200	1305	1306	5	-1	-1	-1
1232	1234	1345	5	-1	-1	-1
1307	1201	1304	5	-1	-1	-1
1201	1307	1305	5	-1	-1	-1
1234	1233	1347	5	-1	-1	-1
1235	1346	1233	5	-1	-1	-1
1331	1269	1219	5	-1	-1	-1
1349	1235	1237	5	-1	-1	-1
1308	1310	1204	5	-1	-1	-1
1237	1236	1350	5	-1	-1	-1
1309	1204	1311	5	-1	-1	-1
1204	1310	1311	5	-1	-1	-1
1239	1351	1236	5	-1	-1	-1
1313	1308	1206	5	-1	-1	-1
1354	1239	1238	5	-1	-1	-1
1312	1313	1206	5	-1	-1	-1
1315	1312	1207	4	-1	-1	-1
1315	1207	1314	4	-1	-1	-1
1241	1356	1240	5	-1	-1	-1
1316	1314	1208	4	-1	-1	-1
1357	1241	1242	5	-1	-1	-1
1316	1209	1317	4	-1	-1	-1
1242	1243	1358	5	-1	-1	-1
1319	1317	1210	4	-1	-1	-1
1210	1318	1319	4	-1	-1	-1
1244	1245	1360	5	-1	-1	-1
1243	1247	1359	5	-1	-1	-1
1320	1318	1212	5	-1	-1	-1
1246	1244	1361	5	-1	-1	-1
1320	1212	1321	5	-1	-1	-1
1217	1309	1329	5	-1	-1	-1
1246	1363	1247	5	-1	-1	-1
1213	1322	1323	5	-1	-1	-1
1245	1253	1362	5	-1	-1	-1
1214	1323	1324	5	-1	-1	-1
1249	1248	1364	5	-1	-1	-1
1250	1249	1366	5	-1	-1	-1
1327	1322	1216	5	-1	-1	-1
1326	1325	1215	5	-1	-1	-1
1367	1251	1250	5	-1	-1	-1
1216	1325	1327	5	-1	-1	-1
1217	1328	1326	5	-1	-1	-1
1251	1370	1252	5	-1	-1	-1
1217	1329	1328	5	-1	-1	-1
1365	1248	1264	5	-1	-1	-1
1218	1330	1331	5	-1	-1	-1
1372	1253	1254	5	-1	-1	-1
1330	1220	1332	5	-1	-1	-1
1371	1259	1252	5	-1	-1	-1
1373	1254	1257	5	-1	-1	-1
1256	1375	1255	5	-1	-1	-1
1332	1221	1333	5	-1	-1	-1
1375	1258	1255	5	-1	-1	-1
1333	1222	1334	5	-1	-1	-1
1376	1256	1260	5	-1	-1	-1
1257	1258	1378	5	-1	-1	-1
1224	1336	1335	5	-1	-1	-1
1338	1226	1335	5	-1	-1	-1
1259	1381	1260	5	-1	-1	-1
1339	1334	1227	5	-1	-1	-1
1338	1337	1226	5	-1	-1	-1
1340	1228	1337	5	-1	-1	-1
1340	1339	1228	5	-1	-1	-1
1261	1383	1263	5	-1	-1	-1
1385	1261	1262	5	-1	-1	-1
1336	1231	1344	5	-1	-1	-1
1341	1229	1342	5	-1	-1	-1
1230	1341	1343	5	-1	-1	-1
1264	1263	1388	5	-1	-1	-1
1238	1324	1354	5	-1	-1	-1
1356	1321	1240	5	-1	-1	-1
1343	1344	1231	5	-1	-1	-1
1342	1232	1345	5	-1	-1	-1
1266	1391	1265	5	-1	-1	-1
1267	1265	1391	5	-1	-1	-1
1387	1262	1277	5	-1	-1	-1
1347	1233	1346	5	-1	-1	-1
1234	1348	1345	5	-1	-1	-1
1234	1347	1348	5	-1	-1	-1
1270	1393	1266	5	-1	-1	-1
1349	1346	1235	5	-1	-1	-1
1394	1268	1269	5	-1	-1	-1
1271	1268	1394	5	-1	-1	-1
1271	1396	1270	5	-1	-1	-1
1351	1350	1236	5	-1	-1	-1
1352	1237	1350	5	-1	-1	-1
1237	1353	1349	5	-1	-1	-1
1237	1352	1353	5	-1	-1	-1
1273	1272	1398	5	-1	-1	-1
1398	1272	1275	5	-1	-1	-1
1239	1355	1351	5	-1	-1	-1
1273	1399	1274	5	-1	-1	-1
1239	1354	1355	5	-1	-1	-1
1276	1274	1401	5	-1	-1	-1
1357	1356	1241	5	-1	-1	-1
1357	1242	1358	5	-1	-1	-1
1276	1405	1278	5	-1	-1	-1
1243	1359	1358	5	-1	-1	-1
1277	1278	1406	5	-1	-1	-1
1275	1285	1403	5	-1	-1	-1
1361	1244	1360	5	-1	-1	-1
1362	1360	1245	5	-1	-1	-1
1279	1408	1280	5	-1	-1	-1
1359	1247	1363	5	-1	-1	-1
1279	1283	1408	5	-1	-1	-1
1361	1363	1246	5	-1	-1	-1
1409	1284	1280	5	-1	-1	-1
1411	1282	1281	5	-1	-1	-1
1412	1283	1282	5	-1	-1	-1
1365	1364	1248	5	-1	-1	-1
1284	1409	1285	5	-1	-1	-1
1411	1281	1286	5	-1	-1	-1
1249	1364	1366	5	-1	-1	-1
1366	1368	1250	5	-1	-1	-1
1367	1250	1368	5	-1	-1	-1
1367	1369	1251	5	-1	-1	-1
1253	1372	1362	5	-1	-1	-1
1287	1416	1286	5	-1	-1	-1
1251	1369	1370	5	-1	-1	-1
1252	1370	1371	5	-1	-1	-1
1331	1395	1269	5	-1	-1	-1
1418	1288	1289	5	-1	-1	-1
1288	1417	1290	5	-1	-1	-1
1289	1291	1420	5	-1	-1	-1
1254	1374	1372	5	-1	-1	-1
1374	1254	1373	5	-1	-1	-1
1287	1299	1416	5	-1	-1	-1
1291	1294	1420	5	-1	-1	-1
1422	1293	1292	5	-1	-1	-1
1256	1377	1375	5	-1	-1	-1
1421	1298	1290	5	-1	-1	-1
1379	1373	1257	5	-1	-1	-1
1377	1256	1376	5	-1	-1	-1
1381	1259	1371	5	-1	-1	-1
1293	1426	1294	5	-1	-1	-1
1258	1375	1380	5	-1	-1	-1
1257	1378	1379	5	-1	-1	-1
1340	1337	1338	5	-1	-1	-1
1297	1298	1421	5	-1	-1	-1
1258	1380	1378	5	-1	-1	-1
1260	1382	1376	5	-1	-1	-1
1423	1292	1303	5	-1	-1	-1
1264	1390	1365	5	-1	-1	-1
1429	1295	1296	5	-1	-1	-1
1428	1300	1295	5	-1	-1	-1
1296	1297	1430	5	-1	-1	-1
1382	1260	1381	5	-1	-1	-1
1261	1384	1383	5	-1	-1	-1
1300	1431	1299	5	-1	-1	-1
1384	1261	1385	5	-1	-1	-1
1423	1303	1306	5	-1	-1	-1
1262	1386	1385	5	-1	-1	-1
1263	1383	1389	5	-1	-1	-1
1386	1262	1387	5	-1	-1	-1
1433	1302	1301	5	-1	-1	-1
1433	1304	1302	5	-1	-1	-1
1263	1389	1388	5	-1	-1	-1
1264	1388	1390	5	-1	-1	-1
1434	1307	1304	5	-1	-1	-1
1307	1435	1305	5	-1	-1	-1
1437	1306	1305	5	-1	-1	-1
1266	1392	1391	5	-1	-1	-1
1392	1266	1393	5	-1	-1	-1
1308	1440	1310	5	-1	-1	-1
1395	1394	1269	5	-1	-1	-1
1393	1270	1396	5	-1	-1	-1
1441	1309	1311	5	-1	-1	-1
1313	1440	1308	5	-1	-1	-1
1397	1271	1394	5	-1	-1	-1
1442	1311	1310	5	-1	-1	-1
1271	1397	1396	5	-1	-1	-1
1444	1313	1312	4	-1	-1	-1
1398	1399	1273	5	-1	-1	-1
1406	1387	1277	5	-1	-1	-1
1444	1312	1315	4	-1	-1	-1
1446	1315	1314	4	-1	-1	-1
1401	1274	1400	5	-1	-1	-1
1274	1399	1402	5	-1	-1	-1
1316	1446	1314	4	-1	-1	-1
1402	1400	1274	5	-1	-1	-1
1398	1275	1404	5	-1	-1	-1
1309	1441	1329	5	-1	-1	-1
1317	1448	1316	4	-1	-1	-1
1401	1405	1276	5	-1	-1	-1
1404	1275	1403	5	-1	-1	-1
1319	1452	1317	4	-1	-1	-1
1278	1405	1407	5	-1	-1	-1
1319	1318	1453	4	-1	-1	-1
1407	1406	1278	5	-1	-1	-1
1453	1318	1320	4	-1	-1	-1
1321	1455	1320	5	-1	-1	-1
1280	1408	1410	5	-1	-1	-1
1280	1410	1409	5	-1	-1	-1
1322	1458	1323	5	-1	-1	-1
1403	1285	1415	5	-1	-1	-1
1408	1283	1414	5	-1	-1	-1
1413	1282	1411	5	-1	-1	-1
1413	1412	1282	5	-1	-1	-1
1324	1323	1460	5	-1	-1	-1
1459	1322	1327	5	-1	-1	-1
1283	1412	1414	5	-1	-1	-1
1415	1285	1409	5	-1	-1	-1
1325	1326	1461	5	-1	-1	-1
1411	1286	1416	5	-1	-1	-1
1325	1461	1327	5	-1	-1	-1
1462	1326	1328	5	-1	-1	-1
1328	1329	1464	5	-1	-1	-1
1418	1417	1288	5	-1	-1	-1
1419	1418	1289	5	-1	-1	-1
1289	1420	1419	5	-1	-1	-1
1417	1421	1290	5	-1	-1	-1
1468	1331	1330	5	-1	-1	-1
1332	1468	1330	5	-1	-1	-1
1457	1321	1356	5	-1	-1	-1
1469	1332	1333	5	-1	-1	-1
1423	1422	1292	5	-1	-1	-1
1334	1471	1333	5	-1	-1	-1
1354	1324	1460	5	-1	-1	-1
1422	1424	1293	5	-1	-1	-1
1427	1420	1294	5	-1	-1	-1
1293	1424	1425	5	-1	-1	-1
1426	1293	1425	5	-1	-1	-1
1336	1473	1335	5	-1	-1	-1
1339	1472	1334	5	-1	-1	-1
1473	1338	1335	5	-1	-1	-1
1416	1299	1431	5	-1	-1	-1
1427	1294	1426	5	-1	-1	-1
1421	1430	1297	5	-1	-1	-1
1295	1429	1428	5	-1	-1	-1
1340	1338	1474	5	-1	-1	-1
1336	1344	1473	5	-1	-1	-1
1475	1339	1340	5	-1	-1	-1
1430	1429	1296	5	-1	-1	-1
1428	1432	1300	5	-1	-1	-1
1342	1477	1341	5	-1	-1	-1
1343	1341	1477	5	-1	-1	-1
1300	1432	1431	5	-1	-1	-1
1344	1343	1477	5	-1	-1	-1
1479	1342	1345	5	-1	-1	-1
1306	1439	1423	5	-1	-1	-1
1357	1457	1356	5	-1	-1	-1
1304	1433	1434	5	-1	-1	-1
1479	1345	1348	5	-1	-1	-1
1346	1482	1347	5	-1	-1	-1
1307	1434	1435	5	-1	-1	-1
1305	1435	1436	5	-1	-1	-1
1482	1346	1349	5	-1	-1	-1
1483	1348	1347	5	-1	-1	-1
1305	1436	1437	5	-1	-1	-1
1306	1437	1438	5	-1	-1	-1
1306	1438	1439	5	-1	-1	-1
1353	1482	1349	5	-1	-1	-1
1352	1350	1486	5	-1	-1	-1
1350	1351	1487	5	-1	-1	-1
1442	1310	1440	5	-1	-1	-1
1351	1355	1488	5	-1	-1	-1
1395	1331	1468	5	-1	-1	-1
1441	1311	1443	5	-1	-1	-1
1352	1490	1353	5	-1	-1	-1
1311	1442	1443	5	-1	-1	-1
1445	1440	1313	4	-1	-1	-1
1354	1493	1355	5	-1	-1	-1
1445	1313	1444	4	-1	-1	-1
1447	1444	1315	4	-1	-1	-1
1446	1447	1315	4	-1	-1	-1
1358	1496	1357	5	-1	-1	-1
1316	1449	1446	4	-1	-1	-1
1358	1359	1497	5	-1	-1	-1
1316	1448	1450	4	-1	-1	-1
1316	1450	1449	4	-1	-1	-1
1451	1448	1317	4	-1	-1	-1
1452	1451	1317	4	-1	-1	-1
1359	1363	1499	5	-1	-1	-1
1500	1361	1360	5	-1	-1	-1
1500	1360	1362	5	-1	-1	-1
1454	1452	1319	4	-1	-1	-1
1453	1454	1319	4	-1	-1	-1
1361	1503	1363	5	-1	-1	-1
1453	1320	1456	4	-1	-1	-1
1455	1456	1320	4	-1	-1	-1
1455	1321	1457	5	-1	-1	-1
1364	1505	1366	5	-1	-1	-1
1506	1364	1365	5	-1	-1	-1
1466	1329	1441	5	-1	-1	-1
1372	1504	1362	5	-1	-1	-1
1458	1322	1459	5	-1	-1	-1
1411	1416	1413	5	-1	-1	-1
1323	1458	1460	5	-1	-1	-1
1510	1368	1366	5	-1	-1	-1
1369	1367	1512	5	-1	-1	-1
1367	1368	1513	5	-1	-1	-1
1327	1463	1459	5	-1	-1	-1
1461	1326	1462	5	-1	-1	-1
1461	1463	1327	5	-1	-1	-1
1462	1328	1465	5	-1	-1	-1
1516	1370	1369	5	-1	-1	-1
1464	1465	1328	5	-1	-1	-1
1371	1370	1517	5	-1	-1	-1
1464	1329	1467	5	-1	-1	-1
1431	1413	1416	5	-1	-1	-1
1467	1329	1466	5	-1	-1	-1
1365	1390	1509	5	-1	-1	-1
1374	1519	1372	5	-1	-1	-1
1373	1520	1374	5	-1	-1	-1
1332	1469	1468	5	-1	-1	-1
1518	1381	1371	5	-1	-1	-1
1333	1470	1469	5	-1	-1	-1
1379	1520	1373	5	-1	-1	-1
1470	1333	1471	5	-1	-1	-1
1375	1377	1522	5	-1	-1	-1
1377	1376	1523	5	-1	-1	-1
1375	1522	1380	5	-1	-1	-1
1471	1334	1472	5	-1	-1	-1
1523	1376	1382	5	-1	-1	-1
1378	1380	1525	4	-1	-1	-1
1378	1526	1379	4	-1	-1	-1
1474	1338	1473	5	-1	-1	-1
1475	1472	1339	5	-1	-1	-1
1474	1476	1340	5	-1	-1	-1
1476	1475	1340	5	-1	-1	-1
1530	1382	1381	5	-1	-1	-1
1342	1478	1477	5	-1	-1	-1
1473	1344	1480	5	-1	-1	-1
1342	1479	1478	5	-1	-1	-1
1384	1532	1383	5	-1	-1	-1
1481	1344	1477	5	-1	-1	-1
1385	1534	1384	5	-1	-1	-1
1532	1389	1383	5	-1	-1	-1
1344	1481	1480	5	-1	-1	-1
1386	1535	1385	5	-1	-1	-1
1460	1493	1354	5	-1	-1	-1
1457	1357	1496	5	-1	-1	-1
1387	1537	1386	5	-1	-1	-1
1479	1348	1485	5	-1	-1	-1
1347	1482	1484	5	-1	-1	-1
1483	1347	1484	5	-1	-1	-1
1485	1348	1483	5	-1	-1	-1
1540	1388	1389	5	-1	-1	-1
1540	1390	1388	5	-1	-1	-1
1350	1487	1486	5	-1	-1	-1
1489	1487	1351	5	-1	-1	-1
1482	1353	1492	5	-1	-1	-1
1488	1489	1351	5	-1	-1	-1
1486	1491	1352	5	-1	-1	-1
1392	1393	1545	5	-1	-1	-1
1406	1539	1387	5	-1	-1	-1
1352	1491	1490	5	-1	-1	-1
1396	1545	1393	5	-1	-1	-1
1490	1492	1353	5	-1	-1	-1
1395	1546	1394	5	-1	-1	-1
1355	1494	1488	5	-1	-1	-1
1394	1546	1397	5	-1	-1	-1
1355	1493	1495	5	-1	-1	-1
1355	1495	1494	5	-1	-1	-1
1397	1551	1396	5	-1	-1	-1
1443	1466	1441	5	-1	-1	-1
1497	1496	1358	5	-1	-1	-1
1554	1399	1398	5	-1	-1	-1
1359	1498	1497	5	-1	-1	-1
1402	1399	1554	5	-1	-1	-1
1499	1498	1359	5	-1	-1	-1
1554	1398	1404	5	-1	-1	-1
1400	1556	1401	5	-1	-1	-1
1400	1402	1555	5	-1	-1	-1
1361	1500	1501	5	-1	-1	-1
1401	1557	1405	5	-1	-1	-1
1502	1361	1501	5	-1	-1	-1
1363	1503	1499	5	-1	-1	-1
1500	1362	1504	5	-1	-1	-1
1361	1502	1503	5	-1	-1	-1
1560	1404	1403	5	-1	-1	-1
1557	1407	1405	5	-1	-1	-1
1507	1505	1364	5	-1	-1	-1
1563	1406	1407	5	-1	-1	-1
1507	1364	1506	5	-1	-1	-1
1403	1415	1560	5	-1	-1	-1
1508	1506	1365	5	-1	-1	-1
1365	1509	1508	5	-1	-1	-1
1511	1366	1505	5	-1	-1	-1
1410	1408	1566	5	-1	-1	-1
1567	1409	1410	5	-1	-1	-1
1510	1366	1511	5	-1	-1	-1
1408	1414	1566	5	-1	-1	-1
1567	1415	1409	5	-1	-1	-1
1368	1510	1514	5	-1	-1	-1
1513	1512	1367	5	-1	-1	-1
1412	1413	1570	5	-1	-1	-1
1514	1513	1368	5	-1	-1	-1
1372	1519	1504	5	-1	-1	-1
1569	1414	1412	5	-1	-1	-1
1515	1369	1512	5	-1	-1	-1
1369	1515	1516	5	-1	-1	-1
1516	1517	1370	5	-1	-1	-1
1517	1518	1371	5	-1	-1	-1
1395	1468	1547	5	-1	-1	-1
1576	1417	1418	5	-1	-1	-1
1577	1418	1419	5	-1	-1	-1
1374	1521	1519	5	-1	-1	-1
1417	1576	1421	5	-1	-1	-1
1413	1431	1571	5	-1	-1	-1
1374	1520	1521	5	-1	-1	-1
1579	1419	1420	5	-1	-1	-1
1377	1524	1522	5	-1	-1	-1
1377	1523	1524	5	-1	-1	-1
1520	1379	1527	4	-1	-1	-1
1579	1420	1427	5	-1	-1	-1
1422	1423	1582	5	-1	-1	-1
1381	1518	1530	5	-1	-1	-1
1525	1526	1378	4	-1	-1	-1
1424	1422	1583	5	-1	-1	-1
1528	1380	1522	4	-1	-1	-1
1581	1430	1421	5	-1	-1	-1
1527	1379	1526	4	-1	-1	-1
1529	1525	1380	4	-1	-1	-1
1425	1424	1585	5	-1	-1	-1
1523	1382	1531	5	-1	-1	-1
1586	1426	1425	5	-1	-1	-1
1380	1528	1529	4	-1	-1	-1
1587	1427	1426	5	-1	-1	-1
1390	1543	1509	5	-1	-1	-1
1530	1531	1382	5	-1	-1	-1
1584	1423	1439	5	-1	-1	-1
1428	1429	1589	5	-1	-1	-1
1384	1533	1532	5	-1	-1	-1
1590	1429	1430	5	-1	-1	-1
1432	1428	1589	5	-1	-1	-1
1534	1533	1384	5	-1	-1	-1
1432	1591	1431	5	-1	-1	-1
1536	1534	1385	5	-1	-1	-1
1535	1536	1385	5	-1	-1	-1
1538	1535	1386	5	-1	-1	-1
1538	1386	1537	5	-1	-1	-1
1537	1387	1539	5	-1	-1	-1
1542	1389	1532	5	-1	-1	-1
1593	1437	1436	5	-1	-1	-1
1438	1437	1593	5	-1	-1	-1
1541	1540	1389	5	-1	-1	-1
1594	1439	1438	5	-1	-1	-1
1389	1542	1541	5	-1	-1	-1
1544	1390	1540	5	-1	-1	-1
1390	1544	1543	5	-1	-1	-1
1597	1442	1440	4	-1	-1	-1
1445	1597	1440	4	-1	-1	-1
1598	1443	1442	4	-1	-1	-1
1445	1444	1600	4	-1	-1	-1
1546	1395	1548	5	-1	-1	-1
1395	1547	1549	5	-1	-1	-1
1600	1444	1447	4	-1	-1	-1
1396	1550	1545	5	-1	-1	-1
1395	1549	1548	5	-1	-1	-1
1397	1546	1553	5	-1	-1	-1
1446	1603	1447	4	-1	-1	-1
1449	1602	1446	4	-1	-1	-1
1550	1396	1551	5	-1	-1	-1
1551	1397	1552	5	-1	-1	-1
1552	1397	1553	5	-1	-1	-1
1448	1605	1450	4	-1	-1	-1
1451	1605	1448	4	-1	-1	-1
1450	1607	1449	4	-1	-1	-1
1406	1562	1539	5	-1	-1	-1
1443	1599	1466	4	-1	-1	-1
1400	1555	1556	5	-1	-1	-1
1610	1451	1452	4	-1	-1	-1
1401	1556	1557	5	-1	-1	-1
1554	1558	1402	5	-1	-1	-1
1402	1559	1555	5	-1	-1	-1
1611	1452	1454	4	-1	-1	-1
1404	1561	1554	5	-1	-1	-1
1559	1402	1558	5	-1	-1	-1
1613	1454	1453	4	-1	-1	-1
1456	1612	1453	4	-1	-1	-1
1560	1561	1404	5	-1	-1	-1
1614	1456	1455	4	-1	-1	-1
1455	1457	1615	5	-1	-1	-1
1407	1557	1565	5	-1	-1	-1
1406	1563	1562	5	-1	-1	-1
1617	1458	1459	5	-1	-1	-1
1564	1563	1407	5	-1	-1	-1
1617	1460	1458	5	-1	-1	-1
1565	1564	1407	5	-1	-1	-1
1459	1463	1619	5	-1	-1	-1
1621	1461	1462	5	-1	-1	-1
1410	1566	1568	5	-1	-1	-1
1568	1567	1410	5	-1	-1	-1
1621	1463	1461	5	-1	-1	-1
1622	1462	1465	5	-1	-1	-1
1415	1575	1560	5	-1	-1	-1
1569	1412	1570	5	-1	-1	-1
1624	1465	1464	5	-1	-1	-1
1566	1414	1573	5	-1	-1	-1
1413	1572	1570	5	-1	-1	-1
1415	1567	1574	5	-1	-1	-1
1625	1464	1467	5	-1	-1	-1
1573	1414	1569	5	-1	-1	-1
1413	1571	1572	5	-1	-1	-1
1627	1467	1466	4	-1	-1	-1
1575	1415	1574	5	-1	-1	-1
1469	1629	1468	5	-1	-1	-1
1457	1496	1615	5	-1	-1	-1
1469	1470	1629	5	-1	-1	-1
1577	1576	1418	5	-1	-1	-1
1471	1631	1470	5	-1	-1	-1
1493	1460	1620	5	-1	-1	-1
1577	1419	1578	5	-1	-1	-1
1579	1578	1419	5	-1	-1	-1
1472	1633	1471	5	-1	-1	-1
1580	1421	1576	5	-1	-1	-1
1475	1633	1472	5	-1	-1	-1
1580	1581	1421	5	-1	-1	-1
1474	1473	1635	5	-1	-1	-1
1582	1583	1422	5	-1	-1	-1
1473	1480	1634	5	-1	-1	-1
1474	1637	1476	5	-1	-1	-1
1584	1582	1423	5	-1	-1	-1
1475	1476	1639	5	-1	-1	-1
1585	1424	1583	5	-1	-1	-1
1571	1431	1591	5	-1	-1	-1
1427	1588	1579	5	-1	-1	-1
1477	1478	1640	5	-1	-1	-1
1586	1425	1585	5	-1	-1	-1
1481	1477	1640	5	-1	-1	-1
1478	1479	1642	5	-1	-1	-1
1586	1587	1426	5	-1	-1	-1
1430	1581	1590	5	-1	-1	-1
1587	1588	1427	5	-1	-1	-1
1481	1644	1480	5	-1	-1	-1
1643	1479	1485	5	-1	-1	-1
1589	1429	1590	5	-1	-1	-1
1592	1432	1589	5	-1	-1	-1
1482	1648	1484	5	-1	-1	-1
1592	1591	1432	5	-1	-1	-1
1484	1649	1483	5	-1	-1	-1
1483	1650	1485	5	-1	-1	-1
1584	1439	1596	5	-1	-1	-1
1492	1648	1482	5	-1	-1	-1
1438	1593	1594	5	-1	-1	-1
1595	1439	1594	5	-1	-1	-1
1655	1486	1487	5	-1	-1	-1
1439	1595	1596	5	-1	-1	-1
1486	1654	1491	5	-1	-1	-1
1657	1487	1489	5	-1	-1	-1
1442	1597	1598	4	-1	-1	-1
1488	1661	1489	5	-1	-1	-1
1599	1443	1598	4	-1	-1	-1
1488	1494	1660	5	-1	-1	-1
1445	1601	1597	4	-1	-1	-1
1491	1663	1490	5	-1	-1	-1
1629	1547	1468	5	-1	-1	-1
1492	1490	1663	5	-1	-1	-1
1445	1600	1601	4	-1	-1	-1
1553	1546	1548	5	-1	-1	-1
1447	1604	1600	4	-1	-1	-1
1602	1603	1446	4	-1	-1	-1
1495	1493	1666	5	-1	-1	-1
1603	1604	1447	4	-1	-1	-1
1495	1667	1494	5	-1	-1	-1
1606	1602	1449	4	-1	-1	-1
1607	1606	1449	4	-1	-1	-1
1496	1497	1669	5	-1	-1	-1
1608	1450	1605	4	-1	-1	-1
1670	1497	1498	5	-1	-1	-1
1609	1607	1450	4	-1	-1	-1
1605	1451	1610	4	-1	-1	-1
1450	1608	1609	4	-1	-1	-1
1499	1672	1498	5	-1	-1	-1
1558	1554	1561	5	-1	-1	-1
1452	1611	1610	4	-1	-1	-1
1501	1500	1674	5	-1	-1	-1
1503	1673	1499	5	-1	-1	-1
1501	1675	1502	5	-1	-1	-1
1500	1504	1674	5	-1	-1	-1
1612	1613	1453	4	-1	-1	-1
1613	1611	1454	4	-1	-1	-1
1502	1677	1503	5	-1	-1	-1
1614	1455	1615	4	-1	-1	-1
1616	1612	1456	4	-1	-1	-1
1614	1616	1456	4	-1	-1	-1
1679	1505	1507	5	-1	-1	-1
1627	1466	1599	4	-1	-1	-1
1680	1506	1508	5	-1	-1	-1
1459	1618	1617	5	-1	-1	-1
1506	1681	1507	5	-1	-1	-1
1505	1679	1511	5	-1	-1	-1
1619	1618	1459	5	-1	-1	-1
1560	1575	1561	5	-1	-1	-1
1620	1460	1617	5	-1	-1	-1
1678	1504	1519	5	-1	-1	-1
1509	1684	1508	5	-1	-1	-1
1622	1621	1462	5	-1	-1	-1
1463	1623	1619	5	-1	-1	-1
1623	1463	1621	5	-1	-1	-1
1687	1510	1511	5	-1	-1	-1
1514	1510	1688	5	-1	-1	-1
1465	1626	1622	5	-1	-1	-1
1625	1624	1464	5	-1	-1	-1
1465	1624	1626	5	-1	-1	-1
1512	1513	1691	5	-1	-1	-1
1512	1690	1515	5	-1	-1	-1
1514	1693	1513	5	-1	-1	-1
1628	1625	1467	4	-1	-1	-1
1627	1628	1467	4	-1	-1	-1
1696	1516	1515	5	-1	-1	-1
1470	1630	1629	5	-1	-1	-1
1697	1517	1516	5	-1	-1	-1
1630	1470	1631	5	-1	-1	-1
1517	1698	1518	5	-1	-1	-1
1591	1572	1571	5	-1	-1	-1
1631	1471	1632	5	-1	-1	-1
1632	1471	1633	5	-1	-1	-1
1543	1686	1509	5	-1	-1	-1
1521	1701	1519	5	-1	-1	-1
1634	1635	1473	5	-1	-1	-1
1520	1702	1521	4	-1	-1	-1
1635	1636	1474	5	-1	-1	-1
1475	1638	1633	5	-1	-1	-1
1636	1637	1474	5	-1	-1	-1
1530	1518	1699	5	-1	-1	-1
1520	1527	1702	4	-1	-1	-1
1524	1703	1522	4	-1	-1	-1
1704	1524	1523	5	-1	-1	-1
1475	1639	1638	5	-1	-1	-1
1476	1637	1639	5	-1	-1	-1
1528	1522	1703	4	-1	-1	-1
1531	1704	1523	5	-1	-1	-1
1708	1526	1525	4	-1	-1	-1
1478	1641	1640	5	-1	-1	-1
1634	1480	1645	5	-1	-1	-1
1642	1641	1478	5	-1	-1	-1
1708	1525	1529	4	-1	-1	-1
1527	1526	1709	4	-1	-1	-1
1479	1643	1642	5	-1	-1	-1
1640	1647	1481	5	-1	-1	-1
1528	1711	1529	4	-1	-1	-1
1644	1645	1480	5	-1	-1	-1
1481	1646	1644	5	-1	-1	-1
1531	1530	1713	5	-1	-1	-1
1647	1646	1481	5	-1	-1	-1
1620	1666	1493	5	-1	-1	-1
1669	1615	1496	5	-1	-1	-1
1485	1653	1643	5	-1	-1	-1
1532	1533	1716	5	-1	-1	-1
1650	1483	1649	5	-1	-1	-1
1484	1648	1651	5	-1	-1	-1
1484	1651	1649	5	-1	-1	-1
1534	1718	1533	5	-1	-1	-1
1650	1652	1485	5	-1	-1	-1
1719	1534	1536	5	-1	-1	-1
1716	1542	1532	5	-1	-1	-1
1485	1652	1653	5	-1	-1	-1
1535	1720	1536	5	-1	-1	-1
1535	1538	1721	5	-1	-1	-1
1656	1654	1486	5	-1	-1	-1
1486	1655	1656	5	-1	-1	-1
1724	1538	1537	5	-1	-1	-1
1659	1655	1487	5	-1	-1	-1
1725	1537	1539	5	-1	-1	-1
1658	1487	1657	5	-1	-1	-1
1487	1658	1659	5	-1	-1	-1
1665	1648	1492	5	-1	-1	-1
1662	1657	1489	5	-1	-1	-1
1660	1661	1488	5	-1	-1	-1
1491	1654	1664	5	-1	-1	-1
1730	1540	1541	5	-1	-1	-1
1662	1489	1661	5	-1	-1	-1
1728	1544	1540	5	-1	-1	-1
1542	1731	1541	5	-1	-1	-1
1663	1491	1664	5	-1	-1	-1
1665	1492	1663	5	-1	-1	-1
1544	1733	1543	5	-1	-1	-1
1494	1667	1660	5	-1	-1	-1
1725	1539	1562	5	-1	-1	-1
1666	1668	1495	5	-1	-1	-1
1667	1495	1668	5	-1	-1	-1
1547	1735	1549	5	-1	-1	-1
1736	1548	1549	5	-1	-1	-1
1669	1497	1671	5	-1	-1	-1
1737	1553	1548	5	-1	-1	-1
1497	1670	1671	5	-1	-1	-1
1498	1672	1670	5	-1	-1	-1
1740	1550	1551	5	-1	-1	-1
1552	1740	1551	5	-1	-1	-1
1673	1672	1499	5	-1	-1	-1
1741	1552	1553	5	-1	-1	-1
1675	1501	1674	5	-1	-1	-1
1616	1527	1709	4	-1	-1	-1
1527	1616	1710	4	-1	-1	-1
1675	1676	1502	5	-1	-1	-1
1673	1503	1677	5	-1	-1	-1
1743	1556	1555	5	-1	-1	-1
1677	1502	1676	5	-1	-1	-1
1504	1678	1674	5	-1	-1	-1
1557	1556	1744	5	-1	-1	-1
1743	1555	1559	5	-1	-1	-1
1559	1558	1746	5	-1	-1	-1
1561	1746	1558	5	-1	-1	-1
1557	1744	1565	5	-1	-1	-1
1506	1680	1681	5	-1	-1	-1
1683	1679	1507	5	-1	-1	-1
1681	1682	1507	5	-1	-1	-1
1508	1685	1680	5	-1	-1	-1
1683	1507	1682	5	-1	-1	-1
1562	1563	1750	5	-1	-1	-1
1684	1685	1508	5	-1	-1	-1
1686	1684	1509	5	-1	-1	-1
1511	1679	1689	5	-1	-1	-1
1563	1564	1752	5	-1	-1	-1
1564	1565	1754	5	-1	-1	-1
1575	1748	1561	5	-1	-1	-1
1687	1688	1510	5	-1	-1	-1
1511	1689	1687	5	-1	-1	-1
1756	1568	1566	5	-1	-1	-1
1757	1567	1568	5	-1	-1	-1
1512	1691	1690	5	-1	-1	-1
1566	1573	1756	5	-1	-1	-1
1692	1691	1513	5	-1	-1	-1
1694	1514	1688	5	-1	-1	-1
1701	1678	1519	5	-1	-1	-1
1757	1574	1567	5	-1	-1	-1
1692	1513	1693	5	-1	-1	-1
1570	1760	1569	5	-1	-1	-1
1690	1695	1515	5	-1	-1	-1
1514	1694	1693	5	-1	-1	-1
1569	1759	1573	5	-1	-1	-1
1570	1572	1761	5	-1	-1	-1
1515	1695	1696	5	-1	-1	-1
1696	1697	1516	5	-1	-1	-1
1629	1734	1547	5	-1	-1	-1
1698	1517	1697	5	-1	-1	-1
1574	1766	1575	5	-1	-1	-1
1700	1518	1698	5	-1	-1	-1
1699	1518	1700	5	-1	-1	-1
1577	1767	1576	5	-1	-1	-1
1768	1577	1578	5	-1	-1	-1
1767	1580	1576	5	-1	-1	-1
1702	1701	1521	4	-1	-1	-1
1591	1762	1572	5	-1	-1	-1
1769	1578	1579	5	-1	-1	-1
1647	1640	1641	5	-1	-1	-1
1581	1580	1771	5	-1	-1	-1
1703	1524	1705	4	-1	-1	-1
1709	1613	1612	4	-1	-1	-1
1707	1524	1704	5	-1	-1	-1
1706	1705	1524	4	-1	-1	-1
1613	1712	1611	4	-1	-1	-1
1706	1524	1707	4	-1	-1	-1
1588	1770	1579	5	-1	-1	-1
1616	1709	1612	4	-1	-1	-1
1702	1527	1710	4	-1	-1	-1
1614	1710	1616	4	-1	-1	-1
1584	1774	1582	5	-1	-1	-1
1582	1775	1583	5	-1	-1	-1
1703	1711	1528	4	-1	-1	-1
1590	1581	1772	5	-1	-1	-1
1526	1708	1709	4	-1	-1	-1
1714	1530	1699	5	-1	-1	-1
1776	1585	1583	5	-1	-1	-1
1591	1592	1762	5	-1	-1	-1
1529	1712	1708	4	-1	-1	-1
1585	1778	1586	5	-1	-1	-1
1715	1704	1531	5	-1	-1	-1
1712	1529	1711	4	-1	-1	-1
1587	1586	1780	5	-1	-1	-1
1588	1587	1781	5	-1	-1	-1
1714	1713	1530	5	-1	-1	-1
1777	1584	1596	5	-1	-1	-1
1531	1713	1715	5	-1	-1	-1
1589	1590	1783	5	-1	-1	-1
1733	1686	1543	5	-1	-1	-1
1592	1589	1782	5	-1	-1	-1
1716	1533	1717	5	-1	-1	-1
1533	1718	1717	5	-1	-1	-1
1719	1718	1534	5	-1	-1	-1
1720	1535	1721	5	-1	-1	-1
1786	1596	1595	5	-1	-1	-1
1722	1719	1536	5	-1	-1	-1
1723	1536	1720	5	-1	-1	-1
1536	1723	1722	5	-1	-1	-1
1598	1597	1787	4	-1	-1	-1
1787	1599	1598	4	-1	-1	-1
1538	1726	1721	5	-1	-1	-1
1787	1597	1601	4	-1	-1	-1
1724	1537	1725	5	-1	-1	-1
1538	1724	1727	5	-1	-1	-1
1600	1789	1601	4	-1	-1	-1
1732	1542	1716	5	-1	-1	-1
1726	1538	1727	5	-1	-1	-1
1600	1604	1790	4	-1	-1	-1
1540	1729	1728	5	-1	-1	-1
1793	1603	1602	4	-1	-1	-1
1729	1540	1730	5	-1	-1	-1
1730	1541	1731	5	-1	-1	-1
1606	1794	1602	4	-1	-1	-1
1603	1795	1604	4	-1	-1	-1
1733	1544	1728	5	-1	-1	-1
1542	1732	1731	5	-1	-1	-1
1608	1605	1797	4	-1	-1	-1
1606	1607	1799	5	-1	-1	-1
1610	1797	1605	4	-1	-1	-1
1599	1788	1627	4	-1	-1	-1
1607	1609	1800	5	-1	-1	-1
1735	1547	1734	5	-1	-1	-1
1802	1609	1608	4	-1	-1	-1
1548	1736	1737	5	-1	-1	-1
1735	1738	1549	5	-1	-1	-1
1739	1736	1549	5	-1	-1	-1
1610	1611	1804	4	-1	-1	-1
1549	1738	1739	5	-1	-1	-1
1674	1678	1675	5	-1	-1	-1
1613	1709	1708	4	-1	-1	-1
1553	1737	1742	5	-1	-1	-1
1552	1741	1740	5	-1	-1	-1
1712	1613	1708	4	-1	-1	-1
1553	1742	1741	5	-1	-1	-1
1749	1725	1562	5	-1	-1	-1
1614	1615	1807	4	-1	-1	-1
1618	1808	1617	5	-1	-1	-1
1556	1743	1745	5	-1	-1	-1
1808	1620	1617	5	-1	-1	-1
1745	1744	1556	5	-1	-1	-1
1810	1618	1619	5	-1	-1	-1
1559	1747	1743	5	-1	-1	-1
1747	1559	1746	5	-1	-1	-1
1619	1623	1811	5	-1	-1	-1
1748	1746	1561	5	-1	-1	-1
1813	1623	1621	5	-1	-1	-1
1621	1622	1814	5	-1	-1	-1
1749	1562	1750	5	-1	-1	-1
1815	1622	1626	5	-1	-1	-1
1565	1744	1755	5	-1	-1	-1
1751	1750	1563	5	-1	-1	-1
1624	1625	1817	5	-1	-1	-1
1752	1751	1563	5	-1	-1	-1
1817	1626	1624	5	-1	-1	-1
1752	1564	1753	5	-1	-1	-1
1818	1625	1628	4	-1	-1	-1
1753	1564	1754	5	-1	-1	-1
1755	1754	1565	5	-1	-1	-1
1627	1820	1628	4	-1	-1	-1
1630	1822	1629	5	-1	-1	-1
1756	1758	1568	5	-1	-1	-1
1758	1757	1568	5	-1	-1	-1
1631	1823	1630	5	-1	-1	-1
1631	1632	1825	5	-1	-1	-1
1759	1569	1760	5	-1	-1	-1
1766	1748	1575	5	-1	-1	-1
1760	1570	1761	5	-1	-1	-1
1615	1669	1807	4	-1	-1	-1
1633	1827	1632	5	-1	-1	-1
1764	1756	1573	5	-1	-1	-1
1761	1572	1763	5	-1	-1	-1
1764	1573	1759	5	-1	-1	-1
1763	1572	1762	5	-1	-1	-1
1757	1765	1574	5	-1	-1	-1
1634	1828	1635	5	-1	-1	-1
1620	1812	1666	5	-1	-1	-1
1638	1827	1633	5	-1	-1	-1
1829	1636	1635	5	-1	-1	-1
1636	1831	1637	5	-1	-1	-1
1766	1574	1765	5	-1	-1	-1
1634	1645	1828	5	-1	-1	-1
1832	1639	1637	5	-1	-1	-1
1639	1833	1638	5	-1	-1	-1
1768	1767	1577	5	-1	-1	-1
1768	1578	1769	5	-1	-1	-1
1642	1834	1641	5	-1	-1	-1
1771	1580	1767	5	-1	-1	-1
1579	1770	1769	5	-1	-1	-1
1835	1642	1643	5	-1	-1	-1
1641	1834	1647	5	-1	-1	-1
1771	1773	1581	5	-1	-1	-1
1645	1644	1836	5	-1	-1	-1
1773	1772	1581	5	-1	-1	-1
1707	1704	1715	5	-1	-1	-1
1644	1646	1836	5	-1	-1	-1
1804	1611	1712	4	-1	-1	-1
1774	1775	1582	5	-1	-1	-1
1646	1647	1838	5	-1	-1	-1
1614	1807	1710	4	-1	-1	-1
1653	1835	1643	5	-1	-1	-1
1583	1775	1776	5	-1	-1	-1
1774	1584	1777	5	-1	-1	-1
1785	1762	1592	5	-1	-1	-1
1776	1778	1585	5	-1	-1	-1
1770	1588	1781	5	-1	-1	-1
1841	1651	1648	5	-1	-1	-1
1650	1649	1843	5	-1	-1	-1
1778	1779	1586	5	-1	-1	-1
1649	1651	1844	5	-1	-1	-1
1586	1779	1780	5	-1	-1	-1
1590	1772	1783	5	-1	-1	-1
1845	1652	1650	5	-1	-1	-1
1780	1781	1587	5	-1	-1	-1
1847	1653	1652	5	-1	-1	-1
1782	1589	1783	5	-1	-1	-1
1648	1665	1842	5	-1	-1	-1
1784	1592	1782	5	-1	-1	-1
1596	1786	1777	5	-1	-1	-1
1656	1850	1654	5	-1	-1	-1
1785	1592	1784	5	-1	-1	-1
1852	1656	1655	5	-1	-1	-1
1659	1851	1655	5	-1	-1	-1
1654	1850	1664	5	-1	-1	-1
1658	1657	1855	5	-1	-1	-1
1856	1659	1658	5	-1	-1	-1
1662	1855	1657	5	-1	-1	-1
1787	1788	1599	4	-1	-1	-1
1789	1600	1790	4	-1	-1	-1
1601	1792	1787	4	-1	-1	-1
1789	1791	1601	4	-1	-1	-1
1861	1661	1660	4	-1	-1	-1
1791	1792	1601	4	-1	-1	-1
1661	1862	1662	4	-1	-1	-1
1629	1822	1734	5	-1	-1	-1
1667	1860	1660	4	-1	-1	-1
1793	1602	1794	4	-1	-1	-1
1796	1790	1604	4	-1	-1	-1
1603	1793	1795	4	-1	-1	-1
1663	1664	1865	5	-1	-1	-1
1663	1864	1665	5	-1	-1	-1
1796	1604	1795	4	-1	-1	-1
1794	1606	1798	5	-1	-1	-1
1666	1868	1668	5	-1	-1	-1
1606	1799	1798	5	-1	-1	-1
1869	1667	1668	4	-1	-1	-1
1801	1608	1797	4	-1	-1	-1
1800	1799	1607	5	-1	-1	-1
1802	1608	1801	4	-1	-1	-1
1871	1669	1671	4	-1	-1	-1
1797	1610	1805	4	-1	-1	-1
1609	1803	1800	5	-1	-1	-1
1872	1671	1670	5	-1	-1	-1
1670	1672	1872	5	-1	-1	-1
1802	1803	1609	5	-1	-1	-1
1672	1673	1874	5	-1	-1	-1
1610	1804	1806	4	-1	-1	-1
1610	1806	1805	4	-1	-1	-1
1677	1874	1673	5	-1	-1	-1
1875	1676	1675	5	-1	-1	-1
1675	1678	1876	5	-1	-1	-1
1677	1676	1877	5	-1	-1	-1
1820	1627	1788	4	-1	-1	-1
1809	1808	1618	5	-1	-1	-1
1618	1810	1809	5	-1	-1	-1
1811	1810	1619	5	-1	-1	-1
1808	1812	1620	5	-1	-1	-1
1880	1681	1680	5	-1	-1	-1
1683	1879	1679	5	-1	-1	-1
1755	1744	1745	5	-1	-1	-1
1685	1880	1680	5	-1	-1	-1
1878	1689	1679	5	-1	-1	-1
1882	1682	1681	5	-1	-1	-1
1814	1813	1621	5	-1	-1	-1
1682	1884	1683	5	-1	-1	-1
1816	1811	1623	5	-1	-1	-1
1814	1622	1815	5	-1	-1	-1
1816	1623	1813	5	-1	-1	-1
1685	1684	1886	5	-1	-1	-1
1678	1701	1876	5	-1	-1	-1
1686	1887	1684	5	-1	-1	-1
1626	1819	1815	5	-1	-1	-1
1625	1818	1817	4	-1	-1	-1
1819	1626	1817	5	-1	-1	-1
1688	1687	1892	5	-1	-1	-1
1818	1628	1821	4	-1	-1	-1
1689	1892	1687	5	-1	-1	-1
1820	1821	1628	4	-1	-1	-1
1630	1824	1822	5	-1	-1	-1
1894	1694	1688	5	-1	-1	-1
1896	1690	1691	5	-1	-1	-1
1823	1824	1630	5	-1	-1	-1
1756	1764	1758	5	-1	-1	-1
1631	1825	1823	5	-1	-1	-1
1692	1899	1691	5	-1	-1	-1
1897	1695	1690	5	-1	-1	-1
1826	1825	1632	5	-1	-1	-1
1763	1760	1761	5	-1	-1	-1
1900	1692	1693	5	-1	-1	-1
1826	1632	1827	5	-1	-1	-1
1694	1903	1693	5	-1	-1	-1
1735	1734	1822	5	-1	-1	-1
1829	1635	1828	5	-1	-1	-1
1830	1636	1829	5	-1	-1	-1
1695	1904	1696	5	-1	-1	-1
1636	1830	1831	5	-1	-1	-1
1827	1638	1833	5	-1	-1	-1
1906	1697	1696	5	-1	-1	-1
1832	1637	1831	5	-1	-1	-1
1697	1906	1698	5	-1	-1	-1
1639	1832	1833	5	-1	-1	-1
1700	1698	1907	5	-1	-1	-1
1700	1908	1699	5	-1	-1	-1
1686	1733	1891	5	-1	-1	-1
1645	1837	1828	5	-1	-1	-1
1835	1834	1642	5	-1	-1	-1
1702	1912	1701	4	-1	-1	-1
1837	1645	1836	5	-1	-1	-1
1647	1834	1839	5	-1	-1	-1
1838	1836	1646	5	-1	-1	-1
1699	1909	1714	5	-1	-1	-1
1705	1914	1703	4	-1	-1	-1
1838	1647	1840	5	-1	-1	-1
1913	1702	1710	4	-1	-1	-1
1915	1705	1706	4	-1	-1	-1
1647	1839	1840	5	-1	-1	-1
1914	1711	1703	4	-1	-1	-1
1706	1707	1916	4	-1	-1	-1
1842	1841	1648	5	-1	-1	-1
1844	1843	1649	5	-1	-1	-1
1848	1835	1653	5	-1	-1	-1
1843	1845	1650	5	-1	-1	-1
1651	1841	1846	5	-1	-1	-1
1707	1715	1918	5	-1	-1	-1
1651	1846	1844	5	-1	-1	-1
1712	1711	1919	4	-1	-1	-1
1845	1847	1652	5	-1	-1	-1
1666	1812	1868	5	-1	-1	-1
1920	1713	1714	5	-1	-1	-1
1669	1871	1807	4	-1	-1	-1
1920	1715	1713	5	-1	-1	-1
1847	1849	1653	5	-1	-1	-1
1849	1848	1653	5	-1	-1	-1
1921	1716	1717	5	-1	-1	-1
1922	1717	1718	5	-1	-1	-1
1852	1655	1851	5	-1	-1	-1
1656	1854	1850	5	-1	-1	-1
1924	1718	1719	5	-1	-1	-1
1853	1656	1852	5	-1	-1	-1
1853	1854	1656	5	-1	-1	-1
1719	1722	1926	5	-1	-1	-1
1788	1787	1792	4	-1	-1	-1
1858	1851	1659	5	-1	-1	-1
1721	1927	1720	5	-1	-1	-1
1921	1732	1716	5	-1	-1	-1
1927	1723	1720	5	-1	-1	-1
1658	1855	1857	5	-1	-1	-1
1857	1856	1658	5	-1	-1	-1
1867	1842	1665	5	-1	-1	-1
1929	1722	1723	5	-1	-1	-1
1859	1659	1856	5	-1	-1	-1
1726	1928	1721	5	-1	-1	-1
1859	1858	1659	5	-1	-1	-1
1865	1664	1850	5	-1	-1	-1
1855	1662	1863	4	-1	-1	-1
1660	1860	1861	4	-1	-1	-1
1725	1932	1724	5	-1	-1	-1
1727	1724	1931	5	-1	-1	-1
1862	1661	1861	4	-1	-1	-1
1933	1726	1727	5	-1	-1	-1
1863	1662	1862	4	-1	-1	-1
1864	1663	1866	5	-1	-1	-1
1663	1865	1866	5	-1	-1	-1
1937	1728	1729	5	-1	-1	-1
1864	1867	1665	5	-1	-1	-1
1667	1869	1860	4	-1	-1	-1
1728	1936	1733	5	-1	-1	-1
1939	1729	1730	3	-1	-1	-1
1731	1940	1730	3	-1	-1	-1
1731	1732	1941	3	-1	-1	-1
1725	1749	1932	5	-1	-1	-1
1868	1870	1668	4	-1	-1	-1
1668	1870	1869	4	-1	-1	-1
1671	1873	1871	4	-1	-1	-1
1943	1738	1735	5	-1	-1	-1
1671	1872	1873	4	-1	-1	-1
1874	1872	1672	5	-1	-1	-1
1737	1736	1946	5	-1	-1	-1
1739	1945	1736	5	-1	-1	-1
1738	1948	1739	5	-1	-1	-1
1742	1737	1947	5	-1	-1	-1
1876	1875	1675	5	-1	-1	-1
1875	1877	1676	5	-1	-1	-1
1877	1874	1677	5	-1	-1	-1
1812	1808	1809	5	-1	-1	-1
1807	1913	1710	4	-1	-1	-1
1712	1919	1804	4	-1	-1	-1
1679	1879	1878	5	-1	-1	-1
1743	1952	1745	5	-1	-1	-1
1791	1789	1860	4	-1	-1	-1
1789	1790	1861	4	-1	-1	-1
1747	1952	1743	5	-1	-1	-1
1681	1880	1881	5	-1	-1	-1
1882	1681	1881	5	-1	-1	-1
1882	1883	1682	5	-1	-1	-1
1746	1954	1747	5	-1	-1	-1
1885	1879	1683	5	-1	-1	-1
1862	1790	1796	4	-1	-1	-1
1883	1884	1682	5	-1	-1	-1
1788	1792	1870	4	-1	-1	-1
1746	1748	1956	5	-1	-1	-1
1792	1791	1869	4	-1	-1	-1
1884	1885	1683	5	-1	-1	-1
1953	1755	1745	5	-1	-1	-1
1685	1889	1880	5	-1	-1	-1
1886	1684	1887	5	-1	-1	-1
1959	1749	1750	5	-1	-1	-1
1886	1888	1685	5	-1	-1	-1
1751	1960	1750	5	-1	-1	-1
1889	1685	1888	5	-1	-1	-1
1895	1689	1878	5	-1	-1	-1
1686	1890	1887	5	-1	-1	-1
1751	1752	1962	5	-1	-1	-1
1891	1890	1686	5	-1	-1	-1
1752	1753	1963	5	-1	-1	-1
1748	1766	1956	5	-1	-1	-1
1753	1754	1965	5	-1	-1	-1
1892	1893	1688	5	-1	-1	-1
1893	1894	1688	5	-1	-1	-1
1689	1895	1892	5	-1	-1	-1
1754	1755	1967	5	-1	-1	-1
1896	1897	1690	5	-1	-1	-1
1757	1758	1969	5	-1	-1	-1
1898	1896	1691	5	-1	-1	-1
1899	1898	1691	5	-1	-1	-1
1701	1912	1876	4	-1	-1	-1
1972	1759	1760	5	-1	-1	-1
1903	1694	1894	5	-1	-1	-1
1692	1901	1899	5	-1	-1	-1
1757	1970	1765	5	-1	-1	-1
1901	1692	1900	5	-1	-1	-1
1971	1758	1764	5	-1	-1	-1
1902	1900	1693	5	-1	-1	-1
1759	1972	1764	5	-1	-1	-1
1897	1904	1695	5	-1	-1	-1
1973	1760	1763	5	-1	-1	-1
1693	1903	1902	5	-1	-1	-1
1763	1762	1974	5	-1	-1	-1
1944	1735	1822	5	-1	-1	-1
1905	1696	1904	5	-1	-1	-1
1906	1696	1905	5	-1	-1	-1
1766	1765	1978	5	-1	-1	-1
1861	1860	1789	4	-1	-1	-1
1906	1907	1698	5	-1	-1	-1
1862	1861	1790	4	-1	-1	-1
1768	1980	1767	5	-1	-1	-1
1699	1908	1909	5	-1	-1	-1
1910	1700	1907	5	-1	-1	-1
1980	1771	1767	5	-1	-1	-1
1982	1768	1769	5	-1	-1	-1
1700	1911	1908	5	-1	-1	-1
1869	1791	1860	4	-1	-1	-1
1910	1911	1700	5	-1	-1	-1
1785	1974	1762	5	-1	-1	-1
1796	1863	1862	4	-1	-1	-1
1770	1983	1769	5	-1	-1	-1
1913	1912	1702	4	-1	-1	-1
1806	1804	1919	4	-1	-1	-1
1771	1986	1773	5	-1	-1	-1
1869	1870	1792	4	-1	-1	-1
1773	1987	1772	5	-1	-1	-1
1914	1705	1915	4	-1	-1	-1
1770	1781	1985	5	-1	-1	-1
1915	1706	1917	4	-1	-1	-1
1916	1917	1706	4	-1	-1	-1
1774	1991	1775	5	-1	-1	-1
1777	1990	1774	5	-1	-1	-1
1707	1918	1916	4	-1	-1	-1
1714	1909	1920	5	-1	-1	-1
1772	1988	1783	5	-1	-1	-1
1993	1776	1775	5	-1	-1	-1
1995	1778	1776	5	-1	-1	-1
1711	1914	1919	4	-1	-1	-1
1990	1777	1786	5	-1	-1	-1
1779	1778	1996	5	-1	-1	-1
1779	1997	1780	5	-1	-1	-1
1920	1918	1715	5	-1	-1	-1
1780	1999	1781	5	-1	-1	-1
1733	1936	1891	5	-1	-1	-1
1717	1923	1921	5	-1	-1	-1
1923	1717	1922	5	-1	-1	-1
1783	2000	1782	5	-1	-1	-1
1718	1925	1922	5	-1	-1	-1
2000	1784	1782	5	-1	-1	-1
1718	1924	1925	5	-1	-1	-1
1719	1926	1924	5	-1	-1	-1
2002	1785	1784	5	-1	-1	-1
1721	1928	1927	5	-1	-1	-1
1722	1929	1926	5	-1	-1	-1
1927	1930	1723	5	-1	-1	-1
1723	1930	1929	5	-1	-1	-1
1932	1931	1724	5	-1	-1	-1
1928	1726	1934	5	-1	-1	-1
1913	1807	1871	4	-1	-1	-1
2006	1793	1794	4	-1	-1	-1
2005	1795	1793	4	-1	-1	-1
1933	1934	1726	5	-1	-1	-1
1935	1727	1931	5	-1	-1	-1
1942	1732	1921	3	-1	-1	-1
1935	1933	1727	5	-1	-1	-1
1795	2008	1796	4	-1	-1	-1
1798	2007	1794	5	-1	-1	-1
1937	1936	1728	5	-1	-1	-1
1938	1937	1729	3	-1	-1	-1
1939	1938	1729	3	-1	-1	-1
1797	2010	1801	4	-1	-1	-1
1939	1730	1940	3	-1	-1	-1
2012	1798	1799	5	-1	-1	-1
1797	1805	2010	4	-1	-1	-1
2004	1820	1788	4	-1	-1	-1
1799	1800	2013	5	-1	-1	-1
1941	1940	1731	3	-1	-1	-1
1732	1942	1941	3	-1	-1	-1
1803	2014	1800	5	-1	-1	-1
1801	2018	1802	4	-1	-1	-1
1877	1873	1872	4	-1	-1	-1
1944	1943	1735	5	-1	-1	-1
1872	1874	1877	4	-1	-1	-1
1803	1802	2019	5	-1	-1	-1
1873	1877	1875	4	-1	-1	-1
1945	1946	1736	5	-1	-1	-1
1946	1947	1737	5	-1	-1	-1
1949	1738	1943	5	-1	-1	-1
1805	1806	2021	4	-1	-1	-1
1945	1739	1950	5	-1	-1	-1
1948	1738	1949	5	-1	-1	-1
1948	1951	1739	5	-1	-1	-1
1749	1958	1932	5	-1	-1	-1
1951	1950	1739	5	-1	-1	-1
1809	1810	2025	5	-1	-1	-1
1809	2024	1812	5	-1	-1	-1
2026	1810	1811	5	-1	-1	-1
1952	1953	1745	5	-1	-1	-1
1880	1889	1881	5	-1	-1	-1
1816	2026	1811	5	-1	-1	-1
1746	1955	1954	5	-1	-1	-1
1813	1814	2028	5	-1	-1	-1
1952	1747	1957	5	-1	-1	-1
1816	1813	2028	5	-1	-1	-1
1956	1955	1746	5	-1	-1	-1
1814	1815	2029	5	-1	-1	-1
1957	1747	1954	5	-1	-1	-1
2004	1788	1870	4	-1	-1	-1
2029	1815	1819	5	-1	-1	-1
1959	1958	1749	5	-1	-1	-1
2031	1817	1818	4	-1	-1	-1
1817	2031	1819	4	-1	-1	-1
1796	2009	1863	4	-1	-1	-1
1750	1960	1959	5	-1	-1	-1
2032	1818	1821	4	-1	-1	-1
1961	1960	1751	5	-1	-1	-1
1751	1962	1961	5	-1	-1	-1
2034	1821	1820	4	-1	-1	-1
1953	1968	1755	5	-1	-1	-1
1962	1752	1963	5	-1	-1	-1
1963	1753	1964	5	-1	-1	-1
2035	1822	1824	5	-1	-1	-1
1965	1964	1753	5	-1	-1	-1
1823	2036	1824	5	-1	-1	-1
1823	1825	2036	5	-1	-1	-1
1965	1754	1966	5	-1	-1	-1
1966	1754	1967	5	-1	-1	-1
1755	1968	1967	5	-1	-1	-1
2039	1825	1826	5	-1	-1	-1
2040	1826	1827	5	-1	-1	-1
1969	1970	1757	5	-1	-1	-1
1758	1971	1969	5	-1	-1	-1
2042	1829	1828	5	-1	-1	-1
2040	1827	1833	5	-1	-1	-1
1766	1979	1956	5	-1	-1	-1
1829	2043	1830	5	-1	-1	-1
1868	1812	2024	5	-1	-1	-1
1973	1972	1760	5	-1	-1	-1
1831	1830	2044	5	-1	-1	-1
2041	1828	1837	5	-1	-1	-1
2045	1832	1831	5	-1	-1	-1
1833	1832	2046	5	-1	-1	-1
1975	1973	1763	5	-1	-1	-1
1764	1977	1971	5	-1	-1	-1
1765	1970	1978	5	-1	-1	-1
1763	1974	1976	5	-1	-1	-1
1972	1977	1764	5	-1	-1	-1
1975	1763	1976	5	-1	-1	-1
1834	1835	2050	5	-1	-1	-1
1834	2048	1839	5	-1	-1	-1
1766	1978	1979	5	-1	-1	-1
2051	1837	1836	5	-1	-1	-1
2051	1836	1838	5	-1	-1	-1
1981	1980	1768	5	-1	-1	-1
1981	1768	1982	5	-1	-1	-1
1838	1840	2055	5	-1	-1	-1
1835	1848	2050	5	-1	-1	-1
1982	1769	1984	5	-1	-1	-1
1840	1839	2056	5	-1	-1	-1
1769	1983	1984	5	-1	-1	-1
1986	1771	1980	5	-1	-1	-1
1985	1983	1770	5	-1	-1	-1
1842	2059	1841	5	-1	-1	-1
1868	2004	1870	4	-1	-1	-1
1846	1841	2059	5	-1	-1	-1
1806	1919	2022	4	-1	-1	-1
1988	1772	1987	5	-1	-1	-1
1844	2061	1843	5	-1	-1	-1
1773	1986	1989	5	-1	-1	-1
1989	1987	1773	5	-1	-1	-1
1843	2061	1845	5	-1	-1	-1
2063	1844	1846	5	-1	-1	-1
1774	1990	1991	5	-1	-1	-1
2065	1847	1845	5	-1	-1	-1
1775	1991	1992	5	-1	-1	-1
1775	1992	1993	5	-1	-1	-1
1785	2003	1974	5	-1	-1	-1
1776	1993	1994	5	-1	-1	-1
1847	2068	1849	5	-1	-1	-1
1776	1994	1995	5	-1	-1	-1
1985	1781	1999	5	-1	-1	-1
2070	1848	1849	5	-1	-1	-1
1778	1995	1996	5	-1	-1	-1
1842	1867	2060	5	-1	-1	-1
1783	1988	2001	5	-1	-1	-1
1998	1779	1996	5	-1	-1	-1
1998	1997	1779	5	-1	-1	-1
1780	1997	1999	5	-1	-1	-1
1850	1854	2073	5	-1	-1	-1
2074	1852	1851	5	-1	-1	-1
2075	1853	1852	5	-1	-1	-1
2076	1854	1853	5	-1	-1	-1
1851	1858	2074	5	-1	-1	-1
2000	1783	2001	5	-1	-1	-1
2000	2002	1784	5	-1	-1	-1
1850	2072	1865	5	-1	-1	-1
2002	2003	1785	5	-1	-1	-1
2080	1857	1855	4	-1	-1	-1
1857	2081	1856	5	-1	-1	-1
1856	2081	1859	5	-1	-1	-1
1855	1863	2080	4	-1	-1	-1
1822	2035	1944	5	-1	-1	-1
1859	2084	1858	5	-1	-1	-1
2006	2005	1793	4	-1	-1	-1
2007	2006	1794	5	-1	-1	-1
2008	1795	2005	4	-1	-1	-1
2008	2009	1796	4	-1	-1	-1
2007	1798	2011	5	-1	-1	-1
1864	1866	2087	5	-1	-1	-1
1867	1864	2086	5	-1	-1	-1
1866	1865	2088	5	-1	-1	-1
1798	2012	2011	5	-1	-1	-1
2013	2012	1799	5	-1	-1	-1
2017	1801	2010	4	-1	-1	-1
2014	2015	1800	5	-1	-1	-1
2013	1800	2016	5	-1	-1	-1
2015	2016	1800	5	-1	-1	-1
2021	2010	1805	4	-1	-1	-1
1801	2017	2018	4	-1	-1	-1
1871	1873	2092	4	-1	-1	-1
2014	1803	2020	5	-1	-1	-1
1802	2018	2019	5	-1	-1	-1
1873	1875	2092	4	-1	-1	-1
1803	2019	2020	5	-1	-1	-1
2092	1875	1876	4	-1	-1	-1
2021	1806	2023	4	-1	-1	-1
1914	1915	2022	4	-1	-1	-1
1879	2094	1878	5	-1	-1	-1
2023	1806	2022	4	-1	-1	-1
2022	1919	1914	4	-1	-1	-1
2023	1915	1917	4	-1	-1	-1
2025	2024	1809	5	-1	-1	-1
2034	1820	2004	4	-1	-1	-1
2095	1879	1885	5	-1	-1	-1
2097	1882	1881	5	-1	-1	-1
2025	1810	2027	5	-1	-1	-1
1810	2026	2027	5	-1	-1	-1
1882	2100	1883	5	-1	-1	-1
1895	1878	2093	5	-1	-1	-1
1884	1883	2101	5	-1	-1	-1
1889	2098	1881	5	-1	-1	-1
2029	2028	1814	5	-1	-1	-1
2026	1816	2030	5	-1	-1	-1
1884	2104	1885	5	-1	-1	-1
2030	1816	2028	5	-1	-1	-1
1913	1871	2092	4	-1	-1	-1
1887	2106	1886	5	-1	-1	-1
1888	1886	2106	5	-1	-1	-1
2092	1876	1912	4	-1	-1	-1
2031	1818	2032	4	-1	-1	-1
2033	2029	1819	4	-1	-1	-1
2031	2033	1819	4	-1	-1	-1
2107	1887	1890	5	-1	-1	-1
1889	1888	2109	5	-1	-1	-1
1821	2034	2032	4	-1	-1	-1
1890	1891	2111	5	-1	-1	-1
1868	2024	2004	4	-1	-1	-1
1824	2036	2037	5	-1	-1	-1
2038	2035	1824	5	-1	-1	-1
2038	1824	2037	5	-1	-1	-1
1893	1892	2114	5	-1	-1	-1
1825	2039	2036	5	-1	-1	-1
1892	1895	2115	5	-1	-1	-1
2117	1894	1893	5	-1	-1	-1
2039	1826	2040	5	-1	-1	-1
2042	1828	2041	5	-1	-1	-1
2043	1829	2042	5	-1	-1	-1
2121	1896	1898	5	-1	-1	-1
2118	1903	1894	5	-1	-1	-1
2122	1897	1896	5	-1	-1	-1
1912	1913	2092	4	-1	-1	-1
2044	1830	2043	5	-1	-1	-1
2040	1833	2047	5	-1	-1	-1
2045	1831	2044	5	-1	-1	-1
1898	1899	2126	5	-1	-1	-1
2045	2046	1832	5	-1	-1	-1
1904	1897	2124	5	-1	-1	-1
2046	2047	1833	5	-1	-1	-1
2128	1899	1901	5	-1	-1	-1
2129	1901	1900	5	-1	-1	-1
1902	2129	1900	5	-1	-1	-1
2041	1837	2053	5	-1	-1	-1
1834	2049	2048	5	-1	-1	-1
2049	1834	2050	5	-1	-1	-1
2132	1902	1903	5	-1	-1	-1
2112	1891	1936	5	-1	-1	-1
1837	2051	2052	5	-1	-1	-1
1837	2052	2053	5	-1	-1	-1
2054	2051	1838	5	-1	-1	-1
1904	2135	1905	5	-1	-1	-1
2048	2057	1839	5	-1	-1	-1
1981	1986	1980	5	-1	-1	-1
1838	2055	2054	5	-1	-1	-1
2137	1906	1905	5	-1	-1	-1
2137	1907	1906	5	-1	-1	-1
2056	1839	2057	5	-1	-1	-1
2080	1863	2009	4	-1	-1	-1
1976	1974	2003	5	-1	-1	-1
1840	2058	2055	5	-1	-1	-1
2056	2058	1840	5	-1	-1	-1
2139	1910	1907	5	-1	-1	-1
2140	1909	1908	5	-1	-1	-1
1908	1911	2140	5	-1	-1	-1
2023	2022	1915	4	-1	-1	-1
2059	1842	2060	5	-1	-1	-1
1848	2069	2050	5	-1	-1	-1
1911	1910	2144	5	-1	-1	-1
1844	2063	2062	5	-1	-1	-1
1844	2064	2061	5	-1	-1	-1
1844	2062	2064	5	-1	-1	-1
2141	1920	1909	5	-1	-1	-1
2059	2066	1846	5	-1	-1	-1
2065	1845	2061	5	-1	-1	-1
1846	2067	2063	5	-1	-1	-1
1846	2066	2067	5	-1	-1	-1
1916	2147	1917	4	-1	-1	-1
1847	2065	2068	5	-1	-1	-1
1918	2148	1916	4	-1	-1	-1
2069	1848	2070	5	-1	-1	-1
2071	1849	2068	5	-1	-1	-1
1920	2150	1918	5	-1	-1	-1
1849	2071	2070	5	-1	-1	-1
1923	2151	1921	3	-1	-1	-1
2073	2072	1850	5	-1	-1	-1
1923	1922	2152	5	-1	-1	-1
1925	2152	1922	5	-1	-1	-1
2074	2075	1852	5	-1	-1	-1
2154	1925	1924	5	-1	-1	-1
1926	2154	1924	5	-1	-1	-1
2077	1853	2075	5	-1	-1	-1
2076	1853	2077	5	-1	-1	-1
1854	2079	2073	5	-1	-1	-1
2076	2078	1854	5	-1	-1	-1
2079	1854	2078	5	-1	-1	-1
2156	1926	1929	5	-1	-1	-1
2157	1927	1928	5	-1	-1	-1
1942	1921	2151	3	-1	-1	-1
1930	1927	2157	5	-1	-1	-1
1858	2083	2074	5	-1	-1	-1
2158	1929	1930	5	-1	-1	-1
2091	2060	1867	5	-1	-1	-1
1934	2157	1928	5	-1	-1	-1
2080	2082	1857	4	-1	-1	-1
2081	1857	2082	4	-1	-1	-1
2088	1865	2072	5	-1	-1	-1
1932	2162	1931	5	-1	-1	-1
2085	1859	2081	5	-1	-1	-1
1858	2084	2083	5	-1	-1	-1
1931	2161	1935	5	-1	-1	-1
1859	2085	2084	5	-1	-1	-1
1933	2164	1934	5	-1	-1	-1
2164	1933	1935	5	-1	-1	-1
2087	2086	1864	5	-1	-1	-1
1936	1937	2169	5	-1	-1	-1
2089	2087	1866	5	-1	-1	-1
1867	2086	2091	5	-1	-1	-1
1866	2088	2090	5	-1	-1	-1
1937	1938	2170	3	-1	-1	-1
1866	2090	2089	5	-1	-1	-1
1938	1939	2172	3	-1	-1	-1
1939	1940	2173	3	-1	-1	-1
2163	1932	1958	5	-1	-1	-1
1941	2175	1940	3	-1	-1	-1
2175	1941	1942	3	-1	-1	-1
2034	2004	2024	4	-1	-1	-1
2178	1943	1944	5	-1	-1	-1
2094	2093	1878	5	-1	-1	-1
2094	1879	2096	5	-1	-1	-1
1943	2177	1949	5	-1	-1	-1
1879	2095	2096	5	-1	-1	-1
1945	2180	1946	5	-1	-1	-1
1947	1946	2180	5	-1	-1	-1
1945	1950	2180	5	-1	-1	-1
2097	1881	2098	5	-1	-1	-1
2181	1948	1949	5	-1	-1	-1
2097	2099	1882	5	-1	-1	-1
1948	2181	1951	5	-1	-1	-1
2100	1882	2099	5	-1	-1	-1
2030	2027	2026	5	-1	-1	-1
2025	2034	2024	4	-1	-1	-1
2027	2032	2025	4	-1	-1	-1
1885	2105	2095	5	-1	-1	-1
1883	2100	2102	5	-1	-1	-1
2102	2101	1883	5	-1	-1	-1
2028	2029	2030	4	-1	-1	-1
1953	1952	2183	5	-1	-1	-1
1884	2101	2103	5	-1	-1	-1
2149	2023	1917	4	-1	-1	-1
2033	2027	2030	4	-1	-1	-1
1884	2103	2104	5	-1	-1	-1
2032	2034	2025	4	-1	-1	-1
2032	2027	2033	4	-1	-1	-1
2033	2030	2029	4	-1	-1	-1
1957	2183	1952	5	-1	-1	-1
2105	1885	2104	5	-1	-1	-1
2186	1954	1955	5	-1	-1	-1
2031	2032	2033	4	-1	-1	-1
2098	1889	2110	5	-1	-1	-1
1957	1954	2186	5	-1	-1	-1
2187	1955	1956	5	-1	-1	-1
1888	2106	2108	5	-1	-1	-1
2107	2106	1887	5	-1	-1	-1
2109	1888	2108	5	-1	-1	-1
1968	1953	2184	5	-1	-1	-1
2093	2119	1895	5	-1	-1	-1
1889	2109	2110	5	-1	-1	-1
2191	1958	1959	5	-1	-1	-1
2111	2107	1890	5	-1	-1	-1
1959	1960	2192	5	-1	-1	-1
1961	2192	1960	5	-1	-1	-1
2113	2111	1891	5	-1	-1	-1
1891	2112	2113	5	-1	-1	-1
2194	1961	1962	3	-1	-1	-1
2195	1962	1963	3	-1	-1	-1
2114	1892	2115	5	-1	-1	-1
1979	2187	1956	5	-1	-1	-1
2114	2116	1893	5	-1	-1	-1
1963	1964	2196	3	-1	-1	-1
2117	1893	2116	5	-1	-1	-1
1965	2199	1964	5	-1	-1	-1
1895	2119	2115	5	-1	-1	-1
2118	1894	2117	5	-1	-1	-1
1965	1966	2201	5	-1	-1	-1
2202	1966	1967	5	-1	-1	-1
1896	2121	2120	5	-1	-1	-1
2202	1967	1968	5	-1	-1	-1
1970	1969	2205	5	-1	-1	-1
2120	2122	1896	5	-1	-1	-1
2124	1897	2123	5	-1	-1	-1
2122	2125	1897	5	-1	-1	-1
1897	2125	2123	5	-1	-1	-1
1971	2205	1969	5	-1	-1	-1
1898	2127	2121	5	-1	-1	-1
2126	2127	1898	5	-1	-1	-1
2126	1899	2128	5	-1	-1	-1
2206	1978	1970	5	-1	-1	-1
1972	1973	2209	5	-1	-1	-1
2134	1903	2118	5	-1	-1	-1
1971	1977	2208	5	-1	-1	-1
2035	2179	1944	5	-1	-1	-1
1977	1972	2210	5	-1	-1	-1
2211	1973	1975	5	-1	-1	-1
1901	2130	2128	5	-1	-1	-1
1901	2129	2131	5	-1	-1	-1
2130	1901	2131	5	-1	-1	-1
1975	1976	2212	5	-1	-1	-1
2129	1902	2132	5	-1	-1	-1
2136	1904	2124	5	-1	-1	-1
2132	1903	2133	5	-1	-1	-1
2133	1903	2134	5	-1	-1	-1
2214	1979	1978	5	-1	-1	-1
2009	2082	2080	4	-1	-1	-1
2135	1904	2136	5	-1	-1	-1
2135	2138	1905	5	-1	-1	-1
2216	1981	1982	5	-1	-1	-1
1905	2138	2137	5	-1	-1	-1
2010	2021	2149	4	-1	-1	-1
1981	2215	1986	5	-1	-1	-1
2217	1982	1984	5	-1	-1	-1
2139	1907	2137	5	-1	-1	-1
1983	2218	1984	5	-1	-1	-1
2218	1983	1985	5	-1	-1	-1
2215	1989	1986	5	-1	-1	-1
1909	2140	2142	5	-1	-1	-1
1976	2003	2213	5	-1	-1	-1
2143	1910	2139	5	-1	-1	-1
1909	2142	2141	5	-1	-1	-1
2023	2149	2021	4	-1	-1	-1
2221	1988	1987	5	-1	-1	-1
2221	1987	1989	5	-1	-1	-1
1911	2146	2140	5	-1	-1	-1
2143	2144	1910	5	-1	-1	-1
2144	2145	1911	5	-1	-1	-1
2146	1911	2145	5	-1	-1	-1
1999	2220	1985	5	-1	-1	-1
2225	1993	1992	5	-1	-1	-1
1988	2222	2001	5	-1	-1	-1
2148	2147	1916	4	-1	-1	-1
1920	2141	2150	5	-1	-1	-1
1993	2225	1994	5	-1	-1	-1
2147	2149	1917	4	-1	-1	-1
1995	1994	2226	5	-1	-1	-1
1918	2150	2148	4	-1	-1	-1
2112	1936	2169	5	-1	-1	-1
1996	1995	2228	5	-1	-1	-1
1998	1996	2229	5	-1	-1	-1
2230	1997	1998	5	-1	-1	-1
2230	1999	1997	5	-1	-1	-1
1923	2153	2151	3	-1	-1	-1
1923	2152	2153	3	-1	-1	-1
2152	1925	2155	5	-1	-1	-1
2154	2155	1925	5	-1	-1	-1
2001	2234	2000	5	-1	-1	-1
2156	2154	1926	5	-1	-1	-1
2000	2235	2002	5	-1	-1	-1
2002	2236	2003	5	-1	-1	-1
2156	1929	2158	5	-1	-1	-1
1930	2159	2158	5	-1	-1	-1
1930	2157	2160	5	-1	-1	-1
1930	2160	2159	5	-1	-1	-1
2006	2239	2005	4	-1	-1	-1
2238	2008	2005	4	-1	-1	-1
2038	2179	2035	5	-1	-1	-1
2006	2007	2240	5	-1	-1	-1
2162	2161	1931	5	-1	-1	-1
2157	1934	2166	5	-1	-1	-1
2162	1932	2163	5	-1	-1	-1
2007	2011	2241	5	-1	-1	-1
2008	2242	2009	4	-1	-1	-1
2164	2165	1934	5	-1	-1	-1
2168	1935	2161	5	-1	-1	-1
2167	1934	2165	5	-1	-1	-1
2164	1935	2168	5	-1	-1	-1
2167	2166	1934	5	-1	-1	-1
2012	2245	2011	5	-1	-1	-1
2151	2176	1942	3	-1	-1	-1
2243	2017	2010	4	-1	-1	-1
2246	2012	2013	5	-1	-1	-1
2170	2169	1937	3	-1	-1	-1
2016	2248	2013	5	-1	-1	-1
2014	2249	2015	5	-1	-1	-1
2171	2170	1938	3	-1	-1	-1
1938	2172	2171	3	-1	-1	-1
2250	2016	2015	5	-1	-1	-1
2249	2014	2020	5	-1	-1	-1
2173	2172	1939	3	-1	-1	-1
2252	2018	2017	4	-1	-1	-1
2174	2173	1940	3	-1	-1	-1
1940	2175	2174	3	-1	-1	-1
2018	2253	2019	5	-1	-1	-1
1942	2176	2175	3	-1	-1	-1
2019	2254	2020	5	-1	-1	-1
1943	2178	2177	5	-1	-1	-1
1944	2179	2178	5	-1	-1	-1
2182	1949	2177	5	-1	-1	-1
2190	2163	1958	5	-1	-1	-1
1949	2182	2181	5	-1	-1	-1
1953	2183	2185	5	-1	-1	-1
2184	1953	2185	5	-1	-1	-1
1957	2185	2183	5	-1	-1	-1
2186	1955	2188	5	-1	-1	-1
2036	2257	2037	5	-1	-1	-1
1955	2187	2188	5	-1	-1	-1
2185	1957	2189	5	-1	-1	-1
2036	2039	2256	5	-1	-1	-1
2189	1957	2186	5	-1	-1	-1
2082	2009	2242	4	-1	-1	-1
2037	2259	2038	5	-1	-1	-1
2191	2190	1958	5	-1	-1	-1
2039	2040	2262	5	-1	-1	-1
2192	2191	1959	5	-1	-1	-1
2193	2192	1961	3	-1	-1	-1
1961	2194	2193	3	-1	-1	-1
2042	2041	2265	5	-1	-1	-1
2047	2264	2040	5	-1	-1	-1
1962	2195	2194	3	-1	-1	-1
2267	2043	2042	5	-1	-1	-1
2267	2044	2043	5	-1	-1	-1
1963	2197	2195	3	-1	-1	-1
2204	1968	2184	5	-1	-1	-1
2197	1963	2196	3	-1	-1	-1
2044	2268	2045	5	-1	-1	-1
2196	1964	2198	3	-1	-1	-1
2053	2265	2041	5	-1	-1	-1
2045	2270	2046	5	-1	-1	-1
1964	2199	2198	3	-1	-1	-1
2047	2046	2270	5	-1	-1	-1
2199	1965	2200	5	-1	-1	-1
1965	2201	2200	5	-1	-1	-1
2201	1966	2202	5	-1	-1	-1
2273	2048	2049	5	-1	-1	-1
2202	1968	2203	5	-1	-1	-1
2203	1968	2204	5	-1	-1	-1
2050	2276	2049	5	-1	-1	-1
2057	2048	2274	5	-1	-1	-1
2277	2052	2051	5	-1	-1	-1
1979	2214	2187	5	-1	-1	-1
2205	2206	1970	5	-1	-1	-1
2051	2054	2277	5	-1	-1	-1
2053	2052	2278	5	-1	-1	-1
1971	2207	2205	5	-1	-1	-1
1971	2208	2207	5	-1	-1	-1
2280	2054	2055	5	-1	-1	-1
1972	2209	2210	5	-1	-1	-1
2211	2209	1973	5	-1	-1	-1
2058	2281	2055	5	-1	-1	-1
2057	2282	2056	5	-1	-1	-1
2276	2050	2069	5	-1	-1	-1
2208	1977	2210	5	-1	-1	-1
2056	2282	2058	5	-1	-1	-1
2214	1978	2206	5	-1	-1	-1
2211	1975	2212	5	-1	-1	-1
2020	2254	2125	5	-1	-1	-1
2020	2125	2255	5	-1	-1	-1
2213	2212	1976	5	-1	-1	-1
2010	2149	2243	4	-1	-1	-1
2285	2059	2060	5	-1	-1	-1
2286	2066	2059	5	-1	-1	-1
2215	1981	2216	5	-1	-1	-1
2064	2289	2061	5	-1	-1	-1
2137	2138	2139	5	-1	-1	-1
2217	2216	1982	5	-1	-1	-1
2289	2065	2061	5	-1	-1	-1
2064	2062	2290	5	-1	-1	-1
2291	2062	2063	5	-1	-1	-1
1984	2219	2217	5	-1	-1	-1
1984	2218	2219	5	-1	-1	-1
2067	2292	2063	5	-1	-1	-1
2289	2068	2065	5	-1	-1	-1
2218	1985	2220	5	-1	-1	-1
2294	2067	2066	5	-1	-1	-1
2224	1989	2215	5	-1	-1	-1
2221	2222	1988	5	-1	-1	-1
2223	2221	1989	5	-1	-1	-1
2071	2068	2296	5	-1	-1	-1
2224	2223	1989	5	-1	-1	-1
2070	2298	2069	5	-1	-1	-1
2287	2060	2091	5	-1	-1	-1
2300	2070	2071	5	-1	-1	-1
1994	2225	2226	5	-1	-1	-1
2226	2227	1995	5	-1	-1	-1
1995	2227	2228	5	-1	-1	-1
2072	2073	2303	5	-1	-1	-1
2236	2213	2003	5	-1	-1	-1
2220	1999	2233	5	-1	-1	-1
2229	1996	2228	5	-1	-1	-1
2307	2075	2074	5	-1	-1	-1
2305	2073	2079	5	-1	-1	-1
2222	2234	2001	5	-1	-1	-1
2307	2077	2075	5	-1	-1	-1
1998	2229	2232	5	-1	-1	-1
2230	1998	2231	5	-1	-1	-1
2077	2308	2076	5	-1	-1	-1
1998	2232	2231	5	-1	-1	-1
2078	2076	2308	5	-1	-1	-1
1999	2230	2233	5	-1	-1	-1
2307	2074	2083	5	-1	-1	-1
2304	2088	2072	5	-1	-1	-1
2078	2312	2079	5	-1	-1	-1
2000	2234	2235	5	-1	-1	-1
2237	2002	2235	5	-1	-1	-1
2236	2002	2237	5	-1	-1	-1
2038	2260	2179	5	-1	-1	-1
2081	2082	2314	4	-1	-1	-1
2081	2314	2085	4	-1	-1	-1
2005	2239	2238	4	-1	-1	-1
2090	2088	2304	5	-1	-1	-1
2166	2160	2157	5	-1	-1	-1
2317	2083	2084	5	-1	-1	-1
2085	2318	2084	5	-1	-1	-1
2240	2239	2006	5	-1	-1	-1
2007	2241	2240	5	-1	-1	-1
2242	2008	2238	4	-1	-1	-1
2086	2087	2320	5	-1	-1	-1
2086	2319	2091	5	-1	-1	-1
2011	2244	2241	5	-1	-1	-1
2089	2321	2087	5	-1	-1	-1
2244	2011	2245	5	-1	-1	-1
2323	2089	2090	5	-1	-1	-1
2122	2255	2125	5	-1	-1	-1
2245	2012	2246	5	-1	-1	-1
2247	2246	2013	5	-1	-1	-1
2013	2248	2247	5	-1	-1	-1
2093	2094	2325	5	-1	-1	-1
2243	2252	2017	4	-1	-1	-1
2015	2249	2250	5	-1	-1	-1
2251	2248	2016	5	-1	-1	-1
2096	2327	2094	5	-1	-1	-1
2250	2251	2016	5	-1	-1	-1
2095	2328	2096	3	-1	-1	-1
2018	2252	2253	5	-1	-1	-1
2255	2249	2020	5	-1	-1	-1
2019	2253	2254	5	-1	-1	-1
2098	2332	2097	5	-1	-1	-1
2095	2105	2329	3	-1	-1	-1
2099	2097	2333	5	-1	-1	-1
2099	2336	2100	5	-1	-1	-1
2326	2119	2093	5	-1	-1	-1
2102	2100	2337	5	-1	-1	-1
2102	2338	2101	5	-1	-1	-1
2338	2103	2101	5	-1	-1	-1
2110	2335	2098	5	-1	-1	-1
2103	2340	2104	5	-1	-1	-1
2257	2036	2256	5	-1	-1	-1
2105	2104	2342	5	-1	-1	-1
2257	2258	2037	5	-1	-1	-1
2259	2037	2258	5	-1	-1	-1
2107	2344	2106	5	-1	-1	-1
2106	2344	2108	5	-1	-1	-1
2256	2039	2263	5	-1	-1	-1
2261	2038	2259	5	-1	-1	-1
2038	2261	2260	5	-1	-1	-1
2111	2345	2107	5	-1	-1	-1
2347	2109	2108	5	-1	-1	-1
2039	2262	2263	5	-1	-1	-1
2262	2040	2264	5	-1	-1	-1
2109	2349	2110	5	-1	-1	-1
2042	2265	2266	5	-1	-1	-1
2241	2244	2090	5	-1	-1	-1
2266	2267	2042	5	-1	-1	-1
2351	2111	2113	5	-1	-1	-1
2112	2352	2113	5	-1	-1	-1
2267	2269	2044	5	-1	-1	-1
2269	2268	2044	5	-1	-1	-1
2268	2270	2045	5	-1	-1	-1
2264	2047	2272	5	-1	-1	-1
2115	2355	2114	5	-1	-1	-1
2114	2355	2116	5	-1	-1	-1
2271	2047	2270	5	-1	-1	-1
2214	2188	2187	5	-1	-1	-1
2047	2271	2272	5	-1	-1	-1
2357	2115	2119	5	-1	-1	-1
2358	2117	2116	5	-1	-1	-1
2117	2360	2118	5	-1	-1	-1
2273	2274	2048	5	-1	-1	-1
2275	2273	2049	5	-1	-1	-1
2279	2265	2053	5	-1	-1	-1
2275	2049	2276	5	-1	-1	-1
2120	2363	2122	5	-1	-1	-1
2364	2120	2121	5	-1	-1	-1
2278	2052	2277	5	-1	-1	-1
2053	2278	2279	5	-1	-1	-1
2054	2280	2277	5	-1	-1	-1
2118	2360	2134	5	-1	-1	-1
2274	2283	2057	5	-1	-1	-1
2121	2127	2366	5	-1	-1	-1
2124	2123	2368	5	-1	-1	-1
2368	2123	2125	5	-1	-1	-1
2281	2280	2055	5	-1	-1	-1
2283	2282	2057	5	-1	-1	-1
2058	2284	2281	5	-1	-1	-1
2127	2126	2371	5	-1	-1	-1
2284	2058	2282	5	-1	-1	-1
2371	2126	2128	5	-1	-1	-1
2124	2369	2136	5	-1	-1	-1
2285	2286	2059	5	-1	-1	-1
2128	2130	2373	5	-1	-1	-1
2060	2288	2285	5	-1	-1	-1
2352	2112	2169	5	-1	-1	-1
2129	2374	2131	5	-1	-1	-1
2132	2374	2129	5	-1	-1	-1
2241	2090	2304	5	-1	-1	-1
2287	2288	2060	5	-1	-1	-1
2131	2375	2130	5	-1	-1	-1
2242	2315	2082	4	-1	-1	-1
2276	2069	2297	5	-1	-1	-1
2291	2290	2062	5	-1	-1	-1
2132	2133	2378	5	-1	-1	-1
2289	2064	2293	5	-1	-1	-1
2286	2294	2066	5	-1	-1	-1
2292	2291	2063	5	-1	-1	-1
2290	2293	2064	5	-1	-1	-1
2380	2133	2134	1	-1	-1	-1
2296	2068	2289	5	-1	-1	-1
2135	2136	2382	5	-1	-1	-1
2292	2067	2295	5	-1	-1	-1
2138	2135	2382	5	-1	-1	-1
2224	2215	2216	5	-1	-1	-1
2067	2294	2295	5	-1	-1	-1
2323	2090	2244	5	-1	-1	-1
2138	2383	2139	5	-1	-1	-1
2069	2298	2297	5	-1	-1	-1
2139	2383	2143	5	-1	-1	-1
2140	2384	2142	5	-1	-1	-1
2070	2299	2298	5	-1	-1	-1
2296	2301	2071	5	-1	-1	-1
2142	2385	2141	5	-1	-1	-1
2070	2300	2299	5	-1	-1	-1
2140	2146	2384	5	-1	-1	-1
2300	2071	2302	5	-1	-1	-1
2302	2071	2301	5	-1	-1	-1
2143	2387	2144	5	-1	-1	-1
2150	2141	2385	5	-1	-1	-1
2144	2389	2145	5	-1	-1	-1
2072	2303	2304	5	-1	-1	-1
2145	2390	2146	5	-1	-1	-1
2073	2306	2303	5	-1	-1	-1
2305	2306	2073	5	-1	-1	-1
2392	2147	2148	4	-1	-1	-1
2147	2391	2149	4	-1	-1	-1
2394	2148	2150	4	-1	-1	-1
2077	2307	2309	5	-1	-1	-1
2309	2310	2077	5	-1	-1	-1
2311	2308	2077	5	-1	-1	-1
2079	2313	2305	5	-1	-1	-1
2310	2311	2077	5	-1	-1	-1
2308	2312	2078	5	-1	-1	-1
2153	2395	2151	3	-1	-1	-1
2396	2153	2152	3	-1	-1	-1
2287	2091	2324	5	-1	-1	-1
2152	2155	2396	3	-1	-1	-1
2079	2312	2313	5	-1	-1	-1
2316	2307	2083	5	-1	-1	-1
2155	2154	2398	5	-1	-1	-1
2398	2154	2156	5	-1	-1	-1
2314	2082	2315	4	-1	-1	-1
2156	2158	2401	5	-1	-1	-1
2316	2083	2317	5	-1	-1	-1
2314	2318	2085	4	-1	-1	-1
2402	2158	2159	5	-1	-1	-1
2317	2084	2318	5	-1	-1	-1
2151	2395	2176	3	-1	-1	-1
2404	2159	2160	5	-1	-1	-1
2319	2086	2320	5	-1	-1	-1
2320	2087	2321	5	-1	-1	-1
2162	2407	2161	5	-1	-1	-1
2166	2405	2160	5	-1	-1	-1
2089	2322	2321	5	-1	-1	-1
2163	2408	2162	5	-1	-1	-1
2091	2319	2324	5	-1	-1	-1
2322	2089	2323	5	-1	-1	-1
2168	2161	2406	5	-1	-1	-1
2164	2410	2165	5	-1	-1	-1
2410	2164	2168	5	-1	-1	-1
2167	2165	2411	5	-1	-1	-1
2255	2122	2367	5	-1	-1	-1
2325	2326	2093	5	-1	-1	-1
2167	2412	2166	5	-1	-1	-1
2325	2094	2327	5	-1	-1	-1
2368	2125	2254	5	-1	-1	-1
2095	2329	2328	3	-1	-1	-1
2327	2096	2330	3	-1	-1	-1
2415	2169	2170	3	-1	-1	-1
2096	2328	2331	3	-1	-1	-1
2096	2331	2330	3	-1	-1	-1
2170	2171	2417	3	-1	-1	-1
2332	2333	2097	5	-1	-1	-1
2190	2409	2163	5	-1	-1	-1
2172	2419	2171	3	-1	-1	-1
2334	2332	2098	5	-1	-1	-1
2173	2420	2172	3	-1	-1	-1
2098	2335	2334	5	-1	-1	-1
2421	2173	2174	3	-1	-1	-1
2333	2336	2099	5	-1	-1	-1
2174	2175	2422	3	-1	-1	-1
2337	2100	2336	5	-1	-1	-1
2175	2176	2424	3	-1	-1	-1
2257	2256	2263	5	-1	-1	-1
2105	2343	2329	3	-1	-1	-1
2102	2337	2339	5	-1	-1	-1
2338	2102	2339	5	-1	-1	-1
2177	2178	2427	5	-1	-1	-1
2338	2341	2103	5	-1	-1	-1
2391	2243	2149	4	-1	-1	-1
2341	2340	2103	5	-1	-1	-1
2179	2428	2178	5	-1	-1	-1
2342	2104	2340	5	-1	-1	-1
2177	2427	2182	5	-1	-1	-1
2343	2105	2342	3	-1	-1	-1
2350	2335	2110	5	-1	-1	-1
2107	2345	2344	5	-1	-1	-1
2344	2346	2108	5	-1	-1	-1
2430	2184	2185	5	-1	-1	-1
2108	2346	2347	5	-1	-1	-1
2430	2185	2189	5	-1	-1	-1
2109	2347	2348	5	-1	-1	-1
2188	2432	2186	5	-1	-1	-1
2348	2349	2109	5	-1	-1	-1
2186	2431	2189	5	-1	-1	-1
2111	2351	2345	5	-1	-1	-1
2119	2326	2362	5	-1	-1	-1
2110	2349	2350	5	-1	-1	-1
2271	2270	2268	5	-1	-1	-1
2113	2353	2351	5	-1	-1	-1
2437	2190	2191	3	-1	-1	-1
2184	2430	2204	5	-1	-1	-1
2113	2352	2354	5	-1	-1	-1
2354	2353	2113	5	-1	-1	-1
2438	2191	2192	3	-1	-1	-1
2438	2192	2193	3	-1	-1	-1
2194	2439	2193	3	-1	-1	-1
2115	2356	2355	5	-1	-1	-1
2356	2115	2357	5	-1	-1	-1
2440	2194	2195	3	-1	-1	-1
2355	2359	2116	5	-1	-1	-1
2358	2116	2359	5	-1	-1	-1
2442	2195	2197	3	-1	-1	-1
2214	2433	2188	5	-1	-1	-1
2196	2443	2197	3	-1	-1	-1
2358	2361	2117	5	-1	-1	-1
2196	2198	2443	3	-1	-1	-1
2360	2117	2361	5	-1	-1	-1
2357	2119	2362	5	-1	-1	-1
2199	2446	2198	3	-1	-1	-1
2448	2199	2200	5	-1	-1	-1
2363	2120	2364	5	-1	-1	-1
2201	2449	2200	5	-1	-1	-1
2365	2364	2121	5	-1	-1	-1
2365	2121	2366	5	-1	-1	-1
2363	2367	2122	5	-1	-1	-1
2201	2202	2450	5	-1	-1	-1
2202	2203	2451	5	-1	-1	-1
2203	2204	2453	5	-1	-1	-1
2368	2370	2124	5	-1	-1	-1
2370	2369	2124	5	-1	-1	-1
2127	2372	2366	5	-1	-1	-1
2455	2205	2207	5	-1	-1	-1
2205	2457	2206	5	-1	-1	-1
2429	2179	2260	5	-1	-1	-1
2371	2372	2127	5	-1	-1	-1
2249	2255	2367	5	-1	-1	-1
2371	2128	2373	5	-1	-1	-1
2207	2208	2458	5	-1	-1	-1
2360	2381	2134	1	-1	-1	-1
2214	2206	2457	5	-1	-1	-1
2208	2210	2459	5	-1	-1	-1
2130	2375	2373	5	-1	-1	-1
2461	2210	2209	5	-1	-1	-1
2374	2376	2131	5	-1	-1	-1
2211	2461	2209	5	-1	-1	-1
2375	2131	2377	5	-1	-1	-1
2131	2376	2377	5	-1	-1	-1
2378	2374	2132	5	-1	-1	-1
2212	2462	2211	5	-1	-1	-1
2136	2369	2382	5	-1	-1	-1
2464	2212	2213	5	-1	-1	-1
2379	2378	2133	1	-1	-1	-1
2133	2380	2379	1	-1	-1	-1
2217	2467	2216	5	-1	-1	-1
2134	2381	2380	1	-1	-1	-1
2216	2467	2224	5	-1	-1	-1
2383	2138	2382	5	-1	-1	-1
2471	2219	2218	5	-1	-1	-1
2219	2468	2217	5	-1	-1	-1
2218	2220	2470	5	-1	-1	-1
2142	2384	2386	5	-1	-1	-1
2142	2386	2385	5	-1	-1	-1
2388	2143	2383	5	-1	-1	-1
2213	2236	2465	5	-1	-1	-1
2221	2472	2222	5	-1	-1	-1
2472	2221	2223	5	-1	-1	-1
2387	2143	2388	5	-1	-1	-1
2384	2146	2390	5	-1	-1	-1
2473	2223	2224	5	-1	-1	-1
2389	2144	2387	5	-1	-1	-1
2233	2470	2220	5	-1	-1	-1
2145	2389	2390	5	-1	-1	-1
2234	2222	2472	5	-1	-1	-1
2385	2394	2150	4	-1	-1	-1
2228	2227	2475	5	-1	-1	-1
2147	2392	2391	4	-1	-1	-1
2309	2307	2316	5	-1	-1	-1
2228	2476	2229	5	-1	-1	-1
2392	2148	2393	4	-1	-1	-1
2148	2394	2393	4	-1	-1	-1
2352	2169	2415	3	-1	-1	-1
2477	2232	2229	5	-1	-1	-1
2236	2237	2465	5	-1	-1	-1
2478	2230	2231	5	-1	-1	-1
2479	2233	2230	5	-1	-1	-1
2231	2232	2480	5	-1	-1	-1
2153	2397	2395	3	-1	-1	-1
2153	2396	2397	3	-1	-1	-1
2400	2396	2155	3	-1	-1	-1
2398	2399	2155	3	-1	-1	-1
2400	2155	2399	3	-1	-1	-1
2235	2234	2485	5	-1	-1	-1
2401	2398	2156	5	-1	-1	-1
2235	2486	2237	5	-1	-1	-1
2401	2158	2403	5	-1	-1	-1
2402	2403	2158	5	-1	-1	-1
2159	2404	2402	5	-1	-1	-1
2239	2489	2238	4	-1	-1	-1
2404	2160	2405	5	-1	-1	-1
2240	2491	2239	5	-1	-1	-1
2490	2242	2238	4	-1	-1	-1
2241	2491	2240	5	-1	-1	-1
2407	2406	2161	5	-1	-1	-1
2162	2408	2407	5	-1	-1	-1
2409	2408	2163	5	-1	-1	-1
2412	2405	2166	5	-1	-1	-1
2244	2245	2495	5	-1	-1	-1
2411	2165	2410	5	-1	-1	-1
2246	2496	2245	5	-1	-1	-1
2243	2493	2252	4	-1	-1	-1
2414	2168	2406	5	-1	-1	-1
2497	2246	2247	5	-1	-1	-1
2411	2413	2167	5	-1	-1	-1
2414	2410	2168	5	-1	-1	-1
2412	2167	2413	5	-1	-1	-1
2498	2247	2248	1	-1	-1	-1
2395	2426	2176	3	-1	-1	-1
2248	2251	2500	1	-1	-1	-1
2249	2501	2250	5	-1	-1	-1
2415	2170	2416	3	-1	-1	-1
2251	2250	2502	5	-1	-1	-1
2416	2170	2417	3	-1	-1	-1
2418	2417	2171	3	-1	-1	-1
2418	2171	2419	3	-1	-1	-1
2252	2504	2253	5	-1	-1	-1
2420	2419	2172	3	-1	-1	-1
2504	2254	2253	5	-1	-1	-1
2420	2173	2421	3	-1	-1	-1
2174	2423	2421	3	-1	-1	-1
2174	2422	2423	3	-1	-1	-1
2505	2258	2257	5	-1	-1	-1
2422	2175	2424	3	-1	-1	-1
2258	2507	2259	5	-1	-1	-1
2176	2425	2424	3	-1	-1	-1
2506	2257	2263	5	-1	-1	-1
2176	2426	2425	3	-1	-1	-1
2259	2510	2261	5	-1	-1	-1
2511	2260	2261	5	-1	-1	-1
2178	2428	2427	5	-1	-1	-1
2409	2190	2436	3	-1	-1	-1
2429	2428	2179	5	-1	-1	-1
2241	2304	2492	5	-1	-1	-1
2264	2512	2262	5	-1	-1	-1
2262	2513	2263	5	-1	-1	-1
2516	2266	2265	5	-1	-1	-1
2490	2315	2242	4	-1	-1	-1
2432	2431	2186	5	-1	-1	-1
2264	2272	2515	5	-1	-1	-1
2266	2518	2267	5	-1	-1	-1
2434	2430	2189	5	-1	-1	-1
2433	2432	2188	5	-1	-1	-1
2267	2519	2269	5	-1	-1	-1
2189	2431	2435	5	-1	-1	-1
2269	2520	2268	5	-1	-1	-1
2435	2434	2189	5	-1	-1	-1
2520	2271	2268	5	-1	-1	-1
2265	2279	2516	5	-1	-1	-1
2495	2323	2244	5	-1	-1	-1
2436	2190	2437	3	-1	-1	-1
2271	2522	2272	5	-1	-1	-1
2437	2191	2438	3	-1	-1	-1
2439	2438	2193	3	-1	-1	-1
2273	2525	2274	5	-1	-1	-1
2273	2275	2524	5	-1	-1	-1
2439	2194	2440	3	-1	-1	-1
2440	2195	2441	3	-1	-1	-1
2276	2527	2275	5	-1	-1	-1
2442	2441	2195	3	-1	-1	-1
2278	2277	2528	5	-1	-1	-1
2283	2274	2526	5	-1	-1	-1
2442	2197	2444	3	-1	-1	-1
2197	2443	2444	3	-1	-1	-1
2280	2528	2277	5	-1	-1	-1
2443	2198	2445	3	-1	-1	-1
2279	2278	2530	5	-1	-1	-1
2204	2430	2454	5	-1	-1	-1
2446	2445	2198	3	-1	-1	-1
2199	2447	2446	3	-1	-1	-1
2281	2532	2280	5	-1	-1	-1
2199	2448	2447	3	-1	-1	-1
2449	2448	2200	5	-1	-1	-1
2304	2303	2492	5	-1	-1	-1
2281	2284	2534	5	-1	-1	-1
2449	2201	2450	5	-1	-1	-1
2297	2527	2276	5	-1	-1	-1
2282	2283	2536	5	-1	-1	-1
2303	2306	2492	5	-1	-1	-1
2536	2284	2282	5	-1	-1	-1
2202	2451	2450	5	-1	-1	-1
2203	2452	2451	5	-1	-1	-1
2203	2453	2452	5	-1	-1	-1
2540	2286	2285	5	-1	-1	-1
2454	2453	2204	5	-1	-1	-1
2285	2288	2540	5	-1	-1	-1
2214	2466	2433	5	-1	-1	-1
2455	2456	2205	5	-1	-1	-1
2501	2249	2367	5	-1	-1	-1
2287	2543	2288	5	-1	-1	-1
2205	2456	2457	5	-1	-1	-1
2455	2207	2458	5	-1	-1	-1
2541	2294	2286	5	-1	-1	-1
2208	2460	2458	5	-1	-1	-1
2254	2504	2368	5	-1	-1	-1
2459	2460	2208	5	-1	-1	-1
2494	2243	2391	4	-1	-1	-1
2293	2547	2289	5	-1	-1	-1
2290	2291	2549	5	-1	-1	-1
2461	2459	2210	5	-1	-1	-1
2293	2290	2548	5	-1	-1	-1
2547	2296	2289	5	-1	-1	-1
2292	2550	2291	5	-1	-1	-1
2461	2211	2463	5	-1	-1	-1
2211	2462	2463	5	-1	-1	-1
2466	2214	2457	5	-1	-1	-1
2212	2464	2462	5	-1	-1	-1
2551	2292	2295	5	-1	-1	-1
2464	2213	2465	5	-1	-1	-1
2554	2295	2294	5	-1	-1	-1
2217	2469	2467	5	-1	-1	-1
2558	2297	2298	5	-1	-1	-1
2296	2556	2301	5	-1	-1	-1
2217	2468	2469	5	-1	-1	-1
2324	2544	2287	5	-1	-1	-1
2560	2298	2299	5	-1	-1	-1
2468	2219	2471	5	-1	-1	-1
2218	2470	2471	5	-1	-1	-1
2300	2562	2299	5	-1	-1	-1
2473	2224	2467	5	-1	-1	-1
2386	2394	2385	4	-1	-1	-1
2302	2563	2300	5	-1	-1	-1
2302	2301	2564	5	-1	-1	-1
2223	2474	2472	5	-1	-1	-1
2473	2474	2223	5	-1	-1	-1
2305	2568	2306	5	-1	-1	-1
2475	2476	2228	5	-1	-1	-1
2229	2476	2477	5	-1	-1	-1
2567	2305	2313	5	-1	-1	-1
2478	2479	2230	5	-1	-1	-1
2233	2484	2470	5	-1	-1	-1
2570	2308	2311	5	-1	-1	-1
2487	2465	2237	5	-1	-1	-1
2478	2231	2481	5	-1	-1	-1
2571	2310	2309	5	-1	-1	-1
2312	2308	2570	5	-1	-1	-1
2485	2234	2472	5	-1	-1	-1
2231	2480	2481	5	-1	-1	-1
2483	2232	2477	5	-1	-1	-1
2400	2397	2396	3	-1	-1	-1
2573	2311	2310	5	-1	-1	-1
2480	2232	2482	5	-1	-1	-1
2479	2484	2233	5	-1	-1	-1
2571	2309	2316	5	-1	-1	-1
2232	2483	2482	5	-1	-1	-1
2576	2313	2312	5	-1	-1	-1
2260	2511	2429	5	-1	-1	-1
2316	2317	2571	5	-1	-1	-1
2235	2485	2486	5	-1	-1	-1
2579	2314	2315	4	-1	-1	-1
2314	2578	2318	4	-1	-1	-1
2486	2488	2237	5	-1	-1	-1
2487	2237	2488	5	-1	-1	-1
2317	2318	2582	5	-1	-1	-1
2490	2238	2489	4	-1	-1	-1
2426	2395	2397	3	-1	-1	-1
2489	2239	2491	5	-1	-1	-1
2319	2320	2584	5	-1	-1	-1
2492	2491	2241	5	-1	-1	-1
2583	2324	2319	5	-1	-1	-1
2321	2585	2320	5	-1	-1	-1
2586	2321	2322	5	-1	-1	-1
2494	2493	2243	4	-1	-1	-1
2323	2588	2322	5	-1	-1	-1
2411	2410	2414	5	-1	-1	-1
2495	2245	2496	5	-1	-1	-1
2496	2246	2497	5	-1	-1	-1
2327	2590	2325	5	-1	-1	-1
2326	2325	2591	5	-1	-1	-1
2499	2497	2247	1	-1	-1	-1
2499	2247	2498	1	-1	-1	-1
2498	2248	2500	1	-1	-1	-1
2504	2252	2493	5	-1	-1	-1
2330	2595	2327	3	-1	-1	-1
2328	2329	2596	3	-1	-1	-1
2502	2250	2501	5	-1	-1	-1
2500	2251	2503	1	-1	-1	-1
2328	2596	2331	3	-1	-1	-1
2251	2502	2503	1	-1	-1	-1
2331	2598	2330	3	-1	-1	-1
2332	2601	2333	5	-1	-1	-1
2600	2332	2334	5	-1	-1	-1
2505	2257	2506	5	-1	-1	-1
2343	2597	2329	3	-1	-1	-1
2333	2602	2336	5	-1	-1	-1
2508	2258	2505	5	-1	-1	-1
2334	2335	2603	5	-1	-1	-1
2507	2258	2508	5	-1	-1	-1
2507	2509	2259	5	-1	-1	-1
2494	2391	2392	4	-1	-1	-1
2337	2336	2605	5	-1	-1	-1
2259	2509	2510	5	-1	-1	-1
2592	2362	2326	5	-1	-1	-1
2606	2339	2337	5	-1	-1	-1
2511	2261	2510	5	-1	-1	-1
2263	2514	2506	5	-1	-1	-1
2339	2607	2338	5	-1	-1	-1
2422	2424	2439	3	-1	-1	-1
2341	2338	2607	5	-1	-1	-1
2422	2440	2423	3	-1	-1	-1
2262	2512	2513	5	-1	-1	-1
2425	2439	2424	3	-1	-1	-1
2425	2426	2437	3	-1	-1	-1
2604	2335	2350	5	-1	-1	-1
2263	2513	2514	5	-1	-1	-1
2264	2515	2512	5	-1	-1	-1
2340	2341	2610	5	-1	-1	-1
2340	2611	2342	5	-1	-1	-1
2342	2613	2343	3	-1	-1	-1
2517	2266	2516	5	-1	-1	-1
2436	2437	2426	3	-1	-1	-1
2437	2438	2425	3	-1	-1	-1
2266	2517	2518	5	-1	-1	-1
2439	2440	2422	3	-1	-1	-1
2439	2425	2438	3	-1	-1	-1
2519	2267	2518	5	-1	-1	-1
2345	2615	2344	5	-1	-1	-1
2344	2616	2346	5	-1	-1	-1
2269	2519	2521	5	-1	-1	-1
2523	2515	2272	5	-1	-1	-1
2269	2521	2520	5	-1	-1	-1
2618	2347	2346	5	-1	-1	-1
2617	2345	2351	5	-1	-1	-1
2520	2522	2271	5	-1	-1	-1
2347	2620	2348	5	-1	-1	-1
2523	2272	2522	5	-1	-1	-1
2621	2349	2348	5	-1	-1	-1
2622	2350	2349	5	-1	-1	-1
2353	2617	2351	5	-1	-1	-1
2525	2273	2524	5	-1	-1	-1
2526	2274	2525	5	-1	-1	-1
2279	2531	2516	5	-1	-1	-1
2524	2275	2527	5	-1	-1	-1
2623	2354	2352	3	-1	-1	-1
2354	2624	2353	5	-1	-1	-1
2529	2278	2528	5	-1	-1	-1
2530	2278	2529	5	-1	-1	-1
2356	2627	2355	5	-1	-1	-1
2279	2530	2531	5	-1	-1	-1
2528	2280	2533	5	-1	-1	-1
2359	2355	2628	5	-1	-1	-1
2630	2356	2357	5	-1	-1	-1
2280	2532	2533	5	-1	-1	-1
2283	2526	2536	5	-1	-1	-1
2535	2532	2281	5	-1	-1	-1
2359	2632	2358	5	-1	-1	-1
2357	2362	2631	5	-1	-1	-1
2535	2281	2534	5	-1	-1	-1
2358	2632	2361	5	-1	-1	-1
2534	2284	2537	5	-1	-1	-1
2635	2360	2361	1	-1	-1	-1
2538	2537	2284	5	-1	-1	-1
2284	2536	2539	5	-1	-1	-1
2539	2538	2284	5	-1	-1	-1
2639	2363	2364	5	-1	-1	-1
2306	2569	2492	5	-1	-1	-1
2363	2638	2367	5	-1	-1	-1
2286	2540	2542	5	-1	-1	-1
2542	2541	2286	5	-1	-1	-1
2365	2641	2364	5	-1	-1	-1
2540	2288	2546	5	-1	-1	-1
2543	2287	2544	5	-1	-1	-1
2366	2643	2365	5	-1	-1	-1
2635	2381	2360	1	-1	-1	-1
2543	2545	2288	5	-1	-1	-1
2546	2288	2545	5	-1	-1	-1
2559	2527	2297	5	-1	-1	-1
2645	2366	2372	5	-1	-1	-1
2368	2646	2370	5	-1	-1	-1
2581	2315	2490	4	-1	-1	-1
2369	2370	2647	5	-1	-1	-1
2549	2548	2290	5	-1	-1	-1
2294	2541	2553	5	-1	-1	-1
2623	2352	2415	3	-1	-1	-1
2291	2550	2549	5	-1	-1	-1
2293	2552	2547	5	-1	-1	-1
2371	2650	2372	5	-1	-1	-1
2292	2551	2550	5	-1	-1	-1
2293	2548	2552	5	-1	-1	-1
2373	2650	2371	5	-1	-1	-1
2369	2648	2382	5	-1	-1	-1
2375	2652	2373	5	-1	-1	-1
2296	2547	2557	5	-1	-1	-1
2551	2295	2555	5	-1	-1	-1
2294	2553	2554	5	-1	-1	-1
2376	2374	2653	5	-1	-1	-1
2295	2554	2555	5	-1	-1	-1
2653	2374	2378	5	-1	-1	-1
2654	2375	2377	5	-1	-1	-1
2495	2588	2323	5	-1	-1	-1
2377	2376	2655	5	-1	-1	-1
2557	2556	2296	5	-1	-1	-1
2297	2558	2559	5	-1	-1	-1
2378	2379	2658	1	-1	-1	-1
2298	2560	2558	5	-1	-1	-1
2464	2465	2487	5	-1	-1	-1
2379	2380	2660	1	-1	-1	-1
2299	2561	2560	5	-1	-1	-1
2561	2299	2562	5	-1	-1	-1
2380	2381	2661	1	-1	-1	-1
2301	2556	2565	5	-1	-1	-1
2563	2562	2300	5	-1	-1	-1
2382	2663	2383	5	-1	-1	-1
2301	2565	2564	5	-1	-1	-1
2566	2563	2302	5	-1	-1	-1
2566	2302	2564	5	-1	-1	-1
2664	2386	2384	5	-1	-1	-1
2663	2388	2383	5	-1	-1	-1
2419	2600	2418	3	-1	-1	-1
2384	2390	2664	5	-1	-1	-1
2305	2567	2568	5	-1	-1	-1
2388	2666	2387	5	-1	-1	-1
2568	2569	2306	5	-1	-1	-1
2667	2389	2387	5	-1	-1	-1
2665	2394	2386	4	-1	-1	-1
2670	2390	2389	5	-1	-1	-1
2571	2572	2310	5	-1	-1	-1
2416	2623	2415	3	-1	-1	-1
2573	2310	2572	5	-1	-1	-1
2311	2574	2570	5	-1	-1	-1
2544	2324	2589	5	-1	-1	-1
2312	2570	2575	5	-1	-1	-1
2313	2577	2567	5	-1	-1	-1
2393	2672	2392	4	-1	-1	-1
2573	2574	2311	5	-1	-1	-1
2394	2674	2393	4	-1	-1	-1
2312	2575	2576	5	-1	-1	-1
2576	2577	2313	5	-1	-1	-1
2571	2317	2582	5	-1	-1	-1
2400	2675	2397	3	-1	-1	-1
2580	2578	2314	4	-1	-1	-1
2580	2314	2579	4	-1	-1	-1
2399	2398	2677	3	-1	-1	-1
2581	2579	2315	4	-1	-1	-1
2401	2677	2398	3	-1	-1	-1
2399	2678	2400	3	-1	-1	-1
2318	2578	2582	4	-1	-1	-1
2401	2403	2679	3	-1	-1	-1
2680	2403	2402	5	-1	-1	-1
2402	2404	2680	5	-1	-1	-1
2319	2584	2583	5	-1	-1	-1
2585	2584	2320	5	-1	-1	-1
2404	2405	2682	5	-1	-1	-1
2586	2585	2321	5	-1	-1	-1
2587	2586	2322	5	-1	-1	-1
2407	2683	2406	5	-1	-1	-1
2583	2589	2324	5	-1	-1	-1
2588	2587	2322	5	-1	-1	-1
2405	2412	2682	5	-1	-1	-1
2397	2676	2426	3	-1	-1	-1
2685	2407	2408	5	-1	-1	-1
2409	2685	2408	5	-1	-1	-1
2684	2414	2406	5	-1	-1	-1
2638	2501	2367	5	-1	-1	-1
2325	2590	2591	5	-1	-1	-1
2591	2592	2326	5	-1	-1	-1
2327	2593	2590	5	-1	-1	-1
2686	2411	2414	5	-1	-1	-1
2687	2413	2411	5	-1	-1	-1
2412	2413	2688	5	-1	-1	-1
2593	2327	2594	3	-1	-1	-1
2595	2594	2327	3	-1	-1	-1
2646	2368	2504	5	-1	-1	-1
2676	2409	2436	3	-1	-1	-1
2597	2596	2329	3	-1	-1	-1
2330	2598	2595	3	-1	-1	-1
2417	2690	2416	3	-1	-1	-1
2691	2417	2418	3	-1	-1	-1
2599	2331	2596	3	-1	-1	-1
2599	2598	2331	3	-1	-1	-1
2420	2693	2419	3	-1	-1	-1
2332	2600	2601	5	-1	-1	-1
2694	2420	2421	3	-1	-1	-1
2601	2602	2333	5	-1	-1	-1
2600	2334	2603	5	-1	-1	-1
2426	2676	2436	3	-1	-1	-1
2695	2421	2423	3	-1	-1	-1
2604	2603	2335	5	-1	-1	-1
2605	2336	2602	5	-1	-1	-1
2606	2337	2605	5	-1	-1	-1
2569	2491	2492	5	-1	-1	-1
2608	2607	2339	5	-1	-1	-1
2343	2614	2597	3	-1	-1	-1
2609	2339	2606	5	-1	-1	-1
2608	2339	2609	5	-1	-1	-1
2672	2494	2392	4	-1	-1	-1
2697	2423	2440	3	-1	-1	-1
2612	2341	2607	5	-1	-1	-1
2340	2610	2611	5	-1	-1	-1
2699	2431	2432	5	-1	-1	-1
2434	2698	2430	5	-1	-1	-1
2521	2522	2520	5	-1	-1	-1
2341	2612	2610	5	-1	-1	-1
2433	2701	2432	5	-1	-1	-1
2342	2611	2613	3	-1	-1	-1
2431	2700	2435	5	-1	-1	-1
2613	2614	2343	3	-1	-1	-1
2435	2702	2434	5	-1	-1	-1
2615	2616	2344	5	-1	-1	-1
2350	2622	2604	5	-1	-1	-1
2615	2345	2617	5	-1	-1	-1
2441	2697	2440	3	-1	-1	-1
2618	2346	2616	5	-1	-1	-1
2698	2454	2430	5	-1	-1	-1
2619	2347	2618	5	-1	-1	-1
2620	2347	2619	5	-1	-1	-1
2348	2620	2621	5	-1	-1	-1
2706	2441	2442	3	-1	-1	-1
2592	2637	2362	5	-1	-1	-1
2349	2621	2622	5	-1	-1	-1
2707	2442	2444	3	-1	-1	-1
2617	2353	2624	5	-1	-1	-1
2708	2444	2443	3	-1	-1	-1
2443	2445	2708	3	-1	-1	-1
2701	2433	2466	5	-1	-1	-1
2624	2354	2625	3	-1	-1	-1
2626	2354	2623	3	-1	-1	-1
2713	2445	2446	3	-1	-1	-1
2354	2626	2625	3	-1	-1	-1
2714	2446	2447	3	-1	-1	-1
2447	2448	2715	3	-1	-1	-1
2355	2627	2628	5	-1	-1	-1
2629	2627	2356	5	-1	-1	-1
2449	2716	2448	5	-1	-1	-1
2630	2629	2356	5	-1	-1	-1
2717	2449	2450	5	-1	-1	-1
2630	2357	2631	5	-1	-1	-1
2451	2718	2450	5	-1	-1	-1
2633	2359	2628	5	-1	-1	-1
2601	2600	2419	3	-1	-1	-1
2603	2418	2600	3	-1	-1	-1
2452	2719	2451	5	-1	-1	-1
2359	2634	2632	5	-1	-1	-1
2359	2633	2634	5	-1	-1	-1
2722	2452	2453	5	-1	-1	-1
2361	2632	2636	1	-1	-1	-1
2637	2631	2362	5	-1	-1	-1
2724	2453	2454	5	-1	-1	-1
2636	2635	2361	1	-1	-1	-1
2456	2455	2726	5	-1	-1	-1
2726	2455	2458	5	-1	-1	-1
2639	2638	2363	5	-1	-1	-1
2457	2456	2728	5	-1	-1	-1
2493	2646	2504	5	-1	-1	-1
2639	2364	2640	5	-1	-1	-1
2364	2641	2640	5	-1	-1	-1
2460	2729	2458	5	-1	-1	-1
2642	2641	2365	5	-1	-1	-1
2459	2731	2460	5	-1	-1	-1
2365	2643	2642	5	-1	-1	-1
2457	2728	2466	5	-1	-1	-1
2459	2461	2732	5	-1	-1	-1
2644	2643	2366	5	-1	-1	-1
2645	2644	2366	5	-1	-1	-1
2734	2461	2463	5	-1	-1	-1
2735	2463	2462	5	-1	-1	-1
2464	2735	2462	5	-1	-1	-1
2369	2647	2648	5	-1	-1	-1
2646	2649	2370	5	-1	-1	-1
2647	2370	2649	5	-1	-1	-1
2372	2651	2645	5	-1	-1	-1
2650	2651	2372	5	-1	-1	-1
2652	2650	2373	5	-1	-1	-1
2469	2741	2467	5	-1	-1	-1
2381	2635	2662	1	-1	-1	-1
2469	2468	2743	5	-1	-1	-1
2468	2471	2742	5	-1	-1	-1
2741	2473	2467	5	-1	-1	-1
2375	2654	2652	5	-1	-1	-1
2376	2653	2655	5	-1	-1	-1
2470	2745	2471	5	-1	-1	-1
2377	2656	2654	5	-1	-1	-1
2473	2741	2474	5	-1	-1	-1
2655	2657	2377	5	-1	-1	-1
2658	2653	2378	1	-1	-1	-1
2464	2487	2739	5	-1	-1	-1
2657	2656	2377	5	-1	-1	-1
2382	2648	2663	5	-1	-1	-1
2748	2472	2474	5	-1	-1	-1
2659	2658	2379	1	-1	-1	-1
2659	2379	2660	1	-1	-1	-1
2484	2745	2470	5	-1	-1	-1
2380	2661	2660	1	-1	-1	-1
2475	2750	2476	5	-1	-1	-1
2750	2477	2476	5	-1	-1	-1
2485	2472	2747	5	-1	-1	-1
2662	2661	2381	1	-1	-1	-1
2752	2479	2478	5	-1	-1	-1
2477	2750	2483	5	-1	-1	-1
2481	2751	2478	5	-1	-1	-1
2603	2691	2418	3	-1	-1	-1
2419	2693	2601	3	-1	-1	-1
2665	2386	2664	4	-1	-1	-1
2755	2481	2480	5	-1	-1	-1
2755	2480	2482	5	-1	-1	-1
2479	2754	2484	5	-1	-1	-1
2663	2668	2388	5	-1	-1	-1
2667	2387	2666	5	-1	-1	-1
2666	2388	2669	5	-1	-1	-1
2664	2390	2671	5	-1	-1	-1
2669	2388	2668	5	-1	-1	-1
2667	2670	2389	5	-1	-1	-1
2416	2689	2623	3	-1	-1	-1
2485	2759	2486	5	-1	-1	-1
2670	2671	2390	5	-1	-1	-1
2759	2488	2486	5	-1	-1	-1
2665	2674	2394	4	-1	-1	-1
2487	2488	2760	5	-1	-1	-1
2393	2673	2672	4	-1	-1	-1
2673	2393	2674	4	-1	-1	-1
2763	2490	2489	4	-1	-1	-1
2489	2491	2762	5	-1	-1	-1
2675	2676	2397	3	-1	-1	-1
2494	2764	2493	4	-1	-1	-1
2678	2675	2400	3	-1	-1	-1
2678	2399	2677	3	-1	-1	-1
2496	2765	2495	5	-1	-1	-1
2677	2401	2679	3	-1	-1	-1
2767	2496	2497	5	-1	-1	-1
2403	2681	2679	3	-1	-1	-1
2499	2768	2497	1	-1	-1	-1
2403	2680	2681	3	-1	-1	-1
2404	2682	2680	5	-1	-1	-1
2498	2769	2499	1	-1	-1	-1
2498	2500	2770	1	-1	-1	-1
2685	2409	2676	3	-1	-1	-1
2683	2684	2406	5	-1	-1	-1
2683	2407	2685	5	-1	-1	-1
2500	2503	2773	1	-1	-1	-1
2501	2774	2502	5	-1	-1	-1
2775	2503	2502	1	-1	-1	-1
2688	2682	2412	5	-1	-1	-1
2414	2684	2686	5	-1	-1	-1
2686	2687	2411	5	-1	-1	-1
2687	2688	2413	5	-1	-1	-1
2778	2505	2506	5	-1	-1	-1
2505	2777	2508	5	-1	-1	-1
2780	2507	2508	5	-1	-1	-1
2690	2689	2416	3	-1	-1	-1
2507	2780	2509	5	-1	-1	-1
2690	2417	2692	3	-1	-1	-1
2514	2779	2506	5	-1	-1	-1
2692	2417	2691	3	-1	-1	-1
2782	2513	2512	5	-1	-1	-1
2420	2694	2693	3	-1	-1	-1
2512	2515	2782	5	-1	-1	-1
2784	2514	2513	5	-1	-1	-1
2696	2694	2421	3	-1	-1	-1
2696	2421	2695	3	-1	-1	-1
2695	2423	2697	3	-1	-1	-1
2786	2517	2516	5	-1	-1	-1
2491	2569	2762	5	-1	-1	-1
2518	2517	2787	5	-1	-1	-1
2785	2515	2523	5	-1	-1	-1
2519	2518	2788	5	-1	-1	-1
2519	2789	2521	5	-1	-1	-1
2700	2431	2699	5	-1	-1	-1
2432	2701	2699	5	-1	-1	-1
2790	2522	2521	5	-1	-1	-1
2786	2516	2531	5	-1	-1	-1
2581	2490	2763	4	-1	-1	-1
2790	2523	2522	5	-1	-1	-1
2703	2698	2434	5	-1	-1	-1
2703	2434	2702	5	-1	-1	-1
2700	2704	2435	5	-1	-1	-1
2435	2704	2702	5	-1	-1	-1
2524	2793	2525	5	-1	-1	-1
2705	2697	2441	3	-1	-1	-1
2527	2794	2524	5	-1	-1	-1
2525	2796	2526	5	-1	-1	-1
2495	2766	2588	5	-1	-1	-1
2705	2441	2706	3	-1	-1	-1
2706	2442	2707	3	-1	-1	-1
2528	2799	2529	5	-1	-1	-1
2797	2536	2526	5	-1	-1	-1
2528	2533	2798	5	-1	-1	-1
2530	2529	2800	5	-1	-1	-1
2707	2444	2710	3	-1	-1	-1
2531	2530	2801	5	-1	-1	-1
2710	2444	2709	3	-1	-1	-1
2711	2444	2708	3	-1	-1	-1
2709	2444	2711	3	-1	-1	-1
2620	2619	2626	3	-1	-1	-1
2708	2445	2712	3	-1	-1	-1
2532	2803	2533	5	-1	-1	-1
2535	2803	2532	5	-1	-1	-1
2713	2712	2445	3	-1	-1	-1
2626	2619	2625	3	-1	-1	-1
2536	2797	2539	5	-1	-1	-1
2446	2714	2713	3	-1	-1	-1
2535	2534	2806	5	-1	-1	-1
2715	2714	2447	3	-1	-1	-1
2805	2534	2537	5	-1	-1	-1
2698	2725	2454	5	-1	-1	-1
2448	2716	2715	3	-1	-1	-1
2559	2794	2527	5	-1	-1	-1
2716	2449	2717	5	-1	-1	-1
2809	2537	2538	5	-1	-1	-1
2717	2450	2718	5	-1	-1	-1
2810	2538	2539	5	-1	-1	-1
2451	2720	2718	5	-1	-1	-1
2720	2451	2719	5	-1	-1	-1
2719	2452	2721	5	-1	-1	-1
2722	2721	2452	5	-1	-1	-1
2813	2542	2540	5	-1	-1	-1
2602	2601	2693	3	-1	-1	-1
2542	2814	2541	5	-1	-1	-1
2722	2453	2723	5	-1	-1	-1
2691	2603	2604	3	-1	-1	-1
2813	2540	2546	5	-1	-1	-1
2568	2762	2569	5	-1	-1	-1
2724	2723	2453	5	-1	-1	-1
2694	2605	2602	3	-1	-1	-1
2724	2454	2725	5	-1	-1	-1
2764	2646	2493	5	-1	-1	-1
2543	2544	2818	5	-1	-1	-1
2543	2818	2545	5	-1	-1	-1
2701	2466	2740	5	-1	-1	-1
2541	2815	2553	5	-1	-1	-1
2456	2726	2727	5	-1	-1	-1
2545	2820	2546	5	-1	-1	-1
2727	2728	2456	5	-1	-1	-1
2638	2774	2501	5	-1	-1	-1
2458	2730	2726	5	-1	-1	-1
2458	2729	2730	5	-1	-1	-1
2692	2604	2622	3	-1	-1	-1
2732	2731	2459	5	-1	-1	-1
2460	2733	2729	5	-1	-1	-1
2825	2547	2552	5	-1	-1	-1
2460	2731	2733	5	-1	-1	-1
2549	2827	2548	5	-1	-1	-1
2548	2826	2552	5	-1	-1	-1
2549	2550	2828	5	-1	-1	-1
2461	2734	2732	5	-1	-1	-1
2824	2557	2547	5	-1	-1	-1
2828	2550	2551	5	-1	-1	-1
2621	2620	2689	3	-1	-1	-1
2494	2672	2764	4	-1	-1	-1
2690	2622	2621	3	-1	-1	-1
2735	2736	2463	5	-1	-1	-1
2737	2734	2463	5	-1	-1	-1
2466	2728	2740	5	-1	-1	-1
2620	2626	2689	3	-1	-1	-1
2830	2551	2555	5	-1	-1	-1
2463	2736	2737	5	-1	-1	-1
2464	2738	2735	5	-1	-1	-1
2626	2623	2689	3	-1	-1	-1
2554	2553	2832	5	-1	-1	-1
2464	2739	2738	5	-1	-1	-1
2833	2555	2554	5	-1	-1	-1
2557	2835	2556	5	-1	-1	-1
2589	2819	2544	5	-1	-1	-1
2743	2468	2742	5	-1	-1	-1
2744	2741	2469	5	-1	-1	-1
2559	2558	2838	5	-1	-1	-1
2837	2558	2560	5	-1	-1	-1
2835	2565	2556	5	-1	-1	-1
2469	2743	2744	5	-1	-1	-1
2746	2742	2471	5	-1	-1	-1
2471	2745	2746	5	-1	-1	-1
2841	2560	2561	5	-1	-1	-1
2741	2749	2474	5	-1	-1	-1
2561	2562	2843	5	-1	-1	-1
2472	2748	2747	5	-1	-1	-1
2844	2562	2563	5	-1	-1	-1
2749	2748	2474	5	-1	-1	-1
2566	2844	2563	5	-1	-1	-1
2845	2564	2565	3	-1	-1	-1
2846	2566	2564	3	-1	-1	-1
2751	2752	2478	5	-1	-1	-1
2752	2753	2479	5	-1	-1	-1
2850	2568	2567	5	-1	-1	-1
2479	2753	2754	5	-1	-1	-1
2487	2760	2739	5	-1	-1	-1
2484	2758	2745	5	-1	-1	-1
2604	2692	2691	3	-1	-1	-1
2751	2481	2757	5	-1	-1	-1
2694	2602	2693	3	-1	-1	-1
2747	2759	2485	5	-1	-1	-1
2755	2756	2481	5	-1	-1	-1
2481	2756	2757	5	-1	-1	-1
2850	2567	2577	5	-1	-1	-1
2570	2574	2851	5	-1	-1	-1
2696	2605	2694	3	-1	-1	-1
2758	2484	2754	5	-1	-1	-1
2852	2572	2571	5	-1	-1	-1
2570	2851	2575	5	-1	-1	-1
2573	2572	2853	5	-1	-1	-1
2690	2621	2689	3	-1	-1	-1
2574	2573	2854	5	-1	-1	-1
2690	2692	2622	3	-1	-1	-1
2582	2852	2571	5	-1	-1	-1
2855	2576	2575	5	-1	-1	-1
2488	2759	2761	5	-1	-1	-1
2760	2488	2761	5	-1	-1	-1
2577	2576	2856	5	-1	-1	-1
2762	2763	2489	5	-1	-1	-1
2578	2580	2859	4	-1	-1	-1
2860	2580	2579	4	-1	-1	-1
2859	2582	2578	4	-1	-1	-1
2581	2860	2579	4	-1	-1	-1
2766	2495	2765	5	-1	-1	-1
2767	2765	2496	5	-1	-1	-1
2583	2584	2862	5	-1	-1	-1
2768	2767	2497	1	-1	-1	-1
2585	2863	2584	5	-1	-1	-1
2589	2583	2862	5	-1	-1	-1
2585	2586	2864	5	-1	-1	-1
2770	2769	2498	1	-1	-1	-1
2499	2771	2768	1	-1	-1	-1
2586	2587	2866	5	-1	-1	-1
2769	2772	2499	1	-1	-1	-1
2499	2772	2771	1	-1	-1	-1
2588	2867	2587	5	-1	-1	-1
2773	2770	2500	1	-1	-1	-1
2681	2680	2688	3	-1	-1	-1
2682	2688	2680	3	-1	-1	-1
2590	2870	2591	5	-1	-1	-1
2775	2502	2774	1	-1	-1	-1
2503	2776	2773	1	-1	-1	-1
2503	2775	2776	1	-1	-1	-1
2590	2593	2871	5	-1	-1	-1
2872	2592	2591	5	-1	-1	-1
2688	2687	2681	3	-1	-1	-1
2649	2646	2764	5	-1	-1	-1
2505	2778	2777	5	-1	-1	-1
2594	2874	2593	3	-1	-1	-1
2778	2506	2779	5	-1	-1	-1
2875	2594	2595	3	-1	-1	-1
2781	2508	2777	5	-1	-1	-1
2508	2781	2780	5	-1	-1	-1
2598	2876	2595	3	-1	-1	-1
2596	2597	2878	3	-1	-1	-1
2596	2877	2599	3	-1	-1	-1
2598	2599	2879	3	-1	-1	-1
2784	2779	2514	5	-1	-1	-1
2513	2782	2783	5	-1	-1	-1
2784	2513	2783	5	-1	-1	-1
2515	2785	2782	5	-1	-1	-1
2614	2878	2597	3	-1	-1	-1
2787	2517	2786	5	-1	-1	-1
2881	2606	2605	3	-1	-1	-1
2788	2518	2787	5	-1	-1	-1
2789	2519	2788	5	-1	-1	-1
2609	2606	2882	3	-1	-1	-1
2790	2785	2523	5	-1	-1	-1
2883	2607	2608	5	-1	-1	-1
2789	2791	2521	5	-1	-1	-1
2790	2521	2791	5	-1	-1	-1
2873	2637	2592	5	-1	-1	-1
2886	2608	2609	5	-1	-1	-1
2612	2607	2884	5	-1	-1	-1
2793	2524	2792	5	-1	-1	-1
2611	2610	2888	5	-1	-1	-1
2612	2888	2610	5	-1	-1	-1
2524	2794	2792	5	-1	-1	-1
2525	2793	2795	5	-1	-1	-1
2889	2613	2611	3	-1	-1	-1
2525	2795	2796	5	-1	-1	-1
2531	2801	2786	5	-1	-1	-1
2796	2797	2526	5	-1	-1	-1
2613	2892	2614	3	-1	-1	-1
2798	2799	2528	5	-1	-1	-1
2894	2616	2615	5	-1	-1	-1
2894	2615	2617	5	-1	-1	-1
2703	2725	2698	5	-1	-1	-1
2529	2799	2800	5	-1	-1	-1
2895	2618	2616	5	-1	-1	-1
2895	2619	2618	5	-1	-1	-1
2530	2800	2802	5	-1	-1	-1
2801	2530	2802	5	-1	-1	-1
2533	2804	2798	5	-1	-1	-1
2624	2894	2617	5	-1	-1	-1
2625	2619	2895	3	-1	-1	-1
2804	2533	2803	5	-1	-1	-1
2624	2625	2895	3	-1	-1	-1
2807	2803	2535	5	-1	-1	-1
2534	2805	2806	5	-1	-1	-1
2807	2535	2806	5	-1	-1	-1
2797	2812	2539	5	-1	-1	-1
2808	2805	2537	5	-1	-1	-1
2628	2627	2896	5	-1	-1	-1
2896	2627	2629	5	-1	-1	-1
2808	2537	2809	5	-1	-1	-1
2898	2629	2630	5	-1	-1	-1
2811	2809	2538	5	-1	-1	-1
2628	2897	2633	5	-1	-1	-1
2811	2538	2810	5	-1	-1	-1
2539	2812	2810	5	-1	-1	-1
2630	2631	2900	5	-1	-1	-1
2632	2634	2902	1	-1	-1	-1
2901	2631	2637	5	-1	-1	-1
2902	2636	2632	1	-1	-1	-1
2814	2815	2541	5	-1	-1	-1
2903	2634	2633	5	-1	-1	-1
2813	2817	2542	5	-1	-1	-1
2814	2542	2816	5	-1	-1	-1
2816	2542	2817	5	-1	-1	-1
2635	2636	2906	1	-1	-1	-1
2850	2762	2568	5	-1	-1	-1
2819	2818	2544	5	-1	-1	-1
2823	2813	2546	5	-1	-1	-1
2605	2696	2881	3	-1	-1	-1
2818	2821	2545	5	-1	-1	-1
2638	2639	2908	5	-1	-1	-1
2545	2821	2820	5	-1	-1	-1
2546	2820	2822	5	-1	-1	-1
2909	2639	2640	5	-1	-1	-1
2640	2641	2910	5	-1	-1	-1
2546	2822	2823	5	-1	-1	-1
2794	2559	2839	5	-1	-1	-1
2911	2641	2642	5	-1	-1	-1
2825	2824	2547	5	-1	-1	-1
2643	2912	2642	5	-1	-1	-1
2644	2913	2643	5	-1	-1	-1
2832	2553	2815	5	-1	-1	-1
2827	2826	2548	5	-1	-1	-1
2581	2763	2858	4	-1	-1	-1
2662	2635	2905	1	-1	-1	-1
2645	2914	2644	5	-1	-1	-1
2829	2827	2549	5	-1	-1	-1
2828	2829	2549	5	-1	-1	-1
2831	2552	2826	5	-1	-1	-1
2552	2831	2825	5	-1	-1	-1
2735	2738	2736	5	-1	-1	-1
2551	2830	2828	5	-1	-1	-1
2915	2645	2651	5	-1	-1	-1
2648	2647	2917	5	-1	-1	-1
2649	2917	2647	5	-1	-1	-1
2557	2824	2836	5	-1	-1	-1
2555	2834	2830	5	-1	-1	-1
2833	2554	2832	5	-1	-1	-1
2766	2867	2588	5	-1	-1	-1
2651	2650	2921	5	-1	-1	-1
2920	2650	2652	5	-1	-1	-1
2834	2555	2833	5	-1	-1	-1
2836	2835	2557	5	-1	-1	-1
2652	2654	2922	5	-1	-1	-1
2663	2648	2918	5	-1	-1	-1
2653	2923	2655	1	-1	-1	-1
2656	2922	2654	5	-1	-1	-1
2838	2558	2837	5	-1	-1	-1
2923	2653	2658	1	-1	-1	-1
2924	2657	2655	1	-1	-1	-1
2838	2840	2559	5	-1	-1	-1
2657	2925	2656	5	-1	-1	-1
2841	2837	2560	5	-1	-1	-1
2559	2840	2839	5	-1	-1	-1
2561	2842	2841	5	-1	-1	-1
2658	2659	2929	1	-1	-1	-1
2842	2561	2843	5	-1	-1	-1
2848	2565	2835	5	-1	-1	-1
2843	2562	2844	5	-1	-1	-1
2663	2918	2668	5	-1	-1	-1
2746	2745	2758	5	-1	-1	-1
2660	2931	2659	1	-1	-1	-1
2932	2660	2661	1	-1	-1	-1
2564	2845	2846	3	-1	-1	-1
2661	2662	2933	1	-1	-1	-1
2845	2565	2847	3	-1	-1	-1
2566	2849	2844	3	-1	-1	-1
2565	2848	2847	3	-1	-1	-1
2849	2566	2846	3	-1	-1	-1
2664	2934	2665	4	-1	-1	-1
2919	2672	2673	4	-1	-1	-1
2935	2667	2666	5	-1	-1	-1
2671	2934	2664	4	-1	-1	-1
2935	2666	2669	5	-1	-1	-1
2934	2674	2665	4	-1	-1	-1
2936	2670	2667	5	-1	-1	-1
2937	2669	2668	5	-1	-1	-1
2589	2869	2819	5	-1	-1	-1
2852	2853	2572	5	-1	-1	-1
2936	2671	2670	5	-1	-1	-1
2854	2851	2574	5	-1	-1	-1
2853	2854	2573	5	-1	-1	-1
2851	2855	2575	5	-1	-1	-1
2858	2850	2577	5	-1	-1	-1
2855	2857	2576	5	-1	-1	-1
2941	2673	2674	4	-1	-1	-1
2856	2576	2857	5	-1	-1	-1
2856	2858	2577	5	-1	-1	-1
2859	2852	2582	4	-1	-1	-1
2943	2676	2675	3	-1	-1	-1
2942	2675	2678	3	-1	-1	-1
2678	2677	2944	3	-1	-1	-1
2858	2860	2581	4	-1	-1	-1
2580	2861	2859	4	-1	-1	-1
2679	2944	2677	3	-1	-1	-1
2860	2861	2580	4	-1	-1	-1
2676	2943	2685	3	-1	-1	-1
2679	2681	2945	3	-1	-1	-1
2584	2863	2862	5	-1	-1	-1
2943	2684	2683	3	-1	-1	-1
2685	2943	2683	3	-1	-1	-1
2585	2865	2863	5	-1	-1	-1
2945	2681	2687	3	-1	-1	-1
2864	2865	2585	5	-1	-1	-1
2684	2946	2686	3	-1	-1	-1
2586	2866	2864	5	-1	-1	-1
2945	2687	2686	3	-1	-1	-1
2908	2774	2638	5	-1	-1	-1
2589	2862	2869	5	-1	-1	-1
2587	2868	2866	5	-1	-1	-1
2871	2870	2590	5	-1	-1	-1
2587	2867	2868	5	-1	-1	-1
2649	2764	2919	5	-1	-1	-1
2872	2591	2870	5	-1	-1	-1
2872	2873	2592	5	-1	-1	-1
2871	2593	2874	3	-1	-1	-1
2947	2696	2695	3	-1	-1	-1
2947	2695	2697	3	-1	-1	-1
2875	2874	2594	3	-1	-1	-1
2876	2875	2595	3	-1	-1	-1
2948	2700	2699	5	-1	-1	-1
2948	2699	2701	5	-1	-1	-1
2878	2877	2596	3	-1	-1	-1
2947	2697	2705	3	-1	-1	-1
2700	2949	2704	5	-1	-1	-1
2879	2876	2598	3	-1	-1	-1
2672	2919	2764	4	-1	-1	-1
2877	2880	2599	3	-1	-1	-1
2702	2952	2703	5	-1	-1	-1
2702	2704	2951	5	-1	-1	-1
2880	2879	2599	3	-1	-1	-1
2706	2957	2705	3	-1	-1	-1
2776	2932	2661	1	-1	-1	-1
2882	2606	2881	3	-1	-1	-1
2661	2933	2776	1	-1	-1	-1
2607	2883	2884	5	-1	-1	-1
2706	2707	2961	3	-1	-1	-1
2763	2762	2850	5	-1	-1	-1
2608	2885	2883	5	-1	-1	-1
2710	2961	2707	3	-1	-1	-1
2882	2887	2609	3	-1	-1	-1
2608	2886	2885	5	-1	-1	-1
2711	2708	2962	3	-1	-1	-1
2962	2708	2712	3	-1	-1	-1
2710	2709	2963	3	-1	-1	-1
2886	2609	2887	3	-1	-1	-1
2703	2955	2725	5	-1	-1	-1
2964	2709	2711	3	-1	-1	-1
2893	2878	2614	3	-1	-1	-1
2612	2884	2890	5	-1	-1	-1
2889	2611	2888	3	-1	-1	-1
2740	2948	2701	5	-1	-1	-1
2891	2888	2612	5	-1	-1	-1
2612	2890	2891	5	-1	-1	-1
2968	2712	2713	3	-1	-1	-1
2892	2613	2889	3	-1	-1	-1
2969	2713	2714	3	-1	-1	-1
2892	2893	2614	3	-1	-1	-1
2715	2970	2714	3	-1	-1	-1
2715	2716	2972	3	-1	-1	-1
2724	2725	2955	5	-1	-1	-1
2894	2895	2616	5	-1	-1	-1
2717	2974	2716	5	-1	-1	-1
2717	2718	2975	5	-1	-1	-1
2894	2624	2895	3	-1	-1	-1
2803	2807	2804	5	-1	-1	-1
2976	2718	2720	5	-1	-1	-1
2720	2719	2977	5	-1	-1	-1
2873	2907	2637	5	-1	-1	-1
2719	2721	2977	5	-1	-1	-1
2897	2628	2896	5	-1	-1	-1
2981	2721	2722	5	-1	-1	-1
2629	2899	2896	5	-1	-1	-1
2629	2898	2899	5	-1	-1	-1
2630	2900	2898	5	-1	-1	-1
2722	2723	2983	5	-1	-1	-1
2901	2900	2631	5	-1	-1	-1
2724	2985	2723	5	-1	-1	-1
2633	2897	2903	5	-1	-1	-1
2727	2726	2986	5	-1	-1	-1
2904	2902	2634	1	-1	-1	-1
2634	2903	2904	1	-1	-1	-1
2727	2987	2728	5	-1	-1	-1
2730	2986	2726	5	-1	-1	-1
2636	2902	2906	1	-1	-1	-1
2901	2637	2907	5	-1	-1	-1
2906	2905	2635	1	-1	-1	-1
2730	2729	2989	5	-1	-1	-1
2733	2990	2729	5	-1	-1	-1
2813	2823	2817	5	-1	-1	-1
2740	2728	2987	5	-1	-1	-1
2992	2731	2732	5	-1	-1	-1
2639	2909	2908	5	-1	-1	-1
2992	2733	2731	5	-1	-1	-1
2640	2910	2909	5	-1	-1	-1
2732	2734	2993	5	-1	-1	-1
2911	2910	2641	5	-1	-1	-1
2993	2734	2737	5	-1	-1	-1
2912	2911	2642	5	-1	-1	-1
2995	2737	2736	5	-1	-1	-1
2643	2913	2912	5	-1	-1	-1
2736	2738	2996	5	-1	-1	-1
2914	2913	2644	5	-1	-1	-1
2763	2850	2858	5	-1	-1	-1
2914	2645	2916	5	-1	-1	-1
2916	2645	2915	5	-1	-1	-1
2999	2738	2739	5	-1	-1	-1
2933	2773	2776	1	-1	-1	-1
2917	2918	2648	5	-1	-1	-1
2775	2932	2776	1	-1	-1	-1
2649	2919	2917	5	-1	-1	-1
2741	2744	3002	5	-1	-1	-1
2830	2829	2828	5	-1	-1	-1
2915	2651	2921	5	-1	-1	-1
2743	2742	3003	5	-1	-1	-1
2746	3003	2742	5	-1	-1	-1
2920	2921	2650	5	-1	-1	-1
2741	3002	2749	5	-1	-1	-1
3006	2744	2743	5	-1	-1	-1
2652	2922	2920	5	-1	-1	-1
2739	2760	3000	5	-1	-1	-1
2905	2933	2662	1	-1	-1	-1
2924	2655	2923	1	-1	-1	-1
2922	2656	2925	5	-1	-1	-1
3008	2747	2748	5	-1	-1	-1
2749	3009	2748	5	-1	-1	-1
2926	2925	2657	1	-1	-1	-1
2657	2924	2927	1	-1	-1	-1
2923	2658	2928	1	-1	-1	-1
2657	2927	2926	1	-1	-1	-1
2746	2758	3007	5	-1	-1	-1
2751	3011	2752	5	-1	-1	-1
3008	2759	2747	5	-1	-1	-1
2928	2658	2929	1	-1	-1	-1
3012	2753	2752	5	-1	-1	-1
2930	2929	2659	1	-1	-1	-1
2757	3010	2751	5	-1	-1	-1
2848	2835	2836	5	-1	-1	-1
2930	2659	2931	1	-1	-1	-1
2760	2761	3000	5	-1	-1	-1
3014	2754	2753	5	-1	-1	-1
2660	2932	2931	1	-1	-1	-1
2918	2937	2668	5	-1	-1	-1
2947	2881	2696	3	-1	-1	-1
2758	2754	3015	5	-1	-1	-1
3008	2761	2759	5	-1	-1	-1
2757	2756	3016	5	-1	-1	-1
2919	2673	2940	4	-1	-1	-1
2936	2667	2935	5	-1	-1	-1
2938	2935	2669	5	-1	-1	-1
2669	2937	2938	5	-1	-1	-1
2939	2934	2671	4	-1	-1	-1
2939	2671	2936	4	-1	-1	-1
2674	2934	2941	4	-1	-1	-1
3019	2766	2765	5	-1	-1	-1
2767	3019	2765	5	-1	-1	-1
2673	2941	2940	4	-1	-1	-1
2767	2768	3021	1	-1	-1	-1
2675	2942	2943	3	-1	-1	-1
3022	2768	2771	1	-1	-1	-1
3024	2769	2770	1	-1	-1	-1
2944	2942	2678	3	-1	-1	-1
2772	2769	3023	1	-1	-1	-1
2945	2944	2679	3	-1	-1	-1
2942	2684	2943	3	-1	-1	-1
2770	2773	3026	1	-1	-1	-1
2772	3027	2771	1	-1	-1	-1
2942	2946	2684	3	-1	-1	-1
2861	2856	2857	4	-1	-1	-1
2858	2856	2860	4	-1	-1	-1
2856	2861	2860	4	-1	-1	-1
2945	2686	2946	3	-1	-1	-1
2774	3032	2775	1	-1	-1	-1
3033	2777	2778	5	-1	-1	-1
2777	3033	2781	5	-1	-1	-1
2778	2779	3034	5	-1	-1	-1
2948	2950	2700	5	-1	-1	-1
2700	2950	2949	5	-1	-1	-1
2784	3036	2779	5	-1	-1	-1
2782	3038	2783	5	-1	-1	-1
2782	2785	3037	5	-1	-1	-1
2951	2952	2702	5	-1	-1	-1
2783	3040	2784	5	-1	-1	-1
2703	2952	2953	5	-1	-1	-1
2956	2704	2949	5	-1	-1	-1
2703	2953	2954	5	-1	-1	-1
2956	2951	2704	5	-1	-1	-1
2959	2947	2705	3	-1	-1	-1
2955	2703	2954	5	-1	-1	-1
2790	3042	2785	5	-1	-1	-1
3044	2787	2786	5	-1	-1	-1
2788	2787	3045	5	-1	-1	-1
2957	2958	2705	3	-1	-1	-1
2705	2958	2959	3	-1	-1	-1
2706	2960	2957	3	-1	-1	-1
2788	3047	2789	5	-1	-1	-1
2960	2706	2961	3	-1	-1	-1
2791	2789	3047	5	-1	-1	-1
2791	3048	2790	5	-1	-1	-1
2801	3044	2786	5	-1	-1	-1
2965	2961	2710	3	-1	-1	-1
2963	2709	2964	3	-1	-1	-1
2792	2794	3051	5	-1	-1	-1
3052	2793	2792	5	-1	-1	-1
2965	2710	2963	3	-1	-1	-1
2962	2966	2711	3	-1	-1	-1
2967	2962	2712	3	-1	-1	-1
2711	2966	2964	3	-1	-1	-1
2793	3053	2795	5	-1	-1	-1
2795	3055	2796	5	-1	-1	-1
2967	2712	2968	3	-1	-1	-1
3056	2797	2796	5	-1	-1	-1
2969	2968	2713	3	-1	-1	-1
3020	2867	2766	5	-1	-1	-1
2714	2971	2969	3	-1	-1	-1
2799	2798	3057	5	-1	-1	-1
2970	2971	2714	3	-1	-1	-1
3058	2800	2799	5	-1	-1	-1
2970	2715	2973	3	-1	-1	-1
2804	3057	2798	5	-1	-1	-1
2972	2973	2715	3	-1	-1	-1
3059	2802	2800	5	-1	-1	-1
2716	2974	2972	3	-1	-1	-1
2985	2724	2955	5	-1	-1	-1
3061	2801	2802	5	-1	-1	-1
2812	2797	3056	5	-1	-1	-1
2975	2974	2717	5	-1	-1	-1
2718	2976	2975	5	-1	-1	-1
2720	2979	2976	5	-1	-1	-1
2720	2977	2978	5	-1	-1	-1
2807	3064	2804	5	-1	-1	-1
3065	2806	2805	5	-1	-1	-1
2720	2978	2979	5	-1	-1	-1
2805	2808	3065	5	-1	-1	-1
2980	2977	2721	5	-1	-1	-1
3066	2807	2806	5	-1	-1	-1
2980	2721	2981	5	-1	-1	-1
2982	2981	2722	5	-1	-1	-1
2839	3051	2794	5	-1	-1	-1
3070	2808	2809	3	-1	-1	-1
2722	2984	2982	5	-1	-1	-1
2722	2983	2984	5	-1	-1	-1
3001	2948	2740	5	-1	-1	-1
2985	2983	2723	5	-1	-1	-1
3072	2809	2811	3	-1	-1	-1
2810	3073	2811	5	-1	-1	-1
2812	3073	2810	5	-1	-1	-1
2986	2988	2727	5	-1	-1	-1
2988	2987	2727	5	-1	-1	-1
3077	2815	2814	5	-1	-1	-1
2730	2991	2986	5	-1	-1	-1
2814	2816	3077	5	-1	-1	-1
2729	2990	2989	5	-1	-1	-1
2991	2730	2989	5	-1	-1	-1
3032	2774	2908	1	-1	-1	-1
3082	2816	2817	1	-1	-1	-1
2993	2992	2732	5	-1	-1	-1
2994	2990	2733	5	-1	-1	-1
2994	2733	2992	5	-1	-1	-1
2819	3085	2818	5	-1	-1	-1
2881	2959	2882	3	-1	-1	-1
2817	2823	3083	1	-1	-1	-1
3084	2821	2818	5	-1	-1	-1
2832	2815	3078	5	-1	-1	-1
2995	2736	2996	5	-1	-1	-1
2887	2882	2959	3	-1	-1	-1
2987	3001	2740	5	-1	-1	-1
2737	2998	2993	5	-1	-1	-1
2737	2995	2997	5	-1	-1	-1
2820	2821	3088	5	-1	-1	-1
2820	3088	2822	5	-1	-1	-1
2737	2997	2998	5	-1	-1	-1
3026	2773	2933	1	-1	-1	-1
2999	2996	2738	5	-1	-1	-1
2823	2822	3090	1	-1	-1	-1
2999	2739	3000	5	-1	-1	-1
2932	2775	3032	1	-1	-1	-1
2824	2825	3092	5	-1	-1	-1
2908	2909	2931	1	-1	-1	-1
2827	3095	2826	5	-1	-1	-1
2910	2930	2909	1	-1	-1	-1
2743	3003	3004	5	-1	-1	-1
2825	2831	3094	5	-1	-1	-1
2744	3006	3002	5	-1	-1	-1
3095	2831	2826	5	-1	-1	-1
3004	3005	2743	5	-1	-1	-1
3092	2836	2824	5	-1	-1	-1
3098	2827	2829	5	-1	-1	-1
2743	3005	3006	5	-1	-1	-1
2746	3007	3003	5	-1	-1	-1
2916	2927	2914	1	-1	-1	-1
3099	2829	2830	5	-1	-1	-1
3002	3009	2749	5	-1	-1	-1
2834	3100	2830	5	-1	-1	-1
3009	3008	2748	5	-1	-1	-1
3103	2833	2832	5	-1	-1	-1
2927	2916	2926	1	-1	-1	-1
3103	2834	2833	5	-1	-1	-1
2931	2909	2930	1	-1	-1	-1
3011	2751	3010	5	-1	-1	-1
2869	3087	2819	5	-1	-1	-1
2928	2924	2923	1	-1	-1	-1
2752	3011	3012	5	-1	-1	-1
2917	2940	2918	5	-1	-1	-1
2919	2940	2917	5	-1	-1	-1
2753	3012	3013	5	-1	-1	-1
3018	3000	2761	5	-1	-1	-1
3007	2758	3015	5	-1	-1	-1
3013	3014	2753	5	-1	-1	-1
2838	2837	3106	5	-1	-1	-1
3014	3015	2754	5	-1	-1	-1
3016	3010	2757	5	-1	-1	-1
3106	2837	2841	5	-1	-1	-1
3107	2840	2838	5	-1	-1	-1
2761	3008	3017	5	-1	-1	-1
2959	2881	2947	3	-1	-1	-1
2840	3108	2839	5	-1	-1	-1
3105	2848	2836	5	-1	-1	-1
3111	2841	2842	5	-1	-1	-1
3018	2761	3017	5	-1	-1	-1
2842	2843	3114	3	-1	-1	-1
2844	3115	2843	3	-1	-1	-1
2958	2887	2959	3	-1	-1	-1
3019	3020	2766	5	-1	-1	-1
3021	3019	2767	1	-1	-1	-1
2846	2845	3117	3	-1	-1	-1
2845	2847	3116	3	-1	-1	-1
3115	2844	2849	3	-1	-1	-1
2936	2935	2938	4	-1	-1	-1
2768	3022	3021	1	-1	-1	-1
2939	2936	2938	4	-1	-1	-1
2939	2941	2934	4	-1	-1	-1
3119	2849	2846	3	-1	-1	-1
3120	2847	2848	3	-1	-1	-1
3024	3023	2769	1	-1	-1	-1
2770	3025	3024	1	-1	-1	-1
2771	3028	3022	1	-1	-1	-1
3025	2770	3026	1	-1	-1	-1
2772	3023	3030	1	-1	-1	-1
2854	3121	2851	5	-1	-1	-1
2771	3027	3028	1	-1	-1	-1
2855	2851	3121	5	-1	-1	-1
3122	2853	2852	4	-1	-1	-1
2853	3121	2854	4	-1	-1	-1
3027	2772	3029	1	-1	-1	-1
2946	2942	2944	3	-1	-1	-1
3031	3029	2772	1	-1	-1	-1
3121	2857	2855	5	-1	-1	-1
3031	2772	3030	1	-1	-1	-1
3122	2852	2859	4	-1	-1	-1
2946	2944	2945	3	-1	-1	-1
2857	3122	2861	4	-1	-1	-1
2861	3122	2859	4	-1	-1	-1
2778	3034	3033	5	-1	-1	-1
2863	3123	2862	5	-1	-1	-1
3035	3034	2779	5	-1	-1	-1
3036	3035	2779	5	-1	-1	-1
2865	3123	2863	5	-1	-1	-1
2866	3124	2864	5	-1	-1	-1
3123	2869	2862	5	-1	-1	-1
2865	2864	3125	5	-1	-1	-1
3038	2782	3037	5	-1	-1	-1
2868	3124	2866	5	-1	-1	-1
3038	3039	2783	5	-1	-1	-1
2784	3041	3036	5	-1	-1	-1
2783	3039	3040	5	-1	-1	-1
2868	2867	3128	5	-1	-1	-1
2784	3040	3041	5	-1	-1	-1
3037	2785	3043	5	-1	-1	-1
2785	3042	3043	5	-1	-1	-1
2931	3032	2908	1	-1	-1	-1
2872	2870	3132	5	-1	-1	-1
2870	2871	3133	5	-1	-1	-1
3044	3046	2787	5	-1	-1	-1
3046	3045	2787	5	-1	-1	-1
2874	3135	2871	3	-1	-1	-1
3042	2790	3048	5	-1	-1	-1
3045	3047	2788	5	-1	-1	-1
3137	2873	2872	5	-1	-1	-1
3049	2791	3047	5	-1	-1	-1
3048	2791	3050	5	-1	-1	-1
2874	2875	3141	3	-1	-1	-1
3050	2791	3049	5	-1	-1	-1
2876	3141	2875	3	-1	-1	-1
3032	2931	2932	1	-1	-1	-1
3051	3052	2792	5	-1	-1	-1
2876	2879	3142	5	-1	-1	-1
2793	3052	3053	5	-1	-1	-1
2877	2878	3145	3	-1	-1	-1
3144	2880	2877	3	-1	-1	-1
3054	2795	3053	5	-1	-1	-1
3054	3055	2795	5	-1	-1	-1
3044	2801	3061	5	-1	-1	-1
2879	2880	3147	5	-1	-1	-1
2796	3055	3056	5	-1	-1	-1
3058	2799	3057	5	-1	-1	-1
3149	2884	2883	5	-1	-1	-1
2885	3149	2883	5	-1	-1	-1
2878	2893	3146	3	-1	-1	-1
3138	2907	2873	5	-1	-1	-1
2800	3058	3060	5	-1	-1	-1
3060	3059	2800	5	-1	-1	-1
2885	2886	3152	5	-1	-1	-1
2802	3059	3062	5	-1	-1	-1
2884	3150	2890	5	-1	-1	-1
2804	3063	3057	5	-1	-1	-1
3061	2802	3062	5	-1	-1	-1
2886	2887	3153	3	-1	-1	-1
3064	3063	2804	5	-1	-1	-1
2888	3154	2889	3	-1	-1	-1
3154	2888	2891	3	-1	-1	-1
3155	2892	2889	3	-1	-1	-1
2891	2890	3156	5	-1	-1	-1
3065	3067	2806	5	-1	-1	-1
3066	2806	3067	5	-1	-1	-1
3064	2807	3069	5	-1	-1	-1
2807	3066	3068	5	-1	-1	-1
2892	3158	2893	3	-1	-1	-1
3071	3065	2808	3	-1	-1	-1
3068	3069	2807	5	-1	-1	-1
3056	3076	2812	5	-1	-1	-1
2808	3070	3071	3	-1	-1	-1
3072	3070	2809	3	-1	-1	-1
3163	2897	2896	5	-1	-1	-1
2811	3074	3072	3	-1	-1	-1
3074	2811	3073	3	-1	-1	-1
2899	3164	2896	5	-1	-1	-1
3073	2812	3075	5	-1	-1	-1
2812	3076	3075	5	-1	-1	-1
2898	2900	3166	5	-1	-1	-1
2899	2898	3167	5	-1	-1	-1
3165	2903	2897	5	-1	-1	-1
2988	2986	2991	5	-1	-1	-1
2901	3166	2900	5	-1	-1	-1
3079	3078	2815	5	-1	-1	-1
3080	2815	3077	5	-1	-1	-1
2815	3080	3079	5	-1	-1	-1
2816	3081	3077	1	-1	-1	-1
2902	2904	3171	1	-1	-1	-1
2901	2907	3170	5	-1	-1	-1
2906	2902	3171	1	-1	-1	-1
3082	3081	2816	1	-1	-1	-1
2903	3172	2904	1	-1	-1	-1
3083	3082	2817	1	-1	-1	-1
2905	2906	3176	1	-1	-1	-1
2818	3085	3084	5	-1	-1	-1
3086	3085	2819	5	-1	-1	-1
3087	3086	2819	5	-1	-1	-1
3089	2821	3084	5	-1	-1	-1
3090	3083	2823	1	-1	-1	-1
2839	3108	3051	5	-1	-1	-1
3153	2887	2958	3	-1	-1	-1
3089	3088	2821	5	-1	-1	-1
2822	3088	3091	1	-1	-1	-1
3180	2910	2911	1	-1	-1	-1
3091	3090	2822	1	-1	-1	-1
3181	2911	2912	1	-1	-1	-1
3182	2912	2913	1	-1	-1	-1
3093	3092	2825	5	-1	-1	-1
2913	2914	3183	1	-1	-1	-1
3101	2832	3078	5	-1	-1	-1
3094	3093	2825	5	-1	-1	-1
2933	2905	3175	1	-1	-1	-1
3184	2916	2915	5	-1	-1	-1
3020	3128	2867	5	-1	-1	-1
2827	3096	3095	5	-1	-1	-1
3184	2915	2921	5	-1	-1	-1
2910	3180	2930	1	-1	-1	-1
3096	2827	3097	5	-1	-1	-1
3095	3094	2831	5	-1	-1	-1
3097	2827	3098	5	-1	-1	-1
2914	2927	3183	1	-1	-1	-1
3098	2829	3099	5	-1	-1	-1
2916	3184	2926	1	-1	-1	-1
2920	3186	2921	5	-1	-1	-1
2920	2922	3186	5	-1	-1	-1
3099	2830	3100	5	-1	-1	-1
2925	3186	2922	5	-1	-1	-1
3092	3105	2836	5	-1	-1	-1
2927	2924	3183	1	-1	-1	-1
3008	3009	3017	5	-1	-1	-1
3102	2832	3101	5	-1	-1	-1
2928	3183	2924	1	-1	-1	-1
2925	2926	3184	1	-1	-1	-1
3102	3103	2832	5	-1	-1	-1
3100	2834	3104	5	-1	-1	-1
2929	3182	2928	1	-1	-1	-1
3180	2929	2930	1	-1	-1	-1
3185	2937	2918	5	-1	-1	-1
3103	3104	2834	5	-1	-1	-1
3185	2918	2940	5	-1	-1	-1
3106	3107	2838	5	-1	-1	-1
3109	2840	3107	5	-1	-1	-1
3110	3108	2840	5	-1	-1	-1
2840	3109	3110	5	-1	-1	-1
2841	3112	3106	5	-1	-1	-1
3185	2938	2937	5	-1	-1	-1
2938	3185	2939	4	-1	-1	-1
3112	2841	3111	5	-1	-1	-1
2939	3185	2941	4	-1	-1	-1
2940	2941	3185	4	-1	-1	-1
2842	3113	3111	3	-1	-1	-1
2842	3114	3113	3	-1	-1	-1
2843	3115	3114	3	-1	-1	-1
3105	3120	2848	3	-1	-1	-1
3116	3117	2845	3	-1	-1	-1
3118	2846	3117	3	-1	-1	-1
3119	3115	2849	3	-1	-1	-1
3116	2847	3120	3	-1	-1	-1
2846	3118	3119	3	-1	-1	-1
3187	2950	2948	5	-1	-1	-1
2869	3130	3087	5	-1	-1	-1
3188	2949	2950	5	-1	-1	-1
2964	2966	3158	3	-1	-1	-1
2956	2949	3188	5	-1	-1	-1
3191	2952	2951	5	-1	-1	-1
2853	3122	3121	4	-1	-1	-1
2952	3192	2953	5	-1	-1	-1
3191	2951	2956	5	-1	-1	-1
3193	2954	2953	5	-1	-1	-1
2857	3121	3122	4	-1	-1	-1
2954	3194	2955	5	-1	-1	-1
2957	3198	2958	3	-1	-1	-1
3125	2864	3124	5	-1	-1	-1
3127	3123	2865	5	-1	-1	-1
3198	2957	2960	3	-1	-1	-1
3125	3126	2865	5	-1	-1	-1
3038	3037	3043	5	-1	-1	-1
2865	3126	3127	5	-1	-1	-1
2960	2961	3200	3	-1	-1	-1
3129	3124	2868	5	-1	-1	-1
2869	3123	3131	5	-1	-1	-1
3129	2868	3128	5	-1	-1	-1
3202	2961	2965	3	-1	-1	-1
2869	3131	3130	5	-1	-1	-1
2964	3204	2963	3	-1	-1	-1
2966	2962	3203	3	-1	-1	-1
3203	2962	2967	3	-1	-1	-1
2963	3205	2965	3	-1	-1	-1
3026	2933	3175	1	-1	-1	-1
3001	3187	2948	5	-1	-1	-1
2955	3196	2985	5	-1	-1	-1
3132	2870	3134	5	-1	-1	-1
3134	2870	3133	5	-1	-1	-1
3029	3082	3027	1	-1	-1	-1
3133	2871	3136	5	-1	-1	-1
3137	2872	3132	5	-1	-1	-1
3029	3031	3081	1	-1	-1	-1
3047	3045	3049	5	-1	-1	-1
2871	3135	3136	3	-1	-1	-1
2967	2968	3207	3	-1	-1	-1
2969	3210	2968	3	-1	-1	-1
3135	2874	3139	3	-1	-1	-1
3137	3138	2873	5	-1	-1	-1
2971	3211	2969	3	-1	-1	-1
3140	3139	2874	3	-1	-1	-1
2971	2970	3213	3	-1	-1	-1
3140	2874	3141	3	-1	-1	-1
2970	2973	3212	3	-1	-1	-1
2876	3143	3141	5	-1	-1	-1
3143	2876	3142	5	-1	-1	-1
3216	2972	2974	3	-1	-1	-1
2972	3217	2973	3	-1	-1	-1
3144	2877	3145	3	-1	-1	-1
3142	2879	3147	5	-1	-1	-1
3145	2878	3146	3	-1	-1	-1
2974	2975	3220	5	-1	-1	-1
2880	3144	3148	5	-1	-1	-1
2975	2976	3222	5	-1	-1	-1
3147	2880	3148	5	-1	-1	-1
3222	2976	2979	5	-1	-1	-1
2978	2977	3224	5	-1	-1	-1
2977	2980	3223	5	-1	-1	-1
2978	3226	2979	5	-1	-1	-1
3149	3150	2884	5	-1	-1	-1
3151	3149	2885	5	-1	-1	-1
3056	3055	3076	5	-1	-1	-1
2885	3152	3151	5	-1	-1	-1
3230	2980	2981	5	-1	-1	-1
3152	2886	3153	3	-1	-1	-1
3081	3082	3029	1	-1	-1	-1
2981	2982	3231	5	-1	-1	-1
3150	3156	2890	5	-1	-1	-1
2982	2984	3232	5	-1	-1	-1
3154	3155	2889	3	-1	-1	-1
2893	3161	3146	3	-1	-1	-1
2984	2983	3234	5	-1	-1	-1
3157	3154	2891	3	-1	-1	-1
3235	2983	2985	5	-1	-1	-1
2891	3156	3157	3	-1	-1	-1
3159	2892	3155	3	-1	-1	-1
3158	2892	3159	3	-1	-1	-1
3162	2893	3158	3	-1	-1	-1
2987	2988	3238	5	-1	-1	-1
2893	3160	3161	3	-1	-1	-1
3160	2893	3162	3	-1	-1	-1
3239	2988	2991	5	-1	-1	-1
2989	2990	3241	5	-1	-1	-1
2991	2989	3242	5	-1	-1	-1
2896	3164	3163	5	-1	-1	-1
2907	3138	3178	5	-1	-1	-1
3165	2897	3163	5	-1	-1	-1
3001	2987	3238	5	-1	-1	-1
2990	2994	3244	5	-1	-1	-1
3168	3164	2899	5	-1	-1	-1
2992	2993	3246	5	-1	-1	-1
3167	2898	3166	5	-1	-1	-1
2992	3246	2994	5	-1	-1	-1
3169	2899	3167	5	-1	-1	-1
2899	3169	3168	5	-1	-1	-1
3246	2993	2998	5	-1	-1	-1
3170	3166	2901	5	-1	-1	-1
2996	3247	2995	5	-1	-1	-1
3172	2903	3165	1	-1	-1	-1
2995	3248	2997	5	-1	-1	-1
2999	3249	2996	5	-1	-1	-1
2998	2997	3250	5	-1	-1	-1
2904	3173	3171	1	-1	-1	-1
3172	3174	2904	1	-1	-1	-1
2904	3174	3173	1	-1	-1	-1
3252	2999	3000	5	-1	-1	-1
3177	2906	3171	1	-1	-1	-1
2907	3179	3170	5	-1	-1	-1
3176	3175	2905	1	-1	-1	-1
3177	3176	2906	1	-1	-1	-1
3002	3006	3256	5	-1	-1	-1
3178	3179	2907	5	-1	-1	-1
3003	3258	3004	5	-1	-1	-1
3002	3255	3009	5	-1	-1	-1
3007	3257	3003	5	-1	-1	-1
3005	3004	3259	5	-1	-1	-1
3253	3000	3018	5	-1	-1	-1
2911	3181	3180	1	-1	-1	-1
3005	3261	3006	5	-1	-1	-1
3182	3181	2912	1	-1	-1	-1
3182	2913	3183	1	-1	-1	-1
3158	3159	2964	3	-1	-1	-1
3015	3262	3007	5	-1	-1	-1
3264	3011	3010	5	-1	-1	-1
2966	3162	3158	3	-1	-1	-1
3012	3011	3265	5	-1	-1	-1
3263	3017	3009	5	-1	-1	-1
3181	2929	3180	1	-1	-1	-1
3016	3264	3010	5	-1	-1	-1
3186	3184	2921	5	-1	-1	-1
3182	2929	3181	1	-1	-1	-1
3012	3267	3013	5	-1	-1	-1
2928	3182	3183	1	-1	-1	-1
3268	3014	3013	5	-1	-1	-1
2925	3184	3186	1	-1	-1	-1
3018	3017	3263	5	-1	-1	-1
3015	3014	3270	5	-1	-1	-1
2958	3198	3153	3	-1	-1	-1
3020	3019	3273	1	-1	-1	-1
3019	3021	3273	1	-1	-1	-1
3275	3021	3022	1	-1	-1	-1
3024	3276	3023	1	-1	-1	-1
3022	3028	3275	1	-1	-1	-1
3025	3277	3024	1	-1	-1	-1
2950	3187	3190	5	-1	-1	-1
3188	2950	3189	5	-1	-1	-1
2964	3159	3204	3	-1	-1	-1
3023	3276	3030	1	-1	-1	-1
2950	3190	3189	5	-1	-1	-1
3026	3279	3025	1	-1	-1	-1
2966	3206	3162	3	-1	-1	-1
2952	3191	3192	5	-1	-1	-1
3027	3282	3028	1	-1	-1	-1
2953	3192	3193	5	-1	-1	-1
3197	2956	3188	5	-1	-1	-1
3193	3195	2954	5	-1	-1	-1
3195	3194	2954	5	-1	-1	-1
3197	3191	2956	5	-1	-1	-1
2955	3194	3196	5	-1	-1	-1
3030	3284	3031	1	-1	-1	-1
3036	3288	3035	5	-1	-1	-1
3199	2960	3200	3	-1	-1	-1
3199	3201	2960	3	-1	-1	-1
3198	2960	3201	3	-1	-1	-1
3202	3200	2961	3	-1	-1	-1
3036	3041	3288	5	-1	-1	-1
3289	3039	3038	5	-1	-1	-1
3039	3291	3040	5	-1	-1	-1
3290	3038	3043	5	-1	-1	-1
2965	3205	3202	3	-1	-1	-1
2963	3204	3205	3	-1	-1	-1
3040	3293	3041	5	-1	-1	-1
2966	3203	3206	3	-1	-1	-1
2967	3208	3203	3	-1	-1	-1
3001	3190	3187	5	-1	-1	-1
3127	3131	3123	5	-1	-1	-1
3042	3296	3043	5	-1	-1	-1
3207	3208	2967	3	-1	-1	-1
2968	3209	3207	3	-1	-1	-1
3295	3042	3048	5	-1	-1	-1
3209	2968	3210	3	-1	-1	-1
3298	3046	3044	5	-1	-1	-1
2969	3211	3210	3	-1	-1	-1
3282	3027	3082	1	-1	-1	-1
3046	3300	3045	5	-1	-1	-1
3300	3049	3045	5	-1	-1	-1
2970	3212	3213	3	-1	-1	-1
3214	3211	2971	3	-1	-1	-1
3215	2971	3213	3	-1	-1	-1
3287	3081	3031	1	-1	-1	-1
2971	3215	3214	3	-1	-1	-1
3048	3050	3302	5	-1	-1	-1
3049	3303	3050	5	-1	-1	-1
3219	3212	2973	3	-1	-1	-1
3061	3299	3044	5	-1	-1	-1
3217	2972	3216	3	-1	-1	-1
2973	3217	3218	3	-1	-1	-1
3051	3305	3052	5	-1	-1	-1
2974	3220	3216	3	-1	-1	-1
2973	3218	3219	3	-1	-1	-1
3306	3053	3052	5	-1	-1	-1
3054	3053	3307	5	-1	-1	-1
3235	2985	3196	5	-1	-1	-1
3221	3220	2975	5	-1	-1	-1
2975	3222	3221	5	-1	-1	-1
3054	3309	3055	5	-1	-1	-1
3128	3020	3274	1	-1	-1	-1
2977	3223	3224	5	-1	-1	-1
3057	3310	3058	5	-1	-1	-1
3225	2978	3224	5	-1	-1	-1
2979	3228	3222	5	-1	-1	-1
3225	3226	2978	5	-1	-1	-1
3058	3312	3060	5	-1	-1	-1
3057	3063	3311	5	-1	-1	-1
2979	3226	3227	5	-1	-1	-1
3060	3313	3059	5	-1	-1	-1
2980	3229	3223	5	-1	-1	-1
3227	3228	2979	5	-1	-1	-1
3313	3062	3059	5	-1	-1	-1
3315	3061	3062	5	-1	-1	-1
2980	3230	3229	5	-1	-1	-1
3076	3055	3309	5	-1	-1	-1
3230	2981	3231	5	-1	-1	-1
3287	3080	3077	1	-1	-1	-1
3063	3064	3317	5	-1	-1	-1
3254	3190	3001	5	-1	-1	-1
3077	3081	3287	1	-1	-1	-1
2982	3233	3231	5	-1	-1	-1
3082	3083	3282	1	-1	-1	-1
3232	3233	2982	5	-1	-1	-1
3236	3232	2984	5	-1	-1	-1
3069	3319	3064	5	-1	-1	-1
2983	3235	3234	5	-1	-1	-1
3065	3321	3067	3	-1	-1	-1
3282	3083	3090	1	-1	-1	-1
2984	3234	3237	5	-1	-1	-1
2984	3237	3236	5	-1	-1	-1
3068	3066	3323	5	-1	-1	-1
3066	3067	3324	5	-1	-1	-1
3322	3065	3071	3	-1	-1	-1
3108	3305	3051	5	-1	-1	-1
3068	3327	3069	5	-1	-1	-1
3157	3155	3154	3	-1	-1	-1
2988	3240	3238	5	-1	-1	-1
3240	2988	3239	5	-1	-1	-1
3328	3070	3072	3	-1	-1	-1
3329	3071	3070	3	-1	-1	-1
2989	3241	3242	5	-1	-1	-1
3241	2990	3243	5	-1	-1	-1
2991	3245	3239	5	-1	-1	-1
3244	3243	2990	5	-1	-1	-1
3245	2991	3242	5	-1	-1	-1
3074	3332	3072	3	-1	-1	-1
3073	3333	3074	3	-1	-1	-1
3026	3175	3280	1	-1	-1	-1
3073	3075	3333	3	-1	-1	-1
3246	3244	2994	5	-1	-1	-1
3076	3336	3075	5	-1	-1	-1
2995	3247	3248	5	-1	-1	-1
3247	2996	3249	5	-1	-1	-1
3254	3001	3238	5	-1	-1	-1
3337	3078	3079	5	-1	-1	-1
2998	3251	3246	5	-1	-1	-1
3250	2997	3248	5	-1	-1	-1
3339	3079	3080	5	-1	-1	-1
2998	3250	3251	5	-1	-1	-1
3249	2999	3252	5	-1	-1	-1
3253	3252	3000	5	-1	-1	-1
3341	3084	3085	5	-1	-1	-1
3085	3086	3342	5	-1	-1	-1
3255	3002	3256	5	-1	-1	-1
3084	3341	3089	5	-1	-1	-1
3078	3337	3101	5	-1	-1	-1
3087	3343	3086	5	-1	-1	-1
3003	3257	3258	5	-1	-1	-1
3259	3004	3258	5	-1	-1	-1
3261	3256	3006	5	-1	-1	-1
3346	3088	3089	1	-1	-1	-1
3259	3260	3005	5	-1	-1	-1
3088	3346	3091	1	-1	-1	-1
3007	3262	3257	5	-1	-1	-1
3261	3005	3260	5	-1	-1	-1
3263	3009	3255	5	-1	-1	-1
3090	3091	3348	1	-1	-1	-1
3093	3351	3092	5	-1	-1	-1
3265	3011	3264	5	-1	-1	-1
3093	3094	3354	5	-1	-1	-1
3271	3253	3018	5	-1	-1	-1
3265	3266	3012	5	-1	-1	-1
3355	3094	3095	5	-1	-1	-1
3266	3267	3012	5	-1	-1	-1
3096	3355	3095	5	-1	-1	-1
3015	3270	3262	5	-1	-1	-1
3013	3267	3268	5	-1	-1	-1
3092	3352	3105	5	-1	-1	-1
3097	3356	3096	5	-1	-1	-1
3014	3268	3269	5	-1	-1	-1
3263	3272	3018	5	-1	-1	-1
3269	3270	3014	5	-1	-1	-1
3098	3358	3097	5	-1	-1	-1
3359	3098	3099	5	-1	-1	-1
3360	3099	3100	5	-1	-1	-1
3344	3087	3130	5	-1	-1	-1
3018	3272	3271	5	-1	-1	-1
3100	3104	3360	5	-1	-1	-1
3361	3102	3101	5	-1	-1	-1
3020	3273	3274	1	-1	-1	-1
3363	3103	3102	5	-1	-1	-1
3273	3021	3275	1	-1	-1	-1
3364	3104	3103	5	-1	-1	-1
3118	3334	3119	3	-1	-1	-1
3024	3278	3276	1	-1	-1	-1
3024	3277	3278	1	-1	-1	-1
3368	3107	3106	5	-1	-1	-1
3279	3277	3025	1	-1	-1	-1
3107	3369	3109	5	-1	-1	-1
3106	3112	3368	5	-1	-1	-1
3026	3281	3279	1	-1	-1	-1
3028	3283	3275	1	-1	-1	-1
3026	3280	3281	1	-1	-1	-1
3108	3110	3371	5	-1	-1	-1
3372	3110	3109	5	-1	-1	-1
3276	3285	3030	1	-1	-1	-1
3367	3120	3105	3	-1	-1	-1
3283	3028	3282	1	-1	-1	-1
3374	3112	3111	3	-1	-1	-1
3374	3111	3113	3	-1	-1	-1
3285	3284	3030	1	-1	-1	-1
3286	3031	3284	1	-1	-1	-1
3114	3376	3113	3	-1	-1	-1
3287	3031	3286	1	-1	-1	-1
3114	3115	3377	3	-1	-1	-1
3119	3377	3115	3	-1	-1	-1
3116	3379	3117	3	-1	-1	-1
3378	3116	3120	3	-1	-1	-1
3118	3117	3380	3	-1	-1	-1
3289	3038	3290	5	-1	-1	-1
3203	3208	3206	3	-1	-1	-1
3292	3039	3289	5	-1	-1	-1
3288	3041	3293	5	-1	-1	-1
3291	3039	3292	5	-1	-1	-1
3291	3294	3040	5	-1	-1	-1
3293	3040	3294	5	-1	-1	-1
3043	3297	3290	5	-1	-1	-1
3124	3384	3125	5	-1	-1	-1
3042	3295	3296	5	-1	-1	-1
3125	3385	3126	5	-1	-1	-1
3297	3043	3296	5	-1	-1	-1
3384	3124	3129	5	-1	-1	-1
3387	3127	3126	5	-1	-1	-1
3298	3044	3299	5	-1	-1	-1
3301	3046	3298	5	-1	-1	-1
3048	3302	3295	5	-1	-1	-1
3389	3129	3128	1	-1	-1	-1
3388	3131	3127	5	-1	-1	-1
3046	3301	3300	5	-1	-1	-1
3300	3303	3049	5	-1	-1	-1
3392	3130	3131	5	-1	-1	-1
3304	3302	3050	5	-1	-1	-1
3304	3050	3303	5	-1	-1	-1
3134	3394	3132	5	-1	-1	-1
3393	3137	3132	5	-1	-1	-1
3305	3306	3052	5	-1	-1	-1
3134	3133	3396	5	-1	-1	-1
3136	3395	3133	5	-1	-1	-1
3306	3307	3053	5	-1	-1	-1
3307	3308	3054	5	-1	-1	-1
3136	3135	3399	3	-1	-1	-1
3054	3308	3309	5	-1	-1	-1
3399	3135	3139	3	-1	-1	-1
3299	3061	3315	5	-1	-1	-1
3401	3138	3137	5	-1	-1	-1
3311	3310	3057	5	-1	-1	-1
3310	3312	3058	5	-1	-1	-1
3140	3403	3139	3	-1	-1	-1
3312	3314	3060	5	-1	-1	-1
3060	3314	3313	5	-1	-1	-1
3140	3141	3406	5	-1	-1	-1
3141	3143	3406	5	-1	-1	-1
3316	3062	3313	5	-1	-1	-1
3063	3318	3311	5	-1	-1	-1
3142	3408	3143	5	-1	-1	-1
3316	3315	3062	5	-1	-1	-1
3147	3407	3142	5	-1	-1	-1
3317	3318	3063	5	-1	-1	-1
3145	3411	3144	3	-1	-1	-1
3064	3320	3317	5	-1	-1	-1
3064	3319	3320	5	-1	-1	-1
3146	3413	3145	3	-1	-1	-1
3144	3412	3148	5	-1	-1	-1
3080	3287	3340	1	-1	-1	-1
3065	3322	3321	3	-1	-1	-1
3147	3148	3415	5	-1	-1	-1
3324	3323	3066	5	-1	-1	-1
3067	3321	3326	3	-1	-1	-1
3327	3319	3069	5	-1	-1	-1
3149	3417	3150	5	-1	-1	-1
3324	3067	3325	3	-1	-1	-1
3151	3417	3149	5	-1	-1	-1
3138	3402	3178	5	-1	-1	-1
3067	3326	3325	3	-1	-1	-1
3323	3327	3068	5	-1	-1	-1
3282	3090	3348	1	-1	-1	-1
3309	3336	3076	5	-1	-1	-1
3146	3161	3414	3	-1	-1	-1
3322	3071	3330	3	-1	-1	-1
3420	3151	3152	5	-1	-1	-1
3245	3240	3239	5	-1	-1	-1
3150	3419	3156	5	-1	-1	-1
3152	3153	3422	3	-1	-1	-1
3070	3328	3329	3	-1	-1	-1
3071	3329	3331	3	-1	-1	-1
3328	3072	3332	3	-1	-1	-1
3071	3331	3330	3	-1	-1	-1
3155	3157	3424	3	-1	-1	-1
3424	3157	3156	3	-1	-1	-1
3155	3423	3159	3	-1	-1	-1
3074	3334	3332	3	-1	-1	-1
3074	3333	3334	3	-1	-1	-1
3075	3335	3333	3	-1	-1	-1
3335	3075	3336	3	-1	-1	-1
3426	3160	3162	3	-1	-1	-1
3160	3427	3161	3	-1	-1	-1
3079	3338	3337	5	-1	-1	-1
3339	3338	3079	5	-1	-1	-1
3163	3164	3430	5	-1	-1	-1
3163	3430	3165	5	-1	-1	-1
3340	3339	3080	1	-1	-1	-1
3431	3164	3168	5	-1	-1	-1
3433	3167	3166	5	-1	-1	-1
3085	3342	3341	5	-1	-1	-1
3165	3432	3172	1	-1	-1	-1
3166	3170	3433	5	-1	-1	-1
3167	3434	3169	5	-1	-1	-1
3086	3343	3342	5	-1	-1	-1
3169	3436	3168	5	-1	-1	-1
3198	3422	3153	3	-1	-1	-1
3343	3087	3345	5	-1	-1	-1
3345	3087	3344	5	-1	-1	-1
3341	3347	3089	1	-1	-1	-1
3432	3174	3172	1	-1	-1	-1
3089	3347	3346	1	-1	-1	-1
3179	3433	3170	5	-1	-1	-1
3439	3171	3173	1	-1	-1	-1
3305	3108	3371	5	-1	-1	-1
3334	3118	3332	3	-1	-1	-1
3346	3350	3091	1	-1	-1	-1
3440	3173	3174	1	-1	-1	-1
3091	3349	3348	1	-1	-1	-1
3439	3177	3171	1	-1	-1	-1
3159	3425	3204	3	-1	-1	-1
3091	3350	3349	1	-1	-1	-1
3274	3389	3128	1	-1	-1	-1
3162	3206	3426	3	-1	-1	-1
3175	3176	3444	1	-1	-1	-1
3092	3351	3352	5	-1	-1	-1
3353	3351	3093	5	-1	-1	-1
3176	3177	3445	1	-1	-1	-1
3337	3361	3101	5	-1	-1	-1
3354	3353	3093	5	-1	-1	-1
3355	3354	3094	5	-1	-1	-1
3179	3178	3447	5	-1	-1	-1
3355	3096	3356	5	-1	-1	-1
3356	3097	3357	5	-1	-1	-1
3358	3357	3097	5	-1	-1	-1
3098	3359	3358	5	-1	-1	-1
3359	3099	3360	5	-1	-1	-1
3367	3105	3352	3	-1	-1	-1
3102	3361	3362	5	-1	-1	-1
3189	3450	3188	5	-1	-1	-1
3362	3363	3102	5	-1	-1	-1
3360	3104	3365	5	-1	-1	-1
3103	3363	3364	5	-1	-1	-1
3189	3190	3451	5	-1	-1	-1
3332	3118	3380	3	-1	-1	-1
3104	3364	3366	5	-1	-1	-1
3197	3188	3450	5	-1	-1	-1
3382	3119	3334	3	-1	-1	-1
3365	3104	3366	5	-1	-1	-1
3191	3453	3192	5	-1	-1	-1
3193	3192	3453	5	-1	-1	-1
3454	3191	3197	5	-1	-1	-1
3195	3193	3455	5	-1	-1	-1
3456	3194	3195	5	-1	-1	-1
3107	3368	3370	5	-1	-1	-1
3370	3369	3107	5	-1	-1	-1
3456	3196	3194	5	-1	-1	-1
3369	3372	3109	5	-1	-1	-1
3110	3373	3371	5	-1	-1	-1
3112	3375	3368	3	-1	-1	-1
3372	3373	3110	5	-1	-1	-1
3201	3459	3198	3	-1	-1	-1
3460	3201	3199	3	-1	-1	-1
3461	3199	3200	3	-1	-1	-1
3374	3375	3112	3	-1	-1	-1
3376	3374	3113	3	-1	-1	-1
3202	3461	3200	3	-1	-1	-1
3130	3392	3344	5	-1	-1	-1
3377	3376	3114	3	-1	-1	-1
3367	3383	3120	3	-1	-1	-1
3205	3464	3202	3	-1	-1	-1
3378	3379	3116	3	-1	-1	-1
3204	3465	3205	3	-1	-1	-1
3381	3117	3379	3	-1	-1	-1
3380	3117	3381	3	-1	-1	-1
3382	3377	3119	3	-1	-1	-1
3206	3208	3466	3	-1	-1	-1
3120	3383	3378	3	-1	-1	-1
3207	3468	3208	3	-1	-1	-1
3209	3467	3207	3	-1	-1	-1
3456	3235	3196	5	-1	-1	-1
3209	3210	3470	3	-1	-1	-1
3211	3471	3210	3	-1	-1	-1
3451	3190	3254	5	-1	-1	-1
3386	3125	3384	5	-1	-1	-1
3386	3385	3125	5	-1	-1	-1
3211	3214	3472	3	-1	-1	-1
3385	3387	3126	5	-1	-1	-1
3444	3280	3175	1	-1	-1	-1
3212	3474	3213	3	-1	-1	-1
3388	3127	3387	5	-1	-1	-1
3129	3390	3384	1	-1	-1	-1
3213	3475	3215	3	-1	-1	-1
3219	3473	3212	3	-1	-1	-1
3301	3303	3300	5	-1	-1	-1
3215	3477	3214	3	-1	-1	-1
3389	3391	3129	1	-1	-1	-1
3129	3391	3390	1	-1	-1	-1
3131	3388	3392	5	-1	-1	-1
3479	3217	3216	3	-1	-1	-1
3340	3287	3286	1	-1	-1	-1
3283	3282	3348	1	-1	-1	-1
3480	3216	3220	3	-1	-1	-1
3217	3481	3218	3	-1	-1	-1
3219	3218	3482	3	-1	-1	-1
3393	3132	3394	5	-1	-1	-1
3221	3480	3220	3	-1	-1	-1
3133	3395	3396	5	-1	-1	-1
3394	3134	3397	5	-1	-1	-1
3221	3222	3485	5	-1	-1	-1
3396	3398	3134	5	-1	-1	-1
3398	3397	3134	5	-1	-1	-1
3137	3393	3401	5	-1	-1	-1
3136	3400	3395	5	-1	-1	-1
3488	3224	3223	5	-1	-1	-1
3400	3136	3399	3	-1	-1	-1
3222	3228	3487	5	-1	-1	-1
3224	3490	3225	5	-1	-1	-1
3229	3488	3223	5	-1	-1	-1
3402	3138	3401	5	-1	-1	-1
3399	3139	3404	3	-1	-1	-1
3491	3226	3225	5	-1	-1	-1
3226	3492	3227	5	-1	-1	-1
3139	3403	3404	3	-1	-1	-1
3403	3140	3405	5	-1	-1	-1
3228	3227	3493	5	-1	-1	-1
3406	3405	3140	5	-1	-1	-1
3229	3230	3496	5	-1	-1	-1
3408	3142	3407	5	-1	-1	-1
3279	3281	3398	5	-1	-1	-1
3498	3230	3231	5	-1	-1	-1
3406	3143	3410	5	-1	-1	-1
3409	3143	3408	5	-1	-1	-1
3410	3143	3409	5	-1	-1	-1
3233	3499	3231	5	-1	-1	-1
3232	3501	3233	5	-1	-1	-1
3411	3412	3144	5	-1	-1	-1
3232	3236	3500	5	-1	-1	-1
3407	3147	3415	5	-1	-1	-1
3145	3413	3411	3	-1	-1	-1
3504	3234	3235	5	-1	-1	-1
3146	3414	3413	3	-1	-1	-1
3504	3237	3234	5	-1	-1	-1
3412	3416	3148	5	-1	-1	-1
3505	3236	3237	5	-1	-1	-1
3415	3148	3416	5	-1	-1	-1
3150	3417	3418	5	-1	-1	-1
3508	3238	3240	5	-1	-1	-1
3419	3150	3418	5	-1	-1	-1
3417	3151	3421	5	-1	-1	-1
3421	3151	3420	5	-1	-1	-1
3420	3152	3422	3	-1	-1	-1
3242	3241	3511	5	-1	-1	-1
3511	3241	3243	5	-1	-1	-1
3240	3245	3510	5	-1	-1	-1
3245	3242	3510	5	-1	-1	-1
3419	3424	3156	3	-1	-1	-1
3238	3508	3254	5	-1	-1	-1
3243	3244	3513	5	-1	-1	-1
3155	3424	3423	3	-1	-1	-1
3414	3161	3429	3	-1	-1	-1
3159	3423	3425	3	-1	-1	-1
3244	3246	3517	5	-1	-1	-1
3518	3248	3247	5	-1	-1	-1
3247	3249	3518	5	-1	-1	-1
3160	3426	3428	3	-1	-1	-1
3246	3251	3517	5	-1	-1	-1
3160	3428	3427	3	-1	-1	-1
3161	3427	3429	3	-1	-1	-1
3250	3248	3520	5	-1	-1	-1
3522	3249	3252	5	-1	-1	-1
3250	3523	3251	5	-1	-1	-1
3164	3431	3430	5	-1	-1	-1
3402	3446	3178	5	-1	-1	-1
3522	3252	3253	5	-1	-1	-1
3430	3432	3165	1	-1	-1	-1
3436	3431	3168	5	-1	-1	-1
3167	3433	3435	5	-1	-1	-1
3435	3434	3167	5	-1	-1	-1
3255	3256	3525	5	-1	-1	-1
3380	3328	3332	3	-1	-1	-1
3437	3169	3434	5	-1	-1	-1
3527	3258	3257	5	-1	-1	-1
3263	3255	3525	5	-1	-1	-1
3256	3261	3526	5	-1	-1	-1
3436	3169	3438	5	-1	-1	-1
3347	3350	3346	1	-1	-1	-1
3169	3437	3438	5	-1	-1	-1
3258	3528	3259	5	-1	-1	-1
3527	3257	3262	5	-1	-1	-1
3529	3260	3259	5	-1	-1	-1
3524	3253	3271	5	-1	-1	-1
3443	3174	3432	1	-1	-1	-1
3382	3334	3333	3	-1	-1	-1
3333	3335	3382	3	-1	-1	-1
3531	3261	3260	5	-1	-1	-1
3173	3441	3439	1	-1	-1	-1
3440	3441	3173	1	-1	-1	-1
3440	3174	3442	1	-1	-1	-1
3174	3443	3442	1	-1	-1	-1
3263	3525	3272	5	-1	-1	-1
3449	3433	3179	5	-1	-1	-1
3445	3177	3439	1	-1	-1	-1
3444	3176	3445	1	-1	-1	-1
3262	3270	3534	5	-1	-1	-1
3267	3266	3535	5	-1	-1	-1
3535	3268	3267	5	-1	-1	-1
3447	3178	3446	5	-1	-1	-1
3537	3269	3268	5	-1	-1	-1
3179	3447	3448	5	-1	-1	-1
3179	3448	3449	5	-1	-1	-1
3397	3398	3281	5	-1	-1	-1
3538	3270	3269	5	-1	-1	-1
3459	3422	3198	3	-1	-1	-1
3540	3271	3272	5	-1	-1	-1
3543	3274	3273	1	-1	-1	-1
3450	3189	3452	5	-1	-1	-1
3275	3543	3273	1	-1	-1	-1
3451	3452	3189	5	-1	-1	-1
3465	3204	3425	3	-1	-1	-1
3191	3454	3453	5	-1	-1	-1
3466	3426	3206	3	-1	-1	-1
3278	3545	3276	1	-1	-1	-1
3275	3283	3543	1	-1	-1	-1
3453	3455	3193	5	-1	-1	-1
3546	3278	3277	5	-1	-1	-1
3279	3547	3277	5	-1	-1	-1
3458	3197	3450	5	-1	-1	-1
3285	3276	3545	1	-1	-1	-1
3195	3455	3457	5	-1	-1	-1
3457	3456	3195	5	-1	-1	-1
3454	3197	3458	5	-1	-1	-1
3280	3549	3281	1	-1	-1	-1
3460	3199	3461	3	-1	-1	-1
3284	3285	3551	1	-1	-1	-1
3286	3284	3552	1	-1	-1	-1
3459	3201	3462	3	-1	-1	-1
3460	3462	3201	3	-1	-1	-1
3202	3463	3461	3	-1	-1	-1
3463	3202	3464	3	-1	-1	-1
3465	3464	3205	3	-1	-1	-1
3556	3289	3290	5	-1	-1	-1
3289	3555	3292	5	-1	-1	-1
3558	3291	3292	5	-1	-1	-1
3207	3467	3468	3	-1	-1	-1
3291	3558	3294	5	-1	-1	-1
3208	3469	3466	3	-1	-1	-1
3297	3557	3290	5	-1	-1	-1
3468	3469	3208	3	-1	-1	-1
3470	3467	3209	3	-1	-1	-1
3296	3295	3560	5	-1	-1	-1
3471	3470	3210	3	-1	-1	-1
3472	3471	3211	3	-1	-1	-1
3562	3297	3296	5	-1	-1	-1
3295	3302	3560	5	-1	-1	-1
3473	3474	3212	3	-1	-1	-1
3564	3298	3299	5	-1	-1	-1
3474	3475	3213	3	-1	-1	-1
3214	3476	3472	3	-1	-1	-1
3298	3563	3301	5	-1	-1	-1
3349	3274	3543	1	-1	-1	-1
3476	3214	3477	3	-1	-1	-1
3544	3274	3349	1	-1	-1	-1
3475	3478	3215	3	-1	-1	-1
3477	3215	3478	3	-1	-1	-1
3566	3303	3301	5	-1	-1	-1
3566	3304	3303	5	-1	-1	-1
3543	3283	3348	1	-1	-1	-1
3568	3302	3304	5	-1	-1	-1
3216	3480	3479	3	-1	-1	-1
3219	3484	3473	3	-1	-1	-1
3481	3217	3479	3	-1	-1	-1
3299	3315	3565	5	-1	-1	-1
3554	3340	3286	1	-1	-1	-1
3482	3218	3481	3	-1	-1	-1
3306	3305	3570	5	-1	-1	-1
3571	3307	3306	5	-1	-1	-1
3482	3483	3219	3	-1	-1	-1
3308	3307	3571	5	-1	-1	-1
3483	3484	3219	3	-1	-1	-1
3486	3480	3221	3	-1	-1	-1
3573	3309	3308	5	-1	-1	-1
3221	3485	3486	3	-1	-1	-1
3222	3487	3485	5	-1	-1	-1
3310	3311	3574	5	-1	-1	-1
3235	3456	3504	5	-1	-1	-1
3574	3312	3310	5	-1	-1	-1
3224	3488	3489	5	-1	-1	-1
3576	3314	3312	5	-1	-1	-1
3489	3490	3224	5	-1	-1	-1
3318	3575	3311	5	-1	-1	-1
3578	3313	3314	5	-1	-1	-1
3316	3313	3577	5	-1	-1	-1
3225	3490	3491	5	-1	-1	-1
3544	3389	3274	1	-1	-1	-1
3491	3492	3226	5	-1	-1	-1
3495	3487	3228	5	-1	-1	-1
3315	3316	3579	5	-1	-1	-1
3451	3254	3508	5	-1	-1	-1
3492	3494	3227	5	-1	-1	-1
3497	3488	3229	5	-1	-1	-1
3494	3493	3227	5	-1	-1	-1
3580	3318	3317	5	-1	-1	-1
3493	3495	3228	5	-1	-1	-1
3320	3580	3317	5	-1	-1	-1
3309	3573	3336	5	-1	-1	-1
3319	3582	3320	5	-1	-1	-1
3229	3496	3497	5	-1	-1	-1
3279	3398	3547	5	-1	-1	-1
3498	3496	3230	5	-1	-1	-1
3319	3327	3581	5	-1	-1	-1
3281	3549	3397	5	-1	-1	-1
3321	3322	3585	3	-1	-1	-1
3499	3498	3231	5	-1	-1	-1
3326	3321	3585	3	-1	-1	-1
3232	3500	3501	5	-1	-1	-1
3233	3502	3499	5	-1	-1	-1
3588	3323	3324	5	-1	-1	-1
3233	3501	3503	5	-1	-1	-1
3323	3587	3327	5	-1	-1	-1
3322	3330	3586	3	-1	-1	-1
3502	3233	3503	5	-1	-1	-1
3325	3589	3324	3	-1	-1	-1
3590	3325	3326	3	-1	-1	-1
3543	3348	3349	1	-1	-1	-1
3500	3236	3506	5	-1	-1	-1
3544	3349	3350	1	-1	-1	-1
3305	3371	3569	5	-1	-1	-1
3236	3505	3506	5	-1	-1	-1
3237	3504	3507	5	-1	-1	-1
3505	3237	3507	5	-1	-1	-1
3594	3329	3328	3	-1	-1	-1
3331	3329	3595	3	-1	-1	-1
3509	3508	3240	5	-1	-1	-1
3330	3331	3596	3	-1	-1	-1
3510	3509	3240	5	-1	-1	-1
3512	3510	3242	5	-1	-1	-1
3512	3242	3511	5	-1	-1	-1
3514	3511	3243	5	-1	-1	-1
3243	3513	3515	5	-1	-1	-1
3515	3514	3243	5	-1	-1	-1
3601	3335	3336	3	-1	-1	-1
3516	3513	3244	5	-1	-1	-1
3280	3444	3550	1	-1	-1	-1
3516	3244	3517	5	-1	-1	-1
3602	3337	3338	5	-1	-1	-1
3338	3339	3604	5	-1	-1	-1
3339	3340	3605	1	-1	-1	-1
3248	3518	3519	5	-1	-1	-1
3519	3520	3248	5	-1	-1	-1
3249	3521	3518	5	-1	-1	-1
3606	3341	3342	1	-1	-1	-1
3523	3517	3251	5	-1	-1	-1
3522	3521	3249	5	-1	-1	-1
3342	3343	3607	1	-1	-1	-1
3523	3250	3520	5	-1	-1	-1
3606	3347	3341	1	-1	-1	-1
3345	3608	3343	1	-1	-1	-1
3609	3345	3344	5	-1	-1	-1
3522	3253	3524	5	-1	-1	-1
3602	3361	3337	5	-1	-1	-1
3380	3594	3328	3	-1	-1	-1
3606	3350	3347	1	-1	-1	-1
3443	3430	3431	1	-1	-1	-1
3443	3432	3430	1	-1	-1	-1
3526	3525	3256	5	-1	-1	-1
3527	3528	3258	5	-1	-1	-1
3352	3351	3612	5	-1	-1	-1
3612	3351	3353	5	-1	-1	-1
3530	3259	3528	5	-1	-1	-1
3449	3435	3433	5	-1	-1	-1
3382	3335	3601	3	-1	-1	-1
3529	3259	3530	5	-1	-1	-1
3261	3533	3526	5	-1	-1	-1
3426	3466	3428	3	-1	-1	-1
3614	3353	3354	5	-1	-1	-1
3260	3529	3532	5	-1	-1	-1
3534	3527	3262	5	-1	-1	-1
3532	3531	3260	5	-1	-1	-1
3391	3389	3544	1	-1	-1	-1
3261	3531	3533	5	-1	-1	-1
3355	3617	3354	5	-1	-1	-1
3617	3355	3356	5	-1	-1	-1
3357	3618	3356	5	-1	-1	-1
3367	3352	3613	3	-1	-1	-1
3619	3357	3358	5	-1	-1	-1
3524	3271	3540	5	-1	-1	-1
3620	3358	3359	5	-1	-1	-1
3541	3272	3525	5	-1	-1	-1
3268	3535	3536	5	-1	-1	-1
3360	3621	3359	5	-1	-1	-1
3547	3398	3396	5	-1	-1	-1
3268	3536	3537	5	-1	-1	-1
3270	3538	3534	5	-1	-1	-1
3392	3609	3344	5	-1	-1	-1
3269	3537	3539	5	-1	-1	-1
3539	3538	3269	5	-1	-1	-1
3362	3361	3625	5	-1	-1	-1
3360	3365	3623	5	-1	-1	-1
3362	3627	3363	5	-1	-1	-1
3542	3540	3272	5	-1	-1	-1
3601	3376	3377	3	-1	-1	-1
3594	3380	3381	3	-1	-1	-1
3272	3541	3542	5	-1	-1	-1
3363	3628	3364	5	-1	-1	-1
3630	3366	3364	5	-1	-1	-1
3377	3382	3601	3	-1	-1	-1
3631	3365	3366	5	-1	-1	-1
3547	3546	3277	5	-1	-1	-1
3545	3278	3548	5	-1	-1	-1
3546	3548	3278	5	-1	-1	-1
3368	3638	3370	3	-1	-1	-1
3370	3639	3369	5	-1	-1	-1
3549	3280	3550	1	-1	-1	-1
3372	3369	3639	5	-1	-1	-1
3638	3368	3375	3	-1	-1	-1
3285	3545	3553	1	-1	-1	-1
3373	3641	3371	5	-1	-1	-1
3637	3383	3367	3	-1	-1	-1
3372	3642	3373	5	-1	-1	-1
3551	3552	3284	1	-1	-1	-1
3553	3551	3285	1	-1	-1	-1
3554	3286	3552	1	-1	-1	-1
3375	3374	3643	3	-1	-1	-1
3376	3643	3374	3	-1	-1	-1
3289	3556	3555	5	-1	-1	-1
3556	3290	3557	5	-1	-1	-1
3379	3378	3647	3	-1	-1	-1
3559	3292	3555	5	-1	-1	-1
3646	3378	3383	3	-1	-1	-1
3379	3649	3381	3	-1	-1	-1
3292	3559	3558	5	-1	-1	-1
3562	3557	3297	5	-1	-1	-1
3296	3560	3561	5	-1	-1	-1
3562	3296	3561	5	-1	-1	-1
3386	3384	3653	1	-1	-1	-1
3386	3654	3385	5	-1	-1	-1
3564	3563	3298	5	-1	-1	-1
3387	3385	3654	5	-1	-1	-1
3653	3384	3390	1	-1	-1	-1
3564	3299	3565	5	-1	-1	-1
3388	3387	3655	5	-1	-1	-1
3302	3568	3560	5	-1	-1	-1
3563	3567	3301	5	-1	-1	-1
3566	3301	3567	5	-1	-1	-1
3388	3655	3392	5	-1	-1	-1
3390	3391	3656	1	-1	-1	-1
3566	3568	3304	5	-1	-1	-1
3445	3550	3444	1	-1	-1	-1
3305	3569	3570	5	-1	-1	-1
3394	3658	3393	5	-1	-1	-1
3306	3570	3571	5	-1	-1	-1
3397	3659	3394	5	-1	-1	-1
3572	3308	3571	5	-1	-1	-1
3393	3657	3401	5	-1	-1	-1
3395	3660	3396	5	-1	-1	-1
3573	3308	3572	5	-1	-1	-1
3395	3400	3660	5	-1	-1	-1
3315	3579	3565	5	-1	-1	-1
3311	3575	3574	5	-1	-1	-1
3662	3400	3399	3	-1	-1	-1
3576	3312	3574	5	-1	-1	-1
3399	3404	3662	3	-1	-1	-1
3664	3402	3401	5	-1	-1	-1
3313	3578	3577	5	-1	-1	-1
3576	3578	3314	5	-1	-1	-1
3577	3579	3316	5	-1	-1	-1
3575	3318	3580	5	-1	-1	-1
3403	3666	3404	3	-1	-1	-1
3665	3403	3405	5	-1	-1	-1
3406	3669	3405	5	-1	-1	-1
3582	3319	3581	5	-1	-1	-1
3580	3320	3584	5	-1	-1	-1
3582	3583	3320	5	-1	-1	-1
3410	3671	3406	5	-1	-1	-1
3584	3320	3583	5	-1	-1	-1
3407	3673	3408	5	-1	-1	-1
3675	3409	3408	5	-1	-1	-1
3585	3322	3586	3	-1	-1	-1
3415	3672	3407	5	-1	-1	-1
3327	3587	3581	5	-1	-1	-1
3676	3410	3409	5	-1	-1	-1
3588	3587	3323	5	-1	-1	-1
3554	3605	3340	1	-1	-1	-1
3324	3589	3588	3	-1	-1	-1
3585	3592	3326	3	-1	-1	-1
3412	3411	3681	5	-1	-1	-1
3411	3413	3680	3	-1	-1	-1
3544	3350	3611	1	-1	-1	-1
3589	3325	3591	3	-1	-1	-1
3325	3590	3591	3	-1	-1	-1
3414	3680	3413	3	-1	-1	-1
3593	3590	3326	3	-1	-1	-1
3682	3416	3412	5	-1	-1	-1
3573	3601	3336	3	-1	-1	-1
3592	3593	3326	3	-1	-1	-1
3402	3664	3446	5	-1	-1	-1
3330	3597	3586	3	-1	-1	-1
3685	3415	3416	5	-1	-1	-1
3329	3594	3595	3	-1	-1	-1
3686	3418	3417	5	-1	-1	-1
3330	3596	3597	3	-1	-1	-1
3417	3421	3686	5	-1	-1	-1
3595	3599	3331	3	-1	-1	-1
3418	3688	3419	5	-1	-1	-1
3429	3684	3414	3	-1	-1	-1
3331	3600	3596	3	-1	-1	-1
3331	3599	3598	3	-1	-1	-1
3598	3600	3331	3	-1	-1	-1
3690	3421	3420	5	-1	-1	-1
3419	3689	3424	3	-1	-1	-1
3420	3422	3691	3	-1	-1	-1
3511	3514	3512	5	-1	-1	-1
3424	3693	3423	3	-1	-1	-1
3425	3423	3693	3	-1	-1	-1
3338	3603	3602	5	-1	-1	-1
3515	3513	3516	5	-1	-1	-1
3338	3604	3603	5	-1	-1	-1
3544	3611	3391	1	-1	-1	-1
3605	3604	3339	1	-1	-1	-1
3696	3427	3428	3	-1	-1	-1
3427	3695	3429	3	-1	-1	-1
3606	3342	3607	1	-1	-1	-1
3608	3607	3343	1	-1	-1	-1
3345	3610	3608	1	-1	-1	-1
3610	3345	3609	1	-1	-1	-1
3431	3436	3699	1	-1	-1	-1
3350	3606	3611	1	-1	-1	-1
3435	3700	3434	5	-1	-1	-1
3437	3434	3700	5	-1	-1	-1
3422	3459	3691	3	-1	-1	-1
3443	3431	3699	1	-1	-1	-1
3438	3702	3436	1	-1	-1	-1
3612	3613	3352	3	-1	-1	-1
3703	3438	3437	5	-1	-1	-1
3353	3615	3612	5	-1	-1	-1
3641	3569	3371	5	-1	-1	-1
3614	3615	3353	5	-1	-1	-1
3354	3616	3614	5	-1	-1	-1
3465	3425	3694	3	-1	-1	-1
3701	3435	3449	5	-1	-1	-1
3616	3354	3617	5	-1	-1	-1
3439	3441	3705	1	-1	-1	-1
3602	3624	3361	5	-1	-1	-1
3440	3706	3441	1	-1	-1	-1
3445	3439	3705	1	-1	-1	-1
3440	3442	3707	1	-1	-1	-1
3618	3617	3356	5	-1	-1	-1
3428	3466	3697	3	-1	-1	-1
3525	3526	3541	5	-1	-1	-1
3619	3618	3357	5	-1	-1	-1
3443	3710	3442	1	-1	-1	-1
3619	3358	3620	5	-1	-1	-1
3620	3359	3622	5	-1	-1	-1
3359	3621	3622	5	-1	-1	-1
3661	3547	3396	5	-1	-1	-1
3360	3623	3621	5	-1	-1	-1
3386	3608	3610	1	-1	-1	-1
3447	3446	3711	5	-1	-1	-1
3549	3659	3397	5	-1	-1	-1
3447	3713	3448	5	-1	-1	-1
3361	3624	3625	5	-1	-1	-1
3462	3691	3459	3	-1	-1	-1
3448	3715	3449	5	-1	-1	-1
3362	3625	3626	5	-1	-1	-1
3627	3362	3626	5	-1	-1	-1
3636	3367	3613	3	-1	-1	-1
3716	3450	3452	5	-1	-1	-1
3629	3363	3627	5	-1	-1	-1
3629	3628	3363	5	-1	-1	-1
3717	3452	3451	5	-1	-1	-1
3633	3623	3365	5	-1	-1	-1
3645	3376	3601	3	-1	-1	-1
3628	3630	3364	5	-1	-1	-1
3458	3450	3716	5	-1	-1	-1
3594	3381	3651	3	-1	-1	-1
3453	3454	3720	5	-1	-1	-1
3453	3720	3455	5	-1	-1	-1
3631	3632	3365	5	-1	-1	-1
3630	3634	3366	5	-1	-1	-1
3365	3632	3633	5	-1	-1	-1
3697	3466	3469	3	-1	-1	-1
3366	3635	3631	5	-1	-1	-1
3722	3454	3458	5	-1	-1	-1
3366	3634	3635	5	-1	-1	-1
3455	3724	3457	5	-1	-1	-1
3456	3457	3725	5	-1	-1	-1
3367	3636	3637	3	-1	-1	-1
3608	3386	3653	1	-1	-1	-1
3640	3370	3638	3	-1	-1	-1
3639	3370	3640	3	-1	-1	-1
3654	3386	3610	1	-1	-1	-1
3731	3462	3460	3	-1	-1	-1
3461	3732	3460	3	-1	-1	-1
3372	3639	3642	5	-1	-1	-1
3609	3392	3655	5	-1	-1	-1
3732	3461	3463	3	-1	-1	-1
3641	3373	3642	5	-1	-1	-1
3375	3644	3638	3	-1	-1	-1
3656	3391	3611	1	-1	-1	-1
3734	3463	3464	3	-1	-1	-1
3644	3375	3643	3	-1	-1	-1
3465	3734	3464	3	-1	-1	-1
3376	3645	3643	3	-1	-1	-1
3378	3646	3647	3	-1	-1	-1
3467	3736	3468	3	-1	-1	-1
3470	3735	3467	3	-1	-1	-1
3637	3652	3383	3	-1	-1	-1
3648	3379	3647	3	-1	-1	-1
3468	3738	3469	3	-1	-1	-1
3379	3648	3649	3	-1	-1	-1
3508	3717	3451	5	-1	-1	-1
3381	3649	3650	3	-1	-1	-1
3470	3471	3739	3	-1	-1	-1
3652	3646	3383	3	-1	-1	-1
3381	3650	3651	3	-1	-1	-1
3741	3471	3472	3	-1	-1	-1
3456	3726	3504	5	-1	-1	-1
3472	3476	3742	3	-1	-1	-1
3743	3474	3473	3	-1	-1	-1
3475	3474	3744	3	-1	-1	-1
3654	3655	3387	5	-1	-1	-1
3745	3478	3475	3	-1	-1	-1
3656	3653	3390	1	-1	-1	-1
3473	3484	3743	3	-1	-1	-1
3705	3550	3445	1	-1	-1	-1
3476	3477	3747	3	-1	-1	-1
3749	3477	3478	3	-1	-1	-1
3658	3657	3393	5	-1	-1	-1
3479	3750	3481	3	-1	-1	-1
3479	3480	3751	3	-1	-1	-1
3659	3658	3394	5	-1	-1	-1
3481	3753	3482	3	-1	-1	-1
3660	3661	3396	5	-1	-1	-1
3480	3486	3752	3	-1	-1	-1
3483	3482	3754	3	-1	-1	-1
3401	3657	3664	5	-1	-1	-1
3400	3663	3660	5	-1	-1	-1
3756	3484	3483	3	-1	-1	-1
3400	3662	3663	3	-1	-1	-1
3486	3485	3760	3	-1	-1	-1
3760	3485	3487	5	-1	-1	-1
3662	3404	3667	3	-1	-1	-1
3509	3717	3508	5	-1	-1	-1
3665	3666	3403	5	-1	-1	-1
3667	3404	3666	3	-1	-1	-1
3665	3405	3668	5	-1	-1	-1
3488	3763	3489	5	-1	-1	-1
3668	3405	3669	5	-1	-1	-1
3495	3760	3487	5	-1	-1	-1
3669	3406	3670	5	-1	-1	-1
3764	3490	3489	5	-1	-1	-1
3491	3490	3765	5	-1	-1	-1
3671	3670	3406	5	-1	-1	-1
3488	3497	3762	5	-1	-1	-1
3766	3492	3491	5	-1	-1	-1
3407	3672	3673	5	-1	-1	-1
3492	3766	3494	5	-1	-1	-1
3767	3493	3494	5	-1	-1	-1
3547	3661	3546	5	-1	-1	-1
3493	3767	3495	5	-1	-1	-1
3408	3673	3674	5	-1	-1	-1
3408	3674	3675	5	-1	-1	-1
3410	3679	3671	5	-1	-1	-1
3675	3677	3409	5	-1	-1	-1
3676	3409	3677	5	-1	-1	-1
3496	3771	3497	5	-1	-1	-1
3410	3676	3678	5	-1	-1	-1
3772	3496	3498	5	-1	-1	-1
3498	3499	3774	5	-1	-1	-1
3410	3678	3679	5	-1	-1	-1
3685	3672	3415	5	-1	-1	-1
3411	3680	3681	5	-1	-1	-1
3412	3681	3683	5	-1	-1	-1
3682	3412	3683	5	-1	-1	-1
3776	3499	3502	5	-1	-1	-1
3684	3680	3414	3	-1	-1	-1
3777	3501	3500	5	-1	-1	-1
3685	3416	3682	5	-1	-1	-1
3778	3500	3506	5	-1	-1	-1
3780	3503	3501	5	-1	-1	-1
3503	3781	3502	5	-1	-1	-1
3572	3645	3573	3	-1	-1	-1
3687	3418	3686	5	-1	-1	-1
3418	3687	3688	5	-1	-1	-1
3504	3784	3507	5	-1	-1	-1
3785	3506	3505	5	-1	-1	-1
3419	3688	3689	3	-1	-1	-1
3785	3505	3507	5	-1	-1	-1
3692	3686	3421	5	-1	-1	-1
3691	3690	3420	3	-1	-1	-1
3690	3692	3421	5	-1	-1	-1
3689	3693	3424	3	-1	-1	-1
3509	3510	3788	5	-1	-1	-1
3510	3512	3789	5	-1	-1	-1
3698	3684	3429	3	-1	-1	-1
3693	3694	3425	3	-1	-1	-1
3790	3512	3514	5	-1	-1	-1
3696	3695	3427	3	-1	-1	-1
3515	3790	3514	5	-1	-1	-1
3573	3645	3601	3	-1	-1	-1
3428	3697	3696	3	-1	-1	-1
3698	3429	3695	3	-1	-1	-1
3446	3664	3712	5	-1	-1	-1
3792	3515	3516	5	-1	-1	-1
3793	3516	3517	5	-1	-1	-1
3519	3518	3796	5	-1	-1	-1
3518	3521	3796	5	-1	-1	-1
3517	3523	3795	5	-1	-1	-1
3435	3701	3700	5	-1	-1	-1
3702	3699	3436	1	-1	-1	-1
3520	3519	3798	5	-1	-1	-1
3523	3520	3795	5	-1	-1	-1
3437	3700	3703	5	-1	-1	-1
3651	3595	3594	3	-1	-1	-1
3799	3521	3522	5	-1	-1	-1
3438	3704	3702	1	-1	-1	-1
3595	3651	3599	3	-1	-1	-1
3704	3438	3703	1	-1	-1	-1
3522	3524	3800	5	-1	-1	-1
3699	3710	3443	1	-1	-1	-1
3707	3706	3440	1	-1	-1	-1
3708	3705	3441	1	-1	-1	-1
3441	3706	3709	1	-1	-1	-1
3709	3708	3441	1	-1	-1	-1
3528	3527	3803	5	-1	-1	-1
3710	3707	3442	1	-1	-1	-1
3802	3526	3533	5	-1	-1	-1
3530	3528	3804	5	-1	-1	-1
3527	3534	3803	5	-1	-1	-1
3805	3529	3530	5	-1	-1	-1
3524	3540	3801	5	-1	-1	-1
3449	3715	3701	5	-1	-1	-1
3532	3529	3805	5	-1	-1	-1
3608	3653	3607	1	-1	-1	-1
3712	3711	3446	5	-1	-1	-1
3607	3656	3606	1	-1	-1	-1
3802	3541	3526	5	-1	-1	-1
3711	3714	3447	5	-1	-1	-1
3809	3531	3532	5	-1	-1	-1
3654	3610	3609	1	-1	-1	-1
3606	3656	3611	1	-1	-1	-1
3533	3531	3809	5	-1	-1	-1
3714	3713	3447	5	-1	-1	-1
3534	3538	3803	5	-1	-1	-1
3713	3715	3448	5	-1	-1	-1
3541	3802	3542	5	-1	-1	-1
3537	3536	3812	5	-1	-1	-1
3691	3462	3733	3	-1	-1	-1
3717	3718	3452	5	-1	-1	-1
3719	3716	3452	5	-1	-1	-1
3537	3812	3539	5	-1	-1	-1
3452	3718	3719	5	-1	-1	-1
3813	3538	3539	5	-1	-1	-1
3465	3694	3734	3	-1	-1	-1
3454	3721	3720	5	-1	-1	-1
3721	3454	3722	5	-1	-1	-1
3723	3455	3720	5	-1	-1	-1
3540	3542	3816	5	-1	-1	-1
3455	3723	3724	5	-1	-1	-1
3730	3458	3716	5	-1	-1	-1
3697	3469	3738	3	-1	-1	-1
3725	3726	3456	5	-1	-1	-1
3728	3457	3724	5	-1	-1	-1
3725	3457	3727	5	-1	-1	-1
3722	3458	3729	5	-1	-1	-1
3727	3457	3728	5	-1	-1	-1
3545	3548	3819	5	-1	-1	-1
3820	3548	3546	5	-1	-1	-1
3656	3607	3653	1	-1	-1	-1
3819	3553	3545	5	-1	-1	-1
3729	3458	3730	5	-1	-1	-1
3654	3609	3655	1	-1	-1	-1
3550	3822	3549	1	-1	-1	-1
3731	3460	3732	3	-1	-1	-1
3731	3733	3462	3	-1	-1	-1
3552	3551	3823	1	-1	-1	-1
3823	3551	3553	1	-1	-1	-1
3463	3734	3732	3	-1	-1	-1
3825	3554	3552	1	-1	-1	-1
3735	3736	3467	3	-1	-1	-1
3556	3828	3555	5	-1	-1	-1
3736	3737	3468	3	-1	-1	-1
3828	3559	3555	5	-1	-1	-1
3557	3829	3556	5	-1	-1	-1
3468	3737	3738	3	-1	-1	-1
3470	3740	3735	3	-1	-1	-1
3739	3740	3470	3	-1	-1	-1
3562	3831	3557	5	-1	-1	-1
3471	3741	3739	3	-1	-1	-1
3561	3560	3833	5	-1	-1	-1
3742	3741	3472	3	-1	-1	-1
3561	3835	3562	5	-1	-1	-1
3560	3568	3832	5	-1	-1	-1
3744	3474	3743	3	-1	-1	-1
3564	3837	3563	5	-1	-1	-1
3744	3746	3475	3	-1	-1	-1
3746	3745	3475	3	-1	-1	-1
3476	3748	3742	3	-1	-1	-1
3567	3563	3837	5	-1	-1	-1
3565	3838	3564	5	-1	-1	-1
3748	3476	3747	3	-1	-1	-1
3745	3749	3478	3	-1	-1	-1
3566	3839	3568	5	-1	-1	-1
3747	3477	3749	3	-1	-1	-1
3567	3840	3566	5	-1	-1	-1
3751	3750	3479	3	-1	-1	-1
3565	3579	3838	5	-1	-1	-1
3844	3570	3569	5	-1	-1	-1
3751	3480	3752	3	-1	-1	-1
3481	3750	3753	3	-1	-1	-1
3743	3484	3758	3	-1	-1	-1
3605	3554	3827	1	-1	-1	-1
3570	3846	3571	5	-1	-1	-1
3846	3572	3571	5	-1	-1	-1
3482	3753	3755	3	-1	-1	-1
3482	3755	3754	3	-1	-1	-1
3757	3483	3754	3	-1	-1	-1
3757	3756	3483	3	-1	-1	-1
3575	3848	3574	5	-1	-1	-1
3848	3576	3574	5	-1	-1	-1
3759	3484	3756	3	-1	-1	-1
3486	3761	3752	3	-1	-1	-1
3484	3759	3758	3	-1	-1	-1
3578	3576	3851	5	-1	-1	-1
3580	3850	3575	5	-1	-1	-1
3761	3486	3760	3	-1	-1	-1
3852	3579	3577	5	-1	-1	-1
3853	3577	3578	5	-1	-1	-1
3763	3488	3762	5	-1	-1	-1
3717	3509	3788	5	-1	-1	-1
3584	3850	3580	5	-1	-1	-1
3784	3504	3726	5	-1	-1	-1
3763	3764	3489	5	-1	-1	-1
3855	3582	3581	5	-1	-1	-1
3765	3490	3764	5	-1	-1	-1
3766	3491	3765	5	-1	-1	-1
3657	3658	3708	5	-1	-1	-1
3582	3859	3583	5	-1	-1	-1
3581	3587	3856	5	-1	-1	-1
3770	3760	3495	5	-1	-1	-1
3583	3860	3584	5	-1	-1	-1
3820	3546	3661	5	-1	-1	-1
3768	3494	3766	5	-1	-1	-1
3549	3822	3659	5	-1	-1	-1
3494	3769	3767	5	-1	-1	-1
3657	3709	3664	5	-1	-1	-1
3494	3768	3769	5	-1	-1	-1
3495	3767	3770	5	-1	-1	-1
3762	3497	3773	5	-1	-1	-1
3585	3586	3863	3	-1	-1	-1
3772	3771	3496	5	-1	-1	-1
3592	3585	3863	3	-1	-1	-1
3587	3588	3865	5	-1	-1	-1
3773	3497	3771	5	-1	-1	-1
3498	3774	3772	5	-1	-1	-1
3588	3589	3867	3	-1	-1	-1
3597	3864	3586	3	-1	-1	-1
3589	3591	3868	3	-1	-1	-1
3499	3775	3774	5	-1	-1	-1
3869	3591	3590	3	-1	-1	-1
3776	3775	3499	5	-1	-1	-1
3590	3593	3869	3	-1	-1	-1
3641	3844	3569	5	-1	-1	-1
3777	3500	3778	5	-1	-1	-1
3592	3872	3593	3	-1	-1	-1
3777	3779	3501	5	-1	-1	-1
3779	3780	3501	5	-1	-1	-1
3502	3782	3776	5	-1	-1	-1
3847	3645	3572	3	-1	-1	-1
3782	3502	3781	5	-1	-1	-1
3686	3692	3687	5	-1	-1	-1
3503	3780	3783	5	-1	-1	-1
3781	3503	3783	5	-1	-1	-1
3597	3596	3875	3	-1	-1	-1
3506	3786	3778	5	-1	-1	-1
3600	3875	3596	3	-1	-1	-1
3708	3709	3657	5	-1	-1	-1
3600	3598	3877	3	-1	-1	-1
3878	3598	3599	3	-1	-1	-1
3822	3550	3705	1	-1	-1	-1
3506	3785	3786	5	-1	-1	-1
3787	3507	3784	5	-1	-1	-1
3787	3785	3507	5	-1	-1	-1
3712	3664	3709	5	-1	-1	-1
3602	3603	3882	5	-1	-1	-1
3789	3788	3510	5	-1	-1	-1
3883	3603	3604	5	-1	-1	-1
3512	3790	3789	5	-1	-1	-1
3884	3604	3605	1	-1	-1	-1
3792	3791	3515	5	-1	-1	-1
3791	3790	3515	5	-1	-1	-1
3792	3516	3794	5	-1	-1	-1
3516	3793	3794	5	-1	-1	-1
3517	3795	3793	5	-1	-1	-1
3624	3602	3881	5	-1	-1	-1
3612	3886	3613	3	-1	-1	-1
3519	3796	3797	5	-1	-1	-1
3798	3795	3520	5	-1	-1	-1
3615	3886	3612	3	-1	-1	-1
3690	3691	3733	3	-1	-1	-1
3797	3798	3519	5	-1	-1	-1
3521	3799	3796	5	-1	-1	-1
3887	3615	3614	5	-1	-1	-1
3616	3887	3614	5	-1	-1	-1
3714	3702	3704	1	-1	-1	-1
3799	3522	3800	5	-1	-1	-1
3617	3890	3616	5	-1	-1	-1
3524	3801	3800	5	-1	-1	-1
3706	3707	3712	1	-1	-1	-1
3617	3618	3892	5	-1	-1	-1
3706	3712	3709	1	-1	-1	-1
3879	3599	3651	3	-1	-1	-1
3893	3618	3619	5	-1	-1	-1
3644	3643	3847	3	-1	-1	-1
3895	3619	3620	5	-1	-1	-1
3804	3528	3803	5	-1	-1	-1
3886	3636	3613	3	-1	-1	-1
3847	3643	3645	3	-1	-1	-1
3622	3896	3620	5	-1	-1	-1
3822	3658	3659	5	-1	-1	-1
3804	3806	3530	5	-1	-1	-1
3621	3897	3622	5	-1	-1	-1
3623	3898	3621	5	-1	-1	-1
3805	3530	3807	5	-1	-1	-1
3530	3806	3808	5	-1	-1	-1
3808	3807	3530	5	-1	-1	-1
3802	3533	3811	5	-1	-1	-1
3532	3805	3810	5	-1	-1	-1
3901	3625	3624	5	-1	-1	-1
3809	3532	3810	5	-1	-1	-1
3902	3626	3625	5	-1	-1	-1
3809	3811	3533	5	-1	-1	-1
3538	3813	3803	5	-1	-1	-1
3900	3623	3633	5	-1	-1	-1
3627	3626	3903	5	-1	-1	-1
3540	3817	3801	5	-1	-1	-1
3627	3904	3629	5	-1	-1	-1
3802	3818	3542	5	-1	-1	-1
3905	3628	3629	5	-1	-1	-1
3630	3628	3905	5	-1	-1	-1
3716	3719	3730	5	-1	-1	-1
3812	3814	3539	5	-1	-1	-1
3815	3813	3539	5	-1	-1	-1
3815	3539	3814	5	-1	-1	-1
3634	3630	3908	5	-1	-1	-1
3816	3817	3540	5	-1	-1	-1
3911	3632	3631	5	-1	-1	-1
3542	3818	3816	5	-1	-1	-1
3635	3911	3631	5	-1	-1	-1
3632	3912	3633	5	-1	-1	-1
3726	3725	3727	5	-1	-1	-1
3634	3915	3635	5	-1	-1	-1
3821	3819	3548	5	-1	-1	-1
3708	3658	3822	5	-1	-1	-1
3821	3548	3820	5	-1	-1	-1
3919	3637	3636	3	-1	-1	-1
3826	3553	3819	5	-1	-1	-1
3640	3638	3921	3	-1	-1	-1
3552	3823	3824	1	-1	-1	-1
3640	3922	3639	3	-1	-1	-1
3552	3824	3825	1	-1	-1	-1
3823	3553	3826	5	-1	-1	-1
3922	3642	3639	3	-1	-1	-1
3921	3638	3644	3	-1	-1	-1
3642	3922	3641	5	-1	-1	-1
3825	3827	3554	1	-1	-1	-1
3637	3920	3652	3	-1	-1	-1
3556	3829	3828	5	-1	-1	-1
3647	3646	3923	3	-1	-1	-1
3830	3829	3557	5	-1	-1	-1
3557	3831	3830	5	-1	-1	-1
3647	3924	3648	3	-1	-1	-1
3652	3923	3646	3	-1	-1	-1
3649	3648	3925	3	-1	-1	-1
3832	3833	3560	5	-1	-1	-1
3649	3926	3650	3	-1	-1	-1
3833	3834	3561	5	-1	-1	-1
3927	3651	3650	3	-1	-1	-1
3562	3836	3831	5	-1	-1	-1
3835	3561	3834	5	-1	-1	-1
3836	3562	3835	5	-1	-1	-1
3708	3822	3705	1	-1	-1	-1
3838	3837	3564	5	-1	-1	-1
3832	3568	3843	5	-1	-1	-1
3840	3839	3566	5	-1	-1	-1
3842	3567	3837	5	-1	-1	-1
3840	3567	3841	5	-1	-1	-1
3568	3839	3843	5	-1	-1	-1
3842	3841	3567	5	-1	-1	-1
3660	3929	3661	5	-1	-1	-1
3660	3663	3929	5	-1	-1	-1
3662	3931	3663	3	-1	-1	-1
3570	3844	3845	5	-1	-1	-1
3662	3667	3931	3	-1	-1	-1
3846	3570	3845	5	-1	-1	-1
3933	3666	3665	5	-1	-1	-1
3572	3846	3847	3	-1	-1	-1
3668	3934	3665	5	-1	-1	-1
3935	3667	3666	3	-1	-1	-1
3838	3579	3852	5	-1	-1	-1
3575	3849	3848	5	-1	-1	-1
3850	3849	3575	5	-1	-1	-1
3669	3938	3668	5	-1	-1	-1
3576	3848	3851	5	-1	-1	-1
3939	3669	3670	5	-1	-1	-1
3671	3940	3670	5	-1	-1	-1
3853	3852	3577	5	-1	-1	-1
3578	3851	3854	5	-1	-1	-1
3754	3755	3775	5	-1	-1	-1
3578	3854	3853	5	-1	-1	-1
3757	3754	3776	5	-1	-1	-1
3673	3672	3944	5	-1	-1	-1
3679	3942	3671	5	-1	-1	-1
3674	3673	3946	5	-1	-1	-1
3856	3855	3581	5	-1	-1	-1
3584	3861	3850	5	-1	-1	-1
3582	3855	3858	5	-1	-1	-1
3857	3582	3858	5	-1	-1	-1
3674	3949	3675	5	-1	-1	-1
3672	3685	3943	5	-1	-1	-1
3857	3859	3582	5	-1	-1	-1
3950	3677	3675	5	-1	-1	-1
3583	3859	3860	5	-1	-1	-1
3951	3676	3677	5	-1	-1	-1
3754	3775	3776	5	-1	-1	-1
3952	3678	3676	5	-1	-1	-1
3862	3584	3860	5	-1	-1	-1
3861	3584	3862	5	-1	-1	-1
3865	3856	3587	5	-1	-1	-1
3955	3679	3678	5	-1	-1	-1
3863	3586	3864	3	-1	-1	-1
3885	3605	3827	1	-1	-1	-1
3958	3681	3680	5	-1	-1	-1
3588	3866	3865	3	-1	-1	-1
3867	3866	3588	3	-1	-1	-1
3959	3680	3684	3	-1	-1	-1
3868	3867	3589	3	-1	-1	-1
3681	3961	3683	5	-1	-1	-1
3592	3863	3871	3	-1	-1	-1
3682	3683	3963	5	-1	-1	-1
3962	3685	3682	5	-1	-1	-1
3870	3868	3591	3	-1	-1	-1
3869	3870	3591	3	-1	-1	-1
3592	3871	3872	3	-1	-1	-1
3869	3593	3874	3	-1	-1	-1
3876	3864	3597	3	-1	-1	-1
3593	3872	3873	3	-1	-1	-1
3874	3593	3873	3	-1	-1	-1
3684	3698	3959	3	-1	-1	-1
3688	3687	3967	5	-1	-1	-1
3692	3966	3687	5	-1	-1	-1
3688	3968	3689	3	-1	-1	-1
3597	3875	3876	3	-1	-1	-1
3689	3969	3693	3	-1	-1	-1
3692	3690	3970	5	-1	-1	-1
3877	3598	3878	3	-1	-1	-1
3600	3880	3875	3	-1	-1	-1
3879	3878	3599	3	-1	-1	-1
3969	3694	3693	3	-1	-1	-1
3880	3600	3877	3	-1	-1	-1
3696	3973	3695	3	-1	-1	-1
3881	3602	3882	5	-1	-1	-1
3698	3695	3973	3	-1	-1	-1
3697	3974	3696	3	-1	-1	-1
3883	3882	3603	5	-1	-1	-1
3883	3604	3884	1	-1	-1	-1
3884	3605	3885	1	-1	-1	-1
3702	3977	3699	1	-1	-1	-1
3978	3700	3701	5	-1	-1	-1
3978	3703	3700	5	-1	-1	-1
3710	3699	3977	1	-1	-1	-1
3979	3704	3703	1	-1	-1	-1
3615	3888	3886	3	-1	-1	-1
3615	3887	3888	3	-1	-1	-1
3690	3733	3970	3	-1	-1	-1
3702	3714	3977	1	-1	-1	-1
3887	3616	3891	5	-1	-1	-1
3978	3701	3715	5	-1	-1	-1
3889	3616	3890	5	-1	-1	-1
3616	3889	3891	5	-1	-1	-1
3979	3714	3704	1	-1	-1	-1
3980	3707	3710	1	-1	-1	-1
3712	3707	3980	1	-1	-1	-1
3890	3617	3892	5	-1	-1	-1
3972	3734	3694	3	-1	-1	-1
3714	3711	3977	1	-1	-1	-1
3712	3980	3711	1	-1	-1	-1
3892	3618	3893	5	-1	-1	-1
3894	3893	3619	5	-1	-1	-1
3640	3921	3845	3	-1	-1	-1
3624	3881	3901	5	-1	-1	-1
3714	3979	3713	5	-1	-1	-1
3715	3713	3979	5	-1	-1	-1
3641	3922	3844	5	-1	-1	-1
3640	3845	3922	3	-1	-1	-1
3894	3619	3895	5	-1	-1	-1
3738	3974	3697	3	-1	-1	-1
3930	3820	3661	5	-1	-1	-1
3895	3620	3896	5	-1	-1	-1
3921	3644	3847	3	-1	-1	-1
3898	3897	3621	5	-1	-1	-1
3718	3717	3981	5	-1	-1	-1
3899	3896	3622	5	-1	-1	-1
3899	3622	3897	5	-1	-1	-1
3719	3718	3982	5	-1	-1	-1
3898	3623	3900	5	-1	-1	-1
3721	3984	3720	5	-1	-1	-1
3984	3723	3720	5	-1	-1	-1
3901	3902	3625	5	-1	-1	-1
3985	3721	3722	5	-1	-1	-1
3811	3818	3802	5	-1	-1	-1
3903	3626	3902	5	-1	-1	-1
3719	3983	3730	5	-1	-1	-1
3724	3723	3986	5	-1	-1	-1
3904	3627	3903	5	-1	-1	-1
3985	3722	3729	5	-1	-1	-1
3724	3986	3728	5	-1	-1	-1
3972	3732	3734	3	-1	-1	-1
3629	3904	3906	5	-1	-1	-1
3987	3726	3727	5	-1	-1	-1
3907	3905	3629	5	-1	-1	-1
3919	3636	3886	3	-1	-1	-1
3629	3906	3907	5	-1	-1	-1
3727	3728	3988	5	-1	-1	-1
3630	3905	3910	5	-1	-1	-1
3630	3909	3908	5	-1	-1	-1
3900	3633	3914	5	-1	-1	-1
3910	3909	3630	5	-1	-1	-1
3729	3730	3992	5	-1	-1	-1
3913	3632	3911	5	-1	-1	-1
3745	3746	3965	5	-1	-1	-1
3879	3651	3927	3	-1	-1	-1
3913	3912	3632	5	-1	-1	-1
3731	3732	3994	3	-1	-1	-1
3731	3993	3733	3	-1	-1	-1
3908	3916	3634	5	-1	-1	-1
3912	3914	3633	5	-1	-1	-1
3635	3918	3911	5	-1	-1	-1
3915	3634	3916	5	-1	-1	-1
3917	3635	3915	5	-1	-1	-1
3997	3736	3735	3	-1	-1	-1
3917	3918	3635	5	-1	-1	-1
3999	3737	3736	3	-1	-1	-1
3740	3997	3735	3	-1	-1	-1
3737	4000	3738	3	-1	-1	-1
3920	3637	3919	3	-1	-1	-1
3739	4002	3740	3	-1	-1	-1
3741	4001	3739	3	-1	-1	-1
3741	3742	4001	3	-1	-1	-1
3924	3912	3648	3	-1	-1	-1
3912	3925	3648	3	-1	-1	-1
3717	3788	3981	5	-1	-1	-1
3743	4007	3744	3	-1	-1	-1
3924	3647	3923	3	-1	-1	-1
4005	3742	3748	3	-1	-1	-1
3987	3784	3726	5	-1	-1	-1
3744	4008	3746	3	-1	-1	-1
3920	3928	3652	3	-1	-1	-1
3925	3926	3649	3	-1	-1	-1
3928	3923	3652	3	-1	-1	-1
3745	4009	3749	5	-1	-1	-1
3927	3650	3926	3	-1	-1	-1
4011	3748	3747	5	-1	-1	-1
3743	3758	4006	3	-1	-1	-1
3833	3832	3843	5	-1	-1	-1
3749	4012	3747	5	-1	-1	-1
3750	3751	4015	3	-1	-1	-1
3837	3838	3842	5	-1	-1	-1
3753	3750	4014	3	-1	-1	-1
3661	3929	3930	5	-1	-1	-1
3752	4017	3751	3	-1	-1	-1
3755	3753	4014	3	-1	-1	-1
3663	3932	3929	5	-1	-1	-1
3931	3932	3663	3	-1	-1	-1
3761	4018	3752	3	-1	-1	-1
3933	3665	3934	5	-1	-1	-1
4021	3756	3757	3	-1	-1	-1
3667	3936	3931	3	-1	-1	-1
3935	3666	3933	5	-1	-1	-1
3759	3756	4021	3	-1	-1	-1
3667	3935	3936	3	-1	-1	-1
3668	3937	3934	5	-1	-1	-1
3758	3759	4023	3	-1	-1	-1
3938	3937	3668	5	-1	-1	-1
3669	3939	3938	5	-1	-1	-1
3761	3760	4027	3	-1	-1	-1
3755	4019	3775	5	-1	-1	-1
3939	3670	3941	5	-1	-1	-1
3940	3941	3670	5	-1	-1	-1
3671	3942	3940	5	-1	-1	-1
3763	3762	4030	5	-1	-1	-1
3757	3776	4022	5	-1	-1	-1
3770	4027	3760	3	-1	-1	-1
3763	4032	3764	5	-1	-1	-1
3945	3672	3943	5	-1	-1	-1
3945	3944	3672	5	-1	-1	-1
3765	3764	4033	5	-1	-1	-1
3673	3944	3947	5	-1	-1	-1
3762	3773	4029	5	-1	-1	-1
3765	4034	3766	5	-1	-1	-1
3947	3946	3673	5	-1	-1	-1
3674	3946	3948	5	-1	-1	-1
3775	4019	3774	5	-1	-1	-1
3766	4034	3768	5	-1	-1	-1
3930	3821	3820	5	-1	-1	-1
3949	3674	3948	5	-1	-1	-1
3767	3769	4036	5	-1	-1	-1
3767	4036	3770	5	-1	-1	-1
3769	3768	4037	5	-1	-1	-1
3675	3949	3950	5	-1	-1	-1
3942	3679	3957	5	-1	-1	-1
3952	3676	3951	5	-1	-1	-1
3782	4022	3776	5	-1	-1	-1
3953	3951	3677	5	-1	-1	-1
3950	3954	3677	5	-1	-1	-1
3772	4040	3771	5	-1	-1	-1
3773	3771	4039	5	-1	-1	-1
3953	3677	3954	5	-1	-1	-1
3952	3956	3678	5	-1	-1	-1
3774	4041	3772	5	-1	-1	-1
3955	3678	3956	5	-1	-1	-1
3962	3943	3685	5	-1	-1	-1
3955	3957	3679	5	-1	-1	-1
3680	3959	3958	5	-1	-1	-1
4042	3777	3778	5	-1	-1	-1
3681	3958	3960	5	-1	-1	-1
4043	3779	3777	5	-1	-1	-1
3960	3961	3681	5	-1	-1	-1
3780	3779	4045	5	-1	-1	-1
3963	3962	3682	5	-1	-1	-1
4044	3778	3786	5	-1	-1	-1
3961	3964	3683	5	-1	-1	-1
3783	3780	4046	5	-1	-1	-1
4047	3782	3781	5	-1	-1	-1
3922	3845	3844	5	-1	-1	-1
3965	3963	3683	5	-1	-1	-1
3783	4047	3781	5	-1	-1	-1
3964	3965	3683	5	-1	-1	-1
3845	3921	3846	3	-1	-1	-1
3846	3921	3847	3	-1	-1	-1
3966	3967	3687	5	-1	-1	-1
4051	3787	3784	5	-1	-1	-1
3967	3968	3688	3	-1	-1	-1
3786	3785	4052	5	-1	-1	-1
3787	4053	3785	5	-1	-1	-1
3689	3968	3969	3	-1	-1	-1
3692	3971	3966	5	-1	-1	-1
3970	3971	3692	5	-1	-1	-1
3698	3976	3959	3	-1	-1	-1
3788	3789	4058	5	-1	-1	-1
3969	3972	3694	3	-1	-1	-1
4060	3789	3790	5	-1	-1	-1
3791	4060	3790	5	-1	-1	-1
3973	3696	3974	3	-1	-1	-1
3791	3792	4061	5	-1	-1	-1
3975	3698	3973	3	-1	-1	-1
3976	3698	3975	3	-1	-1	-1
4063	3792	3794	5	-1	-1	-1
3793	4064	3794	5	-1	-1	-1
4064	3793	3795	5	-1	-1	-1
4064	3795	3798	5	-1	-1	-1
4066	3797	3796	5	-1	-1	-1
3978	3979	3703	1	-1	-1	-1
3796	3799	4066	5	-1	-1	-1
3798	3797	4068	5	-1	-1	-1
3710	3977	3980	1	-1	-1	-1
3977	3711	3980	1	-1	-1	-1
3799	3800	4070	5	-1	-1	-1
3979	3978	3715	5	-1	-1	-1
3801	4071	3800	5	-1	-1	-1
3803	4072	3804	5	-1	-1	-1
3718	3981	3982	5	-1	-1	-1
3804	4072	3806	5	-1	-1	-1
3719	3982	3983	5	-1	-1	-1
4073	3805	3807	5	-1	-1	-1
4074	3808	3806	5	-1	-1	-1
4073	3810	3805	5	-1	-1	-1
3813	4072	3803	5	-1	-1	-1
4071	3801	3817	5	-1	-1	-1
3808	4075	3807	5	-1	-1	-1
3984	3721	3985	5	-1	-1	-1
3723	3984	3986	5	-1	-1	-1
3810	4080	3809	5	-1	-1	-1
3732	3972	3995	3	-1	-1	-1
3809	4079	3811	5	-1	-1	-1
3996	3970	3733	3	-1	-1	-1
3987	3727	3988	5	-1	-1	-1
3986	3990	3728	5	-1	-1	-1
3728	3989	3988	5	-1	-1	-1
3985	3729	3991	5	-1	-1	-1
3983	3992	3730	5	-1	-1	-1
3728	3990	3989	5	-1	-1	-1
3818	3811	4081	5	-1	-1	-1
4082	3813	3815	5	-1	-1	-1
3992	3991	3729	5	-1	-1	-1
3738	4000	3974	3	-1	-1	-1
3815	3814	4083	5	-1	-1	-1
3817	3816	4085	5	-1	-1	-1
3994	3993	3731	3	-1	-1	-1
3818	4085	3816	5	-1	-1	-1
3745	3965	4009	5	-1	-1	-1
3746	4010	3965	5	-1	-1	-1
3995	3994	3732	3	-1	-1	-1
3996	3733	3993	3	-1	-1	-1
4087	3819	3821	5	-1	-1	-1
3998	3736	3997	3	-1	-1	-1
3826	3819	4087	5	-1	-1	-1
3998	3999	3736	3	-1	-1	-1
4089	3824	3823	5	-1	-1	-1
3737	3999	4000	3	-1	-1	-1
3826	4089	3823	5	-1	-1	-1
4091	3825	3824	1	-1	-1	-1
3997	3740	4004	3	-1	-1	-1
4002	3739	4001	3	-1	-1	-1
4092	3827	3825	1	-1	-1	-1
3740	4002	4003	3	-1	-1	-1
3740	4003	4004	3	-1	-1	-1
4001	3742	4005	3	-1	-1	-1
3912	3913	3925	3	-1	-1	-1
3914	3912	3924	3	-1	-1	-1
4006	4007	3743	3	-1	-1	-1
4096	3830	3831	5	-1	-1	-1
3744	4007	4008	3	-1	-1	-1
4096	3831	3836	5	-1	-1	-1
4097	3834	3833	5	-1	-1	-1
3746	4008	4010	5	-1	-1	-1
3913	3926	3925	3	-1	-1	-1
4013	4005	3748	5	-1	-1	-1
3834	4099	3835	5	-1	-1	-1
3910	3930	3929	5	-1	-1	-1
4012	4011	3747	5	-1	-1	-1
3749	4009	4012	5	-1	-1	-1
3910	3929	3932	5	-1	-1	-1
4011	4013	3748	5	-1	-1	-1
3835	4102	3836	5	-1	-1	-1
4098	3833	3843	5	-1	-1	-1
3750	4015	4014	3	-1	-1	-1
3751	4016	4015	3	-1	-1	-1
4103	3842	3838	5	-1	-1	-1
3840	4105	3839	5	-1	-1	-1
4017	4016	3751	3	-1	-1	-1
3752	4018	4017	3	-1	-1	-1
4024	4006	3758	3	-1	-1	-1
3839	4106	3843	5	-1	-1	-1
3840	3841	4107	5	-1	-1	-1
4020	3755	4014	3	-1	-1	-1
3842	4109	3841	5	-1	-1	-1
3838	3852	4104	5	-1	-1	-1
3755	4020	4019	5	-1	-1	-1
4021	3757	4022	5	-1	-1	-1
3759	4021	4025	3	-1	-1	-1
4024	3758	4023	3	-1	-1	-1
3827	4095	3885	1	-1	-1	-1
4028	4018	3761	3	-1	-1	-1
4026	4023	3759	3	-1	-1	-1
3848	3849	4111	5	-1	-1	-1
3851	3848	4111	5	-1	-1	-1
3759	4025	4026	3	-1	-1	-1
3849	3850	4112	5	-1	-1	-1
3851	4111	3854	5	-1	-1	-1
4027	4028	3761	3	-1	-1	-1
3852	3853	4114	5	-1	-1	-1
4029	4030	3762	5	-1	-1	-1
3853	3854	4115	5	-1	-1	-1
4112	3850	3861	5	-1	-1	-1
3987	4051	3784	5	-1	-1	-1
4031	3763	4030	5	-1	-1	-1
3788	4057	3981	5	-1	-1	-1
3763	4031	4032	5	-1	-1	-1
4118	3855	3856	5	-1	-1	-1
4032	4033	3764	5	-1	-1	-1
4119	3858	3855	5	-1	-1	-1
4036	4027	3770	3	-1	-1	-1
3765	4033	4035	5	-1	-1	-1
3774	4019	4041	5	-1	-1	-1
4035	4034	3765	5	-1	-1	-1
4122	3857	3858	5	-1	-1	-1
3859	3857	4123	5	-1	-1	-1
3930	4088	3821	5	-1	-1	-1
3768	4034	4037	5	-1	-1	-1
4029	3773	4039	5	-1	-1	-1
3865	4120	3856	5	-1	-1	-1
4038	4036	3769	5	-1	-1	-1
3769	4037	4038	5	-1	-1	-1
3859	4125	3860	5	-1	-1	-1
4039	3771	4040	5	-1	-1	-1
3860	4128	3862	5	-1	-1	-1
4129	3861	3862	5	-1	-1	-1
3782	4048	4022	5	-1	-1	-1
4041	4040	3772	5	-1	-1	-1
3863	3864	4131	3	-1	-1	-1
3777	4042	4043	5	-1	-1	-1
4044	4042	3778	5	-1	-1	-1
3865	3866	4133	3	-1	-1	-1
4131	3871	3863	3	-1	-1	-1
3866	3867	4134	3	-1	-1	-1
4043	4045	3779	5	-1	-1	-1
4045	4046	3780	5	-1	-1	-1
3867	3868	4136	3	-1	-1	-1
3876	4132	3864	3	-1	-1	-1
3868	3870	4136	3	-1	-1	-1
3782	4047	4048	5	-1	-1	-1
4139	3870	3869	3	-1	-1	-1
4047	3783	4049	5	-1	-1	-1
3783	4046	4050	5	-1	-1	-1
3869	3874	4137	3	-1	-1	-1
4049	3783	4050	5	-1	-1	-1
3872	3871	4141	3	-1	-1	-1
4055	4044	3786	5	-1	-1	-1
3873	3872	4144	3	-1	-1	-1
4053	4052	3785	5	-1	-1	-1
3786	4052	4054	5	-1	-1	-1
4147	3874	3873	3	-1	-1	-1
4056	3787	4051	5	-1	-1	-1
3786	4054	4055	5	-1	-1	-1
3787	4056	4053	5	-1	-1	-1
3907	4088	3905	5	-1	-1	-1
3875	4150	3876	3	-1	-1	-1
3905	4088	3910	5	-1	-1	-1
4058	4057	3788	5	-1	-1	-1
3875	3880	4149	3	-1	-1	-1
3906	4093	3907	5	-1	-1	-1
4059	4058	3789	5	-1	-1	-1
3789	4060	4059	5	-1	-1	-1
3878	4153	3877	3	-1	-1	-1
4152	3880	3877	3	-1	-1	-1
3878	3879	4155	3	-1	-1	-1
4062	4060	3791	5	-1	-1	-1
4061	4062	3791	5	-1	-1	-1
4061	3792	4063	5	-1	-1	-1
3882	4159	3881	5	-1	-1	-1
4065	4063	3794	5	-1	-1	-1
3794	4064	4065	5	-1	-1	-1
4162	3882	3883	5	-1	-1	-1
3930	3910	4088	5	-1	-1	-1
4163	3883	3884	1	-1	-1	-1
4066	4067	3797	5	-1	-1	-1
4064	3798	4069	5	-1	-1	-1
3797	4067	4068	5	-1	-1	-1
3885	4163	3884	1	-1	-1	-1
3799	4070	4066	5	-1	-1	-1
4069	3798	4068	5	-1	-1	-1
3964	4009	3965	5	-1	-1	-1
4010	3963	3965	5	-1	-1	-1
3886	3888	4165	3	-1	-1	-1
3887	4166	3888	3	-1	-1	-1
4070	3800	4071	5	-1	-1	-1
3901	3881	4160	5	-1	-1	-1
3887	3891	4166	3	-1	-1	-1
3889	3890	4169	5	-1	-1	-1
4168	3891	3889	5	-1	-1	-1
3892	4169	3890	5	-1	-1	-1
3806	4072	4074	5	-1	-1	-1
3807	4076	4073	5	-1	-1	-1
4171	3892	3893	5	-1	-1	-1
4075	4076	3807	5	-1	-1	-1
4172	3893	3894	5	-1	-1	-1
3808	4074	4078	5	-1	-1	-1
4077	4075	3808	5	-1	-1	-1
3879	3927	4156	3	-1	-1	-1
4080	3810	4073	5	-1	-1	-1
4078	4077	3808	5	-1	-1	-1
3895	4174	3894	5	-1	-1	-1
4175	3895	3896	5	-1	-1	-1
3813	4082	4072	5	-1	-1	-1
4079	3809	4080	5	-1	-1	-1
3896	3899	4175	5	-1	-1	-1
3886	4165	3919	3	-1	-1	-1
3811	4079	4081	5	-1	-1	-1
3899	3897	4176	5	-1	-1	-1
4177	3897	3898	5	-1	-1	-1
4071	3817	4086	5	-1	-1	-1
3900	4178	3898	5	-1	-1	-1
3815	4084	4082	5	-1	-1	-1
4084	3815	4083	5	-1	-1	-1
3901	4180	3902	5	-1	-1	-1
4081	4085	3818	5	-1	-1	-1
4009	3964	4012	5	-1	-1	-1
3902	4181	3903	5	-1	-1	-1
4086	3817	4085	5	-1	-1	-1
4182	3904	3903	5	-1	-1	-1
4178	3900	3914	5	-1	-1	-1
3904	4184	3906	5	-1	-1	-1
4088	4087	3821	5	-1	-1	-1
3909	4185	3908	5	-1	-1	-1
3824	4089	4090	5	-1	-1	-1
3824	4090	4091	5	-1	-1	-1
4087	4093	3826	5	-1	-1	-1
4188	3909	3910	5	-1	-1	-1
4091	4092	3825	1	-1	-1	-1
4093	4089	3826	5	-1	-1	-1
3911	4189	3913	5	-1	-1	-1
4186	3916	3908	5	-1	-1	-1
4094	3827	4092	1	-1	-1	-1
4095	3827	4094	1	-1	-1	-1
4178	3914	3924	3	-1	-1	-1
3911	3918	4189	5	-1	-1	-1
4191	3915	3916	5	-1	-1	-1
3917	3915	4191	5	-1	-1	-1
4178	3924	3923	3	-1	-1	-1
4177	3928	3920	3	-1	-1	-1
3917	4192	3918	5	-1	-1	-1
4097	3833	4098	5	-1	-1	-1
3913	4190	3926	3	-1	-1	-1
4178	3923	3928	3	-1	-1	-1
4188	3910	3932	5	-1	-1	-1
4100	3834	4097	5	-1	-1	-1
4099	3834	4100	5	-1	-1	-1
4096	3836	4102	5	-1	-1	-1
4099	4101	3835	5	-1	-1	-1
3920	3919	4196	3	-1	-1	-1
3835	4101	4102	5	-1	-1	-1
3926	4190	3927	3	-1	-1	-1
4104	4103	3838	5	-1	-1	-1
4020	4014	4015	3	-1	-1	-1
4105	4106	3839	5	-1	-1	-1
3843	4110	4098	5	-1	-1	-1
3840	4107	4105	5	-1	-1	-1
4103	4109	3842	5	-1	-1	-1
4108	4107	3841	5	-1	-1	-1
4108	3841	4109	5	-1	-1	-1
4106	4110	3843	5	-1	-1	-1
3931	4197	3932	3	-1	-1	-1
4197	3931	3936	3	-1	-1	-1
3933	3934	4198	5	-1	-1	-1
3933	4199	3935	5	-1	-1	-1
4104	3852	4114	5	-1	-1	-1
3937	4201	3934	5	-1	-1	-1
4202	3936	3935	3	-1	-1	-1
4111	3849	4113	5	-1	-1	-1
4113	3849	4112	5	-1	-1	-1
4020	4041	4019	5	-1	-1	-1
4206	3937	3938	5	-1	-1	-1
3907	4087	4088	5	-1	-1	-1
4117	3854	4111	5	-1	-1	-1
4115	4114	3853	5	-1	-1	-1
4207	3938	3939	5	-1	-1	-1
3854	4116	4115	5	-1	-1	-1
4117	4116	3854	5	-1	-1	-1
3907	4093	4087	5	-1	-1	-1
3941	4208	3939	5	-1	-1	-1
3940	4209	3941	5	-1	-1	-1
3940	3942	4209	5	-1	-1	-1
4021	4022	4048	5	-1	-1	-1
4118	4119	3855	5	-1	-1	-1
4048	4025	4021	5	-1	-1	-1
3856	4120	4118	5	-1	-1	-1
4121	3857	4122	5	-1	-1	-1
4124	3858	4119	5	-1	-1	-1
3857	4121	4123	5	-1	-1	-1
4213	3945	3943	5	-1	-1	-1
3861	4129	4112	5	-1	-1	-1
3944	3945	4214	5	-1	-1	-1
4124	4122	3858	5	-1	-1	-1
3947	3944	4214	5	-1	-1	-1
4037	4034	4035	5	-1	-1	-1
4123	4126	3859	5	-1	-1	-1
3946	3947	4216	5	-1	-1	-1
4126	4125	3859	5	-1	-1	-1
3957	4212	3942	5	-1	-1	-1
3948	3946	4217	5	-1	-1	-1
3860	4125	4127	5	-1	-1	-1
3860	4127	4128	5	-1	-1	-1
3949	3948	4219	5	-1	-1	-1
4120	3865	4133	3	-1	-1	-1
4213	3943	3962	5	-1	-1	-1
4220	3950	3949	5	-1	-1	-1
3862	4128	4130	5	-1	-1	-1
4129	3862	4130	5	-1	-1	-1
3954	3950	4220	5	-1	-1	-1
4222	3952	3951	5	-1	-1	-1
3953	4222	3951	5	-1	-1	-1
3864	4132	4131	3	-1	-1	-1
4223	3956	3952	5	-1	-1	-1
4225	3953	3954	5	-1	-1	-1
3866	4134	4133	3	-1	-1	-1
4135	4134	3867	3	-1	-1	-1
4135	3867	4136	3	-1	-1	-1
4229	3955	3956	5	-1	-1	-1
3955	4229	3957	5	-1	-1	-1
4164	3885	4095	1	-1	-1	-1
3871	4131	4142	3	-1	-1	-1
3869	4137	4138	3	-1	-1	-1
3869	4138	4139	3	-1	-1	-1
4136	3870	4140	3	-1	-1	-1
4139	4140	3870	3	-1	-1	-1
3959	4232	3958	5	-1	-1	-1
3958	4233	3960	5	-1	-1	-1
3871	4143	4141	3	-1	-1	-1
4234	3961	3960	5	-1	-1	-1
3871	4142	4143	3	-1	-1	-1
3872	4141	4145	3	-1	-1	-1
4132	3876	4151	3	-1	-1	-1
4137	3874	4148	3	-1	-1	-1
4235	3964	3961	5	-1	-1	-1
3962	3963	4236	5	-1	-1	-1
4146	4144	3872	3	-1	-1	-1
4146	3872	4145	3	-1	-1	-1
3873	4144	4147	3	-1	-1	-1
3959	3976	4232	5	-1	-1	-1
3874	4147	4148	3	-1	-1	-1
3966	4238	3967	5	-1	-1	-1
4239	3968	3967	3	-1	-1	-1
3875	4149	4150	3	-1	-1	-1
3966	3971	4238	5	-1	-1	-1
3968	4239	3969	3	-1	-1	-1
3876	4150	4151	3	-1	-1	-1
3969	4240	3972	3	-1	-1	-1
3970	4241	3971	5	-1	-1	-1
4153	4152	3877	3	-1	-1	-1
3906	4184	4093	5	-1	-1	-1
4154	4153	3878	3	-1	-1	-1
3878	4155	4154	3	-1	-1	-1
3880	4158	4149	3	-1	-1	-1
4157	3880	4152	3	-1	-1	-1
4156	4155	3879	3	-1	-1	-1
3973	3974	4243	3	-1	-1	-1
4243	3975	3973	3	-1	-1	-1
3975	4244	3976	3	-1	-1	-1
4158	3880	4157	3	-1	-1	-1
4069	4065	4064	5	-1	-1	-1
3881	4159	4160	5	-1	-1	-1
3882	4161	4159	5	-1	-1	-1
4214	4043	3947	5	-1	-1	-1
4162	4161	3882	5	-1	-1	-1
4240	3995	3972	3	-1	-1	-1
4241	3970	3996	3	-1	-1	-1
4043	4218	3947	5	-1	-1	-1
4163	4162	3883	1	-1	-1	-1
3981	4246	3982	5	-1	-1	-1
3963	4010	4237	5	-1	-1	-1
4235	4012	3964	5	-1	-1	-1
4164	4163	3885	1	-1	-1	-1
4247	3983	3982	5	-1	-1	-1
4243	3974	4000	3	-1	-1	-1
3986	3984	4250	5	-1	-1	-1
4251	3984	3985	5	-1	-1	-1
3888	4167	4165	3	-1	-1	-1
4167	3888	4166	3	-1	-1	-1
3983	4249	3992	5	-1	-1	-1
3990	3986	4250	5	-1	-1	-1
4168	3889	4169	5	-1	-1	-1
4170	4166	3891	3	-1	-1	-1
3985	3991	4251	5	-1	-1	-1
3891	4168	4170	3	-1	-1	-1
4254	3987	3988	5	-1	-1	-1
4171	4169	3892	5	-1	-1	-1
3989	4255	3988	5	-1	-1	-1
4256	3989	3990	5	-1	-1	-1
4172	4171	3893	5	-1	-1	-1
3894	4173	4172	5	-1	-1	-1
4180	3901	4160	5	-1	-1	-1
4174	4173	3894	5	-1	-1	-1
3991	3992	4260	5	-1	-1	-1
4175	4174	3895	5	-1	-1	-1
4262	3993	3994	3	-1	-1	-1
4177	4176	3897	5	-1	-1	-1
3996	3993	4262	3	-1	-1	-1
3994	3995	4263	3	-1	-1	-1
4179	4175	3899	5	-1	-1	-1
3898	4178	4177	5	-1	-1	-1
3899	4176	4179	5	-1	-1	-1
3998	3997	4265	3	-1	-1	-1
4181	3902	4180	5	-1	-1	-1
3999	3998	4267	3	-1	-1	-1
4182	3903	4181	5	-1	-1	-1
4004	4265	3997	3	-1	-1	-1
4268	4000	3999	3	-1	-1	-1
3904	4182	4183	5	-1	-1	-1
4184	3904	4183	5	-1	-1	-1
4002	4001	4270	3	-1	-1	-1
4177	3920	4176	3	-1	-1	-1
4190	4156	3927	3	-1	-1	-1
4005	4270	4001	3	-1	-1	-1
4002	4271	4003	3	-1	-1	-1
3908	4185	4186	5	-1	-1	-1
4165	4195	3919	3	-1	-1	-1
4003	4273	4004	3	-1	-1	-1
4187	4185	3909	5	-1	-1	-1
3928	4177	4178	3	-1	-1	-1
3909	4188	4187	5	-1	-1	-1
3981	4057	4246	5	-1	-1	-1
4276	4007	4006	3	-1	-1	-1
4253	4051	3987	5	-1	-1	-1
4196	4176	3920	3	-1	-1	-1
4277	4008	4007	3	-1	-1	-1
3913	4189	4190	3	-1	-1	-1
4275	4005	4013	5	-1	-1	-1
4191	3916	4186	5	-1	-1	-1
4008	4278	4010	5	-1	-1	-1
3917	4191	4193	5	-1	-1	-1
3918	4194	4189	5	-1	-1	-1
4045	4043	4214	5	-1	-1	-1
4192	3917	4193	5	-1	-1	-1
4279	4011	4012	5	-1	-1	-1
4043	4042	4218	5	-1	-1	-1
4013	4011	4280	5	-1	-1	-1
4194	3918	4192	5	-1	-1	-1
4276	4006	4024	3	-1	-1	-1
4196	3919	4195	3	-1	-1	-1
4282	4015	4016	3	-1	-1	-1
4016	4017	4283	3	-1	-1	-1
3932	4197	4188	3	-1	-1	-1
4015	4282	4020	3	-1	-1	-1
4284	4017	4018	3	-1	-1	-1
4028	4284	4018	3	-1	-1	-1
4199	3933	4198	5	-1	-1	-1
3934	4200	4198	5	-1	-1	-1
4023	4286	4024	3	-1	-1	-1
4200	3934	4201	5	-1	-1	-1
4026	4287	4023	3	-1	-1	-1
4203	3935	4199	5	-1	-1	-1
3936	4205	4197	3	-1	-1	-1
3935	4203	4202	5	-1	-1	-1
4204	3936	4202	3	-1	-1	-1
4113	4117	4111	5	-1	-1	-1
4282	4041	4020	5	-1	-1	-1
4291	4026	4025	3	-1	-1	-1
3937	4206	4201	5	-1	-1	-1
3936	4204	4205	3	-1	-1	-1
4293	4028	4027	3	-1	-1	-1
3938	4207	4206	5	-1	-1	-1
4029	4295	4030	5	-1	-1	-1
4208	4207	3939	5	-1	-1	-1
4293	4027	4036	3	-1	-1	-1
4030	4297	4031	5	-1	-1	-1
3941	4210	4208	5	-1	-1	-1
4210	3941	4209	5	-1	-1	-1
4209	3942	4211	5	-1	-1	-1
4299	4032	4031	5	-1	-1	-1
4039	4040	4283	5	-1	-1	-1
4048	4290	4025	5	-1	-1	-1
4040	4041	4282	5	-1	-1	-1
4090	4089	4184	5	-1	-1	-1
4029	4039	4296	5	-1	-1	-1
4033	4032	4300	5	-1	-1	-1
3942	4212	4211	5	-1	-1	-1
4089	4093	4184	5	-1	-1	-1
4033	4301	4035	5	-1	-1	-1
3945	4213	4215	5	-1	-1	-1
4214	3945	4215	5	-1	-1	-1
4037	4035	4302	5	-1	-1	-1
4303	4036	4038	3	-1	-1	-1
3946	4216	4217	5	-1	-1	-1
4038	4037	4304	5	-1	-1	-1
4216	3947	4218	5	-1	-1	-1
4217	4219	3948	5	-1	-1	-1
3949	4219	4221	5	-1	-1	-1
4221	4220	3949	5	-1	-1	-1
4044	4306	4042	5	-1	-1	-1
3952	4222	4224	5	-1	-1	-1
4223	3952	4224	5	-1	-1	-1
4045	4309	4046	5	-1	-1	-1
4222	3953	4225	5	-1	-1	-1
4231	4212	3957	5	-1	-1	-1
4226	3954	4220	5	-1	-1	-1
4046	4310	4050	5	-1	-1	-1
4055	4307	4044	5	-1	-1	-1
4225	3954	4227	5	-1	-1	-1
4047	4049	4311	5	-1	-1	-1
4048	4047	4312	5	-1	-1	-1
4228	3954	4226	5	-1	-1	-1
4230	3956	4223	5	-1	-1	-1
4227	3954	4228	5	-1	-1	-1
4213	3962	4236	5	-1	-1	-1
4049	4050	4314	5	-1	-1	-1
3956	4230	4229	5	-1	-1	-1
3957	4229	4231	5	-1	-1	-1
4317	4052	4053	5	-1	-1	-1
4054	4052	4317	5	-1	-1	-1
4233	3958	4232	5	-1	-1	-1
4051	4316	4056	5	-1	-1	-1
4056	4318	4053	5	-1	-1	-1
4233	4234	3960	5	-1	-1	-1
4319	4055	4054	5	-1	-1	-1
4234	4235	3961	5	-1	-1	-1
4237	4236	3963	5	-1	-1	-1
4325	4057	4058	5	-1	-1	-1
4059	4325	4058	5	-1	-1	-1
4238	4239	3967	3	-1	-1	-1
4059	4060	4326	5	-1	-1	-1
4240	3969	4239	3	-1	-1	-1
4060	4062	4328	5	-1	-1	-1
4242	4238	3971	5	-1	-1	-1
4061	4329	4062	5	-1	-1	-1
3976	4245	4232	5	-1	-1	-1
4061	4063	4329	5	-1	-1	-1
3971	4241	4242	5	-1	-1	-1
4065	4331	4063	5	-1	-1	-1
4244	3975	4243	3	-1	-1	-1
4244	4245	3976	5	-1	-1	-1
4067	4066	4333	5	-1	-1	-1
4065	4069	4332	5	-1	-1	-1
4066	4070	4333	5	-1	-1	-1
4335	4068	4067	5	-1	-1	-1
4068	4336	4069	5	-1	-1	-1
4248	3982	4246	5	-1	-1	-1
4248	4247	3982	5	-1	-1	-1
4070	4071	4337	5	-1	-1	-1
4247	4249	3983	5	-1	-1	-1
4072	4339	4074	5	-1	-1	-1
4252	4250	3984	5	-1	-1	-1
4252	3984	4251	5	-1	-1	-1
4076	4340	4073	5	-1	-1	-1
4074	4341	4078	5	-1	-1	-1
4080	4073	4340	5	-1	-1	-1
4072	4082	4339	5	-1	-1	-1
3987	4254	4253	5	-1	-1	-1
4077	4342	4075	5	-1	-1	-1
4075	4343	4076	5	-1	-1	-1
4337	4071	4086	5	-1	-1	-1
4250	4257	3990	5	-1	-1	-1
4254	3988	4255	5	-1	-1	-1
3996	4262	4241	3	-1	-1	-1
4240	4264	3995	3	-1	-1	-1
4255	3989	4256	5	-1	-1	-1
4077	4078	4346	5	-1	-1	-1
3991	4259	4251	5	-1	-1	-1
3992	4249	4261	5	-1	-1	-1
4256	3990	4258	5	-1	-1	-1
3990	4257	4258	5	-1	-1	-1
4156	4194	4155	3	-1	-1	-1
4080	4350	4079	5	-1	-1	-1
4079	4350	4081	5	-1	-1	-1
4260	4259	3991	5	-1	-1	-1
4000	4269	4243	3	-1	-1	-1
4261	4260	3992	5	-1	-1	-1
4263	4262	3994	3	-1	-1	-1
4085	4081	4353	5	-1	-1	-1
4082	4084	4354	5	-1	-1	-1
4263	3995	4264	3	-1	-1	-1
4355	4084	4083	5	-1	-1	-1
4010	4278	4237	5	-1	-1	-1
4279	4012	4235	5	-1	-1	-1
4167	4195	4165	3	-1	-1	-1
4085	4356	4086	5	-1	-1	-1
4265	4266	3998	3	-1	-1	-1
4266	4267	3998	3	-1	-1	-1
4268	3999	4267	3	-1	-1	-1
4156	4190	4189	3	-1	-1	-1
4000	4268	4269	3	-1	-1	-1
4189	4194	4156	3	-1	-1	-1
4090	4360	4091	5	-1	-1	-1
4265	4004	4274	3	-1	-1	-1
4270	4272	4002	3	-1	-1	-1
4092	4091	4361	1	-1	-1	-1
4272	4271	4002	3	-1	-1	-1
4361	4094	4092	1	-1	-1	-1
4271	4273	4003	3	-1	-1	-1
4005	4275	4270	5	-1	-1	-1
4004	4273	4274	3	-1	-1	-1
4196	4179	4176	3	-1	-1	-1
4095	4094	4362	1	-1	-1	-1
4365	4097	4098	5	-1	-1	-1
4277	4007	4276	3	-1	-1	-1
4097	4364	4100	5	-1	-1	-1
4008	4277	4278	5	-1	-1	-1
4367	4099	4100	5	-1	-1	-1
4042	4306	4218	5	-1	-1	-1
4099	4367	4101	5	-1	-1	-1
4309	4045	4214	5	-1	-1	-1
4281	4275	4013	5	-1	-1	-1
4011	4279	4280	5	-1	-1	-1
4281	4013	4280	5	-1	-1	-1
4110	4366	4098	5	-1	-1	-1
4104	4369	4103	5	-1	-1	-1
4369	4109	4103	5	-1	-1	-1
4016	4283	4282	3	-1	-1	-1
4106	4105	4372	5	-1	-1	-1
4105	4107	4372	5	-1	-1	-1
4283	4017	4285	3	-1	-1	-1
4017	4284	4285	3	-1	-1	-1
4371	4104	4114	5	-1	-1	-1
4024	4289	4276	3	-1	-1	-1
4374	4110	4106	5	-1	-1	-1
4375	4107	4108	5	-1	-1	-1
4108	4109	4376	5	-1	-1	-1
4286	4023	4287	3	-1	-1	-1
4288	4024	4286	3	-1	-1	-1
4024	4288	4289	3	-1	-1	-1
4112	4377	4113	5	-1	-1	-1
4282	4283	4040	5	-1	-1	-1
4292	4287	4026	3	-1	-1	-1
4294	4284	4028	3	-1	-1	-1
4290	4291	4025	5	-1	-1	-1
4113	4378	4117	5	-1	-1	-1
4115	4379	4114	5	-1	-1	-1
4291	4292	4026	3	-1	-1	-1
4115	4116	4380	5	-1	-1	-1
4381	4116	4117	5	-1	-1	-1
4293	4294	4028	3	-1	-1	-1
4296	4039	4283	5	-1	-1	-1
4377	4112	4129	5	-1	-1	-1
4119	4118	4382	5	-1	-1	-1
4295	4029	4296	5	-1	-1	-1
4316	4051	4253	5	-1	-1	-1
4120	4383	4118	5	-1	-1	-1
4095	4363	4164	1	-1	-1	-1
4030	4295	4298	5	-1	-1	-1
4298	4297	4030	5	-1	-1	-1
4297	4299	4031	5	-1	-1	-1
4384	4124	4119	5	-1	-1	-1
4325	4246	4057	5	-1	-1	-1
4387	4121	4122	5	-1	-1	-1
4121	4386	4123	5	-1	-1	-1
4299	4300	4032	5	-1	-1	-1
4036	4303	4293	3	-1	-1	-1
4124	4387	4122	5	-1	-1	-1
4184	4360	4090	5	-1	-1	-1
4300	4301	4033	5	-1	-1	-1
4126	4123	4388	5	-1	-1	-1
4302	4035	4301	5	-1	-1	-1
4120	4133	4385	3	-1	-1	-1
4126	4391	4125	5	-1	-1	-1
4302	4304	4037	5	-1	-1	-1
4127	4125	4392	5	-1	-1	-1
4038	4305	4303	3	-1	-1	-1
4305	4038	4304	3	-1	-1	-1
4290	4048	4312	5	-1	-1	-1
4128	4127	4395	5	-1	-1	-1
4128	4396	4130	5	-1	-1	-1
4129	4130	4398	5	-1	-1	-1
4044	4308	4306	5	-1	-1	-1
4044	4307	4308	5	-1	-1	-1
4401	4131	4132	3	-1	-1	-1
4310	4046	4309	5	-1	-1	-1
4312	4047	4311	5	-1	-1	-1
4403	4133	4134	3	-1	-1	-1
4311	4049	4313	5	-1	-1	-1
4404	4134	4135	3	-1	-1	-1
4142	4131	4402	3	-1	-1	-1
4050	4310	4315	5	-1	-1	-1
4313	4049	4314	5	-1	-1	-1
4406	4135	4136	3	-1	-1	-1
4315	4314	4050	5	-1	-1	-1
4140	4407	4136	3	-1	-1	-1
4408	4138	4137	3	-1	-1	-1
4321	4307	4055	5	-1	-1	-1
4151	4401	4132	3	-1	-1	-1
4138	4409	4139	3	-1	-1	-1
4317	4053	4318	5	-1	-1	-1
4411	4140	4139	3	-1	-1	-1
4054	4317	4320	5	-1	-1	-1
4054	4320	4319	5	-1	-1	-1
4137	4148	4408	3	-1	-1	-1
4056	4316	4323	5	-1	-1	-1
4319	4322	4055	5	-1	-1	-1
4413	4141	4143	3	-1	-1	-1
4321	4055	4322	5	-1	-1	-1
4318	4056	4324	5	-1	-1	-1
4413	4145	4141	3	-1	-1	-1
4142	4415	4143	3	-1	-1	-1
4323	4324	4056	5	-1	-1	-1
4417	4144	4146	3	-1	-1	-1
4144	4418	4147	3	-1	-1	-1
4232	4245	4233	5	-1	-1	-1
4146	4145	4420	3	-1	-1	-1
4059	4327	4325	5	-1	-1	-1
4059	4326	4327	5	-1	-1	-1
4328	4062	4330	5	-1	-1	-1
4060	4328	4326	5	-1	-1	-1
4329	4330	4062	5	-1	-1	-1
4147	4424	4148	3	-1	-1	-1
4427	4150	4149	3	-1	-1	-1
4329	4063	4331	5	-1	-1	-1
4065	4332	4331	5	-1	-1	-1
4183	4360	4184	5	-1	-1	-1
4430	4151	4150	3	-1	-1	-1
4333	4334	4067	5	-1	-1	-1
4158	4428	4149	3	-1	-1	-1
4335	4067	4334	5	-1	-1	-1
4432	4152	4153	3	-1	-1	-1
4336	4332	4069	5	-1	-1	-1
4214	4215	4309	5	-1	-1	-1
4336	4068	4335	5	-1	-1	-1
4306	4216	4218	5	-1	-1	-1
4070	4338	4333	5	-1	-1	-1
4153	4154	4434	3	-1	-1	-1
4433	4157	4152	3	-1	-1	-1
4155	4435	4154	3	-1	-1	-1
4337	4338	4070	5	-1	-1	-1
4158	4157	4436	3	-1	-1	-1
4339	4341	4074	5	-1	-1	-1
4160	4159	4438	5	-1	-1	-1
4159	4161	4438	5	-1	-1	-1
4257	4250	4252	5	-1	-1	-1
4342	4343	4075	5	-1	-1	-1
4340	4076	4345	5	-1	-1	-1
4259	4252	4251	5	-1	-1	-1
4344	4076	4343	5	-1	-1	-1
4162	4440	4161	5	-1	-1	-1
4344	4345	4076	5	-1	-1	-1
4342	4077	4347	5	-1	-1	-1
4442	4162	4163	1	-1	-1	-1
4349	4078	4341	5	-1	-1	-1
4442	4163	4164	1	-1	-1	-1
4347	4077	4346	5	-1	-1	-1
4080	4340	4351	5	-1	-1	-1
4078	4348	4346	5	-1	-1	-1
4348	4078	4349	5	-1	-1	-1
4354	4339	4082	5	-1	-1	-1
4166	4444	4167	3	-1	-1	-1
4180	4160	4439	5	-1	-1	-1
4166	4170	4444	3	-1	-1	-1
4337	4086	4358	5	-1	-1	-1
4080	4352	4350	5	-1	-1	-1
4080	4351	4352	5	-1	-1	-1
4446	4168	4169	5	-1	-1	-1
4194	4435	4155	3	-1	-1	-1
4353	4081	4350	5	-1	-1	-1
4170	4168	4447	3	-1	-1	-1
4446	4169	4171	5	-1	-1	-1
4172	4446	4171	5	-1	-1	-1
4172	4173	4447	5	-1	-1	-1
4355	4354	4084	5	-1	-1	-1
4174	4448	4173	5	-1	-1	-1
4085	4353	4357	5	-1	-1	-1
4356	4085	4357	5	-1	-1	-1
4174	4175	4449	5	-1	-1	-1
4356	4359	4086	5	-1	-1	-1
4179	4449	4175	5	-1	-1	-1
4358	4086	4359	5	-1	-1	-1
4195	4167	4445	3	-1	-1	-1
4450	4181	4180	5	-1	-1	-1
4361	4091	4360	5	-1	-1	-1
4452	4182	4181	5	-1	-1	-1
4361	4362	4094	1	-1	-1	-1
4182	4454	4183	5	-1	-1	-1
4445	4179	4196	3	-1	-1	-1
4095	4362	4363	1	-1	-1	-1
4192	4193	4435	5	-1	-1	-1
4194	4192	4435	5	-1	-1	-1
4097	4365	4364	5	-1	-1	-1
4457	4186	4185	5	-1	-1	-1
4185	4187	4456	5	-1	-1	-1
4365	4098	4366	5	-1	-1	-1
4368	4100	4364	5	-1	-1	-1
4186	4458	4191	5	-1	-1	-1
4100	4368	4367	5	-1	-1	-1
4461	4187	4188	3	-1	-1	-1
4196	4195	4445	3	-1	-1	-1
4193	4191	4458	5	-1	-1	-1
4276	4289	4277	3	-1	-1	-1
4104	4370	4369	5	-1	-1	-1
4104	4371	4370	5	-1	-1	-1
4197	4461	4188	3	-1	-1	-1
4374	4366	4110	5	-1	-1	-1
4106	4372	4373	5	-1	-1	-1
4374	4106	4373	5	-1	-1	-1
4376	4109	4369	5	-1	-1	-1
4107	4375	4372	5	-1	-1	-1
4376	4375	4108	5	-1	-1	-1
4463	4198	4200	5	-1	-1	-1
4199	4198	4464	5	-1	-1	-1
4294	4285	4284	3	-1	-1	-1
4205	4461	4197	3	-1	-1	-1
4296	4283	4285	3	-1	-1	-1
4379	4371	4114	5	-1	-1	-1
4200	4201	4466	5	-1	-1	-1
4203	4199	4465	5	-1	-1	-1
4378	4113	4377	5	-1	-1	-1
4115	4380	4379	5	-1	-1	-1
4203	4469	4202	5	-1	-1	-1
4468	4201	4206	5	-1	-1	-1
4204	4202	4470	3	-1	-1	-1
4378	4381	4117	5	-1	-1	-1
4381	4380	4116	5	-1	-1	-1
4204	4473	4205	3	-1	-1	-1
4118	4383	4382	5	-1	-1	-1
4384	4119	4382	5	-1	-1	-1
4475	4206	4207	5	-1	-1	-1
4385	4383	4120	3	-1	-1	-1
4208	4476	4207	5	-1	-1	-1
4121	4387	4386	5	-1	-1	-1
4208	4210	4477	5	-1	-1	-1
4386	4388	4123	5	-1	-1	-1
4384	4389	4124	5	-1	-1	-1
4478	4210	4209	5	-1	-1	-1
4211	4479	4209	5	-1	-1	-1
4390	4387	4124	5	-1	-1	-1
4389	4390	4124	5	-1	-1	-1
4482	4211	4212	5	-1	-1	-1
4129	4399	4377	5	-1	-1	-1
4125	4391	4392	5	-1	-1	-1
4388	4394	4126	5	-1	-1	-1
4391	4126	4393	5	-1	-1	-1
4394	4393	4126	5	-1	-1	-1
4485	4215	4213	5	-1	-1	-1
4395	4127	4392	5	-1	-1	-1
4128	4395	4397	5	-1	-1	-1
4487	4217	4216	5	-1	-1	-1
4133	4403	4385	3	-1	-1	-1
4397	4396	4128	5	-1	-1	-1
4217	4488	4219	5	-1	-1	-1
4130	4396	4400	5	-1	-1	-1
4399	4129	4398	5	-1	-1	-1
4484	4212	4231	5	-1	-1	-1
4130	4400	4398	5	-1	-1	-1
4219	4489	4221	5	-1	-1	-1
4491	4220	4221	5	-1	-1	-1
4131	4401	4402	3	-1	-1	-1
4485	4213	4236	5	-1	-1	-1
4226	4220	4491	5	-1	-1	-1
4222	4493	4224	5	-1	-1	-1
4225	4493	4222	5	-1	-1	-1
4494	4223	4224	5	-1	-1	-1
4134	4404	4403	3	-1	-1	-1
4135	4405	4404	3	-1	-1	-1
4405	4135	4406	3	-1	-1	-1
4230	4223	4494	5	-1	-1	-1
4225	4227	4497	5	-1	-1	-1
4136	4407	4406	3	-1	-1	-1
4226	4498	4228	5	-1	-1	-1
4318	4320	4317	5	-1	-1	-1
4500	4227	4228	2	-1	-1	-1
4408	4410	4138	3	-1	-1	-1
4409	4138	4410	3	-1	-1	-1
4414	4142	4402	3	-1	-1	-1
4412	4407	4140	3	-1	-1	-1
4139	4409	4411	3	-1	-1	-1
4502	4229	4230	5	-1	-1	-1
4229	4502	4231	5	-1	-1	-1
4140	4411	4412	3	-1	-1	-1
4363	4443	4164	1	-1	-1	-1
4414	4415	4142	3	-1	-1	-1
4234	4233	4505	5	-1	-1	-1
4143	4416	4413	3	-1	-1	-1
4235	4234	4505	5	-1	-1	-1
4415	4416	4143	3	-1	-1	-1
4144	4417	4418	3	-1	-1	-1
4413	4421	4145	3	-1	-1	-1
4236	4237	4507	5	-1	-1	-1
4408	4148	4426	3	-1	-1	-1
4233	4245	4505	5	-1	-1	-1
4401	4151	4431	3	-1	-1	-1
4145	4419	4420	3	-1	-1	-1
4419	4145	4421	3	-1	-1	-1
4422	4417	4146	3	-1	-1	-1
4239	4238	4509	3	-1	-1	-1
4509	4240	4239	3	-1	-1	-1
4147	4418	4424	3	-1	-1	-1
4420	4423	4146	3	-1	-1	-1
4238	4242	4509	3	-1	-1	-1
4423	4422	4146	3	-1	-1	-1
4510	4242	4241	5	-1	-1	-1
4425	4148	4424	3	-1	-1	-1
4243	4511	4244	3	-1	-1	-1
4455	4360	4183	5	-1	-1	-1
4148	4425	4426	3	-1	-1	-1
4245	4244	4512	5	-1	-1	-1
4149	4428	4427	3	-1	-1	-1
4429	4150	4427	3	-1	-1	-1
4248	4246	4513	5	-1	-1	-1
4216	4306	4487	5	-1	-1	-1
4514	4247	4248	5	-1	-1	-1
4150	4429	4430	3	-1	-1	-1
4309	4215	4486	5	-1	-1	-1
4249	4247	4514	5	-1	-1	-1
4151	4430	4431	3	-1	-1	-1
4262	4510	4241	3	-1	-1	-1
4264	4240	4509	3	-1	-1	-1
4264	4509	4242	3	-1	-1	-1
4242	4510	4264	3	-1	-1	-1
4152	4432	4433	3	-1	-1	-1
4505	4279	4235	5	-1	-1	-1
4434	4432	4153	3	-1	-1	-1
4511	4243	4269	3	-1	-1	-1
4158	4437	4428	3	-1	-1	-1
4278	4508	4237	5	-1	-1	-1
4435	4434	4154	3	-1	-1	-1
4254	4518	4253	5	-1	-1	-1
4252	4516	4257	5	-1	-1	-1
4515	4261	4249	5	-1	-1	-1
4436	4157	4433	3	-1	-1	-1
4252	4259	4517	5	-1	-1	-1
4254	4255	4520	5	-1	-1	-1
4158	4436	4437	3	-1	-1	-1
4255	4256	4521	5	-1	-1	-1
4338	4337	4358	5	-1	-1	-1
4263	4510	4262	3	-1	-1	-1
4345	4351	4340	5	-1	-1	-1
4258	4522	4256	5	-1	-1	-1
4259	4260	4517	5	-1	-1	-1
4439	4160	4438	5	-1	-1	-1
4263	4264	4510	3	-1	-1	-1
4257	4524	4258	5	-1	-1	-1
4438	4161	4440	5	-1	-1	-1
4440	4162	4441	1	-1	-1	-1
4162	4442	4441	1	-1	-1	-1
4443	4442	4164	1	-1	-1	-1
4260	4261	4528	5	-1	-1	-1
4445	4167	4444	3	-1	-1	-1
4265	4529	4266	3	-1	-1	-1
4446	4447	4168	3	-1	-1	-1
4444	4170	4448	3	-1	-1	-1
4193	4434	4435	5	-1	-1	-1
4277	4508	4278	5	-1	-1	-1
4531	4267	4266	3	-1	-1	-1
4279	4505	4280	5	-1	-1	-1
4447	4448	4170	3	-1	-1	-1
4447	4446	4172	5	-1	-1	-1
4532	4268	4267	3	-1	-1	-1
4265	4274	4529	3	-1	-1	-1
4448	4447	4173	5	-1	-1	-1
4532	4269	4268	3	-1	-1	-1
4439	4451	4180	5	-1	-1	-1
4449	4448	4174	5	-1	-1	-1
4179	4445	4449	3	-1	-1	-1
4281	4280	4512	5	-1	-1	-1
4277	4289	4508	5	-1	-1	-1
4270	4534	4272	5	-1	-1	-1
4272	4535	4271	3	-1	-1	-1
4534	4270	4275	5	-1	-1	-1
4273	4271	4535	3	-1	-1	-1
4180	4451	4450	5	-1	-1	-1
4181	4450	4452	5	-1	-1	-1
4325	4513	4246	5	-1	-1	-1
4274	4273	4537	3	-1	-1	-1
4453	4182	4452	5	-1	-1	-1
4253	4519	4316	5	-1	-1	-1
4453	4454	4182	5	-1	-1	-1
4434	4193	4462	5	-1	-1	-1
4183	4454	4455	5	-1	-1	-1
4275	4281	4538	5	-1	-1	-1
4456	4457	4185	5	-1	-1	-1
4308	4487	4306	5	-1	-1	-1
4457	4459	4186	5	-1	-1	-1
4458	4186	4459	5	-1	-1	-1
4187	4460	4456	3	-1	-1	-1
4486	4310	4309	5	-1	-1	-1
4461	4460	4187	3	-1	-1	-1
4458	4462	4193	5	-1	-1	-1
4286	4542	4288	3	-1	-1	-1
4543	4286	4287	3	-1	-1	-1
4285	4294	4540	3	-1	-1	-1
4285	4540	4296	3	-1	-1	-1
4289	4288	4546	5	-1	-1	-1
4544	4287	4292	3	-1	-1	-1
4463	4464	4198	5	-1	-1	-1
4199	4464	4465	5	-1	-1	-1
4290	4548	4291	5	-1	-1	-1
4467	4463	4200	5	-1	-1	-1
4540	4295	4296	3	-1	-1	-1
4292	4291	4549	3	-1	-1	-1
4467	4200	4466	5	-1	-1	-1
4201	4468	4466	5	-1	-1	-1
4293	4550	4294	3	-1	-1	-1
4465	4471	4203	5	-1	-1	-1
4205	4474	4461	3	-1	-1	-1
4469	4470	4202	5	-1	-1	-1
4471	4469	4203	5	-1	-1	-1
4295	4551	4298	3	-1	-1	-1
4293	4303	4550	3	-1	-1	-1
4204	4470	4472	3	-1	-1	-1
4298	4552	4297	5	-1	-1	-1
4299	4297	4552	5	-1	-1	-1
4473	4204	4472	3	-1	-1	-1
4468	4206	4475	5	-1	-1	-1
4312	4548	4290	5	-1	-1	-1
4205	4473	4474	3	-1	-1	-1
4300	4299	4554	5	-1	-1	-1
4300	4554	4301	5	-1	-1	-1
4519	4323	4316	5	-1	-1	-1
4207	4476	4475	5	-1	-1	-1
4303	4305	4550	3	-1	-1	-1
4555	4302	4301	5	-1	-1	-1
4477	4476	4208	5	-1	-1	-1
4555	4304	4302	5	-1	-1	-1
4553	4305	4304	3	-1	-1	-1
4513	4325	4327	5	-1	-1	-1
4209	4479	4478	5	-1	-1	-1
4210	4480	4477	5	-1	-1	-1
4480	4210	4478	5	-1	-1	-1
4481	4479	4211	5	-1	-1	-1
4307	4556	4308	5	-1	-1	-1
4211	4482	4481	5	-1	-1	-1
4361	4360	4455	5	-1	-1	-1
4483	4482	4212	5	-1	-1	-1
4361	4455	4362	5	-1	-1	-1
4212	4484	4483	5	-1	-1	-1
4454	4363	4362	5	-1	-1	-1
4560	4312	4311	5	-1	-1	-1
4559	4315	4310	5	-1	-1	-1
4556	4307	4321	5	-1	-1	-1
4560	4311	4313	5	-1	-1	-1
4485	4486	4215	5	-1	-1	-1
4313	4314	4561	5	-1	-1	-1
4563	4314	4315	5	-1	-1	-1
4217	4487	4488	5	-1	-1	-1
4219	4488	4490	5	-1	-1	-1
4489	4219	4490	5	-1	-1	-1
4221	4489	4492	5	-1	-1	-1
4565	4320	4318	5	-1	-1	-1
4491	4221	4492	5	-1	-1	-1
4320	4566	4319	5	-1	-1	-1
4318	4324	4565	5	-1	-1	-1
4567	4322	4319	5	-1	-1	-1
4321	4322	4568	5	-1	-1	-1
4224	4493	4495	5	-1	-1	-1
4224	4496	4494	5	-1	-1	-1
4497	4493	4225	5	-1	-1	-1
4491	4498	4226	5	-1	-1	-1
4224	4495	4496	5	-1	-1	-1
4324	4323	4571	5	-1	-1	-1
4231	4504	4484	5	-1	-1	-1
4499	4497	4227	2	-1	-1	-1
4227	4500	4499	2	-1	-1	-1
4494	4503	4230	5	-1	-1	-1
4498	4501	4228	2	-1	-1	-1
4506	4485	4236	5	-1	-1	-1
4326	4574	4327	5	-1	-1	-1
4228	4501	4500	2	-1	-1	-1
4328	4575	4326	5	-1	-1	-1
4575	4328	4330	5	-1	-1	-1
4402	4401	4431	3	-1	-1	-1
4503	4502	4230	5	-1	-1	-1
4502	4504	4231	5	-1	-1	-1
4331	4578	4329	5	-1	-1	-1
4329	4580	4330	5	-1	-1	-1
4583	4331	4332	5	-1	-1	-1
4236	4507	4506	5	-1	-1	-1
4237	4508	4507	5	-1	-1	-1
4584	4332	4336	5	-1	-1	-1
4334	4333	4585	5	-1	-1	-1
4335	4584	4336	5	-1	-1	-1
4335	4334	4587	5	-1	-1	-1
4333	4338	4586	5	-1	-1	-1
4443	4363	4453	5	-1	-1	-1
4512	4505	4245	5	-1	-1	-1
4244	4511	4512	5	-1	-1	-1
4453	4363	4454	5	-1	-1	-1
4341	4339	4590	5	-1	-1	-1
4362	4455	4454	5	-1	-1	-1
4514	4248	4513	5	-1	-1	-1
4342	4592	4343	5	-1	-1	-1
4249	4514	4515	5	-1	-1	-1
4349	4341	4590	5	-1	-1	-1
4593	4342	4347	5	-1	-1	-1
4343	4595	4344	5	-1	-1	-1
4591	4339	4354	5	-1	-1	-1
4517	4516	4252	5	-1	-1	-1
4596	4345	4344	5	-1	-1	-1
4589	4338	4358	5	-1	-1	-1
4519	4253	4518	5	-1	-1	-1
4518	4254	4520	5	-1	-1	-1
4599	4347	4346	5	-1	-1	-1
4348	4599	4346	5	-1	-1	-1
4598	4351	4345	5	-1	-1	-1
4255	4521	4520	5	-1	-1	-1
4505	4512	4280	5	-1	-1	-1
4524	4257	4516	5	-1	-1	-1
4523	4521	4256	5	-1	-1	-1
4354	4355	4591	5	-1	-1	-1
4523	4256	4522	5	-1	-1	-1
4352	4600	4350	5	-1	-1	-1
4526	4517	4260	5	-1	-1	-1
4600	4353	4350	5	-1	-1	-1
4352	4351	4601	5	-1	-1	-1
4528	4261	4515	5	-1	-1	-1
4258	4525	4522	5	-1	-1	-1
4258	4524	4525	5	-1	-1	-1
4353	4600	4357	5	-1	-1	-1
4526	4260	4527	5	-1	-1	-1
4511	4269	4533	3	-1	-1	-1
4527	4260	4528	5	-1	-1	-1
4603	4356	4357	5	-1	-1	-1
4356	4603	4359	5	-1	-1	-1
4605	4358	4359	5	-1	-1	-1
4266	4529	4530	3	-1	-1	-1
4266	4530	4531	3	-1	-1	-1
4434	4462	4432	5	-1	-1	-1
4267	4531	4532	3	-1	-1	-1
4281	4512	4539	5	-1	-1	-1
4532	4533	4269	3	-1	-1	-1
4365	4607	4364	5	-1	-1	-1
4449	4445	4444	3	-1	-1	-1
4608	4365	4366	5	-1	-1	-1
4607	4368	4364	5	-1	-1	-1
4537	4529	4274	3	-1	-1	-1
4444	4448	4449	3	-1	-1	-1
4536	4272	4534	5	-1	-1	-1
4508	4289	4546	5	-1	-1	-1
4535	4272	4536	5	-1	-1	-1
4535	4537	4273	3	-1	-1	-1
4538	4534	4275	5	-1	-1	-1
4452	4443	4453	5	-1	-1	-1
4611	4369	4370	5	-1	-1	-1
4374	4610	4366	5	-1	-1	-1
4370	4371	4612	5	-1	-1	-1
4308	4558	4487	5	-1	-1	-1
4310	4486	4559	5	-1	-1	-1
4611	4376	4369	5	-1	-1	-1
4539	4538	4281	5	-1	-1	-1
4373	4372	4615	5	-1	-1	-1
4372	4375	4614	5	-1	-1	-1
4613	4371	4379	5	-1	-1	-1
4373	4617	4374	5	-1	-1	-1
4541	4542	4286	3	-1	-1	-1
4376	4619	4375	5	-1	-1	-1
4541	4286	4543	3	-1	-1	-1
4613	4379	4380	5	-1	-1	-1
4287	4545	4543	3	-1	-1	-1
4545	4287	4544	3	-1	-1	-1
4542	4547	4288	5	-1	-1	-1
4377	4622	4378	5	-1	-1	-1
4547	4546	4288	5	-1	-1	-1
4623	4381	4378	5	-1	-1	-1
4540	4294	4550	3	-1	-1	-1
4380	4381	4624	5	-1	-1	-1
4549	4544	4292	3	-1	-1	-1
4540	4551	4295	3	-1	-1	-1
4549	4291	4548	5	-1	-1	-1
4383	4626	4382	5	-1	-1	-1
4384	4382	4626	5	-1	-1	-1
4461	4474	4460	3	-1	-1	-1
4385	4627	4383	3	-1	-1	-1
4622	4377	4399	5	-1	-1	-1
4384	4628	4389	5	-1	-1	-1
4553	4298	4551	3	-1	-1	-1
4552	4298	4553	3	-1	-1	-1
4630	4388	4386	5	-1	-1	-1
4631	4386	4387	5	-1	-1	-1
4299	4552	4554	5	-1	-1	-1
4305	4551	4550	3	-1	-1	-1
4305	4553	4551	3	-1	-1	-1
4632	4387	4390	5	-1	-1	-1
4554	4555	4301	5	-1	-1	-1
4555	4553	4304	3	-1	-1	-1
4633	4394	4388	5	-1	-1	-1
4519	4571	4323	5	-1	-1	-1
4327	4576	4513	5	-1	-1	-1
4389	4634	4390	5	-1	-1	-1
4403	4629	4385	3	-1	-1	-1
4312	4560	4548	5	-1	-1	-1
4391	4637	4392	5	-1	-1	-1
4393	4637	4391	5	-1	-1	-1
4556	4557	4308	5	-1	-1	-1
4557	4558	4308	5	-1	-1	-1
4395	4392	4638	5	-1	-1	-1
4394	4640	4393	5	-1	-1	-1
4313	4562	4560	5	-1	-1	-1
4397	4395	4643	5	-1	-1	-1
4562	4313	4561	5	-1	-1	-1
4644	4396	4397	5	-1	-1	-1
4314	4563	4561	5	-1	-1	-1
4315	4559	4564	5	-1	-1	-1
4396	4644	4400	5	-1	-1	-1
4315	4564	4563	5	-1	-1	-1
4399	4398	4647	5	-1	-1	-1
4569	4556	4321	5	-1	-1	-1
4400	4648	4398	5	-1	-1	-1
4566	4320	4565	5	-1	-1	-1
4567	4319	4566	5	-1	-1	-1
4321	4568	4569	5	-1	-1	-1
4567	4570	4322	5	-1	-1	-1
4570	4568	4322	5	-1	-1	-1
4404	4654	4403	3	-1	-1	-1
4324	4573	4565	5	-1	-1	-1
4654	4404	4405	3	-1	-1	-1
4655	4405	4406	3	-1	-1	-1
4651	4414	4402	3	-1	-1	-1
4324	4571	4572	5	-1	-1	-1
4324	4572	4573	5	-1	-1	-1
4657	4406	4407	3	-1	-1	-1
4575	4574	4326	5	-1	-1	-1
4657	4407	4412	3	-1	-1	-1
4410	4408	4659	3	-1	-1	-1
4574	4577	4327	5	-1	-1	-1
4410	4660	4409	3	-1	-1	-1
4576	4327	4577	5	-1	-1	-1
4660	4411	4409	3	-1	-1	-1
4431	4651	4402	3	-1	-1	-1
4575	4330	4581	5	-1	-1	-1
4578	4579	4329	5	-1	-1	-1
4663	4412	4411	3	-1	-1	-1
4329	4579	4580	5	-1	-1	-1
4330	4580	4582	5	-1	-1	-1
4578	4331	4583	5	-1	-1	-1
4426	4659	4408	3	-1	-1	-1
4330	4582	4581	5	-1	-1	-1
4413	4416	4665	3	-1	-1	-1
4667	4415	4414	3	-1	-1	-1
4416	4415	4668	3	-1	-1	-1
4332	4584	4583	5	-1	-1	-1
4413	4666	4421	3	-1	-1	-1
4586	4585	4333	5	-1	-1	-1
4585	4587	4334	5	-1	-1	-1
4418	4417	4671	3	-1	-1	-1
4588	4584	4335	5	-1	-1	-1
4335	4587	4588	5	-1	-1	-1
4672	4417	4422	3	-1	-1	-1
4586	4338	4589	5	-1	-1	-1
4421	4674	4419	3	-1	-1	-1
4419	4676	4420	3	-1	-1	-1
4673	4424	4418	3	-1	-1	-1
4420	4677	4423	3	-1	-1	-1
4339	4591	4590	5	-1	-1	-1
4673	4425	4424	3	-1	-1	-1
4678	4422	4423	3	-1	-1	-1
4592	4342	4593	5	-1	-1	-1
4343	4592	4594	5	-1	-1	-1
4681	4426	4425	3	-1	-1	-1
4594	4595	4343	5	-1	-1	-1
4488	4487	4558	5	-1	-1	-1
4344	4595	4596	5	-1	-1	-1
4345	4596	4597	5	-1	-1	-1
4599	4593	4347	5	-1	-1	-1
4598	4345	4597	5	-1	-1	-1
4428	4685	4427	3	-1	-1	-1
4427	4684	4429	3	-1	-1	-1
4429	4688	4430	3	-1	-1	-1
4431	4430	4689	3	-1	-1	-1
4351	4598	4601	5	-1	-1	-1
4437	4686	4428	3	-1	-1	-1
4605	4589	4358	5	-1	-1	-1
4352	4602	4600	5	-1	-1	-1
4602	4352	4601	5	-1	-1	-1
4432	4691	4433	5	-1	-1	-1
4692	4436	4433	5	-1	-1	-1
4357	4600	4604	5	-1	-1	-1
4474	4421	4666	3	-1	-1	-1
4508	4546	4507	5	-1	-1	-1
4512	4511	4539	5	-1	-1	-1
4604	4603	4357	5	-1	-1	-1
4693	4437	4436	5	-1	-1	-1
4359	4603	4606	5	-1	-1	-1
4674	4421	4474	3	-1	-1	-1
4605	4359	4606	5	-1	-1	-1
4695	4439	4438	5	-1	-1	-1
4440	4695	4438	5	-1	-1	-1
4441	4696	4440	1	-1	-1	-1
4442	4697	4441	1	-1	-1	-1
4365	4608	4607	5	-1	-1	-1
4443	4697	4442	1	-1	-1	-1
4533	4539	4511	5	-1	-1	-1
4609	4608	4366	5	-1	-1	-1
4462	4691	4432	5	-1	-1	-1
4695	4451	4439	5	-1	-1	-1
4610	4609	4366	5	-1	-1	-1
4443	4452	4697	5	-1	-1	-1
4612	4611	4370	5	-1	-1	-1
4613	4612	4371	5	-1	-1	-1
4698	4450	4451	5	-1	-1	-1
4698	4452	4450	5	-1	-1	-1
4474	4666	4460	3	-1	-1	-1
4614	4615	4372	5	-1	-1	-1
4374	4618	4610	5	-1	-1	-1
4615	4616	4373	5	-1	-1	-1
4617	4373	4616	5	-1	-1	-1
4691	4458	4459	5	-1	-1	-1
4611	4621	4376	5	-1	-1	-1
4374	4617	4618	5	-1	-1	-1
4614	4375	4620	5	-1	-1	-1
4462	4458	4691	5	-1	-1	-1
4457	4456	4699	5	-1	-1	-1
4375	4619	4620	5	-1	-1	-1
4376	4621	4619	5	-1	-1	-1
4460	4700	4456	3	-1	-1	-1
4457	4701	4459	5	-1	-1	-1
4613	4380	4624	5	-1	-1	-1
4473	4674	4474	3	-1	-1	-1
4622	4623	4378	5	-1	-1	-1
4623	4625	4381	5	-1	-1	-1
4625	4624	4381	5	-1	-1	-1
4463	4704	4464	5	-1	-1	-1
4465	4464	4706	5	-1	-1	-1
4467	4705	4463	5	-1	-1	-1
4627	4626	4383	3	-1	-1	-1
4384	4626	4628	5	-1	-1	-1
4551	4540	4550	3	-1	-1	-1
4627	4385	4629	3	-1	-1	-1
4710	4467	4466	2	-1	-1	-1
4471	4465	4709	5	-1	-1	-1
4466	4468	4711	2	-1	-1	-1
4631	4630	4386	5	-1	-1	-1
4387	4632	4631	5	-1	-1	-1
4633	4388	4630	5	-1	-1	-1
4628	4635	4389	5	-1	-1	-1
4471	4714	4469	5	-1	-1	-1
4469	4715	4470	5	-1	-1	-1
4468	4475	4713	2	-1	-1	-1
4632	4390	4636	5	-1	-1	-1
4389	4635	4634	5	-1	-1	-1
4472	4470	4716	3	-1	-1	-1
4636	4390	4634	5	-1	-1	-1
4553	4555	4552	3	-1	-1	-1
4555	4554	4552	3	-1	-1	-1
4473	4472	4718	3	-1	-1	-1
4633	4641	4394	5	-1	-1	-1
4637	4639	4392	5	-1	-1	-1
4638	4392	4639	5	-1	-1	-1
4637	4393	4640	5	-1	-1	-1
4622	4399	4649	5	-1	-1	-1
4720	4475	4476	2	-1	-1	-1
4477	4721	4476	2	-1	-1	-1
4394	4642	4640	5	-1	-1	-1
4395	4638	4643	5	-1	-1	-1
4641	4642	4394	5	-1	-1	-1
4722	4477	4480	2	-1	-1	-1
4478	4479	4723	5	-1	-1	-1
4480	4478	4723	5	-1	-1	-1
4724	4479	4481	5	-1	-1	-1
4629	4403	4652	3	-1	-1	-1
4397	4643	4645	5	-1	-1	-1
4646	4644	4397	5	-1	-1	-1
4397	4645	4646	5	-1	-1	-1
4481	4482	4726	5	-1	-1	-1
4483	4727	4482	5	-1	-1	-1
4647	4398	4648	5	-1	-1	-1
4644	4650	4400	5	-1	-1	-1
4399	4647	4649	5	-1	-1	-1
4484	4728	4483	5	-1	-1	-1
4400	4650	4648	5	-1	-1	-1
4731	4486	4485	5	-1	-1	-1
4653	4652	4403	3	-1	-1	-1
4490	4488	4732	5	-1	-1	-1
4653	4403	4654	3	-1	-1	-1
4490	4733	4489	5	-1	-1	-1
4489	4733	4492	5	-1	-1	-1
4654	4405	4656	3	-1	-1	-1
4656	4405	4655	3	-1	-1	-1
4729	4484	4504	5	-1	-1	-1
4736	4491	4492	5	-1	-1	-1
4406	4658	4655	3	-1	-1	-1
4657	4658	4406	3	-1	-1	-1
4731	4485	4506	5	-1	-1	-1
4498	4491	4737	5	-1	-1	-1
4495	4493	4739	5	-1	-1	-1
4497	4739	4493	5	-1	-1	-1
4494	4496	4740	5	-1	-1	-1
4410	4659	4661	3	-1	-1	-1
4661	4660	4410	3	-1	-1	-1
4495	4741	4496	5	-1	-1	-1
4667	4414	4651	3	-1	-1	-1
4657	4412	4664	3	-1	-1	-1
4411	4660	4662	3	-1	-1	-1
4663	4411	4662	3	-1	-1	-1
4494	4740	4503	5	-1	-1	-1
4412	4663	4664	3	-1	-1	-1
4497	4499	4744	2	-1	-1	-1
4745	4501	4498	2	-1	-1	-1
4413	4665	4666	3	-1	-1	-1
4499	4500	4747	2	-1	-1	-1
4500	4501	4748	2	-1	-1	-1
4667	4668	4415	3	-1	-1	-1
4416	4669	4665	3	-1	-1	-1
4668	4670	4416	3	-1	-1	-1
4416	4670	4669	3	-1	-1	-1
4750	4502	4503	5	-1	-1	-1
4751	4504	4502	5	-1	-1	-1
4672	4671	4417	3	-1	-1	-1
4418	4671	4673	3	-1	-1	-1
4753	4506	4507	5	-1	-1	-1
4659	4426	4683	3	-1	-1	-1
4675	4419	4674	3	-1	-1	-1
4676	4419	4675	3	-1	-1	-1
4431	4690	4651	3	-1	-1	-1
4672	4422	4678	3	-1	-1	-1
4420	4676	4677	3	-1	-1	-1
4731	4559	4486	5	-1	-1	-1
4558	4732	4488	5	-1	-1	-1
4681	4425	4673	3	-1	-1	-1
4680	4423	4677	3	-1	-1	-1
4678	4423	4679	3	-1	-1	-1
4513	4755	4514	5	-1	-1	-1
4679	4423	4680	3	-1	-1	-1
4514	4756	4515	5	-1	-1	-1
4681	4682	4426	3	-1	-1	-1
4426	4682	4683	3	-1	-1	-1
4759	4516	4517	5	-1	-1	-1
4684	4427	4685	3	-1	-1	-1
4518	4760	4519	5	-1	-1	-1
4524	4516	4758	5	-1	-1	-1
4428	4686	4685	3	-1	-1	-1
4520	4761	4518	5	-1	-1	-1
4515	4757	4528	5	-1	-1	-1
4687	4429	4684	3	-1	-1	-1
4526	4759	4517	5	-1	-1	-1
4687	4688	4429	3	-1	-1	-1
4520	4521	4763	5	-1	-1	-1
4507	4546	4753	5	-1	-1	-1
4602	4604	4600	5	-1	-1	-1
4430	4688	4689	3	-1	-1	-1
4521	4523	4764	5	-1	-1	-1
4689	4690	4431	3	-1	-1	-1
4765	4523	4522	5	-1	-1	-1
4522	4525	4765	5	-1	-1	-1
4433	4691	4692	5	-1	-1	-1
4768	4525	4524	5	-1	-1	-1
4686	4437	4694	5	-1	-1	-1
4693	4436	4692	5	-1	-1	-1
4675	4674	4473	3	-1	-1	-1
4527	4770	4526	5	-1	-1	-1
4693	4694	4437	5	-1	-1	-1
4666	4700	4460	3	-1	-1	-1
4771	4527	4528	5	-1	-1	-1
4696	4695	4440	1	-1	-1	-1
4530	4529	4773	3	-1	-1	-1
4697	4696	4441	1	-1	-1	-1
4531	4530	4774	3	-1	-1	-1
4532	4531	4775	3	-1	-1	-1
4537	4773	4529	3	-1	-1	-1
4532	4775	4533	3	-1	-1	-1
4695	4696	4451	5	-1	-1	-1
4755	4513	4576	5	-1	-1	-1
4536	4773	4535	5	-1	-1	-1
4696	4698	4451	5	-1	-1	-1
4537	4535	4773	5	-1	-1	-1
4547	4753	4546	5	-1	-1	-1
4536	4534	4777	5	-1	-1	-1
4452	4698	4697	5	-1	-1	-1
4534	4538	4776	5	-1	-1	-1
4539	4533	4776	5	-1	-1	-1
4615	4614	4620	5	-1	-1	-1
4519	4762	4571	5	-1	-1	-1
4691	4459	4702	5	-1	-1	-1
4539	4776	4538	5	-1	-1	-1
4700	4699	4456	3	-1	-1	-1
4699	4701	4457	5	-1	-1	-1
4778	4542	4541	3	-1	-1	-1
4543	4779	4541	3	-1	-1	-1
4459	4701	4703	5	-1	-1	-1
4459	4703	4702	5	-1	-1	-1
4718	4675	4473	3	-1	-1	-1
4781	4543	4545	3	-1	-1	-1
4547	4542	4780	5	-1	-1	-1
4545	4544	4782	3	-1	-1	-1
4704	4463	4705	5	-1	-1	-1
4549	4782	4544	3	-1	-1	-1
4707	4464	4704	5	-1	-1	-1
4464	4707	4706	5	-1	-1	-1
4465	4706	4708	5	-1	-1	-1
4549	4548	4785	5	-1	-1	-1
4708	4709	4465	5	-1	-1	-1
4712	4705	4467	2	-1	-1	-1
4710	4466	4711	2	-1	-1	-1
4712	4467	4710	2	-1	-1	-1
4711	4468	4713	2	-1	-1	-1
4785	4548	4560	5	-1	-1	-1
4717	4471	4709	5	-1	-1	-1
4470	4715	4716	5	-1	-1	-1
4715	4469	4714	5	-1	-1	-1
4717	4714	4471	5	-1	-1	-1
4556	4787	4557	5	-1	-1	-1
4789	4558	4557	5	-1	-1	-1
4716	4719	4472	3	-1	-1	-1
4720	4713	4475	2	-1	-1	-1
4719	4718	4472	3	-1	-1	-1
4562	4791	4560	5	-1	-1	-1
4556	4569	4788	5	-1	-1	-1
4790	4564	4559	5	-1	-1	-1
4561	4793	4562	5	-1	-1	-1
4561	4563	4792	5	-1	-1	-1
4639	4637	4640	5	-1	-1	-1
4476	4721	4720	2	-1	-1	-1
4563	4564	4792	5	-1	-1	-1
4722	4721	4477	2	-1	-1	-1
4724	4723	4479	5	-1	-1	-1
4722	4480	4725	2	-1	-1	-1
4797	4566	4565	5	-1	-1	-1
4723	4725	4480	2	-1	-1	-1
4724	4481	4726	5	-1	-1	-1
4566	4798	4567	5	-1	-1	-1
4565	4573	4797	5	-1	-1	-1
4482	4727	4726	5	-1	-1	-1
4567	4799	4570	5	-1	-1	-1
4483	4728	4727	5	-1	-1	-1
4568	4802	4569	5	-1	-1	-1
4570	4801	4568	5	-1	-1	-1
4728	4484	4730	5	-1	-1	-1
4729	4730	4484	5	-1	-1	-1
4648	4649	4647	5	-1	-1	-1
4806	4572	4571	5	-1	-1	-1
4807	4573	4572	5	-1	-1	-1
4735	4490	4732	5	-1	-1	-1
4490	4734	4733	5	-1	-1	-1
4574	4575	4809	5	-1	-1	-1
4735	4734	4490	5	-1	-1	-1
4574	4809	4577	5	-1	-1	-1
4492	4733	4738	5	-1	-1	-1
4736	4737	4491	5	-1	-1	-1
4577	4811	4576	5	-1	-1	-1
4581	4810	4575	5	-1	-1	-1
4736	4492	4738	5	-1	-1	-1
4578	4813	4579	5	-1	-1	-1
4814	4580	4579	5	-1	-1	-1
4813	4578	4583	5	-1	-1	-1
4495	4739	4741	5	-1	-1	-1
4496	4742	4740	5	-1	-1	-1
4580	4816	4582	5	-1	-1	-1
4658	4657	4664	3	-1	-1	-1
4744	4739	4497	2	-1	-1	-1
4581	4582	4817	5	-1	-1	-1
4745	4498	4737	2	-1	-1	-1
4496	4741	4743	5	-1	-1	-1
4743	4742	4496	5	-1	-1	-1
4661	4662	4660	3	-1	-1	-1
4729	4504	4751	5	-1	-1	-1
4584	4819	4583	5	-1	-1	-1
4746	4744	4499	2	-1	-1	-1
4754	4731	4506	5	-1	-1	-1
4746	4499	4747	2	-1	-1	-1
4588	4820	4584	5	-1	-1	-1
4586	4821	4585	5	-1	-1	-1
4587	4585	4821	5	-1	-1	-1
4500	4748	4747	2	-1	-1	-1
4501	4745	4749	2	-1	-1	-1
4752	4503	4740	5	-1	-1	-1
4822	4586	4589	5	-1	-1	-1
4749	4748	4501	2	-1	-1	-1
4823	4588	4587	5	-1	-1	-1
4751	4502	4750	5	-1	-1	-1
4503	4752	4750	5	-1	-1	-1
4753	4754	4506	5	-1	-1	-1
4826	4595	4594	5	-1	-1	-1
4826	4596	4595	5	-1	-1	-1
4589	4605	4825	5	-1	-1	-1
4596	4828	4597	5	-1	-1	-1
4829	4598	4597	5	-1	-1	-1
4756	4514	4755	5	-1	-1	-1
4757	4515	4756	5	-1	-1	-1
4830	4601	4598	5	-1	-1	-1
4666	4665	4700	3	-1	-1	-1
4759	4758	4516	5	-1	-1	-1
4665	4669	4700	3	-1	-1	-1
4602	4601	4831	5	-1	-1	-1
4602	4832	4604	5	-1	-1	-1
4760	4518	4761	5	-1	-1	-1
4519	4760	4762	5	-1	-1	-1
4604	4835	4603	5	-1	-1	-1
4834	4606	4603	5	-1	-1	-1
4520	4763	4761	5	-1	-1	-1
4836	4605	4606	5	-1	-1	-1
4763	4521	4764	5	-1	-1	-1
4768	4524	4758	5	-1	-1	-1
4523	4767	4764	5	-1	-1	-1
4523	4765	4766	5	-1	-1	-1
4759	4526	4770	5	-1	-1	-1
4757	4771	4528	5	-1	-1	-1
4767	4523	4766	5	-1	-1	-1
4838	4609	4610	5	-1	-1	-1
4765	4525	4769	5	-1	-1	-1
4525	4768	4769	5	-1	-1	-1
4612	4839	4611	5	-1	-1	-1
4612	4613	4840	5	-1	-1	-1
4838	4610	4618	5	-1	-1	-1
4669	4699	4700	3	-1	-1	-1
4770	4527	4772	5	-1	-1	-1
4676	4675	4718	3	-1	-1	-1
4772	4527	4771	5	-1	-1	-1
4611	4839	4621	5	-1	-1	-1
4677	4676	4719	3	-1	-1	-1
4842	4616	4615	5	-1	-1	-1
4616	4844	4617	5	-1	-1	-1
4773	4774	4530	3	-1	-1	-1
4613	4624	4840	5	-1	-1	-1
4843	4615	4620	5	-1	-1	-1
4789	4732	4558	5	-1	-1	-1
4731	4790	4559	5	-1	-1	-1
4775	4531	4774	3	-1	-1	-1
4617	4847	4618	5	-1	-1	-1
4773	4536	4774	5	-1	-1	-1
4776	4533	4775	5	-1	-1	-1
4547	4784	4753	5	-1	-1	-1
4702	4692	4691	5	-1	-1	-1
4777	4534	4776	5	-1	-1	-1
4536	4777	4774	5	-1	-1	-1
4692	4702	4693	5	-1	-1	-1
4619	4849	4620	5	-1	-1	-1
4848	4619	4621	5	-1	-1	-1
4696	4697	4698	5	-1	-1	-1
4852	4623	4622	5	-1	-1	-1
4703	4693	4702	5	-1	-1	-1
4779	4778	4541	3	-1	-1	-1
4778	4780	4542	5	-1	-1	-1
4623	4854	4625	5	-1	-1	-1
4781	4779	4543	3	-1	-1	-1
4856	4624	4625	5	-1	-1	-1
4545	4783	4781	3	-1	-1	-1
4626	4627	4857	3	-1	-1	-1
4545	4782	4783	3	-1	-1	-1
4784	4547	4780	5	-1	-1	-1
4857	4628	4626	3	-1	-1	-1
4857	4627	4629	3	-1	-1	-1
4718	4719	4676	3	-1	-1	-1
4785	4782	4549	5	-1	-1	-1
4630	4631	4860	5	-1	-1	-1
4858	4635	4628	3	-1	-1	-1
4622	4649	4852	5	-1	-1	-1
4633	4630	4861	5	-1	-1	-1
4631	4632	4862	5	-1	-1	-1
4556	4786	4787	5	-1	-1	-1
4862	4632	4636	5	-1	-1	-1
4788	4786	4556	5	-1	-1	-1
4557	4787	4789	5	-1	-1	-1
4865	4634	4635	5	-1	-1	-1
4634	4866	4636	5	-1	-1	-1
4560	4791	4785	5	-1	-1	-1
4633	4864	4641	5	-1	-1	-1
4571	4762	4805	5	-1	-1	-1
4859	4629	4652	3	-1	-1	-1
4755	4576	4811	5	-1	-1	-1
4561	4792	4793	5	-1	-1	-1
4794	4791	4562	5	-1	-1	-1
4639	4870	4638	5	-1	-1	-1
4795	4562	4793	5	-1	-1	-1
4643	4638	4869	5	-1	-1	-1
4790	4796	4564	5	-1	-1	-1
4562	4795	4794	5	-1	-1	-1
4640	4872	4639	5	-1	-1	-1
4796	4792	4564	5	-1	-1	-1
4642	4872	4640	5	-1	-1	-1
4642	4641	4874	5	-1	-1	-1
4803	4788	4569	5	-1	-1	-1
4566	4797	4798	5	-1	-1	-1
4798	4800	4567	5	-1	-1	-1
4645	4643	4877	5	-1	-1	-1
4799	4567	4800	5	-1	-1	-1
4644	4646	4878	5	-1	-1	-1
4646	4645	4879	5	-1	-1	-1
4568	4801	4802	5	-1	-1	-1
4644	4878	4650	5	-1	-1	-1
4804	4570	4799	5	-1	-1	-1
4802	4803	4569	5	-1	-1	-1
4804	4801	4570	5	-1	-1	-1
4573	4808	4797	5	-1	-1	-1
4648	4884	4649	5	-1	-1	-1
4571	4805	4806	5	-1	-1	-1
4885	4648	4650	5	-1	-1	-1
4572	4806	4807	5	-1	-1	-1
4573	4807	4808	5	-1	-1	-1
4888	4652	4653	3	-1	-1	-1
4725	4746	4722	2	-1	-1	-1
4809	4575	4810	5	-1	-1	-1
4577	4809	4812	5	-1	-1	-1
4654	4892	4653	3	-1	-1	-1
4811	4577	4812	5	-1	-1	-1
4654	4656	4893	3	-1	-1	-1
4651	4887	4667	3	-1	-1	-1
4656	4655	4895	3	-1	-1	-1
4579	4813	4815	5	-1	-1	-1
4894	4655	4658	3	-1	-1	-1
4581	4817	4810	5	-1	-1	-1
4579	4815	4814	5	-1	-1	-1
4580	4814	4816	5	-1	-1	-1
4813	4583	4819	5	-1	-1	-1
4746	4747	4722	2	-1	-1	-1
4818	4582	4816	5	-1	-1	-1
4582	4818	4817	5	-1	-1	-1
4661	4659	4900	3	-1	-1	-1
4899	4658	4664	3	-1	-1	-1
4820	4819	4584	5	-1	-1	-1
4901	4662	4661	3	-1	-1	-1
4662	4903	4663	3	-1	-1	-1
4690	4887	4651	3	-1	-1	-1
4822	4821	4586	5	-1	-1	-1
4823	4587	4821	5	-1	-1	-1
4663	4905	4664	3	-1	-1	-1
4588	4824	4820	5	-1	-1	-1
4742	4752	4740	5	-1	-1	-1
4824	4588	4823	5	-1	-1	-1
4825	4822	4589	5	-1	-1	-1
4667	4906	4668	3	-1	-1	-1
4683	4900	4659	3	-1	-1	-1
4670	4668	4906	3	-1	-1	-1
4669	4670	4907	3	-1	-1	-1
4596	4826	4827	5	-1	-1	-1
4828	4596	4827	5	-1	-1	-1
4673	4671	4910	3	-1	-1	-1
4597	4828	4829	5	-1	-1	-1
4911	4671	4672	3	-1	-1	-1
4598	4829	4830	5	-1	-1	-1
4678	4912	4672	3	-1	-1	-1
4831	4601	4830	5	-1	-1	-1
4910	4681	4673	3	-1	-1	-1
4831	4833	4602	5	-1	-1	-1
4836	4825	4605	5	-1	-1	-1
4833	4832	4602	5	-1	-1	-1
4680	4677	4913	3	-1	-1	-1
4832	4835	4604	5	-1	-1	-1
4914	4678	4679	3	-1	-1	-1
4834	4603	4835	5	-1	-1	-1
4915	4679	4680	5	-1	-1	-1
4731	4754	4790	5	-1	-1	-1
4699	4669	4907	3	-1	-1	-1
4837	4606	4834	5	-1	-1	-1
4606	4837	4836	5	-1	-1	-1
4682	4681	4918	3	-1	-1	-1
4682	4920	4683	3	-1	-1	-1
4784	4754	4753	5	-1	-1	-1
4685	4923	4684	3	-1	-1	-1
4841	4839	4612	5	-1	-1	-1
4841	4612	4840	5	-1	-1	-1
4687	4684	4923	3	-1	-1	-1
4685	4686	4924	3	-1	-1	-1
4842	4615	4843	5	-1	-1	-1
4687	4927	4688	3	-1	-1	-1
4838	4618	4847	5	-1	-1	-1
4845	4616	4842	5	-1	-1	-1
4688	4928	4689	3	-1	-1	-1
4694	4925	4686	5	-1	-1	-1
4844	4616	4845	5	-1	-1	-1
4690	4689	4928	3	-1	-1	-1
4699	4907	4701	5	-1	-1	-1
4846	4617	4844	5	-1	-1	-1
4677	4719	4913	3	-1	-1	-1
4617	4846	4847	5	-1	-1	-1
4839	4851	4621	5	-1	-1	-1
4620	4850	4843	5	-1	-1	-1
4848	4849	4619	5	-1	-1	-1
4932	4694	4693	5	-1	-1	-1
4620	4849	4850	5	-1	-1	-1
4848	4621	4851	5	-1	-1	-1
4624	4856	4840	5	-1	-1	-1
4777	4775	4774	5	-1	-1	-1
4693	4703	4932	5	-1	-1	-1
4775	4777	4776	5	-1	-1	-1
4853	4623	4852	5	-1	-1	-1
4623	4853	4855	5	-1	-1	-1
4855	4854	4623	5	-1	-1	-1
4854	4856	4625	5	-1	-1	-1
4934	4703	4701	5	-1	-1	-1
4858	4628	4857	3	-1	-1	-1
4715	4913	4716	5	-1	-1	-1
4705	4936	4704	5	-1	-1	-1
4859	4857	4629	3	-1	-1	-1
4704	4935	4707	5	-1	-1	-1
4716	4913	4719	3	-1	-1	-1
4860	4861	4630	5	-1	-1	-1
4939	4706	4707	5	-1	-1	-1
4938	4708	4706	5	-1	-1	-1
4937	4705	4712	2	-1	-1	-1
4631	4863	4860	5	-1	-1	-1
4862	4863	4631	5	-1	-1	-1
4791	4783	4782	5	-1	-1	-1
4782	4785	4791	5	-1	-1	-1
4864	4633	4861	5	-1	-1	-1
4942	4709	4708	5	-1	-1	-1
4867	4635	4858	3	-1	-1	-1
4636	4866	4862	5	-1	-1	-1
4865	4866	4634	5	-1	-1	-1
4710	4711	4944	2	-1	-1	-1
4944	4712	4710	2	-1	-1	-1
4867	4865	4635	3	-1	-1	-1
4794	4783	4791	5	-1	-1	-1
4711	4713	4945	2	-1	-1	-1
4717	4709	4943	5	-1	-1	-1
4868	4869	4638	5	-1	-1	-1
4868	4638	4870	5	-1	-1	-1
4641	4864	4873	5	-1	-1	-1
4639	4871	4870	5	-1	-1	-1
4952	4715	4714	5	-1	-1	-1
4639	4872	4871	5	-1	-1	-1
4951	4714	4717	5	-1	-1	-1
4713	4720	4950	2	-1	-1	-1
4852	4649	4884	5	-1	-1	-1
4873	4874	4641	5	-1	-1	-1
4642	4875	4872	5	-1	-1	-1
4877	4643	4869	5	-1	-1	-1
4875	4642	4876	5	-1	-1	-1
4876	4642	4874	5	-1	-1	-1
4956	4720	4721	2	-1	-1	-1
4721	4722	4956	2	-1	-1	-1
4859	4652	4889	3	-1	-1	-1
4645	4877	4880	5	-1	-1	-1
4957	4723	4724	2	-1	-1	-1
4880	4879	4645	5	-1	-1	-1
4723	4957	4725	2	-1	-1	-1
4646	4882	4878	5	-1	-1	-1
4881	4646	4879	5	-1	-1	-1
4724	4726	4958	2	-1	-1	-1
4646	4881	4882	5	-1	-1	-1
4960	4726	4727	2	-1	-1	-1
4650	4878	4886	5	-1	-1	-1
4883	4884	4648	5	-1	-1	-1
4885	4883	4648	5	-1	-1	-1
4727	4728	4961	2	-1	-1	-1
4728	4730	4962	2	-1	-1	-1
4885	4650	4886	5	-1	-1	-1
4963	4730	4729	5	-1	-1	-1
4747	4956	4722	2	-1	-1	-1
4889	4652	4888	3	-1	-1	-1
4725	4959	4746	2	-1	-1	-1
4890	4888	4653	3	-1	-1	-1
4735	4732	4965	5	-1	-1	-1
4733	4734	4966	5	-1	-1	-1
4890	4653	4891	3	-1	-1	-1
4653	4892	4891	3	-1	-1	-1
4969	4734	4735	5	-1	-1	-1
4738	4733	4967	5	-1	-1	-1
4892	4654	4893	3	-1	-1	-1
4729	4751	4963	5	-1	-1	-1
4736	4971	4737	5	-1	-1	-1
4894	4895	4655	3	-1	-1	-1
4893	4656	4896	3	-1	-1	-1
4971	4736	4738	5	-1	-1	-1
4897	4656	4895	3	-1	-1	-1
4897	4896	4656	3	-1	-1	-1
4744	4746	4959	2	-1	-1	-1
4898	4894	4658	3	-1	-1	-1
4747	4748	4956	2	-1	-1	-1
4972	4745	4737	2	-1	-1	-1
4741	4739	4975	2	-1	-1	-1
4898	4658	4899	3	-1	-1	-1
4975	4739	4744	2	-1	-1	-1
4976	4743	4741	2	-1	-1	-1
4887	4906	4667	3	-1	-1	-1
4743	4977	4742	5	-1	-1	-1
4900	4902	4661	3	-1	-1	-1
4902	4901	4661	3	-1	-1	-1
4662	4901	4903	3	-1	-1	-1
4905	4899	4664	3	-1	-1	-1
4904	4663	4903	3	-1	-1	-1
4752	4742	4977	5	-1	-1	-1
4663	4904	4905	3	-1	-1	-1
4749	4745	4979	2	-1	-1	-1
4748	4749	4981	2	-1	-1	-1
4982	4751	4750	5	-1	-1	-1
4750	4752	4982	5	-1	-1	-1
4670	4908	4907	3	-1	-1	-1
4906	4909	4670	3	-1	-1	-1
4965	4732	4789	5	-1	-1	-1
4908	4670	4909	3	-1	-1	-1
4911	4910	4671	3	-1	-1	-1
4911	4672	4912	3	-1	-1	-1
4984	4756	4755	5	-1	-1	-1
4985	4757	4756	5	-1	-1	-1
4759	4986	4758	5	-1	-1	-1
4914	4912	4678	3	-1	-1	-1
4683	4922	4900	3	-1	-1	-1
4931	4887	4690	3	-1	-1	-1
4760	4761	4988	5	-1	-1	-1
4916	4914	4679	5	-1	-1	-1
4915	4916	4679	5	-1	-1	-1
4919	4681	4910	3	-1	-1	-1
4917	4680	4913	5	-1	-1	-1
4988	4762	4760	5	-1	-1	-1
4986	4768	4758	5	-1	-1	-1
4917	4915	4680	5	-1	-1	-1
4985	4771	4757	5	-1	-1	-1
4761	4763	4989	5	-1	-1	-1
4759	4770	4987	5	-1	-1	-1
4991	4763	4764	5	-1	-1	-1
4919	4918	4681	3	-1	-1	-1
4754	4784	4983	5	-1	-1	-1
4918	4921	4682	3	-1	-1	-1
4767	4991	4764	5	-1	-1	-1
4992	4766	4765	5	-1	-1	-1
4920	4682	4921	3	-1	-1	-1
4683	4920	4922	3	-1	-1	-1
4992	4765	4769	5	-1	-1	-1
4994	4767	4766	5	-1	-1	-1
4790	4754	4983	5	-1	-1	-1
4924	4923	4685	3	-1	-1	-1
4768	4997	4769	5	-1	-1	-1
4686	4925	4924	5	-1	-1	-1
4923	4926	4687	3	-1	-1	-1
4687	4926	4927	3	-1	-1	-1
4770	4772	4999	5	-1	-1	-1
4907	4934	4701	5	-1	-1	-1
5000	4772	4771	5	-1	-1	-1
4927	4929	4688	3	-1	-1	-1
4929	4928	4688	3	-1	-1	-1
4715	4917	4913	5	-1	-1	-1
4784	4780	4983	5	-1	-1	-1
4690	4928	4930	3	-1	-1	-1
4811	4984	4755	5	-1	-1	-1
4690	4930	4931	3	-1	-1	-1
4925	4694	4933	5	-1	-1	-1
4805	4762	4990	5	-1	-1	-1
4694	4932	4933	5	-1	-1	-1
4779	5004	4778	3	-1	-1	-1
4780	4778	5003	5	-1	-1	-1
5005	4779	4781	3	-1	-1	-1
4934	4932	4703	5	-1	-1	-1
4783	5006	4781	3	-1	-1	-1
4857	4859	4858	3	-1	-1	-1
4936	4935	4704	5	-1	-1	-1
4937	4936	4705	2	-1	-1	-1
4786	5008	4787	5	-1	-1	-1
4935	4940	4707	5	-1	-1	-1
4939	4938	4706	5	-1	-1	-1
4788	5009	4786	5	-1	-1	-1
5006	4783	4794	5	-1	-1	-1
4953	4917	4715	5	-1	-1	-1
5010	4789	4787	5	-1	-1	-1
4707	4940	4939	5	-1	-1	-1
4938	4941	4708	5	-1	-1	-1
4941	4942	4708	5	-1	-1	-1
4942	4943	4709	5	-1	-1	-1
4795	5006	4794	5	-1	-1	-1
4712	4947	4937	2	-1	-1	-1
5012	4796	4790	5	-1	-1	-1
4792	5013	4793	5	-1	-1	-1
4711	4946	4944	2	-1	-1	-1
5013	4792	4796	5	-1	-1	-1
4711	4945	4946	2	-1	-1	-1
5011	4788	4803	5	-1	-1	-1
4793	5014	4795	5	-1	-1	-1
4712	4944	4949	2	-1	-1	-1
4712	4948	4947	2	-1	-1	-1
4713	4950	4945	2	-1	-1	-1
4948	4712	4949	2	-1	-1	-1
5018	4798	4797	5	-1	-1	-1
4943	4954	4717	5	-1	-1	-1
4800	4798	5018	5	-1	-1	-1
4951	4952	4714	5	-1	-1	-1
5019	4799	4800	5	-1	-1	-1
4952	4953	4715	5	-1	-1	-1
5018	4797	4808	5	-1	-1	-1
4955	4951	4717	5	-1	-1	-1
4799	5020	4804	5	-1	-1	-1
4720	4956	4950	2	-1	-1	-1
5023	4802	4801	5	-1	-1	-1
4955	4717	4954	5	-1	-1	-1
5024	4801	4804	5	-1	-1	-1
4803	4802	5026	5	-1	-1	-1
4724	4958	4957	2	-1	-1	-1
5028	4806	4805	5	-1	-1	-1
4957	4959	4725	2	-1	-1	-1
4807	4806	5029	5	-1	-1	-1
4960	4958	4726	2	-1	-1	-1
5031	4808	4807	5	-1	-1	-1
4960	4727	4961	2	-1	-1	-1
4728	4962	4961	2	-1	-1	-1
4810	5032	4809	5	-1	-1	-1
4812	4809	5032	5	-1	-1	-1
4950	4956	4748	2	-1	-1	-1
4962	4730	4964	2	-1	-1	-1
4811	4812	5033	5	-1	-1	-1
4730	4963	4964	2	-1	-1	-1
5032	4810	4817	5	-1	-1	-1
4813	5034	4815	5	-1	-1	-1
5035	4814	4815	5	-1	-1	-1
4814	5035	4816	5	-1	-1	-1
4967	4733	4966	5	-1	-1	-1
5034	4813	4819	5	-1	-1	-1
4734	4968	4966	5	-1	-1	-1
4743	4962	4964	2	-1	-1	-1
4735	4965	4970	5	-1	-1	-1
4816	5037	4818	5	-1	-1	-1
4969	4968	4734	5	-1	-1	-1
5034	4819	4820	5	-1	-1	-1
4969	4735	4970	5	-1	-1	-1
4817	4818	5040	5	-1	-1	-1
4967	4973	4738	5	-1	-1	-1
4748	4981	4950	2	-1	-1	-1
4737	4971	4972	2	-1	-1	-1
4978	4744	4959	2	-1	-1	-1
4962	4743	4976	2	-1	-1	-1
4738	4974	4971	5	-1	-1	-1
4977	4743	4964	2	-1	-1	-1
4738	4973	4974	5	-1	-1	-1
4820	4824	5042	5	-1	-1	-1
4823	4821	5043	5	-1	-1	-1
5044	4821	4822	5	-1	-1	-1
4822	4825	5044	5	-1	-1	-1
4976	4741	4975	2	-1	-1	-1
4824	4823	5045	5	-1	-1	-1
4982	4963	4751	5	-1	-1	-1
4745	4972	4980	2	-1	-1	-1
4975	4744	4978	2	-1	-1	-1
5048	4828	4827	5	-1	-1	-1
4980	4979	4745	2	-1	-1	-1
5048	4829	4828	5	-1	-1	-1
4836	5047	4825	5	-1	-1	-1
4979	4981	4749	2	-1	-1	-1
4830	4829	5050	5	-1	-1	-1
4977	4982	4752	5	-1	-1	-1
4830	5051	4831	5	-1	-1	-1
5052	4833	4831	5	-1	-1	-1
4832	4833	5055	5	-1	-1	-1
4832	5054	4835	5	-1	-1	-1
4887	4931	4906	3	-1	-1	-1
4756	4984	4985	5	-1	-1	-1
5057	4834	4835	5	-1	-1	-1
4834	5057	4837	5	-1	-1	-1
4987	4986	4759	5	-1	-1	-1
5059	4836	4837	5	-1	-1	-1
4989	4988	4761	5	-1	-1	-1
4990	4762	4988	5	-1	-1	-1
4841	5061	4839	5	-1	-1	-1
5062	4841	4840	5	-1	-1	-1
4989	4763	4991	5	-1	-1	-1
4908	4934	4907	5	-1	-1	-1
5065	4842	4843	5	-1	-1	-1
4842	5064	4845	5	-1	-1	-1
4997	4768	4986	5	-1	-1	-1
5061	4851	4839	5	-1	-1	-1
4766	4992	4993	5	-1	-1	-1
4994	4766	4993	5	-1	-1	-1
4996	4991	4767	5	-1	-1	-1
4998	4987	4770	5	-1	-1	-1
5067	4844	4845	5	-1	-1	-1
5000	4771	4985	5	-1	-1	-1
4994	4995	4767	5	-1	-1	-1
4844	5067	4846	5	-1	-1	-1
5062	4840	4856	5	-1	-1	-1
4996	4767	4995	5	-1	-1	-1
4992	4769	4997	5	-1	-1	-1
4850	5066	4843	5	-1	-1	-1
4789	5010	4965	5	-1	-1	-1
4849	4848	5069	5	-1	-1	-1
5003	4983	4780	5	-1	-1	-1
4770	4999	4998	5	-1	-1	-1
4848	4851	5069	5	-1	-1	-1
5071	4850	4849	5	-1	-1	-1
5002	4999	4772	5	-1	-1	-1
5000	5001	4772	5	-1	-1	-1
5001	5002	4772	5	-1	-1	-1
5073	4853	4852	5	-1	-1	-1
4853	5074	4855	5	-1	-1	-1
4855	5075	4854	5	-1	-1	-1
4983	5012	4790	5	-1	-1	-1
4854	5075	4856	5	-1	-1	-1
5003	4778	5004	5	-1	-1	-1
5005	5004	4779	3	-1	-1	-1
5006	5005	4781	3	-1	-1	-1
4858	4859	5079	3	-1	-1	-1
4932	4934	4933	5	-1	-1	-1
4786	5007	5008	5	-1	-1	-1
4786	5009	5007	5	-1	-1	-1
4860	5081	4861	5	-1	-1	-1
5078	4867	4858	3	-1	-1	-1
4863	5081	4860	5	-1	-1	-1
5008	5010	4787	5	-1	-1	-1
5082	4864	4861	5	-1	-1	-1
4862	5083	4863	5	-1	-1	-1
4788	5011	5009	5	-1	-1	-1
5073	4852	4884	5	-1	-1	-1
5083	4862	4866	5	-1	-1	-1
5006	4795	5017	5	-1	-1	-1
4866	4865	5088	5	-1	-1	-1
5087	4865	4867	3	-1	-1	-1
4793	5013	5015	5	-1	-1	-1
5012	5013	4796	5	-1	-1	-1
4793	5015	5014	5	-1	-1	-1
4990	5028	4805	5	-1	-1	-1
4864	5086	4873	5	-1	-1	-1
5016	4795	5014	5	-1	-1	-1
5090	4869	4868	5	-1	-1	-1
4795	5016	5017	5	-1	-1	-1
4859	4889	5080	3	-1	-1	-1
4984	4811	5033	5	-1	-1	-1
4868	4870	5091	5	-1	-1	-1
5094	4870	4871	5	-1	-1	-1
5095	4871	4872	5	-1	-1	-1
4799	5019	5020	5	-1	-1	-1
4869	5092	4877	5	-1	-1	-1
5026	5011	4803	5	-1	-1	-1
5018	5022	4800	5	-1	-1	-1
4875	5095	4872	5	-1	-1	-1
5021	5019	4800	5	-1	-1	-1
4874	4873	5096	5	-1	-1	-1
5022	5021	4800	5	-1	-1	-1
4874	5097	4876	5	-1	-1	-1
4801	5024	5023	5	-1	-1	-1
5098	4875	4876	5	-1	-1	-1
5025	4802	5023	5	-1	-1	-1
5020	5027	4804	5	-1	-1	-1
4802	5025	5026	5	-1	-1	-1
5024	4804	5027	5	-1	-1	-1
4808	5031	5018	5	-1	-1	-1
4880	4877	5102	5	-1	-1	-1
5103	4878	4882	5	-1	-1	-1
5104	4879	4880	5	-1	-1	-1
5028	5030	4806	5	-1	-1	-1
4881	4879	5105	5	-1	-1	-1
5030	5029	4806	5	-1	-1	-1
5103	4886	4878	5	-1	-1	-1
5029	5031	4807	5	-1	-1	-1
4882	4881	5108	5	-1	-1	-1
4981	4946	4945	2	-1	-1	-1
4958	4959	4957	2	-1	-1	-1
4981	4945	4950	2	-1	-1	-1
4884	4883	5110	5	-1	-1	-1
5033	4812	5032	5	-1	-1	-1
4960	4959	4958	2	-1	-1	-1
4885	5111	4883	5	-1	-1	-1
4885	4886	5112	5	-1	-1	-1
4815	5034	5036	5	-1	-1	-1
4815	5036	5035	5	-1	-1	-1
4817	5039	5032	5	-1	-1	-1
5035	5038	4816	5	-1	-1	-1
5037	4816	5038	5	-1	-1	-1
4888	5114	4889	3	-1	-1	-1
4890	5114	4888	3	-1	-1	-1
5040	5039	4817	5	-1	-1	-1
5037	5041	4818	5	-1	-1	-1
5042	5034	4820	5	-1	-1	-1
4959	4960	4978	2	-1	-1	-1
5116	4890	4891	5	-1	-1	-1
5040	4818	5041	5	-1	-1	-1
4962	4976	4961	2	-1	-1	-1
4961	4978	4960	2	-1	-1	-1
4892	5118	4891	3	-1	-1	-1
5119	4892	4893	3	-1	-1	-1
4964	4963	4977	2	-1	-1	-1
5043	4821	5044	5	-1	-1	-1
4893	4896	5121	3	-1	-1	-1
5043	5045	4823	5	-1	-1	-1
4894	5122	4895	3	-1	-1	-1
5042	4824	5046	5	-1	-1	-1
4898	5122	4894	3	-1	-1	-1
5045	5046	4824	5	-1	-1	-1
4895	5123	4897	3	-1	-1	-1
4961	4976	4978	2	-1	-1	-1
5044	4825	5047	5	-1	-1	-1
5125	4896	4897	3	-1	-1	-1
4982	4977	4963	2	-1	-1	-1
4899	5127	4898	5	-1	-1	-1
5048	5049	4829	5	-1	-1	-1
4829	5049	5050	5	-1	-1	-1
4978	4976	4975	2	-1	-1	-1
5051	4830	5050	5	-1	-1	-1
5130	4902	4900	3	-1	-1	-1
4905	5129	4899	5	-1	-1	-1
5131	4901	4902	3	-1	-1	-1
4831	5051	5053	5	-1	-1	-1
4901	5132	4903	3	-1	-1	-1
4831	5053	5052	5	-1	-1	-1
4903	5132	4904	3	-1	-1	-1
5056	4833	5052	5	-1	-1	-1
4832	5055	5054	5	-1	-1	-1
4836	5058	5047	5	-1	-1	-1
5056	5055	4833	5	-1	-1	-1
4904	5135	4905	5	-1	-1	-1
5054	5057	4835	5	-1	-1	-1
4906	5136	4909	3	-1	-1	-1
4900	4922	5130	3	-1	-1	-1
4836	5059	5058	5	-1	-1	-1
5057	5060	4837	5	-1	-1	-1
4908	4909	5138	3	-1	-1	-1
5059	4837	5060	5	-1	-1	-1
4911	5140	4910	3	-1	-1	-1
4912	5141	4911	3	-1	-1	-1
4841	5063	5061	5	-1	-1	-1
5063	4841	5062	5	-1	-1	-1
5140	4919	4910	3	-1	-1	-1
4914	5143	4912	3	-1	-1	-1
4842	5065	5064	5	-1	-1	-1
5136	4906	4931	3	-1	-1	-1
5144	4914	4916	5	-1	-1	-1
5065	4843	5066	5	-1	-1	-1
4917	5145	4915	5	-1	-1	-1
5068	4845	5064	5	-1	-1	-1
4915	5146	4916	5	-1	-1	-1
4934	4908	5137	5	-1	-1	-1
4845	5068	5067	5	-1	-1	-1
5072	4851	5061	5	-1	-1	-1
4918	4919	5149	3	-1	-1	-1
5071	5066	4850	5	-1	-1	-1
5070	4849	5069	5	-1	-1	-1
4921	4918	5150	3	-1	-1	-1
5071	4849	5070	5	-1	-1	-1
5072	5069	4851	5	-1	-1	-1
5152	4920	4921	3	-1	-1	-1
4922	4920	5153	3	-1	-1	-1
4856	5077	5062	5	-1	-1	-1
4983	5003	5012	5	-1	-1	-1
4853	5073	5074	5	-1	-1	-1
4924	5155	4923	3	-1	-1	-1
5137	4933	4934	5	-1	-1	-1
4926	4923	5155	3	-1	-1	-1
4855	5074	5076	5	-1	-1	-1
4925	5156	4924	5	-1	-1	-1
4855	5076	5075	5	-1	-1	-1
5077	4856	5075	5	-1	-1	-1
5158	4927	4926	3	-1	-1	-1
4953	5145	4917	5	-1	-1	-1
4858	5079	5078	3	-1	-1	-1
4933	5157	4925	5	-1	-1	-1
4929	4927	5160	3	-1	-1	-1
4928	4929	5161	3	-1	-1	-1
5079	4859	5080	3	-1	-1	-1
4930	4928	5161	3	-1	-1	-1
5082	4861	5081	5	-1	-1	-1
4931	4930	5164	3	-1	-1	-1
5006	5017	5005	3	-1	-1	-1
5085	5081	4863	5	-1	-1	-1
5084	4863	5083	5	-1	-1	-1
4951	5127	4952	5	-1	-1	-1
4864	5082	5086	5	-1	-1	-1
4863	5084	5085	5	-1	-1	-1
5089	4867	5078	3	-1	-1	-1
4951	4955	5128	5	-1	-1	-1
5083	4866	5088	5	-1	-1	-1
4936	5166	4935	5	-1	-1	-1
4936	4937	5167	2	-1	-1	-1
4865	5087	5088	3	-1	-1	-1
5166	4940	4935	5	-1	-1	-1
4867	5089	5087	3	-1	-1	-1
5169	4938	4939	5	-1	-1	-1
5170	4941	4938	5	-1	-1	-1
4868	5091	5090	5	-1	-1	-1
4940	5171	4939	5	-1	-1	-1
5092	4869	5090	5	-1	-1	-1
5168	4937	4947	2	-1	-1	-1
5093	5091	4870	5	-1	-1	-1
4873	5086	5096	5	-1	-1	-1
4941	5173	4942	5	-1	-1	-1
4870	5094	5093	5	-1	-1	-1
4871	5095	5094	5	-1	-1	-1
4943	4942	5175	5	-1	-1	-1
4944	4946	5177	2	-1	-1	-1
5073	4884	5110	5	-1	-1	-1
4874	5096	5097	5	-1	-1	-1
5095	4875	5099	5	-1	-1	-1
5092	5102	4877	5	-1	-1	-1
4949	4944	5178	2	-1	-1	-1
4875	5098	5099	5	-1	-1	-1
5176	4954	4943	5	-1	-1	-1
4876	5097	5101	5	-1	-1	-1
5100	5098	4876	5	-1	-1	-1
4948	5180	4947	2	-1	-1	-1
4876	5101	5100	5	-1	-1	-1
5183	4948	4949	2	-1	-1	-1
5115	5080	4889	3	-1	-1	-1
5104	5105	4879	5	-1	-1	-1
5102	5106	4880	5	-1	-1	-1
4952	5185	4953	5	-1	-1	-1
5104	4880	5107	5	-1	-1	-1
5107	4880	5106	5	-1	-1	-1
5105	5108	4881	5	-1	-1	-1
5109	5103	4882	5	-1	-1	-1
4954	5189	4955	5	-1	-1	-1
4882	5108	5109	5	-1	-1	-1
5112	4886	5103	5	-1	-1	-1
5114	4890	5099	5	-1	-1	-1
5110	4883	5111	5	-1	-1	-1
5099	4890	5116	5	-1	-1	-1
4946	4981	5179	2	-1	-1	-1
4885	5113	5111	5	-1	-1	-1
4885	5112	5113	5	-1	-1	-1
5114	5115	4889	3	-1	-1	-1
4891	5117	5116	5	-1	-1	-1
5193	4967	4966	5	-1	-1	-1
5118	5117	4891	5	-1	-1	-1
5192	4970	4965	5	-1	-1	-1
5193	4966	4968	5	-1	-1	-1
4892	5119	5118	3	-1	-1	-1
5195	4968	4969	5	-1	-1	-1
4893	5120	5119	3	-1	-1	-1
4967	5194	4973	5	-1	-1	-1
4893	5121	5120	3	-1	-1	-1
4970	5197	4969	5	-1	-1	-1
5122	5123	4895	3	-1	-1	-1
5124	5121	4896	3	-1	-1	-1
5199	4972	4971	2	-1	-1	-1
4971	4974	5199	2	-1	-1	-1
5125	5124	4896	3	-1	-1	-1
5123	5126	4897	3	-1	-1	-1
4974	4973	5200	5	-1	-1	-1
5125	4897	5126	3	-1	-1	-1
5128	5122	4898	5	-1	-1	-1
4980	4972	5199	2	-1	-1	-1
5127	5128	4898	5	-1	-1	-1
5127	4899	5129	5	-1	-1	-1
4981	4979	5202	2	-1	-1	-1
4979	4980	5203	2	-1	-1	-1
4901	5131	5132	3	-1	-1	-1
5133	4902	5130	3	-1	-1	-1
4902	5133	5131	3	-1	-1	-1
5010	5192	4965	5	-1	-1	-1
4905	5135	5129	5	-1	-1	-1
4904	5132	5134	5	-1	-1	-1
4904	5134	5135	5	-1	-1	-1
5207	4985	4984	5	-1	-1	-1
5137	4908	5138	5	-1	-1	-1
4987	5210	4986	5	-1	-1	-1
5139	4909	5136	3	-1	-1	-1
5139	5138	4909	3	-1	-1	-1
4989	5212	4988	5	-1	-1	-1
4990	4988	5212	5	-1	-1	-1
4986	5209	4997	5	-1	-1	-1
5140	4911	5142	3	-1	-1	-1
5213	4989	4991	5	-1	-1	-1
5208	5000	4985	5	-1	-1	-1
5141	5142	4911	3	-1	-1	-1
5143	5141	4912	3	-1	-1	-1
5211	4987	4998	5	-1	-1	-1
4996	5213	4991	5	-1	-1	-1
4993	4992	5215	5	-1	-1	-1
5144	5143	4914	5	-1	-1	-1
4993	5216	4994	5	-1	-1	-1
4997	5214	4992	5	-1	-1	-1
5130	4922	5153	3	-1	-1	-1
5128	5127	4951	5	-1	-1	-1
4995	4994	5217	5	-1	-1	-1
5146	4915	5145	5	-1	-1	-1
4916	5147	5144	5	-1	-1	-1
5129	4952	5127	5	-1	-1	-1
5208	5001	5000	5	-1	-1	-1
5218	4996	4995	5	-1	-1	-1
4916	5146	5148	5	-1	-1	-1
5140	5151	4919	3	-1	-1	-1
4916	5148	5147	5	-1	-1	-1
5220	4998	4999	5	-1	-1	-1
5149	5150	4918	3	-1	-1	-1
4919	5151	5149	3	-1	-1	-1
4999	5002	5220	5	-1	-1	-1
4984	5033	5206	5	-1	-1	-1
5001	5221	5002	5	-1	-1	-1
5152	5153	4920	3	-1	-1	-1
5154	4921	5150	3	-1	-1	-1
4921	5154	5152	3	-1	-1	-1
5212	5028	4990	5	-1	-1	-1
5136	4931	5164	3	-1	-1	-1
5004	5224	5003	5	-1	-1	-1
5137	5165	4933	5	-1	-1	-1
4924	5156	5155	5	-1	-1	-1
5004	5005	5226	3	-1	-1	-1
5156	4925	5157	5	-1	-1	-1
5159	4926	5155	3	-1	-1	-1
5225	5012	5003	5	-1	-1	-1
5228	5008	5007	5	-1	-1	-1
4926	5159	5158	3	-1	-1	-1
5158	5160	4927	3	-1	-1	-1
5009	5230	5007	5	-1	-1	-1
5005	5017	5226	3	-1	-1	-1
5008	5231	5010	5	-1	-1	-1
5162	4929	5160	3	-1	-1	-1
5162	5161	4929	3	-1	-1	-1
5011	5233	5009	5	-1	-1	-1
5161	5163	4930	3	-1	-1	-1
5165	5157	4933	5	-1	-1	-1
5163	5164	4930	3	-1	-1	-1
5236	5013	5012	5	-1	-1	-1
5236	5015	5013	5	-1	-1	-1
5185	4952	5129	5	-1	-1	-1
5014	5015	5237	5	-1	-1	-1
5014	5237	5016	5	-1	-1	-1
5167	5166	4936	2	-1	-1	-1
5234	5011	5026	5	-1	-1	-1
5239	5017	5016	5	-1	-1	-1
4937	5168	5167	2	-1	-1	-1
5191	5128	4955	5	-1	-1	-1
5169	5170	4938	5	-1	-1	-1
5172	4940	5166	5	-1	-1	-1
4939	5171	5169	5	-1	-1	-1
5022	5018	5240	5	-1	-1	-1
5241	5020	5019	5	-1	-1	-1
5019	5021	5241	5	-1	-1	-1
5172	5171	4940	5	-1	-1	-1
5145	4953	5186	5	-1	-1	-1
5170	5174	4941	5	-1	-1	-1
5021	5022	5243	5	-1	-1	-1
5174	5173	4941	5	-1	-1	-1
5242	5027	5020	5	-1	-1	-1
5018	5031	5240	5	-1	-1	-1
5173	5175	4942	5	-1	-1	-1
5023	5024	5246	5	-1	-1	-1
5023	5246	5025	5	-1	-1	-1
4943	5175	5176	5	-1	-1	-1
4947	5181	5168	2	-1	-1	-1
5027	5247	5024	5	-1	-1	-1
5177	5178	4944	2	-1	-1	-1
5026	5025	5249	5	-1	-1	-1
5179	5177	4946	2	-1	-1	-1
5116	5094	5095	5	-1	-1	-1
4947	5180	5181	2	-1	-1	-1
5030	5028	5251	5	-1	-1	-1
5180	4948	5182	2	-1	-1	-1
5095	5099	5116	5	-1	-1	-1
5184	4949	5178	2	-1	-1	-1
5099	5098	5114	5	-1	-1	-1
5115	5098	5100	5	-1	-1	-1
5183	5182	4948	2	-1	-1	-1
5255	5029	5030	5	-1	-1	-1
5031	5029	5254	5	-1	-1	-1
4949	5184	5183	2	-1	-1	-1
5187	4954	5176	5	-1	-1	-1
5033	5032	5259	5	-1	-1	-1
5186	4953	5185	5	-1	-1	-1
5094	5116	5117	5	-1	-1	-1
5098	5115	5114	5	-1	-1	-1
4954	5187	5188	5	-1	-1	-1
5032	5039	5260	5	-1	-1	-1
4954	5188	5189	5	-1	-1	-1
5034	5261	5036	5	-1	-1	-1
4955	5189	5190	5	-1	-1	-1
5263	5035	5036	5	-1	-1	-1
5262	5038	5035	5	-1	-1	-1
5190	5191	4955	5	-1	-1	-1
5261	5034	5042	5	-1	-1	-1
5038	5265	5037	5	-1	-1	-1
5037	5265	5041	5	-1	-1	-1
5039	5040	5267	5	-1	-1	-1
5040	5041	5268	5	-1	-1	-1
5194	4967	5193	5	-1	-1	-1
4968	5196	5193	5	-1	-1	-1
5270	5042	5046	5	-1	-1	-1
5195	5196	4968	5	-1	-1	-1
5044	5272	5043	5	-1	-1	-1
5271	5045	5043	5	-1	-1	-1
5198	4970	5192	5	-1	-1	-1
5195	4969	5197	5	-1	-1	-1
5179	4981	5202	2	-1	-1	-1
5273	5044	5047	5	-1	-1	-1
5197	4970	5198	5	-1	-1	-1
5045	5275	5046	5	-1	-1	-1
4973	5194	5200	5	-1	-1	-1
5201	5199	4974	2	-1	-1	-1
5049	5276	5050	5	-1	-1	-1
4974	5200	5201	2	-1	-1	-1
5051	5050	5277	5	-1	-1	-1
5058	5273	5047	5	-1	-1	-1
5278	5053	5051	5	-1	-1	-1
4980	5199	5205	2	-1	-1	-1
5053	5279	5052	5	-1	-1	-1
5203	5202	4979	2	-1	-1	-1
5204	5203	4980	2	-1	-1	-1
5056	5052	5280	5	-1	-1	-1
5204	4980	5205	2	-1	-1	-1
5283	5054	5055	5	-1	-1	-1
5283	5057	5054	5	-1	-1	-1
5055	5056	5284	5	-1	-1	-1
4984	5206	5207	5	-1	-1	-1
5208	4985	5207	5	-1	-1	-1
5057	5286	5060	5	-1	-1	-1
5059	5287	5058	5	-1	-1	-1
4986	5210	5209	5	-1	-1	-1
5060	5288	5059	5	-1	-1	-1
5210	4987	5211	5	-1	-1	-1
5133	5148	5131	5	-1	-1	-1
5063	5290	5061	5	-1	-1	-1
5213	5212	4989	5	-1	-1	-1
5063	5062	5291	5	-1	-1	-1
5214	4997	5209	5	-1	-1	-1
4992	5214	5215	5	-1	-1	-1
5293	5064	5065	5	-1	-1	-1
5290	5072	5061	5	-1	-1	-1
5215	5216	4993	5	-1	-1	-1
5065	5066	5294	5	-1	-1	-1
5293	5068	5064	5	-1	-1	-1
5217	4994	5216	5	-1	-1	-1
5213	4996	5219	5	-1	-1	-1
4998	5220	5211	5	-1	-1	-1
5208	5221	5001	5	-1	-1	-1
5077	5291	5062	5	-1	-1	-1
4995	5217	5218	5	-1	-1	-1
5010	5231	5192	5	-1	-1	-1
5071	5296	5066	5	-1	-1	-1
4996	5218	5219	5	-1	-1	-1
5122	5191	5123	5	-1	-1	-1
5069	5297	5070	5	-1	-1	-1
5139	5136	5164	3	-1	-1	-1
5069	5072	5298	5	-1	-1	-1
5191	5126	5123	5	-1	-1	-1
5070	5300	5071	5	-1	-1	-1
5122	5128	5191	5	-1	-1	-1
5220	5002	5222	5	-1	-1	-1
5223	5002	5221	5	-1	-1	-1
5223	5222	5002	5	-1	-1	-1
5129	5135	5185	5	-1	-1	-1
5074	5073	5303	5	-1	-1	-1
5003	5224	5225	5	-1	-1	-1
5304	5076	5074	5	-1	-1	-1
5004	5227	5224	5	-1	-1	-1
5134	5186	5135	5	-1	-1	-1
5076	5305	5075	5	-1	-1	-1
5305	5077	5075	5	-1	-1	-1
5227	5004	5226	3	-1	-1	-1
5229	5228	5007	5	-1	-1	-1
5229	5007	5230	5	-1	-1	-1
5134	5146	5186	5	-1	-1	-1
5309	5078	5079	3	-1	-1	-1
5228	5231	5008	5	-1	-1	-1
5079	5080	5310	3	-1	-1	-1
5009	5232	5230	5	-1	-1	-1
5012	5225	5236	5	-1	-1	-1
5232	5009	5233	5	-1	-1	-1
5082	5081	5312	5	-1	-1	-1
5309	5089	5078	3	-1	-1	-1
5145	5186	5146	5	-1	-1	-1
5085	5312	5081	5	-1	-1	-1
5233	5011	5235	5	-1	-1	-1
5234	5235	5011	5	-1	-1	-1
5314	5086	5082	5	-1	-1	-1
5083	5315	5084	5	-1	-1	-1
5226	5017	5239	3	-1	-1	-1
5110	5303	5073	5	-1	-1	-1
5317	5085	5084	5	-1	-1	-1
5088	5316	5083	5	-1	-1	-1
5236	5238	5015	5	-1	-1	-1
5015	5238	5237	5	-1	-1	-1
5028	5212	5252	5	-1	-1	-1
5239	5016	5237	5	-1	-1	-1
5088	5087	5320	3	-1	-1	-1
5089	5320	5087	3	-1	-1	-1
5259	5206	5033	5	-1	-1	-1
5319	5096	5086	5	-1	-1	-1
5241	5242	5020	5	-1	-1	-1
5323	5090	5091	5	-1	-1	-1
5092	5090	5323	5	-1	-1	-1
5310	5080	5115	3	-1	-1	-1
5241	5021	5244	5	-1	-1	-1
5185	5135	5186	5	-1	-1	-1
5245	5022	5240	5	-1	-1	-1
5021	5243	5244	5	-1	-1	-1
5324	5091	5093	5	-1	-1	-1
5249	5234	5026	5	-1	-1	-1
5245	5243	5022	5	-1	-1	-1
5310	5100	5101	5	-1	-1	-1
5093	5094	5328	5	-1	-1	-1
5246	5024	5247	5	-1	-1	-1
5027	5242	5250	5	-1	-1	-1
5325	5102	5092	5	-1	-1	-1
5248	5025	5246	5	-1	-1	-1
5096	5329	5097	5	-1	-1	-1
5249	5025	5248	5	-1	-1	-1
5027	5250	5247	5	-1	-1	-1
5115	5100	5310	5	-1	-1	-1
5329	5101	5097	5	-1	-1	-1
5031	5258	5240	5	-1	-1	-1
5028	5253	5251	5	-1	-1	-1
5028	5252	5253	5	-1	-1	-1
5256	5030	5251	5	-1	-1	-1
5029	5255	5254	5	-1	-1	-1
5102	5331	5106	5	-1	-1	-1
5094	5117	5328	5	-1	-1	-1
5030	5256	5255	5	-1	-1	-1
5105	5104	5333	5	-1	-1	-1
5031	5254	5257	5	-1	-1	-1
5103	5109	5332	5	-1	-1	-1
5334	5104	5107	5	-1	-1	-1
5031	5257	5258	5	-1	-1	-1
5103	5332	5112	5	-1	-1	-1
5105	5335	5108	5	-1	-1	-1
5106	5336	5107	5	-1	-1	-1
5032	5260	5259	5	-1	-1	-1
5337	5109	5108	5	-1	-1	-1
5263	5262	5035	5	-1	-1	-1
5110	5111	5339	5	-1	-1	-1
5264	5036	5261	5	-1	-1	-1
5264	5263	5036	5	-1	-1	-1
5340	5111	5113	5	-1	-1	-1
5260	5039	5267	5	-1	-1	-1
5266	5038	5262	5	-1	-1	-1
5113	5112	5342	5	-1	-1	-1
5265	5038	5266	5	-1	-1	-1
5270	5261	5042	5	-1	-1	-1
5267	5040	5268	5	-1	-1	-1
5265	5269	5041	5	-1	-1	-1
5041	5269	5268	5	-1	-1	-1
5345	5117	5118	5	-1	-1	-1
5346	5118	5119	3	-1	-1	-1
5120	5346	5119	3	-1	-1	-1
5043	5272	5271	5	-1	-1	-1
5120	5121	5347	3	-1	-1	-1
5044	5273	5272	5	-1	-1	-1
5045	5271	5274	5	-1	-1	-1
5275	5270	5046	5	-1	-1	-1
5275	5045	5274	5	-1	-1	-1
5350	5121	5124	3	-1	-1	-1
5125	5351	5124	3	-1	-1	-1
5277	5050	5276	5	-1	-1	-1
5126	5353	5125	3	-1	-1	-1
5199	5201	5205	2	-1	-1	-1
5051	5277	5278	5	-1	-1	-1
5052	5279	5280	5	-1	-1	-1
5053	5281	5279	5	-1	-1	-1
5282	5053	5278	5	-1	-1	-1
5053	5282	5281	5	-1	-1	-1
5058	5287	5273	5	-1	-1	-1
5133	5130	5355	3	-1	-1	-1
5132	5131	5356	5	-1	-1	-1
5056	5280	5285	5	-1	-1	-1
5356	5134	5132	5	-1	-1	-1
5055	5284	5283	5	-1	-1	-1
5056	5285	5284	5	-1	-1	-1
5286	5057	5283	5	-1	-1	-1
5138	5358	5137	5	-1	-1	-1
5059	5288	5287	5	-1	-1	-1
5286	5289	5060	5	-1	-1	-1
5131	5148	5356	5	-1	-1	-1
5359	5138	5139	3	-1	-1	-1
5134	5356	5146	5	-1	-1	-1
5289	5288	5060	5	-1	-1	-1
5148	5133	5357	5	-1	-1	-1
5355	5130	5153	3	-1	-1	-1
5140	5142	5361	3	-1	-1	-1
5142	5141	5362	3	-1	-1	-1
5063	5292	5290	5	-1	-1	-1
5292	5063	5291	5	-1	-1	-1
5143	5362	5141	3	-1	-1	-1
5356	5148	5146	5	-1	-1	-1
5143	5144	5364	5	-1	-1	-1
5147	5148	5357	5	-1	-1	-1
5140	5361	5151	3	-1	-1	-1
5065	5294	5293	5	-1	-1	-1
5295	5294	5066	5	-1	-1	-1
5144	5147	5365	5	-1	-1	-1
5296	5295	5066	5	-1	-1	-1
5137	5358	5165	5	-1	-1	-1
5360	5139	5164	3	-1	-1	-1
5302	5072	5290	5	-1	-1	-1
5298	5297	5069	5	-1	-1	-1
5149	5366	5150	3	-1	-1	-1
5297	5299	5070	5	-1	-1	-1
5149	5151	5366	3	-1	-1	-1
5071	5301	5296	5	-1	-1	-1
5300	5070	5299	5	-1	-1	-1
5191	5354	5126	5	-1	-1	-1
5154	5150	5367	3	-1	-1	-1
5302	5298	5072	5	-1	-1	-1
5301	5071	5300	5	-1	-1	-1
5152	5370	5153	3	-1	-1	-1
5152	5154	5369	3	-1	-1	-1
5308	5291	5077	5	-1	-1	-1
5212	5213	5252	5	-1	-1	-1
5074	5303	5304	5	-1	-1	-1
5371	5155	5156	5	-1	-1	-1
5213	5219	5252	5	-1	-1	-1
5156	5157	5372	5	-1	-1	-1
5155	5371	5159	5	-1	-1	-1
5076	5304	5306	5	-1	-1	-1
5360	5164	5163	3	-1	-1	-1
5246	5334	5107	5	-1	-1	-1
5307	5305	5076	5	-1	-1	-1
5246	5107	5336	5	-1	-1	-1
5307	5076	5306	5	-1	-1	-1
5159	5373	5158	3	-1	-1	-1
5305	5308	5077	5	-1	-1	-1
5160	5158	5373	3	-1	-1	-1
5239	5227	5226	3	-1	-1	-1
5372	5157	5165	5	-1	-1	-1
5375	5162	5160	3	-1	-1	-1
5079	5311	5309	3	-1	-1	-1
5162	5376	5161	3	-1	-1	-1
5161	5376	5163	3	-1	-1	-1
5079	5310	5311	3	-1	-1	-1
5313	5082	5312	5	-1	-1	-1
5082	5313	5314	5	-1	-1	-1
5166	5167	5378	2	-1	-1	-1
5379	5167	5168	2	-1	-1	-1
5316	5315	5083	5	-1	-1	-1
5318	5312	5085	5	-1	-1	-1
5315	5317	5084	5	-1	-1	-1
5172	5166	5378	2	-1	-1	-1
5380	5170	5169	5	-1	-1	-1
5309	5321	5089	3	-1	-1	-1
5086	5314	5319	5	-1	-1	-1
5317	5318	5085	5	-1	-1	-1
5381	5169	5171	5	-1	-1	-1
5310	5101	5311	5	-1	-1	-1
5252	5219	5253	5	-1	-1	-1
5320	5316	5088	3	-1	-1	-1
5174	5170	5382	5	-1	-1	-1
5172	5383	5171	5	-1	-1	-1
5181	5379	5168	2	-1	-1	-1
5089	5322	5320	3	-1	-1	-1
5322	5089	5321	3	-1	-1	-1
5173	5174	5386	5	-1	-1	-1
5173	5385	5175	5	-1	-1	-1
5354	5191	5190	5	-1	-1	-1
5324	5323	5091	5	-1	-1	-1
5176	5175	5389	5	-1	-1	-1
5329	5311	5101	5	-1	-1	-1
5323	5326	5092	5	-1	-1	-1
5240	5258	5245	5	-1	-1	-1
5092	5326	5325	5	-1	-1	-1
5324	5093	5327	5	-1	-1	-1
5319	5329	5096	5	-1	-1	-1
5177	5391	5178	2	-1	-1	-1
5328	5327	5093	5	-1	-1	-1
5179	5392	5177	2	-1	-1	-1
5110	5339	5303	5	-1	-1	-1
5390	5187	5176	5	-1	-1	-1
5393	5184	5178	2	-1	-1	-1
5102	5325	5330	5	-1	-1	-1
5180	5396	5181	2	-1	-1	-1
5397	5180	5182	2	-1	-1	-1
5102	5330	5331	5	-1	-1	-1
5400	5182	5183	2	-1	-1	-1
5183	5184	5401	2	-1	-1	-1
5334	5333	5104	5	-1	-1	-1
5333	5335	5105	5	-1	-1	-1
5331	5336	5106	5	-1	-1	-1
5179	5202	5394	2	-1	-1	-1
5109	5338	5332	5	-1	-1	-1
5404	5188	5187	5	-1	-1	-1
5335	5337	5108	5	-1	-1	-1
5188	5405	5189	5	-1	-1	-1
5338	5109	5337	5	-1	-1	-1
5112	5332	5342	5	-1	-1	-1
5189	5407	5190	5	-1	-1	-1
5345	5328	5117	5	-1	-1	-1
5111	5341	5339	5	-1	-1	-1
5111	5340	5341	5	-1	-1	-1
5270	5264	5261	5	-1	-1	-1
5113	5343	5340	5	-1	-1	-1
5410	5194	5193	5	-1	-1	-1
5409	5198	5192	5	-1	-1	-1
5342	5344	5113	5	-1	-1	-1
5196	5411	5193	5	-1	-1	-1
5343	5113	5344	5	-1	-1	-1
5196	5195	5414	5	-1	-1	-1
5195	5197	5413	5	-1	-1	-1
5412	5200	5194	5	-1	-1	-1
5413	5197	5198	5	-1	-1	-1
5346	5345	5118	5	-1	-1	-1
5346	5120	5348	3	-1	-1	-1
5348	5120	5347	3	-1	-1	-1
5349	5347	5121	3	-1	-1	-1
5200	5418	5201	2	-1	-1	-1
5350	5349	5121	3	-1	-1	-1
5201	5419	5205	2	-1	-1	-1
5352	5350	5124	3	-1	-1	-1
5202	5203	5421	2	-1	-1	-1
5352	5124	5351	3	-1	-1	-1
5247	5334	5246	5	-1	-1	-1
5203	5204	5422	2	-1	-1	-1
5353	5351	5125	3	-1	-1	-1
5246	5336	5248	5	-1	-1	-1
5423	5204	5205	2	-1	-1	-1
5231	5409	5192	5	-1	-1	-1
5354	5353	5126	5	-1	-1	-1
5207	5206	5424	5	-1	-1	-1
5207	5425	5208	5	-1	-1	-1
5357	5133	5355	5	-1	-1	-1
5427	5209	5210	5	-1	-1	-1
5211	5428	5210	5	-1	-1	-1
5209	5427	5214	5	-1	-1	-1
5208	5426	5221	5	-1	-1	-1
5138	5359	5358	5	-1	-1	-1
5215	5214	5427	5	-1	-1	-1
5359	5139	5360	3	-1	-1	-1
5232	5233	5395	5	-1	-1	-1
5429	5211	5220	5	-1	-1	-1
5392	5233	5235	5	-1	-1	-1
5216	5215	5430	5	-1	-1	-1
5216	5432	5217	5	-1	-1	-1
5142	5363	5361	3	-1	-1	-1
5363	5142	5362	3	-1	-1	-1
5143	5364	5362	5	-1	-1	-1
5357	5365	5147	5	-1	-1	-1
5434	5218	5217	5	-1	-1	-1
5220	5222	5429	5	-1	-1	-1
5435	5219	5218	5	-1	-1	-1
5144	5365	5364	5	-1	-1	-1
5370	5355	5153	3	-1	-1	-1
5151	5361	5368	3	-1	-1	-1
5223	5221	5438	5	-1	-1	-1
5366	5367	5150	3	-1	-1	-1
5222	5223	5439	5	-1	-1	-1
5368	5366	5151	3	-1	-1	-1
5424	5206	5259	5	-1	-1	-1
5367	5369	5154	3	-1	-1	-1
5224	5442	5225	5	-1	-1	-1
5370	5152	5369	3	-1	-1	-1
5442	5224	5227	5	-1	-1	-1
5165	5358	5372	5	-1	-1	-1
5372	5371	5156	5	-1	-1	-1
5163	5377	5360	3	-1	-1	-1
5228	5229	5444	5	-1	-1	-1
5442	5236	5225	5	-1	-1	-1
5228	5445	5231	5	-1	-1	-1
5159	5371	5374	5	-1	-1	-1
5374	5373	5159	5	-1	-1	-1
5230	5447	5229	5	-1	-1	-1
5373	5375	5160	3	-1	-1	-1
5437	5253	5219	5	-1	-1	-1
5443	5227	5239	3	-1	-1	-1
5232	5448	5230	5	-1	-1	-1
5375	5376	5162	3	-1	-1	-1
5238	5236	5442	5	-1	-1	-1
5376	5377	5163	3	-1	-1	-1
5443	5237	5238	5	-1	-1	-1
5234	5450	5235	5	-1	-1	-1
5237	5443	5239	5	-1	-1	-1
5378	5167	5379	2	-1	-1	-1
5381	5380	5169	5	-1	-1	-1
5170	5380	5382	5	-1	-1	-1
5249	5450	5234	5	-1	-1	-1
5451	5242	5241	5	-1	-1	-1
5172	5378	5384	2	-1	-1	-1
5171	5383	5381	5	-1	-1	-1
5451	5241	5244	5	-1	-1	-1
5383	5172	5384	2	-1	-1	-1
5453	5244	5243	5	-1	-1	-1
5243	5245	5452	5	-1	-1	-1
5451	5250	5242	5	-1	-1	-1
5388	5174	5382	5	-1	-1	-1
5386	5385	5173	5	-1	-1	-1
5174	5387	5386	5	-1	-1	-1
5389	5175	5385	5	-1	-1	-1
5388	5387	5174	5	-1	-1	-1
5190	5408	5354	5	-1	-1	-1
5456	5247	5250	5	-1	-1	-1
5457	5249	5248	5	-1	-1	-1
5176	5389	5390	5	-1	-1	-1
5245	5258	5455	5	-1	-1	-1
5379	5181	5398	2	-1	-1	-1
5391	5177	5392	2	-1	-1	-1
5391	5393	5178	2	-1	-1	-1
5179	5395	5392	2	-1	-1	-1
5179	5394	5395	2	-1	-1	-1
5464	5251	5253	5	-1	-1	-1
5251	5464	5256	5	-1	-1	-1
5397	5396	5180	2	-1	-1	-1
5465	5254	5255	5	-1	-1	-1
5396	5398	5181	2	-1	-1	-1
5254	5465	5257	5	-1	-1	-1
5255	5256	5466	5	-1	-1	-1
5397	5182	5399	2	-1	-1	-1
5393	5403	5184	2	-1	-1	-1
5187	5390	5404	5	-1	-1	-1
5182	5400	5399	2	-1	-1	-1
5258	5257	5468	5	-1	-1	-1
5400	5183	5402	2	-1	-1	-1
5401	5402	5183	2	-1	-1	-1
5260	5469	5259	5	-1	-1	-1
5403	5401	5184	2	-1	-1	-1
5263	5471	5262	5	-1	-1	-1
5267	5470	5260	5	-1	-1	-1
5406	5188	5404	5	-1	-1	-1
5266	5262	5471	5	-1	-1	-1
5406	5405	5188	5	-1	-1	-1
5263	5264	5472	5	-1	-1	-1
5407	5189	5405	5	-1	-1	-1
5470	5267	5268	5	-1	-1	-1
5408	5190	5407	5	-1	-1	-1
5266	5475	5265	5	-1	-1	-1
5474	5264	5270	5	-1	-1	-1
5475	5269	5265	5	-1	-1	-1
5193	5411	5410	5	-1	-1	-1
5268	5269	5479	5	-1	-1	-1
5412	5194	5410	5	-1	-1	-1
5421	5394	5202	2	-1	-1	-1
5392	5235	5391	5	-1	-1	-1
5392	5395	5233	5	-1	-1	-1
5415	5411	5196	5	-1	-1	-1
5195	5413	5414	5	-1	-1	-1
5272	5481	5271	5	-1	-1	-1
5409	5417	5198	5	-1	-1	-1
5275	5480	5270	5	-1	-1	-1
5196	5414	5416	5	-1	-1	-1
5481	5274	5271	5	-1	-1	-1
5482	5272	5273	5	-1	-1	-1
5196	5416	5415	5	-1	-1	-1
5417	5413	5198	5	-1	-1	-1
5418	5200	5412	2	-1	-1	-1
5275	5274	5483	5	-1	-1	-1
5247	5456	5334	5	-1	-1	-1
5484	5277	5276	5	-1	-1	-1
5484	5278	5277	5	-1	-1	-1
5418	5420	5201	2	-1	-1	-1
5201	5420	5419	2	-1	-1	-1
5248	5336	5458	5	-1	-1	-1
5482	5273	5287	5	-1	-1	-1
5278	5484	5282	5	-1	-1	-1
5485	5280	5279	5	-1	-1	-1
5485	5279	5281	5	-1	-1	-1
5421	5203	5422	2	-1	-1	-1
5423	5205	5419	2	-1	-1	-1
5422	5204	5423	2	-1	-1	-1
5487	5285	5280	5	-1	-1	-1
5283	5284	5488	5	-1	-1	-1
5207	5424	5425	5	-1	-1	-1
5488	5284	5285	5	-1	-1	-1
5286	5283	5489	5	-1	-1	-1
5426	5208	5425	5	-1	-1	-1
5210	5428	5427	5	-1	-1	-1
5289	5286	5492	5	-1	-1	-1
5288	5493	5287	5	-1	-1	-1
5429	5428	5211	5	-1	-1	-1
5431	5215	5427	5	-1	-1	-1
5493	5288	5289	5	-1	-1	-1
5395	5449	5232	5	-1	-1	-1
5431	5430	5215	5	-1	-1	-1
5235	5450	5391	5	-1	-1	-1
5496	5290	5292	5	-1	-1	-1
5216	5430	5433	5	-1	-1	-1
5497	5292	5291	5	-1	-1	-1
5432	5216	5433	5	-1	-1	-1
5217	5432	5434	5	-1	-1	-1
5231	5445	5409	5	-1	-1	-1
5426	5438	5221	5	-1	-1	-1
5434	5436	5218	5	-1	-1	-1
5496	5302	5290	5	-1	-1	-1
5218	5436	5435	5	-1	-1	-1
5296	5499	5295	5	-1	-1	-1
5440	5429	5222	5	-1	-1	-1
5437	5219	5435	5	-1	-1	-1
5363	5368	5361	3	-1	-1	-1
5500	5299	5297	5	-1	-1	-1
5301	5499	5296	5	-1	-1	-1
5308	5497	5291	5	-1	-1	-1
5501	5297	5298	5	-1	-1	-1
5440	5222	5439	5	-1	-1	-1
5367	5366	5368	5	-1	-1	-1
5302	5502	5298	5	-1	-1	-1
5299	5503	5300	5	-1	-1	-1
5441	5223	5438	5	-1	-1	-1
5223	5441	5439	5	-1	-1	-1
5300	5505	5301	5	-1	-1	-1
5227	5443	5442	5	-1	-1	-1
5303	5509	5304	5	-1	-1	-1
5228	5444	5445	5	-1	-1	-1
5306	5304	5509	5	-1	-1	-1
5229	5446	5444	5	-1	-1	-1
5447	5446	5229	5	-1	-1	-1
5307	5510	5305	5	-1	-1	-1
5334	5456	5333	5	-1	-1	-1
5308	5305	5510	5	-1	-1	-1
5443	5238	5442	5	-1	-1	-1
5458	5336	5331	5	-1	-1	-1
5307	5306	5512	5	-1	-1	-1
5448	5447	5230	5	-1	-1	-1
5449	5448	5232	5	-1	-1	-1
5515	5309	5311	3	-1	-1	-1
5312	5516	5313	5	-1	-1	-1
5517	5314	5313	5	-1	-1	-1
5321	5309	5515	3	-1	-1	-1
5312	5318	5516	5	-1	-1	-1
5451	5244	5454	5	-1	-1	-1
5453	5243	5452	5	-1	-1	-1
5508	5303	5339	5	-1	-1	-1
5316	5520	5315	5	-1	-1	-1
5319	5314	5518	5	-1	-1	-1
5244	5453	5454	5	-1	-1	-1
5424	5259	5469	5	-1	-1	-1
5317	5315	5520	5	-1	-1	-1
5455	5452	5245	5	-1	-1	-1
5437	5464	5253	5	-1	-1	-1
5311	5329	5515	5	-1	-1	-1
5522	5318	5317	5	-1	-1	-1
5320	5521	5316	3	-1	-1	-1
5450	5249	5460	5	-1	-1	-1
5518	5322	5321	3	-1	-1	-1
5322	5521	5320	3	-1	-1	-1
5515	5329	5319	5	-1	-1	-1
5458	5457	5248	5	-1	-1	-1
5250	5451	5463	5	-1	-1	-1
5249	5457	5459	5	-1	-1	-1
5462	5456	5250	5	-1	-1	-1
5459	5461	5249	5	-1	-1	-1
5323	5324	5523	5	-1	-1	-1
5249	5461	5460	5	-1	-1	-1
5326	5323	5523	5	-1	-1	-1
5327	5524	5324	5	-1	-1	-1
5250	5463	5462	5	-1	-1	-1
5325	5326	5526	5	-1	-1	-1
5455	5258	5468	5	-1	-1	-1
5325	5527	5330	5	-1	-1	-1
5327	5328	5530	5	-1	-1	-1
5466	5256	5464	5	-1	-1	-1
5467	5465	5255	5	-1	-1	-1
5508	5339	5341	5	-1	-1	-1
5467	5255	5466	5	-1	-1	-1
5468	5257	5465	5	-1	-1	-1
5533	5331	5330	5	-1	-1	-1
5469	5260	5470	5	-1	-1	-1
5532	5328	5345	5	-1	-1	-1
5335	5333	5537	5	-1	-1	-1
5535	5332	5338	5	-1	-1	-1
5471	5263	5472	5	-1	-1	-1
5264	5473	5472	5	-1	-1	-1
5337	5335	5538	5	-1	-1	-1
5536	5342	5332	5	-1	-1	-1
5473	5264	5474	5	-1	-1	-1
5266	5471	5477	5	-1	-1	-1
5539	5338	5337	5	-1	-1	-1
5268	5478	5470	5	-1	-1	-1
5266	5476	5475	5	-1	-1	-1
5477	5476	5266	5	-1	-1	-1
5340	5540	5341	5	-1	-1	-1
5536	5344	5342	5	-1	-1	-1
5540	5340	5343	5	-1	-1	-1
5475	5479	5269	5	-1	-1	-1
5480	5474	5270	5	-1	-1	-1
5478	5268	5479	5	-1	-1	-1
5543	5343	5344	5	-1	-1	-1
5450	5393	5391	5	-1	-1	-1
5272	5482	5481	5	-1	-1	-1
5346	5545	5345	5	-1	-1	-1
5394	5449	5395	2	-1	-1	-1
5481	5483	5274	5	-1	-1	-1
5275	5483	5480	5	-1	-1	-1
5346	5348	5545	5	-1	-1	-1
5347	5546	5348	3	-1	-1	-1
5547	5347	5349	3	-1	-1	-1
5549	5349	5350	3	-1	-1	-1
5280	5485	5486	5	-1	-1	-1
5486	5487	5280	5	-1	-1	-1
5350	5352	5551	3	-1	-1	-1
5552	5352	5351	3	-1	-1	-1
5393	5460	5403	5	-1	-1	-1
5353	5552	5351	3	-1	-1	-1
5283	5488	5489	5	-1	-1	-1
5554	5353	5354	5	-1	-1	-1
5490	5285	5487	5	-1	-1	-1
5482	5287	5494	5	-1	-1	-1
5285	5491	5488	5	-1	-1	-1
5285	5490	5491	5	-1	-1	-1
5489	5492	5286	5	-1	-1	-1
5555	5357	5355	5	-1	-1	-1
5359	5556	5358	5	-1	-1	-1
5287	5493	5494	5	-1	-1	-1
5359	5360	5557	3	-1	-1	-1
5289	5492	5495	5	-1	-1	-1
5357	5555	5365	5	-1	-1	-1
5289	5495	5493	5	-1	-1	-1
5355	5370	5555	5	-1	-1	-1
5558	5363	5362	5	-1	-1	-1
5558	5362	5364	5	-1	-1	-1
5358	5556	5372	5	-1	-1	-1
5292	5498	5496	5	-1	-1	-1
5498	5292	5497	5	-1	-1	-1
5365	5558	5364	5	-1	-1	-1
5363	5559	5368	5	-1	-1	-1
5368	5559	5367	5	-1	-1	-1
5557	5360	5377	3	-1	-1	-1
5369	5367	5559	5	-1	-1	-1
5500	5297	5501	5	-1	-1	-1
5556	5371	5372	5	-1	-1	-1
5560	5370	5369	5	-1	-1	-1
5298	5502	5501	5	-1	-1	-1
5556	5374	5371	5	-1	-1	-1
5504	5299	5500	5	-1	-1	-1
5450	5460	5393	5	-1	-1	-1
5496	5507	5302	5	-1	-1	-1
5499	5301	5505	5	-1	-1	-1
5503	5299	5504	5	-1	-1	-1
5374	5561	5373	5	-1	-1	-1
5506	5300	5503	5	-1	-1	-1
5561	5375	5373	5	-1	-1	-1
5505	5300	5506	5	-1	-1	-1
5507	5502	5302	5	-1	-1	-1
5375	5561	5376	3	-1	-1	-1
5377	5376	5561	3	-1	-1	-1
5497	5308	5510	5	-1	-1	-1
5408	5554	5354	5	-1	-1	-1
5379	5562	5378	2	-1	-1	-1
5509	5303	5508	5	-1	-1	-1
5458	5331	5534	5	-1	-1	-1
5563	5380	5381	5	-1	-1	-1
5562	5384	5378	2	-1	-1	-1
5382	5380	5563	5	-1	-1	-1
5509	5511	5306	5	-1	-1	-1
5333	5456	5537	5	-1	-1	-1
5564	5381	5383	5	-1	-1	-1
5511	5512	5306	5	-1	-1	-1
5307	5514	5510	5	-1	-1	-1
5512	5513	5307	5	-1	-1	-1
5384	5566	5383	2	-1	-1	-1
5514	5307	5513	5	-1	-1	-1
5382	5565	5388	5	-1	-1	-1
5379	5398	5562	2	-1	-1	-1
5569	5385	5386	5	-1	-1	-1
5570	5389	5385	5	-1	-1	-1
5387	5571	5386	5	-1	-1	-1
5516	5517	5313	5	-1	-1	-1
5388	5572	5387	5	-1	-1	-1
5314	5517	5519	5	-1	-1	-1
5518	5314	5519	5	-1	-1	-1
5319	5518	5515	5	-1	-1	-1
5390	5389	5575	5	-1	-1	-1
5515	5518	5321	3	-1	-1	-1
5522	5516	5318	5	-1	-1	-1
5520	5316	5521	3	-1	-1	-1
5322	5518	5519	3	-1	-1	-1
5520	5522	5317	5	-1	-1	-1
5519	5521	5322	3	-1	-1	-1
5577	5404	5390	5	-1	-1	-1
5324	5525	5523	5	-1	-1	-1
5397	5580	5396	2	-1	-1	-1
5324	5524	5525	5	-1	-1	-1
5528	5326	5523	5	-1	-1	-1
5398	5396	5582	2	-1	-1	-1
5527	5325	5526	5	-1	-1	-1
5583	5397	5399	2	-1	-1	-1
5529	5526	5326	5	-1	-1	-1
5524	5327	5531	5	-1	-1	-1
5528	5529	5326	5	-1	-1	-1
5399	5400	5585	2	-1	-1	-1
5327	5530	5531	5	-1	-1	-1
5541	5508	5341	5	-1	-1	-1
5532	5530	5328	5	-1	-1	-1
5533	5330	5527	5	-1	-1	-1
5588	5400	5402	2	-1	-1	-1
5589	5402	5401	2	-1	-1	-1
5401	5403	5590	2	-1	-1	-1
5593	5406	5404	5	-1	-1	-1
5394	5421	5579	2	-1	-1	-1
5332	5535	5536	5	-1	-1	-1
5534	5331	5533	5	-1	-1	-1
5406	5595	5405	5	-1	-1	-1
5405	5594	5407	5	-1	-1	-1
5407	5594	5408	5	-1	-1	-1
5335	5537	5538	5	-1	-1	-1
5539	5535	5338	5	-1	-1	-1
5337	5538	5539	5	-1	-1	-1
5540	5541	5341	5	-1	-1	-1
5532	5345	5545	5	-1	-1	-1
5449	5394	5579	2	-1	-1	-1
5601	5410	5411	5	-1	-1	-1
5422	5579	5421	2	-1	-1	-1
5410	5601	5412	5	-1	-1	-1
5344	5536	5544	5	-1	-1	-1
5540	5343	5542	5	-1	-1	-1
5409	5600	5417	5	-1	-1	-1
5343	5543	5542	5	-1	-1	-1
5602	5411	5415	5	-1	-1	-1
5344	5544	5543	5	-1	-1	-1
5413	5604	5414	5	-1	-1	-1
5412	5603	5418	2	-1	-1	-1
5413	5417	5604	5	-1	-1	-1
5414	5605	5416	5	-1	-1	-1
5416	5607	5415	5	-1	-1	-1
5547	5546	5347	3	-1	-1	-1
5348	5548	5545	5	-1	-1	-1
5603	5420	5418	2	-1	-1	-1
5348	5546	5548	5	-1	-1	-1
5547	5349	5550	3	-1	-1	-1
5550	5349	5549	3	-1	-1	-1
5610	5419	5420	2	-1	-1	-1
5350	5551	5549	3	-1	-1	-1
5409	5445	5599	5	-1	-1	-1
5419	5611	5423	2	-1	-1	-1
5456	5462	5537	5	-1	-1	-1
5592	5403	5460	5	-1	-1	-1
5551	5352	5553	3	-1	-1	-1
5552	5553	5352	3	-1	-1	-1
5554	5552	5353	5	-1	-1	-1
5422	5423	5614	2	-1	-1	-1
5616	5425	5424	5	-1	-1	-1
5426	5425	5616	5	-1	-1	-1
5556	5359	5557	5	-1	-1	-1
5428	5619	5427	5	-1	-1	-1
5431	5427	5619	5	-1	-1	-1
5429	5620	5428	5	-1	-1	-1
5560	5365	5555	5	-1	-1	-1
5558	5559	5363	5	-1	-1	-1
5438	5426	5617	5	-1	-1	-1
5365	5560	5558	5	-1	-1	-1
5431	5622	5430	5	-1	-1	-1
5370	5560	5555	5	-1	-1	-1
5433	5430	5622	5	-1	-1	-1
5557	5374	5556	5	-1	-1	-1
5369	5559	5560	5	-1	-1	-1
5620	5429	5440	5	-1	-1	-1
5432	5433	5624	5	-1	-1	-1
5434	5432	5624	5	-1	-1	-1
5561	5374	5557	5	-1	-1	-1
5561	5557	5377	3	-1	-1	-1
5441	5438	5617	5	-1	-1	-1
5434	5629	5436	5	-1	-1	-1
5436	5630	5435	5	-1	-1	-1
5437	5435	5630	5	-1	-1	-1
5564	5563	5381	5	-1	-1	-1
5424	5469	5615	5	-1	-1	-1
5565	5382	5563	5	-1	-1	-1
5566	5564	5383	2	-1	-1	-1
5460	5461	5592	5	-1	-1	-1
5440	5439	5634	5	-1	-1	-1
5568	5384	5562	2	-1	-1	-1
5635	5439	5441	5	-1	-1	-1
5567	5566	5384	2	-1	-1	-1
5567	5384	5568	2	-1	-1	-1
5570	5385	5569	5	-1	-1	-1
5565	5573	5388	5	-1	-1	-1
5386	5571	5569	5	-1	-1	-1
5639	5445	5444	5	-1	-1	-1
5444	5446	5640	5	-1	-1	-1
5571	5387	5572	5	-1	-1	-1
5388	5574	5572	5	-1	-1	-1
5437	5633	5464	5	-1	-1	-1
5570	5575	5389	5	-1	-1	-1
5642	5446	5447	5	-1	-1	-1
5388	5573	5574	5	-1	-1	-1
5643	5447	5448	5	-1	-1	-1
5449	5643	5448	5	-1	-1	-1
5562	5398	5582	2	-1	-1	-1
5390	5575	5578	5	-1	-1	-1
5390	5576	5577	5	-1	-1	-1
5390	5578	5576	5	-1	-1	-1
5644	5451	5454	5	-1	-1	-1
5453	5452	5645	5	-1	-1	-1
5455	5646	5452	5	-1	-1	-1
5453	5647	5454	5	-1	-1	-1
5580	5581	5396	2	-1	-1	-1
5451	5644	5463	5	-1	-1	-1
5396	5581	5582	2	-1	-1	-1
5408	5597	5554	5	-1	-1	-1
5580	5397	5584	2	-1	-1	-1
5397	5583	5584	2	-1	-1	-1
5457	5651	5459	5	-1	-1	-1
5652	5457	5458	5	-1	-1	-1
5586	5583	5399	2	-1	-1	-1
5468	5646	5455	5	-1	-1	-1
5586	5399	5585	2	-1	-1	-1
5587	5585	5400	2	-1	-1	-1
5459	5653	5461	5	-1	-1	-1
5577	5593	5404	5	-1	-1	-1
5587	5400	5588	2	-1	-1	-1
5590	5589	5401	2	-1	-1	-1
5462	5463	5655	5	-1	-1	-1
5402	5591	5588	2	-1	-1	-1
5591	5402	5589	2	-1	-1	-1
5403	5592	5590	5	-1	-1	-1
5656	5466	5464	5	-1	-1	-1
5465	5467	5657	5	-1	-1	-1
5656	5467	5466	5	-1	-1	-1
5468	5465	5657	5	-1	-1	-1
5595	5594	5405	5	-1	-1	-1
5406	5593	5596	5	-1	-1	-1
5596	5595	5406	5	-1	-1	-1
5598	5408	5594	5	-1	-1	-1
5661	5469	5470	5	-1	-1	-1
5598	5597	5408	5	-1	-1	-1
5471	5472	5663	5	-1	-1	-1
5600	5409	5599	5	-1	-1	-1
5478	5661	5470	5	-1	-1	-1
5473	5664	5472	5	-1	-1	-1
5663	5477	5471	5	-1	-1	-1
5666	5473	5474	5	-1	-1	-1
5411	5602	5601	5	-1	-1	-1
5614	5579	5422	2	-1	-1	-1
5601	5603	5412	2	-1	-1	-1
5475	5476	5667	5	-1	-1	-1
5474	5480	5666	5	-1	-1	-1
5600	5604	5417	5	-1	-1	-1
5476	5477	5669	5	-1	-1	-1
5479	5475	5668	5	-1	-1	-1
5607	5602	5415	5	-1	-1	-1
5414	5604	5606	5	-1	-1	-1
5605	5414	5606	5	-1	-1	-1
5608	5416	5605	5	-1	-1	-1
5672	5478	5479	5	-1	-1	-1
5607	5416	5609	5	-1	-1	-1
5416	5608	5609	5	-1	-1	-1
5613	5420	5603	2	-1	-1	-1
5480	5483	5674	5	-1	-1	-1
5482	5676	5481	5	-1	-1	-1
5483	5481	5675	5	-1	-1	-1
5610	5611	5419	2	-1	-1	-1
5610	5420	5612	2	-1	-1	-1
5652	5458	5534	5	-1	-1	-1
5420	5613	5612	2	-1	-1	-1
5423	5611	5614	2	-1	-1	-1
5487	5486	5677	5	-1	-1	-1
5482	5494	5676	5	-1	-1	-1
5487	5677	5490	5	-1	-1	-1
5537	5462	5655	5	-1	-1	-1
5489	5488	5678	5	-1	-1	-1
5615	5616	5424	5	-1	-1	-1
5491	5678	5488	5	-1	-1	-1
5616	5618	5426	5	-1	-1	-1
5489	5679	5492	5	-1	-1	-1
5617	5426	5618	5	-1	-1	-1
5681	5491	5490	5	-1	-1	-1
5428	5621	5619	5	-1	-1	-1
5428	5620	5621	5	-1	-1	-1
5495	5492	5684	5	-1	-1	-1
5579	5643	5449	2	-1	-1	-1
5685	5494	5493	5	-1	-1	-1
5493	5495	5685	5	-1	-1	-1
5623	5431	5619	5	-1	-1	-1
5623	5622	5431	5	-1	-1	-1
5560	5559	5558	5	-1	-1	-1
5626	5433	5622	5	-1	-1	-1
5599	5445	5639	5	-1	-1	-1
5498	5689	5496	5	-1	-1	-1
5433	5626	5625	5	-1	-1	-1
5624	5433	5628	5	-1	-1	-1
5625	5627	5433	5	-1	-1	-1
5498	5497	5690	5	-1	-1	-1
5434	5624	5629	5	-1	-1	-1
5433	5627	5628	5	-1	-1	-1
5496	5689	5507	5	-1	-1	-1
5694	5500	5501	5	-1	-1	-1
5441	5617	5638	5	-1	-1	-1
5631	5436	5629	5	-1	-1	-1
5620	5440	5636	5	-1	-1	-1
5500	5693	5504	5	-1	-1	-1
5497	5510	5690	5	-1	-1	-1
5501	5502	5695	5	-1	-1	-1
5632	5630	5436	5	-1	-1	-1
5436	5631	5632	5	-1	-1	-1
5437	5630	5633	5	-1	-1	-1
5597	5553	5552	5	-1	-1	-1
5597	5552	5554	5	-1	-1	-1
5697	5503	5504	5	-1	-1	-1
5696	5502	5507	5	-1	-1	-1
5503	5697	5506	5	-1	-1	-1
5461	5654	5592	5	-1	-1	-1
5635	5634	5439	5	-1	-1	-1
5634	5637	5440	5	-1	-1	-1
5562	5582	5568	2	-1	-1	-1
5636	5440	5637	5	-1	-1	-1
5441	5638	5635	5	-1	-1	-1
5508	5700	5509	5	-1	-1	-1
5509	5701	5511	5	-1	-1	-1
5640	5639	5444	5	-1	-1	-1
5512	5511	5703	5	-1	-1	-1
5702	5510	5514	5	-1	-1	-1
5641	5640	5446	5	-1	-1	-1
5642	5641	5446	5	-1	-1	-1
5704	5513	5512	5	-1	-1	-1
5655	5538	5537	5	-1	-1	-1
5704	5514	5513	5	-1	-1	-1
5447	5643	5642	5	-1	-1	-1
5705	5517	5516	5	-1	-1	-1
5705	5519	5517	5	-1	-1	-1
5516	5522	5705	5	-1	-1	-1
5646	5645	5452	5	-1	-1	-1
5519	5705	5521	3	-1	-1	-1
5469	5662	5615	5	-1	-1	-1
5521	5705	5520	3	-1	-1	-1
5705	5522	5520	3	-1	-1	-1
5649	5453	5645	5	-1	-1	-1
5453	5648	5647	5	-1	-1	-1
5650	5644	5454	5	-1	-1	-1
5700	5508	5541	5	-1	-1	-1
5453	5649	5648	5	-1	-1	-1
5650	5454	5647	5	-1	-1	-1
5464	5633	5656	5	-1	-1	-1
5523	5525	5706	5	-1	-1	-1
5707	5525	5524	5	-1	-1	-1
5706	5528	5523	5	-1	-1	-1
5651	5457	5652	5	-1	-1	-1
5531	5707	5524	5	-1	-1	-1
5655	5463	5644	5	-1	-1	-1
5710	5527	5526	5	-1	-1	-1
5459	5651	5653	5	-1	-1	-1
5526	5529	5710	5	-1	-1	-1
5654	5461	5653	5	-1	-1	-1
5528	5712	5529	5	-1	-1	-1
5527	5711	5533	5	-1	-1	-1
5646	5468	5660	5	-1	-1	-1
5531	5530	5716	5	-1	-1	-1
5530	5532	5716	5	-1	-1	-1
5658	5657	5467	5	-1	-1	-1
5467	5656	5659	5	-1	-1	-1
5467	5659	5658	5	-1	-1	-1
5468	5657	5660	5	-1	-1	-1
5534	5533	5719	5	-1	-1	-1
5721	5536	5535	5	-1	-1	-1
5469	5661	5662	5	-1	-1	-1
5545	5718	5532	5	-1	-1	-1
5539	5721	5535	5	-1	-1	-1
5665	5663	5472	5	-1	-1	-1
5472	5664	5665	5	-1	-1	-1
5538	5724	5539	5	-1	-1	-1
5664	5473	5666	5	-1	-1	-1
5723	5544	5536	5	-1	-1	-1
5540	5726	5541	5	-1	-1	-1
5542	5726	5540	5	-1	-1	-1
5723	5543	5544	5	-1	-1	-1
5663	5670	5477	5	-1	-1	-1
5667	5668	5475	5	-1	-1	-1
5718	5545	5548	5	-1	-1	-1
5476	5669	5667	5	-1	-1	-1
5661	5478	5673	5	-1	-1	-1
5730	5542	5543	5	-1	-1	-1
5613	5601	5602	2	-1	-1	-1
5669	5477	5671	5	-1	-1	-1
5613	5603	5601	2	-1	-1	-1
5477	5670	5671	5	-1	-1	-1
5479	5668	5672	5	-1	-1	-1
5674	5666	5480	5	-1	-1	-1
5478	5672	5673	5	-1	-1	-1
5732	5548	5546	5	-1	-1	-1
5547	5733	5546	3	-1	-1	-1
5550	5734	5547	3	-1	-1	-1
5675	5674	5483	5	-1	-1	-1
5481	5676	5675	5	-1	-1	-1
5550	5549	5736	3	-1	-1	-1
5643	5579	5614	2	-1	-1	-1
5736	5549	5551	3	-1	-1	-1
5739	5551	5553	3	-1	-1	-1
5680	5489	5678	5	-1	-1	-1
5679	5489	5680	5	-1	-1	-1
5677	5681	5490	5	-1	-1	-1
5491	5683	5678	5	-1	-1	-1
5491	5681	5682	5	-1	-1	-1
5679	5684	5492	5	-1	-1	-1
5676	5494	5686	5	-1	-1	-1
5491	5682	5683	5	-1	-1	-1
5685	5686	5494	5	-1	-1	-1
5495	5684	5687	5	-1	-1	-1
5642	5614	5611	2	-1	-1	-1
5564	5741	5563	5	-1	-1	-1
5685	5495	5688	5	-1	-1	-1
5741	5565	5563	5	-1	-1	-1
5687	5688	5495	5	-1	-1	-1
5622	5623	5626	5	-1	-1	-1
5566	5743	5564	2	-1	-1	-1
5743	5566	5567	2	-1	-1	-1
5620	5636	5621	5	-1	-1	-1
5498	5691	5689	5	-1	-1	-1
5690	5692	5498	5	-1	-1	-1
5691	5498	5692	5	-1	-1	-1
5629	5624	5628	5	-1	-1	-1
5567	5568	5747	2	-1	-1	-1
5565	5744	5573	5	-1	-1	-1
5577	5713	5593	5	-1	-1	-1
5500	5694	5693	5	-1	-1	-1
5570	5569	5749	5	-1	-1	-1
5569	5571	5749	5	-1	-1	-1
5553	5597	5740	5	-1	-1	-1
5695	5694	5501	5	-1	-1	-1
5696	5695	5502	5	-1	-1	-1
5641	5642	5611	2	-1	-1	-1
5751	5571	5572	5	-1	-1	-1
5698	5504	5693	5	-1	-1	-1
5699	5507	5689	5	-1	-1	-1
5570	5750	5575	5	-1	-1	-1
5633	5630	5632	5	-1	-1	-1
5748	5568	5582	2	-1	-1	-1
5752	5572	5574	5	-1	-1	-1
5642	5643	5614	2	-1	-1	-1
5504	5698	5697	5	-1	-1	-1
5753	5574	5573	5	-1	-1	-1
5699	5696	5507	5	-1	-1	-1
5702	5690	5510	5	-1	-1	-1
5534	5719	5652	5	-1	-1	-1
5575	5755	5578	5	-1	-1	-1
5578	5756	5576	5	-1	-1	-1
5757	5577	5576	5	-1	-1	-1
5509	5700	5701	5	-1	-1	-1
5581	5748	5582	2	-1	-1	-1
5701	5703	5511	5	-1	-1	-1
5724	5538	5655	5	-1	-1	-1
5704	5512	5703	5	-1	-1	-1
5514	5704	5702	5	-1	-1	-1
5581	5580	5760	2	-1	-1	-1
5584	5760	5580	2	-1	-1	-1
5763	5584	5583	5	-1	-1	-1
5762	5583	5586	5	-1	-1	-1
5597	5598	5740	5	-1	-1	-1
5587	5765	5585	2	-1	-1	-1
5585	5766	5586	2	-1	-1	-1
5706	5525	5708	5	-1	-1	-1
5525	5707	5709	5	-1	-1	-1
5709	5708	5525	5	-1	-1	-1
5769	5587	5588	2	-1	-1	-1
5528	5706	5713	5	-1	-1	-1
5527	5710	5711	5	-1	-1	-1
5591	5770	5588	2	-1	-1	-1
5590	5771	5589	2	-1	-1	-1
5591	5589	5771	2	-1	-1	-1
5712	5528	5713	5	-1	-1	-1
5714	5710	5529	5	-1	-1	-1
5590	5592	5772	5	-1	-1	-1
5717	5707	5531	5	-1	-1	-1
5529	5712	5715	5	-1	-1	-1
5529	5715	5714	5	-1	-1	-1
5711	5720	5533	5	-1	-1	-1
5593	5775	5596	5	-1	-1	-1
5716	5717	5531	5	-1	-1	-1
5595	5776	5594	5	-1	-1	-1
5718	5716	5532	5	-1	-1	-1
5727	5700	5541	5	-1	-1	-1
5776	5598	5594	5	-1	-1	-1
5595	5596	5778	5	-1	-1	-1
5533	5720	5719	5	-1	-1	-1
5722	5536	5721	5	-1	-1	-1
5782	5600	5599	5	-1	-1	-1
5723	5536	5722	5	-1	-1	-1
5539	5725	5721	5	-1	-1	-1
5725	5539	5724	5	-1	-1	-1
5784	5604	5600	5	-1	-1	-1
5604	5784	5606	5	-1	-1	-1
5602	5607	5785	2	-1	-1	-1
5541	5726	5728	5	-1	-1	-1
5662	5661	5673	5	-1	-1	-1
5727	5541	5728	5	-1	-1	-1
5786	5605	5606	5	-1	-1	-1
5542	5729	5726	5	-1	-1	-1
5731	5543	5723	5	-1	-1	-1
5786	5608	5605	5	-1	-1	-1
5613	5602	5785	2	-1	-1	-1
5729	5542	5730	5	-1	-1	-1
5735	5718	5548	5	-1	-1	-1
5730	5543	5731	5	-1	-1	-1
5609	5788	5607	2	-1	-1	-1
5789	5609	5608	5	-1	-1	-1
5733	5732	5546	5	-1	-1	-1
5593	5713	5706	5	-1	-1	-1
5610	5791	5611	2	-1	-1	-1
5610	5612	5792	2	-1	-1	-1
5547	5734	5733	3	-1	-1	-1
5732	5735	5548	5	-1	-1	-1
5772	5592	5654	5	-1	-1	-1
5613	5793	5612	2	-1	-1	-1
5599	5639	5781	5	-1	-1	-1
5734	5550	5737	3	-1	-1	-1
5736	5737	5550	3	-1	-1	-1
5794	5616	5615	5	-1	-1	-1
5738	5736	5551	3	-1	-1	-1
5551	5739	5738	3	-1	-1	-1
5616	5794	5618	5	-1	-1	-1
5796	5617	5618	5	-1	-1	-1
5740	5739	5553	5	-1	-1	-1
5619	5621	5799	5	-1	-1	-1
5678	5683	5680	5	-1	-1	-1
5623	5619	5799	5	-1	-1	-1
5611	5791	5641	2	-1	-1	-1
5564	5742	5741	2	-1	-1	-1
5757	5713	5577	5	-1	-1	-1
5564	5743	5742	2	-1	-1	-1
5801	5626	5623	5	-1	-1	-1
5741	5745	5565	5	-1	-1	-1
5796	5638	5617	5	-1	-1	-1
5625	5626	5802	5	-1	-1	-1
5745	5744	5565	5	-1	-1	-1
5625	5803	5627	5	-1	-1	-1
5567	5746	5743	2	-1	-1	-1
5800	5621	5636	5	-1	-1	-1
5627	5805	5628	5	-1	-1	-1
5781	5639	5640	5	-1	-1	-1
5567	5747	5746	2	-1	-1	-1
5628	5806	5629	5	-1	-1	-1
5748	5747	5568	2	-1	-1	-1
5806	5631	5629	5	-1	-1	-1
5750	5570	5749	5	-1	-1	-1
5632	5631	5807	5	-1	-1	-1
5744	5753	5573	5	-1	-1	-1
5751	5749	5571	5	-1	-1	-1
5795	5615	5662	5	-1	-1	-1
5775	5593	5706	5	-1	-1	-1
5751	5572	5752	5	-1	-1	-1
5810	5633	5632	5	-1	-1	-1
5691	5699	5689	5	-1	-1	-1
5750	5755	5575	5	-1	-1	-1
5754	5752	5574	5	-1	-1	-1
5574	5753	5754	5	-1	-1	-1
5635	5812	5634	5	-1	-1	-1
5637	5634	5812	5	-1	-1	-1
5702	5692	5690	5	-1	-1	-1
5635	5638	5813	5	-1	-1	-1
5815	5636	5637	5	-1	-1	-1
5576	5756	5757	5	-1	-1	-1
5748	5581	5761	2	-1	-1	-1
5755	5758	5578	5	-1	-1	-1
5578	5759	5756	5	-1	-1	-1
5578	5758	5759	5	-1	-1	-1
5656	5633	5810	5	-1	-1	-1
5819	5640	5641	5	-1	-1	-1
5760	5761	5581	2	-1	-1	-1
5763	5583	5762	5	-1	-1	-1
5764	5760	5584	5	-1	-1	-1
5764	5584	5763	5	-1	-1	-1
5646	5822	5645	5	-1	-1	-1
5644	5650	5821	5	-1	-1	-1
5767	5762	5586	5	-1	-1	-1
5585	5765	5766	2	-1	-1	-1
5649	5645	5822	5	-1	-1	-1
5647	5648	5823	5	-1	-1	-1
5780	5740	5598	5	-1	-1	-1
5655	5644	5820	5	-1	-1	-1
5766	5767	5586	5	-1	-1	-1
5650	5647	5823	5	-1	-1	-1
5765	5587	5768	2	-1	-1	-1
5649	5824	5648	5	-1	-1	-1
5768	5587	5769	2	-1	-1	-1
5659	5656	5810	5	-1	-1	-1
5770	5769	5588	2	-1	-1	-1
5701	5700	5727	5	-1	-1	-1
5660	5822	5646	5	-1	-1	-1
5651	5652	5827	5	-1	-1	-1
5828	5653	5651	5	-1	-1	-1
5771	5590	5772	5	-1	-1	-1
5771	5773	5591	2	-1	-1	-1
5774	5770	5591	2	-1	-1	-1
5830	5654	5653	5	-1	-1	-1
5591	5773	5774	2	-1	-1	-1
5657	5658	5832	5	-1	-1	-1
5777	5776	5595	5	-1	-1	-1
5831	5660	5657	5	-1	-1	-1
5778	5777	5595	5	-1	-1	-1
5779	5596	5775	5	-1	-1	-1
5833	5658	5659	5	-1	-1	-1
5779	5778	5596	5	-1	-1	-1
5598	5776	5780	5	-1	-1	-1
5599	5781	5782	5	-1	-1	-1
5663	5665	5836	5	-1	-1	-1
5783	5600	5782	5	-1	-1	-1
5837	5665	5664	5	-1	-1	-1
5600	5783	5784	5	-1	-1	-1
5838	5664	5666	5	-1	-1	-1
5670	5663	5836	5	-1	-1	-1
5716	5718	5735	5	-1	-1	-1
5662	5673	5835	5	-1	-1	-1
5840	5667	5669	5	-1	-1	-1
5841	5668	5667	5	-1	-1	-1
5787	5606	5784	5	-1	-1	-1
5666	5674	5838	5	-1	-1	-1
5787	5786	5606	5	-1	-1	-1
5788	5785	5607	2	-1	-1	-1
5757	5712	5713	5	-1	-1	-1
5608	5786	5789	5	-1	-1	-1
5726	5729	5728	5	-1	-1	-1
5843	5672	5668	5	-1	-1	-1
5671	5844	5669	5	-1	-1	-1
5845	5671	5670	5	-1	-1	-1
5609	5790	5788	2	-1	-1	-1
5790	5609	5789	2	-1	-1	-1
5843	5673	5672	5	-1	-1	-1
5708	5775	5706	5	-1	-1	-1
5785	5793	5613	2	-1	-1	-1
5792	5791	5610	2	-1	-1	-1
5709	5779	5708	5	-1	-1	-1
5848	5674	5675	5	-1	-1	-1
5793	5792	5612	2	-1	-1	-1
5724	5655	5820	5	-1	-1	-1
5652	5719	5829	5	-1	-1	-1
5794	5615	5795	5	-1	-1	-1
5676	5849	5675	5	-1	-1	-1
5851	5679	5680	5	-1	-1	-1
5618	5794	5798	5	-1	-1	-1
5796	5618	5797	5	-1	-1	-1
5850	5676	5686	5	-1	-1	-1
5618	5798	5797	5	-1	-1	-1
5853	5684	5679	5	-1	-1	-1
5854	5680	5683	5	-1	-1	-1
5854	5683	5682	5	-1	-1	-1
5800	5799	5621	5	-1	-1	-1
5799	5801	5623	5	-1	-1	-1
5684	5853	5687	5	-1	-1	-1
5685	5856	5686	5	-1	-1	-1
5626	5801	5802	5	-1	-1	-1
5625	5802	5803	5	-1	-1	-1
5857	5685	5688	5	-1	-1	-1
5859	5688	5687	5	-1	-1	-1
5804	5627	5803	5	-1	-1	-1
5627	5804	5805	5	-1	-1	-1
5805	5806	5628	5	-1	-1	-1
5781	5640	5819	5	-1	-1	-1
5631	5806	5808	5	-1	-1	-1
5863	5691	5692	5	-1	-1	-1
5631	5808	5807	5	-1	-1	-1
5796	5813	5638	5	-1	-1	-1
5809	5632	5807	5	-1	-1	-1
5791	5819	5641	2	-1	-1	-1
5636	5815	5800	5	-1	-1	-1
5632	5809	5811	5	-1	-1	-1
5862	5699	5691	5	-1	-1	-1
5632	5811	5810	5	-1	-1	-1
5866	5693	5694	5	-1	-1	-1
5772	5654	5830	5	-1	-1	-1
5695	5867	5694	5	-1	-1	-1
5693	5866	5698	5	-1	-1	-1
5692	5702	5864	5	-1	-1	-1
5696	5869	5695	5	-1	-1	-1
5635	5814	5812	5	-1	-1	-1
5779	5775	5708	5	-1	-1	-1
5635	5813	5814	5	-1	-1	-1
5870	5696	5699	5	-1	-1	-1
5818	5637	5812	5	-1	-1	-1
5724	5820	5725	5	-1	-1	-1
5637	5817	5815	5	-1	-1	-1
5817	5637	5816	5	-1	-1	-1
5637	5818	5816	5	-1	-1	-1
5871	5703	5701	5	-1	-1	-1
5756	5763	5757	5	-1	-1	-1
5702	5704	5872	5	-1	-1	-1
5756	5759	5764	5	-1	-1	-1
5703	5873	5704	5	-1	-1	-1
5811	5659	5810	5	-1	-1	-1
5759	5761	5760	5	-1	-1	-1
5756	5764	5763	5	-1	-1	-1
5760	5764	5759	5	-1	-1	-1
5821	5820	5644	5	-1	-1	-1
5707	5876	5709	5	-1	-1	-1
5795	5662	5835	5	-1	-1	-1
5823	5821	5650	5	-1	-1	-1
5824	5823	5648	5	-1	-1	-1
5649	5822	5825	5	-1	-1	-1
5649	5826	5824	5	-1	-1	-1
5871	5701	5727	5	-1	-1	-1
5825	5826	5649	5	-1	-1	-1
5707	5717	5877	5	-1	-1	-1
5710	5881	5711	5	-1	-1	-1
5833	5659	5811	5	-1	-1	-1
5880	5710	5714	5	-1	-1	-1
5828	5651	5827	5	-1	-1	-1
5829	5827	5652	5	-1	-1	-1
5653	5828	5830	5	-1	-1	-1
5712	5884	5715	5	-1	-1	-1
5711	5882	5720	5	-1	-1	-1
5714	5715	5885	5	-1	-1	-1
5822	5660	5834	5	-1	-1	-1
5717	5716	5887	5	-1	-1	-1
5831	5657	5832	5	-1	-1	-1
5833	5832	5658	5	-1	-1	-1
5660	5831	5834	5	-1	-1	-1
5888	5719	5720	5	-1	-1	-1
5722	5721	5890	5	-1	-1	-1
5723	5722	5891	5	-1	-1	-1
5721	5725	5890	5	-1	-1	-1
5716	5735	5887	5	-1	-1	-1
5664	5838	5837	5	-1	-1	-1
5665	5839	5836	5	-1	-1	-1
5665	5837	5839	5	-1	-1	-1
5893	5731	5723	5	-1	-1	-1
5841	5667	5840	5	-1	-1	-1
5841	5842	5668	5	-1	-1	-1
5836	5845	5670	5	-1	-1	-1
5728	5896	5727	5	-1	-1	-1
5668	5842	5843	5	-1	-1	-1
5840	5669	5844	5	-1	-1	-1
5712	5757	5884	5	-1	-1	-1
5728	5729	5897	5	-1	-1	-1
5847	5835	5673	5	-1	-1	-1
5730	5899	5729	5	-1	-1	-1
5838	5674	5848	5	-1	-1	-1
5844	5671	5846	5	-1	-1	-1
5845	5846	5671	5	-1	-1	-1
5730	5731	5901	5	-1	-1	-1
5673	5843	5847	5	-1	-1	-1
5779	5709	5878	5	-1	-1	-1
5725	5820	5821	5	-1	-1	-1
5733	5902	5732	5	-1	-1	-1
5903	5735	5732	5	-1	-1	-1
5904	5733	5734	3	-1	-1	-1
5848	5675	5849	5	-1	-1	-1
5849	5676	5850	5	-1	-1	-1
5737	5905	5734	3	-1	-1	-1
5736	5907	5737	3	-1	-1	-1
5906	5736	5738	3	-1	-1	-1
5679	5851	5852	5	-1	-1	-1
5679	5852	5853	5	-1	-1	-1
5738	5739	5909	3	-1	-1	-1
5680	5855	5851	5	-1	-1	-1
5798	5794	5795	5	-1	-1	-1
5740	5910	5739	5	-1	-1	-1
5854	5855	5680	5	-1	-1	-1
5850	5686	5856	5	-1	-1	-1
5911	5741	5742	2	-1	-1	-1
5745	5741	5911	2	-1	-1	-1
5742	5743	5912	2	-1	-1	-1
5858	5687	5853	5	-1	-1	-1
5857	5856	5685	5	-1	-1	-1
5912	5743	5746	2	-1	-1	-1
5745	5913	5744	5	-1	-1	-1
5791	5792	5819	2	-1	-1	-1
5859	5687	5858	5	-1	-1	-1
5757	5763	5884	5	-1	-1	-1
5857	5688	5860	5	-1	-1	-1
5688	5859	5861	5	-1	-1	-1
5688	5861	5860	5	-1	-1	-1
5747	5916	5746	2	-1	-1	-1
5762	5884	5763	5	-1	-1	-1
5753	5744	5913	5	-1	-1	-1
5918	5747	5748	2	-1	-1	-1
5886	5762	5767	5	-1	-1	-1
5862	5691	5863	5	-1	-1	-1
5920	5750	5749	5	-1	-1	-1
5920	5749	5751	5	-1	-1	-1
5865	5863	5692	5	-1	-1	-1
5692	5864	5865	5	-1	-1	-1
5751	5752	5922	5	-1	-1	-1
5921	5755	5750	5	-1	-1	-1
5694	5867	5866	5	-1	-1	-1
5761	5919	5748	2	-1	-1	-1
5754	5924	5752	5	-1	-1	-1
5868	5867	5695	5	-1	-1	-1
5910	5740	5780	5	-1	-1	-1
5699	5862	5870	5	-1	-1	-1
5868	5695	5869	5	-1	-1	-1
5753	5925	5754	5	-1	-1	-1
5758	5755	5921	5	-1	-1	-1
5779	5878	5778	5	-1	-1	-1
5696	5870	5869	5	-1	-1	-1
5829	5719	5888	5	-1	-1	-1
5872	5864	5702	5	-1	-1	-1
5725	5821	5895	5	-1	-1	-1
5758	5926	5759	5	-1	-1	-1
5814	5818	5812	5	-1	-1	-1
5759	5926	5761	5	-1	-1	-1
5703	5871	5874	5	-1	-1	-1
5874	5873	5703	5	-1	-1	-1
5875	5872	5704	5	-1	-1	-1
5873	5875	5704	5	-1	-1	-1
5765	5928	5766	2	-1	-1	-1
5876	5707	5877	5	-1	-1	-1
5928	5765	5768	2	-1	-1	-1
5929	5767	5766	5	-1	-1	-1
5709	5876	5879	5	-1	-1	-1
5709	5879	5878	5	-1	-1	-1
5769	5931	5768	2	-1	-1	-1
5710	5880	5881	5	-1	-1	-1
5770	5933	5769	2	-1	-1	-1
5881	5883	5711	5	-1	-1	-1
5883	5882	5711	5	-1	-1	-1
5771	5772	5935	5	-1	-1	-1
5774	5934	5770	2	-1	-1	-1
5714	5885	5880	5	-1	-1	-1
5935	5773	5771	5	-1	-1	-1
5834	5825	5822	5	-1	-1	-1
5717	5887	5877	5	-1	-1	-1
5937	5774	5773	2	-1	-1	-1
5828	5827	5829	5	-1	-1	-1
5715	5884	5886	5	-1	-1	-1
5886	5885	5715	5	-1	-1	-1
5882	5889	5720	5	-1	-1	-1
5939	5776	5777	5	-1	-1	-1
5871	5727	5896	5	-1	-1	-1
5939	5780	5776	5	-1	-1	-1
5941	5777	5778	5	-1	-1	-1
5888	5720	5889	5	-1	-1	-1
5890	5892	5722	5	-1	-1	-1
5892	5891	5722	5	-1	-1	-1
5781	5943	5782	5	-1	-1	-1
5723	5891	5893	5	-1	-1	-1
5894	5890	5725	5	-1	-1	-1
5782	5944	5783	5	-1	-1	-1
5783	5946	5784	5	-1	-1	-1
5895	5894	5725	5	-1	-1	-1
5946	5787	5784	5	-1	-1	-1
5788	5947	5785	2	-1	-1	-1
5787	5948	5786	5	-1	-1	-1
5898	5896	5728	5	-1	-1	-1
5789	5786	5948	5	-1	-1	-1
5728	5897	5898	5	-1	-1	-1
5945	5788	5790	2	-1	-1	-1
5893	5901	5731	5	-1	-1	-1
5903	5887	5735	5	-1	-1	-1
5793	5785	5947	2	-1	-1	-1
5899	5897	5729	5	-1	-1	-1
5949	5790	5789	2	-1	-1	-1
5730	5900	5899	5	-1	-1	-1
5730	5901	5900	5	-1	-1	-1
5762	5886	5884	5	-1	-1	-1
5950	5792	5793	2	-1	-1	-1
5772	5830	5935	5	-1	-1	-1
5732	5902	5903	5	-1	-1	-1
5902	5733	5904	5	-1	-1	-1
5895	5821	5823	5	-1	-1	-1
5904	5734	5905	3	-1	-1	-1
5819	5943	5781	5	-1	-1	-1
5795	5951	5798	5	-1	-1	-1
5796	5797	5952	5	-1	-1	-1
5954	5797	5798	5	-1	-1	-1
5906	5907	5736	3	-1	-1	-1
5737	5907	5905	3	-1	-1	-1
5738	5908	5906	3	-1	-1	-1
5955	5799	5800	5	-1	-1	-1
5955	5801	5799	5	-1	-1	-1
5908	5738	5909	3	-1	-1	-1
5739	5910	5909	5	-1	-1	-1
5802	5801	5957	5	-1	-1	-1
5813	5796	5952	5	-1	-1	-1
5819	5792	5950	2	-1	-1	-1
5803	5802	5958	5	-1	-1	-1
5912	5911	5742	2	-1	-1	-1
5959	5804	5803	5	-1	-1	-1
5804	5960	5805	5	-1	-1	-1
5956	5800	5815	5	-1	-1	-1
5915	5745	5911	2	-1	-1	-1
5913	5745	5914	2	-1	-1	-1
5806	5805	5962	5	-1	-1	-1
5745	5915	5914	2	-1	-1	-1
5916	5912	5746	2	-1	-1	-1
5806	5962	5808	5	-1	-1	-1
5963	5807	5808	5	-1	-1	-1
5963	5809	5807	5	-1	-1	-1
5916	5747	5917	2	-1	-1	-1
5835	5951	5795	5	-1	-1	-1
5917	5747	5918	2	-1	-1	-1
5930	5886	5767	5	-1	-1	-1
5919	5918	5748	2	-1	-1	-1
5967	5811	5809	5	-1	-1	-1
5956	5815	5817	5	-1	-1	-1
5925	5753	5913	5	-1	-1	-1
5921	5750	5920	5	-1	-1	-1
5828	5935	5830	5	-1	-1	-1
5923	5920	5751	5	-1	-1	-1
5751	5922	5923	5	-1	-1	-1
5814	5813	5969	5	-1	-1	-1
5778	5878	5941	5	-1	-1	-1
5922	5752	5924	5	-1	-1	-1
5970	5818	5814	5	-1	-1	-1
5754	5925	5924	5	-1	-1	-1
5816	5972	5817	5	-1	-1	-1
5971	5816	5818	5	-1	-1	-1
5761	5926	5919	5	-1	-1	-1
5921	5927	5758	5	-1	-1	-1
5758	5927	5926	5	-1	-1	-1
5833	5811	5968	5	-1	-1	-1
5824	5974	5823	5	-1	-1	-1
5766	5928	5929	5	-1	-1	-1
5826	5975	5824	5	-1	-1	-1
5930	5767	5929	5	-1	-1	-1
5768	5931	5928	2	-1	-1	-1
5826	5825	5977	5	-1	-1	-1
5780	5942	5910	5	-1	-1	-1
5769	5932	5931	2	-1	-1	-1
5932	5769	5933	2	-1	-1	-1
5834	5977	5825	5	-1	-1	-1
5828	5829	5979	5	-1	-1	-1
5933	5770	5934	2	-1	-1	-1
5773	5935	5936	5	-1	-1	-1
5938	5934	5774	2	-1	-1	-1
5773	5936	5937	5	-1	-1	-1
5832	5983	5831	5	-1	-1	-1
5982	5834	5831	5	-1	-1	-1
5937	5938	5774	2	-1	-1	-1
5832	5833	5984	5	-1	-1	-1
5940	5939	5777	5	-1	-1	-1
5941	5940	5777	5	-1	-1	-1
5942	5780	5939	5	-1	-1	-1
5987	5836	5839	5	-1	-1	-1
5838	5988	5837	5	-1	-1	-1
5839	5837	5988	5	-1	-1	-1
5847	5986	5835	5	-1	-1	-1
5845	5836	5987	5	-1	-1	-1
5782	5943	5945	5	-1	-1	-1
5945	5944	5782	5	-1	-1	-1
5991	5841	5840	5	-1	-1	-1
5944	5946	5783	5	-1	-1	-1
5848	5988	5838	5	-1	-1	-1
5844	5991	5840	5	-1	-1	-1
5892	5890	5894	5	-1	-1	-1
5992	5842	5841	5	-1	-1	-1
5994	5843	5842	5	-1	-1	-1
5788	5945	5947	2	-1	-1	-1
5946	5948	5787	5	-1	-1	-1
5949	5945	5790	2	-1	-1	-1
5995	5847	5843	5	-1	-1	-1
5949	5789	5948	2	-1	-1	-1
5997	5844	5846	5	-1	-1	-1
5846	5845	5998	5	-1	-1	-1
5793	5947	5950	2	-1	-1	-1
5895	5823	5974	5	-1	-1	-1
5849	6000	5848	5	-1	-1	-1
5888	5981	5829	5	-1	-1	-1
5879	5941	5878	5	-1	-1	-1
6000	5849	5850	5	-1	-1	-1
5886	5930	5885	5	-1	-1	-1
5952	5797	5953	5	-1	-1	-1
5954	5798	5951	5	-1	-1	-1
5954	5953	5797	5	-1	-1	-1
6004	5852	5851	5	-1	-1	-1
5850	5856	6002	5	-1	-1	-1
5853	5852	6005	5	-1	-1	-1
6004	5851	5855	5	-1	-1	-1
5800	5956	5955	5	-1	-1	-1
5819	5950	5943	2	-1	-1	-1
5955	5957	5801	5	-1	-1	-1
5857	6002	5856	5	-1	-1	-1
5853	6006	5858	5	-1	-1	-1
5957	5958	5802	5	-1	-1	-1
5958	5959	5803	5	-1	-1	-1
6007	5857	5860	5	-1	-1	-1
5959	5961	5804	5	-1	-1	-1
5961	5960	5804	5	-1	-1	-1
6010	5861	5859	5	-1	-1	-1
6009	5859	5858	5	-1	-1	-1
5808	5962	5964	5	-1	-1	-1
5805	5960	5962	5	-1	-1	-1
5813	5952	5969	5	-1	-1	-1
5861	6011	5860	5	-1	-1	-1
5808	5966	5963	5	-1	-1	-1
5964	5965	5808	5	-1	-1	-1
5808	5965	5966	5	-1	-1	-1
5967	5809	5963	5	-1	-1	-1
6016	5862	5863	5	-1	-1	-1
5980	5935	5828	5	-1	-1	-1
5967	5968	5811	5	-1	-1	-1
5973	5956	5817	5	-1	-1	-1
5863	5865	6018	5	-1	-1	-1
6015	5870	5862	5	-1	-1	-1
5864	6020	5865	5	-1	-1	-1
5814	5969	5970	5	-1	-1	-1
5864	5872	6019	5	-1	-1	-1
5971	5972	5816	5	-1	-1	-1
5970	5971	5818	5	-1	-1	-1
5869	6022	5868	5	-1	-1	-1
5869	5870	6022	5	-1	-1	-1
5973	5817	5972	5	-1	-1	-1
5875	6019	5872	5	-1	-1	-1
6024	5874	5871	5	-1	-1	-1
5873	5874	6025	5	-1	-1	-1
5926	5927	5919	5	-1	-1	-1
5986	5951	5835	5	-1	-1	-1
5873	6025	5875	5	-1	-1	-1
5976	5974	5824	5	-1	-1	-1
5976	5824	5975	5	-1	-1	-1
5826	5978	5975	5	-1	-1	-1
5977	5978	5826	5	-1	-1	-1
6029	5876	5877	5	-1	-1	-1
6029	5879	5876	5	-1	-1	-1
5833	5968	5985	5	-1	-1	-1
5979	5980	5828	5	-1	-1	-1
5981	5979	5829	5	-1	-1	-1
6024	5871	5896	5	-1	-1	-1
5982	5977	5834	5	-1	-1	-1
5880	6032	5881	5	-1	-1	-1
5887	6030	5877	5	-1	-1	-1
5983	5982	5831	5	-1	-1	-1
5880	5885	6032	5	-1	-1	-1
5881	6033	5883	5	-1	-1	-1
5983	5832	5984	5	-1	-1	-1
6035	5882	5883	5	-1	-1	-1
5833	5985	5984	5	-1	-1	-1
5882	6034	5889	5	-1	-1	-1
5889	6038	5888	5	-1	-1	-1
5988	5989	5839	5	-1	-1	-1
5990	5987	5839	5	-1	-1	-1
5839	5989	5990	5	-1	-1	-1
6030	5887	5903	5	-1	-1	-1
6040	5893	5891	5	-1	-1	-1
5841	5991	5992	5	-1	-1	-1
5891	5892	6041	5	-1	-1	-1
5842	5992	5993	5	-1	-1	-1
5986	5847	5995	5	-1	-1	-1
5892	5894	6043	5	-1	-1	-1
5994	5842	5993	5	-1	-1	-1
5998	5845	5987	5	-1	-1	-1
5996	5991	5844	5	-1	-1	-1
5994	5995	5843	5	-1	-1	-1
5894	5895	6045	5	-1	-1	-1
5945	5943	5947	2	-1	-1	-1
5848	5999	5988	5	-1	-1	-1
5997	5996	5844	5	-1	-1	-1
6044	5901	5893	5	-1	-1	-1
5945	5949	5944	5	-1	-1	-1
5946	5944	5949	5	-1	-1	-1
5947	5943	5950	2	-1	-1	-1
5898	6046	5896	5	-1	-1	-1
5998	5997	5846	5	-1	-1	-1
6047	5898	5897	5	-1	-1	-1
6047	5897	5899	5	-1	-1	-1
5949	5948	5946	5	-1	-1	-1
5885	5930	6032	5	-1	-1	-1
5848	6000	5999	5	-1	-1	-1
5900	6049	5899	5	-1	-1	-1
5850	6001	6000	5	-1	-1	-1
5980	5936	5935	5	-1	-1	-1
5941	5879	6031	5	-1	-1	-1
5900	5901	6051	5	-1	-1	-1
5850	6003	6001	5	-1	-1	-1
5850	6002	6003	5	-1	-1	-1
5903	5902	6053	5	-1	-1	-1
6052	5902	5904	5	-1	-1	-1
5852	6004	6005	5	-1	-1	-1
5905	6054	5904	3	-1	-1	-1
6005	6006	5853	5	-1	-1	-1
6007	6002	5857	5	-1	-1	-1
6055	5905	5907	3	-1	-1	-1
5907	5906	6056	3	-1	-1	-1
5906	5908	6056	3	-1	-1	-1
5858	6006	6008	5	-1	-1	-1
5909	6057	5908	3	-1	-1	-1
6008	6009	5858	5	-1	-1	-1
5859	6009	6010	5	-1	-1	-1
5909	5910	6059	5	-1	-1	-1
5860	6012	6007	5	-1	-1	-1
5912	6060	5911	2	-1	-1	-1
5860	6011	6012	5	-1	-1	-1
6013	6011	5861	5	-1	-1	-1
6014	5861	6010	5	-1	-1	-1
5915	5911	6060	2	-1	-1	-1
5960	5964	5962	5	-1	-1	-1
5861	6014	6013	5	-1	-1	-1
5913	5914	6061	2	-1	-1	-1
6060	5912	5916	2	-1	-1	-1
6062	5914	5915	2	-1	-1	-1
6016	6015	5862	5	-1	-1	-1
6016	5863	6017	5	-1	-1	-1
5916	5917	6064	2	-1	-1	-1
6018	6017	5863	5	-1	-1	-1
5913	6061	5925	2	-1	-1	-1
6066	5917	5918	2	-1	-1	-1
5918	5919	6066	2	-1	-1	-1
6020	5864	6019	5	-1	-1	-1
6018	5865	6021	5	-1	-1	-1
6020	6021	5865	5	-1	-1	-1
5888	6038	5981	5	-1	-1	-1
6015	6023	5870	5	-1	-1	-1
5920	6068	5921	5	-1	-1	-1
5925	6061	5924	5	-1	-1	-1
5920	5923	6067	5	-1	-1	-1
5910	5942	6059	5	-1	-1	-1
6066	5919	5927	5	-1	-1	-1
5895	5974	6045	5	-1	-1	-1
6070	5923	5922	5	-1	-1	-1
6023	6022	5870	5	-1	-1	-1
5922	5924	6070	5	-1	-1	-1
6069	5927	5921	5	-1	-1	-1
6027	6019	5875	5	-1	-1	-1
5874	6024	6026	5	-1	-1	-1
6026	6025	5874	5	-1	-1	-1
5929	5928	6071	5	-1	-1	-1
6028	5875	6025	5	-1	-1	-1
5930	5929	6071	5	-1	-1	-1
6028	6027	5875	5	-1	-1	-1
5931	6071	5928	5	-1	-1	-1
5931	5932	6072	5	-1	-1	-1
6030	6029	5877	5	-1	-1	-1
5933	6073	5932	2	-1	-1	-1
5879	6029	6031	5	-1	-1	-1
6076	5933	5934	2	-1	-1	-1
5881	6032	6033	5	-1	-1	-1
6077	5934	5938	2	-1	-1	-1
5882	6035	6034	5	-1	-1	-1
6033	6036	5883	5	-1	-1	-1
5936	6079	5937	5	-1	-1	-1
5938	5937	6080	2	-1	-1	-1
5883	6037	6035	5	-1	-1	-1
6036	6037	5883	5	-1	-1	-1
5940	6082	5939	5	-1	-1	-1
5939	6081	5942	5	-1	-1	-1
6039	5889	6034	5	-1	-1	-1
6084	5940	5941	5	-1	-1	-1
6039	6038	5889	5	-1	-1	-1
6046	6024	5896	5	-1	-1	-1
5891	6041	6040	5	-1	-1	-1
5892	6042	6041	5	-1	-1	-1
5999	5989	5988	5	-1	-1	-1
5893	6040	6044	5	-1	-1	-1
5892	6043	6042	5	-1	-1	-1
5894	6045	6043	5	-1	-1	-1
6053	6030	5903	5	-1	-1	-1
5954	5951	6085	5	-1	-1	-1
5953	6086	5952	5	-1	-1	-1
6046	5898	6048	5	-1	-1	-1
6047	6048	5898	5	-1	-1	-1
5953	5954	6087	5	-1	-1	-1
5980	6079	5936	5	-1	-1	-1
5899	6050	6047	5	-1	-1	-1
6051	5901	6044	5	-1	-1	-1
5899	6049	6050	5	-1	-1	-1
6088	5955	5956	5	-1	-1	-1
5955	6088	5957	5	-1	-1	-1
6051	6049	5900	5	-1	-1	-1
6090	5958	5957	5	-1	-1	-1
5902	6052	6053	5	-1	-1	-1
5969	5952	6086	5	-1	-1	-1
5958	6091	5959	5	-1	-1	-1
6054	6052	5904	5	-1	-1	-1
6007	6003	6002	5	-1	-1	-1
5961	5959	6092	5	-1	-1	-1
5961	6093	5960	5	-1	-1	-1
6054	5905	6055	3	-1	-1	-1
5960	6093	5964	5	-1	-1	-1
6055	5907	6056	3	-1	-1	-1
5973	6089	5956	5	-1	-1	-1
6085	5951	5986	5	-1	-1	-1
5965	5964	6093	5	-1	-1	-1
6056	5908	6058	3	-1	-1	-1
6057	6058	5908	3	-1	-1	-1
5963	5966	6096	5	-1	-1	-1
6057	5909	6059	5	-1	-1	-1
5963	6096	5967	5	-1	-1	-1
6098	5966	5965	5	-1	-1	-1
6071	6032	5930	5	-1	-1	-1
5968	5967	6101	5	-1	-1	-1
5914	6062	6061	2	-1	-1	-1
5915	6060	6063	2	-1	-1	-1
6062	5915	6063	2	-1	-1	-1
6102	5970	5969	5	-1	-1	-1
5916	6065	6060	2	-1	-1	-1
6104	5971	5970	5	-1	-1	-1
5916	6064	6065	2	-1	-1	-1
6064	5917	6066	2	-1	-1	-1
6063	5923	6062	5	-1	-1	-1
5972	5971	6105	5	-1	-1	-1
6108	5973	5972	5	-1	-1	-1
5923	6063	6067	5	-1	-1	-1
5924	6061	6070	5	-1	-1	-1
5968	6101	5985	5	-1	-1	-1
6067	6068	5920	5	-1	-1	-1
6070	6062	5923	5	-1	-1	-1
5941	6031	6084	5	-1	-1	-1
5921	6068	6069	5	-1	-1	-1
5974	5976	6109	5	-1	-1	-1
5975	6110	5976	5	-1	-1	-1
6066	5927	6069	5	-1	-1	-1
6110	5975	5978	5	-1	-1	-1
6085	5986	5995	5	-1	-1	-1
6027	6020	6019	5	-1	-1	-1
5978	5977	6113	5	-1	-1	-1
6112	5977	5982	5	-1	-1	-1
6071	5931	6072	5	-1	-1	-1
5980	5979	6115	5	-1	-1	-1
5981	6115	5979	5	-1	-1	-1
6074	6072	5932	5	-1	-1	-1
6026	6028	6025	5	-1	-1	-1
6074	5932	6073	5	-1	-1	-1
6075	6073	5933	2	-1	-1	-1
6081	6059	5942	5	-1	-1	-1
6117	5982	5983	5	-1	-1	-1
6075	5933	6076	2	-1	-1	-1
5983	5984	6118	5	-1	-1	-1
5985	6118	5984	5	-1	-1	-1
5934	6078	6076	2	-1	-1	-1
6078	5934	6077	2	-1	-1	-1
6080	6077	5938	2	-1	-1	-1
6080	5937	6079	5	-1	-1	-1
5987	5990	6121	5	-1	-1	-1
6122	5990	5989	5	-1	-1	-1
6082	6081	5939	5	-1	-1	-1
6083	6082	5940	5	-1	-1	-1
6121	5998	5987	5	-1	-1	-1
6083	5940	6084	5	-1	-1	-1
6126	5992	5991	5	-1	-1	-1
5999	6122	5989	5	-1	-1	-1
6125	5991	5996	5	-1	-1	-1
5992	6127	5993	5	-1	-1	-1
5994	5993	6129	5	-1	-1	-1
5995	5994	6130	5	-1	-1	-1
6131	5996	5997	5	-1	-1	-1
6087	6086	5953	5	-1	-1	-1
5954	6085	6087	5	-1	-1	-1
5974	6109	6045	5	-1	-1	-1
5998	6133	5997	5	-1	-1	-1
5956	6089	6088	5	-1	-1	-1
5999	6000	6134	5	-1	-1	-1
6088	6090	5957	5	-1	-1	-1
6116	5981	6038	5	-1	-1	-1
6135	6000	6001	5	-1	-1	-1
6032	6072	6033	5	-1	-1	-1
6090	6091	5958	5	-1	-1	-1
6003	6136	6001	5	-1	-1	-1
6092	5959	6091	5	-1	-1	-1
6074	6036	6033	5	-1	-1	-1
6137	6003	6007	5	-1	-1	-1
6095	5961	6092	5	-1	-1	-1
5961	6094	6093	5	-1	-1	-1
5961	6095	6094	5	-1	-1	-1
6093	6097	5965	5	-1	-1	-1
6008	6138	6009	5	-1	-1	-1
6007	6012	6137	5	-1	-1	-1
5969	6086	6102	5	-1	-1	-1
6138	6010	6009	5	-1	-1	-1
5965	6097	6098	5	-1	-1	-1
5966	6099	6096	5	-1	-1	-1
6139	6012	6011	5	-1	-1	-1
6010	6138	6014	5	-1	-1	-1
5966	6098	6099	5	-1	-1	-1
6139	6011	6013	5	-1	-1	-1
5967	6096	6100	5	-1	-1	-1
6101	5967	6100	5	-1	-1	-1
6108	6089	5973	5	-1	-1	-1
6079	5980	6115	5	-1	-1	-1
6015	6016	6143	5	-1	-1	-1
6071	6072	6032	5	-1	-1	-1
5970	6102	6103	5	-1	-1	-1
6017	6144	6016	5	-1	-1	-1
5970	6103	6104	5	-1	-1	-1
6074	6033	6072	5	-1	-1	-1
6023	6015	6142	5	-1	-1	-1
5971	6104	6105	5	-1	-1	-1
6018	6147	6017	5	-1	-1	-1
5972	6105	6107	5	-1	-1	-1
6106	5972	6107	5	-1	-1	-1
6106	6108	5972	5	-1	-1	-1
6065	6063	6060	2	-1	-1	-1
6021	6149	6018	5	-1	-1	-1
6150	6021	6020	5	-1	-1	-1
6061	6062	6070	5	-1	-1	-1
6067	6063	6065	5	-1	-1	-1
6109	5976	6111	5	-1	-1	-1
6111	5976	6110	5	-1	-1	-1
6020	6027	6150	5	-1	-1	-1
6068	6065	6064	5	-1	-1	-1
6109	6043	6045	5	-1	-1	-1
6066	6069	6064	5	-1	-1	-1
6065	6068	6067	5	-1	-1	-1
6068	6064	6069	5	-1	-1	-1
6114	6110	5978	5	-1	-1	-1
5977	6112	6113	5	-1	-1	-1
6026	6024	6152	5	-1	-1	-1
5978	6113	6114	5	-1	-1	-1
6101	6120	5985	5	-1	-1	-1
6026	6154	6028	5	-1	-1	-1
6130	6085	5995	5	-1	-1	-1
6027	6028	6155	5	-1	-1	-1
6117	6112	5982	5	-1	-1	-1
5981	6116	6115	5	-1	-1	-1
6156	6029	6030	5	-1	-1	-1
6029	6156	6031	5	-1	-1	-1
5983	6118	6117	5	-1	-1	-1
6024	6046	6152	5	-1	-1	-1
5985	6119	6118	5	-1	-1	-1
6120	6119	5985	5	-1	-1	-1
6034	6035	6158	5	-1	-1	-1
6158	6039	6034	5	-1	-1	-1
6159	6035	6037	5	-1	-1	-1
6160	6037	6036	5	-1	-1	-1
5990	6123	6121	5	-1	-1	-1
6122	6124	5990	5	-1	-1	-1
6124	6123	5990	5	-1	-1	-1
6038	6039	6162	5	-1	-1	-1
6157	6030	6053	5	-1	-1	-1
6126	5991	6125	5	-1	-1	-1
6040	6041	6164	5	-1	-1	-1
5992	6126	6127	5	-1	-1	-1
5993	6127	6128	5	-1	-1	-1
6040	6165	6044	5	-1	-1	-1
6041	6042	6166	5	-1	-1	-1
6128	6129	5993	5	-1	-1	-1
6167	6042	6043	5	-1	-1	-1
6121	6133	5998	5	-1	-1	-1
6130	5994	6129	5	-1	-1	-1
5996	6132	6125	5	-1	-1	-1
6134	6122	5999	5	-1	-1	-1
6132	5996	6131	5	-1	-1	-1
5997	6133	6131	5	-1	-1	-1
6048	6169	6046	5	-1	-1	-1
6168	6051	6044	5	-1	-1	-1
6048	6047	6170	5	-1	-1	-1
6050	6170	6047	5	-1	-1	-1
6000	6135	6134	5	-1	-1	-1
6036	6074	6160	5	-1	-1	-1
6156	6084	6031	5	-1	-1	-1
6049	6172	6050	5	-1	-1	-1
6135	6001	6136	5	-1	-1	-1
6051	6173	6049	5	-1	-1	-1
6136	6003	6137	5	-1	-1	-1
6053	6052	6175	5	-1	-1	-1
6175	6052	6054	5	-1	-1	-1
6093	6094	6097	5	-1	-1	-1
6055	6176	6054	3	-1	-1	-1
6055	6056	6177	3	-1	-1	-1
6137	6012	6141	5	-1	-1	-1
6056	6058	6177	3	-1	-1	-1
6139	6140	6012	5	-1	-1	-1
6140	6141	6012	5	-1	-1	-1
6178	6058	6057	3	-1	-1	-1
6179	6057	6059	5	-1	-1	-1
6142	6015	6143	5	-1	-1	-1
6143	6016	6144	5	-1	-1	-1
6074	6073	6160	5	-1	-1	-1
6017	6146	6144	5	-1	-1	-1
6146	6017	6145	5	-1	-1	-1
6017	6147	6145	5	-1	-1	-1
6018	6148	6147	5	-1	-1	-1
6148	6018	6149	5	-1	-1	-1
6116	6038	6162	5	-1	-1	-1
6179	6059	6081	5	-1	-1	-1
6043	6109	6167	5	-1	-1	-1
6149	6021	6151	5	-1	-1	-1
6150	6151	6021	5	-1	-1	-1
6073	6075	6181	2	-1	-1	-1
6152	6153	6026	5	-1	-1	-1
6150	6027	6155	5	-1	-1	-1
6076	6182	6075	2	-1	-1	-1
6026	6153	6154	5	-1	-1	-1
6154	6155	6028	5	-1	-1	-1
6076	6078	6183	2	-1	-1	-1
6078	6077	6184	2	-1	-1	-1
6077	6080	6184	2	-1	-1	-1
6157	6156	6030	5	-1	-1	-1
6080	6079	6186	5	-1	-1	-1
6081	6082	6187	5	-1	-1	-1
6159	6158	6035	5	-1	-1	-1
6082	6083	6188	5	-1	-1	-1
6037	6161	6159	5	-1	-1	-1
6190	6083	6084	5	-1	-1	-1
6037	6160	6161	5	-1	-1	-1
6158	6163	6039	5	-1	-1	-1
6085	6191	6087	5	-1	-1	-1
6163	6162	6039	5	-1	-1	-1
6194	6086	6087	5	-1	-1	-1
6169	6152	6046	5	-1	-1	-1
6165	6040	6164	5	-1	-1	-1
6164	6041	6166	5	-1	-1	-1
6089	6196	6088	5	-1	-1	-1
6088	6196	6090	5	-1	-1	-1
6166	6042	6167	5	-1	-1	-1
6168	6044	6165	5	-1	-1	-1
6192	6102	6086	5	-1	-1	-1
6186	6079	6115	5	-1	-1	-1
6199	6091	6090	5	-1	-1	-1
6126	6125	6132	5	-1	-1	-1
6091	6200	6092	5	-1	-1	-1
6175	6157	6053	5	-1	-1	-1
6167	6109	6111	5	-1	-1	-1
6169	6048	6171	5	-1	-1	-1
6170	6171	6048	5	-1	-1	-1
6202	6095	6092	5	-1	-1	-1
6173	6051	6168	5	-1	-1	-1
6203	6094	6095	5	-1	-1	-1
6050	6174	6170	5	-1	-1	-1
6094	6203	6097	5	-1	-1	-1
6173	6172	6049	5	-1	-1	-1
6108	6197	6089	5	-1	-1	-1
6172	6174	6050	5	-1	-1	-1
6206	6096	6099	5	-1	-1	-1
6098	6097	6207	5	-1	-1	-1
6206	6100	6096	5	-1	-1	-1
6176	6175	6054	5	-1	-1	-1
6085	6130	6191	5	-1	-1	-1
6210	6099	6098	5	-1	-1	-1
6177	6176	6055	3	-1	-1	-1
6211	6101	6100	5	-1	-1	-1
6181	6160	6073	5	-1	-1	-1
6057	6179	6178	5	-1	-1	-1
6177	6058	6180	3	-1	-1	-1
6180	6058	6178	3	-1	-1	-1
6102	6212	6103	5	-1	-1	-1
6103	6213	6104	5	-1	-1	-1
6105	6104	6214	5	-1	-1	-1
6214	6107	6105	5	-1	-1	-1
6216	6106	6107	5	-1	-1	-1
6215	6108	6106	5	-1	-1	-1
6156	6190	6084	5	-1	-1	-1
6211	6120	6101	5	-1	-1	-1
6182	6181	6075	2	-1	-1	-1
6219	6111	6110	5	-1	-1	-1
6076	6183	6182	2	-1	-1	-1
6220	6110	6114	5	-1	-1	-1
6078	6185	6183	2	-1	-1	-1
6221	6113	6112	5	-1	-1	-1
6179	6081	6187	5	-1	-1	-1
6078	6184	6185	2	-1	-1	-1
6113	6222	6114	5	-1	-1	-1
6186	6184	6080	5	-1	-1	-1
6112	6117	6221	5	-1	-1	-1
6224	6115	6116	5	-1	-1	-1
6188	6187	6082	5	-1	-1	-1
6083	6189	6188	5	-1	-1	-1
6118	6227	6117	5	-1	-1	-1
6083	6190	6189	5	-1	-1	-1
6119	6229	6118	5	-1	-1	-1
6192	6086	6195	5	-1	-1	-1
6230	6119	6120	5	-1	-1	-1
6194	6193	6086	5	-1	-1	-1
6191	6194	6087	5	-1	-1	-1
6195	6086	6193	5	-1	-1	-1
6152	6169	6153	5	-1	-1	-1
6121	6123	6232	5	-1	-1	-1
6122	6233	6124	5	-1	-1	-1
6123	6124	6234	5	-1	-1	-1
6198	6196	6089	5	-1	-1	-1
6089	6197	6198	5	-1	-1	-1
6090	6196	6199	5	-1	-1	-1
6121	6232	6133	5	-1	-1	-1
6134	6233	6122	5	-1	-1	-1
6238	6127	6126	5	-1	-1	-1
6201	6091	6199	5	-1	-1	-1
6091	6201	6200	5	-1	-1	-1
6092	6200	6202	5	-1	-1	-1
6127	6240	6128	5	-1	-1	-1
6167	6111	6219	5	-1	-1	-1
6239	6126	6132	5	-1	-1	-1
6241	6129	6128	5	-1	-1	-1
6130	6129	6242	5	-1	-1	-1
6095	6204	6203	5	-1	-1	-1
6160	6181	6161	5	-1	-1	-1
6202	6205	6095	5	-1	-1	-1
6190	6156	6157	5	-1	-1	-1
6162	6226	6116	5	-1	-1	-1
6205	6204	6095	5	-1	-1	-1
6212	6102	6192	5	-1	-1	-1
6131	6243	6132	5	-1	-1	-1
6244	6131	6133	5	-1	-1	-1
6203	6208	6097	5	-1	-1	-1
6097	6208	6207	5	-1	-1	-1
6098	6207	6209	5	-1	-1	-1
6099	6210	6206	5	-1	-1	-1
6135	6246	6134	5	-1	-1	-1
6209	6210	6098	5	-1	-1	-1
6206	6211	6100	5	-1	-1	-1
6247	6135	6136	5	-1	-1	-1
6137	6248	6136	5	-1	-1	-1
6197	6108	6218	5	-1	-1	-1
6115	6224	6186	5	-1	-1	-1
6248	6137	6141	5	-1	-1	-1
6213	6103	6212	5	-1	-1	-1
6214	6104	6213	5	-1	-1	-1
6140	6250	6141	5	-1	-1	-1
6142	6143	6252	5	-1	-1	-1
6216	6215	6106	5	-1	-1	-1
6214	6217	6107	5	-1	-1	-1
6144	6252	6143	5	-1	-1	-1
6216	6107	6217	5	-1	-1	-1
6108	6215	6218	5	-1	-1	-1
6146	6252	6144	5	-1	-1	-1
6145	6147	6253	5	-1	-1	-1
6148	6253	6147	5	-1	-1	-1
6110	6220	6219	5	-1	-1	-1
6149	6254	6148	5	-1	-1	-1
6166	6167	6219	5	-1	-1	-1
6222	6113	6221	5	-1	-1	-1
6151	6256	6149	5	-1	-1	-1
6223	6220	6114	5	-1	-1	-1
6257	6151	6150	5	-1	-1	-1
6114	6222	6223	5	-1	-1	-1
6231	6120	6211	5	-1	-1	-1
6242	6191	6130	5	-1	-1	-1
6155	6258	6150	5	-1	-1	-1
6225	6224	6116	5	-1	-1	-1
6221	6117	6228	5	-1	-1	-1
6226	6225	6116	5	-1	-1	-1
6154	6153	6261	5	-1	-1	-1
6262	6155	6154	5	-1	-1	-1
6227	6228	6117	5	-1	-1	-1
6227	6118	6229	5	-1	-1	-1
6229	6119	6230	5	-1	-1	-1
6230	6120	6231	5	-1	-1	-1
6159	6264	6158	5	-1	-1	-1
6169	6260	6153	5	-1	-1	-1
6264	6163	6158	5	-1	-1	-1
6161	6265	6159	5	-1	-1	-1
6232	6123	6234	5	-1	-1	-1
6235	6234	6124	5	-1	-1	-1
6124	6233	6236	5	-1	-1	-1
6162	6163	6268	5	-1	-1	-1
6224	6185	6184	5	-1	-1	-1
6199	6196	6198	5	-1	-1	-1
6186	6224	6184	5	-1	-1	-1
6263	6157	6175	5	-1	-1	-1
6237	6235	6124	5	-1	-1	-1
6165	6164	6272	5	-1	-1	-1
6237	6124	6236	5	-1	-1	-1
6126	6239	6238	5	-1	-1	-1
6271	6164	6166	5	-1	-1	-1
6127	6238	6240	5	-1	-1	-1
6165	6273	6168	5	-1	-1	-1
6244	6133	6232	5	-1	-1	-1
6128	6240	6241	5	-1	-1	-1
6267	6161	6181	5	-1	-1	-1
6263	6190	6157	5	-1	-1	-1
6129	6241	6242	5	-1	-1	-1
6246	6233	6134	5	-1	-1	-1
6263	6175	6176	5	-1	-1	-1
6171	6275	6169	5	-1	-1	-1
6274	6173	6168	5	-1	-1	-1
6245	6239	6132	5	-1	-1	-1
6243	6131	6244	5	-1	-1	-1
6170	6278	6171	5	-1	-1	-1
6243	6245	6132	5	-1	-1	-1
6277	6170	6174	5	-1	-1	-1
6173	6279	6172	5	-1	-1	-1
6172	6280	6174	5	-1	-1	-1
6247	6246	6135	5	-1	-1	-1
6182	6267	6181	2	-1	-1	-1
6136	6249	6247	5	-1	-1	-1
6136	6248	6249	5	-1	-1	-1
6224	6225	6185	5	-1	-1	-1
6282	6176	6177	3	-1	-1	-1
6180	6282	6177	3	-1	-1	-1
6179	6283	6178	5	-1	-1	-1
6141	6251	6248	5	-1	-1	-1
6180	6178	6284	3	-1	-1	-1
6141	6250	6251	5	-1	-1	-1
6187	6283	6179	5	-1	-1	-1
6286	6182	6183	2	-1	-1	-1
6253	6148	6254	5	-1	-1	-1
6185	6287	6183	2	-1	-1	-1
6162	6268	6226	5	-1	-1	-1
6271	6166	6219	5	-1	-1	-1
6255	6254	6149	5	-1	-1	-1
6255	6149	6256	5	-1	-1	-1
6188	6288	6187	5	-1	-1	-1
6257	6150	6258	5	-1	-1	-1
6256	6151	6259	5	-1	-1	-1
6189	6289	6188	5	-1	-1	-1
6259	6151	6257	5	-1	-1	-1
6190	6290	6189	5	-1	-1	-1
6153	6260	6261	5	-1	-1	-1
6258	6155	6262	5	-1	-1	-1
6261	6262	6154	5	-1	-1	-1
6293	6194	6191	5	-1	-1	-1
6193	6194	6293	5	-1	-1	-1
6195	6294	6192	5	-1	-1	-1
6295	6195	6193	5	-1	-1	-1
6159	6265	6264	5	-1	-1	-1
6198	6197	6297	5	-1	-1	-1
6161	6266	6265	5	-1	-1	-1
6267	6266	6161	5	-1	-1	-1
6199	6198	6298	5	-1	-1	-1
6264	6269	6163	5	-1	-1	-1
6287	6185	6225	5	-1	-1	-1
6294	6212	6192	5	-1	-1	-1
6201	6199	6298	5	-1	-1	-1
6299	6200	6201	5	-1	-1	-1
6270	6268	6163	5	-1	-1	-1
6299	6202	6200	5	-1	-1	-1
6269	6270	6163	5	-1	-1	-1
6169	6276	6260	5	-1	-1	-1
6271	6272	6164	5	-1	-1	-1
6272	6273	6165	5	-1	-1	-1
6205	6202	6301	5	-1	-1	-1
6205	6303	6204	5	-1	-1	-1
6203	6204	6302	5	-1	-1	-1
6218	6297	6197	5	-1	-1	-1
6203	6302	6208	5	-1	-1	-1
6274	6168	6273	5	-1	-1	-1
6169	6275	6276	5	-1	-1	-1
6263	6176	6282	5	-1	-1	-1
6306	6206	6210	5	-1	-1	-1
6211	6206	6305	5	-1	-1	-1
6208	6307	6207	5	-1	-1	-1
6209	6207	6307	5	-1	-1	-1
6171	6278	6275	5	-1	-1	-1
6292	6191	6242	5	-1	-1	-1
6277	6278	6170	5	-1	-1	-1
6274	6279	6173	5	-1	-1	-1
6210	6209	6309	5	-1	-1	-1
6279	6280	6172	5	-1	-1	-1
6174	6281	6277	5	-1	-1	-1
6267	6182	6286	2	-1	-1	-1
6280	6281	6174	5	-1	-1	-1
6212	6312	6213	5	-1	-1	-1
6226	6287	6225	5	-1	-1	-1
6213	6313	6214	5	-1	-1	-1
6290	6190	6263	5	-1	-1	-1
6284	6178	6283	5	-1	-1	-1
6214	6314	6217	5	-1	-1	-1
6216	6315	6215	5	-1	-1	-1
6285	6282	6180	3	-1	-1	-1
6180	6284	6285	3	-1	-1	-1
6215	6316	6218	5	-1	-1	-1
6216	6217	6318	5	-1	-1	-1
6231	6211	6311	5	-1	-1	-1
6287	6286	6183	2	-1	-1	-1
6288	6283	6187	5	-1	-1	-1
6219	6220	6320	5	-1	-1	-1
6289	6288	6188	5	-1	-1	-1
6220	6223	6322	5	-1	-1	-1
6222	6221	6325	5	-1	-1	-1
6291	6289	6189	5	-1	-1	-1
6325	6223	6222	5	-1	-1	-1
6291	6189	6290	5	-1	-1	-1
6324	6221	6228	5	-1	-1	-1
6242	6241	6292	5	-1	-1	-1
6293	6191	6292	5	-1	-1	-1
6295	6193	6293	5	-1	-1	-1
6228	6227	6329	5	-1	-1	-1
6329	6227	6229	5	-1	-1	-1
6195	6296	6294	5	-1	-1	-1
6296	6195	6295	5	-1	-1	-1
6329	6229	6230	5	-1	-1	-1
6231	6332	6230	5	-1	-1	-1
6298	6198	6297	5	-1	-1	-1
6298	6300	6201	5	-1	-1	-1
6234	6333	6232	5	-1	-1	-1
6299	6201	6300	5	-1	-1	-1
6202	6299	6301	5	-1	-1	-1
6233	6334	6236	5	-1	-1	-1
6234	6235	6335	5	-1	-1	-1
6337	6235	6237	5	-1	-1	-1
6303	6302	6204	5	-1	-1	-1
6333	6244	6232	5	-1	-1	-1
6205	6301	6304	5	-1	-1	-1
6219	6320	6271	5	-1	-1	-1
6338	6237	6236	5	-1	-1	-1
6303	6205	6304	5	-1	-1	-1
6334	6233	6246	5	-1	-1	-1
6206	6306	6305	5	-1	-1	-1
6294	6312	6212	5	-1	-1	-1
6302	6308	6208	5	-1	-1	-1
6239	6342	6238	5	-1	-1	-1
6341	6240	6238	5	-1	-1	-1
6327	6226	6268	5	-1	-1	-1
6307	6208	6308	5	-1	-1	-1
6306	6210	6309	5	-1	-1	-1
6240	6345	6241	5	-1	-1	-1
6310	6209	6307	5	-1	-1	-1
6305	6311	6211	5	-1	-1	-1
6343	6239	6245	5	-1	-1	-1
6310	6309	6209	5	-1	-1	-1
6244	6347	6243	5	-1	-1	-1
6218	6319	6297	5	-1	-1	-1
6347	6245	6243	5	-1	-1	-1
6313	6213	6312	5	-1	-1	-1
6313	6314	6214	5	-1	-1	-1
6287	6226	6328	5	-1	-1	-1
6350	6246	6247	5	-1	-1	-1
6215	6315	6316	5	-1	-1	-1
6249	6351	6247	5	-1	-1	-1
6317	6315	6216	5	-1	-1	-1
6314	6318	6217	5	-1	-1	-1
6352	6249	6248	5	-1	-1	-1
6317	6216	6318	5	-1	-1	-1
6248	6251	6352	5	-1	-1	-1
6218	6316	6319	5	-1	-1	-1
6283	6288	6284	5	-1	-1	-1
6250	6355	6251	5	-1	-1	-1
6320	6272	6271	5	-1	-1	-1
6321	6220	6322	5	-1	-1	-1
6220	6323	6320	5	-1	-1	-1
6220	6321	6323	5	-1	-1	-1
6270	6327	6268	5	-1	-1	-1
6256	6356	6255	5	-1	-1	-1
6221	6324	6325	5	-1	-1	-1
6322	6223	6326	5	-1	-1	-1
6356	6256	6259	5	-1	-1	-1
6358	6257	6258	5	-1	-1	-1
6257	6357	6259	5	-1	-1	-1
6326	6223	6325	5	-1	-1	-1
6332	6231	6311	5	-1	-1	-1
6292	6241	6345	5	-1	-1	-1
6262	6359	6258	5	-1	-1	-1
6328	6226	6327	5	-1	-1	-1
6330	6324	6228	5	-1	-1	-1
6261	6260	6361	5	-1	-1	-1
6262	6261	6362	5	-1	-1	-1
6329	6330	6228	5	-1	-1	-1
6230	6331	6329	5	-1	-1	-1
6331	6230	6332	5	-1	-1	-1
6364	6264	6265	5	-1	-1	-1
6300	6298	6297	5	-1	-1	-1
6266	6364	6265	5	-1	-1	-1
6276	6361	6260	5	-1	-1	-1
6269	6264	6364	5	-1	-1	-1
6267	6365	6266	5	-1	-1	-1
6328	6286	6287	2	-1	-1	-1
6333	6234	6336	5	-1	-1	-1
6335	6336	6234	5	-1	-1	-1
6270	6269	6367	5	-1	-1	-1
6337	6335	6235	5	-1	-1	-1
6282	6363	6263	5	-1	-1	-1
6236	6334	6338	5	-1	-1	-1
6369	6273	6272	5	-1	-1	-1
6237	6340	6337	5	-1	-1	-1
6339	6237	6338	5	-1	-1	-1
6263	6363	6290	5	-1	-1	-1
6237	6339	6340	5	-1	-1	-1
6273	6371	6274	5	-1	-1	-1
6267	6286	6366	2	-1	-1	-1
6341	6238	6342	5	-1	-1	-1
6343	6342	6239	5	-1	-1	-1
6348	6244	6333	5	-1	-1	-1
6279	6274	6372	5	-1	-1	-1
6275	6374	6276	5	-1	-1	-1
6278	6373	6275	5	-1	-1	-1
6240	6341	6346	5	-1	-1	-1
6345	6240	6344	5	-1	-1	-1
6246	6350	6334	5	-1	-1	-1
6282	6285	6363	5	-1	-1	-1
6346	6344	6240	5	-1	-1	-1
6277	6377	6278	5	-1	-1	-1
6376	6277	6281	5	-1	-1	-1
6280	6279	6378	5	-1	-1	-1
6343	6245	6349	5	-1	-1	-1
6291	6363	6285	5	-1	-1	-1
6244	6348	6347	5	-1	-1	-1
6349	6245	6347	5	-1	-1	-1
6280	6380	6281	5	-1	-1	-1
6363	6291	6290	5	-1	-1	-1
6247	6351	6350	5	-1	-1	-1
6381	6285	6284	3	-1	-1	-1
6381	6284	6288	5	-1	-1	-1
6353	6249	6352	5	-1	-1	-1
6249	6354	6351	5	-1	-1	-1
6249	6353	6354	5	-1	-1	-1
6285	6381	6291	5	-1	-1	-1
6288	6289	6381	5	-1	-1	-1
6355	6352	6251	5	-1	-1	-1
6381	6289	6291	5	-1	-1	-1
6272	6320	6370	5	-1	-1	-1
6270	6368	6327	5	-1	-1	-1
6292	6382	6293	5	-1	-1	-1
6295	6293	6383	5	-1	-1	-1
6257	6358	6357	5	-1	-1	-1
6384	6294	6296	5	-1	-1	-1
6358	6258	6359	5	-1	-1	-1
6259	6360	6356	5	-1	-1	-1
6385	6296	6295	5	-1	-1	-1
6360	6259	6357	5	-1	-1	-1
6286	6328	6366	2	-1	-1	-1
6362	6359	6262	5	-1	-1	-1
6362	6261	6361	5	-1	-1	-1
6300	6297	6387	5	-1	-1	-1
6388	6301	6299	5	-1	-1	-1
6299	6300	6389	5	-1	-1	-1
6384	6312	6294	5	-1	-1	-1
6329	6331	6330	5	-1	-1	-1
6304	6301	6390	5	-1	-1	-1
6364	6266	6365	5	-1	-1	-1
6303	6391	6302	5	-1	-1	-1
6366	6365	6267	2	-1	-1	-1
6303	6304	6392	5	-1	-1	-1
6269	6364	6367	5	-1	-1	-1
6302	6391	6308	5	-1	-1	-1
6297	6319	6387	5	-1	-1	-1
6367	6368	6270	5	-1	-1	-1
6305	6306	6394	5	-1	-1	-1
6305	6394	6311	5	-1	-1	-1
6369	6272	6370	5	-1	-1	-1
6309	6396	6306	5	-1	-1	-1
6375	6361	6276	5	-1	-1	-1
6307	6308	6397	5	-1	-1	-1
6369	6371	6273	5	-1	-1	-1
6370	6320	6323	5	-1	-1	-1
6398	6310	6307	5	-1	-1	-1
6396	6309	6310	5	-1	-1	-1
6371	6372	6274	5	-1	-1	-1
6382	6292	6345	5	-1	-1	-1
6374	6275	6373	5	-1	-1	-1
6368	6328	6327	5	-1	-1	-1
6374	6375	6276	5	-1	-1	-1
6278	6377	6373	5	-1	-1	-1
6279	6372	6378	5	-1	-1	-1
6312	6404	6313	5	-1	-1	-1
6277	6376	6377	5	-1	-1	-1
6405	6314	6313	5	-1	-1	-1
6280	6378	6379	5	-1	-1	-1
6376	6281	6380	5	-1	-1	-1
6316	6315	6407	5	-1	-1	-1
6314	6406	6318	5	-1	-1	-1
6280	6379	6380	5	-1	-1	-1
6317	6407	6315	5	-1	-1	-1
6319	6316	6408	5	-1	-1	-1
6410	6317	6318	5	-1	-1	-1
6403	6332	6311	5	-1	-1	-1
6321	6322	6411	5	-1	-1	-1
6323	6321	6412	5	-1	-1	-1
6382	6383	6293	5	-1	-1	-1
6352	6355	6353	5	-1	-1	-1
6322	6326	6413	5	-1	-1	-1
6328	6368	6366	2	-1	-1	-1
6385	6295	6383	5	-1	-1	-1
6324	6415	6325	5	-1	-1	-1
6296	6386	6384	5	-1	-1	-1
6326	6325	6415	5	-1	-1	-1
6386	6296	6385	5	-1	-1	-1
6415	6324	6330	5	-1	-1	-1
6387	6389	6300	5	-1	-1	-1
6389	6388	6299	5	-1	-1	-1
6418	6330	6331	5	-1	-1	-1
6390	6301	6388	5	-1	-1	-1
6331	6332	6419	5	-1	-1	-1
6303	6392	6391	5	-1	-1	-1
6304	6390	6393	5	-1	-1	-1
6420	6333	6336	5	-1	-1	-1
6393	6392	6304	5	-1	-1	-1
6334	6421	6338	5	-1	-1	-1
6395	6394	6306	5	-1	-1	-1
6336	6335	6424	5	-1	-1	-1
6337	6423	6335	5	-1	-1	-1
6367	6364	6365	5	-1	-1	-1
6395	6306	6396	5	-1	-1	-1
6400	6308	6391	5	-1	-1	-1
6365	6366	6368	2	-1	-1	-1
6312	6384	6404	5	-1	-1	-1
6367	6365	6368	2	-1	-1	-1
6333	6420	6348	5	-1	-1	-1
6307	6397	6398	5	-1	-1	-1
6337	6340	6427	5	-1	-1	-1
6308	6399	6397	5	-1	-1	-1
6338	6429	6339	5	-1	-1	-1
6334	6350	6422	5	-1	-1	-1
6399	6308	6400	5	-1	-1	-1
6401	6396	6310	5	-1	-1	-1
6370	6323	6414	5	-1	-1	-1
6394	6402	6311	5	-1	-1	-1
6401	6310	6398	5	-1	-1	-1
6340	6339	6431	5	-1	-1	-1
6408	6387	6319	5	-1	-1	-1
6342	6432	6341	5	-1	-1	-1
6402	6403	6311	5	-1	-1	-1
6433	6342	6343	5	-1	-1	-1
6432	6346	6341	5	-1	-1	-1
6404	6405	6313	5	-1	-1	-1
6435	6344	6346	5	-1	-1	-1
6345	6344	6436	5	-1	-1	-1
6314	6405	6406	5	-1	-1	-1
6343	6349	6434	5	-1	-1	-1
6407	6409	6316	5	-1	-1	-1
6408	6316	6409	5	-1	-1	-1
6348	6439	6347	5	-1	-1	-1
6407	6317	6410	5	-1	-1	-1
6406	6410	6318	5	-1	-1	-1
6349	6347	6439	5	-1	-1	-1
6441	6350	6351	5	-1	-1	-1
6411	6412	6321	5	-1	-1	-1
6354	6441	6351	5	-1	-1	-1
6322	6413	6411	5	-1	-1	-1
6323	6412	6414	5	-1	-1	-1
6403	6419	6332	5	-1	-1	-1
6326	6416	6413	5	-1	-1	-1
6326	6415	6416	5	-1	-1	-1
6357	6358	6443	5	-1	-1	-1
6360	6357	6443	5	-1	-1	-1
6359	6444	6358	5	-1	-1	-1
6415	6330	6417	5	-1	-1	-1
6436	6382	6345	5	-1	-1	-1
6418	6417	6330	5	-1	-1	-1
6362	6446	6359	5	-1	-1	-1
6331	6419	6418	5	-1	-1	-1
6361	6447	6362	5	-1	-1	-1
6422	6421	6334	5	-1	-1	-1
6336	6425	6420	5	-1	-1	-1
6424	6335	6423	5	-1	-1	-1
6361	6375	6447	5	-1	-1	-1
6336	6424	6426	5	-1	-1	-1
6336	6426	6425	5	-1	-1	-1
6370	6449	6369	5	-1	-1	-1
6423	6337	6428	5	-1	-1	-1
6449	6371	6369	5	-1	-1	-1
6430	6338	6421	5	-1	-1	-1
6337	6427	6428	5	-1	-1	-1
6371	6450	6372	5	-1	-1	-1
6398	6397	6399	5	-1	-1	-1
6430	6429	6338	5	-1	-1	-1
6431	6427	6340	5	-1	-1	-1
6431	6339	6429	5	-1	-1	-1
6436	6383	6382	5	-1	-1	-1
6374	6373	6455	5	-1	-1	-1
6372	6453	6378	5	-1	-1	-1
6373	6377	6454	5	-1	-1	-1
6456	6375	6374	5	-1	-1	-1
6342	6433	6432	5	-1	-1	-1
6439	6348	6420	5	-1	-1	-1
6378	6453	6379	5	-1	-1	-1
6434	6433	6343	5	-1	-1	-1
6376	6459	6377	5	-1	-1	-1
6422	6350	6442	5	-1	-1	-1
6435	6436	6344	5	-1	-1	-1
6376	6380	6459	5	-1	-1	-1
6346	6432	6437	5	-1	-1	-1
6435	6346	6438	5	-1	-1	-1
6461	6380	6379	5	-1	-1	-1
6437	6438	6346	5	-1	-1	-1
6440	6434	6349	5	-1	-1	-1
6349	6439	6440	5	-1	-1	-1
6383	6464	6385	5	-1	-1	-1
6449	6370	6414	5	-1	-1	-1
6442	6350	6441	5	-1	-1	-1
6386	6385	6464	5	-1	-1	-1
6386	6465	6384	5	-1	-1	-1
6467	6389	6387	5	-1	-1	-1
6358	6444	6443	5	-1	-1	-1
6468	6390	6388	5	-1	-1	-1
6469	6388	6389	5	-1	-1	-1
6445	6444	6359	5	-1	-1	-1
6416	6415	6417	5	-1	-1	-1
6359	6446	6445	5	-1	-1	-1
6393	6390	6470	5	-1	-1	-1
6384	6465	6404	5	-1	-1	-1
6391	6392	6471	5	-1	-1	-1
6362	6448	6446	5	-1	-1	-1
6362	6447	6448	5	-1	-1	-1
6472	6392	6393	5	-1	-1	-1
6408	6467	6387	5	-1	-1	-1
6471	6400	6391	5	-1	-1	-1
6395	6475	6394	5	-1	-1	-1
6476	6395	6396	5	-1	-1	-1
6394	6474	6402	5	-1	-1	-1
6451	6371	6449	5	-1	-1	-1
6396	6401	6476	5	-1	-1	-1
6452	6450	6371	5	-1	-1	-1
6405	6404	6465	5	-1	-1	-1
6452	6371	6451	5	-1	-1	-1
6399	6478	6398	5	-1	-1	-1
6372	6450	6453	5	-1	-1	-1
6401	6398	6477	5	-1	-1	-1
6399	6400	6479	5	-1	-1	-1
6375	6458	6447	5	-1	-1	-1
6454	6455	6373	5	-1	-1	-1
6383	6436	6464	5	-1	-1	-1
6455	6457	6374	5	-1	-1	-1
6456	6374	6457	5	-1	-1	-1
6482	6403	6402	5	-1	-1	-1
6456	6458	6375	5	-1	-1	-1
6377	6460	6454	5	-1	-1	-1
6462	6379	6453	5	-1	-1	-1
6460	6377	6459	5	-1	-1	-1
6406	6405	6486	5	-1	-1	-1
6380	6463	6459	5	-1	-1	-1
6461	6379	6462	5	-1	-1	-1
6380	6461	6463	5	-1	-1	-1
6488	6410	6406	5	-1	-1	-1
6419	6403	6484	5	-1	-1	-1
6407	6490	6409	5	-1	-1	-1
6410	6489	6407	5	-1	-1	-1
6491	6408	6409	5	-1	-1	-1
6449	6414	6451	5	-1	-1	-1
6466	6386	6464	5	-1	-1	-1
6386	6466	6465	5	-1	-1	-1
6411	6494	6412	5	-1	-1	-1
6494	6411	6413	5	-1	-1	-1
6495	6414	6412	5	-1	-1	-1
6418	6419	6484	5	-1	-1	-1
6469	6389	6467	5	-1	-1	-1
6388	6469	6468	5	-1	-1	-1
6497	6413	6416	5	-1	-1	-1
6390	6468	6470	5	-1	-1	-1
6416	6417	6499	5	-1	-1	-1
6393	6470	6472	5	-1	-1	-1
6500	6417	6418	5	-1	-1	-1
6392	6473	6471	5	-1	-1	-1
6392	6472	6473	5	-1	-1	-1
6394	6475	6474	5	-1	-1	-1
6395	6476	6475	5	-1	-1	-1
6422	6504	6421	5	-1	-1	-1
6425	6502	6420	5	-1	-1	-1
6400	6471	6480	5	-1	-1	-1
6424	6423	6506	5	-1	-1	-1
6421	6504	6430	5	-1	-1	-1
6478	6477	6398	5	-1	-1	-1
6485	6405	6465	5	-1	-1	-1
6505	6423	6428	5	-1	-1	-1
6399	6479	6478	5	-1	-1	-1
6507	6426	6424	5	-1	-1	-1
6481	6476	6401	5	-1	-1	-1
6402	6474	6483	5	-1	-1	-1
6426	6508	6425	5	-1	-1	-1
6480	6479	6400	5	-1	-1	-1
6477	6481	6401	5	-1	-1	-1
6439	6420	6503	5	-1	-1	-1
6414	6498	6451	5	-1	-1	-1
6408	6491	6467	5	-1	-1	-1
6482	6402	6483	5	-1	-1	-1
6422	6442	6504	5	-1	-1	-1
6482	6484	6403	5	-1	-1	-1
6485	6486	6405	5	-1	-1	-1
6511	6432	6433	5	-1	-1	-1
6433	6434	6511	5	-1	-1	-1
6406	6486	6487	5	-1	-1	-1
6511	6437	6432	5	-1	-1	-1
6487	6488	6406	5	-1	-1	-1
6439	6503	6440	5	-1	-1	-1
6407	6489	6490	5	-1	-1	-1
6515	6436	6435	5	-1	-1	-1
6488	6489	6410	5	-1	-1	-1
6435	6438	6514	5	-1	-1	-1
6513	6434	6440	5	-1	-1	-1
6409	6490	6492	5	-1	-1	-1
6517	6438	6437	5	-1	-1	-1
6491	6409	6493	5	-1	-1	-1
6409	6492	6493	5	-1	-1	-1
6494	6495	6412	5	-1	-1	-1
6452	6451	6498	5	-1	-1	-1
6413	6496	6494	5	-1	-1	-1
6501	6418	6484	5	-1	-1	-1
6413	6497	6496	5	-1	-1	-1
6495	6498	6414	5	-1	-1	-1
6497	6416	6499	5	-1	-1	-1
6521	6445	6446	5	-1	-1	-1
6448	6521	6446	5	-1	-1	-1
6499	6417	6500	5	-1	-1	-1
6436	6516	6464	5	-1	-1	-1
6447	6522	6448	5	-1	-1	-1
6501	6500	6418	5	-1	-1	-1
6420	6502	6503	5	-1	-1	-1
6450	6452	6524	5	-1	-1	-1
6524	6453	6450	5	-1	-1	-1
6447	6458	6523	5	-1	-1	-1
6506	6423	6505	5	-1	-1	-1
6425	6508	6502	5	-1	-1	-1
6454	6528	6455	5	-1	-1	-1
6424	6506	6507	5	-1	-1	-1
6454	6460	6527	5	-1	-1	-1
6462	6453	6526	5	-1	-1	-1
6455	6530	6457	5	-1	-1	-1
6510	6426	6507	5	-1	-1	-1
6508	6426	6509	5	-1	-1	-1
6456	6457	6532	5	-1	-1	-1
6510	6509	6426	5	-1	-1	-1
6458	6456	6531	5	-1	-1	-1
6460	6459	6536	5	-1	-1	-1
6511	6434	6512	5	-1	-1	-1
6536	6459	6463	5	-1	-1	-1
6513	6512	6434	5	-1	-1	-1
6539	6461	6462	5	-1	-1	-1
6538	6463	6461	5	-1	-1	-1
6503	6520	6440	5	-1	-1	-1
6514	6515	6435	5	-1	-1	-1
6517	6437	6511	5	-1	-1	-1
6515	6516	6436	5	-1	-1	-1
6482	6501	6484	5	-1	-1	-1
6464	6541	6466	5	-1	-1	-1
6519	6514	6438	5	-1	-1	-1
6465	6466	6542	5	-1	-1	-1
6517	6518	6438	5	-1	-1	-1
6440	6520	6513	5	-1	-1	-1
6525	6452	6498	5	-1	-1	-1
6438	6518	6519	5	-1	-1	-1
6467	6544	6469	5	-1	-1	-1
6469	6545	6468	5	-1	-1	-1
6470	6468	6545	5	-1	-1	-1
6470	6547	6472	5	-1	-1	-1
6521	6448	6522	5	-1	-1	-1
6522	6447	6523	5	-1	-1	-1
6548	6471	6473	5	-1	-1	-1
6542	6485	6465	5	-1	-1	-1
6473	6472	6549	5	-1	-1	-1
6471	6548	6480	5	-1	-1	-1
6551	6474	6475	5	-1	-1	-1
6524	6452	6525	5	-1	-1	-1
6544	6467	6491	5	-1	-1	-1
6475	6476	6552	5	-1	-1	-1
6526	6453	6524	5	-1	-1	-1
6483	6474	6551	5	-1	-1	-1
6553	6477	6478	5	-1	-1	-1
6476	6481	6552	5	-1	-1	-1
6527	6528	6454	5	-1	-1	-1
6553	6481	6477	5	-1	-1	-1
6479	6554	6478	5	-1	-1	-1
6455	6528	6529	5	-1	-1	-1
6455	6529	6530	5	-1	-1	-1
6480	6556	6479	5	-1	-1	-1
6523	6458	6535	5	-1	-1	-1
6532	6531	6456	5	-1	-1	-1
6533	6457	6530	5	-1	-1	-1
6541	6464	6516	5	-1	-1	-1
6457	6534	6532	5	-1	-1	-1
6535	6458	6531	5	-1	-1	-1
6482	6483	6559	5	-1	-1	-1
6537	6527	6460	5	-1	-1	-1
6457	6533	6534	5	-1	-1	-1
6493	6544	6491	5	-1	-1	-1
6462	6526	6540	5	-1	-1	-1
6486	6485	6562	5	-1	-1	-1
6460	6536	6537	5	-1	-1	-1
6564	6487	6486	5	-1	-1	-1
6536	6463	6538	5	-1	-1	-1
6538	6461	6539	5	-1	-1	-1
6488	6487	6566	5	-1	-1	-1
6539	6462	6540	5	-1	-1	-1
6501	6482	6559	5	-1	-1	-1
6567	6489	6488	5	-1	-1	-1
6489	6567	6490	5	-1	-1	-1
6543	6466	6541	5	-1	-1	-1
6490	6568	6492	5	-1	-1	-1
6543	6542	6466	5	-1	-1	-1
6492	6569	6493	5	-1	-1	-1
6546	6469	6544	5	-1	-1	-1
6571	6495	6494	5	-1	-1	-1
6545	6469	6546	5	-1	-1	-1
6571	6494	6496	5	-1	-1	-1
6545	6547	6470	5	-1	-1	-1
6572	6498	6495	5	-1	-1	-1
6497	6573	6496	5	-1	-1	-1
6547	6549	6472	5	-1	-1	-1
6550	6548	6473	5	-1	-1	-1
6497	6499	6576	5	-1	-1	-1
6550	6473	6549	5	-1	-1	-1
6500	6576	6499	5	-1	-1	-1
6577	6500	6501	5	-1	-1	-1
6552	6551	6475	5	-1	-1	-1
6548	6557	6480	5	-1	-1	-1
6503	6502	6581	5	-1	-1	-1
6478	6555	6553	5	-1	-1	-1
6478	6554	6555	5	-1	-1	-1
6479	6556	6554	5	-1	-1	-1
6542	6562	6485	5	-1	-1	-1
6580	6502	6508	5	-1	-1	-1
6558	6552	6481	5	-1	-1	-1
6553	6558	6481	5	-1	-1	-1
6556	6480	6557	5	-1	-1	-1
6505	6583	6506	5	-1	-1	-1
6560	6483	6551	5	-1	-1	-1
6525	6498	6572	5	-1	-1	-1
6506	6583	6507	5	-1	-1	-1
6509	6580	6508	5	-1	-1	-1
6507	6583	6510	5	-1	-1	-1
6483	6561	6559	5	-1	-1	-1
6560	6561	6483	5	-1	-1	-1
6503	6582	6520	5	-1	-1	-1
6493	6570	6544	5	-1	-1	-1
6511	6512	6584	5	-1	-1	-1
6585	6512	6513	5	-1	-1	-1
6563	6486	6562	5	-1	-1	-1
6517	6511	6584	5	-1	-1	-1
6486	6563	6565	5	-1	-1	-1
6486	6565	6564	5	-1	-1	-1
6487	6564	6566	5	-1	-1	-1
6588	6515	6514	5	-1	-1	-1
6586	6513	6520	5	-1	-1	-1
6519	6588	6514	5	-1	-1	-1
6515	6590	6516	5	-1	-1	-1
6567	6488	6566	5	-1	-1	-1
6568	6490	6567	5	-1	-1	-1
6517	6592	6518	5	-1	-1	-1
6568	6569	6492	5	-1	-1	-1
6519	6518	6594	5	-1	-1	-1
6493	6569	6570	5	-1	-1	-1
6495	6571	6572	5	-1	-1	-1
6578	6501	6559	5	-1	-1	-1
6496	6574	6571	5	-1	-1	-1
6573	6574	6496	5	-1	-1	-1
6575	6573	6497	5	-1	-1	-1
6590	6541	6516	5	-1	-1	-1
6525	6599	6524	5	-1	-1	-1
6575	6497	6576	5	-1	-1	-1
6526	6524	6599	5	-1	-1	-1
6500	6577	6576	5	-1	-1	-1
6578	6577	6501	5	-1	-1	-1
6527	6603	6528	5	-1	-1	-1
6579	6502	6580	5	-1	-1	-1
6581	6502	6579	5	-1	-1	-1
6528	6605	6529	5	-1	-1	-1
6607	6530	6529	5	-1	-1	-1
6581	6582	6503	5	-1	-1	-1
6540	6526	6602	5	-1	-1	-1
6604	6527	6537	5	-1	-1	-1
6530	6607	6533	5	-1	-1	-1
6608	6531	6532	5	-1	-1	-1
6608	6532	6534	5	-1	-1	-1
6608	6535	6531	5	-1	-1	-1
6512	6585	6584	5	-1	-1	-1
6609	6537	6536	5	-1	-1	-1
6538	6610	6536	5	-1	-1	-1
6513	6587	6585	5	-1	-1	-1
6513	6586	6587	5	-1	-1	-1
6538	6539	6612	5	-1	-1	-1
6589	6515	6588	5	-1	-1	-1
6540	6613	6539	5	-1	-1	-1
6591	6517	6584	5	-1	-1	-1
6515	6589	6590	5	-1	-1	-1
6572	6601	6525	5	-1	-1	-1
6597	6520	6582	5	-1	-1	-1
6541	6615	6543	5	-1	-1	-1
6517	6591	6592	5	-1	-1	-1
6543	6616	6542	5	-1	-1	-1
6593	6518	6592	5	-1	-1	-1
6519	6596	6588	5	-1	-1	-1
6520	6598	6586	5	-1	-1	-1
6518	6593	6594	5	-1	-1	-1
6595	6519	6594	5	-1	-1	-1
6544	6619	6546	5	-1	-1	-1
6545	6546	6620	5	-1	-1	-1
6595	6596	6519	5	-1	-1	-1
6547	6545	6620	5	-1	-1	-1
6520	6597	6598	5	-1	-1	-1
6549	6547	6621	5	-1	-1	-1
6550	6549	6621	5	-1	-1	-1
6616	6562	6542	5	-1	-1	-1
6550	6622	6548	5	-1	-1	-1
6599	6525	6600	5	-1	-1	-1
6601	6600	6525	5	-1	-1	-1
6622	6557	6548	5	-1	-1	-1
6526	6599	6602	5	-1	-1	-1
6624	6551	6552	5	-1	-1	-1
6570	6618	6544	5	-1	-1	-1
6555	6626	6553	5	-1	-1	-1
6603	6527	6604	5	-1	-1	-1
6624	6560	6551	5	-1	-1	-1
6552	6558	6625	5	-1	-1	-1
6556	6627	6554	5	-1	-1	-1
6603	6606	6528	5	-1	-1	-1
6555	6554	6628	5	-1	-1	-1
6626	6558	6553	5	-1	-1	-1
6605	6528	6606	5	-1	-1	-1
6616	6563	6562	5	-1	-1	-1
6607	6529	6605	5	-1	-1	-1
6557	6630	6556	5	-1	-1	-1
6615	6541	6590	5	-1	-1	-1
6537	6611	6604	5	-1	-1	-1
6536	6610	6609	5	-1	-1	-1
6602	6614	6540	5	-1	-1	-1
6561	6635	6559	5	-1	-1	-1
6561	6560	6636	5	-1	-1	-1
6537	6609	6611	5	-1	-1	-1
6538	6612	6610	5	-1	-1	-1
6539	6613	6612	5	-1	-1	-1
6540	6614	6613	5	-1	-1	-1
6563	6639	6565	5	-1	-1	-1
6640	6564	6565	5	-1	-1	-1
6564	6640	6566	5	-1	-1	-1
6559	6635	6578	5	-1	-1	-1
6543	6615	6617	5	-1	-1	-1
6566	6643	6567	5	-1	-1	-1
6543	6617	6616	5	-1	-1	-1
6568	6567	6644	5	-1	-1	-1
6619	6544	6618	5	-1	-1	-1
6569	6568	6645	5	-1	-1	-1
6570	6569	6646	5	-1	-1	-1
6619	6620	6546	5	-1	-1	-1
6547	6620	6621	5	-1	-1	-1
6647	6572	6571	5	-1	-1	-1
6571	6574	6647	5	-1	-1	-1
6623	6550	6621	5	-1	-1	-1
6550	6623	6622	5	-1	-1	-1
6574	6573	6649	5	-1	-1	-1
6575	6649	6573	5	-1	-1	-1
6625	6624	6552	5	-1	-1	-1
6652	6575	6576	5	-1	-1	-1
6577	6652	6576	5	-1	-1	-1
6577	6578	6653	5	-1	-1	-1
6627	6628	6554	5	-1	-1	-1
6631	6557	6622	5	-1	-1	-1
6555	6629	6626	5	-1	-1	-1
6629	6555	6628	5	-1	-1	-1
6627	6556	6630	5	-1	-1	-1
6654	6581	6579	5	-1	-1	-1
6558	6626	6632	5	-1	-1	-1
6558	6634	6625	5	-1	-1	-1
6582	6581	6654	5	-1	-1	-1
6563	6616	6639	5	-1	-1	-1
6631	6630	6557	5	-1	-1	-1
6560	6624	6637	5	-1	-1	-1
6648	6601	6572	5	-1	-1	-1
6558	6632	6633	5	-1	-1	-1
6584	6585	6655	5	-1	-1	-1
6633	6634	6558	5	-1	-1	-1
6656	6585	6587	5	-1	-1	-1
6591	6584	6655	5	-1	-1	-1
6587	6586	6658	5	-1	-1	-1
6560	6637	6636	5	-1	-1	-1
6582	6654	6597	5	-1	-1	-1
6646	6618	6570	5	-1	-1	-1
6638	6635	6561	5	-1	-1	-1
6638	6561	6636	5	-1	-1	-1
6588	6659	6589	5	-1	-1	-1
6590	6589	6660	5	-1	-1	-1
6658	6586	6598	5	-1	-1	-1
6659	6588	6596	5	-1	-1	-1
6662	6592	6591	5	-1	-1	-1
6640	6565	6641	5	-1	-1	-1
6565	6639	6642	5	-1	-1	-1
6642	6641	6565	5	-1	-1	-1
6640	6643	6566	5	-1	-1	-1
6592	6664	6593	5	-1	-1	-1
6593	6665	6594	5	-1	-1	-1
6567	6643	6644	5	-1	-1	-1
6667	6595	6594	5	-1	-1	-1
6645	6568	6644	5	-1	-1	-1
6595	6669	6596	5	-1	-1	-1
6645	6646	6569	5	-1	-1	-1
6615	6590	6660	5	-1	-1	-1
6635	6653	6578	5	-1	-1	-1
6647	6648	6572	5	-1	-1	-1
6599	6600	6671	5	-1	-1	-1
6650	6647	6574	5	-1	-1	-1
6602	6599	6671	5	-1	-1	-1
6601	6672	6600	5	-1	-1	-1
6574	6649	6650	5	-1	-1	-1
6649	6575	6651	5	-1	-1	-1
6575	6652	6651	5	-1	-1	-1
6674	6603	6604	5	-1	-1	-1
6653	6652	6577	5	-1	-1	-1
6603	6674	6606	5	-1	-1	-1
6637	6624	6625	5	-1	-1	-1
6602	6671	6614	5	-1	-1	-1
6626	6629	6632	5	-1	-1	-1
6675	6604	6611	5	-1	-1	-1
6676	6609	6610	5	-1	-1	-1
6634	6637	6625	5	-1	-1	-1
6585	6657	6655	5	-1	-1	-1
6677	6611	6609	5	-1	-1	-1
6656	6657	6585	5	-1	-1	-1
6679	6610	6612	5	-1	-1	-1
6656	6587	6658	5	-1	-1	-1
6680	6612	6613	5	-1	-1	-1
6661	6591	6655	5	-1	-1	-1
6613	6614	6681	5	-1	-1	-1
6660	6589	6659	5	-1	-1	-1
6591	6661	6662	5	-1	-1	-1
6684	6617	6615	5	-1	-1	-1
6663	6592	6662	5	-1	-1	-1
6616	6617	6685	5	-1	-1	-1
6592	6663	6664	5	-1	-1	-1
6648	6673	6601	5	-1	-1	-1
6664	6665	6593	5	-1	-1	-1
6618	6687	6619	5	-1	-1	-1
6666	6594	6665	5	-1	-1	-1
6596	6670	6659	5	-1	-1	-1
6594	6666	6667	5	-1	-1	-1
6620	6619	6689	5	-1	-1	-1
6668	6595	6667	5	-1	-1	-1
6620	6690	6621	5	-1	-1	-1
6669	6595	6668	5	-1	-1	-1
6621	6690	6623	5	-1	-1	-1
6669	6670	6596	5	-1	-1	-1
6623	6691	6622	5	-1	-1	-1
6685	6639	6616	5	-1	-1	-1
6600	6672	6671	5	-1	-1	-1
6691	6631	6622	5	-1	-1	-1
6672	6601	6673	5	-1	-1	-1
6695	6628	6627	5	-1	-1	-1
6630	6695	6627	5	-1	-1	-1
6618	6646	6688	5	-1	-1	-1
6628	6696	6629	5	-1	-1	-1
6604	6675	6674	5	-1	-1	-1
6698	6632	6629	5	-1	-1	-1
6660	6684	6615	5	-1	-1	-1
6699	6630	6631	5	-1	-1	-1
6609	6676	6677	5	-1	-1	-1
6611	6677	6675	5	-1	-1	-1
6632	6698	6633	5	-1	-1	-1
6678	6676	6610	5	-1	-1	-1
6610	6679	6678	5	-1	-1	-1
6701	6634	6633	5	-1	-1	-1
6671	6683	6614	5	-1	-1	-1
6612	6680	6679	5	-1	-1	-1
6634	6703	6637	5	-1	-1	-1
6680	6613	6682	5	-1	-1	-1
6613	6681	6682	5	-1	-1	-1
6638	6704	6635	5	-1	-1	-1
6637	6705	6636	5	-1	-1	-1
6683	6681	6614	5	-1	-1	-1
6706	6638	6636	5	-1	-1	-1
6686	6617	6684	5	-1	-1	-1
6685	6617	6686	5	-1	-1	-1
6639	6708	6642	5	-1	-1	-1
6641	6709	6640	5	-1	-1	-1
6653	6635	6704	5	-1	-1	-1
6643	6640	6710	5	-1	-1	-1
6618	6688	6687	5	-1	-1	-1
6711	6641	6642	5	-1	-1	-1
6689	6619	6687	5	-1	-1	-1
6689	6690	6620	5	-1	-1	-1
6713	6644	6643	5	-1	-1	-1
6645	6644	6715	5	-1	-1	-1
6623	6692	6691	5	-1	-1	-1
6623	6690	6693	5	-1	-1	-1
6645	6716	6646	5	-1	-1	-1
6692	6623	6694	5	-1	-1	-1
6693	6694	6623	5	-1	-1	-1
6718	6648	6647	5	-1	-1	-1
6718	6647	6650	5	-1	-1	-1
6696	6628	6695	5	-1	-1	-1
6649	6720	6650	5	-1	-1	-1
6720	6649	6651	5	-1	-1	-1
6699	6631	6691	5	-1	-1	-1
6696	6697	6629	5	-1	-1	-1
6698	6629	6697	5	-1	-1	-1
6722	6651	6652	5	-1	-1	-1
6695	6630	6700	5	-1	-1	-1
6653	6722	6652	5	-1	-1	-1
6630	6699	6700	5	-1	-1	-1
6708	6639	6685	5	-1	-1	-1
6633	6698	6701	5	-1	-1	-1
6655	6657	6724	5	-1	-1	-1
6701	6702	6634	5	-1	-1	-1
6634	6702	6703	5	-1	-1	-1
6648	6719	6673	5	-1	-1	-1
6724	6661	6655	5	-1	-1	-1
6725	6660	6659	5	-1	-1	-1
6637	6703	6705	5	-1	-1	-1
6706	6636	6705	5	-1	-1	-1
6726	6662	6661	5	-1	-1	-1
6638	6707	6704	5	-1	-1	-1
6706	6707	6638	5	-1	-1	-1
6646	6717	6688	5	-1	-1	-1
6662	6726	6663	5	-1	-1	-1
6670	6725	6659	5	-1	-1	-1
6640	6709	6710	5	-1	-1	-1
6667	6666	6727	5	-1	-1	-1
6711	6709	6641	5	-1	-1	-1
6642	6708	6712	5	-1	-1	-1
6667	6727	6668	5	-1	-1	-1
6668	6728	6669	5	-1	-1	-1
6642	6712	6711	5	-1	-1	-1
6643	6710	6713	5	-1	-1	-1
6670	6669	6729	5	-1	-1	-1
6725	6684	6660	5	-1	-1	-1
6713	6714	6644	5	-1	-1	-1
6693	6690	6689	5	-1	-1	-1
6644	6714	6715	5	-1	-1	-1
6671	6672	6732	5	-1	-1	-1
6715	6716	6645	5	-1	-1	-1
6733	6672	6673	5	-1	-1	-1
6717	6646	6716	5	-1	-1	-1
6653	6704	6722	5	-1	-1	-1
6699	6691	6692	5	-1	-1	-1
6648	6718	6719	5	-1	-1	-1
6671	6732	6683	5	-1	-1	-1
6721	6718	6650	5	-1	-1	-1
6679	6734	6678	5	-1	-1	-1
6721	6650	6720	5	-1	-1	-1
6679	6680	6735	5	-1	-1	-1
6651	6723	6720	5	-1	-1	-1
6723	6651	6722	5	-1	-1	-1
6680	6682	6736	5	-1	-1	-1
6681	6737	6682	5	-1	-1	-1
6683	6738	6681	5	-1	-1	-1
6724	6726	6661	5	-1	-1	-1
6684	6743	6686	5	-1	-1	-1
6686	6744	6685	5	-1	-1	-1
6687	6747	6689	5	-1	-1	-1
6728	6668	6727	5	-1	-1	-1
6748	6687	6688	5	-1	-1	-1
6719	6733	6673	5	-1	-1	-1
6731	6725	6670	5	-1	-1	-1
6728	6729	6669	5	-1	-1	-1
6730	6670	6729	5	-1	-1	-1
6670	6730	6731	5	-1	-1	-1
6693	6689	6751	5	-1	-1	-1
6672	6733	6732	5	-1	-1	-1
6685	6745	6708	5	-1	-1	-1
6692	6694	6753	5	-1	-1	-1
6694	6693	6754	5	-1	-1	-1
6752	6699	6692	5	-1	-1	-1
6735	6734	6679	5	-1	-1	-1
6757	6696	6695	5	-1	-1	-1
6736	6735	6680	5	-1	-1	-1
6700	6699	6752	5	-1	-1	-1
6700	6757	6695	5	-1	-1	-1
6696	6759	6697	5	-1	-1	-1
6743	6684	6725	5	-1	-1	-1
6749	6688	6717	5	-1	-1	-1
6759	6698	6697	5	-1	-1	-1
6681	6738	6737	5	-1	-1	-1
6742	6683	6732	5	-1	-1	-1
6736	6682	6739	5	-1	-1	-1
6718	6721	6719	5	-1	-1	-1
6760	6701	6698	5	-1	-1	-1
6740	6682	6737	5	-1	-1	-1
6739	6682	6740	5	-1	-1	-1
6683	6741	6738	5	-1	-1	-1
6742	6741	6683	5	-1	-1	-1
6702	6701	6764	5	-1	-1	-1
6703	6702	6765	5	-1	-1	-1
6765	6705	6703	5	-1	-1	-1
6685	6744	6745	5	-1	-1	-1
6746	6686	6743	5	-1	-1	-1
6744	6686	6746	5	-1	-1	-1
6704	6707	6767	5	-1	-1	-1
6768	6706	6705	5	-1	-1	-1
6769	6707	6706	5	-1	-1	-1
6747	6687	6748	5	-1	-1	-1
6748	6688	6750	5	-1	-1	-1
6689	6747	6751	5	-1	-1	-1
6750	6688	6749	5	-1	-1	-1
6708	6771	6712	5	-1	-1	-1
6709	6772	6710	5	-1	-1	-1
6766	6722	6704	5	-1	-1	-1
6773	6709	6711	5	-1	-1	-1
6710	6774	6713	5	-1	-1	-1
6753	6752	6692	5	-1	-1	-1
6751	6754	6693	5	-1	-1	-1
6712	6777	6711	5	-1	-1	-1
6713	6774	6714	5	-1	-1	-1
6755	6753	6694	5	-1	-1	-1
6754	6756	6694	5	-1	-1	-1
6755	6694	6756	5	-1	-1	-1
6780	6715	6714	5	-1	-1	-1
6757	6758	6696	5	-1	-1	-1
6723	6722	6766	5	-1	-1	-1
6715	6782	6716	5	-1	-1	-1
6696	6758	6759	5	-1	-1	-1
6762	6700	6752	5	-1	-1	-1
6716	6782	6717	5	-1	-1	-1
6698	6759	6761	5	-1	-1	-1
6762	6757	6700	5	-1	-1	-1
6760	6698	6761	5	-1	-1	-1
6745	6771	6708	5	-1	-1	-1
6760	6763	6701	5	-1	-1	-1
6721	6785	6719	5	-1	-1	-1
6763	6764	6701	5	-1	-1	-1
6720	6788	6721	5	-1	-1	-1
6764	6765	6702	5	-1	-1	-1
6723	6788	6720	5	-1	-1	-1
6767	6766	6704	5	-1	-1	-1
6733	6719	6786	5	-1	-1	-1
6705	6765	6768	5	-1	-1	-1
6707	6769	6767	5	-1	-1	-1
6706	6768	6770	5	-1	-1	-1
6770	6769	6706	5	-1	-1	-1
6725	6731	6792	5	-1	-1	-1
6717	6784	6749	5	-1	-1	-1
6793	6731	6730	5	-1	-1	-1
6772	6709	6773	5	-1	-1	-1
6710	6772	6775	5	-1	-1	-1
6732	6733	6794	5	-1	-1	-1
6774	6710	6775	5	-1	-1	-1
6711	6776	6773	5	-1	-1	-1
6725	6792	6743	5	-1	-1	-1
6778	6712	6771	5	-1	-1	-1
6777	6776	6711	5	-1	-1	-1
6734	6735	6796	5	-1	-1	-1
6777	6712	6779	5	-1	-1	-1
6736	6796	6735	5	-1	-1	-1
6732	6794	6742	5	-1	-1	-1
6774	6781	6714	5	-1	-1	-1
6712	6778	6779	5	-1	-1	-1
6739	6796	6736	5	-1	-1	-1
6797	6737	6738	5	-1	-1	-1
6740	6737	6797	5	-1	-1	-1
6780	6714	6781	5	-1	-1	-1
6799	6738	6741	5	-1	-1	-1
6780	6783	6715	5	-1	-1	-1
6782	6715	6783	5	-1	-1	-1
6723	6766	6791	5	-1	-1	-1
6784	6717	6782	5	-1	-1	-1
6741	6742	6801	5	-1	-1	-1
6719	6785	6787	5	-1	-1	-1
6719	6787	6786	5	-1	-1	-1
6746	6743	6803	5	-1	-1	-1
6746	6805	6744	5	-1	-1	-1
6789	6785	6721	5	-1	-1	-1
6806	6745	6744	5	-1	-1	-1
6721	6788	6789	5	-1	-1	-1
6790	6788	6723	5	-1	-1	-1
6791	6790	6723	5	-1	-1	-1
6748	6810	6747	5	-1	-1	-1
6811	6751	6747	5	-1	-1	-1
6748	6750	6812	5	-1	-1	-1
6749	6813	6750	5	-1	-1	-1
6786	6795	6733	5	-1	-1	-1
6793	6792	6731	5	-1	-1	-1
6751	6816	6754	5	-1	-1	-1
6794	6733	6795	5	-1	-1	-1
6753	6817	6752	5	-1	-1	-1
6771	6745	6807	5	-1	-1	-1
6767	6791	6766	5	-1	-1	-1
6755	6818	6753	5	-1	-1	-1
6754	6819	6756	5	-1	-1	-1
6817	6762	6752	5	-1	-1	-1
6755	6756	6822	5	-1	-1	-1
6738	6798	6797	5	-1	-1	-1
6798	6738	6799	5	-1	-1	-1
6802	6742	6794	5	-1	-1	-1
6792	6804	6743	5	-1	-1	-1
6741	6800	6799	5	-1	-1	-1
6757	6825	6758	5	-1	-1	-1
6741	6801	6800	5	-1	-1	-1
6827	6759	6758	5	-1	-1	-1
6757	6762	6825	5	-1	-1	-1
6742	6802	6801	5	-1	-1	-1
6813	6749	6784	5	-1	-1	-1
6759	6828	6761	5	-1	-1	-1
6804	6803	6743	5	-1	-1	-1
6760	6761	6830	5	-1	-1	-1
6829	6763	6760	5	-1	-1	-1
6744	6805	6806	5	-1	-1	-1
6778	6771	6807	5	-1	-1	-1
6746	6803	6809	5	-1	-1	-1
6808	6745	6806	5	-1	-1	-1
6805	6746	6809	5	-1	-1	-1
6745	6808	6807	5	-1	-1	-1
6764	6763	6835	5	-1	-1	-1
6764	6836	6765	5	-1	-1	-1
6810	6811	6747	5	-1	-1	-1
6765	6837	6768	5	-1	-1	-1
6812	6810	6748	5	-1	-1	-1
6839	6767	6769	5	-1	-1	-1
6812	6750	6814	5	-1	-1	-1
6770	6768	6840	5	-1	-1	-1
6751	6811	6816	5	-1	-1	-1
6815	6750	6813	5	-1	-1	-1
6815	6814	6750	5	-1	-1	-1
6770	6841	6769	5	-1	-1	-1
6753	6818	6817	5	-1	-1	-1
6773	6844	6772	5	-1	-1	-1
6793	6804	6792	5	-1	-1	-1
6754	6816	6820	5	-1	-1	-1
6802	6794	6795	5	-1	-1	-1
6772	6844	6775	5	-1	-1	-1
6754	6820	6819	5	-1	-1	-1
6818	6755	6821	5	-1	-1	-1
6846	6773	6776	5	-1	-1	-1
6791	6767	6838	5	-1	-1	-1
6774	6775	6847	5	-1	-1	-1
6823	6756	6819	5	-1	-1	-1
6822	6821	6755	5	-1	-1	-1
6756	6824	6822	5	-1	-1	-1
6756	6823	6824	5	-1	-1	-1
6774	6848	6781	5	-1	-1	-1
6777	6851	6776	5	-1	-1	-1
6777	6779	6851	5	-1	-1	-1
6758	6825	6826	5	-1	-1	-1
6827	6758	6826	5	-1	-1	-1
6852	6780	6781	5	-1	-1	-1
6832	6762	6817	5	-1	-1	-1
6759	6827	6828	5	-1	-1	-1
6780	6852	6783	5	-1	-1	-1
6829	6760	6830	5	-1	-1	-1
6828	6831	6761	5	-1	-1	-1
6762	6833	6825	5	-1	-1	-1
6782	6783	6856	5	-1	-1	-1
6782	6855	6784	5	-1	-1	-1
6761	6831	6830	5	-1	-1	-1
6829	6834	6763	5	-1	-1	-1
6762	6832	6833	5	-1	-1	-1
6763	6834	6835	5	-1	-1	-1
6861	6787	6785	5	-1	-1	-1
6764	6835	6836	5	-1	-1	-1
6787	6862	6786	5	-1	-1	-1
6861	6785	6789	5	-1	-1	-1
6837	6765	6836	5	-1	-1	-1
6866	6789	6788	5	-1	-1	-1
6839	6838	6767	5	-1	-1	-1
6786	6863	6795	5	-1	-1	-1
6866	6788	6790	5	-1	-1	-1
6837	6840	6768	5	-1	-1	-1
6867	6790	6791	5	-1	-1	-1
6841	6839	6769	5	-1	-1	-1
6770	6840	6842	5	-1	-1	-1
6770	6843	6841	5	-1	-1	-1
6770	6842	6843	5	-1	-1	-1
6813	6784	6859	5	-1	-1	-1
6773	6845	6844	5	-1	-1	-1
6846	6845	6773	5	-1	-1	-1
6795	6869	6802	5	-1	-1	-1
6799	6870	6798	5	-1	-1	-1
6844	6849	6775	5	-1	-1	-1
6870	6799	6800	5	-1	-1	-1
6848	6774	6847	5	-1	-1	-1
6871	6800	6801	5	-1	-1	-1
6850	6847	6775	5	-1	-1	-1
6776	6851	6846	5	-1	-1	-1
6849	6850	6775	5	-1	-1	-1
6801	6802	6872	5	-1	-1	-1
6854	6781	6848	5	-1	-1	-1
6874	6806	6805	5	-1	-1	-1
6853	6852	6781	5	-1	-1	-1
6859	6815	6813	5	-1	-1	-1
6806	6874	6808	5	-1	-1	-1
6805	6809	6874	5	-1	-1	-1
6781	6854	6853	5	-1	-1	-1
6857	6783	6852	5	-1	-1	-1
6856	6855	6782	5	-1	-1	-1
6868	6791	6838	5	-1	-1	-1
6810	6812	6875	5	-1	-1	-1
6876	6811	6810	5	-1	-1	-1
6856	6783	6858	5	-1	-1	-1
6783	6857	6858	5	-1	-1	-1
6860	6784	6855	5	-1	-1	-1
6860	6859	6784	5	-1	-1	-1
6811	6877	6816	5	-1	-1	-1
6812	6814	6878	5	-1	-1	-1
6863	6786	6862	5	-1	-1	-1
6861	6864	6787	5	-1	-1	-1
6787	6865	6862	5	-1	-1	-1
6816	6879	6820	5	-1	-1	-1
6865	6787	6864	5	-1	-1	-1
6881	6817	6818	5	-1	-1	-1
6861	6789	6866	5	-1	-1	-1
6821	6883	6818	5	-1	-1	-1
6790	6867	6866	5	-1	-1	-1
6884	6819	6820	5	-1	-1	-1
6791	6868	6867	5	-1	-1	-1
6884	6823	6819	5	-1	-1	-1
6863	6869	6795	5	-1	-1	-1
6822	6885	6821	5	-1	-1	-1
6822	6824	6885	5	-1	-1	-1
6817	6882	6832	5	-1	-1	-1
6826	6825	6887	5	-1	-1	-1
6849	6844	6845	5	-1	-1	-1
6800	6871	6870	5	-1	-1	-1
6826	6889	6827	5	-1	-1	-1
6873	6802	6869	5	-1	-1	-1
6833	6886	6825	5	-1	-1	-1
6801	6872	6871	5	-1	-1	-1
6890	6828	6827	5	-1	-1	-1
6873	6872	6802	5	-1	-1	-1
6828	6892	6831	5	-1	-1	-1
6830	6893	6829	5	-1	-1	-1
6831	6896	6830	5	-1	-1	-1
6834	6829	6894	5	-1	-1	-1
6810	6875	6876	5	-1	-1	-1
6833	6832	6897	5	-1	-1	-1
6852	6853	6857	5	-1	-1	-1
6877	6811	6876	5	-1	-1	-1
6878	6875	6812	5	-1	-1	-1
6899	6835	6834	5	-1	-1	-1
6836	6835	6901	5	-1	-1	-1
6877	6880	6816	5	-1	-1	-1
6836	6902	6837	5	-1	-1	-1
6880	6879	6816	5	-1	-1	-1
6840	6837	6902	5	-1	-1	-1
6838	6839	6903	5	-1	-1	-1
6881	6882	6817	5	-1	-1	-1
6883	6881	6818	5	-1	-1	-1
6884	6820	6879	5	-1	-1	-1
6841	6904	6839	5	-1	-1	-1
6842	6840	6905	5	-1	-1	-1
6883	6821	6885	5	-1	-1	-1
6843	6906	6841	5	-1	-1	-1
6908	6843	6842	5	-1	-1	-1
6886	6887	6825	5	-1	-1	-1
6826	6887	6888	5	-1	-1	-1
6826	6888	6889	5	-1	-1	-1
6827	6889	6890	5	-1	-1	-1
6847	6911	6848	5	-1	-1	-1
6850	6911	6847	5	-1	-1	-1
6868	6838	6903	5	-1	-1	-1
6891	6828	6890	5	-1	-1	-1
6828	6891	6892	5	-1	-1	-1
6897	6832	6882	5	-1	-1	-1
6854	6848	6911	5	-1	-1	-1
6893	6894	6829	5	-1	-1	-1
6897	6886	6833	5	-1	-1	-1
6830	6895	6893	5	-1	-1	-1
6892	6896	6831	5	-1	-1	-1
6896	6895	6830	5	-1	-1	-1
6855	6856	6912	5	-1	-1	-1
6894	6898	6834	5	-1	-1	-1
6912	6856	6858	5	-1	-1	-1
6855	6912	6860	5	-1	-1	-1
6834	6898	6899	5	-1	-1	-1
6899	6900	6835	5	-1	-1	-1
6901	6835	6900	5	-1	-1	-1
6836	6901	6902	5	-1	-1	-1
6915	6864	6861	5	-1	-1	-1
6862	6916	6863	5	-1	-1	-1
6861	6866	6914	5	-1	-1	-1
6865	6916	6862	5	-1	-1	-1
6839	6904	6903	5	-1	-1	-1
6914	6866	6867	5	-1	-1	-1
6905	6840	6902	5	-1	-1	-1
6864	6919	6865	5	-1	-1	-1
6863	6917	6869	5	-1	-1	-1
6841	6906	6904	5	-1	-1	-1
6905	6907	6842	5	-1	-1	-1
6922	6867	6868	5	-1	-1	-1
6842	6907	6908	5	-1	-1	-1
6843	6910	6906	5	-1	-1	-1
6873	6869	6917	5	-1	-1	-1
6909	6843	6908	5	-1	-1	-1
6843	6909	6910	5	-1	-1	-1
6925	6876	6875	5	-1	-1	-1
6875	6878	6925	5	-1	-1	-1
6926	6877	6876	5	-1	-1	-1
6877	6926	6880	5	-1	-1	-1
6914	6913	6861	5	-1	-1	-1
6861	6913	6915	5	-1	-1	-1
6903	6924	6868	5	-1	-1	-1
6918	6863	6916	5	-1	-1	-1
6918	6917	6863	5	-1	-1	-1
6919	6864	6915	5	-1	-1	-1
6920	6916	6865	5	-1	-1	-1
6914	6867	6923	5	-1	-1	-1
6888	6927	6889	5	-1	-1	-1
6921	6865	6919	5	-1	-1	-1
6920	6865	6921	5	-1	-1	-1
6927	6890	6889	5	-1	-1	-1
6890	6927	6891	5	-1	-1	-1
6922	6923	6867	5	-1	-1	-1
6868	6924	6922	5	-1	-1	-1
6893	6928	6894	5	-1	-1	-1
6928	6893	6895	5	-1	-1	-1
6898	6894	6928	5	-1	-1	-1
6876	6925	6926	5	-1	-1	-1
6929	6901	6900	5	-1	-1	-1
6929	6902	6901	5	-1	-1	-1
6902	6930	6905	5	-1	-1	-1
6931	6903	6904	5	-1	-1	-1
6906	6933	6904	5	-1	-1	-1
6905	6935	6907	5	-1	-1	-1
6910	6933	6906	5	-1	-1	-1
6936	6908	6907	5	-1	-1	-1
6908	6936	6909	5	-1	-1	-1
6918	6916	6920	5	-1	-1	-1
6903	6932	6924	5	-1	-1	-1
6929	6930	6902	5	-1	-1	-1
6931	6932	6903	5	-1	-1	-1
6938	6915	6913	5	-1	-1	-1
6913	6914	6939	5	-1	-1	-1
6931	6904	6934	5	-1	-1	-1
6905	6930	6935	5	-1	-1	-1
6904	6933	6934	5	-1	-1	-1
6939	6914	6923	5	-1	-1	-1
6919	6915	6940	5	-1	-1	-1
6935	6936	6907	5	-1	-1	-1
6921	6919	6940	5	-1	-1	-1
6922	6942	6923	5	-1	-1	-1
6942	6922	6924	5	-1	-1	-1
6913	6937	6938	5	-1	-1	-1
6913	6939	6937	5	-1	-1	-1
6941	6915	6938	5	-1	-1	-1
6915	6941	6940	5	-1	-1	-1
6945	6924	6932	5	-1	-1	-1
6943	6939	6923	5	-1	-1	-1
6923	6942	6944	5	-1	-1	-1
6947	6932	6931	5	-1	-1	-1
6943	6923	6944	5	-1	-1	-1
6924	6946	6942	5	-1	-1	-1
6931	6934	6947	5	-1	-1	-1
6924	6945	6946	5	-1	-1	-1
6932	6947	6945	5	-1	-1	-1
6949	6938	6937	5	-1	-1	-1
6939	6948	6937	5	-1	-1	-1
6938	6949	6941	5	-1	-1	-1
6943	6948	6939	5	-1	-1	-1
6942	6946	6944	5	-1	-1	-1
6949	6937	6948	5	-1	-1	-1
6
1	0	0
1	-3.1249999999999987	0
1	0	0
1	0	0
1	3.8264329991581842	0
1	0	0
0
0
